Date,Time,Timestamp_ms,Kite_ID,Commanded_Vel_rps,Actual_Vel_rps,Torque_Nm,Tension_N,Line_Length_m,Target_Enabled,Target_Length_m,Remote_Joy,Remote_Active,Pitch_deg,Pitch_Vel_dps,Yaw_deg,Yaw_Vel_dps,Roll_deg,Dive_Conf,AWW_Conf,AF_Conf,Kite_Pitch_deg,Kite_Roll_deg,Kite_IMU_Battery
2026-04-24,11:16:54,0,1,-7.7520,-0.0895,0.0266,0.7820,2.4086,0,1.0000,-969,1,12.4031,25.5376,110.0397,-5.3591,-119.6224,0.000,0.000,0.527,0.0000,0.0000,0
2026-04-24,11:16:54,1,1,-7.9840,-0.1489,0.0057,0.1686,2.4095,0,1.0000,-998,1,14.8283,46.5709,109.7745,-5.4453,-124.1774,0.000,0.000,0.542,0.0000,0.0000,0
2026-04-24,11:16:54,2,1,-7.9840,-0.0717,0.0133,0.3918,2.4103,0,1.0000,-998,1,15.3727,19.5340,109.7532,-3.4921,-121.6969,0.000,0.000,0.574,0.0000,0.0000,0
2026-04-24,11:16:54,3,1,-7.9840,-0.0278,0.0178,0.5244,2.4109,0,1.0000,-998,1,13.3623,-30.1842,109.8379,-1.6634,-110.8962,0.000,0.000,0.598,0.0000,0.0000,0
2026-04-24,11:16:54,4,1,-7.9840,-0.1873,0.0298,0.8777,2.4120,0,1.0000,-998,1,11.1445,-46.7821,109.6903,-2.4112,-108.0615,0.016,0.000,0.622,0.0000,0.0000,0
2026-04-24,11:16:54,5,1,-7.9840,-0.2861,0.0255,0.7486,2.4137,0,1.0000,-998,1,11.2341,-16.4287,109.8676,0.1162,-112.2010,0.016,0.000,0.646,0.0000,0.0000,0
2026-04-24,11:16:54,5,1,-7.9840,-0.2098,0.0414,1.2186,2.4165,0,1.0000,-998,1,12.4490,14.7696,110.0674,1.8763,-96.4613,0.008,0.000,0.678,0.0000,0.0000,0
2026-04-24,11:16:54,6,1,-7.9840,-0.3927,0.0504,1.4837,2.4186,0,1.0000,-998,1,12.4259,3.5430,110.0328,1.0251,-94.4924,0.000,0.000,0.702,0.0000,0.0000,0
2026-04-24,11:16:54,6,1,-7.9840,-0.5140,0.0489,1.4394,2.4217,0,1.0000,-998,1,11.0311,-22.5551,110.1650,1.9297,-99.4821,0.016,0.000,0.726,0.0000,0.0000,0
2026-04-24,11:16:54,7,1,-7.9840,-0.6068,0.0366,1.0752,2.4274,0,1.0000,-998,1,10.4120,-14.3149,110.2585,2.0121,-91.4753,0.080,0.000,0.758,0.0000,0.0000,0
2026-04-24,11:16:54,8,1,-7.9840,-0.6045,0.0582,1.7110,2.4327,0,1.0000,-998,1,10.4203,-5.2339,110.2642,1.3818,-82.5656,0.104,0.000,0.782,0.0000,0.0000,0
2026-04-24,11:16:54,9,1,-7.9840,-0.5585,0.0493,1.4510,2.4366,0,1.0000,-998,1,10.2476,-5.8061,110.2553,0.8578,-88.2398,0.152,0.000,0.806,0.0000,0.0000,0
2026-04-24,11:16:54,9,1,-7.9840,-0.6308,0.0371,1.0921,2.4408,0,1.0000,-998,1,9.8863,-8.4158,110.2753,0.7673,-93.5992,0.200,0.000,0.830,0.0000,0.0000,0
2026-04-24,11:16:54,10,1,-7.9840,-0.7958,0.0393,1.1559,2.4465,0,1.0000,-998,1,9.6211,-8.0095,110.1232,-0.9805,-77.5588,0.248,0.000,0.854,0.0000,0.0000,0
2026-04-24,11:16:54,10,1,-7.9840,-1.0483,0.0493,1.4501,2.4533,0,1.0000,-998,1,9.5333,-4.5346,110.0177,-1.6267,-83.5225,0.296,0.000,0.878,0.0000,0.0000,0
2026-04-24,11:16:54,11,1,-7.9840,-1.1076,0.0470,1.3832,2.4631,0,1.0000,-998,1,9.4219,-3.4282,109.9094,-2.0271,-90.9752,0.360,0.000,0.910,0.0000,0.0000,0
2026-04-24,11:16:54,13,1,-7.9840,-0.9157,0.0533,1.5673,2.4698,0,1.0000,-998,1,9.2934,-3.6943,109.6488,-3.8384,-82.3062,0.360,0.000,0.934,0.0000,0.0000,0
2026-04-24,11:16:54,14,1,-7.9840,-1.0215,0.0334,0.9822,2.4765,0,1.0000,-998,1,9.1779,-3.5212,109.4439,-4.5856,-88.0125,0.336,0.000,0.958,0.0000,0.0000,0
2026-04-24,11:16:54,15,1,-7.9840,-0.9844,0.0604,1.7769,2.4859,0,1.0000,-998,1,9.1022,-2.4344,109.3078,-3.9984,-95.0769,0.304,0.000,0.990,0.0000,0.0000,0
2026-04-24,11:16:54,15,1,-7.9840,-1.1206,0.0476,1.3994,2.4931,0,1.0000,-998,1,8.9098,-4.7586,109.2788,-2.8953,-100.0260,0.280,0.000,1.000,0.0000,0.0000,0
2026-04-24,11:16:54,16,1,-7.9840,-1.2027,0.0364,1.0708,2.5047,0,1.0000,-998,1,8.7877,-3.0565,109.3023,-1.5693,-106.1357,0.248,0.000,1.000,0.0000,0.0000,0
2026-04-24,11:16:54,16,1,-7.9840,-0.9956,0.0765,2.2512,2.5147,0,1.0000,-998,1,8.7044,-1.5725,109.2740,-1.1929,-111.8579,0.216,0.000,1.000,0.0000,0.0000,0
2026-04-24,11:16:54,17,1,-7.9840,-1.0077,0.0494,1.4528,2.5231,0,1.0000,-998,1,8.5728,-3.2345,109.3582,0.0851,-117.1283,0.184,0.000,1.000,0.0000,0.0000,0
2026-04-24,11:16:54,18,1,-7.9840,-1.2771,0.0505,1.4862,2.5322,0,1.0000,-998,1,8.2853,-5.6281,109.3952,0.3928,-106.8522,0.160,0.000,1.000,0.0000,0.0000,0
2026-04-24,11:16:54,19,1,-7.9840,-1.1945,0.0787,2.3157,2.5439,0,1.0000,-998,1,8.1825,-3.9568,109.5336,1.5945,-105.2591,0.128,0.000,1.000,0.0000,0.0000,0
2026-04-24,11:16:54,19,1,-7.9840,-1.0343,0.0666,1.9578,2.5512,0,1.0000,-998,1,8.2031,-1.2647,109.6897,2.6557,-88.5018,0.104,0.000,1.000,0.0000,0.0000,0
2026-04-24,11:16:54,20,1,-7.9840,-1.3145,0.0637,1.8724,2.5598,0,1.0000,-998,1,8.0316,-3.7129,109.8947,3.7401,-79.8853,0.080,0.000,1.000,0.0000,0.0000,0
2026-04-24,11:16:54,20,1,-7.9840,-1.4440,0.0481,1.4138,2.5694,0,1.0000,-998,1,8.0083,-2.1000,110.0881,4.3691,-85.7141,0.056,0.000,1.000,0.0000,0.0000,0
2026-04-24,11:16:54,21,1,-7.9840,-1.4499,0.0601,1.7675,2.5810,0,1.0000,-998,1,8.0001,-0.8861,110.2958,4.9210,-77.2850,0.032,0.000,1.000,0.0000,0.0000,0
2026-04-24,11:16:54,23,1,-7.9840,-1.7407,0.0673,1.9799,2.5925,0,1.0000,-998,1,7.9032,-1.5806,110.4876,5.1548,-76.3426,0.008,0.000,1.000,0.0000,0.0000,0
2026-04-24,11:16:54,24,1,-7.9840,-1.8925,0.0579,1.7037,2.6051,0,1.0000,-998,1,7.8835,-1.3477,110.6878,5.4175,-61.3223,0.000,0.000,0.999,0.0000,0.0000,0
2026-04-24,11:16:54,25,1,-7.9840,-1.6116,0.0602,1.7697,2.6162,0,1.0000,-998,1,7.8972,-0.8266,110.8878,5.5965,-54.2076,0.000,0.000,0.998,0.0000,0.0000,0
2026-04-24,11:16:54,25,1,-7.9840,-1.7022,0.0502,1.4752,2.6286,0,1.0000,-998,1,7.9434,0.8568,111.0175,5.0683,-54.3419,0.000,0.000,0.996,0.0000,0.0000,0
2026-04-24,11:16:54,26,1,-7.9840,-1.6166,0.0743,2.1847,2.6418,0,1.0000,-998,1,7.9854,1.5874,111.0852,4.0836,-61.6826,0.000,0.000,0.994,0.0000,0.0000,0
2026-04-24,11:16:54,26,1,-7.9840,-1.8586,0.0717,2.1086,2.6540,0,1.0000,-998,1,7.9676,0.2340,111.1598,3.4561,-54.5139,0.000,0.000,0.991,0.0000,0.0000,0
2026-04-24,11:16:54,27,1,-7.9840,-2.0526,0.0693,2.0391,2.6718,0,1.0000,-998,1,7.8570,-1.4340,111.0877,1.3934,-50.2936,0.000,0.000,0.988,0.0000,0.0000,0
2026-04-24,11:16:54,27,1,-7.9840,-1.9834,0.0743,2.1845,2.6861,0,1.0000,-998,1,7.9108,0.3974,111.0463,0.5460,-36.7806,0.000,0.000,0.986,0.0000,0.0000,0
2026-04-24,11:16:54,28,1,-7.9840,-1.9894,0.0724,2.1300,2.7000,0,1.0000,-998,1,7.9172,0.3117,110.9653,-0.3761,-31.0601,0.000,0.000,0.983,0.0000,0.0000,0
2026-04-24,11:16:54,29,1,-7.9840,-2.0978,0.0680,1.9991,2.7138,0,1.0000,-998,1,7.8058,-1.9501,110.8817,-1.0283,-32.7284,0.000,0.000,0.981,0.0000,0.0000,0
2026-04-24,11:16:54,30,1,-7.9840,-2.0822,0.0814,2.3941,2.7290,0,1.0000,-998,1,7.8149,-0.9238,110.7785,-1.6828,-41.3466,0.000,0.000,0.978,0.0000,0.0000,0
2026-04-24,11:16:54,30,1,-7.9840,-1.9239,0.0633,1.8616,2.7455,0,1.0000,-998,1,7.7406,-2.0832,110.7084,-1.6669,-45.0875,0.000,0.000,0.975,0.0000,0.0000,0
2026-04-24,11:16:54,31,1,-7.9840,-1.9494,0.0763,2.2436,2.7600,0,1.0000,-998,1,7.7635,-0.5960,110.6518,-1.6921,-45.8945,0.000,0.000,0.973,0.0000,0.0000,0
2026-04-24,11:16:54,31,1,-7.9840,-1.8910,0.0541,1.5899,2.7737,0,1.0000,-998,1,7.6819,-1.8939,110.6619,-1.0666,-53.7237,0.000,0.000,0.970,0.0000,0.0000,0
2026-04-24,11:16:54,33,1,-7.9840,-1.7066,0.0653,1.9219,2.7860,0,1.0000,-998,1,7.6257,-2.9613,110.7629,0.2017,-54.0284,0.000,0.000,0.968,0.0000,0.0000,0
2026-04-24,11:16:54,34,1,-7.9840,-1.8340,0.0611,1.7958,2.7992,0,1.0000,-998,1,7.6840,0.4119,110.8644,1.1182,-54.3669,0.000,0.000,0.966,0.0000,0.0000,0
2026-04-24,11:16:54,35,1,-7.9840,-1.9223,0.0513,1.5098,2.8131,0,1.0000,-998,1,7.5289,-2.5035,111.0089,2.1209,-54.5081,0.000,0.000,0.963,0.0000,0.0000,0
2026-04-24,11:16:54,36,1,-7.9840,-1.5459,0.0713,2.0957,2.8260,0,1.0000,-998,1,7.6134,0.7243,111.1414,2.7594,-54.6720,0.000,0.000,0.961,0.0000,0.0000,0
2026-04-24,11:16:54,36,1,-7.9840,-1.7716,0.0614,1.8051,2.8425,0,1.0000,-998,1,7.4796,-0.7141,111.3026,3.1702,-50.3859,0.000,0.000,0.958,0.0000,0.0000,0
2026-04-24,11:16:54,37,1,-7.9840,-1.9607,0.0603,1.7724,2.8566,0,1.0000,-998,1,7.3902,-1.2365,111.3810,2.8962,-57.9126,0.000,0.000,0.955,0.0000,0.0000,0
2026-04-24,11:16:54,37,1,-7.9840,-1.7832,0.0620,1.8238,2.8699,0,1.0000,-998,1,7.3309,-1.0996,111.3665,1.7729,-65.0406,0.000,0.000,0.953,0.0000,0.0000,0
2026-04-24,11:16:54,38,1,-7.9840,-1.9104,0.0812,2.3894,2.8835,0,1.0000,-998,1,7.3840,0.7090,111.2307,-0.0449,-64.8722,0.000,0.000,0.950,0.0000,0.0000,0
2026-04-24,11:16:54,65,1,-7.9840,-1.9319,0.0839,2.4670,2.8967,0,1.0000,-998,1,7.3502,-0.9298,111.1141,-1.2151,-57.6615,0.000,0.000,0.948,0.0000,0.0000,0
2026-04-24,11:16:54,66,1,-7.9840,-2.0217,0.0693,2.0390,2.9097,0,1.0000,-998,1,7.2107,-3.0951,110.9482,-2.4795,-64.7873,0.000,0.000,0.946,0.0000,0.0000,0
2026-04-24,11:16:54,67,1,-7.9840,-2.1533,0.0538,1.5822,2.9245,0,1.0000,-998,1,7.2820,-0.7366,110.7796,-3.3277,-64.5071,0.000,0.000,0.943,0.0000,0.0000,0
2026-04-24,11:16:54,68,1,-7.9840,-1.8251,0.0771,2.2680,2.9378,0,1.0000,-998,1,7.3291,0.1824,110.7213,-2.7856,-64.0857,0.000,0.000,0.941,0.0000,0.0000,0
2026-04-24,11:16:54,69,1,-7.9840,-2.0095,0.0737,2.1671,2.9556,0,1.0000,-998,1,7.3309,-0.1309,110.6169,-2.6831,-66.0128,0.000,0.000,0.938,0.0000,0.0000,0
2026-04-24,11:16:54,70,1,-7.9840,-2.1750,0.0601,1.7672,2.9704,0,1.0000,-998,1,7.3659,0.3780,110.5564,-2.3596,-65.5233,0.000,0.000,0.935,0.0000,0.0000,0
2026-04-24,11:16:54,70,1,-7.9840,-1.8983,0.0748,2.2003,2.9839,0,1.0000,-998,1,7.4703,0.7189,110.5596,-1.5804,-58.2955,0.000,0.000,0.933,0.0000,0.0000,0
2026-04-24,11:16:54,71,1,-7.9840,-2.1772,0.0750,2.2055,3.0029,0,1.0000,-998,1,7.5099,0.3414,110.5873,-0.6622,-67.6770,0.000,0.000,0.930,0.0000,0.0000,0
2026-04-24,11:16:54,71,1,-7.9840,-2.2435,0.0582,1.7110,3.0187,0,1.0000,-998,1,7.4427,-1.3024,110.6633,0.2628,-74.2411,0.000,0.000,0.927,0.0000,0.0000,0
2026-04-24,11:16:54,72,1,-7.9840,-1.9151,0.0824,2.4247,3.0365,0,1.0000,-998,1,7.6169,2.5663,110.7725,1.1435,-68.7071,0.000,0.000,0.924,0.0000,0.0000,0
2026-04-24,11:16:54,73,1,-7.9840,-1.9041,0.0742,2.1831,3.0492,0,1.0000,-998,1,7.6821,1.4692,110.9299,2.2523,-61.0082,0.000,0.000,0.922,0.0000,0.0000,0
2026-04-24,11:16:54,73,1,-7.9840,-1.9345,0.0542,1.5952,3.0625,0,1.0000,-998,1,7.6387,-0.4492,110.9829,2.0581,-67.9417,0.000,0.000,0.919,0.0000,0.0000,0
2026-04-24,11:16:54,74,1,-7.9840,-1.3707,0.0483,1.4209,3.0749,0,1.0000,-998,1,7.4519,-4.5092,111.0293,1.6471,-55.9132,0.000,0.000,0.916,0.0000,0.0000,0
2026-04-24,11:16:54,74,1,-7.9840,-0.6294,0.0685,2.0141,3.2171,0,1.0000,-998,1,8.8509,8.7616,108.9112,2.2068,-85.4727,0.000,0.000,0.850,0.0000,0.0000,0
2026-04-24,11:16:54,75,1,-7.9840,-0.8061,0.0618,1.8169,3.2234,0,1.0000,-998,1,8.8976,-1.0768,109.1985,5.4957,-78.5242,0.000,0.000,0.882,0.0000,0.0000,0
2026-04-24,11:16:55,85,1,-7.9840,-1.1218,0.0830,2.4409,3.2331,0,1.0000,-998,1,8.9550,-3.8672,109.1473,3.6258,-81.6447,0.000,0.000,0.906,0.0000,0.0000,0
2026-04-24,11:16:55,121,1,-7.9840,-1.3165,0.0763,2.2439,3.2419,0,1.0000,-998,1,8.7800,-10.1394,109.4505,8.5014,-89.6361,0.000,0.000,0.938,0.0000,0.0000,0
2026-04-24,11:16:55,156,1,-7.9840,-1.3207,0.0583,1.7143,3.2523,0,1.0000,-998,1,8.9797,11.6308,109.8695,11.5007,-95.8668,0.000,0.000,0.970,0.0000,0.0000,0
2026-04-24,11:16:55,192,1,-7.9840,-1.3333,0.0529,1.5567,3.2631,0,1.0000,-998,1,8.5733,-4.4026,110.0395,6.4618,-94.7585,0.000,0.000,1.000,0.0000,0.0000,0
2026-04-24,11:16:55,228,1,-7.9840,-0.5901,0.0690,2.0299,3.2712,0,1.0000,-998,1,9.0716,14.5173,109.8500,-2.0362,-100.8666,0.000,0.000,1.000,0.0000,0.0000,0
2026-04-24,11:16:55,264,1,-7.9840,-0.6423,0.0764,2.2458,3.2751,0,1.0000,-998,1,8.7130,-9.9735,109.7084,-2.8777,-99.8582,0.000,0.000,1.000,0.0000,0.0000,0
2026-04-24,11:16:55,300,1,-7.9840,-0.7271,0.0708,2.0837,3.2805,0,1.0000,-998,1,9.0630,-2.2881,109.5971,-3.4243,-111.7433,0.000,0.000,1.000,0.0000,0.0000,0
2026-04-24,11:16:55,335,1,-7.9840,-0.9968,0.0442,1.3002,3.2858,0,1.0000,-998,1,8.4182,-17.8808,109.5144,-3.1954,-108.7160,0.016,0.000,1.000,0.0000,0.0000,0
2026-04-24,11:16:55,370,1,-7.9840,-0.8508,0.0475,1.3968,3.2927,0,1.0000,-998,1,8.5877,2.9073,109.2085,-8.0038,-119.2749,0.032,0.000,1.000,0.0000,0.0000,0
2026-04-24,11:16:55,405,1,-7.9840,-0.4825,0.0401,1.1804,3.2960,0,1.0000,-998,1,8.2406,-13.9307,108.6689,-14.8225,-108.3635,0.000,0.000,1.000,0.0000,0.0000,0
2026-04-24,11:16:55,440,1,-7.9840,-0.5357,0.0467,1.3724,3.2987,0,1.0000,-998,1,8.8866,11.6439,108.0198,-17.7733,-98.6507,0.000,0.000,1.000,0.0000,0.0000,0
2026-04-24,11:16:55,478,1,-7.9840,-0.8232,0.0627,1.8440,3.3037,0,1.0000,-998,1,9.1238,5.1648,107.8184,-14.3382,-97.9932,0.000,0.000,1.000,0.0000,0.0000,0
2026-04-24,11:16:55,514,1,-7.9840,-0.8161,0.0528,1.5532,3.3099,0,1.0000,-998,1,8.7349,-15.2309,107.5275,-10.8509,-103.5289,0.000,0.000,1.000,0.0000,0.0000,0
2026-04-24,11:16:55,550,1,-7.9840,-0.8223,0.0517,1.5197,3.3159,0,1.0000,-998,1,8.5938,-5.9503,107.4882,-4.6406,-108.4761,0.000,0.000,1.000,0.0000,0.0000,0
2026-04-24,11:16:55,585,1,-7.9840,-0.5203,0.0338,0.9934,3.3190,0,1.0000,-998,1,8.2228,-24.0932,107.6568,1.8087,-92.2889,0.016,0.000,1.000,0.0000,0.0000,0
2026-04-24,11:16:55,620,1,-7.9840,-0.6870,0.0225,0.6618,3.3240,0,1.0000,-998,1,8.6044,16.5635,107.8745,5.8898,-98.0823,0.032,0.000,1.000,0.0000,0.0000,0
2026-04-24,11:16:55,656,1,-7.9840,-0.2672,0.0137,0.4015,3.3271,0,1.0000,-998,1,8.1476,-18.4859,107.8640,0.5129,-70.7164,0.000,0.000,1.000,0.0000,0.0000,0
2026-04-24,11:16:55,693,1,-7.9840,-0.1382,0.0294,0.8636,3.3284,0,1.0000,-998,1,8.7078,13.4005,107.8145,0.0713,-79.8112,0.000,0.000,1.000,0.0000,0.0000,0
2026-04-24,11:16:55,729,1,-7.9840,-0.2837,0.0185,0.5435,3.3301,0,1.0000,-998,1,8.3537,-4.5047,107.9359,2.3361,-75.5965,0.000,0.000,0.997,0.0000,0.0000,0
2026-04-24,11:16:55,765,1,-7.9840,-0.1866,0.0186,0.5474,3.3318,0,1.0000,-998,1,8.1598,-9.0889,107.8295,-2.0209,-91.1283,0.000,0.000,0.994,0.0000,0.0000,0
2026-04-24,11:16:55,801,1,-7.9840,-0.1589,0.0380,1.1181,3.3334,0,1.0000,-998,1,8.3295,5.9993,107.5176,-6.6896,-97.1206,0.000,0.000,0.990,0.0000,0.0000,0
2026-04-24,11:16:55,836,1,-7.9840,-0.2064,0.0201,0.5899,3.3347,0,1.0000,-998,1,8.1559,1.9617,107.3823,-4.4807,-90.0524,0.000,0.000,0.987,0.0000,0.0000,0
2026-04-24,11:16:55,871,1,-7.9840,-0.3560,0.0381,1.1215,3.3372,0,1.0000,-998,1,8.1273,-8.4287,107.4245,-1.0169,-89.1319,0.000,0.000,0.984,0.0000,0.0000,0
2026-04-24,11:16:55,907,1,-7.9840,-0.4356,0.0358,1.0517,3.3408,0,1.0000,-998,1,8.3340,10.5753,107.2329,-3.9225,-62.9560,0.000,0.000,0.981,0.0000,0.0000,0
2026-04-24,11:16:55,942,1,-7.9840,-0.7488,0.0347,1.0210,3.3454,0,1.0000,-998,1,7.9896,-4.7693,107.3036,-0.2670,-80.2857,0.000,0.000,0.978,0.0000,0.0000,0
2026-04-24,11:16:55,977,1,-7.9840,-0.9600,0.0493,1.4492,3.3517,0,1.0000,-998,1,7.7352,-19.1700,107.3146,0.1083,-95.1113,0.000,0.000,0.974,0.0000,0.0000,0
2026-04-24,11:16:55,1014,1,-7.9840,-0.9119,0.0268,0.7878,3.3592,0,1.0000,-998,1,7.8169,7.8458,107.5571,4.8407,-107.6828,0.040,0.000,0.971,0.0000,0.0000,0
2026-04-24,11:16:55,1049,1,-7.9840,-0.5942,0.0523,1.5377,3.3651,0,1.0000,-998,1,7.8306,0.2182,107.8982,8.7035,-104.5689,0.008,0.000,0.968,0.0000,0.0000,0
2026-04-24,11:16:56,1084,1,-7.9840,-0.7987,0.0398,1.1713,3.3700,0,1.0000,-998,1,7.9364,13.8459,108.1662,7.7519,-109.4634,0.000,0.000,0.965,0.0000,0.0000,0
2026-04-24,11:16:56,1121,1,-7.9840,-0.2213,0.0525,1.5428,3.3744,0,1.0000,-998,1,7.9158,-5.6385,108.3956,6.7559,-79.4180,0.000,0.000,0.962,0.0000,0.0000,0
2026-04-24,11:16:56,1156,1,-7.9840,-0.1372,0.0247,0.7263,3.3749,0,1.0000,-998,1,8.0129,8.0559,108.2162,-1.8422,-94.3268,0.000,0.000,0.958,0.0000,0.0000,0
2026-04-24,11:16:56,1191,1,-7.9840,-0.1220,0.0346,1.0169,3.3765,0,1.0000,-998,1,7.9372,-3.8165,107.7989,-9.3890,-93.9237,0.000,0.000,0.955,0.0000,0.0000,0
2026-04-24,11:16:56,1227,1,-7.9840,-0.2072,0.0235,0.6924,3.3776,0,1.0000,-998,1,7.8791,2.9478,107.5559,-7.4803,-100.4198,0.000,0.000,0.952,0.0000,0.0000,0
2026-04-24,11:16:56,1263,1,-7.9840,-0.3683,0.0347,1.0219,3.3802,0,1.0000,-998,1,7.9583,5.1718,107.5524,-2.8955,-85.1628,0.000,0.000,0.949,0.0000,0.0000,0
2026-04-24,11:16:56,1298,1,-7.9840,-0.5390,0.0281,0.8258,3.3836,0,1.0000,-998,1,7.8854,0.1754,107.5287,-1.3931,-99.2124,0.000,0.000,0.946,0.0000,0.0000,0
2026-04-24,11:16:56,1334,1,-7.9840,-0.5661,0.0184,0.5417,3.3883,0,1.0000,-998,1,8.0295,4.0403,107.6601,1.8957,-111.2222,0.000,0.000,0.942,0.0000,0.0000,0
2026-04-24,11:16:56,1370,1,-7.9840,-0.0276,0.0236,0.6936,3.3899,0,1.0000,-998,1,8.0665,0.2935,108.1009,10.1718,-121.4404,0.000,0.000,0.939,0.0000,0.0000,0
2026-04-24,11:16:56,1409,1,-7.9840,-0.3507,0.0266,0.7810,3.3914,0,1.0000,-998,1,8.1771,4.2643,108.4049,11.2872,-125.9454,0.000,0.000,0.937,0.0000,0.0000,0
2026-04-24,11:16:56,1445,1,-7.9840,-0.1974,0.0186,0.5466,3.3935,0,1.0000,-998,1,8.1961,-1.0131,108.8619,12.2983,-114.0683,0.000,0.000,0.934,0.0000,0.0000,0
2026-04-24,11:16:56,1480,1,-7.9840,-0.1283,0.0373,1.0966,3.3952,0,1.0000,-998,1,8.6247,13.3357,109.0913,9.3580,-123.8040,0.000,0.000,0.930,0.0000,0.0000,0
2026-04-24,11:16:56,1515,1,-7.9840,-0.3149,0.0265,0.7783,3.3964,0,1.0000,-998,1,8.4932,3.6060,109.5054,12.0864,-106.3653,0.000,0.000,0.927,0.0000,0.0000,0
2026-04-24,11:16:56,1551,1,-7.9840,-0.6006,0.0314,0.9222,3.4002,0,1.0000,-998,1,8.8790,4.5242,109.8863,11.0359,-89.3407,0.000,0.000,0.924,0.0000,0.0000,0
2026-04-24,11:16:56,1586,1,-7.9840,-0.1990,0.0385,1.1311,3.4037,0,1.0000,-998,1,9.1845,19.8415,110.0974,8.4906,-90.1477,0.000,0.000,0.921,0.0000,0.0000,0
2026-04-24,11:16:56,1622,1,-7.9840,-0.2678,0.0196,0.5777,3.4048,0,1.0000,-998,1,8.9365,-6.3295,110.1117,2.2495,-90.6015,0.000,0.000,0.918,0.0000,0.0000,0
2026-04-24,11:16:56,1657,1,-7.9840,-0.1284,0.0054,0.1598,3.4063,0,1.0000,-998,1,9.4204,5.0503,109.8018,-5.4806,-82.7537,0.000,0.000,0.914,0.0000,0.0000,0
2026-04-24,11:16:56,1692,1,-7.9840,-0.0894,0.0153,0.4499,3.4067,0,1.0000,-998,1,9.3641,4.5767,109.6058,-5.4069,-90.9215,0.000,0.000,0.911,0.0000,0.0000,0
2026-04-24,11:16:56,1728,1,-7.9840,-0.0599,0.0099,0.2918,3.4070,0,1.0000,-998,1,9.4850,-4.6191,109.6699,-0.5858,-76.2364,0.000,0.000,0.908,0.0000,0.0000,0
2026-04-24,11:16:56,1764,1,-7.9840,-0.0807,0.0109,0.3216,3.4074,0,1.0000,-998,1,9.4834,2.9805,109.7887,2.5284,-91.6720,0.000,0.000,0.905,0.0000,0.0000,0
2026-04-24,11:16:56,1800,1,-7.9840,0.0013,0.0129,0.3801,3.4075,0,1.0000,-998,1,9.4368,1.7526,110.0244,5.8766,-98.0157,0.000,0.000,0.902,0.0000,0.0000,0
2026-04-24,11:16:56,1836,1,-7.9840,-0.0005,0.0144,0.4238,3.4075,0,1.0000,-998,1,9.7457,6.7237,110.1992,5.0455,-110.1577,0.000,0.000,0.898,0.0000,0.0000,0
2026-04-24,11:16:56,1872,1,-7.9840,-0.0099,0.0169,0.4970,3.4076,0,1.0000,-998,1,9.7075,1.2964,110.3224,4.1090,-120.4802,0.000,0.000,0.895,0.0000,0.0000,0
2026-04-24,11:16:56,1907,1,-7.9840,0.0026,0.0122,0.3588,3.4077,0,1.0000,-998,1,9.8250,1.8731,110.4473,3.8051,-95.3425,0.000,0.000,0.892,0.0000,0.0000,0
2026-04-24,11:16:56,1942,1,-7.9840,-0.0069,0.0145,0.4264,3.4078,0,1.0000,-998,1,9.8003,4.9853,110.4520,1.0183,-95.1646,0.000,0.000,0.889,0.0000,0.0000,0
2026-04-24,11:16:56,1978,1,-7.9840,-0.0403,0.0175,0.5138,3.4079,0,1.0000,-998,1,10.0847,6.2213,110.4019,-0.3952,-107.7438,0.000,0.000,0.886,0.0000,0.0000,0
2026-04-24,11:16:56,2013,1,-7.9840,-0.1411,0.0183,0.5379,3.4086,0,1.0000,-998,1,10.4435,11.2767,110.4100,-0.3646,-97.6018,0.000,0.000,0.882,0.0000,0.0000,0
2026-04-24,11:16:56,2049,1,-7.9840,-0.2335,0.0300,0.8823,3.4098,0,1.0000,-998,1,10.4074,-7.4723,110.3034,-2.4244,-97.1999,0.000,0.000,0.879,0.0000,0.0000,0
2026-04-24,11:16:57,2085,1,-7.9840,-0.2544,0.0135,0.3961,3.4118,0,1.0000,-998,1,10.4340,1.6348,109.9488,-9.1475,-95.2515,0.000,0.000,0.876,0.0000,0.0000,0
2026-04-24,11:16:57,2121,1,-7.9840,-0.0739,0.0185,0.5442,3.4124,0,1.0000,-998,1,10.2800,-5.0303,109.3304,-16.0141,-74.6324,0.000,0.000,0.873,0.0000,0.0000,0
2026-04-24,11:16:57,2156,1,-7.9840,-0.1558,0.0204,0.6010,3.4136,0,1.0000,-998,1,10.4914,2.3070,108.8751,-14.3206,-83.0679,0.000,0.000,0.870,0.0000,0.0000,0
2026-04-24,11:16:57,2191,1,-7.9840,-0.1975,0.0324,0.9517,3.4154,0,1.0000,-998,1,10.4968,8.8851,108.9041,-3.5727,-97.4547,0.000,0.000,0.866,0.0000,0.0000,0
2026-04-24,11:16:57,2227,1,-7.9840,-0.1960,0.0229,0.6743,3.4168,0,1.0000,-998,1,10.2678,-4.8926,109.0744,1.3936,-102.7963,0.000,0.000,0.863,0.0000,0.0000,0
2026-04-24,11:16:57,2263,1,-7.9840,-0.1134,0.0153,0.4503,3.4175,0,1.0000,-998,1,10.3851,-4.7840,108.8613,-4.6894,-94.3467,0.000,0.000,0.860,0.0000,0.0000,0
2026-04-24,11:16:57,2298,1,-7.9840,0.0015,0.0167,0.4926,3.4181,0,1.0000,-998,1,10.4185,1.1510,108.4489,-10.2939,-85.8990,0.000,0.000,0.857,0.0000,0.0000,0
2026-04-24,11:16:57,2338,1,-7.9840,-0.0048,0.0110,0.3226,3.4182,0,1.0000,-998,1,10.4408,1.1241,108.2656,-9.5010,-93.1671,0.000,0.000,0.854,0.0000,0.0000,0
2026-04-24,11:16:57,2373,1,-7.9840,0.0037,0.0123,0.3613,3.4182,0,1.0000,-998,1,10.4535,-0.5023,107.9247,-10.4458,-92.9387,0.000,0.000,0.851,0.0000,0.0000,0
2026-04-24,11:16:57,2408,1,-7.9840,0.0147,0.0116,0.3408,3.4182,0,1.0000,-998,1,10.3522,1.1655,107.6010,-10.1957,-98.9682,0.000,0.000,0.848,0.0000,0.0000,0
2026-04-24,11:16:57,2444,1,-7.9840,0.0085,0.0123,0.3612,3.4182,0,1.0000,-998,1,10.3317,-5.0815,107.3460,-8.7617,-110.9699,0.000,0.000,0.845,0.0000,0.0000,0
2026-04-24,11:16:57,2480,1,-7.9840,0.0079,0.0111,0.3264,3.4182,0,1.0000,-998,1,10.6170,9.3653,107.2615,-4.7548,-107.9373,0.000,0.000,0.842,0.0000,0.0000,0
2026-04-24,11:16:57,2515,1,-7.9840,0.0010,0.0132,0.3897,3.4182,0,1.0000,-998,1,10.4828,-4.1020,107.0927,-5.3142,-118.6075,0.000,0.000,0.838,0.0000,0.0000,0
2026-04-24,11:16:57,2550,1,-7.9840,-0.0053,0.0118,0.3472,3.4182,0,1.0000,-998,1,10.6024,4.7127,107.0127,-3.1713,-101.9694,0.000,0.000,0.835,0.0000,0.0000,0
2026-04-24,11:16:57,2586,1,-7.9840,-0.0272,0.0163,0.4784,3.4183,0,1.0000,-998,1,10.3937,-0.8066,107.0050,-1.3195,-113.5393,0.000,0.000,0.832,0.0000,0.0000,0
2026-04-24,11:16:57,2621,1,-7.9840,-0.0183,0.0176,0.5184,3.4185,0,1.0000,-998,1,10.8575,8.4779,107.0648,0.8615,-123.3579,0.000,0.000,0.829,0.0000,0.0000,0
2026-04-24,11:16:57,2657,1,-7.9840,-0.0176,0.0173,0.5100,3.4189,0,1.0000,-998,1,10.7174,1.7581,107.2732,4.6421,-92.3464,0.000,0.000,0.826,0.0000,0.0000,0
2026-04-24,11:16:57,2692,1,-7.9840,-0.0014,0.0147,0.4330,3.4191,0,1.0000,-998,1,10.7003,-0.9958,107.5590,7.6332,-105.3327,0.000,0.000,0.822,0.0000,0.0000,0
2026-04-24,11:16:57,2728,1,-7.9840,-0.0668,0.0170,0.4993,3.4195,0,1.0000,-998,1,10.8391,4.1315,108.0299,12.3412,-109.9358,0.000,0.000,0.819,0.0000,0.0000,0
2026-04-24,11:16:57,2763,1,-7.9840,-0.1796,0.0254,0.7467,3.4206,0,1.0000,-998,1,10.9044,1.3595,108.5508,14.6355,-120.3312,0.000,0.000,0.816,0.0000,0.0000,0
2026-04-24,11:16:57,2799,1,-7.9840,-0.4970,0.0343,1.0078,3.4231,0,1.0000,-998,1,10.7308,-3.8150,108.9200,12.2381,-129.1710,0.000,0.000,0.813,0.0000,0.0000,0
2026-04-24,11:16:57,2835,1,-7.9840,-0.4882,0.0443,1.3030,3.4268,0,1.0000,-998,1,10.7882,-0.6487,109.0668,7.6214,-123.5606,0.000,0.000,0.810,0.0000,0.0000,0
2026-04-24,11:16:57,2871,1,-7.9840,-0.3788,0.0274,0.8055,3.4299,0,1.0000,-998,1,10.8042,0.4326,109.2559,5.5426,-117.6717,0.000,0.000,0.806,0.0000,0.0000,0
2026-04-24,11:16:57,2906,1,-7.9840,-0.5283,0.0242,0.7119,3.4338,0,1.0000,-998,1,10.7594,1.8598,109.3891,5.7074,-120.4989,0.000,0.000,0.803,0.0000,0.0000,0
2026-04-24,11:16:57,2942,1,-7.9840,-0.2652,0.0250,0.7353,3.4366,0,1.0000,-998,1,10.7782,-2.3604,109.5622,4.9941,-129.3104,0.000,0.000,0.800,0.0000,0.0000,0
2026-04-24,11:16:57,2978,1,-7.9840,-0.4655,0.0315,0.9264,3.4398,0,1.0000,-998,1,10.9712,9.6312,109.8808,8.9067,-122.5676,0.000,0.000,0.797,0.0000,0.0000,0
2026-04-24,11:16:57,3013,1,-7.9840,-0.6938,0.0292,0.8602,3.4443,0,1.0000,-998,1,10.6150,-12.4760,110.0941,6.6970,-131.0673,0.000,0.000,0.794,0.0000,0.0000,0
2026-04-24,11:16:57,3048,1,-7.9840,-0.4091,0.0285,0.8369,3.4480,0,1.0000,-998,1,10.8359,-1.5669,110.1257,2.0317,-110.3804,0.000,0.000,0.790,0.0000,0.0000,0
2026-04-24,11:16:58,3084,1,-7.9840,-0.3864,0.0385,1.1338,3.4516,0,1.0000,-998,1,10.8468,9.8406,109.9642,-2.0827,-120.6484,0.000,0.000,0.787,0.0000,0.0000,0
2026-04-24,11:16:58,3119,1,-7.9840,-0.4466,0.0244,0.7165,3.4543,0,1.0000,-998,1,10.4054,-13.4787,109.8137,-4.6472,-103.1713,0.000,0.000,0.784,0.0000,0.0000,0
2026-04-24,11:16:58,3155,1,-7.9840,-0.4797,0.0413,1.2136,3.4581,0,1.0000,-998,1,10.7738,3.1550,109.4916,-7.9610,-86.6801,0.000,0.000,0.781,0.0000,0.0000,0
2026-04-24,11:16:58,3191,1,-7.9840,-0.5908,0.0290,0.8523,3.4622,0,1.0000,-998,1,10.4254,-3.5385,108.9892,-13.7156,-93.3203,0.000,0.000,0.778,0.0000,0.0000,0
2026-04-24,11:16:58,3226,1,-7.9840,-0.4748,0.0128,0.3754,3.4661,0,1.0000,-998,1,10.5553,-8.0701,108.6554,-11.5981,-79.2398,0.000,0.000,0.774,0.0000,0.0000,0
2026-04-24,11:16:58,3266,1,-7.9840,-0.0424,0.0304,0.8953,3.4670,0,1.0000,-998,1,10.6065,-1.4402,108.5279,-9.3781,-65.8674,0.000,0.000,0.772,0.0000,0.0000,0
2026-04-24,11:16:58,3301,1,-7.9840,-0.3270,0.0282,0.8295,3.4685,0,1.0000,-998,1,10.4234,-5.8285,108.2953,-7.1903,-82.8094,0.000,0.000,0.769,0.0000,0.0000,0
2026-04-24,11:16:58,3336,1,-7.9840,-0.4345,0.0397,1.1683,3.4715,0,1.0000,-998,1,10.4219,-2.4203,108.3804,-1.0253,-97.2324,0.000,0.000,0.766,0.0000,0.0000,0
2026-04-24,11:16:58,3373,1,-7.9840,-0.5761,0.0387,1.1390,3.4751,0,1.0000,-998,1,10.2251,-4.2158,108.3116,-1.5893,-89.8734,0.000,0.000,0.762,0.0000,0.0000,0
2026-04-24,11:16:58,3408,1,-7.9840,-0.5655,0.0115,0.3368,3.4795,0,1.0000,-998,1,10.3147,-5.3853,108.3539,-0.5066,-82.5230,0.000,0.000,0.759,0.0000,0.0000,0
2026-04-24,11:16:58,3443,1,-7.9840,-0.0810,0.0334,0.9816,3.4806,0,1.0000,-998,1,10.2706,-1.5882,108.3317,-0.0523,-83.7461,0.000,0.000,0.756,0.0000,0.0000,0
2026-04-24,11:16:58,3478,1,-7.9840,-0.2723,0.0217,0.6376,3.4823,0,1.0000,-998,1,10.5359,3.4414,108.5021,3.6556,-90.8276,0.000,0.000,0.753,0.0000,0.0000,0
2026-04-24,11:16:58,3514,1,-7.9840,-0.1199,0.0368,1.0817,3.4843,0,1.0000,-998,1,10.4306,2.0737,108.4331,-1.1993,-84.9338,0.000,0.000,0.750,0.0000,0.0000,0
2026-04-24,11:16:58,3549,1,-7.9840,-0.3678,0.0356,1.0484,3.4858,0,1.0000,-998,1,10.1355,-7.7526,108.0658,-7.9932,-85.6600,0.000,0.000,0.746,0.0000,0.0000,0
2026-04-24,11:16:58,3585,1,-7.9840,-0.6193,0.0373,1.0980,3.4897,0,1.0000,-998,1,10.1345,-4.4122,107.7604,-9.0136,-99.6703,0.000,0.000,0.743,0.0000,0.0000,0
2026-04-24,11:16:58,3621,1,-7.9840,-0.7587,0.0296,0.8700,3.4952,0,1.0000,-998,1,10.1646,5.1624,107.2956,-12.1435,-105.0788,0.000,0.000,0.740,0.0000,0.0000,0
2026-04-24,11:16:58,3656,1,-7.9840,-0.2279,0.0568,1.6697,3.4990,0,1.0000,-998,1,10.2441,-0.4226,106.9242,-11.7512,-96.8019,0.000,0.000,0.737,0.0000,0.0000,0
2026-04-24,11:16:58,3692,1,-7.9840,-0.1799,0.0263,0.7729,3.4999,0,1.0000,-998,1,10.1464,1.2105,106.8203,-5.8736,-102.6573,0.000,0.000,0.734,0.0000,0.0000,0
2026-04-24,11:16:58,3727,1,-7.9840,-0.4045,0.0418,1.2282,3.5026,0,1.0000,-998,1,10.2115,2.6864,106.7951,-3.0003,-114.1315,0.000,0.000,0.730,0.0000,0.0000,0
2026-04-24,11:16:58,3763,1,-7.9840,-0.4774,0.0351,1.0329,3.5059,0,1.0000,-998,1,9.9518,-6.7510,106.6398,-3.9099,-111.0384,0.000,0.000,0.727,0.0000,0.0000,0
2026-04-24,11:16:58,3799,1,-7.9840,-0.5762,0.0282,0.8286,3.5104,0,1.0000,-998,1,9.9149,-3.2170,106.5541,-3.9112,-100.9558,0.000,0.000,0.724,0.0000,0.0000,0
2026-04-24,11:16:58,3834,1,-7.9840,-0.4112,0.0164,0.4838,3.5134,0,1.0000,-998,1,9.8130,-0.6337,106.5840,-0.1046,-106.0227,0.000,0.000,0.721,0.0000,0.0000,0
2026-04-24,11:16:58,3869,1,-7.9840,-0.2078,0.0367,1.0780,3.5157,0,1.0000,-998,1,9.7287,-10.7234,106.6868,1.5063,-89.0858,0.000,0.000,0.718,0.0000,0.0000,0
2026-04-24,11:16:58,3905,1,-7.9840,-0.3668,0.0314,0.9238,3.5184,0,1.0000,-998,1,9.8371,10.0802,106.8834,5.2860,-89.1006,0.000,0.000,0.714,0.0000,0.0000,0
2026-04-24,11:16:58,3941,1,-7.9840,-0.7451,0.0392,1.1536,3.5232,0,1.0000,-998,1,9.5054,-2.7883,107.0054,3.2229,-76.8581,0.000,0.000,0.711,0.0000,0.0000,0
2026-04-24,11:16:58,3977,1,-7.9840,-0.4553,0.0440,1.2942,3.5280,0,1.0000,-998,1,9.7649,0.8204,106.9646,-0.0826,-84.9890,0.000,0.000,0.708,0.0000,0.0000,0
2026-04-24,11:16:58,4013,1,-7.9840,-0.3970,0.0269,0.7900,3.5311,0,1.0000,-998,1,9.6454,7.8461,106.7818,-4.0665,-86.4455,0.000,0.000,0.705,0.0000,0.0000,0
2026-04-24,11:16:58,4048,1,-7.9840,-0.5608,0.0467,1.3748,3.5351,0,1.0000,-998,1,9.6168,-4.5149,106.3803,-10.1341,-93.5768,0.000,0.000,0.702,0.0000,0.0000,0
2026-04-24,11:16:59,4084,1,-7.9840,-0.6401,0.0319,0.9382,3.5393,0,1.0000,-998,1,9.6809,6.3586,106.1288,-8.5321,-92.9903,0.000,0.000,0.698,0.0000,0.0000,0
2026-04-24,11:16:59,4120,1,-7.9840,-0.4734,0.0416,1.2250,3.5440,0,1.0000,-998,1,9.6111,-3.1979,105.9222,-6.6114,-98.7080,0.000,0.000,0.695,0.0000,0.0000,0
2026-04-24,11:16:59,4155,1,-7.9840,-0.6070,0.0381,1.1210,3.5476,0,1.0000,-998,1,9.5609,1.4629,105.8276,-4.3457,-104.3945,0.000,0.000,0.692,0.0000,0.0000,0
2026-04-24,11:16:59,4192,1,-7.9840,-0.8698,0.0453,1.3314,3.5533,0,1.0000,-998,1,9.5975,0.8417,105.8398,-2.8848,-108.8128,0.000,0.000,0.690,0.0000,0.0000,0
2026-04-24,11:16:59,4227,1,-7.9840,-0.7393,0.0354,1.0414,3.5588,0,1.0000,-998,1,9.5263,-6.7289,106.0645,3.7189,-119.3555,0.000,0.000,0.686,0.0000,0.0000,0
2026-04-24,11:16:59,4262,1,-7.9840,-0.9112,0.0366,1.0765,3.5649,0,1.0000,-998,1,9.4520,-0.7891,106.4357,9.1671,-121.9500,0.000,0.000,0.683,0.0000,0.0000,0
2026-04-24,11:16:59,4298,1,-7.9840,-0.8126,0.0301,0.8841,3.5719,0,1.0000,-998,1,9.5025,-1.6214,106.7954,10.7494,-109.9536,0.000,0.000,0.680,0.0000,0.0000,0
2026-04-24,11:16:59,4333,1,-7.9840,-0.8049,0.0376,1.1054,3.5774,0,1.0000,-998,1,9.4085,-0.3787,107.1825,11.5237,-113.9365,0.000,0.000,0.677,0.0000,0.0000,0
2026-04-24,11:16:59,4368,1,-7.9840,-1.0367,0.0401,1.1803,3.5847,0,1.0000,-998,1,9.4969,0.0276,107.5301,10.6174,-110.3486,0.000,0.000,0.674,0.0000,0.0000,0
2026-04-24,11:16:59,4404,1,-7.9840,-0.6063,0.0440,1.2928,3.5912,0,1.0000,-998,1,9.3869,-1.3628,107.9206,12.3205,-93.5526,0.000,0.000,0.670,0.0000,0.0000,0
2026-04-24,11:16:59,4439,1,-7.9840,-0.8633,0.0423,1.2441,3.5966,0,1.0000,-998,1,9.2833,0.9213,108.5354,16.9813,-106.3629,0.000,0.000,0.667,0.0000,0.0000,0
2026-04-24,11:16:59,4474,1,-7.9840,-0.8441,0.0243,0.7148,3.6034,0,1.0000,-998,1,9.1550,-6.0808,109.0668,15.6420,-103.6324,0.000,0.000,0.664,0.0000,0.0000,0
2026-04-24,11:16:59,4510,1,-7.9840,-0.5154,0.0461,1.3573,3.6085,0,1.0000,-998,1,9.1465,-0.7860,109.3926,11.8947,-107.9003,0.000,0.000,0.661,0.0000,0.0000,0
2026-04-24,11:16:59,4545,1,-7.9840,-0.8396,0.0550,1.6186,3.6139,0,1.0000,-998,1,9.0618,0.8814,109.6061,8.0905,-112.2823,0.000,0.000,0.666,0.0000,0.0000,0
2026-04-24,11:16:59,4580,1,-7.9840,-0.9478,0.0348,1.0241,3.6203,0,1.0000,-998,1,8.7886,-11.9024,109.7186,5.6275,-109.3428,0.000,0.000,0.681,0.0000,0.0000,0
2026-04-24,11:16:59,4616,1,-7.9840,-0.9922,0.0448,1.3179,3.6280,0,1.0000,-998,1,8.9345,-0.6127,109.9064,6.1924,-112.5548,0.000,0.000,0.713,0.0000,0.0000,0
2026-04-24,11:16:59,4651,1,-7.9840,-1.0643,0.0428,1.2601,3.6359,0,1.0000,-998,1,8.6566,-7.3031,110.4407,13.8445,-116.1964,0.000,0.000,0.745,0.0000,0.0000,0
2026-04-24,11:16:59,4686,1,-7.9840,-1.0132,0.0524,1.5416,3.6429,0,1.0000,-998,1,8.5004,-8.4747,110.9963,16.1484,-111.9785,0.000,0.000,0.777,0.0000,0.0000,0
2026-04-24,11:16:59,4722,1,-7.9840,-1.0075,0.0286,0.8407,3.6507,0,1.0000,-998,1,8.5847,-3.6612,111.7295,20.7833,-107.8145,0.000,0.000,0.809,0.0000,0.0000,0
2026-04-24,11:16:59,4758,1,-7.9840,-0.6644,0.0484,1.4239,3.6571,0,1.0000,-998,1,8.4985,-4.1852,112.0261,12.5813,-112.2876,0.000,0.000,0.841,0.0000,0.0000,0
2026-04-24,11:16:59,4794,1,-7.9840,-0.8115,0.0326,0.9582,3.6633,0,1.0000,-998,1,8.5845,5.3718,112.0403,4.0633,-108.0651,0.000,0.000,0.873,0.0000,0.0000,0
2026-04-24,11:16:59,4829,1,-7.9840,-0.5819,0.0499,1.4689,3.6689,0,1.0000,-998,1,8.4195,-2.5742,112.0792,1.9703,-106.1041,0.000,0.000,0.905,0.0000,0.0000,0
2026-04-24,11:16:59,4865,1,-7.9840,-0.7944,0.0535,1.5740,3.6746,0,1.0000,-998,1,8.4802,7.5666,112.0999,1.2498,-117.0783,0.000,0.000,0.937,0.0000,0.0000,0
2026-04-24,11:16:59,4901,1,-7.9840,-0.9114,0.0316,0.9294,3.6810,0,1.0000,-998,1,8.0660,-14.7951,112.1126,0.8087,-119.3824,0.000,0.000,0.969,0.0000,0.0000,0
2026-04-24,11:16:59,4936,1,-7.9840,-0.8342,0.0474,1.3945,3.6878,0,1.0000,-998,1,8.2522,-0.2061,111.9240,-3.7685,-107.7586,0.000,0.000,1.000,0.0000,0.0000,0
2026-04-24,11:16:59,4971,1,-7.9840,-0.9835,0.0315,0.9265,3.6948,0,1.0000,-998,1,8.0149,-5.8815,111.5044,-11.2914,-98.8325,0.000,0.000,1.000,0.0000,0.0000,0
2026-04-24,11:16:59,5007,1,-7.9840,-0.8801,0.0497,1.4615,3.7016,0,1.0000,-998,1,8.0500,-5.1125,110.8950,-15.7188,-110.8402,0.000,0.000,0.998,0.0000,0.0000,0
2026-04-24,11:16:59,5043,1,-7.9840,-0.9875,0.0395,1.1626,3.7092,0,1.0000,-998,1,8.1967,8.6209,110.2604,-18.8083,-106.8748,0.000,0.000,0.995,0.0000,0.0000,0
2026-04-24,11:17:00,5079,1,-7.9840,-0.5923,0.0589,1.7321,3.7157,0,1.0000,-998,1,8.0912,-2.2130,109.9105,-13.2556,-105.1320,0.000,0.000,1.000,0.0000,0.0000,0
2026-04-24,11:17:00,5118,1,-7.9840,-0.7097,0.0516,1.5182,3.7205,0,1.0000,-998,1,8.1186,-0.4418,109.7976,-9.9687,-109.5051,0.000,0.000,0.998,0.0000,0.0000,0
2026-04-24,11:17:00,5153,1,-7.9840,-0.7721,0.0315,0.9266,3.7261,0,1.0000,-998,1,7.9053,-10.0116,109.3788,-12.5866,-113.0833,0.000,0.000,1.000,0.0000,0.0000,0
2026-04-24,11:17:00,5189,1,-7.9840,-0.7803,0.0472,1.3873,3.7313,0,1.0000,-998,1,7.9181,-3.2560,108.8282,-15.6665,-122.9742,0.000,0.000,1.000,0.0000,0.0000,0
2026-04-24,11:17:00,5225,1,-7.9840,-0.9335,0.0421,1.2394,3.7381,0,1.0000,-998,1,8.0569,5.2802,108.3216,-15.6618,-124.8967,0.000,0.000,1.000,0.0000,0.0000,0
2026-04-24,11:17:00,5260,1,-7.9840,-0.8814,0.0595,1.7498,3.7452,0,1.0000,-998,1,7.9153,3.8586,107.8904,-14.1664,-106.7504,0.000,0.000,1.000,0.0000,0.0000,0
2026-04-24,11:17:00,5296,1,-7.9840,-0.8682,0.0442,1.2990,3.7513,0,1.0000,-998,1,7.9037,0.8970,107.7315,-8.0112,-104.4577,0.000,0.000,1.000,0.0000,0.0000,0
2026-04-24,11:17:00,5332,1,-7.9840,-0.9029,0.0490,1.4422,3.7584,0,1.0000,-998,1,7.8212,-2.0715,107.7434,-1.5314,-102.4935,0.000,0.000,1.000,0.0000,0.0000,0
2026-04-24,11:17:00,5367,1,-7.9840,-0.5630,0.0435,1.2806,3.7632,0,1.0000,-998,1,7.7882,-0.4482,107.8621,1.7318,-107.2257,0.000,0.000,1.000,0.0000,0.0000,0
2026-04-24,11:17:00,5403,1,-7.9840,-0.8297,0.0360,1.0574,3.7691,0,1.0000,-998,1,8.0006,9.3419,107.8476,-0.3106,-118.0337,0.000,0.000,1.000,0.0000,0.0000,0
2026-04-24,11:17:00,5439,1,-7.9840,-0.7008,0.0468,1.3777,3.7755,0,1.0000,-998,1,7.6783,-3.6614,107.8444,-0.5316,-127.1911,0.000,0.000,0.999,0.0000,0.0000,0
2026-04-24,11:17:00,5474,1,-7.9840,-0.8216,0.0383,1.1264,3.7814,0,1.0000,-998,1,7.9041,7.9316,107.8106,-0.5222,-128.0718,0.000,0.000,0.996,0.0000,0.0000,0
2026-04-24,11:17:00,5509,1,-7.9840,-0.5909,0.0335,0.9855,3.7872,0,1.0000,-998,1,7.7740,-4.2485,107.9017,2.3433,-129.0024,0.000,0.000,0.993,0.0000,0.0000,0
2026-04-24,11:17:00,5545,1,-7.9840,-0.7908,0.0378,1.1124,3.7927,0,1.0000,-998,1,7.8520,11.0624,108.1916,6.8080,-129.8814,0.000,0.000,0.990,0.0000,0.0000,0
2026-04-24,11:17:00,5580,1,-7.9840,-0.7442,0.0284,0.8340,3.7989,0,1.0000,-998,1,7.7885,-1.7551,108.6254,11.2784,-103.8392,0.000,0.000,0.986,0.0000,0.0000,0
2026-04-24,11:17:00,5616,1,-7.9840,-0.2463,0.0330,0.9713,3.8030,0,1.0000,-998,1,7.8260,5.0424,108.9644,10.1443,-108.0682,0.000,0.000,0.983,0.0000,0.0000,0
2026-04-24,11:17:00,5651,1,-7.9840,-0.3069,0.0377,1.1077,3.8054,0,1.0000,-998,1,7.9703,15.4435,109.3089,10.8201,-112.4471,0.000,0.000,0.980,0.0000,0.0000,0
2026-04-24,11:17:00,5686,1,-7.9840,-0.3730,0.0236,0.6944,3.8076,0,1.0000,-998,1,7.5641,-11.7583,109.4698,6.0987,-109.0959,0.000,0.000,0.977,0.0000,0.0000,0
2026-04-24,11:17:00,5722,1,0.0000,-0.1878,0.0247,0.7253,3.8104,0,1.0000,0,1,7.9577,9.6512,109.4046,1.2345,-105.3708,0.000,0.000,0.974,0.0000,0.0000,0
2026-04-24,11:17:00,5758,1,0.0000,-0.0671,0.0406,1.1951,3.8114,0,1.0000,0,1,7.9116,7.0500,109.6560,5.9317,-116.3887,0.000,0.000,0.970,0.0000,0.0000,0
2026-04-24,11:17:00,5793,1,0.0000,0.0047,0.0391,1.1486,3.8115,0,1.0000,0,1,7.9078,-3.5456,109.9909,8.9597,-119.2061,0.000,0.000,0.967,0.0000,0.0000,0
2026-04-24,11:17:00,5829,1,0.0000,0.0091,0.0393,1.1561,3.8115,0,1.0000,0,1,8.0222,5.9751,110.3413,10.1189,-128.2008,0.000,0.000,0.964,0.0000,0.0000,0
2026-04-24,11:17:00,5865,1,0.0000,-0.0085,0.0388,1.1425,3.8115,0,1.0000,0,1,7.9375,-2.3209,110.6549,9.5707,-129.6279,0.000,0.000,0.961,0.0000,0.0000,0
2026-04-24,11:17:00,5900,1,0.0000,-0.0017,0.0389,1.1455,3.8115,0,1.0000,0,1,8.0887,2.9993,110.8717,7.6983,-130.3230,0.000,0.000,0.958,0.0000,0.0000,0
2026-04-24,11:17:00,5935,1,0.0000,-0.0221,0.0403,1.1861,3.8116,0,1.0000,0,1,7.9457,-0.1896,110.9988,4.9951,-124.2969,0.000,0.000,0.954,0.0000,0.0000,0
2026-04-24,11:17:00,5971,1,0.0000,0.0146,0.0404,1.1890,3.8116,0,1.0000,0,1,8.0912,1.1917,111.0285,2.5892,-132.5130,0.000,0.000,0.951,0.0000,0.0000,0
2026-04-24,11:17:00,6006,1,0.0000,0.0008,0.0409,1.2042,3.8116,0,1.0000,0,1,8.0970,2.0038,111.0768,1.7910,-132.4825,0.000,0.000,0.948,0.0000,0.0000,0
2026-04-24,11:17:00,6043,1,0.0000,-0.0085,0.0400,1.1776,3.8116,0,1.0000,0,1,8.1204,1.2246,111.0973,1.4070,-135.2589,0.000,0.000,0.946,0.0000,0.0000,0
2026-04-24,11:17:01,6079,1,0.0000,-0.0022,0.0402,1.1832,3.8116,0,1.0000,0,1,8.2403,2.2959,111.0666,-0.1363,-141.8813,0.000,0.000,0.942,0.0000,0.0000,0
2026-04-24,11:17:01,6114,1,0.0000,0.0083,0.0408,1.1994,3.8116,0,1.0000,0,1,8.1627,-0.9194,111.0891,0.6002,-147.5352,0.000,0.000,0.939,0.0000,0.0000,0
2026-04-24,11:17:01,6149,1,0.0000,-0.0082,0.0396,1.1652,3.8116,0,1.0000,0,1,8.1725,-0.5517,111.1558,1.8090,-145.6968,0.000,0.000,0.936,0.0000,0.0000,0
2026-04-24,11:17:01,6184,1,0.0000,-0.0014,0.0394,1.1575,3.8116,0,1.0000,0,1,8.1867,1.1204,111.2522,2.4178,-143.9729,0.000,0.000,0.933,0.0000,0.0000,0
2026-04-24,11:17:01,6219,1,0.0000,0.0074,0.0397,1.1680,3.8116,0,1.0000,0,1,8.1747,-1.3434,111.2202,0.1234,-142.9433,0.000,0.000,0.930,0.0000,0.0000,0
2026-04-24,11:17:01,6254,1,0.0000,-0.0014,0.0406,1.1937,3.8116,0,1.0000,0,1,8.2072,1.5422,111.1788,-0.7678,-148.4205,0.000,0.000,0.926,0.0000,0.0000,0
2026-04-24,11:17:01,6289,1,0.0000,0.0049,0.0404,1.1890,3.8116,0,1.0000,0,1,8.1821,-0.1117,111.1147,-1.6614,-153.0308,0.000,0.000,0.923,0.0000,0.0000,0
2026-04-24,11:17:01,6324,1,0.0000,-0.0067,0.0401,1.1785,3.8116,0,1.0000,0,1,8.2613,2.1692,111.0307,-2.2612,-150.3706,0.000,0.000,0.920,0.0000,0.0000,0
2026-04-24,11:17:01,6360,1,0.0000,-0.0049,0.0403,1.1861,3.8116,0,1.0000,0,0,8.2519,0.7855,111.0157,-0.7933,-154.7386,0.000,0.000,0.917,0.0000,0.0000,0
2026-04-24,11:17:01,6395,1,0.0000,0.0104,0.0395,1.1604,3.8116,0,1.0000,0,0,8.2598,1.4167,111.0514,0.3168,-158.4438,0.000,0.000,0.914,0.0000,0.0000,0
2026-04-24,11:17:01,6430,1,0.0000,-0.0065,0.0402,1.1832,3.8116,0,1.0000,0,0,8.3754,6.3152,111.0461,-0.0720,-134.6417,0.000,0.000,0.910,0.0000,0.0000,0
2026-04-24,11:17:01,6465,1,0.0000,-0.0483,0.0487,1.4320,3.8119,0,1.0000,0,0,8.3383,-0.8170,110.9653,-1.5529,-114.7017,0.000,0.000,0.907,0.0000,0.0000,0
2026-04-24,11:17:01,6500,1,0.0000,-0.0069,0.0495,1.4549,3.8120,0,1.0000,0,0,8.4992,0.5645,110.8013,-4.0381,-124.3729,0.000,0.000,0.904,0.0000,0.0000,0
2026-04-24,11:17:01,6535,1,0.0000,0.0098,0.0476,1.4014,3.8120,0,1.0000,0,0,8.0414,-10.6217,110.5499,-6.4293,-132.6374,0.000,0.000,0.901,0.0000,0.0000,0
2026-04-24,11:17:01,6570,1,0.0000,0.0097,0.0470,1.3830,3.8120,0,1.0000,0,0,8.0364,1.3020,110.4028,-5.3656,-139.5936,0.000,0.000,0.898,0.0000,0.0000,0
2026-04-24,11:17:01,6605,1,0.0000,-0.0057,0.0498,1.4651,3.8120,0,1.0000,0,0,8.1362,3.1852,110.2595,-5.0344,-125.7673,0.000,0.000,0.894,0.0000,0.0000,0
2026-04-24,11:17:01,6640,1,0.0000,0.0048,0.0483,1.4199,3.8120,0,1.0000,0,0,7.7446,-10.3222,110.0123,-6.6976,-133.7465,0.000,0.000,0.891,0.0000,0.0000,0
2026-04-24,11:17:01,6675,1,0.0000,0.0086,0.0437,1.2841,3.8117,0,1.0000,0,0,8.2579,8.8051,109.9220,-4.0324,-140.5863,0.000,0.000,0.888,0.0000,0.0000,0
2026-04-24,11:17:01,6710,1,0.0000,-0.0057,0.0430,1.2637,3.8117,0,1.0000,0,0,7.6249,-5.8206,109.9285,-0.9123,-119.6124,0.016,0.000,0.885,0.0000,0.0000,0
2026-04-24,11:17:01,6746,1,0.0000,0.0526,0.0351,1.0316,3.8114,0,1.0000,0,0,8.0735,6.1129,109.9980,0.9059,-114.3027,0.000,0.000,0.882,0.0000,0.0000,0
2026-04-24,11:17:01,6781,1,0.0000,0.0073,0.0359,1.0561,3.8114,0,1.0000,0,0,8.0097,3.9707,110.1240,2.7486,-111.4094,0.000,0.000,0.878,0.0000,0.0000,0
2026-04-24,11:17:01,6816,1,0.0000,0.0150,0.0336,0.9887,3.8113,0,1.0000,0,0,7.9967,-2.8834,110.2129,2.9003,-100.5708,0.000,0.000,0.875,0.0000,0.0000,0
2026-04-24,11:17:01,6851,1,0.0000,0.0008,0.0336,0.9888,3.8112,0,1.0000,0,0,8.1343,9.1047,110.2125,0.7655,-112.3646,0.000,0.000,0.872,0.0000,0.0000,0
2026-04-24,11:17:01,6887,1,0.0000,-0.0046,0.0334,0.9815,3.8112,0,1.0000,0,0,8.3069,3.3762,110.2850,1.8896,-115.7807,0.000,0.000,0.869,0.0000,0.0000,0
2026-04-24,11:17:01,6922,1,0.0000,-0.0014,0.0329,0.9675,3.8112,0,1.0000,0,0,8.5873,6.0121,110.4286,3.7907,-125.3032,0.000,0.000,0.866,0.0000,0.0000,0
2026-04-24,11:17:01,6957,1,0.0000,-0.0036,0.0331,0.9745,3.8112,0,1.0000,0,0,8.6488,5.5779,110.5986,4.6001,-133.3788,0.000,0.000,0.862,0.0000,0.0000,0
2026-04-24,11:17:01,6996,1,0.0000,-0.0112,0.0343,1.0099,3.8112,0,1.0000,0,0,8.6947,2.6700,110.6641,3.5381,-136.9791,0.000,0.000,0.860,0.0000,0.0000,0
2026-04-24,11:17:01,7032,1,0.0000,0.0094,0.0323,0.9496,3.8112,0,1.0000,0,0,8.8671,7.9058,110.7372,2.8413,-143.3331,0.000,0.000,0.857,0.0000,0.0000,0
2026-04-24,11:17:01,7068,1,0.0000,0.0212,0.0323,0.9496,3.8113,0,1.0000,0,0,8.6371,-13.5913,110.7700,1.3886,-142.3497,0.000,0.000,0.854,0.0000,0.0000,0
2026-04-24,11:17:02,7103,1,0.0000,0.0020,0.0310,0.9110,3.8111,0,1.0000,0,0,9.1239,14.6899,110.8212,1.4921,-140.7263,0.000,0.000,0.850,0.0000,0.0000,0
2026-04-24,11:17:02,7138,1,0.0000,-0.0215,0.0341,1.0029,3.8113,0,1.0000,0,0,8.7737,-12.5480,110.8379,0.7305,-120.7868,0.000,0.000,0.847,0.0000,0.0000,0
2026-04-24,11:17:02,7173,1,0.0000,0.0096,0.0334,0.9816,3.8113,0,1.0000,0,0,9.4993,18.8740,110.9145,2.1291,-122.3296,0.000,0.000,0.844,0.0000,0.0000,0
2026-04-24,11:17:02,7208,1,0.0000,-0.0070,0.0328,0.9642,3.8112,0,1.0000,0,0,9.2011,-7.0135,110.9327,0.8055,-118.2535,0.000,0.000,0.841,0.0000,0.0000,0
2026-04-24,11:17:02,7243,1,0.0000,-0.0106,0.0328,0.9638,3.8112,0,1.0000,0,0,8.9930,-10.1912,110.8977,-0.5763,-121.1632,0.000,0.000,0.838,0.0000,0.0000,0
2026-04-24,11:17:02,7278,1,0.0000,0.0033,0.0350,1.0282,3.8112,0,1.0000,0,0,9.0613,3.1356,110.9015,-0.1380,-129.8925,0.000,0.000,0.834,0.0000,0.0000,0
2026-04-24,11:17:02,7313,1,0.0000,-0.0088,0.0336,0.9888,3.8112,0,1.0000,0,0,9.0574,0.8299,110.8207,-1.7081,-131.0352,0.000,0.000,0.831,0.0000,0.0000,0
2026-04-24,11:17:02,7348,1,0.0000,-0.0123,0.0333,0.9781,3.8112,0,1.0000,0,0,9.0774,-1.7499,110.7854,-1.2230,-131.2467,0.000,0.000,0.828,0.0000,0.0000,0
2026-04-24,11:17:02,7383,1,0.0000,0.0001,0.0329,0.9672,3.8112,0,1.0000,0,0,8.9147,-1.7704,110.7186,-2.1363,-131.4236,0.000,0.000,0.825,0.0000,0.0000,0
2026-04-24,11:17:02,7418,1,0.0000,0.0037,0.0336,0.9888,3.8112,0,1.0000,0,0,9.2273,6.4863,110.6135,-2.4552,-138.5963,0.000,0.000,0.822,0.0000,0.0000,0
2026-04-24,11:17:02,7453,1,0.0000,-0.0040,0.0324,0.9534,3.8112,0,1.0000,0,0,9.2823,2.1145,110.6436,-0.2708,-137.9479,0.000,0.000,0.818,0.0000,0.0000,0
2026-04-24,11:17:02,7488,1,0.0000,-0.0049,0.0325,0.9568,3.8112,0,1.0000,0,0,8.9232,-10.6104,110.7298,1.7254,-137.1189,0.000,0.000,0.815,0.0000,0.0000,0
2026-04-24,11:17:02,7523,1,0.0000,-0.0069,0.0341,1.0028,3.8112,0,1.0000,0,0,8.8020,-2.7150,110.7005,-0.3282,-143.4606,0.000,0.000,0.812,0.0000,0.0000,0
2026-04-24,11:17:02,7558,1,0.0000,0.0085,0.0313,0.9216,3.8112,0,1.0000,0,0,9.0103,6.5722,110.6083,-2.0365,-141.8177,0.000,0.000,0.809,0.0000,0.0000,0
2026-04-24,11:17:02,7593,1,0.0000,0.0046,0.0324,0.9531,3.8112,0,1.0000,0,0,9.0451,-0.2005,110.6416,0.1973,-147.4403,0.000,0.000,0.806,0.0000,0.0000,0
2026-04-24,11:17:02,7628,1,0.0000,0.0066,0.0312,0.9175,3.8112,0,1.0000,0,0,9.1748,4.2269,110.6940,0.9379,-152.2268,0.000,0.000,0.802,0.0000,0.0000,0
2026-04-24,11:17:02,7663,1,0.0000,-0.0059,0.0330,0.9712,3.8112,0,1.0000,0,0,9.2410,2.0682,110.6574,-0.5352,-149.3986,0.000,0.000,0.799,0.0000,0.0000,0
2026-04-24,11:17:02,7699,1,0.0000,0.0009,0.0331,0.9745,3.8112,0,1.0000,0,0,9.3763,3.7868,110.6385,-0.6742,-147.4029,0.000,0.000,0.796,0.0000,0.0000,0
2026-04-24,11:17:02,7734,1,0.0000,-0.0094,0.0331,0.9746,3.8112,0,1.0000,0,0,9.3181,-1.0110,110.4866,-3.7004,-152.2353,0.000,0.000,0.793,0.0000,0.0000,0
2026-04-24,11:17:02,7770,1,0.0000,0.0120,0.0343,1.0099,3.8112,0,1.0000,0,0,9.5028,5.2455,110.3712,-3.3473,-156.3055,0.000,0.000,0.790,0.0000,0.0000,0
2026-04-24,11:17:02,7806,1,0.0000,0.0006,0.0355,1.0453,3.8113,0,1.0000,0,0,9.5028,-0.6106,110.3304,-2.1811,-159.7797,0.000,0.000,0.786,0.0000,0.0000,0
2026-04-24,11:17:02,7841,1,0.0000,-0.0127,0.0340,0.9993,3.8113,0,1.0000,0,0,9.3013,-7.0672,110.3424,-0.2221,-156.2471,0.000,0.000,0.783,0.0000,0.0000,0
2026-04-24,11:17:02,7877,1,0.0000,-0.0035,0.0337,0.9922,3.8113,0,1.0000,0,0,9.2687,-0.4743,110.3722,-0.0118,-159.7298,0.000,0.000,0.780,0.0000,0.0000,0
2026-04-24,11:17:02,7912,1,0.0000,-0.0020,0.0336,0.9886,3.8112,0,1.0000,0,0,9.2060,-0.6858,110.2717,-1.9624,-162.7056,0.000,0.000,0.777,0.0000,0.0000,0
2026-04-24,11:17:02,7952,1,0.0000,0.0092,0.0324,0.9532,3.8112,0,1.0000,0,0,9.1683,-1.9938,110.2660,-1.4514,-164.0076,0.000,0.000,0.774,0.0000,0.0000,0
2026-04-24,11:17:02,7987,1,0.0000,0.0054,0.0334,0.9815,3.8112,0,1.0000,0,0,9.1477,0.0619,110.3079,0.6818,-159.8429,0.000,0.000,0.771,0.0000,0.0000,0
2026-04-24,11:17:02,8022,1,0.0000,0.0066,0.0340,0.9993,3.8112,0,1.0000,0,0,9.1136,-1.4493,110.5002,4.2670,-162.7881,0.000,0.000,0.768,0.0000,0.0000,0
2026-04-24,11:17:02,8057,1,0.0000,-0.0094,0.0347,1.0205,3.8113,0,1.0000,0,0,9.1279,-0.3512,110.6989,5.4892,-158.9136,0.000,0.000,0.765,0.0000,0.0000,0
2026-04-24,11:17:03,8092,1,0.0000,-0.0008,0.0351,1.0312,3.8113,0,1.0000,0,0,9.0975,-0.3459,110.8263,4.5270,-161.9981,0.000,0.000,0.762,0.0000,0.0000,0
2026-04-24,11:17:03,8127,1,0.0000,-0.0080,0.0343,1.0099,3.8113,0,1.0000,0,0,9.0507,-1.2764,110.8538,1.8452,-157.5714,0.000,0.000,0.758,0.0000,0.0000,0
2026-04-24,11:17:03,8162,1,0.0000,0.0081,0.0340,0.9993,3.8113,0,1.0000,0,0,9.0575,-0.9506,110.7895,-0.8319,-154.2125,0.000,0.000,0.755,0.0000,0.0000,0
2026-04-24,11:17:03,8197,1,0.0000,0.0157,0.0334,0.9816,3.8112,0,1.0000,0,0,9.0403,1.2104,110.7109,-1.8297,-143.7619,0.000,0.000,0.752,0.0000,0.0000,0
2026-04-24,11:17:03,8232,1,0.0000,0.0100,0.0329,0.9674,3.8113,0,1.0000,0,0,9.0303,-1.3242,110.7139,-0.6321,-149.0880,0.000,0.000,0.749,0.0000,0.0000,0
2026-04-24,11:17:03,8267,1,0.0000,-0.0240,0.0369,1.0845,3.8113,0,1.0000,0,0,9.0460,0.3529,110.7051,-0.5078,-153.6263,0.000,0.000,0.746,0.0000,0.0000,0
2026-04-24,11:17:03,8303,1,0.0000,-0.0024,0.0370,1.0878,3.8114,0,1.0000,0,0,8.9924,-0.4983,110.7548,0.9933,-157.5164,0.000,0.000,0.742,0.0000,0.0000,0
2026-04-24,11:17:03,8338,1,0.0000,-0.0105,0.0386,1.1350,3.8115,0,1.0000,0,0,9.0481,-0.2070,110.8651,2.6089,-160.7964,0.000,0.000,0.739,0.0000,0.0000,0
2026-04-24,11:17:03,8373,1,0.0000,-0.0140,0.0409,1.2042,3.8116,0,1.0000,-57,0,9.0738,2.1025,110.9573,2.4278,-163.6079,0.000,0.000,0.736,0.0000,0.0000,0
2026-04-24,11:17:03,8409,1,-5.9440,-0.0761,0.0360,1.0584,3.8118,0,1.0000,-743,1,9.0436,-3.2913,110.9486,0.6406,-165.9713,0.000,0.000,0.733,0.0000,0.0000,0
2026-04-24,11:17:03,8444,1,-5.9440,-0.2741,0.0184,0.5408,3.8132,0,1.0000,-743,1,8.9805,-1.5332,110.8484,-2.3366,-167.9965,0.000,0.000,0.730,0.0000,0.0000,0
2026-04-24,11:17:03,8479,1,-7.0480,-0.1421,0.0143,0.4200,3.8150,0,1.0000,-881,1,8.9923,-2.6791,110.4466,-9.5974,-162.8096,0.000,0.000,0.726,0.0000,0.0000,0
2026-04-24,11:17:03,8516,1,-7.0640,-0.0384,0.0138,0.4059,3.8155,0,1.0000,-883,1,9.0661,4.0528,110.1534,-9.0369,-165.2865,0.000,0.000,0.723,0.0000,0.0000,0
2026-04-24,11:17:03,8551,1,-7.0640,-0.0237,0.0175,0.5158,3.8157,0,1.0000,-883,1,9.0235,-0.3267,110.0485,-5.1128,-167.4104,0.000,0.000,0.720,0.0000,0.0000,0
2026-04-24,11:17:03,8587,1,-7.0640,-0.0901,0.0231,0.6789,3.8162,0,1.0000,-883,1,9.0117,0.4816,110.0574,-1.4586,-169.2281,0.000,0.000,0.717,0.0000,0.0000,0
2026-04-24,11:17:03,8623,1,-7.0640,-0.1895,0.0207,0.6092,3.8170,0,1.0000,-883,1,8.8448,-6.8004,110.1845,2.0839,-164.3963,0.000,0.000,0.714,0.0000,0.0000,0
2026-04-24,11:17:03,8658,1,-7.0640,-0.4695,0.0378,1.1115,3.8195,0,1.0000,-883,1,8.8126,-3.7113,110.2394,1.3969,-159.4846,0.000,0.000,0.710,0.0000,0.0000,0
2026-04-24,11:17:03,8694,1,-7.0640,-0.5377,0.0373,1.0967,3.8230,0,1.0000,-883,1,8.6701,-6.5954,110.1960,0.0547,-142.4924,0.000,0.000,0.707,0.0000,0.0000,0
2026-04-24,11:17:03,8729,1,-7.0640,-0.6195,0.0365,1.0739,3.8271,0,1.0000,-883,1,8.6876,-2.5952,110.3194,2.2214,-148.0269,0.000,0.000,0.704,0.0000,0.0000,0
2026-04-24,11:17:03,8764,1,-7.0640,-0.4118,0.0413,1.2148,3.8314,0,1.0000,-883,1,8.7708,7.2635,110.5049,5.4062,-145.5328,0.000,0.000,0.701,0.0000,0.0000,0
2026-04-24,11:17:03,8800,1,-7.0640,-0.3271,0.0137,0.4021,3.8338,0,1.0000,-883,1,8.5252,-7.3468,110.7571,7.0623,-144.3518,0.000,0.000,0.698,0.0000,0.0000,0
2026-04-24,11:17:03,8836,1,-7.0640,-0.1209,0.0330,0.9711,3.8355,0,1.0000,-883,1,8.8324,-0.7704,111.1807,11.3013,-135.9357,0.000,0.000,0.694,0.0000,0.0000,0
2026-04-24,11:17:03,8876,1,-7.0640,-0.3610,0.0465,1.3682,3.8383,0,1.0000,-883,1,9.0816,16.5034,111.4098,10.2140,-132.1288,0.000,0.000,0.692,0.0000,0.0000,0
2026-04-24,11:17:03,8912,1,-7.0640,-0.5745,0.0383,1.1251,3.8417,0,1.0000,-883,1,8.5249,-19.1838,111.6738,9.1285,-126.5930,0.000,0.000,0.689,0.0000,0.0000,0
2026-04-24,11:17:03,8947,1,-7.0640,-0.5950,0.0166,0.4884,3.8465,0,1.0000,-883,1,9.0115,4.8280,111.9006,6.9936,-107.1384,0.000,0.000,0.686,0.0000,0.0000,0
2026-04-24,11:17:03,8982,1,-7.0640,-0.2864,0.0488,1.4339,3.8492,0,1.0000,-883,1,8.6185,-6.1975,111.9662,3.7359,-103.6954,0.000,0.000,0.682,0.0000,0.0000,0
2026-04-24,11:17:03,9018,1,-7.0640,-0.3758,0.0386,1.1351,3.8520,0,1.0000,-883,1,9.1139,8.6124,111.8098,-2.3997,-94.5044,0.000,0.000,0.679,0.0000,0.0000,0
2026-04-24,11:17:03,9053,1,-7.0640,-0.7961,0.0555,1.6312,3.8570,0,1.0000,-883,1,8.5542,-3.6694,111.5447,-6.3476,-107.1757,0.000,0.000,0.676,0.0000,0.0000,0
2026-04-24,11:17:04,9088,1,-7.0640,-0.7405,0.0270,0.7940,3.8628,0,1.0000,-883,1,8.3819,-17.9155,111.4471,-3.8449,-91.5707,0.000,0.000,0.673,0.0000,0.0000,0
2026-04-24,11:17:04,9124,1,-7.0720,-0.5976,0.0528,1.5518,3.8682,0,1.0000,-884,1,8.8155,16.0878,111.4696,-0.6653,-90.7100,0.000,0.000,0.670,0.0000,0.0000,0
2026-04-24,11:17:04,9159,1,-7.0720,-0.8578,0.0471,1.3839,3.8729,0,1.0000,-884,1,8.2917,-12.7053,111.5227,1.2341,-84.2113,0.000,0.000,0.666,0.0000,0.0000,0
2026-04-24,11:17:04,9194,1,-7.0640,-0.8401,0.0405,1.1902,3.8793,0,1.0000,-883,1,8.6666,-1.4328,111.5777,1.4182,-84.7577,0.000,0.000,0.663,0.0000,0.0000,0
2026-04-24,11:17:04,9230,1,-7.0640,-0.9066,0.0606,1.7830,3.8853,0,1.0000,-883,1,8.4569,0.4021,111.5292,-1.0283,-71.6657,0.000,0.000,0.660,0.0000,0.0000,0
2026-04-24,11:17:04,9265,1,-7.0640,-0.9565,0.0467,1.3742,3.8922,0,1.0000,-883,1,8.6544,-2.8710,111.2100,-6.9550,-74.7582,0.000,0.000,0.657,0.0000,0.0000,0
2026-04-24,11:17:04,9300,1,-7.0640,-0.9894,0.0551,1.6195,3.8999,0,1.0000,-883,1,8.4746,5.9398,110.8343,-10.4341,-77.5139,0.000,0.000,0.654,0.0000,0.0000,0
2026-04-24,11:17:04,9336,1,-7.0720,-0.9798,0.0334,0.9814,3.9078,0,1.0000,-884,1,8.3464,-7.6655,110.3925,-12.9370,-65.7640,0.000,0.000,0.650,0.0000,0.0000,0
2026-04-24,11:17:04,9371,1,-7.0720,-0.9913,0.0590,1.7347,3.9156,0,1.0000,-884,1,8.6443,8.5255,110.0780,-10.6240,-68.8097,0.000,0.000,0.647,0.0000,0.0000,0
2026-04-24,11:17:04,9407,1,-7.0640,-0.9813,0.0458,1.3478,3.9239,0,1.0000,-883,1,8.3340,4.3235,109.9142,-7.0541,-78.1402,0.000,0.000,0.644,0.0000,0.0000,0
2026-04-24,11:17:04,9443,1,-7.0640,-1.2991,0.0546,1.6062,3.9334,0,1.0000,-883,1,8.2396,-2.1904,109.5436,-10.8284,-74.1183,0.000,0.000,0.641,0.0000,0.0000,0
2026-04-24,11:17:04,9479,1,-7.0640,-1.1273,0.0469,1.3786,3.9429,0,1.0000,-883,1,8.4313,4.2604,108.9009,-16.8624,-63.7236,0.000,0.000,0.638,0.0000,0.0000,0
2026-04-24,11:17:04,9515,1,-7.0640,-1.1861,0.0598,1.7601,3.9517,0,1.0000,-883,1,8.3309,1.7757,108.4727,-14.3563,-73.8041,0.000,0.000,0.634,0.0000,0.0000,0
2026-04-24,11:17:04,9551,1,-7.0640,-1.3380,0.0488,1.4340,3.9611,0,1.0000,-883,1,8.2377,-11.3469,108.2009,-10.8722,-70.0459,0.000,0.000,0.631,0.0000,0.0000,0
2026-04-24,11:17:04,9586,1,-7.0640,-1.3329,0.0355,1.0430,3.9717,0,1.0000,-883,1,8.4364,8.7270,107.9104,-9.8737,-59.0704,0.000,0.000,0.628,0.0000,0.0000,0
2026-04-24,11:17:04,9622,1,-7.0720,-1.1722,0.0759,2.2317,3.9807,0,1.0000,-884,1,8.4258,1.7507,107.6196,-9.2460,-62.7765,0.000,0.000,0.660,0.0000,0.0000,0
2026-04-24,11:17:04,9658,1,-7.0720,-1.2875,0.0650,1.9120,3.9894,0,1.0000,-884,1,8.4171,-6.0960,107.6111,-2.5719,-73.5667,0.000,0.000,0.692,0.0000,0.0000,0
2026-04-24,11:17:04,9693,1,-7.0720,-1.3572,0.0504,1.4827,4.0001,0,1.0000,-884,1,8.3252,2.7410,107.7307,1.1910,-75.1120,0.000,0.000,0.724,0.0000,0.0000,0
2026-04-24,11:17:04,9729,1,-7.0640,-1.3325,0.0752,2.2109,4.0110,0,1.0000,-883,1,8.2863,7.0385,107.5985,-2.3328,-84.2568,0.000,0.000,0.756,0.0000,0.0000,0
2026-04-24,11:17:04,9764,1,-7.0640,-1.4284,0.0565,1.6622,4.0205,0,1.0000,-883,1,8.1530,-12.7359,107.6231,-0.1336,-72.6965,0.000,0.000,0.779,0.0000,0.0000,0
2026-04-24,11:17:04,9804,1,-7.0640,-1.4892,0.0346,1.0182,4.0335,0,1.0000,-883,1,8.1547,-4.6791,107.7574,2.2498,-59.8603,0.000,0.000,0.777,0.0000,0.0000,0
2026-04-24,11:17:04,9840,1,-7.0640,-0.9982,0.0665,1.9555,4.0434,0,1.0000,-883,1,8.2415,11.1459,108.1877,10.0931,-56.4802,0.016,0.000,0.774,0.0000,0.0000,0
2026-04-24,11:17:04,9875,1,-7.0640,-1.2951,0.0695,2.0451,4.0516,0,1.0000,-883,1,8.1296,-2.7733,108.5920,11.0155,-68.5720,0.000,0.000,0.770,0.0000,0.0000,0
2026-04-24,11:17:04,9911,1,-7.0640,-1.3409,0.0522,1.5354,4.0622,0,1.0000,-883,1,8.3518,2.7959,108.9303,11.2533,-57.3839,0.000,0.000,0.767,0.0000,0.0000,0
2026-04-24,11:17:04,9947,1,-7.0720,-1.7480,0.0596,1.7529,4.0750,0,1.0000,-884,1,7.7545,-0.4862,109.4181,14.2844,-69.1777,0.048,0.000,0.764,0.0000,0.0000,0
2026-04-24,11:17:04,9982,1,-7.0720,-1.3524,0.0684,2.0104,4.0868,0,1.0000,-884,1,8.1714,1.5004,109.7928,11.7413,-66.5657,0.016,0.000,0.761,0.0000,0.0000,0
2026-04-24,11:17:04,10018,1,-7.0640,-1.5552,0.0594,1.7485,4.0971,0,1.0000,-883,1,7.8890,-3.4883,109.7486,2.7670,-76.3252,0.000,0.000,0.758,0.0000,0.0000,0
2026-04-24,11:17:04,10053,1,-7.0640,-1.5681,0.0430,1.2641,4.1094,0,1.0000,-883,1,8.2182,0.7433,109.6130,-1.1770,-63.8568,0.000,0.000,0.754,0.0000,0.0000,0
2026-04-24,11:17:05,10088,1,-7.0640,-1.2272,0.0560,1.6483,4.1204,0,1.0000,-883,1,8.1870,11.3688,109.8624,4.9032,-67.0997,0.000,0.000,0.751,0.0000,0.0000,0
2026-04-24,11:17:05,10124,1,-7.0640,-1.4438,0.0746,2.1949,4.1311,0,1.0000,-883,1,7.9338,-3.3230,109.8938,1.4184,-83.8228,0.000,0.000,0.748,0.0000,0.0000,0
2026-04-24,11:17:05,10161,1,-7.0720,-1.4050,0.0585,1.7196,4.1413,0,1.0000,-884,1,7.9770,-19.8099,109.8006,-1.6243,-65.0083,0.000,0.000,0.745,0.0000,0.0000,0
2026-04-24,11:17:05,10196,1,-7.0720,-1.5715,0.0568,1.6694,4.1532,0,1.0000,-884,1,8.0340,15.9785,109.6184,-4.0677,-74.8727,0.024,0.000,0.742,0.0000,0.0000,0
2026-04-24,11:17:05,10233,1,-7.0640,-1.4386,0.0684,2.0109,4.1658,0,1.0000,-883,1,7.9889,2.2409,109.6397,-1.0405,-64.7415,0.000,0.000,0.738,0.0000,0.0000,0
2026-04-24,11:17:05,10268,1,-7.0640,-1.7163,0.0640,1.8835,4.1774,0,1.0000,-883,1,7.9339,-3.6594,109.6734,-0.1281,-49.3540,0.000,0.000,0.735,0.0000,0.0000,0
2026-04-24,11:17:05,10303,1,-7.0640,-1.8480,0.0613,1.8043,4.1906,0,1.0000,-883,1,7.9223,-6.2212,109.4107,-5.8467,-48.0554,0.000,0.000,0.732,0.0000,0.0000,0
2026-04-24,11:17:05,10338,1,-7.0640,-1.5920,0.0602,1.7702,4.2025,0,1.0000,-883,1,8.1456,-2.4655,109.2618,-4.5880,-60.7498,0.000,0.000,0.729,0.0000,0.0000,0
2026-04-24,11:17:05,10373,1,-7.0640,-1.7275,0.0507,1.4912,4.2157,0,1.0000,-883,1,8.1506,13.1607,109.3136,-0.1635,-57.3267,0.000,0.000,0.726,0.0000,0.0000,0
2026-04-24,11:17:05,10408,1,-7.0640,-1.5666,0.0654,1.9231,4.2289,0,1.0000,-883,1,8.0559,-2.6000,109.3212,-0.1742,-56.3921,0.000,0.000,0.722,0.0000,0.0000,0
2026-04-24,11:17:05,10443,1,-7.0640,-1.9400,0.0675,1.9867,4.2428,0,1.0000,-883,1,7.9629,4.4404,109.3708,1.3420,-41.0420,0.000,0.000,0.719,0.0000,0.0000,0
2026-04-24,11:17:05,10479,1,-7.0640,-1.7114,0.0724,2.1298,4.2570,0,1.0000,-883,1,8.0921,2.7719,109.4682,2.1632,-48.9533,0.000,0.000,0.716,0.0000,0.0000,0
2026-04-24,11:17:05,10514,1,-7.0640,-2.0285,0.0768,2.2595,4.2708,0,1.0000,-883,1,7.8678,-9.1350,109.8473,8.8952,-49.0673,0.000,0.000,0.713,0.0000,0.0000,0
2026-04-24,11:17:05,10550,1,-7.0640,-2.1344,0.0854,2.5121,4.2865,0,1.0000,-883,1,7.9749,-2.6742,110.2418,10.1000,-48.2248,0.000,0.000,0.710,0.0000,0.0000,0
2026-04-24,11:17:05,10585,1,-7.0640,-2.2000,0.0782,2.3008,4.3018,0,1.0000,-883,1,7.8919,-6.2791,110.6097,10.6572,-53.7270,0.000,0.000,0.706,0.0000,0.0000,0
2026-04-24,11:17:05,10620,1,-7.0640,-2.3123,0.0865,2.5455,4.3184,0,1.0000,-883,1,7.9779,0.5075,110.9442,10.5878,-65.8840,0.000,0.000,0.703,0.0000,0.0000,0
2026-04-24,11:17:05,10656,1,-7.0640,-2.2980,0.0670,1.9718,4.3354,0,1.0000,-883,1,7.8079,-10.9003,110.8631,1.8033,-75.7565,0.000,0.000,0.700,0.0000,0.0000,0
2026-04-24,11:17:05,10691,1,-7.0640,-1.6534,0.0848,2.4955,4.3512,0,1.0000,-883,1,8.4941,29.1103,110.7374,-2.4854,-83.9443,0.000,0.000,0.697,0.0000,0.0000,0
2026-04-24,11:17:05,10727,1,-7.0640,-1.9021,0.0852,2.5059,4.3649,0,1.0000,-883,1,8.4553,10.9163,110.6640,-2.5021,-89.5419,0.000,0.000,0.694,0.0000,0.0000,0
2026-04-24,11:17:05,10763,1,-7.0640,-2.1542,0.0834,2.4536,4.3809,0,1.0000,-883,1,8.0003,-7.0758,110.1877,-10.5287,-95.7387,0.000,0.000,0.691,0.0000,0.0000,0
2026-04-24,11:17:05,10798,1,-7.0640,-2.1769,0.0669,1.9687,4.3973,0,1.0000,-883,1,7.9402,-6.2047,109.8326,-10.9561,-95.1404,0.000,0.000,0.688,0.0000,0.0000,0
2026-04-24,11:17:05,10834,1,-7.0640,-1.4996,0.0697,2.0501,4.4125,0,1.0000,-883,1,8.5719,26.3741,109.3036,-14.8141,-100.6198,0.000,0.000,0.685,0.0000,0.0000,0
2026-04-24,11:17:05,10870,1,-7.0720,-1.8812,0.0716,2.1045,4.4262,0,1.0000,-884,1,7.8543,-15.9171,109.0192,-10.6791,-99.3337,0.000,0.000,0.682,0.0000,0.0000,0
2026-04-24,11:17:05,10905,1,-7.0720,-1.9606,0.0736,2.1644,4.4409,0,1.0000,-884,1,8.1133,-0.8209,108.8233,-8.0029,-98.3999,0.000,0.000,0.678,0.0000,0.0000,0
2026-04-24,11:17:05,10942,1,-7.0720,-1.8218,0.0711,2.0921,4.4557,0,1.0000,-884,1,8.0860,8.8689,108.7151,-5.0735,-103.3130,0.000,0.000,0.675,0.0000,0.0000,0
2026-04-24,11:17:05,10978,1,-7.0720,-1.7962,0.0752,2.2116,4.4698,0,1.0000,-884,1,7.8681,-10.2151,108.8932,2.5675,-94.8839,0.000,0.000,0.672,0.0000,0.0000,0
2026-04-24,11:17:05,11013,1,-7.0720,-1.9242,0.0715,2.1039,4.4833,0,1.0000,-884,1,7.9941,-7.1315,109.2303,7.3589,-81.1075,0.000,0.000,0.669,0.0000,0.0000,0
2026-04-24,11:17:05,11049,1,-7.0640,-1.9196,0.0805,2.3671,4.4980,0,1.0000,-883,1,8.0108,4.1642,109.5559,9.3011,-81.8359,0.000,0.000,0.666,0.0000,0.0000,0
2026-04-24,11:17:06,11084,1,-7.0640,-1.9070,0.0642,1.8884,4.5110,0,1.0000,-883,1,7.9639,-11.3837,109.9727,11.9723,-69.4420,0.000,0.000,0.662,0.0000,0.0000,0
2026-04-24,11:17:06,11119,1,-7.0640,-1.9777,0.0672,1.9751,4.5252,0,1.0000,-883,1,8.2867,12.1825,110.0630,5.0215,-51.3230,0.000,0.000,0.659,0.0000,0.0000,0
2026-04-24,11:17:06,11156,1,-7.0640,-1.7736,0.0713,2.0958,4.5387,0,1.0000,-883,1,8.1017,-8.1199,109.9985,0.8865,-56.1926,0.000,0.000,0.656,0.0000,0.0000,0
2026-04-24,11:17:06,11191,1,-7.0640,-1.8753,0.0608,1.7889,4.5531,0,1.0000,-883,1,8.4222,16.5764,109.9812,-0.6038,-54.0961,0.000,0.000,0.653,0.0000,0.0000,0
2026-04-24,11:17:06,11226,1,-7.0640,-1.9424,0.0544,1.5991,4.5681,0,1.0000,-883,1,7.9291,-3.8126,109.5826,-9.3600,-52.9899,0.000,0.000,0.650,0.0000,0.0000,0
2026-04-24,11:17:06,11261,1,-7.0720,-1.7194,0.0623,1.8313,4.5828,0,1.0000,-884,1,8.3945,6.1876,109.0399,-14.8155,-38.4047,0.000,0.000,0.646,0.0000,0.0000,0
2026-04-24,11:17:06,11297,1,-7.0720,-1.9724,0.0658,1.9366,4.5980,0,1.0000,-884,1,8.1687,11.8844,108.5652,-14.6436,-45.8577,0.000,0.000,0.643,0.0000,0.0000,0
2026-04-24,11:17:06,11332,1,-7.0720,-2.0009,0.0563,1.6559,4.6137,0,1.0000,-884,1,8.0276,-12.8856,108.0540,-15.7470,-39.4847,0.000,0.000,0.640,0.0000,0.0000,0
2026-04-24,11:17:06,11367,1,-7.0640,-1.8690,0.0774,2.2751,4.6293,0,1.0000,-883,1,8.6001,20.9840,107.8000,-10.1986,-25.8652,0.000,0.000,0.637,0.0000,0.0000,0
2026-04-24,11:17:06,11402,1,-7.0640,-2.0736,0.0734,2.1596,4.6446,0,1.0000,-883,1,8.1786,-6.5067,107.5957,-8.5016,-42.5092,0.000,0.000,0.634,0.0000,0.0000,0
2026-04-24,11:17:06,11438,1,-7.0640,-2.3487,0.0761,2.2388,4.6626,0,1.0000,-883,1,8.3275,5.2452,107.5778,-2.9389,-56.6957,0.000,0.000,0.630,0.0000,0.0000,0
2026-04-24,11:17:06,11473,1,-7.0640,-2.5920,0.0713,2.0956,4.6814,0,1.0000,-883,1,7.9730,-1.5463,107.8810,6.0307,-61.6115,0.000,0.000,0.627,0.0000,0.0000,0
2026-04-24,11:17:06,11508,1,-7.0640,-2.2798,0.0864,2.5416,4.6975,0,1.0000,-883,1,8.3004,-14.4838,108.5148,15.2323,-52.6904,0.000,0.000,0.624,0.0000,0.0000,0
2026-04-24,11:17:06,11544,1,-7.0640,-2.4825,0.0796,2.3417,4.7155,0,1.0000,-883,1,8.0619,-1.5411,109.3172,20.3960,-57.5832,0.000,0.000,0.621,0.0000,0.0000,0
2026-04-24,11:17:06,11580,1,-7.0640,-2.2306,0.0694,2.0421,4.7338,0,1.0000,-883,1,8.2424,-2.4052,109.7928,17.3126,-62.6569,0.000,0.000,0.618,0.0000,0.0000,0
2026-04-24,11:17:06,11615,1,-7.0640,-2.1611,0.0650,1.9126,4.7511,0,1.0000,-883,1,8.3215,15.4073,110.0860,11.0972,-66.6547,0.000,0.000,0.614,0.0000,0.0000,0
2026-04-24,11:17:06,11653,1,-7.0640,-2.1268,0.0648,1.9070,4.7677,0,1.0000,-883,1,8.2690,4.8964,110.1141,7.7645,-59.1778,0.000,0.000,0.612,0.0000,0.0000,0
2026-04-24,11:17:06,11689,1,-7.0720,-2.2211,0.0673,1.9799,4.7864,0,1.0000,-884,1,8.4223,-0.1396,110.0885,2.2285,-49.2398,0.000,0.000,0.609,0.0000,0.0000,0
2026-04-24,11:17:06,11724,1,-7.0720,-2.3285,0.0773,2.2736,4.8032,0,1.0000,-884,1,8.2314,1.1284,109.5474,-10.4238,-61.6002,0.000,0.000,0.606,0.0000,0.0000,0
2026-04-24,11:17:06,11761,1,-7.0640,-2.1745,0.0842,2.4762,4.8193,0,1.0000,-883,1,8.2701,-15.0807,109.0467,-13.2562,-72.4061,0.000,0.000,0.602,0.0000,0.0000,0
2026-04-24,11:17:06,11796,1,-7.0640,-2.3200,0.0841,2.4746,4.8362,0,1.0000,-883,1,8.2712,8.0127,108.6121,-13.7248,-81.3164,0.000,0.000,0.599,0.0000,0.0000,0
2026-04-24,11:17:06,11831,1,-7.0640,-2.2733,0.0713,2.0975,4.8528,0,1.0000,-883,1,7.8922,-16.9389,108.2966,-11.5316,-70.2310,0.000,0.000,0.596,0.0000,0.0000,0
2026-04-24,11:17:06,11867,1,-7.0640,-1.6222,0.0793,2.3329,4.8687,0,1.0000,-883,1,8.6674,21.9747,108.2130,-5.0859,-66.3436,0.000,0.000,0.593,0.0000,0.0000,0
2026-04-24,11:17:06,11902,1,-7.0640,-1.9907,0.0860,2.5298,4.8820,0,1.0000,-883,1,7.9231,-15.6087,108.2643,-0.8892,-70.5592,0.000,0.000,0.590,0.0000,0.0000,0
2026-04-24,11:17:06,11937,1,-7.0640,-2.2371,0.0898,2.6412,4.8977,0,1.0000,-883,1,8.1847,-7.1811,108.4621,4.3227,-53.7879,0.000,0.000,0.586,0.0000,0.0000,0
2026-04-24,11:17:06,11974,1,-7.0640,-2.2454,0.0661,1.9456,4.9142,0,1.0000,-883,1,8.0228,1.6683,108.9244,9.9076,-59.5128,0.000,0.000,0.583,0.0000,0.0000,0
2026-04-24,11:17:06,12009,1,-7.0640,-2.0241,0.0761,2.2395,4.9297,0,1.0000,-883,1,8.0681,-8.7887,109.2722,10.5343,-64.2744,0.000,0.000,0.580,0.0000,0.0000,0
2026-04-24,11:17:06,12044,1,-7.0640,-2.0152,0.0717,2.1091,4.9444,0,1.0000,-883,1,8.4149,6.6665,109.8495,15.2405,-68.3054,0.000,0.000,0.577,0.0000,0.0000,0
2026-04-24,11:17:07,12080,1,-7.0640,-2.0386,0.0714,2.0998,4.9597,0,1.0000,-883,1,8.1626,-1.9527,110.2006,11.7229,-71.2452,0.000,0.000,0.574,0.0000,0.0000,0
2026-04-24,11:17:07,12115,1,-7.0640,-2.0762,0.0684,2.0104,4.9754,0,1.0000,-883,1,8.2410,-3.9847,110.2987,5.1061,-81.1282,0.000,0.000,0.570,0.0000,0.0000,0
2026-04-24,11:17:07,12150,1,-7.0640,-1.9742,0.0819,2.4093,4.9910,0,1.0000,-883,1,8.3964,13.1649,110.2333,0.1758,-70.0880,0.000,0.000,0.567,0.0000,0.0000,0
2026-04-24,11:17:07,12186,1,-7.0640,-2.1520,0.0750,2.2051,5.0068,0,1.0000,-883,1,8.0054,-16.6442,109.9297,-7.5859,-73.4809,0.000,0.000,0.564,0.0000,0.0000,0
2026-04-24,11:17:07,12221,1,-7.0640,-2.2367,0.0844,2.4822,5.0238,0,1.0000,-883,1,8.4547,11.5449,109.5070,-11.7137,-55.9868,0.000,0.000,0.561,0.0000,0.0000,0
2026-04-24,11:17:07,12256,1,-7.0640,-2.3323,0.0633,1.8609,5.0412,0,1.0000,-883,1,8.0040,-10.2983,108.9584,-15.2950,-54.6635,0.000,0.000,0.558,0.0000,0.0000,0
2026-04-24,11:17:07,12292,1,-7.0640,-2.2179,0.0844,2.4835,5.0590,0,1.0000,-883,1,8.3707,2.4673,108.5482,-12.8568,-59.0496,0.000,0.000,0.554,0.0000,0.0000,0
2026-04-24,11:17:07,12327,1,-7.0640,-2.4782,0.0784,2.3060,5.0766,0,1.0000,-883,1,8.0781,6.5316,108.4426,-6.9358,-64.1743,0.000,0.000,0.551,0.0000,0.0000,0
2026-04-24,11:17:07,12362,1,-7.0640,-2.4322,0.0885,2.6043,5.0950,0,1.0000,-883,1,8.0805,-5.6519,108.2928,-5.1918,-75.1525,0.000,0.000,0.548,0.0000,0.0000,0
2026-04-24,11:17:07,12398,1,-7.0640,-2.3673,0.1010,2.9719,5.1117,0,1.0000,-883,1,8.0016,-9.7573,108.5376,3.1531,-64.3225,0.000,0.000,0.545,0.0000,0.0000,0
2026-04-24,11:17:07,12433,1,-7.0640,-2.3922,0.0862,2.5346,5.1290,0,1.0000,-883,1,8.2055,-0.1765,108.9364,9.7531,-54.8590,0.000,0.000,0.542,0.0000,0.0000,0
2026-04-24,11:17:07,12468,1,-7.0720,-2.5654,0.0807,2.3735,5.1482,0,1.0000,-884,1,7.8737,-2.7932,109.3597,12.5336,-66.3862,0.000,0.000,0.538,0.0000,0.0000,0
2026-04-24,11:17:07,12505,1,-7.0720,-2.2005,0.0815,2.3979,5.1676,0,1.0000,-884,1,8.2908,7.9672,110.0105,17.3881,-57.1695,0.000,0.000,0.535,0.0000,0.0000,0
2026-04-24,11:17:07,12540,1,-7.0720,-2.3731,0.0705,2.0747,5.1841,0,1.0000,-884,1,7.8591,-10.4438,110.2988,11.5847,-55.0544,0.000,0.000,0.532,0.0000,0.0000,0
2026-04-24,11:17:07,12580,1,-7.0640,-2.4296,0.0762,2.2417,5.2041,0,1.0000,-883,1,7.5172,-17.4062,110.3767,7.1817,-57.9385,0.016,0.000,0.530,0.0000,0.0000,0
2026-04-24,11:17:07,12616,1,-7.0640,-2.2184,0.0866,2.5456,5.2211,0,1.0000,-883,1,7.7947,5.1146,110.2830,0.2062,-62.8768,0.008,0.000,0.526,0.0000,0.0000,0
2026-04-24,11:17:07,12651,1,-7.0640,-2.2875,0.0769,2.2614,5.2379,0,1.0000,-883,1,7.6970,1.7043,110.0157,-5.2674,-67.5129,0.000,0.000,0.523,0.0000,0.0000,0
2026-04-24,11:17:07,12687,1,-7.0720,-2.3899,0.0547,1.6095,5.2561,0,1.0000,-884,1,7.6990,-5.7882,109.6136,-10.2395,-64.2829,0.000,0.000,0.520,0.0000,0.0000,0
2026-04-24,11:17:07,12722,1,-7.0720,-1.8671,0.0870,2.5594,5.2714,0,1.0000,-884,1,8.3443,20.4287,109.3909,-8.3264,-60.7310,0.000,0.000,0.517,0.0000,0.0000,0
2026-04-24,11:17:07,12757,1,-7.0720,-2.1273,0.1024,3.0129,5.2873,0,1.0000,-884,1,7.8504,-7.6300,109.0746,-9.5057,-72.1161,0.000,0.000,0.514,0.0000,0.0000,0
2026-04-24,11:17:07,12794,1,-7.0640,-2.2922,0.0924,2.7178,5.3048,0,1.0000,-883,1,7.8249,-1.9290,109.1003,-1.7126,-67.6860,0.000,0.000,0.510,0.0000,0.0000,0
2026-04-24,11:17:07,12829,1,-7.0640,-2.7008,0.0985,2.8967,5.3239,0,1.0000,-883,1,7.7183,1.0282,109.2944,3.6566,-63.6130,0.000,0.000,0.507,0.0000,0.0000,0
2026-04-24,11:17:07,12865,1,-7.0640,-2.5668,0.0770,2.2634,5.3438,0,1.0000,-883,1,7.8831,-0.8241,110.0117,16.4609,-68.0024,0.000,0.000,0.504,0.0000,0.0000,0
2026-04-24,11:17:07,12901,1,-7.0720,-2.2891,0.0762,2.2406,5.3623,0,1.0000,-884,1,7.7629,3.5607,110.5505,15.8163,-84.6013,0.000,0.000,0.501,0.0000,0.0000,0
2026-04-24,11:17:07,12937,1,-7.0640,-2.4468,0.0691,2.0314,5.3806,0,1.0000,-883,1,7.8044,-5.8651,111.0845,16.5690,-86.1318,0.000,0.000,0.498,0.0000,0.0000,0
2026-04-24,11:17:07,12972,1,-7.0640,-2.5011,0.0764,2.2480,5.3989,0,1.0000,-883,1,8.0036,2.4644,111.2702,8.8279,-79.9224,0.000,0.000,0.494,0.0000,0.0000,0
2026-04-24,11:17:07,13007,1,-7.0640,-2.6501,0.1045,3.0731,5.4182,0,1.0000,-883,1,7.8717,7.7411,111.3755,4.9840,-87.9536,0.000,0.000,0.491,0.0000,0.0000,0
2026-04-24,11:17:07,13042,1,-7.0640,-2.5321,0.0844,2.4823,5.4366,0,1.0000,-883,1,7.9344,-11.4496,111.1338,-4.6406,-82.0980,0.000,0.000,0.488,0.0000,0.0000,0
2026-04-24,11:17:08,13078,1,-7.0640,-2.7308,0.0874,2.5710,5.4577,0,1.0000,-883,1,8.0132,9.5864,110.6098,-11.4563,-69.7080,0.000,0.000,0.485,0.0000,0.0000,0
2026-04-24,11:17:08,13114,1,-7.0640,-2.8061,0.0928,2.7296,5.4795,0,1.0000,-883,1,7.5581,-8.7233,110.3677,-8.5423,-79.2125,0.000,0.000,0.482,0.0000,0.0000,0
2026-04-24,11:17:08,13149,1,-7.0640,-2.5946,0.0826,2.4307,5.4985,0,1.0000,-883,1,8.0080,-8.6549,110.4077,-2.2336,-68.4608,0.000,0.000,0.478,0.0000,0.0000,0
2026-04-24,11:17:08,13184,1,-7.0640,-2.7923,0.0727,2.1382,5.5192,0,1.0000,-883,1,7.8608,11.3659,110.2876,-3.6830,-77.7702,0.000,0.000,0.475,0.0000,0.0000,0
2026-04-24,11:17:08,13221,1,-7.0640,-2.7724,0.0917,2.6959,5.5401,0,1.0000,-883,1,7.4837,-24.1552,110.1202,-3.9278,-73.4410,0.000,0.000,0.472,0.0000,0.0000,0
2026-04-24,11:17:08,13257,1,-7.0640,-2.6623,0.0736,2.1635,5.5607,0,1.0000,-883,1,8.3838,23.7903,110.2607,1.6099,-62.0878,0.000,0.000,0.469,0.0000,0.0000,0
2026-04-24,11:17:08,13293,1,-7.0640,-2.6275,0.0817,2.4020,5.5806,0,1.0000,-883,1,7.8196,-6.8819,110.8064,11.9911,-72.5458,0.000,0.000,0.466,0.0000,0.0000,0
2026-04-24,11:17:08,13329,1,-7.0640,-2.6557,0.0933,2.7432,5.6014,0,1.0000,-883,1,8.2023,6.0839,111.0547,7.9381,-61.7982,0.000,0.000,0.462,0.0000,0.0000,0
2026-04-24,11:17:08,13364,1,-7.0640,-2.5276,0.0700,2.0587,5.6200,0,1.0000,-883,1,7.8406,-14.9310,110.9784,1.1951,-52.8489,0.000,0.000,0.459,0.0000,0.0000,0
2026-04-24,11:17:08,13400,1,-7.0640,-2.4134,0.0767,2.2545,5.6395,0,1.0000,-883,1,8.2807,10.2772,110.9453,-0.4472,-50.5444,0.000,0.000,0.456,0.0000,0.0000,0
2026-04-24,11:17:08,13436,1,-7.0640,-2.6212,0.0947,2.7844,5.6592,0,1.0000,-883,1,7.8749,6.7002,110.5440,-9.2091,-63.4788,0.000,0.000,0.453,0.0000,0.0000,0
2026-04-24,11:17:08,13472,1,-7.0640,-2.3852,0.0871,2.5630,5.6769,0,1.0000,-883,1,7.7976,-27.7255,110.0536,-13.4666,-54.6864,0.000,0.000,0.450,0.0000,0.0000,0
2026-04-24,11:17:08,13510,1,-7.0640,-2.3753,0.0768,2.2592,5.6961,0,1.0000,-883,1,7.8991,-8.8401,109.8764,-10.7392,-62.0085,0.032,0.000,0.447,0.0000,0.0000,0
2026-04-24,11:17:08,13545,1,-7.0640,-2.3180,0.0735,2.1611,5.7143,0,1.0000,-883,1,7.2366,-15.4866,109.6202,-9.0178,-59.8533,0.096,0.000,0.444,0.0000,0.0000,0
2026-04-24,11:17:08,13580,1,-7.0640,-2.5342,0.0645,1.8984,5.7332,0,1.0000,-883,1,7.7653,7.0195,109.2625,-9.6970,-51.4323,0.112,0.000,0.441,0.0000,0.0000,0
2026-04-24,11:17:08,13615,1,-7.0640,-2.4329,0.0910,2.6759,5.7506,0,1.0000,-883,1,7.4880,-10.0743,109.3993,-0.7694,-56.8561,0.080,0.000,0.438,0.0000,0.0000,0
2026-04-24,11:17:08,13651,1,-7.0640,-2.5690,0.0820,2.4116,5.7691,0,1.0000,-883,1,7.8570,7.8941,109.6075,5.0656,-75.1163,0.048,0.000,0.434,0.0000,0.0000,0
2026-04-24,11:17:08,13686,1,-7.0640,-2.3532,0.0775,2.2786,5.7879,0,1.0000,-883,1,7.6274,5.1402,110.1712,12.7510,-83.4657,0.016,0.000,0.431,0.0000,0.0000,0
2026-04-24,11:17:08,13721,1,-7.0640,-2.5710,0.0723,2.1268,5.8070,0,1.0000,-883,1,7.5005,-11.9368,110.3434,7.7661,-84.3330,0.000,0.000,0.428,0.0000,0.0000,0
2026-04-24,11:17:08,13757,1,-7.0640,-2.5430,0.0704,2.0712,5.8263,0,1.0000,-883,1,8.0415,13.1098,110.8067,12.4730,-71.7217,0.000,0.000,0.425,0.0000,0.0000,0
2026-04-24,11:17:08,13792,1,-7.0640,-2.4491,0.0941,2.7668,5.8446,0,1.0000,-883,1,7.5670,-0.5778,110.7295,1.4183,-80.6530,0.000,0.000,0.422,0.0000,0.0000,0
2026-04-24,11:17:08,13827,1,-7.0640,-2.4134,0.0903,2.6550,5.8622,0,1.0000,-883,1,7.7315,-16.5008,110.5826,-2.5973,-75.9988,0.000,0.000,0.418,0.0000,0.0000,0
2026-04-24,11:17:08,13862,1,-7.0640,-2.6188,0.0846,2.4883,5.8810,0,1.0000,-883,1,7.8980,12.0378,110.1715,-9.6058,-77.9102,0.000,0.000,0.415,0.0000,0.0000,0
2026-04-24,11:17:08,13897,1,-7.0640,-2.8654,0.0813,2.3919,5.9019,0,1.0000,-883,1,7.5362,-14.9201,109.9506,-7.2475,-72.7607,0.000,0.000,0.412,0.0000,0.0000,0
2026-04-24,11:17:08,13933,1,-7.0720,-2.7427,0.0835,2.4551,5.9235,0,1.0000,-884,1,7.8006,1.6684,110.0137,-1.1405,-68.6896,0.000,0.000,0.409,0.0000,0.0000,0
2026-04-24,11:17:08,13969,1,-7.0720,-2.4573,0.0724,2.1286,5.9440,0,1.0000,-884,1,7.6494,12.5567,110.4055,7.9404,-78.1187,0.000,0.000,0.406,0.0000,0.0000,0
2026-04-24,11:17:08,14005,1,-7.0640,-2.5028,0.0701,2.0624,5.9630,0,1.0000,-883,1,7.3933,-16.1077,110.6379,6.1366,-86.2855,0.000,0.000,0.402,0.0000,0.0000,0
2026-04-24,11:17:08,14041,1,-7.0640,-2.5984,0.0872,2.5648,5.9823,0,1.0000,-883,1,7.7243,11.2550,110.8661,7.8405,-74.0600,0.000,0.000,0.399,0.0000,0.0000,0
2026-04-24,11:17:08,14076,1,-7.0640,-2.3804,0.0773,2.2744,6.0010,0,1.0000,-883,1,7.5576,6.4642,111.3612,12.7490,-75.7817,0.000,0.000,0.396,0.0000,0.0000,0
2026-04-24,11:17:09,14111,1,-7.0640,-2.3416,0.0708,2.0815,6.0192,0,1.0000,-883,1,7.2653,-18.9958,111.7071,11.4327,-57.8960,0.000,0.000,0.393,0.0000,0.0000,0
2026-04-24,11:17:09,14147,1,-7.0640,-2.5354,0.0799,2.3486,6.0383,0,1.0000,-883,1,7.7042,12.3056,112.0244,9.3133,-35.8625,0.000,0.000,0.390,0.0000,0.0000,0
2026-04-24,11:17:09,14182,1,-7.0640,-2.6781,0.1063,3.1272,6.0582,0,1.0000,-883,1,7.1702,-3.4178,111.7915,-1.9474,-43.9107,0.000,0.000,0.386,0.0000,0.0000,0
2026-04-24,11:17:09,14218,1,-7.0720,-2.5177,0.0861,2.5314,6.0767,0,1.0000,-884,1,7.3767,-14.7626,111.4934,-6.5443,-57.3681,0.000,0.000,0.383,0.0000,0.0000,0
2026-04-24,11:17:09,14253,1,-7.0640,-2.6505,0.0748,2.2010,6.0967,0,1.0000,-883,1,7.4242,9.1670,111.2821,-7.1619,-55.4420,0.000,0.000,0.380,0.0000,0.0000,0
2026-04-24,11:17:09,14289,1,-7.0640,-2.4964,0.0810,2.3816,6.1164,0,1.0000,-883,1,7.0737,-11.2996,110.6625,-15.7024,-60.3337,0.000,0.000,0.377,0.0000,0.0000,0
2026-04-24,11:17:09,14325,1,-7.0640,-2.4849,0.0742,2.1822,6.1360,0,1.0000,-883,1,7.0755,-11.1681,110.3595,-10.4967,-64.8508,0.032,0.000,0.374,0.0000,0.0000,0
2026-04-24,11:17:09,14360,1,-7.0640,-2.3851,0.0767,2.2559,6.1535,0,1.0000,-883,1,6.9195,-7.1424,110.2330,-7.2432,-34.8241,0.096,0.000,0.370,0.0000,0.0000,0
2026-04-24,11:17:09,14395,1,-7.0640,-2.5346,0.0669,1.9670,6.1721,0,1.0000,-883,1,6.9591,4.9285,110.4056,2.3330,-49.2536,0.136,0.000,0.367,0.0000,0.0000,0
2026-04-24,11:17:09,14432,1,-7.0640,-2.3297,0.0788,2.3190,6.1906,0,1.0000,-883,1,7.0033,2.7046,110.6115,3.4526,-42.9730,0.112,0.000,0.365,0.0000,0.0000,0
2026-04-24,11:17:09,14467,1,-7.0640,-2.6813,0.0922,2.7121,6.2104,0,1.0000,-883,1,7.0453,4.5459,111.2733,15.9297,-36.4059,0.080,0.000,0.362,0.0000,0.0000,0
2026-04-24,11:17:09,14502,1,-7.0640,-2.5992,0.0786,2.3116,6.2300,0,1.0000,-883,1,6.8914,-6.4301,111.9797,18.5920,-43.9331,0.048,0.000,0.358,0.0000,0.0000,0
2026-04-24,11:17:09,14538,1,-7.0640,-2.5449,0.0767,2.2570,6.2503,0,1.0000,-883,1,7.0709,10.7424,111.9562,5.2473,-50.7053,0.016,0.000,0.355,0.0000,0.0000,0
2026-04-24,11:17:09,14573,1,-7.0640,-2.6250,0.0890,2.6165,6.2698,0,1.0000,-883,1,6.6791,-9.2385,111.7170,-2.9582,-42.5979,0.000,0.000,0.352,0.0000,0.0000,0
2026-04-24,11:17:09,14608,1,-7.0640,-2.3955,0.0919,2.7030,6.2870,0,1.0000,-883,1,6.9393,-18.7946,111.5909,-3.9777,-36.7490,0.000,0.000,0.349,0.0000,0.0000,0
2026-04-24,11:17:09,14644,1,-7.0800,-2.4578,0.0741,2.1808,6.3061,0,1.0000,-885,1,6.9940,15.0942,111.2909,-7.0134,-51.2174,0.000,0.000,0.346,0.0000,0.0000,0
2026-04-24,11:17:09,14680,1,-7.0800,-2.0785,0.0640,1.8812,6.3236,0,1.0000,-885,1,6.9122,-6.3940,110.9464,-10.6807,-51.3081,0.000,0.000,0.342,0.0000,0.0000,0
2026-04-24,11:17:09,14715,1,-7.0800,-2.1533,0.0771,2.2687,6.3405,0,1.0000,-885,1,7.0857,13.9029,110.6587,-8.6516,-56.1801,0.000,0.000,0.339,0.0000,0.0000,0
2026-04-24,11:17:09,14750,1,-7.0640,-2.2097,0.0645,1.8966,6.3575,0,1.0000,-883,1,6.7338,-6.4043,110.4152,-8.4332,-55.0324,0.000,0.000,0.336,0.0000,0.0000,0
2026-04-24,11:17:09,14786,1,-7.0640,-1.5638,0.0765,2.2487,6.3693,0,1.0000,-883,1,6.9876,-21.2577,110.4379,-1.6547,-53.4287,0.000,0.000,0.333,0.0000,0.0000,0
2026-04-24,11:17:09,14821,1,-7.0640,-1.5454,0.0567,1.6687,6.3819,0,1.0000,-883,1,7.1153,23.4428,110.8710,8.0818,-58.0600,0.000,0.000,0.330,0.0000,0.0000,0
2026-04-24,11:17:09,14857,1,-7.0640,-1.5134,0.0364,1.0710,6.3948,0,1.0000,-883,1,6.2049,-22.7540,111.0528,6.3067,-56.1254,0.032,0.000,0.326,0.0000,0.0000,0
2026-04-24,11:17:09,14892,1,-7.0640,-0.7529,0.0458,1.3466,6.4027,0,1.0000,-883,1,6.8030,5.3039,111.2679,6.4759,-27.1670,0.024,0.000,0.323,0.0000,0.0000,0
2026-04-24,11:17:09,14927,1,-6.9440,-0.8000,0.0232,0.6837,6.4089,0,1.0000,-868,1,6.6110,18.5601,111.5461,9.0572,-42.6369,0.040,0.000,0.346,0.0000,0.0000,0
2026-04-24,11:17:09,14963,1,-4.5680,-0.1351,0.0130,0.3823,6.4114,0,1.0000,-571,1,6.8225,-10.0922,112.0701,14.5486,-35.7426,0.008,0.000,0.378,0.0000,0.0000,0
2026-04-24,11:17:09,14999,1,-4.5680,-0.0234,0.0154,0.4521,6.4120,0,1.0000,-571,1,6.6612,8.3162,112.7453,18.9028,-57.0872,0.000,0.000,0.402,0.0000,0.0000,0
2026-04-24,11:17:09,15034,1,0.0000,0.0074,0.0106,0.3104,6.4119,0,1.0000,0,1,6.4448,-8.3141,113.2733,17.1044,-42.2269,0.000,0.000,0.416,0.0000,0.0000,0
2026-04-24,11:17:09,15070,1,3.5840,0.0114,0.0090,0.2645,6.4118,0,1.0000,448,1,6.3760,6.4101,113.5938,12.3806,-62.6306,0.000,0.000,0.430,0.0000,0.0000,0
2026-04-24,11:17:10,15106,1,4.0640,3.7144,0.1316,3.8700,6.3891,0,1.0000,508,1,8.2999,25.1507,113.9923,12.2892,-53.1637,0.000,0.000,0.462,0.0000,0.0000,0
2026-04-24,11:17:10,15142,1,4.0800,4.2373,0.1092,3.2123,6.3576,0,1.0000,510,1,8.7436,11.5874,114.0292,3.8668,-58.3756,0.000,0.000,0.494,0.0000,0.0000,0
2026-04-24,11:17:10,15177,1,4.0800,4.3844,0.0490,1.4409,6.3242,0,1.0000,510,1,7.0597,-57.0284,113.4650,-11.7829,-42.9350,0.000,0.000,0.526,0.0000,0.0000,0
2026-04-24,11:17:10,15212,1,4.0800,3.9490,0.0598,1.7597,6.2932,0,1.0000,510,1,6.1716,-8.5667,112.3774,-26.9465,-63.1783,0.064,0.000,0.558,0.0000,0.0000,0
2026-04-24,11:17:10,15248,1,4.0960,4.0321,0.0587,1.7278,6.2618,0,1.0000,512,1,7.0331,26.3931,111.4206,-28.8934,-80.0584,0.104,0.000,0.590,0.0000,0.0000,0
2026-04-24,11:17:10,15284,1,4.0960,4.0120,0.0654,1.9237,6.2307,0,1.0000,512,1,8.4945,30.0145,111.2435,-14.5369,-73.6556,0.072,0.000,0.622,0.0000,0.0000,0
2026-04-24,11:17:10,15320,1,4.0960,4.1176,0.0657,1.9314,6.1990,0,1.0000,512,1,8.2500,-5.0669,111.5310,-0.2869,-35.8141,0.040,0.000,0.654,0.0000,0.0000,0
2026-04-24,11:17:10,15360,1,4.0880,4.1312,0.0594,1.7478,6.1638,0,1.0000,511,1,6.8672,-25.1443,111.7378,0.5031,-26.0257,0.016,0.000,0.678,0.0000,0.0000,0
2026-04-24,11:17:10,15396,1,4.0880,4.0611,0.0741,2.1790,6.1328,0,1.0000,511,1,6.8604,8.9704,111.4662,-5.7331,-42.5555,0.008,0.000,0.710,0.0000,0.0000,0
2026-04-24,11:17:10,15431,1,4.0880,4.1441,0.0669,1.9665,6.1020,0,1.0000,511,1,7.6796,28.7300,111.3628,-4.1733,-62.8177,0.000,0.000,0.742,0.0000,0.0000,0
2026-04-24,11:17:10,15467,1,4.0960,4.0944,0.0589,1.7338,6.0702,0,1.0000,512,1,8.5876,19.5524,111.2314,-4.8175,-47.5042,0.000,0.000,0.774,0.0000,0.0000,0
2026-04-24,11:17:10,15502,1,4.0960,4.1716,0.0625,1.8384,6.0401,0,1.0000,512,1,8.1151,-6.0159,110.8673,-9.9462,-34.4514,0.000,0.000,0.806,0.0000,0.0000,0
2026-04-24,11:17:10,15537,1,4.0960,4.1277,0.0631,1.8550,6.0093,0,1.0000,512,1,7.6657,-9.0204,110.1032,-19.4840,-49.8242,0.000,0.000,0.838,0.0000,0.0000,0
2026-04-24,11:17:10,15573,1,4.0800,4.0375,0.0750,2.2063,5.9787,0,1.0000,510,1,8.0594,19.5923,109.7994,-11.9443,-69.0019,0.000,0.000,0.870,0.0000,0.0000,0
2026-04-24,11:17:10,15608,1,4.0800,4.1092,0.0819,2.4079,5.9485,0,1.0000,510,1,8.6860,21.9091,109.7390,-5.4701,-58.4418,0.000,0.000,0.902,0.0000,0.0000,0
2026-04-24,11:17:10,15643,1,4.0800,4.0246,0.0950,2.7934,5.9181,0,1.0000,510,1,8.9261,5.8469,109.6047,-4.6831,-69.2957,0.000,0.000,0.934,0.0000,0.0000,0
2026-04-24,11:17:10,15679,1,4.0880,4.1232,0.0994,2.9244,5.8872,0,1.0000,511,1,8.9852,5.6976,109.2069,-10.3167,-59.5202,0.000,0.000,0.966,0.0000,0.0000,0
2026-04-24,11:17:10,15714,1,4.0880,4.1246,0.1087,3.1966,5.8573,0,1.0000,511,1,9.0937,13.6936,108.5625,-17.5432,-57.2614,0.000,0.000,0.998,0.0000,0.0000,0
2026-04-24,11:17:10,15750,1,4.0880,4.1638,0.0940,2.7658,5.8260,0,1.0000,511,1,9.2298,11.3280,107.7348,-23.1077,-55.8953,0.000,0.000,1.000,0.0000,0.0000,0
2026-04-24,11:17:10,15786,1,4.0880,4.2386,0.0776,2.2833,5.7934,0,1.0000,511,1,9.5491,15.9473,106.9970,-22.4158,-67.7913,0.000,0.000,1.000,0.0000,0.0000,0
2026-04-24,11:17:10,15821,1,4.0880,4.2426,0.0745,2.1908,5.7625,0,1.0000,511,1,10.0940,17.9205,106.6768,-13.8337,-84.3880,0.000,0.000,1.000,0.0000,0.0000,0
2026-04-24,11:17:10,15858,1,4.0880,4.2536,0.0742,2.1837,5.7303,0,1.0000,511,1,10.4897,16.3978,106.4697,-9.5024,-92.2625,0.000,0.000,1.000,0.0000,0.0000,0
2026-04-24,11:17:10,15893,1,4.0880,4.2760,0.0386,1.1348,5.6978,0,1.0000,511,1,11.0032,17.6362,106.1338,-11.0292,-85.0800,0.000,0.000,1.000,0.0000,0.0000,0
2026-04-24,11:17:10,15929,1,4.0880,4.1666,0.0329,0.9671,5.6649,0,1.0000,511,1,11.5701,19.5595,105.4747,-17.9565,-92.6124,0.000,0.000,1.000,0.0000,0.0000,0
2026-04-24,11:17:10,15965,1,4.1200,4.1490,0.0256,0.7543,5.6334,0,1.0000,515,1,12.2706,23.6779,104.6284,-24.0722,-91.7629,0.000,0.000,1.000,0.0000,0.0000,0
2026-04-24,11:17:10,16001,1,4.1200,4.1904,0.0083,0.2429,5.6011,0,1.0000,515,1,12.7287,15.4092,103.7356,-26.3693,-98.4279,0.000,0.000,0.999,0.0000,0.0000,0
2026-04-24,11:17:10,16037,1,4.1200,4.1414,0.0049,0.1455,5.5693,0,1.0000,515,1,13.2754,16.2462,103.0520,-22.7089,-103.3018,0.000,0.000,0.998,0.0000,0.0000,0
2026-04-24,11:17:10,16073,1,4.1520,4.0652,0.0243,0.7141,5.5377,0,1.0000,519,1,13.5723,8.3751,102.8798,-10.9616,-114.6421,0.000,0.000,1.000,0.0000,0.0000,0
2026-04-24,11:17:11,16108,1,4.1520,4.1200,0.0290,0.8544,5.5071,0,1.0000,519,1,13.7959,6.2240,102.9054,-3.2084,-124.2449,0.000,0.000,1.000,0.0000,0.0000,0
2026-04-24,11:17:11,16143,1,4.1520,4.1155,0.0388,1.1410,5.4766,0,1.0000,519,1,13.8235,-2.4613,103.2123,4.7371,-132.2193,0.000,0.000,1.000,0.0000,0.0000,0
2026-04-24,11:17:11,16178,1,4.1680,3.9965,0.0515,1.5158,5.4455,0,1.0000,521,1,14.0259,7.3768,103.7811,11.7101,-138.8446,0.000,0.000,1.000,0.0000,0.0000,0
2026-04-24,11:17:11,16214,1,4.1680,3.9884,0.0800,2.3538,5.4153,0,1.0000,521,1,13.0273,-31.5710,104.3787,13.5102,-144.2589,0.016,0.000,1.000,0.0000,0.0000,0
2026-04-24,11:17:11,16249,1,4.1680,4.0985,0.0981,2.8848,5.3853,0,1.0000,521,1,10.0609,-87.8114,104.9371,12.6172,-142.7553,0.080,0.000,1.000,0.0000,0.0000,0
2026-04-24,11:17:11,16285,1,4.4560,4.1492,0.1004,2.9519,5.3544,0,1.0000,557,1,8.0354,-64.6710,105.7729,15.5397,-123.5163,0.128,0.000,1.000,0.0000,0.0000,0
2026-04-24,11:17:11,16321,1,5.0800,4.8020,0.1245,3.6619,5.3184,0,1.0000,635,1,12.3097,119.1293,104.4976,-23.3113,-78.9720,0.168,0.000,1.000,0.0000,0.0000,0
2026-04-24,11:17:11,16357,1,5.4080,5.1034,0.1249,3.6741,5.2800,0,1.0000,676,1,14.7881,48.1810,102.7977,-39.3419,-81.2546,0.136,0.000,1.000,0.0000,0.0000,0
2026-04-24,11:17:11,16393,1,5.4080,5.5227,0.1106,3.2541,5.2385,0,1.0000,676,1,13.0864,-40.3074,101.6613,-38.1229,-75.8817,0.104,0.000,1.000,0.0000,0.0000,0
2026-04-24,11:17:11,16428,1,5.4080,5.4087,0.1127,3.3139,5.1977,0,1.0000,676,1,13.2470,25.7084,100.1926,-44.2699,-70.4988,0.072,0.000,1.000,0.0000,0.0000,0
2026-04-24,11:17:11,16463,1,5.5760,5.3827,0.1207,3.5494,5.1569,0,1.0000,697,1,15.1478,58.8781,98.7937,-43.7919,-73.3371,0.040,0.000,1.000,0.0000,0.0000,0
2026-04-24,11:17:11,16499,1,6.8960,6.0974,0.1448,4.2594,5.1130,0,1.0000,862,1,17.1869,55.5865,97.6248,-38.5105,-81.7556,0.008,0.000,1.000,0.0000,0.0000,0
2026-04-24,11:17:11,16535,1,7.0640,7.0351,0.1529,4.4958,5.0614,0,1.0000,883,1,16.6229,-15.3020,96.9209,-29.1473,-43.0944,0.000,0.000,1.000,0.0000,0.0000,0
2026-04-24,11:17:11,16570,1,7.0800,7.1143,0.1555,4.5729,5.0077,0,1.0000,885,1,17.0262,22.1562,95.9510,-30.1273,-50.4739,0.000,0.000,1.000,0.0000,0.0000,0
2026-04-24,11:17:11,16606,1,7.0800,7.1634,0.1454,4.2762,4.9528,0,1.0000,885,1,18.6923,61.3735,94.8069,-34.4560,-29.3226,0.000,0.000,1.000,0.0000,0.0000,0
2026-04-24,11:17:11,16642,1,7.0800,7.0029,0.1379,4.0551,4.8981,0,1.0000,885,1,19.6662,10.3713,93.8644,-29.8322,-39.0798,0.000,0.000,1.000,0.0000,0.0000,0
2026-04-24,11:17:11,16678,1,7.0720,7.1997,0.1292,3.8011,4.8437,0,1.0000,884,1,19.4210,12.8072,93.4298,-19.9213,-32.9650,0.000,0.000,1.000,0.0000,0.0000,0
2026-04-24,11:17:11,16714,1,7.0800,7.1713,0.1056,3.1048,4.7880,0,1.0000,885,1,19.9627,16.1119,92.6071,-24.6660,-54.6172,0.000,0.000,1.000,0.0000,0.0000,0
2026-04-24,11:17:11,16749,1,7.0800,6.9916,0.1154,3.3933,4.7344,0,1.0000,885,1,21.1580,34.4437,91.5325,-30.7059,-32.3028,0.000,0.000,1.000,0.0000,0.0000,0
2026-04-24,11:17:11,16785,1,7.0800,6.9273,0.1291,3.7956,4.6812,0,1.0000,885,1,20.9383,-1.3849,90.7363,-25.2023,-28.7354,0.000,0.000,1.000,0.0000,0.0000,0
2026-04-24,11:17:11,16820,1,7.0800,6.9173,0.1474,4.3358,4.6292,0,1.0000,885,1,20.1591,-24.1339,90.1058,-22.2913,-11.4392,0.000,0.000,1.000,0.0000,0.0000,0
2026-04-24,11:17:11,16856,1,7.0800,6.9917,0.1822,5.3583,4.5762,0,1.0000,885,1,20.7635,44.0831,88.9471,-32.2419,-9.9356,0.000,0.000,1.000,0.0000,0.0000,0
2026-04-24,11:17:11,16892,1,7.0800,7.0107,0.1815,5.3374,4.5217,0,1.0000,885,1,22.4804,41.7247,87.2657,-45.5734,-22.6772,0.000,0.000,1.000,0.0000,0.0000,0
2026-04-24,11:17:11,16928,1,7.0800,7.2528,0.1541,4.5320,4.4672,0,1.0000,885,1,23.0322,22.6032,85.6699,-47.9106,-39.0899,0.000,0.000,1.000,0.0000,0.0000,0
2026-04-24,11:17:11,16964,1,7.0800,7.2938,0.1248,3.6694,4.4113,0,1.0000,885,1,23.4012,24.7667,84.3579,-43.5323,-26.2524,0.000,0.000,1.000,0.0000,0.0000,0
2026-04-24,11:17:11,17000,1,7.0800,7.2784,0.0969,2.8495,4.3549,0,1.0000,885,1,24.8750,51.6435,83.2673,-37.9951,-14.9438,0.000,0.000,1.000,0.0000,0.0000,0
2026-04-24,11:17:11,17035,1,7.0800,6.9054,0.1252,3.6810,4.3027,0,1.0000,885,1,25.7036,22.4057,81.9301,-40.9739,7.0125,0.000,0.000,1.000,0.0000,0.0000,0
2026-04-24,11:17:11,17070,1,7.0800,6.6802,0.1823,5.3610,4.2519,0,1.0000,885,1,23.9380,-57.2671,80.5465,-41.9316,32.1124,0.000,0.000,1.000,0.0000,0.0000,0
2026-04-24,11:17:12,17106,1,7.0800,6.7975,0.2367,6.9628,4.2001,0,1.0000,885,1,23.5332,32.0170,78.8381,-47.5151,19.7470,0.040,0.000,1.000,0.0000,0.0000,0
2026-04-24,11:17:12,17141,1,7.0800,6.9008,0.2560,7.5285,4.1488,0,1.0000,885,1,27.5105,111.6694,77.3130,-49.3258,-2.4678,0.008,0.000,1.000,0.0000,0.0000,0
2026-04-24,11:17:12,17176,1,7.0800,7.4220,0.1925,5.6611,4.0938,0,1.0000,885,1,28.6117,28.9041,75.0283,-65.1269,-1.8776,0.000,0.000,1.000,0.0000,0.0000,0
2026-04-24,11:17:12,17212,1,7.1120,7.3646,0.1401,4.1192,4.0394,0,1.0000,889,1,26.8132,-16.1457,74.1421,-52.4252,-12.3313,0.000,0.000,1.000,0.0000,0.0000,0
2026-04-24,11:17:12,17247,1,7.1120,7.1162,0.1333,3.9217,3.9830,0,1.0000,889,1,28.7532,76.0621,72.3098,-56.2366,-9.5820,0.000,0.000,1.000,0.0000,0.0000,0
2026-04-24,11:17:12,17282,1,7.1120,6.9645,0.1723,5.0672,3.9304,0,1.0000,889,1,30.1702,33.4960,70.2490,-62.1348,4.6941,0.000,0.000,1.000,0.0000,0.0000,0
2026-04-24,11:17:12,17318,1,7.0880,6.7660,0.2322,6.8286,3.8790,0,1.0000,886,1,28.5318,-35.4847,68.1714,-63.2951,-3.7168,0.000,0.000,1.000,0.0000,0.0000,0
2026-04-24,11:17:12,17354,1,7.0880,7.2600,0.1978,5.8170,3.8236,0,1.0000,886,1,31.9960,121.2231,66.3663,-58.2525,-1.8573,0.000,0.000,1.000,0.0000,0.0000,0
2026-04-24,11:17:12,17389,1,0.0000,7.3278,0.1533,4.5103,3.7681,0,1.0000,0,1,35.0360,88.2909,64.7922,-51.6052,-2.8549,0.000,0.000,1.000,0.0000,0.0000,0
2026-04-24,11:17:12,17425,1,0.0000,-0.5975,-0.0011,0.0334,3.7443,0,1.0000,0,1,37.9637,132.4137,63.7659,-39.2049,-15.5913,0.000,0.000,0.999,0.0000,0.0000,0
2026-04-24,11:17:12,17461,1,0.0000,0.0423,0.0099,0.2906,3.7464,0,1.0000,0,1,43.2565,139.8617,62.7173,-34.8875,-32.6283,0.000,0.000,0.999,0.0000,0.0000,0
2026-04-24,11:17:12,17497,1,0.0000,-0.0059,0.0096,0.2827,3.7463,0,1.0000,0,1,46.5705,102.3997,61.7730,-31.6766,-15.2589,0.000,0.000,0.999,0.0000,0.0000,0
2026-04-24,11:17:12,17533,1,0.0000,0.0096,0.0080,0.2357,3.7463,0,1.0000,0,1,49.7326,61.9580,61.1507,-22.7933,-18.4725,0.000,0.000,0.996,0.0000,0.0000,0
2026-04-24,11:17:12,17568,1,0.0000,0.0032,0.0073,0.2144,3.7462,0,1.0000,0,1,51.4800,48.9396,61.2368,-5.1042,-22.9205,0.000,0.000,0.993,0.0000,0.0000,0
2026-04-24,11:17:12,17603,1,0.0000,0.0006,0.0071,0.2092,3.7462,0,1.0000,0,1,51.3285,-35.3170,62.1762,18.8100,-5.2873,0.000,0.000,0.990,0.0000,0.0000,0
2026-04-24,11:17:12,17638,1,0.0000,-0.0051,0.0092,0.2714,3.7462,0,1.0000,0,1,48.9787,-93.4713,63.8613,42.5595,3.1278,0.000,0.000,0.986,0.0000,0.0000,0
2026-04-24,11:17:12,17673,1,0.0000,-0.3652,0.0456,1.3408,3.7473,0,1.0000,0,1,35.2285,-496.8032,65.0403,37.7747,28.1021,0.016,0.000,1.000,0.0000,0.0000,0
2026-04-24,11:17:12,17709,1,0.0000,-0.5973,0.1619,4.7624,3.7529,0,1.0000,0,1,-9.4820,-1144.5555,62.2839,-26.4730,28.0175,0.080,0.000,0.998,0.0000,0.0000,0
2026-04-24,11:17:12,17744,1,0.0000,0.0382,0.1052,3.0941,3.7515,0,1.0000,0,1,11.6416,509.4117,60.8397,-34.4531,13.7310,0.144,0.000,1.000,0.0000,0.0000,0
2026-04-24,11:17:12,17779,1,0.0000,0.1693,0.0713,2.0978,3.7500,0,1.0000,0,1,28.8230,392.8991,60.9319,-8.9958,-13.0130,0.160,0.000,1.000,0.0000,0.0000,0
2026-04-24,11:17:12,17814,1,0.0000,0.1837,0.0406,1.1947,3.7484,0,1.0000,0,1,28.2886,-29.5720,63.2528,40.9360,-27.9005,0.128,0.000,1.000,0.0000,0.0000,0
2026-04-24,11:17:12,17849,1,0.0000,0.0462,0.0362,1.0635,3.7478,0,1.0000,0,1,24.6450,-88.3432,65.8108,57.2144,-0.4798,0.096,0.000,1.000,0.0000,0.0000,0
2026-04-24,11:17:12,17884,1,0.0000,-0.0493,0.0419,1.2310,3.7480,0,1.0000,0,1,19.8221,-102.5573,66.5030,24.6188,27.7634,0.136,0.000,1.000,0.0000,0.0000,0
2026-04-24,11:17:12,17919,1,0.0000,0.0137,0.0380,1.1185,3.7479,0,1.0000,0,1,21.9044,96.4335,64.6935,-33.2392,47.0247,0.200,0.000,1.000,0.0000,0.0000,0
2026-04-24,11:17:12,17954,1,0.0000,0.0080,0.0382,1.1234,3.7478,0,1.0000,0,1,28.5768,234.9091,61.5928,-74.7971,58.0305,0.168,0.000,1.000,0.0000,0.0000,0
2026-04-24,11:17:12,17989,1,0.0000,0.0316,0.0343,1.0086,3.7477,0,1.0000,0,1,37.6093,266.1960,58.7071,-84.0262,34.9975,0.136,0.000,1.000,0.0000,0.0000,0
2026-04-24,11:17:12,18024,1,0.0000,-0.0132,0.0373,1.0974,3.7477,0,1.0000,0,0,45.6849,232.6286,56.5052,-73.1293,30.5612,0.104,0.000,1.000,0.0000,0.0000,0
2026-04-24,11:17:12,18059,1,0.0000,-0.0988,0.0529,1.5564,3.7483,0,1.0000,0,0,47.4407,12.5417,54.5405,-65.1258,50.9324,0.072,0.000,1.000,0.0000,0.0000,0
2026-04-24,11:17:13,18094,1,0.0000,-0.0085,0.0508,1.4947,3.7484,0,1.0000,0,0,42.5931,-136.4755,52.0088,-69.2348,66.2927,0.040,0.000,1.000,0.0000,0.0000,0
2026-04-24,11:17:13,18133,1,0.0000,-0.1485,0.0744,2.1886,3.7493,0,1.0000,0,0,36.1995,-90.5764,49.6063,-58.6969,44.4981,0.064,0.000,1.000,0.0000,0.0000,0
2026-04-24,11:17:13,18169,1,0.0000,-0.0953,0.0907,2.6683,3.7504,0,1.0000,0,0,40.3833,168.3864,49.6975,-13.5774,28.3380,0.080,0.000,1.000,0.0000,0.0000,0
2026-04-24,11:17:13,18204,1,0.0000,0.0062,0.0887,2.6083,3.7505,0,1.0000,0,0,49.0730,221.2259,51.0027,21.6293,0.5556,0.048,0.000,1.000,0.0000,0.0000,0
2026-04-24,11:17:13,18239,1,0.0000,0.0419,0.0812,2.3870,3.7503,0,1.0000,0,0,50.9412,25.4537,52.4322,34.8003,8.9268,0.016,0.000,1.000,0.0000,0.0000,0
2026-04-24,11:17:13,18274,1,0.0000,0.0891,0.0715,2.1028,3.7498,0,1.0000,0,0,48.0991,-66.2465,53.4374,31.4514,34.3145,0.000,0.000,1.000,0.0000,0.0000,0
2026-04-24,11:17:13,18310,1,0.0000,0.0747,0.0593,1.7428,3.7493,0,1.0000,0,0,47.9838,14.9090,53.9136,19.8071,48.8565,0.000,0.000,1.000,0.0000,0.0000,0
2026-04-24,11:17:13,18346,1,0.0000,0.0637,0.0533,1.5690,3.7488,0,1.0000,0,0,51.7592,112.2999,54.1800,11.8296,27.7095,0.000,0.000,1.000,0.0000,0.0000,0
2026-04-24,11:17:13,18381,1,0.0000,0.0015,0.0531,1.5616,3.7486,0,1.0000,0,0,55.3114,96.9790,54.2449,5.0072,43.8942,0.000,0.000,1.000,0.0000,0.0000,0
2026-04-24,11:17:13,18417,1,0.0000,-0.0129,0.0549,1.6137,3.7487,0,1.0000,0,0,56.3618,10.4410,54.2573,2.1561,24.8103,0.000,0.000,1.000,0.0000,0.0000,0
2026-04-24,11:17:13,18452,1,0.0000,-0.0053,0.0566,1.6649,3.7488,0,1.0000,0,0,54.0873,-69.8881,54.2914,1.5805,47.4978,0.000,0.000,1.000,0.0000,0.0000,0
2026-04-24,11:17:13,18487,1,0.0000,-0.0059,0.0587,1.7272,3.7489,0,1.0000,0,0,51.7687,-52.6826,54.1874,-0.8090,66.3606,0.048,0.000,1.000,0.0000,0.0000,0
2026-04-24,11:17:13,18522,1,0.0000,0.0052,0.0613,1.8031,3.7490,0,1.0000,0,0,53.2993,57.3574,53.9360,-4.6565,75.2278,0.088,0.000,1.000,0.0000,0.0000,0
2026-04-24,11:17:13,18558,1,0.0000,-0.0024,0.0611,1.7974,3.7490,0,1.0000,0,0,56.3063,78.7025,53.6306,-6.2422,89.5913,0.056,0.000,1.000,0.0000,0.0000,0
2026-04-24,11:17:13,18593,1,0.0000,-0.0493,0.0691,2.0315,3.7494,0,1.0000,0,0,56.4713,-14.5129,53.4261,-4.2242,94.8178,0.024,0.000,1.000,0.0000,0.0000,0
2026-04-24,11:17:13,18629,1,0.0000,-0.0824,0.0797,2.3439,3.7498,0,1.0000,0,0,54.3668,-56.6078,53.5993,4.3641,65.7764,0.016,0.000,1.000,0.0000,0.0000,0
2026-04-24,11:17:13,18664,1,0.0000,-0.0329,0.0854,2.5116,3.7503,0,1.0000,0,0,54.2762,15.4174,54.0706,12.4933,28.9704,0.080,0.000,1.000,0.0000,0.0000,0
2026-04-24,11:17:13,18699,1,0.0000,0.0675,0.0770,2.2645,3.7500,0,1.0000,0,0,56.3773,53.7159,54.7509,18.2612,12.4445,0.072,0.000,1.000,0.0000,0.0000,0
2026-04-24,11:17:13,18734,1,0.0000,0.0578,0.0659,1.9389,3.7495,0,1.0000,0,0,57.6035,25.4196,55.3545,18.7585,37.0881,0.040,0.000,1.000,0.0000,0.0000,0
2026-04-24,11:17:13,18769,1,0.0000,0.0068,0.0644,1.8949,3.7492,0,1.0000,0,0,56.9313,-31.1596,55.8026,15.7550,57.7944,0.008,0.000,1.000,0.0000,0.0000,0
2026-04-24,11:17:13,18804,1,0.0000,-0.0503,0.0702,2.0659,3.7494,0,1.0000,0,0,55.0031,-59.7709,55.9382,8.9609,74.6009,0.048,0.000,1.000,0.0000,0.0000,0
2026-04-24,11:17:13,18839,1,0.0000,-0.1637,0.0976,2.8714,3.7505,0,1.0000,0,0,53.7103,-22.0171,55.5395,-3.2361,87.7003,0.112,0.000,1.000,0.0000,0.0000,0
2026-04-24,11:17:13,18874,1,0.0000,-0.0147,0.1060,3.1180,3.7514,0,1.0000,0,0,54.9488,28.7092,55.1375,-5.7555,59.2287,0.176,0.000,1.000,0.0000,0.0000,0
2026-04-24,11:17:13,18910,1,0.0000,0.0344,0.1001,2.9445,3.7512,0,1.0000,0,0,55.4433,-2.2866,55.3285,4.4783,23.5892,0.144,0.000,1.000,0.0000,0.0000,0
2026-04-24,11:17:13,18945,1,0.0000,0.0683,0.0899,2.6453,3.7507,0,1.0000,0,0,53.9682,-44.9356,56.0733,17.2507,21.0305,0.184,0.000,1.000,0.0000,0.0000,0
2026-04-24,11:17:13,18980,1,0.0000,0.0083,0.0883,2.5964,3.7506,0,1.0000,0,0,52.8877,-35.9387,56.7025,18.8237,9.9670,0.248,0.000,1.000,0.0000,0.0000,0
2026-04-24,11:17:13,19015,1,0.0000,-0.0125,0.0933,2.7436,3.7507,0,1.0000,0,0,51.7925,-29.7253,57.1529,15.4587,34.9721,0.312,0.000,1.000,0.0000,0.0000,0
2026-04-24,11:17:13,19050,1,0.0000,0.0218,0.0897,2.6392,3.7506,0,1.0000,0,0,51.5762,-7.4013,57.3420,9.5446,56.1207,0.376,0.000,1.000,0.0000,0.0000,0
2026-04-24,11:17:14,19083,1,0.0000,-0.0248,0.0933,2.7436,3.7507,0,1.0000,0,0,51.5102,-4.9101,57.1117,5.9401,60.4928,0.408,0.000,1.000,0.0000,0.0000,0
2026-04-24,11:17:14,19119,1,0.0000,-0.0821,0.1088,3.2014,3.7514,0,1.0000,0,0,50.3106,-29.3247,56.7058,-4.8626,76.4050,0.472,0.000,1.000,0.0000,0.0000,0
2026-04-24,11:17:14,19155,1,0.0000,-0.0024,0.1119,3.2908,3.7517,0,1.0000,0,0,50.4792,10.6197,56.0663,-11.5704,62.7001,0.536,0.000,1.000,0.0000,0.0000,0
2026-04-24,11:17:14,19190,1,0.0000,0.0838,0.1036,3.0471,3.7515,0,1.0000,0,0,50.8913,5.5828,55.9573,-4.2869,26.5480,0.552,0.000,1.000,0.0000,0.0000,0
2026-04-24,11:17:14,19225,1,0.0000,0.0297,0.0915,2.6910,3.7508,0,1.0000,0,0,51.0090,-1.3233,56.3178,6.9142,3.1952,0.520,0.000,1.000,0.0000,0.0000,0
2026-04-24,11:17:14,19260,1,0.0000,-0.0082,0.0927,2.7279,3.7508,0,1.0000,0,0,50.3351,-17.2604,56.8573,12.9610,28.9043,0.536,0.000,1.000,0.0000,0.0000,0
2026-04-24,11:17:14,19295,1,0.0000,0.0057,0.0952,2.7985,3.7509,0,1.0000,0,0,49.8000,-20.8547,56.9230,5.8828,50.4683,0.600,0.000,1.000,0.0000,0.0000,0
2026-04-24,11:17:14,19330,1,0.0000,-0.0294,0.0979,2.8796,3.7509,0,1.0000,0,0,49.7787,1.4214,56.7126,-0.8598,68.3346,0.664,0.000,1.000,0.0000,0.0000,0
2026-04-24,11:17:14,19365,1,0.0000,-0.1338,0.1160,3.4130,3.7516,0,1.0000,0,0,49.4697,-9.9931,56.2417,-7.5953,82.9637,0.728,0.000,1.000,0.0000,0.0000,0
2026-04-24,11:17:14,19400,1,0.0000,-0.0866,0.1288,3.7874,3.7524,0,1.0000,0,0,49.3827,-6.1528,55.8189,-9.0579,55.5136,0.792,0.000,1.000,0.0000,0.0000,0
2026-04-24,11:17:14,19435,1,0.0000,0.0862,0.1160,3.4127,3.7522,0,1.0000,0,0,49.0758,-11.8361,55.6597,-5.5118,20.6175,0.856,0.000,1.000,0.0000,0.0000,0
2026-04-24,11:17:14,19471,1,0.0000,0.2228,0.0790,2.3228,3.7506,0,1.0000,0,0,48.9631,-4.4989,55.6816,-0.7536,-8.5328,0.920,0.000,1.000,0.0000,0.0000,0
2026-04-24,11:17:14,19506,1,0.0000,0.1958,0.0491,1.4428,3.7490,0,1.0000,0,0,49.6202,18.5889,56.0501,7.9184,13.1855,0.912,0.000,1.000,0.0000,0.0000,0
2026-04-24,11:17:14,19541,1,0.0000,0.0338,0.0514,1.5119,3.7486,0,1.0000,0,0,49.7155,-1.1438,56.4911,11.2388,37.2677,0.880,0.000,1.000,0.0000,0.0000,0
2026-04-24,11:17:14,19576,1,0.0000,0.0010,0.0508,1.4949,3.7485,0,1.0000,0,0,49.2169,-22.3637,56.7419,8.7871,30.4146,0.848,0.000,1.000,0.0000,0.0000,0
2026-04-24,11:17:14,19611,1,0.0000,-0.0201,0.0533,1.5683,3.7485,0,1.0000,0,0,48.1049,-31.5086,57.0004,8.3753,39.8429,0.912,0.000,1.000,0.0000,0.0000,0
2026-04-24,11:17:14,19647,1,0.0000,-0.0868,0.0651,1.9161,3.7490,0,1.0000,0,0,45.7883,-73.6937,56.9818,2.2805,59.8349,0.976,0.000,1.000,0.0000,0.0000,0
2026-04-24,11:17:14,19682,1,0.0000,-0.1781,0.0922,2.7113,3.7503,0,1.0000,0,0,44.1009,-30.0808,56.5915,-5.8934,62.1409,1.000,0.000,1.000,0.0000,0.0000,0
2026-04-24,11:17:14,19718,1,0.0000,0.0396,0.0906,2.6658,3.7507,0,1.0000,0,0,45.3554,41.2731,56.3986,-3.4927,26.6001,1.000,0.000,1.000,0.0000,0.0000,0
2026-04-24,11:17:14,19753,1,0.0000,0.0686,0.0819,2.4083,3.7503,0,1.0000,0,0,47.5028,52.5913,56.8245,7.2146,24.0875,0.968,0.000,1.000,0.0000,0.0000,0
2026-04-24,11:17:14,19788,1,0.0000,0.1063,0.0674,1.9810,3.7496,0,1.0000,0,0,47.3387,-6.1803,57.3092,12.0016,33.3659,0.936,0.000,1.000,0.0000,0.0000,0
2026-04-24,11:17:14,19823,1,0.0000,0.0713,0.0540,1.5882,3.7489,0,1.0000,0,0,47.0719,-5.5702,57.8752,14.4836,23.3428,0.904,0.000,1.000,0.0000,0.0000,0
2026-04-24,11:17:14,19859,1,0.0000,0.0137,0.0547,1.6076,3.7488,0,1.0000,0,0,47.0789,2.0717,58.2829,11.3953,47.2019,0.872,0.000,1.000,0.0000,0.0000,0
2026-04-24,11:17:14,19894,1,0.0000,0.0110,0.0532,1.5635,3.7487,0,1.0000,0,0,47.1399,0.8412,58.5489,7.9847,67.5643,0.840,0.000,1.000,0.0000,0.0000,0
2026-04-24,11:17:14,19929,1,0.0000,0.0116,0.0518,1.5250,3.7486,0,1.0000,0,0,47.1386,1.6668,58.7015,3.7839,85.0103,0.808,0.000,1.000,0.0000,0.0000,0
2026-04-24,11:17:14,19964,1,0.0000,0.0033,0.0500,1.4710,3.7485,0,1.0000,0,0,47.1385,-0.4496,58.6267,-1.9769,99.7188,0.776,0.000,1.000,0.0000,0.0000,0
2026-04-24,11:17:14,19999,1,0.0000,-0.0138,0.0511,1.5038,3.7485,0,1.0000,0,0,47.1752,2.0676,58.5072,-4.2973,112.1197,0.744,0.000,1.000,0.0000,0.0000,0
2026-04-24,11:17:14,20039,1,0.0000,0.0064,0.0532,1.5637,3.7486,0,1.0000,0,0,47.1157,-1.5836,58.8348,-2.2060,118.0625,0.720,0.000,1.000,0.0000,0.0000,0
2026-04-24,11:17:14,20074,1,0.0000,-0.0065,0.0540,1.5895,3.7487,0,1.0000,0,0,47.1401,0.7553,58.6203,-6.3656,127.6962,0.688,0.000,1.000,0.0000,0.0000,0
2026-04-24,11:17:15,20109,1,0.0000,-0.0007,0.0538,1.5832,3.7487,0,1.0000,0,0,47.0540,-0.5862,58.5851,-3.7728,135.9466,0.656,0.000,0.999,0.0000,0.0000,0
2026-04-24,11:17:15,20144,1,0.0000,-0.0034,0.0536,1.5769,3.7487,0,1.0000,0,0,47.1624,0.7492,58.5810,-2.5899,142.9542,0.624,0.000,0.996,0.0000,0.0000,0
2026-04-24,11:17:15,20179,1,0.0000,-0.0028,0.0538,1.5832,3.7487,0,1.0000,0,0,47.1067,0.5651,58.6757,0.0134,148.7882,0.592,0.000,0.993,0.0000,0.0000,0
2026-04-24,11:17:15,20214,1,0.0000,0.0026,0.0539,1.5859,3.7487,0,1.0000,0,0,47.0989,-1.4136,58.7274,0.3966,153.7080,0.560,0.000,0.990,0.0000,0.0000,0
2026-04-24,11:17:15,20249,1,0.0000,0.0050,0.0528,1.5535,3.7487,0,1.0000,0,0,47.1545,4.0318,58.8098,0.9340,158.0009,0.528,0.000,0.986,0.0000,0.0000,0
2026-04-24,11:17:15,20285,1,0.0000,0.0030,0.0539,1.5859,3.7487,0,1.0000,0,0,47.1223,-2.1873,58.9414,1.8866,161.5848,0.496,0.000,0.983,0.0000,0.0000,0
2026-04-24,11:17:15,20320,1,0.0000,-0.0095,0.0554,1.6307,3.7487,0,1.0000,0,0,47.2041,3.0039,58.9802,0.4610,157.6758,0.464,0.000,0.980,0.0000,0.0000,0
2026-04-24,11:17:15,20355,1,0.0000,-0.0256,0.0581,1.7082,3.7488,0,1.0000,0,0,47.1167,-1.5985,59.0396,0.2919,161.3356,0.432,0.000,0.977,0.0000,0.0000,0
2026-04-24,11:17:15,20390,1,0.0000,-0.0106,0.0596,1.7536,3.7489,0,1.0000,0,0,47.1189,0.8756,59.1389,1.1636,164.5085,0.400,0.000,0.974,0.0000,0.0000,0
2026-04-24,11:17:15,20425,1,0.0000,0.0016,0.0589,1.7329,3.7489,0,1.0000,0,0,47.0340,-2.2679,59.2658,2.1168,166.9573,0.368,0.000,0.970,0.0000,0.0000,0
2026-04-24,11:17:15,20460,1,0.0000,-0.0047,0.0595,1.7495,3.7489,0,1.0000,0,0,47.1598,2.0564,59.2869,0.7514,168.9592,0.336,0.000,0.967,0.0000,0.0000,0
2026-04-24,11:17:15,20495,1,0.0000,0.0013,0.0575,1.6914,3.7489,0,1.0000,0,0,47.1140,2.1883,59.3193,0.5131,170.4881,0.304,0.000,0.964,0.0000,0.0000,0
2026-04-24,11:17:15,20530,1,0.0000,-0.0006,0.0571,1.6806,3.7488,0,1.0000,0,0,47.1859,-0.8921,59.2540,-1.3096,158.1730,0.272,0.000,0.961,0.0000,0.0000,0
2026-04-24,11:17:15,20565,1,0.0000,0.0148,0.0575,1.6901,3.7488,0,1.0000,0,0,47.2023,1.8169,59.1840,-2.1121,161.3233,0.240,0.000,0.958,0.0000,0.0000,0
2026-04-24,11:17:15,20600,1,0.0000,0.0108,0.0546,1.6061,3.7488,0,1.0000,0,0,47.3536,4.3630,59.1362,-1.7419,164.0291,0.208,0.000,0.954,0.0000,0.0000,0
2026-04-24,11:17:15,20635,1,0.0000,0.0013,0.0565,1.6615,3.7488,0,1.0000,0,0,47.6261,6.8874,59.0913,-1.7088,159.4169,0.176,0.000,0.951,0.0000,0.0000,0
2026-04-24,11:17:15,20670,1,0.0000,-0.0047,0.0565,1.6615,3.7488,0,1.0000,0,0,47.5995,-1.8198,59.1031,-0.3098,162.3691,0.144,0.000,0.948,0.0000,0.0000,0
2026-04-24,11:17:15,20705,1,0.0000,-0.0106,0.0567,1.6686,3.7488,0,1.0000,0,0,47.4465,-5.8240,59.1444,0.6502,164.9185,0.112,0.000,0.945,0.0000,0.0000,0
2026-04-24,11:17:15,20740,1,0.0000,-0.0029,0.0582,1.7110,3.7489,0,1.0000,0,0,47.3130,-3.6440,59.1761,0.8439,159.8849,0.080,0.000,0.942,0.0000,0.0000,0
2026-04-24,11:17:15,20776,1,0.0000,-0.0091,0.0595,1.7495,3.7489,0,1.0000,0,0,47.1968,-4.2525,59.2804,2.4671,162.7680,0.048,0.000,0.938,0.0000,0.0000,0
2026-04-24,11:17:15,20811,1,0.0000,0.0101,0.0571,1.6806,3.7489,0,1.0000,0,0,47.1322,-1.3762,59.4233,3.8916,165.2514,0.016,0.000,0.935,0.0000,0.0000,0
2026-04-24,11:17:15,20846,1,0.0000,0.0026,0.0557,1.6373,3.7488,0,1.0000,0,0,47.3269,4.6031,59.5824,4.3907,167.3148,0.000,0.000,0.932,0.0000,0.0000,0
2026-04-24,11:17:15,20882,1,0.0000,-0.0120,0.0582,1.7111,3.7489,0,1.0000,0,0,47.1577,-5.5280,59.5659,0.9109,169.1084,0.000,0.000,0.929,0.0000,0.0000,0
2026-04-24,11:17:15,20918,1,0.0000,-0.0081,0.0607,1.7866,3.7490,0,1.0000,0,0,46.8834,-6.3513,59.5148,-0.7756,170.6129,0.000,0.000,0.926,0.0000,0.0000,0
2026-04-24,11:17:15,20953,1,0.0000,-0.0013,0.0611,1.7972,3.7491,0,1.0000,0,0,46.9895,0.9565,59.4874,-0.6679,171.8735,0.000,0.000,0.922,0.0000,0.0000,0
2026-04-24,11:17:15,20988,1,0.0000,-0.0105,0.0626,1.8404,3.7491,0,1.0000,0,0,46.9481,-0.2071,59.4817,-0.4977,172.2613,0.000,0.000,0.920,0.0000,0.0000,0
2026-04-24,11:17:15,21023,1,0.0000,0.0168,0.0598,1.7593,3.7490,0,1.0000,0,0,47.0087,1.1807,59.4701,-0.3360,145.4478,0.000,0.000,0.917,0.0000,0.0000,0
2026-04-24,11:17:15,21058,1,0.0000,0.0099,0.0561,1.6493,3.7488,0,1.0000,0,0,47.3331,10.6691,59.5587,1.6731,150.4480,0.000,0.000,0.914,0.0000,0.0000,0
2026-04-24,11:17:16,21093,1,0.0000,-0.0060,0.0575,1.6925,3.7488,0,1.0000,0,0,47.2452,-8.2291,59.6142,1.4671,148.1422,0.000,0.000,0.910,0.0000,0.0000,0
2026-04-24,11:17:16,21128,1,0.0000,-0.0016,0.0563,1.6553,3.7488,0,1.0000,0,0,47.0822,-3.7807,59.6520,1.2051,138.5244,0.000,0.000,0.907,0.0000,0.0000,0
2026-04-24,11:17:16,21163,1,0.0000,0.0055,0.0582,1.7130,3.7488,0,1.0000,0,0,46.8817,-3.8921,59.6486,0.3482,131.6963,0.000,0.000,0.904,0.0000,0.0000,0
2026-04-24,11:17:16,21198,1,0.0000,0.0019,0.0582,1.7112,3.7489,0,1.0000,0,0,46.6278,-12.7988,59.6271,-0.3016,124.5160,0.000,0.000,0.901,0.0000,0.0000,0
2026-04-24,11:17:16,21233,1,0.0000,-0.0029,0.0570,1.6756,3.7489,0,1.0000,0,0,46.4460,0.6094,59.5901,-0.8953,132.5533,0.064,0.000,0.898,0.0000,0.0000,0
2026-04-24,11:17:16,21268,1,0.0000,0.0046,0.0587,1.7271,3.7489,0,1.0000,0,0,46.4452,-1.5364,59.5046,-1.6259,132.8162,0.032,0.000,0.894,0.0000,0.0000,0
2026-04-24,11:17:16,21303,1,0.0000,0.0060,0.0599,1.7611,3.7489,0,1.0000,0,0,46.3658,-1.8760,59.5070,-0.6571,125.5129,0.000,0.000,0.891,0.0000,0.0000,0
2026-04-24,11:17:16,21338,1,0.0000,0.0064,0.0570,1.6757,3.7489,0,1.0000,0,0,46.7031,12.7726,59.5013,-0.3696,107.7676,0.000,0.000,0.888,0.0000,0.0000,0
2026-04-24,11:17:16,21373,1,0.0000,-0.0050,0.0551,1.6214,3.7487,0,1.0000,0,0,46.9359,5.3777,59.4875,-0.3518,98.1631,0.000,0.000,0.885,0.0000,0.0000,0
2026-04-24,11:17:16,21409,1,0.0000,0.0063,0.0551,1.6199,3.7487,0,1.0000,0,0,47.0289,3.0945,59.4534,-0.8908,110.1822,0.000,0.000,0.882,0.0000,0.0000,0
2026-04-24,11:17:16,21444,1,0.0000,-0.0055,0.0564,1.6601,3.7488,0,1.0000,0,0,46.9583,-1.4080,59.2958,-3.6742,120.3374,0.000,0.000,0.878,0.0000,0.0000,0
2026-04-24,11:17:16,21479,1,0.0000,-0.0076,0.0574,1.6878,3.7488,0,1.0000,0,0,46.8282,-3.9118,59.0750,-5.5719,128.8460,0.000,0.000,0.875,0.0000,0.0000,0
2026-04-24,11:17:16,21514,1,0.0000,-0.0217,0.0613,1.8030,3.7490,0,1.0000,0,0,46.3626,-14.4036,58.7533,-7.5490,135.6474,0.016,0.000,0.872,0.0000,0.0000,0
2026-04-24,11:17:16,21549,1,0.0000,0.0019,0.0607,1.7866,3.7490,0,1.0000,0,0,46.0345,-3.2596,58.5724,-5.1201,94.5926,0.080,0.000,0.869,0.0000,0.0000,0
2026-04-24,11:17:16,21584,1,0.0000,-0.0106,0.0609,1.7919,3.7490,0,1.0000,0,0,46.5987,17.6939,58.6739,0.4932,67.9906,0.072,0.000,0.866,0.0000,0.0000,0
2026-04-24,11:17:16,21619,1,0.0000,0.0068,0.0580,1.7062,3.7490,0,1.0000,0,0,47.2175,18.3566,58.7689,1.8261,84.5920,0.040,0.000,0.862,0.0000,0.0000,0
2026-04-24,11:17:16,21654,1,0.0000,0.0366,0.0546,1.6061,3.7488,0,1.0000,0,0,47.7510,15.6451,58.7872,0.7505,98.7744,0.008,0.000,0.859,0.0000,0.0000,0
2026-04-24,11:17:16,21689,1,0.0000,0.0293,0.0504,1.4819,3.7486,0,1.0000,0,0,48.2205,12.2809,58.6575,-2.7157,110.7914,0.000,0.000,0.856,0.0000,0.0000,0
2026-04-24,11:17:16,21724,1,0.0000,0.0381,0.0459,1.3504,3.7483,0,1.0000,0,0,48.6996,15.1339,58.5832,-2.4003,106.8725,0.000,0.000,0.853,0.0000,0.0000,0
2026-04-24,11:17:16,21759,1,0.0000,-0.0009,0.0431,1.2689,3.7482,0,1.0000,0,0,49.2725,12.4239,58.4876,-3.0793,117.6565,0.000,0.000,0.850,0.0000,0.0000,0
2026-04-24,11:17:16,21794,1,0.0000,-0.0166,0.0466,1.3716,3.7483,0,1.0000,0,0,48.7535,-24.5761,58.3749,-3.3073,126.7795,0.000,0.000,0.846,0.0000,0.0000,0
2026-04-24,11:17:16,21829,1,0.0000,-0.0377,0.0511,1.5040,3.7484,0,1.0000,0,0,46.9067,-54.2230,58.3027,-2.6138,128.0509,0.048,0.000,0.843,0.0000,0.0000,0
2026-04-24,11:17:16,21865,1,0.0000,-0.0764,0.0643,1.8909,3.7490,0,1.0000,0,0,44.2569,-70.9875,58.0935,-4.9947,121.3522,0.112,0.000,0.840,0.0000,0.0000,0
2026-04-24,11:17:16,21900,1,0.0000,-0.0149,0.0656,1.9289,3.7493,0,1.0000,0,0,44.9620,43.8224,58.0019,-3.5501,108.8857,0.176,0.000,0.872,0.0000,0.0000,0
2026-04-24,11:17:16,21939,1,0.0000,0.0251,0.0633,1.8621,3.7492,0,1.0000,0,0,46.8406,54.7275,58.1137,-1.2437,107.7343,0.176,0.000,0.896,0.0000,0.0000,0
2026-04-24,11:17:16,21974,1,0.0000,0.0128,0.0615,1.8085,3.7491,0,1.0000,0,0,48.2008,24.5457,58.0670,-1.9304,118.4231,0.144,0.000,0.928,0.0000,0.0000,0
2026-04-24,11:17:16,22010,1,0.0000,0.0172,0.0591,1.7382,3.7490,0,1.0000,0,0,47.5819,-14.2841,58.1202,0.5168,80.8440,0.112,0.000,0.951,0.0000,0.0000,0
2026-04-24,11:17:16,22045,1,0.0000,0.0478,0.0539,1.5845,3.7488,0,1.0000,0,0,47.0553,-13.4809,58.4717,7.1834,42.6601,0.080,0.000,0.948,0.0000,0.0000,0
2026-04-24,11:17:17,22080,1,0.0000,0.0155,0.0554,1.6291,3.7487,0,1.0000,0,0,47.5523,17.4585,59.0751,13.3033,29.3431,0.048,0.000,0.945,0.0000,0.0000,0
2026-04-24,11:17:17,22115,1,0.0000,0.0107,0.0510,1.5013,3.7486,0,1.0000,0,0,48.1424,18.1203,59.4965,11.3997,52.3540,0.016,0.000,0.942,0.0000,0.0000,0
2026-04-24,11:17:17,22150,1,0.0000,-0.0083,0.0502,1.4776,3.7485,0,1.0000,0,0,48.6269,6.5749,59.5875,4.0812,71.7225,0.000,0.000,0.938,0.0000,0.0000,0
2026-04-24,11:17:17,22185,1,0.0000,-0.0113,0.0510,1.4991,3.7486,0,1.0000,0,0,48.1608,-9.9689,59.5430,-0.0639,80.9565,0.000,0.000,0.935,0.0000,0.0000,0
2026-04-24,11:17:17,22220,1,0.0000,0.0077,0.0518,1.5227,3.7486,0,1.0000,0,0,47.4436,-22.7398,59.5165,-1.7674,89.8387,0.032,0.000,0.932,0.0000,0.0000,0
2026-04-24,11:17:17,22255,1,0.0000,-0.0087,0.0532,1.5637,3.7486,0,1.0000,0,0,47.2396,-4.1054,59.4138,-3.4851,82.6101,0.096,0.000,0.929,0.0000,0.0000,0
2026-04-24,11:17:17,22290,1,0.0000,-0.0068,0.0544,1.6003,3.7486,0,1.0000,0,0,47.2787,4.1808,59.3332,-3.6026,84.8657,0.136,0.000,0.926,0.0000,0.0000,0
2026-04-24,11:17:17,22325,1,0.0000,0.0023,0.0533,1.5680,3.7486,0,1.0000,0,0,47.5966,7.9606,59.4192,-0.2990,85.8037,0.104,0.000,0.922,0.0000,0.0000,0
2026-04-24,11:17:17,22360,1,0.0000,0.0132,0.0513,1.5099,3.7486,0,1.0000,0,0,47.6977,4.6196,59.5133,0.6665,100.2268,0.072,0.000,0.919,0.0000,0.0000,0
2026-04-24,11:17:17,22395,1,0.0000,0.0025,0.0526,1.5485,3.7486,0,1.0000,0,0,47.6667,-1.7374,59.4467,-2.1910,99.3489,0.040,0.000,0.916,0.0000,0.0000,0
2026-04-24,11:17:17,22430,1,0.0000,-0.0068,0.0548,1.6110,3.7486,0,1.0000,0,0,47.5774,-1.8153,59.3398,-3.7406,111.7026,0.008,0.000,0.913,0.0000,0.0000,0
2026-04-24,11:17:17,22465,1,0.0000,0.0067,0.0526,1.5465,3.7486,0,1.0000,0,0,47.6019,3.2644,59.2590,-3.6208,122.1486,0.000,0.000,0.910,0.0000,0.0000,0
2026-04-24,11:17:17,22500,1,0.0000,-0.0107,0.0532,1.5642,3.7486,0,1.0000,0,0,47.8353,7.6746,59.1868,-3.6419,118.0624,0.000,0.000,0.906,0.0000,0.0000,0
2026-04-24,11:17:17,22535,1,0.0000,-0.0029,0.0535,1.5724,3.7486,0,1.0000,0,0,47.9088,1.6715,59.0091,-5.8651,127.4935,0.000,0.000,0.903,0.0000,0.0000,0
2026-04-24,11:17:17,22570,1,0.0000,0.0057,0.0545,1.6028,3.7486,0,1.0000,0,0,47.9074,0.9866,58.7905,-6.7376,128.9135,0.000,0.000,0.900,0.0000,0.0000,0
2026-04-24,11:17:17,22605,1,0.0000,-0.0071,0.0544,1.6010,3.7487,0,1.0000,0,0,47.8590,-0.6226,58.7420,-3.8814,124.0806,0.000,0.000,0.897,0.0000,0.0000,0
2026-04-24,11:17:17,22640,1,0.0000,-0.0264,0.0583,1.7141,3.7488,0,1.0000,0,0,47.5072,-9.0926,58.6620,-3.7875,132.6153,0.000,0.000,0.894,0.0000,0.0000,0
2026-04-24,11:17:17,22676,1,0.0000,-0.0063,0.0586,1.7238,3.7489,0,1.0000,0,0,47.2245,-3.1037,58.5418,-4.2752,112.4891,0.000,0.000,0.890,0.0000,0.0000,0
2026-04-24,11:17:17,22711,1,0.0000,-0.0051,0.0608,1.7882,3.7490,0,1.0000,0,0,47.4096,10.9255,58.5341,-2.2734,116.3787,0.000,0.000,0.887,0.0000,0.0000,0
2026-04-24,11:17:17,22746,1,0.0000,0.0108,0.0589,1.7324,3.7490,0,1.0000,0,0,48.2909,28.8225,58.4643,-3.1489,119.9221,0.000,0.000,0.884,0.0000,0.0000,0
2026-04-24,11:17:17,22781,1,0.0000,-0.0071,0.0587,1.7279,3.7489,0,1.0000,0,0,49.1222,22.9978,58.2600,-5.9582,129.0034,0.000,0.000,0.881,0.0000,0.0000,0
2026-04-24,11:17:17,22816,1,0.0000,0.0293,0.0542,1.5953,3.7488,0,1.0000,0,0,49.4347,11.1143,58.0809,-5.9478,136.7138,0.000,0.000,0.878,0.0000,0.0000,0
2026-04-24,11:17:17,22851,1,0.0000,0.0287,0.0510,1.4988,3.7485,0,1.0000,0,0,50.0794,20.9209,57.8411,-7.5576,143.1795,0.000,0.000,0.874,0.0000,0.0000,0
2026-04-24,11:17:17,22891,1,0.0000,-0.0044,0.0516,1.5163,3.7486,0,1.0000,0,0,50.2426,4.7621,57.7412,-7.0093,146.1019,0.000,0.000,0.872,0.0000,0.0000,0
2026-04-24,11:17:17,22927,1,0.0000,-0.0493,0.0585,1.7202,3.7488,0,1.0000,0,0,49.3206,-26.6201,57.4502,-8.4709,123.5925,0.000,0.000,0.869,0.0000,0.0000,0
2026-04-24,11:17:17,22962,1,0.0000,-0.0882,0.0702,2.0640,3.7493,0,1.0000,0,0,47.6506,-39.7926,57.2676,-7.0240,78.7154,0.064,0.000,0.866,0.0000,0.0000,0
2026-04-24,11:17:17,22997,1,0.0000,-0.0923,0.0852,2.5056,3.7501,0,1.0000,0,0,48.5617,43.7836,57.2066,-4.2807,87.8984,0.104,0.000,0.871,0.0000,0.0000,0
2026-04-24,11:17:17,23033,1,-0.3360,0.0134,0.0833,2.4501,3.7503,0,1.0000,-42,1,50.8235,64.0730,57.1308,-3.9867,101.8681,0.072,0.000,0.903,0.0000,0.0000,0
2026-04-24,11:17:17,23068,1,-0.3360,-0.1517,0.0660,1.9417,3.7507,0,1.0000,-42,1,51.4452,10.9114,57.0951,-2.4406,93.9122,0.040,0.000,0.935,0.0000,0.0000,0
2026-04-24,11:17:18,23103,1,-0.3360,-0.3566,0.0636,1.8696,3.7528,0,1.0000,-42,1,51.9270,17.7493,56.9916,-3.9994,92.8332,0.008,0.000,0.967,0.0000,0.0000,0
2026-04-24,11:17:18,23138,1,-7.4880,-0.4205,0.0262,0.7692,3.7551,0,1.0000,-936,1,51.9797,-0.2945,56.6113,-9.5073,80.3813,0.000,0.000,0.999,0.0000,0.0000,0
2026-04-24,11:17:18,23174,1,-7.4880,-0.6471,0.0489,1.4380,3.7600,0,1.0000,-936,1,52.7205,21.6069,56.2723,-10.7607,95.3429,0.000,0.000,1.000,0.0000,0.0000,0
2026-04-24,11:17:18,23209,1,-7.4880,-0.9461,0.0491,1.4446,3.7657,0,1.0000,-936,1,52.7129,1.4562,56.1300,-6.1473,100.6502,0.000,0.000,1.000,0.0000,0.0000,0
2026-04-24,11:17:18,23244,1,-7.9600,-0.9719,0.0311,0.9154,3.7729,0,1.0000,-995,1,53.1078,7.1636,56.1294,-2.0342,86.7726,0.000,0.000,1.000,0.0000,0.0000,0
2026-04-24,11:17:18,23280,1,-7.9840,-0.8112,0.0404,1.1892,3.7791,0,1.0000,-998,1,53.2158,8.8882,56.0735,-2.2734,79.7280,0.000,0.000,1.000,0.0000,0.0000,0
2026-04-24,11:17:18,23316,1,-7.9840,-0.5075,0.0453,1.3313,3.7848,0,1.0000,-998,1,53.4869,3.9828,55.9686,-3.3013,48.2758,0.000,0.000,1.000,0.0000,0.0000,0
2026-04-24,11:17:18,23351,1,-7.9840,-0.5549,0.0500,1.4709,3.7881,0,1.0000,-998,1,52.2964,-35.2000,55.8496,-3.1657,53.5091,0.016,0.000,1.000,0.0000,0.0000,0
2026-04-24,11:17:18,23386,1,-7.9840,-0.6802,0.0694,2.0401,3.7931,0,1.0000,-998,1,50.4407,-46.0107,55.7411,-3.3819,65.9102,0.080,0.000,1.000,0.0000,0.0000,0
2026-04-24,11:17:18,23421,1,-7.9840,-0.7504,0.0694,2.0420,3.7992,0,1.0000,-998,1,51.5782,49.6939,55.7069,-1.6410,36.0026,0.144,0.000,1.000,0.0000,0.0000,0
2026-04-24,11:17:18,23457,1,-7.9840,-0.9726,0.0463,1.3616,3.8057,0,1.0000,-998,1,53.5399,57.7656,55.7894,0.4104,50.8348,0.112,0.000,1.000,0.0000,0.0000,0
2026-04-24,11:17:18,23493,1,-7.9840,-1.1414,0.0369,1.0841,3.8145,0,1.0000,-998,1,55.4114,42.0911,55.7675,-0.5845,37.2253,0.080,0.000,1.000,0.0000,0.0000,0
2026-04-24,11:17:18,23528,1,-7.9840,-0.5749,0.0667,1.9604,3.8203,0,1.0000,-998,1,55.0525,-3.7011,55.8548,1.8807,58.4136,0.048,0.000,1.000,0.0000,0.0000,0
2026-04-24,11:17:18,23565,1,-7.9840,-0.2776,0.0296,0.8691,3.8222,0,1.0000,-998,1,53.9750,-24.7431,55.8701,0.7646,48.6107,0.016,0.000,1.000,0.0000,0.0000,0
2026-04-24,11:17:18,23600,1,-7.9840,-0.4012,0.0422,1.2402,3.8252,0,1.0000,-998,1,55.4794,46.8390,56.0197,3.5328,34.4702,0.000,0.000,1.000,0.0000,0.0000,0
2026-04-24,11:17:18,23637,1,-7.9840,-0.5134,0.0472,1.3877,3.8286,0,1.0000,-998,1,55.4123,-4.6588,56.0052,0.2485,56.1849,0.000,0.000,1.000,0.0000,0.0000,0
2026-04-24,11:17:18,23671,1,-7.9840,-0.7171,0.0440,1.2946,3.8336,0,1.0000,-998,1,53.7958,-52.1007,55.8811,-2.7529,74.5188,0.016,0.000,1.000,0.0000,0.0000,0
2026-04-24,11:17:18,23707,1,-7.9840,-1.1599,0.0679,1.9966,3.8413,0,1.0000,-998,1,53.1603,4.9331,55.6888,-4.6650,55.8714,0.080,0.000,1.000,0.0000,0.0000,0
2026-04-24,11:17:18,23743,1,-7.9840,-1.1226,0.0489,1.4380,3.8499,0,1.0000,-998,1,54.2595,35.1457,55.7061,-1.2820,35.2966,0.096,0.000,1.000,0.0000,0.0000,0
2026-04-24,11:17:18,23778,1,-7.9840,-1.3098,0.0557,1.6396,3.8597,0,1.0000,-998,1,57.2397,85.9635,55.6012,-3.6678,42.7120,0.064,0.000,1.000,0.0000,0.0000,0
2026-04-24,11:17:18,23818,1,-7.9840,-0.9431,0.0402,1.1821,3.8685,0,1.0000,-998,1,58.9801,48.4660,55.5845,-3.4684,25.9163,0.040,0.000,1.000,0.0000,0.0000,0
2026-04-24,11:17:18,23854,1,-7.9840,-0.0231,0.0396,1.1638,3.8699,0,1.0000,-998,1,56.8557,-65.6444,55.5849,-2.6154,3.8222,0.008,0.000,1.000,0.0000,0.0000,0
2026-04-24,11:17:18,23890,1,-7.9840,-0.1596,0.0124,0.3650,3.8708,0,1.0000,-998,1,57.7458,45.6763,55.3870,-7.6092,24.4474,0.000,0.000,1.000,0.0000,0.0000,0
2026-04-24,11:17:18,23925,1,-7.9840,-0.0001,0.0146,0.4293,3.8706,0,1.0000,-998,1,60.1549,71.3430,54.9924,-11.7993,47.7093,0.000,0.000,1.000,0.0000,0.0000,0
2026-04-24,11:17:18,23960,1,-7.9840,-0.0010,0.0138,0.4069,3.8706,0,1.0000,-998,1,63.2748,74.2871,54.4904,-14.5367,67.3600,0.000,0.000,1.000,0.0000,0.0000,0
2026-04-24,11:17:18,23996,1,-7.9840,-0.0689,0.0219,0.6449,3.8709,0,1.0000,-998,1,63.9772,-5.9432,54.3630,-7.1672,30.9114,0.000,0.000,1.000,0.0000,0.0000,0
2026-04-24,11:17:18,24031,1,-7.9840,-0.3987,0.0371,1.0905,3.8726,0,1.0000,-998,1,59.3154,-159.4193,54.9908,10.8830,0.1766,0.032,0.000,1.000,0.0000,0.0000,0
2026-04-24,11:17:18,24067,1,-7.9840,-0.5994,0.0394,1.1601,3.8761,0,1.0000,-998,1,49.5214,-281.0044,55.9763,21.4696,-18.0518,0.096,0.000,1.000,0.0000,0.0000,0
2026-04-24,11:17:19,24102,1,-7.9840,-0.9039,0.0651,1.9147,3.8822,0,1.0000,-998,1,45.8213,-71.3658,56.1643,7.9538,-0.7874,0.160,0.000,1.000,0.0000,0.0000,0
2026-04-24,11:17:19,24137,1,-7.9840,-0.8452,0.0511,1.5042,3.8891,0,1.0000,-998,1,52.2230,226.0837,55.4438,-14.1429,3.0344,0.224,0.000,1.000,0.0000,0.0000,0
2026-04-24,11:17:19,24173,1,-7.9840,-0.8054,0.0528,1.5539,3.8957,0,1.0000,-998,1,60.9715,223.0301,54.3126,-28.9366,29.0500,0.192,0.000,1.000,0.0000,0.0000,0
2026-04-24,11:17:19,24209,1,-7.9840,-0.4242,0.0417,1.2275,3.8994,0,1.0000,-998,1,61.3623,-18.3284,53.5052,-25.8502,4.4964,0.160,0.000,1.000,0.0000,0.0000,0
2026-04-24,11:17:19,24245,1,-7.9840,-0.5779,0.0266,0.7831,3.9036,0,1.0000,-998,1,58.7419,-66.5167,53.0092,-18.3919,23.4235,0.128,0.000,1.000,0.0000,0.0000,0
2026-04-24,11:17:19,24281,1,-7.9840,-0.1931,0.0298,0.8759,3.9056,0,1.0000,-998,1,56.4673,-48.7681,52.8573,-9.9880,-6.5129,0.120,0.000,1.000,0.0000,0.0000,0
2026-04-24,11:17:19,24316,1,-7.9840,-0.0013,0.0162,0.4765,3.9058,0,1.0000,-998,1,56.9186,16.6809,52.6743,-8.2984,-31.5933,0.088,0.000,1.000,0.0000,0.0000,0
2026-04-24,11:17:19,24353,1,-7.9840,0.0213,0.0095,0.2800,3.9056,0,1.0000,-998,1,59.0755,66.0379,52.2917,-11.6998,0.0908,0.056,0.000,0.999,0.0000,0.0000,0
2026-04-24,11:17:19,24389,1,-7.9840,-0.0008,0.0101,0.2965,3.9055,0,1.0000,-998,1,60.7955,36.1124,51.6272,-18.3504,6.0171,0.024,0.000,0.996,0.0000,0.0000,0
2026-04-24,11:17:19,24424,1,-7.9840,-0.0039,0.0086,0.2539,3.9055,0,1.0000,-998,1,61.6532,11.2827,51.1700,-15.4638,-21.3544,0.000,0.000,0.998,0.0000,0.0000,0
2026-04-24,11:17:19,24460,1,-7.9840,-0.0365,0.0161,0.4731,3.9057,0,1.0000,-998,1,59.8106,-70.0323,51.2075,-4.4683,-44.3497,0.000,0.000,1.000,0.0000,0.0000,0
2026-04-24,11:17:19,24495,1,-7.9840,-0.1069,0.0285,0.8373,3.9063,0,1.0000,-998,1,54.8721,-155.9826,51.7063,7.5738,-63.5491,0.016,0.000,1.000,0.0000,0.0000,0
2026-04-24,11:17:19,24530,1,-7.9840,-0.2586,0.0241,0.7100,3.9075,0,1.0000,-998,1,50.8039,-80.8704,52.2277,11.3942,-51.9062,0.000,0.000,1.000,0.0000,0.0000,0
2026-04-24,11:17:19,24566,1,-7.9840,-0.4345,0.0159,0.4685,3.9105,0,1.0000,-998,1,52.9950,83.0798,52.3601,4.2253,-17.6976,0.000,0.000,1.000,0.0000,0.0000,0
2026-04-24,11:17:19,24602,1,-7.9840,-0.2784,0.0554,1.6304,3.9128,0,1.0000,-998,1,57.6224,121.8426,51.9119,-9.5379,-2.3621,0.000,0.000,1.000,0.0000,0.0000,0
2026-04-24,11:17:19,24637,1,-7.9840,-0.4258,0.0621,1.8266,3.9155,0,1.0000,-998,1,58.9177,22.3006,51.3532,-14.2385,-21.6361,0.000,0.000,1.000,0.0000,0.0000,0
2026-04-24,11:17:19,24673,1,-7.9840,-0.6298,0.0555,1.6312,3.9195,0,1.0000,-998,1,57.5298,-41.6018,51.2986,-6.8743,-37.6287,0.000,0.000,1.000,0.0000,0.0000,0
2026-04-24,11:17:19,24709,1,-7.9840,-0.6863,0.0199,0.5855,3.9244,0,1.0000,-998,1,56.4510,-26.5326,51.4186,-0.9003,-43.9255,0.008,0.000,1.000,0.0000,0.0000,0
2026-04-24,11:17:19,24750,1,-7.9840,-0.3090,0.0554,1.6300,3.9287,0,1.0000,-998,1,56.3810,-5.7034,51.8501,1.9756,-53.3571,0.056,0.000,1.000,0.0000,0.0000,0
2026-04-24,11:17:19,24786,1,-7.9840,-0.4310,0.0330,0.9700,3.9312,0,1.0000,-998,1,57.7833,40.6358,51.7810,-3.1994,-30.5306,0.048,0.000,1.000,0.0000,0.0000,0
2026-04-24,11:17:19,24821,1,-7.9840,-0.1870,0.0414,1.2175,3.9339,0,1.0000,-998,1,59.3458,39.3547,51.5990,-4.5740,-5.8646,0.016,0.000,1.000,0.0000,0.0000,0
2026-04-24,11:17:19,24857,1,-7.9840,-0.1391,0.0184,0.5419,3.9346,0,1.0000,-998,1,59.3929,-7.9207,51.7992,2.1872,-25.1346,0.000,0.000,1.000,0.0000,0.0000,0
2026-04-24,11:17:19,24894,1,-7.9840,-0.0428,0.0204,0.5986,3.9356,0,1.0000,-998,1,58.0505,-50.9083,52.0728,5.3269,-47.7197,0.000,0.000,1.000,0.0000,0.0000,0
2026-04-24,11:17:19,24929,1,-7.9840,-0.2669,0.0215,0.6333,3.9371,0,1.0000,-998,1,55.7041,-62.1176,52.1891,2.9978,-66.6574,0.000,0.000,1.000,0.0000,0.0000,0
2026-04-24,11:17:19,24964,1,-7.9840,-0.1815,0.0374,1.0999,3.9389,0,1.0000,-998,1,54.3184,-38.0966,52.3801,4.2952,-69.9734,0.032,0.000,1.000,0.0000,0.0000,0
2026-04-24,11:17:19,25000,1,-7.9840,-0.3169,0.0343,1.0086,3.9409,0,1.0000,-998,1,54.1055,0.8637,52.6514,4.9014,-85.0234,0.096,0.000,1.000,0.0000,0.0000,0
2026-04-24,11:17:19,25035,1,-7.9840,-0.7057,0.0539,1.5852,3.9451,0,1.0000,-998,1,54.7597,19.9513,52.5389,-3.2948,-70.2921,0.160,0.000,1.000,0.0000,0.0000,0
2026-04-24,11:17:19,25072,1,-7.9840,-0.7813,0.0436,1.2832,3.9507,0,1.0000,-998,1,55.6258,17.9583,52.0151,-14.2397,-32.4032,0.128,0.000,1.000,0.0000,0.0000,0
2026-04-24,11:17:20,25107,1,-7.9840,-0.8301,0.0523,1.5369,3.9570,0,1.0000,-998,1,55.3274,-4.6241,51.2797,-21.1455,-34.6337,0.096,0.000,1.000,0.0000,0.0000,0
2026-04-24,11:17:20,25142,1,-7.9840,-0.6133,0.0405,1.1900,3.9610,0,1.0000,-998,1,55.2359,-11.3254,50.7690,-18.6262,-55.3208,0.064,0.000,1.000,0.0000,0.0000,0
2026-04-24,11:17:20,25178,1,-7.9840,-0.7649,0.0305,0.8959,3.9667,0,1.0000,-998,1,55.3117,5.7302,50.3079,-16.5322,-59.4099,0.032,0.000,1.000,0.0000,0.0000,0
2026-04-24,11:17:20,25214,1,-7.9840,-0.3191,0.0397,1.1672,3.9711,0,1.0000,-998,1,55.2445,-4.3101,50.0900,-11.5306,-76.1572,0.000,0.000,1.000,0.0000,0.0000,0
2026-04-24,11:17:20,25249,1,-7.9840,-0.6354,0.0496,1.4589,3.9749,0,1.0000,-998,1,55.1039,-0.5348,50.0070,-7.1456,-83.3400,0.000,0.000,1.000,0.0000,0.0000,0
2026-04-24,11:17:20,25285,1,-7.9840,-0.7618,0.0505,1.4853,3.9799,0,1.0000,-998,1,55.7865,25.4823,50.0373,-4.3804,-77.0056,0.000,0.000,1.000,0.0000,0.0000,0
2026-04-24,11:17:20,25321,1,-7.9840,-0.6142,0.0288,0.8471,3.9844,0,1.0000,-998,1,56.5194,8.8541,49.7415,-9.1713,-52.4003,0.000,0.000,1.000,0.0000,0.0000,0
2026-04-24,11:17:20,25356,1,-7.9840,-0.6295,0.0305,0.8966,3.9894,0,1.0000,-998,1,56.1912,-13.4179,49.4391,-9.6270,-43.4595,0.000,0.000,1.000,0.0000,0.0000,0
2026-04-24,11:17:20,25391,1,-7.9840,-0.5555,0.0289,0.8503,3.9947,0,1.0000,-998,1,55.5534,-18.6662,49.2240,-8.1568,-50.7279,0.016,0.000,1.000,0.0000,0.0000,0
2026-04-24,11:17:20,25427,1,-7.9840,-0.3269,0.0162,0.4759,3.9986,0,1.0000,-998,1,55.1796,-11.7095,48.9598,-9.5094,-56.4457,0.032,0.000,1.000,0.0000,0.0000,0
2026-04-24,11:17:20,25463,1,-7.9840,-0.1030,0.0324,0.9521,4.0003,0,1.0000,-998,1,54.5694,-18.1684,48.7696,-7.3648,-74.2460,0.072,0.000,1.000,0.0000,0.0000,0
2026-04-24,11:17:20,25499,1,-7.9840,-0.1928,0.0143,0.4220,4.0013,0,1.0000,-998,1,54.4801,1.2954,48.8432,-1.7895,-89.3898,0.064,0.000,1.000,0.0000,0.0000,0
2026-04-24,11:17:20,25535,1,-7.9840,-0.0790,0.0195,0.5750,4.0019,0,1.0000,-998,1,54.8224,5.1453,48.7769,-3.3585,-75.0971,0.080,0.000,1.000,0.0000,0.0000,0
2026-04-24,11:17:20,25570,1,-7.9840,-0.1824,0.0167,0.4922,4.0034,0,1.0000,-998,1,55.0487,-1.0601,48.5063,-7.5855,-90.3705,0.048,0.000,1.000,0.0000,0.0000,0
2026-04-24,11:17:20,25606,1,-7.9840,-0.1772,0.0391,1.1513,4.0050,0,1.0000,-998,1,54.1690,-28.9233,48.2676,-7.6751,-90.7363,0.064,0.000,1.000,0.0000,0.0000,0
2026-04-24,11:17:20,25641,1,-7.9840,-0.2349,0.0232,0.6824,4.0064,0,1.0000,-998,1,52.9997,-33.0556,48.3195,-1.5908,-103.5792,0.104,0.000,1.000,0.0000,0.0000,0
2026-04-24,11:17:20,25682,1,-7.9840,-0.5280,0.0430,1.2659,4.0102,0,1.0000,-998,1,52.9362,-8.2689,48.5133,-0.2106,-94.8635,0.128,0.000,1.000,0.0000,0.0000,0
2026-04-24,11:17:20,25717,1,-7.9840,-0.4837,0.0350,1.0285,4.0135,0,1.0000,-998,1,52.5732,-14.8771,48.5958,2.3973,-107.0783,0.144,0.000,1.000,0.0000,0.0000,0
2026-04-24,11:17:20,25753,1,-7.9840,-0.3003,0.0413,1.2138,4.0156,0,1.0000,-998,1,51.5952,-28.6177,48.8400,4.5164,-117.4582,0.208,0.000,1.000,0.0000,0.0000,0
2026-04-24,11:17:20,25788,1,-7.9840,-0.4240,0.0309,0.9090,4.0182,0,1.0000,-998,1,51.6588,12.1761,48.7857,-0.2108,-98.9979,0.224,0.000,1.000,0.0000,0.0000,0
2026-04-24,11:17:20,25824,1,-7.9840,-0.5025,0.0398,1.1718,4.0214,0,1.0000,-998,1,52.1030,8.3429,48.7296,-2.4006,-96.9889,0.216,0.000,1.000,0.0000,0.0000,0
2026-04-24,11:17:20,25860,1,-7.9840,-0.7220,0.0412,1.2112,4.0264,0,1.0000,-998,1,52.0764,-4.0095,48.4228,-7.0921,-76.1157,0.184,0.000,1.000,0.0000,0.0000,0
2026-04-24,11:17:20,25896,1,-7.9840,-0.7602,0.0293,0.8610,4.0320,0,1.0000,-998,1,51.8374,-3.8758,48.1886,-7.3290,-91.1066,0.152,0.000,1.000,0.0000,0.0000,0
2026-04-24,11:17:20,25931,1,-7.9840,-0.1344,0.0412,1.2130,4.0342,0,1.0000,-998,1,51.5205,-13.4353,47.9800,-7.8830,-103.7541,0.144,0.000,1.000,0.0000,0.0000,0
2026-04-24,11:17:20,25966,1,-7.9840,-0.4843,0.0338,0.9943,4.0368,0,1.0000,-998,1,52.0125,21.8470,47.5448,-12.4626,-74.0180,0.160,0.000,1.000,0.0000,0.0000,0
2026-04-24,11:17:20,26003,1,-7.9840,-0.6407,0.0373,1.0983,4.0414,0,1.0000,-998,1,53.1276,28.2017,47.1600,-13.3930,-76.8670,0.128,0.000,1.000,0.0000,0.0000,0
2026-04-24,11:17:20,26038,1,-7.9840,-0.3547,0.0387,1.1383,4.0454,0,1.0000,-998,1,53.4847,1.8895,46.6893,-14.4227,-65.8260,0.096,0.000,1.000,0.0000,0.0000,0
2026-04-24,11:17:20,26073,1,-7.9840,-0.3738,0.0152,0.4460,4.0478,0,1.0000,-998,1,52.1125,-37.8532,46.1773,-16.1530,-75.5063,0.064,0.000,1.000,0.0000,0.0000,0
2026-04-24,11:17:21,26110,1,-7.9840,-0.1166,0.0305,0.8973,4.0492,0,1.0000,-998,1,50.9854,-34.8986,45.8201,-11.5797,-84.6510,0.128,0.000,1.000,0.0000,0.0000,0
2026-04-24,11:17:21,26145,1,-7.9840,-0.4775,0.0475,1.3970,4.0519,0,1.0000,-998,1,51.0784,12.6359,45.7951,-5.1589,-77.5926,0.192,0.000,1.000,0.0000,0.0000,0
2026-04-24,11:17:21,26180,1,-7.9840,-0.6926,0.0470,1.3834,4.0559,0,1.0000,-998,1,51.1995,2.1828,45.5127,-7.5319,-73.4143,0.232,0.000,1.000,0.0000,0.0000,0
2026-04-24,11:17:21,26216,1,-7.9840,-0.7590,0.0270,0.7932,4.0616,0,1.0000,-998,1,51.3330,-0.2052,45.4603,-3.8429,-55.3055,0.200,0.000,1.000,0.0000,0.0000,0
2026-04-24,11:17:21,26251,1,-7.9840,-0.6372,0.0464,1.3635,4.0669,0,1.0000,-998,1,51.1159,-5.0193,45.3294,-4.4275,-66.4318,0.168,0.000,1.000,0.0000,0.0000,0
2026-04-24,11:17:21,26286,1,-7.9840,-0.8660,0.0443,1.3021,4.0729,0,1.0000,-998,1,51.6972,19.5583,45.2222,-4.5478,-57.4474,0.136,0.000,1.000,0.0000,0.0000,0
2026-04-24,11:17:21,26322,1,-7.9840,-0.5759,0.0589,1.7318,4.0788,0,1.0000,-998,1,52.3959,20.0960,45.1612,-2.7217,-75.5327,0.104,0.000,1.000,0.0000,0.0000,0
2026-04-24,11:17:21,26357,1,-7.9840,-0.5270,0.0491,1.4430,4.0821,0,1.0000,-998,1,51.8638,-13.1196,45.1029,-2.9793,-90.7384,0.072,0.000,1.000,0.0000,0.0000,0
2026-04-24,11:17:21,26392,1,-7.9840,-0.7152,0.0328,0.9643,4.0864,0,1.0000,-998,1,52.1723,13.0317,44.6925,-10.2074,-57.5456,0.040,0.000,1.000,0.0000,0.0000,0
2026-04-24,11:17:21,26428,1,-7.9840,-0.2380,0.0455,1.3370,4.0906,0,1.0000,-998,1,53.1164,23.3015,44.2097,-13.8850,-61.2544,0.008,0.000,1.000,0.0000,0.0000,0
2026-04-24,11:17:21,26463,1,-7.9840,-0.1827,0.0235,0.6906,4.0913,0,1.0000,-998,1,52.6447,-12.6736,43.9346,-10.1910,-59.6639,0.000,0.000,1.000,0.0000,0.0000,0
2026-04-24,11:17:21,26498,1,-7.9840,-0.0559,0.0182,0.5351,4.0928,0,1.0000,-998,1,52.9167,7.1922,43.9967,-1.7573,-43.7294,0.000,0.000,1.000,0.0000,0.0000,0
2026-04-24,11:17:21,26534,1,-7.9840,-0.0904,0.0274,0.8072,4.0935,0,1.0000,-998,1,53.0610,5.5671,44.1485,1.9669,-63.7417,0.000,0.000,1.000,0.0000,0.0000,0
2026-04-24,11:17:21,26569,1,-7.9840,-0.2057,0.0211,0.6200,4.0947,0,1.0000,-998,1,52.8163,-12.2945,44.0485,-2.3814,-47.8719,0.000,0.000,1.000,0.0000,0.0000,0
2026-04-24,11:17:21,26602,1,-7.9840,-0.3551,0.0301,0.8863,4.0961,0,1.0000,-998,1,52.2764,-14.1606,43.9821,-2.3439,-53.0309,0.000,0.000,1.000,0.0000,0.0000,0
2026-04-24,11:17:21,26638,1,-7.9840,-0.4444,0.0587,1.7256,4.0996,0,1.0000,-998,1,50.5615,-40.3111,44.1283,2.7766,-64.9248,0.064,0.000,1.000,0.0000,0.0000,0
2026-04-24,11:17:21,26673,1,-7.9840,-0.4981,0.0417,1.2270,4.1029,0,1.0000,-998,1,50.5259,7.4446,44.0525,-1.4477,-75.3716,0.128,0.000,1.000,0.0000,0.0000,0
2026-04-24,11:17:21,26708,1,-7.9840,-0.6488,0.0203,0.5974,4.1074,0,1.0000,-998,1,52.0250,42.3299,44.0236,-0.8051,-83.3158,0.120,0.000,1.000,0.0000,0.0000,0
2026-04-24,11:17:21,26745,1,-7.9840,-0.2555,0.0330,0.9700,4.1106,0,1.0000,-998,1,53.3297,25.8535,43.4779,-12.3670,-71.9523,0.088,0.000,1.000,0.0000,0.0000,0
2026-04-24,11:17:21,26780,1,-7.9840,-0.5138,0.0222,0.6518,4.1139,0,1.0000,-998,1,53.6944,11.1868,43.0270,-13.6619,-73.6053,0.056,0.000,1.000,0.0000,0.0000,0
2026-04-24,11:17:21,26816,1,-7.9840,-0.4382,0.0344,1.0107,4.1178,0,1.0000,-998,1,53.6208,-11.2821,42.6207,-11.9039,-76.7994,0.024,0.000,1.000,0.0000,0.0000,0
2026-04-24,11:17:21,26853,1,-7.9840,-0.1135,0.0346,1.0177,4.1202,0,1.0000,-998,1,52.6055,-27.3606,42.2674,-11.6731,-71.0557,0.016,0.000,1.000,0.0000,0.0000,0
2026-04-24,11:17:21,26889,1,-7.9840,-0.2063,0.0171,0.5035,4.1208,0,1.0000,-998,1,51.4386,-25.1339,41.7208,-15.1195,-74.7383,0.000,0.000,1.000,0.0000,0.0000,0
2026-04-24,11:17:21,26925,1,-7.9840,-0.2355,0.0313,0.9194,4.1225,0,1.0000,-998,1,51.7984,7.3121,41.3742,-11.2593,-43.2821,0.064,0.000,1.000,0.0000,0.0000,0
2026-04-24,11:17:21,26960,1,-7.9840,-0.5673,0.0357,1.0500,4.1254,0,1.0000,-998,1,52.0107,7.2394,40.9902,-11.7950,-31.6066,0.056,0.000,1.000,0.0000,0.0000,0
2026-04-24,11:17:21,26995,1,-7.9840,-0.7992,0.0430,1.2637,4.1307,0,1.0000,-998,1,52.1480,-1.2848,40.6583,-8.9446,-27.9536,0.024,0.000,1.000,0.0000,0.0000,0
2026-04-24,11:17:21,27030,1,-7.9840,-0.7618,0.0238,0.6989,4.1372,0,1.0000,-998,1,52.2298,1.0266,40.6323,-2.2328,-51.0741,0.000,0.000,1.000,0.0000,0.0000,0
2026-04-24,11:17:21,27066,1,-7.9840,-0.0450,0.0440,1.2936,4.1410,0,1.0000,-998,1,51.9333,-12.0626,41.0387,9.8183,-70.5149,0.000,0.000,1.000,0.0000,0.0000,0
2026-04-24,11:17:22,27102,1,-7.9840,-0.2451,0.0178,0.5233,4.1418,0,1.0000,-998,1,52.0295,15.2286,42.0434,26.0207,-86.7994,0.000,0.000,1.000,0.0000,0.0000,0
2026-04-24,11:17:22,27137,1,-7.9840,-0.1333,0.0132,0.3875,4.1429,0,1.0000,-998,1,53.2194,28.3456,43.2353,32.9517,-100.2951,0.000,0.000,1.000,0.0000,0.0000,0
2026-04-24,11:17:22,27172,1,-7.9840,-0.0712,0.0163,0.4780,4.1435,0,1.0000,-998,1,54.1378,18.2767,44.1278,29.2760,-71.0917,0.000,0.000,1.000,0.0000,0.0000,0
2026-04-24,11:17:22,27207,1,-7.9840,-0.0671,0.0232,0.6820,4.1443,0,1.0000,-998,1,54.3799,-3.4857,44.8015,24.5453,-80.0300,0.000,0.000,1.000,0.0000,0.0000,0
2026-04-24,11:17:22,27243,1,-7.9840,-0.1648,0.0216,0.6344,4.1455,0,1.0000,-998,1,53.3804,-35.1592,45.7146,28.1188,-75.7185,0.000,0.000,1.000,0.0000,0.0000,0
2026-04-24,11:17:22,27278,1,-7.9840,-0.1537,0.0393,1.1552,4.1469,0,1.0000,-998,1,51.2730,-69.5518,47.0161,36.9236,-63.3938,0.032,0.000,1.000,0.0000,0.0000,0
2026-04-24,11:17:22,27313,1,-7.9840,-0.1895,0.0323,0.9514,4.1484,0,1.0000,-998,1,48.2730,-85.4923,48.1079,34.5931,-27.7197,0.096,0.000,1.000,0.0000,0.0000,0
2026-04-24,11:17:22,27349,1,-7.9840,-0.5202,0.0345,1.0155,4.1515,0,1.0000,-998,1,46.6550,-29.3311,48.1760,14.0679,-18.7875,0.160,0.000,1.000,0.0000,0.0000,0
2026-04-24,11:17:22,27384,1,-7.9840,-0.9164,0.0540,1.5891,4.1571,0,1.0000,-998,1,48.1402,46.9048,47.9816,2.7938,-43.1787,0.224,0.000,1.000,0.0000,0.0000,0
2026-04-24,11:17:22,27419,1,-7.9840,-1.1520,0.0721,2.1199,4.1653,0,1.0000,-998,1,49.4949,27.0583,48.0579,4.0677,-63.5881,0.216,0.000,1.000,0.0000,0.0000,0
2026-04-24,11:17:22,27455,1,-7.9840,-1.1667,0.0564,1.6587,4.1739,0,1.0000,-998,1,48.8005,-19.4652,48.5833,12.9082,-73.5301,0.184,0.000,1.000,0.0000,0.0000,0
2026-04-24,11:17:22,27490,1,-7.9840,-1.3215,0.0376,1.1063,4.1840,0,1.0000,-998,1,48.8453,-0.3317,49.2480,18.0589,-63.5977,0.152,0.000,1.000,0.0000,0.0000,0
2026-04-24,11:17:22,27531,1,-7.9840,-1.0836,0.0720,2.1184,4.1941,0,1.0000,-998,1,49.0874,-0.1119,49.6661,17.7560,-51.4515,0.128,0.000,1.000,0.0000,0.0000,0
2026-04-24,11:17:22,27567,1,-7.9840,-1.0318,0.0354,1.0419,4.2015,0,1.0000,-998,1,49.2013,0.9031,50.5835,25.2730,-70.4721,0.096,0.000,1.000,0.0000,0.0000,0
2026-04-24,11:17:22,27603,1,-7.9840,-0.8586,0.0271,0.7980,4.2086,0,1.0000,-998,1,49.7867,10.4481,51.4580,26.6471,-60.4894,0.064,0.000,1.000,0.0000,0.0000,0
2026-04-24,11:17:22,27640,1,-7.9840,-0.3175,0.0322,0.9472,4.2132,0,1.0000,-998,1,49.5357,-18.9409,52.1656,22.3661,-43.8695,0.032,0.000,1.000,0.0000,0.0000,0
2026-04-24,11:17:22,27676,1,-7.9840,-0.6153,0.0379,1.1151,4.2172,0,1.0000,-998,1,48.7507,-10.1498,53.1291,28.4052,-50.0143,0.048,0.000,1.000,0.0000,0.0000,0
2026-04-24,11:17:22,27711,1,-7.9840,-0.7631,0.0312,0.9166,4.2217,0,1.0000,-998,1,48.1470,-24.2255,54.3166,35.1638,-63.0977,0.112,0.000,1.000,0.0000,0.0000,0
2026-04-24,11:17:22,27746,1,-7.9840,-0.6791,0.0301,0.8841,4.2275,0,1.0000,-998,1,48.1663,-10.5012,55.4430,35.8161,-33.5066,0.176,0.000,1.000,0.0000,0.0000,0
2026-04-24,11:17:22,27782,1,-7.9840,-0.7706,0.0503,1.4796,4.2332,0,1.0000,-998,1,47.1171,-28.2289,56.3141,30.4323,-21.7222,0.240,0.000,1.000,0.0000,0.0000,0
2026-04-24,11:17:22,27817,1,-7.9840,-0.9332,0.0529,1.5547,4.2396,0,1.0000,-998,1,46.4212,-18.9887,57.1166,27.9018,-32.8552,0.304,0.000,1.000,0.0000,0.0000,0
2026-04-24,11:17:22,27853,1,-7.9840,-1.0255,0.0416,1.2233,4.2468,0,1.0000,-998,1,46.5933,4.7065,57.5983,20.3698,-54.8019,0.344,0.000,1.000,0.0000,0.0000,0
2026-04-24,11:17:22,27888,1,-7.9840,-0.6958,0.0642,1.8871,4.2519,0,1.0000,-998,1,46.2900,-16.4385,58.1702,18.8876,-73.2742,0.408,0.000,1.000,0.0000,0.0000,0
2026-04-24,11:17:22,27923,1,-7.9840,-0.7003,0.0417,1.2268,4.2572,0,1.0000,-998,1,46.3944,2.2487,58.8637,20.4127,-82.2708,0.472,0.000,1.000,0.0000,0.0000,0
2026-04-24,11:17:22,27959,1,-7.9840,-0.6517,0.0355,1.0453,4.2629,0,1.0000,-998,1,46.6216,11.9578,59.6184,21.9278,-82.4648,0.440,0.000,1.000,0.0000,0.0000,0
2026-04-24,11:17:22,27994,1,-7.9840,-0.7840,0.0367,1.0780,4.2680,0,1.0000,-998,1,46.6093,-9.2489,60.4318,24.0170,-57.5762,0.408,0.000,1.000,0.0000,0.0000,0
2026-04-24,11:17:22,28029,1,-7.9840,-0.7408,0.0180,0.5292,4.2742,0,1.0000,-998,1,46.4854,0.0157,61.1751,24.5256,-61.5576,0.376,0.000,1.000,0.0000,0.0000,0
2026-04-24,11:17:22,28065,1,-7.9840,-0.3197,0.0480,1.4121,4.2773,0,1.0000,-998,1,45.6121,-27.7265,61.7327,18.8595,-46.5929,0.392,0.000,1.000,0.0000,0.0000,0
2026-04-24,11:17:23,28101,1,-7.9840,-0.4259,0.0285,0.8374,4.2798,0,1.0000,-998,1,45.5207,-7.5242,61.6090,3.8708,-26.4999,0.456,0.000,1.000,0.0000,0.0000,0
2026-04-24,11:17:23,28136,1,-7.9840,-0.6773,0.0443,1.3044,4.2848,0,1.0000,-998,1,45.6615,9.1129,61.5042,-0.3291,-49.3295,0.496,0.000,1.000,0.0000,0.0000,0
2026-04-24,11:17:23,28172,1,-7.9840,-0.8504,0.0351,1.0322,4.2907,0,1.0000,-998,1,45.1764,-20.7872,61.5366,0.8387,-62.5498,0.488,0.000,1.000,0.0000,0.0000,0
2026-04-24,11:17:23,28207,1,-7.9840,-0.9320,0.0378,1.1113,4.2979,0,1.0000,-998,1,44.8453,-7.4672,61.7095,5.2856,-65.8742,0.552,0.000,1.000,0.0000,0.0000,0
2026-04-24,11:17:23,28242,1,-7.9840,-0.9080,0.0197,0.5787,4.3051,0,1.0000,-998,1,44.7348,0.4847,62.0107,7.3642,-82.7146,0.592,0.000,1.000,0.0000,0.0000,0
2026-04-24,11:17:23,28278,1,-7.9840,-0.2789,0.0415,1.2216,4.3086,0,1.0000,-998,1,44.7877,-8.8972,62.3604,9.7660,-64.1346,0.560,0.000,1.000,0.0000,0.0000,0
2026-04-24,11:17:23,28313,1,-7.9840,-0.5487,0.0328,0.9658,4.3118,0,1.0000,-998,1,44.8299,10.5949,62.2608,1.1095,-81.2226,0.576,0.000,1.000,0.0000,0.0000,0
2026-04-24,11:17:23,28348,1,-7.9840,-0.4612,0.0268,0.7879,4.3160,0,1.0000,-998,1,45.5240,14.7911,62.1409,-2.6532,-69.6048,0.544,0.000,1.000,0.0000,0.0000,0
2026-04-24,11:17:23,28384,1,-7.9840,-0.3604,0.0173,0.5080,4.3192,0,1.0000,-998,1,45.6377,0.5802,62.1864,1.0781,-64.8027,0.512,0.000,1.000,0.0000,0.0000,0
2026-04-24,11:17:23,28420,1,-7.9840,-0.1070,0.0379,1.1150,4.3211,0,1.0000,-998,1,44.3303,-43.2202,62.3347,2.5820,-62.2851,0.528,0.000,1.000,0.0000,0.0000,0
2026-04-24,11:17:23,28457,1,-7.9840,-0.3288,0.0421,1.2378,4.3229,0,1.0000,-998,1,43.2043,-33.9522,62.2962,1.4524,-69.1408,0.576,0.000,1.000,0.0000,0.0000,0
2026-04-24,11:17:23,28493,1,-7.9840,-0.6009,0.0424,1.2478,4.3260,0,1.0000,-998,1,43.5148,8.2015,62.2898,0.1931,-85.3411,0.640,0.000,1.000,0.0000,0.0000,0
2026-04-24,11:17:23,28528,1,-7.9840,-0.8785,0.0577,1.6985,4.3318,0,1.0000,-998,1,44.1724,11.6185,62.0802,-5.3094,-78.2413,0.632,0.000,1.000,0.0000,0.0000,0
2026-04-24,11:17:23,28564,1,-7.9840,-1.0095,0.0433,1.2746,4.3386,0,1.0000,-998,1,43.5247,-17.6889,61.7126,-9.4587,-92.9205,0.624,0.000,1.000,0.0000,0.0000,0
2026-04-24,11:17:23,28599,1,-7.9840,-1.3723,0.0690,2.0309,4.3486,0,1.0000,-998,1,43.3237,-6.1108,61.7459,-2.8038,-105.0354,0.688,0.000,1.000,0.0000,0.0000,0
2026-04-24,11:17:23,28634,1,-7.9840,-1.4407,0.0471,1.3849,4.3586,0,1.0000,-998,1,43.5455,14.3609,61.7570,-3.5599,-101.1641,0.704,0.000,1.000,0.0000,0.0000,0
2026-04-24,11:17:23,28669,1,-1.3800,-1.3575,0.0416,1.2240,4.3694,0,1.0000,-998,0,44.2219,3.7834,61.1816,-15.2331,-59.1662,0.672,0.000,1.000,0.0000,0.0000,0
2026-04-24,11:17:23,28704,1,-1.1567,-1.1133,0.0496,1.4602,4.3788,0,1.0000,-998,0,44.5216,14.0253,60.6175,-15.6440,-30.3177,0.640,0.000,1.000,0.0000,0.0000,0
2026-04-24,11:17:23,28739,1,-0.2721,-0.5153,0.0550,1.6191,4.3849,0,1.0000,-998,0,44.3994,0.2383,60.4629,-8.6545,-46.0122,0.608,0.000,1.000,0.0000,0.0000,0
2026-04-24,11:17:23,28774,1,0.0000,-0.0137,0.0175,0.5142,4.3852,0,1.0000,-998,0,44.5096,-0.2402,60.8351,5.0754,-32.8202,0.576,0.000,1.000,0.0000,0.0000,0
2026-04-24,11:17:23,28809,1,0.0000,0.0552,0.0129,0.3789,4.3850,0,1.0000,-998,0,45.0351,15.1878,61.4227,14.5897,-54.5887,0.544,0.000,1.000,0.0000,0.0000,0
2026-04-24,11:17:23,28844,1,0.0000,0.0087,0.0107,0.3157,4.3847,0,1.0000,-998,0,46.0734,26.3943,62.2799,22.6860,-66.6193,0.512,0.000,1.000,0.0000,0.0000,0
2026-04-24,11:17:23,28879,1,0.0000,-0.0028,0.0116,0.3422,4.3847,0,1.0000,-998,0,47.0538,17.7765,63.3152,29.6191,-83.3568,0.480,0.000,1.000,0.0000,0.0000,0
2026-04-24,11:17:23,28914,1,0.0000,0.0005,0.0123,0.3626,4.3847,0,1.0000,-998,0,46.3896,-32.6598,64.8160,42.5111,-97.6397,0.448,0.000,1.000,0.0000,0.0000,0
2026-04-24,11:17:23,28949,1,0.0000,-0.0151,0.0123,0.3617,4.3848,0,1.0000,-998,0,44.3026,-70.0634,66.8975,58.6079,-109.6923,0.416,0.000,1.000,0.0000,0.0000,0
2026-04-24,11:17:23,28984,1,0.0000,-0.1292,0.0297,0.8749,4.3853,0,1.0000,-998,0,39.6589,-141.0052,69.3532,69.5251,-119.1890,0.408,0.000,1.000,0.0000,0.0000,0
2026-04-24,11:17:23,29019,1,0.0000,-0.2425,0.0678,1.9951,4.3871,0,1.0000,-998,0,35.4057,-82.4744,71.3165,59.5705,-126.0708,0.472,0.000,1.000,0.0000,0.0000,0
2026-04-24,11:17:23,29054,1,0.0000,-0.2195,0.0948,2.7875,4.3886,0,1.0000,-998,0,39.2845,120.5944,71.3485,12.3790,-93.1375,0.536,0.000,1.000,0.0000,0.0000,0
2026-04-24,11:17:24,29090,1,-7.9840,-0.0448,0.0865,2.5452,4.3892,0,1.0000,-998,1,43.7420,102.5658,68.7296,-50.2664,-67.3642,0.504,0.000,1.000,0.0000,0.0000,0
2026-04-24,11:17:24,29126,1,-7.9840,-0.1906,0.0560,1.6465,4.3902,0,1.0000,-998,1,43.2677,-33.9749,66.5619,-60.2103,-56.1420,0.472,0.000,1.000,0.0000,0.0000,0
2026-04-24,11:17:24,29161,1,-7.9840,-0.4651,0.0342,1.0058,4.3931,0,1.0000,-998,1,41.3358,-45.1875,65.4609,-41.8099,-35.2170,0.464,0.000,1.000,0.0000,0.0000,0
2026-04-24,11:17:24,29197,1,-7.9840,-0.5248,0.0376,1.1062,4.3974,0,1.0000,-998,1,41.2474,13.8270,64.4547,-35.6736,-49.1489,0.480,0.000,1.000,0.0000,0.0000,0
2026-04-24,11:17:24,29232,1,-7.9840,-0.3007,0.0444,1.3053,4.3993,0,1.0000,-998,1,42.6355,27.2046,63.7524,-26.9454,-36.0627,0.448,0.000,1.000,0.0000,0.0000,0
2026-04-24,11:17:24,29268,1,-7.9840,-0.4796,0.0398,1.1715,4.4025,0,1.0000,-998,1,43.4018,14.3439,63.2281,-19.6326,-36.0916,0.416,0.000,1.000,0.0000,0.0000,0
2026-04-24,11:17:24,29303,1,-7.9840,-0.2291,0.0451,1.3264,4.4054,0,1.0000,-998,1,43.2427,-8.4161,63.4150,-2.5358,-31.6772,0.384,0.000,1.000,0.0000,0.0000,0
2026-04-24,11:17:24,29338,1,-7.9840,-0.1972,0.0274,0.8046,4.4062,0,1.0000,-998,1,42.4294,-23.5391,63.5504,1.1820,-33.3958,0.376,0.000,1.000,0.0000,0.0000,0
2026-04-24,11:17:24,29378,1,-7.9840,-0.0273,0.0007,0.0194,4.4077,0,1.0000,-998,1,43.1315,2.3555,63.6424,2.4423,-37.7485,0.352,0.000,0.999,0.0000,0.0000,0
2026-04-24,11:17:24,29414,1,-7.9840,-0.0059,0.0042,0.1222,4.4077,0,1.0000,-998,1,43.2988,-3.9276,64.2462,15.1001,-58.6860,0.320,0.000,0.996,0.0000,0.0000,0
2026-04-24,11:17:24,29450,1,-7.9840,-0.0168,0.0057,0.1687,4.4078,0,1.0000,-998,1,42.5624,-35.6946,65.6351,34.6269,-50.9447,0.288,0.000,0.993,0.0000,0.0000,0
2026-04-24,11:17:24,29485,1,-7.9840,0.0019,0.0067,0.1966,4.4078,0,1.0000,-998,1,41.3650,-28.9966,67.4972,50.4828,-48.9039,0.256,0.000,0.990,0.0000,0.0000,0
2026-04-24,11:17:24,29521,1,-7.9840,-0.0353,0.0105,0.3097,4.4079,0,1.0000,-998,1,40.1303,-44.8490,69.2953,54.4268,-49.1737,0.224,0.000,0.995,0.0000,0.0000,0
2026-04-24,11:17:24,29556,1,-7.9840,-0.0700,0.0204,0.6011,4.4084,0,1.0000,-998,1,39.0860,-37.3388,71.4068,62.4236,-67.9471,0.192,0.000,1.000,0.0000,0.0000,0
2026-04-24,11:17:24,29592,1,-7.9840,-0.3271,0.0293,0.8630,4.4099,0,1.0000,-998,1,37.2310,-47.1350,73.8232,68.5844,-69.5024,0.184,0.000,1.000,0.0000,0.0000,0
2026-04-24,11:17:24,29629,1,-7.9840,-0.5231,0.0340,1.0010,4.4130,0,1.0000,-998,1,36.2763,-24.4056,75.3447,48.6214,-66.0718,0.200,0.000,1.000,0.0000,0.0000,0
2026-04-24,11:17:24,29665,1,-7.9840,-0.8224,0.0540,1.5868,4.4186,0,1.0000,-998,1,36.6949,11.5237,76.1784,31.9581,-81.5081,0.264,0.000,1.000,0.0000,0.0000,0
2026-04-24,11:17:24,29701,1,-7.9840,-0.9762,0.0564,1.6584,4.4254,0,1.0000,-998,1,37.1712,6.0749,76.8376,19.7572,-41.6830,0.304,0.000,1.000,0.0000,0.0000,0
2026-04-24,11:17:24,29736,1,-7.9840,-1.2462,0.0580,1.7065,4.4333,0,1.0000,-998,1,37.0296,-3.8307,76.8797,7.1089,-8.3065,0.272,0.000,1.000,0.0000,0.0000,0
2026-04-24,11:17:24,29772,1,-7.9840,-1.2903,0.0482,1.4163,4.4435,0,1.0000,-998,1,36.8353,-14.7905,77.5436,15.7301,-7.7758,0.264,0.000,1.000,0.0000,0.0000,0
2026-04-24,11:17:24,29808,1,-7.9840,-1.4801,0.0614,1.8048,4.4546,0,1.0000,-998,1,36.7678,6.3491,78.1260,17.0118,-33.0577,0.328,0.000,1.000,0.0000,0.0000,0
2026-04-24,11:17:24,29843,1,-7.9840,-1.4547,0.0713,2.0973,4.4655,0,1.0000,-998,1,36.5996,-1.3551,79.3203,30.0103,-54.2117,0.320,0.000,1.000,0.0000,0.0000,0
2026-04-24,11:17:24,29878,1,-7.9840,-1.2663,0.0465,1.3664,4.4754,0,1.0000,-998,1,36.9179,-2.6338,81.6828,59.1519,-72.1771,0.288,0.000,1.000,0.0000,0.0000,0
2026-04-24,11:17:24,29914,1,-7.9840,-1.3591,0.0504,1.4826,4.4860,0,1.0000,-998,1,37.1060,13.9941,83.4861,53.4176,-59.8410,0.256,0.000,1.000,0.0000,0.0000,0
2026-04-24,11:17:24,29949,1,-7.9840,-0.8760,0.0704,2.0713,4.4950,0,1.0000,-998,1,37.0532,3.6697,84.3450,34.2013,-51.6045,0.224,0.000,1.000,0.0000,0.0000,0
2026-04-24,11:17:24,29984,1,-7.9840,-0.7626,0.0498,1.4649,4.5007,0,1.0000,-998,1,36.4905,-18.4923,85.3161,32.8406,-57.2183,0.216,0.000,1.000,0.0000,0.0000,0
2026-04-24,11:17:24,30020,1,-7.9840,-1.0094,0.0376,1.1047,4.5076,0,1.0000,-998,1,35.7392,-25.5018,86.6593,35.8399,-67.8371,0.280,0.000,1.000,0.0000,0.0000,0
2026-04-24,11:17:24,30055,1,-7.9840,-0.9760,0.0489,1.4379,4.5141,0,1.0000,-998,1,35.1569,-24.2499,87.3957,23.1531,-64.7773,0.344,0.000,1.000,0.0000,0.0000,0
2026-04-24,11:17:25,30090,1,-7.9840,-0.7130,0.0433,1.2741,4.5206,0,1.0000,-998,1,35.0580,-6.9846,86.7151,-5.7499,-81.4157,0.408,0.000,1.000,0.0000,0.0000,0
2026-04-24,11:17:25,30127,1,-7.9840,-0.8239,0.0467,1.3730,4.5263,0,1.0000,-998,1,34.6042,-10.8391,86.0282,-19.5600,-95.3378,0.472,0.000,1.000,0.0000,0.0000,0
2026-04-24,11:17:25,30162,1,-7.9840,-0.8837,0.0319,0.9397,4.5326,0,1.0000,-998,1,34.2464,-16.9071,84.9438,-33.2581,-73.6512,0.536,0.000,1.000,0.0000,0.0000,0
2026-04-24,11:17:25,30199,1,-7.9840,-0.4930,0.0471,1.3853,4.5379,0,1.0000,-998,1,33.9324,-13.4132,83.8129,-34.3828,-88.8267,0.576,0.000,1.000,0.0000,0.0000,0
2026-04-24,11:17:25,30235,1,-7.9840,-0.7217,0.0483,1.4194,4.5427,0,1.0000,-998,1,33.3454,-14.1797,82.8585,-37.1512,-101.5927,0.640,0.000,1.000,0.0000,0.0000,0
2026-04-24,11:17:25,30270,1,-7.9840,-0.6118,0.0035,0.1033,4.5476,0,1.0000,-998,1,33.3867,2.6831,81.8509,-35.1319,-65.5461,0.656,0.000,0.999,0.0000,0.0000,0
2026-04-24,11:17:25,30311,1,-7.9840,-0.0057,0.0260,0.7659,4.5484,0,1.0000,-998,1,33.4263,-2.7031,81.0973,-37.5548,-53.2075,0.680,0.000,1.000,0.0000,0.0000,0
2026-04-24,11:17:25,30347,1,-7.9840,-0.1309,0.0234,0.6877,4.5492,0,1.0000,-998,1,33.4104,-3.5363,79.8524,-34.9155,-71.8662,0.648,0.000,1.000,0.0000,0.0000,0
2026-04-24,11:17:25,30382,1,-7.9840,-0.0540,0.0235,0.6905,4.5500,0,1.0000,-998,1,33.3574,-0.2842,79.9638,-8.9157,-87.4773,0.616,0.000,1.000,0.0000,0.0000,0
2026-04-24,11:17:25,30418,1,-7.9840,-0.0793,0.0204,0.6001,4.5506,0,1.0000,-998,1,32.9893,-11.7659,81.2573,22.8648,-100.3868,0.584,0.000,1.000,0.0000,0.0000,0
2026-04-24,11:17:25,30454,1,-7.9840,-0.2868,0.0232,0.6838,4.5522,0,1.0000,-998,1,32.7014,-10.2255,82.1435,20.0494,-111.5705,0.552,0.000,1.000,0.0000,0.0000,0
2026-04-24,11:17:25,30489,1,-7.9840,-0.3834,0.0355,1.0434,4.5551,0,1.0000,-998,1,32.6256,-2.5654,81.1219,-17.6880,-86.7308,0.568,0.000,1.000,0.0000,0.0000,0
2026-04-24,11:17:25,30526,1,-7.9840,-0.4959,0.0297,0.8728,4.5582,0,1.0000,-998,1,32.8523,5.0185,80.2239,-25.0829,-53.9256,0.536,0.000,1.000,0.0000,0.0000,0
2026-04-24,11:17:25,30561,1,-7.9840,-0.5410,0.0203,0.5968,4.5624,0,1.0000,-998,1,33.0717,2.4915,77.8458,-57.1630,-26.1337,0.504,0.000,1.000,0.0000,0.0000,0
2026-04-24,11:17:25,30597,1,-7.9840,-0.0434,0.0191,0.5614,4.5638,0,1.0000,-998,1,32.7376,-18.2872,75.8709,-62.3378,-48.6407,0.472,0.000,1.000,0.0000,0.0000,0
2026-04-24,11:17:25,30634,1,-7.9840,-0.0582,0.0211,0.6199,4.5642,0,1.0000,-998,1,32.3636,-12.8107,73.5233,-71.4234,-67.5467,0.440,0.000,1.000,0.0000,0.0000,0
2026-04-24,11:17:25,30669,1,-7.9840,-0.0890,0.0202,0.5939,4.5644,0,1.0000,-998,1,31.8806,-14.8030,70.8279,-83.6790,-83.6072,0.408,0.000,1.000,0.0000,0.0000,0
2026-04-24,11:17:25,30705,1,-7.9840,-0.1833,0.0202,0.5947,4.5654,0,1.0000,-998,1,31.7513,-7.6687,67.6425,-96.3467,-83.7885,0.376,0.000,1.000,0.0000,0.0000,0
2026-04-24,11:17:25,30741,1,-7.9840,-0.3235,0.0265,0.7795,4.5680,0,1.0000,-998,1,31.8673,-0.8778,64.9563,-87.0631,-97.7462,0.392,0.000,1.000,0.0000,0.0000,0
2026-04-24,11:17:25,30777,1,-7.9840,-0.2946,0.0408,1.1998,4.5709,0,1.0000,-998,1,31.6155,-4.1166,64.4839,-42.1432,-96.9409,0.408,0.000,1.000,0.0000,0.0000,0
2026-04-24,11:17:25,30813,1,-7.9840,-0.4120,0.0372,1.0927,4.5739,0,1.0000,-998,1,31.2440,-12.2641,64.3712,-11.9258,-108.7933,0.472,0.000,1.000,0.0000,0.0000,0
2026-04-24,11:17:25,30849,1,-7.9840,-0.6619,0.0296,0.8698,4.5783,0,1.0000,-998,1,31.0259,-13.3102,66.6674,37.4338,-118.7661,0.536,0.000,1.000,0.0000,0.0000,0
2026-04-24,11:17:25,30884,1,-7.9840,-0.8129,0.0372,1.0946,4.5836,0,1.0000,-998,1,30.4709,-19.4348,70.5664,95.3813,-127.1652,0.600,0.000,1.000,0.0000,0.0000,0
2026-04-24,11:17:25,30920,1,-7.9840,-1.0395,0.0640,1.8831,4.5908,0,1.0000,-998,1,30.2133,-12.1057,75.1218,126.1379,-120.1806,0.664,0.000,1.000,0.0000,0.0000,0
2026-04-24,11:17:25,30955,1,-7.9840,-1.0434,0.0329,0.9675,4.5976,0,1.0000,-998,1,29.7687,-17.5535,80.3557,145.6669,-81.3636,0.728,0.000,1.000,0.0000,0.0000,0
2026-04-24,11:17:25,30991,1,-7.9840,-0.8989,0.0388,1.1414,4.6040,0,1.0000,-998,1,29.2424,-26.7066,83.6524,113.1971,-42.2062,0.792,0.000,1.000,0.0000,0.0000,0
2026-04-24,11:17:25,31027,1,-7.9840,-0.5305,0.0469,1.3786,4.6101,0,1.0000,-998,1,29.4035,1.9483,86.4651,95.4119,-62.4639,0.832,0.000,1.000,0.0000,0.0000,0
2026-04-24,11:17:25,31062,1,-7.9840,-0.7485,0.0479,1.4098,4.6145,0,1.0000,-998,1,29.0549,-11.9657,91.3391,137.1983,-79.2273,0.896,0.000,1.000,0.0000,0.0000,0
2026-04-24,11:17:26,31097,1,-7.9840,-1.0209,0.0612,1.7993,4.6214,0,1.0000,-998,1,28.8905,-11.5654,99.3139,210.6846,-93.6927,0.960,0.000,1.000,0.0000,0.0000,0
2026-04-24,11:17:26,31133,1,-7.9840,-0.8964,0.0464,1.3647,4.6284,0,1.0000,-998,1,28.0327,-32.9071,104.1927,136.3354,-65.4156,1.000,0.000,1.000,0.0000,0.0000,0
2026-04-24,11:17:26,31169,1,-7.9840,-0.8351,0.0354,1.0416,4.6338,0,1.0000,-998,1,26.8437,-39.4268,99.0374,-83.7208,-63.2534,1.000,0.000,1.000,0.0000,0.0000,0
2026-04-24,11:17:26,31204,1,-7.9840,-0.4248,0.0440,1.2939,4.6385,0,1.0000,-998,1,26.2043,-18.0380,96.3348,-69.6264,-60.6479,1.000,0.000,1.000,0.0000,0.0000,0
2026-04-24,11:17:26,31240,1,-6.3280,-0.1767,0.0043,0.1278,4.6397,0,1.0000,-791,1,26.1314,-8.6119,96.9115,-42.0836,-67.4122,0.976,0.000,0.999,0.0000,0.0000,0
2026-04-24,11:17:26,31276,1,-6.3280,-0.0018,0.0135,0.3979,4.6399,0,1.0000,-791,1,25.9247,-16.1641,102.9235,118.1974,-83.7482,0.944,0.000,1.000,0.0000,0.0000,0
2026-04-24,11:17:26,31311,1,0.0000,-0.0576,0.0216,0.6341,4.6402,0,1.0000,0,1,25.3772,-18.9914,112.0512,227.6598,-97.4624,0.912,0.000,1.000,0.0000,0.0000,0
2026-04-24,11:17:26,31347,1,0.0000,-0.0598,0.0292,0.8580,4.6407,0,1.0000,0,1,24.9243,-17.9914,119.7379,214.2626,-109.2366,0.904,0.000,1.000,0.0000,0.0000,0
2026-04-24,11:17:26,31382,1,0.0000,-0.0062,0.0263,0.7723,4.6407,0,1.0000,0,1,24.2129,-20.6246,116.9150,-7.3473,-65.9286,0.872,0.000,1.000,0.0000,0.0000,0
2026-04-24,11:17:26,31417,1,0.0000,0.0154,0.0244,0.7175,4.6407,0,1.0000,0,1,23.6707,-17.5172,100.9475,-318.9831,-29.2814,0.840,0.000,1.000,0.0000,0.0000,0
2026-04-24,11:17:26,31453,1,0.0000,0.0048,0.0265,0.7801,4.6407,0,1.0000,0,1,23.3854,-9.6801,91.7031,-301.9063,-38.9542,0.808,0.000,1.000,0.0000,0.0000,0
2026-04-24,11:17:26,31488,1,0.0000,0.0146,0.0249,0.7333,4.6407,0,1.0000,0,1,22.9722,-13.5638,85.5652,-262.4419,-59.7956,0.776,0.000,1.000,0.0000,0.0000,0
2026-04-24,11:17:26,31523,1,0.0000,0.0228,0.0220,0.6485,4.6405,0,1.0000,0,1,22.6333,-11.8973,65.0684,-500.1872,-70.3628,0.744,0.000,1.000,0.0000,0.0000,0
2026-04-24,11:17:26,31559,1,0.0000,0.1152,0.0080,0.2344,4.6400,0,1.0000,0,1,22.2000,-13.3672,47.7369,-542.0078,-80.1296,0.712,0.000,0.999,0.0000,0.0000,0
2026-04-24,11:17:26,31594,1,0.0000,0.0843,-0.0046,0.1346,4.6392,0,1.0000,0,1,21.8177,-12.2741,44.6761,-230.8720,-94.9059,0.680,0.000,0.996,0.0000,0.0000,0
2026-04-24,11:17:26,31630,1,0.0000,-0.0081,-0.0048,0.1406,4.6391,0,1.0000,0,1,21.4672,-8.1905,31.6576,-383.6387,-107.4441,0.648,0.000,0.993,0.0000,0.0000,0
2026-04-24,11:17:26,31665,1,0.0000,0.0061,-0.0050,0.1473,4.6391,0,1.0000,0,1,21.1247,-11.2118,13.3633,-471.3640,-118.0935,0.616,0.000,0.990,0.0000,0.0000,0
2026-04-24,11:17:26,31700,1,0.0000,0.0005,-0.0024,0.0716,4.6391,0,1.0000,0,1,21.3715,6.5012,16.0468,-97.5626,-127.1182,0.584,0.000,0.986,0.0000,0.0000,0
2026-04-24,11:17:26,31736,1,0.0000,-0.0055,-0.0050,0.1477,4.6392,0,1.0000,0,1,21.7273,14.4484,20.2684,81.0813,-134.6975,0.552,0.000,0.983,0.0000,0.0000,0
2026-04-24,11:17:26,31771,1,0.0000,-0.0701,0.0007,0.0216,4.6394,0,1.0000,0,1,22.4495,16.0216,28.4232,150.4743,-140.5373,0.520,0.000,0.980,0.0000,0.0000,0
2026-04-24,11:17:26,31807,1,0.0000,-0.0000,0.0061,0.1798,4.6396,0,1.0000,0,1,22.9208,6.1909,17.5239,-200.5637,-144.9566,0.488,0.000,0.977,0.0000,0.0000,0
2026-04-24,11:17:26,31842,1,0.0000,-0.0129,0.0037,0.1081,4.6396,0,1.0000,0,1,22.8895,-4.3705,8.4639,-244.5858,-121.5623,0.456,0.000,0.974,0.0000,0.0000,0
2026-04-24,11:17:26,31877,1,0.0000,0.0228,0.0017,0.0492,4.6394,0,1.0000,0,0,22.0382,-29.2833,-7.0730,-423.9124,-76.6581,0.424,0.000,0.970,0.0000,0.0000,0
2026-04-24,11:17:26,31912,1,0.0000,0.0156,-0.0000,0.0000,4.6393,0,1.0000,0,0,20.9493,-34.7785,-28.0631,-587.3383,-38.7426,0.392,0.016,0.967,0.0000,0.0000,0
2026-04-24,11:17:26,31948,1,0.0000,0.0016,-0.0005,0.0162,4.6393,0,1.0000,0,0,19.6865,-34.5379,-49.0642,-626.2906,-40.7538,0.360,0.080,0.964,0.0000,0.0000,0
2026-04-24,11:17:26,31983,1,0.0000,0.0112,-0.0009,0.0263,4.6393,0,1.0000,0,0,18.8157,-24.6173,-66.5249,-567.8188,-61.4067,0.328,0.144,0.961,0.0000,0.0000,0
2026-04-24,11:17:26,32018,1,0.0000,0.0048,-0.0013,0.0377,4.6392,0,1.0000,0,0,18.4653,-7.5816,-77.9433,-424.3315,-78.8733,0.296,0.208,0.958,0.0000,0.0000,0
2026-04-24,11:17:26,32053,1,0.0000,0.0000,-0.0015,0.0433,4.6392,0,1.0000,0,0,18.5615,3.3637,-86.9701,-339.8846,-93.7639,0.264,0.272,0.954,0.0000,0.0000,0
2026-04-24,11:17:27,32088,1,0.0000,-0.0007,0.0002,0.0052,4.6392,0,1.0000,0,0,18.9286,8.1397,-96.1075,-304.5149,-106.4888,0.232,0.336,0.951,0.0000,0.0000,0
2026-04-24,11:17:27,32123,1,0.0000,0.0072,-0.0015,0.0433,4.6392,0,1.0000,0,0,19.2486,8.1250,-103.9535,-268.2612,-117.2916,0.200,0.400,0.948,0.0000,0.0000,0
2026-04-24,11:17:27,32162,1,0.0000,-0.0081,-0.0046,0.1355,4.6392,0,1.0000,0,0,19.2629,0.3102,-107.7900,-229.9403,-122.0834,0.176,0.448,0.946,0.0000,0.0000,0
2026-04-24,11:17:27,32198,1,0.0000,0.0080,-0.0040,0.1183,4.6391,0,1.0000,0,0,18.9881,-8.5954,-113.7007,-196.5987,-130.5889,0.144,0.512,0.942,0.0000,0.0000,0
2026-04-24,11:17:27,32233,1,0.0000,-0.0020,-0.0044,0.1298,4.6391,0,1.0000,0,0,18.7412,-6.5702,-117.1594,-134.0593,-137.8105,0.112,0.576,0.939,0.0000,0.0000,0
2026-04-24,11:17:27,32268,1,0.0000,0.0004,-0.0037,0.1090,4.6391,0,1.0000,0,0,18.5597,-5.2032,-118.1590,-64.7401,-143.9877,0.080,0.640,0.936,0.0000,0.0000,0
2026-04-24,11:17:27,32303,1,0.0000,-0.0041,-0.0048,0.1415,4.6391,0,1.0000,0,0,18.5107,-0.8451,-117.5896,-13.1131,-149.2074,0.048,0.704,0.933,0.0000,0.0000,0
2026-04-24,11:17:27,32338,1,0.0000,-0.0091,-0.0055,0.1631,4.6391,0,1.0000,0,0,18.5447,1.4480,-117.5348,-4.0490,-153.6578,0.016,0.768,0.930,0.0000,0.0000,0
2026-04-24,11:17:27,32374,1,0.0000,0.0025,-0.0046,0.1356,4.6391,0,1.0000,0,0,18.5758,0.4842,-117.6953,-6.3170,-157.4472,0.000,0.832,0.926,0.0000,0.0000,0
2026-04-24,11:17:27,32409,1,0.0000,0.0009,-0.0062,0.1818,4.6391,0,1.0000,0,0,18.6455,2.0141,-118.0406,-9.8646,-160.6794,0.000,0.896,0.923,0.0000,0.0000,0
2026-04-24,11:17:27,32444,1,0.0000,0.0023,-0.0044,0.1297,4.6391,0,1.0000,0,0,18.6851,0.1212,-119.0945,-25.4752,-163.4421,0.000,0.960,0.920,0.0000,0.0000,0
2026-04-24,11:17:27,32479,1,0.0000,0.0001,-0.0051,0.1513,4.6391,0,1.0000,0,0,18.6722,-0.9131,-120.0364,-27.3500,-165.7631,0.000,1.000,0.917,0.0000,0.0000,0
2026-04-24,11:17:27,32514,1,0.0000,0.0051,-0.0053,0.1561,4.6390,0,1.0000,0,0,18.5369,-4.2767,-121.6014,-43.1219,-167.7487,0.000,1.000,0.914,0.0000,0.0000,0
2026-04-24,11:17:27,32550,1,0.0000,-0.0012,-0.0060,0.1777,4.6390,0,1.0000,0,0,18.4401,-2.1239,-123.5778,-56.0236,-169.4476,0.000,1.000,0.910,0.0000,0.0000,0
2026-04-24,11:17:27,32585,1,0.0000,0.0118,-0.0066,0.1944,4.6390,0,1.0000,0,0,18.4854,1.6842,-124.4227,-35.8915,-170.8725,0.000,1.000,0.907,0.0000,0.0000,0
2026-04-24,11:17:27,32620,1,0.0000,-0.0065,-0.0044,0.1308,4.6390,0,1.0000,0,0,18.6159,4.0403,-124.5556,-13.9504,-172.0778,0.000,1.000,0.904,0.0000,0.0000,0
2026-04-24,11:17:27,32655,1,0.0000,0.0091,-0.0062,0.1812,4.6390,0,1.0000,0,0,18.8741,8.3118,-124.8760,-11.3715,-173.1135,0.000,1.000,0.901,0.0000,0.0000,0
2026-04-24,11:17:27,32690,1,0.0000,-0.0063,-0.0057,0.1681,4.6390,0,1.0000,0,0,19.3507,12.9338,-125.6193,-20.0329,-174.0042,0.000,1.000,0.898,0.0000,0.0000,0
2026-04-24,11:17:27,32725,1,0.0000,0.0024,-0.0053,0.1573,4.6390,0,1.0000,0,0,19.9075,12.7280,-127.0462,-40.8691,-174.7549,0.000,1.000,0.894,0.0000,0.0000,0
2026-04-24,11:17:27,32761,1,0.0000,0.0029,-0.0049,0.1453,4.6390,0,1.0000,0,0,20.3450,10.0553,-130.3221,-82.8273,-175.3750,0.000,1.000,0.891,0.0000,0.0000,0
2026-04-24,11:17:27,32797,1,0.0000,0.0043,-0.0038,0.1129,4.6390,0,1.0000,0,0,20.5160,-0.2486,-133.5746,-94.5549,-175.8963,0.000,1.000,0.888,0.0000,0.0000,0
2026-04-24,11:17:27,32832,1,0.0000,0.0089,-0.0052,0.1535,4.6390,0,1.0000,0,0,20.2767,-12.8945,-136.4403,-92.0452,-176.3600,0.000,1.000,0.885,0.0000,0.0000,0
2026-04-24,11:17:27,32868,1,0.0000,-0.0008,-0.0049,0.1454,4.6390,0,1.0000,0,0,19.5047,-25.0603,-139.6653,-98.9530,-176.7390,0.000,1.000,0.882,0.0000,0.0000,0
2026-04-24,11:17:27,32904,1,0.0000,-0.0080,-0.0068,0.2005,4.6391,0,1.0000,0,0,18.6112,-28.5305,-142.4492,-90.6789,-177.0811,0.000,1.000,0.878,0.0000,0.0000,0
2026-04-24,11:17:27,32939,1,0.0000,0.0026,-0.0057,0.1681,4.6390,0,1.0000,0,0,17.8182,-25.2752,-144.7749,-78.2832,-177.3539,0.000,1.000,0.875,0.0000,0.0000,0
2026-04-24,11:17:27,32974,1,0.0000,-0.0037,-0.0043,0.1259,4.6390,0,1.0000,0,0,17.1116,-21.5410,-146.5416,-66.1759,-177.6006,0.000,1.000,0.872,0.0000,0.0000,0
2026-04-24,11:17:27,33009,1,0.0000,-0.0013,-0.0053,0.1573,4.6390,0,1.0000,0,0,16.5284,-18.0229,-148.2742,-57.1959,-177.8075,0.000,1.000,0.869,0.0000,0.0000,0
2026-04-24,11:17:27,33044,1,0.0000,-0.0064,-0.0048,0.1416,4.6390,0,1.0000,0,0,15.9879,-15.6693,-149.6328,-47.3277,-177.9968,0.000,0.984,0.866,0.0000,0.0000,0
2026-04-24,11:17:28,33082,1,0.0000,0.0114,-0.0075,0.2209,4.6390,0,1.0000,0,0,15.6194,-11.9726,-150.0372,-35.6871,-178.0454,0.000,0.960,0.863,0.0000,0.0000,0
2026-04-24,11:17:28,33117,1,0.0000,-0.0078,-0.0055,0.1632,4.6390,0,1.0000,0,0,15.5633,2.0952,-150.4808,-21.8231,-178.1454,0.000,0.928,0.860,0.0000,0.0000,0
2026-04-24,11:17:28,33152,1,0.0000,-0.0018,-0.0057,0.1668,4.6390,0,1.0000,0,0,15.8042,6.6122,-150.6929,-12.2443,-178.2576,0.000,0.896,0.857,0.0000,0.0000,0
2026-04-24,11:17:28,33187,1,0.0000,0.0027,-0.0055,0.1607,4.6390,0,1.0000,0,0,15.6542,-5.7104,-151.2272,-14.2907,-178.3723,0.000,0.864,0.854,0.0000,0.0000,0
2026-04-24,11:17:28,33222,1,0.0000,0.0071,-0.0063,0.1862,4.6390,0,1.0000,0,0,15.2952,-5.9586,-151.1022,-1.5232,-178.4385,0.000,0.832,0.850,0.0000,0.0000,0
2026-04-24,11:17:28,33257,1,0.0000,0.0180,-0.0061,0.1788,4.6390,0,1.0000,0,0,15.5997,3.6212,-150.8803,3.5455,-178.5194,0.000,0.800,0.847,0.0000,0.0000,0
2026-04-24,11:17:28,33292,1,0.0000,0.0004,-0.0065,0.1910,4.6390,0,1.0000,0,0,15.6036,-3.8489,-149.9048,20.9209,-178.6004,0.000,0.768,0.844,0.0000,0.0000,0
2026-04-24,11:17:28,33327,1,0.0000,0.0041,-0.0067,0.1957,4.6390,0,1.0000,0,0,14.6851,-26.2519,-149.9408,4.5428,-178.6840,0.000,0.736,0.841,0.0000,0.0000,0
2026-04-24,11:17:28,33362,1,0.0000,0.0166,-0.0088,0.2588,4.6389,0,1.0000,0,0,13.7882,-24.9088,-149.6737,9.6790,-178.7437,0.000,0.704,0.838,0.0000,0.0000,0
2026-04-24,11:17:28,33398,1,0.0000,-0.0001,-0.0075,0.2202,4.6390,0,1.0000,0,0,13.0966,-11.8210,-148.5215,29.4586,-178.7938,0.000,0.672,0.834,0.0000,0.0000,0
2026-04-24,11:17:28,33433,1,0.0000,-0.0054,-0.0073,0.2144,4.6390,0,1.0000,0,0,13.0471,2.2338,-145.1312,86.7655,-178.8293,0.000,0.640,0.831,0.0000,0.0000,0
2026-04-24,11:17:28,33469,1,0.0000,0.0001,-0.0070,0.2051,4.6390,0,1.0000,0,0,13.5877,20.9993,-139.1998,153.6666,-178.8463,0.000,0.608,0.828,0.0000,0.0000,0
2026-04-24,11:17:28,33504,1,0.0000,-0.0095,-0.0061,0.1788,4.6390,0,1.0000,0,0,14.4932,30.7665,-132.8853,179.4452,-178.8654,0.000,0.576,0.825,0.0000,0.0000,0
2026-04-24,11:17:28,33539,1,0.0000,0.0036,-0.0068,0.1989,4.6389,0,1.0000,0,0,15.5192,30.5172,-127.9715,161.7850,-178.8888,0.000,0.544,0.822,0.0000,0.0000,0
2026-04-24,11:17:28,33575,1,0.0000,-0.0052,-0.0066,0.1928,4.6390,0,1.0000,0,0,16.3783,26.5620,-123.9586,137.1373,-178.8849,0.000,0.512,0.818,0.0000,0.0000,0
2026-04-24,11:17:28,33610,1,0.0000,-0.0007,-0.0064,0.1896,4.6389,0,1.0000,0,0,17.0324,20.5188,-121.9192,88.0960,-178.8986,0.000,0.480,0.815,0.0000,0.0000,0
2026-04-24,11:17:28,33645,1,0.0000,0.0046,-0.0070,0.2065,4.6389,0,1.0000,0,0,17.5476,14.9205,-120.2297,65.3768,-178.9225,0.000,0.448,0.812,0.0000,0.0000,0
2026-04-24,11:17:28,33681,1,0.0000,0.0049,-0.0066,0.1928,4.6389,0,1.0000,0,0,17.8153,9.0756,-118.4062,60.1103,-178.9346,0.000,0.416,0.809,0.0000,0.0000,0
2026-04-24,11:17:28,33717,1,0.0000,0.0002,-0.0073,0.2144,4.6389,0,1.0000,0,0,17.9311,3.7306,-117.9075,26.6084,-178.9552,0.000,0.384,0.806,0.0000,0.0000,0
2026-04-24,11:17:28,33752,1,0.0000,0.0028,-0.0077,0.2264,4.6389,0,1.0000,0,0,18.0904,5.2614,-118.8314,-10.7031,-178.9447,0.000,0.352,0.802,0.0000,0.0000,0
2026-04-24,11:17:28,33787,1,0.0000,0.0035,-0.0071,0.2097,4.6389,0,1.0000,0,0,18.1948,4.3447,-119.1258,-7.2380,-178.9486,0.000,0.320,0.799,0.0000,0.0000,0
2026-04-24,11:17:28,33822,1,0.0000,0.0114,-0.0077,0.2266,4.6389,0,1.0000,0,0,18.3653,4.9417,-119.9218,-20.7643,-178.9486,0.000,0.288,0.796,0.0000,0.0000,0
2026-04-24,11:17:28,33857,1,0.0000,0.0090,-0.0079,0.2313,4.6389,0,1.0000,0,0,18.4717,3.7463,-120.1901,-11.0715,-178.9391,0.000,0.256,0.793,0.0000,0.0000,0
2026-04-24,11:17:28,33892,1,0.0000,0.0034,-0.0081,0.2372,4.6389,0,1.0000,0,0,18.5675,3.3226,-120.0860,3.4532,-178.9550,0.000,0.224,0.790,0.0000,0.0000,0
2026-04-24,11:17:28,33927,1,0.0000,0.0027,-0.0079,0.2313,4.6389,0,1.0000,0,0,18.6719,3.0588,-117.4567,56.1988,-178.9653,0.000,0.192,0.786,0.0000,0.0000,0
2026-04-24,11:17:28,33962,1,0.0000,-0.0096,-0.0068,0.1990,4.6390,0,1.0000,0,0,18.7439,3.1860,-115.7156,54.0382,-178.9840,0.000,0.160,0.783,0.0000,0.0000,0
2026-04-24,11:17:28,34003,1,0.0000,-0.0002,-0.0075,0.2205,4.6389,0,1.0000,0,0,18.7926,2.4065,-114.9283,45.1866,-178.9845,0.000,0.136,0.781,0.0000,0.0000,0
2026-04-24,11:17:28,34038,1,0.0000,-0.0143,-0.0071,0.2097,4.6390,0,1.0000,0,0,18.8443,1.0910,-114.5054,21.3769,-179.0047,0.000,0.104,0.778,0.0000,0.0000,0
2026-04-24,11:17:28,34073,1,0.0000,-0.0157,-0.0065,0.1911,4.6390,0,1.0000,0,0,18.9017,2.6055,-115.1614,-7.3414,-179.0028,0.000,0.072,0.774,0.0000,0.0000,0
2026-04-24,11:17:29,34109,1,0.0000,-0.0076,-0.0086,0.2541,4.6390,0,1.0000,0,0,18.9496,1.1087,-114.3900,16.3124,-178.9872,0.000,0.040,0.771,0.0000,0.0000,0
2026-04-24,11:17:29,34144,1,0.0000,0.0000,-0.0073,0.2158,4.6389,0,1.0000,0,0,18.9954,1.0348,-114.4222,2.7494,-178.9956,0.000,0.008,0.768,0.0000,0.0000,0
2026-04-24,11:17:29,34180,1,0.0000,0.0030,-0.0068,0.2004,4.6389,0,1.0000,0,0,19.0459,1.6449,-114.7077,-4.1666,-179.0026,0.000,0.000,0.765,0.0000,0.0000,0
2026-04-24,11:17:29,34216,1,0.0000,-0.0095,-0.0066,0.1928,4.6390,0,1.0000,0,0,19.0856,1.1248,-114.0722,11.6816,-178.9963,0.000,0.000,0.762,0.0000,0.0000,0
2026-04-24,11:17:29,34251,1,0.0000,0.0074,-0.0077,0.2265,4.6389,0,1.0000,0,0,19.1179,1.7482,-113.4233,17.8570,-178.9778,0.000,0.000,0.758,0.0000,0.0000,0
2026-04-24,11:17:29,34287,1,0.0000,0.0099,-0.0062,0.1834,4.6389,0,1.0000,0,0,19.1200,-0.0421,-112.8065,20.8403,-178.9903,0.000,0.000,0.755,0.0000,0.0000,0
2026-04-24,11:17:29,34322,1,0.0000,-0.0102,-0.0060,0.1759,4.6389,0,1.0000,0,0,19.1423,0.4923,-112.7834,4.0213,-178.9890,0.000,0.000,0.752,0.0000,0.0000,0
2026-04-24,11:17:29,34357,1,0.0000,-0.0049,-0.0070,0.2051,4.6390,0,1.0000,0,0,19.1462,0.0836,-113.7052,-19.6141,-178.9914,0.000,0.000,0.749,0.0000,0.0000,0
2026-04-24,11:17:29,34393,1,0.0000,0.0043,-0.0075,0.2220,4.6389,0,1.0000,0,0,19.1447,-0.3014,-114.6639,-22.8369,-178.9984,0.000,0.000,0.746,0.0000,0.0000,0
2026-04-24,11:17:29,34428,1,0.0000,0.0010,-0.0069,0.2019,4.6389,0,1.0000,0,0,19.1624,0.6325,-115.0334,-15.2372,-178.9986,0.000,0.000,0.742,0.0000,0.0000,0
2026-04-24,11:17:29,34463,1,0.0000,0.0017,-0.0078,0.2281,4.6389,0,1.0000,0,0,19.1658,0.1193,-114.1324,14.5138,-178.9844,0.000,0.000,0.739,0.0000,0.0000,0
2026-04-24,11:17:29,34498,1,0.0000,0.0080,-0.0075,0.2205,4.6389,0,1.0000,0,0,19.1716,-0.0234,-114.3222,-1.8764,-178.9805,0.000,0.000,0.736,0.0000,0.0000,0
2026-04-24,11:17:29,34533,1,0.0000,-0.0080,-0.0076,0.2249,4.6389,0,1.0000,0,0,19.1983,0.8056,-114.4389,-2.5178,-178.9787,0.000,0.000,0.733,0.0000,0.0000,0
2026-04-24,11:17:29,34568,1,0.0000,0.0101,-0.0071,0.2095,4.6389,0,1.0000,0,0,19.1988,0.2253,-114.4012,-1.0835,-178.9855,0.000,0.000,0.730,0.0000,0.0000,0
2026-04-24,11:17:29,34604,1,0.0000,0.0025,-0.0070,0.2050,4.6389,0,1.0000,0,0,19.2185,0.7919,-115.1774,-16.4167,-178.9834,0.000,0.000,0.726,0.0000,0.0000,0
2026-04-24,11:17:29,34639,1,0.0000,-0.0017,-0.0078,0.2296,4.6389,0,1.0000,0,0,19.2192,-0.0250,-114.8444,-0.5956,-178.9758,0.000,0.000,0.723,0.0000,0.0000,0
2026-04-24,11:17:29,34674,1,0.0000,-0.0078,-0.0075,0.2202,4.6390,0,1.0000,0,0,19.2211,0.0093,-115.6426,-14.8527,-178.9811,0.000,0.000,0.720,0.0000,0.0000,0
2026-04-24,11:17:29,34709,1,0.0000,-0.0163,-0.0089,0.2619,4.6390,0,1.0000,0,0,19.2349,0.7093,-115.5637,-3.7334,-178.9648,0.000,0.000,0.717,0.0000,0.0000,0
2026-04-24,11:17:29,34744,1,0.0000,-0.0077,-0.0061,0.1806,4.6390,0,1.0000,0,0,19.2504,0.7171,-115.9677,-10.0351,-178.9789,0.000,0.000,0.714,0.0000,0.0000,0
2026-04-24,11:17:29,34779,1,0.0000,0.0067,-0.0068,0.2004,4.6389,0,1.0000,0,0,19.2600,0.3612,-117.1979,-28.5951,-178.9844,0.000,0.000,0.710,0.0000,0.0000,0
2026-04-24,11:17:29,34815,1,0.0000,0.0095,-0.0072,0.2127,4.6389,0,1.0000,0,0,19.2701,0.1872,-117.9606,-27.1047,-178.9915,0.000,0.000,0.707,0.0000,0.0000,0
2026-04-24,11:17:29,34850,1,0.0000,-0.0090,-0.0082,0.2418,4.6390,0,1.0000,0,0,19.2709,0.2874,-119.0629,-35.9456,-179.0005,0.000,0.000,0.704,0.0000,0.0000,0
2026-04-24,11:17:29,34885,1,0.0000,0.0054,-0.0068,0.2004,4.6389,0,1.0000,0,0,19.2523,-0.3919,-120.6738,-44.2605,-179.0029,0.000,0.000,0.701,0.0000,0.0000,0
2026-04-24,11:17:29,34924,1,0.0000,0.0007,-0.0082,0.2404,4.6389,0,1.0000,0,0,19.2326,-0.3128,-121.0965,-31.5805,-178.9916,0.000,0.000,0.698,0.0000,0.0000,0
2026-04-24,11:17:29,34960,1,0.0000,0.0053,-0.0074,0.2173,4.6389,0,1.0000,0,0,19.2405,0.3460,-121.5716,-22.1321,-178.9935,0.000,0.000,0.695,0.0000,0.0000,0
2026-04-24,11:17:29,34995,1,0.0000,0.0092,-0.0061,0.1788,4.6389,0,1.0000,0,0,19.2279,-0.2249,-121.8469,-15.6209,-178.9917,0.000,0.000,0.692,0.0000,0.0000,0
2026-04-24,11:17:29,35030,1,0.0000,-0.0003,-0.0070,0.2050,4.6389,0,1.0000,0,0,19.2170,-0.6693,-122.7217,-22.3477,-178.9778,0.000,0.000,0.689,0.0000,0.0000,0
2026-04-24,11:17:29,35065,1,0.0000,0.0041,-0.0072,0.2127,4.6389,0,1.0000,0,0,19.2193,0.6439,-123.3455,-20.6229,-178.9713,0.000,0.000,0.686,0.0000,0.0000,0
2026-04-24,11:17:30,35100,1,0.0000,-0.0047,-0.0089,0.2620,4.6389,0,1.0000,0,0,19.2218,0.3036,-123.2778,-3.9778,-178.9744,0.000,0.000,0.682,0.0000,0.0000,0
2026-04-24,11:17:30,35135,1,0.0000,0.0196,-0.0079,0.2312,4.6389,0,1.0000,0,0,19.2356,0.7353,-123.7054,-9.0578,-178.9892,0.000,0.000,0.679,0.0000,0.0000,0
2026-04-24,11:17:30,35170,1,0.0000,-0.0042,-0.0047,0.1374,4.6389,0,1.0000,0,0,19.2262,-0.0988,-123.0249,12.6454,-178.9814,0.000,0.000,0.676,0.0000,0.0000,0
2026-04-24,11:17:30,35205,1,0.0000,-0.0027,-0.0064,0.1881,4.6389,0,1.0000,0,0,19.2455,0.8121,-122.7710,8.9192,-178.9685,0.000,0.000,0.673,0.0000,0.0000,0
2026-04-24,11:17:30,35241,1,0.0000,-0.0021,-0.0066,0.1943,4.6389,0,1.0000,0,0,19.2245,-0.6760,-123.0907,-3.2332,-178.9751,0.000,0.000,0.670,0.0000,0.0000,0
2026-04-24,11:17:30,35277,1,0.0000,0.0170,-0.0088,0.2574,4.6389,0,1.0000,0,0,19.2270,0.2472,-123.0847,-2.9524,-178.9700,0.000,0.000,0.666,0.0000,0.0000,0
2026-04-24,11:17:30,35312,1,0.0000,0.0086,-0.0081,0.2372,4.6389,0,1.0000,0,0,19.2187,-0.1643,-123.5730,-9.5805,-178.9747,0.000,0.000,0.663,0.0000,0.0000,0
2026-04-24,11:17:30,35347,1,0.0000,0.0023,-0.0067,0.1957,4.6389,0,1.0000,0,0,19.2164,-0.0926,-123.9270,-12.7406,-178.9840,0.000,0.000,0.660,0.0000,0.0000,0
2026-04-24,11:17:30,35382,1,0.0000,0.0080,-0.0066,0.1942,4.6389,0,1.0000,0,0,19.1965,-0.8590,-125.4410,-36.3999,-178.9790,0.000,0.000,0.657,0.0000,0.0000,0
2026-04-24,11:17:30,35418,1,0.0000,0.0087,-0.0073,0.2157,4.6389,0,1.0000,0,0,19.1947,-0.1571,-125.6552,-13.2776,-178.9792,0.000,0.000,0.654,0.0000,0.0000,0
2026-04-24,11:17:30,35453,1,0.0000,-0.0024,-0.0066,0.1928,4.6389,0,1.0000,0,0,19.1874,-0.4682,-124.0088,28.1886,-178.9669,0.000,0.000,0.650,0.0000,0.0000,0
2026-04-24,11:17:30,35488,1,0.0000,-0.0073,-0.0062,0.1820,4.6390,0,1.0000,0,0,19.2023,0.1252,-123.3910,22.9177,-178.9833,0.000,0.000,0.647,0.0000,0.0000,0
2026-04-24,11:17:30,35523,1,0.0000,0.0084,-0.0082,0.2404,4.6389,0,1.0000,0,0,19.2018,-0.0895,-122.1500,39.7899,-178.9800,0.000,0.000,0.644,0.0000,0.0000,0
2026-04-24,11:17:30,35558,1,0.0000,-0.0040,-0.0071,0.2097,4.6389,0,1.0000,0,0,19.2008,-0.0137,-120.3168,52.8919,-178.9913,0.000,0.000,0.641,0.0000,0.0000,0
2026-04-24,11:17:30,35593,1,0.0000,-0.0018,-0.0073,0.2144,4.6389,0,1.0000,0,0,19.2041,0.2320,-118.7184,47.9598,-179.0031,0.000,0.000,0.638,0.0000,0.0000,0
2026-04-24,11:17:30,35629,1,0.0000,-0.0029,-0.0080,0.2342,4.6389,0,1.0000,0,0,19.2020,-0.3300,-118.3651,23.8023,-178.9986,0.000,0.000,0.634,0.0000,0.0000,0
2026-04-24,11:17:30,35664,1,0.0000,-0.0073,-0.0066,0.1928,4.6390,0,1.0000,0,0,19.1966,-0.2878,-113.4784,132.4127,-179.0069,0.000,0.000,0.631,0.0000,0.0000,0
2026-04-24,11:17:30,35699,1,0.0000,0.0021,-0.0091,0.2666,4.6389,0,1.0000,0,0,19.1807,-0.4485,-106.6061,176.6781,-178.9997,0.000,0.000,0.628,0.0000,0.0000,0
2026-04-24,11:17:30,35734,1,0.0000,-0.0000,-0.0064,0.1881,4.6389,0,1.0000,0,0,19.1832,-0.0343,-104.5145,96.6240,-178.9969,0.000,0.000,0.625,0.0000,0.0000,0
2026-04-24,11:17:30,35769,1,0.0000,-0.0043,-0.0082,0.2404,4.6389,0,1.0000,0,0,19.1951,0.2691,-104.3706,39.5887,-178.9988,0.000,0.000,0.622,0.0000,0.0000,0
2026-04-24,11:17:30,35804,1,0.0000,0.0005,-0.0071,0.2095,4.6389,0,1.0000,0,0,19.2028,0.3648,-103.6091,32.6918,-178.9900,0.000,0.000,0.618,0.0000,0.0000,0
2026-04-24,11:17:30,35840,1,0.0000,-0.0051,-0.0086,0.2526,4.6389,0,1.0000,0,0,19.1935,0.0756,-103.4601,23.7037,-178.9849,0.000,0.000,0.616,0.0000,0.0000,0
2026-04-24,11:17:30,35875,1,0.0000,-0.0018,-0.0075,0.2205,4.6389,0,1.0000,0,0,19.2142,0.5757,-104.8212,-25.4976,-178.9824,0.000,0.000,0.613,0.0000,0.0000,0
2026-04-24,11:17:30,35910,1,0.0000,-0.0036,-0.0075,0.2220,4.6389,0,1.0000,0,0,19.2167,0.0633,-108.8764,-95.3044,-178.9865,0.000,0.000,0.610,0.0000,0.0000,0
2026-04-24,11:17:30,35945,1,0.0000,-0.0001,-0.0084,0.2480,4.6389,0,1.0000,0,0,19.2231,0.3376,-112.7185,-108.9541,-178.9994,0.000,0.000,0.606,0.0000,0.0000,0
2026-04-24,11:17:30,35980,1,0.0000,-0.0060,-0.0071,0.2097,4.6389,0,1.0000,0,0,19.2245,-0.0709,-114.2588,-70.8320,-178.9994,0.000,0.000,0.603,0.0000,0.0000,0
2026-04-24,11:17:30,36015,1,0.0000,0.0068,-0.0089,0.2620,4.6389,0,1.0000,0,0,19.2145,-0.3712,-116.9358,-76.1375,-179.0194,0.000,0.000,0.600,0.0000,0.0000,0
2026-04-24,11:17:30,36050,1,0.0000,-0.0027,-0.0059,0.1727,4.6390,0,1.0000,0,0,19.2026,-0.2042,-118.2466,-53.7773,-179.0054,0.000,0.000,0.597,0.0000,0.0000,0
2026-04-24,11:17:31,36085,1,0.0000,0.0020,-0.0071,0.2097,4.6389,0,1.0000,0,0,19.1959,-0.5577,-118.7437,-22.5220,-178.9954,0.000,0.000,0.594,0.0000,0.0000,0
2026-04-24,11:17:31,36120,1,0.0000,-0.0073,-0.0081,0.2372,4.6389,0,1.0000,0,0,19.2030,-0.2314,-118.2251,0.6304,-178.9889,0.000,0.000,0.590,0.0000,0.0000,0
2026-04-24,11:17:31,36156,1,0.0000,-0.0064,-0.0064,0.1882,4.6390,0,1.0000,0,0,19.1757,-1.0706,-119.1884,-21.6235,-178.9819,0.000,0.000,0.587,0.0000,0.0000,0
2026-04-24,11:17:31,36191,1,0.0000,0.0017,-0.0062,0.1820,4.6390,0,1.0000,0,0,19.1695,-0.3900,-120.2588,-28.4847,-178.9619,0.000,0.000,0.584,0.0000,0.0000,0
2026-04-24,11:17:31,36226,1,0.0000,-0.0072,-0.0077,0.2263,4.6390,0,1.0000,0,0,19.1588,-0.7236,-121.1946,-27.2945,-178.9700,0.000,0.000,0.581,0.0000,0.0000,0
2026-04-24,11:17:31,36261,1,0.0000,-0.0051,-0.0084,0.2465,4.6389,0,1.0000,0,0,19.1645,-0.1365,-121.4488,-13.9772,-178.9586,0.000,0.000,0.578,0.0000,0.0000,0
2026-04-24,11:17:31,36296,1,0.0000,-0.0090,-0.0059,0.1741,4.6390,0,1.0000,0,0,19.1761,0.7943,-121.1190,-1.5567,-178.9651,0.000,0.000,0.574,0.0000,0.0000,0
2026-04-24,11:17:31,36331,1,0.0000,0.0003,-0.0071,0.2095,4.6389,0,1.0000,0,0,19.1708,-0.1412,-121.2984,-3.9755,-178.9508,0.000,0.000,0.571,0.0000,0.0000,0
2026-04-24,11:17:31,36367,1,0.0000,-0.0064,-0.0072,0.2127,4.6389,0,1.0000,0,0,19.1727,0.0597,-116.0324,130.1382,-178.9674,0.000,0.000,0.568,0.0000,0.0000,0
2026-04-24,11:17:31,36402,1,0.0000,0.0022,-0.0087,0.2556,4.6389,0,1.0000,0,0,19.1793,0.3597,-110.3717,153.4708,-178.9665,0.000,0.000,0.565,0.0000,0.0000,0
2026-04-24,11:17:31,36437,1,0.0000,-0.0101,-0.0071,0.2098,4.6390,0,1.0000,0,0,19.1842,0.2974,-107.1532,118.4729,-178.9860,0.000,0.000,0.562,0.0000,0.0000,0
2026-04-24,11:17:31,36473,1,0.0000,-0.0032,-0.0079,0.2310,4.6390,0,1.0000,0,0,19.1879,-0.0054,-105.2187,79.5427,-178.9908,0.000,0.000,0.558,0.0000,0.0000,0
2026-04-24,11:17:31,36508,1,0.0000,0.0032,-0.0075,0.2218,4.6389,0,1.0000,0,0,19.1785,-0.2108,-105.0156,28.3872,-178.9733,0.000,0.000,0.555,0.0000,0.0000,0
2026-04-24,11:17:31,36543,1,0.0000,-0.0058,-0.0072,0.2109,4.6389,0,1.0000,0,0,19.1726,-0.2327,-107.0717,-34.8009,-178.9716,0.000,0.000,0.552,0.0000,0.0000,0
2026-04-24,11:17:31,36578,1,0.0000,0.0029,-0.0077,0.2279,4.6389,0,1.0000,0,0,19.1520,-0.5883,-108.5796,-41.8875,-178.9902,0.000,0.000,0.549,0.0000,0.0000,0
2026-04-24,11:17:31,36613,1,0.0000,0.0100,-0.0064,0.1881,4.6389,0,1.0000,0,0,19.1460,-0.4626,-110.2740,-52.5730,-178.9800,0.000,0.000,0.546,0.0000,0.0000,0
2026-04-24,11:17:31,36649,1,0.0000,-0.0124,-0.0071,0.2094,4.6390,0,1.0000,0,0,19.1591,0.3161,-111.9482,-49.3805,-178.9852,0.000,0.000,0.542,0.0000,0.0000,0
2026-04-24,11:17:31,36684,1,0.0000,0.0258,-0.0088,0.2590,4.6389,0,1.0000,0,0,19.1478,0.1241,-113.3335,-47.1065,-178.9871,0.000,0.000,0.539,0.0000,0.0000,0
2026-04-24,11:17:31,36719,1,0.0000,-0.0037,-0.0081,0.2372,4.6389,0,1.0000,0,0,19.1457,0.1403,-114.5671,-44.1551,-178.9865,0.000,0.000,0.536,0.0000,0.0000,0
2026-04-24,11:17:31,36760,1,0.0000,-0.0082,-0.0066,0.1943,4.6389,0,1.0000,0,0,19.1319,-0.4643,-115.7952,-49.1622,-178.9778,0.000,0.000,0.534,0.0000,0.0000,0
2026-04-24,11:17:31,36795,1,0.0000,0.0113,-0.0064,0.1881,4.6389,0,1.0000,0,0,19.1382,0.3752,-118.5039,-71.1253,-178.9810,0.000,0.000,0.530,0.0000,0.0000,0
2026-04-24,11:17:31,36830,1,0.0000,-0.0089,-0.0069,0.2036,4.6390,0,1.0000,0,0,19.1456,0.4856,-119.7425,-46.9115,-178.9924,0.000,0.000,0.527,0.0000,0.0000,0
2026-04-24,11:17:31,36865,1,0.0000,0.0038,-0.0084,0.2480,4.6389,0,1.0000,0,0,19.1279,-0.0169,-121.2543,-47.3808,-178.9885,0.000,0.000,0.524,0.0000,0.0000,0
2026-04-24,11:17:31,36900,1,0.0000,0.0026,-0.0066,0.1928,4.6389,0,1.0000,0,0,19.1282,0.4159,-123.1891,-58.1748,-178.9989,0.000,0.000,0.521,0.0000,0.0000,0
2026-04-24,11:17:31,36935,1,0.0000,-0.0030,-0.0070,0.2051,4.6389,0,1.0000,0,0,19.1265,0.3517,-125.1177,-56.2733,-178.9853,0.000,0.000,0.518,0.0000,0.0000,0
2026-04-24,11:17:31,36970,1,0.0000,-0.0221,-0.0072,0.2126,4.6390,0,1.0000,0,0,19.1280,-0.0111,-125.1848,-17.7743,-178.9927,0.000,0.000,0.514,0.0000,0.0000,0
2026-04-24,11:17:31,37005,1,0.0000,-0.0029,-0.0059,0.1741,4.6389,0,1.0000,0,0,19.1318,0.1765,-124.6124,4.2990,-178.9659,0.000,0.000,0.511,0.0000,0.0000,0
2026-04-24,11:17:31,37040,1,0.0000,-0.0071,-0.0061,0.1788,4.6390,0,1.0000,0,0,19.1345,-0.3553,-123.5368,24.4993,-178.9695,0.000,0.000,0.508,0.0000,0.0000,0
2026-04-24,11:17:31,37076,1,0.0000,0.0005,-0.0062,0.1835,4.6389,0,1.0000,0,0,19.1323,-0.2477,-122.1302,38.2342,-178.9808,0.000,0.000,0.505,0.0000,0.0000,0
2026-04-24,11:17:32,37111,1,0.0000,-0.0009,-0.0068,0.1989,4.6389,0,1.0000,0,0,19.1293,0.1380,-119.6581,69.2089,-179.0073,0.000,0.000,0.502,0.0000,0.0000,0
2026-04-24,11:17:32,37146,1,0.0000,-0.0009,-0.0071,0.2097,4.6389,0,1.0000,0,0,19.1501,0.5392,-118.9145,29.1790,-179.0171,0.000,0.000,0.498,0.0000,0.0000,0
2026-04-24,11:17:32,37181,1,0.0000,0.0052,-0.0078,0.2296,4.6389,0,1.0000,0,0,19.1502,-0.2969,-118.5794,20.9180,-179.0204,0.000,0.000,0.495,0.0000,0.0000,0
2026-04-24,11:17:32,37216,1,0.0000,-0.0039,-0.0074,0.2188,4.6389,0,1.0000,0,0,19.1597,0.2492,-118.1848,14.8191,-179.0193,0.000,0.000,0.492,0.0000,0.0000,0
2026-04-24,11:17:32,37251,1,0.0000,0.0081,-0.0063,0.1866,4.6389,0,1.0000,0,0,19.1353,-0.9415,-116.4721,46.2448,-179.0060,0.000,0.000,0.489,0.0000,0.0000,0
2026-04-24,11:17:32,37286,1,0.0000,-0.0066,-0.0082,0.2418,4.6390,0,1.0000,0,0,19.1547,0.6478,-114.0091,60.8322,-179.0138,0.000,0.000,0.486,0.0000,0.0000,0
2026-04-24,11:17:32,37321,1,0.0000,-0.0065,-0.0070,0.2062,4.6389,0,1.0000,0,0,19.1605,0.3701,-113.6265,31.5702,-179.0054,0.000,0.000,0.482,0.0000,0.0000,0
2026-04-24,11:17:32,37356,1,0.0000,-0.0047,-0.0061,0.1788,4.6390,0,1.0000,0,0,19.1634,0.4091,-114.2007,-8.7819,-179.0132,0.000,0.000,0.479,0.0000,0.0000,0
2026-04-24,11:17:32,37391,1,0.0000,0.0065,-0.0064,0.1881,4.6389,0,1.0000,0,0,19.1683,0.4793,-116.4184,-44.5309,-178.9822,0.000,0.000,0.476,0.0000,0.0000,0
2026-04-24,11:17:32,37426,1,0.0000,-0.0066,-0.0086,0.2526,4.6389,0,1.0000,0,0,19.1718,0.1956,-116.6070,-19.7326,-178.9697,0.000,0.000,0.473,0.0000,0.0000,0
2026-04-24,11:17:32,37461,1,0.0000,-0.0066,-0.0068,0.1990,4.6390,0,1.0000,0,0,19.1570,-0.4528,-118.4564,-44.0646,-178.9669,0.000,0.000,0.470,0.0000,0.0000,0
2026-04-24,11:17:32,37496,1,0.0000,-0.0050,-0.0071,0.2097,4.6389,0,1.0000,0,0,19.1668,0.2400,-117.4861,7.9306,-178.9758,0.000,0.000,0.466,0.0000,0.0000,0
2026-04-24,11:17:32,37531,1,0.0000,-0.0100,-0.0080,0.2357,4.6389,0,1.0000,0,0,19.1732,-0.0482,-117.3086,4.0123,-178.9645,0.000,0.000,0.463,0.0000,0.0000,0
2026-04-24,11:17:32,37566,1,0.0000,-0.0086,-0.0070,0.2065,4.6390,0,1.0000,0,0,19.1557,-0.4719,-117.7258,-5.1917,-178.9898,0.000,0.000,0.460,0.0000,0.0000,0
2026-04-24,11:17:32,37601,1,0.0000,-0.0024,-0.0080,0.2357,4.6390,0,1.0000,0,0,19.1487,0.0290,-117.4591,1.2226,-178.9667,0.000,0.000,0.457,0.0000,0.0000,0
2026-04-24,11:17:32,37636,1,0.0000,-0.0123,-0.0057,0.1666,4.6390,0,1.0000,0,0,19.1523,-0.2039,-117.3905,5.4605,-178.9485,0.000,0.000,0.454,0.0000,0.0000,0
2026-04-24,11:17:32,37676,1,0.0000,-0.0026,-0.0064,0.1881,4.6389,0,1.0000,0,0,19.1565,0.1226,-117.1319,8.2119,-178.9382,0.000,0.000,0.451,0.0000,0.0000,0
2026-04-24,11:17:32,37711,1,0.0000,0.0009,-0.0070,0.2050,4.6389,0,1.0000,0,0,19.1514,-0.2618,-116.3798,19.8890,-178.9469,0.000,0.000,0.448,0.0000,0.0000,0
2026-04-24,11:17:32,37746,1,0.0000,0.0006,-0.0070,0.2065,4.6389,0,1.0000,0,0,19.1532,-0.0887,-115.9288,11.8025,-178.9521,0.000,0.000,0.445,0.0000,0.0000,0
2026-04-24,11:17:32,37782,1,0.0000,0.0051,-0.0059,0.1727,4.6389,0,1.0000,0,0,19.1569,0.5299,-116.4617,-7.7153,-178.9556,0.000,0.000,0.442,0.0000,0.0000,0
2026-04-24,11:17:32,37817,1,0.0000,0.0022,-0.0072,0.2112,4.6389,0,1.0000,0,0,19.1484,-0.2927,-117.1283,-12.8738,-178.9578,0.000,0.000,0.438,0.0000,0.0000,0
2026-04-24,11:17:32,37852,1,0.0000,0.0107,-0.0067,0.1957,4.6389,0,1.0000,0,0,19.1512,0.5348,-116.1906,15.1164,-178.9341,0.000,0.000,0.435,0.0000,0.0000,0
2026-04-24,11:17:32,37887,1,0.0000,-0.0060,-0.0070,0.2051,4.6389,0,1.0000,0,0,19.1541,-0.3365,-114.5072,40.2796,-178.9181,0.000,0.000,0.432,0.0000,0.0000,0
2026-04-24,11:17:32,37922,1,0.0000,0.0023,-0.0071,0.2095,4.6389,0,1.0000,0,0,19.1587,0.1847,-113.3267,37.6430,-178.9067,0.000,0.000,0.429,0.0000,0.0000,0
2026-04-24,11:17:32,37957,1,0.0000,0.0088,-0.0056,0.1650,4.6389,0,1.0000,0,0,19.1619,0.1775,-112.7911,23.4772,-178.9025,0.000,0.000,0.426,0.0000,0.0000,0
2026-04-24,11:17:32,37992,1,0.0000,0.0110,-0.0061,0.1788,4.6389,0,1.0000,0,0,19.1688,0.5175,-113.3864,-3.4437,-178.9095,0.000,0.000,0.422,0.0000,0.0000,0
2026-04-24,11:17:32,38027,1,0.0000,0.0008,-0.0059,0.1727,4.6389,0,1.0000,0,0,19.1374,-1.1243,-114.1133,-15.9277,-178.9094,0.000,0.000,0.419,0.0000,0.0000,0
2026-04-24,11:17:32,38063,1,0.0000,-0.0000,-0.0081,0.2372,4.6389,0,1.0000,0,0,19.1380,-0.0379,-116.6232,-60.8023,-178.9097,0.000,0.000,0.416,0.0000,0.0000,0
2026-04-24,11:17:33,38098,1,0.0000,0.0055,-0.0080,0.2357,4.6389,0,1.0000,0,0,19.1544,0.6947,-119.7671,-84.4783,-178.9269,0.000,0.000,0.413,0.0000,0.0000,0
2026-04-24,11:17:33,38133,1,0.0000,0.0076,-0.0090,0.2650,4.6389,0,1.0000,0,0,19.1424,-0.7176,-114.2858,109.0598,-178.9335,0.000,0.000,0.410,0.0000,0.0000,0
2026-04-24,11:17:33,38168,1,0.0000,-0.0118,-0.0077,0.2263,4.6390,0,1.0000,0,0,19.1359,-0.4760,-108.7532,141.9753,-178.9472,0.000,0.000,0.406,0.0000,0.0000,0
2026-04-24,11:17:33,38203,1,0.0000,-0.0025,-0.0061,0.1788,4.6390,0,1.0000,0,0,19.1242,-0.1947,-106.2195,98.2334,-178.9590,0.000,0.000,0.403,0.0000,0.0000,0
2026-04-24,11:17:33,38238,1,0.0000,0.0086,-0.0064,0.1881,4.6389,0,1.0000,0,0,19.1308,0.1808,-106.0197,37.0398,-178.9554,0.000,0.000,0.400,0.0000,0.0000,0
2026-04-24,11:17:33,38273,1,0.0000,-0.0084,-0.0060,0.1774,4.6390,0,1.0000,0,0,19.1192,-0.6390,-106.9221,-4.7504,-178.9539,0.000,0.000,0.397,0.0000,0.0000,0
2026-04-24,11:17:33,38309,1,0.0000,0.0095,-0.0072,0.2127,4.6389,0,1.0000,0,0,19.1387,0.3181,-106.8850,1.4692,-178.9349,0.000,0.000,0.394,0.0000,0.0000,0
2026-04-24,11:17:33,38345,1,0.0000,-0.0024,-0.0077,0.2266,4.6389,0,1.0000,0,0,19.1291,0.1824,-107.4991,-16.3843,-178.9387,0.000,0.000,0.390,0.0000,0.0000,0
2026-04-24,11:17:33,38380,1,0.0000,0.0046,-0.0078,0.2296,4.6389,0,1.0000,0,0,19.1317,-0.1556,-110.2422,-65.0997,-178.9373,0.000,0.000,0.387,0.0000,0.0000,0
2026-04-24,11:17:33,38415,1,0.0000,0.0007,-0.0066,0.1928,4.6390,0,1.0000,0,0,19.1432,0.4883,-113.2164,-84.7295,-178.9361,0.000,0.000,0.384,0.0000,0.0000,0
2026-04-24,11:17:33,38450,1,0.0000,-0.0106,-0.0075,0.2191,4.6390,0,1.0000,0,0,19.1498,0.3906,-115.7371,-80.4230,-178.9380,0.000,0.000,0.381,0.0000,0.0000,0
2026-04-24,11:17:33,38485,1,0.0000,-0.0039,-0.0063,0.1849,4.6390,0,1.0000,0,0,19.1338,-0.1313,-117.0206,-52.4756,-178.9397,0.000,0.000,0.378,0.0000,0.0000,0
2026-04-24,11:17:33,38520,1,0.0000,0.0114,-0.0069,0.2036,4.6389,0,1.0000,0,0,19.1232,-0.5767,-118.2161,-44.0439,-178.9396,0.000,0.000,0.374,0.0000,0.0000,0
2026-04-24,11:17:33,38555,1,0.0000,-0.0030,-0.0079,0.2310,4.6389,0,1.0000,0,0,19.1436,1.1067,-119.6116,-43.4458,-178.9342,0.000,0.000,0.371,0.0000,0.0000,0
2026-04-24,11:17:33,38591,1,0.0000,-0.0132,-0.0082,0.2403,4.6390,0,1.0000,0,0,19.1376,0.3800,-119.6312,-29.5724,-178.9356,0.000,0.000,0.369,0.0000,0.0000,0
2026-04-24,11:17:33,38626,1,0.0000,-0.0080,-0.0060,0.1774,4.6390,0,1.0000,0,0,19.1296,-0.2163,-119.2498,3.4531,-178.9334,0.000,0.000,0.366,0.0000,0.0000,0
2026-04-24,11:17:33,38661,1,0.0000,0.0005,-0.0080,0.2357,4.6389,0,1.0000,0,0,19.1240,0.0406,-118.5222,9.0245,-178.9398,0.000,0.000,0.362,0.0000,0.0000,0
2026-04-24,11:17:33,38697,1,0.0000,-0.0118,-0.0096,0.2817,4.6390,0,1.0000,0,0,19.1145,-0.2049,-118.3556,9.8779,-178.9502,0.000,0.000,0.359,0.0000,0.0000,0
2026-04-24,11:17:33,38732,1,0.0000,0.0059,-0.0076,0.2235,4.6389,0,1.0000,0,0,19.1131,-0.1987,-117.5697,14.4472,-178.9415,0.000,0.000,0.356,0.0000,0.0000,0
2026-04-24,11:17:33,38767,1,0.0000,0.0019,-0.0094,0.2774,4.6389,0,1.0000,0,0,19.1279,0.5492,-117.5911,5.9051,-178.9502,0.000,0.000,0.353,0.0000,0.0000,0
2026-04-24,11:17:33,38803,1,0.0000,0.0122,-0.0066,0.1943,4.6389,0,1.0000,0,0,19.1219,0.1123,-117.5329,2.7977,-178.9251,0.000,0.000,0.350,0.0000,0.0000,0
2026-04-24,11:17:33,38838,1,0.0000,-0.0026,-0.0084,0.2465,4.6389,0,1.0000,0,0,19.1294,0.2975,-117.0079,13.2547,-178.9457,0.000,0.000,0.346,0.0000,0.0000,0
2026-04-24,11:17:33,38874,1,0.0000,0.0074,-0.0082,0.2404,4.6389,0,1.0000,0,0,19.1177,-0.0381,-117.0668,1.7758,-178.9447,0.000,0.000,0.343,0.0000,0.0000,0
2026-04-24,11:17:33,38909,1,0.0000,0.0108,-0.0066,0.1942,4.6389,0,1.0000,0,0,19.1051,-0.0036,-117.2153,-1.3430,-178.9573,0.000,0.000,0.340,0.0000,0.0000,0
2026-04-24,11:17:33,38945,1,0.0000,-0.0044,-0.0064,0.1882,4.6390,0,1.0000,0,0,19.1092,0.3724,-117.1793,2.4842,-178.9653,0.000,0.000,0.337,0.0000,0.0000,0
2026-04-24,11:17:33,38980,1,0.0000,-0.0030,-0.0080,0.2357,4.6389,0,1.0000,0,0,19.1129,-0.2711,-116.9655,5.4770,-178.9505,0.000,0.000,0.334,0.0000,0.0000,0
2026-04-24,11:17:33,39015,1,0.0000,0.0014,-0.0062,0.1835,4.6389,0,1.0000,0,0,19.1188,0.1493,-116.9465,-0.2457,-178.9535,0.000,0.000,0.330,0.0000,0.0000,0
2026-04-24,11:17:33,39050,1,0.0000,0.0033,-0.0067,0.1957,4.6389,0,1.0000,0,0,19.1257,0.1854,-117.3407,-11.1685,-178.9576,0.000,0.000,0.327,0.0000,0.0000,0
2026-04-24,11:17:34,39085,1,0.0000,0.0078,-0.0088,0.2588,4.6389,0,1.0000,0,0,19.1315,-0.1782,-118.3273,-26.4418,-178.9570,0.000,0.000,0.324,0.0000,0.0000,0
2026-04-24,11:17:34,39120,1,0.0000,0.0089,-0.0091,0.2681,4.6389,0,1.0000,0,0,19.1395,0.3995,-119.0717,-24.1645,-178.9671,0.000,0.000,0.321,0.0000,0.0000,0
2026-04-24,11:17:34,39155,1,0.0000,0.0092,-0.0071,0.2097,4.6389,0,1.0000,0,0,19.1417,-0.2973,-120.5781,-35.3107,-178.9832,0.000,0.000,0.318,0.0000,0.0000,0
2026-04-24,11:17:34,39190,1,0.0000,0.0060,-0.0078,0.2297,4.6389,0,1.0000,0,0,19.1283,-0.2398,-119.9605,1.0616,-178.9870,0.000,0.000,0.314,0.0000,0.0000,0
2026-04-24,11:17:34,39225,1,0.0000,0.0059,-0.0076,0.2234,4.6389,0,1.0000,0,0,19.1035,-0.3369,-119.1303,12.8543,-179.0116,0.000,0.000,0.311,0.0000,0.0000,0
2026-04-24,11:17:34,39260,1,0.0000,-0.0040,-0.0071,0.2097,4.6389,0,1.0000,0,0,19.0990,0.1535,-114.0169,125.8939,-179.0097,0.000,0.000,0.308,0.0000,0.0000,0
2026-04-24,11:17:34,39295,1,0.0000,-0.0052,-0.0070,0.2051,4.6390,0,1.0000,0,0,19.1191,0.3521,-109.3513,134.3808,-179.0016,0.000,0.000,0.305,0.0000,0.0000,0
2026-04-24,11:17:34,39331,1,0.0000,-0.0227,-0.0075,0.2220,4.6390,0,1.0000,0,0,19.1218,0.0109,-106.7137,96.1691,-179.0104,0.000,0.000,0.302,0.0000,0.0000,0
2026-04-24,11:17:34,39366,1,0.0000,0.0086,-0.0069,0.2035,4.6389,0,1.0000,0,0,19.1398,0.6760,-107.6157,12.8538,-178.9947,0.000,0.000,0.298,0.0000,0.0000,0
2026-04-24,11:17:34,39401,1,0.0000,0.0004,-0.0073,0.2141,4.6389,0,1.0000,0,0,19.1399,0.2287,-108.4304,-12.3239,-178.9971,0.000,0.000,0.295,0.0000,0.0000,0
2026-04-24,11:17:34,39436,1,0.0000,-0.0060,-0.0069,0.2036,4.6389,0,1.0000,0,0,19.1145,-0.5718,-109.4435,-24.9470,-179.0064,0.000,0.000,0.292,0.0000,0.0000,0
2026-04-24,11:17:34,39471,1,0.0000,-0.0059,-0.0079,0.2313,4.6389,0,1.0000,0,0,19.1243,0.4059,-110.5838,-34.7070,-178.9924,0.000,0.000,0.289,0.0000,0.0000,0
2026-04-24,11:17:34,39511,1,0.0000,-0.0039,-0.0076,0.2249,4.6389,0,1.0000,0,0,19.1018,-0.2804,-109.9058,-3.8317,-178.9920,0.000,0.000,0.286,0.0000,0.0000,0
2026-04-24,11:17:34,39547,1,0.0000,0.0119,-0.0073,0.2158,4.6389,0,1.0000,0,0,19.1056,0.6964,-109.2540,5.8467,-178.9966,0.000,0.000,0.283,0.0000,0.0000,0
2026-04-24,11:17:34,39582,1,0.0000,0.0077,-0.0089,0.2605,4.6389,0,1.0000,0,0,19.1034,-0.4148,-110.3178,-21.1251,-179.0098,0.000,0.000,0.280,0.0000,0.0000,0
2026-04-24,11:17:34,39617,1,0.0000,0.0006,-0.0072,0.2110,4.6389,0,1.0000,0,0,19.0955,0.1071,-112.2251,-48.7644,-179.0107,0.000,0.000,0.277,0.0000,0.0000,0
2026-04-24,11:17:34,39652,1,0.0000,0.0059,-0.0070,0.2065,4.6389,0,1.0000,0,0,19.1062,0.3534,-114.0900,-52.8905,-179.0091,0.000,0.000,0.274,0.0000,0.0000,0
2026-04-24,11:17:34,39687,1,0.0000,-0.0023,-0.0075,0.2205,4.6389,0,1.0000,0,0,19.1026,0.4457,-114.9503,-37.2777,-179.0070,0.000,0.000,0.270,0.0000,0.0000,0
2026-04-24,11:17:34,39723,1,0.0000,-0.0049,-0.0068,0.2004,4.6390,0,1.0000,0,0,19.1216,0.3157,-116.2534,-40.9687,-179.0088,0.000,0.000,0.267,0.0000,0.0000,0
2026-04-24,11:17:34,39758,1,0.0000,-0.0084,-0.0080,0.2357,4.6389,0,1.0000,0,0,19.1083,-0.1115,-103.5817,262.6039,-178.9973,0.000,0.000,0.264,0.0000,0.0000,0
2026-04-24,11:17:34,39793,1,0.0000,-0.0074,-0.0077,0.2264,4.6389,0,1.0000,0,0,19.1106,0.3298,-95.8821,231.7948,-178.9904,0.000,0.000,0.261,0.0000,0.0000,0
2026-04-24,11:17:34,39828,1,0.0000,-0.0017,-0.0073,0.2158,4.6389,0,1.0000,0,0,19.1052,0.1936,-95.4627,83.3874,-178.9870,0.000,0.000,0.258,0.0000,0.0000,0
2026-04-24,11:17:34,39864,1,0.0000,-0.0098,-0.0075,0.2220,4.6389,0,1.0000,0,0,19.0949,-0.4897,-96.5075,7.9608,-178.9663,0.000,0.000,0.254,0.0000,0.0000,0
2026-04-24,11:17:34,39899,1,0.0000,0.0064,-0.0084,0.2465,4.6389,0,1.0000,0,0,19.1123,0.5633,-98.0689,-29.1898,-178.9696,0.000,0.000,0.251,0.0000,0.0000,0
2026-04-24,11:17:34,39935,1,0.0000,0.0050,-0.0069,0.2036,4.6389,0,1.0000,0,0,19.1038,0.1658,-99.4134,-36.8721,-178.9982,0.000,0.000,0.248,0.0000,0.0000,0
2026-04-24,11:17:34,39970,1,0.0000,-0.0085,-0.0081,0.2371,4.6390,0,1.0000,0,0,19.0956,-0.6842,-100.1870,-32.6369,-178.9933,0.000,0.000,0.245,0.0000,0.0000,0
2026-04-24,11:17:34,40005,1,0.0000,0.0009,-0.0086,0.2527,4.6389,0,1.0000,0,0,19.0997,0.5894,-102.8608,-69.1508,-178.9929,0.000,0.000,0.242,0.0000,0.0000,0
2026-04-24,11:17:34,40040,1,0.0000,0.0012,-0.0069,0.2035,4.6389,0,1.0000,0,0,19.1070,0.0501,-108.0124,-131.8368,-178.9932,0.000,0.000,0.238,0.0000,0.0000,0
2026-04-24,11:17:34,40075,1,0.0000,0.0040,-0.0070,0.2049,4.6389,0,1.0000,0,0,19.1140,0.5083,-112.6881,-138.9790,-178.9911,0.000,0.000,0.235,0.0000,0.0000,0
2026-04-24,11:17:35,40110,1,0.0000,0.0037,-0.0064,0.1896,4.6389,0,1.0000,0,0,19.1210,0.2667,-115.6940,-113.4224,-178.9821,0.000,0.000,0.232,0.0000,0.0000,0
2026-04-24,11:17:35,40145,1,0.0000,0.0060,-0.0091,0.2681,4.6389,0,1.0000,0,0,19.1175,-0.2795,-117.3469,-66.0051,-178.9959,0.000,0.000,0.229,0.0000,0.0000,0
2026-04-24,11:17:35,40180,1,0.0000,-0.0094,-0.0075,0.2191,4.6390,0,1.0000,0,0,19.1317,0.2532,-117.1620,-21.1762,-178.9844,0.000,0.000,0.226,0.0000,0.0000,0
2026-04-24,11:17:35,40215,1,0.0000,-0.0039,-0.0070,0.2051,4.6389,0,1.0000,0,0,19.1449,0.3663,-116.6942,4.4948,-178.9793,0.000,0.000,0.222,0.0000,0.0000,0
2026-04-24,11:17:35,40250,1,0.0000,0.0028,-0.0080,0.2357,4.6389,0,1.0000,0,0,19.1411,-0.0835,-117.2594,-15.9912,-178.9664,0.000,0.000,0.219,0.0000,0.0000,0
2026-04-24,11:17:35,40285,1,0.0000,0.0022,-0.0056,0.1636,4.6389,0,1.0000,0,0,19.1604,0.6151,-118.3686,-26.4965,-178.9592,0.000,0.000,0.216,0.0000,0.0000,0
2026-04-24,11:17:35,40320,1,0.0000,-0.0025,-0.0069,0.2036,4.6389,0,1.0000,0,0,19.1575,-0.0681,-117.4650,14.2468,-178.9686,0.000,0.000,0.213,0.0000,0.0000,0
2026-04-24,11:17:35,40355,1,0.0000,0.0064,-0.0061,0.1788,4.6389,0,1.0000,0,0,19.1663,0.3193,-117.4568,-4.3482,-178.9859,0.000,0.000,0.210,0.0000,0.0000,0
2026-04-24,11:17:35,40390,1,0.0000,-0.0102,-0.0087,0.2573,4.6390,0,1.0000,0,0,19.1637,-0.2790,-118.9007,-23.9582,-178.9789,0.000,0.000,0.206,0.0000,0.0000,0
2026-04-24,11:17:35,40428,1,0.0000,-0.0018,-0.0071,0.2082,4.6389,0,1.0000,0,0,19.1508,-0.3455,-118.3312,-11.5528,-178.9653,0.000,0.000,0.204,0.0000,0.0000,0
2026-04-24,11:17:35,40463,1,0.0000,0.0083,-0.0068,0.1989,4.6389,0,1.0000,0,0,19.1254,-0.2489,-117.1628,18.0250,-178.9476,0.000,0.000,0.201,0.0000,0.0000,0
2026-04-24,11:17:35,40498,1,0.0000,-0.0010,-0.0080,0.2357,4.6389,0,1.0000,0,0,19.1120,-0.7849,-118.1665,-15.4793,-178.9509,0.000,0.000,0.198,0.0000,0.0000,0
2026-04-24,11:17:35,40533,1,0.0000,0.0002,-0.0090,0.2634,4.6389,0,1.0000,0,0,19.1551,1.1698,-119.5513,-33.5191,-178.9397,0.000,0.000,0.194,0.0000,0.0000,0
2026-04-24,11:17:35,40569,1,0.0000,0.0126,-0.0073,0.2143,4.6389,0,1.0000,0,0,19.1392,-0.1153,-119.6760,-14.1085,-178.9417,0.000,0.000,0.191,0.0000,0.0000,0
2026-04-24,11:17:35,40604,1,0.0000,-0.0038,-0.0056,0.1651,4.6389,0,1.0000,0,0,19.1038,-1.2018,-121.2372,-36.2599,-178.9320,0.000,0.000,0.188,0.0000,0.0000,0
2026-04-24,11:17:35,40639,1,0.0000,0.0071,-0.0085,0.2512,4.6389,0,1.0000,0,0,19.0968,-0.1043,-121.7707,-20.9565,-178.9292,0.000,0.000,0.185,0.0000,0.0000,0
2026-04-24,11:17:35,40675,1,0.0000,0.0041,-0.0075,0.2220,4.6389,0,1.0000,0,0,19.0852,-0.5016,-121.6451,-3.9956,-178.9359,0.000,0.000,0.182,0.0000,0.0000,0
2026-04-24,11:17:35,40710,1,0.0000,-0.0053,-0.0071,0.2097,4.6389,0,1.0000,0,0,19.0841,-0.6093,-120.5062,23.9979,-178.9695,0.000,0.000,0.178,0.0000,0.0000,0
2026-04-24,11:17:35,40745,1,0.0000,0.0019,-0.0088,0.2587,4.6389,0,1.0000,0,0,19.0751,-0.4994,-119.7648,21.8333,-178.9707,0.000,0.000,0.175,0.0000,0.0000,0
2026-04-24,11:17:35,40780,1,0.0000,0.0038,-0.0069,0.2036,4.6389,0,1.0000,0,0,19.0764,-0.5657,-119.0743,22.4686,-178.9852,0.000,0.000,0.172,0.0000,0.0000,0
2026-04-24,11:17:35,40815,1,0.0000,0.0045,-0.0082,0.2404,4.6389,0,1.0000,0,0,19.0960,0.1006,-118.5009,14.8796,-178.9677,0.000,0.000,0.169,0.0000,0.0000,0
2026-04-24,11:17:35,40851,1,0.0000,0.0055,-0.0081,0.2374,4.6389,0,1.0000,0,0,19.1154,0.3170,-119.1026,-8.2523,-178.9763,0.000,0.000,0.166,0.0000,0.0000,0
2026-04-24,11:17:35,40887,1,0.0000,0.0034,-0.0069,0.2036,4.6389,0,1.0000,0,0,19.1034,-0.7670,-119.5988,-11.5744,-178.9630,0.000,0.000,0.162,0.0000,0.0000,0
2026-04-24,11:17:35,40922,1,0.0000,-0.0112,-0.0053,0.1558,4.6390,0,1.0000,0,0,19.0887,-0.7801,-119.3640,2.0417,-178.9730,0.000,0.000,0.159,0.0000,0.0000,0
2026-04-24,11:17:35,40957,1,0.0000,-0.0028,-0.0066,0.1943,4.6390,0,1.0000,0,0,19.0336,-1.2742,-118.6788,12.0052,-178.9652,0.000,0.000,0.156,0.0000,0.0000,0
2026-04-24,11:17:35,40992,1,0.0000,0.0059,-0.0081,0.2387,4.6389,0,1.0000,0,0,19.0004,-0.8188,-118.3822,10.8414,-178.9596,0.000,0.000,0.153,0.0000,0.0000,0
2026-04-24,11:17:35,41027,1,0.0000,-0.0192,-0.0065,0.1910,4.6390,0,1.0000,0,0,19.0339,0.3560,-117.8913,14.3826,-178.9658,0.000,0.000,0.150,0.0000,0.0000,0
2026-04-24,11:17:35,41062,1,0.0000,0.0062,-0.0077,0.2264,4.6389,0,1.0000,0,0,19.0483,0.2242,-117.3747,17.0782,-178.9638,0.000,0.000,0.146,0.0000,0.0000,0
2026-04-24,11:17:36,41097,1,0.0000,0.0005,-0.0082,0.2404,4.6389,0,1.0000,0,0,18.9901,-2.2192,-117.1158,11.4930,-178.9686,0.000,0.000,0.143,0.0000,0.0000,0
2026-04-24,11:17:36,41132,1,0.0000,0.0071,-0.0086,0.2527,4.6389,0,1.0000,0,0,18.9423,-1.1770,-116.3012,18.9028,-178.9675,0.000,0.000,0.140,0.0000,0.0000,0
2026-04-24,11:17:36,41167,1,0.0000,0.0131,-0.0085,0.2512,4.6389,0,1.0000,0,0,18.8903,-1.5664,-116.1193,9.1314,-178.9588,0.000,0.000,0.137,0.0000,0.0000,0
2026-04-24,11:17:36,41202,1,0.0000,-0.0057,-0.0067,0.1975,4.6389,0,1.0000,0,0,18.8095,-2.3340,-115.6796,13.8671,-178.9601,0.000,0.000,0.134,0.0000,0.0000,0
2026-04-24,11:17:36,41237,1,0.0000,-0.0076,-0.0082,0.2403,4.6390,0,1.0000,0,0,18.6949,-2.9125,-114.8949,20.1428,-178.9656,0.000,0.000,0.130,0.0000,0.0000,0
2026-04-24,11:17:36,41273,1,0.0000,0.0057,-0.0071,0.2095,4.6389,0,1.0000,0,0,18.6141,-1.9704,-113.8143,31.4125,-178.9591,0.000,0.000,0.127,0.0000,0.0000,0
2026-04-24,11:17:36,41308,1,0.0000,0.0009,-0.0080,0.2343,4.6389,0,1.0000,0,0,18.6824,2.0306,-113.1947,19.6915,-178.9517,0.000,0.000,0.124,0.0000,0.0000,0
2026-04-24,11:17:36,41343,1,0.0000,-0.0032,-0.0068,0.2004,4.6389,0,1.0000,0,0,18.7277,1.8025,-113.4991,10.1243,-178.9493,0.000,0.000,0.122,0.0000,0.0000,0
2026-04-24,11:17:36,41379,1,0.0000,-0.0050,-0.0065,0.1911,4.6390,0,1.0000,0,0,18.8345,3.0375,-117.0949,-74.5702,-178.9420,0.000,0.000,0.118,0.0000,0.0000,0
2026-04-24,11:17:36,41414,1,0.0000,-0.0015,-0.0074,0.2190,4.6389,0,1.0000,0,0,18.8683,1.2380,-119.6496,-75.4678,-178.9214,0.000,0.000,0.115,0.0000,0.0000,0
2026-04-24,11:17:36,41449,1,0.0000,0.0002,-0.0085,0.2512,4.6389,0,1.0000,0,0,18.9657,2.7698,-120.1362,-31.3629,-178.9262,0.000,0.000,0.112,0.0000,0.0000,0
2026-04-24,11:17:36,41484,1,0.0000,-0.0077,-0.0060,0.1774,4.6389,0,1.0000,0,0,19.0208,1.2144,-119.9195,-10.8690,-178.9216,0.000,0.000,0.109,0.0000,0.0000,0
2026-04-24,11:17:36,41519,1,0.0000,-0.0090,-0.0070,0.2051,4.6390,0,1.0000,0,0,19.0321,0.7544,-118.4634,30.6164,-178.9188,0.000,0.000,0.106,0.0000,0.0000,0
2026-04-24,11:17:36,41554,1,0.0000,-0.0115,-0.0075,0.2202,4.6390,0,1.0000,0,0,19.0886,2.0291,-116.3799,50.0165,-178.9289,0.000,0.000,0.102,0.0000,0.0000,0
2026-04-24,11:17:36,41589,1,0.0000,-0.0026,-0.0066,0.1928,4.6389,0,1.0000,0,0,19.3285,6.2881,-115.0648,45.7247,-178.9313,0.000,0.000,0.099,0.0000,0.0000,0
2026-04-24,11:17:36,41624,1,0.0000,0.0044,-0.0070,0.2050,4.6389,0,1.0000,0,0,19.5259,3.9910,-114.6690,20.0189,-178.9268,0.000,0.000,0.096,0.0000,0.0000,0
2026-04-24,11:17:36,41659,1,0.0000,-0.0002,-0.0072,0.2126,4.6390,0,1.0000,0,0,19.9658,11.1874,-115.9237,-21.1569,-178.9128,0.000,0.000,0.093,0.0000,0.0000,0
2026-04-24,11:17:36,41695,1,0.0000,0.0183,-0.0071,0.2080,4.6389,0,1.0000,0,0,20.3839,7.0201,-118.1953,-56.4059,-178.9157,0.000,0.000,0.090,0.0000,0.0000,0
2026-04-24,11:17:36,41730,1,0.0000,-0.0022,-0.0061,0.1788,4.6390,0,1.0000,0,0,19.7874,-19.1505,-121.4281,-88.3139,-178.9503,0.000,0.000,0.086,0.0000,0.0000,0
2026-04-24,11:17:36,41766,1,0.0000,-0.0065,-0.0069,0.2036,4.6390,0,1.0000,0,0,18.7738,-32.3210,-125.0493,-104.3929,-178.9724,0.000,0.000,0.083,0.0000,0.0000,0
2026-04-24,11:17:36,41801,1,0.0000,-0.0025,-0.0062,0.1835,4.6389,0,1.0000,0,0,17.6798,-28.6634,-128.9417,-120.6554,-178.9639,0.000,0.000,0.080,0.0000,0.0000,0
2026-04-24,11:17:36,41836,1,0.0000,0.0027,-0.0068,0.1989,4.6389,0,1.0000,0,0,16.8982,-19.9622,-131.8867,-98.5559,-178.9633,0.000,0.000,0.077,0.0000,0.0000,0
2026-04-24,11:17:36,41872,1,0.0000,-0.0062,-0.0061,0.1788,4.6389,0,1.0000,0,0,16.8182,-0.2725,-132.3100,-41.0431,-178.9668,0.000,0.000,0.074,0.0000,0.0000,0
2026-04-24,11:17:36,41907,1,0.0000,-0.0076,-0.0075,0.2202,4.6389,0,1.0000,0,0,17.1275,12.0398,-131.4740,8.0172,-178.9605,0.000,0.000,0.070,0.0000,0.0000,0
2026-04-24,11:17:36,41942,1,0.0000,0.0071,-0.0075,0.2220,4.6389,0,1.0000,0,0,17.5938,12.5565,-129.0674,55.0027,-178.9671,0.000,0.000,0.067,0.0000,0.0000,0
2026-04-24,11:17:36,41978,1,0.0000,-0.0060,-0.0062,0.1835,4.6390,0,1.0000,0,0,17.9683,11.7266,-125.9453,83.8347,-178.9510,0.000,0.000,0.064,0.0000,0.0000,0
2026-04-24,11:17:36,42013,1,0.0000,-0.0018,-0.0091,0.2681,4.6389,0,1.0000,0,0,18.1539,6.9221,-124.7097,50.1461,-178.9442,0.000,0.000,0.061,0.0000,0.0000,0
2026-04-24,11:17:36,42048,1,0.0000,0.0036,-0.0090,0.2634,4.6389,0,1.0000,0,0,18.3013,3.1084,-125.0574,10.7038,-178.9310,0.000,0.000,0.058,0.0000,0.0000,0
2026-04-24,11:17:37,42083,1,0.0000,0.0048,-0.0076,0.2249,4.6389,0,1.0000,0,0,18.4484,5.9704,-124.4687,16.6103,-178.9337,0.000,0.000,0.054,0.0000,0.0000,0
2026-04-24,11:17:37,42119,1,0.0000,0.0029,-0.0081,0.2373,4.6389,0,1.0000,0,0,18.4967,2.2412,-123.7934,21.4647,-178.9488,0.000,0.000,0.051,0.0000,0.0000,0
2026-04-24,11:17:37,42155,1,0.0000,0.0112,-0.0066,0.1942,4.6389,0,1.0000,0,0,18.5960,1.8954,-123.0349,24.2180,-178.9388,0.000,0.000,0.048,0.0000,0.0000,0
2026-04-24,11:17:37,42190,1,0.0000,-0.0021,-0.0066,0.1928,4.6389,0,1.0000,0,0,18.6874,3.9169,-123.6979,-4.9308,-178.9359,0.000,0.000,0.045,0.0000,0.0000,0
2026-04-24,11:17:37,42225,1,0.0000,-0.0077,-0.0071,0.2094,4.6390,0,1.0000,0,0,18.7137,0.4229,-123.2291,10.8879,-178.9305,0.000,0.000,0.042,0.0000,0.0000,0
2026-04-24,11:17:37,42264,1,0.0000,0.0070,-0.0076,0.2235,4.6389,0,1.0000,0,0,18.7144,0.4392,-122.9084,11.1841,-178.9372,0.000,0.000,0.039,0.0000,0.0000,0
2026-04-24,11:17:37,42300,1,0.0000,0.0043,-0.0085,0.2512,4.6389,0,1.0000,0,0,18.7767,2.6147,-122.7011,10.6483,-178.9408,0.000,0.000,0.036,0.0000,0.0000,0
2026-04-24,11:17:37,42335,1,0.0000,-0.0015,-0.0070,0.2050,4.6389,0,1.0000,0,0,18.8338,1.7929,-122.1198,15.4074,-178.9559,0.000,0.000,0.033,0.0000,0.0000,0
2026-04-24,11:17:37,42370,1,0.0000,0.0071,-0.0072,0.2112,4.6389,0,1.0000,0,0,18.9200,2.1808,-121.3673,25.6146,-178.9393,0.000,0.000,0.030,0.0000,0.0000,0
2026-04-24,11:17:37,42405,1,0.0000,0.0097,-0.0082,0.2420,4.6389,0,1.0000,0,0,18.9327,1.3666,-120.4753,23.5592,-178.9504,0.000,0.000,0.026,0.0000,0.0000,0
2026-04-24,11:17:37,42440,1,0.0000,0.0042,-0.0073,0.2158,4.6389,0,1.0000,0,0,18.9616,0.8639,-120.7085,1.2966,-178.9507,0.000,0.000,0.023,0.0000,0.0000,0
2026-04-24,11:17:37,42475,1,0.0000,0.0003,-0.0091,0.2682,4.6389,0,1.0000,0,0,19.0002,1.7539,-120.9426,-3.9915,-178.9645,0.000,0.000,0.020,0.0000,0.0000,0
2026-04-24,11:17:37,42511,1,0.0000,-0.0096,-0.0057,0.1665,4.6389,0,1.0000,0,0,19.0241,0.8330,-120.8053,0.4258,-178.9672,0.000,0.000,0.017,0.0000,0.0000,0
2026-04-24,11:17:37,42546,1,0.0000,-0.0036,-0.0055,0.1603,4.6389,0,1.0000,0,0,19.0652,1.1468,-121.1366,-7.4729,-178.9597,0.000,0.000,0.014,0.0000,0.0000,0
2026-04-24,11:17:37,42581,1,0.0000,-0.0087,-0.0062,0.1835,4.6389,0,1.0000,0,0,19.0981,1.5570,-121.4994,-9.8519,-178.9647,0.000,0.000,0.010,0.0000,0.0000,0
2026-04-24,11:17:37,42616,1,0.0000,-0.0077,-0.0060,0.1773,4.6389,0,1.0000,0,0,19.1327,0.9321,-122.3063,-22.5399,-178.9601,0.000,0.000,0.007,0.0000,0.0000,0
2026-04-24,11:17:37,42651,1,0.0000,0.0043,-0.0064,0.1896,4.6389,0,1.0000,0,0,19.2250,2.5468,-123.0551,-17.1266,-178.9452,0.000,0.000,0.004,0.0000,0.0000,0
2026-04-24,11:17:37,42687,1,0.0000,-0.0033,-0.0071,0.2095,4.6389,0,1.0000,0,0,19.2744,1.4525,-122.0564,16.6686,-178.9529,0.000,0.000,0.001,0.0000,0.0000,0
2026-04-24,11:17:37,42723,1,0.0000,0.0043,-0.0082,0.2405,4.6389,0,1.0000,0,0,19.2887,0.0067,-120.9363,27.1512,-178.9495,0.000,0.000,0.000,0.0000,0.0000,0
2026-04-24,11:17:37,42758,1,0.0000,-0.0080,-0.0073,0.2158,4.6389,0,1.0000,0,0,19.2777,-0.2700,-120.4752,16.8628,-178.9473,0.000,0.000,0.000,0.0000,0.0000,0
2026-04-24,11:17:37,42794,1,0.0000,0.0036,-0.0078,0.2297,4.6389,0,1.0000,0,0,19.4030,4.4041,-120.4074,4.6078,-178.9334,0.000,0.000,0.000,0.0000,0.0000,0
2026-04-24,11:17:37,42829,1,0.0000,0.0218,-0.0072,0.2111,4.6389,0,1.0000,0,0,19.6139,2.0226,-122.1645,-38.8653,-178.9267,0.000,0.000,0.000,0.0000,0.0000,0
2026-04-24,11:17:37,42865,1,0.0000,0.0083,-0.0073,0.2158,4.6389,0,1.0000,0,0,19.3916,-9.9118,-124.3999,-59.9090,-178.9280,0.000,0.000,0.000,0.0000,0.0000,0
2026-04-24,11:17:37,42901,1,0.0000,0.0130,-0.0093,0.2729,4.6389,0,1.0000,0,0,18.9157,-12.2755,-125.6894,-43.6129,-178.9436,0.000,0.000,0.000,0.0000,0.0000,0
2026-04-24,11:17:37,42936,1,0.0000,0.0029,-0.0092,0.2715,4.6389,0,1.0000,0,0,18.3573,-13.4589,-125.9730,-23.5893,-178.9524,0.000,0.000,0.000,0.0000,0.0000,0
2026-04-24,11:17:37,42971,1,0.0000,-0.0022,-0.0069,0.2034,4.6389,0,1.0000,0,0,18.4158,2.5674,-125.7372,2.6600,-178.9703,0.000,0.000,0.000,0.0000,0.0000,0
2026-04-24,11:17:37,43006,1,0.0000,0.0109,-0.0075,0.2203,4.6389,0,1.0000,0,0,18.8870,15.6310,-124.0842,33.2090,-178.9622,0.000,0.000,0.000,0.0000,0.0000,0
2026-04-24,11:17:37,43041,1,0.0000,-0.0083,-0.0061,0.1788,4.6389,0,1.0000,0,0,19.3855,13.9710,-122.3278,46.4405,-178.9786,0.000,0.000,0.000,0.0000,0.0000,0
2026-04-24,11:17:37,43076,1,0.0000,0.0140,-0.0077,0.2265,4.6389,0,1.0000,0,0,19.7054,7.4055,-122.4186,6.8796,-178.9774,0.000,0.000,0.000,0.0000,0.0000,0
2026-04-24,11:17:38,43111,1,0.0000,0.0139,-0.0068,0.1987,4.6389,0,1.0000,0,0,19.5215,-7.2193,-124.7305,-45.1834,-178.9814,0.000,0.000,0.000,0.0000,0.0000,0
2026-04-24,11:17:38,43146,1,0.0000,0.0078,-0.0071,0.2095,4.6389,0,1.0000,0,0,19.1448,-11.0764,-127.7776,-77.0068,-179.0238,0.000,0.000,0.000,0.0000,0.0000,0
2026-04-24,11:17:38,43186,1,0.0000,0.0064,-0.0074,0.2173,4.6389,0,1.0000,0,0,18.9181,-6.4275,-128.7637,-62.6099,-179.0368,0.000,0.000,0.000,0.0000,0.0000,0
2026-04-24,11:17:38,43222,1,0.0000,-0.0005,-0.0078,0.2280,4.6389,0,1.0000,0,0,18.9022,-0.7290,-129.9876,-44.5611,-172.0914,0.000,0.000,0.000,0.0000,0.0000,0
2026-04-24,11:17:38,43257,1,0.0000,0.0038,-0.0081,0.2372,4.6389,0,1.0000,0,0,19.1582,7.3433,-129.6310,-4.8730,-152.1662,0.000,0.000,0.000,0.0000,0.0000,0
2026-04-24,11:17:38,43292,1,0.0000,-0.0755,-0.0048,0.1406,4.6391,0,1.0000,0,0,20.0690,29.8597,-130.3055,-17.1986,-103.5288,0.000,0.000,0.000,0.0000,0.0000,0
2026-04-24,11:17:38,43327,1,0.0000,-0.0107,-0.0018,0.0539,4.6393,0,1.0000,0,0,22.4336,62.5513,-133.8867,-82.0029,-89.6247,0.000,0.000,0.000,0.0000,0.0000,0
2026-04-24,11:17:38,43362,1,0.0000,0.0171,0.0015,0.0433,4.6394,0,1.0000,0,0,23.3801,8.5208,-139.6782,-146.7076,-103.0839,0.000,0.000,0.000,0.0000,0.0000,0
2026-04-24,11:17:38,43397,1,0.0000,-0.0202,0.0029,0.0866,4.6395,0,1.0000,0,0,22.0567,-48.1539,-145.7145,-174.8665,-113.8302,0.000,0.000,0.000,0.0000,0.0000,0
2026-04-24,11:17:38,43433,1,0.0000,-0.0123,0.0050,0.1479,4.6395,0,1.0000,0,0,19.5988,-67.9099,-144.5103,14.8983,-116.5033,0.000,0.000,0.000,0.0000,0.0000,0
2026-04-24,11:17:38,43468,1,0.0000,-0.0065,0.0044,0.1298,4.6395,0,1.0000,0,0,17.6044,-70.1367,-136.7423,143.7985,-104.7242,0.000,0.000,0.000,0.0000,0.0000,0
2026-04-24,11:17:38,43503,1,0.0000,0.0085,0.0037,0.1090,4.6395,0,1.0000,0,0,15.4827,-50.4504,-137.0625,34.8766,-83.4446,0.000,0.000,0.000,0.0000,0.0000,0
2026-04-24,11:17:38,43539,1,0.0000,-0.0126,0.0045,0.1322,4.6395,0,1.0000,0,0,14.5101,-25.7580,-140.4922,-60.5708,-97.4754,0.000,0.000,0.000,0.0000,0.0000,0
2026-04-24,11:17:38,43575,1,0.0000,-0.0091,0.0033,0.0958,4.6395,0,1.0000,0,0,14.9906,10.6165,-138.9400,60.0596,-109.6134,0.000,0.000,0.000,0.0000,0.0000,0
2026-04-24,11:17:38,43611,1,0.0000,0.0070,0.0022,0.0655,4.6395,0,1.0000,0,0,15.5263,8.5313,-117.3149,443.4568,-112.8167,0.000,0.000,0.000,0.0000,0.0000,0
2026-04-24,11:17:38,43646,1,0.0000,0.0279,-0.0009,0.0270,4.6393,0,1.0000,0,0,14.7778,-24.0104,-110.0847,281.9095,-116.5323,0.000,0.000,0.000,0.0000,0.0000,0
2026-04-24,11:17:38,43681,1,0.0000,0.0095,0.0000,0.0000,4.6393,0,1.0000,0,0,13.4827,-39.7303,-100.9206,329.1349,-125.9417,0.000,0.000,0.000,0.0000,0.0000,0
2026-04-24,11:17:38,43717,1,0.0000,0.0130,-0.0016,0.0485,4.6392,0,1.0000,0,0,12.1484,-31.7743,-95.3893,201.6268,-133.9071,0.000,0.000,0.000,0.0000,0.0000,0
2026-04-24,11:17:38,43752,1,0.0000,-0.0171,-0.0015,0.0433,4.6392,0,1.0000,0,0,11.7259,-9.2762,-86.4247,252.7749,-140.6228,0.000,0.000,0.000,0.0000,0.0000,0
2026-04-24,11:17:38,43787,1,0.0000,0.0004,-0.0044,0.1295,4.6392,0,1.0000,0,0,12.5483,28.8892,-88.1864,32.4754,-146.3211,0.000,0.000,0.000,0.0000,0.0000,0
2026-04-24,11:17:38,43823,1,0.0000,0.0002,-0.0004,0.0112,4.6392,0,1.0000,0,0,13.6025,26.4339,-97.3735,-181.8186,-151.1572,0.000,0.000,0.000,0.0000,0.0000,0
2026-04-24,11:17:38,43858,1,0.0000,0.0029,-0.0013,0.0383,4.6393,0,1.0000,0,0,14.1981,13.6311,-99.5567,-46.1988,-155.3798,0.000,0.000,0.000,0.0000,0.0000,0
2026-04-24,11:17:38,43893,1,0.0000,0.0053,-0.0006,0.0167,4.6393,0,1.0000,0,0,14.0044,-4.7087,-89.9580,204.5256,-144.7861,0.000,0.000,0.000,0.0000,0.0000,0
2026-04-24,11:17:38,43928,1,0.0000,-0.0075,-0.0009,0.0272,4.6393,0,1.0000,0,0,13.5771,-13.2074,-82.7985,184.8799,-124.3150,0.000,0.000,0.000,0.0000,0.0000,0
2026-04-24,11:17:38,43963,1,0.0000,-0.0022,-0.0009,0.0272,4.6393,0,1.0000,0,0,13.5030,-2.5065,-77.5194,203.1309,-132.6066,0.000,0.000,0.000,0.0000,0.0000,0
2026-04-24,11:17:38,43998,1,0.0000,-0.0043,-0.0002,0.0055,4.6393,0,1.0000,0,0,13.3338,-4.7288,-69.1397,284.7282,-139.5598,0.000,0.000,0.000,0.0000,0.0000,0
2026-04-24,11:17:38,44033,1,0.0000,-0.0004,-0.0009,0.0275,4.6393,0,1.0000,0,0,13.1571,-6.3404,-49.5704,474.0986,-145.4278,0.000,0.000,0.000,0.0000,0.0000,0
2026-04-24,11:17:38,44068,1,0.0000,-0.0044,-0.0016,0.0483,4.6393,0,1.0000,0,0,13.0253,-2.7733,-37.3396,412.2270,-150.3600,0.000,0.000,0.000,0.0000,0.0000,0
2026-04-24,11:17:39,44108,1,0.0000,0.0050,-0.0009,0.0269,4.6393,0,1.0000,0,0,12.9292,-1.8545,-33.0774,340.3214,-152.5840,0.000,0.000,0.000,0.0000,0.0000,0
2026-04-24,11:17:39,44143,1,0.0000,-0.0025,-0.0007,0.0216,4.6393,0,1.0000,0,0,12.9812,1.5472,-12.7699,558.3661,-156.5677,0.000,0.032,0.000,0.0000,0.0000,0
2026-04-24,11:17:39,44178,1,0.0000,-0.0042,-0.0006,0.0164,4.6393,0,1.0000,0,0,13.0128,2.0078,14.2610,765.2243,-159.9526,0.000,0.096,0.000,0.0000,0.0000,0
2026-04-24,11:17:39,44213,1,0.0000,-0.0011,-0.0004,0.0111,4.6393,0,1.0000,0,0,12.9866,-1.0288,42.1846,849.9068,-162.8192,0.000,0.160,0.000,0.0000,0.0000,0
2026-04-24,11:17:39,44248,1,0.0000,0.0010,-0.0009,0.0270,4.6393,0,1.0000,0,0,13.0420,2.5169,67.8465,819.9784,-165.2261,0.000,0.224,0.000,0.0000,0.0000,0
2026-04-24,11:17:39,44283,1,0.0000,-0.0091,0.0006,0.0162,4.6393,0,1.0000,0,0,13.0351,0.0528,89.9525,736.1251,-167.3488,0.000,0.288,0.000,0.0000,0.0000,0
2026-04-24,11:17:39,44318,1,1.3440,-0.0003,0.0009,0.0268,4.6394,0,1.0000,168,1,13.0720,1.4230,108.3624,632.4876,-169.1834,0.000,0.352,0.000,0.0000,0.0000,0
2026-04-24,11:17:39,44355,1,4.0480,3.3379,0.1700,5.0003,4.6289,0,1.0000,506,1,14.8606,75.8104,122.8156,512.4796,-143.5781,0.000,0.416,0.024,0.0000,0.0000,0
2026-04-24,11:17:39,44390,1,4.0480,4.3919,0.1197,3.5219,4.5988,0,1.0000,506,1,13.8085,-51.1453,122.7251,179.9118,-148.7402,0.000,0.480,0.056,0.0000,0.0000,0
2026-04-24,11:17:39,44427,1,4.0880,4.0674,0.1122,3.2999,4.5657,0,1.0000,511,1,13.0190,10.1522,126.6678,153.7313,-119.1162,0.048,0.544,0.088,0.0000,0.0000,0
2026-04-24,11:17:39,44462,1,4.0880,4.2742,0.1347,3.9627,4.5360,0,1.0000,511,1,11.6333,-70.3770,129.2113,78.8281,-121.3008,0.040,0.608,0.120,0.0000,0.0000,0
2026-04-24,11:17:39,44498,1,4.0880,4.4220,0.0570,1.6756,4.5005,0,1.0000,511,1,10.9526,-0.1748,129.2501,40.4006,-83.1178,0.104,0.672,0.152,0.0000,0.0000,0
2026-04-24,11:17:39,44534,1,4.0880,4.0294,0.0818,2.4066,4.4692,0,1.0000,511,1,12.4872,35.6508,126.0101,-63.7722,-89.9002,0.120,0.736,0.184,0.0000,0.0000,0
2026-04-24,11:17:39,44569,1,4.0880,4.0938,0.0780,2.2950,4.4387,0,1.0000,511,1,12.6887,-4.6839,119.5179,-183.4519,-77.5912,0.088,0.800,0.216,0.0000,0.0000,0
2026-04-24,11:17:39,44604,1,4.0880,4.1694,0.0726,2.1367,4.4081,0,1.0000,511,1,12.7966,1.1971,115.5836,-124.3565,-71.4335,0.056,0.864,0.248,0.0000,0.0000,0
2026-04-24,11:17:39,44640,1,4.0800,4.0727,0.0612,1.7987,4.3760,0,1.0000,510,1,12.2294,-10.2268,118.8663,29.2017,-68.2765,0.024,0.928,0.280,0.0000,0.0000,0
2026-04-24,11:17:39,44676,1,4.0800,4.1420,0.0595,1.7489,4.3451,0,1.0000,510,1,12.7420,19.1665,124.0795,120.3577,-44.0076,0.000,0.992,0.312,0.0000,0.0000,0
2026-04-24,11:17:39,44712,1,4.0800,4.0057,0.0697,2.0502,4.3138,0,1.0000,510,1,13.1873,20.4202,124.7423,32.3979,-63.9435,0.000,1.000,0.344,0.0000,0.0000,0
2026-04-24,11:17:39,44749,1,4.0880,3.9343,0.0895,2.6337,4.2826,0,1.0000,511,1,13.3447,1.3129,123.7032,-25.9784,-48.7149,0.000,1.000,0.376,0.0000,0.0000,0
2026-04-24,11:17:39,44784,1,4.0880,3.9990,0.0968,2.8481,4.2526,0,1.0000,511,1,13.6323,12.6368,120.6051,-54.9886,-68.2056,0.000,1.000,0.408,0.0000,0.0000,0
2026-04-24,11:17:39,44819,1,4.0880,4.0963,0.0948,2.7878,4.2222,0,1.0000,511,1,13.5968,7.3333,115.7403,-120.0192,-71.8428,0.000,1.000,0.440,0.0000,0.0000,0
2026-04-24,11:17:39,44855,1,4.0880,4.0481,0.1090,3.2069,4.1905,0,1.0000,511,1,13.8070,13.7473,115.4402,-41.4491,-54.7696,0.000,1.000,0.472,0.0000,0.0000,0
2026-04-24,11:17:39,44891,1,4.0880,4.0166,0.1136,3.3419,4.1594,0,1.0000,511,1,14.0958,12.4199,117.9425,44.0931,-73.1818,0.000,1.000,0.504,0.0000,0.0000,0
2026-04-24,11:17:39,44926,1,4.0880,4.1419,0.1059,3.1137,4.1284,0,1.0000,511,1,14.7346,9.2443,121.7822,92.3691,-63.3392,0.000,1.000,0.536,0.0000,0.0000,0
2026-04-24,11:17:39,44962,1,4.0880,4.0919,0.0987,2.9018,4.0973,0,1.0000,511,1,15.1277,15.8910,126.5315,132.6474,-66.4099,0.000,0.976,0.568,0.0000,0.0000,0
2026-04-24,11:17:39,44997,1,4.0880,3.9900,0.1102,3.2399,4.0669,0,1.0000,511,1,15.0178,-4.2525,131.0139,136.4629,-83.0889,0.000,0.944,0.600,0.0000,0.0000,0
2026-04-24,11:17:39,45037,1,4.0880,4.0821,0.1120,3.2928,4.0321,0,1.0000,511,1,14.5868,0.2369,130.8143,81.2132,-83.6631,0.000,0.920,0.624,0.0000,0.0000,0
2026-04-24,11:17:39,45073,1,4.0880,4.0595,0.1045,3.0722,4.0005,0,1.0000,511,1,15.4768,36.0852,131.2770,37.6643,-90.6687,0.000,0.888,0.656,0.0000,0.0000,0
2026-04-24,11:17:40,45108,1,4.0880,4.0061,0.1085,3.1918,3.9697,0,1.0000,511,1,16.1113,21.3017,130.8810,6.6874,-97.5224,0.000,0.856,0.688,0.0000,0.0000,0
2026-04-24,11:17:40,45145,1,4.0880,4.0142,0.1187,3.4915,3.9392,0,1.0000,511,1,16.2824,10.1132,128.4522,-49.3689,-89.2969,0.000,0.824,0.720,0.0000,0.0000,0
2026-04-24,11:17:40,45180,1,4.0880,4.0406,0.1233,3.6268,3.9083,0,1.0000,511,1,16.2067,13.0542,123.4832,-128.4430,-102.8055,0.000,0.792,0.752,0.0000,0.0000,0
2026-04-24,11:17:40,45215,1,4.0880,4.1701,0.1146,3.3694,3.8775,0,1.0000,511,1,17.6334,58.7409,115.7235,-205.8972,-100.6755,0.000,0.760,0.784,0.0000,0.0000,0
2026-04-24,11:17:40,45251,1,4.0880,4.0838,0.1091,3.2091,3.8449,0,1.0000,511,1,19.1149,43.6983,108.7201,-205.0528,-85.5472,0.000,0.728,0.816,0.0000,0.0000,0
2026-04-24,11:17:40,45287,1,4.0880,3.8939,0.1335,3.9277,3.8149,0,1.0000,511,1,19.3277,8.5155,102.8291,-189.3312,-99.6982,0.000,0.696,0.848,0.0000,0.0000,0
2026-04-24,11:17:40,45322,1,4.0880,3.8288,0.1778,5.2292,3.7864,0,1.0000,511,1,18.5191,-9.9995,96.6281,-196.0057,-111.5306,0.000,0.664,0.880,0.0000,0.0000,0
2026-04-24,11:17:40,45358,1,4.0800,3.9502,0.1966,5.7810,3.7560,0,1.0000,510,1,19.9306,62.3780,89.0048,-227.8479,-121.4087,0.000,0.704,0.912,0.0000,0.0000,0
2026-04-24,11:17:40,45394,1,4.0800,4.0142,0.1922,5.6518,3.7249,0,1.0000,510,1,21.8279,53.2337,80.0189,-262.5236,-122.6868,0.000,0.768,0.944,0.0000,0.0000,0
2026-04-24,11:17:40,45429,1,4.0800,4.2196,0.1771,5.2084,3.6943,0,1.0000,510,1,21.8563,9.5990,70.6396,-286.4454,-97.0242,0.000,0.832,0.976,0.0000,0.0000,0
2026-04-24,11:17:40,45465,1,4.0880,4.5176,0.1437,4.2268,3.6606,0,1.0000,511,1,23.5468,58.9385,61.0660,-293.3941,-89.7385,0.000,0.896,1.000,0.0000,0.0000,0
2026-04-24,11:17:40,45501,1,4.0880,4.3788,0.0969,2.8486,3.6275,0,1.0000,511,1,25.5786,70.5179,52.4175,-280.0714,-69.2823,0.000,0.960,1.000,0.0000,0.0000,0
2026-04-24,11:17:40,45536,1,4.0880,3.8688,0.1367,4.0211,3.5976,0,1.0000,511,1,26.0295,6.5086,45.0920,-245.3117,-38.9724,0.000,1.000,1.000,0.0000,0.0000,0
2026-04-24,11:17:40,45572,1,4.0880,3.7644,0.1979,5.8211,3.5688,0,1.0000,511,1,24.3340,-22.7368,39.0529,-199.8581,-21.3384,0.000,1.000,1.000,0.0000,0.0000,0
2026-04-24,11:17:40,45607,1,4.0880,3.7730,0.2370,6.9717,3.5406,0,1.0000,511,1,27.3673,105.0950,35.1155,-146.9163,-38.2772,0.000,1.000,1.000,0.0000,0.0000,0
2026-04-24,11:17:40,45642,1,4.0880,3.9525,0.2625,7.7196,3.5119,0,1.0000,511,1,29.9463,63.3546,32.5158,-103.8024,-38.8755,0.000,1.000,1.000,0.0000,0.0000,0
2026-04-24,11:17:40,45678,1,0.0000,1.8862,0.0219,0.6453,3.4847,0,1.0000,0,1,29.4007,4.8560,30.2873,-80.8909,-59.9225,0.000,1.000,1.000,0.0000,0.0000,0
2026-04-24,11:17:40,45713,1,0.0000,0.3040,0.0235,0.6910,3.4808,0,1.0000,0,1,33.8495,132.5711,28.7444,-58.4265,-38.6424,0.000,1.000,1.000,0.0000,0.0000,0
2026-04-24,11:17:40,45748,1,0.0000,0.0729,0.0132,0.3878,3.4796,0,1.0000,0,1,38.2875,125.5888,27.2400,-51.3917,-59.0340,0.000,1.000,1.000,0.0000,0.0000,0
2026-04-24,11:17:40,45784,1,0.0000,0.0240,0.0099,0.2924,3.4793,0,1.0000,0,1,40.8524,70.7279,26.1682,-38.3399,-44.7733,0.000,1.000,0.999,0.0000,0.0000,0
2026-04-24,11:17:40,45819,1,0.0000,0.0371,0.0052,0.1526,3.4791,0,1.0000,0,1,43.1572,57.7931,25.7403,-18.7933,-50.6436,0.000,1.000,0.996,0.0000,0.0000,0
2026-04-24,11:17:40,45854,1,0.0000,0.0252,0.0053,0.1559,3.4790,0,1.0000,0,1,43.5148,2.5895,26.6275,12.4821,-44.4187,0.000,1.000,0.993,0.0000,0.0000,0
2026-04-24,11:17:40,45890,1,0.0000,-0.0488,0.0105,0.3092,3.4792,0,1.0000,0,1,41.2541,-95.9942,27.0722,13.9250,-18.6119,0.000,1.000,0.998,0.0000,0.0000,0
2026-04-24,11:17:40,45925,1,0.0000,-1.1515,0.1603,4.7146,3.4842,0,1.0000,0,1,22.2314,-656.2921,22.6808,-85.3303,2.1439,0.048,1.000,1.000,0.0000,0.0000,0
2026-04-24,11:17:40,45959,1,0.0000,-0.0747,0.1686,4.9600,3.4877,0,1.0000,0,1,9.7024,-413.4433,15.7220,-115.3225,-17.1466,0.096,1.000,1.000,0.0000,0.0000,0
2026-04-24,11:17:40,45995,1,0.0000,-0.0307,0.1490,4.3814,3.4866,0,1.0000,0,1,28.9167,401.3598,24.9246,152.0332,-28.7602,0.160,0.968,1.000,0.0000,0.0000,0
2026-04-24,11:17:40,46030,1,0.0000,0.6671,0.0553,1.6261,3.4834,0,1.0000,0,1,31.3264,39.3236,36.6540,272.5388,-18.1743,0.128,0.936,1.000,0.0000,0.0000,0
2026-04-24,11:17:40,46066,1,0.0000,0.0267,0.0560,1.6470,3.4818,0,1.0000,0,1,22.8385,-242.5721,43.8673,219.3612,10.8551,0.144,0.904,1.000,0.0000,0.0000,0
2026-04-24,11:17:41,46101,1,0.0000,-0.0389,0.0620,1.8250,3.4820,0,1.0000,0,1,17.0807,-75.8165,42.0742,37.7753,20.3956,0.208,0.872,1.000,0.0000,0.0000,0
2026-04-24,11:17:41,46136,1,0.0000,0.0745,0.0512,1.5055,3.4817,0,1.0000,0,1,26.5427,267.6443,37.4480,-65.1113,-0.2671,0.248,0.840,1.000,0.0000,0.0000,0
2026-04-24,11:17:41,46172,1,0.0000,0.0092,0.0520,1.5283,3.4815,0,1.0000,0,1,37.8606,292.3869,36.6346,-19.5102,-26.9545,0.216,0.808,1.000,0.0000,0.0000,0
2026-04-24,11:17:41,46207,1,0.0000,0.0473,0.0472,1.3880,3.4814,0,1.0000,0,1,40.9427,65.6335,41.6057,99.5479,-47.4104,0.184,0.776,1.000,0.0000,0.0000,0
2026-04-24,11:17:41,46242,1,0.0000,0.0898,0.0272,0.8000,3.4805,0,1.0000,0,1,39.2373,-70.1355,49.1052,184.5600,-65.2248,0.152,0.744,1.000,0.0000,0.0000,0
2026-04-24,11:17:41,46278,1,0.0000,-0.0451,0.0378,1.1112,3.4806,0,1.0000,0,0,33.0150,-164.6420,55.8093,192.0774,-46.8038,0.168,0.712,1.000,0.0000,0.0000,0
2026-04-24,11:17:41,46313,1,0.0000,-0.1612,0.0613,1.8024,3.4815,0,1.0000,0,0,29.5468,-68.6372,58.4848,113.1833,-17.1040,0.232,0.680,1.000,0.0000,0.0000,0
2026-04-24,11:17:41,46348,1,0.0000,-0.0057,0.0576,1.6928,3.4818,0,1.0000,0,0,35.6882,211.6009,56.8746,10.4372,4.2098,0.272,0.648,1.000,0.0000,0.0000,0
2026-04-24,11:17:41,46384,1,0.0000,-0.0492,0.0625,1.8368,3.4819,0,1.0000,0,0,41.5492,134.9377,55.2379,-18.0282,-24.8404,0.240,0.616,1.000,0.0000,0.0000,0
2026-04-24,11:17:41,46419,1,0.0000,-0.0364,0.0698,2.0532,3.4824,0,1.0000,0,0,41.1709,-40.4448,56.4139,24.7201,-47.6756,0.208,0.584,1.000,0.0000,0.0000,0
2026-04-24,11:17:41,46454,1,0.0000,-0.0314,0.0759,2.2331,3.4828,0,1.0000,0,0,36.3721,-105.3271,59.4451,69.6643,-45.7275,0.224,0.552,1.000,0.0000,0.0000,0
2026-04-24,11:17:41,46489,1,0.0000,-0.0015,0.0756,2.2234,3.4828,0,1.0000,0,0,39.0576,99.5494,61.4178,61.5912,-13.5179,0.264,0.520,1.000,0.0000,0.0000,0
2026-04-24,11:17:41,46524,1,0.0000,0.0165,0.0728,2.1398,3.4826,0,1.0000,0,0,43.7111,125.5540,62.0663,34.8613,14.4961,0.232,0.488,1.000,0.0000,0.0000,0
2026-04-24,11:17:41,46559,1,0.0000,0.0959,0.0615,1.8078,3.4823,0,1.0000,0,0,44.5107,-8.6166,62.5570,25.3377,10.6982,0.200,0.456,1.000,0.0000,0.0000,0
2026-04-24,11:17:41,46594,1,0.0000,0.0682,0.0448,1.3184,3.4814,0,1.0000,0,0,42.1074,-69.2209,64.1201,44.0004,-17.6963,0.168,0.424,1.000,0.0000,0.0000,0
2026-04-24,11:17:41,46629,1,0.0000,0.0416,0.0411,1.2099,3.4810,0,1.0000,0,0,39.7961,-58.2807,66.3536,61.4793,-41.7294,0.232,0.392,1.000,0.0000,0.0000,0
2026-04-24,11:17:41,46664,1,0.0000,-0.0128,0.0389,1.1446,3.4808,0,1.0000,0,0,40.0994,2.7739,68.3265,60.7047,-34.3915,0.296,0.360,1.000,0.0000,0.0000,0
2026-04-24,11:17:41,46699,1,0.0000,-0.0281,0.0402,1.1837,3.4808,0,1.0000,0,0,40.3397,9.9050,69.7754,50.7947,-42.6511,0.360,0.328,1.000,0.0000,0.0000,0
2026-04-24,11:17:41,46734,1,0.0000,-0.0513,0.0474,1.3936,3.4811,0,1.0000,0,0,39.8088,-30.4089,70.9308,41.7488,-10.0426,0.424,0.296,1.000,0.0000,0.0000,0
2026-04-24,11:17:41,46769,1,0.0000,-0.0633,0.0554,1.6285,3.4815,0,1.0000,0,0,38.3996,-40.6816,71.4467,26.6118,17.2073,0.488,0.264,1.000,0.0000,0.0000,0
2026-04-24,11:17:41,46804,1,0.0000,0.0036,0.0560,1.6456,3.4818,0,1.0000,0,0,36.6441,-44.5626,71.7862,18.9514,-6.3982,0.552,0.232,1.000,0.0000,0.0000,0
2026-04-24,11:17:41,46839,1,0.0000,0.0554,0.0496,1.4585,3.4816,0,1.0000,0,0,37.3833,19.0594,72.4018,21.5730,-32.0561,0.616,0.200,1.000,0.0000,0.0000,0
2026-04-24,11:17:41,46873,1,0.0000,0.0433,0.0466,1.3700,3.4814,0,1.0000,0,0,38.5720,26.1957,72.7315,18.9255,-37.6897,0.648,0.184,1.000,0.0000,0.0000,0
2026-04-24,11:17:41,46909,1,0.0000,0.0443,0.0411,1.2087,3.4810,0,1.0000,0,0,38.6290,-14.8103,73.9790,31.0595,-5.0881,0.616,0.152,1.000,0.0000,0.0000,0
2026-04-24,11:17:41,46944,1,0.0000,0.0708,0.0324,0.9519,3.4806,0,1.0000,0,0,37.9374,-14.5384,75.0465,32.2588,9.0664,0.656,0.120,1.000,0.0000,0.0000,0
2026-04-24,11:17:41,46979,1,0.0000,0.0631,0.0219,0.6441,3.4801,0,1.0000,0,0,37.2537,-25.6203,75.7922,25.9927,0.0609,0.648,0.088,1.000,0.0000,0.0000,0
2026-04-24,11:17:41,47014,1,0.0000,0.0210,0.0164,0.4832,3.4797,0,1.0000,0,0,37.0506,-7.8843,76.2917,18.8615,7.7512,0.616,0.056,1.000,0.0000,0.0000,0
2026-04-24,11:17:41,47049,1,0.0000,-0.0349,0.0215,0.6333,3.4798,0,1.0000,0,0,36.4405,-16.7775,76.5338,11.2445,-13.0189,0.584,0.024,1.000,0.0000,0.0000,0
2026-04-24,11:17:42,47084,1,0.0000,-0.1259,0.0380,1.1183,3.4804,0,1.0000,0,0,35.8648,-24.1792,76.4850,2.7948,15.2057,0.624,0.000,1.000,0.0000,0.0000,0
2026-04-24,11:17:42,47119,1,0.0000,-0.1098,0.0605,1.7799,3.4817,0,1.0000,0,0,34.5995,-29.7252,75.7943,-11.5568,38.3967,0.688,0.000,1.000,0.0000,0.0000,0
2026-04-24,11:17:42,47154,1,0.0000,0.0157,0.0554,1.6285,3.4817,0,1.0000,0,0,34.5722,2.2049,75.1226,-13.8895,5.4234,0.752,0.000,1.000,0.0000,0.0000,0
2026-04-24,11:17:42,47189,1,0.0000,0.0122,0.0559,1.6455,3.4817,0,1.0000,0,0,35.5105,20.5603,75.2549,0.2692,-22.0677,0.768,0.000,1.000,0.0000,0.0000,0
2026-04-24,11:17:42,47224,1,0.0000,0.0053,0.0551,1.6215,3.4816,0,1.0000,0,0,35.6442,1.5071,75.9107,13.7244,-45.2162,0.736,0.000,1.000,0.0000,0.0000,0
2026-04-24,11:17:42,47259,1,0.0000,0.0022,0.0511,1.5017,3.4815,0,1.0000,0,0,35.2827,-10.5135,76.5093,16.2139,-17.9310,0.704,0.000,1.000,0.0000,0.0000,0
2026-04-24,11:17:42,47294,1,0.0000,-0.0059,0.0488,1.4340,3.4814,0,1.0000,0,0,35.0801,-5.7481,76.9291,14.7709,-42.1099,0.672,0.000,1.000,0.0000,0.0000,0
2026-04-24,11:17:42,47329,1,0.0000,0.0128,0.0494,1.4536,3.4814,0,1.0000,0,0,34.7834,-8.4936,77.4519,15.8311,-62.5677,0.712,0.000,1.000,0.0000,0.0000,0
2026-04-24,11:17:42,47364,1,0.0000,-0.0076,0.0478,1.4067,3.4812,0,1.0000,0,0,34.9871,3.9682,77.9426,15.3014,-26.4012,0.704,0.000,1.000,0.0000,0.0000,0
2026-04-24,11:17:42,47400,1,0.0000,-0.0176,0.0473,1.3911,3.4813,0,1.0000,0,0,35.0062,1.6999,78.1871,10.4207,-14.7996,0.672,0.000,1.000,0.0000,0.0000,0
2026-04-24,11:17:42,47436,1,0.0000,-0.0082,0.0493,1.4486,3.4813,0,1.0000,0,0,35.1435,-4.2057,78.5170,10.6963,14.1047,0.640,0.000,1.000,0.0000,0.0000,0
2026-04-24,11:17:42,47471,1,0.0000,-0.0217,0.0541,1.5917,3.4816,0,1.0000,0,0,34.3614,-22.9837,78.6784,7.5313,38.2916,0.656,0.000,1.000,0.0000,0.0000,0
2026-04-24,11:17:42,47507,1,0.0000,0.0009,0.0522,1.5363,3.4816,0,1.0000,0,0,34.0948,-5.3368,78.6493,4.7016,17.9556,0.720,0.000,1.000,0.0000,0.0000,0
2026-04-24,11:17:42,47542,1,0.0000,-0.0048,0.0524,1.5408,3.4816,0,1.0000,0,0,34.2629,4.9427,79.1478,13.3561,-11.5312,0.784,0.000,1.000,0.0000,0.0000,0
2026-04-24,11:17:42,47577,1,0.0000,-0.0098,0.0534,1.5695,3.4816,0,1.0000,0,0,34.3683,-1.9232,79.8469,19.0772,-36.4833,0.752,0.000,1.000,0.0000,0.0000,0
2026-04-24,11:17:42,47612,1,0.0000,-0.0033,0.0539,1.5854,3.4816,0,1.0000,0,0,34.0406,-10.7386,80.6178,22.6019,-23.4616,0.744,0.000,1.000,0.0000,0.0000,0
2026-04-24,11:17:42,47647,1,0.0000,0.0082,0.0513,1.5078,3.4815,0,1.0000,0,0,33.7044,-10.5367,81.3344,22.5299,-0.3805,0.808,0.000,1.000,0.0000,0.0000,0
2026-04-24,11:17:42,47682,1,0.0000,0.0226,0.0483,1.4202,3.4814,0,1.0000,0,0,33.4495,-9.9639,81.9186,20.1869,-27.1780,0.872,0.000,1.000,0.0000,0.0000,0
2026-04-24,11:17:42,47717,1,0.0000,0.0054,0.0486,1.4305,3.4813,0,1.0000,0,0,33.4755,-1.7133,82.5335,19.6466,-42.7180,0.936,0.000,1.000,0.0000,0.0000,0
2026-04-24,11:17:42,47752,1,0.0000,0.0876,0.0366,1.0770,3.4810,0,1.0000,0,0,33.3482,-3.7972,83.1998,20.6023,-56.7520,1.000,0.000,1.000,0.0000,0.0000,0
2026-04-24,11:17:42,47787,1,0.0000,0.2025,0.0092,0.2711,3.4798,0,1.0000,0,0,33.4801,-0.9859,83.8460,20.0370,-34.0344,0.968,0.000,0.999,0.0000,0.0000,0
2026-04-24,11:17:42,47826,1,0.0000,-0.0206,0.0065,0.1915,3.4791,0,1.0000,0,0,34.0510,4.4668,84.0662,15.1678,-38.1234,0.944,0.000,0.997,0.0000,0.0000,0
2026-04-24,11:17:42,47861,1,0.0000,-0.1975,0.0328,0.9635,3.4799,0,1.0000,0,0,33.0970,-40.7667,84.2286,8.6580,-5.8421,0.936,0.000,1.000,0.0000,0.0000,0
2026-04-24,11:17:42,47896,1,0.0000,-0.1918,0.0740,2.1772,3.4822,0,1.0000,0,0,31.0701,-58.0398,83.6937,-7.5881,20.0472,1.000,0.000,1.000,0.0000,0.0000,0
2026-04-24,11:17:42,47932,1,0.0000,-0.0755,0.0825,2.4263,3.4830,0,1.0000,0,0,29.9895,-25.0224,82.6709,-16.2120,2.8579,1.000,0.000,1.000,0.0000,0.0000,0
2026-04-24,11:17:42,47967,1,0.0000,0.0790,0.0734,2.1583,3.4829,0,1.0000,0,0,31.1582,23.3775,83.0274,3.2360,-23.6066,1.000,0.000,1.000,0.0000,0.0000,0
2026-04-24,11:17:42,48002,1,0.0000,0.1061,0.0516,1.5175,3.4819,0,1.0000,0,0,31.4494,3.1979,84.1201,22.8223,-45.9937,0.968,0.000,1.000,0.0000,0.0000,0
2026-04-24,11:17:42,48037,1,0.0000,-0.0131,0.0515,1.5138,3.4815,0,1.0000,0,0,30.8848,-21.4602,85.5180,34.0007,-24.3878,0.960,0.000,1.000,0.0000,0.0000,0
2026-04-24,11:17:42,48072,1,0.0000,0.0258,0.0457,1.3445,3.4813,0,1.0000,0,0,29.8423,-25.9651,86.4465,28.5744,6.0612,1.000,0.000,1.000,0.0000,0.0000,0
2026-04-24,11:17:43,48107,1,0.0000,0.0062,0.0459,1.3494,3.4812,0,1.0000,0,0,29.1497,-25.1040,86.8877,18.2421,17.6488,1.000,0.000,1.000,0.0000,0.0000,0
2026-04-24,11:17:43,48143,1,0.0000,0.1377,0.0266,0.7834,3.4805,0,1.0000,0,0,29.4527,11.1230,87.2302,13.4301,22.7888,0.992,0.000,1.000,0.0000,0.0000,0
2026-04-24,11:17:43,48178,1,0.0000,0.0695,0.0119,0.3497,3.4795,0,1.0000,0,0,29.5174,-3.7038,87.6455,13.3788,-0.6325,0.960,0.000,1.000,0.0000,0.0000,0
2026-04-24,11:17:43,48213,1,0.0000,-0.0160,0.0179,0.5258,3.4797,0,1.0000,0,0,29.4407,-5.1212,87.9259,10.3246,-13.5359,0.928,0.000,1.000,0.0000,0.0000,0
2026-04-24,11:17:43,48248,1,0.0000,-0.0492,0.0258,0.7578,3.4800,0,1.0000,0,0,28.5892,-22.4675,88.1743,8.7207,-17.3105,0.896,0.000,1.000,0.0000,0.0000,0
2026-04-24,11:17:43,48283,1,0.0000,-0.2145,0.0504,1.4815,3.4808,0,1.0000,0,0,28.1169,-21.1520,88.3713,7.4037,11.9492,0.936,0.000,1.000,0.0000,0.0000,0
2026-04-24,11:17:43,48320,1,0.0000,-0.0881,0.0704,2.0720,3.4823,0,1.0000,0,0,27.6051,-9.8784,88.6495,9.3939,29.6199,1.000,0.000,1.000,0.0000,0.0000,0
2026-04-24,11:17:43,48356,1,0.0000,-0.0116,0.0708,2.0811,3.4825,0,1.0000,0,0,27.5525,-6.0890,88.8706,7.9086,-1.6376,1.000,0.000,1.000,0.0000,0.0000,0
2026-04-24,11:17:43,48391,1,0.0000,0.0007,0.0705,2.0723,3.4825,0,1.0000,0,0,27.2970,-6.0714,88.8842,3.2864,-28.1296,1.000,0.000,1.000,0.0000,0.0000,0
2026-04-24,11:17:43,48427,1,0.0000,0.1155,0.0548,1.6119,3.4819,0,1.0000,0,0,27.2968,1.7846,89.0713,5.0809,-36.4187,1.000,0.000,1.000,0.0000,0.0000,0
2026-04-24,11:17:43,48462,1,0.0000,-0.0075,0.0525,1.5446,3.4816,0,1.0000,0,0,27.2558,-3.9642,89.1829,3.9643,-45.1594,0.968,0.000,1.000,0.0000,0.0000,0
2026-04-24,11:17:43,48497,1,0.0000,-0.0158,0.0567,1.6687,3.4817,0,1.0000,0,0,27.2134,-4.1031,89.4944,8.2329,-44.9207,0.936,0.000,1.000,0.0000,0.0000,0
2026-04-24,11:17:43,48532,1,0.0000,0.0109,0.0575,1.6900,3.4818,0,1.0000,0,0,27.0194,-5.0580,89.8878,10.6954,-65.0095,0.904,0.000,1.000,0.0000,0.0000,0
2026-04-24,11:17:43,48567,1,0.0000,0.0096,0.0565,1.6628,3.4818,0,1.0000,0,0,26.8178,-10.7914,90.1260,8.6910,-75.4752,0.896,0.000,1.000,0.0000,0.0000,0
2026-04-24,11:17:43,48602,1,0.0000,0.0004,0.0563,1.6556,3.4818,0,1.0000,0,0,26.6733,-1.6534,90.3439,7.3582,-77.6376,0.960,0.000,1.000,0.0000,0.0000,0
2026-04-24,11:17:43,48637,1,0.0000,-0.0136,0.0585,1.7200,3.4818,0,1.0000,0,0,26.3637,-12.4450,90.5338,6.5719,-86.6158,0.976,0.000,1.000,0.0000,0.0000,0
2026-04-24,11:17:43,48672,1,0.0000,-0.0351,0.0615,1.8083,3.4819,0,1.0000,0,0,26.3202,-2.9066,90.6376,3.8804,-59.5890,1.000,0.000,1.000,0.0000,0.0000,0
2026-04-24,11:17:43,48707,1,0.0000,0.0052,0.0594,1.7485,3.4820,0,1.0000,0,0,25.5593,-17.2218,90.3093,-4.8798,-31.4262,1.000,0.000,1.000,0.0000,0.0000,0
2026-04-24,11:17:43,48742,1,0.0000,0.0622,0.0527,1.5498,3.4818,0,1.0000,0,0,25.5369,-6.5635,89.9821,-6.7824,-53.5949,1.000,0.000,1.000,0.0000,0.0000,0
2026-04-24,11:17:43,48781,1,0.0000,0.1167,0.0347,1.0210,3.4809,0,1.0000,0,0,25.8669,8.9202,89.9616,-2.7798,-63.3575,0.992,0.000,1.000,0.0000,0.0000,0
2026-04-24,11:17:43,48817,1,0.0000,0.1641,0.0106,0.3105,3.4797,0,1.0000,0,0,26.0025,2.1182,90.1895,3.1456,-46.1424,0.960,0.000,1.000,0.0000,0.0000,0
2026-04-24,11:17:43,48853,1,0.0000,-0.0153,0.0058,0.1710,3.4791,0,1.0000,0,0,26.3462,6.6770,90.2167,1.1007,-53.4468,0.928,0.000,0.997,0.0000,0.0000,0
2026-04-24,11:17:43,48888,1,0.0000,0.0233,0.0042,0.1240,3.4790,0,1.0000,0,0,26.2232,-1.5778,89.8927,-6.8065,-65.8959,0.896,0.000,0.994,0.0000,0.0000,0
2026-04-24,11:17:43,48923,1,0.0000,0.0043,0.0045,0.1311,3.4790,0,1.0000,0,0,26.2514,-4.2767,89.3902,-12.7527,-48.4522,0.864,0.000,0.990,0.0000,0.0000,0
2026-04-24,11:17:43,48958,1,0.0000,-0.0058,0.0036,0.1064,3.4789,0,1.0000,0,0,26.1430,-0.0849,89.0945,-10.3518,-61.0892,0.832,0.000,0.987,0.0000,0.0000,0
2026-04-24,11:17:43,48993,1,0.0000,-0.0003,0.0027,0.0787,3.4789,0,1.0000,0,0,25.9746,-9.3124,88.8104,-9.8667,-59.2802,0.800,0.000,0.984,0.0000,0.0000,0
2026-04-24,11:17:43,49028,1,0.0000,-0.0069,0.0037,0.1098,3.4789,0,1.0000,0,0,25.8750,-3.3500,88.4689,-10.4358,-56.3750,0.768,0.000,0.981,0.0000,0.0000,0
2026-04-24,11:17:43,49064,1,0.0000,-0.0210,0.0063,0.1843,3.4790,0,1.0000,0,0,25.4970,-9.9306,88.2524,-7.8319,-21.1776,0.736,0.000,0.978,0.0000,0.0000,0
2026-04-24,11:17:44,49099,1,0.0000,-0.0472,0.0157,0.4624,3.4794,0,1.0000,0,0,25.0949,-15.7972,87.6909,-14.7572,7.8663,0.704,0.000,0.992,0.0000,0.0000,0
2026-04-24,11:17:44,49134,1,0.0000,-0.2642,0.0492,1.4457,3.4807,0,1.0000,0,0,24.4893,-21.6471,85.8530,-39.5006,31.2274,0.720,0.000,1.000,0.0000,0.0000,0
2026-04-24,11:17:44,49169,1,0.0000,0.0268,0.0419,1.2325,3.4811,0,1.0000,0,0,24.3262,10.2637,84.0380,-42.6188,11.3813,0.784,0.000,1.000,0.0000,0.0000,0
2026-04-24,11:17:44,49204,1,0.0000,-0.0728,0.0570,1.6776,3.4815,0,1.0000,0,0,23.6299,-36.3840,84.0667,-7.8653,-16.2229,0.848,0.000,1.000,0.0000,0.0000,0
2026-04-24,11:17:44,49239,1,0.0000,-0.0039,0.0614,1.8055,3.4821,0,1.0000,0,0,22.7586,-10.9305,86.0051,34.5020,-39.5046,0.912,0.000,1.000,0.0000,0.0000,0
2026-04-24,11:17:44,49274,1,0.0000,-0.0535,0.0676,1.9884,3.4822,0,1.0000,0,0,22.9607,2.3539,87.3481,35.6114,-19.8265,0.976,0.000,1.000,0.0000,0.0000,0
2026-04-24,11:17:44,49309,1,0.0000,-0.1100,0.0794,2.3342,3.4828,0,1.0000,0,0,23.0186,8.3424,87.4473,10.3739,9.4142,0.984,0.000,1.000,0.0000,0.0000,0
2026-04-24,11:17:44,49344,1,0.0000,-0.0780,0.0931,2.7381,3.4835,0,1.0000,0,0,23.1252,10.6380,86.2697,-20.5143,-0.0029,0.952,0.000,1.000,0.0000,0.0000,0
2026-04-24,11:17:44,49379,1,0.0000,0.0000,0.0911,2.6782,3.4836,0,1.0000,0,0,23.6393,14.8822,85.0474,-31.7191,-26.6118,0.920,0.000,1.000,0.0000,0.0000,0
2026-04-24,11:17:44,49414,1,0.0000,0.0272,0.0894,2.6290,3.4835,0,1.0000,0,0,24.3133,25.1232,84.0398,-32.1541,-2.3122,0.888,0.000,1.000,0.0000,0.0000,0
2026-04-24,11:17:44,49449,1,0.0000,-0.0058,0.0875,2.5738,3.4834,0,1.0000,0,0,25.3152,27.3188,82.8320,-35.8772,11.3503,0.856,0.000,1.000,0.0000,0.0000,0
2026-04-24,11:17:44,49484,1,0.0000,0.0057,0.0839,2.4674,3.4832,0,1.0000,0,0,25.5090,16.7474,81.6094,-37.6357,22.1134,0.824,0.000,1.000,0.0000,0.0000,0
2026-04-24,11:17:44,49519,1,0.0000,0.0685,0.0713,2.0982,3.4828,0,1.0000,0,0,26.0811,19.0865,80.3609,-38.3557,32.8496,0.792,0.000,1.000,0.0000,0.0000,0
2026-04-24,11:17:44,49555,1,0.0000,0.0428,0.0657,1.9313,3.4824,0,1.0000,0,0,26.5591,19.6445,79.3562,-33.3769,20.7455,0.760,0.000,1.000,0.0000,0.0000,0
2026-04-24,11:17:44,49590,1,0.0000,-0.0017,0.0689,2.0251,3.4824,0,1.0000,0,0,26.7572,7.7297,78.4852,-28.9896,30.0444,0.728,0.000,1.000,0.0000,0.0000,0
2026-04-24,11:17:44,49625,1,0.0000,-0.0082,0.0692,2.0348,3.4824,0,1.0000,0,0,27.1611,14.2711,77.8030,-23.6309,26.5194,0.696,0.000,1.000,0.0000,0.0000,0
2026-04-24,11:17:44,49660,1,0.0000,-0.2196,0.0976,2.8715,3.4834,0,1.0000,0,0,26.3150,-16.8834,77.0073,-24.6028,48.8570,0.664,0.000,1.000,0.0000,0.0000,0
2026-04-24,11:17:44,49695,1,0.0000,-0.0914,0.1118,3.2893,3.4845,0,1.0000,0,0,27.3270,39.5200,75.7348,-34.0669,40.1674,0.632,0.000,1.000,0.0000,0.0000,0
2026-04-24,11:17:44,49730,1,0.0000,0.0092,0.1090,3.2062,3.4846,0,1.0000,0,0,27.6926,23.7165,75.2648,-27.3134,27.2689,0.608,0.000,1.000,0.0000,0.0000,0
2026-04-24,11:17:44,49766,1,0.0000,0.1019,0.0941,2.7676,3.4841,0,1.0000,0,0,29.0876,46.9220,74.2556,-30.8531,10.7403,0.576,0.000,1.000,0.0000,0.0000,0
2026-04-24,11:17:44,49801,1,0.0000,0.3185,0.0546,1.6057,3.4825,0,1.0000,0,0,30.3768,40.7707,73.2598,-31.1328,14.7794,0.544,0.000,1.000,0.0000,0.0000,0
2026-04-24,11:17:44,49836,1,0.0000,0.0818,0.0380,1.1170,3.4810,0,1.0000,0,0,32.0002,53.5697,72.6332,-23.1781,26.8025,0.512,0.000,1.000,0.0000,0.0000,0
2026-04-24,11:17:44,49871,1,0.0000,0.0944,0.0267,0.7850,3.4804,0,1.0000,0,0,33.5911,49.0920,72.3133,-14.2590,29.3628,0.480,0.000,1.000,0.0000,0.0000,0
2026-04-24,11:17:44,49906,1,0.0000,-0.0288,0.0280,0.8224,3.4802,0,1.0000,0,0,34.9463,28.6511,72.1750,-7.8635,37.8886,0.448,0.000,1.000,0.0000,0.0000,0
2026-04-24,11:17:44,49941,1,0.0000,-0.0928,0.0389,1.1451,3.4806,0,1.0000,0,0,33.5537,-43.1315,72.1382,-3.4868,58.9172,0.416,0.000,1.000,0.0000,0.0000,0
2026-04-24,11:17:44,49977,1,0.0000,-0.1402,0.0640,1.8815,3.4818,0,1.0000,0,0,29.8389,-95.2090,71.9740,-4.6041,37.4403,0.456,0.000,1.000,0.0000,0.0000,0
2026-04-24,11:17:44,50012,1,0.0000,-0.0993,0.0765,2.2492,3.4826,0,1.0000,0,0,30.6613,65.7756,71.4908,-12.7024,51.9001,0.520,0.000,1.000,0.0000,0.0000,0
2026-04-24,11:17:44,50047,1,0.0000,-0.0003,0.0799,2.3486,3.4830,0,1.0000,0,0,35.0188,122.2968,70.6471,-21.7959,17.6067,0.488,0.000,1.000,0.0000,0.0000,0
2026-04-24,11:17:45,50083,1,0.0000,0.1143,0.0663,1.9508,3.4825,0,1.0000,0,0,37.7167,64.4674,69.8231,-24.4964,14.5066,0.456,0.000,1.000,0.0000,0.0000,0
2026-04-24,11:17:45,50118,1,0.0000,0.0340,0.0566,1.6642,3.4818,0,1.0000,0,0,37.1725,-16.5032,69.2862,-19.1991,11.8171,0.424,0.000,1.000,0.0000,0.0000,0
2026-04-24,11:17:45,50153,1,0.0000,-0.0099,0.0577,1.6975,3.4818,0,1.0000,0,0,35.6768,-35.7158,69.2284,-8.0419,-16.1038,0.392,0.000,1.000,0.0000,0.0000,0
2026-04-24,11:17:45,50188,1,0.0000,0.0197,0.0577,1.6964,3.4819,0,1.0000,0,0,36.4051,35.8038,69.5459,1.8537,-39.3603,0.360,0.000,1.000,0.0000,0.0000,0
2026-04-24,11:17:45,50223,1,0.0000,0.0163,0.0566,1.6642,3.4818,0,1.0000,0,0,38.8848,74.0390,69.7227,1.5498,-6.0558,0.328,0.000,1.000,0.0000,0.0000,0
2026-04-24,11:17:45,50258,1,0.0000,0.0244,0.0554,1.6284,3.4817,0,1.0000,0,0,40.5114,37.5352,69.5910,-3.5085,21.9853,0.296,0.000,1.000,0.0000,0.0000,0
2026-04-24,11:17:45,50293,1,0.0000,0.0169,0.0516,1.5180,3.4815,0,1.0000,0,0,40.3810,-8.2000,69.5501,-2.5986,45.6789,0.264,0.000,1.000,0.0000,0.0000,0
2026-04-24,11:17:45,50328,1,0.0000,0.0527,0.0430,1.2640,3.4812,0,1.0000,0,0,39.9019,-7.9913,69.6444,1.1075,65.7385,0.232,0.000,1.000,0.0000,0.0000,0
2026-04-24,11:17:45,50363,1,0.0000,0.0373,0.0389,1.1447,3.4809,0,1.0000,0,0,40.2003,8.2226,69.8294,4.2102,82.8028,0.200,0.000,1.000,0.0000,0.0000,0
2026-04-24,11:17:45,50399,1,0.0000,-0.0299,0.0410,1.2049,3.4809,0,1.0000,0,0,40.6385,7.7825,70.0770,6.2791,76.2891,0.168,0.000,1.000,0.0000,0.0000,0
2026-04-24,11:17:45,50434,1,0.0000,-0.0513,0.0484,1.4248,3.4812,0,1.0000,0,0,39.8969,-24.2850,70.2666,6.0514,85.4609,0.136,0.000,1.000,0.0000,0.0000,0
2026-04-24,11:17:45,50469,1,0.0000,-0.0339,0.0527,1.5487,3.4815,0,1.0000,0,0,39.3618,-12.7059,70.4329,5.4757,59.3476,0.200,0.000,1.000,0.0000,0.0000,0
2026-04-24,11:17:45,50504,1,0.0000,-0.0106,0.0550,1.6166,3.4816,0,1.0000,0,0,39.6189,9.3647,70.5569,4.5239,63.0746,0.240,0.000,1.000,0.0000,0.0000,0
2026-04-24,11:17:45,50539,1,0.0000,-0.0036,0.0550,1.6183,3.4816,0,1.0000,0,0,40.0662,7.5501,70.6379,2.9233,48.0433,0.208,0.000,1.000,0.0000,0.0000,0
2026-04-24,11:17:45,50574,1,0.0000,0.0295,0.0519,1.5262,3.4816,0,1.0000,0,0,40.1952,3.8697,70.7187,3.0691,26.7125,0.176,0.000,1.000,0.0000,0.0000,0
2026-04-24,11:17:45,50609,1,0.0000,0.0096,0.0522,1.5364,3.4815,0,1.0000,0,0,40.0272,-11.0767,70.9578,6.1359,43.3529,0.144,0.000,1.000,0.0000,0.0000,0
2026-04-24,11:17:45,50644,1,0.0000,-0.0017,0.0503,1.4790,3.4814,0,1.0000,0,0,39.9013,-3.0202,71.4252,11.9638,10.1678,0.112,0.000,1.000,0.0000,0.0000,0
2026-04-24,11:17:45,50684,1,0.0000,0.0305,0.0445,1.3080,3.4812,0,1.0000,0,0,40.1575,1.2528,71.8373,13.0166,-4.3940,0.088,0.000,1.000,0.0000,0.0000,0
2026-04-24,11:17:45,50719,1,0.0000,0.0306,0.0400,1.1771,3.4809,0,1.0000,0,0,40.1514,-7.3458,72.6062,20.0248,-23.4585,0.056,0.000,1.000,0.0000,0.0000,0
2026-04-24,11:17:45,50754,1,0.0000,0.0037,0.0414,1.2187,3.4809,0,1.0000,0,0,39.4816,-20.8922,73.4958,24.7841,-25.5448,0.096,0.000,1.000,0.0000,0.0000,0
2026-04-24,11:17:45,50789,1,0.0000,0.0048,0.0400,1.1779,3.4809,0,1.0000,0,0,38.7768,-24.6596,74.2880,24.1285,5.1910,0.160,0.000,1.000,0.0000,0.0000,0
2026-04-24,11:17:45,50824,1,0.0000,-0.0031,0.0420,1.2341,3.4810,0,1.0000,0,0,38.1436,-18.4240,74.8290,19.0878,24.0292,0.224,0.000,1.000,0.0000,0.0000,0
2026-04-24,11:17:45,50859,1,0.0000,-0.0025,0.0411,1.2079,3.4810,0,1.0000,0,0,37.6835,-17.1768,75.2533,15.3758,0.0080,0.288,0.000,1.000,0.0000,0.0000,0
2026-04-24,11:17:45,50894,1,0.0000,-0.0343,0.0457,1.3451,3.4811,0,1.0000,0,0,37.1985,-12.7937,75.5775,11.9342,6.3514,0.352,0.000,1.000,0.0000,0.0000,0
2026-04-24,11:17:45,50929,1,0.0000,-0.0097,0.0497,1.4616,3.4813,0,1.0000,0,0,36.7664,-16.9038,75.9069,10.7849,-0.2475,0.416,0.000,1.000,0.0000,0.0000,0
2026-04-24,11:17:45,50964,1,0.0000,0.0150,0.0481,1.4146,3.4814,0,1.0000,0,0,36.3713,-9.9855,76.1650,8.8649,-26.9646,0.480,0.000,1.000,0.0000,0.0000,0
2026-04-24,11:17:45,51000,1,-0.2320,-0.0048,0.0407,1.1960,3.4812,0,1.0000,-29,1,36.2207,-6.2185,76.4682,9.3749,-49.6151,0.544,0.000,1.000,0.0000,0.0000,0
2026-04-24,11:17:45,51035,1,-0.2320,-0.1095,0.0200,0.5877,3.4817,0,1.0000,-29,1,36.2614,0.8313,76.8677,10.9738,-68.7385,0.560,0.000,1.000,0.0000,0.0000,0
2026-04-24,11:17:45,51070,1,-0.2320,-0.0168,0.0195,0.5724,3.4823,0,1.0000,-29,1,36.0588,-9.2987,77.3491,12.6531,-84.8017,0.528,0.000,1.000,0.0000,0.0000,0
2026-04-24,11:17:46,51106,1,-4.4240,-0.0551,0.0188,0.5536,3.4828,0,1.0000,-553,1,35.7427,-3.8281,77.9050,13.6842,-98.2511,0.496,0.000,1.000,0.0000,0.0000,0
2026-04-24,11:17:46,51141,1,-4.4240,-0.0518,0.0158,0.4647,3.4830,0,1.0000,-553,1,35.4234,-12.5260,78.3174,10.8198,-109.7163,0.464,0.000,1.000,0.0000,0.0000,0
2026-04-24,11:17:46,51176,1,-4.4320,-0.0616,0.0122,0.3580,3.4833,0,1.0000,-554,1,35.2936,-5.6085,78.4801,4.7202,-65.9666,0.432,0.000,1.000,0.0000,0.0000,0
2026-04-24,11:17:46,51212,1,-4.4320,-0.0886,0.0143,0.4201,3.4838,0,1.0000,-554,1,35.1810,-5.2874,78.3653,-2.8426,-28.8615,0.400,0.000,1.000,0.0000,0.0000,0
2026-04-24,11:17:46,51247,1,-4.4320,-0.0636,0.0123,0.3614,3.4843,0,1.0000,-554,1,35.3145,0.8813,77.9912,-10.3259,2.6065,0.368,0.000,1.000,0.0000,0.0000,0
2026-04-24,11:17:46,51282,1,-4.4560,-0.0457,0.0147,0.4327,3.4847,0,1.0000,-557,1,35.3962,1.1985,77.4415,-15.6795,29.2932,0.336,0.000,1.000,0.0000,0.0000,0
2026-04-24,11:17:46,51318,1,-4.4560,-0.0785,0.0216,0.6350,3.4852,0,1.0000,-557,1,35.2223,-7.5207,76.9543,-16.5349,-1.6032,0.304,0.000,1.000,0.0000,0.0000,0
2026-04-24,11:17:46,51353,1,-4.4560,-0.3146,0.0267,0.7860,3.4869,0,1.0000,-557,1,34.9332,-6.0627,76.5552,-14.4907,-27.8799,0.272,0.000,1.000,0.0000,0.0000,0
2026-04-24,11:17:46,51390,1,-4.8560,-0.3764,0.0398,1.1694,3.4897,0,1.0000,-607,1,34.7058,-7.1614,76.6961,-2.3388,-50.0966,0.288,0.000,1.000,0.0000,0.0000,0
2026-04-24,11:17:46,51425,1,-4.8560,-0.4842,0.0393,1.1568,3.4931,0,1.0000,-607,1,34.3512,-9.9176,77.0583,5.4571,-68.8657,0.352,0.000,1.000,0.0000,0.0000,0
2026-04-24,11:17:46,51460,1,-4.8560,-0.5321,0.0211,0.6192,3.4969,0,1.0000,-607,1,34.1911,-9.0861,78.0022,19.9358,-84.7755,0.368,0.000,1.000,0.0000,0.0000,0
2026-04-24,11:17:46,51497,1,-5.0640,-0.2201,0.0547,1.6089,3.4992,0,1.0000,-633,1,33.8738,-13.2933,78.7084,18.6910,-63.9121,0.432,0.000,1.000,0.0000,0.0000,0
2026-04-24,11:17:46,51532,1,-5.0640,-0.1897,0.0146,0.4285,3.5004,0,1.0000,-633,1,33.7183,-5.6351,79.3009,17.7700,-27.3012,0.448,0.000,1.000,0.0000,0.0000,0
2026-04-24,11:17:46,51568,1,-5.0640,0.0024,0.0201,0.5917,3.5013,0,1.0000,-633,1,33.9614,5.5729,79.7837,15.0057,-16.0704,0.416,0.000,1.000,0.0000,0.0000,0
2026-04-24,11:17:46,51604,1,-5.0800,-0.0217,0.0182,0.5340,3.5017,0,1.0000,-635,1,34.7657,17.1786,80.1042,12.8689,-18.2518,0.392,0.000,1.000,0.0000,0.0000,0
2026-04-24,11:17:46,51640,1,-5.0800,-0.0159,0.0150,0.4417,3.5018,0,1.0000,-635,1,35.7000,18.3118,80.2527,7.0311,-16.3484,0.360,0.000,1.000,0.0000,0.0000,0
2026-04-24,11:17:46,51676,1,-5.0800,-0.0107,0.0141,0.4147,3.5018,0,1.0000,-635,1,36.1993,5.8281,80.5611,8.6258,-40.4292,0.328,0.000,1.000,0.0000,0.0000,0
2026-04-24,11:17:46,51712,1,-5.0800,-0.0012,0.0149,0.4395,3.5019,0,1.0000,-635,1,35.3377,-31.4725,81.1376,13.9363,-60.7047,0.296,0.000,1.000,0.0000,0.0000,0
2026-04-24,11:17:46,51747,1,-5.0800,-0.0365,0.0173,0.5090,3.5020,0,1.0000,-635,1,33.7838,-48.5160,82.0038,21.5785,-77.8727,0.264,0.000,1.000,0.0000,0.0000,0
2026-04-24,11:17:46,51782,1,-5.0800,-0.0404,0.0192,0.5634,3.5024,0,1.0000,-635,1,32.1530,-41.3421,83.0620,26.9691,-92.3208,0.232,0.000,1.000,0.0000,0.0000,0
2026-04-24,11:17:46,51818,1,-5.0800,-0.0213,0.0156,0.4592,3.5026,0,1.0000,-635,1,31.9159,-7.2114,83.6646,17.5198,-64.0902,0.200,0.000,1.000,0.0000,0.0000,0
2026-04-24,11:17:46,51853,1,-5.0800,-0.0094,0.0182,0.5344,3.5027,0,1.0000,-635,1,32.2593,10.0820,83.6487,4.2167,-27.2944,0.168,0.000,1.000,0.0000,0.0000,0
2026-04-24,11:17:46,51888,1,-5.0800,-0.1030,0.0251,0.7388,3.5033,0,1.0000,-635,1,32.5155,3.2590,83.3823,-5.7572,3.9048,0.136,0.000,1.000,0.0000,0.0000,0
2026-04-24,11:17:46,51924,1,-5.0880,-0.2067,0.0210,0.6165,3.5044,0,1.0000,-636,1,32.3838,-6.3027,83.1850,-6.0159,-4.0954,0.104,0.000,1.000,0.0000,0.0000,0
2026-04-24,11:17:46,51960,1,-5.0800,-0.1526,0.0296,0.8710,3.5056,0,1.0000,-635,1,31.5943,-22.8131,83.8151,11.9148,-29.9994,0.096,0.000,1.000,0.0000,0.0000,0
2026-04-24,11:17:46,51996,1,-5.0800,-0.1876,0.0248,0.7303,3.5065,0,1.0000,-635,1,30.9962,-20.6366,85.2871,33.2535,-51.9627,0.088,0.000,1.000,0.0000,0.0000,0
2026-04-24,11:17:46,52033,1,-5.0800,-0.0827,0.0210,0.6180,3.5079,0,1.0000,-635,1,30.9151,-0.8596,86.7070,37.2118,-70.5945,0.056,0.000,1.000,0.0000,0.0000,0
2026-04-24,11:17:46,52068,1,-5.0800,-0.0641,0.0198,0.5828,3.5082,0,1.0000,-635,1,30.6590,-6.3690,87.4116,24.6834,-86.3205,0.024,0.000,1.000,0.0000,0.0000,0
2026-04-24,11:17:47,52104,1,-5.0880,-0.0379,0.0148,0.4350,3.5084,0,1.0000,-636,1,30.6773,-2.2879,87.6574,11.7002,-71.8605,0.000,0.000,1.000,0.0000,0.0000,0
2026-04-24,11:17:47,52139,1,-5.0880,-0.0027,0.0147,0.4319,3.5084,0,1.0000,-636,1,30.5170,-5.1972,87.2489,-6.3763,-53.2061,0.000,0.000,1.000,0.0000,0.0000,0
2026-04-24,11:17:47,52174,1,-5.0880,-0.0003,0.0156,0.4588,3.5084,0,1.0000,-636,1,30.4108,-6.5864,86.7128,-14.2962,-32.4071,0.000,0.000,1.000,0.0000,0.0000,0
2026-04-24,11:17:47,52210,1,-5.0880,-0.0076,0.0157,0.4616,3.5084,0,1.0000,-636,1,30.2309,-5.1874,86.1767,-16.5595,-54.1744,0.000,0.000,1.000,0.0000,0.0000,0
2026-04-24,11:17:47,52246,1,-5.0880,-0.0447,0.0196,0.5770,3.5087,0,1.0000,-636,1,29.8038,-12.1324,85.8218,-13.5980,-72.5684,0.000,0.000,1.000,0.0000,0.0000,0
2026-04-24,11:17:47,52281,1,-5.0880,-0.1672,0.0185,0.5427,3.5094,0,1.0000,-636,1,29.5272,-9.0516,85.8298,-5.1381,-88.1166,0.000,0.000,1.000,0.0000,0.0000,0
2026-04-24,11:17:47,52318,1,-5.0880,-0.2194,0.0235,0.6924,3.5108,0,1.0000,-636,1,29.1721,-11.5514,86.1262,3.0618,-101.3431,0.000,0.000,1.000,0.0000,0.0000,0
2026-04-24,11:17:47,52353,1,-5.0880,-0.2215,0.0343,1.0095,3.5122,0,1.0000,-636,1,28.7287,-14.8762,86.9513,16.8955,-99.1543,0.064,0.000,1.000,0.0000,0.0000,0
2026-04-24,11:17:47,52388,1,-5.0880,-0.3831,0.0218,0.6416,3.5143,0,1.0000,-636,1,28.3298,-9.1930,87.5719,16.8826,-57.3816,0.056,0.000,1.000,0.0000,0.0000,0
2026-04-24,11:17:47,52423,1,-5.0880,-0.4472,0.0383,1.1254,3.5177,0,1.0000,-636,1,28.5816,5.9242,87.4265,2.9511,-21.9379,0.096,0.000,1.000,0.0000,0.0000,0
2026-04-24,11:17:47,52459,1,-5.0880,-0.7197,0.0403,1.1860,3.5220,0,1.0000,-636,1,28.7640,9.7220,87.5106,1.7271,-32.7379,0.064,0.000,1.000,0.0000,0.0000,0
2026-04-24,11:17:47,52494,1,-5.0880,-0.4467,0.0310,0.9125,3.5266,0,1.0000,-636,1,29.0061,3.6524,87.4137,-1.4964,-33.9945,0.032,0.000,1.000,0.0000,0.0000,0
2026-04-24,11:17:47,52530,1,-5.0880,-0.0806,0.0282,0.8304,3.5273,0,1.0000,-636,1,28.7474,-2.7912,87.2718,-2.3892,-42.5368,0.008,0.000,1.000,0.0000,0.0000,0
2026-04-24,11:17:47,52566,1,-5.0880,-0.2576,0.0171,0.5016,3.5288,0,1.0000,-636,1,28.8875,8.6846,86.4711,-17.5778,-62.9635,0.000,0.000,1.000,0.0000,0.0000,0
2026-04-24,11:17:47,52601,1,-5.0880,-0.1323,0.0183,0.5379,3.5300,0,1.0000,-636,1,29.2497,3.9774,85.9379,-15.8222,-80.2965,0.000,0.000,1.000,0.0000,0.0000,0
2026-04-24,11:17:47,52637,1,-5.0960,-0.0239,0.0148,0.4343,3.5307,0,1.0000,-637,1,29.6020,7.3083,85.8940,-5.9114,-87.8396,0.000,0.000,1.000,0.0000,0.0000,0
2026-04-24,11:17:47,52672,1,-5.0960,-0.0263,0.0105,0.3098,3.5309,0,1.0000,-637,1,29.3709,-1.7535,86.0916,2.0109,-88.8890,0.000,0.000,0.998,0.0000,0.0000,0
2026-04-24,11:17:47,52707,1,-5.0960,-0.0255,0.0157,0.4624,3.5310,0,1.0000,-637,1,29.0763,-11.5879,86.3994,7.1936,-81.3030,0.000,0.000,0.994,0.0000,0.0000,0
2026-04-24,11:17:47,52743,1,-5.0880,-0.0339,0.0146,0.4292,3.5313,0,1.0000,-636,1,29.0513,5.7476,86.4077,1.4977,-95.9598,0.000,0.000,0.991,0.0000,0.0000,0
2026-04-24,11:17:47,52778,1,-5.0880,-0.0376,0.0156,0.4597,3.5317,0,1.0000,-636,1,29.3215,7.7054,86.0521,-7.4468,-108.3617,0.000,0.000,0.988,0.0000,0.0000,0
2026-04-24,11:17:47,52813,1,-5.0880,-0.0786,0.0213,0.6264,3.5322,0,1.0000,-636,1,29.8019,12.1173,85.5006,-13.8644,-97.7948,0.000,0.000,0.985,0.0000,0.0000,0
2026-04-24,11:17:47,52850,1,-5.0880,-0.1241,0.0298,0.8774,3.5333,0,1.0000,-636,1,29.9785,10.2878,84.7579,-20.6192,-97.3785,0.000,0.000,0.982,0.0000,0.0000,0
2026-04-24,11:17:47,52886,1,-5.0880,-0.2356,0.0253,0.7439,3.5346,0,1.0000,-636,1,30.0258,1.0715,83.6769,-29.4869,-103.1290,0.000,0.000,0.978,0.0000,0.0000,0
2026-04-24,11:17:47,52921,1,-5.0880,-0.1545,0.0272,0.8009,3.5364,0,1.0000,-636,1,30.2801,5.8837,83.1971,-16.9694,-100.2723,0.000,0.000,0.975,0.0000,0.0000,0
2026-04-24,11:17:47,52957,1,-5.0880,-0.2570,0.0232,0.6828,3.5376,0,1.0000,-636,1,30.1715,-0.6417,83.8662,8.6967,-93.0405,0.000,0.000,0.998,0.0000,0.0000,0
2026-04-24,11:17:47,52992,1,-5.0880,-0.0718,0.0278,0.8166,3.5391,0,1.0000,-636,1,30.3353,2.1099,84.2957,10.4645,-65.1754,0.000,0.000,0.995,0.0000,0.0000,0
2026-04-24,11:17:47,53028,1,-5.0880,-0.2089,0.0195,0.5729,3.5401,0,1.0000,-636,1,29.9426,-4.3495,83.7547,-7.6459,-68.2903,0.000,0.000,0.992,0.0000,0.0000,0
2026-04-24,11:17:47,53064,1,-5.0880,-0.0075,0.0202,0.5939,3.5409,0,1.0000,-636,1,29.6347,-11.8183,82.8136,-20.8773,-31.7693,0.000,0.000,0.989,0.0000,0.0000,0
2026-04-24,11:17:48,53099,1,-5.0880,-0.1938,0.0278,0.8165,3.5419,0,1.0000,-636,1,29.3907,1.1438,82.0589,-19.9061,-47.4630,0.016,0.000,0.986,0.0000,0.0000,0
2026-04-24,11:17:48,53135,1,-5.0880,-0.2670,0.0134,0.3938,3.5436,0,1.0000,-636,1,29.5473,9.6364,81.7713,-10.9575,-67.4252,0.000,0.000,1.000,0.0000,0.0000,0
2026-04-24,11:17:48,53171,1,-5.0880,-0.1535,0.0366,1.0775,3.5450,0,1.0000,-636,1,30.2059,12.5015,81.4254,-10.2443,-84.1971,0.000,0.000,1.000,0.0000,0.0000,0
2026-04-24,11:17:48,53206,1,-5.0880,-0.4275,0.0374,1.1008,3.5472,0,1.0000,-636,1,30.2669,8.6994,80.9784,-12.6562,-98.3817,0.000,0.000,1.000,0.0000,0.0000,0
2026-04-24,11:17:48,53242,1,-5.0800,-0.5705,0.0280,0.8234,3.5508,0,1.0000,-635,1,30.4589,1.3746,80.8589,-5.8570,-84.8131,0.000,0.000,1.000,0.0000,0.0000,0
2026-04-24,11:17:48,53277,1,-5.0800,-0.2592,0.0405,1.1919,3.5538,0,1.0000,-635,1,30.6087,-1.3030,80.3491,-12.7813,-71.2035,0.000,0.000,1.000,0.0000,0.0000,0
2026-04-24,11:17:48,53312,1,-5.0800,-0.5297,0.0285,0.8376,3.5570,0,1.0000,-635,1,30.1964,2.2075,79.8537,-14.6073,-81.2398,0.000,0.000,1.000,0.0000,0.0000,0
2026-04-24,11:17:48,53347,1,-5.0800,-0.5830,0.0249,0.7337,3.5616,0,1.0000,-635,1,30.6562,16.9724,78.8492,-25.0863,-89.5289,0.000,0.000,1.000,0.0000,0.0000,0
2026-04-24,11:17:48,53383,1,-5.0800,-0.5644,0.0358,1.0519,3.5662,0,1.0000,-635,1,32.0663,44.3849,77.5369,-36.0712,-88.7429,0.000,0.000,1.000,0.0000,0.0000,0
2026-04-24,11:17:48,53418,1,-5.0800,-0.3527,0.0403,1.1857,3.5697,0,1.0000,-635,1,32.7686,27.5049,76.6976,-29.5601,-102.1137,0.000,0.000,1.000,0.0000,0.0000,0
2026-04-24,11:17:48,53451,1,-5.0880,-0.1463,0.0161,0.4732,3.5707,0,1.0000,-636,1,32.8208,16.1829,76.5151,-24.1829,-98.0227,0.000,0.000,1.000,0.0000,0.0000,0
2026-04-24,11:17:48,53487,1,-5.0880,0.0659,0.0018,0.0539,3.5713,0,1.0000,-636,1,33.5267,24.4318,76.0023,-18.0665,-110.1440,0.000,0.000,0.997,0.0000,0.0000,0
2026-04-24,11:17:48,53522,1,-5.0880,-0.0037,0.0006,0.0163,3.5711,0,1.0000,-636,1,34.4047,28.5715,75.8443,-9.2171,-101.0855,0.000,0.000,0.994,0.0000,0.0000,0
2026-04-24,11:17:48,53557,1,-5.0800,-0.0352,0.0050,0.1457,3.5713,0,1.0000,-635,1,34.5763,-2.5269,75.8269,-2.9974,-78.3940,0.000,0.000,0.990,0.0000,0.0000,0
2026-04-24,11:17:48,53593,1,-5.0800,-0.2313,0.0342,1.0056,3.5723,0,1.0000,-635,1,31.7605,-90.7547,75.4304,-9.2649,-40.7224,0.016,0.000,1.000,0.0000,0.0000,0
2026-04-24,11:17:48,53628,1,-5.0800,-0.7423,0.1036,3.0459,3.5765,0,1.0000,-635,1,26.7910,-112.4127,74.0738,-29.4895,-23.5526,0.080,0.000,1.000,0.0000,0.0000,0
2026-04-24,11:17:48,53664,1,-5.0800,-0.6563,0.1305,3.8376,3.5821,0,1.0000,-635,1,31.8789,172.5582,72.4763,-38.2771,-41.9879,0.120,0.000,1.000,0.0000,0.0000,0
2026-04-24,11:17:48,53700,1,-5.0800,-0.5074,0.1038,3.0518,3.5869,0,1.0000,-635,1,36.9709,113.8059,72.1720,-18.7592,-60.4976,0.088,0.000,1.000,0.0000,0.0000,0
2026-04-24,11:17:48,53735,1,-5.0800,-0.7495,0.0623,1.8321,3.5917,0,1.0000,-635,1,36.9740,-3.8684,72.1268,-10.6352,-36.6734,0.056,0.000,1.000,0.0000,0.0000,0
2026-04-24,11:17:48,53771,1,-5.0880,-1.1638,0.0420,1.2347,3.5994,0,1.0000,-636,1,35.6060,-14.3358,71.2521,-23.9490,-4.5535,0.024,0.000,1.000,0.0000,0.0000,0
2026-04-24,11:17:48,53807,1,-5.0880,-0.9998,0.0607,1.7865,3.6073,0,1.0000,-636,1,37.7538,61.8547,69.6636,-40.8650,-5.0982,0.000,0.000,1.000,0.0000,0.0000,0
2026-04-24,11:17:48,53842,1,-5.0800,-0.9234,0.0437,1.2850,3.6137,0,1.0000,-635,1,40.3737,85.9570,68.2685,-41.7452,-24.2159,0.000,0.000,1.000,0.0000,0.0000,0
2026-04-24,11:17:48,53878,1,-5.0800,-0.8470,0.0488,1.4355,3.6210,0,1.0000,-635,1,40.7060,-11.0722,67.7448,-24.8491,-47.3700,0.000,0.000,1.000,0.0000,0.0000,0
2026-04-24,11:17:48,53913,1,-5.0800,-0.9261,0.0361,1.0629,3.6275,0,1.0000,-635,1,39.4859,-19.9817,67.4326,-14.5581,-39.2048,0.000,0.000,1.000,0.0000,0.0000,0
2026-04-24,11:17:48,53949,1,-5.0880,-1.0393,0.0408,1.1993,3.6350,0,1.0000,-636,1,38.1564,-33.8457,66.8199,-19.0883,-13.9095,0.032,0.000,1.000,0.0000,0.0000,0
2026-04-24,11:17:48,53985,1,-5.0880,-1.4737,0.0809,2.3802,3.6450,0,1.0000,-636,1,38.8992,26.9568,65.7002,-28.6726,-19.5088,0.048,0.000,1.000,0.0000,0.0000,0
2026-04-24,11:17:48,54021,1,-5.0880,-1.5102,0.0773,2.2729,3.6560,0,1.0000,-636,1,40.0889,44.6940,65.0885,-21.5914,-43.1188,0.016,0.000,1.000,0.0000,0.0000,0
2026-04-24,11:17:48,54057,1,-5.0800,-1.6121,0.0558,1.6411,3.6678,0,1.0000,-635,1,41.2923,23.8211,64.5152,-19.6763,-29.7686,0.000,0.000,1.000,0.0000,0.0000,0
2026-04-24,11:17:49,54092,1,-5.0800,-1.8173,0.0647,1.9041,3.6817,0,1.0000,-635,1,42.1337,34.5450,63.6312,-26.2477,-37.5504,0.000,0.000,1.000,0.0000,0.0000,0
2026-04-24,11:17:49,54128,1,-5.0800,-1.9760,0.0548,1.6110,3.6970,0,1.0000,-635,1,42.7891,32.5984,62.2561,-37.9621,-26.1983,0.000,0.000,1.000,0.0000,0.0000,0
2026-04-24,11:17:49,54164,1,-5.0880,-1.6966,0.0629,1.8499,3.7114,0,1.0000,-636,1,43.9017,25.7861,60.9620,-38.1478,-20.9618,0.000,0.000,1.000,0.0000,0.0000,0
2026-04-24,11:17:49,54199,1,-5.0880,-1.7637,0.0691,2.0316,3.7251,0,1.0000,-636,1,44.5059,25.0072,59.7922,-38.4769,-44.2669,0.000,0.000,1.000,0.0000,0.0000,0
2026-04-24,11:17:49,54234,1,-5.0880,-2.0202,0.0753,2.2134,3.7391,0,1.0000,-636,1,44.3737,9.3942,58.5199,-39.5295,-24.9741,0.000,0.000,1.000,0.0000,0.0000,0
2026-04-24,11:17:49,54269,1,-5.0880,-2.0961,0.0574,1.6873,3.7544,0,1.0000,-636,1,45.2708,21.4079,57.5015,-34.7287,-20.0924,0.000,0.000,1.000,0.0000,0.0000,0
2026-04-24,11:17:49,54304,1,-5.0880,-1.7566,0.0602,1.7706,3.7681,0,1.0000,-636,1,45.8244,23.2876,56.5394,-32.0704,-31.1037,0.000,0.000,1.000,0.0000,0.0000,0
,,54339,1,-5.0880,-1.6389,0.0766,2.2528,3.7811,0,1.0000,-636,1,46.1244,7.0692,55.8062,-26.2993,-14.0040,0.000,0.000,1.000,0.0000,0.0000,0
2026-04-24,11:17:49,54378,1,-5.0880,-1.5373,0.0503,1.4793,3.7920,0,1.0000,-636,1,46.1648,3.4877,55.5565,-20.1414,-16.5146,0.000,0.000,1.000,0.0000,0.0000,0
2026-04-24,11:17:49,54414,1,-5.0880,-1.4123,0.0391,1.1491,3.8049,0,1.0000,-636,1,46.1861,-6.6442,55.0755,-15.8509,-34.5882,0.000,0.000,1.000,0.0000,0.0000,0
2026-04-24,11:17:49,54449,1,-5.0880,-0.7862,0.0381,1.1192,3.8137,0,1.0000,-636,1,47.1590,28.9782,55.0942,-4.4194,-42.4197,0.000,0.000,1.000,0.0000,0.0000,0
2026-04-24,11:17:49,54486,1,-5.0880,0.0239,0.0182,0.5358,3.8166,0,1.0000,-636,1,48.5089,40.2351,55.2527,2.3339,-62.7843,0.000,0.000,1.000,0.0000,0.0000,0
2026-04-24,11:17:49,54521,1,-5.0880,0.0311,0.0077,0.2267,3.8164,0,1.0000,-636,1,49.9247,37.7455,56.0159,16.9902,-60.3064,0.000,0.000,0.998,0.0000,0.0000,0
2026-04-24,11:17:49,54556,1,-5.0880,-0.0095,0.0009,0.0260,3.8160,0,1.0000,-636,1,50.8806,13.7743,57.0755,28.3573,-50.1655,0.000,0.000,0.994,0.0000,0.0000,0
2026-04-24,11:17:49,54592,1,-5.0800,-0.1311,0.0237,0.6968,3.8168,0,1.0000,-635,1,47.4619,-118.7893,58.2568,33.7785,-16.3395,0.000,0.000,1.000,0.0000,0.0000,0
2026-04-24,11:17:49,54628,1,-5.0800,-0.6995,0.0814,2.3947,3.8202,0,1.0000,-635,1,39.5540,-213.7863,58.7436,23.0495,-2.8021,0.064,0.000,1.000,0.0000,0.0000,0
2026-04-24,11:17:49,54663,1,-5.0800,-0.6916,0.1039,3.0553,3.8251,0,1.0000,-635,1,40.3156,70.1400,58.7814,10.3985,-14.9291,0.128,0.000,1.000,0.0000,0.0000,0
2026-04-24,11:17:49,54699,1,-5.0800,-0.6222,0.0821,2.4141,3.8299,0,1.0000,-635,1,48.6239,204.8145,58.6435,1.5797,-33.5460,0.120,0.000,1.000,0.0000,0.0000,0
2026-04-24,11:17:49,54734,1,-5.0800,-0.6152,0.0272,0.8014,3.8344,0,1.0000,-635,1,52.2499,85.7081,58.6455,0.0194,-34.1505,0.088,0.000,1.000,0.0000,0.0000,0
2026-04-24,11:17:49,54770,1,-5.0880,-0.0671,0.0489,1.4386,3.8378,0,1.0000,-636,1,50.9513,-64.2343,58.7018,1.2203,-2.3227,0.056,0.000,1.000,0.0000,0.0000,0
2026-04-24,11:17:49,54806,1,-5.0880,-0.1605,0.0194,0.5714,3.8383,0,1.0000,-636,1,46.8304,-90.2939,58.6696,0.1078,-1.0895,0.024,0.000,1.000,0.0000,0.0000,0
2026-04-24,11:17:49,54841,1,-5.0880,-0.1610,0.0142,0.4183,3.8395,0,1.0000,-636,1,46.0761,-8.6292,58.3127,-7.9322,-21.3355,0.000,0.000,1.000,0.0000,0.0000,0
2026-04-24,11:17:49,54877,1,-5.0880,-0.2254,0.0438,1.2895,3.8411,0,1.0000,-636,1,48.7848,77.0651,57.8208,-12.5127,-30.5154,0.016,0.000,1.000,0.0000,0.0000,0
2026-04-24,11:17:49,54912,1,-5.0880,-0.3722,0.0485,1.4265,3.8438,0,1.0000,-636,1,50.7492,49.6406,57.5175,-10.3504,0.1140,0.000,0.000,1.000,0.0000,0.0000,0
2026-04-24,11:17:49,54947,1,-5.0880,-0.3662,0.0118,0.3480,3.8466,0,1.0000,-636,1,50.4930,-16.1154,56.9867,-12.9052,-1.6025,0.000,0.000,1.000,0.0000,0.0000,0
2026-04-24,11:17:49,54983,1,-5.0880,-0.0830,0.0287,0.8430,3.8479,0,1.0000,-636,1,50.1184,-10.1482,57.2052,2.4963,-27.8340,0.000,0.000,1.000,0.0000,0.0000,0
2026-04-24,11:17:49,55018,1,-5.0800,-0.3690,0.0288,0.8475,3.8497,0,1.0000,-635,1,49.6434,-11.5004,57.9738,16.1984,-50.3255,0.000,0.000,1.000,0.0000,0.0000,0
2026-04-24,11:17:49,55054,1,-5.0800,-0.2838,0.0095,0.2787,3.8518,0,1.0000,-635,1,49.7259,-1.1627,58.5101,16.0818,-23.1754,0.000,0.000,0.999,0.0000,0.0000,0
2026-04-24,11:17:50,55090,1,-5.0880,-0.0606,0.0205,0.6021,3.8527,0,1.0000,-636,1,50.4250,18.1163,59.0084,16.5522,-32.0930,0.000,0.000,1.000,0.0000,0.0000,0
2026-04-24,11:17:50,55126,1,-5.0880,-0.0115,0.0197,0.5792,3.8533,0,1.0000,-636,1,51.3548,16.8305,59.9448,25.3601,-41.2685,0.000,0.000,1.000,0.0000,0.0000,0
2026-04-24,11:17:50,55161,1,-5.0880,-0.1251,0.0296,0.8721,3.8539,0,1.0000,-636,1,51.1651,-11.8215,61.4869,41.5155,-61.5484,0.000,0.000,1.000,0.0000,0.0000,0
2026-04-24,11:17:50,55197,1,-5.0880,-0.2731,0.0282,0.8290,3.8554,0,1.0000,-636,1,49.8297,-46.1722,63.4551,53.2897,-78.4864,0.032,0.000,1.000,0.0000,0.0000,0
2026-04-24,11:17:50,55232,1,-5.0880,-0.3175,0.0374,1.1004,3.8578,0,1.0000,-636,1,48.2934,-46.2740,64.9989,47.4448,-92.7335,0.024,0.000,1.000,0.0000,0.0000,0
2026-04-24,11:17:50,55268,1,-5.0880,-0.3466,0.0227,0.6677,3.8597,0,1.0000,-636,1,46.6072,-46.6782,66.2391,40.0450,-104.5584,0.016,0.000,1.000,0.0000,0.0000,0
2026-04-24,11:17:50,55303,1,-5.0880,-0.2065,0.0083,0.2451,3.8618,0,1.0000,-636,1,46.1570,-26.9369,67.3953,37.8365,-100.6815,0.000,0.000,0.999,0.0000,0.0000,0
2026-04-24,11:17:50,55338,1,-5.0880,-0.0123,0.0158,0.4661,3.8627,0,1.0000,-636,1,46.3315,7.3537,68.0411,22.8097,-64.6138,0.000,0.000,1.000,0.0000,0.0000,0
2026-04-24,11:17:50,55373,1,-5.0880,0.0039,0.0108,0.3167,3.8628,0,1.0000,-636,1,46.9562,17.1472,67.9203,3.2218,-27.8539,0.000,0.000,1.000,0.0000,0.0000,0
2026-04-24,11:17:50,55410,1,-5.0880,-0.0011,0.0130,0.3831,3.8628,0,1.0000,-636,1,47.9265,18.0331,67.3233,-11.5498,3.1141,0.000,0.000,1.000,0.0000,0.0000,0
2026-04-24,11:17:50,55445,1,-5.0800,-0.0800,0.0212,0.6226,3.8631,0,1.0000,-635,1,46.6168,-54.7652,66.7972,-14.3553,-17.7132,0.000,0.000,1.000,0.0000,0.0000,0
2026-04-24,11:17:50,55481,1,-5.0880,-0.6404,0.0608,1.7886,3.8655,0,1.0000,-636,1,41.5649,-156.4915,66.9903,-1.0706,-40.4860,0.032,0.000,1.000,0.0000,0.0000,0
2026-04-24,11:17:50,55517,1,-5.0880,-0.7840,0.1080,3.1773,3.8716,0,1.0000,-636,1,38.2526,-16.8283,67.6733,6.4358,-32.2736,0.096,0.000,1.000,0.0000,0.0000,0
2026-04-24,11:17:50,55552,1,-5.0880,-0.6420,0.0920,2.7056,3.8768,0,1.0000,-636,1,45.7771,199.7628,66.5924,-25.6267,-7.0899,0.112,0.000,1.000,0.0000,0.0000,0
2026-04-24,11:17:50,55587,1,-5.0880,-0.9421,0.0780,2.2940,3.8828,0,1.0000,-636,1,49.7026,94.7750,64.4290,-55.2815,20.7812,0.080,0.000,1.000,0.0000,0.0000,0
2026-04-24,11:17:50,55623,1,-5.0800,-1.1415,0.0575,1.6924,3.8911,0,1.0000,-635,1,47.7519,-77.0936,62.6789,-53.9611,16.7938,0.048,0.000,1.000,0.0000,0.0000,0
2026-04-24,11:17:50,55659,1,-5.0800,-1.0409,0.0669,1.9674,3.8998,0,1.0000,-635,1,45.0178,-54.6450,61.8649,-35.8648,-11.6080,0.064,0.000,1.000,0.0000,0.0000,0
2026-04-24,11:17:50,55695,1,-5.0800,-0.7268,0.0230,0.6773,3.9063,0,1.0000,-635,1,45.2658,26.5513,61.4135,-24.8737,-35.2339,0.104,0.000,1.000,0.0000,0.0000,0
2026-04-24,11:17:50,55731,1,-5.0800,0.0172,0.0370,1.0872,3.9095,0,1.0000,-635,1,47.7579,46.5615,60.7335,-24.9377,-9.5833,0.072,0.000,1.000,0.0000,0.0000,0
2026-04-24,11:17:50,55766,1,-5.0800,-0.2827,0.0265,0.7785,3.9105,0,1.0000,-635,1,47.9438,4.1453,60.1898,-20.7700,-26.9454,0.040,0.000,1.000,0.0000,0.0000,0
2026-04-24,11:17:50,55802,1,-5.0880,-0.6991,0.0430,1.2661,3.9146,0,1.0000,-636,1,45.8538,-72.5624,59.7516,-18.9022,-16.4995,0.032,0.000,1.000,0.0000,0.0000,0
2026-04-24,11:17:50,55838,1,-5.0880,-0.9295,0.0619,1.8214,3.9214,0,1.0000,-636,1,42.9238,-80.5307,59.1987,-20.5878,-18.9271,0.096,0.000,1.000,0.0000,0.0000,0
2026-04-24,11:17:50,55874,1,-5.0800,-1.1641,0.0645,1.8968,3.9290,0,1.0000,-635,1,41.6122,-9.1163,58.0729,-34.6387,-41.9405,0.160,0.000,1.000,0.0000,0.0000,0
2026-04-24,11:17:50,55910,1,-5.0800,-1.2481,0.0662,1.9462,3.9392,0,1.0000,-635,1,43.6586,44.9254,56.4510,-47.4254,-22.4852,0.200,0.000,1.000,0.0000,0.0000,0
2026-04-24,11:17:50,55946,1,-5.0880,-1.6784,0.0691,2.0328,3.9505,0,1.0000,-636,1,44.4624,27.9289,54.9240,-48.5665,-45.0258,0.168,0.000,1.000,0.0000,0.0000,0
2026-04-24,11:17:50,55982,1,-5.0880,-1.7886,0.0548,1.6121,3.9636,0,1.0000,-636,1,43.3276,-35.9991,53.5755,-47.3450,-57.6236,0.136,0.000,1.000,0.0000,0.0000,0
2026-04-24,11:17:50,56018,1,-5.0880,-1.9097,0.0701,2.0609,3.9777,0,1.0000,-636,1,43.3101,-8.3890,51.9225,-51.8711,-40.6913,0.104,0.000,1.000,0.0000,0.0000,0
2026-04-24,11:17:50,56054,1,-5.0800,-2.1693,0.0771,2.2662,3.9932,0,1.0000,-635,1,43.7924,26.9727,50.4206,-50.7270,-60.1304,0.072,0.000,1.000,0.0000,0.0000,0
2026-04-24,11:17:51,56090,1,-5.0800,-2.1442,0.0746,2.1955,4.0098,0,1.0000,-635,1,44.7863,19.7844,49.1533,-46.0557,-37.6754,0.040,0.000,1.000,0.0000,0.0000,0
2026-04-24,11:17:51,56126,1,-5.0800,-1.4407,0.0747,2.1977,4.0232,0,1.0000,-635,1,46.2461,52.6619,47.9542,-41.8196,-24.1547,0.008,0.000,1.000,0.0000,0.0000,0
2026-04-24,11:17:51,56162,1,-5.0800,-0.7041,0.0355,1.0436,4.0289,0,1.0000,-635,1,45.7996,-14.8379,46.8358,-40.1539,-46.3831,0.000,0.000,1.000,0.0000,0.0000,0
2026-04-24,11:17:51,56197,1,-5.0880,-0.4217,0.0586,1.7238,4.0340,0,1.0000,-636,1,45.7601,-7.6029,45.8914,-34.1727,-38.8411,0.000,0.000,1.000,0.0000,0.0000,0
2026-04-24,11:17:51,56238,1,-5.0880,-0.5112,0.0487,1.4337,4.0376,0,1.0000,-636,1,45.8670,14.8341,46.0590,-23.5405,-34.6206,0.000,0.000,1.000,0.0000,0.0000,0
2026-04-24,11:17:51,56274,1,-5.0880,-0.6924,0.0424,1.2463,4.0424,0,1.0000,-636,1,46.2032,0.0833,45.5019,-22.5479,-29.6555,0.000,0.000,1.000,0.0000,0.0000,0
2026-04-24,11:17:51,56310,1,-5.0880,-1.0906,0.0579,1.7041,4.0500,0,1.0000,-636,1,45.7906,-17.8849,44.7568,-23.8345,-50.8311,0.000,0.000,1.000,0.0000,0.0000,0
2026-04-24,11:17:51,56346,1,-5.0880,-1.2400,0.0640,1.8837,4.0596,0,1.0000,-636,1,44.7755,-16.2772,44.1200,-28.0118,-61.1635,0.048,0.000,1.000,0.0000,0.0000,0
2026-04-24,11:17:51,56381,1,-5.0880,-1.4017,0.0524,1.5405,4.0692,0,1.0000,-636,1,45.8334,31.0209,42.4709,-46.6452,-24.5863,0.064,0.000,1.000,0.0000,0.0000,0
2026-04-24,11:17:51,56417,1,-5.0880,-1.2183,0.0323,0.9490,4.0796,0,1.0000,-636,1,47.2297,39.1901,39.7319,-76.6319,-12.8687,0.032,0.000,1.000,0.0000,0.0000,0
2026-04-24,11:17:51,56452,1,-5.0880,-0.8200,0.0402,1.1829,4.0857,0,1.0000,-636,1,47.1311,-19.6549,36.8034,-86.3292,-11.6642,0.000,0.000,1.000,0.0000,0.0000,0
2026-04-24,11:17:51,56487,1,-5.0880,-0.6987,0.0374,1.0998,4.0921,0,1.0000,-636,1,47.0270,3.9512,34.4073,-79.1600,-15.5957,0.000,0.000,1.000,0.0000,0.0000,0
2026-04-24,11:17:51,56522,1,-5.0800,-0.3457,0.0295,0.8665,4.0937,0,1.0000,-635,1,46.1954,-18.7958,32.8916,-57.4223,-38.9138,0.016,0.000,1.000,0.0000,0.0000,0
2026-04-24,11:17:51,56557,1,-5.0800,-0.6918,0.0405,1.1912,4.0979,0,1.0000,-635,1,46.1535,-14.6346,31.9962,-40.3151,-52.0447,0.032,0.000,1.000,0.0000,0.0000,0
2026-04-24,11:17:51,56592,1,-5.0800,-0.9443,0.0512,1.5048,4.1041,0,1.0000,-635,1,45.8983,-5.8712,30.9589,-37.7605,-69.6409,0.096,0.000,1.000,0.0000,0.0000,0
2026-04-24,11:17:51,56629,1,-5.0880,-1.3072,0.0684,2.0107,4.1129,0,1.0000,-636,1,44.9039,-29.8509,30.0904,-35.0135,-84.4436,0.160,0.000,1.000,0.0000,0.0000,0
2026-04-24,11:17:51,56665,1,-5.0800,-1.2598,0.0621,1.8277,4.1232,0,1.0000,-635,1,44.8546,-0.7845,28.2955,-53.4374,-56.9352,0.224,0.000,1.000,0.0000,0.0000,0
2026-04-24,11:17:51,56701,1,-5.0800,-1.6322,0.0596,1.7515,4.1344,0,1.0000,-635,1,45.9638,40.1444,25.8358,-71.5295,-21.6388,0.240,0.000,1.000,0.0000,0.0000,0
2026-04-24,11:17:51,56736,1,-5.0800,-1.0853,0.0782,2.2998,4.1450,0,1.0000,-635,1,46.7874,18.4948,22.9877,-83.8162,-5.7426,0.208,0.000,1.000,0.0000,0.0000,0
2026-04-24,11:17:51,56771,1,-5.0800,-0.7739,0.0435,1.2786,4.1512,0,1.0000,-635,1,46.1375,-19.7965,20.7075,-74.6610,-17.1825,0.176,0.000,1.000,0.0000,0.0000,0
2026-04-24,11:17:51,56806,1,-5.0800,-0.6474,0.0430,1.2655,4.1572,0,1.0000,-635,1,46.2462,9.6723,18.7502,-66.7709,-22.1071,0.144,0.000,1.000,0.0000,0.0000,0
2026-04-24,11:17:51,56842,1,-5.0880,-0.4051,0.0205,0.6034,4.1599,0,1.0000,-636,1,46.7350,7.2987,17.3195,-51.1643,-25.1332,0.112,0.000,1.000,0.0000,0.0000,0
2026-04-24,11:17:51,56878,1,-5.0880,-0.3658,0.0384,1.1295,4.1630,0,1.0000,-636,1,47.2228,2.8731,16.2179,-40.5027,-47.9115,0.080,0.000,1.000,0.0000,0.0000,0
2026-04-24,11:17:51,56913,1,-5.0800,-0.4742,0.0434,1.2770,4.1661,0,1.0000,-635,1,46.5069,-25.8215,15.6540,-25.0047,-67.1270,0.048,0.000,1.000,0.0000,0.0000,0
2026-04-24,11:17:51,56949,1,-5.0800,-0.4322,0.0371,1.0914,4.1687,0,1.0000,-635,1,44.8831,-43.8565,15.6583,-9.6001,-83.4147,0.040,0.000,1.000,0.0000,0.0000,0
2026-04-24,11:17:51,56984,1,-5.0800,-0.4566,0.0317,0.9331,4.1724,0,1.0000,-635,1,43.9531,-32.7009,15.8243,-1.1965,-97.0311,0.104,0.000,1.000,0.0000,0.0000,0
2026-04-24,11:17:51,57020,1,-5.0880,-0.7857,0.0387,1.1372,4.1779,0,1.0000,-636,1,43.9017,4.4937,15.7596,-3.6566,-108.7803,0.168,0.000,1.000,0.0000,0.0000,0
2026-04-24,11:17:51,57056,1,-5.0880,-0.7489,0.0344,1.0119,4.1843,0,1.0000,-636,1,43.7288,-3.7979,14.9442,-18.9242,-65.4646,0.208,0.000,1.000,0.0000,0.0000,0
2026-04-24,11:17:52,57091,1,-5.0880,-0.6697,0.0443,1.3030,4.1890,0,1.0000,-636,1,43.7304,-6.3299,13.9700,-27.4722,-47.9897,0.272,0.000,1.000,0.0000,0.0000,0
2026-04-24,11:17:52,57128,1,-5.0880,-0.7325,0.0385,1.1337,4.1946,0,1.0000,-636,1,43.8634,6.8028,12.9306,-30.2083,-67.4864,0.312,0.000,1.000,0.0000,0.0000,0
2026-04-24,11:17:52,57168,1,-5.0880,-0.3550,0.0358,1.0544,4.1996,0,1.0000,-636,1,44.0413,0.7066,12.5783,-24.7335,-76.0578,0.288,0.000,1.000,0.0000,0.0000,0
2026-04-24,11:17:52,57203,1,-5.0880,-0.2066,0.0531,1.5609,4.2012,0,1.0000,-636,1,42.8203,-37.3231,11.9500,-20.7855,-91.2026,0.328,0.000,1.000,0.0000,0.0000,0
2026-04-24,11:17:52,57239,1,-5.0800,-0.4535,0.0489,1.4383,4.2037,0,1.0000,-635,1,42.1664,-12.7952,11.8034,-10.2898,-103.7904,0.392,0.000,1.000,0.0000,0.0000,0
2026-04-24,11:17:52,57274,1,-5.0800,-0.6069,0.0396,1.1636,4.2081,0,1.0000,-635,1,42.7421,14.0917,11.3480,-14.7115,-73.8987,0.456,0.000,1.000,0.0000,0.0000,0
2026-04-24,11:17:52,57310,1,-5.0800,-0.7564,0.0210,0.6183,4.2139,0,1.0000,-635,1,42.8650,2.5501,10.6036,-20.7633,-70.4745,0.424,0.000,1.000,0.0000,0.0000,0
2026-04-24,11:17:52,57345,1,-5.0800,-0.3350,0.0412,1.2116,4.2180,0,1.0000,-635,1,42.2208,-24.1943,9.9399,-21.2130,-86.6263,0.416,0.000,1.000,0.0000,0.0000,0
2026-04-24,11:17:52,57380,1,-5.0800,-0.5874,0.0293,0.8623,4.2215,0,1.0000,-635,1,42.1836,3.2879,9.1752,-22.7433,-100.4119,0.480,0.000,1.000,0.0000,0.0000,0
2026-04-24,11:17:52,57416,1,-5.0800,-0.4916,0.0099,0.2913,4.2260,0,1.0000,-635,1,42.6101,12.9255,8.5264,-21.0662,-112.1123,0.472,0.000,0.999,0.0000,0.0000,0
2026-04-24,11:17:52,57452,1,-5.0880,-0.0798,0.0228,0.6714,4.2274,0,1.0000,-636,1,42.1892,-22.6623,8.1995,-13.1067,-115.0752,0.440,0.000,1.000,0.0000,0.0000,0
2026-04-24,11:17:52,57487,1,-5.0880,-0.3245,0.0216,0.6360,4.2293,0,1.0000,-636,1,41.7634,-7.2119,8.0976,-7.0237,-124.5569,0.408,0.000,1.000,0.0000,0.0000,0
2026-04-24,11:17:52,57522,1,-5.0880,-0.0054,0.0166,0.4886,4.2302,0,1.0000,-636,1,41.8201,1.1175,7.8430,-8.0366,-132.6718,0.376,0.000,1.000,0.0000,0.0000,0
2026-04-24,11:17:52,57558,1,-5.0800,-0.1295,0.0170,0.5008,4.2310,0,1.0000,-635,1,41.5947,-7.5948,7.6336,-7.0582,-139.5709,0.344,0.000,1.000,0.0000,0.0000,0
2026-04-24,11:17:52,57593,1,-5.0800,-0.2217,0.0244,0.7173,4.2326,0,1.0000,-635,1,41.0373,-24.5212,7.4102,-7.0302,-145.5606,0.336,0.000,1.000,0.0000,0.0000,0
2026-04-24,11:17:52,57629,1,-5.0800,-0.5205,0.0358,1.0533,4.2361,0,1.0000,-635,1,40.4246,-8.3523,7.1241,-8.2850,-150.4291,0.400,0.000,1.000,0.0000,0.0000,0
2026-04-24,11:17:52,57665,1,-5.0800,-0.7215,0.0357,1.0503,4.2411,0,1.0000,-635,1,40.3385,2.9075,6.9486,-5.7476,-148.2236,0.464,0.000,1.000,0.0000,0.0000,0
2026-04-24,11:17:52,57701,1,-5.0800,-0.6505,0.0626,1.8412,4.2465,0,1.0000,-635,1,40.6809,3.2595,6.8095,-4.8914,-152.8609,0.456,0.000,1.000,0.0000,0.0000,0
2026-04-24,11:17:52,57737,1,-5.0800,-0.3982,0.0400,1.1752,4.2494,0,1.0000,-635,1,40.6717,0.4362,6.9036,0.3232,-150.5983,0.424,0.000,1.000,0.0000,0.0000,0
2026-04-24,11:17:52,57772,1,-5.0800,-0.6647,0.0374,1.1013,4.2538,0,1.0000,-635,1,41.2181,12.9441,7.0804,3.6395,-154.8508,0.392,0.000,1.000,0.0000,0.0000,0
2026-04-24,11:17:52,57808,1,-5.0800,-0.4514,0.0448,1.3187,4.2586,0,1.0000,-635,1,42.1402,25.3685,6.9965,-0.7695,-151.2462,0.360,0.000,1.000,0.0000,0.0000,0
2026-04-24,11:17:52,57844,1,-5.0800,-0.2462,0.0142,0.4187,4.2605,0,1.0000,-635,1,41.7957,-4.9119,6.8319,-2.1457,-116.2862,0.328,0.000,1.000,0.0000,0.0000,0
2026-04-24,11:17:52,57880,1,-5.0800,0.0040,0.0167,0.4905,4.2615,0,1.0000,-635,1,41.7538,-6.9036,6.8443,1.5406,-112.8909,0.296,0.000,1.000,0.0000,0.0000,0
2026-04-24,11:17:52,57916,1,-5.0800,-0.0297,0.0140,0.4129,4.2616,0,1.0000,-635,1,41.8949,5.5996,7.1762,8.4310,-122.8032,0.264,0.000,1.000,0.0000,0.0000,0
2026-04-24,11:17:52,57952,1,-5.0800,-0.0068,0.0151,0.4446,4.2616,0,1.0000,-635,1,41.7309,-1.1000,7.7881,15.7038,-131.3054,0.232,0.000,1.000,0.0000,0.0000,0
2026-04-24,11:17:52,57988,1,-5.0800,-0.1513,0.0207,0.6094,4.2622,0,1.0000,-635,1,41.0544,-26.1085,8.1505,12.2964,-117.9956,0.200,0.000,1.000,0.0000,0.0000,0
2026-04-24,11:17:52,58023,1,-5.0800,-0.4668,0.0319,0.9385,4.2647,0,1.0000,-635,1,40.8049,-3.6367,8.6917,17.7726,-127.1663,0.216,0.000,1.000,0.0000,0.0000,0
2026-04-24,11:17:52,58058,1,-5.0800,-0.4009,0.0448,1.3181,4.2679,0,1.0000,-635,1,41.0504,11.0075,9.4318,21.3598,-134.9657,0.184,0.000,1.000,0.0000,0.0000,0
2026-04-24,11:17:53,58099,1,-5.0800,-0.2495,0.0361,1.0609,4.2704,0,1.0000,-635,1,41.2045,3.8067,9.7586,20.3046,-131.6720,0.160,0.000,1.000,0.0000,0.0000,0
2026-04-24,11:17:53,58135,1,-5.0800,-0.2359,0.0235,0.6903,4.2724,0,1.0000,-635,1,41.3369,7.6025,10.2754,16.7378,-138.7166,0.128,0.000,1.000,0.0000,0.0000,0
2026-04-24,11:17:53,58170,1,-5.0800,-0.0013,0.0159,0.4673,4.2730,0,1.0000,-635,1,41.2537,0.3879,10.7831,17.6546,-119.1482,0.096,0.000,1.000,0.0000,0.0000,0
2026-04-24,11:17:53,58206,1,-5.0800,0.0121,0.0140,0.4112,4.2730,0,1.0000,-635,1,41.4179,1.4105,11.1869,14.2619,-128.2178,0.064,0.000,1.000,0.0000,0.0000,0
2026-04-24,11:17:53,58242,1,-5.0800,0.0104,0.0110,0.3236,4.2729,0,1.0000,-635,1,41.9959,14.8674,11.8223,18.4335,-135.6517,0.032,0.000,1.000,0.0000,0.0000,0
2026-04-24,11:17:53,58277,1,-5.0800,0.0111,0.0118,0.3472,4.2729,0,1.0000,-635,1,42.2820,6.8240,12.3098,15.1775,-128.4880,0.000,0.000,1.000,0.0000,0.0000,0
2026-04-24,11:17:53,58313,1,-5.0800,-0.0060,0.0116,0.3403,4.2729,0,1.0000,-635,1,42.2701,-5.2207,12.4689,8.3746,-136.1557,0.000,0.000,1.000,0.0000,0.0000,0
2026-04-24,11:17:53,58348,1,-5.0880,0.0212,0.0081,0.2375,4.2727,0,1.0000,-636,1,42.0306,-8.0105,12.4676,3.7909,-142.6737,0.000,0.000,0.998,0.0000,0.0000,0
2026-04-24,11:17:53,58385,1,-5.0880,0.0019,0.0075,0.2196,4.2727,0,1.0000,-636,1,41.9403,-6.2116,12.8598,9.4475,-148.1887,0.000,0.000,0.995,0.0000,0.0000,0
2026-04-24,11:17:53,58420,1,-5.0880,-0.0048,0.0092,0.2692,4.2727,0,1.0000,-636,1,41.9321,-3.8377,12.9440,5.9485,-152.7676,0.000,0.000,0.992,0.0000,0.0000,0
2026-04-24,11:17:53,58456,1,-5.0880,-0.0049,0.0087,0.2552,4.2727,0,1.0000,-636,1,41.6574,-11.3252,13.4008,12.1472,-156.7467,0.000,0.000,0.989,0.0000,0.0000,0
2026-04-24,11:17:53,58491,1,-5.0880,-0.0025,0.0083,0.2447,4.2726,0,1.0000,-636,1,41.0366,-24.2250,14.0639,19.0388,-153.3580,0.000,0.000,0.986,0.0000,0.0000,0
2026-04-24,11:17:53,58527,1,-5.0880,0.0042,0.0074,0.2169,4.2726,0,1.0000,-636,1,40.3106,-21.7172,14.5731,16.6735,-150.3352,0.000,0.000,0.982,0.0000,0.0000,0
2026-04-24,11:17:53,58563,1,-5.0800,-0.0010,0.0100,0.2937,4.2727,0,1.0000,-635,1,39.6445,-21.7056,15.4288,25.1326,-128.1569,0.000,0.000,0.979,0.0000,0.0000,0
2026-04-24,11:17:53,58598,1,-5.0800,-0.0216,0.0102,0.3011,4.2727,0,1.0000,-635,1,38.6977,-31.2811,16.1125,23.6558,-122.8266,0.000,0.000,0.985,0.0000,0.0000,0
2026-04-24,11:17:53,58634,1,-5.0800,-0.0007,0.0101,0.2976,4.2727,0,1.0000,-635,1,37.6531,-26.8991,16.8263,25.7468,-125.5949,0.000,0.000,0.990,0.0000,0.0000,0
2026-04-24,11:17:53,58670,1,-5.0880,-0.0004,0.0110,0.3226,4.2728,0,1.0000,-636,1,37.2941,-5.9795,18.0021,36.2978,-134.0217,0.000,0.000,0.996,0.0000,0.0000,0
2026-04-24,11:17:53,58706,1,-5.0880,-0.0070,0.0111,0.3260,4.2728,0,1.0000,-636,1,37.6861,11.0644,19.7364,51.3083,-140.8499,0.000,0.000,1.000,0.0000,0.0000,0
2026-04-24,11:17:53,58741,1,-5.0880,-0.0013,0.0104,0.3048,4.2728,0,1.0000,-636,1,38.2141,13.3245,21.8742,61.9305,-146.5568,0.000,0.000,1.000,0.0000,0.0000,0
2026-04-24,11:17:53,58776,1,-5.0880,-0.0097,0.0117,0.3436,4.2728,0,1.0000,-636,1,38.2859,-0.5115,23.9185,62.8083,-144.5545,0.000,0.000,1.000,0.0000,0.0000,0
2026-04-24,11:17:53,58812,1,-5.0880,-0.0028,0.0121,0.3547,4.2728,0,1.0000,-636,1,37.8631,-12.6418,25.7897,61.0182,-150.0096,0.000,0.000,1.000,0.0000,0.0000,0
2026-04-24,11:17:53,58849,1,-5.0880,-0.0093,0.0132,0.3869,4.2729,0,1.0000,-636,1,37.4388,-10.9593,27.6233,57.1765,-154.5966,0.000,0.000,1.000,0.0000,0.0000,0
2026-04-24,11:17:53,58885,1,-5.0800,-0.0068,0.0142,0.4180,4.2729,0,1.0000,-635,1,37.4581,1.0161,29.4576,58.5447,-158.6429,0.000,0.000,1.000,0.0000,0.0000,0
2026-04-24,11:17:53,58920,1,-5.0800,-0.0211,0.0152,0.4474,4.2730,0,1.0000,-635,1,37.5354,1.8747,30.7565,47.2175,-162.0461,0.000,0.000,1.000,0.0000,0.0000,0
2026-04-24,11:17:53,58955,1,-5.0800,-0.0061,0.0147,0.4326,4.2730,0,1.0000,-635,1,37.5357,-1.3913,31.9923,44.3348,-164.8666,0.000,0.000,1.000,0.0000,0.0000,0
2026-04-24,11:17:53,58991,1,-5.0880,-0.0067,0.0128,0.3764,4.2730,0,1.0000,-636,1,37.6524,3.3413,34.0830,59.8445,-167.0490,0.000,0.000,1.000,0.0000,0.0000,0
2026-04-24,11:17:53,59030,1,-5.0880,-0.0050,0.0114,0.3360,4.2730,0,1.0000,-636,1,37.8872,2.9816,35.1989,57.6910,-168.0624,0.000,0.000,1.000,0.0000,0.0000,0
2026-04-24,11:17:53,59065,1,-5.0800,-0.0008,0.0127,0.3739,4.2730,0,1.0000,-635,1,37.7979,-3.8129,38.0128,78.0601,-162.6697,0.000,0.000,1.000,0.0000,0.0000,0
2026-04-24,11:17:54,59101,1,-5.0880,-0.0030,0.0117,0.3432,4.2730,0,1.0000,-636,1,37.5745,-7.1507,40.9058,86.6790,-165.3827,0.000,0.000,1.000,0.0000,0.0000,0
2026-04-24,11:17:54,59137,1,-5.0800,0.0077,0.0140,0.4111,4.2730,0,1.0000,-635,1,37.3570,-5.6624,43.6668,87.7166,-167.6192,0.000,0.000,1.000,0.0000,0.0000,0
2026-04-24,11:17:54,59173,1,-5.0800,0.0149,0.0104,0.3058,4.2729,0,1.0000,-635,1,37.3512,-1.0693,46.0339,79.0160,-169.4247,0.000,0.000,1.000,0.0000,0.0000,0
2026-04-24,11:17:54,59208,1,-5.0800,-0.0052,0.0101,0.2967,4.2729,0,1.0000,-635,1,37.4900,2.5604,47.8107,64.0819,-170.9128,0.000,0.000,0.999,0.0000,0.0000,0
2026-04-24,11:17:54,59243,1,-5.0800,0.0134,0.0089,0.2618,4.2729,0,1.0000,-635,1,37.4439,-3.6579,49.2526,52.4458,-172.2741,0.000,0.000,0.999,0.0000,0.0000,0
2026-04-24,11:17:54,59279,1,-5.0800,0.0115,0.0082,0.2411,4.2728,0,1.0000,-635,1,37.1375,-11.0335,50.5506,46.0573,-173.4685,0.000,0.000,0.996,0.0000,0.0000,0
2026-04-24,11:17:54,59314,1,-5.0800,-0.0046,0.0094,0.2767,4.2728,0,1.0000,-635,1,36.8758,-8.1720,52.0326,47.1112,-174.4751,0.000,0.000,0.993,0.0000,0.0000,0
2026-04-24,11:17:54,59350,1,-5.0800,-0.0016,0.0087,0.2554,4.2728,0,1.0000,-635,1,36.5836,-9.0255,53.0543,36.7383,-147.8902,0.000,0.000,0.990,0.0000,0.0000,0
2026-04-24,11:17:54,59386,1,-5.0800,-0.0062,0.0109,0.3198,4.2729,0,1.0000,-635,1,36.3257,-9.7141,53.8135,31.3363,-112.2252,0.000,0.000,1.000,0.0000,0.0000,0
2026-04-24,11:17:54,59421,1,-5.0800,-0.0062,0.0134,0.3952,4.2730,0,1.0000,-635,1,35.7287,-20.2738,54.8435,33.8406,-110.2608,0.000,0.000,1.000,0.0000,0.0000,0
2026-04-24,11:17:54,59456,1,-5.0800,-0.0040,0.0134,0.3937,4.2730,0,1.0000,-635,1,35.0382,-14.8097,55.7560,32.1188,-121.1073,0.000,0.000,1.000,0.0000,0.0000,0
2026-04-24,11:17:54,59492,1,-5.0880,0.0100,0.0132,0.3896,4.2730,0,1.0000,-636,1,35.0283,0.7815,56.5719,27.7989,-130.0152,0.000,0.000,1.000,0.0000,0.0000,0
2026-04-24,11:17:54,59527,1,-5.0880,-0.0060,0.0136,0.3997,4.2730,0,1.0000,-636,1,35.3753,9.9319,57.3049,26.0911,-137.3447,0.000,0.000,1.000,0.0000,0.0000,0
2026-04-24,11:17:54,59563,1,-5.0880,0.0030,0.0121,0.3549,4.2730,0,1.0000,-636,1,35.6588,8.8762,58.4087,32.5574,-143.6785,0.000,0.000,1.000,0.0000,0.0000,0
2026-04-24,11:17:54,59599,1,-5.0880,-0.0057,0.0143,0.4200,4.2730,0,1.0000,-636,1,35.6859,-1.1921,59.5983,35.8294,-142.1395,0.000,0.000,1.000,0.0000,0.0000,0
2026-04-24,11:17:54,59634,1,-5.0880,0.0009,0.0140,0.4110,4.2731,0,1.0000,-636,1,35.6805,0.3570,60.6227,33.7214,-147.9906,0.000,0.000,1.000,0.0000,0.0000,0
2026-04-24,11:17:54,59669,1,-5.0880,-0.0544,0.0143,0.4192,4.2733,0,1.0000,-636,1,35.4121,-7.1346,61.4846,30.0087,-127.3147,0.000,0.000,1.000,0.0000,0.0000,0
2026-04-24,11:17:54,59705,1,-5.0800,-0.1919,0.0269,0.7915,4.2742,0,1.0000,-635,1,35.2202,-6.3343,62.4549,32.3814,-135.4570,0.000,0.000,1.000,0.0000,0.0000,0
2026-04-24,11:17:54,59740,1,-5.0800,-0.4558,0.0360,1.0587,4.2767,0,1.0000,-635,1,35.3531,6.1197,63.7747,39.5835,-142.1474,0.000,0.000,1.000,0.0000,0.0000,0
2026-04-24,11:17:54,59775,1,-5.0800,-0.5951,0.0252,0.7402,4.2806,0,1.0000,-635,1,35.5902,7.2801,64.6193,30.4887,-147.7247,0.000,0.000,1.000,0.0000,0.0000,0
2026-04-24,11:17:54,59812,1,-5.0800,-0.4745,0.0395,1.1616,4.2846,0,1.0000,-635,1,35.8642,1.7795,65.4290,26.5385,-152.4276,0.000,0.000,1.000,0.0000,0.0000,0
2026-04-24,11:17:54,59847,1,-5.0800,-0.6370,0.0249,0.7328,4.2891,0,1.0000,-635,1,36.0247,9.4533,66.2017,26.8103,-156.4833,0.000,0.000,1.000,0.0000,0.0000,0
2026-04-24,11:17:54,59883,1,-5.0800,-0.6206,0.0368,1.0816,4.2933,0,1.0000,-635,1,35.7212,-12.1853,66.8257,22.3468,-127.6332,0.000,0.000,1.000,0.0000,0.0000,0
2026-04-24,11:17:54,59919,1,-5.0800,-0.7827,0.0318,0.9353,4.2990,0,1.0000,-635,1,35.7497,0.1662,67.0326,12.0667,-128.5184,0.000,0.000,1.000,0.0000,0.0000,0
2026-04-24,11:17:54,59959,1,-5.0800,-0.7393,0.0272,0.8012,4.3053,0,1.0000,-635,1,35.4769,-1.1118,66.9871,8.7473,-132.6484,0.000,0.000,1.000,0.0000,0.0000,0
2026-04-24,11:17:54,59996,1,-5.0880,-0.6568,0.0395,1.1624,4.3107,0,1.0000,-636,1,35.6231,5.6854,66.9835,1.5188,-139.6805,0.000,0.000,1.000,0.0000,0.0000,0
2026-04-24,11:17:54,60031,1,-5.0880,-0.6976,0.0353,1.0374,4.3162,0,1.0000,-636,1,36.3332,20.2823,66.6421,-7.1971,-131.2464,0.000,0.000,1.000,0.0000,0.0000,0
2026-04-24,11:17:54,60067,1,-5.0880,-0.5462,0.0323,0.9489,4.3208,0,1.0000,-636,1,36.3681,4.3146,65.9787,-17.5132,-119.3569,0.000,0.000,1.000,0.0000,0.0000,0
2026-04-24,11:17:55,60102,1,-5.0880,-0.3221,0.0489,1.4382,4.3234,0,1.0000,-636,1,35.3513,-29.4198,64.4342,-37.8493,-88.1862,0.016,0.000,1.000,0.0000,0.0000,0
2026-04-24,11:17:55,60138,1,-5.0880,-0.4701,0.0356,1.0468,4.3265,0,1.0000,-636,1,35.1389,5.5452,62.8446,-44.9140,-101.6487,0.080,0.000,1.000,0.0000,0.0000,0
2026-04-24,11:17:55,60173,1,-5.0880,-0.6755,0.0450,1.3222,4.3312,0,1.0000,-636,1,36.3450,37.4070,61.2392,-48.2472,-87.4872,0.048,0.000,1.000,0.0000,0.0000,0
2026-04-24,11:17:55,60209,1,-5.0880,-0.5650,0.0463,1.3628,4.3358,0,1.0000,-636,1,37.1721,21.8849,59.7152,-47.6150,-74.5358,0.016,0.000,1.000,0.0000,0.0000,0
2026-04-24,11:17:55,60245,1,-5.0880,-0.5086,0.0503,1.4804,4.3389,0,1.0000,-636,1,36.3799,-27.0388,58.7730,-34.1276,-90.2120,0.000,0.000,1.000,0.0000,0.0000,0
2026-04-24,11:17:55,60280,1,-5.0880,-0.7606,0.0601,1.7680,4.3439,0,1.0000,-636,1,36.3231,5.7153,57.8841,-30.4762,-103.4659,0.000,0.000,1.000,0.0000,0.0000,0
2026-04-24,11:17:55,60316,1,-5.0800,-0.8206,0.0544,1.6006,4.3506,0,1.0000,-635,1,36.9235,28.9333,57.1099,-26.5707,-114.7616,0.000,0.000,1.000,0.0000,0.0000,0
2026-04-24,11:17:55,60351,1,-5.0800,-1.1127,0.0463,1.3624,4.3582,0,1.0000,-635,1,37.9665,32.4139,55.8301,-36.2596,-124.3309,0.000,0.000,1.000,0.0000,0.0000,0
2026-04-24,11:17:55,60386,1,-5.0800,-1.2307,0.0379,1.1133,4.3677,0,1.0000,-635,1,38.8216,29.4507,54.6884,-35.6197,-132.4777,0.000,0.000,1.000,0.0000,0.0000,0
2026-04-24,11:17:55,60421,1,-5.0880,-1.1464,0.0571,1.6792,4.3759,0,1.0000,-636,1,38.6870,-1.5143,53.5762,-35.7320,-113.7344,0.000,0.000,1.000,0.0000,0.0000,0
2026-04-24,11:17:55,60457,1,-5.0880,-1.2250,0.0375,1.1037,4.3846,0,1.0000,-636,1,39.0081,11.0116,52.3491,-36.3818,-109.2327,0.000,0.000,1.000,0.0000,0.0000,0
2026-04-24,11:17:55,60492,1,-5.0880,-1.0285,0.0420,1.2352,4.3926,0,1.0000,-636,1,39.8137,29.7829,51.6678,-26.9473,-106.9459,0.000,0.000,1.000,0.0000,0.0000,0
2026-04-24,11:17:55,60528,1,-5.0800,-0.6239,0.0509,1.4968,4.3993,0,1.0000,-635,1,40.5697,16.9226,50.6523,-30.4489,-90.9949,0.000,0.000,1.000,0.0000,0.0000,0
2026-04-24,11:17:55,60563,1,-5.0800,-0.6198,0.0348,1.0238,4.4037,0,1.0000,-635,1,40.7764,14.4889,49.7264,-29.5095,-104.0487,0.000,0.000,1.000,0.0000,0.0000,0
2026-04-24,11:17:55,60598,1,-5.0880,-0.8139,0.0362,1.0644,4.4099,0,1.0000,-636,1,40.8460,2.9422,49.1226,-23.6481,-82.1519,0.000,0.000,1.000,0.0000,0.0000,0
2026-04-24,11:17:55,60634,1,-5.0880,-1.0818,0.0455,1.3387,4.4176,0,1.0000,-636,1,40.1637,-10.8243,48.7210,-15.7178,-96.6400,0.000,0.000,1.000,0.0000,0.0000,0
2026-04-24,11:17:55,60670,1,-5.0800,-1.1256,0.0291,0.8554,4.4267,0,1.0000,-635,1,40.7532,27.2974,48.2558,-16.0225,-108.8430,0.000,0.000,1.000,0.0000,0.0000,0
2026-04-24,11:17:55,60706,1,-5.0800,-0.7771,0.0507,1.4909,4.4332,0,1.0000,-635,1,42.2744,43.2473,47.7781,-14.9987,-119.2761,0.000,0.000,1.000,0.0000,0.0000,0
2026-04-24,11:17:55,60742,1,-5.0800,-0.8704,0.0340,0.9995,4.4397,0,1.0000,-635,1,43.5010,37.0718,47.3160,-14.4363,-128.0756,0.000,0.000,1.000,0.0000,0.0000,0
2026-04-24,11:17:55,60777,1,-5.0800,-0.4530,0.0508,1.4944,4.4449,0,1.0000,-635,1,43.6388,0.7173,47.0882,-10.5549,-122.5152,0.000,0.000,1.000,0.0000,0.0000,0
2026-04-24,11:17:55,60813,1,-5.0720,-0.6327,0.0521,1.5312,4.4495,0,1.0000,-634,1,42.4946,-20.6634,46.6459,-13.0920,-130.8422,0.000,0.000,1.000,0.0000,0.0000,0
2026-04-24,11:17:55,60849,1,-5.0720,-0.8727,0.0529,1.5554,4.4556,0,1.0000,-634,1,42.4507,15.2147,46.3576,-10.8136,-137.6817,0.000,0.000,1.000,0.0000,0.0000,0
2026-04-24,11:17:55,60890,1,-5.0720,-1.1462,0.0542,1.5938,4.4642,0,1.0000,-634,1,43.4963,38.3930,46.2651,-11.0439,-140.5225,0.000,0.000,1.000,0.0000,0.0000,0
2026-04-24,11:17:55,60925,1,-5.0880,-1.0347,0.0422,1.2420,4.4730,0,1.0000,-636,1,44.9073,36.3173,45.3921,-22.1486,-145.9256,0.000,0.000,1.000,0.0000,0.0000,0
2026-04-24,11:17:55,60961,1,-5.0880,-0.8077,0.0435,1.2800,4.4806,0,1.0000,-636,1,45.5682,22.4511,44.7067,-22.6123,-150.6237,0.000,0.000,1.000,0.0000,0.0000,0
2026-04-24,11:17:55,60996,1,-5.0880,-0.8936,0.0188,0.5539,4.4874,0,1.0000,-636,1,46.3482,35.9516,43.9275,-23.7016,-148.4747,0.000,0.000,1.000,0.0000,0.0000,0
2026-04-24,11:17:55,61031,1,-5.0880,-0.2852,0.0412,1.2131,4.4904,0,1.0000,-636,1,46.6476,2.2955,43.3224,-21.2180,-152.7137,0.000,0.000,1.000,0.0000,0.0000,0
2026-04-24,11:17:55,61067,1,-5.0880,-0.3667,0.0155,0.4546,4.4930,0,1.0000,-636,1,47.5446,28.8783,42.7011,-20.8748,-135.2295,0.000,0.000,1.000,0.0000,0.0000,0
2026-04-24,11:17:56,61103,1,-5.0880,-0.2174,0.0418,1.2286,4.4948,0,1.0000,-636,1,47.9899,10.7409,42.3529,-13.9946,-135.0084,0.000,0.000,1.000,0.0000,0.0000,0
2026-04-24,11:17:56,61139,1,-5.0880,-0.3126,0.0384,1.1309,4.4973,0,1.0000,-636,1,48.1599,5.3125,42.5821,-1.6933,-141.0526,0.000,0.000,1.000,0.0000,0.0000,0
2026-04-24,11:17:56,61174,1,-5.0880,-0.5717,0.0269,0.7916,4.5007,0,1.0000,-636,1,48.5853,19.3793,42.2389,-9.0981,-146.0029,0.000,0.000,1.000,0.0000,0.0000,0
2026-04-24,11:17:56,61209,1,-5.0880,-0.5182,0.0237,0.6975,4.5047,0,1.0000,-636,1,48.9060,6.8127,41.7300,-15.5300,-124.1406,0.000,0.000,1.000,0.0000,0.0000,0
2026-04-24,11:17:56,61245,1,-5.0800,-0.4447,0.0341,1.0032,4.5079,0,1.0000,-635,1,48.9113,0.4540,40.8887,-23.5912,-117.4420,0.000,0.000,1.000,0.0000,0.0000,0
2026-04-24,11:17:56,61280,1,-5.0800,-0.5323,0.0199,0.5847,4.5118,0,1.0000,-635,1,49.4333,23.2809,39.7059,-35.2082,-119.7022,0.000,0.000,1.000,0.0000,0.0000,0
2026-04-24,11:17:56,61315,1,-5.0800,-0.2706,0.0394,1.1593,4.5140,0,1.0000,-635,1,49.7643,7.9469,38.3309,-40.7932,-95.0415,0.000,0.000,1.000,0.0000,0.0000,0
2026-04-24,11:17:56,61351,1,-5.0800,-0.2248,0.0200,0.5884,4.5157,0,1.0000,-635,1,50.1329,10.8114,36.8726,-46.2943,-86.0075,0.000,0.000,1.000,0.0000,0.0000,0
2026-04-24,11:17:56,61387,1,-5.0800,-0.2028,0.0284,0.8360,4.5168,0,1.0000,-635,1,49.4868,-18.9942,35.0800,-53.8803,-92.9128,0.000,0.000,1.000,0.0000,0.0000,0
2026-04-24,11:17:56,61423,1,-5.0880,-0.2855,0.0223,0.6557,4.5187,0,1.0000,-636,1,49.0308,-4.1876,33.5781,-49.3983,-77.7818,0.008,0.000,1.000,0.0000,0.0000,0
2026-04-24,11:17:56,61459,1,-5.0880,-0.4463,0.0277,0.8142,4.5215,0,1.0000,-636,1,50.0188,34.2629,32.2551,-46.6795,-77.8992,0.000,0.000,1.000,0.0000,0.0000,0
2026-04-24,11:17:56,61494,1,-5.0880,-0.4627,0.0393,1.1553,4.5251,0,1.0000,-636,1,51.5854,46.5338,30.6730,-49.4505,-60.0973,0.000,0.000,1.000,0.0000,0.0000,0
2026-04-24,11:17:56,61530,1,-5.0880,-0.4575,0.0254,0.7475,4.5287,0,1.0000,-636,1,52.5349,25.4279,29.4565,-42.5373,-49.8829,0.000,0.000,1.000,0.0000,0.0000,0
2026-04-24,11:17:56,61566,1,-5.0880,-0.3111,0.0222,0.6522,4.5322,0,1.0000,-636,1,52.8456,6.0023,28.4044,-36.3553,-62.4887,0.000,0.000,1.000,0.0000,0.0000,0
2026-04-24,11:17:56,61602,1,-5.0880,-0.0026,0.0149,0.4383,4.5332,0,1.0000,-636,1,52.6134,-5.7643,27.7303,-26.8344,-79.3864,0.000,0.000,1.000,0.0000,0.0000,0
2026-04-24,11:17:56,61638,1,-5.0880,0.0005,0.0127,0.3733,4.5332,0,1.0000,-636,1,52.6288,2.2501,27.2776,-19.2954,-93.6963,0.000,0.000,1.000,0.0000,0.0000,0
2026-04-24,11:17:56,61674,1,-5.0880,-0.0241,0.0136,0.4009,4.5332,0,1.0000,-636,1,52.4046,-8.7724,26.9352,-15.3588,-105.5600,0.000,0.000,1.000,0.0000,0.0000,0
2026-04-24,11:17:56,61709,1,-5.0880,-0.1519,0.0275,0.8079,4.5339,0,1.0000,-636,1,51.2887,-33.4046,26.6617,-12.7941,-115.1264,0.016,0.000,1.000,0.0000,0.0000,0
2026-04-24,11:17:56,61745,1,-5.0880,-0.4074,0.0394,1.1575,4.5362,0,1.0000,-636,1,50.4748,-11.2305,26.3279,-14.7718,-122.8431,0.080,0.000,1.000,0.0000,0.0000,0
2026-04-24,11:17:56,61781,1,-5.0880,-0.6357,0.0425,1.2489,4.5401,0,1.0000,-636,1,51.3469,31.2309,25.5244,-26.1434,-109.6737,0.120,0.000,1.000,0.0000,0.0000,0
2026-04-24,11:17:56,61814,1,-5.0880,-0.7527,0.0429,1.2608,4.5434,0,1.0000,-636,1,52.1575,28.0542,25.7103,-19.0588,-97.0944,0.104,0.000,1.000,0.0000,0.0000,0
2026-04-24,11:17:56,61850,1,-5.0720,-0.2969,0.0486,1.4305,4.5493,0,1.0000,-634,1,52.8843,16.1540,23.6161,-50.7509,-69.4548,0.072,0.000,1.000,0.0000,0.0000,0
2026-04-24,11:17:56,61886,1,-5.0720,-0.1357,0.0163,0.4784,4.5504,0,1.0000,-634,1,53.1112,8.1311,21.5077,-61.4895,-85.2877,0.040,0.000,1.000,0.0000,0.0000,0
2026-04-24,11:17:56,61921,1,-5.0720,-0.0146,0.0164,0.4832,4.5511,0,1.0000,-634,1,54.0670,30.7945,19.5805,-61.6059,-84.7701,0.008,0.000,1.000,0.0000,0.0000,0
2026-04-24,11:17:56,61957,1,-5.0800,-0.0245,0.0168,0.4934,4.5513,0,1.0000,-635,1,55.6810,42.4449,17.8712,-56.0251,-85.8869,0.000,0.000,1.000,0.0000,0.0000,0
2026-04-24,11:17:56,61992,1,-5.0800,-0.0832,0.0257,0.7566,4.5519,0,1.0000,-635,1,56.4137,15.3843,16.6201,-45.1035,-99.2453,0.000,0.000,1.000,0.0000,0.0000,0
2026-04-24,11:17:56,62028,1,-5.0800,-0.1220,0.0095,0.2791,4.5526,0,1.0000,-635,1,56.1077,-12.2296,15.8195,-33.2151,-110.2934,0.000,0.000,0.999,0.0000,0.0000,0
2026-04-24,11:17:56,62063,1,-5.0880,-0.0824,0.0133,0.3900,4.5530,0,1.0000,-636,1,55.2894,-29.8720,15.2203,-25.3957,-119.4661,0.000,0.000,1.000,0.0000,0.0000,0
2026-04-24,11:17:57,62098,1,-5.0880,-0.1514,0.0225,0.6629,4.5537,0,1.0000,-636,1,54.4475,-24.5482,14.6225,-23.0395,-127.2164,0.000,0.000,1.000,0.0000,0.0000,0
2026-04-24,11:17:57,62134,1,-5.0880,-0.2153,0.0179,0.5250,4.5556,0,1.0000,-636,1,54.2341,-6.4418,14.1309,-19.8812,-133.9790,0.000,0.000,1.000,0.0000,0.0000,0
2026-04-24,11:17:57,62170,1,-5.0880,-0.2926,0.0234,0.6874,4.5572,0,1.0000,-636,1,54.2168,-2.1674,13.5636,-21.3479,-112.4423,0.000,0.000,1.000,0.0000,0.0000,0
2026-04-24,11:17:57,62205,1,-5.0880,-0.2073,0.0355,1.0451,4.5593,0,1.0000,-636,1,54.5110,3.3705,12.6073,-29.3225,-115.4361,0.000,0.000,1.000,0.0000,0.0000,0
2026-04-24,11:17:57,62240,1,-5.0880,-0.2786,0.0252,0.7402,4.5608,0,1.0000,-636,1,53.6984,-27.3548,11.4327,-35.7587,-123.9657,0.008,0.000,1.000,0.0000,0.0000,0
2026-04-24,11:17:57,62276,1,-5.0880,-0.3102,0.0083,0.2452,4.5638,0,1.0000,-636,1,52.6702,-33.1070,10.5926,-32.0418,-130.8374,0.000,0.000,0.999,0.0000,0.0000,0
2026-04-24,11:17:57,62312,1,-5.0880,-0.1573,0.0283,0.8335,4.5650,0,1.0000,-636,1,51.2851,-34.0762,10.0425,-25.8657,-136.0524,0.048,0.000,1.000,0.0000,0.0000,0
2026-04-24,11:17:57,62347,1,-0.2960,-0.4071,0.0283,0.8316,4.5671,0,1.0000,-37,1,51.8418,24.1956,9.1781,-31.1285,-94.1729,0.040,0.000,1.000,0.0000,0.0000,0
2026-04-24,11:17:57,62383,1,-0.2960,-0.2455,0.0253,0.7447,4.5690,0,1.0000,-37,1,53.2451,30.5855,7.5724,-46.7483,-53.0550,0.008,0.000,1.000,0.0000,0.0000,0
2026-04-24,11:17:57,62418,1,-0.2960,-0.2633,0.0300,0.8815,4.5710,0,1.0000,-37,1,53.2256,-10.8929,5.5873,-57.8132,-39.3122,0.000,0.000,1.000,0.0000,0.0000,0
2026-04-24,11:17:57,62454,1,0.0000,-0.2564,0.0287,0.8441,4.5733,0,1.0000,0,1,52.6251,-10.2325,3.6816,-59.0968,-60.0377,0.000,0.000,1.000,0.0000,0.0000,0
2026-04-24,11:17:57,62489,1,0.0000,-0.0208,0.0417,1.2258,4.5738,0,1.0000,0,1,51.8571,-28.1034,2.1982,-50.9543,-77.2648,0.064,0.000,1.000,0.0000,0.0000,0
2026-04-24,11:17:57,62524,1,0.0000,0.0092,0.0397,1.1666,4.5738,0,1.0000,0,1,51.6258,-9.0966,1.0289,-42.0589,-84.8785,0.128,0.000,1.000,0.0000,0.0000,0
2026-04-24,11:17:57,62560,1,0.0000,0.0079,0.0393,1.1560,4.5737,0,1.0000,0,1,51.3742,-3.4892,0.1377,-34.1284,-98.6064,0.192,0.000,1.000,0.0000,0.0000,0
2026-04-24,11:17:57,62595,1,0.0000,0.0011,0.0384,1.1282,4.5738,0,1.0000,0,1,51.3049,-5.3560,-0.8285,-32.5280,-110.1829,0.256,0.000,1.000,0.0000,0.0000,0
2026-04-24,11:17:57,62630,1,0.0000,-0.0013,0.0396,1.1637,4.5738,0,1.0000,0,1,51.8359,11.1812,-1.6614,-28.7940,-119.7412,0.248,0.000,1.000,0.0000,0.0000,0
2026-04-24,11:17:57,62665,1,0.0000,0.0026,0.0392,1.1529,4.5737,0,1.0000,0,1,52.1055,8.1091,-2.2827,-23.2347,-127.8776,0.216,0.000,1.000,0.0000,0.0000,0
2026-04-24,11:17:57,62701,1,0.0000,0.0041,0.0386,1.1367,4.5737,0,1.0000,0,1,52.1906,-8.2413,-2.7626,-19.7760,-107.7662,0.184,0.000,1.000,0.0000,0.0000,0
2026-04-24,11:17:57,62741,1,0.0000,-0.0020,0.0378,1.1115,4.5737,0,1.0000,0,1,52.2146,-15.7935,-2.8768,-17.3649,-112.8813,0.160,0.000,1.000,0.0000,0.0000,0
2026-04-24,11:17:57,62777,1,0.0000,-0.0090,0.0388,1.1425,4.5737,0,1.0000,0,1,50.5633,-49.1956,-3.7484,-25.0502,-122.0025,0.224,0.000,1.000,0.0000,0.0000,0
2026-04-24,11:17:57,62812,1,0.0000,-0.0889,0.0512,1.5059,4.5741,0,1.0000,0,1,48.4510,-62.4312,-4.6154,-28.1732,-129.0193,0.288,0.000,1.000,0.0000,0.0000,0
2026-04-24,11:17:57,62847,1,0.0000,-0.0655,0.0636,1.8719,4.5749,0,1.0000,0,1,47.6095,-17.1016,-5.0284,-20.9229,-127.4632,0.352,0.000,1.000,0.0000,0.0000,0
2026-04-24,11:17:57,62883,1,0.0000,-0.0371,0.0684,2.0116,4.5752,0,1.0000,0,1,48.1800,15.3565,-5.6500,-25.3137,-80.8765,0.416,0.000,1.000,0.0000,0.0000,0
2026-04-24,11:17:57,62918,1,0.0000,0.0012,0.0695,2.0453,4.5754,0,1.0000,0,1,48.7136,13.0058,-7.0651,-40.1431,-42.0336,0.432,0.000,1.000,0.0000,0.0000,0
2026-04-24,11:17:57,62954,1,0.0000,-0.0130,0.0690,2.0303,4.5753,0,1.0000,0,1,48.6705,-7.2504,-8.6844,-46.3611,-36.7345,0.400,0.000,1.000,0.0000,0.0000,0
2026-04-24,11:17:57,62989,1,0.0000,0.0063,0.0678,1.9944,4.5753,0,1.0000,0,1,48.2420,-13.5605,-9.9483,-41.6475,-57.7232,0.392,0.000,1.000,0.0000,0.0000,0
2026-04-24,11:17:57,63024,1,0.0000,-0.0014,0.0674,1.9832,4.5753,0,1.0000,0,1,47.9754,-6.7366,-10.6277,-28.4153,-75.0543,0.456,0.000,1.000,0.0000,0.0000,0
2026-04-24,11:17:57,63060,1,0.0000,0.0074,0.0682,2.0044,4.5753,0,1.0000,0,0,48.2167,2.3439,-10.9369,-18.0682,-89.5954,0.472,0.000,1.000,0.0000,0.0000,0
2026-04-24,11:17:58,63095,1,0.0000,-0.0071,0.0681,2.0017,4.5752,0,1.0000,0,0,48.3727,-2.3349,-11.3810,-17.6127,-102.2273,0.440,0.000,1.000,0.0000,0.0000,0
2026-04-24,11:17:58,63130,1,0.0000,0.0025,0.0675,1.9859,4.5752,0,1.0000,0,0,47.8685,-18.9831,-12.0127,-20.6483,-106.8485,0.456,0.000,1.000,0.0000,0.0000,0
2026-04-24,11:17:58,63165,1,0.0000,-0.0056,0.0669,1.9688,4.5752,0,1.0000,0,0,47.1766,-21.4837,-12.5073,-19.1283,-116.9437,0.520,0.000,1.000,0.0000,0.0000,0
2026-04-24,11:17:58,63200,1,0.0000,0.0087,0.0675,1.9845,4.5753,0,1.0000,0,0,46.5750,-17.4318,-12.9937,-18.5717,-125.1277,0.584,0.000,1.000,0.0000,0.0000,0
2026-04-24,11:17:58,63236,1,0.0000,-0.0118,0.0730,2.1463,4.5755,0,1.0000,0,0,46.3818,-8.7437,-13.3195,-15.9029,-131.9758,0.648,0.000,1.000,0.0000,0.0000,0
2026-04-24,11:17:58,63272,1,0.0000,0.0040,0.0735,2.1624,4.5755,0,1.0000,0,0,46.2399,-4.7979,-13.8305,-19.2113,-124.0123,0.712,0.000,1.000,0.0000,0.0000,0
2026-04-24,11:17:58,63307,1,0.0000,0.0287,0.0690,2.0289,4.5754,0,1.0000,0,0,46.1333,-7.1741,-14.6458,-25.7158,-78.3848,0.776,0.000,1.000,0.0000,0.0000,0
2026-04-24,11:17:58,63342,1,0.0000,0.0466,0.0612,1.8015,4.5751,0,1.0000,0,0,46.0473,-11.2954,-16.0176,-38.7447,-59.0508,0.840,0.000,1.000,0.0000,0.0000,0
2026-04-24,11:17:58,63378,1,0.0000,0.0197,0.0596,1.7535,4.5749,0,1.0000,0,0,45.4254,-20.1591,-17.4683,-44.5802,-64.1372,0.904,0.000,1.000,0.0000,0.0000,0
2026-04-24,11:17:58,63413,1,0.0000,0.0116,0.0606,1.7822,4.5749,0,1.0000,0,0,44.7305,-27.1914,-18.9010,-44.8700,-80.8793,0.968,0.000,1.000,0.0000,0.0000,0
2026-04-24,11:17:58,63448,1,0.0000,-0.0066,0.0616,1.8109,4.5749,0,1.0000,0,0,44.1445,-16.8889,-19.6904,-32.6822,-94.5208,1.000,0.000,1.000,0.0000,0.0000,0
2026-04-24,11:17:58,63484,1,0.0000,-0.0126,0.0625,1.8373,4.5749,0,1.0000,0,0,43.2463,-27.3625,-19.9993,-20.9921,-105.8700,1.000,0.000,1.000,0.0000,0.0000,0
2026-04-24,11:17:58,63519,1,0.0000,-0.0032,0.0658,1.9347,4.5751,0,1.0000,0,0,42.4531,-31.2693,-20.0019,-10.4864,-101.3537,1.000,0.000,1.000,0.0000,0.0000,0
2026-04-24,11:17:58,63554,1,0.0000,0.0016,0.0691,2.0317,4.5753,0,1.0000,0,0,41.8610,-19.7929,-20.2806,-13.0996,-59.1573,1.000,0.000,1.000,0.0000,0.0000,0
2026-04-24,11:17:58,63589,1,0.0000,0.0131,0.0681,2.0031,4.5753,0,1.0000,0,0,41.5324,-16.0422,-21.3446,-27.5816,-23.8429,1.000,0.000,1.000,0.0000,0.0000,0
2026-04-24,11:17:58,63624,1,0.0000,0.0239,0.0656,1.9280,4.5751,0,1.0000,0,0,41.2221,-10.9113,-22.5703,-34.6372,-40.8486,1.000,0.000,1.000,0.0000,0.0000,0
2026-04-24,11:17:58,63664,1,0.0000,0.0265,0.0605,1.7800,4.5749,0,1.0000,0,0,41.3561,-7.7946,-23.0538,-29.2138,-51.5689,1.000,0.000,1.000,0.0000,0.0000,0
2026-04-24,11:17:58,63699,1,0.0000,0.0614,0.0507,1.4908,4.5745,0,1.0000,0,0,41.3486,-2.3685,-23.9135,-28.0900,-70.6195,1.000,0.000,1.000,0.0000,0.0000,0
2026-04-24,11:17:58,63734,1,0.0000,0.0425,0.0486,1.4281,4.5743,0,1.0000,0,0,41.3924,-3.4954,-25.0026,-32.4470,-86.7954,1.000,0.000,1.000,0.0000,0.0000,0
2026-04-24,11:17:58,63769,1,0.0000,0.0313,0.0422,1.2410,4.5739,0,1.0000,0,0,41.3667,-8.8349,-26.1229,-34.8680,-100.6066,1.000,0.000,1.000,0.0000,0.0000,0
2026-04-24,11:17:58,63805,1,0.0000,-0.0064,0.0389,1.1437,4.5737,0,1.0000,0,0,40.6782,-29.8513,-27.3188,-36.5985,-112.2867,1.000,0.000,1.000,0.0000,0.0000,0
2026-04-24,11:17:58,63840,1,0.0000,-0.0187,0.0427,1.2562,4.5738,0,1.0000,0,0,39.1288,-50.5429,-28.5727,-39.5024,-122.2249,1.000,0.000,1.000,0.0000,0.0000,0
2026-04-24,11:17:58,63875,1,0.0000,-0.0603,0.0477,1.4043,4.5740,0,1.0000,0,0,37.3722,-52.8029,-29.7559,-37.5131,-130.4823,1.000,0.000,1.000,0.0000,0.0000,0
2026-04-24,11:17:58,63910,1,0.0000,-0.0766,0.0579,1.7039,4.5745,0,1.0000,0,0,36.0163,-38.6929,-30.3798,-26.5131,-136.8532,1.000,0.000,1.000,0.0000,0.0000,0
2026-04-24,11:17:58,63945,1,0.0000,-0.0103,0.0605,1.7789,4.5748,0,1.0000,0,0,35.4702,-20.6300,-30.3334,-10.9854,-128.1430,1.000,0.000,1.000,0.0000,0.0000,0
2026-04-24,11:17:58,63980,1,0.0000,0.0141,0.0580,1.7065,4.5748,0,1.0000,0,0,35.3772,-5.5374,-30.4753,-9.7120,-82.0560,1.000,0.000,1.000,0.0000,0.0000,0
2026-04-24,11:17:58,64016,1,0.0000,0.0008,0.0588,1.7296,4.5748,0,1.0000,0,0,35.0400,-13.8788,-31.0974,-16.7993,-43.0804,1.000,0.000,1.000,0.0000,0.0000,0
2026-04-24,11:17:58,64052,1,0.0000,0.0044,0.0600,1.7654,4.5748,0,1.0000,0,0,34.1670,-27.6821,-31.5437,-14.8495,-57.0570,1.000,0.000,1.000,0.0000,0.0000,0
2026-04-24,11:17:59,64087,1,0.0000,0.0033,0.0599,1.7613,4.5748,0,1.0000,0,0,33.5521,-16.5815,-32.0956,-16.4390,-48.5433,1.000,0.000,1.000,0.0000,0.0000,0
2026-04-24,11:17:59,64122,1,0.0000,0.0138,0.0590,1.7344,4.5747,0,1.0000,0,0,33.2326,-10.7782,-32.4011,-11.3375,-67.8938,1.000,0.000,1.000,0.0000,0.0000,0
2026-04-24,11:17:59,64157,1,0.0000,-0.0005,0.0589,1.7320,4.5748,0,1.0000,0,0,32.9002,-12.1079,-32.4478,-5.3947,-84.3848,1.000,0.000,1.000,0.0000,0.0000,0
2026-04-24,11:17:59,64193,1,0.0000,-0.0088,0.0595,1.7502,4.5748,0,1.0000,0,0,32.6321,-8.5583,-32.5081,-3.4619,-98.4955,1.000,0.000,1.000,0.0000,0.0000,0
2026-04-24,11:17:59,64228,1,0.0000,0.0247,0.0554,1.6306,4.5746,0,1.0000,0,0,32.4321,-6.7344,-32.5603,-2.3918,-110.5158,1.000,0.000,1.000,0.0000,0.0000,0
2026-04-24,11:17:59,64263,1,0.0000,0.0175,0.0528,1.5538,4.5745,0,1.0000,0,0,32.2480,-8.6343,-32.5798,-1.4945,-88.2774,1.000,0.000,1.000,0.0000,0.0000,0
2026-04-24,11:17:59,64298,1,0.0000,-0.0161,0.0543,1.5959,4.5745,0,1.0000,0,0,31.9996,-9.4976,-32.6940,-3.3370,-101.7872,1.000,0.000,1.000,0.0000,0.0000,0
2026-04-24,11:17:59,64333,1,0.0000,0.0262,0.0494,1.4526,4.5743,0,1.0000,0,0,31.6585,-10.0702,-33.1351,-11.2498,-107.0052,1.000,0.000,1.000,0.0000,0.0000,0
2026-04-24,11:17:59,64368,1,0.0000,0.0196,0.0459,1.3511,4.5741,0,1.0000,0,0,31.4306,-9.6676,-33.8794,-19.1491,-117.7394,1.000,0.000,1.000,0.0000,0.0000,0
2026-04-24,11:17:59,64403,1,0.0000,-0.0008,0.0463,1.3620,4.5741,0,1.0000,0,0,31.3398,-4.1493,-34.3498,-16.0257,-126.8853,1.000,0.000,1.000,0.0000,0.0000,0
2026-04-24,11:17:59,64438,1,0.0000,-0.0120,0.0478,1.4069,4.5741,0,1.0000,0,0,31.0796,-8.6843,-34.5212,-9.1429,-134.5672,1.000,0.000,1.000,0.0000,0.0000,0
2026-04-24,11:17:59,64473,1,0.0000,-0.0071,0.0475,1.3962,4.5741,0,1.0000,0,0,30.7342,-11.9837,-34.5301,-3.4869,-141.0459,1.000,0.000,1.000,0.0000,0.0000,0
2026-04-24,11:17:59,64508,1,0.0000,-0.0025,0.0478,1.4069,4.5741,0,1.0000,0,0,30.3565,-10.6932,-34.4792,-1.3884,-139.4193,1.000,0.000,1.000,0.0000,0.0000,0
2026-04-24,11:17:59,64543,1,0.0000,-0.0027,0.0471,1.3855,4.5741,0,1.0000,0,0,30.2071,-7.0234,-34.5165,-1.4963,-131.7437,1.000,0.000,1.000,0.0000,0.0000,0
2026-04-24,11:17:59,64582,1,0.0000,0.0006,0.0453,1.3329,4.5741,0,1.0000,0,0,30.3416,-2.6995,-34.4659,-1.5284,-128.6211,1.000,0.000,1.000,0.0000,0.0000,0
2026-04-24,11:17:59,64617,1,0.0000,0.0183,0.0428,1.2590,4.5740,0,1.0000,0,0,30.0749,-8.3568,-34.7252,-6.0760,-136.2097,1.000,0.000,1.000,0.0000,0.0000,0
2026-04-24,11:17:59,64652,1,0.0000,0.0609,0.0359,1.0553,4.5737,0,1.0000,0,0,29.8481,-8.8761,-35.0104,-8.0417,-142.6082,1.000,0.000,1.000,0.0000,0.0000,0
2026-04-24,11:17:59,64687,1,0.0000,0.0334,0.0311,0.9151,4.5734,0,1.0000,0,0,29.6096,-8.5734,-35.3811,-11.1938,-134.4313,1.000,0.000,1.000,0.0000,0.0000,0
2026-04-24,11:17:59,64723,1,1.2800,1.1267,0.0709,2.0849,4.5702,0,1.0000,160,1,29.7715,5.6098,-35.6631,-8.0678,-140.8651,0.984,0.000,1.000,0.0000,0.0000,0
2026-04-24,11:17:59,64758,1,1.2800,1.3636,0.0609,1.7904,4.5606,0,1.0000,160,1,29.2031,-9.9364,-35.1049,8.2433,-146.2119,1.000,0.000,1.000,0.0000,0.0000,0
2026-04-24,11:17:59,64793,1,1.2800,1.4774,0.0452,1.3302,4.5505,0,1.0000,160,1,29.4993,1.6372,-34.3474,16.1998,-111.4136,0.984,0.000,1.000,0.0000,0.0000,0
2026-04-24,11:17:59,64830,1,7.4240,6.5415,0.2756,8.1046,4.5259,0,1.0000,928,1,31.5223,95.1136,-33.7782,17.0565,-94.9730,0.952,0.000,1.000,0.0000,0.0000,0
2026-04-24,11:17:59,64865,1,7.4240,8.1223,0.1440,4.2351,4.4675,0,1.0000,928,1,31.4097,-5.2896,-33.2051,13.4785,-105.9393,0.920,0.000,1.000,0.0000,0.0000,0
2026-04-24,11:17:59,64900,1,7.6480,7.6987,0.1391,4.0905,4.4110,0,1.0000,956,1,31.0231,-30.1139,-33.9566,-10.9305,-96.1155,0.888,0.000,1.000,0.0000,0.0000,0
2026-04-24,11:17:59,64936,1,7.7520,7.8384,0.1151,3.3857,4.3508,0,1.0000,969,1,29.1283,-64.5243,-34.2007,-8.1954,-68.1980,0.928,0.000,1.000,0.0000,0.0000,0
2026-04-24,11:17:59,64971,1,7.7520,7.4391,0.1481,4.3558,4.2937,0,1.0000,969,1,28.1019,-32.0707,-34.0988,-3.1445,-31.7893,0.992,0.000,1.000,0.0000,0.0000,0
2026-04-24,11:17:59,65007,1,7.7600,7.7209,0.1637,4.8138,4.2365,0,1.0000,970,1,27.8609,-14.2943,-34.5728,-13.5529,-0.6356,1.000,0.000,1.000,0.0000,0.0000,0
2026-04-24,11:17:59,65042,1,7.7600,7.7879,0.1567,4.6087,4.1772,0,1.0000,970,1,27.1101,-21.5570,-35.3220,-19.9720,26.1892,1.000,0.000,1.000,0.0000,0.0000,0
2026-04-24,11:18:00,65077,1,7.7600,7.7331,0.1674,4.9226,4.1188,0,1.0000,970,1,26.4354,-25.0936,-35.4711,-7.9834,2.3195,1.000,0.000,1.000,0.0000,0.0000,0
2026-04-24,11:18:00,65112,1,0.0000,7.8201,0.1518,4.4656,4.0607,0,1.0000,0,1,25.8817,-27.8041,-34.9876,4.5175,-24.1609,1.000,0.000,1.000,0.0000,0.0000,0
2026-04-24,11:18:00,65148,1,0.0000,-0.9315,-0.0059,0.1737,4.0342,0,1.0000,0,1,22.7474,-98.4601,-34.7740,3.1036,-6.5402,0.992,0.000,0.999,0.0000,0.0000,0
2026-04-24,11:18:00,65183,1,0.0000,0.0926,0.0022,0.0656,4.0370,0,1.0000,0,1,20.7397,-71.3201,-35.2534,-12.4497,20.5560,0.984,0.000,0.999,0.0000,0.0000,0
2026-04-24,11:18:00,65219,1,0.0000,-0.0901,0.0166,0.4869,4.0372,0,1.0000,0,1,20.8095,11.1561,-37.0036,-42.3560,44.0374,0.952,0.000,1.000,0.0000,0.0000,0
2026-04-24,11:18:00,65254,1,0.0000,-0.0061,0.0112,0.3285,4.0372,0,1.0000,0,1,22.6731,68.0195,-39.6367,-69.8264,17.7220,0.920,0.000,1.000,0.0000,0.0000,0
2026-04-24,11:18:00,65289,1,0.0000,-0.2201,0.0415,1.2204,4.0383,0,1.0000,0,1,25.3507,86.6719,-42.8042,-85.2865,-9.4295,0.888,0.000,1.000,0.0000,0.0000,0
2026-04-24,11:18:00,65325,1,0.0000,-0.0927,0.0567,1.6675,4.0394,0,1.0000,0,1,26.1643,40.9638,-40.9749,8.2944,-30.6382,0.856,0.000,1.000,0.0000,0.0000,0
2026-04-24,11:18:00,65361,1,0.0000,-0.1946,0.0765,2.2501,4.0402,0,1.0000,0,1,27.7470,39.1168,-36.9637,63.7955,-22.9264,0.824,0.000,1.000,0.0000,0.0000,0
2026-04-24,11:18:00,65396,1,0.0000,-0.0051,0.0798,2.3465,4.0408,0,1.0000,0,1,28.5130,-6.8594,-37.5022,4.9549,6.1463,0.792,0.000,1.000,0.0000,0.0000,0
2026-04-24,11:18:00,65431,1,0.0000,0.0149,0.0774,2.2774,4.0408,0,1.0000,0,1,24.4279,-128.2324,-39.0249,-27.2118,24.0623,0.808,0.000,1.000,0.0000,0.0000,0
2026-04-24,11:18:00,65467,1,0.0000,0.0315,0.0770,2.2639,4.0408,0,1.0000,0,1,20.8735,-92.0915,-40.3531,-31.3339,0.5627,0.872,0.000,1.000,0.0000,0.0000,0
2026-04-24,11:18:00,65506,1,0.0000,0.0517,0.0735,2.1618,4.0406,0,1.0000,0,1,21.7731,14.0623,-40.1456,-12.5007,-12.9250,0.920,0.000,1.000,0.0000,0.0000,0
2026-04-24,11:18:00,65542,1,0.0000,-0.0149,0.0714,2.0989,4.0404,0,1.0000,0,1,24.1620,46.1465,-39.0979,15.5739,-9.6432,0.960,0.000,1.000,0.0000,0.0000,0
2026-04-24,11:18:00,65577,1,0.0000,0.0287,0.0680,1.9996,4.0403,0,1.0000,0,1,24.1706,-8.2157,-38.5186,13.6672,18.5377,0.928,0.000,1.000,0.0000,0.0000,0
2026-04-24,11:18:00,65612,1,0.0000,0.0540,0.0603,1.7742,4.0399,0,1.0000,0,1,22.4214,-53.3939,-38.6064,3.6047,35.2904,0.968,0.000,1.000,0.0000,0.0000,0
2026-04-24,11:18:00,65648,1,0.0000,0.0914,0.0486,1.4288,4.0394,0,1.0000,0,1,20.5751,-51.0788,-38.4465,5.4533,3.3077,1.000,0.000,1.000,0.0000,0.0000,0
2026-04-24,11:18:00,65683,1,0.0000,0.0463,0.0378,1.1131,4.0387,0,1.0000,0,1,19.8328,-15.6965,-38.0638,9.7466,10.4285,1.000,0.000,1.000,0.0000,0.0000,0
2026-04-24,11:18:00,65719,1,0.0000,0.0093,0.0355,1.0455,4.0386,0,1.0000,0,1,20.4039,15.8997,-38.0066,3.9209,-11.6650,1.000,0.000,1.000,0.0000,0.0000,0
2026-04-24,11:18:00,65755,1,0.0000,0.0406,0.0308,0.9053,4.0383,0,1.0000,0,1,20.9723,12.5812,-38.4247,-7.6674,-29.8214,0.976,0.000,1.000,0.0000,0.0000,0
2026-04-24,11:18:00,65790,1,0.0000,0.0064,0.0290,0.8529,4.0382,0,1.0000,0,1,20.8759,-4.9969,-39.1326,-17.7327,1.4794,0.944,0.000,1.000,0.0000,0.0000,0
2026-04-24,11:18:00,65825,1,0.0000,0.0087,0.0289,0.8503,4.0382,0,1.0000,0,0,20.4782,-11.3259,-40.0615,-26.0306,1.8323,0.912,0.000,1.000,0.0000,0.0000,0
2026-04-24,11:18:00,65860,1,0.0000,-0.0032,0.0307,0.9022,4.0382,0,1.0000,0,0,20.1820,-7.6557,-41.1697,-32.2389,-25.2427,0.976,0.000,1.000,0.0000,0.0000,0
2026-04-24,11:18:00,65895,1,0.0000,0.0072,0.0290,0.8529,4.0382,0,1.0000,0,0,19.9990,-4.7239,-42.0202,-27.5610,-22.4128,1.000,0.000,1.000,0.0000,0.0000,0
2026-04-24,11:18:00,65930,1,0.0000,-0.0128,0.0302,0.8893,4.0382,0,1.0000,0,0,20.1082,3.0737,-42.4046,-17.3960,-39.4398,0.984,0.000,1.000,0.0000,0.0000,0
2026-04-24,11:18:00,65965,1,0.0000,-0.0789,0.0393,1.1561,4.0385,0,1.0000,0,0,20.8476,25.5029,-42.5390,-9.1489,-59.9135,0.952,0.000,1.000,0.0000,0.0000,0
2026-04-24,11:18:00,66000,1,0.0000,0.0074,0.0370,1.0879,4.0387,0,1.0000,0,0,22.2820,37.8467,-42.2263,1.6100,-69.9850,0.920,0.000,1.000,0.0000,0.0000,0
2026-04-24,11:18:00,66035,1,0.0000,0.0485,0.0319,0.9368,4.0384,0,1.0000,0,0,23.5391,19.0323,-42.3670,-6.5413,-32.6762,0.888,0.000,1.000,0.0000,0.0000,0
2026-04-24,11:18:00,66070,1,0.0000,0.0020,0.0330,0.9712,4.0383,0,1.0000,0,0,22.5538,-37.0103,-43.7227,-32.8580,-1.2093,0.856,0.000,1.000,0.0000,0.0000,0
2026-04-24,11:18:01,66105,1,0.0000,-0.0034,0.0334,0.9818,4.0384,0,1.0000,0,0,20.2632,-70.6305,-45.8316,-55.2422,-8.7688,0.896,0.000,1.000,0.0000,0.0000,0
2026-04-24,11:18:01,66141,1,0.0000,-0.0048,0.0320,0.9397,4.0384,0,1.0000,0,0,17.7177,-73.0203,-47.6110,-54.7782,-34.2694,0.960,0.000,1.000,0.0000,0.0000,0
2026-04-24,11:18:01,66176,1,0.0000,0.0188,0.0300,0.8838,4.0383,0,1.0000,0,0,15.7156,-55.9179,-48.8054,-42.4136,-15.6344,1.000,0.000,1.000,0.0000,0.0000,0
2026-04-24,11:18:01,66211,1,0.0000,0.0005,0.0309,0.9075,4.0382,0,1.0000,0,0,14.5679,-28.1472,-49.2700,-23.0649,-26.6943,1.000,0.000,1.000,0.0000,0.0000,0
2026-04-24,11:18:01,66247,1,0.0000,0.0113,0.0305,0.8971,4.0382,0,1.0000,0,0,14.5556,4.9316,-49.2094,-6.0995,-2.1380,1.000,0.000,1.000,0.0000,0.0000,0
2026-04-24,11:18:01,66282,1,0.0000,0.0158,0.0268,0.7880,4.0381,0,1.0000,0,0,15.2750,22.4589,-48.8609,5.8664,11.9930,0.992,0.000,1.000,0.0000,0.0000,0
2026-04-24,11:18:01,66318,1,0.0000,0.0028,0.0271,0.7960,4.0381,0,1.0000,0,0,16.0045,21.0356,-48.1198,17.9901,-3.7653,0.960,0.000,1.000,0.0000,0.0000,0
2026-04-24,11:18:01,66353,1,0.0000,0.0097,0.0265,0.7800,4.0380,0,1.0000,0,0,16.5058,14.9187,-47.5390,17.9015,-16.7554,0.928,0.000,1.000,0.0000,0.0000,0
2026-04-24,11:18:01,66388,1,0.0000,0.0017,0.0262,0.7710,4.0380,0,1.0000,0,0,16.8216,9.1390,-47.0760,15.1775,-27.5370,0.896,0.000,1.000,0.0000,0.0000,0
2026-04-24,11:18:01,66428,1,0.0000,-0.0083,0.0276,0.8121,4.0380,0,1.0000,0,0,16.8537,4.6875,-47.0411,10.2592,-39.3586,0.872,0.000,1.000,0.0000,0.0000,0
2026-04-24,11:18:01,66463,1,0.0000,0.0089,0.0257,0.7556,4.0380,0,1.0000,0,0,16.9363,2.5066,-46.9217,5.4498,-60.3196,0.840,0.000,1.000,0.0000,0.0000,0
2026-04-24,11:18:01,66498,1,0.0000,-0.0067,0.0276,0.8122,4.0380,0,1.0000,0,0,17.0623,3.5943,-46.9867,0.3749,-63.8712,0.808,0.000,1.000,0.0000,0.0000,0
2026-04-24,11:18:01,66533,1,0.0000,-0.0051,0.0254,0.7468,4.0380,0,1.0000,0,0,17.1513,4.0052,-47.0035,0.1892,-55.4140,0.776,0.000,1.000,0.0000,0.0000,0
2026-04-24,11:18:01,66569,1,0.0160,0.0124,0.0273,0.8020,4.0380,0,1.0000,2,1,17.2752,3.1262,-46.9464,1.2131,-59.7174,0.744,0.000,0.998,0.0000,0.0000,0
2026-04-24,11:18:01,66605,1,0.0160,0.0154,0.0263,0.7733,4.0379,0,1.0000,2,1,17.3877,3.9321,-46.8377,2.7288,-58.3837,0.712,0.000,0.995,0.0000,0.0000,0
2026-04-24,11:18:01,66640,1,4.0080,0.0368,0.0252,0.7407,4.0377,0,1.0000,501,1,17.4430,1.4710,-46.8293,0.3515,-48.9858,0.680,0.000,0.992,0.0000,0.0000,0
2026-04-24,11:18:01,66676,1,4.0880,4.2685,0.0987,2.9022,4.0192,0,1.0000,511,1,20.3863,83.0623,-46.3887,11.8497,-55.2335,0.648,0.000,1.000,0.0000,0.0000,0
2026-04-24,11:18:01,66711,1,4.0880,4.6318,0.0130,0.3811,3.9846,0,1.0000,511,1,25.5952,130.1782,-44.5330,34.8705,-32.3707,0.616,0.000,1.000,0.0000,0.0000,0
2026-04-24,11:18:01,66746,1,4.0880,4.1778,0.0035,0.1037,3.9521,0,1.0000,511,1,24.3093,-137.2668,-45.3952,-11.6176,-14.8118,0.584,0.000,0.998,0.0000,0.0000,0
2026-04-24,11:18:01,66782,1,4.0880,4.0651,0.0102,0.2990,3.9210,0,1.0000,511,1,17.5395,-205.4859,-47.4118,-45.8167,-5.8475,0.552,0.000,0.994,0.0000,0.0000,0
2026-04-24,11:18:01,66817,1,4.0880,4.0617,0.0112,0.3282,3.8905,0,1.0000,511,1,10.4164,-203.5025,-48.7270,-39.7406,-5.5689,0.520,0.000,1.000,0.0000,0.0000,0
2026-04-24,11:18:01,66854,1,4.0880,4.0890,0.0129,0.3798,3.8588,0,1.0000,511,1,4.8120,-143.7109,-48.7283,-10.7309,-5.9686,0.488,0.000,0.998,0.0000,0.0000,0
2026-04-24,11:18:01,66889,1,4.0880,3.9452,0.0395,1.1616,3.8284,0,1.0000,511,1,2.7669,-18.6405,-47.6603,21.4481,-31.8175,0.480,0.000,0.995,0.0000,0.0000,0
2026-04-24,11:18:01,66925,1,4.0880,4.1966,0.0480,1.4122,3.7981,0,1.0000,511,1,9.1604,161.1701,-45.2509,57.0988,-31.0780,0.520,0.000,1.000,0.0000,0.0000,0
2026-04-24,11:18:01,66962,1,4.0880,4.1226,0.0014,0.0422,3.7641,0,1.0000,511,1,15.8578,179.4179,-42.9180,64.9329,-6.9949,0.488,0.000,0.998,0.0000,0.0000,0
2026-04-24,11:18:01,66997,1,4.0880,4.0913,0.0125,0.3674,3.7335,0,1.0000,511,1,19.5710,94.0299,-41.5922,49.0272,-5.7962,0.456,0.000,1.000,0.0000,0.0000,0
2026-04-24,11:18:01,67032,1,4.0880,4.0685,0.0133,0.3910,3.7030,0,1.0000,511,1,21.1951,30.9951,-41.1907,23.1122,-25.2563,0.424,0.000,1.000,0.0000,0.0000,0
2026-04-24,11:18:01,67067,1,4.0800,4.0877,0.0252,0.7422,3.6727,0,1.0000,510,1,19.9488,-40.5070,-41.8012,-6.1345,-20.6108,0.392,0.000,1.000,0.0000,0.0000,0
2026-04-24,11:18:02,67103,1,4.0800,4.0562,0.0236,0.6951,3.6413,0,1.0000,510,1,17.3107,-89.5893,-43.5882,-40.7423,-24.6922,0.360,0.000,1.000,0.0000,0.0000,0
2026-04-24,11:18:02,67138,1,4.0800,4.0428,0.0237,0.6962,3.6109,0,1.0000,510,1,13.8601,-92.0704,-45.6245,-55.9943,-8.4890,0.328,0.000,1.000,0.0000,0.0000,0
2026-04-24,11:18:02,67173,1,4.0800,4.0487,0.0326,0.9582,3.5801,0,1.0000,510,1,10.8694,-89.4317,-47.4985,-56.0086,-19.6922,0.344,0.000,1.000,0.0000,0.0000,0
2026-04-24,11:18:02,67209,1,4.0800,4.0751,0.0325,0.9546,3.5495,0,1.0000,510,1,9.9509,-16.7976,-48.2102,-32.6120,-23.7281,0.384,0.000,1.000,0.0000,0.0000,0
2026-04-24,11:18:02,67245,1,4.0800,4.0682,0.0339,0.9983,3.5178,0,1.0000,510,1,10.5009,18.1819,-47.9220,-4.2380,-0.5963,0.424,0.000,1.000,0.0000,0.0000,0
2026-04-24,11:18:02,67281,1,4.0880,4.0621,0.0331,0.9725,3.4867,0,1.0000,511,1,12.1965,38.7601,-46.9627,18.4849,-20.1411,0.416,0.000,1.000,0.0000,0.0000,0
2026-04-24,11:18:02,67316,1,4.0880,3.9282,0.0371,1.0911,3.4559,0,1.0000,511,1,13.2987,33.3304,-45.7118,31.5712,-10.4617,0.384,0.000,1.000,0.0000,0.0000,0
2026-04-24,11:18:02,67352,1,4.0880,4.1449,0.0276,0.8106,3.4247,0,1.0000,511,1,13.9103,12.7819,-44.6899,29.8735,-21.3360,0.352,0.000,1.000,0.0000,0.0000,0
2026-04-24,11:18:02,67388,1,5.1040,4.9513,0.0701,2.0626,3.3908,0,1.0000,638,1,14.1440,-2.1746,-44.8309,3.8737,-18.7975,0.320,0.000,1.000,0.0000,0.0000,0
2026-04-24,11:18:02,67423,1,5.1040,5.1817,0.0429,1.2615,3.3524,0,1.0000,638,1,13.6907,-5.3644,-45.1363,-5.2438,-42.3026,0.288,0.000,1.000,0.0000,0.0000,0
2026-04-24,11:18:02,67458,1,6.2640,5.1722,0.0480,1.4119,3.3140,0,1.0000,783,1,13.4243,-27.0901,-45.3268,-9.5170,-48.3513,0.256,0.000,1.000,0.0000,0.0000,0
2026-04-24,11:18:02,67494,1,7.9840,7.8142,0.1220,3.5889,3.2655,0,1.0000,998,1,12.7794,-9.6098,-45.2827,-5.4454,-35.1796,0.320,0.000,1.000,0.0000,0.0000,0
2026-04-24,11:18:02,67529,1,7.9840,8.7175,0.0140,0.4115,3.2015,0,1.0000,998,1,11.1433,-40.2062,-45.7753,-17.9845,-9.8567,0.360,0.000,1.000,0.0000,0.0000,0
2026-04-24,11:18:02,67565,1,7.9920,8.0290,0.0067,0.1963,3.1387,0,1.0000,11,1,9.5338,-55.0305,-47.7851,-45.8964,18.1595,0.328,0.000,0.998,0.0000,0.0000,0
2026-04-24,11:18:02,67601,1,0.0880,-0.3636,-0.1293,3.8021,3.0973,0,1.0000,11,1,5.7243,-104.3097,-48.5507,-27.7924,8.3209,0.344,0.000,1.000,0.0000,0.0000,0
2026-04-24,11:18:02,67636,1,0.0880,0.1061,0.0163,0.4804,3.1064,0,1.0000,11,1,2.5090,-96.8848,-47.4471,16.8745,5.9224,0.360,0.000,0.997,0.0000,0.0000,0
2026-04-24,11:18:02,67671,1,0.0000,0.1001,0.0026,0.0758,3.1050,0,1.0000,0,1,-0.2090,-56.1024,-45.1330,55.8608,18.9213,0.328,0.000,0.994,0.0000,0.0000,0
2026-04-24,11:18:02,67707,1,0.0000,-0.0080,0.0058,0.1700,3.1049,0,1.0000,0,1,-1.2388,-12.2784,-42.5285,73.7261,-4.4908,0.296,0.000,0.990,0.0000,0.0000,0
2026-04-24,11:18:02,67742,1,0.0000,-0.0095,0.0068,0.1986,3.1049,0,1.0000,0,1,0.1302,63.0458,-39.6555,86.4572,8.5293,0.264,0.000,0.987,0.0000,0.0000,0
2026-04-24,11:18:02,67778,1,0.0000,0.0109,0.0061,0.1801,3.1049,0,1.0000,0,1,3.2936,108.7535,-36.8468,88.5702,8.2045,0.232,0.000,0.984,0.0000,0.0000,0
2026-04-24,11:18:02,67814,1,0.0000,0.0040,0.0051,0.1496,3.1049,0,1.0000,0,1,7.7638,138.9071,-34.0752,87.3671,-7.0918,0.200,0.000,0.981,0.0000,0.0000,0
2026-04-24,11:18:02,67849,1,0.0000,-0.0021,0.0067,0.1967,3.1049,0,1.0000,0,1,11.7636,123.0355,-31.7199,79.1763,14.3372,0.168,0.000,0.978,0.0000,0.0000,0
2026-04-24,11:18:02,67885,1,0.0000,0.0043,0.0065,0.1903,3.1049,0,1.0000,0,1,15.4017,104.8759,-29.8619,65.5820,-0.3756,0.136,0.000,0.974,0.0000,0.0000,0
2026-04-24,11:18:02,67920,1,0.0000,-0.0017,0.0058,0.1699,3.1049,0,1.0000,0,1,17.8780,73.2033,-28.4144,52.1950,-1.3891,0.104,0.000,0.971,0.0000,0.0000,0
2026-04-24,11:18:02,67955,1,0.0000,0.0057,0.0060,0.1763,3.1049,0,1.0000,0,1,19.3371,35.8796,-27.4872,37.3361,12.9268,0.072,0.000,0.968,0.0000,0.0000,0
2026-04-24,11:18:02,67990,1,0.0000,0.0096,0.0053,0.1547,3.1049,0,1.0000,0,1,19.7361,12.4155,-26.9723,22.8842,-9.5257,0.040,0.000,0.965,0.0000,0.0000,0
2026-04-24,11:18:02,68026,1,0.0000,0.0161,0.0054,0.1597,3.1049,0,1.0000,0,1,19.2196,-16.8714,-26.7365,12.7148,4.4363,0.008,0.000,0.962,0.0000,0.0000,0
2026-04-24,11:18:02,68061,1,0.0000,0.0052,0.0052,0.1534,3.1049,0,1.0000,0,1,18.8638,-10.3861,-26.7031,5.7233,-1.9093,0.000,0.000,0.958,0.0000,0.0000,0
2026-04-24,11:18:03,68097,1,0.0000,-0.0037,0.0054,0.1598,3.1049,0,1.0000,0,1,18.3147,-8.8448,-26.6513,2.6962,-15.8191,0.000,0.000,0.955,0.0000,0.0000,0
2026-04-24,11:18:03,68132,1,0.0000,0.0064,0.0052,0.1534,3.1049,0,1.0000,0,1,18.3118,-2.9483,-26.7557,-1.1475,0.7453,0.000,0.000,0.952,0.0000,0.0000,0
2026-04-24,11:18:03,68167,1,0.0000,-0.0007,0.0065,0.1903,3.1049,0,1.0000,0,1,18.6448,15.4323,-27.0034,-5.8382,-18.9977,0.000,0.000,0.949,0.0000,0.0000,0
2026-04-24,11:18:03,68202,1,0.0000,0.0066,0.0056,0.1636,3.1049,0,1.0000,0,1,18.9219,7.2002,-27.2288,-6.7649,-30.2447,0.000,0.000,0.946,0.0000,0.0000,0
2026-04-24,11:18:03,68237,1,0.0000,-0.0048,0.0056,0.1655,3.1049,0,1.0000,0,0,19.4363,13.7440,-27.3154,-3.8033,-12.3316,0.000,0.000,0.942,0.0000,0.0000,0
2026-04-24,11:18:03,68272,1,0.0000,0.0020,0.0047,0.1394,3.1049,0,1.0000,0,0,19.5729,8.5298,-27.3180,-2.6270,-7.9398,0.000,0.000,0.940,0.0000,0.0000,0
2026-04-24,11:18:03,68308,1,0.0000,-0.0010,0.0055,0.1617,3.1049,0,1.0000,0,0,19.7086,0.6970,-27.4613,-4.0455,-20.9664,0.000,0.000,0.937,0.0000,0.0000,0
2026-04-24,11:18:03,68343,1,0.0000,-0.0067,0.0067,0.1967,3.1049,0,1.0000,0,0,19.8501,6.0536,-27.5073,-1.9333,2.7392,0.000,0.000,0.934,0.0000,0.0000,0
2026-04-24,11:18:03,68378,1,0.0000,-0.0000,0.0057,0.1674,3.1049,0,1.0000,0,0,19.8492,0.0834,-27.4819,-0.4898,-10.2333,0.000,0.000,0.930,0.0000,0.0000,0
2026-04-24,11:18:03,68413,1,0.0000,0.0025,0.0056,0.1655,3.1049,0,1.0000,0,0,20.0238,4.2436,-27.3850,2.1309,-9.7903,0.000,0.000,0.927,0.0000,0.0000,0
2026-04-24,11:18:03,68448,1,0.0000,-0.0025,0.0061,0.1782,3.1049,0,1.0000,0,0,20.0542,2.7202,-27.2727,2.8191,-0.6140,0.000,0.000,0.924,0.0000,0.0000,0
2026-04-24,11:18:03,68483,1,0.0000,0.0011,0.0052,0.1534,3.1049,0,1.0000,0,0,20.0727,-0.6415,-27.2680,0.8914,-21.0865,0.000,0.000,0.921,0.0000,0.0000,0
2026-04-24,11:18:03,68519,1,0.0000,-0.0104,0.0061,0.1801,3.1049,0,1.0000,0,0,20.1572,2.9447,-27.2621,0.2061,-4.5499,0.000,0.000,0.918,0.0000,0.0000,0
2026-04-24,11:18:03,68555,1,0.0000,0.0033,0.0052,0.1515,3.1049,0,1.0000,0,0,20.1631,0.4207,-27.4341,-3.9601,-16.4602,0.000,0.000,0.914,0.0000,0.0000,0
2026-04-24,11:18:03,68590,1,0.0000,0.0040,0.0051,0.1515,3.1049,0,1.0000,0,0,20.2058,0.3495,-27.5136,-2.3840,-21.4505,0.000,0.000,0.911,0.0000,0.0000,0
2026-04-24,11:18:03,68625,1,0.0000,-0.0003,0.0047,0.1388,3.1049,0,1.0000,0,0,20.2328,2.0990,-27.3068,3.4680,-10.5275,0.000,0.000,0.908,0.0000,0.0000,0
2026-04-24,11:18:03,68660,1,0.0000,0.0019,0.0058,0.1718,3.1049,0,1.0000,0,0,20.2806,0.6456,-27.1936,3.1611,-15.2915,0.000,0.000,0.905,0.0000,0.0000,0
2026-04-24,11:18:03,68695,1,0.0000,-0.0019,0.0054,0.1597,3.1049,0,1.0000,0,0,20.2960,0.5414,-27.1098,3.4020,-7.1757,0.000,0.000,0.902,0.0000,0.0000,0
2026-04-24,11:18:03,68730,1,0.0000,-0.0178,0.0053,0.1552,3.1049,0,1.0000,0,0,20.2716,-1.0232,-26.7779,8.1023,-11.7770,0.000,0.000,0.898,0.0000,0.0000,0
2026-04-24,11:18:03,68765,1,0.0000,0.0117,0.0053,0.1553,3.1049,0,1.0000,0,0,20.2884,0.3683,-26.5138,7.9294,-17.7289,0.000,0.000,0.895,0.0000,0.0000,0
2026-04-24,11:18:03,68800,1,0.0000,-0.0084,0.0056,0.1636,3.1049,0,1.0000,0,0,20.2764,0.0640,-26.3839,5.2332,-1.9318,0.000,0.000,0.892,0.0000,0.0000,0
2026-04-24,11:18:03,68835,1,0.0000,-0.0053,0.0071,0.2088,3.1049,0,1.0000,0,0,20.2882,0.1290,-26.3543,2.3455,5.8295,0.000,0.000,0.889,0.0000,0.0000,0
2026-04-24,11:18:03,68870,1,0.0000,-0.0008,0.0058,0.1718,3.1049,0,1.0000,0,0,20.3107,1.1452,-26.4425,-1.2943,4.4127,0.000,0.000,0.886,0.0000,0.0000,0
2026-04-24,11:18:03,68906,1,0.0000,0.0088,0.0058,0.1699,3.1049,0,1.0000,0,0,20.2930,-0.9006,-26.5693,-3.1179,-2.4585,0.000,0.000,0.882,0.0000,0.0000,0
2026-04-24,11:18:03,68941,1,0.0000,0.0156,0.0056,0.1636,3.1049,0,1.0000,0,0,20.2938,-0.2136,-26.6612,-2.8105,3.8908,0.000,0.000,0.879,0.0000,0.0000,0
2026-04-24,11:18:03,68976,1,0.0000,0.0022,0.0049,0.1451,3.1049,0,1.0000,0,0,20.2994,0.1379,-26.7786,-3.6174,17.2850,0.000,0.000,0.876,0.0000,0.0000,0
2026-04-24,11:18:03,69012,1,0.0000,-0.0103,0.0056,0.1643,3.1049,0,1.0000,0,0,20.2907,-0.5630,-26.8333,-2.5701,-5.8680,0.000,0.000,0.873,0.0000,0.0000,0
2026-04-24,11:18:03,69047,1,0.0000,-0.0038,0.0052,0.1534,3.1049,0,1.0000,0,0,20.3143,0.3072,-27.0097,-4.8165,1.1025,0.000,0.000,0.870,0.0000,0.0000,0
2026-04-24,11:18:04,69082,1,0.0000,-0.0023,0.0049,0.1451,3.1049,0,1.0000,0,0,20.3114,0.0206,-27.1589,-4.9704,-12.4928,0.000,0.000,0.866,0.0000,0.0000,0
2026-04-24,11:18:04,69117,1,0.0000,0.0074,0.0060,0.1763,3.1049,0,1.0000,0,0,20.3138,0.0688,-27.4230,-7.4791,-4.9328,0.000,0.000,0.863,0.0000,0.0000,0
2026-04-24,11:18:04,69152,1,0.0000,0.0103,0.0049,0.1432,3.1049,0,1.0000,0,0,20.3237,0.1905,-27.5517,-4.9261,-4.4690,0.000,0.000,0.860,0.0000,0.0000,0
2026-04-24,11:18:04,69187,1,0.0000,0.0026,0.0059,0.1744,3.1049,0,1.0000,0,0,20.2834,-1.0563,-27.5389,-1.1348,-11.1247,0.000,0.000,0.857,0.0000,0.0000,0
2026-04-24,11:18:04,69226,1,0.0000,0.0010,0.0060,0.1763,3.1049,0,1.0000,0,0,20.2755,-0.5770,-27.4940,-0.3914,0.1199,0.000,0.000,0.854,0.0000,0.0000,0
2026-04-24,11:18:04,69261,1,0.0000,0.0035,0.0047,0.1393,3.1049,0,1.0000,0,0,20.2874,0.1148,-27.4796,0.2695,-6.6873,0.000,0.000,0.851,0.0000,0.0000,0
2026-04-24,11:18:04,69296,1,0.0000,-0.0026,0.0057,0.1674,3.1049,0,1.0000,0,0,20.2802,0.0586,-27.3773,2.1406,-12.1998,0.000,0.000,0.848,0.0000,0.0000,0
2026-04-24,11:18:04,69331,1,0.0000,0.0018,0.0061,0.1782,3.1049,0,1.0000,0,0,20.2704,-0.2628,-27.2458,3.5118,-10.7815,0.000,0.000,0.845,0.0000,0.0000,0
2026-04-24,11:18:04,69366,1,0.0000,0.0011,0.0058,0.1718,3.1049,0,1.0000,0,0,20.2703,-0.6035,-27.1019,4.2529,-8.6266,0.000,0.000,0.842,0.0000,0.0000,0
2026-04-24,11:18:04,69401,1,0.0000,-0.0109,0.0062,0.1820,3.1049,0,1.0000,0,0,20.2630,-0.3358,-27.0866,1.4339,-7.7290,0.000,0.000,0.838,0.0000,0.0000,0
2026-04-24,11:18:04,69437,1,0.0000,0.0043,0.0053,0.1553,3.1049,0,1.0000,0,0,20.2666,0.3698,-27.0837,0.7051,6.7187,0.000,0.000,0.835,0.0000,0.0000,0
2026-04-24,11:18:04,69472,1,0.0000,-0.0050,0.0060,0.1763,3.1049,0,1.0000,0,0,20.2571,0.0898,-27.0041,1.7892,-0.2349,0.000,0.000,0.832,0.0000,0.0000,0
2026-04-24,11:18:04,69507,1,0.0000,0.0031,0.0059,0.1744,3.1049,0,1.0000,0,0,20.2596,-0.0850,-26.9066,2.8560,6.8759,0.000,0.000,0.829,0.0000,0.0000,0
2026-04-24,11:18:04,69542,1,0.0000,-0.0123,0.0056,0.1636,3.1049,0,1.0000,0,0,20.2541,0.0223,-26.8071,2.7893,-7.0238,0.000,0.000,0.826,0.0000,0.0000,0
2026-04-24,11:18:04,69577,1,0.0000,-0.0117,0.0054,0.1579,3.1049,0,1.0000,0,0,20.2511,-0.3581,-26.7508,2.2233,-5.5633,0.000,0.000,0.822,0.0000,0.0000,0
2026-04-24,11:18:04,69612,1,0.0000,-0.0062,0.0062,0.1820,3.1049,0,1.0000,0,0,20.2494,-0.0923,-26.6890,1.3906,-4.5925,0.000,0.000,0.819,0.0000,0.0000,0
2026-04-24,11:18:04,69648,1,0.0000,0.0002,0.0061,0.1801,3.1049,0,1.0000,0,0,20.2608,0.2414,-26.8201,-2.3966,-16.9057,0.000,0.000,0.816,0.0000,0.0000,0
2026-04-24,11:18:04,69683,1,0.0000,-0.0062,0.0052,0.1515,3.1049,0,1.0000,0,0,20.2486,-0.2656,-26.8737,-1.6800,6.1003,0.000,0.000,0.813,0.0000,0.0000,0
2026-04-24,11:18:04,69718,1,0.0000,0.0055,0.0046,0.1349,3.1049,0,1.0000,0,0,20.2571,0.4851,-26.9146,-1.5861,-8.1996,0.000,0.000,0.810,0.0000,0.0000,0
2026-04-24,11:18:04,69753,1,0.0000,-0.0073,0.0066,0.1941,3.1049,0,1.0000,0,0,20.2764,1.0691,-26.8102,1.9064,-8.0536,0.000,0.000,0.806,0.0000,0.0000,0
2026-04-24,11:18:04,69788,1,0.0000,0.0086,0.0055,0.1616,3.1049,0,1.0000,0,0,20.2634,-0.2833,-26.7169,2.4783,-0.6016,0.000,0.000,0.803,0.0000,0.0000,0
2026-04-24,11:18:04,69823,1,0.0000,0.0069,0.0059,0.1738,3.1049,0,1.0000,0,0,20.2417,-0.7447,-26.6324,2.2991,-14.4526,0.000,0.000,0.800,0.0000,0.0000,0
2026-04-24,11:18:04,69858,1,0.0000,-0.0058,0.0056,0.1636,3.1049,0,1.0000,0,0,20.2528,0.4517,-26.5851,1.6166,-5.5007,0.000,0.000,0.797,0.0000,0.0000,0
2026-04-24,11:18:04,69893,1,0.0000,-0.0106,0.0063,0.1865,3.1049,0,1.0000,0,0,20.2477,0.0831,-26.5434,1.0319,-11.4590,0.000,0.000,0.794,0.0000,0.0000,0
2026-04-24,11:18:04,69928,1,0.0000,-0.0044,0.0066,0.1948,3.1049,0,1.0000,0,0,20.2439,0.0292,-26.6586,-2.2030,3.5648,0.000,0.000,0.790,0.0000,0.0000,0
2026-04-24,11:18:04,69963,1,0.0000,0.0060,0.0054,0.1597,3.1049,0,1.0000,0,0,20.2542,0.3659,-26.8321,-4.3351,-3.8686,0.000,0.000,0.787,0.0000,0.0000,0
2026-04-24,11:18:04,69998,1,0.0000,0.0007,0.0052,0.1534,3.1049,0,1.0000,0,0,20.2623,0.1786,-26.9280,-3.5568,-4.3617,0.000,0.000,0.784,0.0000,0.0000,0
2026-04-24,11:18:04,70034,1,0.0000,-0.0024,0.0049,0.1451,3.1049,0,1.0000,0,0,20.2629,0.3208,-27.0733,-4.0345,-3.2814,0.000,0.000,0.781,0.0000,0.0000,0
2026-04-24,11:18:04,70069,1,0.0000,-0.0016,0.0066,0.1941,3.1049,0,1.0000,0,0,20.2730,0.3892,-27.0873,-2.0763,10.3560,0.000,0.000,0.778,0.0000,0.0000,0
2026-04-24,11:18:05,70104,1,0.0000,-0.0083,0.0059,0.1737,3.1049,0,1.0000,0,0,20.2585,-0.3562,-27.2544,-4.2757,1.6280,0.000,0.000,0.774,0.0000,0.0000,0
2026-04-24,11:18:05,70139,1,0.0000,0.0032,0.0055,0.1617,3.1049,0,1.0000,0,0,20.2495,-0.6186,-27.3860,-4.0052,8.0347,0.000,0.000,0.771,0.0000,0.0000,0
2026-04-24,11:18:05,70178,1,0.0000,-0.0007,0.0055,0.1617,3.1049,0,1.0000,0,0,20.2506,0.3386,-27.4115,-2.9011,7.1423,0.000,0.000,0.769,0.0000,0.0000,0
2026-04-24,11:18:05,70214,1,0.0000,-0.0017,0.0050,0.1470,3.1049,0,1.0000,0,0,20.2300,-0.0700,-27.3248,1.0668,26.2968,0.000,0.000,0.766,0.0000,0.0000,0
2026-04-24,11:18:05,70249,1,0.0000,-0.0066,0.0049,0.1451,3.1049,0,1.0000,0,0,20.2399,0.0998,-27.2780,1.0531,35.3979,0.000,0.000,0.762,0.0000,0.0000,0
2026-04-24,11:18:05,70284,1,0.0000,0.0063,0.0056,0.1655,3.1049,0,1.0000,0,0,20.2402,-0.0018,-27.2999,-0.2045,23.6128,0.000,0.000,0.759,0.0000,0.0000,0
2026-04-24,11:18:05,70319,1,0.0000,-0.0064,0.0056,0.1655,3.1049,0,1.0000,0,0,20.2453,-0.4565,-27.4245,-3.0894,13.3334,0.000,0.000,0.756,0.0000,0.0000,0
2026-04-24,11:18:05,70354,1,0.0000,0.0041,0.0055,0.1617,3.1049,0,1.0000,0,0,20.2565,0.1696,-27.6802,-6.3025,10.8150,0.000,0.000,0.753,0.0000,0.0000,0
2026-04-24,11:18:05,70389,1,0.0000,-0.0036,0.0069,0.2024,3.1049,0,1.0000,0,0,20.2469,-0.0828,-27.7735,-3.4795,-4.0690,0.000,0.000,0.750,0.0000,0.0000,0
2026-04-24,11:18:05,70424,1,0.0000,-0.0076,0.0062,0.1820,3.1049,0,1.0000,0,0,20.2608,0.7947,-27.6837,0.5839,3.1819,0.000,0.000,0.746,0.0000,0.0000,0
2026-04-24,11:18:05,70459,1,0.0000,0.0024,0.0052,0.1534,3.1049,0,1.0000,0,0,20.2983,1.2844,-27.4512,5.2257,3.1237,0.000,0.000,0.743,0.0000,0.0000,0
2026-04-24,11:18:05,70495,1,0.0000,-0.0026,0.0066,0.1941,3.1049,0,1.0000,0,0,20.2923,0.2035,-27.0757,9.4155,3.2236,0.000,0.000,0.740,0.0000,0.0000,0
2026-04-24,11:18:05,70530,1,0.0000,-0.0005,0.0055,0.1617,3.1049,0,1.0000,0,0,20.3133,0.5613,-26.8465,6.9234,16.9709,0.000,0.000,0.737,0.0000,0.0000,0
2026-04-24,11:18:05,70565,1,0.0000,-0.0075,0.0057,0.1680,3.1049,0,1.0000,0,0,20.3007,-0.0430,-26.7550,4.9367,7.5310,0.000,0.000,0.734,0.0000,0.0000,0
2026-04-24,11:18:05,70600,1,0.0000,0.0035,0.0066,0.1927,3.1049,0,1.0000,0,0,20.2887,-0.8923,-26.7808,0.1870,-7.1210,0.000,0.000,0.730,0.0000,0.0000,0
2026-04-24,11:18:05,70635,1,0.0000,0.0064,0.0049,0.1432,3.1049,0,1.0000,0,0,20.2945,-0.0060,-27.1795,-8.3604,-19.6193,0.000,0.000,0.727,0.0000,0.0000,0
2026-04-24,11:18:05,70670,1,0.0000,-0.0005,0.0058,0.1699,3.1049,0,1.0000,0,0,20.2740,-0.3977,-27.3807,-6.4434,-23.9912,0.000,0.000,0.724,0.0000,0.0000,0
2026-04-24,11:18:05,70705,1,0.0000,-0.0100,0.0056,0.1655,3.1049,0,1.0000,0,0,20.3076,0.7076,-27.3570,-1.7053,-20.2610,0.000,0.000,0.721,0.0000,0.0000,0
2026-04-24,11:18:05,70740,1,0.0000,-0.0023,0.0052,0.1534,3.1049,0,1.0000,0,0,20.3196,0.3621,-27.4032,-1.6956,-37.8194,0.000,0.000,0.718,0.0000,0.0000,0
2026-04-24,11:18:05,70775,1,0.0000,0.0062,0.0052,0.1534,3.1049,0,1.0000,0,0,20.3056,-0.6906,-27.5828,-4.7996,-38.4079,0.000,0.000,0.714,0.0000,0.0000,0
2026-04-24,11:18:05,70810,1,0.0000,-0.0004,0.0047,0.1388,3.1049,0,1.0000,0,0,20.2966,-0.2928,-27.7068,-3.9511,-32.9471,0.000,0.000,0.711,0.0000,0.0000,0
2026-04-24,11:18:05,70845,1,0.0000,0.0016,0.0058,0.1718,3.1049,0,1.0000,0,0,20.2912,-0.3161,-27.7808,-2.8390,-14.7330,0.000,0.000,0.708,0.0000,0.0000,0
2026-04-24,11:18:05,70880,1,0.0000,-0.0066,0.0071,0.2087,3.1049,0,1.0000,0,0,20.2883,0.1983,-27.7249,0.3315,-12.1173,0.000,0.000,0.705,0.0000,0.0000,0
2026-04-24,11:18:05,70915,1,0.0000,-0.0036,0.0047,0.1393,3.1049,0,1.0000,0,0,20.2814,-0.2033,-27.5432,3.7252,-11.1079,0.000,0.000,0.702,0.0000,0.0000,0
2026-04-24,11:18:05,70950,1,0.0000,-0.0025,0.0053,0.1553,3.1049,0,1.0000,0,0,20.2517,-1.2195,-27.3420,5.9036,-2.7826,0.000,0.000,0.698,0.0000,0.0000,0
2026-04-24,11:18:05,70985,1,0.0000,0.0014,0.0065,0.1922,3.1049,0,1.0000,0,0,20.2420,-0.4772,-27.0607,7.2959,4.1456,0.000,0.000,0.695,0.0000,0.0000,0
2026-04-24,11:18:05,71020,1,0.0000,0.0038,0.0056,0.1660,3.1049,0,1.0000,0,0,20.2198,-1.0222,-27.0049,3.2449,4.3439,0.000,0.000,0.692,0.0000,0.0000,0
2026-04-24,11:18:05,71055,1,0.0000,-0.0014,0.0061,0.1782,3.1049,0,1.0000,0,0,20.2196,0.0471,-27.2404,-4.1922,10.4749,0.000,0.000,0.689,0.0000,0.0000,0
2026-04-24,11:18:06,71090,1,0.0000,0.0040,0.0049,0.1451,3.1049,0,1.0000,0,0,20.2033,-0.4662,-27.4818,-6.2652,2.6854,0.000,0.000,0.686,0.0000,0.0000,0
2026-04-24,11:18:06,71129,1,0.0000,-0.0022,0.0049,0.1451,3.1049,0,1.0000,0,0,20.1971,-0.6622,-27.5490,-4.7855,-4.7076,0.000,0.000,0.683,0.0000,0.0000,0
2026-04-24,11:18:06,71165,1,0.0000,-0.0091,0.0057,0.1680,3.1049,0,1.0000,0,0,20.2042,-0.0026,-27.6512,-4.0394,-18.0760,0.000,0.000,0.680,0.0000,0.0000,0
2026-04-24,11:18:06,71200,1,0.0000,-0.0090,0.0051,0.1515,3.1049,0,1.0000,0,0,20.1941,-0.2121,-27.8043,-4.3953,-15.0887,0.000,0.000,0.677,0.0000,0.0000,0
2026-04-24,11:18:06,71235,1,0.0000,-0.0020,0.0049,0.1432,3.1049,0,1.0000,0,0,20.1967,-0.0967,-27.6707,1.4808,-12.5647,0.000,0.000,0.674,0.0000,0.0000,0
2026-04-24,11:18:06,71270,1,0.0000,-0.0094,0.0057,0.1680,3.1049,0,1.0000,0,0,20.2016,0.1154,-27.5006,3.9088,2.3417,0.000,0.000,0.670,0.0000,0.0000,0
2026-04-24,11:18:06,71305,1,0.0000,-0.0021,0.0053,0.1559,3.1049,0,1.0000,0,0,20.2078,0.1318,-27.3587,4.2216,-11.2689,0.000,0.000,0.667,0.0000,0.0000,0
2026-04-24,11:18:06,71340,1,0.0000,-0.0048,0.0058,0.1718,3.1049,0,1.0000,0,0,20.1839,-1.4172,-27.3156,2.0956,-16.7651,0.000,0.000,0.664,0.0000,0.0000,0
2026-04-24,11:18:06,71375,1,0.0000,0.0075,0.0055,0.1616,3.1049,0,1.0000,0,0,20.1654,-0.3227,-27.3461,-0.2813,-34.1843,0.000,0.000,0.661,0.0000,0.0000,0
2026-04-24,11:18:06,71410,1,0.0000,0.0005,0.0058,0.1699,3.1049,0,1.0000,0,0,20.1676,0.4165,-27.3828,-0.7473,-29.7582,0.000,0.000,0.658,0.0000,0.0000,0
2026-04-24,11:18:06,71445,1,0.0000,-0.0136,0.0058,0.1699,3.1049,0,1.0000,0,0,20.1739,-0.5736,-27.4334,-1.7126,-11.2176,0.000,0.000,0.654,0.0000,0.0000,0
2026-04-24,11:18:06,71480,1,0.0000,-0.0049,0.0059,0.1737,3.1049,0,1.0000,0,0,20.1429,-0.8893,-27.5917,-4.0661,-9.6661,0.000,0.000,0.651,0.0000,0.0000,0
2026-04-24,11:18:06,71515,1,0.0000,0.0019,0.0059,0.1738,3.1049,0,1.0000,0,0,20.1139,-0.8863,-27.7021,-3.4719,-8.2168,0.000,0.000,0.648,0.0000,0.0000,0
2026-04-24,11:18:06,71550,1,0.0000,-0.0068,0.0051,0.1495,3.1049,0,1.0000,0,0,20.0870,-0.6900,-27.6061,1.0981,-21.2094,0.000,0.000,0.645,0.0000,0.0000,0
2026-04-24,11:18:06,71585,1,0.0000,-0.0032,0.0061,0.1801,3.1049,0,1.0000,0,0,20.0745,0.1062,-27.4724,2.6349,-37.9645,0.000,0.000,0.642,0.0000,0.0000,0
2026-04-24,11:18:06,71620,1,0.0000,0.0049,0.0058,0.1718,3.1049,0,1.0000,0,0,20.0826,0.6022,-27.4048,2.3664,-24.6973,0.000,0.000,0.638,0.0000,0.0000,0
2026-04-24,11:18:06,71655,1,0.0000,0.0047,0.0054,0.1578,3.1049,0,1.0000,0,0,20.0592,-0.7876,-27.3036,2.3615,-15.0427,0.000,0.000,0.635,0.0000,0.0000,0
2026-04-24,11:18:06,71690,1,0.0000,-0.0126,0.0054,0.1598,3.1049,0,1.0000,0,0,20.0570,-0.3361,-27.3277,0.3689,-13.0641,0.000,0.000,0.632,0.0000,0.0000,0
2026-04-24,11:18:06,71725,1,0.0000,-0.0059,0.0063,0.1839,3.1049,0,1.0000,0,0,20.0558,0.2238,-27.4389,-2.8919,-4.4659,0.000,0.000,0.629,0.0000,0.0000,0
2026-04-24,11:18:06,71760,1,0.0000,0.0016,0.0053,0.1553,3.1049,0,1.0000,0,0,20.0508,0.0982,-27.6140,-4.3804,-4.0511,0.000,0.000,0.626,0.0000,0.0000,0
2026-04-24,11:18:06,71795,1,0.0000,-0.0033,0.0059,0.1738,3.1049,0,1.0000,0,0,20.0355,-0.2373,-27.8131,-5.1878,-16.7100,0.000,0.000,0.622,0.0000,0.0000,0
2026-04-24,11:18:06,71830,1,0.0000,-0.0199,0.0059,0.1737,3.1049,0,1.0000,0,0,20.0232,-0.6971,-27.9262,-3.9870,-20.5855,0.000,0.000,0.619,0.0000,0.0000,0
2026-04-24,11:18:06,71866,1,0.0000,-0.0071,0.0054,0.1597,3.1049,0,1.0000,0,0,19.9968,-0.5014,-27.9014,-0.8557,-31.1945,0.000,0.000,0.616,0.0000,0.0000,0
2026-04-24,11:18:06,71902,1,0.0000,0.0022,0.0049,0.1432,3.1049,0,1.0000,0,0,19.9828,-0.7421,-27.9218,-1.2810,-26.7900,0.000,0.000,0.613,0.0000,0.0000,0
2026-04-24,11:18:06,71937,1,0.0000,-0.0107,0.0060,0.1763,3.1049,0,1.0000,0,0,19.9644,-0.6125,-28.0079,-2.0855,-16.1402,0.000,0.000,0.610,0.0000,0.0000,0
2026-04-24,11:18:06,71972,1,0.0000,-0.0038,0.0054,0.1597,3.1049,0,1.0000,0,0,19.9623,-0.1774,-27.9932,-0.0878,-27.2761,0.000,0.000,0.606,0.0000,0.0000,0
2026-04-24,11:18:06,72007,1,0.0000,-0.0024,0.0056,0.1636,3.1049,0,1.0000,0,0,19.9412,-0.9877,-27.8521,3.0982,-23.8799,0.000,0.000,0.603,0.0000,0.0000,0
2026-04-24,11:18:06,72046,1,0.0000,0.0056,0.0049,0.1452,3.1049,0,1.0000,0,0,19.9386,0.0999,-27.7776,2.7594,-14.8184,0.000,0.000,0.601,0.0000,0.0000,0
2026-04-24,11:18:07,72082,1,0.0000,-0.0028,0.0052,0.1534,3.1049,0,1.0000,0,0,19.9401,0.2229,-27.6747,3.0952,-33.1915,0.000,0.000,0.598,0.0000,0.0000,0
2026-04-24,11:18:07,72117,1,0.0000,-0.0065,0.0051,0.1515,3.1049,0,1.0000,0,0,19.9320,-0.2969,-27.6337,1.7880,-14.6596,0.000,0.000,0.594,0.0000,0.0000,0
2026-04-24,11:18:07,72152,1,0.0000,0.0016,0.0055,0.1617,3.1049,0,1.0000,0,0,19.9308,-0.0966,-27.4179,4.9906,-26.2876,0.000,0.000,0.591,0.0000,0.0000,0
2026-04-24,11:18:07,72187,1,0.0000,-0.0066,0.0068,0.2005,3.1049,0,1.0000,0,0,19.9345,0.3201,-27.2682,4.7390,-28.5905,0.000,0.000,0.588,0.0000,0.0000,0
2026-04-24,11:18:07,72223,1,0.0000,-0.0043,0.0061,0.1782,3.1049,0,1.0000,0,0,19.9385,0.3864,-27.3394,-0.4456,-17.9432,0.000,0.000,0.585,0.0000,0.0000,0
2026-04-24,11:18:07,72258,1,0.0000,0.0063,0.0046,0.1349,3.1049,0,1.0000,0,0,19.9369,-0.4513,-27.5456,-4.4903,4.5295,0.000,0.000,0.582,0.0000,0.0000,0
2026-04-24,11:18:07,72293,1,0.0000,0.0085,0.0049,0.1432,3.1049,0,1.0000,0,0,19.9200,-0.0349,-27.6322,-2.8638,11.3215,0.000,0.000,0.578,0.0000,0.0000,0
2026-04-24,11:18:07,72328,1,0.0000,-0.0058,0.0058,0.1699,3.1049,0,1.0000,0,0,19.9099,-0.2844,-27.5819,0.1793,9.7913,0.000,0.000,0.575,0.0000,0.0000,0
2026-04-24,11:18:07,72363,1,0.0000,-0.0007,0.0068,0.1986,3.1049,0,1.0000,0,0,19.9078,-0.0408,-27.5502,0.7567,15.3813,0.000,0.000,0.572,0.0000,0.0000,0
2026-04-24,11:18:07,72399,1,0.0000,-0.0011,0.0049,0.1451,3.1049,0,1.0000,0,0,19.8992,-0.2050,-27.5827,-0.7393,20.4098,0.000,0.000,0.569,0.0000,0.0000,0
2026-04-24,11:18:07,72435,1,0.0000,-0.0026,0.0062,0.1820,3.1049,0,1.0000,0,0,19.8967,-0.2520,-27.7182,-3.2484,11.0290,0.000,0.000,0.566,0.0000,0.0000,0
2026-04-24,11:18:07,72470,1,0.0000,-0.0122,0.0061,0.1782,3.1049,0,1.0000,0,0,19.9060,0.5622,-27.8652,-4.1531,9.5231,0.000,0.000,0.562,0.0000,0.0000,0
2026-04-24,11:18:07,72506,1,0.0000,-0.0045,0.0051,0.1496,3.1049,0,1.0000,0,0,19.9186,0.2357,-27.9048,-1.5562,21.5342,0.000,0.000,0.559,0.0000,0.0000,0
2026-04-24,11:18:07,72541,1,0.0000,0.0014,0.0055,0.1617,3.1049,0,1.0000,0,0,19.9268,0.4264,-27.7896,1.7063,18.5996,0.000,0.000,0.556,0.0000,0.0000,0
2026-04-24,11:18:07,72576,1,0.0000,-0.0002,0.0051,0.1495,3.1049,0,1.0000,0,0,19.9346,0.2482,-27.7336,2.0175,22.1887,0.000,0.000,0.553,0.0000,0.0000,0
2026-04-24,11:18:07,72611,1,0.0000,0.0052,0.0055,0.1617,3.1049,0,1.0000,0,0,19.9412,0.2315,-27.5358,4.6907,18.2209,0.000,0.000,0.550,0.0000,0.0000,0
2026-04-24,11:18:07,72646,1,0.0000,0.0036,0.0051,0.1515,3.1049,0,1.0000,0,0,19.9396,0.0738,-27.3472,5.1889,9.1558,0.000,0.000,0.546,0.0000,0.0000,0
2026-04-24,11:18:07,72681,1,0.0000,-0.0046,0.0065,0.1922,3.1049,0,1.0000,0,0,19.9504,0.3802,-27.3501,1.1953,1.2795,0.000,0.000,0.543,0.0000,0.0000,0
2026-04-24,11:18:07,72716,1,0.0000,0.0037,0.0054,0.1597,3.1049,0,1.0000,0,0,19.9509,-0.0725,-27.4940,-2.7403,7.6112,0.000,0.000,0.540,0.0000,0.0000,0
2026-04-24,11:18:07,72751,1,0.0000,-0.0126,0.0060,0.1756,3.1049,0,1.0000,0,0,19.9343,-0.6226,-27.6409,-3.7244,12.8664,0.000,0.000,0.537,0.0000,0.0000,0
2026-04-24,11:18:07,72786,1,0.0000,-0.0032,0.0060,0.1757,3.1049,0,1.0000,0,0,19.9222,-0.7431,-27.6917,-2.3854,24.0969,0.000,0.000,0.534,0.0000,0.0000,0
2026-04-24,11:18:07,72821,1,0.0000,-0.0050,0.0059,0.1738,3.1049,0,1.0000,0,0,19.9117,-0.0009,-27.6784,-0.3604,27.8104,0.000,0.000,0.530,0.0000,0.0000,0
2026-04-24,11:18:07,72856,1,0.0000,0.0052,0.0053,0.1559,3.1049,0,1.0000,0,0,19.8987,-0.5761,-27.5439,2.8869,9.9897,0.000,0.000,0.527,0.0000,0.0000,0
2026-04-24,11:18:07,72892,1,0.0000,0.0013,0.0058,0.1699,3.1049,0,1.0000,0,0,19.8878,-0.6792,-27.2321,7.7738,14.6122,0.000,0.000,0.524,0.0000,0.0000,0
2026-04-24,11:18:07,72927,1,0.0000,0.0050,0.0055,0.1617,3.1049,0,1.0000,0,0,19.8882,0.0008,-26.9370,8.6471,5.5443,0.000,0.000,0.521,0.0000,0.0000,0
2026-04-24,11:18:07,72962,1,0.0000,0.0042,0.0051,0.1495,3.1049,0,1.0000,0,0,19.8649,-0.9912,-26.7825,5.8118,10.8207,0.000,0.000,0.518,0.0000,0.0000,0
2026-04-24,11:18:07,72999,1,0.0000,-0.0054,0.0060,0.1757,3.1049,0,1.0000,0,0,19.8551,-0.6020,-26.7454,4.2986,-0.3902,0.000,0.000,0.515,0.0000,0.0000,0
2026-04-24,11:18:07,73034,1,0.0000,0.0020,0.0052,0.1534,3.1049,0,1.0000,0,0,19.8289,-0.7961,-26.9570,-3.7547,-1.4088,0.000,0.000,0.512,0.0000,0.0000,0
2026-04-24,11:18:07,73069,1,0.0000,-0.0059,0.0065,0.1922,3.1049,0,1.0000,0,0,19.8236,-0.6306,-27.0405,-2.7079,-8.2249,0.000,0.000,0.509,0.0000,0.0000,0
2026-04-24,11:18:08,73105,1,0.0000,0.0051,0.0049,0.1451,3.1049,0,1.0000,0,0,19.8343,-0.0023,-26.9528,0.9329,-0.8761,0.000,0.000,0.506,0.0000,0.0000,0
2026-04-24,11:18:08,73140,1,0.0000,-0.0077,0.0061,0.1782,3.1049,0,1.0000,0,0,19.8164,-0.4780,-27.0289,-2.0891,-0.7451,0.000,0.000,0.502,0.0000,0.0000,0
2026-04-24,11:18:08,73175,1,0.0000,0.0048,0.0049,0.1451,3.1049,0,1.0000,0,0,19.8199,0.3684,-27.3485,-7.4547,-0.7777,0.000,0.000,0.499,0.0000,0.0000,0
2026-04-24,11:18:08,73211,1,0.0000,0.0095,0.0042,0.1248,3.1049,0,1.0000,0,0,19.8060,-0.2015,-27.7217,-10.2214,0.4287,0.000,0.000,0.496,0.0000,0.0000,0
2026-04-24,11:18:08,73246,1,0.0000,0.0008,0.0061,0.1801,3.1049,0,1.0000,0,0,19.8074,-0.2154,-28.1279,-12.2270,7.5420,0.000,0.000,0.493,0.0000,0.0000,0
2026-04-24,11:18:08,73281,1,0.0000,0.0035,0.0054,0.1597,3.1049,0,1.0000,0,0,19.8009,-0.2834,-28.3551,-8.3162,6.9665,0.000,0.000,0.490,0.0000,0.0000,0
2026-04-24,11:18:08,73316,1,0.0000,0.0037,0.0058,0.1699,3.1049,0,1.0000,0,0,19.7862,-0.2187,-28.3232,-1.8759,-0.3073,0.000,0.000,0.486,0.0000,0.0000,0
2026-04-24,11:18:08,73351,1,0.0000,0.0056,0.0048,0.1413,3.1049,0,1.0000,0,0,19.7482,-0.5419,-28.2078,1.8368,-0.2487,0.000,0.000,0.483,0.0000,0.0000,0
2026-04-24,11:18:08,73386,1,0.0000,0.0039,0.0050,0.1470,3.1049,0,1.0000,0,0,19.7331,-0.6489,-28.1377,1.3580,-13.2073,0.000,0.000,0.480,0.0000,0.0000,0
2026-04-24,11:18:08,73422,1,0.0000,0.0010,0.0056,0.1636,3.1049,0,1.0000,0,0,19.7249,-0.0781,-28.1782,-0.0757,-4.3165,0.000,0.000,0.477,0.0000,0.0000,0
2026-04-24,11:18:08,73457,1,0.0000,-0.0042,0.0055,0.1617,3.1049,0,1.0000,0,0,19.7475,0.3292,-28.2204,-0.7351,-16.8305,0.000,0.000,0.474,0.0000,0.0000,0
2026-04-24,11:18:08,73492,1,0.0000,0.0051,0.0047,0.1369,3.1049,0,1.0000,0,0,19.7679,1.0650,-28.2396,-0.9111,-8.2052,0.000,0.000,0.470,0.0000,0.0000,0
2026-04-24,11:18:08,73527,1,0.0000,0.0107,0.0055,0.1616,3.1049,0,1.0000,0,0,19.7640,0.2428,-28.1788,1.5375,-0.8624,0.000,0.000,0.467,0.0000,0.0000,0
2026-04-24,11:18:08,73562,1,0.0000,0.0052,0.0046,0.1350,3.1049,0,1.0000,0,0,19.7821,0.3057,-27.9877,4.1766,6.0603,0.000,0.000,0.464,0.0000,0.0000,0
2026-04-24,11:18:08,73597,1,0.0000,-0.0011,0.0058,0.1699,3.1049,0,1.0000,0,0,19.8001,0.4947,-27.8863,3.4149,19.2577,0.000,0.000,0.461,0.0000,0.0000,0
2026-04-24,11:18:08,73632,1,0.0000,0.0023,0.0053,0.1553,3.1049,0,1.0000,0,0,19.8163,0.4853,-27.8423,2.0316,9.2157,0.000,0.000,0.458,0.0000,0.0000,0
2026-04-24,11:18:08,73667,1,0.0000,-0.0105,0.0061,0.1782,3.1049,0,1.0000,0,0,19.8296,0.0182,-27.8380,0.9563,-18.9850,0.000,0.000,0.454,0.0000,0.0000,0
2026-04-24,11:18:08,73702,1,0.0000,0.0030,0.0050,0.1476,3.1049,0,1.0000,0,0,19.8201,-0.3578,-27.7317,2.6032,-22.1039,0.000,0.000,0.451,0.0000,0.0000,0
2026-04-24,11:18:08,73737,1,0.0000,0.0007,0.0063,0.1840,3.1049,0,1.0000,0,0,19.8245,0.3618,-27.8147,-1.3440,-39.1359,0.000,0.000,0.448,0.0000,0.0000,0
2026-04-24,11:18:08,73772,1,0.0000,0.0041,0.0056,0.1636,3.1049,0,1.0000,0,0,19.8144,0.1003,-27.7361,1.6493,-19.5772,0.000,0.000,0.445,0.0000,0.0000,0
2026-04-24,11:18:08,73807,1,0.0000,0.0123,0.0053,0.1553,3.1049,0,1.0000,0,0,19.8129,-0.3268,-27.6114,3.2416,-36.4331,0.000,0.000,0.442,0.0000,0.0000,0
2026-04-24,11:18:08,73842,1,0.0000,0.0030,0.0060,0.1757,3.1049,0,1.0000,0,0,19.8054,-0.0403,-27.4884,2.9880,-44.1240,0.000,0.000,0.438,0.0000,0.0000,0
2026-04-24,11:18:08,73877,1,0.0000,0.0012,0.0056,0.1636,3.1049,0,1.0000,0,0,19.7976,-0.2610,-27.5110,0.5906,-30.0620,0.000,0.000,0.435,0.0000,0.0000,0
2026-04-24,11:18:08,73912,1,0.0000,0.0141,0.0052,0.1534,3.1049,0,1.0000,0,0,19.7967,0.0982,-27.4069,2.7298,-25.9630,0.000,0.000,0.432,0.0000,0.0000,0
2026-04-24,11:18:08,73951,1,0.0000,0.0036,0.0051,0.1495,3.1049,0,1.0000,0,0,19.7908,-0.1015,-27.3041,3.2158,-17.1720,0.000,0.000,0.430,0.0000,0.0000,0
2026-04-24,11:18:08,73987,1,0.0000,-0.0047,0.0059,0.1738,3.1049,0,1.0000,0,0,19.7909,0.1632,-27.1048,4.8206,-21.3804,0.000,0.000,0.426,0.0000,0.0000,0
2026-04-24,11:18:08,74022,1,0.0000,-0.0059,0.0058,0.1718,3.1049,0,1.0000,0,0,19.8149,0.7513,-27.0481,2.7612,-18.8612,0.000,0.000,0.423,0.0000,0.0000,0
2026-04-24,11:18:08,74057,1,0.0000,0.0068,0.0052,0.1534,3.1049,0,1.0000,0,0,19.8647,1.1772,-26.9918,2.1356,-22.9682,0.000,0.000,0.420,0.0000,0.0000,0
2026-04-24,11:18:09,74092,1,0.0000,0.0039,0.0051,0.1515,3.1049,0,1.0000,0,0,19.8738,0.6354,-26.9210,1.8950,-26.8483,0.000,0.000,0.417,0.0000,0.0000,0
2026-04-24,11:18:09,74128,1,0.0000,-0.0114,0.0054,0.1598,3.1049,0,1.0000,0,0,20.0310,5.1889,-27.0628,-2.2919,-43.4238,0.000,0.000,0.414,0.0000,0.0000,0
2026-04-24,11:18:09,74163,1,0.0000,0.0186,0.0057,0.1685,3.1049,0,1.0000,0,0,20.5051,10.1014,-27.1599,-2.8551,-29.2009,0.000,0.000,0.410,0.0000,0.0000,0
2026-04-24,11:18:09,74198,1,0.0000,-0.0051,0.0056,0.1636,3.1049,0,1.0000,0,0,20.4223,-6.7481,-27.3948,-6.4252,-25.7699,0.000,0.000,0.407,0.0000,0.0000,0
2026-04-24,11:18:09,74233,1,0.0000,-0.0012,0.0058,0.1699,3.1049,0,1.0000,0,0,19.7622,-14.9479,-27.6662,-7.7335,-21.2423,0.000,0.000,0.404,0.0000,0.0000,0
2026-04-24,11:18:09,74268,1,0.0000,0.0055,0.0056,0.1636,3.1049,0,1.0000,0,0,19.5327,-8.7299,-27.9272,-8.0211,-25.5072,0.000,0.000,0.401,0.0000,0.0000,0
2026-04-24,11:18:09,74303,1,0.0000,0.0047,0.0059,0.1737,3.1049,0,1.0000,0,0,19.5827,1.3521,-28.0712,-5.5820,5.1388,0.000,0.000,0.398,0.0000,0.0000,0
2026-04-24,11:18:09,74338,1,0.0000,-0.0140,0.0065,0.1921,3.1049,0,1.0000,0,0,19.6576,2.4289,-28.0802,-2.0415,-8.3215,0.000,0.000,0.394,0.0000,0.0000,0
2026-04-24,11:18:09,74373,1,0.0000,-0.0216,0.0072,0.2106,3.1049,0,1.0000,0,0,19.8255,1.9714,-28.1852,-3.4446,-1.3610,0.000,0.000,0.391,0.0000,0.0000,0
2026-04-24,11:18:09,74408,1,0.0000,-0.0001,0.0038,0.1127,3.1049,0,1.0000,0,0,19.6725,-3.2376,-28.3669,-5.1545,13.0675,0.000,0.000,0.388,0.0000,0.0000,0
2026-04-24,11:18:09,74443,1,0.0000,-0.0080,0.0067,0.1967,3.1049,0,1.0000,0,0,19.4747,-8.1638,-28.7395,-9.6567,3.4082,0.000,0.000,0.385,0.0000,0.0000,0
2026-04-24,11:18:09,74478,1,0.0000,0.0078,0.0055,0.1617,3.1049,0,1.0000,0,0,19.1831,-6.9762,-29.0631,-9.9323,10.0889,0.000,0.000,0.382,0.0000,0.0000,0
2026-04-24,11:18:09,74513,1,0.0000,0.0028,0.0060,0.1763,3.1049,0,1.0000,0,0,18.8809,-7.3045,-29.1752,-5.6272,2.4911,0.000,0.000,0.378,0.0000,0.0000,0
2026-04-24,11:18:09,74548,1,0.0000,0.0034,0.0063,0.1865,3.1049,0,1.0000,0,0,18.8591,-1.4484,-29.1749,-1.5553,1.0541,0.000,0.000,0.375,0.0000,0.0000,0
2026-04-24,11:18:09,74583,1,0.0000,-0.0060,0.0056,0.1654,3.1049,0,1.0000,0,0,18.9626,3.9962,-28.9392,4.1356,15.1137,0.000,0.000,0.372,0.0000,0.0000,0
2026-04-24,11:18:09,74618,1,0.0000,0.0005,0.0036,0.1063,3.1049,0,1.0000,0,0,18.9909,0.6029,-28.8197,3.8529,5.8539,0.000,0.000,0.369,0.0000,0.0000,0
2026-04-24,11:18:09,74653,1,0.0000,0.0093,0.0061,0.1801,3.1049,0,1.0000,0,0,19.1125,3.5569,-28.7033,3.6059,18.5262,0.000,0.000,0.366,0.0000,0.0000,0
2026-04-24,11:18:09,74688,1,0.0000,0.0022,0.0052,0.1534,3.1049,0,1.0000,0,0,19.2437,3.3674,-28.6788,1.3580,23.5008,0.000,0.000,0.362,0.0000,0.0000,0
2026-04-24,11:18:09,74723,1,0.0000,0.0005,0.0049,0.1451,3.1049,0,1.0000,0,0,19.2276,-1.1933,-28.6348,1.9193,19.4704,0.000,0.000,0.359,0.0000,0.0000,0
2026-04-24,11:18:09,74759,1,0.0000,0.0005,0.0050,0.1477,3.1049,0,1.0000,0,0,19.1213,-3.0631,-28.5176,3.0065,37.1708,0.000,0.000,0.356,0.0000,0.0000,0
2026-04-24,11:18:09,74794,1,0.0000,-0.0041,0.0058,0.1718,3.1049,0,1.0000,0,0,18.9332,-4.9258,-28.3292,4.8863,24.6129,0.000,0.000,0.353,0.0000,0.0000,0
2026-04-24,11:18:09,74829,1,0.0000,-0.0151,0.0058,0.1718,3.1049,0,1.0000,0,0,18.9755,1.8756,-28.1056,6.5869,13.8999,0.000,0.000,0.350,0.0000,0.0000,0
2026-04-24,11:18:09,74864,1,0.0000,-0.0031,0.0061,0.1801,3.1049,0,1.0000,0,0,19.1165,3.8947,-27.8216,7.9529,6.1477,0.000,0.000,0.346,0.0000,0.0000,0
2026-04-24,11:18:09,74903,1,0.0000,-0.0013,0.0062,0.1820,3.1049,0,1.0000,0,0,19.1343,1.6234,-27.7343,5.9025,-1.5026,0.000,0.000,0.344,0.0000,0.0000,0
2026-04-24,11:18:09,74939,1,0.0000,0.0007,0.0056,0.1655,3.1049,0,1.0000,0,0,19.1195,-0.1355,-27.6618,3.6528,-7.5020,0.000,0.000,0.341,0.0000,0.0000,0
2026-04-24,11:18:09,74974,1,0.0000,-0.0137,0.0059,0.1737,3.1049,0,1.0000,0,0,19.1624,1.5072,-27.6120,1.8168,-13.8242,0.000,0.000,0.338,0.0000,0.0000,0
2026-04-24,11:18:09,75009,1,0.0000,-0.0026,0.0053,0.1552,3.1049,0,1.0000,0,0,19.2437,2.3579,-27.5844,1.4006,-10.8034,0.000,0.000,0.334,0.0000,0.0000,0
2026-04-24,11:18:09,75044,1,0.0000,-0.0054,0.0053,0.1571,3.1049,0,1.0000,0,0,19.3420,1.0211,-27.7404,-2.9284,10.7121,0.000,0.000,0.331,0.0000,0.0000,0
2026-04-24,11:18:10,75079,1,0.0000,-0.0034,0.0065,0.1903,3.1049,0,1.0000,0,0,19.1865,-4.5693,-27.9966,-6.1521,8.2965,0.000,0.000,0.328,0.0000,0.0000,0
2026-04-24,11:18:10,75114,1,0.0000,0.0014,0.0065,0.1922,3.1049,0,1.0000,0,0,18.9507,-7.1191,-28.1828,-6.0819,-19.7524,0.000,0.000,0.325,0.0000,0.0000,0
2026-04-24,11:18:10,75149,1,0.0000,-0.0115,0.0060,0.1764,3.1049,0,1.0000,0,0,18.8488,-2.8055,-28.3686,-5.8823,-17.3438,0.000,0.000,0.322,0.0000,0.0000,0
2026-04-24,11:18:10,75184,1,0.0000,-0.0022,0.0055,0.1617,3.1049,0,1.0000,0,0,18.7790,-1.6827,-28.5326,-5.0824,-28.0303,0.000,0.000,0.318,0.0000,0.0000,0
2026-04-24,11:18:10,75219,1,0.0000,-0.0011,0.0036,0.1063,3.1049,0,1.0000,0,0,18.7577,-0.5023,-28.5802,-3.0150,-31.2851,0.000,0.000,0.315,0.0000,0.0000,0
2026-04-24,11:18:10,75254,1,0.0000,0.0050,0.0049,0.1438,3.1049,0,1.0000,0,0,18.7979,1.6859,-28.6154,-1.7126,-25.7929,0.000,0.000,0.312,0.0000,0.0000,0
2026-04-24,11:18:10,75289,1,0.0000,0.0016,0.0055,0.1617,3.1049,0,1.0000,0,0,18.8658,1.5739,-28.6698,-1.6772,-22.4560,0.000,0.000,0.309,0.0000,0.0000,0
2026-04-24,11:18:10,75324,1,0.0000,-0.0046,0.0061,0.1801,3.1049,0,1.0000,0,0,18.9541,2.1389,-28.6644,-0.6110,-12.4569,0.000,0.000,0.306,0.0000,0.0000,0
2026-04-24,11:18:10,75360,1,0.0000,0.0071,0.0057,0.1680,3.1049,0,1.0000,0,0,18.9918,0.8252,-28.6510,0.1000,-23.4515,0.000,0.000,0.302,0.0000,0.0000,0
2026-04-24,11:18:10,75395,1,0.0000,0.0031,0.0051,0.1490,3.1049,0,1.0000,0,0,19.0151,0.4947,-28.6526,-0.0927,-13.5630,0.000,0.000,0.299,0.0000,0.0000,0
2026-04-24,11:18:10,75430,1,0.0000,-0.0048,0.0056,0.1655,3.1049,0,1.0000,0,0,19.0553,1.5507,-28.7539,-2.1482,-11.4035,0.000,0.000,0.296,0.0000,0.0000,0
2026-04-24,11:18:10,75465,1,0.0000,0.0062,0.0048,0.1413,3.1049,0,1.0000,0,0,19.0736,0.4497,-28.6895,0.7710,-17.4125,0.000,0.000,0.293,0.0000,0.0000,0
2026-04-24,11:18:10,75500,1,0.0000,-0.0078,0.0062,0.1820,3.1049,0,1.0000,0,0,19.0819,0.6265,-28.5447,3.2013,-15.9013,0.000,0.000,0.290,0.0000,0.0000,0
2026-04-24,11:18:10,75535,1,0.0000,0.0123,0.0035,0.1019,3.1049,0,1.0000,0,0,19.1041,1.1480,-28.4713,2.4826,-12.9883,0.000,0.000,0.286,0.0000,0.0000,0
2026-04-24,11:18:10,75570,1,0.0000,-0.0069,0.0050,0.1477,3.1049,0,1.0000,0,0,19.1419,1.3910,-28.4245,2.1955,-18.7494,0.000,0.000,0.283,0.0000,0.0000,0
2026-04-24,11:18:10,75605,1,0.0000,-0.0070,0.0047,0.1387,3.1049,0,1.0000,0,0,19.1799,1.3867,-28.2686,3.6374,-16.8879,0.000,0.000,0.280,0.0000,0.0000,0
2026-04-24,11:18:10,75640,1,0.0000,-0.0012,0.0055,0.1617,3.1049,0,1.0000,0,0,19.1974,1.0782,-28.0728,5.1620,-8.1059,0.000,0.000,0.277,0.0000,0.0000,0
2026-04-24,11:18:10,75675,1,0.0000,-0.0009,0.0052,0.1534,3.1049,0,1.0000,0,0,19.2599,2.2567,-27.9735,3.5392,5.8534,0.000,0.000,0.274,0.0000,0.0000,0
2026-04-24,11:18:10,75710,1,0.0000,-0.0066,0.0063,0.1858,3.1049,0,1.0000,0,0,19.3226,1.8174,-27.9156,2.4093,-1.6574,0.000,0.000,0.270,0.0000,0.0000,0
2026-04-24,11:18:10,75745,1,0.0000,0.0132,0.0053,0.1558,3.1049,0,1.0000,0,0,19.3513,0.9064,-27.8869,1.6121,18.3948,0.000,0.000,0.267,0.0000,0.0000,0
2026-04-24,11:18:10,75780,1,0.0000,0.0037,0.0061,0.1801,3.1049,0,1.0000,0,0,19.4080,1.3102,-27.8607,1.0169,29.0774,0.000,0.000,0.264,0.0000,0.0000,0
2026-04-24,11:18:10,75815,1,0.0000,-0.0107,0.0056,0.1655,3.1049,0,1.0000,0,0,19.4586,1.9550,-27.8538,0.6198,-2.0932,0.000,0.000,0.261,0.0000,0.0000,0
2026-04-24,11:18:10,75852,1,0.0000,0.0051,0.0053,0.1559,3.1049,0,1.0000,0,0,19.4499,0.7169,-27.8057,0.8089,1.7020,0.000,0.000,0.258,0.0000,0.0000,0
2026-04-24,11:18:10,75888,1,0.0000,0.0007,0.0053,0.1553,3.1049,0,1.0000,0,0,19.4917,1.4767,-27.8898,-1.2873,1.9915,0.000,0.000,0.255,0.0000,0.0000,0
2026-04-24,11:18:10,75924,1,0.0000,-0.0080,0.0067,0.1966,3.1049,0,1.0000,0,0,19.5206,1.2703,-27.8572,-0.0926,1.9825,0.000,0.000,0.252,0.0000,0.0000,0
2026-04-24,11:18:10,75959,1,0.0000,0.0103,0.0047,0.1393,3.1049,0,1.0000,0,0,19.5427,1.0295,-27.8068,1.5343,-5.2462,0.000,0.000,0.249,0.0000,0.0000,0
2026-04-24,11:18:10,75994,1,0.0000,-0.0104,0.0054,0.1597,3.1049,0,1.0000,0,0,19.5562,0.5648,-27.7035,2.5903,-11.0910,0.000,0.000,0.246,0.0000,0.0000,0
2026-04-24,11:18:10,76029,1,0.0000,0.0001,0.0049,0.1432,3.1049,0,1.0000,0,0,19.5584,0.0531,-27.6430,1.8075,-16.4625,0.000,0.000,0.242,0.0000,0.0000,0
2026-04-24,11:18:10,76064,1,0.0000,0.0027,0.0054,0.1578,3.1049,0,1.0000,0,0,19.5668,0.0388,-27.5625,2.1426,-20.7590,0.000,0.000,0.239,0.0000,0.0000,0
2026-04-24,11:18:11,76099,1,0.0000,-0.0021,0.0056,0.1655,3.1049,0,1.0000,0,0,19.5808,0.5759,-27.5836,0.5859,-18.0606,0.000,0.000,0.236,0.0000,0.0000,0
2026-04-24,11:18:11,76134,1,0.0000,0.0012,0.0051,0.1495,3.1049,0,1.0000,0,0,19.5994,0.8832,-27.3875,4.4616,-22.1409,0.000,0.000,0.233,0.0000,0.0000,0
2026-04-24,11:18:11,76169,1,0.0000,-0.0041,0.0061,0.1801,3.1049,0,1.0000,0,0,19.6333,0.8996,-27.3303,2.2781,-12.5980,0.000,0.000,0.230,0.0000,0.0000,0
2026-04-24,11:18:11,76204,1,0.0000,0.0096,0.0056,0.1656,3.1049,0,1.0000,0,0,19.6544,0.9686,-27.3223,0.9345,-17.2325,0.000,0.000,0.226,0.0000,0.0000,0
2026-04-24,11:18:11,76239,1,0.0000,0.0052,0.0049,0.1432,3.1049,0,1.0000,0,0,19.6691,0.3000,-27.3268,-0.2100,-14.6257,0.000,0.000,0.223,0.0000,0.0000,0
2026-04-24,11:18:11,76274,1,0.0000,-0.0020,0.0063,0.1864,3.1049,0,1.0000,0,0,19.6695,-0.1737,-27.4278,-2.1675,-18.2542,0.000,0.000,0.220,0.0000,0.0000,0
2026-04-24,11:18:11,76309,1,0.0000,-0.0055,0.0055,0.1617,3.1049,0,1.0000,0,0,19.6645,-0.2820,-27.4450,-0.9140,-22.4201,0.000,0.000,0.217,0.0000,0.0000,0
2026-04-24,11:18:11,76344,1,0.0000,-0.0107,0.0066,0.1929,3.1049,0,1.0000,0,0,19.6877,0.7519,-27.5129,-1.7724,-26.1147,0.000,0.000,0.214,0.0000,0.0000,0
2026-04-24,11:18:11,76379,1,0.0000,-0.0006,0.0058,0.1718,3.1049,0,1.0000,0,0,19.7082,0.8084,-27.4992,-0.5114,-41.8478,0.000,0.000,0.210,0.0000,0.0000,0
2026-04-24,11:18:11,76414,1,0.0000,-0.0038,0.0053,0.1572,3.1049,0,1.0000,0,0,19.7128,0.0916,-27.5180,-0.8463,-28.9750,0.000,0.000,0.207,0.0000,0.0000,0
2026-04-24,11:18:11,76449,1,0.0000,0.0046,0.0051,0.1495,3.1049,0,1.0000,0,0,19.7057,-0.3303,-27.7532,-5.4885,-38.3407,0.000,0.000,0.204,0.0000,0.0000,0
2026-04-24,11:18:11,76485,1,0.0000,-0.0013,0.0052,0.1534,3.1049,0,1.0000,0,0,19.7176,0.0235,-27.9704,-6.4499,-38.8362,0.000,0.000,0.201,0.0000,0.0000,0
2026-04-24,11:18:11,76520,1,0.0000,-0.0034,0.0049,0.1451,3.1049,0,1.0000,0,0,19.7189,0.5043,-28.1423,-5.4411,-39.0039,0.000,0.000,0.198,0.0000,0.0000,0
2026-04-24,11:18:11,76555,1,0.0000,0.0130,0.0052,0.1534,3.1049,0,1.0000,0,0,19.7097,0.0029,-28.0906,-0.8404,-33.7024,0.000,0.000,0.194,0.0000,0.0000,0
2026-04-24,11:18:11,76590,1,0.0000,0.0133,0.0059,0.1723,3.1049,0,1.0000,0,0,19.7159,0.7215,-28.0072,1.5321,-36.3757,0.000,0.000,0.191,0.0000,0.0000,0
2026-04-24,11:18:11,76625,1,0.0000,-0.0029,0.0049,0.1451,3.1049,0,1.0000,0,0,19.7115,-0.0647,-28.0909,-1.9501,-37.5951,0.000,0.000,0.188,0.0000,0.0000,0
2026-04-24,11:18:11,76660,1,0.0000,0.0140,0.0053,0.1554,3.1049,0,1.0000,0,0,19.7123,0.0999,-28.2243,-3.0412,-31.5596,0.000,0.000,0.185,0.0000,0.0000,0
2026-04-24,11:18:11,76696,1,0.0000,-0.0028,0.0056,0.1661,3.1049,0,1.0000,0,0,19.7111,0.3019,-28.2551,-1.4660,-33.6219,0.000,0.000,0.182,0.0000,0.0000,0
2026-04-24,11:18:11,76731,1,0.0000,-0.0090,0.0062,0.1827,3.1049,0,1.0000,0,0,19.6953,0.0276,-28.1780,0.9603,-29.1485,0.000,0.000,0.178,0.0000,0.0000,0
2026-04-24,11:18:11,76766,1,0.0000,0.0014,0.0053,0.1553,3.1049,0,1.0000,0,0,19.7119,0.2885,-28.1676,0.2467,-18.2809,0.000,0.000,0.175,0.0000,0.0000,0
2026-04-24,11:18:11,76799,1,0.0000,0.0015,0.0064,0.1884,3.1049,0,1.0000,0,0,19.7036,0.0712,-28.1764,0.1080,-17.6214,0.000,0.000,0.174,0.0000,0.0000,0
2026-04-24,11:18:11,76840,1,0.0000,-0.0060,0.0064,0.1890,3.1049,0,1.0000,0,0,19.7123,0.5989,-28.2463,-1.4157,-11.6474,0.000,0.000,0.170,0.0000,0.0000,0
2026-04-24,11:18:11,76875,1,0.0000,-0.0014,0.0049,0.1451,3.1049,0,1.0000,0,0,19.7105,-0.1516,-28.3138,-1.8756,-10.5844,0.000,0.000,0.166,0.0000,0.0000,0
2026-04-24,11:18:11,76911,1,0.0000,0.0074,0.0056,0.1636,3.1049,0,1.0000,0,0,19.6999,-0.5363,-28.2930,-0.1205,-9.8073,0.000,0.000,0.163,0.0000,0.0000,0
2026-04-24,11:18:11,76946,1,0.0000,0.0058,0.0060,0.1777,3.1049,0,1.0000,0,0,19.7086,0.2164,-28.3201,-0.3684,-1.8128,0.000,0.000,0.160,0.0000,0.0000,0
2026-04-24,11:18:11,76981,1,0.0000,0.0020,0.0050,0.1471,3.1049,0,1.0000,0,0,19.7292,0.9687,-28.3101,-0.2275,-8.3065,0.000,0.000,0.157,0.0000,0.0000,0
2026-04-24,11:18:11,77016,1,0.0000,0.0090,0.0044,0.1306,3.1049,0,1.0000,0,0,19.7573,1.3020,-28.3269,-0.1077,-20.8771,0.000,0.000,0.154,0.0000,0.0000,0
2026-04-24,11:18:11,77051,1,0.0000,-0.0057,0.0051,0.1496,3.1049,0,1.0000,0,0,19.7458,0.0931,-28.2135,2.3586,-31.5677,0.000,0.000,0.150,0.0000,0.0000,0
2026-04-24,11:18:12,77086,1,0.0000,0.0060,0.0051,0.1515,3.1049,0,1.0000,0,0,19.7525,0.5707,-28.1614,1.6381,-25.7499,0.000,0.000,0.147,0.0000,0.0000,0
2026-04-24,11:18:12,77121,1,0.0000,-0.0039,0.0059,0.1743,3.1049,0,1.0000,0,0,19.7608,0.5513,-28.1990,0.0075,-15.5230,0.000,0.000,0.144,0.0000,0.0000,0
2026-04-24,11:18:12,77156,1,0.0000,0.0087,0.0049,0.1432,3.1049,0,1.0000,0,0,19.7654,0.4707,-28.1123,1.9732,-12.8968,0.000,0.000,0.141,0.0000,0.0000,0
2026-04-24,11:18:12,77191,1,0.0000,-0.0055,0.0058,0.1718,3.1049,0,1.0000,0,0,19.7557,0.0387,-27.9669,3.1900,-4.0422,0.000,0.000,0.138,0.0000,0.0000,0
2026-04-24,11:18:12,77226,1,0.0000,-0.0029,0.0060,0.1762,3.1049,0,1.0000,0,0,19.7542,-0.0806,-28.0301,-0.2356,-16.4426,0.000,0.000,0.134,0.0000,0.0000,0
2026-04-24,11:18:12,77261,1,0.0000,0.0061,0.0054,0.1597,3.1049,0,1.0000,0,0,19.7541,0.2942,-28.0401,-0.0645,-21.2736,0.000,0.000,0.131,0.0000,0.0000,0
2026-04-24,11:18:12,77296,1,0.0000,0.0007,0.0056,0.1655,3.1049,0,1.0000,0,0,19.7415,-0.1722,-28.0346,-0.1665,-17.6791,0.000,0.000,0.128,0.0000,0.0000,0
2026-04-24,11:18:12,77331,1,0.0000,0.0056,0.0058,0.1718,3.1049,0,1.0000,0,0,19.7497,0.5455,-28.0122,0.2842,-21.8155,0.000,0.000,0.125,0.0000,0.0000,0
2026-04-24,11:18:12,77366,1,0.0000,0.0035,0.0054,0.1597,3.1049,0,1.0000,0,0,19.7491,0.2027,-28.1183,-2.3384,-12.0306,0.000,0.000,0.122,0.0000,0.0000,0
2026-04-24,11:18:12,77402,1,0.0000,-0.0085,0.0054,0.1597,3.1049,0,1.0000,0,0,19.7551,0.4379,-28.1631,-1.5773,-10.3623,0.000,0.000,0.118,0.0000,0.0000,0
2026-04-24,11:18:12,77437,1,0.0000,0.0030,0.0046,0.1349,3.1049,0,1.0000,0,0,19.7611,0.1829,-28.0594,1.5197,5.2881,0.000,0.000,0.115,0.0000,0.0000,0
2026-04-24,11:18:12,77472,1,0.0000,0.0017,0.0061,0.1801,3.1049,0,1.0000,0,0,19.7553,-0.0568,-28.0972,-0.0282,5.3317,0.000,0.000,0.112,0.0000,0.0000,0
2026-04-24,11:18:12,77507,1,0.0000,0.0072,0.0056,0.1636,3.1049,0,1.0000,0,0,19.7521,0.0661,-28.1706,-1.7638,-1.6656,0.000,0.000,0.109,0.0000,0.0000,0
2026-04-24,11:18:12,77542,1,0.0000,-0.0005,0.0058,0.1699,3.1049,0,1.0000,0,0,19.7721,0.7769,-28.2333,-1.6093,-8.0491,0.000,0.000,0.106,0.0000,0.0000,0
2026-04-24,11:18:12,77577,1,0.0000,-0.0067,0.0054,0.1597,3.1049,0,1.0000,0,0,19.7786,0.1724,-28.2565,-1.3478,0.1915,0.000,0.000,0.102,0.0000,0.0000,0
2026-04-24,11:18:12,77613,1,0.0000,-0.0028,0.0060,0.1757,3.1049,0,1.0000,0,0,19.7836,0.1853,-28.3323,-2.0628,-6.7257,0.000,0.000,0.099,0.0000,0.0000,0
2026-04-24,11:18:12,77648,1,0.0000,0.0135,0.0058,0.1699,3.1049,0,1.0000,0,0,19.7788,-0.1757,-28.3637,-1.2062,-12.3496,0.000,0.000,0.096,0.0000,0.0000,0
2026-04-24,11:18:12,77683,1,0.0000,-0.0055,0.0061,0.1782,3.1049,0,1.0000,0,0,19.7690,-0.2129,-28.4176,-1.5796,-17.2818,0.000,0.000,0.093,0.0000,0.0000,0
2026-04-24,11:18:12,77718,1,0.0000,-0.0106,0.0055,0.1617,3.1049,0,1.0000,0,0,19.7866,0.1583,-28.3545,1.0696,5.9099,0.000,0.000,0.090,0.0000,0.0000,0
2026-04-24,11:18:12,77757,1,0.0000,-0.0011,0.0055,0.1617,3.1049,0,1.0000,0,0,19.7844,0.5149,-28.2838,1.7691,12.6567,0.000,0.000,0.087,0.0000,0.0000,0
2026-04-24,11:18:12,77792,1,0.0000,0.0060,0.0052,0.1534,3.1049,0,1.0000,0,0,19.7935,0.5988,-28.1906,2.6790,-2.2183,0.000,0.000,0.084,0.0000,0.0000,0
2026-04-24,11:18:12,77827,1,0.0000,-0.0029,0.0060,0.1763,3.1049,0,1.0000,0,0,19.7962,0.0942,-27.9922,4.7813,-2.5470,0.000,0.000,0.081,0.0000,0.0000,0
2026-04-24,11:18:12,77862,1,0.0000,0.0056,0.0049,0.1451,3.1049,0,1.0000,0,0,19.7845,-0.0597,-27.9810,1.4706,-22.6152,0.000,0.000,0.078,0.0000,0.0000,0
2026-04-24,11:18:12,77897,1,0.0000,-0.0069,0.0050,0.1470,3.1049,0,1.0000,0,0,19.7747,-0.4116,-27.9968,0.4793,0.8378,0.000,0.000,0.074,0.0000,0.0000,0
2026-04-24,11:18:12,77932,1,0.0000,0.0024,0.0049,0.1432,3.1049,0,1.0000,0,0,19.7627,-0.2721,-27.8422,3.8440,-5.3779,0.000,0.000,0.071,0.0000,0.0000,0
2026-04-24,11:18:12,77967,1,0.0000,0.0003,0.0059,0.1738,3.1049,0,1.0000,0,0,19.7566,-0.0785,-27.5430,6.9492,-5.5085,0.000,0.000,0.068,0.0000,0.0000,0
2026-04-24,11:18:12,78002,1,0.0000,-0.0115,0.0062,0.1827,3.1049,0,1.0000,0,0,19.7597,-0.0464,-27.4333,4.8448,1.9642,0.000,0.000,0.065,0.0000,0.0000,0
2026-04-24,11:18:12,78037,1,0.0000,0.0038,0.0049,0.1432,3.1049,0,1.0000,0,0,19.7472,-0.5567,-27.4218,2.2095,1.9705,0.000,0.000,0.062,0.0000,0.0000,0
2026-04-24,11:18:12,78072,1,0.0000,0.0125,0.0056,0.1655,3.1049,0,1.0000,0,0,19.7608,0.2256,-27.2663,4.1975,-5.2180,0.000,0.000,0.058,0.0000,0.0000,0
2026-04-24,11:18:13,78107,1,0.0000,-0.0016,0.0061,0.1801,3.1049,0,1.0000,0,0,19.7676,0.4899,-27.1018,4.4186,-3.3403,0.000,0.000,0.055,0.0000,0.0000,0
2026-04-24,11:18:13,78142,1,0.0000,0.0096,0.0049,0.1432,3.1049,0,1.0000,0,0,19.7529,-0.6340,-27.1641,0.0146,-9.4632,0.000,0.000,0.052,0.0000,0.0000,0
2026-04-24,11:18:13,78177,1,0.0000,-0.0077,0.0058,0.1699,3.1049,0,1.0000,0,0,19.7558,-0.0439,-27.3144,-3.3854,-1.1174,0.000,0.000,0.049,0.0000,0.0000,0
2026-04-24,11:18:13,78212,1,0.0000,0.0031,0.0057,0.1680,3.1049,0,1.0000,0,0,19.7489,-0.0108,-27.3763,-2.1853,-1.2188,0.000,0.000,0.046,0.0000,0.0000,0
2026-04-24,11:18:13,78247,1,0.0000,0.0063,0.0042,0.1228,3.1049,0,1.0000,0,0,19.7546,0.3546,-27.3142,0.6403,-21.2243,0.000,0.000,0.042,0.0000,0.0000,0
2026-04-24,11:18:13,78282,1,0.0000,0.0010,0.0046,0.1349,3.1049,0,1.0000,0,0,19.7507,0.2878,-27.3000,0.4028,-17.6367,0.000,0.000,0.039,0.0000,0.0000,0
2026-04-24,11:18:13,78318,1,0.0000,0.0119,0.0063,0.1840,3.1049,0,1.0000,0,0,19.7521,-0.0203,-27.2572,0.7692,-14.8509,0.000,0.000,0.036,0.0000,0.0000,0
2026-04-24,11:18:13,78353,1,0.0000,-0.0026,0.0056,0.1636,3.1049,0,1.0000,0,0,19.7555,0.1813,-27.1986,1.9653,-26.1679,0.000,0.000,0.033,0.0000,0.0000,0
2026-04-24,11:18:13,78388,1,0.0000,-0.0085,0.0071,0.2088,3.1049,0,1.0000,0,0,19.7547,0.0199,-26.9981,4.5297,-42.8462,0.000,0.000,0.030,0.0000,0.0000,0
2026-04-24,11:18:13,78423,1,0.0000,-0.0010,0.0060,0.1763,3.1049,0,1.0000,0,0,19.7475,-0.0921,-26.9377,2.7935,-49.5997,0.000,0.000,0.026,0.0000,0.0000,0
2026-04-24,11:18:13,78458,1,0.0000,-0.0023,0.0063,0.1858,3.1049,0,1.0000,0,0,19.7429,-0.2494,-26.8791,2.0366,-48.6908,0.000,0.000,0.023,0.0000,0.0000,0
2026-04-24,11:18:13,78493,1,0.0000,0.0008,0.0048,0.1413,3.1049,0,1.0000,0,0,19.7509,0.3280,-26.8962,0.1753,-48.1970,0.000,0.000,0.020,0.0000,0.0000,0
2026-04-24,11:18:13,78528,1,0.0000,0.0033,0.0051,0.1495,3.1049,0,1.0000,0,0,19.7331,-0.6327,-27.0750,-4.0734,-47.0837,0.000,0.000,0.017,0.0000,0.0000,0
2026-04-24,11:18:13,78563,1,0.0000,0.0004,0.0057,0.1680,3.1049,0,1.0000,0,0,19.7436,0.3768,-27.3284,-6.6632,-46.8160,0.000,0.000,0.014,0.0000,0.0000,0
2026-04-24,11:18:13,78598,1,0.0000,0.0001,0.0052,0.1534,3.1049,0,1.0000,0,0,19.7470,-0.1497,-27.5171,-5.6464,-33.2957,0.000,0.000,0.010,0.0000,0.0000,0
2026-04-24,11:18:13,78634,1,0.0000,0.0080,0.0054,0.1597,3.1049,0,1.0000,0,0,19.7444,-0.2578,-27.6166,-4.2709,-35.6310,0.000,0.000,0.007,0.0000,0.0000,0
2026-04-24,11:18:13,78669,1,0.0000,0.0115,0.0057,0.1680,3.1049,0,1.0000,0,0,19.7521,0.1173,-27.6530,-2.1689,-43.9881,0.000,0.000,0.004,0.0000,0.0000,0
2026-04-24,11:18:13,78709,1,0.0000,0.0078,0.0054,0.1597,3.1049,0,1.0000,0,0,19.7430,0.0283,-27.6553,-1.5777,-40.5544,0.000,0.000,0.002,0.0000,0.0000,0
2026-04-24,11:18:13,78744,1,0.0000,-0.0103,0.0066,0.1948,3.1049,0,1.0000,0,0,19.7484,0.0738,-27.5605,1.6030,-27.1659,0.000,0.000,0.000,0.0000,0.0000,0
2026-04-24,11:18:13,78779,1,0.0000,0.0020,0.0051,0.1515,3.1049,0,1.0000,0,0,19.7429,-0.0419,-27.4723,2.0231,-42.8882,0.000,0.000,0.000,0.0000,0.0000,0
2026-04-24,11:18:13,78814,1,0.0000,0.0042,0.0053,0.1573,3.1049,0,1.0000,0,0,19.7481,0.3182,-27.4069,2.0357,-49.3440,0.000,0.000,0.000,0.0000,0.0000,0
2026-04-24,11:18:13,78849,1,0.0000,0.0016,0.0047,0.1393,3.1049,0,1.0000,0,0,19.7713,0.9315,-27.3635,1.7644,-48.3545,0.000,0.000,0.000,0.0000,0.0000,0
2026-04-24,11:18:13,78884,1,0.0000,-0.0085,0.0044,0.1285,3.1049,0,1.0000,0,0,19.7651,0.1797,-27.1329,5.2904,-34.0599,0.000,0.000,0.000,0.0000,0.0000,0
2026-04-24,11:18:13,78919,1,0.0000,0.0082,0.0055,0.1617,3.1049,0,1.0000,0,0,19.7792,0.3053,-26.8801,6.9979,-29.2414,0.000,0.000,0.000,0.0000,0.0000,0
2026-04-24,11:18:13,78954,1,0.0000,-0.0083,0.0064,0.1884,3.1049,0,1.0000,0,0,19.7800,-0.0920,-26.7424,4.8677,-24.3262,0.000,0.000,0.000,0.0000,0.0000,0
2026-04-24,11:18:13,78989,1,0.0000,-0.0040,0.0064,0.1884,3.1049,0,1.0000,0,0,19.7744,-0.3227,-26.7250,1.6416,-27.0422,0.000,0.000,0.000,0.0000,0.0000,0
2026-04-24,11:18:13,79024,1,0.0000,-0.0094,0.0060,0.1756,3.1049,0,1.0000,0,0,19.7652,-0.0244,-26.8088,-1.2660,-22.8797,0.000,0.000,0.000,0.0000,0.0000,0
2026-04-24,11:18:13,79059,1,0.0000,0.0014,0.0051,0.1490,3.1049,0,1.0000,0,0,19.7679,-0.3661,-26.8538,-1.2733,7.3922,0.000,0.000,0.000,0.0000,0.0000,0
2026-04-24,11:18:14,79094,1,0.0000,0.0044,0.0056,0.1655,3.1049,0,1.0000,0,0,19.7545,-0.3052,-27.0179,-3.9751,-14.0378,0.000,0.000,0.000,0.0000,0.0000,0
2026-04-24,11:18:14,79129,1,0.0000,0.0051,0.0054,0.1578,3.1049,0,1.0000,0,0,19.7380,-0.3385,-27.1724,-4.6741,1.3489,0.000,0.000,0.000,0.0000,0.0000,0
2026-04-24,11:18:14,79164,1,0.0000,-0.0018,0.0070,0.2068,3.1049,0,1.0000,0,0,19.7549,0.8531,-27.2983,-3.9465,1.4337,0.000,0.000,0.000,0.0000,0.0000,0
2026-04-24,11:18:14,79199,1,0.0000,-0.0098,0.0043,0.1266,3.1049,0,1.0000,0,0,19.7511,0.0647,-27.3599,-2.7371,-12.4562,0.000,0.000,0.000,0.0000,0.0000,0
2026-04-24,11:18:14,79234,1,0.0000,-0.0027,0.0049,0.1432,3.1049,0,1.0000,0,0,19.7611,0.4188,-27.3843,-1.3346,-11.3999,0.000,0.000,0.000,0.0000,0.0000,0
2026-04-24,11:18:14,79269,1,0.0000,-0.0059,0.0052,0.1534,3.1049,0,1.0000,0,0,19.7678,0.3482,-27.3490,0.2317,-30.1594,0.000,0.000,0.000,0.0000,0.0000,0
2026-04-24,11:18:14,79304,1,0.0000,0.0097,0.0054,0.1597,3.1049,0,1.0000,0,0,19.7651,-0.0473,-27.3331,0.0778,-32.5650,0.000,0.000,0.000,0.0000,0.0000,0
2026-04-24,11:18:14,79339,1,0.0000,-0.0069,0.0055,0.1617,3.1049,0,1.0000,0,0,19.7585,-0.3811,-27.3778,-1.0707,-27.8253,0.000,0.000,0.000,0.0000,0.0000,0
2026-04-24,11:18:14,79374,1,0.0000,0.0057,0.0061,0.1801,3.1049,0,1.0000,0,0,19.7494,-0.3811,-27.3730,-0.2555,-30.1631,0.000,0.000,0.000,0.0000,0.0000,0
2026-04-24,11:18:14,79409,1,0.0000,-0.0028,0.0054,0.1597,3.1049,0,1.0000,0,0,19.7513,0.1672,-27.3542,0.0752,-25.5284,0.000,0.000,0.000,0.0000,0.0000,0
2026-04-24,11:18:14,79444,1,0.0000,-0.0028,0.0056,0.1655,3.1049,0,1.0000,0,0,19.7521,-0.1705,-27.3899,-0.7251,-29.4162,0.000,0.000,0.000,0.0000,0.0000,0
2026-04-24,11:18:14,79479,1,0.0000,0.0012,0.0042,0.1247,3.1049,0,1.0000,0,0,19.7654,0.3473,-27.4878,-2.2442,-45.3488,0.000,0.000,0.000,0.0000,0.0000,0
2026-04-24,11:18:14,79514,1,0.0000,-0.0080,0.0055,0.1617,3.1049,0,1.0000,0,0,19.7668,0.5391,-27.6152,-3.3677,-51.7150,0.000,0.000,0.000,0.0000,0.0000,0
2026-04-24,11:18:14,79549,1,0.0000,-0.0117,0.0069,0.2023,3.1049,0,1.0000,0,0,19.7628,0.1638,-27.6973,-2.7529,-57.8051,0.000,0.000,0.000,0.0000,0.0000,0
2026-04-24,11:18:14,79584,1,0.0000,0.0067,0.0058,0.1699,3.1049,0,1.0000,0,0,19.7713,0.2851,-27.6736,-0.2783,-49.1818,0.000,0.000,0.000,0.0000,0.0000,0
2026-04-24,11:18:14,79619,1,0.0000,0.0022,0.0058,0.1699,3.1049,0,1.0000,0,0,19.7766,0.2411,-27.6053,1.3049,-27.8654,0.000,0.000,0.000,0.0000,0.0000,0
2026-04-24,11:18:14,79654,1,0.0000,0.0055,0.0047,0.1369,3.1049,0,1.0000,0,0,19.7641,-0.1588,-27.5993,0.9067,-22.8351,0.000,0.000,0.000,0.0000,0.0000,0
2026-04-24,11:18:14,79689,1,0.0000,-0.0071,0.0050,0.1476,3.1049,0,1.0000,0,0,19.7698,-0.1176,-27.6422,-0.3976,-32.9780,0.000,0.000,0.000,0.0000,0.0000,0
2026-04-24,11:18:14,79724,1,0.0000,-0.0010,0.0055,0.1617,3.1049,0,1.0000,0,0,19.7748,0.0495,-27.6590,-0.4860,-41.7529,0.000,0.000,0.000,0.0000,0.0000,0
2026-04-24,11:18:14,79760,1,0.0000,-0.0071,0.0061,0.1801,3.1049,0,1.0000,0,0,19.7732,0.1470,-27.7071,-1.5868,-48.6690,0.000,0.000,0.000,0.0000,0.0000,0
2026-04-24,11:18:14,79795,1,0.0000,0.0004,0.0066,0.1954,3.1049,0,1.0000,0,0,19.7796,0.4158,-27.7693,-1.6952,-48.4454,0.000,0.000,0.000,0.0000,0.0000,0
2026-04-24,11:18:14,79830,1,0.0000,0.0025,0.0056,0.1636,3.1049,0,1.0000,0,0,19.7869,-0.0366,-27.7075,0.8995,-41.4801,0.000,0.000,0.000,0.0000,0.0000,0
2026-04-24,11:18:14,79866,1,0.0000,-0.0082,0.0055,0.1617,3.1049,0,1.0000,0,0,19.7777,0.1110,-27.5941,2.6125,-41.3706,0.000,0.000,0.000,0.0000,0.0000,0
2026-04-24,11:18:14,79901,1,0.0000,0.0038,0.0055,0.1617,3.1049,0,1.0000,0,0,19.7811,0.4736,-27.4297,4.5955,-34.2452,0.000,0.000,0.000,0.0000,0.0000,0
2026-04-24,11:18:14,79936,1,0.0000,-0.0002,0.0049,0.1451,3.1049,0,1.0000,0,0,19.7692,-0.2545,-27.1709,6.4067,-29.2392,0.000,0.000,0.000,0.0000,0.0000,0
2026-04-24,11:18:14,79971,1,0.0000,0.0108,0.0049,0.1432,3.1049,0,1.0000,0,0,19.7832,0.2250,-26.9149,8.0290,-11.8609,0.000,0.000,0.000,0.0000,0.0000,0
2026-04-24,11:18:14,80006,1,0.0000,-0.0020,0.0056,0.1655,3.1049,0,1.0000,0,0,19.7831,-0.1467,-26.6530,7.9151,-16.3235,0.000,0.000,0.000,0.0000,0.0000,0
2026-04-24,11:18:14,80041,1,0.0000,-0.0088,0.0052,0.1534,3.1049,0,1.0000,0,0,19.7922,0.1244,-26.5923,3.5758,-33.9293,0.000,0.000,0.000,0.0000,0.0000,0
2026-04-24,11:18:14,80076,1,0.0000,-0.0029,0.0053,0.1553,3.1049,0,1.0000,0,0,19.8003,0.2962,-26.6362,0.2107,-28.1740,0.000,0.000,0.000,0.0000,0.0000,0
2026-04-24,11:18:15,80111,1,0.0000,0.0002,0.0049,0.1432,3.1049,0,1.0000,0,0,19.7950,0.0437,-26.8586,-4.7231,-31.2772,0.000,0.000,0.000,0.0000,0.0000,0
2026-04-24,11:18:15,80146,1,0.0000,0.0065,0.0057,0.1680,3.1049,0,1.0000,0,0,19.7723,-0.7524,-27.1901,-8.5443,-26.4696,0.000,0.000,0.000,0.0000,0.0000,0
2026-04-24,11:18:15,80181,1,0.0000,0.0194,0.0057,0.1679,3.1049,0,1.0000,0,0,19.7715,-0.2551,-27.2878,-4.2771,-35.6460,0.000,0.000,0.000,0.0000,0.0000,0
2026-04-24,11:18:15,80216,1,0.0000,-0.0076,0.0052,0.1515,3.1049,0,1.0000,0,0,19.7646,0.5067,-27.2391,-0.8561,-23.1271,0.000,0.000,0.000,0.0000,0.0000,0
2026-04-24,11:18:15,80251,1,0.0000,0.0056,0.0050,0.1476,3.1049,0,1.0000,0,0,19.7571,0.0305,-27.3031,-1.7541,-39.4548,0.000,0.000,0.000,0.0000,0.0000,0
2026-04-24,11:18:15,80286,1,0.0000,-0.0067,0.0062,0.1820,3.1049,0,1.0000,0,0,19.7401,-0.1021,-27.4902,-4.7829,-40.3427,0.000,0.000,0.000,0.0000,0.0000,0
2026-04-24,11:18:15,80321,1,0.0000,0.0085,0.0056,0.1636,3.1049,0,1.0000,0,0,19.7718,0.5234,-27.6051,-3.6483,-34.5725,0.000,0.000,0.000,0.0000,0.0000,0
2026-04-24,11:18:15,80356,1,0.0000,0.0087,0.0063,0.1840,3.1049,0,1.0000,0,0,19.7692,0.1568,-27.6718,-2.8704,-29.6683,0.000,0.000,0.000,0.0000,0.0000,0
2026-04-24,11:18:15,80391,1,0.0000,0.0074,0.0039,0.1146,3.1049,0,1.0000,0,0,19.7669,0.2064,-27.6089,0.7096,-45.6986,0.000,0.000,0.000,0.0000,0.0000,0
2026-04-24,11:18:15,80426,1,0.0000,0.0003,0.0049,0.1432,3.1049,0,1.0000,0,0,19.7787,0.5195,-27.6878,-2.0163,-52.6979,0.000,0.000,0.000,0.0000,0.0000,0
2026-04-24,11:18:15,80461,1,0.0000,0.0119,0.0050,0.1471,3.1049,0,1.0000,0,0,19.7866,-0.1026,-27.7868,-2.3884,-58.2262,0.000,0.000,0.000,0.0000,0.0000,0
2026-04-24,11:18:15,80496,1,0.0000,0.0116,0.0063,0.1840,3.1049,0,1.0000,0,0,19.7902,-0.2790,-27.7198,0.9355,-42.3586,0.000,0.000,0.000,0.0000,0.0000,0
2026-04-24,11:18:15,80531,1,0.0000,0.0078,0.0051,0.1495,3.1049,0,1.0000,0,0,19.7979,0.4265,-27.5753,3.1423,-29.2452,0.000,0.000,0.000,0.0000,0.0000,0
2026-04-24,11:18:15,80566,1,0.0000,-0.0112,0.0057,0.1680,3.1049,0,1.0000,0,0,19.8101,0.4881,-27.4731,3.3686,-32.4518,0.000,0.000,0.000,0.0000,0.0000,0
2026-04-24,11:18:15,80605,1,0.0000,-0.0018,0.0049,0.1451,3.1049,0,1.0000,0,0,19.8118,0.5182,-27.3956,3.0946,-43.8853,0.000,0.000,0.000,0.0000,0.0000,0
2026-04-24,11:18:15,80641,1,0.0000,-0.0072,0.0058,0.1718,3.1049,0,1.0000,0,0,19.8117,0.2474,-27.2395,4.4061,-30.8226,0.000,0.000,0.000,0.0000,0.0000,0
2026-04-24,11:18:15,80676,1,0.0000,0.0016,0.0060,0.1763,3.1049,0,1.0000,0,0,19.7974,-0.6018,-27.1269,3.5638,-26.1897,0.000,0.000,0.000,0.0000,0.0000,0
2026-04-24,11:18:15,80711,1,0.0000,0.0129,0.0057,0.1679,3.1049,0,1.0000,0,0,19.7841,-0.5273,-27.1459,0.9442,-8.0462,0.000,0.000,0.000,0.0000,0.0000,0
2026-04-24,11:18:15,80746,1,0.0000,-0.0221,0.0058,0.1700,3.1049,0,1.0000,0,0,19.7756,-0.1207,-27.2059,-0.9404,-6.9521,0.000,0.000,0.000,0.0000,0.0000,0
2026-04-24,11:18:15,80781,1,0.0000,-0.0051,0.0052,0.1534,3.1049,0,1.0000,0,0,19.7774,0.2723,-27.2622,-1.7985,-25.9627,0.000,0.000,0.000,0.0000,0.0000,0
2026-04-24,11:18:15,80816,1,0.0000,-0.0046,0.0058,0.1718,3.1049,0,1.0000,0,0,19.7761,-0.1102,-27.4348,-4.0333,-35.6302,0.000,0.000,0.000,0.0000,0.0000,0
2026-04-24,11:18:15,80851,1,0.0000,0.0189,0.0049,0.1432,3.1049,0,1.0000,0,0,19.7721,0.1156,-27.6058,-5.1232,-44.1161,0.000,0.000,0.000,0.0000,0.0000,0
2026-04-24,11:18:15,80886,1,0.0000,0.0115,0.0054,0.1578,3.1049,0,1.0000,0,0,19.7591,-0.1075,-27.7876,-5.8247,-50.9426,0.000,0.000,0.000,0.0000,0.0000,0
2026-04-24,11:18:15,80921,1,0.0000,-0.0078,0.0056,0.1655,3.1049,0,1.0000,0,0,19.7680,0.7597,-27.8992,-3.8753,-29.4922,0.000,0.000,0.000,0.0000,0.0000,0
2026-04-24,11:18:15,80956,1,0.0000,-0.0060,0.0058,0.1718,3.1049,0,1.0000,0,0,19.7728,0.3975,-27.8858,-0.8465,-45.2833,0.000,0.000,0.000,0.0000,0.0000,0
2026-04-24,11:18:15,80992,1,0.0000,-0.0002,0.0045,0.1330,3.1049,0,1.0000,0,0,19.7726,-0.0733,-27.8401,0.3417,-38.3705,0.000,0.000,0.000,0.0000,0.0000,0
2026-04-24,11:18:15,81027,1,0.0000,0.0085,0.0043,0.1267,3.1049,0,1.0000,0,0,19.7839,-0.2102,-27.8931,-1.4466,-45.9147,0.000,0.000,0.000,0.0000,0.0000,0
2026-04-24,11:18:15,81062,1,0.0000,-0.0008,0.0064,0.1884,3.1049,0,1.0000,0,0,19.7796,-0.0602,-28.0834,-4.4120,-45.4465,0.000,0.000,0.000,0.0000,0.0000,0
2026-04-24,11:18:16,81097,1,0.0000,-0.0063,0.0068,0.2005,3.1049,0,1.0000,0,0,19.7920,0.6770,-28.2186,-3.7327,-32.0110,0.000,0.000,0.000,0.0000,0.0000,0
2026-04-24,11:18:16,81132,1,0.0000,0.0016,0.0056,0.1636,3.1049,0,1.0000,0,0,19.7872,-0.2489,-28.2400,-2.2096,-40.3909,0.000,0.000,0.000,0.0000,0.0000,0
2026-04-24,11:18:16,81167,1,0.0000,0.0093,0.0055,0.1616,3.1049,0,1.0000,0,0,19.7711,-0.5267,-28.2585,-1.1218,-41.3964,0.000,0.000,0.000,0.0000,0.0000,0
2026-04-24,11:18:16,81202,1,0.0000,0.0159,0.0056,0.1636,3.1049,0,1.0000,0,0,19.7734,0.2687,-28.2605,-0.5526,-34.9316,0.000,0.000,0.000,0.0000,0.0000,0
2026-04-24,11:18:16,81237,1,0.0000,0.0013,0.0054,0.1597,3.1049,0,1.0000,0,0,19.7685,-0.0335,-28.2829,-0.7606,-43.8051,0.000,0.000,0.000,0.0000,0.0000,0
2026-04-24,11:18:16,81272,1,0.0000,-0.0020,0.0063,0.1865,3.1049,0,1.0000,0,0,19.7687,-0.4852,-28.3016,-0.7447,-37.1283,0.000,0.000,0.000,0.0000,0.0000,0
2026-04-24,11:18:16,81307,1,0.0000,0.0031,0.0054,0.1578,3.1049,0,1.0000,0,0,19.7670,0.2686,-28.2683,0.6254,-38.4768,0.000,0.000,0.000,0.0000,0.0000,0
2026-04-24,11:18:16,81342,1,0.0000,0.0013,0.0055,0.1622,3.1049,0,1.0000,0,0,19.7763,-0.1648,-28.1787,1.9864,-32.1962,0.000,0.000,0.000,0.0000,0.0000,0
2026-04-24,11:18:16,81377,1,0.0000,-0.0091,0.0058,0.1699,3.1049,0,1.0000,0,0,19.7620,-0.5891,-28.1346,1.4924,-39.9724,0.000,0.000,0.000,0.0000,0.0000,0
2026-04-24,11:18:16,81412,1,0.0000,-0.0001,0.0053,0.1553,3.1049,0,1.0000,0,0,19.7649,-0.1032,-28.0851,1.5749,-41.0452,0.000,0.000,0.000,0.0000,0.0000,0
2026-04-24,11:18:16,81447,1,0.0000,0.0050,0.0056,0.1655,3.1049,0,1.0000,0,0,19.7736,0.8041,-28.0391,1.2142,-35.0554,0.000,0.000,0.000,0.0000,0.0000,0
2026-04-24,11:18:16,81482,1,0.0000,-0.0059,0.0042,0.1247,3.1049,0,1.0000,0,0,19.7643,0.1614,-28.0662,-0.4555,-30.4865,0.000,0.000,0.000,0.0000,0.0000,0
2026-04-24,11:18:16,81517,1,0.0000,0.0052,0.0046,0.1349,3.1049,0,1.0000,0,0,19.7641,-0.3567,-28.0681,0.1079,-33.3800,0.000,0.000,0.000,0.0000,0.0000,0
2026-04-24,11:18:16,81557,1,0.0000,-0.0005,0.0049,0.1432,3.1049,0,1.0000,0,0,19.7498,-0.3391,-28.0360,0.4360,-44.7361,0.000,0.000,0.000,0.0000,0.0000,0
2026-04-24,11:18:16,81592,1,0.0000,-0.0021,0.0060,0.1763,3.1049,0,1.0000,0,0,19.7524,0.3328,-27.9073,2.8828,-30.8458,0.000,0.000,0.000,0.0000,0.0000,0
2026-04-24,11:18:16,81627,1,0.0000,-0.0136,0.0051,0.1496,3.1049,0,1.0000,0,0,19.7428,-0.5287,-27.8204,2.8660,-26.1067,0.000,0.000,0.000,0.0000,0.0000,0
2026-04-24,11:18:16,81662,1,0.0000,0.0071,0.0061,0.1801,3.1049,0,1.0000,0,0,19.7361,-0.1623,-27.7899,1.2642,-29.2675,0.000,0.000,0.000,0.0000,0.0000,0
2026-04-24,11:18:16,81697,1,0.0000,0.0029,0.0053,0.1553,3.1049,0,1.0000,0,0,19.7335,0.1663,-27.8647,-1.1794,-24.8840,0.000,0.000,0.000,0.0000,0.0000,0
2026-04-24,11:18:16,81732,1,0.0000,0.0072,0.0061,0.1801,3.1049,0,1.0000,0,0,19.7178,-0.2072,-27.9984,-3.3454,-20.7549,0.000,0.000,0.000,0.0000,0.0000,0
2026-04-24,11:18:16,81767,1,0.0000,0.0098,0.0056,0.1636,3.1049,0,1.0000,0,0,19.7166,-0.0382,-28.1618,-4.7702,-31.3483,0.000,0.000,0.000,0.0000,0.0000,0
2026-04-24,11:18:16,81802,1,0.0000,-0.0013,0.0066,0.1947,3.1049,0,1.0000,0,0,19.7156,-0.0547,-28.3143,-4.2537,-27.0540,0.000,0.000,0.000,0.0000,0.0000,0
2026-04-24,11:18:16,81837,1,0.0000,-0.0066,0.0051,0.1515,3.1049,0,1.0000,0,0,19.7147,-0.1807,-28.2473,-0.1513,-15.5525,0.000,0.000,0.000,0.0000,0.0000,0
2026-04-24,11:18:16,81873,1,0.0000,0.0024,0.0058,0.1718,3.1049,0,1.0000,0,0,19.7150,-0.2344,-28.1063,2.7123,-19.7150,0.000,0.000,0.000,0.0000,0.0000,0
2026-04-24,11:18:16,81908,1,0.0000,-0.0026,0.0050,0.1470,3.1049,0,1.0000,0,0,19.7124,0.0565,-28.0020,3.2417,-11.0722,0.000,0.000,0.000,0.0000,0.0000,0
2026-04-24,11:18:16,81943,1,0.0000,-0.0068,0.0058,0.1699,3.1049,0,1.0000,0,0,19.7074,-0.5472,-27.7161,6.9380,-16.7198,0.000,0.000,0.000,0.0000,0.0000,0
2026-04-24,11:18:16,81978,1,0.0000,-0.0029,0.0060,0.1762,3.1049,0,1.0000,0,0,19.7279,0.5916,-27.5253,6.1296,5.7200,0.000,0.000,0.000,0.0000,0.0000,0
2026-04-24,11:18:16,82014,1,0.0000,-0.0036,0.0059,0.1744,3.1049,0,1.0000,0,0,19.7404,0.5847,-27.5605,1.1632,-15.7224,0.000,0.000,0.000,0.0000,0.0000,0
2026-04-24,11:18:16,82049,1,0.0000,-0.0069,0.0063,0.1859,3.1049,0,1.0000,0,0,19.7350,-0.1249,-27.4908,1.8865,-13.9140,0.000,0.000,0.000,0.0000,0.0000,0
2026-04-24,11:18:17,82085,1,0.0000,-0.0043,0.0061,0.1801,3.1049,0,1.0000,0,0,19.7402,0.2111,-27.4515,1.7014,-12.6416,0.000,0.000,0.000,0.0000,0.0000,0
2026-04-24,11:18:17,82120,1,0.0000,-0.0131,0.0060,0.1763,3.1049,0,1.0000,0,0,19.7277,0.1578,-27.4507,0.4524,-16.8390,0.000,0.000,0.000,0.0000,0.0000,0
2026-04-24,11:18:17,82155,1,0.0000,0.0018,0.0053,0.1553,3.1049,0,1.0000,0,0,19.7270,-0.1591,-27.4978,-1.3298,-21.7624,0.000,0.000,0.000,0.0000,0.0000,0
2026-04-24,11:18:17,82190,1,0.0000,-0.0055,0.0065,0.1922,3.1049,0,1.0000,0,0,19.7332,0.2820,-27.7075,-4.9222,-11.9732,0.000,0.000,0.000,0.0000,0.0000,0
2026-04-24,11:18:17,82225,1,0.0000,-0.0013,0.0058,0.1699,3.1049,0,1.0000,0,0,19.7307,0.3976,-27.8586,-4.5823,2.7084,0.000,0.000,0.000,0.0000,0.0000,0
2026-04-24,11:18:17,82260,1,0.0000,-0.0072,0.0058,0.1718,3.1049,0,1.0000,0,0,19.7266,-0.0915,-27.9521,-3.4925,-4.6074,0.000,0.000,0.000,0.0000,0.0000,0
2026-04-24,11:18:17,82295,1,0.0000,0.0103,0.0063,0.1864,3.1049,0,1.0000,0,0,19.7356,0.3911,-27.8613,0.8601,-10.6774,0.000,0.000,0.000,0.0000,0.0000,0
2026-04-24,11:18:17,82330,1,0.0000,-0.0022,0.0049,0.1432,3.1049,0,1.0000,0,0,19.7354,-0.0307,-27.9309,-1.7072,-1.8946,0.000,0.000,0.000,0.0000,0.0000,0
2026-04-24,11:18:17,82365,1,0.0000,-0.0023,0.0062,0.1820,3.1049,0,1.0000,0,0,19.7494,0.6575,-27.9266,-0.3056,11.2970,0.000,0.000,0.000,0.0000,0.0000,0
2026-04-24,11:18:17,82400,1,0.0000,0.0021,0.0056,0.1655,3.1049,0,1.0000,0,0,19.7386,-0.2279,-28.0776,-3.5376,-3.8190,0.000,0.000,0.000,0.0000,0.0000,0
2026-04-24,11:18:17,82435,1,0.0000,-0.0070,0.0053,0.1553,3.1049,0,1.0000,0,0,19.7529,0.6039,-28.1568,-2.6879,-16.3982,0.000,0.000,0.000,0.0000,0.0000,0
2026-04-24,11:18:17,82470,1,0.0000,0.0035,0.0058,0.1699,3.1049,0,1.0000,0,0,19.7555,-0.2247,-28.2888,-3.8189,-27.2210,0.000,0.000,0.000,0.0000,0.0000,0
2026-04-24,11:18:17,82505,1,0.0000,0.0047,0.0060,0.1762,3.1049,0,1.0000,0,0,19.7485,-0.1441,-28.3274,-2.9503,-28.9913,0.000,0.000,0.000,0.0000,0.0000,0
2026-04-24,11:18:17,82540,1,0.0000,0.0007,0.0056,0.1655,3.1049,0,1.0000,0,0,19.7503,0.2055,-28.3866,-2.0909,-11.4841,0.000,0.000,0.000,0.0000,0.0000,0
2026-04-24,11:18:17,82575,1,0.0000,-0.0012,0.0059,0.1738,3.1049,0,1.0000,0,0,19.7460,-0.1526,-28.3074,0.8272,-16.4154,0.000,0.000,0.000,0.0000,0.0000,0
2026-04-24,11:18:17,82610,1,0.0000,-0.0006,0.0066,0.1941,3.1049,0,1.0000,0,0,19.7362,-0.1126,-28.1133,4.3965,-7.0366,0.000,0.000,0.000,0.0000,0.0000,0
2026-04-24,11:18:17,82645,1,0.0000,-0.0085,0.0078,0.2291,3.1049,0,1.0000,0,0,19.7416,-0.2231,-27.8633,6.4254,-18.9978,0.000,0.000,0.000,0.0000,0.0000,0
2026-04-24,11:18:17,82680,1,0.0000,0.0058,0.0050,0.1471,3.1049,0,1.0000,0,0,19.7401,-0.2162,-27.7124,5.0197,-15.3454,0.000,0.000,0.000,0.0000,0.0000,0
2026-04-24,11:18:17,82715,1,0.0000,-0.0040,0.0046,0.1349,3.1049,0,1.0000,0,0,19.7520,0.4318,-27.6716,2.5640,-5.7163,0.000,0.000,0.000,0.0000,0.0000,0
2026-04-24,11:18:17,82750,1,0.0000,-0.0125,0.0059,0.1737,3.1049,0,1.0000,0,0,19.7351,-0.2521,-27.6060,1.9546,-5.5287,0.000,0.000,0.000,0.0000,0.0000,0
2026-04-24,11:18:17,82785,1,0.0000,-0.0016,0.0063,0.1840,3.1049,0,1.0000,0,0,19.7287,-0.3827,-27.5930,0.8486,-17.4260,0.000,0.000,0.000,0.0000,0.0000,0
2026-04-24,11:18:17,82820,1,0.0000,-0.0186,0.0065,0.1922,3.1049,0,1.0000,0,0,19.7385,0.5727,-27.5960,0.5225,-28.2176,0.000,0.000,0.000,0.0000,0.0000,0
2026-04-24,11:18:17,82855,1,0.0000,-0.0126,0.0060,0.1763,3.1049,0,1.0000,0,0,19.7436,0.4457,-27.4776,2.7845,-37.1591,0.000,0.000,0.000,0.0000,0.0000,0
2026-04-24,11:18:17,82890,1,0.0000,-0.0076,0.0053,0.1553,3.1049,0,1.0000,0,0,19.7340,-0.2033,-27.4500,1.1946,-45.5689,0.000,0.000,0.000,0.0000,0.0000,0
2026-04-24,11:18:17,82925,1,0.0000,0.0153,0.0058,0.1718,3.1049,0,1.0000,0,0,19.7335,-0.1872,-27.4056,1.3126,-45.5167,0.000,0.000,0.000,0.0000,0.0000,0
2026-04-24,11:18:17,82960,1,0.0000,-0.0009,0.0053,0.1553,3.1049,0,1.0000,0,0,19.7108,-1.0401,-27.3774,0.8485,-51.7187,0.000,0.000,0.000,0.0000,0.0000,0
2026-04-24,11:18:17,82995,1,0.0000,0.0074,0.0053,0.1553,3.1049,0,1.0000,0,0,19.7244,0.8056,-27.4205,-0.6947,-36.8049,0.000,0.000,0.000,0.0000,0.0000,0
2026-04-24,11:18:17,83030,1,0.0000,0.0057,0.0058,0.1699,3.1049,0,1.0000,0,0,19.7192,0.1000,-27.5452,-2.9543,-38.0839,0.000,0.000,0.000,0.0000,0.0000,0
2026-04-24,11:18:17,83065,1,0.0000,-0.0057,0.0058,0.1699,3.1049,0,1.0000,0,0,19.7252,0.3042,-27.6114,-2.3166,-32.3737,0.000,0.000,0.000,0.0000,0.0000,0
2026-04-24,11:18:18,83100,1,0.0000,-0.0064,0.0071,0.2100,3.1049,0,1.0000,0,0,19.7258,0.2426,-27.6628,-1.7887,-34.9880,0.000,0.000,0.000,0.0000,0.0000,0
2026-04-24,11:18:18,83135,1,0.0000,-0.0142,0.0061,0.1801,3.1049,0,1.0000,0,0,19.7236,-0.1477,-27.7595,-2.7442,-29.8985,0.000,0.000,0.000,0.0000,0.0000,0
2026-04-24,11:18:18,83170,1,0.0000,0.0014,0.0049,0.1432,3.1049,0,1.0000,0,0,19.7154,-0.3482,-27.7640,-1.0384,-25.5854,0.000,0.000,0.000,0.0000,0.0000,0
2026-04-24,11:18:18,83205,1,0.0000,0.0110,0.0070,0.2068,3.1049,0,1.0000,0,0,19.7261,0.9367,-27.8033,-1.0388,-22.1697,0.000,0.000,0.000,0.0000,0.0000,0
2026-04-24,11:18:18,83240,1,0.0000,-0.0046,0.0065,0.1922,3.1049,0,1.0000,0,0,19.7248,-0.2993,-27.7207,1.2687,-32.8135,0.000,0.000,0.000,0.0000,0.0000,0
2026-04-24,11:18:18,83275,1,0.0000,-0.0009,0.0061,0.1801,3.1049,0,1.0000,0,0,19.7220,0.2057,-27.8307,-2.2088,-40.5043,0.000,0.000,0.000,0.0000,0.0000,0
2026-04-24,11:18:18,83310,1,0.0000,0.0089,0.0042,0.1228,3.1049,0,1.0000,0,0,19.7144,-0.0785,-27.8922,-1.9067,-40.5422,0.000,0.000,0.000,0.0000,0.0000,0
2026-04-24,11:18:18,83346,1,0.0000,0.0039,0.0055,0.1617,3.1049,0,1.0000,0,0,19.7275,0.9816,-27.9979,-3.2762,-34.6210,0.000,0.000,0.000,0.0000,0.0000,0
2026-04-24,11:18:18,83381,1,0.0000,0.0104,0.0058,0.1718,3.1049,0,1.0000,0,0,19.7125,-0.5851,-28.0900,-2.8749,-16.5606,0.000,0.000,0.000,0.0000,0.0000,0
2026-04-24,11:18:18,83416,1,0.0000,-0.0103,0.0053,0.1553,3.1049,0,1.0000,0,0,19.7178,0.1603,-28.1319,-2.1579,-14.7392,0.000,0.000,0.000,0.0000,0.0000,0
2026-04-24,11:18:18,83449,1,0.0000,0.0012,0.0054,0.1597,3.1049,0,1.0000,0,0,19.7117,0.0092,-28.1370,-1.7054,-14.2212,0.000,0.000,0.000,0.0000,0.0000,0
2026-04-24,11:18:18,83485,1,0.0000,-0.0099,0.0062,0.1820,3.1049,0,1.0000,0,0,19.7198,0.1389,-28.2040,-1.6863,-12.4894,0.000,0.000,0.000,0.0000,0.0000,0
2026-04-24,11:18:18,83520,1,0.0000,0.0071,0.0048,0.1413,3.1049,0,1.0000,0,0,19.7193,0.1807,-28.1337,0.9309,-10.8773,0.000,0.000,0.000,0.0000,0.0000,0
2026-04-24,11:18:18,83555,1,0.0000,-0.0008,0.0051,0.1515,3.1049,0,1.0000,0,0,19.7222,-0.0527,-28.0070,3.4159,-9.3517,0.000,0.000,0.000,0.0000,0.0000,0
2026-04-24,11:18:18,83590,1,0.0000,-0.0006,0.0055,0.1617,3.1049,0,1.0000,0,0,19.7173,-0.2775,-27.7631,5.9868,-7.9288,0.000,0.000,0.000,0.0000,0.0000,0
2026-04-24,11:18:18,83625,1,0.0000,0.0079,0.0044,0.1286,3.1049,0,1.0000,0,0,19.7153,-0.4203,-27.6383,4.1864,-0.9109,0.000,0.000,0.000,0.0000,0.0000,0
2026-04-24,11:18:18,83660,1,0.0000,-0.0042,0.0060,0.1776,3.1049,0,1.0000,0,0,19.7065,-0.2516,-27.6039,1.8873,-0.0923,0.000,0.000,0.000,0.0000,0.0000,0
2026-04-24,11:18:18,83695,1,0.0000,-0.0015,0.0056,0.1661,3.1049,0,1.0000,0,0,19.6965,-0.2713,-27.4832,3.2006,-6.6051,0.000,0.000,0.000,0.0000,0.0000,0
2026-04-24,11:18:18,83730,1,0.0000,-0.0025,0.0065,0.1922,3.1049,0,1.0000,0,0,19.6990,-0.2742,-27.4982,0.5222,-12.3911,0.000,0.000,0.000,0.0000,0.0000,0
2026-04-24,11:18:18,83765,1,0.0000,-0.0089,0.0063,0.1839,3.1049,0,1.0000,0,0,19.6989,-0.0643,-27.5337,-0.5069,-30.1797,0.000,0.000,0.000,0.0000,0.0000,0
2026-04-24,11:18:18,83800,1,0.0000,0.0087,0.0058,0.1718,3.1049,0,1.0000,0,0,19.7029,-0.1626,-27.5765,-1.1534,-26.0499,0.000,0.000,0.000,0.0000,0.0000,0
2026-04-24,11:18:18,83835,1,0.0000,0.0020,0.0054,0.1597,3.1049,0,1.0000,0,0,19.7118,0.3562,-27.5708,-0.2201,-15.6481,0.000,0.000,0.000,0.0000,0.0000,0
2026-04-24,11:18:18,83870,1,0.0000,-0.0086,0.0069,0.2043,3.1049,0,1.0000,0,0,19.7499,0.6839,-27.5508,0.4186,-20.3648,0.000,0.000,0.000,0.0000,0.0000,0
2026-04-24,11:18:18,83905,1,0.0000,-0.0063,0.0052,0.1534,3.1049,0,1.0000,0,0,19.7381,-0.8606,-27.5321,0.0731,-10.5437,0.000,0.000,0.000,0.0000,0.0000,0
2026-04-24,11:18:18,83940,1,0.0000,0.0053,0.0049,0.1452,3.1049,0,1.0000,0,0,19.7366,-0.1810,-27.7212,-4.4168,-2.4379,0.000,0.000,0.000,0.0000,0.0000,0
2026-04-24,11:18:18,83975,1,0.0000,-0.0103,0.0054,0.1579,3.1049,0,1.0000,0,0,19.7166,-0.7573,-28.0291,-7.5456,-1.1145,0.000,0.000,0.000,0.0000,0.0000,0
2026-04-24,11:18:18,84010,1,0.0000,0.0059,0.0061,0.1801,3.1049,0,1.0000,0,0,19.7165,0.1524,-28.1084,-4.2273,-13.5288,0.000,0.000,0.000,0.0000,0.0000,0
2026-04-24,11:18:18,84045,1,0.0000,-0.0017,0.0057,0.1680,3.1049,0,1.0000,0,0,19.7323,0.1063,-27.9294,2.4480,-25.0500,0.000,0.000,0.000,0.0000,0.0000,0
2026-04-24,11:18:19,84080,1,0.0000,0.0037,0.0055,0.1617,3.1049,0,1.0000,0,0,19.7120,-0.4898,-27.7636,3.8114,-41.7711,0.000,0.000,0.000,0.0000,0.0000,0
2026-04-24,11:18:19,84115,1,0.0000,0.0011,0.0046,0.1349,3.1049,0,1.0000,0,0,19.7269,0.2941,-27.8214,-0.0476,-29.0300,0.000,0.000,0.000,0.0000,0.0000,0
2026-04-24,11:18:19,84150,1,0.0000,-0.0125,0.0062,0.1820,3.1049,0,1.0000,0,0,19.7039,-0.2381,-27.8843,-1.4858,-25.0997,0.000,0.000,0.000,0.0000,0.0000,0
2026-04-24,11:18:19,84185,1,0.0000,0.0010,0.0070,0.2049,3.1049,0,1.0000,0,0,19.6948,-0.4561,-28.0304,-3.2365,-7.1149,0.000,0.000,0.000,0.0000,0.0000,0
2026-04-24,11:18:19,84220,1,0.0000,-0.0016,0.0074,0.2170,3.1049,0,1.0000,0,0,19.6981,-0.1776,-28.0378,-0.9209,-12.5379,0.000,0.000,0.000,0.0000,0.0000,0
2026-04-24,11:18:19,84255,1,0.0000,-0.0102,0.0064,0.1884,3.1049,0,1.0000,0,0,19.6963,-0.3674,-27.9654,0.9232,-30.9921,0.000,0.000,0.000,0.0000,0.0000,0
2026-04-24,11:18:19,84291,1,0.0000,-0.0144,0.0055,0.1617,3.1049,0,1.0000,0,0,19.6988,0.3222,-28.0198,-1.2125,-32.4547,0.000,0.000,0.000,0.0000,0.0000,0
2026-04-24,11:18:19,84326,1,0.0000,0.0002,0.0064,0.1884,3.1049,0,1.0000,0,0,19.6961,0.2126,-28.0657,-1.2923,-41.6910,0.000,0.000,0.000,0.0000,0.0000,0
2026-04-24,11:18:19,84361,1,0.0000,0.0024,0.0041,0.1203,3.1049,0,1.0000,0,0,19.7070,0.3967,-28.1370,-1.4454,-48.7250,0.000,0.000,0.000,0.0000,0.0000,0
2026-04-24,11:18:19,84402,1,0.0000,0.0108,0.0062,0.1816,3.1049,0,1.0000,0,0,19.6976,0.1046,-28.1071,-0.6691,-45.2103,0.000,0.000,0.000,0.0000,0.0000,0
2026-04-24,11:18:19,84437,1,0.0000,0.0026,0.0047,0.1393,3.1049,0,1.0000,0,0,19.6992,-0.2206,-28.0898,0.1975,-44.5696,0.000,0.000,0.000,0.0000,0.0000,0
2026-04-24,11:18:19,84473,1,0.0000,-0.0002,0.0047,0.1393,3.1049,0,1.0000,0,0,19.7062,0.1305,-27.9050,4.3373,-51.3178,0.000,0.000,0.000,0.0000,0.0000,0
2026-04-24,11:18:19,84508,1,0.0000,-0.0012,0.0049,0.1451,3.1049,0,1.0000,0,0,19.7066,-0.0668,-27.7122,4.9284,-50.2907,0.000,0.000,0.000,0.0000,0.0000,0
2026-04-24,11:18:19,84543,1,0.0000,-0.0021,0.0051,0.1495,3.1049,0,1.0000,0,0,19.7079,0.0811,-27.7357,0.7683,-55.7933,0.000,0.000,0.000,0.0000,0.0000,0
2026-04-24,11:18:19,84579,1,0.0000,0.0090,0.0043,0.1267,3.1049,0,1.0000,0,0,19.7093,0.5753,-27.8808,-2.2055,-67.2465,0.000,0.000,0.000,0.0000,0.0000,0
2026-04-24,11:18:19,84614,1,0.0000,-0.0075,0.0047,0.1375,3.1049,0,1.0000,0,0,19.7065,-0.1819,-27.8299,0.2684,-57.6105,0.000,0.000,0.000,0.0000,0.0000,0
2026-04-24,11:18:19,84649,1,0.0000,-0.0018,0.0058,0.1718,3.1049,0,1.0000,0,0,19.7041,-0.2524,-27.7264,2.3535,-36.1161,0.000,0.000,0.000,0.0000,0.0000,0
2026-04-24,11:18:19,84685,1,0.0000,-0.0011,0.0058,0.1718,3.1049,0,1.0000,0,0,19.7046,-0.0625,-27.5071,5.3721,-17.6954,0.000,0.000,0.000,0.0000,0.0000,0
2026-04-24,11:18:19,84720,1,0.0000,0.0047,0.0063,0.1840,3.1049,0,1.0000,0,0,19.7044,0.0093,-27.1525,9.3620,-15.8706,0.000,0.000,0.000,0.0000,0.0000,0
2026-04-24,11:18:19,84755,1,0.0000,0.0018,0.0061,0.1801,3.1049,0,1.0000,0,0,19.7071,-0.0983,-26.9674,6.1380,-12.8134,0.000,0.000,0.000,0.0000,0.0000,0
2026-04-24,11:18:19,84790,1,0.0000,0.0041,0.0054,0.1597,3.1049,0,1.0000,0,0,19.7163,0.3705,-27.0324,0.4282,-24.3089,0.000,0.000,0.000,0.0000,0.0000,0
2026-04-24,11:18:19,84825,1,0.0000,0.0035,0.0062,0.1820,3.1049,0,1.0000,0,0,19.7370,0.4056,-27.3296,-6.3654,-21.0872,0.000,0.000,0.000,0.0000,0.0000,0
2026-04-24,11:18:19,84860,1,0.0000,-0.0026,0.0061,0.1801,3.1049,0,1.0000,0,0,19.7470,0.8038,-27.5971,-7.7879,-17.1215,0.000,0.000,0.000,0.0000,0.0000,0
2026-04-24,11:18:19,84896,1,0.0000,0.0003,0.0055,0.1617,3.1049,0,1.0000,0,0,19.7384,0.0397,-27.7555,-5.3550,-20.7761,0.000,0.000,0.000,0.0000,0.0000,0
2026-04-24,11:18:19,84931,1,0.0000,0.0006,0.0049,0.1432,3.1049,0,1.0000,0,0,19.7438,-0.0374,-27.7055,-0.9163,-17.9339,0.000,0.000,0.000,0.0000,0.0000,0
2026-04-24,11:18:19,84966,1,0.0000,-0.0112,0.0072,0.2114,3.1049,0,1.0000,0,0,19.7496,-0.1019,-27.6111,1.7198,-22.9764,0.000,0.000,0.000,0.0000,0.0000,0
2026-04-24,11:18:19,85001,1,0.0000,0.0011,0.0043,0.1267,3.1049,0,1.0000,0,0,19.7286,-0.5322,-27.5237,2.1661,-13.1499,0.000,0.000,0.000,0.0000,0.0000,0
2026-04-24,11:18:19,85036,1,0.0000,-0.0042,0.0056,0.1655,3.1049,0,1.0000,0,0,19.7269,-0.1724,-27.4233,3.1171,-24.5945,0.000,0.000,0.000,0.0000,0.0000,0
2026-04-24,11:18:19,85071,1,0.0000,0.0001,0.0054,0.1597,3.1049,0,1.0000,0,0,19.7199,-0.5035,-27.3675,2.0345,-20.7832,0.000,0.000,0.000,0.0000,0.0000,0
2026-04-24,11:18:20,85106,1,0.0000,0.0063,0.0058,0.1718,3.1049,0,1.0000,0,0,19.7312,0.3315,-27.2690,2.7528,-30.6898,0.000,0.000,0.000,0.0000,0.0000,0
2026-04-24,11:18:20,85141,1,0.0000,-0.0076,0.0066,0.1954,3.1049,0,1.0000,0,0,19.7242,0.0034,-27.2075,2.0270,-32.1934,0.000,0.000,0.000,0.0000,0.0000,0
2026-04-24,11:18:20,85176,1,0.0000,-0.0003,0.0054,0.1597,3.1049,0,1.0000,0,0,19.7338,0.5133,-27.2524,-0.3672,-40.6548,0.000,0.000,0.000,0.0000,0.0000,0
2026-04-24,11:18:20,85212,1,0.0000,-0.0044,0.0059,0.1738,3.1049,0,1.0000,0,0,19.7351,-0.0372,-27.3051,-1.0590,-20.7431,0.000,0.000,0.000,0.0000,0.0000,0
2026-04-24,11:18:20,85247,1,0.0000,-0.0030,0.0051,0.1515,3.1049,0,1.0000,0,0,19.7473,0.5206,-27.2959,-0.5079,-25.0897,0.000,0.000,0.000,0.0000,0.0000,0
2026-04-24,11:18:20,85282,1,0.0000,0.0043,0.0055,0.1617,3.1049,0,1.0000,0,0,19.7516,-0.0555,-27.4115,-2.4817,-14.1485,0.000,0.000,0.000,0.0000,0.0000,0
2026-04-24,11:18:20,85317,1,0.0000,0.0113,0.0061,0.1801,3.1049,0,1.0000,0,0,19.7408,-0.0519,-27.5348,-3.1827,-11.3473,0.000,0.000,0.000,0.0000,0.0000,0
2026-04-24,11:18:20,85356,1,0.0000,0.0004,0.0052,0.1534,3.1049,0,1.0000,0,0,19.7412,0.3927,-27.5727,-2.9089,-17.5005,0.000,0.000,0.000,0.0000,0.0000,0
2026-04-24,11:18:20,85392,1,0.0000,0.0039,0.0056,0.1655,3.1049,0,1.0000,0,0,19.7323,-0.4525,-27.7550,-4.8919,-28.1808,0.000,0.000,0.000,0.0000,0.0000,0
2026-04-24,11:18:20,85427,1,0.0000,0.0074,0.0051,0.1495,3.1049,0,1.0000,0,0,19.7311,0.2118,-27.9494,-5.8294,-30.4860,0.000,0.000,0.000,0.0000,0.0000,0
2026-04-24,11:18:20,85462,1,0.0000,-0.0005,0.0055,0.1617,3.1049,0,1.0000,0,0,19.7185,-0.1336,-28.1369,-6.0210,-25.7696,0.000,0.000,0.000,0.0000,0.0000,0
2026-04-24,11:18:20,85498,1,0.0000,0.0123,0.0042,0.1248,3.1049,0,1.0000,0,0,19.7180,0.0893,-28.2408,-4.3618,-16.2210,0.000,0.000,0.000,0.0000,0.0000,0
2026-04-24,11:18:20,85533,1,0.0000,0.0154,0.0046,0.1350,3.1049,0,1.0000,0,0,19.7138,-0.0314,-28.2843,-2.4501,-7.2836,0.000,0.000,0.000,0.0000,0.0000,0
2026-04-24,11:18:20,85568,1,0.0000,-0.0046,0.0055,0.1617,3.1049,0,1.0000,0,0,19.7176,0.0294,-28.2302,0.8765,-0.2247,0.000,0.000,0.000,0.0000,0.0000,0
2026-04-24,11:18:20,85603,1,0.0000,0.0063,0.0058,0.1718,3.1049,0,1.0000,0,0,19.7110,-0.0718,-28.0514,4.0080,-6.4112,0.000,0.000,0.000,0.0000,0.0000,0
2026-04-24,11:18:20,85639,1,0.0000,0.0011,0.0048,0.1413,3.1049,0,1.0000,0,0,19.7112,0.0870,-27.7865,6.6427,-26.0374,0.000,0.000,0.000,0.0000,0.0000,0
2026-04-24,11:18:20,85674,1,0.0000,-0.0001,0.0061,0.1782,3.1049,0,1.0000,0,0,19.6958,-0.1477,-27.4985,8.3018,-21.8731,0.000,0.000,0.000,0.0000,0.0000,0
2026-04-24,11:18:20,85710,1,0.0000,0.0035,0.0056,0.1636,3.1049,0,1.0000,0,0,19.7006,-0.0950,-27.3425,5.5578,-18.4812,0.000,0.000,0.000,0.0000,0.0000,0
2026-04-24,11:18:20,85745,1,0.0000,0.0029,0.0063,0.1864,3.1049,0,1.0000,0,0,19.6869,-0.3216,-27.3335,1.7565,-22.7735,0.000,0.000,0.000,0.0000,0.0000,0
2026-04-24,11:18:20,85780,1,0.0000,-0.0047,0.0056,0.1636,3.1049,0,1.0000,0,0,19.6941,0.2499,-27.4171,-1.4248,-19.6425,0.000,0.000,0.000,0.0000,0.0000,0
2026-04-24,11:18:20,85815,1,0.0000,0.0009,0.0058,0.1699,3.1049,0,1.0000,0,0,19.7003,0.1763,-27.5575,-3.2848,-9.7764,0.000,0.000,0.000,0.0000,0.0000,0
2026-04-24,11:18:20,85850,1,0.0000,0.0027,0.0061,0.1782,3.1049,0,1.0000,0,0,19.6983,-0.0969,-27.5464,-0.6578,-1.3910,0.000,0.000,0.000,0.0000,0.0000,0
2026-04-24,11:18:20,85885,1,0.0000,0.0019,0.0046,0.1349,3.1049,0,1.0000,0,0,19.7113,0.6162,-27.4870,0.8248,-8.2088,0.000,0.000,0.000,0.0000,0.0000,0
2026-04-24,11:18:20,85920,1,0.0000,0.0039,0.0063,0.1859,3.1049,0,1.0000,0,0,19.7100,0.0474,-27.5214,-0.7724,-13.7436,0.000,0.000,0.000,0.0000,0.0000,0
2026-04-24,11:18:20,85955,1,0.0000,-0.0006,0.0052,0.1534,3.1049,0,1.0000,0,0,19.7280,0.4205,-27.5456,-0.5922,-12.0708,0.000,0.000,0.000,0.0000,0.0000,0
2026-04-24,11:18:20,85990,1,0.0000,0.0050,0.0049,0.1451,3.1049,0,1.0000,0,0,19.7188,-0.0787,-27.4776,1.0989,-17.5740,0.000,0.000,0.000,0.0000,0.0000,0
2026-04-24,11:18:20,86025,1,0.0000,0.0146,0.0052,0.1534,3.1049,0,1.0000,0,0,19.7067,-0.4389,-27.4551,0.9470,-8.4547,0.000,0.000,0.000,0.0000,0.0000,0
2026-04-24,11:18:20,86060,1,0.0000,-0.0053,0.0040,0.1165,3.1049,0,1.0000,0,0,19.7222,0.6166,-27.4265,0.5631,0.1454,0.000,0.000,0.000,0.0000,0.0000,0
2026-04-24,11:18:21,86095,1,0.0000,-0.0053,0.0056,0.1661,3.1049,0,1.0000,0,0,19.7188,-0.1611,-27.4316,0.4894,-13.0169,0.000,0.000,0.000,0.0000,0.0000,0
2026-04-24,11:18:21,86130,1,0.0000,-0.0031,0.0049,0.1451,3.1049,0,1.0000,0,0,19.7034,-0.6804,-27.2394,4.0291,1.8188,0.000,0.000,0.000,0.0000,0.0000,0
2026-04-24,11:18:21,86165,1,0.0000,0.0021,0.0053,0.1573,3.1049,0,1.0000,0,0,19.7006,-0.1262,-27.2070,1.9850,14.2856,0.000,0.000,0.000,0.0000,0.0000,0
2026-04-24,11:18:21,86200,1,0.0000,-0.0045,0.0061,0.1801,3.1049,0,1.0000,0,0,19.6957,0.0163,-27.2431,-0.1552,5.7903,0.000,0.000,0.000,0.0000,0.0000,0
2026-04-24,11:18:21,86235,1,0.0000,0.0026,0.0051,0.1495,3.1049,0,1.0000,0,0,19.7085,0.7684,-27.1164,2.8938,5.3578,0.000,0.000,0.000,0.0000,0.0000,0
2026-04-24,11:18:21,86270,1,0.0000,-0.0056,0.0060,0.1757,3.1049,0,1.0000,0,0,19.6993,-0.4264,-26.7899,7.9710,-2.6287,0.000,0.000,0.000,0.0000,0.0000,0
2026-04-24,11:18:21,86305,1,0.0000,-0.0213,0.0062,0.1820,3.1049,0,1.0000,0,0,19.7107,0.0113,-26.6896,6.3452,0.9151,0.000,0.000,0.000,0.0000,0.0000,0
2026-04-24,11:18:21,86340,1,0.0000,-0.0082,0.0042,0.1228,3.1049,0,1.0000,0,0,19.7150,0.2903,-26.6606,2.1069,1.1922,0.000,0.000,0.000,0.0000,0.0000,0
2026-04-24,11:18:21,86375,1,0.0000,0.0082,0.0058,0.1699,3.1049,0,1.0000,0,0,19.7186,0.3353,-26.7933,-1.9275,0.4862,0.000,0.000,0.000,0.0000,0.0000,0
2026-04-24,11:18:21,86410,1,0.0000,0.0106,0.0049,0.1451,3.1049,0,1.0000,0,0,19.7287,0.7115,-26.8663,-2.4150,0.1456,0.000,0.000,0.000,0.0000,0.0000,0
2026-04-24,11:18:21,86445,1,0.0000,0.0005,0.0051,0.1515,3.1049,0,1.0000,0,0,19.7269,-0.2987,-27.2260,-8.9572,6.7762,0.000,0.000,0.000,0.0000,0.0000,0
2026-04-24,11:18:21,86480,1,0.0000,0.0022,0.0063,0.1839,3.1049,0,1.0000,0,0,19.7192,-0.7028,-27.6949,-12.5446,-6.9731,0.000,0.000,0.000,0.0000,0.0000,0
2026-04-24,11:18:21,86516,1,0.0000,0.0008,0.0060,0.1762,3.1049,0,1.0000,0,0,19.7071,-0.6395,-28.0892,-12.1313,-11.6088,0.000,0.000,0.000,0.0000,0.0000,0
2026-04-24,11:18:21,86552,1,0.0000,-0.0140,0.0060,0.1756,3.1049,0,1.0000,0,0,19.7044,-0.2360,-28.2413,-6.9546,-23.0290,0.000,0.000,0.000,0.0000,0.0000,0
2026-04-24,11:18:21,86587,1,0.0000,0.0026,0.0058,0.1718,3.1049,0,1.0000,0,0,19.7287,0.8837,-28.2563,-2.7087,-32.7355,0.000,0.000,0.000,0.0000,0.0000,0
2026-04-24,11:18:21,86623,1,0.0000,-0.0019,0.0051,0.1496,3.1049,0,1.0000,0,0,19.7176,-0.2265,-28.0459,3.5608,-40.8636,0.000,0.000,0.000,0.0000,0.0000,0
2026-04-24,11:18:21,86658,1,0.0000,0.0043,0.0054,0.1597,3.1049,0,1.0000,0,0,19.7145,-0.0591,-27.8464,4.9437,-41.2627,0.000,0.000,0.000,0.0000,0.0000,0
2026-04-24,11:18:21,86693,1,0.0000,0.0030,0.0058,0.1718,3.1049,0,1.0000,0,0,19.7037,-0.0516,-27.6532,5.4894,-27.7753,0.000,0.000,0.000,0.0000,0.0000,0
2026-04-24,11:18:21,86728,1,0.0000,-0.0045,0.0058,0.1718,3.1049,0,1.0000,0,0,19.7117,-0.2446,-27.6004,2.9012,-30.0004,0.000,0.000,0.000,0.0000,0.0000,0
2026-04-24,11:18:21,86763,1,0.0000,0.0087,0.0058,0.1699,3.1049,0,1.0000,0,0,19.7050,-0.1317,-27.6469,-0.1697,-18.0669,0.000,0.000,0.000,0.0000,0.0000,0
2026-04-24,11:18:21,86798,1,0.0000,-0.0161,0.0055,0.1617,3.1049,0,1.0000,0,0,19.6985,-0.1139,-27.7804,-3.0152,-1.9307,0.000,0.000,0.000,0.0000,0.0000,0
2026-04-24,11:18:21,86833,1,0.0000,0.0104,0.0056,0.1636,3.1049,0,1.0000,0,0,19.7099,0.2991,-27.8587,-2.3670,5.2763,0.000,0.000,0.000,0.0000,0.0000,0
2026-04-24,11:18:21,86868,1,0.0000,0.0033,0.0056,0.1661,3.1049,0,1.0000,0,0,19.7210,0.1787,-27.8625,-0.7385,4.5056,0.000,0.000,0.000,0.0000,0.0000,0
2026-04-24,11:18:21,86904,1,0.0000,0.0064,0.0051,0.1515,3.1049,0,1.0000,0,0,19.7126,0.0061,-27.7962,0.9177,-16.3530,0.000,0.000,0.000,0.0000,0.0000,0
2026-04-24,11:18:21,86939,1,0.0000,0.0104,0.0063,0.1844,3.1049,0,1.0000,0,0,19.7267,0.7736,-27.7752,0.5989,6.3021,0.000,0.000,0.000,0.0000,0.0000,0
2026-04-24,11:18:21,86975,1,0.0000,0.0101,0.0056,0.1636,3.1049,0,1.0000,0,0,19.7179,-0.2057,-27.7708,0.5136,4.9701,0.000,0.000,0.000,0.0000,0.0000,0
2026-04-24,11:18:21,87010,1,0.0000,0.0142,0.0056,0.1636,3.1049,0,1.0000,0,0,19.7094,-0.2002,-27.6840,1.7154,-16.3515,0.000,0.000,0.000,0.0000,0.0000,0
2026-04-24,11:18:21,87045,1,0.0000,-0.0085,0.0061,0.1801,3.1049,0,1.0000,0,0,19.7128,0.1711,-27.6662,1.0498,-20.5508,0.000,0.000,0.000,0.0000,0.0000,0
2026-04-24,11:18:22,87080,1,0.0000,0.0017,0.0058,0.1699,3.1049,0,1.0000,0,0,19.7200,0.5180,-27.5334,3.1871,-3.6411,0.000,0.000,0.000,0.0000,0.0000,0
2026-04-24,11:18:22,87115,1,0.0000,-0.0009,0.0049,0.1432,3.1049,0,1.0000,0,0,19.7288,0.3044,-27.3504,5.0673,9.9467,0.000,0.000,0.000,0.0000,0.0000,0
2026-04-24,11:18:22,87151,1,0.0000,-0.0111,0.0063,0.1846,3.1049,0,1.0000,0,0,19.7296,0.4000,-27.1603,5.1089,0.7557,0.000,0.000,0.000,0.0000,0.0000,0
2026-04-24,11:18:22,87186,1,0.0000,-0.0059,0.0052,0.1534,3.1049,0,1.0000,0,0,19.7132,-0.5939,-27.2053,0.6857,0.1363,0.000,0.000,0.000,0.0000,0.0000,0
2026-04-24,11:18:22,87221,1,0.0000,-0.0094,0.0065,0.1922,3.1049,0,1.0000,0,0,19.7098,-0.1396,-27.3027,-1.7844,7.7126,0.000,0.000,0.000,0.0000,0.0000,0
2026-04-24,11:18:22,87260,1,0.0000,0.0067,0.0053,0.1553,3.1049,0,1.0000,0,0,19.7037,-0.2509,-27.3149,-1.4984,-6.8385,0.000,0.000,0.000,0.0000,0.0000,0
2026-04-24,11:18:22,87295,1,0.0000,0.0150,0.0048,0.1413,3.1049,0,1.0000,0,0,19.7107,0.3861,-27.4507,-3.4898,-12.9845,0.000,0.000,0.000,0.0000,0.0000,0
2026-04-24,11:18:22,87330,1,0.0000,-0.0012,0.0054,0.1597,3.1049,0,1.0000,0,0,19.7034,-0.1703,-27.6496,-5.4850,2.7941,0.000,0.000,0.000,0.0000,0.0000,0
2026-04-24,11:18:22,87365,1,0.0000,-0.0106,0.0072,0.2132,3.1049,0,1.0000,0,0,19.7113,-0.1257,-27.8886,-6.6857,-11.0474,0.000,0.000,0.000,0.0000,0.0000,0
2026-04-24,11:18:22,87400,1,0.0000,0.0050,0.0061,0.1801,3.1049,0,1.0000,0,0,19.7024,-0.2432,-27.9983,-4.1069,-16.1698,0.000,0.000,0.000,0.0000,0.0000,0
2026-04-24,11:18:22,87436,1,0.0000,-0.0035,0.0072,0.2107,3.1049,0,1.0000,0,0,19.7003,-0.0724,-27.9599,-0.7505,-13.8774,0.000,0.000,0.000,0.0000,0.0000,0
2026-04-24,11:18:22,87471,1,0.0000,0.0089,0.0054,0.1597,3.1049,0,1.0000,0,0,19.6986,-0.0570,-27.9279,0.0206,1.5026,0.000,0.000,0.000,0.0000,0.0000,0
2026-04-24,11:18:22,87506,1,0.0000,-0.0019,0.0063,0.1845,3.1049,0,1.0000,0,0,19.6914,-0.2762,-27.9797,-1.2732,-5.7643,0.000,0.000,0.000,0.0000,0.0000,0
2026-04-24,11:18:22,87541,1,0.0000,0.0000,0.0063,0.1840,3.1049,0,1.0000,0,0,19.6724,-0.5491,-27.9310,1.0542,-12.4761,0.000,0.000,0.000,0.0000,0.0000,0
2026-04-24,11:18:22,87576,1,0.0000,-0.0093,0.0050,0.1470,3.1049,0,1.0000,0,0,19.6754,-0.0463,-27.8278,2.6763,-3.9612,0.000,0.000,0.000,0.0000,0.0000,0
2026-04-24,11:18:22,87611,1,0.0000,0.0002,0.0047,0.1388,3.1049,0,1.0000,0,0,19.6444,-0.5720,-27.6305,4.9709,-10.5510,0.000,0.000,0.000,0.0000,0.0000,0
2026-04-24,11:18:22,87647,1,0.0000,0.0046,0.0060,0.1757,3.1049,0,1.0000,0,0,19.6546,-0.1228,-27.5701,2.8780,-9.3845,0.000,0.000,0.000,0.0000,0.0000,0
2026-04-24,11:18:22,87682,1,0.0000,0.0093,0.0061,0.1801,3.1049,0,1.0000,0,0,19.6574,-0.0904,-27.6399,-0.4224,-21.6593,0.000,0.000,0.000,0.0000,0.0000,0
2026-04-24,11:18:22,87717,1,0.0000,0.0056,0.0054,0.1597,3.1049,0,1.0000,0,0,19.6555,0.5013,-27.6690,-0.6127,-31.8388,0.000,0.000,0.000,0.0000,0.0000,0
2026-04-24,11:18:22,87753,1,0.0000,0.0020,0.0057,0.1680,3.1049,0,1.0000,0,0,19.6674,0.3286,-27.6407,0.1782,-47.5318,0.000,0.000,0.000,0.0000,0.0000,0
2026-04-24,11:18:22,87788,1,0.0000,-0.0127,0.0063,0.1846,3.1049,0,1.0000,0,0,19.6819,0.4177,-27.7128,-1.2897,-40.4580,0.000,0.000,0.000,0.0000,0.0000,0
2026-04-24,11:18:22,87823,1,0.0000,0.0014,0.0053,0.1553,3.1049,0,1.0000,0,0,19.6987,0.5899,-27.6532,0.8490,-47.4206,0.000,0.000,0.000,0.0000,0.0000,0
2026-04-24,11:18:22,87858,1,0.0000,0.0012,0.0051,0.1495,3.1049,0,1.0000,0,0,19.6786,-0.4156,-27.5934,1.2853,-47.3903,0.000,0.000,0.000,0.0000,0.0000,0
2026-04-24,11:18:22,87893,1,0.0000,0.0032,0.0048,0.1413,3.1049,0,1.0000,0,0,19.6888,0.2401,-27.4575,3.4098,-33.0005,0.000,0.000,0.000,0.0000,0.0000,0
2026-04-24,11:18:22,87928,1,0.0000,0.0064,0.0064,0.1883,3.1049,0,1.0000,0,0,19.6961,0.6588,-27.5308,-0.7038,-41.4621,0.000,0.000,0.000,0.0000,0.0000,0
2026-04-24,11:18:22,87963,1,0.0000,-0.0055,0.0058,0.1718,3.1049,0,1.0000,0,0,19.7208,0.8697,-27.6611,-3.0512,-28.4758,0.000,0.000,0.000,0.0000,0.0000,0
2026-04-24,11:18:22,87998,1,0.0000,0.0055,0.0056,0.1636,3.1049,0,1.0000,0,0,19.7305,0.3078,-27.7166,-1.9749,-37.7687,0.000,0.000,0.000,0.0000,0.0000,0
2026-04-24,11:18:22,88033,1,0.0000,-0.0103,0.0058,0.1699,3.1049,0,1.0000,0,0,19.7320,-0.0711,-27.6531,0.6488,-32.2442,0.000,0.000,0.000,0.0000,0.0000,0
2026-04-24,11:18:22,88068,1,0.0000,-0.0017,0.0056,0.1655,3.1049,0,1.0000,0,0,19.7412,0.4313,-27.6311,0.2893,-34.1939,0.000,0.000,0.000,0.0000,0.0000,0
2026-04-24,11:18:23,88103,1,0.0000,0.0134,0.0051,0.1515,3.1049,0,1.0000,0,0,19.7257,-0.4256,-27.7160,-1.4968,-43.0370,0.000,0.000,0.000,0.0000,0.0000,0
2026-04-24,11:18:23,88138,1,0.0000,-0.0008,0.0053,0.1553,3.1049,0,1.0000,0,0,19.7150,-0.2778,-27.8001,-2.3999,-42.9575,0.000,0.000,0.000,0.0000,0.0000,0
2026-04-24,11:18:23,88173,1,0.0000,-0.0137,0.0052,0.1515,3.1049,0,1.0000,0,0,19.7032,-0.6546,-27.6865,1.8223,-50.0795,0.000,0.000,0.000,0.0000,0.0000,0
2026-04-24,11:18:23,88213,1,0.0000,0.0003,0.0061,0.1801,3.1049,0,1.0000,0,0,19.6923,-0.0612,-27.6040,2.0114,-53.2377,0.000,0.000,0.000,0.0000,0.0000,0
2026-04-24,11:18:23,88248,1,0.0000,-0.0059,0.0061,0.1801,3.1049,0,1.0000,0,0,19.7024,0.0011,-27.5312,2.2155,-38.2374,0.000,0.000,0.000,0.0000,0.0000,0
2026-04-24,11:18:23,88283,1,0.0000,0.0021,0.0063,0.1840,3.1049,0,1.0000,0,0,19.6948,-0.1175,-27.4270,3.0207,-46.4852,0.000,0.000,0.000,0.0000,0.0000,0
2026-04-24,11:18:23,88318,1,0.0000,0.0030,0.0065,0.1917,3.1049,0,1.0000,0,0,19.7056,0.4928,-27.2788,3.7538,-59.1839,0.000,0.000,0.000,0.0000,0.0000,0
2026-04-24,11:18:23,88354,1,0.0000,0.0063,0.0062,0.1820,3.1049,0,1.0000,0,0,19.6986,-0.3855,-27.2457,1.8101,-49.7691,0.000,0.000,0.000,0.0000,0.0000,0
2026-04-24,11:18:23,88390,1,0.0000,-0.0121,0.0056,0.1661,3.1049,0,1.0000,0,0,19.6965,0.1077,-27.2330,1.0980,-61.9596,0.000,0.000,0.000,0.0000,0.0000,0
2026-04-24,11:18:23,88425,1,0.0000,0.0089,0.0055,0.1616,3.1049,0,1.0000,0,0,19.7094,0.4310,-27.2303,0.1304,-45.5120,0.000,0.000,0.000,0.0000,0.0000,0
2026-04-24,11:18:23,88460,1,0.0000,0.0003,0.0041,0.1203,3.1049,0,1.0000,0,0,19.7033,0.0273,-27.2916,-1.5368,-32.0646,0.000,0.000,0.000,0.0000,0.0000,0
2026-04-24,11:18:23,88495,1,0.0000,-0.0114,0.0052,0.1534,3.1049,0,1.0000,0,0,19.7098,0.2178,-27.2519,0.1407,-33.2235,0.000,0.000,0.000,0.0000,0.0000,0
2026-04-24,11:18:23,88530,1,0.0000,0.0006,0.0056,0.1661,3.1049,0,1.0000,0,0,19.7066,-0.2484,-27.1501,2.3494,-41.2775,0.000,0.000,0.000,0.0000,0.0000,0
2026-04-24,11:18:23,88566,1,0.0000,0.0013,0.0056,0.1636,3.1049,0,1.0000,0,0,19.6969,-0.5091,-27.0101,3.3912,-48.2650,0.000,0.000,0.000,0.0000,0.0000,0
2026-04-24,11:18:23,88601,1,0.0000,0.0050,0.0061,0.1801,3.1049,0,1.0000,0,0,19.7175,0.3874,-26.9970,1.3491,-27.3719,0.000,0.000,0.000,0.0000,0.0000,0
2026-04-24,11:18:23,88636,1,0.0000,0.0023,0.0058,0.1699,3.1049,0,1.0000,0,0,19.7153,-0.1216,-27.0727,-0.8763,-23.4011,0.000,0.000,0.000,0.0000,0.0000,0
2026-04-24,11:18:23,88672,1,0.0000,-0.0049,0.0054,0.1597,3.1049,0,1.0000,0,0,19.7409,0.3082,-27.1454,-1.8560,-32.6417,0.000,0.000,0.000,0.0000,0.0000,0
2026-04-24,11:18:23,88707,1,0.0000,0.0026,0.0056,0.1655,3.1049,0,1.0000,0,0,19.7418,0.1604,-27.2070,-2.1421,-7.8233,0.000,0.000,0.000,0.0000,0.0000,0
