Date,Time,Timestamp_ms,Kite_ID,Commanded_Vel_rps,Actual_Vel_rps,Torque_Nm,Tension_N,Line_Length_m,Target_Enabled,Target_Length_m,Remote_Joy,Remote_Active,Pitch_deg,Pitch_Vel_dps,Yaw_deg,Yaw_Vel_dps,Roll_deg,Dive_Conf,AWW_Conf,AF_Conf,Kite_Pitch_deg,Kite_Roll_deg,Kite_IMU_Battery
2026-05-06,13:00:06,0,2,0.0000,-0.0324,0.1010,2.9693,1.0261,0,1.0000,0,1,6.8491,-2.9802,-44.1591,2.5656,142.2871,0.000,0.000,0.536,0.0000,0.0000,0
2026-05-06,13:00:06,1,2,0.0000,-0.0020,0.0985,2.8957,1.0261,0,1.0000,0,1,6.8875,-0.5769,-44.1408,1.7342,145.0301,0.000,0.000,0.568,0.0000,0.0000,0
2026-05-06,13:00:06,2,2,0.0000,0.0071,0.0985,2.8966,1.0261,0,1.0000,0,1,6.8231,-1.4917,-44.0831,1.7319,146.8929,0.000,0.000,0.592,0.0000,0.0000,0
2026-05-06,13:00:06,2,2,0.0000,0.0071,0.0980,2.8823,1.0261,0,1.0000,0,1,6.7526,-1.7780,-44.0287,1.7030,148.7070,0.000,0.000,0.607,0.0000,0.0000,0
2026-05-06,13:00:06,3,2,0.0000,0.0237,0.0918,2.7008,1.0259,0,1.0000,0,0,6.8803,1.6562,-43.9307,1.9403,150.9517,0.000,0.000,0.604,0.0000,0.0000,0
2026-05-06,13:00:06,3,2,0.0000,0.0300,0.0870,2.5591,1.0257,0,1.0000,0,0,6.8801,0.4616,-43.8611,1.9634,152.4724,0.000,0.000,0.602,0.0000,0.0000,0
2026-05-06,13:00:06,4,2,0.0000,-0.0042,0.0887,2.6099,1.0256,0,1.0000,0,0,6.9318,1.4177,-43.8009,1.7532,154.4655,0.000,0.000,0.598,0.0000,0.0000,0
2026-05-06,13:00:06,5,2,0.0000,0.0174,0.0872,2.5635,1.0256,0,1.0000,0,0,7.0371,2.1718,-43.7158,2.0349,155.7933,0.000,0.000,0.596,0.0000,0.0000,0
2026-05-06,13:00:06,6,2,0.0000,-0.0249,0.0910,2.6774,1.0257,0,1.0000,0,0,6.9911,0.0188,-43.6466,2.0252,157.0399,0.000,0.000,0.594,0.0000,0.0000,0
2026-05-06,13:00:06,7,2,0.0000,-0.0268,0.0962,2.8297,1.0260,0,1.0000,0,0,6.9770,-0.1711,-43.6356,1.3131,158.6290,0.000,0.000,0.590,0.0000,0.0000,0
2026-05-06,13:00:06,8,2,0.0000,0.0029,0.0972,2.8578,1.0260,0,1.0000,0,0,6.9205,-1.2509,-43.6257,0.9946,159.7229,0.000,0.000,0.588,0.0000,0.0000,0
2026-05-06,13:00:06,9,2,0.0000,0.0085,0.0955,2.8087,1.0260,0,1.0000,0,0,6.8640,-0.6763,-43.6196,0.6426,161.0922,0.000,0.000,0.585,0.0000,0.0000,0
2026-05-06,13:00:06,10,2,0.0000,0.0741,0.0852,2.5048,1.0256,0,1.0000,0,0,6.9243,0.7274,-43.6104,0.5279,162.0782,0.000,0.000,0.582,0.0000,0.0000,0
2026-05-06,13:00:06,11,2,0.0000,0.0648,0.0740,2.1754,1.0249,0,1.0000,0,0,6.9178,0.1309,-43.5948,0.4617,163.2467,0.000,0.000,0.579,0.0000,0.0000,0
2026-05-06,13:00:06,12,2,0.0000,0.0445,0.0648,1.9045,1.0244,0,1.0000,0,0,6.9184,-0.1282,-43.6153,0.0465,164.3363,0.000,0.000,0.576,0.0000,0.0000,0
2026-05-06,13:00:06,12,2,0.0000,0.0355,0.0588,1.7307,1.0241,0,1.0000,0,0,6.9199,0.1178,-43.6666,-0.4497,165.1076,0.000,0.000,0.574,0.0000,0.0000,0
2026-05-06,13:00:06,13,2,0.0000,0.0185,0.0595,1.7487,1.0240,0,1.0000,0,0,7.0168,1.7832,-43.7355,-0.9961,165.8315,0.000,0.000,0.571,0.0000,0.0000,0
2026-05-06,13:00:06,13,2,0.0000,0.0101,0.0575,1.6908,1.0239,0,1.0000,0,0,7.0558,1.0281,-43.8508,-1.6882,166.6896,0.000,0.000,0.568,0.0000,0.0000,0
2026-05-06,13:00:06,14,2,0.0000,-0.0091,0.0562,1.6530,1.0239,0,1.0000,0,0,7.0750,0.9754,-43.9837,-2.4376,167.3290,0.000,0.000,0.566,0.0000,0.0000,0
2026-05-06,13:00:06,15,2,0.0000,-0.0042,0.0571,1.6781,1.0239,0,1.0000,0,0,7.3254,4.8844,-44.0843,-2.6235,167.9265,0.000,0.000,0.563,0.0000,0.0000,0
2026-05-06,13:00:06,16,2,0.0000,-0.0062,0.0594,1.7470,1.0239,0,1.0000,0,0,7.4812,3.7541,-44.1879,-2.5666,168.6518,0.000,0.000,0.560,0.0000,0.0000,0
2026-05-06,13:00:06,17,2,0.0000,-0.0119,0.0572,1.6820,1.0239,0,1.0000,0,0,7.5083,2.2012,-44.3406,-3.2356,169.1748,0.000,0.000,0.558,0.0000,0.0000,0
2026-05-06,13:00:06,18,2,0.0000,-0.0054,0.0606,1.7826,1.0240,0,1.0000,0,0,7.4994,0.4184,-44.4384,-3.1192,169.6817,0.000,0.000,0.555,0.0000,0.0000,0
2026-05-06,13:00:06,18,2,0.0000,-0.0182,0.0612,1.7992,1.0240,0,1.0000,0,0,7.3388,-1.8129,-44.4611,-2.0272,163.1400,0.000,0.000,0.552,0.0000,0.0000,0
2026-05-06,13:00:06,19,2,0.0000,-0.0164,0.0629,1.8505,1.0242,0,1.0000,0,0,7.4395,0.8234,-44.2153,1.1076,142.9563,0.000,0.000,0.550,0.0000,0.0000,0
2026-05-06,13:00:06,19,2,0.0000,-0.0438,0.0679,1.9966,1.0244,0,1.0000,-41,0,7.2346,-2.9006,-43.7766,4.6074,145.6254,0.000,0.000,0.546,0.0000,0.0000,0
2026-05-06,13:00:06,43,2,-0.3280,-0.0737,0.0698,2.0519,1.0248,0,1.0000,-41,1,7.1101,-3.6545,-43.8591,2.2174,147.3951,0.000,0.000,0.544,0.0000,0.0000,0
2026-05-06,13:00:06,44,2,-0.3280,-0.1778,0.0617,1.8159,1.0258,0,1.0000,-41,1,6.7784,-7.0347,-44.0738,-0.3975,149.1784,0.000,0.000,0.542,0.0000,0.0000,0
2026-05-06,13:00:06,45,2,-0.3280,-0.2246,0.0448,1.3191,1.0274,0,1.0000,-41,1,6.8731,-0.6927,-44.2126,-1.6351,150.8710,0.000,0.000,0.539,0.0000,0.0000,0
2026-05-06,13:00:06,45,2,-7.2480,-0.5579,0.0192,0.5649,1.0307,0,1.0000,-906,1,6.6545,-5.0430,-44.3788,-2.5248,152.8766,0.000,0.000,0.536,0.0000,0.0000,0
2026-05-06,13:00:06,46,2,-7.2480,-0.3792,0.0468,1.3779,1.0337,0,1.0000,-906,1,6.8415,1.7333,-44.4767,-2.6547,154.3519,0.000,0.000,0.534,0.0000,0.0000,0
2026-05-06,13:00:06,46,2,-7.2720,-0.5013,0.0454,1.3345,1.0376,0,1.0000,-909,1,6.7031,-3.6153,-44.5980,-2.7497,156.1011,0.000,0.000,0.530,0.0000,0.0000,0
2026-05-06,13:00:06,47,2,-7.2720,-0.6766,0.0375,1.1036,1.0416,0,1.0000,-909,1,6.6200,-2.3252,-44.6578,-2.4474,157.3652,0.000,0.000,0.528,0.0000,0.0000,0
2026-05-06,13:00:06,48,2,-7.1680,-0.7066,0.0375,1.1030,1.0466,0,1.0000,-896,1,6.8154,2.1559,-44.7113,-2.1800,158.5687,0.000,0.000,0.526,0.0000,0.0000,0
2026-05-06,13:00:06,49,2,-7.1120,-0.5708,0.0508,1.4931,1.0506,0,1.0000,-889,1,6.7784,-0.1223,-44.7229,-1.5829,159.6358,0.000,0.000,0.523,0.0000,0.0000,0
2026-05-06,13:00:06,50,2,-7.0720,-0.7475,0.0672,1.9764,1.0557,0,1.0000,-884,1,6.6334,-1.8757,-44.7584,-1.4277,160.6930,0.000,0.000,0.521,0.0000,0.0000,0
2026-05-06,13:00:06,51,2,-7.0720,-0.8043,0.0500,1.4715,1.0610,0,1.0000,-884,1,6.8071,1.7642,-44.7901,-1.2777,161.7117,0.000,0.000,0.518,0.0000,0.0000,0
2026-05-06,13:00:06,52,2,-6.9440,-1.0716,0.0531,1.5620,1.0680,0,1.0000,-868,1,6.6045,-2.8221,-44.8060,-1.0207,162.5935,0.000,0.000,0.516,0.0000,0.0000,0
2026-05-06,13:00:06,52,2,-6.7920,-1.0869,0.0367,1.0805,1.0762,0,1.0000,-849,1,6.6405,-0.0883,-44.8346,-0.9635,163.4733,0.000,0.000,0.514,0.0000,0.0000,0
2026-05-06,13:00:06,53,2,-6.7520,-1.0852,0.0559,1.6429,1.0869,0,1.0000,-844,1,6.8912,3.1809,-44.8319,-0.4462,164.6081,0.000,0.000,0.510,0.0000,0.0000,0
2026-05-06,13:00:06,53,2,-6.7520,-1.2968,0.0510,1.4993,1.0957,0,1.0000,-844,1,6.7393,-1.4665,-44.7839,0.1123,165.3161,0.000,0.000,0.508,0.0000,0.0000,0
2026-05-06,13:00:06,54,2,-6.7520,-1.3125,0.0374,1.0992,1.1055,0,1.0000,-844,1,6.8793,2.5761,-44.7754,0.1657,158.8742,0.000,0.000,0.506,0.0000,0.0000,0
2026-05-06,13:00:06,55,2,-6.7520,-1.1121,0.0616,1.8118,1.1146,0,1.0000,-844,1,7.1593,5.4721,-44.6969,0.8426,159.9038,0.000,0.000,0.503,0.0000,0.0000,0
2026-05-06,13:00:06,56,2,-6.7120,-1.3411,0.0508,1.4946,1.1249,0,1.0000,-839,1,6.7701,-4.6191,-44.6760,0.6868,154.0211,0.000,0.000,0.500,0.0000,0.0000,0
2026-05-06,13:00:06,56,2,-6.7120,-1.1090,0.0661,1.9441,1.1336,0,1.0000,-839,1,7.0643,3.4428,-44.7374,-0.1032,134.3251,0.000,0.000,0.498,0.0000,0.0000,0
2026-05-06,13:00:06,57,2,-5.6400,-1.4071,0.0536,1.5767,1.1446,0,1.0000,-705,1,6.7296,-6.4354,-44.6625,0.6744,137.5528,0.000,0.000,0.494,0.0000,0.0000,0
2026-05-06,13:00:06,57,2,-5.6400,-1.4155,0.0432,1.2693,1.1543,0,1.0000,-705,1,6.7750,-1.3084,-44.6501,0.5658,139.8836,0.000,0.000,0.492,0.0000,0.0000,0
2026-05-06,13:00:06,58,2,-5.6400,-1.3010,0.0619,1.8193,1.1638,0,1.0000,-705,1,7.0747,4.5410,-44.6444,0.4641,142.1074,0.000,0.000,0.490,0.0000,0.0000,0
2026-05-06,13:00:06,59,2,-5.6480,-1.4459,0.0552,1.6244,1.1729,0,1.0000,-706,1,6.8093,-3.5609,-44.5560,1.1798,144.0353,0.000,0.000,0.487,0.0000,0.0000,0
2026-05-06,13:00:06,60,2,-5.6480,-1.6193,0.0534,1.5706,1.1869,0,1.0000,-706,1,6.8679,1.1280,-44.5537,0.7273,132.4276,0.000,0.000,0.484,0.0000,0.0000,0
2026-05-06,13:00:06,61,2,-5.6480,-1.4508,0.0516,1.5176,1.1982,0,1.0000,-706,1,6.9574,1.1782,-44.4724,1.2460,135.0398,0.000,0.000,0.482,0.0000,0.0000,0
2026-05-06,13:00:06,62,2,-5.6400,-1.5898,0.0547,1.6091,1.2124,0,1.0000,-705,1,6.6563,-3.7894,-44.3924,1.4873,138.2730,0.000,0.000,0.478,0.0000,0.0000,0
2026-05-06,13:00:06,91,2,-5.6400,-1.8132,0.0624,1.8343,1.2254,0,1.0000,-705,1,6.7812,0.7095,-44.3303,1.5892,133.5768,0.000,0.000,0.476,0.0000,0.0000,0
2026-05-06,13:00:06,92,2,-5.6400,-1.6920,0.0804,2.3646,1.2388,0,1.0000,-705,1,6.7947,0.5537,-44.2884,1.4784,136.0901,0.000,0.000,0.474,0.0000,0.0000,0
2026-05-06,13:00:06,93,2,-5.6400,-1.7162,0.0723,2.1263,1.2498,0,1.0000,-705,1,6.8457,0.6026,-44.2893,0.9996,138.4766,0.000,0.000,0.471,0.0000,0.0000,0
2026-05-06,13:00:06,94,2,-5.6400,-1.7811,0.0706,2.0769,1.2623,0,1.0000,-705,1,6.6680,-2.2941,-44.3689,-0.0744,133.6235,0.000,0.000,0.469,0.0000,0.0000,0
2026-05-06,13:00:06,95,2,-5.6400,-1.8887,0.0665,1.9569,1.2759,0,1.0000,-705,1,6.5621,-2.5466,-44.3945,-0.2938,136.2029,0.000,0.000,0.466,0.0000,0.0000,0
2026-05-06,13:00:06,95,2,-5.6800,-1.9792,0.0567,1.6685,1.2944,0,1.0000,-710,1,6.4136,-2.7900,-44.4068,-0.3280,139.3103,0.000,0.000,0.463,0.0000,0.0000,0
2026-05-06,13:00:06,96,2,-5.6800,-1.7085,0.0664,1.9523,1.3067,0,1.0000,-710,1,6.5471,0.3586,-44.4260,-0.4145,141.5717,0.000,0.000,0.461,0.0000,0.0000,0
2026-05-06,13:00:06,96,2,-5.6800,-1.8184,0.0554,1.6292,1.3196,0,1.0000,-710,1,6.1627,-6.1365,-44.4399,-0.4042,143.6256,0.000,0.000,0.458,0.0000,0.0000,0
2026-05-06,13:00:06,97,2,-5.5360,-1.7409,0.0519,1.5265,1.3364,0,1.0000,-692,1,6.3125,0.6528,-44.4436,-0.2824,146.2293,0.000,0.000,0.455,0.0000,0.0000,0
2026-05-06,13:00:06,99,2,-5.5360,-1.6168,0.0640,1.8813,1.3492,0,1.0000,-692,1,6.1735,-2.2264,-44.4346,-0.0989,148.0647,0.000,0.000,0.453,0.0000,0.0000,0
2026-05-06,13:00:06,100,2,-5.4240,-1.7721,0.0533,1.5690,1.3661,0,1.0000,-678,1,6.0296,-1.5265,-44.4209,0.0957,150.2858,0.000,0.000,0.450,0.0000,0.0000,0
2026-05-06,13:00:06,101,2,-5.4240,-1.7940,0.0740,2.1771,1.3785,0,1.0000,-678,1,6.0931,0.7087,-44.3658,0.5943,151.8837,0.000,0.000,0.447,0.0000,0.0000,0
2026-05-06,13:00:06,101,2,-4.4880,-2.1125,0.0625,1.8385,1.7539,0,1.0000,-561,1,5.7669,0.7065,-42.4678,-2.3722,154.6419,0.000,0.000,0.381,0.0000,0.0000,0
2026-05-06,13:00:06,102,2,-4.4880,-1.8708,0.0692,2.0349,1.7706,0,1.0000,-561,1,5.6540,-8.8921,-42.3421,-0.1616,156.7955,0.000,0.000,0.378,0.0000,0.0000,0
2026-05-06,13:00:06,107,2,-4.4880,-2.0507,0.0686,2.0162,1.7862,0,1.0000,-561,1,5.2877,-11.5258,-42.3184,0.1378,158.4158,0.016,0.000,0.376,0.0000,0.0000,0
2026-05-06,13:00:06,143,2,-4.4720,-1.7518,0.0959,2.8211,1.8016,0,1.0000,-559,1,6.5471,43.5713,-42.2407,1.7768,154.2963,0.000,0.000,0.373,0.0000,0.0000,0
2026-05-06,13:00:06,179,2,-4.4720,-1.6324,0.0848,2.4947,1.8130,0,1.0000,-559,1,6.3484,-22.1910,-41.9902,5.6438,157.9593,0.000,0.000,0.370,0.0000,0.0000,0
2026-05-06,13:00:06,216,2,-4.4320,-1.7666,0.0767,2.2564,1.8264,0,1.0000,-554,1,5.0981,-24.4282,-41.7083,6.3019,160.8997,0.032,0.000,0.366,0.0000,0.0000,0
2026-05-06,13:00:06,251,2,-4.4080,-1.9415,0.0702,2.0636,1.8415,0,1.0000,-551,1,5.9571,23.5222,-41.8015,-0.4788,144.2005,0.048,0.000,0.363,0.0000,0.0000,0
2026-05-06,13:00:06,287,2,-4.3920,-2.0320,0.0574,1.6895,1.8573,0,1.0000,-549,1,5.7154,-6.0921,-41.8642,-1.8053,149.1716,0.016,0.000,0.360,0.0000,0.0000,0
2026-05-06,13:00:06,324,2,-4.3440,-1.8804,0.0620,1.8234,1.8722,0,1.0000,-543,1,5.5031,-5.5127,-42.0251,-4.6924,153.4968,0.000,0.000,0.357,0.0000,0.0000,0
2026-05-06,13:00:06,359,2,-4.3040,-2.0321,0.0574,1.6891,1.8880,0,1.0000,-538,1,5.4828,1.3650,-42.2317,-5.6495,131.5383,0.000,0.000,0.354,0.0000,0.0000,0
2026-05-06,13:00:06,395,2,-4.2880,-1.7885,0.0554,1.6304,1.9032,0,1.0000,-536,1,5.5139,4.0889,-42.3349,-4.6691,138.4057,0.000,0.000,0.350,0.0000,0.0000,0
2026-05-06,13:00:06,430,2,-4.2880,-1.7889,0.0701,2.0615,1.9178,0,1.0000,-536,1,5.8577,1.9601,-42.4453,-4.2437,137.9551,0.000,0.000,0.347,0.0000,0.0000,0
2026-05-06,13:00:06,465,2,-4.2880,-2.0440,0.0700,2.0586,1.9330,0,1.0000,-536,1,5.1869,-16.1325,-42.4215,-0.7894,143.9543,0.032,0.000,0.344,0.0000,0.0000,0
2026-05-06,13:00:06,501,2,-4.2880,-2.4063,0.0781,2.2961,1.9510,0,1.0000,-536,1,5.8505,20.3460,-42.2304,3.1809,142.1985,0.048,0.000,0.341,0.0000,0.0000,0
2026-05-06,13:00:06,539,2,-4.2880,-2.5099,0.0648,1.9050,1.9712,0,1.0000,-536,1,5.4203,-12.5632,-42.2030,1.7135,144.9094,0.024,0.000,0.338,0.0000,0.0000,0
2026-05-06,13:00:06,574,2,-4.2880,-2.3325,0.0862,2.5362,1.9883,0,1.0000,-536,1,5.9873,21.7680,-42.2266,0.1085,149.8898,0.000,0.000,0.335,0.0000,0.0000,0
2026-05-06,13:00:06,610,2,-4.2800,-2.1615,0.0607,1.7853,2.0056,0,1.0000,-535,1,5.7195,-18.4792,-42.1636,0.9120,154.1290,0.000,0.000,0.332,0.0000,0.0000,0
2026-05-06,13:00:06,646,2,-4.2880,-1.3368,0.0983,2.8920,2.0204,0,1.0000,-536,1,6.3377,42.8756,-42.1926,-0.5548,130.2277,0.000,0.000,0.329,0.0000,0.0000,0
2026-05-06,13:00:06,682,2,-4.2800,-1.7037,0.1299,3.8211,2.0330,0,1.0000,-535,1,6.2914,-17.8049,-42.0048,3.3229,137.2995,0.000,0.000,0.334,0.0000,0.0000,0
2026-05-06,13:00:06,718,2,-4.2800,-1.8282,0.1175,3.4558,2.0457,0,1.0000,-535,1,4.8868,-37.1175,-41.8141,3.7579,143.3038,0.032,0.000,0.358,0.0000,0.0000,0
2026-05-06,13:00:06,754,2,-4.2800,-2.0302,0.1144,3.3643,2.0604,0,1.0000,-535,1,5.4762,20.6534,-41.8692,0.6424,107.7664,0.072,0.000,0.372,0.0000,0.0000,0
2026-05-06,13:00:07,789,2,-4.2880,-2.1977,0.0901,2.6497,2.0760,0,1.0000,-536,1,5.3005,-22.3433,-41.7483,2.3725,111.8750,0.040,0.000,0.404,0.0000,0.0000,0
2026-05-06,13:00:07,825,2,-4.2800,-2.4431,0.0805,2.3680,2.0938,0,1.0000,-535,1,4.7749,-2.0142,-41.7302,0.1592,121.6384,0.104,0.000,0.401,0.0000,0.0000,0
2026-05-06,13:00:07,861,2,-4.2800,-2.1788,0.0822,2.4190,2.1118,0,1.0000,-535,1,5.7540,28.5187,-41.9034,-3.1857,83.9310,0.096,0.000,0.433,0.0000,0.0000,0
2026-05-06,13:00:07,897,2,-4.2800,-2.1844,0.0737,2.1674,2.1284,0,1.0000,-535,1,5.4233,-20.4388,-41.8092,0.8149,97.7971,0.064,0.000,0.465,0.0000,0.0000,0
2026-05-06,13:00:07,933,2,-4.2880,-2.2911,0.0787,2.3151,2.1467,0,1.0000,-536,1,5.2164,7.8519,-41.7852,-0.8897,102.5659,0.056,0.000,0.479,0.0000,0.0000,0
2026-05-06,13:00:07,969,2,-4.2800,-2.5196,0.0778,2.2892,2.1657,0,1.0000,-535,1,5.5628,-4.1269,-41.7867,0.3788,81.5864,0.024,0.000,0.476,0.0000,0.0000,0
2026-05-06,13:00:07,1004,2,-4.2880,-2.5904,0.0996,2.9283,2.1854,0,1.0000,-536,1,5.1309,2.2059,-41.3617,7.7504,95.8481,0.000,0.000,0.473,0.0000,0.0000,0
2026-05-06,13:00:07,1040,2,-4.2880,-2.4991,0.1235,3.6327,2.2036,0,1.0000,-536,1,6.0385,16.2458,-41.1369,6.1809,88.3665,0.000,0.000,0.478,0.0000,0.0000,0
2026-05-06,13:00:07,1076,2,-4.2880,-2.4216,0.1095,3.2216,2.2226,0,1.0000,-536,1,5.3107,-24.6721,-40.9034,7.0082,95.4896,0.000,0.000,0.510,0.0000,0.0000,0
2026-05-06,13:00:07,1111,2,-4.2880,-2.8172,0.1229,3.6142,2.2431,0,1.0000,-536,1,4.8781,-9.9752,-40.7244,5.2925,93.8194,0.064,0.000,0.516,0.0000,0.0000,0
2026-05-06,13:00:07,1147,2,-4.2800,-2.9576,0.1059,3.1152,2.2655,0,1.0000,-535,1,5.5860,7.9820,-40.5547,5.5812,80.8015,0.056,0.000,0.548,0.0000,0.0000,0
2026-05-06,13:00:07,1183,2,-4.2880,-2.9499,0.0757,2.2275,2.2881,0,1.0000,-536,1,4.9632,-16.9634,-40.2484,7.8641,95.1830,0.048,0.000,0.571,0.0000,0.0000,0
2026-05-06,13:00:07,1218,2,-4.2800,-2.6708,0.0978,2.8770,2.3075,0,1.0000,-535,1,6.2351,29.4771,-40.1207,4.6049,87.0091,0.016,0.000,0.603,0.0000,0.0000,0
2026-05-06,13:00:07,1254,2,-4.2880,-2.7506,0.0854,2.5104,2.3282,0,1.0000,-536,1,5.2030,-34.3165,-40.3422,-3.8033,100.5567,0.000,0.000,0.635,0.0000,0.0000,0
2026-05-06,13:00:07,1289,2,-4.2880,-3.0012,0.0791,2.3279,2.3503,0,1.0000,-536,1,5.2895,14.5641,-40.7219,-9.8216,112.0621,0.064,0.000,0.641,0.0000,0.0000,0
2026-05-06,13:00:07,1325,2,-4.2880,-2.7610,0.0745,2.1912,2.3732,0,1.0000,-536,1,6.0825,11.2844,-41.1349,-11.4583,101.7090,0.032,0.000,0.673,0.0000,0.0000,0
2026-05-06,13:00:07,1361,2,-4.2880,-2.2025,0.0921,2.7084,2.3921,0,1.0000,-536,1,5.8820,8.3426,-41.3231,-7.7826,113.0823,0.000,0.000,0.696,0.0000,0.0000,0
2026-05-06,13:00:07,1397,2,-4.2880,-2.6146,0.1112,3.2699,2.4113,0,1.0000,-536,1,6.1783,-0.5950,-41.2102,-0.6944,109.7440,0.000,0.000,0.702,0.0000,0.0000,0
2026-05-06,13:00:07,1433,2,-4.2880,-2.6758,0.1058,3.1110,2.4321,0,1.0000,-536,1,5.0044,-38.0997,-41.1327,0.9588,113.3700,0.032,0.000,0.716,0.0000,0.0000,0
2026-05-06,13:00:07,1470,2,-4.2880,-2.7806,0.0873,2.5680,2.4530,0,1.0000,-536,1,5.0940,-14.5423,-40.9938,1.8168,117.1539,0.080,0.000,0.714,0.0000,0.0000,0
2026-05-06,13:00:07,1505,2,-4.2880,-2.8231,0.0750,2.2061,2.4750,0,1.0000,-536,1,5.3034,2.9391,-40.8793,3.3255,126.2773,0.144,0.000,0.710,0.0000,0.0000,0
2026-05-06,13:00:07,1541,2,-4.2800,-2.3521,0.1044,3.0711,2.4925,0,1.0000,-535,1,6.0449,6.6481,-40.5264,8.1257,121.2523,0.112,0.000,0.707,0.0000,0.0000,0
2026-05-06,13:00:07,1576,2,-4.2800,-2.3881,0.0912,2.6834,2.5099,0,1.0000,-535,1,4.7653,-39.0835,-40.3091,5.8170,129.6927,0.128,0.000,0.704,0.0000,0.0000,0
2026-05-06,13:00:07,1611,2,-4.2880,-2.5426,0.0752,2.2130,2.5293,0,1.0000,-536,1,5.1641,18.1849,-40.3543,1.2259,130.5357,0.192,0.000,0.701,0.0000,0.0000,0
2026-05-06,13:00:07,1647,2,-4.2880,-2.6294,0.0632,1.8575,2.5490,0,1.0000,-536,1,5.3203,-2.9508,-40.2782,2.0491,137.6288,0.160,0.000,0.698,0.0000,0.0000,0
2026-05-06,13:00:07,1682,2,-4.2880,-2.3751,0.0909,2.6744,2.5658,0,1.0000,-536,1,5.2591,-5.5003,-40.2279,1.1282,143.6796,0.128,0.000,0.694,0.0000,0.0000,0
2026-05-06,13:00:07,1718,2,-4.2880,-2.5275,0.0861,2.5331,2.5841,0,1.0000,-536,1,4.9634,-4.8318,-40.3282,-1.7198,148.8995,0.096,0.000,0.691,0.0000,0.0000,0
2026-05-06,13:00:07,1754,2,-4.2880,-2.5601,0.0677,1.9918,2.6037,0,1.0000,-536,1,5.1502,3.5220,-40.2852,0.3343,140.5080,0.064,0.000,0.688,0.0000,0.0000,0
2026-05-06,13:00:08,1790,2,-4.2800,-2.1094,0.0802,2.3588,2.6217,0,1.0000,-535,1,5.9532,25.5058,-40.2098,1.3286,138.9889,0.032,0.000,0.685,0.0000,0.0000,0
2026-05-06,13:00:08,1827,2,-4.2800,-2.4030,0.0929,2.7313,2.6397,0,1.0000,-535,1,5.0300,-35.7213,-40.1138,1.9307,144.7578,0.000,0.000,0.682,0.0000,0.0000,0
2026-05-06,13:00:08,1863,2,-4.2800,-2.7722,0.0989,2.9092,2.6595,0,1.0000,-535,1,4.7430,-5.2742,-40.1301,0.1764,149.7020,0.064,0.000,0.678,0.0000,0.0000,0
2026-05-06,13:00:08,1899,2,-4.2880,-2.6120,0.0659,1.9373,2.6800,0,1.0000,-536,1,5.0924,5.4736,-40.1011,0.7199,154.0456,0.080,0.000,0.675,0.0000,0.0000,0
2026-05-06,13:00:08,1935,2,-4.2800,-1.9524,0.0943,2.7736,2.6980,0,1.0000,-535,1,5.9132,35.2042,-40.1289,-0.4431,143.8015,0.048,0.000,0.672,0.0000,0.0000,0
2026-05-06,13:00:08,1971,2,-4.2800,-2.2578,0.1114,3.2762,2.7152,0,1.0000,-535,1,5.3060,-30.1729,-40.0792,-0.1595,148.8504,0.016,0.000,0.669,0.0000,0.0000,0
2026-05-06,13:00:08,2006,2,-4.2800,-2.5521,0.1211,3.5615,2.7329,0,1.0000,-535,1,4.4745,-16.1911,-40.2842,-4.7969,146.0352,0.056,0.000,0.666,0.0000,0.0000,0
2026-05-06,13:00:08,2042,2,-4.2800,-2.6159,0.1019,2.9961,2.7527,0,1.0000,-535,1,5.0292,8.5218,-40.4618,-5.0250,125.2365,0.072,0.000,0.662,0.0000,0.0000,0
2026-05-06,13:00:08,2078,2,-4.2800,-2.6143,0.0629,1.8505,2.7728,0,1.0000,-535,1,4.5483,-15.5012,-40.4243,-0.9186,132.9900,0.064,0.000,0.659,0.0000,0.0000,0
2026-05-06,13:00:08,2114,2,-4.2880,-2.2527,0.0975,2.8679,2.7915,0,1.0000,-536,1,5.8538,42.2835,-40.2825,2.7150,112.5602,0.056,0.000,0.656,0.0000,0.0000,0
2026-05-06,13:00:08,2149,2,-4.2800,-2.4903,0.0926,2.7248,2.8090,0,1.0000,-535,1,5.0709,-32.5832,-40.0151,5.8829,122.1787,0.024,0.000,0.653,0.0000,0.0000,0
2026-05-06,13:00:08,2185,2,-4.2800,-2.6972,0.0881,2.5919,2.8290,0,1.0000,-535,1,4.7533,6.2712,-39.9081,4.1934,130.5724,0.064,0.000,0.650,0.0000,0.0000,0
2026-05-06,13:00:08,2221,2,-4.2800,-2.9017,0.0871,2.5608,2.8515,0,1.0000,-535,1,5.5579,6.2420,-39.7727,4.3585,118.2281,0.032,0.000,0.646,0.0000,0.0000,0
2026-05-06,13:00:08,2256,2,-4.2800,-3.0088,0.1192,3.5072,2.8741,0,1.0000,-535,1,4.7619,-14.2417,-39.5998,4.8272,127.1208,0.000,0.000,0.643,0.0000,0.0000,0
2026-05-06,13:00:08,2292,2,-4.2880,-2.7877,0.1181,3.4736,2.8952,0,1.0000,-536,1,5.5227,13.4014,-39.4700,4.6265,113.6799,0.000,0.000,0.640,0.0000,0.0000,0
2026-05-06,13:00:08,2328,2,-4.2800,-2.9605,0.1151,3.3860,2.9175,0,1.0000,-535,1,4.5757,-28.4418,-39.2129,6.8021,123.1771,0.016,0.000,0.654,0.0000,0.0000,0
2026-05-06,13:00:08,2364,2,-4.2800,-3.1701,0.1086,3.1935,2.9415,0,1.0000,-535,1,4.6918,10.5115,-39.0359,5.4700,124.4205,0.056,0.000,0.651,0.0000,0.0000,0
2026-05-06,13:00:08,2401,2,-4.2800,-3.3535,0.0904,2.6603,2.9666,0,1.0000,-535,1,4.7514,4.9801,-39.0385,3.6684,113.6025,0.032,0.000,0.649,0.0000,0.0000,0
2026-05-06,13:00:08,2436,2,-4.2880,-2.7567,0.1043,3.0674,2.9904,0,1.0000,-536,1,5.2907,34.3165,-39.0734,0.6413,123.2251,0.000,0.000,0.654,0.0000,0.0000,0
2026-05-06,13:00:08,2472,2,-4.2880,-3.0492,0.1197,3.5218,3.0135,0,1.0000,-536,1,5.4180,-2.2987,-39.0844,0.2474,124.2689,0.000,0.000,0.686,0.0000,0.0000,0
2026-05-06,13:00:08,2508,2,-4.2880,-3.2552,0.1201,3.5317,3.0382,0,1.0000,-536,1,4.4666,-23.8297,-39.1053,-0.8409,132.2755,0.032,0.000,0.683,0.0000,0.0000,0
2026-05-06,13:00:08,2543,2,-4.2880,-3.4574,0.1257,3.6976,3.0642,0,1.0000,-536,1,4.9782,12.2715,-39.3036,-4.2238,119.3100,0.048,0.000,0.680,0.0000,0.0000,0
2026-05-06,13:00:08,2579,2,-4.2800,-3.7706,0.1180,3.4693,3.0920,0,1.0000,-535,1,4.6263,-11.3479,-39.4945,-5.5821,128.0448,0.016,0.000,0.677,0.0000,0.0000,0
2026-05-06,13:00:08,2615,2,-4.2800,-3.9949,0.1037,3.0514,3.1219,0,1.0000,-535,1,4.4719,0.4746,-39.5503,-2.7706,128.5369,0.056,0.000,0.674,0.0000,0.0000,0
2026-05-06,13:00:08,2650,2,-4.2880,-3.8192,0.1018,2.9931,3.1509,0,1.0000,-536,1,4.8526,7.5896,-39.5767,-1.6304,122.7941,0.024,0.000,0.670,0.0000,0.0000,0
2026-05-06,13:00:08,2686,2,-4.2800,-3.8231,0.1132,3.3293,3.1796,0,1.0000,-535,1,5.0165,4.7385,-39.7119,-3.9504,130.9844,0.000,0.000,0.667,0.0000,0.0000,0
2026-05-06,13:00:08,2721,2,-4.2880,-3.6714,0.1316,3.8698,3.2059,0,1.0000,-536,1,5.0833,-0.8548,-40.1708,-11.0945,138.1071,0.000,0.000,0.664,0.0000,0.0000,0
2026-05-06,13:00:09,2757,2,-4.2880,-3.8050,0.1406,4.1357,3.2346,0,1.0000,-536,1,4.6272,-13.8007,-40.5636,-11.2569,129.9962,0.000,0.000,0.661,0.0000,0.0000,0
2026-05-06,13:00:09,2793,2,-4.2800,-3.9509,0.1330,3.9118,3.2647,0,1.0000,-535,1,4.5832,-1.5338,-40.7160,-6.7569,130.1641,0.048,0.000,0.658,0.0000,0.0000,0
2026-05-06,13:00:09,2828,2,-4.2800,-4.0603,0.1166,3.4281,3.2956,0,1.0000,-535,1,4.1672,-13.9379,-40.7794,-3.1560,137.3377,0.088,0.000,0.654,0.0000,0.0000,0
2026-05-06,13:00:09,2864,2,-4.2800,-4.1961,0.1152,3.3888,3.3284,0,1.0000,-535,1,4.2847,8.2982,-40.7468,-0.3375,137.0932,0.128,0.000,0.651,0.0000,0.0000,0
2026-05-06,13:00:09,2900,2,-4.2800,-4.1914,0.1037,3.0509,3.3606,0,1.0000,-535,1,4.5394,3.7609,-40.7502,-0.6438,123.6442,0.096,0.000,0.648,0.0000,0.0000,0
2026-05-06,13:00:09,2936,2,-4.2800,-4.1095,0.1350,3.9718,3.3921,0,1.0000,-535,1,4.8996,7.9364,-40.8824,-3.2017,131.7888,0.064,0.000,0.645,0.0000,0.0000,0
2026-05-06,13:00:09,2973,2,-4.2800,-4.2306,0.1295,3.8087,3.4248,0,1.0000,-535,1,4.2513,-18.7842,-41.0241,-4.0122,132.3174,0.032,0.000,0.642,0.0000,0.0000,0
2026-05-06,13:00:09,3008,2,-4.2800,-4.2238,0.1150,3.3823,3.4567,0,1.0000,-535,1,4.4236,9.1740,-41.0280,-0.8072,125.5017,0.048,0.000,0.638,0.0000,0.0000,0
2026-05-06,13:00:09,3043,2,-4.2800,-4.3213,0.1271,3.7383,3.4887,0,1.0000,-535,1,4.9776,3.4015,-40.8197,4.0933,126.6209,0.016,0.000,0.635,0.0000,0.0000,0
2026-05-06,13:00:09,3079,2,-4.2800,-4.3267,0.1272,3.7421,3.5214,0,1.0000,-535,1,4.1781,-8.4865,-40.6391,5.0103,127.1677,0.016,0.000,0.632,0.0000,0.0000,0
2026-05-06,13:00:09,3115,2,-4.2800,-4.2174,0.1299,3.8193,3.5543,0,1.0000,-535,1,4.9213,17.9898,-40.4326,6.4105,102.3592,0.000,0.000,0.629,0.0000,0.0000,0
2026-05-06,13:00:09,3151,2,-4.2880,-4.1596,0.1248,3.6714,3.5867,0,1.0000,-536,1,3.9385,-29.9494,-40.3196,4.0095,113.6403,0.016,0.000,0.626,0.0000,0.0000,0
2026-05-06,13:00:09,3187,2,-4.2800,-4.2735,0.1189,3.4973,3.6198,0,1.0000,-535,1,4.4016,20.0578,-40.4702,-1.7487,102.3487,0.056,0.000,0.622,0.0000,0.0000,0
2026-05-06,13:00:09,3223,2,-4.2880,-4.1582,0.1095,3.2196,3.6518,0,1.0000,-536,1,4.7367,6.8386,-40.4136,0.9441,94.5965,0.024,0.000,0.619,0.0000,0.0000,0
2026-05-06,13:00:09,3259,2,-4.2800,-3.7872,0.1059,3.1137,3.6830,0,1.0000,-535,1,4.5939,1.2677,-40.3441,1.8836,106.9304,0.000,0.000,0.616,0.0000,0.0000,0
2026-05-06,13:00:09,3295,2,-4.2800,-3.8849,0.1338,3.9342,3.7136,0,1.0000,-535,1,5.1684,6.2820,-40.2590,2.6040,97.4596,0.000,0.000,0.613,0.0000,0.0000,0
2026-05-06,13:00:09,3333,2,-4.2880,-4.2636,0.1609,4.7326,3.7450,0,1.0000,-536,1,5.2513,0.4480,-40.1180,3.5281,103.5740,0.000,0.000,0.610,0.0000,0.0000,0
2026-05-06,13:00:09,3368,2,-4.2800,-4.2579,0.1551,4.5616,3.7785,0,1.0000,-535,1,4.8540,-10.2332,-39.9692,3.9827,114.6570,0.000,0.000,0.607,0.0000,0.0000,0
2026-05-06,13:00:09,3404,2,-4.2880,-4.3061,0.1662,4.8887,3.8116,0,1.0000,-536,1,4.7508,-1.5021,-40.0726,-0.5722,96.9986,0.000,0.000,0.604,0.0000,0.0000,0
2026-05-06,13:00:09,3440,2,-4.2800,-4.2667,0.1754,5.1576,3.8451,0,1.0000,-535,1,4.9855,1.2026,-40.0462,0.4272,102.8465,0.000,0.000,0.601,0.0000,0.0000,0
2026-05-06,13:00:09,3476,2,-4.2800,-4.3338,0.1714,5.0406,3.8782,0,1.0000,-535,1,4.9133,-5.8554,-40.1353,-1.8184,106.8998,0.000,0.000,0.624,0.0000,0.0000,0
2026-05-06,13:00:09,3511,2,-4.2880,-4.3947,0.1699,4.9957,3.9102,0,1.0000,-536,1,4.7081,-1.6123,-40.2351,-2.3976,97.5841,0.000,0.000,0.621,0.0000,0.0000,0
2026-05-06,13:00:09,3547,2,-4.2800,-4.2031,0.1605,4.7199,3.9424,0,1.0000,-535,1,4.8544,7.0148,-40.1721,0.5548,109.6171,0.000,0.000,0.618,0.0000,0.0000,0
2026-05-06,13:00:09,3583,2,-4.2800,-4.2514,0.1575,4.6331,3.9755,0,1.0000,-535,1,4.5527,-11.5497,-40.1358,0.8898,112.6221,0.000,0.000,0.614,0.0000,0.0000,0
2026-05-06,13:00:09,3618,2,-4.2800,-4.2685,0.1434,4.2165,4.0072,0,1.0000,-535,1,4.4127,-6.7990,-40.1217,0.7116,109.5033,0.000,0.000,0.611,0.0000,0.0000,0
2026-05-06,13:00:09,3654,2,-4.2800,-4.2526,0.1398,4.1108,4.0395,0,1.0000,-535,1,4.7111,8.8850,-40.1070,0.2812,113.3908,0.000,0.000,0.608,0.0000,0.0000,0
2026-05-06,13:00:09,3690,2,-4.2800,-4.2127,0.1333,3.9192,4.0721,0,1.0000,-535,1,4.6995,0.4649,-40.3062,-4.5449,123.0136,0.000,0.000,0.605,0.0000,0.0000,0
2026-05-06,13:00:09,3726,2,-4.2800,-4.2926,0.1412,4.1532,4.1052,0,1.0000,-535,1,4.4068,-12.7362,-40.6888,-9.3491,124.0012,0.000,0.000,0.602,0.0000,0.0000,0
2026-05-06,13:00:10,3762,2,-4.2800,-4.3681,0.1464,4.3066,4.1386,0,1.0000,-535,1,4.7454,17.0610,-40.9393,-7.6261,132.0543,0.000,0.000,0.598,0.0000,0.0000,0
2026-05-06,13:00:10,3797,2,-4.2800,-4.4230,0.1724,5.0705,4.1716,0,1.0000,-535,1,4.8403,-5.7227,-41.0093,-4.0663,132.5379,0.000,0.000,0.595,0.0000,0.0000,0
2026-05-06,13:00:10,3833,2,-4.2800,-4.4091,0.1766,5.1929,4.2054,0,1.0000,-535,1,4.4868,-5.3380,-41.0967,-2.7608,139.3383,0.000,0.000,0.592,0.0000,0.0000,0
2026-05-06,13:00:10,3869,2,-4.2800,-4.2902,0.1819,5.3504,4.2382,0,1.0000,-535,1,4.9689,10.3306,-41.1197,-1.1760,138.2643,0.000,0.000,0.589,0.0000,0.0000,0
2026-05-06,13:00:10,3904,2,-4.2800,-4.2095,0.1811,5.3270,4.2709,0,1.0000,-535,1,4.3704,-21.4110,-41.1521,-1.1480,137.6920,0.000,0.000,0.586,0.0000,0.0000,0
2026-05-06,13:00:10,3940,2,-4.2800,-4.2532,0.1851,5.4438,4.3038,0,1.0000,-535,1,4.5590,14.0177,-41.3483,-4.2395,130.5264,0.040,0.000,0.582,0.0000,0.0000,0
2026-05-06,13:00:10,3976,2,-4.2800,-4.2395,0.1692,4.9757,4.3357,0,1.0000,-535,1,4.4681,-4.9023,-41.3223,-0.4516,131.3784,0.008,0.000,0.579,0.0000,0.0000,0
2026-05-06,13:00:10,4012,2,-4.2800,-4.2603,0.1619,4.7609,4.3685,0,1.0000,-535,1,4.3906,0.1402,-41.2702,0.6525,138.4086,0.000,0.000,0.576,0.0000,0.0000,0
2026-05-06,13:00:10,4048,2,-4.2800,-4.1004,0.1461,4.2964,4.4008,0,1.0000,-535,1,4.2542,-7.7940,-41.4782,-4.1799,137.5060,0.000,0.000,0.573,0.0000,0.0000,0
2026-05-06,13:00:10,4084,2,-4.2800,-4.2143,0.1354,3.9837,4.4323,0,1.0000,-535,1,4.4027,3.0809,-41.6682,-5.3709,143.5749,0.000,0.000,0.570,0.0000,0.0000,0
2026-05-06,13:00:10,4119,2,-4.2800,-4.1363,0.1016,2.9893,4.4637,0,1.0000,-535,1,4.3435,-0.0529,-41.7972,-4.1918,148.7334,0.000,0.000,0.566,0.0000,0.0000,0
2026-05-06,13:00:10,4154,2,-4.2800,-3.8970,0.1061,3.1211,4.4922,0,1.0000,-535,1,4.6937,6.6683,-41.7727,-1.2532,146.5661,0.000,0.000,0.563,0.0000,0.0000,0
2026-05-06,13:00:10,4190,2,-4.2800,-3.7744,0.1123,3.3017,4.5205,0,1.0000,-535,1,4.6428,-16.3424,-41.7757,-0.7533,151.1569,0.000,0.000,0.569,0.0000,0.0000,0
2026-05-06,13:00:10,4226,2,-4.2800,-3.8995,0.1129,3.3202,4.5499,0,1.0000,-535,1,4.2644,4.3102,-41.6956,1.6427,141.4666,0.048,0.000,0.566,0.0000,0.0000,0
2026-05-06,13:00:10,4262,2,-4.2800,-3.4544,0.1273,3.7429,4.5757,0,1.0000,-535,1,4.7680,9.7093,-41.5779,2.1379,136.5878,0.024,0.000,0.563,0.0000,0.0000,0
2026-05-06,13:00:10,4298,2,-4.2800,-3.6250,0.1349,3.9664,4.6051,0,1.0000,-535,1,3.3758,-43.2651,-41.3335,5.2709,142.5519,0.064,0.000,0.560,0.0000,0.0000,0
2026-05-06,13:00:10,4334,2,-4.2800,-3.8659,0.1355,3.9849,4.6346,0,1.0000,-535,1,3.7076,23.3965,-41.4139,-0.0394,107.0902,0.128,0.000,0.557,0.0000,0.0000,0
2026-05-06,13:00:10,4371,2,-4.2880,-3.9463,0.1018,2.9948,4.6646,0,1.0000,-536,1,4.2740,8.4621,-41.4741,-1.2368,98.2505,0.096,0.000,0.554,0.0000,0.0000,0
2026-05-06,13:00:10,4406,2,-4.2800,-3.7089,0.1028,3.0231,4.6938,0,1.0000,-535,1,4.4195,10.6819,-41.5127,-1.5447,110.0425,0.064,0.000,0.550,0.0000,0.0000,0
2026-05-06,13:00:10,4442,2,-4.2800,-3.5171,0.1087,3.1975,4.7221,0,1.0000,-535,1,4.6636,15.2208,-41.8633,-7.8108,93.0315,0.032,0.000,0.547,0.0000,0.0000,0
2026-05-06,13:00:10,4477,2,-4.2800,-3.4936,0.1002,2.9477,4.7491,0,1.0000,-535,1,4.5253,3.3026,-42.0491,-5.8345,105.7131,0.000,0.000,0.544,0.0000,0.0000,0
2026-05-06,13:00:10,4513,2,-4.2800,-3.6877,0.1139,3.3513,4.7773,0,1.0000,-535,1,4.6593,-3.3379,-41.9611,-0.4330,116.4136,0.000,0.000,0.541,0.0000,0.0000,0
2026-05-06,13:00:10,4549,2,-4.2800,-3.9990,0.1264,3.7190,4.8070,0,1.0000,-535,1,4.5753,-10.2254,-41.6198,7.0724,106.3508,0.000,0.000,0.538,0.0000,0.0000,0
2026-05-06,13:00:10,4585,2,-4.2800,-4.1002,0.1111,3.2680,4.8386,0,1.0000,-535,1,4.3333,-3.1813,-41.2706,9.4174,110.7980,0.000,0.000,0.534,0.0000,0.0000,0
2026-05-06,13:00:10,4621,2,-4.2800,-3.6506,0.1075,3.1612,4.8687,0,1.0000,-535,1,4.9177,24.4720,-41.0143,7.9444,106.6499,0.000,0.000,0.531,0.0000,0.0000,0
2026-05-06,13:00:10,4657,2,-4.2800,-3.6024,0.1025,3.0139,4.8974,0,1.0000,-535,1,4.3849,-16.1465,-40.8312,6.4124,117.3976,0.000,0.000,0.528,0.0000,0.0000,0
2026-05-06,13:00:10,4693,2,-4.2800,-3.5330,0.1168,3.4355,4.9264,0,1.0000,-535,1,4.4797,19.4102,-40.7202,3.6905,126.4546,0.024,0.000,0.525,0.0000,0.0000,0
2026-05-06,13:00:10,4729,2,-4.2800,-3.7090,0.1220,3.5894,4.9540,0,1.0000,-535,1,5.2912,13.5333,-40.7374,0.7925,115.0430,0.000,0.000,0.522,0.0000,0.0000,0
2026-05-06,13:00:11,4764,2,-4.2800,-3.7722,0.1288,3.7892,4.9822,0,1.0000,-535,1,3.9705,-21.9329,-40.5440,3.9881,124.4843,0.032,0.000,0.518,0.0000,0.0000,0
2026-05-06,13:00:11,4800,2,-4.2800,-3.8362,0.1236,3.6355,5.0104,0,1.0000,-535,1,4.9407,22.0904,-40.1793,8.4353,99.4204,0.048,0.000,0.515,0.0000,0.0000,0
2026-05-06,13:00:11,4836,2,-4.2800,-3.8665,0.0903,2.6556,5.0396,0,1.0000,-535,1,3.9235,-36.6488,-40.0936,4.2355,111.0057,0.040,0.000,0.512,0.0000,0.0000,0
2026-05-06,13:00:11,4871,2,-4.2800,-3.3373,0.1003,2.9490,5.0653,0,1.0000,-535,1,4.5224,26.6157,-40.0865,1.7163,93.2352,0.080,0.000,0.509,0.0000,0.0000,0
2026-05-06,13:00:11,4907,2,-4.2800,-3.3734,0.0856,2.5169,5.0913,0,1.0000,-535,1,4.6105,-7.0179,-40.0723,0.2113,93.3679,0.048,0.000,0.506,0.0000,0.0000,0
2026-05-06,13:00:11,4943,2,-4.2800,-3.2303,0.1041,3.0610,5.1151,0,1.0000,-535,1,4.5915,-0.3854,-40.2126,-3.3364,105.9299,0.016,0.000,0.502,0.0000,0.0000,0
2026-05-06,13:00:11,4978,2,-4.2800,-3.3011,0.0982,2.8868,5.1397,0,1.0000,-535,1,4.5213,-13.6429,-40.3228,-3.7747,83.5205,0.000,0.000,0.499,0.0000,0.0000,0
2026-05-06,13:00:11,5014,2,-4.2800,-3.1674,0.1013,2.9788,5.1650,0,1.0000,-535,1,4.5210,13.4430,-40.3397,-1.6713,90.5805,0.000,0.000,0.496,0.0000,0.0000,0
2026-05-06,13:00:11,5049,2,-4.2800,-3.3246,0.0822,2.4174,5.1891,0,1.0000,-535,1,4.9468,13.7932,-40.0157,5.6308,97.1227,0.000,0.000,0.493,0.0000,0.0000,0
2026-05-06,13:00:11,5085,2,-4.2800,-2.9642,0.0848,2.4933,5.2117,0,1.0000,-535,1,4.4600,-8.4042,-39.9409,2.3096,109.1198,0.000,0.000,0.490,0.0000,0.0000,0
2026-05-06,13:00:11,5121,2,-4.2800,-3.0438,0.1174,3.4519,5.2354,0,1.0000,-535,1,4.5893,4.1150,-40.1419,-3.4036,105.9761,0.000,0.000,0.486,0.0000,0.0000,0
2026-05-06,13:00:11,5157,2,-4.2800,-3.1529,0.1208,3.5543,5.2595,0,1.0000,-535,1,4.3852,-11.5406,-40.1757,-1.9879,109.9456,0.000,0.000,0.483,0.0000,0.0000,0
2026-05-06,13:00:11,5197,2,-4.2800,-3.3183,0.1091,3.2089,5.2875,0,1.0000,-535,1,4.2689,-1.0844,-40.0443,-0.9673,115.1849,0.000,0.000,0.481,0.0000,0.0000,0
2026-05-06,13:00:11,5233,2,-4.2800,-3.3287,0.0968,2.8477,5.3132,0,1.0000,-535,1,4.9085,14.1616,-40.1895,-3.0606,124.6383,0.000,0.000,0.478,0.0000,0.0000,0
2026-05-06,13:00:11,5269,2,-4.2800,-2.9217,0.0942,2.7711,5.3376,0,1.0000,-535,1,4.3702,-8.6354,-40.0723,0.8437,132.6952,0.000,0.000,0.474,0.0000,0.0000,0
2026-05-06,13:00:11,5305,2,-4.2800,-3.1923,0.0928,2.7308,5.3615,0,1.0000,-535,1,4.8088,12.0606,-40.0330,0.0778,139.5814,0.000,0.000,0.471,0.0000,0.0000,0
2026-05-06,13:00:11,5341,2,-4.2800,-3.0710,0.0960,2.8241,5.3858,0,1.0000,-535,1,4.8933,12.2980,-40.0406,-0.4299,145.3891,0.000,0.000,0.468,0.0000,0.0000,0
2026-05-06,13:00:11,5376,2,-4.2800,-3.3403,0.0964,2.8356,5.4108,0,1.0000,-535,1,4.6904,-11.5473,-39.8458,3.0530,150.2699,0.000,0.000,0.465,0.0000,0.0000,0
2026-05-06,13:00:11,5412,2,-4.2800,-3.3461,0.0931,2.7382,5.4362,0,1.0000,-535,1,4.5796,3.0805,-39.7961,2.1308,154.4255,0.000,0.000,0.462,0.0000,0.0000,0
2026-05-06,13:00:11,5448,2,-4.2800,-3.1198,0.0899,2.6452,5.4606,0,1.0000,-535,1,5.0507,4.9093,-39.4991,7.3199,144.2357,0.000,0.000,0.458,0.0000,0.0000,0
2026-05-06,13:00:11,5484,2,-4.2800,-2.9983,0.0907,2.6676,5.4844,0,1.0000,-535,1,4.5314,-9.9597,-39.2175,7.0460,149.2855,0.000,0.000,0.455,0.0000,0.0000,0
2026-05-06,13:00:11,5519,2,-4.2800,-3.1619,0.0858,2.5227,5.5078,0,1.0000,-535,1,4.6115,-3.9731,-39.2619,1.2078,153.7161,0.000,0.000,0.452,0.0000,0.0000,0
2026-05-06,13:00:11,5555,2,-4.2800,-3.1142,0.0961,2.8258,5.5320,0,1.0000,-535,1,4.7345,7.1747,-39.0603,4.5899,150.9568,0.000,0.000,0.449,0.0000,0.0000,0
2026-05-06,13:00:11,5591,2,-4.2800,-3.0159,0.0901,2.6496,5.5553,0,1.0000,-535,1,4.6910,0.9594,-38.8612,4.2384,155.0925,0.000,0.000,0.446,0.0000,0.0000,0
2026-05-06,13:00:11,5627,2,-4.2800,-3.1413,0.0843,2.4808,5.5796,0,1.0000,-535,1,4.2743,-17.9124,-38.8994,-0.1048,158.4942,0.016,0.000,0.442,0.0000,0.0000,0
2026-05-06,13:00:11,5662,2,-4.2800,-2.8395,0.0987,2.9022,5.6024,0,1.0000,-535,1,4.6338,17.9736,-38.9562,-0.8135,161.4204,0.056,0.000,0.439,0.0000,0.0000,0
2026-05-06,13:00:11,5698,2,-4.2800,-2.9012,0.1011,2.9745,5.6250,0,1.0000,-535,1,4.5378,-10.7782,-38.7383,3.9837,157.3489,0.024,0.000,0.436,0.0000,0.0000,0
2026-05-06,13:00:11,5734,2,-4.2800,-3.0417,0.0780,2.2947,5.6471,0,1.0000,-535,1,4.3102,2.4154,-38.4505,6.8479,160.4260,0.064,0.000,0.433,0.0000,0.0000,0
2026-05-06,13:00:12,5769,2,-4.2800,-2.9400,0.1125,3.3093,5.6694,0,1.0000,-535,1,4.9519,14.3386,-38.1438,8.7786,137.0574,0.032,0.000,0.430,0.0000,0.0000,0
2026-05-06,13:00:12,5805,2,-4.2800,-3.0425,0.1047,3.0793,5.6920,0,1.0000,-535,1,3.8763,-32.0981,-37.7946,9.2086,143.1886,0.024,0.000,0.426,0.0000,0.0000,0
2026-05-06,13:00:12,5840,2,-4.2800,-3.2325,0.0843,2.4805,5.7161,0,1.0000,-535,1,3.9321,7.5008,-37.7992,2.1947,148.4282,0.088,0.000,0.423,0.0000,0.0000,0
2026-05-06,13:00:12,5875,2,-4.2800,-2.8251,0.0844,2.4819,5.7383,0,1.0000,-535,1,4.9080,25.1146,-38.0569,-4.7315,133.4337,0.056,0.000,0.420,0.0000,0.0000,0
2026-05-06,13:00:12,5911,2,-4.2800,-2.9468,0.0804,2.3654,5.7608,0,1.0000,-535,1,4.0109,-22.4966,-38.2301,-5.6569,140.0000,0.024,0.000,0.417,0.0000,0.0000,0
2026-05-06,13:00:12,5947,2,-4.2800,-2.4439,0.1018,2.9954,5.7822,0,1.0000,-535,1,4.9161,43.9641,-38.5014,-8.0860,117.9436,0.016,0.000,0.414,0.0000,0.0000,0
2026-05-06,13:00:12,5983,2,-4.2800,-2.8582,0.1275,3.7487,5.8032,0,1.0000,-535,1,4.8889,-20.6572,-38.6441,-5.9277,126.9281,0.000,0.000,0.410,0.0000,0.0000,0
2026-05-06,13:00:12,6018,2,-4.2800,-2.8978,0.1125,3.3086,5.8247,0,1.0000,-535,1,3.8829,-7.9552,-38.7501,-4.7764,127.3169,0.048,0.000,0.407,0.0000,0.0000,0
2026-05-06,13:00:12,6054,2,-4.2800,-3.2903,0.1407,4.1378,5.8493,0,1.0000,-535,1,5.2271,26.2010,-38.9874,-6.4291,108.8078,0.040,0.000,0.422,0.0000,0.0000,0
2026-05-06,13:00:12,6090,2,-4.2800,-3.4199,0.1279,3.7606,5.8745,0,1.0000,-535,1,4.0750,-40.3205,-39.0784,-3.9240,118.9545,0.008,0.000,0.427,0.0000,0.0000,0
2026-05-06,13:00:12,6127,2,-4.2800,-3.4374,0.0967,2.8453,5.9012,0,1.0000,-535,1,3.8956,-18.1965,-39.0771,-2.6631,115.2316,0.056,0.000,0.425,0.0000,0.0000,0
2026-05-06,13:00:12,6163,2,-4.2800,-2.6560,0.0928,2.7289,5.9257,0,1.0000,-535,1,5.3778,44.5249,-38.9648,1.7768,91.9882,0.048,0.000,0.439,0.0000,0.0000,0
2026-05-06,13:00:12,6198,2,-4.2800,-2.5396,0.0749,2.2039,5.9455,0,1.0000,-535,1,4.6409,-37.0913,-38.6352,7.0040,104.6279,0.016,0.000,0.462,0.0000,0.0000,0
2026-05-06,13:00:12,6234,2,-4.2800,-2.7918,0.0922,2.7104,5.9667,0,1.0000,-535,1,4.5818,14.0526,-38.5417,3.1556,94.5991,0.080,0.000,0.459,0.0000,0.0000,0
2026-05-06,13:00:12,6270,2,-4.2800,-2.9786,0.0917,2.6980,5.9891,0,1.0000,-535,1,5.0056,3.9502,-38.6691,-1.4388,81.4387,0.048,0.000,0.474,0.0000,0.0000,0
2026-05-06,13:00:12,6305,2,-4.2800,-2.6031,0.0825,2.4257,6.0106,0,1.0000,-535,1,4.2206,-17.3643,-38.6440,-0.2877,95.6964,0.064,0.000,0.470,0.0000,0.0000,0
2026-05-06,13:00:12,6341,2,-4.2800,-2.8228,0.0787,2.3139,6.0320,0,1.0000,-535,1,4.4087,6.6345,-38.8122,-3.5695,67.2092,0.104,0.000,0.467,0.0000,0.0000,0
2026-05-06,13:00:12,6377,2,-4.2800,-1.9052,0.0802,2.3584,6.0512,0,1.0000,-535,1,5.2580,32.0106,-38.7390,0.3967,71.1814,0.072,0.000,0.464,0.0000,0.0000,0
2026-05-06,13:00:12,6413,2,-4.2800,-2.1995,0.0864,2.5406,6.0682,0,1.0000,-535,1,4.7589,-27.3091,-38.5599,2.6768,86.9992,0.040,0.000,0.461,0.0000,0.0000,0
2026-05-06,13:00:12,6449,2,-4.2800,-2.5532,0.0956,2.8118,6.0875,0,1.0000,-535,1,3.7734,-23.1575,-38.6154,0.3713,72.9734,0.080,0.000,0.458,0.0000,0.0000,0
2026-05-06,13:00:12,6484,2,-4.2800,-2.7029,0.0736,2.1639,6.1072,0,1.0000,-535,1,4.5867,22.1863,-38.3244,5.7068,69.7325,0.120,0.000,0.454,0.0000,0.0000,0
2026-05-06,13:00:12,6520,2,-4.2800,-2.1928,0.0740,2.1772,6.1252,0,1.0000,-535,1,4.5517,0.8865,-38.1559,4.9804,85.7923,0.088,0.000,0.451,0.0000,0.0000,0
2026-05-06,13:00:12,6556,2,-4.2800,-2.0148,0.0667,1.9627,6.1399,0,1.0000,-535,1,4.4513,-11.1481,-38.2346,-0.7180,92.5070,0.056,0.000,0.448,0.0000,0.0000,0
2026-05-06,13:00:12,6592,2,-4.2800,-1.7499,0.0758,2.2282,6.1546,0,1.0000,-535,1,4.5093,11.0123,-38.3149,-1.4127,85.4144,0.024,0.000,0.445,0.0000,0.0000,0
2026-05-06,13:00:12,6628,2,-4.2800,-2.1026,0.0899,2.6437,6.1697,0,1.0000,-535,1,4.5853,-8.3103,-37.9990,4.6278,93.0580,0.000,0.000,0.442,0.0000,0.0000,0
2026-05-06,13:00:12,6664,2,-4.2800,-2.4026,0.1071,3.1514,6.1867,0,1.0000,-535,1,4.1389,-7.8578,-37.9202,1.8979,105.7025,0.016,0.000,0.438,0.0000,0.0000,0
2026-05-06,13:00:12,6700,2,-4.2800,-2.5707,0.1141,3.3557,6.2059,0,1.0000,-535,1,4.5457,8.4624,-37.9300,0.7006,116.5926,0.000,0.000,0.435,0.0000,0.0000,0
2026-05-06,13:00:12,6736,2,-4.2800,-2.7734,0.1215,3.5742,6.2270,0,1.0000,-535,1,3.5308,-34.1282,-37.8293,1.1329,125.7257,0.032,0.000,0.432,0.0000,0.0000,0
2026-05-06,13:00:13,6772,2,-4.2800,-2.7987,0.1001,2.9427,6.2486,0,1.0000,-535,1,3.8636,16.8836,-37.9874,-3.4242,126.9516,0.096,0.000,0.429,0.0000,0.0000,0
2026-05-06,13:00:13,6807,2,-4.2800,-2.9351,0.0725,2.1327,6.2712,0,1.0000,-535,1,3.8408,-4.8158,-38.2127,-5.9372,134.4773,0.064,0.000,0.426,0.0000,0.0000,0
2026-05-06,13:00:13,6843,2,-4.2800,-2.6095,0.0943,2.7724,6.2913,0,1.0000,-535,1,4.6047,24.4491,-38.3078,-3.9971,127.8554,0.032,0.000,0.422,0.0000,0.0000,0
2026-05-06,13:00:13,6878,2,-4.2800,-2.6092,0.0810,2.3825,6.3115,0,1.0000,-535,1,3.8555,-29.7794,-38.2125,0.7980,135.3749,0.000,0.000,0.419,0.0000,0.0000,0
2026-05-06,13:00:13,6914,2,-4.2800,-2.4835,0.0868,2.5539,6.3317,0,1.0000,-535,1,3.9484,22.1808,-38.0734,2.6400,141.7349,0.040,0.000,0.416,0.0000,0.0000,0
2026-05-06,13:00:13,6950,2,-4.2800,-2.8112,0.0963,2.8320,6.3520,0,1.0000,-535,1,4.4366,-4.4401,-38.0411,1.0501,128.1490,0.008,0.000,0.413,0.0000,0.0000,0
2026-05-06,13:00:13,6985,2,-4.2800,-2.9573,0.0841,2.4746,6.3740,0,1.0000,-535,1,3.3693,-24.6715,-38.1205,-1.6507,135.5625,0.032,0.000,0.410,0.0000,0.0000,0
2026-05-06,13:00:13,7021,2,-4.2800,-3.2042,0.1009,2.9688,6.3981,0,1.0000,-535,1,4.3650,28.8549,-38.2242,-2.6313,135.3684,0.048,0.000,0.406,0.0000,0.0000,0
2026-05-06,13:00:13,7060,2,-4.2800,-3.1393,0.0810,2.3825,6.4220,0,1.0000,-535,1,4.3130,10.8074,-38.1721,-1.3640,137.8643,0.024,0.000,0.404,0.0000,0.0000,0
2026-05-06,13:00:13,7095,2,-4.2800,-3.0080,0.0969,2.8496,6.4468,0,1.0000,-535,1,4.2898,17.8777,-38.0733,1.7116,130.0435,0.000,0.000,0.401,0.0000,0.0000,0
2026-05-06,13:00:13,7131,2,-4.2800,-3.1941,0.0783,2.3039,6.4706,0,1.0000,-535,1,4.5966,3.8345,-37.8599,4.7378,130.8760,0.000,0.000,0.398,0.0000,0.0000,0
2026-05-06,13:00:13,7166,2,-4.2800,-2.9050,0.1041,3.0629,6.4925,0,1.0000,-535,1,4.4711,-2.5241,-37.7514,3.2044,130.8126,0.000,0.000,0.394,0.0000,0.0000,0
2026-05-06,13:00:13,7202,2,-4.2800,-3.3473,0.1334,3.9248,6.5173,0,1.0000,-535,1,4.4401,-2.1596,-37.7921,-0.2783,111.2570,0.000,0.000,0.391,0.0000,0.0000,0
2026-05-06,13:00:13,7238,2,-4.2800,-3.4626,0.1483,4.3615,6.5431,0,1.0000,-535,1,4.3818,-5.3992,-37.7835,0.3727,121.2479,0.000,0.000,0.388,0.0000,0.0000,0
2026-05-06,13:00:13,7273,2,-4.2800,-3.7303,0.1535,4.5138,6.5707,0,1.0000,-535,1,4.2962,-5.0270,-37.6826,1.1398,129.7923,0.000,0.000,0.385,0.0000,0.0000,0
2026-05-06,13:00:13,7309,2,-4.2800,-3.9179,0.1554,4.5717,6.6000,0,1.0000,-535,1,3.9536,-17.6997,-37.8102,-2.4302,130.1830,0.000,0.000,0.382,0.0000,0.0000,0
2026-05-06,13:00:13,7344,2,-4.2800,-4.1065,0.1426,4.1928,6.6297,0,1.0000,-535,1,3.7338,-8.2743,-37.8745,-2.1800,137.3164,0.064,0.000,0.378,0.0000,0.0000,0
2026-05-06,13:00:13,7379,2,-4.2800,-4.1502,0.1184,3.4812,6.6609,0,1.0000,-535,1,3.8630,4.7870,-37.8318,0.4019,143.3996,0.080,0.000,0.375,0.0000,0.0000,0
2026-05-06,13:00:13,7415,2,-4.2800,-3.9705,0.1321,3.8862,6.6924,0,1.0000,-535,1,4.0425,6.1240,-37.7217,2.0098,135.2712,0.048,0.000,0.372,0.0000,0.0000,0
2026-05-06,13:00:13,7450,2,-4.2800,-3.9537,0.1028,3.0241,6.7203,0,1.0000,-535,1,3.9214,-22.7913,-37.5739,3.5392,141.7158,0.016,0.000,0.369,0.0000,0.0000,0
2026-05-06,13:00:13,7486,2,-4.2800,-3.7463,0.1138,3.3475,6.7486,0,1.0000,-535,1,3.6987,-8.8795,-37.5267,1.7882,140.1115,0.016,0.000,0.366,0.0000,0.0000,0
2026-05-06,13:00:13,7522,2,-4.2800,-3.8121,0.0977,2.8746,6.7771,0,1.0000,-535,1,3.8248,-1.3459,-37.4572,1.8794,145.8237,0.000,0.000,0.362,0.0000,0.0000,0
2026-05-06,13:00:13,7557,2,-4.2800,-3.5791,0.0883,2.5977,6.8045,0,1.0000,-535,1,3.9509,4.9363,-37.4217,0.8389,150.6911,0.000,0.000,0.359,0.0000,0.0000,0
2026-05-06,13:00:13,7593,2,-4.2800,-3.3298,0.1153,3.3926,6.8310,0,1.0000,-535,1,4.5683,16.4126,-37.5229,-1.8682,147.9564,0.000,0.000,0.356,0.0000,0.0000,0
2026-05-06,13:00:13,7628,2,-4.2800,-3.5290,0.1199,3.5275,6.8576,0,1.0000,-535,1,3.2609,-43.2219,-37.6204,-2.3293,152.4499,0.016,0.000,0.353,0.0000,0.0000,0
2026-05-06,13:00:13,7663,2,-4.2800,-3.7281,0.1048,3.0811,6.8849,0,1.0000,-535,1,3.6957,17.7898,-37.6494,-1.1376,156.3961,0.080,0.000,0.350,0.0000,0.0000,0
2026-05-06,13:00:13,7700,2,-4.2800,-3.4232,0.0889,2.6147,6.9127,0,1.0000,-535,1,4.3955,14.8554,-37.3520,5.9403,153.4372,0.048,0.000,0.346,0.0000,0.0000,0
2026-05-06,13:00:13,7735,2,-4.2800,-3.1085,0.0972,2.8597,6.9383,0,1.0000,-535,1,4.1015,-6.9369,-37.1782,4.6625,150.0305,0.016,0.000,0.343,0.0000,0.0000,0
2026-05-06,13:00:14,7771,2,-4.2800,-3.4875,0.1136,3.3415,6.9648,0,1.0000,-535,1,3.8088,-9.0661,-37.0716,4.0495,154.3471,0.000,0.000,0.340,0.0000,0.0000,0
2026-05-06,13:00:14,7807,2,-4.2800,-3.6524,0.1039,3.0572,6.9921,0,1.0000,-535,1,3.8216,-9.4558,-36.8942,4.8609,157.8624,0.000,0.000,0.337,0.0000,0.0000,0
2026-05-06,13:00:14,7842,2,-4.2800,-3.8505,0.0946,2.7828,7.0204,0,1.0000,-535,1,3.5053,-9.6322,-36.8709,2.0895,160.9234,0.048,0.000,0.334,0.0000,0.0000,0
2026-05-06,13:00:14,7878,2,-4.2800,-3.5039,0.0957,2.8133,7.0481,0,1.0000,-535,1,3.8721,1.9811,-36.9644,-1.6476,143.7077,0.040,0.000,0.330,0.0000,0.0000,0
2026-05-06,13:00:14,7914,2,-4.2800,-3.4856,0.0955,2.8090,7.0756,0,1.0000,-535,1,3.2640,-22.4983,-37.1499,-4.1374,148.7495,0.056,0.000,0.327,0.0000,0.0000,0
2026-05-06,13:00:14,7950,2,-4.2800,-3.4493,0.1055,3.1044,7.1028,0,1.0000,-535,1,3.9003,27.2149,-37.2610,-3.6055,146.3586,0.072,0.000,0.324,0.0000,0.0000,0
2026-05-06,13:00:14,7990,2,-4.2800,-3.3944,0.1034,3.0409,7.1332,0,1.0000,-535,1,3.8063,-2.2949,-37.1989,-1.3786,148.7319,0.048,0.000,0.322,0.0000,0.0000,0
2026-05-06,13:00:14,8026,2,-4.2800,-3.3294,0.1342,3.9460,7.1594,0,1.0000,-535,1,3.5753,0.5993,-37.0975,1.3721,138.9012,0.016,0.000,0.318,0.0000,0.0000,0
2026-05-06,13:00:14,8061,2,-4.2800,-3.4441,0.1389,4.0856,7.1853,0,1.0000,-535,1,4.2043,8.0141,-37.0555,1.3611,119.1261,0.000,0.000,0.315,0.0000,0.0000,0
2026-05-06,13:00:14,8096,2,-4.2800,-3.5096,0.1161,3.4160,7.2115,0,1.0000,-535,1,3.1629,-26.9350,-36.8702,3.8880,127.8628,0.016,0.000,0.312,0.0000,0.0000,0
2026-05-06,13:00:14,8132,2,-4.2800,-3.8336,0.1046,3.0775,7.2396,0,1.0000,-535,1,3.4780,7.7596,-36.8662,0.9310,128.2945,0.056,0.000,0.309,0.0000,0.0000,0
2026-05-06,13:00:14,8167,2,-4.2800,-3.3962,0.0975,2.8681,7.2668,0,1.0000,-535,1,4.2517,17.0726,-36.9427,-1.6914,135.8168,0.024,0.000,0.306,0.0000,0.0000,0
2026-05-06,13:00:14,8202,2,-4.2800,-3.1816,0.0771,2.2690,7.2919,0,1.0000,-535,1,3.2364,-32.4264,-37.2537,-6.6278,142.0860,0.016,0.000,0.302,0.0000,0.0000,0
2026-05-06,13:00:14,8237,2,-4.2800,-2.9280,0.1085,3.1899,7.3140,0,1.0000,-535,1,4.5577,47.9762,-37.4985,-7.4252,106.8804,0.008,0.000,0.299,0.0000,0.0000,0
2026-05-06,13:00:14,8272,2,-4.2800,-2.9361,0.0980,2.8827,7.3362,0,1.0000,-535,1,4.0606,-33.0071,-37.7102,-7.1202,117.4369,0.000,0.000,0.296,0.0000,0.0000,0
2026-05-06,13:00:14,8308,2,-4.2800,-3.3776,0.1035,3.0429,7.3610,0,1.0000,-535,1,2.9892,-16.0409,-37.9068,-6.2551,112.4526,0.048,0.000,0.293,0.0000,0.0000,0
2026-05-06,13:00:14,8343,2,-4.2800,-3.4313,0.0944,2.7753,7.3866,0,1.0000,-535,1,4.4592,30.4461,-37.7815,0.7206,96.3844,0.040,0.000,0.290,0.0000,0.0000,0
2026-05-06,13:00:14,8378,2,-4.2800,-3.2240,0.1000,2.9413,7.4118,0,1.0000,-535,1,3.9732,-20.9404,-37.6476,3.3093,101.4152,0.008,0.000,0.286,0.0000,0.0000,0
2026-05-06,13:00:14,8414,2,-4.2800,-3.4835,0.1104,3.2474,7.4378,0,1.0000,-535,1,3.4977,-15.2342,-37.4998,3.8570,106.3740,0.032,0.000,0.283,0.0000,0.0000,0
2026-05-06,13:00:14,8450,2,-4.2800,-3.5150,0.0893,2.6276,7.4645,0,1.0000,-535,1,3.7729,9.3469,-37.4270,2.8757,104.5404,0.048,0.000,0.280,0.0000,0.0000,0
2026-05-06,13:00:14,8485,2,-4.2800,-3.2938,0.0924,2.7174,7.4889,0,1.0000,-535,1,4.3925,19.2330,-37.5448,-2.0057,115.4637,0.016,0.000,0.277,0.0000,0.0000,0
2026-05-06,13:00:14,8520,2,-4.2800,-3.2515,0.0906,2.6654,7.5138,0,1.0000,-535,1,3.4629,-36.9955,-37.6902,-3.5348,124.8982,0.000,0.000,0.274,0.0000,0.0000,0
2026-05-06,13:00:14,8555,2,-4.2800,-3.1175,0.0919,2.7030,7.5375,0,1.0000,-535,1,3.8725,24.3645,-37.7355,-1.8927,119.9272,0.040,0.000,0.270,0.0000,0.0000,0
2026-05-06,13:00:14,8590,2,-4.2800,-3.2035,0.0741,2.1785,7.5618,0,1.0000,-535,1,4.2959,4.9185,-37.5646,3.0760,128.6018,0.008,0.000,0.267,0.0000,0.0000,0
2026-05-06,13:00:14,8626,2,-4.2800,-2.8347,0.1136,3.3414,7.5842,0,1.0000,-535,1,3.9119,-5.4372,-37.4438,3.2889,129.0643,0.000,0.000,0.264,0.0000,0.0000,0
2026-05-06,13:00:14,8661,2,-4.2800,-3.0384,0.1267,3.7257,7.6062,0,1.0000,-535,1,4.2186,6.5157,-37.2561,4.9988,123.7710,0.000,0.000,0.261,0.0000,0.0000,0
2026-05-06,13:00:14,8696,2,-4.2800,-3.1684,0.1158,3.4059,7.6292,0,1.0000,-535,1,3.7744,-23.3421,-36.9929,7.1294,124.8858,0.000,0.000,0.258,0.0000,0.0000,0
2026-05-06,13:00:14,8731,2,-4.2880,-3.3653,0.1000,2.9404,7.6542,0,1.0000,-536,1,3.4448,-4.6714,-36.8986,4.3107,119.0105,0.064,0.000,0.254,0.0000,0.0000,0
2026-05-06,13:00:15,8767,2,-4.2800,-3.3246,0.0839,2.4690,7.6797,0,1.0000,-535,1,4.1428,21.8832,-36.8360,2.2087,121.6679,0.056,0.000,0.251,0.0000,0.0000,0
2026-05-06,13:00:15,8802,2,-4.2800,-2.8867,0.0920,2.7073,7.7023,0,1.0000,-535,1,4.5141,-0.9309,-37.0256,-3.5307,129.9209,0.024,0.000,0.248,0.0000,0.0000,0
2026-05-06,13:00:15,8838,2,-4.2800,-3.1928,0.0905,2.6610,7.7253,0,1.0000,-535,1,3.6828,-22.8653,-37.2420,-5.5327,123.3821,0.000,0.000,0.245,0.0000,0.0000,0
2026-05-06,13:00:15,8873,2,-4.2800,-2.7352,0.0859,2.5264,7.7462,0,1.0000,-535,1,4.3683,20.4649,-37.2142,-0.8676,105.9933,0.000,0.000,0.242,0.0000,0.0000,0
2026-05-06,13:00:15,8910,2,-4.2800,-2.9722,0.0802,2.3579,7.7686,0,1.0000,-535,1,4.2694,5.4124,-37.1166,0.2667,110.1477,0.000,0.000,0.239,0.0000,0.0000,0
2026-05-06,13:00:15,8945,2,-4.2800,-2.8472,0.0899,2.6444,7.7910,0,1.0000,-535,1,4.3400,13.5615,-36.9268,3.9717,93.0747,0.000,0.000,0.236,0.0000,0.0000,0
2026-05-06,13:00:15,8980,2,-4.2800,-2.9794,0.0927,2.7260,7.8134,0,1.0000,-535,1,4.6572,1.6003,-36.6940,6.1187,93.2059,0.000,0.000,0.233,0.0000,0.0000,0
2026-05-06,13:00:15,9015,2,-4.2800,-3.1471,0.0714,2.0998,7.8370,0,1.0000,-535,1,3.6725,-20.8578,-36.5730,4.4344,105.7792,0.016,0.000,0.230,0.0000,0.0000,0
2026-05-06,13:00:15,9051,2,-4.2800,-2.5633,0.0926,2.7248,7.8576,0,1.0000,-535,1,5.0634,41.5412,-36.5454,1.9202,76.6062,0.008,0.000,0.226,0.0000,0.0000,0
2026-05-06,13:00:15,9086,2,-4.2800,-2.8700,0.0970,2.8540,7.8781,0,1.0000,-535,1,4.0137,-46.0424,-36.5218,0.8054,91.6424,0.000,0.000,0.223,0.0000,0.0000,0
2026-05-06,13:00:15,9122,2,-4.2800,-2.9075,0.0761,2.2387,7.9004,0,1.0000,-535,1,3.3321,-5.8676,-36.7269,-4.1411,90.3668,0.064,0.000,0.220,0.0000,0.0000,0
2026-05-06,13:00:15,9158,2,-4.2800,-2.6213,0.0728,2.1426,7.9216,0,1.0000,-535,1,5.0374,41.2245,-36.8804,-4.1451,64.2894,0.056,0.000,0.217,0.0000,0.0000,0
2026-05-06,13:00:15,9194,2,-4.2800,-2.4152,0.0884,2.6011,7.9403,0,1.0000,-535,1,3.8428,-41.3032,-36.9735,-3.9331,81.0523,0.024,0.000,0.214,0.0000,0.0000,0
2026-05-06,13:00:15,9230,2,-4.2800,-2.2449,0.0718,2.1114,7.9574,0,1.0000,-535,1,3.9646,15.5750,-37.2119,-6.2910,67.8390,0.088,0.000,0.210,0.0000,0.0000,0
2026-05-06,13:00:15,9266,2,-4.2800,-2.1612,0.0436,1.2810,7.9754,0,1.0000,-535,1,4.4130,7.1431,-37.2767,-3.2100,65.2364,0.056,0.000,0.207,0.0000,0.0000,0
2026-05-06,13:00:15,9302,2,-4.2800,-1.1481,0.0581,1.7099,7.9876,0,1.0000,-535,1,4.6122,10.3431,-37.1317,2.1077,81.9895,0.024,0.000,0.204,0.0000,0.0000,0
2026-05-06,13:00:15,9337,2,-4.2800,-1.6423,0.0800,2.3542,8.0000,0,1.0000,-535,1,3.7520,-29.0444,-37.0411,2.1757,55.5919,0.016,0.000,0.201,0.0000,0.0000,0
2026-05-06,13:00:15,9373,2,-4.2800,-1.9604,0.0833,2.4488,8.0133,0,1.0000,-535,1,3.8841,5.8942,-36.9634,2.3034,61.2929,0.080,0.000,0.198,0.0000,0.0000,0
2026-05-06,13:00:15,9408,2,-4.2800,-1.7717,0.0706,2.0771,8.0270,0,1.0000,-535,1,4.1510,6.5409,-36.9537,0.7384,78.6810,0.048,0.000,0.194,0.0000,0.0000,0
2026-05-06,13:00:15,9444,2,-4.2800,-1.4529,0.0570,1.6753,8.0383,0,1.0000,-535,1,4.1889,6.0339,-36.9879,-0.5174,65.7553,0.016,0.000,0.191,0.0000,0.0000,0
2026-05-06,13:00:15,9479,2,-4.2800,-1.1293,0.0539,1.5849,8.0467,0,1.0000,-535,1,4.1786,-6.0529,-36.9937,-0.4171,76.3078,0.000,0.000,0.188,0.0000,0.0000,0
2026-05-06,13:00:15,9514,2,-4.2800,-1.1959,0.0527,1.5500,8.0557,0,1.0000,-535,1,3.8827,-5.5295,-37.0578,-1.6662,91.4968,0.000,0.000,0.185,0.0000,0.0000,0
2026-05-06,13:00:15,9550,2,-0.2400,-0.6784,0.0818,2.4045,8.0642,0,1.0000,-30,1,4.4002,28.9210,-37.1277,-1.8745,63.9477,0.000,0.000,0.182,0.0000,0.0000,0
2026-05-06,13:00:15,9586,2,0.0000,-0.2422,0.0909,2.6744,8.0660,0,1.0000,0,1,4.8887,-2.1626,-37.0971,-0.0124,80.9564,0.000,0.000,0.178,0.0000,0.0000,0
2026-05-06,13:00:15,9622,2,0.0000,-0.0848,0.0955,2.8090,8.0667,0,1.0000,0,1,3.8085,-24.9546,-37.1184,-0.9337,95.5321,0.016,0.000,0.175,0.0000,0.0000,0
2026-05-06,13:00:15,9657,2,0.0000,-0.2174,0.1254,3.6888,8.0679,0,1.0000,0,1,4.4550,19.9477,-37.2416,-2.8569,80.9381,0.032,0.000,0.172,0.0000,0.0000,0
2026-05-06,13:00:15,9692,2,0.0000,0.0123,0.1262,3.7128,8.0686,0,1.0000,0,1,4.0638,-17.4075,-37.2767,-1.6843,95.3038,0.000,0.000,0.169,0.0000,0.0000,0
2026-05-06,13:00:15,9727,2,0.0000,0.0034,0.1252,3.6835,8.0685,0,1.0000,0,1,3.6434,-6.4640,-37.3089,-1.3512,86.6536,0.048,0.000,0.166,0.0000,0.0000,0
2026-05-06,13:00:16,9763,2,0.0000,0.0289,0.1228,3.6111,8.0684,0,1.0000,0,1,3.9409,4.4426,-37.3215,-0.6738,87.7963,0.040,0.000,0.162,0.0000,0.0000,0
2026-05-06,13:00:16,9798,2,0.0000,0.0890,0.1089,3.2043,8.0679,0,1.0000,0,1,3.7358,-4.7397,-37.3247,-0.4550,101.1676,0.008,0.000,0.159,0.0000,0.0000,0
2026-05-06,13:00:16,9834,2,0.0000,0.1929,0.0843,2.4782,8.0668,0,1.0000,0,1,3.8031,-0.7001,-37.3513,-0.5451,98.5136,0.000,0.000,0.157,0.0000,0.0000,0
2026-05-06,13:00:16,9871,2,0.0000,0.0316,0.0791,2.3265,8.0661,0,1.0000,0,1,3.6462,-8.5576,-37.4099,-1.5324,97.7897,0.000,0.000,0.154,0.0000,0.0000,0
2026-05-06,13:00:16,9906,2,0.0000,0.0264,0.0732,2.1535,8.0658,0,1.0000,0,1,3.7070,6.5071,-37.4554,-1.3386,109.7827,0.000,0.000,0.150,0.0000,0.0000,0
2026-05-06,13:00:16,9941,2,0.0000,0.0051,0.0738,2.1692,8.0657,0,1.0000,0,1,4.1531,10.1734,-37.4101,0.5952,113.4956,0.000,0.000,0.147,0.0000,0.0000,0
2026-05-06,13:00:16,9977,2,0.0000,0.0247,0.0696,2.0471,8.0656,0,1.0000,0,1,3.7223,-14.3791,-37.3233,2.0330,123.1321,0.000,0.000,0.144,0.0000,0.0000,0
2026-05-06,13:00:16,10012,2,0.0000,0.0873,0.0577,1.6972,8.0651,0,1.0000,0,1,3.6949,-1.4857,-37.2326,2.5378,131.4027,0.000,0.000,0.141,0.0000,0.0000,0
2026-05-06,13:00:16,10047,2,0.0000,0.0800,0.0432,1.2703,8.0644,0,1.0000,0,1,4.0372,10.9576,-37.1452,2.8893,138.5198,0.000,0.000,0.138,0.0000,0.0000,0
2026-05-06,13:00:16,10082,2,0.0000,0.0464,0.0368,1.0817,8.0639,0,1.0000,0,1,4.1587,2.0188,-36.9482,5.1663,144.4569,0.000,0.000,0.134,0.0000,0.0000,0
2026-05-06,13:00:16,10117,2,0.0000,0.0050,0.0359,1.0550,8.0637,0,1.0000,0,1,4.0755,-1.0033,-36.7115,6.6505,149.5138,0.000,0.000,0.131,0.0000,0.0000,0
2026-05-06,13:00:16,10152,2,0.0000,-0.0103,0.0349,1.0269,8.0637,0,1.0000,0,1,4.2563,6.7494,-36.5022,6.5035,153.8953,0.000,0.000,0.128,0.0000,0.0000,0
2026-05-06,13:00:16,10187,2,0.0000,-0.0022,0.0334,0.9829,8.0637,0,1.0000,0,1,4.3881,0.9955,-36.3631,5.0350,157.5831,0.000,0.000,0.125,0.0000,0.0000,0
2026-05-06,13:00:16,10222,2,0.0000,-0.0033,0.0350,1.0296,8.0637,0,1.0000,0,1,4.1504,-5.6459,-36.2566,3.9812,160.6688,0.000,0.000,0.122,0.0000,0.0000,0
2026-05-06,13:00:16,10258,2,0.0000,-0.0034,0.0347,1.0202,8.0636,0,1.0000,0,0,4.3837,7.9142,-36.1603,3.3328,163.3695,0.000,0.000,0.118,0.0000,0.0000,0
2026-05-06,13:00:16,10293,2,0.0000,0.0028,0.0334,0.9833,8.0636,0,1.0000,0,0,4.4655,-0.3452,-36.1046,2.1757,165.6065,0.000,0.000,0.115,0.0000,0.0000,0
2026-05-06,13:00:16,10328,2,0.0000,0.0167,0.0334,0.9826,8.0636,0,1.0000,0,0,4.3322,-2.3948,-35.9846,3.3592,167.4939,0.000,0.000,0.112,0.0000,0.0000,0
2026-05-06,13:00:16,10363,2,0.0000,-0.0061,0.0340,1.0003,8.0637,0,1.0000,0,0,4.4346,2.8867,-35.8747,3.2786,169.1870,0.000,0.000,0.109,0.0000,0.0000,0
2026-05-06,13:00:16,10398,2,0.0000,-0.0006,0.0337,0.9921,8.0636,0,1.0000,0,0,4.3871,-3.2178,-35.8468,1.4428,170.5628,0.000,0.000,0.106,0.0000,0.0000,0
2026-05-06,13:00:16,10434,2,0.0000,0.0033,0.0353,1.0379,8.0636,0,1.0000,0,0,4.3864,1.1021,-35.8904,-0.4075,171.7746,0.000,0.000,0.102,0.0000,0.0000,0
2026-05-06,13:00:16,10470,2,0.0000,0.0391,0.0315,0.9263,8.0635,0,1.0000,0,0,4.4162,0.1272,-35.9256,-0.9798,172.8124,0.000,0.000,0.099,0.0000,0.0000,0
2026-05-06,13:00:16,10505,2,0.0000,0.0305,0.0266,0.7823,8.0634,0,1.0000,0,0,4.3978,-0.3830,-35.9858,-1.6563,173.6566,0.000,0.000,0.096,0.0000,0.0000,0
2026-05-06,13:00:16,10540,2,0.0000,0.0249,0.0241,0.7086,8.0632,0,1.0000,0,0,4.4206,0.7410,-36.1011,-3.1145,174.3696,0.000,0.000,0.093,0.0000,0.0000,0
2026-05-06,13:00:16,10575,2,0.0000,0.0214,0.0204,0.5995,8.0630,0,1.0000,0,0,4.4538,0.7237,-36.2393,-3.9314,175.0109,0.000,0.000,0.090,0.0000,0.0000,0
2026-05-06,13:00:16,10610,2,0.0000,0.0364,0.0153,0.4486,8.0627,0,1.0000,0,0,4.4486,0.1258,-36.3994,-4.7931,175.5515,0.000,0.000,0.086,0.0000,0.0000,0
2026-05-06,13:00:16,10645,2,0.0000,-0.0066,0.0160,0.4721,8.0627,0,1.0000,0,0,4.5173,1.6877,-36.4971,-3.5135,175.9896,0.000,0.000,0.083,0.0000,0.0000,0
2026-05-06,13:00:16,10680,2,0.0000,0.0057,0.0166,0.4870,8.0627,0,1.0000,0,0,4.5025,-0.7604,-36.6095,-3.9021,176.3816,0.000,0.000,0.080,0.0000,0.0000,0
2026-05-06,13:00:16,10715,2,0.0000,0.0070,0.0161,0.4749,8.0627,0,1.0000,0,0,4.4337,-1.0706,-36.6948,-3.0724,176.7155,0.000,0.000,0.077,0.0000,0.0000,0
2026-05-06,13:00:16,10750,2,0.0000,0.0017,0.0163,0.4796,8.0627,0,1.0000,0,0,4.5422,2.7427,-36.7517,-2.0730,176.9818,0.000,0.000,0.074,0.0000,0.0000,0
2026-05-06,13:00:17,10785,2,0.0000,-0.0033,0.0165,0.4852,8.0627,0,1.0000,0,0,4.5499,1.2699,-36.7400,-1.3066,177.0226,0.000,0.000,0.071,0.0000,0.0000,0
2026-05-06,13:00:17,10821,2,0.0000,0.0007,0.0160,0.4692,8.0627,0,1.0000,0,0,4.5794,1.2568,-36.7350,-0.5336,177.2698,0.000,0.000,0.068,0.0000,0.0000,0
2026-05-06,13:00:17,10856,2,0.0000,0.0100,0.0166,0.4871,8.0627,0,1.0000,0,0,4.6000,0.3130,-36.7755,-1.0772,177.4421,0.000,0.000,0.065,0.0000,0.0000,0
2026-05-06,13:00:17,10892,2,0.0000,-0.0074,0.0179,0.5256,8.0627,0,1.0000,0,0,4.5809,-0.2101,-36.7937,-0.7660,177.6307,0.000,0.000,0.062,0.0000,0.0000,0
2026-05-06,13:00:17,10927,2,0.0000,-0.0238,0.0211,0.6201,8.0629,0,1.0000,0,0,4.6549,1.0929,-36.7719,0.1647,177.7794,0.000,0.000,0.058,0.0000,0.0000,0
2026-05-06,13:00:17,10962,2,0.0000,-0.0054,0.0233,0.6855,8.0630,0,1.0000,0,0,4.5266,-4.4992,-36.7446,0.4995,177.8916,0.000,0.000,0.055,0.0000,0.0000,0
2026-05-06,13:00:17,10997,2,0.0000,-0.0066,0.0237,0.6979,8.0631,0,1.0000,0,0,4.4447,-1.9573,-36.7361,0.4988,177.9986,0.000,0.000,0.052,0.0000,0.0000,0
2026-05-06,13:00:17,11032,2,0.0000,0.0034,0.0238,0.6999,8.0630,0,1.0000,0,0,4.3228,-3.1581,-36.6412,2.1749,178.0579,0.000,0.000,0.049,0.0000,0.0000,0
2026-05-06,13:00:17,11067,2,0.0000,0.0053,0.0206,0.6073,8.0630,0,1.0000,5,0,4.3012,0.3282,-36.6234,0.9077,178.1289,0.000,0.000,0.046,0.0000,0.0000,0
2026-05-06,13:00:17,11102,2,0.0400,0.0363,0.0216,0.6358,8.0628,0,1.0000,5,1,4.3878,2.4310,-36.6064,0.6640,178.2034,0.000,0.000,0.042,0.0000,0.0000,0
2026-05-06,13:00:17,11137,2,0.0400,0.1039,0.0134,0.3955,8.0623,0,1.0000,5,1,4.4519,2.3956,-36.5876,0.6102,178.2496,0.000,0.000,0.039,0.0000,0.0000,0
2026-05-06,13:00:17,11173,2,3.1040,0.0601,0.0103,0.3043,8.0616,0,1.0000,388,1,4.5252,2.4705,-36.6409,-1.0090,178.2967,0.000,0.000,0.036,0.0000,0.0000,0
2026-05-06,13:00:17,11208,2,3.1040,3.3448,0.0659,1.9386,8.0478,0,1.0000,388,1,5.3794,20.3875,-36.8752,-5.5181,151.4394,0.000,0.000,0.033,0.0000,0.0000,0
2026-05-06,13:00:17,11244,2,3.1040,2.9623,0.0985,2.8972,8.0243,0,1.0000,388,1,4.8062,-31.7250,-37.3013,-11.0853,155.4474,0.000,0.000,0.047,0.0000,0.0000,0
2026-05-06,13:00:17,11280,2,4.1200,3.3178,0.0627,1.8428,7.9990,0,1.0000,515,1,3.9292,-10.4727,-37.6039,-9.0516,151.7028,0.048,0.000,0.044,0.0000,0.0000,0
2026-05-06,13:00:17,11316,2,4.1200,4.2268,0.0794,2.3342,7.9686,0,1.0000,515,1,5.2868,32.2167,-37.5401,-1.5195,129.0918,0.040,0.000,0.058,0.0000,0.0000,0
2026-05-06,13:00:17,11351,2,4.1200,4.2138,0.0632,1.8580,7.9365,0,1.0000,515,1,4.2114,-32.4098,-37.3743,3.0285,122.2055,0.008,0.000,0.064,0.0000,0.0000,0
2026-05-06,13:00:17,11387,2,4.1200,4.1532,0.0603,1.7729,7.9048,0,1.0000,515,1,4.2239,15.6620,-37.0634,6.5800,98.2548,0.072,0.000,0.061,0.0000,0.0000,0
2026-05-06,13:00:17,11422,2,4.1200,4.1640,0.0501,1.4730,7.8739,0,1.0000,515,1,5.4729,33.0786,-36.9987,3.0127,109.9792,0.040,0.000,0.084,0.0000,0.0000,0
2026-05-06,13:00:17,11458,2,4.1200,4.0812,0.0591,1.7393,7.8422,0,1.0000,515,1,4.8882,-19.1359,-36.9572,1.8441,105.9430,0.008,0.000,0.107,0.0000,0.0000,0
2026-05-06,13:00:17,11494,2,4.1200,4.0662,0.0812,2.3892,7.8111,0,1.0000,515,1,5.1222,11.3252,-36.7971,4.1685,70.5145,0.000,0.000,0.113,0.0000,0.0000,0
2026-05-06,13:00:17,11529,2,4.1200,4.0111,0.0904,2.6598,7.7804,0,1.0000,515,1,5.2626,-1.7931,-36.5399,6.7092,86.4115,0.000,0.000,0.145,0.0000,0.0000,0
2026-05-06,13:00:17,11565,2,4.2880,4.1159,0.1016,2.9878,7.7494,0,1.0000,536,1,4.7160,-11.5285,-36.1999,9.5075,72.2833,0.000,0.000,0.150,0.0000,0.0000,0
2026-05-06,13:00:17,11601,2,4.5280,4.5304,0.1025,3.0139,7.7163,0,1.0000,566,1,4.5967,0.5682,-35.7618,11.8191,55.4123,0.016,0.000,0.147,0.0000,0.0000,0
2026-05-06,13:00:17,11636,2,4.5280,4.4932,0.1103,3.2449,7.6825,0,1.0000,566,1,4.5555,0.9350,-35.4951,8.8565,73.4623,0.000,0.000,0.144,0.0000,0.0000,0
2026-05-06,13:00:17,11671,2,4.5280,4.5169,0.1124,3.3053,7.6485,0,1.0000,566,1,4.7772,8.5981,-35.3629,5.8253,74.9126,0.000,0.000,0.141,0.0000,0.0000,0
2026-05-06,13:00:17,11707,2,5.3440,4.9823,0.1543,4.5382,7.6137,0,1.0000,668,1,5.0561,13.8843,-35.2534,4.0415,64.4465,0.000,0.000,0.146,0.0000,0.0000,0
2026-05-06,13:00:17,11746,2,5.3440,5.3929,0.1301,3.8279,7.5733,0,1.0000,668,1,4.5338,-1.3885,-35.2107,3.1055,71.0513,0.000,0.000,0.144,0.0000,0.0000,0
2026-05-06,13:00:18,11782,2,5.3680,5.5226,0.1186,3.4871,7.5275,0,1.0000,671,1,5.1430,31.9887,-35.0837,3.7119,54.0921,0.000,0.000,0.150,0.0000,0.0000,0
2026-05-06,13:00:18,11817,2,1.3360,5.5167,0.1055,3.1034,7.4858,0,1.0000,167,1,5.9076,19.5098,-34.8639,6.0616,46.2224,0.000,0.000,0.182,0.0000,0.0000,0
2026-05-06,13:00:18,11852,2,0.2400,0.9896,0.0228,0.6716,7.4627,0,1.0000,30,1,4.5535,-36.5143,-34.6591,5.5033,65.7395,0.000,0.000,0.196,0.0000,0.0000,0
2026-05-06,13:00:18,11888,2,0.0000,-0.0796,0.0200,0.5875,7.4617,0,1.0000,0,1,6.5722,60.9753,-34.8282,-1.4753,41.6434,0.000,0.000,0.210,0.0000,0.0000,0
2026-05-06,13:00:18,11924,2,0.0000,0.0127,0.0143,0.4199,7.4617,0,1.0000,0,1,8.4812,47.5897,-34.9963,-3.8050,29.1822,0.000,0.000,0.242,0.0000,0.0000,0
2026-05-06,13:00:18,11959,2,0.0000,-0.0986,0.0276,0.8104,7.4621,0,1.0000,0,1,7.9125,-19.3737,-35.0625,-3.1777,51.4392,0.000,0.000,0.274,0.0000,0.0000,0
2026-05-06,13:00:18,11995,2,0.0000,0.0151,0.0297,0.8741,7.4625,0,1.0000,0,1,7.5124,-3.5720,-35.1626,-4.1301,70.3941,0.000,0.000,0.306,0.0000,0.0000,0
2026-05-06,13:00:18,12031,2,0.0000,0.0282,0.0239,0.7020,7.4621,0,1.0000,0,1,8.7181,38.0133,-35.5277,-8.8446,86.4802,0.000,0.000,0.338,0.0000,0.0000,0
2026-05-06,13:00:18,12066,2,0.0000,0.0147,0.0182,0.5342,7.4619,0,1.0000,0,1,8.8562,-3.7784,-35.8061,-8.5827,100.1814,0.000,0.000,0.370,0.0000,0.0000,0
2026-05-06,13:00:18,12102,2,0.0000,0.0113,0.0163,0.4783,7.4618,0,1.0000,0,1,8.6100,-0.1622,-36.0300,-7.6163,77.4088,0.000,0.000,0.402,0.0000,0.0000,0
2026-05-06,13:00:18,12137,2,0.0000,-0.0020,0.0185,0.5453,7.4618,0,1.0000,0,1,9.4940,25.2178,-36.2257,-6.5438,79.8954,0.000,0.000,0.434,0.0000,0.0000,0
2026-05-06,13:00:18,12172,2,0.0000,0.0053,0.0193,0.5664,7.4618,0,1.0000,0,1,9.2765,-11.6332,-36.3494,-4.8424,94.5330,0.000,0.000,0.466,0.0000,0.0000,0
2026-05-06,13:00:18,12207,2,0.0000,0.0085,0.0178,0.5243,7.4619,0,1.0000,0,1,8.9529,-3.3621,-36.3958,-2.5633,72.6423,0.000,0.000,0.498,0.0000,0.0000,0
2026-05-06,13:00:18,12243,2,0.0000,-0.0070,0.0193,0.5664,7.4619,0,1.0000,0,1,9.5447,15.7981,-36.4603,-2.2690,88.4152,0.000,0.000,0.530,0.0000,0.0000,0
2026-05-06,13:00:18,12278,2,0.0000,-0.0052,0.0199,0.5843,7.4619,0,1.0000,0,1,9.2895,-10.9512,-36.4612,-0.8109,101.7806,0.000,0.000,0.562,0.0000,0.0000,0
2026-05-06,13:00:18,12313,2,0.0000,0.0069,0.0183,0.5385,7.4619,0,1.0000,0,1,9.1799,1.4945,-36.4441,0.2337,73.1555,0.000,0.000,0.594,0.0000,0.0000,0
2026-05-06,13:00:18,12348,2,0.0000,-0.0174,0.0185,0.5453,7.4619,0,1.0000,0,1,9.6187,10.3711,-36.4300,0.0688,82.6026,0.000,0.000,0.626,0.0000,0.0000,0
2026-05-06,13:00:18,12383,2,0.0000,-0.0098,0.0163,0.4791,7.4619,0,1.0000,0,1,9.3434,-9.4622,-36.4178,0.0870,96.8330,0.000,0.000,0.658,0.0000,0.0000,0
2026-05-06,13:00:18,12418,2,3.7680,1.1691,0.1514,4.4519,7.4602,0,1.0000,471,1,9.7519,33.0451,-36.4092,0.7941,61.9871,0.000,0.000,0.690,0.0000,0.0000,0
2026-05-06,13:00:18,12453,2,4.0320,4.1454,0.0747,2.1964,7.4336,0,1.0000,504,1,9.0404,-31.6574,-34.7178,35.9466,27.1966,0.000,0.000,0.722,0.0000,0.0000,0
2026-05-06,13:00:18,12489,2,5.6560,4.5986,0.0619,1.8207,7.4001,0,1.0000,707,1,6.1731,-65.5326,-31.8447,62.0719,-2.7792,0.064,0.000,0.754,0.0000,0.0000,0
2026-05-06,13:00:18,12525,2,7.0240,6.1619,0.1289,3.7899,7.3570,0,1.0000,878,1,4.9701,-17.0658,-29.6369,56.1737,18.2718,0.128,0.000,0.778,0.0000,0.0000,0
2026-05-06,13:00:18,12561,2,7.1520,7.0656,0.1136,3.3402,7.3042,0,1.0000,894,1,5.0996,32.3304,-29.7967,9.6621,39.8750,0.192,0.000,0.783,0.0000,0.0000,0
2026-05-06,13:00:18,12597,2,7.1920,7.1091,0.1343,3.9488,7.2498,0,1.0000,899,1,6.9479,58.8372,-31.5276,-27.2064,38.5934,0.184,0.000,0.815,0.0000,0.0000,0
2026-05-06,13:00:18,12632,2,7.1920,7.0134,0.1417,4.1666,7.1966,0,1.0000,899,1,8.9327,60.3795,-32.5164,-24.5712,5.9436,0.152,0.000,0.847,0.0000,0.0000,0
2026-05-06,13:00:18,12667,2,7.1920,7.0148,0.1750,5.1461,7.1436,0,1.0000,899,1,8.6218,-5.9782,-31.8721,6.3112,-13.8575,0.120,0.000,0.879,0.0000,0.0000,0
2026-05-06,13:00:18,12707,2,7.2960,7.2056,0.1898,5.5834,7.0828,0,1.0000,912,1,8.9349,19.2625,-31.4312,8.5819,0.9758,0.096,0.000,0.903,0.0000,0.0000,0
2026-05-06,13:00:18,12743,2,7.5120,7.6634,0.1517,4.4617,7.0253,0,1.0000,939,1,10.0436,33.5128,-31.1324,9.5323,27.4008,0.064,0.000,0.935,0.0000,0.0000,0
2026-05-06,13:00:19,12778,2,7.5120,7.6613,0.1192,3.5051,6.9673,0,1.0000,939,1,12.0516,63.2360,-30.9589,7.0328,15.6467,0.032,0.000,0.967,0.0000,0.0000,0
2026-05-06,13:00:19,12814,2,5.0880,7.4010,0.1394,4.1006,6.9094,0,1.0000,636,1,13.6081,39.8025,-30.6191,9.3505,20.8404,0.000,0.000,0.999,0.0000,0.0000,0
2026-05-06,13:00:19,12849,2,0.0000,3.2914,-0.2097,6.1665,6.8706,0,1.0000,0,1,13.1609,-18.6039,-30.3326,9.1206,30.2019,0.000,0.000,1.000,0.0000,0.0000,0
2026-05-06,13:00:19,12885,2,0.0000,-0.1664,0.0111,0.3267,6.8739,0,1.0000,0,1,15.6947,79.6832,-30.0235,9.5425,31.3076,0.000,0.000,1.000,0.0000,0.0000,0
2026-05-06,13:00:19,12921,2,0.0000,-0.1054,-0.0022,0.0650,6.8735,0,1.0000,0,1,17.4572,38.2873,-29.7296,9.5782,26.5497,0.000,0.000,0.998,0.0000,0.0000,0
2026-05-06,13:00:19,12956,2,0.0000,-0.0298,-0.0072,0.2126,6.8734,0,1.0000,0,1,17.1685,-5.3971,-29.4373,9.4540,30.0364,0.000,0.000,0.998,0.0000,0.0000,0
2026-05-06,13:00:19,12991,2,0.0000,-0.0538,-0.0038,0.1104,6.8735,0,1.0000,0,1,19.1022,63.8032,-29.1479,9.0389,52.1451,0.000,0.000,0.995,0.0000,0.0000,0
2026-05-06,13:00:19,13027,2,0.0000,-0.1403,0.0043,0.1262,6.8740,0,1.0000,0,1,19.5608,-3.0012,-28.8957,8.2899,37.1495,0.000,0.000,0.992,0.0000,0.0000,0
2026-05-06,13:00:19,13062,2,0.0000,-0.0492,0.0251,0.7369,6.8750,0,1.0000,0,1,17.8482,-46.3340,-28.7974,4.5220,37.3371,0.000,0.000,1.000,0.0000,0.0000,0
2026-05-06,13:00:19,13097,2,0.0000,-0.0016,0.0327,0.9632,6.8755,0,1.0000,0,1,16.9069,-25.8641,-28.8177,0.4656,58.2489,0.064,0.000,1.000,0.0000,0.0000,0
2026-05-06,13:00:19,13133,2,0.0000,0.0894,0.0218,0.6403,6.8752,0,1.0000,0,1,15.1569,-38.5942,-29.1611,-5.9058,48.2588,0.104,0.000,1.000,0.0000,0.0000,0
2026-05-06,13:00:19,13168,2,0.0000,-0.0099,0.0221,0.6500,6.8750,0,1.0000,0,1,15.8290,23.9625,-29.3273,-4.8418,14.2320,0.072,0.000,1.000,0.0000,0.0000,0
2026-05-06,13:00:19,13203,2,0.0000,0.0036,0.0226,0.6636,6.8749,0,1.0000,0,1,17.0089,33.1143,-29.3150,-1.4808,26.1097,0.040,0.000,1.000,0.0000,0.0000,0
2026-05-06,13:00:19,13238,2,0.0000,-0.0263,0.0231,0.6779,6.8750,0,1.0000,0,1,17.3016,9.1710,-29.3198,-0.6065,34.6563,0.008,0.000,1.000,0.0000,0.0000,0
2026-05-06,13:00:19,13274,2,0.0000,-0.0034,0.0252,0.7403,6.8751,0,1.0000,0,1,17.5784,11.5402,-29.2391,1.5855,16.8611,0.000,0.000,1.000,0.0000,0.0000,0
2026-05-06,13:00:19,13309,2,0.0000,-0.0033,0.0251,0.7377,6.8751,0,1.0000,0,1,18.0230,11.7707,-29.2010,1.2392,40.8817,0.000,0.000,1.000,0.0000,0.0000,0
2026-05-06,13:00:19,13344,2,0.0000,0.0035,0.0247,0.7266,6.8751,0,1.0000,0,1,18.4508,14.1027,-29.2818,-1.4063,61.3349,0.000,0.000,1.000,0.0000,0.0000,0
2026-05-06,13:00:19,13379,2,0.0000,-0.0506,0.0328,0.9649,6.8754,0,1.0000,0,1,18.5880,2.6282,-29.7618,-9.8394,78.3681,0.000,0.000,1.000,0.0000,0.0000,0
2026-05-06,13:00:19,13414,2,0.0000,-0.0258,0.0367,1.0793,6.8757,0,1.0000,0,1,17.6721,-27.3147,-30.4315,-14.6401,92.9414,0.000,0.000,1.000,0.0000,0.0000,0
2026-05-06,13:00:19,13450,2,0.0000,-0.0409,0.0415,1.2219,6.8759,0,1.0000,0,0,16.6000,-17.9837,-30.7601,-9.6009,52.1123,0.064,0.000,1.000,0.0000,0.0000,0
2026-05-06,13:00:19,13485,2,0.0000,-0.0175,0.0451,1.3260,6.8762,0,1.0000,0,0,16.8281,15.3977,-30.9063,-4.8075,23.5567,0.128,0.000,1.000,0.0000,0.0000,0
2026-05-06,13:00:19,13520,2,0.0000,-0.0034,0.0459,1.3504,6.8763,0,1.0000,0,0,17.8003,30.3680,-30.5731,5.2782,21.0161,0.096,0.000,1.000,0.0000,0.0000,0
2026-05-06,13:00:19,13555,2,0.0000,-0.0224,0.0502,1.4766,6.8764,0,1.0000,0,0,18.4005,19.8348,-30.5101,3.1102,44.4176,0.064,0.000,1.000,0.0000,0.0000,0
2026-05-06,13:00:19,13590,2,0.0000,-0.0070,0.0508,1.4928,6.8765,0,1.0000,0,0,18.5829,11.2504,-30.4073,4.2478,24.3925,0.032,0.000,1.000,0.0000,0.0000,0
2026-05-06,13:00:19,13625,2,0.0000,0.0015,0.0505,1.4865,6.8765,0,1.0000,0,0,19.5492,34.4230,-30.2343,4.7914,47.3536,0.000,0.000,1.000,0.0000,0.0000,0
2026-05-06,13:00:19,13660,2,0.0000,-0.0034,0.0492,1.4484,6.8765,0,1.0000,0,0,20.0351,22.9961,-30.2536,3.1556,47.8086,0.000,0.000,1.000,0.0000,0.0000,0
2026-05-06,13:00:19,13695,2,0.0000,-0.0034,0.0498,1.4652,6.8765,0,1.0000,0,0,20.9470,27.0734,-30.2085,2.1342,67.2195,0.000,0.000,1.000,0.0000,0.0000,0
2026-05-06,13:00:19,13731,2,0.0000,0.0170,0.0481,1.4158,6.8764,0,1.0000,0,0,21.6910,25.9591,-30.2343,0.8008,55.9328,0.000,0.000,1.000,0.0000,0.0000,0
2026-05-06,13:00:20,13766,2,0.0000,0.0186,0.0453,1.3325,6.8763,0,1.0000,0,0,22.4888,24.9318,-30.1520,2.3496,54.6359,0.000,0.000,1.000,0.0000,0.0000,0
2026-05-06,13:00:20,13801,2,0.0000,0.0161,0.0445,1.3076,6.8761,0,1.0000,0,0,23.0539,17.8746,-30.0275,3.3970,73.1428,0.000,0.000,1.000,0.0000,0.0000,0
2026-05-06,13:00:20,13836,2,0.0000,0.0130,0.0405,1.1899,6.8760,0,1.0000,0,0,23.5493,15.9796,-30.0082,1.4803,88.8983,0.000,0.000,1.000,0.0000,0.0000,0
2026-05-06,13:00:20,13871,2,0.0000,0.0135,0.0372,1.0948,6.8758,0,1.0000,0,0,24.0431,15.5889,-30.0355,0.2712,102.2370,0.000,0.000,1.000,0.0000,0.0000,0
2026-05-06,13:00:20,13906,2,0.0000,-0.0083,0.0361,1.0629,6.8757,0,1.0000,0,0,24.5211,15.4949,-30.0943,-1.0313,113.6033,0.000,0.000,1.000,0.0000,0.0000,0
2026-05-06,13:00:20,13941,2,0.0000,0.0101,0.0367,1.0793,6.8757,0,1.0000,0,0,24.8951,10.6948,-30.2564,-3.2246,123.2078,0.000,0.000,1.000,0.0000,0.0000,0
2026-05-06,13:00:20,13977,2,0.0000,-0.0171,0.0394,1.1583,6.8759,0,1.0000,0,0,24.7780,-5.2385,-30.3791,-2.6725,131.2783,0.000,0.000,1.000,0.0000,0.0000,0
2026-05-06,13:00:20,14012,2,0.0000,-0.0428,0.0467,1.3722,6.8761,0,1.0000,0,0,23.2450,-47.2194,-30.6681,-6.1508,138.0171,0.016,0.000,1.000,0.0000,0.0000,0
2026-05-06,13:00:20,14048,2,0.0000,-0.0640,0.0543,1.5966,6.8765,0,1.0000,0,0,21.0547,-37.0912,-31.2527,-11.7537,143.4347,0.080,0.000,1.000,0.0000,0.0000,0
2026-05-06,13:00:20,14083,2,0.0000,-0.1553,0.0751,2.2084,6.8774,0,1.0000,0,0,23.0374,59.5600,-31.5145,-6.9149,94.8346,0.120,0.000,1.000,0.0000,0.0000,0
2026-05-06,13:00:20,14118,2,0.0000,-0.0498,0.0856,2.5162,6.8783,0,1.0000,0,0,24.7519,51.4029,-31.3996,1.3260,53.5830,0.088,0.000,1.000,0.0000,0.0000,0
2026-05-06,13:00:20,14154,2,0.0000,0.0056,0.0855,2.5151,6.8784,0,1.0000,0,0,25.5199,24.3485,-31.0817,7.8507,53.0240,0.056,0.000,1.000,0.0000,0.0000,0
2026-05-06,13:00:20,14189,2,0.0000,-0.0001,0.0864,2.5423,6.8784,0,1.0000,0,0,26.4897,34.4323,-30.8247,8.2718,64.3718,0.024,0.000,1.000,0.0000,0.0000,0
2026-05-06,13:00:20,14224,2,0.0000,0.0664,0.0787,2.3161,6.8781,0,1.0000,0,0,27.6752,36.8329,-30.6776,7.1449,27.6499,0.000,0.000,1.000,0.0000,0.0000,0
2026-05-06,13:00:20,14259,2,3.4720,1.4756,0.2439,7.1731,6.8755,0,1.0000,434,1,29.0793,61.0248,-30.4474,7.4191,23.9843,0.000,0.000,1.000,0.0000,0.0000,0
2026-05-06,13:00:20,14294,2,3.4720,3.6906,0.1458,4.2895,6.8496,0,1.0000,434,1,29.5412,-7.8009,-30.5373,0.9874,46.6094,0.000,0.000,1.000,0.0000,0.0000,0
2026-05-06,13:00:20,14329,2,3.4720,3.4513,0.1484,4.3638,6.8234,0,1.0000,434,1,28.8145,-11.5580,-30.7656,-3.4346,58.8415,0.000,0.000,1.000,0.0000,0.0000,0
2026-05-06,13:00:20,14365,2,0.6320,1.8939,0.0471,1.3848,6.7996,0,1.0000,79,1,28.6431,-14.3046,-31.2269,-9.1528,36.2311,0.000,0.000,1.000,0.0000,0.0000,0
2026-05-06,13:00:20,14401,2,0.6320,0.2337,0.1548,4.5522,6.7965,0,1.0000,79,1,29.4486,23.7242,-31.3688,-4.6986,38.1583,0.000,0.000,1.000,0.0000,0.0000,0
2026-05-06,13:00:20,14436,2,0.6320,0.6461,0.1462,4.2986,6.7922,0,1.0000,79,1,29.9055,12.5461,-31.4475,-2.3637,37.7966,0.000,0.000,1.000,0.0000,0.0000,0
2026-05-06,13:00:20,14472,2,0.0000,0.2706,0.0965,2.8377,6.7878,0,1.0000,0,1,30.6083,24.1614,-31.5871,-2.9030,31.6934,0.000,0.000,1.000,0.0000,0.0000,0
2026-05-06,13:00:20,14507,2,0.0000,0.2345,0.0676,1.9886,6.7862,0,1.0000,0,1,31.5485,29.0937,-31.4895,2.3620,-0.0331,0.000,0.000,1.000,0.0000,0.0000,0
2026-05-06,13:00:20,14542,2,0.0000,0.2549,0.0170,0.4986,6.7835,0,1.0000,0,1,32.4086,30.4798,-31.2103,6.3145,7.4646,0.000,0.000,1.000,0.0000,0.0000,0
2026-05-06,13:00:20,14578,2,0.0000,0.1189,0.0041,0.1208,6.7825,0,1.0000,0,1,33.7812,40.8196,-31.1073,3.9916,-6.4580,0.000,0.000,0.998,0.0000,0.0000,0
2026-05-06,13:00:20,14615,2,0.0000,-0.0197,0.0028,0.0835,6.7822,0,1.0000,0,1,34.8301,33.7000,-31.0688,3.0621,4.3266,0.000,0.000,0.996,0.0000,0.0000,0
2026-05-06,13:00:20,14650,2,0.0000,0.0185,0.0035,0.1021,6.7821,0,1.0000,0,1,35.5614,20.0220,-31.0299,1.9509,9.3773,0.000,0.000,0.993,0.0000,0.0000,0
2026-05-06,13:00:20,14686,2,0.0000,-0.0077,0.0038,0.1110,6.7822,0,1.0000,0,1,35.8844,3.5893,-30.9523,2.1388,15.4595,0.000,0.000,0.990,0.0000,0.0000,0
2026-05-06,13:00:20,14722,2,0.0000,-0.0313,0.0051,0.1505,6.7823,0,1.0000,0,1,35.3024,-18.8256,-30.8877,1.9390,39.7043,0.000,0.000,0.986,0.0000,0.0000,0
2026-05-06,13:00:21,14758,2,0.0000,-0.1296,0.0255,0.7486,6.7829,0,1.0000,0,1,34.8108,-17.4413,-30.9581,-0.9938,60.2853,0.000,0.000,1.000,0.0000,0.0000,0
2026-05-06,13:00:21,14793,2,0.0000,-0.3161,0.0626,1.8409,6.7845,0,1.0000,0,1,32.3127,-88.9928,-31.3598,-8.4307,77.4210,0.064,0.000,1.000,0.0000,0.0000,0
2026-05-06,13:00:21,14828,2,0.0000,-0.0227,0.0703,2.0681,6.7856,0,1.0000,0,1,27.4867,-105.6450,-32.7318,-28.5792,83.4655,0.128,0.000,1.000,0.0000,0.0000,0
2026-05-06,13:00:21,14864,2,0.0000,0.0353,0.0697,2.0505,6.7857,0,1.0000,0,1,29.9091,64.4310,-32.9920,-9.7343,46.3507,0.192,0.000,1.000,0.0000,0.0000,0
2026-05-06,13:00:21,14899,2,0.0000,0.0208,0.0677,1.9913,6.7856,0,1.0000,0,1,32.0772,56.7044,-32.4256,7.3359,47.0765,0.184,0.000,1.000,0.0000,0.0000,0
2026-05-06,13:00:21,14934,2,0.0000,0.0082,0.0604,1.7769,6.7852,0,1.0000,0,1,32.6990,20.7683,-31.9828,11.0460,66.6426,0.152,0.000,1.000,0.0000,0.0000,0
2026-05-06,13:00:21,14970,2,0.0000,-0.0051,0.0635,1.8686,6.7852,0,1.0000,0,1,34.2599,51.3935,-31.8674,5.5795,48.9190,0.120,0.000,1.000,0.0000,0.0000,0
2026-05-06,13:00:21,15005,2,0.0000,0.0127,0.0596,1.7520,6.7852,0,1.0000,0,1,34.7781,9.8831,-31.7361,5.3872,35.8656,0.088,0.000,1.000,0.0000,0.0000,0
2026-05-06,13:00:21,15040,2,0.0000,0.0478,0.0552,1.6249,6.7850,0,1.0000,0,0,35.0009,15.4708,-31.4973,5.8798,57.1067,0.056,0.000,1.000,0.0000,0.0000,0
2026-05-06,13:00:21,15075,2,0.4800,0.0599,0.0476,1.3985,6.7847,0,1.0000,60,1,36.2202,35.1483,-31.5577,0.9647,21.7596,0.024,0.000,1.000,0.0000,0.0000,0
2026-05-06,13:00:21,15111,2,2.0240,0.7545,0.0619,1.8192,6.7816,0,1.0000,253,1,36.5573,9.1565,-31.5507,0.4430,32.4531,0.000,0.000,1.000,0.0000,0.0000,0
2026-05-06,13:00:21,15146,2,3.3120,2.0168,0.0809,2.3788,6.7702,0,1.0000,414,1,37.1308,24.2947,-31.5229,0.7403,19.8373,0.000,0.000,1.000,0.0000,0.0000,0
2026-05-06,13:00:21,15181,2,3.8640,3.9545,0.1019,2.9959,6.7448,0,1.0000,483,1,37.7604,17.8067,-31.4839,1.0318,4.3194,0.000,0.000,1.000,0.0000,0.0000,0
2026-05-06,13:00:21,15216,2,3.8640,3.6719,0.1344,3.9540,6.7165,0,1.0000,483,1,37.6075,4.4018,-31.3878,2.4361,23.1534,0.000,0.000,1.000,0.0000,0.0000,0
2026-05-06,13:00:21,15252,2,3.8640,3.6133,0.1770,5.2063,6.6892,0,1.0000,483,1,37.6104,-3.7616,-31.3223,1.9624,39.1524,0.000,0.000,1.000,0.0000,0.0000,0
2026-05-06,13:00:21,15288,2,0.0000,1.6352,-0.0037,0.1102,6.6646,0,1.0000,0,1,36.1891,-54.0558,-31.2487,2.0574,53.7131,0.008,0.000,0.999,0.0000,0.0000,0
2026-05-06,13:00:21,15323,2,0.0000,0.0252,0.0760,2.2353,6.6645,0,1.0000,0,1,36.5695,27.9242,-31.1827,2.5153,25.1916,0.072,0.000,1.000,0.0000,0.0000,0
2026-05-06,13:00:21,15358,2,0.0000,0.0031,0.0643,1.8919,6.6637,0,1.0000,0,1,38.9666,73.4963,-30.9792,5.0073,8.8989,0.040,0.000,1.000,0.0000,0.0000,0
2026-05-06,13:00:21,15394,2,0.0000,0.0144,0.0688,2.0229,6.6640,0,1.0000,0,1,38.4726,-29.7109,-30.7428,6.1850,33.7941,0.008,0.000,1.000,0.0000,0.0000,0
2026-05-06,13:00:21,15429,2,0.0000,0.0019,0.0691,2.0310,6.6640,0,1.0000,0,1,37.6923,-6.9768,-30.6482,4.2056,27.7500,0.000,0.000,1.000,0.0000,0.0000,0
2026-05-06,13:00:21,15465,2,0.0000,0.0622,0.0612,1.7998,6.6637,0,1.0000,0,1,39.3761,47.0172,-30.5023,4.7436,11.3311,0.000,0.000,1.000,0.0000,0.0000,0
2026-05-06,13:00:21,15502,2,0.0000,0.0155,0.0605,1.7805,6.6635,0,1.0000,0,1,39.2507,-11.8705,-30.1981,7.4717,35.9199,0.000,0.000,1.000,0.0000,0.0000,0
2026-05-06,13:00:21,15537,2,0.0000,-0.0004,0.0594,1.7464,6.6635,0,1.0000,0,1,38.9782,2.1709,-30.1506,3.2415,22.8661,0.000,0.000,1.000,0.0000,0.0000,0
2026-05-06,13:00:21,15573,2,0.0000,0.0053,0.0605,1.7791,6.6635,0,1.0000,0,1,39.3616,7.0313,-30.1421,2.3955,18.1331,0.000,0.000,1.000,0.0000,0.0000,0
2026-05-06,13:00:21,15609,2,0.0000,-0.0278,0.0654,1.9228,6.6637,0,1.0000,0,1,39.1915,-10.3241,-29.9653,3.8210,41.7218,0.000,0.000,1.000,0.0000,0.0000,0
2026-05-06,13:00:21,15644,2,0.0000,-0.0301,0.0718,2.1119,6.6640,0,1.0000,0,1,39.1523,4.6252,-30.0039,0.6645,21.4256,0.000,0.000,1.000,0.0000,0.0000,0
2026-05-06,13:00:21,15679,2,0.0000,-0.0014,0.0719,2.1149,6.6641,0,1.0000,0,1,39.7169,13.4791,-29.9647,1.1444,19.3146,0.000,0.000,1.000,0.0000,0.0000,0
2026-05-06,13:00:21,15714,2,0.0000,0.0048,0.0710,2.0883,6.6641,0,1.0000,0,1,39.5579,-5.0051,-29.9562,0.3837,42.7716,0.000,0.000,1.000,0.0000,0.0000,0
2026-05-06,13:00:21,15749,2,0.0000,0.0033,0.0711,2.0901,6.6641,0,1.0000,0,1,39.6979,8.5057,-29.9653,0.0347,9.7662,0.000,0.000,1.000,0.0000,0.0000,0
2026-05-06,13:00:22,15784,2,0.0000,-0.0031,0.0721,2.1201,6.6641,0,1.0000,0,1,40.1216,10.3574,-29.9275,0.8269,15.8524,0.000,0.000,1.000,0.0000,0.0000,0
2026-05-06,13:00:22,15820,2,0.0000,-0.0030,0.0715,2.1037,6.6641,0,1.0000,0,1,40.0021,-3.0690,-29.8536,1.6688,32.7292,0.000,0.000,0.998,0.0000,0.0000,0
2026-05-06,13:00:22,15856,2,0.0000,-0.0164,0.0748,2.2010,6.6642,0,1.0000,0,1,40.1288,4.7828,-29.8443,0.7208,1.2233,0.000,0.000,0.994,0.0000,0.0000,0
2026-05-06,13:00:22,15891,2,0.0000,-0.0392,0.0824,2.4243,6.6646,0,1.0000,0,0,39.8625,-10.3487,-29.8322,0.2603,21.3017,0.000,0.000,0.991,0.0000,0.0000,0
2026-05-06,13:00:22,15926,2,0.0000,-0.0237,0.0867,2.5511,6.6649,0,1.0000,0,0,39.1267,-17.8429,-29.9191,-1.6091,44.6975,0.048,0.000,0.988,0.0000,0.0000,0
2026-05-06,13:00:22,15961,2,0.0000,0.0027,0.0848,2.4954,6.6649,0,1.0000,0,0,39.3295,12.0127,-30.0286,-2.4246,17.3828,0.088,0.000,0.985,0.0000,0.0000,0
2026-05-06,13:00:22,15997,2,0.0000,0.0020,0.0880,2.5880,6.6649,0,1.0000,0,0,39.7743,12.7211,-29.9425,1.6304,15.6751,0.056,0.000,0.982,0.0000,0.0000,0
2026-05-06,13:00:22,16032,2,0.0000,0.0038,0.0852,2.5049,6.6648,0,1.0000,0,0,40.1506,15.0363,-29.7875,3.5469,32.7518,0.024,0.000,0.978,0.0000,0.0000,0
2026-05-06,13:00:22,16067,2,0.0000,-0.0033,0.0849,2.4956,6.6648,0,1.0000,0,0,40.6538,14.4609,-29.7482,2.2454,0.8989,0.000,0.000,0.975,0.0000,0.0000,0
2026-05-06,13:00:22,16102,2,0.0000,0.0149,0.0836,2.4586,6.6648,0,1.0000,0,0,40.7195,1.9683,-29.6205,3.8557,21.1614,0.000,0.000,0.972,0.0000,0.0000,0
2026-05-06,13:00:22,16137,2,0.0000,0.0071,0.0821,2.4133,6.6648,0,1.0000,0,0,41.0595,10.2957,-29.4372,4.9170,16.8644,0.000,0.000,0.969,0.0000,0.0000,0
2026-05-06,13:00:22,16172,2,0.0000,-0.0027,0.0876,2.5778,6.6648,0,1.0000,0,0,40.8548,-7.4203,-29.2906,4.6430,8.6156,0.000,0.000,0.966,0.0000,0.0000,0
2026-05-06,13:00:22,16207,2,0.0000,-0.0076,0.0849,2.4959,6.6648,0,1.0000,0,0,40.7344,0.0191,-29.2004,3.2651,33.9520,0.000,0.000,0.962,0.0000,0.0000,0
2026-05-06,13:00:22,16242,2,0.0000,0.0142,0.0839,2.4680,6.6648,0,1.0000,0,0,40.6040,-0.1829,-29.1826,1.4135,21.2644,0.000,0.000,0.959,0.0000,0.0000,0
2026-05-06,13:00:22,16277,2,0.0000,0.0312,0.0821,2.4136,6.6647,0,1.0000,0,0,40.9546,11.4168,-29.1690,0.7016,32.1690,0.000,0.000,0.956,0.0000,0.0000,0
2026-05-06,13:00:22,16312,2,0.2640,0.0227,0.0796,2.3407,6.6646,0,1.0000,33,1,41.5483,19.4869,-29.1514,0.6122,46.8736,0.000,0.000,0.953,0.0000,0.0000,0
2026-05-06,13:00:22,16348,2,3.7760,2.4640,0.1533,4.5098,6.6574,0,1.0000,472,1,41.9335,7.3218,-29.1574,-0.0248,39.8853,0.000,0.000,0.958,0.0000,0.0000,0
2026-05-06,13:00:22,16384,2,4.0400,4.0055,0.1674,4.9238,6.6306,0,1.0000,505,1,39.8521,-52.3484,-29.1806,-0.6986,47.7718,0.016,0.000,0.990,0.0000,0.0000,0
2026-05-06,13:00:22,16420,2,4.0880,3.9558,0.1827,5.3732,6.6000,0,1.0000,511,1,39.8003,23.0561,-29.2297,-1.3767,46.5171,0.080,0.000,1.000,0.0000,0.0000,0
2026-05-06,13:00:22,16455,2,4.0880,3.8306,0.2079,6.1136,6.5707,0,1.0000,511,1,41.5889,52.7077,-29.1637,0.6275,41.0636,0.048,0.000,1.000,0.0000,0.0000,0
2026-05-06,13:00:22,16490,2,0.9200,4.1946,0.1928,5.6720,6.5402,0,1.0000,115,1,41.7432,3.8054,-29.0552,2.1277,61.6520,0.016,0.000,1.000,0.0000,0.0000,0
2026-05-06,13:00:22,16529,2,0.0000,0.4887,0.0483,1.4206,6.5226,0,1.0000,0,1,41.7972,2.9899,-29.0375,1.6635,61.3239,0.000,0.000,1.000,0.0000,0.0000,0
2026-05-06,13:00:22,16564,2,0.0000,0.2820,0.0320,0.9415,6.5211,0,1.0000,0,1,44.4625,80.7761,-29.1473,-1.6172,32.7746,0.000,0.000,1.000,0.0000,0.0000,0
2026-05-06,13:00:22,16600,2,0.0000,-0.0942,0.0495,1.4567,6.5211,0,1.0000,0,1,45.6492,25.0387,-29.1136,0.1644,54.1932,0.000,0.000,1.000,0.0000,0.0000,0
2026-05-06,13:00:22,16635,2,0.0000,0.0138,0.0538,1.5826,6.5216,0,1.0000,0,1,44.7519,-20.6175,-29.0025,1.3687,58.7240,0.000,0.000,1.000,0.0000,0.0000,0
2026-05-06,13:00:22,16670,2,0.0000,-0.1269,0.0702,2.0654,6.5221,0,1.0000,0,1,46.0631,47.8805,-28.9289,2.1869,24.1902,0.000,0.000,1.000,0.0000,0.0000,0
2026-05-06,13:00:22,16705,2,0.0000,-0.0812,0.0818,2.4058,6.5228,0,1.0000,0,1,46.5105,1.3970,-28.4749,9.4895,15.5757,0.000,0.000,1.000,0.0000,0.0000,0
2026-05-06,13:00:22,16740,2,0.0000,0.0055,0.0757,2.2277,6.5228,0,1.0000,0,1,45.6053,-18.2850,-28.0405,9.0490,40.7033,0.000,0.000,1.000,0.0000,0.0000,0
2026-05-06,13:00:23,16775,2,0.0000,0.0651,0.0682,2.0067,6.5225,0,1.0000,0,1,47.1300,51.8134,-28.2691,-2.2555,54.8647,0.000,0.000,1.000,0.0000,0.0000,0
2026-05-06,13:00:23,16811,2,0.0000,0.0400,0.0600,1.7650,6.5220,0,1.0000,0,1,47.8390,10.9478,-28.4389,-3.9225,73.1202,0.000,0.000,1.000,0.0000,0.0000,0
2026-05-06,13:00:23,16846,2,0.0000,0.0111,0.0588,1.7303,6.5219,0,1.0000,0,1,47.2500,-10.7789,-28.4995,-3.2176,67.9403,0.000,0.000,1.000,0.0000,0.0000,0
2026-05-06,13:00:23,16881,2,0.0000,0.0293,0.0546,1.6056,6.5217,0,1.0000,0,1,48.2385,33.3369,-28.5599,-2.1258,31.4187,0.000,0.000,1.000,0.0000,0.0000,0
2026-05-06,13:00:23,16916,2,0.0000,0.0743,0.0430,1.2651,6.5212,0,1.0000,0,1,48.4778,0.4637,-28.4585,0.9370,53.3963,0.000,0.000,1.000,0.0000,0.0000,0
2026-05-06,13:00:23,16951,2,0.0000,-0.0038,0.0435,1.2805,6.5211,0,1.0000,0,1,48.2549,-0.7211,-28.3933,1.0358,38.0024,0.000,0.000,1.000,0.0000,0.0000,0
2026-05-06,13:00:23,16986,2,0.0000,0.0051,0.0430,1.2661,6.5211,0,1.0000,0,1,48.9905,21.6002,-28.3322,1.6240,5.9483,0.000,0.000,1.000,0.0000,0.0000,0
2026-05-06,13:00:23,17022,2,0.0000,0.0057,0.0435,1.2786,6.5211,0,1.0000,0,1,48.8701,-7.4855,-27.9660,7.1907,32.2159,0.000,0.000,1.000,0.0000,0.0000,0
2026-05-06,13:00:23,17057,2,0.0000,-0.0070,0.0442,1.3004,6.5211,0,1.0000,0,1,48.8875,6.5492,-27.6230,8.0577,1.3819,0.000,0.000,1.000,0.0000,0.0000,0
2026-05-06,13:00:23,17092,2,0.0000,-0.0157,0.0449,1.3217,6.5212,0,1.0000,0,1,49.3860,11.7509,-27.3601,7.2627,2.7085,0.000,0.000,1.000,0.0000,0.0000,0
2026-05-06,13:00:23,17128,2,0.0000,-0.0232,0.0485,1.4254,6.5213,0,1.0000,0,0,49.1482,-8.2845,-27.0199,7.7188,22.4599,0.000,0.000,1.000,0.0000,0.0000,0
2026-05-06,13:00:23,17163,2,0.0000,0.0083,0.0486,1.4291,6.5213,0,1.0000,0,0,49.1933,4.8193,-26.8934,3.8357,-7.1325,0.000,0.000,1.000,0.0000,0.0000,0
2026-05-06,13:00:23,17198,2,0.0000,0.0074,0.0472,1.3876,6.5213,0,1.0000,0,0,49.4861,7.1996,-26.8186,2.3386,8.3022,0.000,0.000,1.000,0.0000,0.0000,0
2026-05-06,13:00:23,17233,2,0.0000,-0.0029,0.0482,1.4186,6.5213,0,1.0000,0,0,49.3691,-4.0545,-26.6853,2.4271,34.1535,0.000,0.000,1.000,0.0000,0.0000,0
2026-05-06,13:00:23,17268,2,0.0000,0.0071,0.0452,1.3283,6.5212,0,1.0000,0,0,49.4287,3.7335,-26.7833,-1.6447,2.3888,0.000,0.000,1.000,0.0000,0.0000,0
2026-05-06,13:00:23,17303,2,0.0000,0.0272,0.0405,1.1917,6.5210,0,1.0000,0,0,49.5806,3.5048,-26.8432,-1.7447,28.7358,0.000,0.000,1.000,0.0000,0.0000,0
2026-05-06,13:00:23,17338,2,0.0000,0.0071,0.0386,1.1350,6.5208,0,1.0000,0,0,49.5311,-0.8045,-26.8295,-0.6280,23.3853,0.000,0.000,1.000,0.0000,0.0000,0
2026-05-06,13:00:23,17373,2,0.0000,0.0005,0.0377,1.1088,6.5208,0,1.0000,0,0,49.6314,3.3535,-26.7599,1.3042,-6.6590,0.000,0.000,1.000,0.0000,0.0000,0
2026-05-06,13:00:23,17409,2,0.0000,0.0083,0.0378,1.1112,6.5208,0,1.0000,0,0,49.6464,-0.4558,-26.4781,5.7756,-32.1547,0.000,0.000,0.998,0.0000,0.0000,0
2026-05-06,13:00:23,17444,2,0.0000,-0.0016,0.0403,1.1844,6.5208,0,1.0000,0,0,49.6146,0.5184,-26.0175,10.2997,-53.3080,0.000,0.000,0.995,0.0000,0.0000,0
2026-05-06,13:00:23,17484,2,0.0000,-0.0323,0.0437,1.2847,6.5210,0,1.0000,0,0,49.6719,0.7296,-25.2498,12.8535,-62.0425,0.000,0.000,0.993,0.0000,0.0000,0
2026-05-06,13:00:23,17519,2,0.0000,-0.0267,0.0471,1.3850,6.5212,0,1.0000,0,0,49.4653,-8.3829,-24.5667,16.3868,-78.2874,0.000,0.000,0.990,0.0000,0.0000,0
2026-05-06,13:00:23,17554,2,0.0000,0.0017,0.0473,1.3900,6.5213,0,1.0000,0,0,48.7678,-20.1551,-24.0535,13.0195,-45.0157,0.048,0.000,0.995,0.0000,0.0000,0
2026-05-06,13:00:23,17589,2,0.0000,-0.0062,0.0478,1.4050,6.5213,0,1.0000,0,0,48.6564,2.6371,-24.0091,3.6576,-11.4573,0.112,0.000,1.000,0.0000,0.0000,0
2026-05-06,13:00:23,17624,2,0.0000,0.0265,0.0444,1.3073,6.5212,0,1.0000,0,0,49.0198,8.8912,-24.3271,-5.8323,16.7631,0.104,0.000,1.000,0.0000,0.0000,0
2026-05-06,13:00:23,17659,2,0.0000,0.0341,0.0412,1.2129,6.5210,0,1.0000,0,0,49.2443,8.8751,-24.5682,-6.4391,-12.3252,0.072,0.000,0.997,0.0000,0.0000,0
2026-05-06,13:00:23,17694,2,0.0000,0.0150,0.0409,1.2023,6.5210,0,1.0000,0,0,49.6667,13.0184,-24.6887,-4.8298,-9.4455,0.040,0.000,0.994,0.0000,0.0000,0
2026-05-06,13:00:23,17730,2,0.0000,-0.0004,0.0416,1.2235,6.5209,0,1.0000,0,0,49.8222,4.2211,-24.7458,-2.8206,-22.2114,0.008,0.000,0.990,0.0000,0.0000,0
2026-05-06,13:00:24,17765,2,0.0000,0.0181,0.0407,1.1960,6.5209,0,1.0000,0,0,49.9363,4.8801,-24.7005,-0.1555,-45.4569,0.000,0.000,0.987,0.0000,0.0000,0
2026-05-06,13:00:24,17800,2,0.0000,0.0085,0.0402,1.1821,6.5209,0,1.0000,0,0,50.1988,8.2347,-24.6003,1.6591,-58.5181,0.000,0.000,0.984,0.0000,0.0000,0
2026-05-06,13:00:24,17836,2,0.0000,-0.0066,0.0408,1.2004,6.5209,0,1.0000,0,0,50.2524,0.9658,-24.3490,4.8066,-75.9494,0.000,0.000,0.981,0.0000,0.0000,0
2026-05-06,13:00:24,17871,2,0.0000,0.0034,0.0392,1.1533,6.5209,0,1.0000,0,0,50.3042,3.1669,-24.0963,5.7839,-90.8287,0.000,0.000,0.978,0.0000,0.0000,0
2026-05-06,13:00:24,17906,2,0.0000,0.0155,0.0389,1.1443,6.5208,0,1.0000,0,0,50.5293,6.6709,-23.8637,5.7481,-77.8566,0.000,0.000,0.974,0.0000,0.0000,0
2026-05-06,13:00:24,17941,2,0.0000,0.0088,0.0381,1.1197,6.5208,0,1.0000,0,0,50.5654,0.2753,-23.6333,5.4736,-92.3504,0.000,0.000,0.971,0.0000,0.0000,0
2026-05-06,13:00:24,17976,2,0.0000,-0.0015,0.0386,1.1350,6.5208,0,1.0000,0,0,50.5170,-0.7309,-23.4712,4.0846,-83.6624,0.000,0.000,0.968,0.0000,0.0000,0
2026-05-06,13:00:24,18011,2,0.0000,0.0212,0.0373,1.0958,6.5207,0,1.0000,0,0,50.7241,5.9543,-23.3439,3.0080,-44.0287,0.000,0.000,0.965,0.0000,0.0000,0
2026-05-06,13:00:24,18047,2,0.0000,0.0193,0.0332,0.9775,6.5206,0,1.0000,0,0,50.7306,-1.0308,-23.2602,2.0163,-31.5056,0.000,0.000,0.962,0.0000,0.0000,0
2026-05-06,13:00:24,18082,2,0.0000,0.0114,0.0345,1.0144,6.5206,0,1.0000,0,0,50.7347,1.0369,-23.2007,1.4611,-53.5098,0.000,0.000,0.958,0.0000,0.0000,0
2026-05-06,13:00:24,18118,2,0.0000,0.0009,0.0323,0.9498,6.5205,0,1.0000,0,0,50.8191,2.2945,-23.1354,1.5354,-24.8868,0.000,0.000,0.955,0.0000,0.0000,0
2026-05-06,13:00:24,18153,2,0.0000,0.0094,0.0309,0.9075,6.5204,0,1.0000,0,0,50.8237,-0.1739,-23.0986,1.1872,-35.3487,0.000,0.000,0.952,0.0000,0.0000,0
2026-05-06,13:00:24,18188,2,0.0000,0.0126,0.0303,0.8917,6.5204,0,1.0000,0,0,50.8791,1.9560,-23.0685,1.0071,-56.7702,0.000,0.000,0.949,0.0000,0.0000,0
2026-05-06,13:00:24,18223,2,0.0000,-0.0083,0.0321,0.9449,6.5204,0,1.0000,0,0,50.8833,0.0124,-22.9680,2.1140,-74.9689,0.000,0.000,0.946,0.0000,0.0000,0
2026-05-06,13:00:24,18258,2,0.0000,-0.0012,0.0305,0.8960,6.5204,0,1.0000,0,0,50.8842,0.3771,-22.8941,1.8425,-90.4048,0.000,0.000,0.942,0.0000,0.0000,0
2026-05-06,13:00:24,18293,2,0.0000,0.0153,0.0296,0.8694,6.5204,0,1.0000,0,0,50.9047,0.9850,-22.8727,0.9314,-103.6830,0.000,0.000,0.939,0.0000,0.0000,0
2026-05-06,13:00:24,18328,2,0.0000,0.0106,0.0292,0.8601,6.5203,0,1.0000,0,0,50.9311,0.5563,-22.8481,0.6885,-115.0342,0.000,0.000,0.936,0.0000,0.0000,0
2026-05-06,13:00:24,18363,2,0.0000,0.0117,0.0287,0.8432,6.5203,0,1.0000,0,0,50.8893,-1.6283,-22.7910,1.5111,-124.6462,0.000,0.000,0.933,0.0000,0.0000,0
2026-05-06,13:00:24,18398,2,0.0000,-0.0030,0.0289,0.8505,6.5202,0,1.0000,0,0,50.9285,1.5283,-22.7385,1.4111,-132.8845,0.000,0.000,0.930,0.0000,0.0000,0
2026-05-06,13:00:24,18437,2,0.0000,0.0182,0.0274,0.8071,6.5202,0,1.0000,0,0,50.9525,0.9345,-22.7250,1.0687,-135.6932,0.000,0.000,0.927,0.0000,0.0000,0
2026-05-06,13:00:24,18472,2,0.0000,-0.0085,0.0298,0.8777,6.5202,0,1.0000,0,0,50.9236,-0.8982,-22.7119,0.7316,-142.2023,0.000,0.000,0.924,0.0000,0.0000,0
2026-05-06,13:00:24,18507,2,0.0000,0.0022,0.0294,0.8644,6.5202,0,1.0000,0,0,50.9616,1.2424,-22.6619,1.0541,-147.7410,0.000,0.000,0.921,0.0000,0.0000,0
2026-05-06,13:00:24,18542,2,0.0000,0.0080,0.0282,0.8293,6.5202,0,1.0000,0,0,50.9311,-1.3483,-22.6376,0.7928,-152.4897,0.000,0.000,0.918,0.0000,0.0000,0
2026-05-06,13:00:24,18577,2,0.0000,-0.0022,0.0267,0.7857,6.5202,0,1.0000,0,0,50.9275,0.2995,-22.6264,0.3690,-156.4836,0.000,0.000,0.914,0.0000,0.0000,0
2026-05-06,13:00:24,18612,2,0.0000,0.0048,0.0283,0.8333,6.5202,0,1.0000,0,0,50.9634,0.2621,-22.6325,-0.0609,-159.9638,0.000,0.000,0.911,0.0000,0.0000,0
2026-05-06,13:00:24,18648,2,0.0000,0.0053,0.0269,0.7906,6.5202,0,1.0000,0,0,50.9065,-1.6268,-22.7141,-2.0634,-162.8978,0.000,0.000,0.908,0.0000,0.0000,0
2026-05-06,13:00:24,18683,2,0.0000,0.0031,0.0276,0.8119,6.5202,0,1.0000,0,0,50.9290,0.8138,-22.8295,-2.7891,-165.3475,0.000,0.000,0.905,0.0000,0.0000,0
2026-05-06,13:00:24,18718,2,0.0000,-0.0093,0.0285,0.8391,6.5202,0,1.0000,0,0,50.9544,-0.0400,-22.7973,-0.2741,-167.4715,0.000,0.000,0.902,0.0000,0.0000,0
2026-05-06,13:00:24,18753,2,0.0000,-0.0042,0.0284,0.8342,6.5202,0,1.0000,0,0,50.8956,-2.0437,-22.7468,0.6955,-169.1711,0.000,0.000,0.898,0.0000,0.0000,0
2026-05-06,13:00:25,18788,2,0.0000,0.0064,0.0276,0.8129,6.5202,0,1.0000,0,0,50.9310,1.0623,-22.7599,-0.3667,-170.6263,0.000,0.000,0.895,0.0000,0.0000,0
2026-05-06,13:00:25,18823,2,0.0000,0.0014,0.0276,0.8129,6.5202,0,1.0000,0,0,50.9537,0.5297,-22.7790,-0.6417,-165.3392,0.000,0.000,0.892,0.0000,0.0000,0
2026-05-06,13:00:25,18859,2,0.0000,-0.0031,0.0284,0.8342,6.5202,0,1.0000,0,0,50.9284,-0.5733,-22.7714,-0.1039,-167.3471,0.000,0.000,0.889,0.0000,0.0000,0
2026-05-06,13:00:25,18894,2,0.0000,0.0001,0.0273,0.8032,6.5202,0,1.0000,0,0,50.9466,0.3103,-22.6565,2.2432,-168.7875,0.000,0.000,0.886,0.0000,0.0000,0
2026-05-06,13:00:25,18929,2,0.0000,0.0007,0.0284,0.8342,6.5202,0,1.0000,0,0,50.9165,-1.1010,-22.2609,8.3174,-169.5175,0.000,0.000,0.882,0.0000,0.0000,0
2026-05-06,13:00:25,18965,2,0.0000,0.0010,0.0276,0.8110,6.5202,0,1.0000,0,0,50.8881,-0.3729,-21.7979,10.5060,-170.3037,0.000,0.000,0.879,0.0000,0.0000,0
2026-05-06,13:00:25,19000,2,0.0000,0.0054,0.0266,0.7820,6.5202,0,1.0000,0,0,50.9369,0.6733,-21.5020,8.2748,-130.8438,0.000,0.000,0.876,0.0000,0.0000,0
2026-05-06,13:00:25,19035,2,0.0000,-0.0045,0.0269,0.7906,6.5202,0,1.0000,0,0,50.9147,-1.3369,-21.3794,4.4672,-91.0801,0.000,0.000,0.873,0.0000,0.0000,0
2026-05-06,13:00:25,19071,2,0.0000,0.0012,0.0268,0.7869,6.5202,0,1.0000,0,0,50.9228,0.4724,-21.4333,-0.4167,-50.5708,0.000,0.000,0.870,0.0000,0.0000,0
2026-05-06,13:00:25,19106,2,0.0000,0.0046,0.0266,0.7811,6.5201,0,1.0000,0,0,50.9633,1.0544,-21.5759,-3.0200,-69.8430,0.000,0.000,0.866,0.0000,0.0000,0
2026-05-06,13:00:25,19141,2,0.0000,-0.0014,0.0290,0.8524,6.5201,0,1.0000,0,0,50.9361,-1.3632,-21.6428,-2.2655,-86.1177,0.000,0.000,0.863,0.0000,0.0000,0
2026-05-06,13:00:25,19176,2,0.0000,-0.0033,0.0270,0.7941,6.5202,0,1.0000,0,0,50.9295,-0.2222,-21.5043,2.1090,-99.7934,0.000,0.000,0.860,0.0000,0.0000,0
2026-05-06,13:00:25,19211,2,0.0000,-0.0018,0.0265,0.7799,6.5202,0,1.0000,0,0,50.9125,-0.5964,-21.2314,6.0220,-111.1659,0.000,0.000,0.857,0.0000,0.0000,0
2026-05-06,13:00:25,19246,2,0.0000,0.0092,0.0264,0.7751,6.5202,0,1.0000,0,0,50.8960,-0.1283,-20.8429,9.0431,-120.4113,0.000,0.000,0.854,0.0000,0.0000,0
2026-05-06,13:00:25,19281,2,0.0000,-0.0006,0.0276,0.8108,6.5202,0,1.0000,0,0,50.8709,-1.0260,-20.2770,13.3497,-127.9397,0.000,0.000,0.850,0.0000,0.0000,0
2026-05-06,13:00:25,19316,2,0.0000,-0.0018,0.0270,0.7944,6.5202,0,1.0000,0,0,50.8165,-1.4722,-19.6196,15.7880,-134.3187,0.000,0.000,0.847,0.0000,0.0000,0
2026-05-06,13:00:25,19352,2,0.0000,0.0140,0.0265,0.7799,6.5202,0,1.0000,0,0,50.8525,-0.0158,-18.8165,17.6520,-121.6585,0.000,0.000,0.845,0.0000,0.0000,0
2026-05-06,13:00:25,19387,2,0.0000,0.0003,0.0265,0.7799,6.5202,0,1.0000,0,0,50.8567,-0.2730,-18.7765,5.3487,-76.3742,0.000,0.000,0.842,0.0000,0.0000,0
2026-05-06,13:00:25,19422,2,0.0000,0.0012,0.0262,0.7715,6.5202,0,1.0000,0,0,50.8510,0.2086,-19.0324,-3.9403,-38.2040,0.000,0.000,0.838,0.0000,0.0000,0
2026-05-06,13:00:25,19457,2,0.0000,0.0012,0.0266,0.7810,6.5202,0,1.0000,0,0,50.8531,-0.3622,-19.3015,-6.6216,-59.2659,0.000,0.000,0.835,0.0000,0.0000,0
2026-05-06,13:00:25,19492,2,0.0000,-0.0063,0.0276,0.8130,6.5202,0,1.0000,0,0,50.8362,-0.4713,-19.4379,-4.8589,-77.1615,0.000,0.000,0.832,0.0000,0.0000,0
2026-05-06,13:00:25,19527,2,0.0000,0.0069,0.0271,0.7976,6.5202,0,1.0000,0,0,50.8451,0.4039,-19.4593,-2.1888,-92.4024,0.000,0.000,0.829,0.0000,0.0000,0
2026-05-06,13:00:25,19562,2,0.0000,0.0012,0.0258,0.7597,6.5202,0,1.0000,0,0,50.8680,0.2489,-19.4548,-0.6649,-105.3309,0.000,0.000,0.826,0.0000,0.0000,0
2026-05-06,13:00:25,19597,2,0.0000,0.0045,0.0261,0.7680,6.5202,0,1.0000,0,0,50.8492,-1.1603,-19.4084,0.6403,-116.2730,0.000,0.000,0.822,0.0000,0.0000,0
2026-05-06,13:00:25,19632,2,0.0000,-0.0040,0.0265,0.7799,6.5202,0,1.0000,0,0,50.8440,0.3542,-19.2989,2.4084,-125.5547,0.000,0.000,0.819,0.0000,0.0000,0
2026-05-06,13:00:25,19667,2,0.0000,0.0045,0.0260,0.7645,6.5202,0,1.0000,0,0,50.8573,0.0155,-19.1093,4.4549,-133.1714,0.000,0.000,0.816,0.0000,0.0000,0
2026-05-06,13:00:25,19702,2,0.0000,-0.0047,0.0269,0.7917,6.5202,0,1.0000,0,0,50.7595,-3.0741,-18.8575,5.8579,-125.4323,0.000,0.000,0.813,0.0000,0.0000,0
2026-05-06,13:00:25,19737,2,0.0000,0.0215,0.0243,0.7158,6.5201,0,1.0000,0,0,50.8398,2.7686,-18.7783,3.0895,-93.5950,0.000,0.000,0.810,0.0000,0.0000,0
2026-05-06,13:00:26,19772,2,0.0000,0.0001,0.0262,0.7704,6.5201,0,1.0000,0,0,50.8917,0.4271,-18.8110,0.1420,-106.3089,0.000,0.000,0.806,0.0000,0.0000,0
2026-05-06,13:00:26,19807,2,0.0000,-0.0010,0.0253,0.7445,6.5201,0,1.0000,0,0,50.7912,-2.6595,-18.8232,-0.2804,-116.9247,0.000,0.000,0.803,0.0000,0.0000,0
2026-05-06,13:00:26,19842,2,0.0000,0.0043,0.0270,0.7944,6.5201,0,1.0000,0,0,50.8305,1.5976,-18.7036,1.9778,-125.7954,0.000,0.000,0.800,0.0000,0.0000,0
2026-05-06,13:00:26,19877,2,0.0000,0.0027,0.0253,0.7445,6.5201,0,1.0000,0,0,50.8316,-0.1922,-18.5806,2.2939,-133.4791,0.000,0.000,0.797,0.0000,0.0000,0
2026-05-06,13:00:26,19912,2,0.0000,0.0172,0.0247,0.7278,6.5201,0,1.0000,0,0,50.8007,-0.7012,-18.5534,0.8028,-125.9300,0.000,0.000,0.794,0.0000,0.0000,0
2026-05-06,13:00:26,19947,2,0.0000,0.0172,0.0235,0.6914,6.5200,0,1.0000,0,0,50.9434,5.0669,-18.6258,-1.3640,-101.1778,0.000,0.000,0.790,0.0000,0.0000,0
2026-05-06,13:00:26,19982,2,0.0000,0.0085,0.0215,0.6320,6.5199,0,1.0000,0,0,51.3029,11.4198,-18.6675,-1.1843,-112.8114,0.000,0.000,0.787,0.0000,0.0000,0
2026-05-06,13:00:26,20017,2,0.0000,-0.0032,0.0211,0.6211,6.5199,0,1.0000,0,0,51.7111,9.9540,-18.6773,-0.6371,-122.6687,0.000,0.000,0.784,0.0000,0.0000,0
2026-05-06,13:00:26,20052,2,0.0000,-0.0041,0.0193,0.5682,6.5199,0,1.0000,0,0,51.7218,-3.3718,-18.6721,-0.0972,-131.1373,0.000,0.000,0.781,0.0000,0.0000,0
2026-05-06,13:00:26,20088,2,0.0000,0.0009,0.0213,0.6256,6.5199,0,1.0000,0,0,51.3388,-11.9571,-18.7006,-0.8680,-138.2262,0.000,0.000,0.778,0.0000,0.0000,0
2026-05-06,13:00:26,20123,2,0.0000,-0.0170,0.0229,0.6744,6.5199,0,1.0000,0,0,51.0350,-10.2381,-18.6276,1.1806,-143.8885,0.000,0.000,0.774,0.0000,0.0000,0
2026-05-06,13:00:26,20158,2,0.0000,0.0027,0.0237,0.6976,6.5200,0,1.0000,0,0,50.7606,-10.4337,-18.2688,7.3181,-148.2153,0.000,0.000,0.771,0.0000,0.0000,0
2026-05-06,13:00:26,20194,2,0.0000,-0.0144,0.0248,0.7295,6.5200,0,1.0000,0,0,50.4787,-8.3036,-17.6619,12.7678,-151.5204,0.000,0.000,0.768,0.0000,0.0000,0
2026-05-06,13:00:26,20229,2,0.0000,-0.0059,0.0224,0.6595,6.5200,0,1.0000,0,0,50.3364,-4.6026,-16.9328,17.1730,-154.2420,0.000,0.000,0.765,0.0000,0.0000,0
2026-05-06,13:00:26,20270,2,0.0000,0.0128,0.0231,0.6790,6.5200,0,1.0000,0,0,50.2641,-4.3692,-15.9915,16.3703,-133.8158,0.000,0.000,0.762,0.0000,0.0000,0
2026-05-06,13:00:26,20305,2,0.0000,0.0052,0.0241,0.7082,6.5200,0,1.0000,0,0,50.1562,-3.1645,-15.8643,6.4279,-99.6683,0.000,0.000,0.759,0.0000,0.0000,0
2026-05-06,13:00:26,20340,2,0.0000,-0.0012,0.0234,0.6870,6.5200,0,1.0000,0,0,50.0142,-5.8234,-15.8845,0.5693,-57.5811,0.000,0.000,0.756,0.0000,0.0000,0
2026-05-06,13:00:26,20375,2,0.0000,0.0072,0.0229,0.6728,6.5200,0,1.0000,0,0,49.8547,-4.1297,-16.0942,-4.5014,-22.1397,0.000,0.000,0.753,0.0000,0.0000,0
2026-05-06,13:00:26,20410,2,0.0000,-0.0007,0.0207,0.6090,6.5200,0,1.0000,0,0,49.8703,0.0900,-16.2871,-5.1838,-45.5584,0.000,0.000,0.750,0.0000,0.0000,0
2026-05-06,13:00:26,20445,2,0.0000,0.0031,0.0239,0.7020,6.5200,0,1.0000,0,0,49.7627,-4.2528,-16.3254,-2.5292,-65.4086,0.000,0.000,0.746,0.0000,0.0000,0
2026-05-06,13:00:26,20480,2,0.0000,0.0128,0.0221,0.6489,6.5199,0,1.0000,0,0,49.6761,-2.0952,-16.3229,-0.8880,-82.3815,0.000,0.000,0.743,0.0000,0.0000,0
2026-05-06,13:00:26,20515,2,0.0000,0.0102,0.0214,0.6298,6.5199,0,1.0000,0,0,49.7300,1.7226,-16.3267,-0.4477,-96.7945,0.000,0.000,0.740,0.0000,0.0000,0
2026-05-06,13:00:26,20550,2,0.0000,-0.0049,0.0218,0.6425,6.5199,0,1.0000,0,0,49.7743,0.9742,-16.3250,-0.1079,-109.0206,0.000,0.000,0.737,0.0000,0.0000,0
2026-05-06,13:00:26,20585,2,0.0000,-0.0022,0.0223,0.6552,6.5199,0,1.0000,0,0,49.9430,5.3758,-16.3330,-0.2572,-119.4789,0.000,0.000,0.734,0.0000,0.0000,0
2026-05-06,13:00:26,20620,2,0.0000,0.0011,0.0210,0.6170,6.5199,0,1.0000,0,0,50.3211,9.9885,-16.3529,-0.6633,-128.3672,0.000,0.000,0.730,0.0000,0.0000,0
2026-05-06,13:00:26,20655,2,0.0000,0.0005,0.0213,0.6276,6.5199,0,1.0000,0,0,50.3977,-2.2684,-16.3974,-1.1977,-135.8718,0.000,0.000,0.727,0.0000,0.0000,0
2026-05-06,13:00:26,20690,2,0.0000,-0.0049,0.0223,0.6552,6.5199,0,1.0000,0,0,49.9956,-12.4638,-16.4171,-0.9326,-142.1764,0.000,0.000,0.724,0.0000,0.0000,0
2026-05-06,13:00:26,20725,2,0.0000,-0.0151,0.0254,0.7480,6.5199,0,1.0000,0,0,49.6721,-10.9222,-16.3139,1.6820,-147.2064,0.000,0.000,0.721,0.0000,0.0000,0
2026-05-06,13:00:27,20760,2,0.0000,0.0090,0.0237,0.6976,6.5200,0,1.0000,0,0,49.3701,-10.2043,-15.8797,8.8855,-150.8460,0.000,0.000,0.718,0.0000,0.0000,0
2026-05-06,13:00:27,20795,2,0.0000,-0.0090,0.0231,0.6791,6.5200,0,1.0000,0,0,49.0701,-9.6739,-15.0304,18.5442,-153.4115,0.000,0.000,0.714,0.0000,0.0000,0
2026-05-06,13:00:27,20830,2,0.0000,-0.0010,0.0247,0.7278,6.5200,0,1.0000,0,0,48.8361,-7.2776,-14.0521,23.2336,-155.4596,0.000,0.000,0.711,0.0000,0.0000,0
2026-05-06,13:00:27,20865,2,0.0000,-0.0169,0.0255,0.7504,6.5201,0,1.0000,0,0,48.7095,-4.5052,-13.1473,22.8051,-157.2493,0.000,0.000,0.708,0.0000,0.0000,0
2026-05-06,13:00:27,20901,2,0.0000,0.0007,0.0287,0.8439,6.5202,0,1.0000,0,0,48.4859,-7.7654,-12.3924,19.1083,-131.1797,0.048,0.000,0.705,0.0000,0.0000,0
2026-05-06,13:00:27,20937,2,0.0000,-0.0100,0.0298,0.8775,6.5203,0,1.0000,0,0,48.2988,-5.3708,-12.1528,7.9968,-84.2007,0.112,0.000,0.737,0.0000,0.0000,0
2026-05-06,13:00:27,20972,2,0.0000,-0.0061,0.0285,0.8382,6.5203,0,1.0000,0,0,48.2591,-1.7198,-12.4232,-3.8222,-44.8586,0.152,0.000,0.769,0.0000,0.0000,0
2026-05-06,13:00:27,21007,2,0.0000,0.0022,0.0292,0.8602,6.5203,0,1.0000,0,0,48.1144,-4.9288,-12.7515,-7.4938,-58.5698,0.120,0.000,0.801,0.0000,0.0000,0
2026-05-06,13:00:27,21042,2,0.0000,-0.0051,0.0294,0.8646,6.5203,0,1.0000,0,0,48.0387,-1.7872,-12.8908,-5.4341,-76.4707,0.088,0.000,0.833,0.0000,0.0000,0
2026-05-06,13:00:27,21077,2,0.0000,-0.0027,0.0301,0.8859,6.5203,0,1.0000,0,0,48.0485,-0.3949,-12.9787,-3.7217,-91.7876,0.056,0.000,0.865,0.0000,0.0000,0
2026-05-06,13:00:27,21112,2,0.0000,0.0120,0.0287,0.8439,6.5203,0,1.0000,0,0,47.9097,-4.3533,-13.0595,-2.9792,-104.6523,0.024,0.000,0.862,0.0000,0.0000,0
2026-05-06,13:00:27,21148,2,0.0000,-0.0012,0.0289,0.8504,6.5203,0,1.0000,0,0,47.8641,-0.6518,-13.0807,-1.2906,-115.7288,0.000,0.000,0.858,0.0000,0.0000,0
2026-05-06,13:00:27,21188,2,0.0000,0.0007,0.0276,0.8128,6.5202,0,1.0000,0,0,47.8834,-0.1273,-13.0444,-0.2563,-120.6714,0.000,0.000,0.856,0.0000,0.0000,0
2026-05-06,13:00:27,21223,2,0.0000,0.0019,0.0274,0.8070,6.5203,0,1.0000,0,0,47.8450,-1.6749,-12.9671,1.4289,-129.2138,0.000,0.000,0.853,0.0000,0.0000,0
2026-05-06,13:00:27,21258,2,0.0000,0.0051,0.0276,0.8128,6.5202,0,1.0000,0,0,47.7900,-1.4634,-12.9405,1.0793,-136.6648,0.000,0.000,0.850,0.0000,0.0000,0
2026-05-06,13:00:27,21293,2,0.0000,-0.0065,0.0291,0.8546,6.5202,0,1.0000,0,0,47.7780,-0.0645,-12.8787,1.6763,-142.9399,0.000,0.000,0.846,0.0000,0.0000,0
2026-05-06,13:00:27,21328,2,0.0000,0.0074,0.0279,0.8196,6.5202,0,1.0000,0,0,47.7966,0.2935,-12.8157,1.7610,-148.1740,0.000,0.000,0.843,0.0000,0.0000,0
2026-05-06,13:00:27,21363,2,0.0000,-0.0072,0.0280,0.8226,6.5202,0,1.0000,0,0,47.7751,-0.6308,-12.7827,1.1633,-152.7675,0.000,0.000,0.840,0.0000,0.0000,0
2026-05-06,13:00:27,21398,2,0.0000,0.0026,0.0267,0.7858,6.5202,0,1.0000,0,0,47.7245,-1.7278,-12.7682,0.6769,-156.6366,0.000,0.000,0.837,0.0000,0.0000,0
2026-05-06,13:00:27,21433,2,0.0000,-0.0036,0.0283,0.8323,6.5202,0,1.0000,0,0,47.7495,0.6742,-12.7907,-0.4000,-159.8570,0.000,0.000,0.834,0.0000,0.0000,0
2026-05-06,13:00:27,21468,2,0.0000,-0.0019,0.0284,0.8342,6.5202,0,1.0000,0,0,47.7573,-0.5077,-12.8307,-0.9924,-162.7095,0.000,0.000,0.830,0.0000,0.0000,0
2026-05-06,13:00:27,21503,2,0.0000,0.0039,0.0278,0.8168,6.5202,0,1.0000,0,0,47.6906,-1.2644,-12.9061,-2.0608,-165.0977,0.000,0.000,0.827,0.0000,0.0000,0
2026-05-06,13:00:27,21538,2,0.0000,0.0017,0.0276,0.8129,6.5202,0,1.0000,0,0,47.7272,0.7875,-12.9827,-2.1739,-167.0644,0.000,0.000,0.824,0.0000,0.0000,0
2026-05-06,13:00:27,21573,2,0.0000,0.0060,0.0277,0.8140,6.5202,0,1.0000,0,0,47.7238,-1.1621,-13.0102,-1.2254,-168.8286,0.000,0.000,0.821,0.0000,0.0000,0
2026-05-06,13:00:27,21608,2,0.0000,0.0067,0.0272,0.8012,6.5202,0,1.0000,0,0,47.6978,-0.2063,-13.0101,-0.4994,-170.2918,0.000,0.000,0.818,0.0000,0.0000,0
2026-05-06,13:00:27,21645,2,3.8000,3.4058,0.1445,4.2502,6.5111,0,1.0000,475,1,48.1760,17.9877,-12.9809,0.4283,-157.8569,0.000,0.000,0.814,0.0000,0.0000,0
2026-05-06,13:00:27,21680,2,3.8000,3.9088,0.1434,4.2164,6.4831,0,1.0000,475,1,47.1546,-41.0501,-12.9961,-0.5435,-160.5509,0.016,0.000,0.846,0.0000,0.0000,0
2026-05-06,13:00:27,21715,2,4.0400,4.0160,0.1053,3.0961,6.4532,0,1.0000,505,1,46.7331,-2.8673,-12.9090,1.7424,-122.5664,0.080,0.000,0.878,0.0000,0.0000,0
2026-05-06,13:00:27,21751,2,4.0400,4.0052,0.1201,3.5315,6.4229,0,1.0000,505,1,47.9840,32.6497,-12.8531,0.6940,-85.0272,0.072,0.000,0.910,0.0000,0.0000,0
2026-05-06,13:00:28,21786,2,4.0400,3.9979,0.1265,3.7197,6.3934,0,1.0000,505,1,47.1670,-30.8501,-13.0601,-3.5571,-98.2024,0.040,0.000,0.942,0.0000,0.0000,0
2026-05-06,13:00:28,21822,2,0.0000,4.1151,0.1248,3.6705,6.3620,0,1.0000,0,1,46.4608,-10.8267,-13.0030,-0.1042,-82.5944,0.104,0.000,0.974,0.0000,0.0000,0
2026-05-06,13:00:28,21858,2,0.0000,-0.2285,0.0108,0.3185,6.3475,0,1.0000,0,1,47.7467,41.7868,-13.0452,-1.3598,-51.3083,0.120,0.000,1.000,0.0000,0.0000,0
2026-05-06,13:00:28,21893,2,0.0000,0.0083,0.0172,0.5063,6.3475,0,1.0000,0,1,49.3742,41.9265,-13.2241,-4.1582,-69.8259,0.088,0.000,1.000,0.0000,0.0000,0
2026-05-06,13:00:28,21928,2,0.0000,-0.0808,0.0246,0.7232,6.3477,0,1.0000,0,1,49.2640,-12.0657,-13.3952,-4.4187,-85.7272,0.056,0.000,1.000,0.0000,0.0000,0
2026-05-06,13:00:28,21964,2,0.0000,-0.1924,0.0582,1.7113,6.3493,0,1.0000,0,1,48.2377,-31.0285,-13.4479,-2.7313,-46.4191,0.024,0.000,1.000,0.0000,0.0000,0
2026-05-06,13:00:28,21999,2,0.0000,0.0049,0.0512,1.5047,6.3494,0,1.0000,0,1,47.8307,-7.2281,-13.4494,-0.8036,-59.9269,0.088,0.000,1.000,0.0000,0.0000,0
2026-05-06,13:00:28,22034,2,0.0000,0.0615,0.0420,1.2341,6.3490,0,1.0000,0,1,48.2424,9.4903,-13.3119,2.6398,-77.2076,0.104,0.000,1.000,0.0000,0.0000,0
2026-05-06,13:00:28,22070,2,0.0000,-0.0227,0.0460,1.3515,6.3490,0,1.0000,0,1,47.9515,-10.9094,-13.2318,2.1503,-51.6184,0.072,0.000,1.000,0.0000,0.0000,0
2026-05-06,13:00:28,22110,2,0.0000,-0.0068,0.0476,1.4011,6.3492,0,1.0000,0,1,47.8302,-5.9756,-13.2654,1.2932,-54.7140,0.048,0.000,1.000,0.0000,0.0000,0
2026-05-06,13:00:28,22145,2,0.0000,0.0065,0.0476,1.4012,6.3492,0,1.0000,0,1,47.8699,0.4930,-13.1643,2.5188,-72.9837,0.016,0.000,1.000,0.0000,0.0000,0
2026-05-06,13:00:28,22180,2,0.0000,-0.0107,0.0481,1.4159,6.3492,0,1.0000,0,1,47.6978,-6.0600,-13.0652,2.6032,-48.8287,0.000,0.000,1.000,0.0000,0.0000,0
2026-05-06,13:00:28,22215,2,0.0000,0.0162,0.0462,1.3595,6.3491,0,1.0000,0,1,47.6061,-1.9183,-13.0483,1.1839,-68.0707,0.000,0.000,0.999,0.0000,0.0000,0
2026-05-06,13:00:28,22250,2,0.0000,0.0098,0.0457,1.3447,6.3492,0,1.0000,0,1,47.5494,-2.7448,-13.0388,0.6409,-84.4549,0.000,0.000,0.996,0.0000,0.0000,0
2026-05-06,13:00:28,22285,2,0.0000,-0.0001,0.0468,1.3761,6.3492,0,1.0000,0,1,47.4448,-3.2005,-13.0347,0.1948,-78.8597,0.000,0.000,0.993,0.0000,0.0000,0
2026-05-06,13:00:28,22320,2,0.0000,0.0043,0.0461,1.3562,6.3491,0,1.0000,0,1,47.4128,-0.8172,-13.0592,-0.3970,-93.6147,0.000,0.000,0.990,0.0000,0.0000,0
2026-05-06,13:00:28,22356,2,0.0880,0.0534,0.0502,1.4761,6.3489,0,1.0000,11,1,47.4364,0.4402,-13.0519,0.0766,-106.2291,0.000,0.000,0.986,0.0000,0.0000,0
2026-05-06,13:00:28,22391,2,0.0880,0.1043,0.0472,1.3869,6.3483,0,1.0000,11,1,47.3286,-3.8226,-12.9996,1.0417,-110.7362,0.000,0.000,0.983,0.0000,0.0000,0
2026-05-06,13:00:28,22427,2,0.0880,0.1141,0.0423,1.2441,6.3472,0,1.0000,11,1,47.2631,-1.4503,-13.0010,0.2052,-120.8101,0.000,0.000,0.980,0.0000,0.0000,0
2026-05-06,13:00:28,22463,2,2.7200,3.9004,0.1492,4.3875,6.3368,0,1.0000,340,1,46.3596,-50.2016,-13.2537,-6.0473,-95.5643,0.016,0.000,0.986,0.0000,0.0000,0
2026-05-06,13:00:28,22498,2,2.7200,2.9456,0.0817,2.4016,6.3112,0,1.0000,340,1,42.1299,-70.8570,-14.1138,-17.5783,-95.5313,0.080,0.000,1.000,0.0000,0.0000,0
2026-05-06,13:00:28,22533,2,0.5920,0.9682,-0.0134,0.3951,6.2939,0,1.0000,74,1,44.0555,70.2816,-14.4143,-10.4937,-101.0391,0.120,0.000,1.000,0.0000,0.0000,0
2026-05-06,13:00:28,22569,2,0.0000,0.0518,-0.0136,0.4007,6.2909,0,1.0000,0,1,47.6356,106.9241,-14.3260,-2.3642,-112.3275,0.088,0.000,1.000,0.0000,0.0000,0
2026-05-06,13:00:28,22604,2,0.0000,0.0086,-0.0067,0.1976,6.2912,0,1.0000,0,1,48.8161,23.9064,-14.3211,-0.7158,-121.9809,0.056,0.000,0.997,0.0000,0.0000,0
2026-05-06,13:00:28,22640,2,0.0000,-0.1078,-0.0004,0.0105,6.2914,0,1.0000,0,1,48.7223,-8.0449,-14.3634,-1.2427,-102.8826,0.024,0.000,0.994,0.0000,0.0000,0
2026-05-06,13:00:28,22676,2,0.0000,-0.0402,0.0240,0.7061,6.2926,0,1.0000,0,1,49.5145,22.7685,-14.5121,-3.4264,-88.5406,0.000,0.000,1.000,0.0000,0.0000,0
2026-05-06,13:00:28,22712,2,0.0000,0.0026,0.0214,0.6301,6.2926,0,1.0000,0,1,48.7970,-18.7168,-14.6237,-2.5387,-101.7773,0.000,0.000,1.000,0.0000,0.0000,0
2026-05-06,13:00:28,22748,2,0.0000,0.0345,0.0200,0.5874,6.2925,0,1.0000,0,1,49.1720,16.0224,-14.4855,1.9827,-78.9567,0.000,0.000,1.000,0.0000,0.0000,0
2026-05-06,13:00:29,22783,2,0.0000,0.0221,0.0130,0.3816,6.2922,0,1.0000,0,1,49.6080,6.6808,-14.3953,2.4334,-81.1673,0.000,0.000,1.000,0.0000,0.0000,0
2026-05-06,13:00:29,22818,2,0.0000,-0.0015,0.0115,0.3393,6.2921,0,1.0000,0,1,49.1362,-12.5039,-14.3839,0.8138,-95.5160,0.000,0.000,1.000,0.0000,0.0000,0
2026-05-06,13:00:29,22854,2,0.0000,0.0023,0.0133,0.3906,6.2921,0,1.0000,0,1,49.4790,11.8383,-14.4422,-1.0447,-67.1291,0.000,0.000,1.000,0.0000,0.0000,0
2026-05-06,13:00:29,22889,2,0.0000,-0.0016,0.0113,0.3329,6.2920,0,1.0000,0,1,49.5738,-1.4884,-14.4794,-1.1115,-77.5046,0.000,0.000,1.000,0.0000,0.0000,0
2026-05-06,13:00:29,22924,2,0.0000,0.0029,0.0123,0.3605,6.2920,0,1.0000,0,1,49.2454,-7.4437,-14.5544,-1.8832,-92.6524,0.000,0.000,1.000,0.0000,0.0000,0
2026-05-06,13:00:29,22959,2,0.0000,0.0048,0.0113,0.3329,6.2920,0,1.0000,0,1,49.5055,8.0454,-14.6646,-2.6716,-105.8406,0.000,0.000,1.000,0.0000,0.0000,0
2026-05-06,13:00:29,22994,2,0.0000,-0.0024,0.0120,0.3520,6.2920,0,1.0000,0,1,49.4177,-6.1490,-14.7472,-2.4714,-116.6418,0.000,0.000,1.000,0.0000,0.0000,0
2026-05-06,13:00:29,23034,2,0.0000,0.0037,0.0122,0.3583,6.2920,0,1.0000,0,1,49.3735,-0.6870,-14.7464,-1.2914,-114.3514,0.000,0.000,1.000,0.0000,0.0000,0
2026-05-06,13:00:29,23069,2,0.0000,0.0637,0.0066,0.1947,6.2918,0,1.0000,0,1,49.6861,8.0774,-14.7532,-0.7848,-98.3910,0.000,0.000,0.998,0.0000,0.0000,0
2026-05-06,13:00:29,23105,2,0.0000,-0.0061,0.0040,0.1173,6.2916,0,1.0000,0,1,49.6823,-1.1470,-14.7536,-0.3068,-110.1831,0.000,0.000,0.994,0.0000,0.0000,0
2026-05-06,13:00:29,23140,2,0.0000,0.0059,0.0035,0.1021,6.2916,0,1.0000,0,1,50.2748,18.7533,-14.7932,-1.0569,-120.4726,0.000,0.000,0.991,0.0000,0.0000,0
2026-05-06,13:00:29,23175,2,0.0000,-0.0058,0.0036,0.1067,6.2916,0,1.0000,0,1,50.9868,13.7782,-14.8339,-1.2681,-129.3894,0.000,0.000,0.988,0.0000,0.0000,0
2026-05-06,13:00:29,23210,2,0.0000,-0.0085,0.0040,0.1167,6.2916,0,1.0000,0,1,50.6783,-14.6595,-14.9770,-3.4397,-136.9802,0.000,0.000,0.985,0.0000,0.0000,0
2026-05-06,13:00:29,23245,2,0.0000,0.0087,0.0038,0.1117,6.2916,0,1.0000,0,0,50.1066,-15.0834,-15.2532,-6.3975,-122.6100,0.000,0.000,0.982,0.0000,0.0000,0
2026-05-06,13:00:29,23280,2,0.0000,-0.0001,0.0042,0.1230,6.2916,0,1.0000,0,0,49.7164,-15.6202,-15.6586,-9.6735,-85.3020,0.000,0.000,0.978,0.0000,0.0000,0
2026-05-06,13:00:29,23315,2,0.0000,-0.0012,0.0045,0.1330,6.2916,0,1.0000,0,0,49.0246,-21.4839,-16.2050,-13.0725,-93.9526,0.000,0.000,0.975,0.0000,0.0000,0
2026-05-06,13:00:29,23350,2,0.0000,-0.0033,0.0021,0.0626,6.2916,0,1.0000,0,0,48.6974,-9.4811,-16.7065,-12.7242,-107.5480,0.000,0.000,0.972,0.0000,0.0000,0
2026-05-06,13:00:29,23385,2,0.0000,-0.0025,0.0029,0.0867,6.2916,0,1.0000,0,0,48.4214,-10.5471,-17.0088,-8.8255,-118.8484,0.000,0.000,0.969,0.0000,0.0000,0
2026-05-06,13:00:29,23420,2,0.0000,0.0019,0.0049,0.1450,6.2916,0,1.0000,0,0,48.0571,-10.7464,-17.2224,-6.0471,-128.3981,0.000,0.000,0.966,0.0000,0.0000,0
2026-05-06,13:00:29,23455,2,0.0000,0.0082,0.0038,0.1130,6.2916,0,1.0000,0,0,47.9264,-4.4853,-17.3900,-4.1921,-136.6019,0.000,0.000,0.962,0.0000,0.0000,0
2026-05-06,13:00:29,23490,2,0.0000,-0.0093,0.0040,0.1166,6.2916,0,1.0000,0,0,47.6570,-9.8634,-17.5023,-2.6687,-143.3671,0.000,0.000,0.959,0.0000,0.0000,0
2026-05-06,13:00:29,23525,2,0.0000,0.0025,0.0049,0.1436,6.2916,0,1.0000,0,0,47.4557,-5.0294,-17.6247,-2.5515,-149.0808,0.000,0.000,0.956,0.0000,0.0000,0
2026-05-06,13:00:29,23560,2,0.0000,0.0081,0.0040,0.1173,6.2916,0,1.0000,0,0,47.4346,-2.3814,-17.7561,-2.8958,-153.9865,0.000,0.000,0.953,0.0000,0.0000,0
2026-05-06,13:00:29,23595,2,0.0000,-0.0038,0.0053,0.1550,6.2916,0,1.0000,0,0,47.1943,-8.0903,-17.8942,-3.0907,-158.1226,0.000,0.000,0.950,0.0000,0.0000,0
2026-05-06,13:00:29,23630,2,0.0000,0.0123,0.0044,0.1280,6.2916,0,1.0000,0,0,47.1259,-1.0467,-18.0419,-3.1542,-161.6472,0.000,0.000,0.946,0.0000,0.0000,0
2026-05-06,13:00:29,23665,2,0.0000,-0.0078,0.0037,0.1074,6.2917,0,1.0000,0,0,47.0915,-2.8928,-18.1426,-2.3916,-164.7971,0.000,0.000,0.943,0.0000,0.0000,0
2026-05-06,13:00:29,23700,2,0.0000,-0.0458,0.0083,0.2449,6.2918,0,1.0000,0,0,46.8783,-6.5557,-18.3444,-4.1203,-167.5001,0.000,0.000,0.940,0.0000,0.0000,0
2026-05-06,13:00:29,23735,2,0.0000,-0.0058,0.0080,0.2340,6.2919,0,1.0000,0,0,46.8815,0.8101,-18.6771,-7.3177,-156.1851,0.000,0.000,0.937,0.0000,0.0000,0
2026-05-06,13:00:30,23770,2,0.0000,-0.0215,0.0130,0.3817,6.2920,0,1.0000,0,0,46.8121,-3.5175,-19.0391,-8.3644,-160.2806,0.000,0.000,0.934,0.0000,0.0000,0
2026-05-06,13:00:30,23805,2,0.0000,-0.0329,0.0157,0.4609,6.2922,0,1.0000,0,0,46.6938,-2.7273,-19.2349,-5.6568,-163.4976,0.000,0.000,0.930,0.0000,0.0000,0
2026-05-06,13:00:30,23840,2,0.0000,-0.0043,0.0182,0.5348,6.2924,0,1.0000,0,0,46.7191,0.9594,-19.3514,-3.4702,-166.1662,0.000,0.000,0.962,0.0000,0.0000,0
2026-05-06,13:00:30,23876,2,0.0000,-0.0402,0.0232,0.6822,6.2926,0,1.0000,0,0,46.6761,-1.8936,-19.4143,-1.5878,-168.3794,0.000,0.000,0.994,0.0000,0.0000,0
2026-05-06,13:00:30,23911,2,0.0000,-0.0708,0.0330,0.9710,6.2930,0,1.0000,0,0,46.5283,-4.4780,-19.4346,-0.5652,-170.2449,0.000,0.000,1.000,0.0000,0.0000,0
2026-05-06,13:00:30,23951,2,0.0000,-0.0221,0.0365,1.0726,6.2933,0,1.0000,0,0,46.1458,-9.1039,-19.5672,-0.6391,-171.2793,0.000,0.000,1.000,0.0000,0.0000,0
2026-05-06,13:00:30,23987,2,0.0000,-0.0025,0.0348,1.0237,6.2933,0,1.0000,0,0,45.8892,-3.1552,-19.5323,0.9607,-172.7508,0.064,0.000,1.000,0.0000,0.0000,0
2026-05-06,13:00:30,24022,2,0.0000,-0.0094,0.0369,1.0840,6.2933,0,1.0000,0,0,46.2439,11.5523,-19.5425,0.6353,-173.9659,0.032,0.000,1.000,0.0000,0.0000,0
2026-05-06,13:00:30,24057,2,0.0000,0.0013,0.0358,1.0543,6.2933,0,1.0000,0,0,46.4209,3.6542,-19.5722,-0.1593,-175.0574,0.000,0.000,1.000,0.0000,0.0000,0
2026-05-06,13:00:30,24093,2,0.0000,-0.0003,0.0370,1.0886,6.2933,0,1.0000,0,0,46.4599,2.9937,-19.6214,-0.4704,-175.9368,0.000,0.000,1.000,0.0000,0.0000,0
2026-05-06,13:00:30,24128,2,0.0000,0.0009,0.0356,1.0459,6.2933,0,1.0000,0,0,46.7747,9.6404,-19.6544,-0.3773,-176.5954,0.000,0.000,0.998,0.0000,0.0000,0
2026-05-06,13:00:30,24163,2,0.0000,-0.0046,0.0362,1.0657,6.2933,0,1.0000,0,0,46.8713,2.0319,-19.6665,0.0403,-177.2934,0.000,0.000,0.995,0.0000,0.0000,0
2026-05-06,13:00:30,24198,2,0.0000,0.0047,0.0357,1.0505,6.2933,0,1.0000,0,0,46.8449,0.4416,-19.6703,0.3519,-177.8321,0.000,0.000,0.992,0.0000,0.0000,0
2026-05-06,13:00:30,24233,2,0.0000,-0.0070,0.0368,1.0825,6.2933,0,1.0000,0,0,46.8772,0.2942,-19.6698,0.6138,-178.2268,0.000,0.000,0.989,0.0000,0.0000,0
2026-05-06,13:00:30,24268,2,0.0000,-0.0039,0.0353,1.0375,6.2933,0,1.0000,0,0,46.3480,-16.4862,-19.6060,1.7843,-178.4917,0.000,0.000,0.986,0.0000,0.0000,0
2026-05-06,13:00:30,24303,2,0.0000,-0.0128,0.0407,1.1976,6.2935,0,1.0000,0,0,45.7952,-12.6565,-19.5737,1.4174,-178.7169,0.064,0.000,0.982,0.0000,0.0000,0
2026-05-06,13:00:30,24338,2,0.0000,-0.0107,0.0408,1.1995,6.2936,0,1.0000,0,0,46.2572,18.3949,-19.6174,-0.2070,-179.0244,0.080,0.000,0.979,0.0000,0.0000,0
2026-05-06,13:00:30,24373,2,0.0000,0.0087,0.0389,1.1444,6.2935,0,1.0000,0,0,46.7611,13.5629,-19.6580,-0.4848,-179.1087,0.048,0.000,0.976,0.0000,0.0000,0
2026-05-06,13:00:30,24408,2,0.0000,0.0018,0.0388,1.1424,6.2935,0,1.0000,0,0,47.1104,12.6789,-19.6287,0.4555,-179.1881,0.016,0.000,0.973,0.0000,0.0000,0
2026-05-06,13:00:30,24443,2,0.0000,-0.0063,0.0405,1.1914,6.2935,0,1.0000,0,0,47.6414,16.4541,-19.6342,0.1431,-179.2619,0.000,0.000,0.970,0.0000,0.0000,0
2026-05-06,13:00:30,24478,2,0.0000,0.0012,0.0405,1.1900,6.2935,0,1.0000,0,0,47.9395,9.5190,-19.5955,0.8309,-179.3120,0.000,0.000,0.966,0.0000,0.0000,0
2026-05-06,13:00:30,24513,2,0.0000,0.0190,0.0372,1.0933,6.2934,0,1.0000,0,0,48.1909,8.4711,-19.5745,0.8077,-179.3333,0.000,0.000,0.963,0.0000,0.0000,0
2026-05-06,13:00:30,24548,2,0.0000,-0.0015,0.0383,1.1276,6.2934,0,1.0000,0,0,48.5169,10.2597,-19.5507,0.8287,-179.4283,0.000,0.000,0.960,0.0000,0.0000,0
2026-05-06,13:00:30,24583,2,0.0000,-0.0078,0.0378,1.1106,6.2934,0,1.0000,0,0,48.7328,6.3080,-19.5514,0.3042,-179.5781,0.000,0.000,0.957,0.0000,0.0000,0
2026-05-06,13:00:30,24619,2,0.0000,0.0001,0.0374,1.1008,6.2934,0,1.0000,0,0,48.8252,3.4102,-19.6369,-1.4488,-179.8098,0.000,0.000,0.954,0.0000,0.0000,0
2026-05-06,13:00:30,24654,2,0.0000,-0.0123,0.0390,1.1459,6.2934,0,1.0000,0,0,48.7908,-4.0877,-19.8299,-4.1222,-173.7925,0.000,0.000,0.950,0.0000,0.0000,0
2026-05-06,13:00:30,24689,2,0.0000,-0.0193,0.0414,1.2190,6.2936,0,1.0000,0,0,47.4916,-39.3810,-20.0114,-4.4166,-174.9164,0.032,0.000,0.947,0.0000,0.0000,0
2026-05-06,13:00:30,24725,2,0.0000,0.0009,0.0397,1.1684,6.2935,0,1.0000,0,0,46.6796,-5.7240,-20.2052,-4.7645,-175.9640,0.096,0.000,0.944,0.0000,0.0000,0
2026-05-06,13:00:31,24760,2,0.0000,-0.0047,0.0408,1.1986,6.2935,0,1.0000,0,0,48.1403,42.0822,-20.3138,-3.0684,-176.5748,0.112,0.000,0.941,0.0000,0.0000,0
2026-05-06,13:00:31,24796,2,0.0000,-0.0025,0.0408,1.1986,6.2935,0,1.0000,0,0,48.7356,16.4005,-20.2832,-0.0258,-177.0438,0.080,0.000,0.938,0.0000,0.0000,0
2026-05-06,13:00:31,24831,2,0.0000,-0.0068,0.0392,1.1521,6.2935,0,1.0000,0,0,49.2725,22.3465,-20.2532,0.6140,-177.4759,0.048,0.000,0.934,0.0000,0.0000,0
2026-05-06,13:00:31,24867,2,0.0000,0.0239,0.0359,1.0560,6.2934,0,1.0000,0,0,49.6191,14.8584,-20.3204,-0.1531,-177.7746,0.024,0.000,0.932,0.0000,0.0000,0
2026-05-06,13:00:31,24903,2,0.0000,0.0243,0.0353,1.0392,6.2933,0,1.0000,0,0,49.8542,6.9145,-20.3184,0.1673,-178.1631,0.000,0.000,0.929,0.0000,0.0000,0
2026-05-06,13:00:31,24938,2,0.0000,0.0218,0.0313,0.9217,6.2931,0,1.0000,0,0,50.4542,21.6796,-20.3899,-1.3263,-178.4860,0.000,0.000,0.926,0.0000,0.0000,0
2026-05-06,13:00:31,24973,2,0.0000,-0.0012,0.0319,0.9378,6.2931,0,1.0000,0,0,51.0969,16.6485,-20.4720,-1.9375,-178.7283,0.000,0.000,0.922,0.0000,0.0000,0
2026-05-06,13:00:31,25008,2,0.0000,-0.0125,0.0323,0.9500,6.2931,0,1.0000,0,0,51.1615,4.1525,-20.6237,-3.7835,-157.9634,0.000,0.000,0.919,0.0000,0.0000,0
2026-05-06,13:00:31,25043,2,0.0000,-0.0619,0.0375,1.1039,6.2932,0,1.0000,0,0,51.5898,14.4512,-20.9643,-7.8612,-108.4457,0.000,0.000,0.916,0.0000,0.0000,0
2026-05-06,13:00:31,25078,2,0.0000,-0.0638,0.0448,1.3168,6.2937,0,1.0000,0,0,51.0882,-24.4595,-21.6411,-15.0466,-66.8639,0.000,0.000,0.930,0.0000,0.0000,0
2026-05-06,13:00:31,25114,2,0.0000,0.0093,0.0432,1.2703,6.2938,0,1.0000,0,0,49.0360,-45.4304,-22.2646,-14.7241,-78.5358,0.048,0.000,0.962,0.0000,0.0000,0
2026-05-06,13:00:31,25149,2,0.0000,-0.0027,0.0434,1.2771,6.2938,0,1.0000,0,0,49.9527,43.5155,-22.4940,-7.8786,-93.5594,0.112,0.000,0.994,0.0000,0.0000,0
2026-05-06,13:00:31,25185,2,0.0000,-0.0034,0.0440,1.2956,6.2938,0,1.0000,0,0,51.2658,31.9957,-22.3437,1.2536,-106.2019,0.080,0.000,1.000,0.0000,0.0000,0
2026-05-06,13:00:31,25220,2,0.0000,0.0040,0.0416,1.2221,6.2937,0,1.0000,0,0,51.6357,15.7687,-22.0801,5.6974,-117.0951,0.048,0.000,1.000,0.0000,0.0000,0
2026-05-06,13:00:31,25255,2,0.0000,0.0120,0.0412,1.2127,6.2937,0,1.0000,0,0,52.8321,38.9105,-21.9610,4.2768,-126.4328,0.016,0.000,1.000,0.0000,0.0000,0
2026-05-06,13:00:31,25290,2,0.0000,0.0086,0.0416,1.2222,6.2936,0,1.0000,0,0,53.4327,13.6536,-21.9257,2.2158,-100.7198,0.000,0.000,1.000,0.0000,0.0000,0
2026-05-06,13:00:31,25325,2,0.0000,0.0021,0.0425,1.2494,6.2936,0,1.0000,0,0,53.5840,9.5669,-22.0270,-1.2165,-93.3341,0.000,0.000,1.000,0.0000,0.0000,0
2026-05-06,13:00:31,25360,2,0.0000,0.0011,0.0420,1.2343,6.2936,0,1.0000,0,0,54.4747,27.5567,-22.3422,-6.3159,-59.6789,0.000,0.000,1.000,0.0000,0.0000,0
2026-05-06,13:00:31,25395,2,0.0000,0.0062,0.0411,1.2080,6.2936,0,1.0000,0,0,54.6877,3.3339,-22.7202,-8.7455,-38.3198,0.000,0.000,1.000,0.0000,0.0000,0
2026-05-06,13:00:31,25430,2,0.0000,-0.0035,0.0417,1.2266,6.2936,0,1.0000,0,0,54.7741,7.9978,-23.0567,-8.6582,-60.1852,0.000,0.000,1.000,0.0000,0.0000,0
2026-05-06,13:00:31,25465,2,0.0000,0.0265,0.0373,1.0957,6.2935,0,1.0000,0,0,55.4162,18.3460,-23.4084,-8.5998,-78.9391,0.000,0.000,1.000,0.0000,0.0000,0
2026-05-06,13:00:31,25500,2,0.0000,0.0093,0.0364,1.0712,6.2934,0,1.0000,0,0,55.4724,0.9479,-23.5871,-5.4504,-94.7558,0.000,0.000,1.000,0.0000,0.0000,0
2026-05-06,13:00:31,25535,2,0.0000,-0.0063,0.0378,1.1118,6.2934,0,1.0000,0,0,55.6397,8.8416,-23.7853,-5.0512,-108.1721,0.000,0.000,1.000,0.0000,0.0000,0
2026-05-06,13:00:31,25570,2,0.0000,-0.0084,0.0371,1.0918,6.2934,0,1.0000,0,0,56.0794,11.2051,-24.1247,-7.4770,-79.0988,0.000,0.000,1.000,0.0000,0.0000,0
2026-05-06,13:00:31,25605,2,0.0000,-0.0046,0.0382,1.1238,6.2934,0,1.0000,0,0,55.9169,-4.9728,-24.6682,-12.2484,-42.3520,0.000,0.000,1.000,0.0000,0.0000,0
2026-05-06,13:00:31,25640,2,0.0000,-0.0067,0.0414,1.2179,6.2936,0,1.0000,0,0,56.0203,5.2496,-25.4912,-18.4762,-25.7123,0.000,0.000,1.000,0.0000,0.0000,0
2026-05-06,13:00:31,25675,2,0.0000,0.0068,0.0410,1.2072,6.2936,0,1.0000,0,0,56.1709,2.2499,-26.3029,-19.6531,-44.2868,0.000,0.000,1.000,0.0000,0.0000,0
2026-05-06,13:00:31,25710,2,0.0000,-0.0074,0.0429,1.2607,6.2936,0,1.0000,0,0,56.0363,-3.1931,-26.8628,-15.4383,-66.1431,0.000,0.000,1.000,0.0000,0.0000,0
2026-05-06,13:00:31,25745,2,0.0000,-0.0016,0.0419,1.2326,6.2936,0,1.0000,0,0,56.2589,8.2859,-27.0567,-7.0405,-83.5451,0.000,0.000,1.000,0.0000,0.0000,0
2026-05-06,13:00:32,25779,2,0.0000,-0.0074,0.0410,1.2063,6.2936,0,1.0000,0,0,56.3115,5.4814,-27.2947,-7.2005,-87.9197,0.000,0.000,1.000,0.0000,0.0000,0
2026-05-06,13:00:32,25814,2,0.0000,0.0166,0.0386,1.1347,6.2935,0,1.0000,0,0,56.2671,1.6330,-26.8641,5.9530,-101.6770,0.000,0.000,1.000,0.0000,0.0000,0
2026-05-06,13:00:32,25849,2,0.0000,0.0002,0.0401,1.1802,6.2935,0,1.0000,0,0,56.6306,11.3459,-26.6593,5.9571,-99.2352,0.000,0.000,1.000,0.0000,0.0000,0
2026-05-06,13:00:32,25884,2,0.0000,-0.0008,0.0391,1.1510,6.2935,0,1.0000,0,0,56.6134,-2.4372,-26.6254,3.0204,-58.1184,0.000,0.000,1.000,0.0000,0.0000,0
2026-05-06,13:00:32,25920,2,-0.3520,0.0209,0.0380,1.1177,6.2935,0,1.0000,-44,1,56.6985,5.2585,-26.7222,-0.4455,-50.9876,0.000,0.000,1.000,0.0000,0.0000,0
2026-05-06,13:00:32,25956,2,-0.3520,-0.0187,0.0176,0.5165,6.2935,0,1.0000,-44,1,57.1066,10.4232,-26.8894,-2.7403,-63.4661,0.000,0.000,1.000,0.0000,0.0000,0
2026-05-06,13:00:32,25992,2,-0.3520,-0.0283,0.0163,0.4797,6.2939,0,1.0000,-44,1,57.0107,-5.2364,-27.0904,-4.3522,-28.1393,0.000,0.000,1.000,0.0000,0.0000,0
2026-05-06,13:00:32,26028,2,-3.0080,-0.2826,0.0312,0.9184,6.2953,0,1.0000,-376,1,56.8216,-3.8611,-27.5525,-9.8698,1.5551,0.000,0.000,1.000,0.0000,0.0000,0
2026-05-06,13:00:32,26064,2,-3.0080,-0.5315,0.0424,1.2473,6.2985,0,1.0000,-376,1,56.8610,0.8929,-28.3325,-16.8007,26.3964,0.000,0.000,1.000,0.0000,0.0000,0
2026-05-06,13:00:32,26099,2,-3.0080,-0.7193,0.0459,1.3509,6.3033,0,1.0000,-376,1,56.7052,-4.6787,-28.8929,-14.6431,6.9749,0.000,0.000,1.000,0.0000,0.0000,0
2026-05-06,13:00:32,26135,2,-4.1120,-0.7650,0.0255,0.7487,6.3093,0,1.0000,-514,1,56.7137,1.9146,-29.1005,-7.1880,-21.2417,0.000,0.000,1.000,0.0000,0.0000,0
2026-05-06,13:00:32,26170,2,-4.1120,-0.5817,0.0446,1.3127,6.3143,0,1.0000,-514,1,56.8334,1.5880,-28.9775,0.8577,-44.8946,0.000,0.000,1.000,0.0000,0.0000,0
2026-05-06,13:00:32,26205,2,-4.1120,-0.8372,0.0449,1.3213,6.3199,0,1.0000,-514,1,56.5374,-10.3549,-28.7268,5.3624,-30.6062,0.000,0.000,1.000,0.0000,0.0000,0
2026-05-06,13:00:32,26241,2,-4.1120,-0.7290,0.0519,1.5265,6.3262,0,1.0000,-514,1,56.7274,6.0196,-28.6227,3.8456,-39.9057,0.000,0.000,1.000,0.0000,0.0000,0
2026-05-06,13:00:32,26276,2,-4.1120,-0.7885,0.0399,1.1730,6.3309,0,1.0000,-514,1,56.8710,-3.8619,-28.6942,0.1218,-7.6060,0.000,0.000,0.999,0.0000,0.0000,0
2026-05-06,13:00:32,26312,2,-4.1120,-0.8541,0.0284,0.8366,6.3375,0,1.0000,-514,1,56.6406,-2.5300,-28.8120,-1.9195,19.9036,0.000,0.000,0.996,0.0000,0.0000,0
2026-05-06,13:00:32,26348,2,-4.1040,-0.7644,0.0428,1.2586,6.3426,0,1.0000,-513,1,57.1746,12.9537,-29.1129,-6.0390,36.4356,0.000,0.000,0.993,0.0000,0.0000,0
2026-05-06,13:00:32,26384,2,-4.1120,-0.9724,0.0461,1.3562,6.3491,0,1.0000,-514,1,56.6992,-17.3964,-29.5349,-9.2559,56.5821,0.000,0.000,0.990,0.0000,0.0000,0
2026-05-06,13:00:32,26419,2,-4.1040,-1.1827,0.0427,1.2558,6.3570,0,1.0000,-513,1,56.7642,6.3674,-30.1058,-13.7186,73.4523,0.000,0.000,0.986,0.0000,0.0000,0
2026-05-06,13:00:32,26455,2,-4.1040,-1.2662,0.0587,1.7266,6.3670,0,1.0000,-513,1,56.8559,-1.9998,-30.8450,-16.6536,46.9728,0.000,0.000,0.992,0.0000,0.0000,0
2026-05-06,13:00:32,26490,2,-4.1040,-0.8791,0.0635,1.8674,6.3751,0,1.0000,-513,1,56.4443,-8.1194,-31.1553,-10.0639,12.3134,0.000,0.000,1.000,0.0000,0.0000,0
2026-05-06,13:00:32,26526,2,-4.1040,-0.6956,0.0284,0.8342,6.3799,0,1.0000,-513,1,56.8885,14.9988,-31.0919,-0.6896,-16.0865,0.000,0.000,1.000,0.0000,0.0000,0
2026-05-06,13:00:32,26562,2,-4.1040,0.0573,0.0262,0.7691,6.3827,0,1.0000,-513,1,57.6761,21.1330,-30.8239,4.7739,-12.7515,0.000,0.000,1.000,0.0000,0.0000,0
2026-05-06,13:00:32,26597,2,-4.1040,-0.0418,0.0200,0.5881,6.3831,0,1.0000,-513,1,57.8753,4.0860,-30.7553,2.8158,8.4999,0.000,0.000,1.000,0.0000,0.0000,0
2026-05-06,13:00:32,26634,2,-4.0000,-0.0013,0.0117,0.3433,6.3831,0,1.0000,-500,1,57.9977,1.8736,-30.7808,0.5543,-19.6530,0.000,0.000,1.000,0.0000,0.0000,0
2026-05-06,13:00:32,26669,2,-3.9680,-0.0026,0.0120,0.3540,6.3831,0,1.0000,-496,1,57.7921,-11.5310,-30.8627,-1.1753,9.4796,0.000,0.000,1.000,0.0000,0.0000,0
2026-05-06,13:00:32,26709,2,-3.9680,-0.0012,0.0133,0.3905,6.3832,0,1.0000,-496,1,57.5016,-15.0203,-31.1329,-3.3845,22.0199,0.000,0.000,1.000,0.0000,0.0000,0
2026-05-06,13:00:32,26745,2,-3.9600,-0.0023,0.0135,0.3983,6.3832,0,1.0000,-495,1,57.2158,-7.8437,-31.5833,-8.7778,44.5616,0.000,0.000,1.000,0.0000,0.0000,0
2026-05-06,13:00:33,26780,2,-3.9600,-0.0018,0.0114,0.3358,6.3832,0,1.0000,-495,1,57.4912,6.1574,-31.8756,-7.5849,42.8030,0.000,0.000,1.000,0.0000,0.0000,0
2026-05-06,13:00:33,26815,2,-3.9600,0.0070,0.0100,0.2953,6.3831,0,1.0000,-495,1,57.7400,2.7707,-31.9479,-3.2828,9.3876,0.000,0.000,0.999,0.0000,0.0000,0
2026-05-06,13:00:33,26850,2,-3.9600,0.0037,0.0107,0.3147,6.3831,0,1.0000,-495,1,57.8783,-1.9021,-31.8531,1.4478,-11.8327,0.000,0.000,1.000,0.0000,0.0000,0
2026-05-06,13:00:33,26886,2,-3.9600,0.0061,0.0094,0.2770,6.3830,0,1.0000,-495,1,57.6675,-11.9440,-31.6863,3.5863,16.5403,0.000,0.000,0.997,0.0000,0.0000,0
2026-05-06,13:00:33,26921,2,-3.9600,0.0003,0.0093,0.2733,6.3830,0,1.0000,-495,1,57.2736,-16.6391,-31.6290,2.2620,-12.8076,0.000,0.000,0.994,0.0000,0.0000,0
2026-05-06,13:00:33,26957,2,-3.9600,0.0067,0.0098,0.2878,6.3830,0,1.0000,-495,1,56.9869,-14.8806,-31.6175,0.8083,3.0632,0.000,0.000,0.990,0.0000,0.0000,0
2026-05-06,13:00:33,26992,2,-3.9600,0.0132,0.0084,0.2459,6.3829,0,1.0000,-495,1,56.7305,-14.6964,-31.6795,-1.1692,22.1848,0.000,0.000,0.987,0.0000,0.0000,0
2026-05-06,13:00:33,27027,2,-3.9600,-0.0007,0.0067,0.1976,6.3829,0,1.0000,-495,1,56.1900,-21.3100,-31.7398,-1.4709,-0.8525,0.000,0.000,0.984,0.0000,0.0000,0
2026-05-06,13:00:33,27063,2,-3.9600,-0.0063,0.0062,0.1827,6.3829,0,1.0000,-495,1,55.0913,-40.9162,-31.8222,-2.5549,25.8485,0.000,0.000,0.981,0.0000,0.0000,0
2026-05-06,13:00:33,27099,2,-3.9600,0.0013,0.0080,0.2343,6.3829,0,1.0000,-495,1,53.7116,-45.8317,-31.9843,-4.3159,27.5588,0.000,0.000,0.978,0.0000,0.0000,0
2026-05-06,13:00:33,27134,2,-3.9600,0.0055,0.0067,0.1984,6.3829,0,1.0000,-495,1,52.4812,-40.5422,-32.1766,-5.5421,31.0381,0.000,0.000,0.974,0.0000,0.0000,0
2026-05-06,13:00:33,27170,2,-3.9600,0.0046,0.0064,0.1869,6.3829,0,1.0000,-495,1,51.4820,-32.5984,-32.3558,-5.6902,52.9669,0.000,0.000,0.971,0.0000,0.0000,0
2026-05-06,13:00:33,27205,2,-3.9600,0.0112,0.0062,0.1816,6.3828,0,1.0000,-495,1,50.7567,-25.3462,-32.5364,-5.7077,50.9438,0.000,0.000,0.968,0.0000,0.0000,0
2026-05-06,13:00:33,27240,2,-3.9600,-0.0018,0.0071,0.2080,6.3828,0,1.0000,-495,1,49.9961,-27.0776,-32.6694,-4.7403,57.1275,0.000,0.000,0.965,0.0000,0.0000,0
2026-05-06,13:00:33,27277,2,-3.9600,-0.0090,0.0064,0.1869,6.3828,0,1.0000,-495,1,49.1526,-27.9748,-32.7503,-3.1971,75.2010,0.000,0.000,0.962,0.0000,0.0000,0
2026-05-06,13:00:33,27312,2,-3.9600,0.0043,0.0060,0.1759,6.3828,0,1.0000,-495,1,48.3442,-27.0259,-32.8267,-2.7649,69.7151,0.000,0.000,0.958,0.0000,0.0000,0
2026-05-06,13:00:33,27348,2,-3.9680,0.0044,0.0073,0.2141,6.3828,0,1.0000,-496,1,47.6288,-22.4925,-32.9161,-2.8606,85.9337,0.000,0.000,0.955,0.0000,0.0000,0
2026-05-06,13:00:33,27385,2,-3.9680,-0.0126,0.0069,0.2024,6.3829,0,1.0000,-496,1,47.1259,-17.2076,-32.9673,-1.9997,99.7844,0.000,0.000,0.952,0.0000,0.0000,0
2026-05-06,13:00:33,27420,2,-3.9680,-0.0008,0.0074,0.2186,6.3829,0,1.0000,-496,1,46.7102,-14.0723,-32.9871,-1.2625,98.4868,0.000,0.000,0.949,0.0000,0.0000,0
2026-05-06,13:00:33,27456,2,-3.9680,-0.0124,0.0085,0.2505,6.3829,0,1.0000,-496,1,46.5399,-8.1429,-33.0551,-1.8513,110.3844,0.000,0.000,0.946,0.0000,0.0000,0
2026-05-06,13:00:33,27492,2,-3.9760,0.0040,0.0053,0.1553,6.3829,0,1.0000,-497,1,46.3766,-8.0883,-33.1025,-1.6559,120.6048,0.000,0.000,0.951,0.0000,0.0000,0
2026-05-06,13:00:33,27528,2,-3.9680,0.0001,0.0076,0.2241,6.3829,0,1.0000,-496,1,46.1316,-11.4898,-33.1428,-1.4682,122.7917,0.000,0.000,0.948,0.0000,0.0000,0
2026-05-06,13:00:33,27564,2,-3.9680,-0.0052,0.0067,0.1981,6.3829,0,1.0000,-496,1,45.8134,-13.0173,-33.2088,-2.0523,131.0758,0.000,0.000,0.945,0.0000,0.0000,0
2026-05-06,13:00:33,27599,2,-3.9680,-0.0001,0.0063,0.1865,6.3829,0,1.0000,-496,1,45.4600,-13.3845,-33.2594,-1.7662,138.2245,0.000,0.000,0.942,0.0000,0.0000,0
2026-05-06,13:00:33,27639,2,-3.9680,0.0017,0.0065,0.1925,6.3829,0,1.0000,-496,1,45.5900,-9.6354,-33.2723,-1.5431,141.3248,0.000,0.000,0.939,0.0000,0.0000,0
2026-05-06,13:00:33,27674,2,-3.9680,-0.0023,0.0060,0.1759,6.3828,0,1.0000,-496,1,45.1593,-14.5389,-33.3460,-1.9948,146.8746,0.000,0.000,0.936,0.0000,0.0000,0
2026-05-06,13:00:33,27710,2,-3.9680,-0.0006,0.0060,0.1762,6.3828,0,1.0000,-496,1,44.9299,-10.4832,-33.4122,-2.2747,151.6479,0.000,0.000,0.933,0.0000,0.0000,0
2026-05-06,13:00:33,27745,2,-3.9680,-0.0043,0.0069,0.2028,6.3828,0,1.0000,-496,1,44.7191,-11.6677,-33.4841,-2.4007,155.6443,0.000,0.000,0.930,0.0000,0.0000,0
2026-05-06,13:00:34,27781,2,-3.9680,0.0082,0.0051,0.1496,6.3828,0,1.0000,-496,1,44.4886,-11.6634,-33.6451,-4.5410,159.0461,0.000,0.000,0.926,0.0000,0.0000,0
2026-05-06,13:00:34,27817,2,-3.9680,0.0028,0.0056,0.1658,6.3828,0,1.0000,-496,1,44.3209,-10.8813,-33.8962,-6.8297,161.9740,0.000,0.000,0.923,0.0000,0.0000,0
2026-05-06,13:00:34,27852,2,-3.9680,-0.0148,0.0069,0.2021,6.3828,0,1.0000,-496,1,44.0785,-12.3479,-34.1004,-6.6112,164.4436,0.000,0.000,0.920,0.0000,0.0000,0
2026-05-06,13:00:34,27888,2,-3.9680,0.0009,0.0071,0.2083,6.3829,0,1.0000,-496,1,43.4301,-29.7383,-34.3640,-8.0996,166.5536,0.000,0.000,0.917,0.0000,0.0000,0
2026-05-06,13:00:34,27924,2,-3.9680,-0.0038,0.0082,0.2398,6.3829,0,1.0000,-496,1,41.9413,-48.2773,-34.6479,-8.6661,168.3248,0.000,0.000,0.914,0.0000,0.0000,0
2026-05-06,13:00:34,27959,2,-3.9680,-0.0101,0.0089,0.2624,6.3830,0,1.0000,-496,1,40.6015,-42.1238,-34.9403,-9.0080,169.8257,0.000,0.000,0.910,0.0000,0.0000,0
2026-05-06,13:00:34,27995,2,-3.9680,-0.0021,0.0114,0.3361,6.3830,0,1.0000,-496,1,39.4028,-39.5434,-35.1827,-8.0595,171.1380,0.000,0.000,0.934,0.0000,0.0000,0
2026-05-06,13:00:34,28031,2,-3.9680,-0.0168,0.0117,0.3432,6.3831,0,1.0000,-496,1,38.3203,-33.6699,-35.3461,-6.0747,172.2543,0.000,0.000,0.957,0.0000,0.0000,0
2026-05-06,13:00:34,28067,2,-3.9680,0.0118,0.0098,0.2887,6.3831,0,1.0000,-496,1,37.5909,-23.6446,-35.4868,-5.3330,173.1853,0.000,0.000,0.980,0.0000,0.0000,0
2026-05-06,13:00:34,28103,2,-3.9680,-0.0110,0.0126,0.3706,6.3831,0,1.0000,-496,1,36.7653,-27.4556,-35.7026,-6.0993,173.9883,0.000,0.000,1.000,0.0000,0.0000,0
2026-05-06,13:00:34,28138,2,-3.9680,0.0005,0.0121,0.3572,6.3831,0,1.0000,-496,1,36.0940,-20.4804,-35.7850,-3.7292,174.6446,0.000,0.000,1.000,0.0000,0.0000,0
2026-05-06,13:00:34,28174,2,-3.9680,-0.0010,0.0109,0.3207,6.3831,0,1.0000,-496,1,35.7288,-12.8136,-35.8265,-1.9824,175.2016,0.000,0.000,1.000,0.0000,0.0000,0
2026-05-06,13:00:34,28209,2,-3.9680,0.0064,0.0102,0.2994,6.3831,0,1.0000,-496,1,35.1954,-17.5028,-35.8473,-1.2432,175.6853,0.000,0.000,0.999,0.0000,0.0000,0
2026-05-06,13:00:34,28244,2,-3.9680,0.0081,0.0091,0.2674,6.3830,0,1.0000,-496,1,34.7701,-12.7143,-35.9041,-1.7225,176.1197,0.000,0.000,0.998,0.0000,0.0000,0
2026-05-06,13:00:34,28280,2,-3.9680,0.0148,0.0063,0.1861,6.3829,0,1.0000,-496,1,34.5627,-7.3319,-35.9496,-1.5122,176.4817,0.000,0.000,0.994,0.0000,0.0000,0
2026-05-06,13:00:34,28315,2,-3.9680,0.0001,0.0056,0.1654,6.3828,0,1.0000,-496,1,34.5898,0.9576,-35.9962,-1.5239,176.7711,0.000,0.000,0.991,0.0000,0.0000,0
2026-05-06,13:00:34,28350,2,-3.9680,0.0034,0.0044,0.1280,6.3827,0,1.0000,-496,1,35.0507,10.9899,-36.0468,-1.7113,177.0402,0.000,0.000,0.988,0.0000,0.0000,0
2026-05-06,13:00:34,28385,2,-3.9680,0.0003,0.0044,0.1282,6.3827,0,1.0000,-496,1,35.6777,15.0916,-36.1199,-2.1851,177.2068,0.000,0.000,0.985,0.0000,0.0000,0
2026-05-06,13:00:34,28420,2,-3.9680,0.0016,0.0042,0.1228,6.3827,0,1.0000,-496,1,36.4247,15.2671,-36.1946,-2.4436,177.3457,0.000,0.000,0.982,0.0000,0.0000,0
2026-05-06,13:00:34,28455,2,-3.9680,-0.0050,0.0051,0.1495,6.3827,0,1.0000,-496,1,36.7560,-0.1169,-36.2991,-3.2046,177.4903,0.000,0.000,0.978,0.0000,0.0000,0
2026-05-06,13:00:34,28490,2,0.0000,-0.0027,0.0044,0.1281,6.3827,0,1.0000,-496,0,36.2014,-24.8254,-36.4255,-3.7932,177.5880,0.000,0.000,0.975,0.0000,0.0000,0
2026-05-06,13:00:34,28525,2,0.0000,0.0028,0.0038,0.1120,6.3827,0,1.0000,-496,0,35.0353,-41.0516,-36.6485,-6.2659,177.6892,0.000,0.000,0.972,0.0000,0.0000,0
2026-05-06,13:00:34,28562,2,0.0000,-0.0074,0.0040,0.1174,6.3827,0,1.0000,-496,0,34.5312,-27.0147,-36.7531,-5.3161,177.6766,0.000,0.000,0.970,0.0000,0.0000,0
2026-05-06,13:00:34,28597,2,0.0000,-0.0060,0.0044,0.1285,6.3827,0,1.0000,-496,0,33.0459,-44.9424,-37.1137,-9.3016,177.7508,0.000,0.000,0.966,0.0000,0.0000,0
2026-05-06,13:00:34,28632,2,0.0000,-0.0109,0.0047,0.1387,6.3827,0,1.0000,-496,0,31.8031,-39.7593,-37.4755,-10.6825,177.8492,0.000,0.000,0.963,0.0000,0.0000,0
2026-05-06,13:00:34,28667,2,0.0000,-0.0018,0.0044,0.1281,6.3827,0,1.0000,-496,0,30.7063,-35.5278,-37.8127,-10.7075,177.9539,0.000,0.000,0.960,0.0000,0.0000,0
2026-05-06,13:00:34,28702,2,0.0000,-0.0071,0.0040,0.1172,6.3827,0,1.0000,-496,0,29.7588,-30.4389,-38.1303,-10.2939,177.9938,0.000,0.000,0.957,0.0000,0.0000,0
2026-05-06,13:00:34,28738,2,0.0000,0.0049,0.0042,0.1224,6.3827,0,1.0000,-496,0,28.9770,-26.0195,-38.3693,-8.5553,178.0464,0.000,0.000,0.954,0.0000,0.0000,0
2026-05-06,13:00:35,28773,2,0.0000,-0.0023,0.0031,0.0902,6.3827,0,1.0000,-496,0,28.3066,-21.5803,-38.6092,-8.0981,178.1135,0.000,0.000,0.950,0.0000,0.0000,0
2026-05-06,13:00:35,28809,2,0.0000,0.0170,0.0044,0.1283,6.3827,0,1.0000,-496,0,27.7464,-18.2599,-38.8843,-8.5449,178.1323,0.000,0.000,0.947,0.0000,0.0000,0
2026-05-06,13:00:35,28844,2,0.0000,-0.0058,0.0042,0.1227,6.3827,0,1.0000,-496,0,27.2589,-16.1876,-39.0269,-5.6956,178.1930,0.000,0.000,0.944,0.0000,0.0000,0
2026-05-06,13:00:35,28879,2,0.0000,-0.0003,0.0036,0.1067,6.3827,0,1.0000,-496,0,26.8615,-13.0649,-39.0872,-3.3234,178.2322,0.000,0.000,0.941,0.0000,0.0000,0
2026-05-06,13:00:35,28915,2,0.0000,-0.0063,0.0051,0.1494,6.3828,0,1.0000,-496,0,26.5414,-10.0625,-39.1372,-2.2369,178.1651,0.000,0.000,0.938,0.0000,0.0000,0
2026-05-06,13:00:35,28950,2,0.0000,-0.0109,0.0069,0.2028,6.3828,0,1.0000,-496,0,26.2606,-10.2239,-39.3909,-6.1770,177.7589,0.000,0.000,0.934,0.0000,0.0000,0
2026-05-06,13:00:35,28985,2,0.0000,-0.0179,0.0095,0.2780,6.3830,0,1.0000,-498,0,25.7573,-18.7322,-40.3339,-20.5997,176.5751,0.000,0.000,0.931,0.0000,0.0000,0
2026-05-06,13:00:35,29021,2,-3.9840,-0.0101,0.0118,0.3480,6.3831,0,1.0000,-498,1,23.3358,-74.8764,-42.2206,-39.9276,175.0619,0.000,0.000,0.963,0.0000,0.0000,0
2026-05-06,13:00:35,29056,2,-3.9840,-0.0058,0.0124,0.3647,6.3832,0,1.0000,-498,1,20.4285,-68.5882,-43.9911,-42.4482,146.3546,0.000,0.000,0.995,0.0000,0.0000,0
2026-05-06,13:00:35,29093,2,-4.0080,-0.1062,0.0248,0.7303,6.3835,0,1.0000,-501,1,21.1499,36.9821,-44.3864,-16.2332,98.1919,0.000,0.000,1.000,0.0000,0.0000,0
2026-05-06,13:00:35,29128,2,-4.0080,-0.3432,0.0349,1.0253,6.3853,0,1.0000,-501,1,22.9258,45.1542,-42.5328,34.0711,57.6853,0.000,0.000,1.000,0.0000,0.0000,0
2026-05-06,13:00:35,29163,2,-4.0080,-0.5862,0.0452,1.3303,6.3890,0,1.0000,-501,1,24.0564,41.0414,-40.4510,50.9214,57.2198,0.000,0.000,1.000,0.0000,0.0000,0
2026-05-06,13:00:35,29199,2,-4.0160,-0.8864,0.0649,1.9099,6.3949,0,1.0000,-502,1,25.6305,47.1409,-39.5045,34.6000,74.9461,0.000,0.000,1.000,0.0000,0.0000,0
2026-05-06,13:00:35,29234,2,-4.0880,-0.9052,0.0367,1.0800,6.4012,0,1.0000,-511,1,26.4466,24.2460,-39.1363,20.0142,90.0633,0.000,0.000,1.000,0.0000,0.0000,0
2026-05-06,13:00:35,29270,2,-4.1040,-1.0820,0.0450,1.3225,6.4091,0,1.0000,-513,1,27.2150,28.0212,-38.9538,10.8632,82.1621,0.000,0.000,1.000,0.0000,0.0000,0
2026-05-06,13:00:35,29306,2,-4.1120,-1.0070,0.0333,0.9793,6.4174,0,1.0000,-514,1,28.5324,45.8112,-38.7203,9.3301,57.2331,0.000,0.000,1.000,0.0000,0.0000,0
2026-05-06,13:00:35,29342,2,-4.1120,-0.6020,0.0424,1.2484,6.4220,0,1.0000,-514,1,28.9385,8.0136,-38.4556,8.4777,74.9646,0.000,0.000,1.000,0.0000,0.0000,0
2026-05-06,13:00:35,29378,2,-4.1040,-0.7242,0.0275,0.8083,6.4276,0,1.0000,-513,1,28.9468,7.8759,-38.3485,5.1750,55.9266,0.000,0.000,1.000,0.0000,0.0000,0
2026-05-06,13:00:35,29414,2,-4.1120,-0.2036,0.0315,0.9257,6.4313,0,1.0000,-514,1,30.5028,49.5197,-38.3818,1.3760,47.8126,0.000,0.000,1.000,0.0000,0.0000,0
2026-05-06,13:00:35,29449,2,-4.1120,-0.3807,0.0264,0.7758,6.4338,0,1.0000,-514,1,30.5894,-5.0702,-38.2331,4.1549,67.0202,0.000,0.000,1.000,0.0000,0.0000,0
2026-05-06,13:00:35,29487,2,-4.1120,-0.2389,0.0285,0.8383,6.4367,0,1.0000,-514,1,30.6233,0.1789,-38.2447,2.6857,59.2746,0.000,0.000,1.000,0.0000,0.0000,0
2026-05-06,13:00:35,29522,2,-4.1200,-0.0443,0.0284,0.8357,6.4381,0,1.0000,-515,1,31.8352,32.1280,-38.1675,3.2790,44.6221,0.000,0.000,1.000,0.0000,0.0000,0
2026-05-06,13:00:35,29557,2,-4.1200,-0.1311,0.0218,0.6417,6.4386,0,1.0000,-515,1,31.7006,-7.4001,-37.9650,4.8809,64.1178,0.000,0.000,1.000,0.0000,0.0000,0
2026-05-06,13:00:35,29592,2,-4.1200,-0.2106,0.0290,0.8540,6.4397,0,1.0000,-515,1,31.7900,9.6027,-37.9378,2.5278,40.3365,0.000,0.000,1.000,0.0000,0.0000,0
2026-05-06,13:00:35,29629,2,-4.1120,-0.2073,0.0321,0.9433,6.4409,0,1.0000,-514,1,32.5487,16.8336,-37.8062,4.6336,48.1664,0.000,0.000,1.000,0.0000,0.0000,0
2026-05-06,13:00:35,29664,2,-4.1120,-0.3344,0.0265,0.7803,6.4429,0,1.0000,-514,1,32.1644,-11.9520,-37.6229,4.7504,67.2252,0.000,0.000,1.000,0.0000,0.0000,0
2026-05-06,13:00:35,29699,2,-4.1120,-0.2245,0.0192,0.5659,6.4446,0,1.0000,-514,1,32.3822,10.7061,-37.9212,-3.9226,55.7244,0.000,0.000,1.000,0.0000,0.0000,0
2026-05-06,13:00:35,29735,2,-4.1120,-0.0893,0.0135,0.3972,6.4453,0,1.0000,-514,1,32.5633,0.9692,-38.1027,-2.5270,73.7315,0.000,0.000,1.000,0.0000,0.0000,0
2026-05-06,13:00:36,29771,2,-4.1120,0.0134,0.0149,0.4381,6.4453,0,1.0000,-514,1,32.4992,2.6132,-37.7038,7.4391,75.2141,0.000,0.000,1.000,0.0000,0.0000,0
2026-05-06,13:00:36,29806,2,-4.1120,0.0059,0.0136,0.3991,6.4453,0,1.0000,-514,1,33.0948,17.5239,-37.2886,11.1229,51.4803,0.000,0.000,1.000,0.0000,0.0000,0
2026-05-06,13:00:36,29842,2,-4.1120,-0.0043,0.0159,0.4664,6.4454,0,1.0000,-514,1,33.0685,-4.8582,-36.8031,13.6974,70.1389,0.000,0.000,1.000,0.0000,0.0000,0
2026-05-06,13:00:36,29878,2,-4.1120,-0.0348,0.0133,0.3918,6.4456,0,1.0000,-514,1,32.8153,-3.0977,-36.5305,9.8339,58.4304,0.000,0.000,1.000,0.0000,0.0000,0
2026-05-06,13:00:36,29914,2,-4.1040,-0.0088,0.0130,0.3816,6.4457,0,1.0000,-513,1,33.3077,14.4303,-36.3371,7.4355,43.9490,0.000,0.000,1.000,0.0000,0.0000,0
2026-05-06,13:00:36,29949,2,-4.1040,-0.0240,0.0160,0.4705,6.4459,0,1.0000,-513,1,33.1943,-7.0672,-36.2468,4.1973,63.6982,0.000,0.000,1.000,0.0000,0.0000,0
2026-05-06,13:00:36,29984,2,-4.1040,0.0045,0.0145,0.4251,6.4459,0,1.0000,-513,1,33.0493,-0.4437,-36.2071,2.3213,40.0212,0.000,0.000,1.000,0.0000,0.0000,0
2026-05-06,13:00:36,30021,2,-4.1120,0.0073,0.0143,0.4195,6.4459,0,1.0000,-514,1,33.4773,11.5999,-36.1308,2.3505,48.0734,0.000,0.000,1.000,0.0000,0.0000,0
2026-05-06,13:00:36,30056,2,-4.1120,-0.0075,0.0155,0.4547,6.4459,0,1.0000,-514,1,33.2719,-7.6366,-36.0083,2.8773,67.3444,0.000,0.000,1.000,0.0000,0.0000,0
2026-05-06,13:00:36,30091,2,-4.1120,0.0032,0.0149,0.4368,6.4459,0,1.0000,-514,1,33.2621,2.7899,-36.0148,0.7746,36.7332,0.000,0.000,0.998,0.0000,0.0000,0
2026-05-06,13:00:36,30127,2,-4.1040,0.0095,0.0135,0.3983,6.4459,0,1.0000,-513,1,33.5436,5.7519,-36.0236,0.0454,57.8406,0.000,0.000,0.995,0.0000,0.0000,0
2026-05-06,13:00:36,30163,2,-4.1040,-0.0060,0.0144,0.4250,6.4458,0,1.0000,-513,1,33.3702,-5.2497,-35.9646,0.7305,75.8327,0.000,0.000,0.992,0.0000,0.0000,0
2026-05-06,13:00:36,30199,2,-4.1120,0.0040,0.0122,0.3599,6.4458,0,1.0000,-514,1,33.4600,4.6315,-36.0039,-0.5243,64.4703,0.000,0.000,0.989,0.0000,0.0000,0
2026-05-06,13:00:36,30235,2,-4.1120,-0.0167,0.0132,0.3879,6.4458,0,1.0000,-514,1,33.5633,0.5538,-35.9674,0.4461,81.3946,0.000,0.000,0.986,0.0000,0.0000,0
2026-05-06,13:00:36,30270,2,-4.1120,-0.0110,0.0114,0.3366,6.4458,0,1.0000,-514,1,33.4221,-2.8552,-35.8698,1.8723,95.9391,0.000,0.000,0.982,0.0000,0.0000,0
2026-05-06,13:00:36,30305,2,-4.1120,-0.0068,0.0129,0.3799,6.4458,0,1.0000,-514,1,33.5436,4.7492,-35.7806,2.3218,75.8980,0.000,0.000,0.979,0.0000,0.0000,0
2026-05-06,13:00:36,30341,2,-4.1120,-0.0058,0.0132,0.3887,6.4458,0,1.0000,-514,1,33.5466,-1.7591,-35.5171,5.6953,84.2850,0.000,0.000,0.976,0.0000,0.0000,0
2026-05-06,13:00:36,30377,2,-4.1120,-0.0039,0.0142,0.4168,6.4459,0,1.0000,-514,1,33.4459,-1.8144,-35.1021,8.8833,45.2561,0.000,0.000,0.973,0.0000,0.0000,0
2026-05-06,13:00:36,30417,2,-4.1120,-0.0302,0.0192,0.5638,6.4460,0,1.0000,-514,1,32.9721,-15.7505,-34.3113,11.7102,42.5567,0.000,0.000,0.970,0.0000,0.0000,0
2026-05-06,13:00:36,30453,2,-4.1120,-0.1527,0.0263,0.7721,6.4469,0,1.0000,-514,1,30.8588,-56.6440,-33.8904,9.1499,63.4409,0.000,0.000,0.967,0.0000,0.0000,0
2026-05-06,13:00:36,30488,2,-4.1120,-0.3326,0.0350,1.0307,6.4493,0,1.0000,-514,1,29.9975,-9.2370,-34.0187,-1.3047,80.7524,0.064,0.000,0.982,0.0000,0.0000,0
2026-05-06,13:00:36,30523,2,-4.1120,-0.6031,0.0366,1.0756,6.4529,0,1.0000,-514,1,31.2223,38.6338,-34.3649,-7.4673,95.0662,0.104,0.000,1.000,0.0000,0.0000,0
2026-05-06,13:00:36,30559,2,-4.1120,-0.7294,0.0272,0.8001,6.4584,0,1.0000,-514,1,32.1898,31.7819,-34.6045,-7.4822,93.3485,0.072,0.000,1.000,0.0000,0.0000,0
2026-05-06,13:00:36,30595,2,-4.1120,-0.5625,0.0347,1.0209,6.4629,0,1.0000,-514,1,32.9966,24.2821,-34.6253,-2.9999,59.9101,0.040,0.000,1.000,0.0000,0.0000,0
2026-05-06,13:00:36,30631,2,-4.1040,-0.7409,0.0332,0.9777,6.4683,0,1.0000,-513,1,33.5201,19.1202,-34.3783,2.9682,77.8808,0.008,0.000,1.000,0.0000,0.0000,0
2026-05-06,13:00:36,30667,2,-4.1040,-0.3632,0.0119,0.3508,6.4730,0,1.0000,-513,1,34.7339,43.5182,-34.1870,3.7985,79.5483,0.000,0.000,1.000,0.0000,0.0000,0
2026-05-06,13:00:36,30703,2,-4.1040,0.0007,0.0233,0.6853,6.4746,0,1.0000,-513,1,35.6452,19.8283,-33.9999,4.4190,81.0673,0.000,0.000,1.000,0.0000,0.0000,0
2026-05-06,13:00:36,30739,2,-4.1120,-0.0037,0.0183,0.5370,6.4749,0,1.0000,-514,1,35.4029,-0.6690,-33.6513,7.3746,76.4472,0.000,0.000,1.000,0.0000,0.0000,0
2026-05-06,13:00:37,30774,2,-4.1120,-0.0125,0.0165,0.4852,6.4750,0,1.0000,-514,1,36.4987,38.0567,-33.4420,5.6093,91.9532,0.000,0.000,1.000,0.0000,0.0000,0
2026-05-06,13:00:37,30810,2,-4.1120,-0.1378,0.0268,0.7885,6.4758,0,1.0000,-514,1,36.7153,-2.2783,-33.2115,6.3568,104.9746,0.000,0.000,1.000,0.0000,0.0000,0
2026-05-06,13:00:37,30845,2,-4.1120,-0.3665,0.0335,0.9842,6.4779,0,1.0000,-514,1,35.3305,-34.9743,-32.9216,7.0323,102.0858,0.016,0.000,1.000,0.0000,0.0000,0
2026-05-06,13:00:37,30881,2,-4.1120,-0.7081,0.0501,1.4740,6.4823,0,1.0000,-514,1,34.7841,-5.1562,-32.9029,2.1600,113.7279,0.080,0.000,1.000,0.0000,0.0000,0
2026-05-06,13:00:37,30916,2,-4.1120,-0.7935,0.0440,1.2952,6.4879,0,1.0000,-514,1,35.0469,12.0062,-32.7928,3.0134,123.4716,0.096,0.000,1.000,0.0000,0.0000,0
2026-05-06,13:00:37,30952,2,-4.1120,-1.0727,0.0461,1.3552,6.4950,0,1.0000,-514,1,35.8138,30.4053,-32.6198,3.7343,131.8261,0.064,0.000,1.000,0.0000,0.0000,0
2026-05-06,13:00:37,30987,2,-4.1120,-1.0481,0.0477,1.4038,6.5022,0,1.0000,-514,1,37.4202,51.8869,-32.5676,2.6066,106.4030,0.032,0.000,1.000,0.0000,0.0000,0
2026-05-06,13:00:37,31023,2,-4.1120,-0.8735,0.0615,1.8087,6.5096,0,1.0000,-514,1,38.9262,47.2452,-32.4821,2.6523,116.9583,0.000,0.000,1.000,0.0000,0.0000,0
2026-05-06,13:00:37,31059,2,-4.1120,-0.9327,0.0663,1.9511,6.5164,0,1.0000,-514,1,39.1646,7.4030,-32.3751,3.2320,91.8439,0.000,0.000,1.000,0.0000,0.0000,0
2026-05-06,13:00:37,31094,2,-4.1120,-0.8889,0.0430,1.2633,6.5235,0,1.0000,-514,1,39.3277,12.7004,-32.2569,3.4471,71.8875,0.000,0.000,1.000,0.0000,0.0000,0
2026-05-06,13:00:37,31130,2,-4.1120,-1.2950,0.0485,1.4270,6.5326,0,1.0000,-514,1,40.6782,48.2034,-32.1769,2.6591,87.8100,0.000,0.000,1.000,0.0000,0.0000,0
2026-05-06,13:00:37,31166,2,-4.1120,-1.0370,0.0534,1.5720,6.5413,0,1.0000,-514,1,41.6403,29.4411,-32.1169,2.0850,80.2835,0.000,0.000,1.000,0.0000,0.0000,0
2026-05-06,13:00:37,31201,2,-4.1120,-0.6791,0.0453,1.3313,6.5464,0,1.0000,-514,1,42.0041,11.9992,-31.9426,4.2633,55.9060,0.000,0.000,1.000,0.0000,0.0000,0
2026-05-06,13:00:37,31236,2,-4.1120,-0.8327,0.0293,0.8625,6.5525,0,1.0000,-514,1,42.7174,24.9329,-31.6980,5.9667,60.5893,0.000,0.000,1.000,0.0000,0.0000,0
2026-05-06,13:00:37,31272,2,-4.1120,-0.8812,0.0621,1.8279,6.5594,0,1.0000,-514,1,41.6703,-39.0118,-31.4058,7.0553,39.4389,0.000,0.000,1.000,0.0000,0.0000,0
2026-05-06,13:00:37,31307,2,-4.1120,-1.0087,0.0715,2.1028,6.5669,0,1.0000,-514,1,40.1921,-19.6176,-31.2616,3.9120,60.4614,0.048,0.000,1.000,0.0000,0.0000,0
2026-05-06,13:00:37,31342,2,-4.1040,-1.2123,0.0638,1.8779,6.5750,0,1.0000,-513,1,40.4579,-1.7836,-31.2580,2.6548,67.3865,0.096,0.000,1.000,0.0000,0.0000,0
2026-05-06,13:00:37,31377,2,-4.1040,-1.1343,0.0242,0.7114,6.5840,0,1.0000,-513,1,42.4814,51.4381,-31.3890,-1.6455,71.1755,0.088,0.000,1.000,0.0000,0.0000,0
2026-05-06,13:00:37,31413,2,-4.1040,-0.4989,0.0510,1.5004,6.5895,0,1.0000,-513,1,43.6233,35.0456,-31.4161,-1.0936,74.3106,0.056,0.000,1.000,0.0000,0.0000,0
2026-05-06,13:00:37,31449,2,-4.1120,-0.6224,0.0292,0.8594,6.5939,0,1.0000,-514,1,44.6603,38.4777,-31.4577,-1.3964,68.8048,0.024,0.000,1.000,0.0000,0.0000,0
2026-05-06,13:00:37,31485,2,-4.1120,-0.4224,0.0527,1.5497,6.5983,0,1.0000,-514,1,46.5824,58.3246,-31.3718,1.6669,32.2525,0.000,0.000,1.000,0.0000,0.0000,0
2026-05-06,13:00:37,31521,2,-4.1040,-0.7686,0.0911,2.6800,6.6037,0,1.0000,-513,1,45.8444,-33.1509,-30.7668,11.5650,1.6839,0.000,0.000,1.000,0.0000,0.0000,0
2026-05-06,13:00:37,31557,2,-4.1040,-0.8583,0.0927,2.7272,6.6102,0,1.0000,-513,1,44.0867,-21.4089,-30.3393,9.5010,28.5588,0.032,0.000,1.000,0.0000,0.0000,0
2026-05-06,13:00:37,31593,2,-4.1040,-1.0711,0.0815,2.3971,6.6172,0,1.0000,-513,1,46.5834,82.9073,-30.3707,2.2922,50.8481,0.024,0.000,1.000,0.0000,0.0000,0
2026-05-06,13:00:37,31630,2,-4.1120,-1.3930,0.0929,2.7330,6.6272,0,1.0000,-514,1,47.5127,23.9079,-30.4780,-1.7088,62.4459,0.000,0.000,1.000,0.0000,0.0000,0
2026-05-06,13:00:37,31665,2,-4.1120,-1.4787,0.0617,1.8160,6.6376,0,1.0000,-514,1,48.2597,32.8612,-30.6215,-3.4525,26.6206,0.000,0.000,1.000,0.0000,0.0000,0
2026-05-06,13:00:37,31701,2,-4.1120,-1.7214,0.0492,1.4484,6.6502,0,1.0000,-514,1,50.1044,53.6158,-30.5697,0.1276,10.2910,0.000,0.000,1.000,0.0000,0.0000,0
2026-05-06,13:00:37,31736,2,-4.1120,-1.3183,0.0242,0.7110,6.6610,0,1.0000,-514,1,50.6435,16.1496,-30.3424,3.9845,35.5955,0.000,0.000,1.000,0.0000,0.0000,0
2026-05-06,13:00:38,31771,2,-4.1120,-0.6275,0.0749,2.2036,6.6673,0,1.0000,-514,1,51.5166,31.1696,-30.0499,7.0475,4.6066,0.000,0.000,1.000,0.0000,0.0000,0
2026-05-06,13:00:38,31806,2,-4.1120,-0.7140,0.0600,1.7652,6.6721,0,1.0000,-514,1,52.1853,20.0042,-29.5549,11.5605,-7.6048,0.000,0.000,1.000,0.0000,0.0000,0
2026-05-06,13:00:38,31841,2,-4.1120,-1.2861,0.0843,2.4784,6.6796,0,1.0000,-514,1,52.5085,12.1778,-28.8945,15.3392,15.2094,0.000,0.000,1.000,0.0000,0.0000,0
2026-05-06,13:00:38,31877,2,-4.1200,-1.1601,0.0859,2.5261,6.6900,0,1.0000,-515,1,53.1248,18.0953,-28.4248,12.4709,1.4501,0.000,0.000,1.000,0.0000,0.0000,0
2026-05-06,13:00:38,31913,2,-4.1120,-1.5251,0.0845,2.4849,6.7008,0,1.0000,-514,1,53.2262,5.7369,-28.2786,5.6287,28.1352,0.000,0.000,1.000,0.0000,0.0000,0
2026-05-06,13:00:38,31948,2,-4.1120,-1.7329,0.0629,1.8490,6.7130,0,1.0000,-514,1,53.5918,13.3350,-28.3191,0.2404,43.6224,0.000,0.000,1.000,0.0000,0.0000,0
2026-05-06,13:00:38,31984,2,-4.1120,-2.0699,0.0601,1.7680,6.7275,0,1.0000,-514,1,54.0410,13.5172,-28.4518,-2.6207,10.5142,0.000,0.000,1.000,0.0000,0.0000,0
2026-05-06,13:00:38,32019,2,-4.1120,-1.8115,0.0543,1.5957,6.7415,0,1.0000,-514,1,54.1283,0.7788,-28.3736,0.2996,8.6789,0.000,0.000,1.000,0.0000,0.0000,0
2026-05-06,13:00:38,32054,2,-4.1120,-1.5585,0.0385,1.1328,6.7537,0,1.0000,-514,1,54.2924,10.6282,-28.2697,1.2777,0.2907,0.000,0.000,1.000,0.0000,0.0000,0
2026-05-06,13:00:38,32091,2,-4.1120,-1.3008,0.0803,2.3627,6.7639,0,1.0000,-514,1,55.0288,19.8752,-28.0426,4.6769,-25.1511,0.000,0.000,1.000,0.0000,0.0000,0
2026-05-06,13:00:38,32126,2,-4.1120,-1.5540,0.1005,2.9565,6.7749,0,1.0000,-514,1,54.5723,-18.3585,-27.2932,14.6398,-46.2524,0.000,0.000,1.000,0.0000,0.0000,0
2026-05-06,13:00:38,32161,2,-4.1040,-1.8063,0.1201,3.5322,6.7875,0,1.0000,-513,1,54.5600,4.1056,-26.7646,12.5836,-24.0306,0.000,0.000,1.000,0.0000,0.0000,0
2026-05-06,13:00:38,32197,2,-4.1040,-1.8295,0.1082,3.1820,6.8017,0,1.0000,-513,1,54.9287,8.3717,-26.9839,-2.4730,5.3932,0.000,0.000,1.000,0.0000,0.0000,0
2026-05-06,13:00:38,32232,2,-4.1040,-1.9553,0.0987,2.9034,6.8168,0,1.0000,-513,1,54.5213,-10.3917,-27.4764,-10.0875,-3.0328,0.000,0.000,1.000,0.0000,0.0000,0
2026-05-06,13:00:38,32269,2,-4.1120,-2.3155,0.0925,2.7193,6.8336,0,1.0000,-514,1,54.6532,-1.6783,-27.5421,-7.5137,-6.2599,0.000,0.000,1.000,0.0000,0.0000,0
2026-05-06,13:00:38,32304,2,-4.1120,-2.7481,0.1084,3.1888,6.8538,0,1.0000,-514,1,54.8489,-2.3013,-27.6735,-5.5702,21.3282,0.000,0.000,1.000,0.0000,0.0000,0
2026-05-06,13:00:38,32339,2,-4.1120,-2.8303,0.0964,2.8365,6.8747,0,1.0000,-514,1,54.5220,-5.6120,-27.7373,-3.4564,-8.3304,0.000,0.000,1.000,0.0000,0.0000,0
2026-05-06,13:00:38,32376,2,-4.1120,-3.1387,0.0875,2.5729,6.8977,0,1.0000,-514,1,54.8127,10.7121,-27.6563,0.3638,-19.3606,0.000,0.000,1.000,0.0000,0.0000,0
2026-05-06,13:00:38,32411,2,-4.1120,-2.8246,0.0666,1.9588,6.9207,0,1.0000,-514,1,54.9105,-0.8707,-27.4521,3.4318,-16.2074,0.000,0.000,1.000,0.0000,0.0000,0
2026-05-06,13:00:38,32446,2,-4.1120,-2.2202,0.0714,2.1002,6.9385,0,1.0000,-514,1,54.8825,0.1868,-27.3279,2.7870,-6.2651,0.000,0.000,1.000,0.0000,0.0000,0
2026-05-06,13:00:38,32483,2,-4.1120,-2.5825,0.0760,2.2343,6.9576,0,1.0000,-514,1,55.1906,8.0368,-27.2864,1.6285,8.6108,0.000,0.000,1.000,0.0000,0.0000,0
2026-05-06,13:00:38,32518,2,-4.1120,-2.8789,0.1050,3.0869,6.9783,0,1.0000,-514,1,55.2597,-2.6825,-27.1189,3.3520,-6.2033,0.000,0.000,1.000,0.0000,0.0000,0
2026-05-06,13:00:38,32553,2,-4.1120,-2.9856,0.1061,3.1204,7.0004,0,1.0000,-514,1,54.9838,-8.7355,-26.9265,4.1218,-10.5136,0.000,0.000,1.000,0.0000,0.0000,0
2026-05-06,13:00:38,32589,2,-4.1120,-3.1216,0.1019,2.9984,7.0245,0,1.0000,-514,1,54.9326,-1.3941,-26.9203,0.8110,17.6564,0.000,0.000,1.000,0.0000,0.0000,0
2026-05-06,13:00:38,32624,2,-4.1120,-2.6495,0.0851,2.5016,7.0467,0,1.0000,-514,1,55.4151,13.8383,-27.0261,-2.0603,13.8426,0.000,0.000,1.000,0.0000,0.0000,0
2026-05-06,13:00:38,32659,2,-4.1120,-2.6939,0.0868,2.5536,7.0672,0,1.0000,-514,1,55.6967,6.1218,-27.0343,-0.6131,-14.7143,0.000,0.000,1.000,0.0000,0.0000,0
2026-05-06,13:00:38,32695,2,-4.1120,-2.6359,0.0902,2.6524,7.0871,0,1.0000,-514,1,55.4807,-8.5568,-26.7950,4.1802,-38.7863,0.000,0.000,1.000,0.0000,0.0000,0
2026-05-06,13:00:38,32731,2,-4.1040,-2.8153,0.0928,2.7308,7.1080,0,1.0000,-513,1,55.6486,3.5355,-26.3679,8.8239,-58.6548,0.000,0.000,0.997,0.0000,0.0000,0
2026-05-06,13:00:39,32767,2,-4.1040,-3.0541,0.1079,3.1731,7.1314,0,1.0000,-513,1,55.0789,-16.9507,-25.8478,11.6472,-55.3629,0.016,0.000,1.000,0.0000,0.0000,0
2026-05-06,13:00:39,32803,2,-4.1120,-3.1141,0.0933,2.7441,7.1557,0,1.0000,-514,1,54.5038,-18.2364,-25.5850,7.1403,-26.4375,0.080,0.000,1.000,0.0000,0.0000,0
2026-05-06,13:00:39,32839,2,-4.1040,-2.9233,0.1083,3.1846,7.1798,0,1.0000,-513,1,55.1823,28.0818,-25.8535,-3.6439,-10.3110,0.120,0.000,1.000,0.0000,0.0000,0
2026-05-06,13:00:39,32874,2,-4.1040,-2.4525,0.0592,1.7419,7.1979,0,1.0000,-513,1,55.7253,12.3020,-26.0802,-5.5709,-28.1419,0.088,0.000,1.000,0.0000,0.0000,0
2026-05-06,13:00:39,32910,2,-4.1040,-2.1515,0.1032,3.0365,7.2147,0,1.0000,-513,1,55.2116,-20.9056,-26.1894,-4.2662,-37.1976,0.056,0.000,1.000,0.0000,0.0000,0
2026-05-06,13:00:39,32945,2,-4.1040,-2.3906,0.1113,3.2723,7.2319,0,1.0000,-513,1,54.8197,-12.1408,-26.1411,-0.7134,-57.8140,0.096,0.000,1.000,0.0000,0.0000,0
2026-05-06,13:00:39,32981,2,-4.1120,-2.5924,0.1119,3.2921,7.2512,0,1.0000,-514,1,54.4106,-13.9000,-25.9357,2.5642,-75.3506,0.160,0.000,1.000,0.0000,0.0000,0
2026-05-06,13:00:39,33017,2,-4.1120,-2.7540,0.1026,3.0173,7.2721,0,1.0000,-514,1,53.9052,-11.3970,-25.7641,2.7182,-37.0150,0.224,0.000,1.000,0.0000,0.0000,0
2026-05-06,13:00:39,33053,2,-4.1120,-2.9598,0.0872,2.5643,7.2939,0,1.0000,-514,1,53.9422,-0.4869,-25.8964,-2.5348,-18.7303,0.288,0.000,1.000,0.0000,0.0000,0
2026-05-06,13:00:39,33089,2,-4.1120,-2.7812,0.0758,2.2298,7.3168,0,1.0000,-514,1,53.9201,5.2842,-26.0170,-3.0873,-42.7565,0.352,0.000,1.000,0.0000,0.0000,0
2026-05-06,13:00:39,33125,2,-4.1040,-2.0780,0.0621,1.8261,7.3356,0,1.0000,-513,1,54.2319,10.2551,-26.0044,-0.7605,-56.5200,0.320,0.000,1.000,0.0000,0.0000,0
2026-05-06,13:00:39,33160,2,-4.1120,-2.2413,0.0810,2.3812,7.3523,0,1.0000,-514,1,54.2089,-6.9799,-25.6778,6.2974,-74.0141,0.288,0.000,1.000,0.0000,0.0000,0
2026-05-06,13:00:39,33195,2,-4.1040,-2.5783,0.1193,3.5074,7.3651,0,1.0000,-513,1,54.1270,-5.7771,-25.0162,9.2320,-77.2664,0.272,0.000,1.000,0.0000,0.0000,0
2026-05-06,13:00:39,33236,2,-4.1040,-2.4206,0.1394,4.1002,7.3951,0,1.0000,-513,1,53.5679,-23.1423,-24.5782,6.5995,-40.3965,0.280,0.000,1.000,0.0000,0.0000,0
2026-05-06,13:00:39,33271,2,-4.1040,-2.7868,0.1204,3.5419,7.4150,0,1.0000,-513,1,53.0566,-10.0643,-24.8326,-3.1938,-15.3436,0.344,0.000,1.000,0.0000,0.0000,0
2026-05-06,13:00:39,33306,2,0.0000,-1.6429,0.2446,7.1935,7.4344,0,1.0000,0,1,53.7316,35.0701,-25.0881,-6.1132,-39.5388,0.360,0.000,1.000,0.0000,0.0000,0
2026-05-06,13:00:39,33342,2,0.0000,-0.0725,0.1772,5.2131,7.4345,0,1.0000,0,1,53.6483,-10.2936,-25.1023,-2.3088,-60.1130,0.328,0.000,1.000,0.0000,0.0000,0
2026-05-06,13:00:39,33377,2,0.0000,-0.2884,0.2125,6.2487,7.4357,0,1.0000,0,1,52.8185,-18.2902,-24.8230,4.4478,-77.3815,0.344,0.000,1.000,0.0000,0.0000,0
2026-05-06,13:00:39,33413,2,0.0000,-0.0255,0.2123,6.2431,7.4365,0,1.0000,0,1,52.4646,-13.8085,-24.5031,6.5050,-58.0388,0.408,0.000,1.000,0.0000,0.0000,0
2026-05-06,13:00:39,33448,2,0.0000,0.0446,0.2061,6.0623,7.4363,0,1.0000,0,1,51.9694,-14.8928,-24.6463,-1.1335,-50.7313,0.472,0.000,1.000,0.0000,0.0000,0
2026-05-06,13:00:39,33483,2,0.0000,0.0907,0.1855,5.4550,7.4354,0,1.0000,0,1,51.8301,-0.6414,-24.7867,-3.3064,-57.4031,0.536,0.000,1.000,0.0000,0.0000,0
2026-05-06,13:00:39,33520,2,0.0000,-0.2377,0.2090,6.1474,7.4357,0,1.0000,0,1,53.1644,43.7154,-24.7758,-0.7764,-75.2083,0.528,0.000,1.000,0.0000,0.0000,0
2026-05-06,13:00:39,33555,2,0.0000,-0.4244,0.2771,8.1507,7.4390,0,1.0000,0,1,52.5462,-31.7858,-24.4582,5.7992,-75.8872,0.496,0.000,1.000,0.0000,0.0000,0
2026-05-06,13:00:39,33590,2,0.0000,-0.1818,0.3077,9.0485,7.4412,0,1.0000,0,1,51.6200,-31.0366,-24.6072,-2.8140,-38.3657,0.512,0.000,1.000,0.0000,0.0000,0
2026-05-06,13:00:39,33626,2,0.0000,0.1798,0.2839,8.3515,7.4409,0,1.0000,0,1,50.7007,-26.5584,-24.9098,-5.5848,-59.3323,0.576,0.000,1.000,0.0000,0.0000,0
2026-05-06,13:00:39,33661,2,0.0000,-0.0385,0.2897,8.5206,7.4405,0,1.0000,0,1,51.1184,12.8385,-24.9654,-3.2156,-70.6111,0.640,0.000,1.000,0.0000,0.0000,0
2026-05-06,13:00:39,33696,2,0.0000,-0.0108,0.2886,8.4877,7.4406,0,1.0000,0,1,50.9023,-5.7572,-24.8618,0.7071,-65.4292,0.632,0.000,1.000,0.0000,0.0000,0
2026-05-06,13:00:39,33732,2,0.0000,0.0869,0.2775,8.1615,7.4403,0,1.0000,0,1,49.8850,-15.7871,-24.8377,0.0907,-55.7271,0.696,0.000,1.000,0.0000,0.0000,0
2026-05-06,13:00:40,33767,2,0.0000,0.0899,0.2701,7.9441,7.4399,0,1.0000,0,1,51.3599,46.5976,-24.9101,-1.5247,-67.1427,0.712,0.000,1.000,0.0000,0.0000,0
2026-05-06,13:00:40,33803,2,0.0000,0.1194,0.2463,7.2437,7.4386,0,1.0000,0,1,51.3603,-9.4107,-24.9356,-1.1482,-64.7502,0.680,0.000,1.000,0.0000,0.0000,0
2026-05-06,13:00:40,33838,2,0.0000,-0.0055,0.2532,7.4463,7.4387,0,1.0000,0,1,50.4131,-18.2688,-24.7044,3.6918,-80.9202,0.672,0.000,1.000,0.0000,0.0000,0
2026-05-06,13:00:40,33873,2,0.0000,0.0741,0.2453,7.2146,7.4385,0,1.0000,0,1,51.2148,22.4436,-24.6252,1.6407,-48.0956,0.664,0.000,1.000,0.0000,0.0000,0
2026-05-06,13:00:40,33909,2,0.0000,0.1887,0.2145,6.3100,7.4372,0,1.0000,0,0,51.5713,11.9597,-24.7005,-1.3854,-14.0852,0.632,0.000,1.000,0.0000,0.0000,0
2026-05-06,13:00:40,33944,2,0.0000,0.0880,0.2053,6.0368,7.4364,0,1.0000,0,0,52.1727,18.9842,-24.6751,0.1681,-38.2936,0.600,0.000,1.000,0.0000,0.0000,0
2026-05-06,13:00:40,33979,2,0.0000,-0.0166,0.2084,6.1303,7.4363,0,1.0000,0,0,52.6236,9.7179,-24.4181,5.2570,-58.5710,0.568,0.000,1.000,0.0000,0.0000,0
2026-05-06,13:00:40,34015,2,0.0000,-0.0738,0.2211,6.5037,7.4368,0,1.0000,0,0,52.3500,-5.9212,-23.9912,8.7166,-42.0741,0.536,0.000,1.000,0.0000,0.0000,0
2026-05-06,13:00:40,34050,2,0.0000,-0.0002,0.2185,6.4278,7.4369,0,1.0000,0,0,52.4510,7.9236,-23.9842,1.9839,-16.2953,0.504,0.000,1.000,0.0000,0.0000,0
2026-05-06,13:00:40,34085,2,0.0000,0.0108,0.2139,6.2918,7.4367,0,1.0000,0,0,53.1129,18.7914,-24.0384,-0.3138,-40.5190,0.472,0.000,1.000,0.0000,0.0000,0
2026-05-06,13:00:40,34125,2,0.0000,-0.0004,0.2084,6.1302,7.4363,0,1.0000,0,0,53.1247,5.4786,-23.8714,1.5297,-51.0224,0.448,0.000,1.000,0.0000,0.0000,0
2026-05-06,13:00:40,34160,2,0.0000,-0.0276,0.2100,6.1757,7.4364,0,1.0000,0,0,52.5861,-12.1336,-23.5956,5.7662,-69.6897,0.416,0.000,1.000,0.0000,0.0000,0
2026-05-06,13:00:40,34195,2,0.0000,0.0608,0.2073,6.0962,7.4364,0,1.0000,0,0,52.6686,6.8953,-23.3889,5.4308,-32.5387,0.384,0.000,1.000,0.0000,0.0000,0
2026-05-06,13:00:40,34230,2,0.0000,0.1577,0.1930,5.6779,7.4360,0,1.0000,0,0,53.2426,18.9582,-23.3521,2.6013,-48.1810,0.352,0.000,1.000,0.0000,0.0000,0
2026-05-06,13:00:40,34265,2,0.0000,0.0947,0.1842,5.4181,7.4353,0,1.0000,0,0,53.7893,15.6044,-23.2861,2.1720,-67.6782,0.320,0.000,1.000,0.0000,0.0000,0
2026-05-06,13:00:40,34301,2,0.0000,-0.0111,0.1860,5.4703,7.4351,0,1.0000,0,0,53.9500,1.5148,-23.1206,3.8662,-77.0151,0.288,0.000,1.000,0.0000,0.0000,0
2026-05-06,13:00:40,34336,2,0.0000,0.1161,0.1698,4.9950,7.4346,0,1.0000,0,0,53.8092,-0.4356,-22.9837,3.7053,-71.1091,0.256,0.000,1.000,0.0000,0.0000,0
2026-05-06,13:00:40,34371,2,0.0000,0.1323,0.1556,4.5766,7.4338,0,1.0000,0,0,54.4184,22.0985,-22.9912,0.9101,-74.7502,0.224,0.000,1.000,0.0000,0.0000,0
2026-05-06,13:00:40,34406,2,0.0000,0.0682,0.1409,4.1434,7.4329,0,1.0000,0,0,54.8532,9.4001,-23.0336,-0.6857,-90.3640,0.192,0.000,1.000,0.0000,0.0000,0
2026-05-06,13:00:40,34441,2,0.0000,0.0151,0.1364,4.0118,7.4326,0,1.0000,0,0,55.0542,8.7687,-23.1691,-2.8949,-97.2621,0.160,0.000,1.000,0.0000,0.0000,0
2026-05-06,13:00:40,34476,2,0.0000,-0.0014,0.1408,4.1415,7.4327,0,1.0000,0,0,55.4074,9.1169,-23.2564,-2.8728,-109.5721,0.128,0.000,1.000,0.0000,0.0000,0
2026-05-06,13:00:40,34512,2,0.0000,-0.0119,0.1407,4.1391,7.4327,0,1.0000,0,0,54.9790,-10.6785,-23.3999,-3.9283,-113.6268,0.096,0.000,1.000,0.0000,0.0000,0
2026-05-06,13:00:40,34547,2,0.0000,0.0269,0.1387,4.0792,7.4326,0,1.0000,0,0,55.2222,10.5464,-23.5686,-4.6392,-123.5530,0.064,0.000,1.000,0.0000,0.0000,0
2026-05-06,13:00:40,34582,2,0.0000,0.0528,0.1313,3.8624,7.4323,0,1.0000,0,0,55.7560,17.7402,-23.8067,-6.3001,-111.8026,0.032,0.000,1.000,0.0000,0.0000,0
2026-05-06,13:00:40,34617,2,0.0000,0.0129,0.1289,3.7915,7.4321,0,1.0000,0,0,56.2884,16.0951,-24.1591,-8.9268,-75.3932,0.000,0.000,1.000,0.0000,0.0000,0
2026-05-06,13:00:40,34652,2,0.0000,-0.0197,0.1318,3.8766,7.4321,0,1.0000,0,0,56.5260,6.6447,-24.5991,-11.2006,-52.4556,0.000,0.000,1.000,0.0000,0.0000,0
2026-05-06,13:00:40,34687,2,0.0000,-0.0789,0.1426,4.1933,7.4326,0,1.0000,0,0,55.8771,-21.3977,-25.0277,-11.5795,-72.2408,0.000,0.000,1.000,0.0000,0.0000,0
2026-05-06,13:00:40,34722,2,0.0000,0.0160,0.1391,4.0904,7.4326,0,1.0000,0,0,55.7912,7.8365,-25.3496,-9.2795,-88.8515,0.024,0.000,1.000,0.0000,0.0000,0
2026-05-06,13:00:41,34757,2,0.0000,0.1652,0.1159,3.4098,7.4319,0,1.0000,0,0,56.4655,21.3321,-25.3616,-2.6085,-102.2858,0.000,0.000,1.000,0.0000,0.0000,0
2026-05-06,13:00:41,34792,2,0.0000,0.2052,0.0787,2.3145,7.4300,0,1.0000,0,0,57.0308,17.0805,-25.3186,-0.1533,-113.9367,0.000,0.000,1.000,0.0000,0.0000,0
2026-05-06,13:00:41,34828,2,0.0000,0.0011,0.0873,2.5685,7.4300,0,1.0000,0,0,57.3980,10.1213,-25.3455,-0.1139,-83.2445,0.000,0.000,1.000,0.0000,0.0000,0
2026-05-06,13:00:41,34864,2,0.0000,-0.0323,0.0937,2.7546,7.4301,0,1.0000,0,0,57.5930,7.2840,-25.6228,-4.8646,-45.8873,0.000,0.000,1.000,0.0000,0.0000,0
2026-05-06,13:00:41,34899,2,0.0000,-0.0150,0.0944,2.7762,7.4302,0,1.0000,0,0,57.7265,4.5434,-26.2233,-11.8998,-28.5035,0.000,0.000,1.000,0.0000,0.0000,0
2026-05-06,13:00:41,34934,2,0.0000,-0.0989,0.1111,3.2691,7.4309,0,1.0000,0,0,57.9762,6.2011,-26.7637,-12.2398,-52.6420,0.000,0.000,1.000,0.0000,0.0000,0
2026-05-06,13:00:41,34969,2,0.0000,0.0122,0.1075,3.1609,7.4311,0,1.0000,0,0,57.7091,-9.6847,-26.8606,-4.0912,-72.1245,0.000,0.000,1.000,0.0000,0.0000,0
2026-05-06,13:00:41,35004,2,0.0000,0.1684,0.0864,2.5405,7.4303,0,1.0000,0,0,57.8389,7.7468,-26.6892,2.6696,-87.9622,0.000,0.000,1.000,0.0000,0.0000,0
2026-05-06,13:00:41,35043,2,0.0000,0.3099,0.0424,1.2481,7.4282,0,1.0000,0,0,58.4523,19.6419,-26.5317,4.5059,-95.1429,0.000,0.000,1.000,0.0000,0.0000,0
2026-05-06,13:00:41,35079,2,0.0000,0.0250,0.0407,1.1985,7.4274,0,1.0000,0,0,60.0261,46.6993,-26.2891,6.0711,-94.0028,0.000,0.000,1.000,0.0000,0.0000,0
2026-05-06,13:00:41,35114,2,0.0000,0.0169,0.0400,1.1768,7.4274,0,1.0000,0,0,61.6809,42.8096,-26.1812,4.1946,-100.2296,0.000,0.000,1.000,0.0000,0.0000,0
2026-05-06,13:00:41,35150,2,0.0000,0.0593,0.0302,0.8896,7.4270,0,1.0000,0,0,62.9110,27.1636,-26.1249,2.2829,-112.1295,0.000,0.000,1.000,0.0000,0.0000,0
2026-05-06,13:00:41,35185,2,0.0000,0.0078,0.0264,0.7757,7.4266,0,1.0000,0,0,63.5375,5.1317,-26.1725,-0.3674,-101.2119,0.000,0.000,1.000,0.0000,0.0000,0
2026-05-06,13:00:41,35220,2,0.0000,-0.0216,0.0277,0.8147,7.4266,0,1.0000,0,0,62.3370,-52.2271,-26.3596,-4.2946,-59.5540,0.000,0.000,1.000,0.0000,0.0000,0
2026-05-06,13:00:41,35255,2,0.0000,-0.3253,0.0668,1.9636,7.4279,0,1.0000,0,0,59.5386,-91.5046,-27.0458,-15.9939,-25.6725,0.064,0.000,1.000,0.0000,0.0000,0
2026-05-06,13:00:41,35291,2,0.0000,-0.4133,0.1363,4.0100,7.4314,0,1.0000,0,0,52.0227,-219.7377,-29.2205,-45.8048,0.1999,0.128,0.000,1.000,0.0000,0.0000,0
2026-05-06,13:00:41,35326,2,0.0000,-0.0528,0.1549,4.5545,7.4333,0,1.0000,0,0,52.5597,40.8425,-31.2292,-47.1123,-16.1055,0.192,0.000,1.000,0.0000,0.0000,0
2026-05-06,13:00:41,35361,2,0.0000,0.0184,0.1496,4.3997,7.4333,0,1.0000,0,0,56.5123,91.8084,-30.2328,8.1911,-34.8200,0.232,0.000,1.000,0.0000,0.0000,0
2026-05-06,13:00:41,35396,2,0.0000,0.0198,0.1419,4.1732,7.4329,0,1.0000,0,0,55.5166,-44.1332,-27.9716,43.9952,-26.3702,0.200,0.000,1.000,0.0000,0.0000,0
2026-05-06,13:00:41,35431,2,0.0000,0.0062,0.1434,4.2180,7.4328,0,1.0000,0,0,54.6374,-19.1771,-27.2690,24.0928,2.6664,0.240,0.000,1.000,0.0000,0.0000,0
2026-05-06,13:00:41,35466,2,0.0000,-0.0137,0.1455,4.2791,7.4329,0,1.0000,0,0,55.3146,12.3791,-28.3812,-13.1024,12.8735,0.256,0.000,1.000,0.0000,0.0000,0
2026-05-06,13:00:41,35501,2,0.0000,-0.0449,0.1506,4.4292,7.4331,0,1.0000,0,0,55.2450,-4.8013,-29.2473,-18.5084,-16.8481,0.224,0.000,1.000,0.0000,0.0000,0
2026-05-06,13:00:41,35536,2,0.0000,0.0131,0.1464,4.3070,7.4332,0,1.0000,0,0,55.1166,-7.9783,-29.3531,-7.2685,-41.4740,0.192,0.000,1.000,0.0000,0.0000,0
2026-05-06,13:00:41,35571,2,0.0000,-0.0371,0.1538,4.5230,7.4334,0,1.0000,0,0,55.4112,7.9678,-29.3778,-2.5208,-62.0726,0.160,0.000,1.000,0.0000,0.0000,0
2026-05-06,13:00:41,35606,2,0.0000,-0.1338,0.1717,5.0498,7.4340,0,1.0000,0,0,55.0653,-19.8443,-29.4772,-3.1762,-27.4318,0.128,0.000,1.000,0.0000,0.0000,0
2026-05-06,13:00:41,35641,2,0.0000,-0.1231,0.1929,5.6721,7.4352,0,1.0000,0,0,54.3599,-20.1363,-30.2937,-15.7937,-5.7467,0.192,0.000,1.000,0.0000,0.0000,0
2026-05-06,13:00:41,35676,2,0.0000,-0.0337,0.1906,5.6060,7.4354,0,1.0000,0,0,54.3529,-7.5330,-30.8228,-12.7978,-32.0673,0.256,0.000,1.000,0.0000,0.0000,0
2026-05-06,13:00:41,35711,2,0.0000,0.0085,0.1910,5.6188,7.4355,0,1.0000,0,0,53.4453,-32.3681,-30.6272,1.0833,-40.1852,0.320,0.000,1.000,0.0000,0.0000,0
2026-05-06,13:00:41,35746,2,0.0000,-0.0235,0.1964,5.7767,7.4356,0,1.0000,0,0,53.0024,-13.5588,-30.3947,5.4174,-8.2239,0.384,0.000,1.000,0.0000,0.0000,0
2026-05-06,13:00:42,35781,2,0.0000,-0.1333,0.2146,6.3126,7.4363,0,1.0000,0,0,52.5673,-22.4366,-30.7247,-4.4546,17.9651,0.448,0.000,1.000,0.0000,0.0000,0
2026-05-06,13:00:42,35816,2,0.0000,-0.1416,0.2323,6.8326,7.4372,0,1.0000,0,0,51.9659,-23.2461,-31.3828,-11.6549,-0.0080,0.512,0.000,1.000,0.0000,0.0000,0
2026-05-06,13:00:42,35852,2,0.0000,0.0014,0.2282,6.7105,7.4374,0,1.0000,0,0,51.3927,-26.3165,-31.7225,-9.2985,-27.3255,0.576,0.000,1.000,0.0000,0.0000,0
2026-05-06,13:00:42,35887,2,0.0000,0.0470,0.2174,6.3938,7.4370,0,1.0000,0,0,50.7952,-11.8414,-32.3900,-15.4649,-11.0650,0.640,0.000,1.000,0.0000,0.0000,0
2026-05-06,13:00:42,35922,2,0.0000,0.0116,0.2197,6.4622,7.4370,0,1.0000,0,0,50.1693,-27.4859,-32.7676,-10.8266,3.3716,0.704,0.000,1.000,0.0000,0.0000,0
2026-05-06,13:00:42,35955,2,0.0000,-0.0625,0.2305,6.7789,7.4374,0,1.0000,0,0,50.4625,-11.7284,-33.6450,-14.9566,9.1379,0.736,0.000,1.000,0.0000,0.0000,0
2026-05-06,13:00:42,35990,2,0.0000,0.0056,0.2260,6.6458,7.4373,0,1.0000,0,0,50.1831,-12.6499,-34.4639,-17.9110,-13.7117,0.800,0.000,1.000,0.0000,0.0000,0
2026-05-06,13:00:42,36025,2,0.0000,0.0256,0.2172,6.3893,7.4369,0,1.0000,0,0,49.1195,-35.7133,-34.5842,-6.2783,-38.9491,0.864,0.000,1.000,0.0000,0.0000,0
2026-05-06,13:00:42,36060,2,0.0000,0.1398,0.1959,5.7608,7.4361,0,1.0000,0,0,48.0344,-37.9616,-34.4102,1.4494,-25.9817,0.928,0.000,1.000,0.0000,0.0000,0
2026-05-06,13:00:42,36095,2,0.0000,-0.0632,0.2025,5.9571,7.4359,0,1.0000,0,0,47.6668,-7.2739,-34.9291,-8.9304,2.9272,0.992,0.000,1.000,0.0000,0.0000,0
2026-05-06,13:00:42,36130,2,0.0000,-0.1260,0.2196,6.4594,7.4366,0,1.0000,0,0,47.3081,-19.8653,-35.5182,-11.7896,27.9481,1.000,0.000,1.000,0.0000,0.0000,0
2026-05-06,13:00:42,36166,2,0.0000,-0.2363,0.2528,7.4367,7.4381,0,1.0000,0,0,46.5110,-27.6520,-35.6395,-4.0073,-3.5179,1.000,0.000,1.000,0.0000,0.0000,0
2026-05-06,13:00:42,36202,2,0.0000,0.1704,0.2243,6.5961,7.4377,0,1.0000,0,0,45.3538,-47.9010,-36.0244,-8.9993,-2.4608,1.000,0.000,1.000,0.0000,0.0000,0
2026-05-06,13:00:42,36237,2,0.0000,0.0797,0.2087,6.1383,7.4367,0,1.0000,0,0,44.8870,-9.6375,-36.7850,-15.7352,23.5306,1.000,0.000,1.000,0.0000,0.0000,0
2026-05-06,13:00:42,36272,2,0.0000,0.0134,0.1929,5.6729,7.4356,0,1.0000,0,0,44.1766,-29.2279,-37.0076,-8.0302,39.0307,1.000,0.000,1.000,0.0000,0.0000,0
2026-05-06,13:00:42,36308,2,0.0000,-0.0107,0.1957,5.7566,7.4356,0,1.0000,0,0,42.8615,-40.6329,-37.2547,-6.0773,46.5814,1.000,0.000,1.000,0.0000,0.0000,0
2026-05-06,13:00:42,36344,2,0.0000,0.0087,0.1990,5.8542,7.4358,0,1.0000,0,0,42.4561,-18.2698,-37.5447,-4.8732,65.4138,1.000,0.000,1.000,0.0000,0.0000,0
2026-05-06,13:00:42,36379,2,0.0000,0.0053,0.1969,5.7900,7.4358,0,1.0000,0,0,41.6688,-28.8022,-37.3831,3.3245,28.6752,1.000,0.000,1.000,0.0000,0.0000,0
2026-05-06,13:00:42,36414,2,0.0000,-0.0112,0.1953,5.7442,7.4356,0,1.0000,0,0,41.2279,-7.6699,-37.2362,4.1925,31.3234,1.000,0.000,1.000,0.0000,0.0000,0
2026-05-06,13:00:42,36449,2,0.0000,-0.0416,0.2087,6.1395,7.4362,0,1.0000,0,0,41.5911,-7.6223,-37.7969,-7.9221,51.5355,1.000,0.000,1.000,0.0000,0.0000,0
2026-05-06,13:00:42,36484,2,0.0000,0.0273,0.2025,5.9548,7.4361,0,1.0000,0,0,39.6126,-59.7459,-37.9947,-3.5541,16.6447,1.000,0.000,1.000,0.0000,0.0000,0
2026-05-06,13:00:42,36519,2,0.0000,0.1112,0.1895,5.5741,7.4356,0,1.0000,0,0,38.9625,-13.5572,-37.5383,8.8977,-12.0009,1.000,0.000,1.000,0.0000,0.0000,0
2026-05-06,13:00:42,36554,2,0.0000,-0.0137,0.1880,5.5300,7.4352,0,1.0000,0,0,40.0518,32.5775,-36.9848,13.7144,3.3440,0.992,0.000,1.000,0.0000,0.0000,0
2026-05-06,13:00:42,36590,2,0.0000,-0.0659,0.1948,5.7281,7.4355,0,1.0000,0,0,39.3682,-29.6666,-36.8925,6.3420,28.1832,0.984,0.000,1.000,0.0000,0.0000,0
2026-05-06,13:00:42,36625,2,0.0000,0.0004,0.1949,5.7330,7.4356,0,1.0000,0,0,37.6942,-47.8329,-37.4119,-6.0243,15.8368,1.000,0.000,1.000,0.0000,0.0000,0
2026-05-06,13:00:42,36660,2,0.0000,0.0285,0.1903,5.5965,7.4354,0,1.0000,0,0,38.0546,15.5361,-37.2224,3.9596,-13.0941,1.000,0.000,1.000,0.0000,0.0000,0
2026-05-06,13:00:42,36696,2,0.0000,0.1544,0.1732,5.0934,7.4349,0,1.0000,0,0,38.1057,-11.8996,-36.8514,8.0344,14.9143,1.000,0.000,1.000,0.0000,0.0000,0
2026-05-06,13:00:42,36731,2,0.0000,0.0457,0.1595,4.6913,7.4339,0,1.0000,0,0,37.4297,-10.4413,-36.9440,1.0144,38.8729,1.000,0.000,1.000,0.0000,0.0000,0
2026-05-06,13:00:43,36766,2,0.0000,-0.0169,0.1629,4.7923,7.4339,0,1.0000,0,0,38.1486,21.9393,-37.2780,-4.5431,45.7786,0.984,0.000,1.000,0.0000,0.0000,0
2026-05-06,13:00:43,36801,2,0.0000,-0.0560,0.1666,4.8989,7.4340,0,1.0000,0,0,37.7635,-17.3711,-37.2823,-0.2398,65.1474,0.952,0.000,1.000,0.0000,0.0000,0
2026-05-06,13:00:43,36836,2,0.0000,-0.0068,0.1700,5.0010,7.4343,0,1.0000,0,0,36.9980,-19.6878,-37.2554,1.2935,34.5268,0.992,0.000,1.000,0.0000,0.0000,0
2026-05-06,13:00:43,36872,2,0.0000,0.0451,0.1653,4.8612,7.4342,0,1.0000,0,0,37.0232,-7.7920,-37.2753,0.7933,28.9349,1.000,0.000,1.000,0.0000,0.0000,0
2026-05-06,13:00:43,36907,2,0.0000,0.1408,0.1462,4.2988,7.4333,0,1.0000,0,0,37.0108,-2.1900,-36.9023,7.6182,51.0704,1.000,0.000,1.000,0.0000,0.0000,0
2026-05-06,13:00:43,36942,2,0.0000,-0.0133,0.1487,4.3738,7.4331,0,1.0000,0,0,37.2992,10.9326,-36.8799,2.2553,69.5764,0.976,0.000,1.000,0.0000,0.0000,0
2026-05-06,13:00:43,36977,2,0.0000,-0.0102,0.1508,4.4368,7.4332,0,1.0000,0,0,37.4686,-2.4370,-37.5273,-11.4078,84.8638,0.944,0.000,1.000,0.0000,0.0000,0
2026-05-06,13:00:43,37012,2,0.0000,0.0185,0.1563,4.5963,7.4336,0,1.0000,0,0,36.2382,-39.4901,-38.1474,-13.5409,70.3651,0.960,0.000,1.000,0.0000,0.0000,0
2026-05-06,13:00:43,37047,2,0.0000,0.0360,0.1529,4.4975,7.4335,0,1.0000,0,0,36.1593,5.6539,-37.9646,0.3660,40.5069,1.000,0.000,1.000,0.0000,0.0000,0
2026-05-06,13:00:43,37083,2,0.0000,0.1075,0.1341,3.9444,7.4327,0,1.0000,0,0,36.9193,19.4932,-37.6606,6.1161,41.6159,0.976,0.000,1.000,0.0000,0.0000,0
2026-05-06,13:00:43,37118,2,0.0000,0.0398,0.1342,3.9479,7.4324,0,1.0000,0,0,37.0900,0.7833,-37.4859,5.1584,61.8257,0.944,0.000,1.000,0.0000,0.0000,0
2026-05-06,13:00:43,37153,2,0.0000,0.0971,0.1203,3.5388,7.4319,0,1.0000,0,0,36.9267,-0.6433,-37.5500,0.0844,79.1441,0.912,0.000,1.000,0.0000,0.0000,0
2026-05-06,13:00:43,37189,2,0.0000,0.1325,0.1039,3.0569,7.4312,0,1.0000,0,0,37.1682,6.9925,-37.8811,-6.4745,93.6911,0.880,0.000,1.000,0.0000,0.0000,0
2026-05-06,13:00:43,37224,2,0.0000,0.0057,0.1018,2.9943,7.4306,0,1.0000,0,0,37.6105,13.6634,-38.2567,-9.2046,106.0263,0.848,0.000,1.000,0.0000,0.0000,0
2026-05-06,13:00:43,37259,2,0.0000,-0.0259,0.1031,3.0310,7.4306,0,1.0000,0,0,37.7755,2.6877,-38.6725,-11.0484,116.3570,0.816,0.000,1.000,0.0000,0.0000,0
2026-05-06,13:00:43,37295,2,0.0000,-0.0357,0.1067,3.1382,7.4308,0,1.0000,0,0,37.4118,-10.9783,-39.0696,-9.9938,110.9693,0.784,0.000,1.000,0.0000,0.0000,0
2026-05-06,13:00:43,37330,2,0.0000,0.0174,0.1042,3.0634,7.4308,0,1.0000,0,0,37.2334,-2.3953,-39.1249,-3.7506,67.6567,0.752,0.000,1.000,0.0000,0.0000,0
2026-05-06,13:00:43,37365,2,0.0000,0.0505,0.0996,2.9297,7.4306,0,1.0000,0,0,37.4275,7.9656,-39.0107,0.7879,78.0595,0.720,0.000,1.000,0.0000,0.0000,0
2026-05-06,13:00:43,37400,2,0.0000,0.0307,0.0969,2.8486,7.4304,0,1.0000,0,0,37.6649,6.0148,-38.7871,4.6893,92.9367,0.688,0.000,1.000,0.0000,0.0000,0
2026-05-06,13:00:43,37435,2,0.0000,0.0561,0.0878,2.5829,7.4301,0,1.0000,0,0,37.6137,-2.0829,-38.6024,5.5782,105.6455,0.656,0.000,1.000,0.0000,0.0000,0
2026-05-06,13:00:43,37470,2,-0.3600,0.0988,0.0780,2.2940,7.4296,0,1.0000,-45,1,37.5807,-0.3378,-38.4325,5.2338,116.5955,0.624,0.000,1.000,0.0000,0.0000,0
2026-05-06,13:00:43,37506,2,-3.0000,-0.0305,0.0516,1.5186,7.4292,0,1.0000,-375,1,37.6808,3.5794,-38.2704,5.2610,125.8614,0.592,0.000,1.000,0.0000,0.0000,0
2026-05-06,13:00:43,37541,2,-3.0000,-0.2936,0.0237,0.6984,7.4302,0,1.0000,-375,1,37.9688,9.0204,-38.0865,5.5395,133.6203,0.560,0.000,1.000,0.0000,0.0000,0
2026-05-06,13:00:43,37576,2,-3.0000,-0.5164,0.0386,1.1359,7.4337,0,1.0000,-375,1,38.2911,10.8756,-38.0307,2.6844,140.2813,0.528,0.000,1.000,0.0000,0.0000,0
2026-05-06,13:00:43,37612,2,-3.8480,-0.5917,0.0284,0.8362,7.4378,0,1.0000,-481,1,38.2337,-3.8355,-38.1039,-0.7267,145.9997,0.496,0.000,1.000,0.0000,0.0000,0
2026-05-06,13:00:43,37647,2,-3.8480,-0.5185,0.0387,1.1385,7.4417,0,1.0000,-481,1,38.0306,-6.1949,-38.1028,0.0941,150.7594,0.464,0.000,1.000,0.0000,0.0000,0
2026-05-06,13:00:43,37682,2,-3.8480,-0.8337,0.0500,1.4691,7.4472,0,1.0000,-481,1,38.0982,4.4719,-38.1401,-0.9662,154.8805,0.432,0.000,1.000,0.0000,0.0000,0
2026-05-06,13:00:43,37718,2,-4.1120,-0.8834,0.0284,0.8352,7.4539,0,1.0000,-514,1,38.2471,1.2819,-38.1968,-1.1936,158.4245,0.400,0.000,1.000,0.0000,0.0000,0
2026-05-06,13:00:43,37753,2,-4.1120,-0.6832,0.0460,1.3542,7.4599,0,1.0000,-514,1,37.8591,-12.7680,-38.1746,0.0066,161.3751,0.368,0.000,1.000,0.0000,0.0000,0
2026-05-06,13:00:44,37795,2,-4.1120,-0.6978,0.0292,0.8590,7.4670,0,1.0000,-514,1,37.9232,2.3050,-38.1601,0.0117,162.6769,0.344,0.000,1.000,0.0000,0.0000,0
2026-05-06,13:00:44,37830,2,-4.1120,-0.3969,0.0424,1.2460,7.4716,0,1.0000,-514,1,38.3498,8.6686,-38.1476,0.3967,158.6298,0.312,0.000,1.000,0.0000,0.0000,0
2026-05-06,13:00:44,37865,2,-4.1120,-0.6363,0.0459,1.3490,7.4758,0,1.0000,-514,1,37.7947,-16.6932,-38.1279,0.2739,161.5011,0.280,0.000,0.999,0.0000,0.0000,0
2026-05-06,13:00:44,37901,2,-4.1120,-0.8327,0.0394,1.1590,7.4817,0,1.0000,-514,1,37.8557,8.6572,-38.1058,0.5549,130.1426,0.296,0.000,0.996,0.0000,0.0000,0
2026-05-06,13:00:44,37937,2,-4.1120,-0.5734,0.0640,1.8822,7.4878,0,1.0000,-514,1,38.3085,6.2530,-38.0084,2.1023,124.7287,0.264,0.000,0.993,0.0000,0.0000,0
2026-05-06,13:00:44,37973,2,-4.1120,-0.6949,0.0656,1.9285,7.4921,0,1.0000,-514,1,36.9765,-34.4781,-37.7512,5.7085,132.7444,0.280,0.000,0.990,0.0000,0.0000,0
2026-05-06,13:00:44,38009,2,-4.1120,-0.8480,0.0682,2.0054,7.4984,0,1.0000,-514,1,36.6934,1.0985,-37.5982,4.8243,111.8740,0.344,0.000,1.000,0.0000,0.0000,0
2026-05-06,13:00:44,38044,2,-4.1120,-1.2020,0.0754,2.2168,7.5062,0,1.0000,-514,1,37.2191,18.1693,-37.3674,6.6303,102.8284,0.360,0.000,1.000,0.0000,0.0000,0
2026-05-06,13:00:44,38079,2,-4.1120,-1.2623,0.0654,1.9227,7.5158,0,1.0000,-514,1,37.4738,9.6751,-37.0145,8.6965,114.2397,0.328,0.000,1.000,0.0000,0.0000,0
2026-05-06,13:00:44,38115,2,-4.1120,-1.6092,0.0703,2.0685,7.5277,0,1.0000,-514,1,37.6628,8.4383,-36.8849,5.2371,110.3142,0.296,0.000,1.000,0.0000,0.0000,0
2026-05-06,13:00:44,38150,2,-4.1120,-2.0215,0.0848,2.4936,7.5415,0,1.0000,-514,1,38.0145,14.7828,-36.6503,6.9295,120.3890,0.264,0.000,1.000,0.0000,0.0000,0
2026-05-06,13:00:44,38185,2,-4.1120,-2.1665,0.0779,2.2922,7.5568,0,1.0000,-514,1,38.4248,13.1324,-36.3885,7.4585,121.8874,0.232,0.000,1.000,0.0000,0.0000,0
2026-05-06,13:00:44,38221,2,-4.1040,-2.4622,0.0801,2.3563,7.5746,0,1.0000,-513,1,38.5669,9.4192,-36.1711,7.2079,89.7258,0.200,0.000,1.000,0.0000,0.0000,0
2026-05-06,13:00:44,38256,2,-4.1040,-2.2715,0.0605,1.7808,7.5923,0,1.0000,-513,1,39.5008,32.6488,-35.8435,9.1551,83.3003,0.168,0.000,1.000,0.0000,0.0000,0
2026-05-06,13:00:44,38291,2,-4.1040,-1.5054,0.0611,1.7977,7.6070,0,1.0000,-513,1,40.5506,32.1778,-35.3332,13.2236,84.0190,0.136,0.000,1.000,0.0000,0.0000,0
2026-05-06,13:00:44,38326,2,-4.1040,-1.8213,0.0681,2.0040,7.6199,0,1.0000,-513,1,40.7026,2.9811,-34.7804,15.0367,98.4771,0.104,0.000,1.000,0.0000,0.0000,0
2026-05-06,13:00:44,38361,2,-4.1040,-2.0782,0.0787,2.3154,7.6348,0,1.0000,-513,1,39.6235,-28.5294,-34.4013,12.0820,110.6916,0.072,0.000,1.000,0.0000,0.0000,0
2026-05-06,13:00:44,38396,2,-4.1040,-2.3704,0.0974,2.8650,7.6520,0,1.0000,-513,1,38.9085,-3.1089,-34.2745,6.4336,99.9637,0.136,0.000,1.000,0.0000,0.0000,0
2026-05-06,13:00:44,38431,2,-4.1040,-2.3689,0.0809,2.3807,7.6697,0,1.0000,-513,1,40.4779,44.5345,-34.0988,5.1688,84.8231,0.128,0.000,1.000,0.0000,0.0000,0
2026-05-06,13:00:44,38466,2,-4.1040,-2.4001,0.0489,1.4390,7.6883,0,1.0000,-513,1,41.7461,43.0000,-33.8949,5.2053,79.4993,0.096,0.000,1.000,0.0000,0.0000,0
2026-05-06,13:00:44,38502,2,-0.8441,-1.0424,0.0103,0.3021,7.6992,0,1.0000,-513,0,43.0472,46.6703,-33.7632,3.4811,88.0865,0.064,0.000,1.000,0.0000,0.0000,0
2026-05-06,13:00:44,38538,2,0.0000,0.1823,0.0335,0.9843,7.7014,0,1.0000,-513,0,44.3291,40.9374,-33.7851,0.5130,88.5168,0.032,0.000,1.000,0.0000,0.0000,0
2026-05-06,13:00:44,38574,2,0.0000,0.0726,0.0210,0.6187,7.7004,0,1.0000,-513,0,45.4057,34.9576,-33.7682,0.1771,101.8043,0.000,0.000,1.000,0.0000,0.0000,0
2026-05-06,13:00:44,38609,2,0.0000,0.0217,0.0140,0.4105,7.6999,0,1.0000,-513,0,47.1352,54.9625,-33.8296,-1.3667,65.9914,0.000,0.000,1.000,0.0000,0.0000,0
2026-05-06,13:00:44,38644,2,0.0000,-0.0550,0.0205,0.6030,7.7000,0,1.0000,-513,0,48.6763,35.3267,-33.9497,-2.9578,29.4652,0.000,0.000,1.000,0.0000,0.0000,0
2026-05-06,13:00:44,38679,2,0.0000,-0.9475,0.1332,3.9170,7.7038,0,1.0000,-513,0,45.2531,-127.5533,-32.3800,32.0964,2.1715,0.016,0.000,1.000,0.0000,0.0000,0
2026-05-06,13:00:44,38715,2,0.0000,-0.2636,0.1590,4.6779,7.7069,0,1.0000,-513,0,39.0700,-148.5932,-29.3544,47.3728,9.0449,0.064,0.000,1.000,0.0000,0.0000,0
2026-05-06,13:00:44,38750,2,0.0000,0.1489,0.1301,3.8250,7.7064,0,1.0000,-513,0,42.7911,127.1052,-30.5389,-9.9580,16.6802,0.128,0.000,1.000,0.0000,0.0000,0
2026-05-06,13:00:45,38786,2,0.0000,0.2087,0.0850,2.4989,7.7041,0,1.0000,-513,0,48.0936,136.9282,-32.0152,-29.9519,33.3472,0.096,0.000,1.000,0.0000,0.0000,0
2026-05-06,13:00:45,38821,2,0.0000,0.0648,0.0692,2.0340,7.7028,0,1.0000,-513,0,49.4787,26.1669,-32.3341,-14.8040,54.5989,0.064,0.000,1.000,0.0000,0.0000,0
2026-05-06,13:00:45,38856,2,0.0000,0.0228,0.0667,1.9604,7.7027,0,1.0000,-513,0,48.7735,-19.2913,-32.3415,-6.8779,52.3084,0.032,0.000,1.000,0.0000,0.0000,0
2026-05-06,13:00:45,38891,2,0.0000,-0.0165,0.0698,2.0532,7.7027,0,1.0000,-513,0,49.3290,22.0458,-32.5017,-4.6028,18.4229,0.000,0.000,1.000,0.0000,0.0000,0
2026-05-06,13:00:45,38926,2,0.0000,0.0122,0.0641,1.8856,7.7026,0,1.0000,-513,0,49.8292,11.2037,-32.0193,7.5405,29.9130,0.000,0.000,1.000,0.0000,0.0000,0
2026-05-06,13:00:45,38961,2,0.0000,-0.0488,0.0749,2.2023,7.7028,0,1.0000,-513,0,49.9451,6.2261,-31.9349,2.0487,37.7375,0.000,0.000,1.000,0.0000,0.0000,0
2026-05-06,13:00:45,38996,2,0.0000,-0.2402,0.1008,2.9637,7.7038,0,1.0000,-513,0,50.0903,0.4638,-32.1852,-3.6609,12.8419,0.000,0.000,1.000,0.0000,0.0000,0
2026-05-06,13:00:45,39032,2,-4.1120,-0.0851,0.1140,3.3537,7.7049,0,1.0000,-514,1,49.3481,-17.7585,-32.1836,-2.1754,37.2283,0.000,0.000,1.000,0.0000,0.0000,0
2026-05-06,13:00:45,39068,2,-4.1120,-0.1521,0.0952,2.8008,7.7056,0,1.0000,-514,1,49.5225,10.3323,-32.3552,-4.3007,24.2159,0.000,0.000,1.000,0.0000,0.0000,0
2026-05-06,13:00:45,39104,2,-4.1120,-0.3540,0.0692,2.0348,7.7075,0,1.0000,-514,1,49.7948,9.4895,-32.4863,-4.1131,21.5234,0.000,0.000,1.000,0.0000,0.0000,0
2026-05-06,13:00:45,39140,2,-4.1040,-0.5674,0.0321,0.9429,7.7109,0,1.0000,-513,1,50.1825,12.0210,-32.5085,-1.7064,44.6096,0.000,0.000,1.000,0.0000,0.0000,0
2026-05-06,13:00:45,39175,2,-4.1040,-0.1961,0.0221,0.6504,7.7144,0,1.0000,-513,1,50.6133,13.0141,-32.5256,-0.8494,11.3949,0.000,0.000,1.000,0.0000,0.0000,0
2026-05-06,13:00:45,39211,2,-4.1120,-0.1066,0.0271,0.7965,7.7160,0,1.0000,-514,1,51.0462,13.6559,-32.4544,1.1625,23.6121,0.000,0.000,1.000,0.0000,0.0000,0
2026-05-06,13:00:45,39247,2,-4.1120,-0.3618,0.0354,1.0418,7.7187,0,1.0000,-514,1,50.9528,-2.6934,-32.4264,0.8594,39.2652,0.000,0.000,1.000,0.0000,0.0000,0
2026-05-06,13:00:45,39282,2,-4.1120,-0.7970,0.0578,1.6999,7.7235,0,1.0000,-514,1,51.2112,9.6230,-32.4861,-1.0196,6.6369,0.000,0.000,1.000,0.0000,0.0000,0
2026-05-06,13:00:45,39317,2,-4.1120,-0.9021,0.0492,1.4475,7.7293,0,1.0000,-514,1,51.3358,-1.2830,-32.5435,-1.0362,25.8406,0.000,0.000,1.000,0.0000,0.0000,0
2026-05-06,13:00:45,39353,2,-4.1120,-1.2337,0.0648,1.9061,7.7380,0,1.0000,-514,1,51.1131,-2.5429,-32.5632,-0.9563,34.5073,0.000,0.000,1.000,0.0000,0.0000,0
2026-05-06,13:00:45,39389,2,-4.1120,-1.3934,0.0467,1.3725,7.7472,0,1.0000,-514,1,51.4793,8.5365,-32.7405,-3.2096,41.7924,0.000,0.000,1.000,0.0000,0.0000,0
2026-05-06,13:00:45,39425,2,-4.1120,-0.9163,0.0373,1.0966,7.7556,0,1.0000,-514,1,51.3167,-6.2291,-32.7691,-0.7343,55.6410,0.000,0.000,1.000,0.0000,0.0000,0
2026-05-06,13:00:45,39461,2,-4.1040,-0.0121,0.0368,1.0815,7.7595,0,1.0000,-513,1,51.5256,12.8290,-32.6534,1.9979,26.9960,0.000,0.000,1.000,0.0000,0.0000,0
2026-05-06,13:00:45,39496,2,-4.1040,-0.0895,0.0176,0.5180,7.7598,0,1.0000,-513,1,51.8238,6.8974,-32.5953,1.7516,23.9281,0.000,0.000,1.000,0.0000,0.0000,0
2026-05-06,13:00:45,39531,2,-4.1120,-0.1702,0.0225,0.6603,7.7604,0,1.0000,-514,1,51.7441,-1.0029,-32.5909,0.6299,46.7815,0.000,0.000,1.000,0.0000,0.0000,0
2026-05-06,13:00:45,39567,2,-4.1120,-0.1915,0.0262,0.7717,7.7615,0,1.0000,-514,1,51.9304,4.0801,-32.6942,-2.3040,33.4040,0.000,0.000,1.000,0.0000,0.0000,0
2026-05-06,13:00:45,39603,2,-4.1120,-0.4187,0.0283,0.8332,7.7644,0,1.0000,-514,1,51.7233,-6.9920,-32.8554,-3.3946,35.6214,0.000,0.000,1.000,0.0000,0.0000,0
2026-05-06,13:00:45,39637,2,-4.1120,-0.5815,0.0253,0.7439,7.7685,0,1.0000,-514,1,51.7537,-2.1110,-32.8626,-2.4040,43.9143,0.000,0.000,1.000,0.0000,0.0000,0
2026-05-06,13:00:45,39673,2,-4.1120,-0.0115,0.0218,0.6403,7.7711,0,1.0000,-514,1,52.0476,5.9696,-32.8478,-0.0598,31.4173,0.000,0.000,1.000,0.0000,0.0000,0
2026-05-06,13:00:45,39708,2,-4.1120,0.0124,0.0167,0.4912,7.7717,0,1.0000,-514,1,51.5841,-15.1830,-32.7057,2.7948,46.7917,0.000,0.000,1.000,0.0000,0.0000,0
2026-05-06,13:00:45,39745,2,-4.1120,-0.0039,0.0095,0.2791,7.7717,0,1.0000,-514,1,51.7708,10.0569,-32.6380,2.0672,38.9059,0.000,0.000,0.997,0.0000,0.0000,0
2026-05-06,13:00:46,39780,2,-4.1120,-0.0071,0.0107,0.3148,7.7717,0,1.0000,-514,1,52.1981,7.8659,-32.6169,1.0997,34.0904,0.000,0.000,0.994,0.0000,0.0000,0
2026-05-06,13:00:46,39815,2,-4.1120,0.0039,0.0103,0.3015,7.7717,0,1.0000,-514,1,51.7910,-11.4621,-32.6431,-0.2702,55.4883,0.000,0.000,0.990,0.0000,0.0000,0
2026-05-06,13:00:46,39851,2,-4.1120,-0.0127,0.0116,0.3409,7.7717,0,1.0000,-514,1,52.0940,13.1302,-32.6446,-0.0997,20.4141,0.000,0.000,0.987,0.0000,0.0000,0
2026-05-06,13:00:46,39887,2,-4.1120,-0.0721,0.0213,0.6258,7.7721,0,1.0000,-514,1,52.2394,-0.5748,-32.6179,0.4515,31.3345,0.000,0.000,0.984,0.0000,0.0000,0
2026-05-06,13:00:46,39922,2,-4.1040,-0.4077,0.0380,1.1184,7.7740,0,1.0000,-513,1,51.8024,-11.8458,-32.6516,-0.7456,53.2393,0.000,0.000,0.981,0.0000,0.0000,0
2026-05-06,13:00:46,39958,2,-4.1120,-0.3974,0.0304,0.8937,7.7774,0,1.0000,-514,1,51.8379,3.1139,-32.6530,0.0793,18.5011,0.000,0.000,0.978,0.0000,0.0000,0
2026-05-06,13:00:46,39993,2,-4.1120,-0.5210,0.0319,0.9370,7.7813,0,1.0000,-514,1,52.0186,4.1361,-32.5419,2.1119,42.3473,0.000,0.000,0.974,0.0000,0.0000,0
2026-05-06,13:00:46,40030,2,-4.1120,-0.4356,0.0187,0.5487,7.7855,0,1.0000,-514,1,51.9775,-1.8886,-32.4710,1.9296,55.5225,0.000,0.000,0.971,0.0000,0.0000,0
2026-05-06,13:00:46,40066,2,-4.1120,0.0025,0.0187,0.5497,7.7869,0,1.0000,-514,1,52.1478,4.8250,-32.4117,2.0714,34.3319,0.000,0.000,0.968,0.0000,0.0000,0
2026-05-06,13:00:46,40101,2,-4.1120,-0.0657,0.0226,0.6658,7.7873,0,1.0000,-514,1,52.1670,1.0595,-32.1791,5.5061,29.0986,0.000,0.000,0.965,0.0000,0.0000,0
2026-05-06,13:00:46,40136,2,-4.1120,-0.4255,0.0467,1.3743,7.7895,0,1.0000,-514,1,52.1352,-0.4559,-31.7432,10.5534,-1.3607,0.000,0.000,0.962,0.0000,0.0000,0
2026-05-06,13:00:46,40172,2,-4.1120,-0.7442,0.0755,2.2218,7.7942,0,1.0000,-514,1,52.1569,-1.9877,-30.9285,18.5359,-26.3385,0.000,0.000,0.958,0.0000,0.0000,0
2026-05-06,13:00:46,40208,2,-4.1120,-0.8861,0.0894,2.6292,7.8004,0,1.0000,-514,1,51.9082,-9.1976,-30.0106,21.0320,-13.2127,0.000,0.000,0.990,0.0000,0.0000,0
2026-05-06,13:00:46,40244,2,-4.1120,-0.8497,0.0551,1.6210,7.8064,0,1.0000,-514,1,51.6808,-8.1343,-29.6988,9.6857,15.7311,0.016,0.000,1.000,0.0000,0.0000,0
2026-05-06,13:00:46,40280,2,-4.1120,-1.1509,0.0403,1.1861,7.8146,0,1.0000,-514,1,51.6164,0.2141,-30.1939,-7.2310,39.5890,0.056,0.000,1.000,0.0000,0.0000,0
2026-05-06,13:00:46,40315,2,-4.1120,-0.5098,0.0236,0.6955,7.8211,0,1.0000,-514,1,52.1123,14.8608,-30.6310,-11.1783,13.3096,0.024,0.000,1.000,0.0000,0.0000,0
2026-05-06,13:00:46,40350,2,-4.1120,-0.1597,0.0301,0.8849,7.8238,0,1.0000,-514,1,52.1597,-0.7955,-30.9693,-10.7980,18.7692,0.000,0.000,1.000,0.0000,0.0000,0
2026-05-06,13:00:46,40386,2,-4.1120,-0.3427,0.0158,0.4657,7.8262,0,1.0000,-514,1,52.3161,6.6815,-31.1987,-8.4542,35.4818,0.000,0.000,1.000,0.0000,0.0000,0
2026-05-06,13:00:46,40421,2,-4.1120,-0.1524,0.0375,1.1017,7.8280,0,1.0000,-514,1,52.7782,12.4502,-31.2983,-5.1386,3.8141,0.000,0.000,1.000,0.0000,0.0000,0
2026-05-06,13:00:46,40456,2,-4.1120,-0.5106,0.0602,1.7694,7.8312,0,1.0000,-514,1,52.2285,-19.1946,-31.0091,3.5102,-22.4251,0.000,0.000,1.000,0.0000,0.0000,0
2026-05-06,13:00:46,40492,2,-4.1120,-0.6737,0.0592,1.7419,7.8355,0,1.0000,-514,1,51.6860,-16.3398,-30.1734,15.2732,-43.8543,0.048,0.000,1.000,0.0000,0.0000,0
2026-05-06,13:00:46,40527,2,-4.1120,-0.8688,0.0601,1.7667,7.8417,0,1.0000,-514,1,51.6536,-3.3068,-29.3264,18.6866,-21.5300,0.112,0.000,1.000,0.0000,0.0000,0
2026-05-06,13:00:46,40566,2,-4.1120,-0.9216,0.0360,1.0597,7.8485,0,1.0000,-514,1,51.6061,-2.1172,-28.6103,18.7997,-9.0081,0.160,0.000,1.000,0.0000,0.0000,0
2026-05-06,13:00:46,40602,2,-4.1120,-0.4381,0.0595,1.7487,7.8552,0,1.0000,-514,1,51.7751,3.6952,-29.5092,-12.0993,-2.4044,0.128,0.000,1.000,0.0000,0.0000,0
2026-05-06,13:00:46,40637,2,-4.1120,-0.4365,0.0333,0.9795,7.8582,0,1.0000,-514,1,51.2645,-20.0595,-30.1364,-16.3811,-0.9673,0.120,0.000,1.000,0.0000,0.0000,0
2026-05-06,13:00:46,40673,2,-4.1120,-0.3383,0.0108,0.3182,7.8621,0,1.0000,-514,1,51.2215,5.1124,-30.5659,-14.4231,-1.9521,0.136,0.000,1.000,0.0000,0.0000,0
2026-05-06,13:00:46,40710,2,-4.1120,-0.1326,0.0341,1.0022,7.8638,0,1.0000,-514,1,52.1458,23.6751,-30.6344,-6.1578,-27.6097,0.104,0.000,1.000,0.0000,0.0000,0
2026-05-06,13:00:46,40746,2,-4.1120,-0.4650,0.0611,1.7969,7.8669,0,1.0000,-514,1,51.1915,-33.4856,-30.0296,8.0834,-49.0180,0.072,0.000,1.000,0.0000,0.0000,0
2026-05-06,13:00:47,40782,2,-4.1120,-0.6567,0.0687,2.0194,7.8713,0,1.0000,-514,1,50.7154,-5.2075,-29.3089,13.2239,-52.6973,0.136,0.000,1.000,0.0000,0.0000,0
2026-05-06,13:00:47,40817,2,-4.1120,-0.6848,0.0547,1.6088,7.8766,0,1.0000,-514,1,51.4062,13.7985,-29.2339,3.6796,-18.1214,0.128,0.000,1.000,0.0000,0.0000,0
2026-05-06,13:00:47,40852,2,-4.1120,-0.7869,0.0289,0.8494,7.8820,0,1.0000,-514,1,50.7317,-20.9285,-29.6026,-7.5587,10.8057,0.120,0.000,1.000,0.0000,0.0000,0
2026-05-06,13:00:47,40888,2,-4.1360,-0.4259,0.0290,0.8530,7.8852,0,1.0000,-517,1,50.8886,8.0482,-30.1518,-12.8917,-11.0515,0.160,0.000,1.000,0.0000,0.0000,0
2026-05-06,13:00:47,40923,2,-4.1360,-0.3878,0.0392,1.1519,7.8889,0,1.0000,-517,1,51.1303,5.5516,-30.4683,-10.9156,4.5431,0.128,0.000,1.000,0.0000,0.0000,0
2026-05-06,13:00:47,40959,2,-4.1360,-0.4013,0.0154,0.4526,7.8917,0,1.0000,-517,1,51.1110,2.0099,-30.7614,-9.8389,16.0865,0.096,0.000,1.000,0.0000,0.0000,0
2026-05-06,13:00:47,40995,2,-4.1120,-0.0103,0.0213,0.6277,7.8928,0,1.0000,-514,1,51.6753,12.8258,-30.8871,-5.5412,-12.8268,0.064,0.000,1.000,0.0000,0.0000,0
2026-05-06,13:00:47,41030,2,-4.1120,-0.0002,0.0165,0.4856,7.8932,0,1.0000,-514,1,51.4800,-7.0360,-30.7479,0.8202,3.3324,0.032,0.000,1.000,0.0000,0.0000,0
2026-05-06,13:00:47,41065,2,-4.1120,0.0035,0.0141,0.4162,7.8933,0,1.0000,-514,1,51.1761,-6.7761,-30.4945,4.5754,2.1076,0.000,0.000,1.000,0.0000,0.0000,0
2026-05-06,13:00:47,41102,2,-4.1120,-0.0010,0.0136,0.4003,7.8933,0,1.0000,-514,1,51.2044,-2.2912,-30.3077,4.4064,-24.6124,0.000,0.000,1.000,0.0000,0.0000,0
2026-05-06,13:00:47,41137,2,-4.1120,-0.0068,0.0149,0.4381,7.8933,0,1.0000,-514,1,50.7465,-15.4151,-30.0539,6.0170,6.1324,0.000,0.000,1.000,0.0000,0.0000,0
2026-05-06,13:00:47,41172,2,-4.1120,-0.0050,0.0149,0.4380,7.8933,0,1.0000,-514,1,50.6636,-1.0320,-29.8076,5.9213,-8.3879,0.000,0.000,0.998,0.0000,0.0000,0
2026-05-06,13:00:47,41208,2,-4.1040,-0.0317,0.0176,0.5174,7.8935,0,1.0000,-513,1,50.6320,-4.1982,-29.5737,5.5888,-26.2100,0.000,0.000,0.994,0.0000,0.0000,0
2026-05-06,13:00:47,41244,2,-4.1120,-0.2971,0.0327,0.9616,7.8948,0,1.0000,-514,1,50.2877,-9.5383,-29.3152,5.2403,5.0972,0.016,0.000,0.991,0.0000,0.0000,0
2026-05-06,13:00:47,41280,2,-4.1120,-0.5936,0.0580,1.7071,7.8984,0,1.0000,-514,1,50.2730,-2.5568,-29.2517,1.4426,-9.2518,0.056,0.000,1.000,0.0000,0.0000,0
2026-05-06,13:00:47,41315,2,-4.1120,-0.8536,0.0843,2.4801,7.9041,0,1.0000,-514,1,49.3329,-34.6163,-29.3005,-1.9848,19.0016,0.120,0.000,1.000,0.0000,0.0000,0
2026-05-06,13:00:47,41351,2,-4.1120,-0.8428,0.0861,2.5334,7.9110,0,1.0000,-514,1,47.4030,-49.1675,-29.6188,-7.6022,42.6260,0.184,0.000,1.000,0.0000,0.0000,0
2026-05-06,13:00:47,41388,2,-4.1120,-1.1437,0.0774,2.2779,7.9190,0,1.0000,-514,1,47.8100,23.2123,-29.9671,-9.1844,15.8010,0.248,0.000,1.000,0.0000,0.0000,0
2026-05-06,13:00:47,41423,2,-4.1120,-1.1343,0.0373,1.0957,7.9276,0,1.0000,-514,1,48.7963,29.2218,-30.0355,-3.9990,7.5235,0.240,0.000,1.000,0.0000,0.0000,0
2026-05-06,13:00:47,41458,2,-4.1120,-0.6894,0.0514,1.5104,7.9349,0,1.0000,-514,1,49.4893,25.8598,-29.9676,0.0594,19.0296,0.208,0.000,1.000,0.0000,0.0000,0
2026-05-06,13:00:47,41496,2,-4.1040,-0.8867,0.0559,1.6446,7.9416,0,1.0000,-513,1,49.6986,13.7086,-29.9147,0.5027,7.2717,0.184,0.000,1.000,0.0000,0.0000,0
2026-05-06,13:00:47,41531,2,-4.1040,-1.0868,0.0481,1.4158,7.9500,0,1.0000,-513,1,49.5855,-0.2769,-29.7848,2.8121,19.9045,0.152,0.000,1.000,0.0000,0.0000,0
2026-05-06,13:00:47,41567,2,-4.1040,-0.2627,0.0371,1.0924,7.9562,0,1.0000,-513,1,50.4507,29.9238,-29.6715,3.1081,15.8392,0.120,0.000,1.000,0.0000,0.0000,0
2026-05-06,13:00:47,41603,2,-4.1040,0.0116,0.0128,0.3751,7.9561,0,1.0000,-513,1,51.1374,15.6553,-29.6337,1.6126,27.5707,0.088,0.000,1.000,0.0000,0.0000,0
2026-05-06,13:00:47,41639,2,-4.1040,0.0700,0.0035,0.1027,7.9558,0,1.0000,-513,1,51.9468,30.9557,-29.6621,-0.0892,35.8826,0.056,0.000,0.998,0.0000,0.0000,0
2026-05-06,13:00:47,41674,2,-4.1040,-0.0009,-0.0024,0.0705,7.9554,0,1.0000,-513,1,53.6302,41.5055,-29.6853,-0.4826,3.8240,0.024,0.000,0.995,0.0000,0.0000,0
2026-05-06,13:00:47,41710,2,-4.1040,-0.0009,-0.0011,0.0312,7.9554,0,1.0000,-513,1,53.7672,-8.5196,-29.7068,-0.7795,23.5523,0.000,0.000,0.992,0.0000,0.0000,0
,,41745,2,-4.1120,-0.0313,0.0018,0.0521,7.9555,0,1.0000,-514,1,52.7088,-27.3445,-29.7548,-1.2993,18.8770,0.000,0.000,0.989,0.0000,0.0000,0
2026-05-06,13:00:48,41781,2,-4.1040,-0.0008,0.0021,0.0621,7.9555,0,1.0000,-513,1,52.5780,-3.3844,-29.8566,-2.6405,-3.5091,0.000,0.000,0.986,0.0000,0.0000,0
2026-05-06,13:00:48,41817,2,-4.1040,-0.0635,0.0072,0.2126,7.9557,0,1.0000,-513,1,52.1252,-18.6878,-29.9422,-2.6893,23.7188,0.000,0.000,0.982,0.0000,0.0000,0
2026-05-06,13:00:48,41852,2,-4.1040,-0.1464,0.0277,0.8136,7.9565,0,1.0000,-513,1,50.7716,-48.0552,-29.9142,-0.8369,0.6702,0.016,0.000,1.000,0.0000,0.0000,0
2026-05-06,13:00:48,41887,2,-4.1040,-0.4181,0.0441,1.2963,7.9585,0,1.0000,-513,1,47.2121,-103.3652,-29.9695,-1.3279,-19.7327,0.080,0.000,1.000,0.0000,0.0000,0
2026-05-06,13:00:48,41923,2,-4.1040,-0.7518,0.0716,2.1068,7.9631,0,1.0000,-513,1,44.6621,-44.2494,-29.8579,1.2924,3.5280,0.144,0.000,1.000,0.0000,0.0000,0
2026-05-06,13:00:48,41958,2,-4.1040,-0.8680,0.0911,2.6781,7.9695,0,1.0000,-513,1,47.0660,85.5961,-29.8934,0.0839,-11.0617,0.208,0.000,1.000,0.0000,0.0000,0
2026-05-06,13:00:48,41994,2,-4.1120,-1.1413,0.1022,3.0050,7.9770,0,1.0000,-514,1,48.5394,42.6961,-29.8300,1.2325,4.3918,0.176,0.000,1.000,0.0000,0.0000,0
2026-05-06,13:00:48,42029,2,-4.1120,-0.9232,0.0709,2.0851,7.9856,0,1.0000,-514,1,49.3366,30.5299,-29.7420,3.1781,-3.9619,0.144,0.000,1.000,0.0000,0.0000,0
2026-05-06,13:00:48,42064,2,-4.1120,-1.4928,0.0630,1.8532,7.9947,0,1.0000,-514,1,51.2737,65.8230,-29.4182,8.1609,-30.1608,0.112,0.000,1.000,0.0000,0.0000,0
2026-05-06,13:00:48,42101,2,-4.1120,-1.6592,0.0627,1.8435,8.0071,0,1.0000,-514,1,52.5915,32.7067,-29.0712,9.6460,-18.2253,0.080,0.000,1.000,0.0000,0.0000,0
2026-05-06,13:00:48,42136,2,-4.1120,-1.7606,0.0519,1.5259,8.0211,0,1.0000,-514,1,52.5978,7.0524,-28.8713,7.3813,-29.7073,0.048,0.000,1.000,0.0000,0.0000,0
2026-05-06,13:00:48,42171,2,-4.1120,-1.1112,0.0557,1.6372,8.0329,0,1.0000,-514,1,53.7267,35.3764,-28.7128,5.7848,-51.9000,0.016,0.000,1.000,0.0000,0.0000,0
2026-05-06,13:00:48,42207,2,-4.1120,-1.5728,0.0770,2.2654,8.0437,0,1.0000,-514,1,53.2254,-16.5551,-28.5795,4.6023,-23.8762,0.000,0.000,1.000,0.0000,0.0000,0
2026-05-06,13:00:48,42243,2,-4.1120,-1.8078,0.0892,2.6239,8.0563,0,1.0000,-514,1,51.6784,-33.8711,-28.5697,1.6853,-34.3538,0.016,0.000,1.000,0.0000,0.0000,0
2026-05-06,13:00:48,42279,2,-4.1120,-1.8917,0.0817,2.4028,8.0701,0,1.0000,-514,1,51.9915,27.4395,-28.6064,-0.1841,-55.7277,0.056,0.000,1.000,0.0000,0.0000,0
2026-05-06,13:00:48,42314,2,-4.1120,-2.0469,0.0629,1.8503,8.0852,0,1.0000,-514,1,54.4010,66.9166,-28.6346,-0.6887,-21.2642,0.024,0.000,1.000,0.0000,0.0000,0
2026-05-06,13:00:48,42349,2,-4.1120,-1.9795,0.0446,1.3112,8.1002,0,1.0000,-514,1,55.9389,52.3496,-28.6898,-1.4292,-44.6705,0.000,0.000,1.000,0.0000,0.0000,0
2026-05-06,13:00:48,42385,2,-4.1120,-1.1049,0.0329,0.9667,8.1102,0,1.0000,-514,1,57.4442,47.3515,-28.7368,-1.2298,-30.5609,0.000,0.000,1.000,0.0000,0.0000,0
2026-05-06,13:00:48,42421,2,0.0000,-0.7908,0.0553,1.6254,8.1176,0,1.0000,0,1,57.7768,25.2332,-28.7821,-1.2353,-25.6709,0.000,0.000,1.000,0.0000,0.0000,0
2026-05-06,13:00:48,42456,2,0.0000,-0.1310,0.1005,2.9573,8.1198,0,1.0000,0,1,58.3132,11.1882,-28.8641,-2.2232,-48.8640,0.000,0.000,1.000,0.0000,0.0000,0
2026-05-06,13:00:48,42491,2,0.0000,-0.1111,0.1144,3.3643,8.1206,0,1.0000,0,1,57.2486,-26.0516,-29.0623,-4.2003,-56.0621,0.000,0.000,1.000,0.0000,0.0000,0
2026-05-06,13:00:48,42527,2,0.0000,-0.0355,0.1188,3.4929,8.1210,0,1.0000,0,1,57.9666,41.7229,-29.1676,-3.5723,-74.4401,0.000,0.000,1.000,0.0000,0.0000,0
2026-05-06,13:00:48,42562,2,0.0000,0.0502,0.1094,3.2173,8.1208,0,1.0000,0,1,59.9900,55.4952,-29.3166,-4.1434,-89.7230,0.000,0.000,1.000,0.0000,0.0000,0
2026-05-06,13:00:48,42597,2,0.0000,0.2134,0.0762,2.2426,8.1195,0,1.0000,0,1,61.0361,36.2850,-29.4355,-3.9938,-62.2972,0.000,0.000,1.000,0.0000,0.0000,0
2026-05-06,13:00:48,42633,2,0.0000,0.5139,0.0178,0.5235,8.1171,0,1.0000,0,1,63.1453,70.1280,-29.4683,-1.8244,-73.2547,0.000,0.000,1.000,0.0000,0.0000,0
2026-05-06,13:00:48,42669,2,0.0000,0.0986,-0.0035,0.1018,8.1150,0,1.0000,0,1,66.3076,92.5618,-29.4024,0.6252,-74.7262,0.000,0.000,0.997,0.0000,0.0000,0
2026-05-06,13:00:48,42704,2,0.0000,0.0516,0.0041,0.1211,8.1150,0,1.0000,0,1,69.1143,76.1584,-29.3312,1.4439,-37.2977,0.000,0.000,0.994,0.0000,0.0000,0
2026-05-06,13:00:48,42740,2,0.0000,0.0017,0.0063,0.1850,8.1151,0,1.0000,0,1,71.5038,53.6303,-29.2611,1.8746,-52.1929,0.000,0.000,0.990,0.0000,0.0000,0
2026-05-06,13:00:49,42775,2,0.0000,-0.1281,0.0192,0.5653,8.1155,0,1.0000,0,1,70.4986,-69.8821,-29.2579,0.2472,-43.4898,0.000,0.000,1.000,0.0000,0.0000,0
2026-05-06,13:00:49,42810,2,0.0000,-0.2180,0.0671,1.9722,8.1177,0,1.0000,0,1,61.8161,-292.7838,-29.5162,-5.1422,-10.6216,0.048,0.000,1.000,0.0000,0.0000,0
2026-05-06,13:00:49,42846,2,0.0000,-0.3231,0.1378,4.0525,8.1213,0,1.0000,0,1,46.3439,-371.8762,-29.9699,-9.3820,-21.3025,0.112,0.000,1.000,0.0000,0.0000,0
2026-05-06,13:00:49,42881,2,0.0000,0.1133,0.1139,3.3487,8.1211,0,1.0000,0,1,39.8580,-104.3945,-30.0087,-3.0588,-19.2272,0.176,0.000,1.000,0.0000,0.0000,0
2026-05-06,13:00:49,42916,2,0.0000,0.1795,0.0829,2.4384,8.1196,0,1.0000,0,1,52.7623,384.2347,-29.8204,2.6369,-11.3917,0.216,0.000,1.000,0.0000,0.0000,0
2026-05-06,13:00:49,42951,2,0.0000,-0.0036,0.0921,2.7084,8.1196,0,1.0000,0,1,59.3330,138.3119,-29.8364,0.2019,15.7419,0.184,0.000,1.000,0.0000,0.0000,0
2026-05-06,13:00:49,42986,2,0.0000,0.2136,0.0673,1.9805,8.1189,0,1.0000,0,1,57.5376,-36.1389,-30.1779,-6.1171,11.9285,0.152,0.000,1.000,0.0000,0.0000,0
2026-05-06,13:00:49,43022,2,0.0000,0.1649,0.0327,0.9628,8.1169,0,1.0000,0,1,59.0065,54.1916,-30.4305,-5.6522,-15.8379,0.120,0.000,1.000,0.0000,0.0000,0
2026-05-06,13:00:49,43057,2,0.0000,0.0032,0.0374,1.0986,8.1167,0,1.0000,0,0,60.0190,17.7621,-30.2938,1.4427,6.2097,0.088,0.000,1.000,0.0000,0.0000,0
2026-05-06,13:00:49,43092,2,0.0000,-0.0358,0.0406,1.1939,8.1169,0,1.0000,0,0,59.0471,-23.5853,-30.2095,2.0318,24.1059,0.056,0.000,1.000,0.0000,0.0000,0
2026-05-06,13:00:49,43128,2,0.0000,-0.2803,0.0771,2.2687,8.1182,0,1.0000,0,0,56.8060,-82.4040,-30.6224,-7.3067,20.4705,0.072,0.000,1.000,0.0000,0.0000,0
2026-05-06,13:00:49,43163,2,0.0000,-0.2442,0.1270,3.7353,8.1209,0,1.0000,0,0,52.4905,-87.0885,-31.4868,-17.2056,40.6057,0.136,0.000,1.000,0.0000,0.0000,0
2026-05-06,13:00:49,43198,2,0.0000,-0.0194,0.1401,4.1203,8.1221,0,1.0000,0,0,55.8085,108.3668,-31.7611,-8.7961,21.1319,0.176,0.000,1.000,0.0000,0.0000,0
2026-05-06,13:00:49,43233,2,0.0000,0.0427,0.1327,3.9039,8.1219,0,1.0000,0,0,59.8417,112.9428,-31.5921,1.4182,-5.7293,0.144,0.000,1.000,0.0000,0.0000,0
2026-05-06,13:00:49,43268,2,0.0000,0.2280,0.1022,3.0072,8.1208,0,1.0000,0,0,61.6500,51.3756,-31.1113,9.6527,8.6836,0.112,0.000,1.000,0.0000,0.0000,0
2026-05-06,13:00:49,43303,2,0.0000,0.0631,0.0846,2.4881,8.1194,0,1.0000,0,0,62.7569,31.4922,-30.9501,6.1726,12.6004,0.080,0.000,1.000,0.0000,0.0000,0
2026-05-06,13:00:49,43336,2,0.0000,-0.0017,0.0884,2.6001,8.1195,0,1.0000,0,0,63.0679,21.8701,-31.0121,4.4255,5.0504,0.064,0.000,1.000,0.0000,0.0000,0
2026-05-06,13:00:49,43371,2,0.0000,-0.0011,0.0872,2.5642,8.1194,0,1.0000,0,0,62.9478,-3.1546,-30.8476,4.9093,23.8784,0.032,0.000,1.000,0.0000,0.0000,0
2026-05-06,13:00:49,43406,2,0.0000,0.0073,0.0872,2.5642,8.1194,0,1.0000,0,0,63.4557,21.3298,-30.7939,2.5171,19.1000,0.000,0.000,1.000,0.0000,0.0000,0
2026-05-06,13:00:49,43441,2,0.0000,-0.0114,0.0890,2.6176,8.1195,0,1.0000,0,0,64.2944,22.0264,-30.9603,-1.9106,3.5007,0.000,0.000,1.000,0.0000,0.0000,0
2026-05-06,13:00:49,43476,2,0.0000,-0.0466,0.0971,2.8562,8.1198,0,1.0000,0,0,64.2088,-3.4301,-31.1409,-3.8495,27.6752,0.000,0.000,1.000,0.0000,0.0000,0
2026-05-06,13:00:49,43511,2,0.0000,-0.0633,0.1073,3.1548,8.1203,0,1.0000,0,0,64.2602,6.4013,-31.7327,-12.5522,34.0492,0.000,0.000,1.000,0.0000,0.0000,0
2026-05-06,13:00:49,43547,2,0.0000,-0.0177,0.1111,3.2674,8.1206,0,1.0000,0,0,64.7250,12.8959,-32.6098,-18.7120,0.0225,0.000,0.000,1.000,0.0000,0.0000,0
2026-05-06,13:00:49,43582,2,0.0000,0.0250,0.1076,3.1648,8.1205,0,1.0000,0,0,65.5217,24.8734,-32.8181,-8.3521,-27.4564,0.000,0.000,1.000,0.0000,0.0000,0
2026-05-06,13:00:49,43617,2,0.0000,0.0448,0.0970,2.8538,8.1201,0,1.0000,0,0,66.2442,13.9561,-32.7169,-0.5380,-50.0119,0.000,0.000,1.000,0.0000,0.0000,0
2026-05-06,13:00:49,43652,2,0.0000,-0.0025,0.0959,2.8201,8.1198,0,1.0000,0,0,65.7735,-17.2122,-32.5518,3.7611,-48.4388,0.000,0.000,1.000,0.0000,0.0000,0
2026-05-06,13:00:49,43687,2,0.0000,0.0342,0.0905,2.6621,8.1197,0,1.0000,0,0,65.2370,-15.4593,-32.3097,5.9315,-15.0594,0.016,0.000,1.000,0.0000,0.0000,0
2026-05-06,13:00:49,43722,2,0.0000,0.0193,0.0886,2.6065,8.1196,0,1.0000,0,0,65.1439,-4.1511,-32.3319,1.8443,-39.8586,0.080,0.000,1.000,0.0000,0.0000,0
2026-05-06,13:00:50,43757,2,0.0000,-0.0042,0.0887,2.6078,8.1195,0,1.0000,0,0,64.9967,-5.9828,-32.3842,0.3883,-20.6985,0.144,0.000,1.000,0.0000,0.0000,0
2026-05-06,13:00:50,43792,2,0.0000,-0.0195,0.0940,2.7636,8.1197,0,1.0000,0,0,64.8904,-8.3102,-32.4606,-1.1225,8.0108,0.208,0.000,1.000,0.0000,0.0000,0
2026-05-06,13:00:50,43827,2,0.0000,-0.0396,0.0990,2.9117,8.1199,0,1.0000,0,0,64.1681,-23.6367,-32.8428,-7.0362,32.2715,0.272,0.000,1.000,0.0000,0.0000,0
2026-05-06,13:00:50,43862,2,0.0000,-0.0222,0.1011,2.9742,8.1200,0,1.0000,0,0,63.5535,-17.6106,-33.1975,-7.8780,32.4377,0.336,0.000,1.000,0.0000,0.0000,0
2026-05-06,13:00:50,43897,2,0.0000,0.0154,0.1005,2.9557,8.1201,0,1.0000,0,0,63.3808,-5.8304,-33.1527,-0.5175,0.9436,0.400,0.000,1.000,0.0000,0.0000,0
2026-05-06,13:00:50,43932,2,0.0000,0.0035,0.0989,2.9084,8.1200,0,1.0000,0,0,63.3302,-3.8122,-32.8669,5.7246,-11.6850,0.464,0.000,1.000,0.0000,0.0000,0
2026-05-06,13:00:50,43967,2,0.0000,0.0029,0.0973,2.8628,8.1200,0,1.0000,0,0,63.4534,-0.6131,-32.6419,6.1591,16.2644,0.504,0.000,0.998,0.0000,0.0000,0
2026-05-06,13:00:50,44002,2,0.0000,0.0060,0.0976,2.8716,8.1200,0,1.0000,0,0,63.2578,-9.5010,-32.7117,0.6116,25.8751,0.496,0.000,0.994,0.0000,0.0000,0
2026-05-06,13:00:50,44037,2,0.0000,0.0122,0.0976,2.8703,8.1200,0,1.0000,0,0,62.9698,-10.0635,-32.9391,-3.6529,29.1143,0.560,0.000,0.991,0.0000,0.0000,0
2026-05-06,13:00:50,44072,2,0.0000,-0.0113,0.0975,2.8674,8.1199,0,1.0000,0,0,62.8501,-7.1843,-33.0421,-2.9146,51.0749,0.624,0.000,0.988,0.0000,0.0000,0
2026-05-06,13:00:50,44107,2,0.0000,-0.0427,0.1018,2.9950,8.1201,0,1.0000,0,0,62.4705,-15.6437,-33.2730,-5.6392,69.4343,0.688,0.000,0.985,0.0000,0.0000,0
2026-05-06,13:00:50,44142,2,0.0000,-0.1269,0.1212,3.5658,8.1209,0,1.0000,0,0,61.7028,-26.5265,-33.7814,-11.3049,84.1413,0.752,0.000,0.982,0.0000,0.0000,0
2026-05-06,13:00:50,44178,2,0.0000,-0.0553,0.1342,3.9466,8.1218,0,1.0000,0,0,61.0511,-19.8429,-34.3262,-12.6787,62.9023,0.816,0.000,1.000,0.0000,0.0000,0
2026-05-06,13:00:50,44213,2,0.0000,0.0173,0.1297,3.8148,8.1217,0,1.0000,0,0,60.7516,-10.7895,-34.3815,-3.7250,27.0530,0.880,0.000,1.000,0.0000,0.0000,0
2026-05-06,13:00:50,44249,2,0.0000,0.0527,0.1244,3.6588,8.1215,0,1.0000,0,0,60.6978,-4.9090,-34.0945,3.9945,36.8869,0.944,0.000,1.000,0.0000,0.0000,0
2026-05-06,13:00:50,44286,2,0.0000,0.0818,0.1123,3.3034,8.1210,0,1.0000,0,0,60.7892,-1.0111,-34.0225,3.3258,30.9517,0.992,0.000,1.000,0.0000,0.0000,0
2026-05-06,13:00:50,44321,2,0.0000,0.0942,0.0934,2.7461,8.1199,0,1.0000,0,0,60.4426,-10.7871,-33.9436,2.7147,27.2678,1.000,0.000,1.000,0.0000,0.0000,0
2026-05-06,13:00:50,44357,2,0.0000,-0.1619,0.1149,3.3782,8.1204,0,1.0000,0,0,60.2924,-6.6415,-33.9877,-0.3126,48.8879,1.000,0.000,1.000,0.0000,0.0000,0
2026-05-06,13:00:50,44392,2,0.0000,-0.1622,0.1484,4.3657,8.1223,0,1.0000,0,0,59.4711,-26.5195,-34.6534,-12.9605,65.8880,1.000,0.000,1.000,0.0000,0.0000,0
2026-05-06,13:00:50,44427,2,0.0000,-0.0115,0.1440,4.2352,8.1224,0,1.0000,0,0,58.4769,-33.1789,-35.5575,-19.2912,53.3405,1.000,0.000,1.000,0.0000,0.0000,0
2026-05-06,13:00:50,44462,2,0.0000,0.0179,0.1366,4.0183,8.1222,0,1.0000,0,0,58.1561,-6.8377,-35.5187,-3.4235,19.3199,1.000,0.000,1.000,0.0000,0.0000,0
2026-05-06,13:00:50,44497,2,0.0000,0.0216,0.1292,3.8002,8.1218,0,1.0000,0,0,58.5457,10.0844,-34.9479,9.8270,24.1642,1.000,0.000,1.000,0.0000,0.0000,0
2026-05-06,13:00:50,44532,2,0.0000,-0.0025,0.1328,3.9051,8.1218,0,1.0000,0,0,58.5764,-3.8530,-34.6696,8.5955,46.6014,0.968,0.000,1.000,0.0000,0.0000,0
2026-05-06,13:00:50,44567,2,0.0000,-0.0122,0.1373,4.0369,8.1221,0,1.0000,0,0,57.9401,-19.9261,-34.7135,2.0229,59.3947,1.000,0.000,1.000,0.0000,0.0000,0
2026-05-06,13:00:50,44602,2,0.0000,-0.0893,0.1476,4.3417,8.1224,0,1.0000,0,0,57.3862,-16.1881,-34.8882,-1.6189,76.5214,1.000,0.000,1.000,0.0000,0.0000,0
2026-05-06,13:00:50,44637,2,0.0000,0.0232,0.1423,4.1847,8.1225,0,1.0000,0,0,56.9497,-17.4386,-34.8720,1.1321,63.4892,1.000,0.000,1.000,0.0000,0.0000,0
2026-05-06,13:00:50,44673,2,0.0000,0.0119,0.1412,4.1530,8.1224,0,1.0000,0,0,56.6833,-7.2390,-34.5985,6.1737,27.3420,1.000,0.000,1.000,0.0000,0.0000,0
2026-05-06,13:00:50,44708,2,0.0000,0.0434,0.1384,4.0716,8.1222,0,1.0000,0,0,56.7404,-0.9096,-34.4094,5.6499,37.1099,1.000,0.000,1.000,0.0000,0.0000,0
2026-05-06,13:00:50,44743,2,0.0000,0.0249,0.1349,3.9679,8.1221,0,1.0000,0,0,56.6262,-6.3909,-34.5388,-0.6871,57.4930,1.000,0.000,1.000,0.0000,0.0000,0
2026-05-06,13:00:51,44778,2,0.0000,0.0100,0.1351,3.9745,8.1220,0,1.0000,0,0,56.4357,-5.8013,-34.8603,-5.6644,67.5699,1.000,0.000,1.000,0.0000,0.0000,0
2026-05-06,13:00:51,44813,2,0.0000,-0.0009,0.1358,3.9948,8.1220,0,1.0000,0,0,56.4576,-1.0008,-35.0052,-3.3151,49.8627,0.984,0.000,1.000,0.0000,0.0000,0
2026-05-06,13:00:51,44848,2,0.0000,-0.0476,0.1412,4.1520,8.1222,0,1.0000,0,0,56.2533,-8.8290,-34.9601,0.1824,29.5377,0.952,0.000,1.000,0.0000,0.0000,0
2026-05-06,13:00:51,44883,2,0.0000,0.0212,0.1383,4.0666,8.1222,0,1.0000,0,0,55.4916,-26.1788,-34.9691,0.5626,17.0945,1.000,0.000,0.998,0.0000,0.0000,0
2026-05-06,13:00:51,44918,2,0.0000,0.0322,0.1343,3.9509,8.1221,0,1.0000,0,0,55.2883,-5.1401,-34.8285,2.9288,15.0962,1.000,0.000,0.994,0.0000,0.0000,0
2026-05-06,13:00:51,44953,2,0.0000,0.0257,0.1283,3.7724,8.1217,0,1.0000,0,0,55.3110,-1.3572,-34.7683,2.1184,0.1391,1.000,0.000,0.991,0.0000,0.0000,0
2026-05-06,13:00:51,44988,2,0.0000,0.0092,0.1300,3.8231,8.1217,0,1.0000,0,0,55.1710,-7.7702,-34.8231,-0.3805,26.5517,1.000,0.000,0.988,0.0000,0.0000,0
2026-05-06,13:00:51,45023,2,0.0000,0.0839,0.1215,3.5739,8.1214,0,1.0000,0,0,54.8705,-11.0819,-34.8467,-0.4924,35.0808,1.000,0.000,0.985,0.0000,0.0000,0
2026-05-06,13:00:51,45058,2,0.0000,0.0756,0.1106,3.2530,8.1208,0,1.0000,0,0,54.8060,-2.1223,-34.9473,-2.1889,23.1218,1.000,0.000,0.990,0.0000,0.0000,0
2026-05-06,13:00:51,45093,2,0.0000,-0.0079,0.1098,3.2291,8.1206,0,1.0000,0,0,54.9249,2.1325,-35.0218,-2.2007,46.1484,0.976,0.000,1.000,0.0000,0.0000,0
2026-05-06,13:00:51,45128,2,0.0000,0.0131,0.1110,3.2644,8.1207,0,1.0000,0,0,54.3243,-22.0677,-35.2336,-5.1922,65.5383,0.992,0.000,1.000,0.0000,0.0000,0
2026-05-06,13:00:51,45163,2,0.0000,-0.0111,0.1106,3.2533,8.1207,0,1.0000,0,0,54.1057,-3.2753,-35.4394,-5.0323,41.2168,1.000,0.000,1.000,0.0000,0.0000,0
2026-05-06,13:00:51,45198,2,0.0000,0.1063,0.0956,2.8126,8.1201,0,1.0000,0,0,54.1973,-0.9157,-35.4248,-1.4475,36.0067,0.992,0.000,1.000,0.0000,0.0000,0
2026-05-06,13:00:51,45238,2,0.0000,0.0455,0.0836,2.4591,8.1194,0,1.0000,0,0,54.6059,0.2793,-35.4127,-0.5021,32.8113,0.968,0.000,1.000,0.0000,0.0000,0
2026-05-06,13:00:51,45273,2,0.0000,0.0007,0.0842,2.4757,8.1193,0,1.0000,0,0,54.7197,0.9054,-35.2777,2.6860,41.3389,0.936,0.000,1.000,0.0000,0.0000,0
2026-05-06,13:00:51,45308,2,0.0000,-0.0995,0.0943,2.7733,8.1196,0,1.0000,0,0,54.6197,-5.3283,-35.1315,3.7076,61.2508,0.904,0.000,1.000,0.0000,0.0000,0
2026-05-06,13:00:51,45343,2,0.0000,-0.1526,0.1134,3.3351,8.1204,0,1.0000,0,0,53.7688,-28.1995,-35.5142,-6.4227,77.2741,0.944,0.000,1.000,0.0000,0.0000,0
2026-05-06,13:00:51,45378,2,0.0000,-0.1446,0.1466,4.3123,8.1223,0,1.0000,0,0,52.7620,-28.2841,-36.4132,-18.3305,69.9671,1.000,0.000,1.000,0.0000,0.0000,0
2026-05-06,13:00:51,45413,2,0.0000,-0.0610,0.1566,4.6071,8.1230,0,1.0000,0,0,52.1415,-21.3114,-36.5475,-6.0433,33.6801,1.000,0.000,1.000,0.0000,0.0000,0
2026-05-06,13:00:51,45448,2,0.0000,-0.0198,0.1612,4.7408,8.1233,0,1.0000,0,0,51.2634,-30.2307,-35.6774,14.8026,17.1217,1.000,0.000,1.000,0.0000,0.0000,0
2026-05-06,13:00:51,45484,2,0.0000,0.0302,0.1545,4.5448,8.1231,0,1.0000,0,0,50.5636,-15.9858,-35.0095,16.3348,41.3594,1.000,0.000,1.000,0.0000,0.0000,0
2026-05-06,13:00:51,45519,2,0.0000,0.1649,0.1292,3.8005,8.1221,0,1.0000,0,0,50.4140,-6.9350,-34.7339,10.5101,61.7324,1.000,0.000,1.000,0.0000,0.0000,0
2026-05-06,13:00:51,45554,2,0.0000,0.1039,0.1165,3.4277,8.1212,0,1.0000,0,0,50.0826,-9.2057,-34.7642,2.7384,58.5801,1.000,0.000,1.000,0.0000,0.0000,0
2026-05-06,13:00:51,45590,2,0.0000,0.0374,0.0968,2.8475,8.1200,0,1.0000,0,0,50.3906,17.7918,-34.9521,-3.2280,70.2861,0.992,0.000,1.000,0.0000,0.0000,0
2026-05-06,13:00:51,45626,2,0.0000,-0.2781,0.1392,4.0934,8.1215,0,1.0000,0,0,50.9693,5.3881,-35.0982,-4.1901,79.6298,0.960,0.000,1.000,0.0000,0.0000,0
2026-05-06,13:00:51,45661,2,0.0000,-0.2110,0.1578,4.6420,8.1226,0,1.0000,0,0,49.3195,-52.3383,-35.2435,-5.0758,94.2718,0.976,0.000,1.000,0.0000,0.0000,0
2026-05-06,13:00:51,45696,2,0.0000,-0.1412,0.1811,5.3265,8.1241,0,1.0000,0,0,48.6072,-18.2273,-35.3159,-2.9231,73.5565,1.000,0.000,1.000,0.0000,0.0000,0
2026-05-06,13:00:51,45731,2,0.0000,0.0695,0.1655,4.8671,8.1238,0,1.0000,0,0,48.5088,5.4518,-35.1383,3.4070,35.9697,1.000,0.000,1.000,0.0000,0.0000,0
2026-05-06,13:00:52,45766,2,0.0000,0.2940,0.1303,3.8316,8.1226,0,1.0000,0,0,49.1324,13.8568,-34.4672,14.1201,32.0764,0.984,0.000,1.000,0.0000,0.0000,0
2026-05-06,13:00:52,45801,2,0.0000,0.3504,0.0819,2.4091,8.1200,0,1.0000,0,0,48.8606,-7.5862,-34.0110,12.7283,54.2763,0.952,0.000,1.000,0.0000,0.0000,0
2026-05-06,13:00:52,45836,2,0.0000,0.0123,0.0674,1.9817,8.1185,0,1.0000,0,0,49.4568,28.9676,-33.8862,6.5828,51.8970,0.920,0.000,1.000,0.0000,0.0000,0
2026-05-06,13:00:52,45871,2,0.0000,-0.6368,0.1501,4.4158,8.1211,0,1.0000,0,0,51.9960,71.1740,-33.4603,11.0736,18.4476,0.888,0.000,1.000,0.0000,0.0000,0
2026-05-06,13:00:52,45906,2,0.0000,-0.0896,0.1590,4.6770,8.1229,0,1.0000,0,0,50.4547,-71.9140,-32.8027,13.6363,42.4346,0.856,0.000,1.000,0.0000,0.0000,0
2026-05-06,13:00:52,45941,2,0.0000,0.0117,0.1585,4.6620,8.1233,0,1.0000,0,0,47.6779,-72.5212,-33.2625,-3.3762,22.4201,0.896,0.000,1.000,0.0000,0.0000,0
2026-05-06,13:00:52,45976,2,0.0000,0.3051,0.1176,3.4583,8.1219,0,1.0000,0,0,48.5441,27.7958,-33.1429,0.9697,7.3189,0.960,0.000,1.000,0.0000,0.0000,0
2026-05-06,13:00:52,46011,2,0.0000,0.3678,0.0649,1.9082,8.1193,0,1.0000,0,0,49.7767,37.3784,-32.7980,6.5096,32.7197,0.952,0.000,1.000,0.0000,0.0000,0
2026-05-06,13:00:52,46046,2,0.0000,0.2114,0.0401,1.1797,8.1175,0,1.0000,0,0,50.6125,27.7393,-32.5381,5.5844,54.6932,0.920,0.000,1.000,0.0000,0.0000,0
2026-05-06,13:00:52,46081,2,0.0000,-0.5119,0.1042,3.0637,8.1188,0,1.0000,0,0,51.6597,34.5735,-32.5336,2.3851,20.4544,0.888,0.000,1.000,0.0000,0.0000,0
2026-05-06,13:00:52,46116,2,0.0000,-0.2283,0.1523,4.4787,8.1223,0,1.0000,0,0,51.3798,-14.9945,-31.5448,20.2318,-7.0424,0.856,0.000,1.000,0.0000,0.0000,0
2026-05-06,13:00:52,46151,2,0.0000,-0.0580,0.1589,4.6740,8.1232,0,1.0000,0,0,50.1757,-38.3664,-30.4989,21.9309,22.3357,0.848,0.000,1.000,0.0000,0.0000,0
2026-05-06,13:00:52,46191,2,0.0000,0.1029,0.1418,4.1715,8.1226,0,1.0000,0,0,50.1594,-7.1394,-30.6522,7.2018,27.4993,0.896,0.000,1.000,0.0000,0.0000,0
2026-05-06,13:00:52,46227,2,0.0000,0.1079,0.1270,3.7364,8.1219,0,1.0000,0,0,50.8878,21.2336,-31.2630,-9.5144,50.1063,0.912,0.000,1.000,0.0000,0.0000,0
2026-05-06,13:00:52,46262,2,0.0000,0.1445,0.1094,3.2171,8.1210,0,1.0000,0,0,51.1225,5.4990,-31.8076,-16.0190,55.2183,0.880,0.000,1.000,0.0000,0.0000,0
2026-05-06,13:00:52,46297,2,0.0000,0.1345,0.0851,2.5041,8.1196,0,1.0000,0,0,50.9153,-4.7264,-32.5366,-20.5025,20.4343,0.848,0.000,1.000,0.0000,0.0000,0
2026-05-06,13:00:52,46332,2,0.0000,-0.0689,0.0978,2.8758,8.1199,0,1.0000,0,0,51.5011,21.0983,-32.8261,-13.2522,3.5800,0.816,0.000,1.000,0.0000,0.0000,0
2026-05-06,13:00:52,46367,2,0.0000,-0.2300,0.1238,3.6403,8.1206,0,1.0000,0,0,51.8362,5.3725,-32.6480,-2.1631,-22.5389,0.784,0.000,1.000,0.0000,0.0000,0
2026-05-06,13:00:52,46403,2,0.0000,-0.0950,0.1419,4.1736,8.1221,0,1.0000,0,0,51.1959,-18.7521,-32.3052,2.6844,-4.0870,0.752,0.000,1.000,0.0000,0.0000,0
2026-05-06,13:00:52,46438,2,0.0000,0.0408,0.1327,3.9017,8.1220,0,1.0000,0,0,50.7941,-8.1077,-32.5552,-6.0115,23.3270,0.792,0.000,1.000,0.0000,0.0000,0
2026-05-06,13:00:52,46473,2,0.0000,0.1517,0.1096,3.2247,8.1210,0,1.0000,0,0,51.0104,8.9070,-33.1299,-14.0047,32.1880,0.808,0.000,1.000,0.0000,0.0000,0
2026-05-06,13:00:52,46509,2,0.0000,0.1226,0.0867,2.5512,8.1197,0,1.0000,0,0,51.5039,13.0312,-33.4889,-12.1792,47.9539,0.776,0.000,1.000,0.0000,0.0000,0
2026-05-06,13:00:52,46544,2,0.0000,-0.0228,0.0927,2.7270,8.1197,0,1.0000,0,0,51.4670,-1.1998,-33.5328,-5.4284,39.9802,0.744,0.000,1.000,0.0000,0.0000,0
2026-05-06,13:00:52,46579,2,0.0000,-0.0453,0.1002,2.9477,8.1199,0,1.0000,0,0,51.3687,-2.0046,-33.4001,0.2090,7.9735,0.712,0.000,1.000,0.0000,0.0000,0
2026-05-06,13:00:52,46614,2,0.0000,-0.0826,0.1067,3.1390,8.1203,0,1.0000,0,0,51.4762,2.8753,-32.9919,6.9867,-11.9721,0.680,0.000,1.000,0.0000,0.0000,0
2026-05-06,13:00:52,46649,2,0.0000,-0.1711,0.1294,3.8047,8.1212,0,1.0000,0,0,51.4254,-0.7806,-32.6369,6.9795,10.0775,0.648,0.000,1.000,0.0000,0.0000,0
2026-05-06,13:00:52,46684,2,0.0000,0.0237,0.1336,3.9289,8.1219,0,1.0000,0,0,51.2470,-7.6880,-32.5916,1.1497,10.4026,0.616,0.000,1.000,0.0000,0.0000,0
2026-05-06,13:00:52,46719,2,0.0000,0.0061,0.1348,3.9647,8.1220,0,1.0000,0,0,51.1581,-1.9412,-32.7604,-3.9436,14.9656,0.584,0.000,1.000,0.0000,0.0000,0
2026-05-06,13:00:53,46755,2,0.0000,0.0763,0.1220,3.5893,8.1214,0,1.0000,0,0,50.9679,-3.5661,-32.7119,-2.2067,21.1443,0.552,0.000,1.000,0.0000,0.0000,0
2026-05-06,13:00:53,46790,2,0.0000,0.1596,0.0992,2.9166,8.1205,0,1.0000,0,0,51.1815,7.5962,-32.7452,-2.8943,38.5964,0.520,0.000,0.998,0.0000,0.0000,0
2026-05-06,13:00:53,46825,2,0.0000,-0.0049,0.0918,2.6992,8.1196,0,1.0000,0,0,51.3844,6.2783,-32.7406,-1.5426,60.0119,0.488,0.000,1.000,0.0000,0.0000,0
2026-05-06,13:00:53,46860,2,0.0000,0.0022,0.0949,2.7916,8.1198,0,1.0000,0,0,51.4902,-1.0542,-32.4841,3.4273,25.0283,0.456,0.000,1.000,0.0000,0.0000,0
2026-05-06,13:00:53,46895,2,0.0000,-0.0543,0.1057,3.1096,8.1203,0,1.0000,0,0,51.2311,-8.7897,-32.1672,6.0472,-4.4195,0.424,0.000,0.998,0.0000,0.0000,0
2026-05-06,13:00:53,46930,2,0.0000,-0.0795,0.1133,3.3319,8.1206,0,1.0000,0,0,51.2213,1.7597,-31.8226,6.7259,11.0236,0.392,0.000,0.994,0.0000,0.0000,0
2026-05-06,13:00:53,46965,2,0.0000,-0.1925,0.1412,4.1539,8.1218,0,1.0000,0,0,51.5165,7.3162,-31.7765,1.5372,36.6439,0.360,0.000,0.991,0.0000,0.0000,0
2026-05-06,13:00:53,47000,2,0.0000,-0.0209,0.1456,4.2835,8.1225,0,1.0000,0,0,51.3988,-9.2260,-31.9545,-4.2474,58.0804,0.328,0.000,1.000,0.0000,0.0000,0
2026-05-06,13:00:53,47035,2,0.0000,0.0466,0.1361,4.0022,8.1222,0,1.0000,0,0,50.4657,-25.5854,-32.0596,-4.0611,30.2259,0.368,0.000,1.000,0.0000,0.0000,0
2026-05-06,13:00:53,47070,2,0.0000,0.0906,0.1233,3.6271,8.1215,0,1.0000,0,0,50.8214,15.2132,-32.1154,-3.4470,25.1093,0.432,0.000,1.000,0.0000,0.0000,0
2026-05-06,13:00:53,47105,2,0.0000,-0.0464,0.1273,3.7453,8.1214,0,1.0000,0,0,51.7458,24.9493,-31.9507,1.6662,-4.4704,0.400,0.000,0.997,0.0000,0.0000,0
2026-05-06,13:00:53,47140,2,0.0000,-0.1658,0.1440,4.2339,8.1221,0,1.0000,0,0,51.7140,13.7194,-30.9288,8.1054,-2.8512,0.384,0.000,0.995,0.0000,0.0000,0
2026-05-06,13:00:53,47175,2,0.0000,0.0132,0.1418,4.1699,8.1224,0,1.0000,0,0,50.8511,-19.7049,-30.4696,7.4720,-0.0381,0.352,0.000,1.000,0.0000,0.0000,0
2026-05-06,13:00:53,47210,2,0.0000,0.0609,0.1339,3.9375,8.1220,0,1.0000,0,0,51.0096,6.8647,-30.7491,-4.7104,26.5543,0.320,0.000,1.000,0.0000,0.0000,0
2026-05-06,13:00:53,47245,2,0.0000,0.1122,0.1206,3.5467,8.1215,0,1.0000,0,0,51.1539,1.1981,-31.2034,-11.2010,48.7974,0.288,0.000,0.998,0.0000,0.0000,0
2026-05-06,13:00:53,47280,2,0.0000,0.1095,0.0989,2.9077,8.1204,0,1.0000,0,0,51.0830,-0.4696,-31.6082,-11.9743,33.9188,0.256,0.000,0.994,0.0000,0.0000,0
2026-05-06,13:00:53,47315,2,0.0000,-0.0031,0.0990,2.9125,8.1201,0,1.0000,0,0,51.3000,5.8188,-31.6955,-5.5188,2.8822,0.224,0.000,1.000,0.0000,0.0000,0
2026-05-06,13:00:53,47350,2,0.0000,-0.0978,0.1130,3.3241,8.1205,0,1.0000,0,0,51.2441,-4.2971,-31.1913,7.1502,-9.0631,0.192,0.000,0.998,0.0000,0.0000,0
2026-05-06,13:00:53,47385,2,0.0000,-0.2360,0.1389,4.0866,8.1215,0,1.0000,0,0,51.1222,-0.8333,-30.7743,8.4247,5.7896,0.160,0.000,0.995,0.0000,0.0000,0
2026-05-06,13:00:53,47420,2,0.0000,-0.0901,0.1512,4.4461,8.1226,0,1.0000,0,0,51.3705,4.1893,-30.6829,2.9297,19.1667,0.128,0.000,1.000,0.0000,0.0000,0
2026-05-06,13:00:53,47455,2,0.0000,0.0741,0.1426,4.1941,8.1226,0,1.0000,0,0,50.4746,-32.0842,-30.7496,-0.8191,43.1355,0.120,0.000,1.000,0.0000,0.0000,0
2026-05-06,13:00:53,47490,2,0.0000,0.1658,0.1193,3.5074,8.1216,0,1.0000,0,0,50.2419,0.6034,-31.0313,-6.2584,35.6305,0.184,0.000,1.000,0.0000,0.0000,0
2026-05-06,13:00:53,47525,2,0.0000,0.3400,0.0648,1.9053,8.1191,0,1.0000,0,0,50.8683,15.7499,-31.1842,-5.0080,17.9379,0.176,0.000,1.000,0.0000,0.0000,0
2026-05-06,13:00:53,47560,2,0.0000,0.0075,0.0618,1.8166,8.1181,0,1.0000,0,0,51.3114,17.9659,-31.1379,-0.5907,41.5671,0.144,0.000,1.000,0.0000,0.0000,0
2026-05-06,13:00:53,47595,2,0.0000,-0.3416,0.1179,3.4685,8.1201,0,1.0000,0,0,51.8843,11.6231,-30.8994,4.7369,21.4884,0.112,0.000,1.000,0.0000,0.0000,0
2026-05-06,13:00:53,47630,2,0.0000,-0.3536,0.1746,5.1357,8.1232,0,1.0000,0,0,51.1445,-24.6640,-29.8816,21.9397,-5.6609,0.080,0.000,1.000,0.0000,0.0000,0
2026-05-06,13:00:53,47665,2,0.0000,-0.1385,0.2029,5.9682,8.1253,0,1.0000,0,0,50.2914,-21.0722,-28.4305,32.2975,-15.1456,0.120,0.000,1.000,0.0000,0.0000,0
2026-05-06,13:00:53,47700,2,0.0000,0.1203,0.1849,5.4381,8.1250,0,1.0000,0,0,49.6222,-13.6683,-28.5838,4.4866,12.4404,0.184,0.000,1.000,0.0000,0.0000,0
2026-05-06,13:00:53,47736,2,0.0000,0.2795,0.1538,4.5234,8.1237,0,1.0000,0,0,50.1137,12.6723,-29.1373,-8.7308,22.8355,0.224,0.000,1.000,0.0000,0.0000,0
2026-05-06,13:00:54,47771,2,0.0000,0.1570,0.1117,3.2860,8.1211,0,1.0000,0,0,50.3533,8.3399,-29.3312,-6.3996,-6.6811,0.192,0.000,1.000,0.0000,0.0000,0
2026-05-06,13:00:54,47806,2,0.0000,0.0035,0.1077,3.1675,8.1205,0,1.0000,0,0,50.8950,20.0736,-29.2800,-1.6635,-31.9380,0.160,0.000,1.000,0.0000,0.0000,0
2026-05-06,13:00:54,47841,2,0.0000,-0.4016,0.1704,5.0121,8.1229,0,1.0000,0,0,51.6639,16.7508,-28.5007,14.5950,-51.2305,0.128,0.000,1.000,0.0000,0.0000,0
2026-05-06,13:00:54,47876,2,0.0000,-0.2724,0.2153,6.3312,8.1256,0,1.0000,0,0,50.0348,-62.0485,-27.1023,28.1517,-46.8372,0.120,0.000,1.000,0.0000,0.0000,0
2026-05-06,13:00:54,47911,2,0.0000,-0.0723,0.2188,6.4347,8.1262,0,1.0000,0,0,48.8905,-14.2443,-27.5452,-2.9649,-14.9403,0.184,0.000,1.000,0.0000,0.0000,0
2026-05-06,13:00:54,47946,2,0.0000,0.2853,0.1867,5.4898,8.1255,0,1.0000,0,0,50.0652,29.0697,-28.8336,-24.2897,-8.7205,0.224,0.000,1.000,0.0000,0.0000,0
2026-05-06,13:00:54,47981,2,0.0000,0.3514,0.1248,3.6713,8.1223,0,1.0000,0,0,49.9879,-2.1246,-28.7960,-5.7221,-33.0839,0.192,0.000,1.000,0.0000,0.0000,0
2026-05-06,13:00:54,48016,2,0.0000,-0.0556,0.1410,4.1463,8.1222,0,1.0000,0,0,50.6230,23.7607,-28.2457,8.3764,-53.1807,0.160,0.000,1.000,0.0000,0.0000,0
2026-05-06,13:00:54,48052,2,0.0000,-0.1516,0.1564,4.5993,8.1227,0,1.0000,0,0,51.1168,8.5264,-27.3253,18.3265,-49.2359,0.128,0.000,1.000,0.0000,0.0000,0
2026-05-06,13:00:54,48092,2,0.0000,-0.0273,0.1715,5.0446,8.1239,0,1.0000,0,0,50.4722,-13.8503,-26.4050,15.5018,-30.3955,0.104,0.000,1.000,0.0000,0.0000,0
2026-05-06,13:00:54,48128,2,0.0000,0.2531,0.1388,4.0817,8.1229,0,1.0000,0,0,50.7708,17.4361,-26.8600,-4.7085,-13.5928,0.072,0.000,1.000,0.0000,0.0000,0
2026-05-06,13:00:54,48164,2,0.0000,0.1269,0.1188,3.4953,8.1215,0,1.0000,0,0,51.5407,15.9438,-27.2226,-8.6138,-4.0035,0.040,0.000,1.000,0.0000,0.0000,0
2026-05-06,13:00:54,48199,2,0.0000,0.2123,0.0975,2.8667,8.1205,0,1.0000,0,0,51.1881,-10.1911,-27.4532,-7.7011,-4.3317,0.008,0.000,1.000,0.0000,0.0000,0
2026-05-06,13:00:54,48234,2,0.0000,0.0078,0.0921,2.7078,8.1197,0,1.0000,0,0,51.3033,5.0994,-27.5254,-4.3022,-30.0582,0.000,0.000,1.000,0.0000,0.0000,0
2026-05-06,13:00:54,48269,2,0.0000,-0.0133,0.0873,2.5670,8.1194,0,1.0000,0,0,51.7788,17.4469,-27.4560,-0.2215,-51.9611,0.000,0.000,1.000,0.0000,0.0000,0
2026-05-06,13:00:54,48304,2,0.0000,-0.0347,0.0902,2.6542,8.1195,0,1.0000,0,0,52.1639,7.0366,-27.0159,8.5068,-69.8734,0.000,0.000,1.000,0.0000,0.0000,0
2026-05-06,13:00:54,48339,2,0.0000,-0.1521,0.1096,3.2249,8.1203,0,1.0000,0,0,51.9069,-8.5257,-26.1237,18.9694,-84.2785,0.000,0.000,1.000,0.0000,0.0000,0
2026-05-06,13:00:54,48374,2,0.0000,0.0445,0.1003,2.9514,8.1203,0,1.0000,0,0,51.5285,-9.2760,-25.3904,18.0766,-62.8122,0.000,0.000,1.000,0.0000,0.0000,0
2026-05-06,13:00:54,48409,2,0.0000,0.0821,0.0827,2.4315,8.1194,0,1.0000,0,0,51.7982,10.0382,-25.3441,4.7683,-27.2723,0.000,0.000,1.000,0.0000,0.0000,0
2026-05-06,13:00:54,48444,2,0.0000,-0.0005,0.0820,2.4131,8.1191,0,1.0000,0,0,52.2513,16.2344,-25.8610,-8.1717,-18.1071,0.000,0.000,1.000,0.0000,0.0000,0
2026-05-06,13:00:54,48479,2,0.0000,-0.0727,0.0977,2.8740,8.1197,0,1.0000,0,0,52.4252,-1.1861,-26.2303,-9.4978,-8.1628,0.000,0.000,1.000,0.0000,0.0000,0
2026-05-06,13:00:54,48514,2,0.0000,-0.0049,0.0953,2.8017,8.1198,0,1.0000,0,0,51.6419,-19.7892,-26.4966,-7.4766,-21.5042,0.016,0.000,1.000,0.0000,0.0000,0
2026-05-06,13:00:54,48549,2,0.0000,0.0641,0.0886,2.6059,8.1196,0,1.0000,0,0,51.8944,10.9183,-26.4264,-0.8512,-44.8248,0.032,0.000,1.000,0.0000,0.0000,0
2026-05-06,13:00:54,48584,2,0.0000,0.0636,0.0773,2.2722,8.1191,0,1.0000,0,0,52.2443,6.7391,-26.2772,2.7050,-50.7090,0.000,0.000,1.000,0.0000,0.0000,0
2026-05-06,13:00:54,48620,2,0.0000,0.1494,0.0604,1.7751,8.1182,0,1.0000,0,0,52.2007,-1.3824,-26.1524,3.3927,-43.8887,0.000,0.000,1.000,0.0000,0.0000,0
2026-05-06,13:00:54,48655,2,0.0000,0.0868,0.0403,1.1852,8.1170,0,1.0000,0,0,52.4899,10.1283,-26.0418,3.3337,-57.5641,0.000,0.000,1.000,0.0000,0.0000,0
2026-05-06,13:00:54,48690,2,0.0000,-0.0540,0.0479,1.4086,8.1172,0,1.0000,0,0,53.0204,14.1576,-25.9937,2.0564,-68.5555,0.000,0.000,1.000,0.0000,0.0000,0
2026-05-06,13:00:54,48725,2,0.0000,-0.3358,0.0913,2.6844,8.1187,0,1.0000,0,0,52.6634,-14.9686,-25.8819,3.1156,-78.4174,0.000,0.000,1.000,0.0000,0.0000,0
2026-05-06,13:00:55,48761,2,0.0000,-0.1548,0.1189,3.4970,8.1207,0,1.0000,0,0,52.1523,-13.0164,-25.3044,12.3954,-91.6701,0.032,0.000,1.000,0.0000,0.0000,0
2026-05-06,13:00:55,48796,2,0.0000,-0.0979,0.1359,3.9972,8.1217,0,1.0000,0,0,52.2134,1.3732,-24.3521,20.1055,-75.3125,0.072,0.000,1.000,0.0000,0.0000,0
2026-05-06,13:00:55,48831,2,0.0000,0.0111,0.1323,3.8899,8.1218,0,1.0000,0,0,51.9078,-13.4726,-24.3277,4.2977,-37.8298,0.064,0.000,1.000,0.0000,0.0000,0
2026-05-06,13:00:55,48866,2,0.0000,0.0788,0.1207,3.5496,8.1214,0,1.0000,0,0,51.5379,-7.3166,-24.9448,-10.3873,-40.0829,0.128,0.000,1.000,0.0000,0.0000,0
2026-05-06,13:00:55,48901,2,0.0000,0.0894,0.1091,3.2096,8.1208,0,1.0000,0,0,52.0921,17.1480,-25.2851,-10.2446,-60.7019,0.144,0.000,1.000,0.0000,0.0000,0
2026-05-06,13:00:55,48936,2,0.0000,0.1394,0.0874,2.5700,8.1197,0,1.0000,0,0,52.0980,-1.7481,-25.4991,-7.8465,-64.5653,0.112,0.000,1.000,0.0000,0.0000,0
2026-05-06,13:00:55,48971,2,0.0000,0.0041,0.0915,2.6898,8.1196,0,1.0000,0,0,52.2232,3.2782,-25.5758,-4.2085,-81.6943,0.080,0.000,1.000,0.0000,0.0000,0
2026-05-06,13:00:55,49010,2,0.0000,0.0802,0.0798,2.3458,8.1193,0,1.0000,0,0,52.2442,-3.6620,-25.4986,-1.8909,-89.2227,0.056,0.000,1.000,0.0000,0.0000,0
2026-05-06,13:00:55,49046,2,0.0000,0.1584,0.0608,1.7893,8.1183,0,1.0000,0,0,51.9460,-7.7180,-25.4744,-0.5954,-63.3617,0.024,0.000,1.000,0.0000,0.0000,0
2026-05-06,13:00:55,49081,2,0.0000,0.0130,0.0544,1.6009,8.1177,0,1.0000,0,0,52.1621,7.2412,-25.4045,1.4926,-80.5646,0.000,0.000,1.000,0.0000,0.0000,0
2026-05-06,13:00:55,49116,2,0.0000,-0.0219,0.0558,1.6413,8.1177,0,1.0000,0,0,51.8782,-13.8906,-25.1194,6.4085,-94.9255,0.000,0.000,1.000,0.0000,0.0000,0
2026-05-06,13:00:55,49151,2,0.0000,0.0042,0.0580,1.7046,8.1178,0,1.0000,0,0,51.2804,-15.4542,-24.6178,11.8147,-106.9048,0.048,0.000,1.000,0.0000,0.0000,0
2026-05-06,13:00:55,49186,2,0.0000,0.0153,0.0564,1.6600,8.1178,0,1.0000,0,0,51.3792,3.5946,-24.0860,13.5284,-109.8152,0.112,0.000,1.000,0.0000,0.0000,0
2026-05-06,13:00:55,49221,2,0.0000,0.0582,0.0467,1.3727,8.1175,0,1.0000,0,0,51.1771,-9.0702,-23.8443,7.9343,-66.6069,0.104,0.000,1.000,0.0000,0.0000,0
2026-05-06,13:00:55,49256,2,0.0000,0.0308,0.0430,1.2646,8.1171,0,1.0000,0,0,50.9667,-3.4598,-24.0565,-1.5501,-57.9376,0.168,0.000,1.000,0.0000,0.0000,0
2026-05-06,13:00:55,49291,2,0.0000,0.0022,0.0452,1.3287,8.1171,0,1.0000,0,0,51.1477,3.5923,-24.2074,-3.5233,-76.0031,0.160,0.000,1.000,0.0000,0.0000,0
2026-05-06,13:00:55,49326,2,0.0000,-0.0100,0.0445,1.3074,8.1171,0,1.0000,0,0,50.8641,-9.8298,-24.3180,-3.4597,-91.5352,0.128,0.000,1.000,0.0000,0.0000,0
2026-05-06,13:00:55,49361,2,0.0000,-0.0061,0.0437,1.2860,8.1171,0,1.0000,0,0,50.7306,-1.6651,-24.3988,-2.7536,-104.7338,0.144,0.000,1.000,0.0000,0.0000,0
2026-05-06,13:00:55,49396,2,0.0000,0.0162,0.0430,1.2650,8.1171,0,1.0000,0,0,50.8620,1.6608,-24.4436,-2.0984,-115.8760,0.112,0.000,1.000,0.0000,0.0000,0
2026-05-06,13:00:55,49431,2,0.0000,-0.0181,0.0448,1.3181,8.1171,0,1.0000,0,0,50.6210,-8.2205,-24.5160,-2.2203,-104.6018,0.080,0.000,1.000,0.0000,0.0000,0
2026-05-06,13:00:55,49466,2,0.0000,-0.0019,0.0426,1.2542,8.1171,0,1.0000,0,0,50.6504,3.5085,-24.5366,-1.1081,-115.7608,0.048,0.000,1.000,0.0000,0.0000,0
2026-05-06,13:00:55,49502,2,0.0000,-0.1155,0.0585,1.7201,8.1176,0,1.0000,0,0,50.8907,5.0605,-24.4944,0.5789,-125.1474,0.016,0.000,0.997,0.0000,0.0000,0
2026-05-06,13:00:55,49537,2,0.0000,-0.2742,0.0975,2.8670,8.1192,0,1.0000,0,0,50.4028,-17.2376,-24.2485,5.2658,-132.8510,0.000,0.000,1.000,0.0000,0.0000,0
2026-05-06,13:00:55,49572,2,0.0000,-0.0056,0.0940,2.7647,8.1198,0,1.0000,0,0,49.9802,-9.6153,-23.6042,14.0607,-138.3574,0.064,0.000,1.000,0.0000,0.0000,0
2026-05-06,13:00:55,49607,2,0.0000,0.0201,0.0908,2.6713,8.1197,0,1.0000,0,0,50.1704,5.2119,-23.1167,11.9958,-96.8821,0.104,0.000,1.000,0.0000,0.0000,0
2026-05-06,13:00:55,49642,2,0.0000,0.0430,0.0840,2.4714,8.1194,0,1.0000,0,0,50.0354,-4.7951,-23.3549,-1.3236,-56.1421,0.072,0.000,1.000,0.0000,0.0000,0
2026-05-06,13:00:55,49677,2,0.0000,0.0376,0.0811,2.3864,8.1192,0,1.0000,0,0,50.1541,5.3939,-23.5858,-4.5364,-74.4252,0.040,0.000,1.000,0.0000,0.0000,0
2026-05-06,13:00:55,49712,2,0.0000,0.0477,0.0740,2.1766,8.1189,0,1.0000,0,0,50.3309,3.3756,-23.6289,-2.2960,-82.8215,0.008,0.000,1.000,0.0000,0.0000,0
2026-05-06,13:00:55,49748,2,0.0000,0.0610,0.0652,1.9181,8.1184,0,1.0000,0,0,50.2378,-1.7434,-23.6135,-0.4920,-63.7931,0.000,0.000,1.000,0.0000,0.0000,0
2026-05-06,13:00:56,49784,2,0.0000,-0.0042,0.0636,1.8697,8.1182,0,1.0000,0,0,50.4156,6.0382,-23.5869,0.4114,-80.9279,0.000,0.000,0.997,0.0000,0.0000,0
2026-05-06,13:00:56,49819,2,0.0000,-0.0093,0.0641,1.8867,8.1182,0,1.0000,0,0,50.3898,-2.6785,-23.5039,1.9716,-88.6320,0.000,0.000,0.994,0.0000,0.0000,0
2026-05-06,13:00:56,49854,2,0.0000,-0.0004,0.0651,1.9158,8.1182,0,1.0000,0,0,50.2852,-1.1320,-23.4282,2.1177,-89.3982,0.000,0.000,0.990,0.0000,0.0000,0
2026-05-06,13:00:56,49889,2,0.0000,-0.0606,0.0706,2.0779,8.1184,0,1.0000,0,0,50.5931,8.5876,-23.3330,2.7636,-102.6404,0.000,0.000,0.987,0.0000,0.0000,0
2026-05-06,13:00:56,49929,2,0.0000,-0.0704,0.0845,2.4851,8.1191,0,1.0000,0,0,50.2178,-8.8610,-23.1842,3.2232,-101.3554,0.000,0.000,0.985,0.0000,0.0000,0
2026-05-06,13:00:56,49964,2,0.0000,-0.0209,0.0919,2.7040,8.1193,0,1.0000,0,0,49.2820,-26.8148,-23.1118,2.0311,-112.9480,0.032,0.000,0.982,0.0000,0.0000,0
2026-05-06,13:00:56,49999,2,0.0000,-0.0033,0.0856,2.5191,8.1193,0,1.0000,0,0,48.6130,-6.1750,-23.1775,-0.7836,-116.3381,0.096,0.000,0.978,0.0000,0.0000,0
2026-05-06,13:00:56,50034,2,0.0000,0.0178,0.0832,2.4476,8.1193,0,1.0000,0,0,49.3199,19.9068,-23.2612,-1.9165,-118.8436,0.112,0.000,0.975,0.0000,0.0000,0
2026-05-06,13:00:56,50069,2,0.0000,0.0161,0.0802,2.3579,8.1191,0,1.0000,0,0,50.0663,26.0334,-23.3164,-1.6171,-127.8779,0.080,0.000,0.972,0.0000,0.0000,0
2026-05-06,13:00:56,50104,2,0.0000,-0.0041,0.0832,2.4472,8.1191,0,1.0000,0,0,50.6479,15.9421,-23.2639,0.5829,-135.5343,0.048,0.000,0.969,0.0000,0.0000,0
2026-05-06,13:00:56,50139,2,0.0000,0.0014,0.0810,2.3823,8.1191,0,1.0000,0,0,50.7792,6.5810,-23.2261,0.8228,-142.1826,0.016,0.000,0.966,0.0000,0.0000,0
2026-05-06,13:00:56,50174,2,0.0000,0.0184,0.0808,2.3777,8.1191,0,1.0000,0,0,51.2370,14.9808,-23.2005,0.6808,-147.6444,0.000,0.000,0.962,0.0000,0.0000,0
2026-05-06,13:00:56,50209,2,0.0000,0.0720,0.0703,2.0673,8.1187,0,1.0000,0,0,51.6143,10.1302,-23.1580,1.2245,-152.4278,0.000,0.000,0.959,0.0000,0.0000,0
2026-05-06,13:00:56,50244,2,0.0000,0.1713,0.0481,1.4156,8.1178,0,1.0000,0,0,51.7249,3.7506,-23.0973,1.5469,-156.5060,0.000,0.000,0.956,0.0000,0.0000,0
2026-05-06,13:00:56,50279,2,0.0000,0.1141,0.0287,0.8439,8.1166,0,1.0000,0,0,52.1254,14.3517,-23.0827,0.7979,-159.9178,0.000,0.000,0.979,0.0000,0.0000,0
2026-05-06,13:00:56,50315,2,0.0000,0.1057,0.0117,0.3433,8.1157,0,1.0000,0,0,53.0146,28.0240,-23.0911,-0.0250,-162.8320,0.000,0.000,1.000,0.0000,0.0000,0
2026-05-06,13:00:56,50350,2,0.0000,0.0401,0.0057,0.1677,8.1152,0,1.0000,0,0,54.3827,38.7691,-23.2102,-2.7429,-165.3790,0.000,0.000,0.997,0.0000,0.0000,0
2026-05-06,13:00:56,50385,2,0.0000,0.0180,0.0062,0.1827,8.1151,0,1.0000,0,0,55.8626,37.5725,-23.4027,-4.9695,-167.5009,0.000,0.000,0.994,0.0000,0.0000,0
2026-05-06,13:00:56,50421,2,0.0000,0.0089,0.0057,0.1688,8.1151,0,1.0000,0,0,57.1670,28.2916,-23.5927,-5.8195,-169.3952,0.000,0.000,0.990,0.0000,0.0000,0
2026-05-06,13:00:56,50457,2,0.0000,-0.0032,0.0077,0.2263,8.1151,0,1.0000,0,0,57.7697,1.6252,-23.7524,-5.4127,-164.1291,0.000,0.000,0.987,0.0000,0.0000,0
2026-05-06,13:00:56,50492,2,0.0000,-0.0118,0.0076,0.2240,8.1151,0,1.0000,0,0,57.0576,-31.8015,-23.9096,-5.3671,-166.5449,0.000,0.000,0.984,0.0000,0.0000,0
2026-05-06,13:00:56,50527,2,0.0000,-0.0006,0.0057,0.1666,8.1151,0,1.0000,0,0,55.6547,-50.8164,-24.0836,-5.5365,-168.5971,0.000,0.000,0.981,0.0000,0.0000,0
2026-05-06,13:00:56,50562,2,0.0000,-0.0051,0.0085,0.2487,8.1151,0,1.0000,0,0,53.7670,-63.9215,-24.2669,-5.7109,-157.1801,0.000,0.000,0.978,0.0000,0.0000,0
2026-05-06,13:00:56,50597,2,0.0000,0.0001,0.0077,0.2262,8.1151,0,1.0000,0,0,51.7796,-63.7221,-24.4025,-4.7850,-160.6086,0.000,0.000,0.974,0.0000,0.0000,0
2026-05-06,13:00:56,50632,2,0.0000,-0.0050,0.0090,0.2652,8.1151,0,1.0000,0,0,50.1589,-53.4840,-24.4956,-3.7106,-163.5136,0.000,0.000,0.971,0.0000,0.0000,0
2026-05-06,13:00:56,50667,2,0.0000,-0.0128,0.0060,0.1752,8.1151,0,1.0000,0,0,48.6909,-48.4549,-24.6417,-4.2987,-159.0870,0.000,0.000,0.968,0.0000,0.0000,0
2026-05-06,13:00:56,50702,2,0.0000,-0.0042,0.0060,0.1775,8.1151,0,1.0000,0,0,47.3758,-42.0739,-24.8049,-4.9903,-155.1660,0.000,0.000,0.965,0.0000,0.0000,0
2026-05-06,13:00:56,50738,2,0.0000,0.0110,0.0047,0.1396,8.1151,0,1.0000,0,0,46.3672,-33.1004,-24.9711,-5.1159,-131.1478,0.000,0.000,0.962,0.0000,0.0000,0
2026-05-06,13:00:57,50773,2,0.0000,-0.0032,0.0068,0.1998,8.1151,0,1.0000,0,0,45.3948,-31.7799,-25.1660,-5.5962,-105.7498,0.000,0.000,0.958,0.0000,0.0000,0
2026-05-06,13:00:57,50809,2,0.0000,0.0047,0.0070,0.2045,8.1151,0,1.0000,0,0,44.5648,-25.9362,-25.2572,-3.3711,-116.8651,0.000,0.000,0.955,0.0000,0.0000,0
2026-05-06,13:00:57,50848,2,0.0000,-0.0066,0.0075,0.2216,8.1151,0,1.0000,0,0,44.2568,-19.1229,-25.3659,-3.2895,-115.0463,0.000,0.000,0.953,0.0000,0.0000,0
2026-05-06,13:00:57,50883,2,0.0000,0.0063,0.0076,0.2240,8.1151,0,1.0000,0,0,43.5493,-22.1862,-25.5597,-4.9749,-92.4230,0.000,0.000,0.950,0.0000,0.0000,0
2026-05-06,13:00:57,50918,2,0.0000,-0.0092,0.0077,0.2264,8.1152,0,1.0000,0,0,43.0555,-16.0072,-25.8083,-6.1647,-79.9538,0.000,0.000,0.946,0.0000,0.0000,0
2026-05-06,13:00:57,50953,2,0.0000,0.0012,0.0066,0.1947,8.1151,0,1.0000,0,0,42.6380,-14.6236,-25.8716,-2.9545,-94.8318,0.000,0.000,0.943,0.0000,0.0000,0
2026-05-06,13:00:57,50988,2,0.0000,-0.0043,0.0067,0.1970,8.1152,0,1.0000,0,0,42.2087,-13.1850,-25.8343,-0.3394,-79.8030,0.000,0.000,0.940,0.0000,0.0000,0
2026-05-06,13:00:57,51023,2,0.0000,-0.0077,0.0082,0.2424,8.1152,0,1.0000,0,0,41.9356,-8.2258,-25.9007,-1.5328,-41.3860,0.000,0.000,0.946,0.0000,0.0000,0
2026-05-06,13:00:57,51058,2,0.0000,0.0033,0.0103,0.3018,8.1153,0,1.0000,0,0,41.5284,-13.0062,-26.2446,-7.2129,-9.1926,0.000,0.000,0.960,0.0000,0.0000,0
2026-05-06,13:00:57,51093,2,0.0000,-0.0093,0.0115,0.3387,8.1154,0,1.0000,0,0,41.1663,-10.9427,-26.9691,-15.4863,17.7622,0.000,0.000,0.992,0.0000,0.0000,0
2026-05-06,13:00:57,51128,2,0.0000,0.0002,0.0107,0.3154,8.1154,0,1.0000,0,0,40.9927,-6.3928,-27.7485,-18.6270,6.4306,0.000,0.000,1.000,0.0000,0.0000,0
2026-05-06,13:00:57,51163,2,0.0000,0.0041,0.0102,0.3004,8.1153,0,1.0000,0,0,40.9016,-3.8235,-28.3304,-15.7461,-22.1410,0.000,0.000,1.000,0.0000,0.0000,0
2026-05-06,13:00:57,51198,2,0.0000,0.0097,0.0116,0.3415,8.1153,0,1.0000,0,0,40.7522,-5.1848,-28.6066,-8.9447,-46.0872,0.000,0.000,1.000,0.0000,0.0000,0
2026-05-06,13:00:57,51234,2,2.6400,2.5909,0.0720,2.1167,8.1086,0,1.0000,330,1,39.9798,-37.9762,-28.6350,-2.4169,-45.4771,0.016,0.000,1.000,0.0000,0.0000,0
2026-05-06,13:00:57,51269,2,2.6400,2.8570,0.0427,1.2560,8.0878,0,1.0000,330,1,34.3876,-143.4539,-29.5358,-17.8741,-14.1078,0.080,0.000,1.000,0.0000,0.0000,0
2026-05-06,13:00:57,51304,2,2.6400,2.6072,0.0444,1.3068,8.0675,0,1.0000,330,1,33.8020,28.1779,-31.0839,-32.6213,-2.3500,0.144,0.000,1.000,0.0000,0.0000,0
2026-05-06,13:00:57,51340,2,4.1120,3.9775,0.0927,2.7261,8.0439,0,1.0000,514,1,37.1619,95.0832,-32.4116,-31.3665,2.0266,0.160,0.000,1.000,0.0000,0.0000,0
2026-05-06,13:00:57,51376,2,4.1120,4.1835,0.0680,2.0004,8.0120,0,1.0000,514,1,37.9975,28.8092,-33.4300,-23.2293,-22.0587,0.128,0.000,1.000,0.0000,0.0000,0
2026-05-06,13:00:57,51412,2,4.1120,3.9539,0.0962,2.8300,7.9809,0,1.0000,514,1,37.9430,-1.2343,-33.2785,2.0621,-46.0366,0.096,0.000,1.000,0.0000,0.0000,0
2026-05-06,13:00:57,51448,2,3.6080,4.1556,0.0931,2.7397,7.9499,0,1.0000,451,1,36.1996,-21.8780,-31.6604,33.5154,-57.0611,0.064,0.000,1.000,0.0000,0.0000,0
2026-05-06,13:00:57,51484,2,0.9040,2.5426,-0.0410,1.2066,7.9226,0,1.0000,113,1,38.5424,84.1199,-30.3775,35.2245,-23.1975,0.032,0.000,1.000,0.0000,0.0000,0
2026-05-06,13:00:57,51520,2,0.0000,0.2237,0.0215,0.6326,7.9180,0,1.0000,0,1,43.5443,148.7483,-29.9361,21.3069,-27.5621,0.000,0.000,1.000,0.0000,0.0000,0
2026-05-06,13:00:57,51555,2,0.0000,-0.0735,0.0345,1.0161,7.9182,0,1.0000,0,1,46.8810,85.5146,-29.5983,14.5516,-36.0269,0.000,0.000,1.000,0.0000,0.0000,0
2026-05-06,13:00:57,51590,2,0.0000,-0.0410,0.0444,1.3073,7.9189,0,1.0000,0,1,47.0652,11.1340,-29.5297,6.3865,-5.1241,0.000,0.000,1.000,0.0000,0.0000,0
2026-05-06,13:00:57,51626,2,0.0000,-0.0020,0.0429,1.2605,7.9189,0,1.0000,0,1,48.3435,50.1301,-29.7469,-0.4608,-25.2395,0.000,0.000,1.000,0.0000,0.0000,0
2026-05-06,13:00:57,51661,2,3.2240,0.2797,0.0795,2.3372,7.9185,0,1.0000,403,1,50.2405,50.2414,-29.8368,-0.6806,-48.3468,0.000,0.000,1.000,0.0000,0.0000,0
2026-05-06,13:00:57,51697,2,3.9040,3.1232,0.1442,4.2400,7.9025,0,1.0000,488,1,49.4192,-36.5008,-29.8242,-0.4499,-15.4794,0.000,0.000,1.000,0.0000,0.0000,0
2026-05-06,13:00:57,51733,2,4.0640,4.3022,0.1347,3.9604,7.8719,0,1.0000,508,1,49.4158,30.2518,-30.5048,-12.2326,4.5050,0.000,0.000,1.000,0.0000,0.0000,0
2026-05-06,13:00:58,51773,2,4.0640,4.3518,0.0769,2.2627,7.8344,0,1.0000,508,1,50.3650,41.4572,-31.7360,-15.9148,-5.2418,0.000,0.000,1.000,0.0000,0.0000,0
2026-05-06,13:00:58,51809,2,4.0640,4.0580,0.0668,1.9642,7.8025,0,1.0000,508,1,51.9560,41.6840,-31.6825,-0.9186,-31.9350,0.000,0.000,1.000,0.0000,0.0000,0
2026-05-06,13:00:58,51845,2,4.1200,3.8857,0.0985,2.8977,7.7718,0,1.0000,515,1,52.6970,23.2796,-31.1378,11.0187,-54.0482,0.000,0.000,1.000,0.0000,0.0000,0
2026-05-06,13:00:58,51881,2,4.1200,4.0568,0.1163,3.4202,7.7418,0,1.0000,515,1,53.8523,32.8660,-31.0046,6.8510,-26.8896,0.000,0.000,1.000,0.0000,0.0000,0
2026-05-06,13:00:58,51916,2,4.1200,4.0680,0.1229,3.6133,7.7113,0,1.0000,515,1,54.3807,12.9502,-31.4723,-5.2776,0.6860,0.000,0.000,1.000,0.0000,0.0000,0
2026-05-06,13:00:58,51952,2,4.1200,4.1136,0.1214,3.5712,7.6797,0,1.0000,515,1,54.0297,-11.9021,-32.2619,-13.8567,-9.4558,0.000,0.000,1.000,0.0000,0.0000,0
2026-05-06,13:00:58,51987,2,3.4080,3.8209,0.0877,2.5793,7.6491,0,1.0000,426,1,53.7433,3.0227,-32.5976,-8.0442,-35.4346,0.000,0.000,1.000,0.0000,0.0000,0
2026-05-06,13:00:58,52023,2,0.1200,0.9737,0.0033,0.0959,7.6288,0,1.0000,15,1,55.1387,39.4937,-32.2534,5.9356,-43.5520,0.000,0.000,0.999,0.0000,0.0000,0
2026-05-06,13:00:58,52058,2,0.1200,0.0144,0.0441,1.2961,7.6283,0,1.0000,15,1,57.5047,64.4223,-31.6626,13.6775,-63.3753,0.000,0.000,1.000,0.0000,0.0000,0
2026-05-06,13:00:58,52093,2,0.1200,-0.0487,0.0664,1.9515,7.6284,0,1.0000,15,1,58.2782,20.2615,-31.3003,11.8964,-34.5355,0.000,0.000,1.000,0.0000,0.0000,0
2026-05-06,13:00:58,52128,2,0.0000,0.0228,0.0838,2.4646,7.6287,0,1.0000,0,1,57.4535,-24.1831,-31.4255,1.9679,-4.6402,0.000,0.000,1.000,0.0000,0.0000,0
2026-05-06,13:00:58,52164,2,0.0000,0.0104,0.0791,2.3266,7.6285,0,1.0000,0,1,57.2479,3.1689,-32.1426,-11.5219,-20.1388,0.000,0.000,1.000,0.0000,0.0000,0
2026-05-06,13:00:58,52199,2,0.0000,0.0113,0.0750,2.2053,7.6283,0,1.0000,0,1,58.3619,30.5295,-32.8871,-15.3667,-32.2273,0.000,0.000,1.000,0.0000,0.0000,0
2026-05-06,13:00:58,52235,2,0.0000,-0.0166,0.0795,2.3384,7.6284,0,1.0000,0,1,58.5579,4.7598,-33.0816,-7.2753,-30.2019,0.000,0.000,1.000,0.0000,0.0000,0
2026-05-06,13:00:58,52270,2,0.0000,-0.0093,0.0818,2.4047,7.6285,0,1.0000,0,1,58.7222,8.9300,-33.1722,-2.8930,-53.5492,0.000,0.000,1.000,0.0000,0.0000,0
2026-05-06,13:00:58,52305,2,0.0000,-0.0291,0.0837,2.4627,7.6287,0,1.0000,0,1,58.8168,-3.4139,-33.2980,-1.1115,-39.7601,0.000,0.000,1.000,0.0000,0.0000,0
2026-05-06,13:00:58,52340,2,0.0000,-0.0562,0.0927,2.7272,7.6290,0,1.0000,0,1,57.4173,-36.6465,-33.3190,0.7484,-9.2181,0.032,0.000,1.000,0.0000,0.0000,0
2026-05-06,13:00:58,52375,2,0.0000,-0.0445,0.0990,2.9125,7.6294,0,1.0000,0,1,57.3428,12.4933,-33.5134,-1.3205,-23.7972,0.096,0.000,1.000,0.0000,0.0000,0
2026-05-06,13:00:58,52410,2,0.0000,0.0173,0.0901,2.6508,7.6295,0,1.0000,0,1,58.6661,38.3256,-33.4635,3.4482,-48.8279,0.064,0.000,1.000,0.0000,0.0000,0
2026-05-06,13:00:58,52446,2,0.0000,0.0882,0.0842,2.4771,7.6290,0,1.0000,0,1,59.4821,25.6772,-33.0023,12.9267,-68.8180,0.032,0.000,1.000,0.0000,0.0000,0
2026-05-06,13:00:58,52481,2,0.0000,0.0139,0.0842,2.4769,7.6288,0,1.0000,0,1,60.3921,30.8042,-32.2203,20.8193,-84.7577,0.000,0.000,1.000,0.0000,0.0000,0
2026-05-06,13:00:58,52516,2,0.0000,0.0567,0.0757,2.2263,7.6284,0,1.0000,0,1,61.2106,25.4001,-31.5258,21.0051,-58.4563,0.000,0.000,1.000,0.0000,0.0000,0
2026-05-06,13:00:58,52551,2,0.0000,-0.0028,0.0729,2.1454,7.6282,0,1.0000,0,1,61.8124,21.3734,-31.1711,14.2001,-24.0177,0.000,0.000,1.000,0.0000,0.0000,0
2026-05-06,13:00:58,52586,2,0.0000,-0.1431,0.0924,2.7184,7.6288,0,1.0000,0,1,62.3342,12.7909,-31.5173,-1.4686,2.8540,0.000,0.000,1.000,0.0000,0.0000,0
2026-05-06,13:00:58,52621,2,0.0000,-0.1439,0.1105,3.2495,7.6298,0,1.0000,0,1,61.6431,-22.0365,-32.6867,-21.0001,23.0851,0.000,0.000,1.000,0.0000,0.0000,0
2026-05-06,13:00:58,52656,2,0.0000,-0.0383,0.1141,3.3557,7.6302,0,1.0000,0,1,61.6033,4.8106,-33.7524,-22.2739,1.6239,0.000,0.000,1.000,0.0000,0.0000,0
2026-05-06,13:00:58,52696,2,0.0000,0.0498,0.1036,3.0485,7.6299,0,1.0000,0,1,61.8322,12.8571,-34.2165,-8.4142,-13.5762,0.000,0.000,1.000,0.0000,0.0000,0
2026-05-06,13:00:58,52732,2,0.0000,0.0955,0.0899,2.6428,7.6293,0,1.0000,0,1,62.8601,28.7248,-32.5873,28.9872,2.5441,0.000,0.000,1.000,0.0000,0.0000,0
2026-05-06,13:00:59,52767,2,0.0000,0.0657,0.0814,2.3932,7.6288,0,1.0000,0,0,63.7099,26.4564,-31.2930,36.1337,-5.3820,0.000,0.000,1.000,0.0000,0.0000,0
2026-05-06,13:00:59,52802,2,0.0000,0.2057,0.0553,1.6257,7.6277,0,1.0000,0,0,64.8644,35.5601,-30.2607,33.2790,-17.0802,0.000,0.000,1.000,0.0000,0.0000,0
2026-05-06,13:00:59,52837,2,0.0000,0.0569,0.0326,0.9598,7.6262,0,1.0000,0,0,66.4169,42.1622,-29.5287,26.1857,11.6656,0.000,0.000,1.000,0.0000,0.0000,0
2026-05-06,13:00:59,52872,2,0.0000,-0.0489,0.0422,1.2401,7.6263,0,1.0000,0,0,66.5825,-8.6720,-29.0856,17.6944,-4.3504,0.000,0.000,1.000,0.0000,0.0000,0
2026-05-06,13:00:59,52907,2,0.0000,-0.5744,0.1106,3.2527,7.6287,0,1.0000,0,0,65.7533,-24.3778,-29.1573,4.2848,21.0931,0.000,0.000,1.000,0.0000,0.0000,0
2026-05-06,13:00:59,52942,2,0.0000,-0.2262,0.1499,4.4086,7.6317,0,1.0000,0,0,64.0295,-50.4124,-30.5569,-25.5441,38.2677,0.048,0.000,1.000,0.0000,0.0000,0
2026-05-06,13:00:59,52978,2,0.0000,0.0464,0.1358,3.9932,7.6316,0,1.0000,0,0,63.0730,-36.0516,-32.2213,-32.9861,15.0463,0.112,0.000,1.000,0.0000,0.0000,0
2026-05-06,13:00:59,53013,2,0.0000,0.2311,0.1051,3.0915,7.6305,0,1.0000,0,0,62.5580,-7.4285,-31.5124,7.3027,-11.5421,0.176,0.000,1.000,0.0000,0.0000,0
2026-05-06,13:00:59,53048,2,0.0000,0.1723,0.0722,2.1248,7.6285,0,1.0000,0,0,63.4121,26.5447,-29.9939,32.2141,-1.7392,0.216,0.000,1.000,0.0000,0.0000,0
2026-05-06,13:00:59,53083,2,0.0000,0.0033,0.0792,2.3306,7.6285,0,1.0000,0,0,64.0626,14.0507,-28.9119,31.6247,25.0884,0.184,0.000,1.000,0.0000,0.0000,0
2026-05-06,13:00:59,53118,2,0.0000,-0.0094,0.0805,2.3665,7.6285,0,1.0000,0,0,63.9520,-2.8456,-28.3279,22.6678,8.0562,0.152,0.000,1.000,0.0000,0.0000,0
2026-05-06,13:00:59,53153,2,0.0000,0.0417,0.0786,2.3112,7.6286,0,1.0000,0,0,63.7649,-7.8937,-27.9023,16.4138,33.1447,0.120,0.000,1.000,0.0000,0.0000,0
2026-05-06,13:00:59,53188,2,0.0000,0.0304,0.0728,2.1414,7.6283,0,1.0000,0,0,63.5150,-7.7513,-27.5959,12.0339,7.7207,0.088,0.000,1.000,0.0000,0.0000,0
2026-05-06,13:00:59,53223,2,0.0000,-0.0210,0.0794,2.3339,7.6284,0,1.0000,0,0,63.5283,-1.0908,-27.3467,9.1347,0.9149,0.056,0.000,1.000,0.0000,0.0000,0
2026-05-06,13:00:59,53258,2,0.0000,-0.0307,0.0847,2.4921,7.6287,0,1.0000,0,0,63.1177,-13.5543,-27.2228,5.4740,27.1639,0.072,0.000,1.000,0.0000,0.0000,0
2026-05-06,13:00:59,53293,2,0.0000,-0.0021,0.0849,2.4968,7.6288,0,1.0000,0,0,62.7668,-8.7342,-27.1292,3.7674,8.9686,0.136,0.000,1.000,0.0000,0.0000,0
2026-05-06,13:00:59,53328,2,0.0000,0.0309,0.0811,2.3841,7.6287,0,1.0000,0,0,62.7289,-3.1827,-27.0645,2.8380,-5.0699,0.200,0.000,1.000,0.0000,0.0000,0
2026-05-06,13:00:59,53363,2,0.0000,0.0229,0.0745,2.1907,7.6285,0,1.0000,0,0,62.5427,-5.7903,-26.9363,3.5715,22.2011,0.264,0.000,1.000,0.0000,0.0000,0
2026-05-06,13:00:59,53398,2,0.0000,-0.0076,0.0783,2.3041,7.6284,0,1.0000,0,0,62.7091,5.7981,-26.8853,2.2491,-7.9012,0.256,0.000,1.000,0.0000,0.0000,0
2026-05-06,13:00:59,53434,2,0.0000,-0.0053,0.0774,2.2752,7.6284,0,1.0000,0,0,62.8333,0.8249,-26.8408,1.3851,7.3076,0.224,0.000,1.000,0.0000,0.0000,0
2026-05-06,13:00:59,53470,2,0.0000,-0.0116,0.0809,2.3787,7.6285,0,1.0000,0,0,62.5555,-10.1119,-26.9398,-1.4541,32.5427,0.192,0.000,1.000,0.0000,0.0000,0
2026-05-06,13:00:59,53505,2,0.0000,0.0140,0.0777,2.2843,7.6285,0,1.0000,0,0,62.3453,-6.3825,-27.1314,-4.1313,39.6546,0.208,0.000,0.999,0.0000,0.0000,0
2026-05-06,13:00:59,53540,2,0.0000,0.0135,0.0777,2.2857,7.6284,0,1.0000,0,0,62.2595,-2.7375,-27.2239,-2.4521,6.7066,0.224,0.000,0.996,0.0000,0.0000,0
2026-05-06,13:00:59,53575,2,0.0000,-0.0090,0.0793,2.3319,7.6284,0,1.0000,0,0,62.1677,-3.4785,-27.1428,1.0551,25.9928,0.192,0.000,0.993,0.0000,0.0000,0
2026-05-06,13:00:59,53610,2,0.0000,0.0183,0.0776,2.2830,7.6284,0,1.0000,0,0,61.9862,-6.9860,-27.2196,-1.0087,47.9715,0.160,0.000,0.990,0.0000,0.0000,0
2026-05-06,13:00:59,53650,2,0.0000,-0.0034,0.0800,2.3533,7.6285,0,1.0000,0,0,61.9136,-3.9670,-27.6264,-3.1101,56.8910,0.136,0.000,0.987,0.0000,0.0000,0
2026-05-06,13:00:59,53686,2,0.0000,-0.0101,0.0794,2.3347,7.6285,0,1.0000,0,0,61.8518,-3.3567,-27.7607,-1.7722,33.1403,0.104,0.000,0.984,0.0000,0.0000,0
2026-05-06,13:00:59,53721,2,0.0000,-0.0017,0.0809,2.3793,7.6286,0,1.0000,0,0,61.6229,-7.4595,-27.6344,3.4015,0.7830,0.072,0.000,0.981,0.0000,0.0000,0
2026-05-06,13:01:00,53756,2,0.0000,0.0125,0.0802,2.3582,7.6285,0,1.0000,0,0,61.5531,-1.1196,-27.2762,9.2120,-26.4454,0.088,0.000,0.978,0.0000,0.0000,0
2026-05-06,13:01:00,53792,2,0.0000,0.0051,0.0815,2.3965,7.6285,0,1.0000,0,0,61.5965,0.9717,-26.8947,11.3258,-35.4360,0.056,0.000,0.974,0.0000,0.0000,0
2026-05-06,13:01:00,53827,2,0.0000,-0.0195,0.0809,2.3791,7.6286,0,1.0000,0,0,61.5541,-2.1527,-26.7054,8.1205,-4.4467,0.024,0.000,0.971,0.0000,0.0000,0
2026-05-06,13:01:00,53862,2,0.0000,-0.0237,0.0885,2.6031,7.6289,0,1.0000,0,0,61.4016,-5.6667,-26.8288,1.3578,21.3360,0.000,0.000,0.968,0.0000,0.0000,0
2026-05-06,13:01:00,53897,2,0.0000,-0.0221,0.0907,2.6687,7.6290,0,1.0000,0,0,61.2449,-3.9182,-27.0003,-0.8505,22.4288,0.000,0.000,0.965,0.0000,0.0000,0
2026-05-06,13:01:00,53932,2,0.0000,0.0109,0.0887,2.6102,7.6290,0,1.0000,0,0,61.2136,-1.0806,-26.8413,5.0488,-8.2122,0.000,0.000,0.962,0.0000,0.0000,0
2026-05-06,13:01:00,53967,2,0.0000,0.0132,0.0893,2.6265,7.6290,0,1.0000,0,0,61.2102,-0.1850,-26.2657,14.3945,-33.7395,0.000,0.000,0.958,0.0000,0.0000,0
2026-05-06,13:01:00,54002,2,0.0000,0.0136,0.0882,2.5945,7.6290,0,1.0000,0,0,61.0543,-6.2360,-25.5663,19.2202,-34.7269,0.000,0.000,0.955,0.0000,0.0000,0
2026-05-06,13:01:00,54037,2,0.0000,0.0022,0.0877,2.5782,7.6290,0,1.0000,0,0,60.8295,-4.7416,-25.0122,17.8840,-3.0790,0.000,0.000,0.952,0.0000,0.0000,0
2026-05-06,13:01:00,54072,2,0.0000,0.0413,0.0805,2.3664,7.6287,0,1.0000,0,0,60.9587,3.9499,-24.5599,15.7080,-23.2427,0.000,0.000,0.949,0.0000,0.0000,0
2026-05-06,13:01:00,54108,2,0.0000,0.2392,0.0506,1.4884,7.6276,0,1.0000,0,0,61.0548,4.9017,-24.1496,13.7307,-32.3976,0.000,0.000,0.954,0.0000,0.0000,0
2026-05-06,13:01:00,54143,2,0.0000,0.1932,0.0077,0.2276,7.6252,0,1.0000,0,0,61.9798,30.1341,-23.8433,10.7724,-0.9678,0.000,0.000,0.969,0.0000,0.0000,0
2026-05-06,13:01:00,54178,2,0.0000,0.0305,0.0035,0.1018,7.6245,0,1.0000,0,0,63.1804,33.4403,-23.7251,5.9515,-15.0299,0.000,0.000,0.966,0.0000,0.0000,0
2026-05-06,13:01:00,54213,2,0.0000,0.0069,0.0055,0.1611,7.6245,0,1.0000,0,0,63.9968,21.3226,-23.6479,3.4575,-25.3667,0.000,0.000,0.962,0.0000,0.0000,0
2026-05-06,13:01:00,54248,2,0.0000,0.0195,0.0055,0.1626,7.6245,0,1.0000,0,0,65.0363,26.2556,-23.7262,-0.8679,4.9132,0.000,0.000,0.959,0.0000,0.0000,0
2026-05-06,13:01:00,54284,2,0.0000,-0.0058,0.0055,0.1611,7.6245,0,1.0000,0,0,65.6452,4.3639,-23.9494,-5.0853,-10.0884,0.000,0.000,0.956,0.0000,0.0000,0
2026-05-06,13:01:00,54319,2,0.0000,0.0088,0.0055,0.1611,7.6245,0,1.0000,0,0,64.9727,-29.1947,-24.2283,-7.7845,-14.3680,0.000,0.000,0.953,0.0000,0.0000,0
2026-05-06,13:01:00,54354,2,0.0000,-0.0054,0.0075,0.2207,7.6246,0,1.0000,0,0,63.9433,-41.1188,-24.5836,-10.0713,14.2684,0.000,0.000,0.950,0.0000,0.0000,0
2026-05-06,13:01:00,54389,2,0.0000,-0.0239,0.0112,0.3306,7.6247,0,1.0000,0,0,62.2188,-55.5586,-24.9991,-12.3279,-2.0944,0.000,0.000,0.955,0.0000,0.0000,0
2026-05-06,13:01:00,54424,2,0.0000,-0.2046,0.0368,1.0810,7.6257,0,1.0000,0,0,58.2778,-139.0844,-25.5161,-14.9615,24.9048,0.032,0.000,0.987,0.0000,0.0000,0
2026-05-06,13:01:00,54459,2,0.0000,0.0634,0.0305,0.8964,7.6260,0,1.0000,0,0,51.9158,-163.0844,-25.9579,-13.7771,34.2740,0.096,0.000,1.000,0.0000,0.0000,0
2026-05-06,13:01:00,54495,2,0.0000,-0.0138,0.0328,0.9655,7.6260,0,1.0000,0,0,49.5927,-45.6645,-26.1948,-9.2272,55.2170,0.160,0.000,1.000,0.0000,0.0000,0
2026-05-06,13:01:00,54530,2,0.0000,0.1028,0.0189,0.5572,7.6255,0,1.0000,0,0,52.0406,102.4789,-26.0888,-0.1285,23.3856,0.176,0.000,1.000,0.0000,0.0000,0
2026-05-06,13:01:00,54565,2,0.0000,0.0649,0.0105,0.3075,7.6251,0,1.0000,0,0,53.8717,81.7025,-25.9748,0.7005,22.4613,0.160,0.000,1.000,0.0000,0.0000,0
2026-05-06,13:01:00,54600,2,0.0000,-0.0041,0.0139,0.4089,7.6250,0,1.0000,0,0,57.3514,90.0320,-25.6026,7.7553,31.1959,0.128,0.000,1.000,0.0000,0.0000,0
2026-05-06,13:01:00,54635,2,0.0000,-0.0325,0.0198,0.5834,7.6252,0,1.0000,0,0,58.0822,22.4642,-25.2047,10.8395,-0.0430,0.096,0.000,1.000,0.0000,0.0000,0
2026-05-06,13:01:00,54670,2,0.0000,-0.0882,0.0304,0.8955,7.6257,0,1.0000,0,0,58.3189,11.4917,-24.8865,10.0689,13.8567,0.064,0.000,1.000,0.0000,0.0000,0
2026-05-06,13:01:00,54705,2,0.0000,0.0071,0.0296,0.8707,7.6258,0,1.0000,0,0,59.0968,23.6980,-24.6751,7.6730,24.1964,0.032,0.000,1.000,0.0000,0.0000,0
2026-05-06,13:01:00,54740,2,0.0000,-0.0025,0.0295,0.8689,7.6258,0,1.0000,0,0,59.5977,14.1948,-24.4746,6.7627,-6.0176,0.000,0.000,1.000,0.0000,0.0000,0
2026-05-06,13:01:01,54775,2,0.0000,-0.0272,0.0331,0.9741,7.6260,0,1.0000,0,0,58.7104,-30.6625,-24.3221,5.2325,21.4111,0.000,0.000,1.000,0.0000,0.0000,0
2026-05-06,13:01:01,54810,2,0.0000,0.0261,0.0325,0.9561,7.6259,0,1.0000,0,0,57.5263,-15.2000,-24.2584,3.0594,4.1237,0.048,0.000,1.000,0.0000,0.0000,0
2026-05-06,13:01:01,54845,2,0.0000,0.0492,0.0246,0.7236,7.6257,0,1.0000,0,0,59.4118,57.5493,-24.1980,2.4408,-15.5460,0.040,0.000,1.000,0.0000,0.0000,0
2026-05-06,13:01:01,54880,2,0.0000,0.0300,0.0191,0.5607,7.6254,0,1.0000,0,0,60.8502,43.2614,-24.0797,3.3120,13.2706,0.008,0.000,1.000,0.0000,0.0000,0
2026-05-06,13:01:01,54915,2,0.0000,0.0278,0.0160,0.4721,7.6252,0,1.0000,0,0,61.9859,36.3920,-23.9353,4.0571,-2.8610,0.000,0.000,1.000,0.0000,0.0000,0
2026-05-06,13:01:01,54950,2,0.0000,-0.0066,0.0180,0.5306,7.6252,0,1.0000,0,0,63.2155,35.6134,-23.8056,3.9680,-8.1092,0.000,0.000,1.000,0.0000,0.0000,0
2026-05-06,13:01:01,54985,2,0.0000,0.0234,0.0120,0.3529,7.6250,0,1.0000,0,0,64.2324,30.5725,-23.7383,2.5318,19.7038,0.000,0.000,1.000,0.0000,0.0000,0
2026-05-06,13:01:01,55020,2,0.0000,-0.0057,0.0143,0.4192,7.6250,0,1.0000,0,0,65.0281,18.6554,-23.6936,1.6994,-3.7748,0.000,0.000,1.000,0.0000,0.0000,0
2026-05-06,13:01:01,55055,2,0.0000,-0.0109,0.0157,0.4611,7.6250,0,1.0000,0,0,64.8721,-4.1782,-23.6883,0.5096,-8.9289,0.000,0.000,1.000,0.0000,0.0000,0
2026-05-06,13:01:01,55090,2,0.0000,-0.0684,0.0236,0.6952,7.6254,0,1.0000,0,0,63.6853,-47.9142,-23.6697,0.5213,12.9947,0.000,0.000,1.000,0.0000,0.0000,0
2026-05-06,13:01:01,55125,2,0.0000,-0.1328,0.0429,1.2607,7.6262,0,1.0000,0,0,57.5178,-201.1871,-23.7278,-1.2720,37.9604,0.064,0.000,1.000,0.0000,0.0000,0
2026-05-06,13:01:01,55160,2,0.0000,-0.3569,0.0896,2.6343,7.6281,0,1.0000,0,0,46.1558,-290.4473,-23.8137,-1.5394,46.0137,0.128,0.000,1.000,0.0000,0.0000,0
2026-05-06,13:01:01,55195,2,0.0000,-0.0209,0.1032,3.0366,7.6297,0,1.0000,0,0,45.7415,73.9862,-23.3816,8.7497,42.4381,0.192,0.000,1.000,0.0000,0.0000,0
2026-05-06,13:01:01,55231,2,0.0000,0.0559,0.0963,2.8331,7.6294,0,1.0000,0,0,48.4518,82.1945,-22.9076,12.9590,32.3103,0.256,0.000,1.000,0.0000,0.0000,0
2026-05-06,13:01:01,55266,2,0.0000,0.0771,0.0798,2.3470,7.6287,0,1.0000,0,0,52.5256,124.8849,-22.3778,15.3418,30.7281,0.248,0.000,1.000,0.0000,0.0000,0
2026-05-06,13:01:01,55301,2,0.0000,-0.0062,0.0824,2.4239,7.6286,0,1.0000,0,0,56.4186,131.0922,-21.9365,14.2662,51.2577,0.216,0.000,1.000,0.0000,0.0000,0
2026-05-06,13:01:01,55336,2,0.0000,0.0094,0.0803,2.3621,7.6286,0,1.0000,0,0,58.9850,83.8556,-21.5254,13.4894,19.3246,0.184,0.000,1.000,0.0000,0.0000,0
2026-05-06,13:01:01,55371,2,0.0000,0.0051,0.0850,2.4996,7.6287,0,1.0000,0,0,61.6188,88.7070,-21.0820,13.6833,23.0484,0.152,0.000,1.000,0.0000,0.0000,0
2026-05-06,13:01:01,55406,2,0.0000,-0.0052,0.0842,2.4768,7.6287,0,1.0000,0,0,64.6209,94.0226,-20.7183,11.9612,43.4079,0.120,0.000,1.000,0.0000,0.0000,0
2026-05-06,13:01:01,55441,2,0.0000,0.0452,0.0787,2.3136,7.6285,0,1.0000,0,0,67.2343,80.2210,-20.4352,9.8372,13.3071,0.088,0.000,1.000,0.0000,0.0000,0
2026-05-06,13:01:01,55476,2,0.0000,0.1122,0.0625,1.8384,7.6279,0,1.0000,0,0,69.0402,60.8918,-20.2493,6.8669,12.2228,0.056,0.000,1.000,0.0000,0.0000,0
2026-05-06,13:01:01,55513,2,0.0000,0.0878,0.0472,1.3896,7.6270,0,1.0000,0,0,69.7831,38.4246,-20.2160,4.9832,14.1906,0.032,0.000,1.000,0.0000,0.0000,0
2026-05-06,13:01:01,55548,2,0.0000,-0.0683,0.0589,1.7323,7.6272,0,1.0000,0,0,71.4484,48.4725,-20.1602,3.0089,-11.5397,0.000,0.000,1.000,0.0000,0.0000,0
2026-05-06,13:01:01,55583,2,0.0000,-0.3187,0.1050,3.0897,7.6290,0,1.0000,0,0,72.6417,40.7492,-20.0532,2.9700,-8.2296,0.000,0.000,1.000,0.0000,0.0000,0
2026-05-06,13:01:01,55619,2,0.0000,-0.0285,0.1038,3.0516,7.6298,0,1.0000,0,0,74.0325,44.7268,-19.8747,4.0316,-0.0252,0.000,0.000,1.000,0.0000,0.0000,0
2026-05-06,13:01:01,55654,2,0.0000,-0.0043,0.1056,3.1071,7.6299,0,1.0000,0,0,75.1461,35.7578,-19.7306,3.7283,-22.3330,0.000,0.000,1.000,0.0000,0.0000,0
2026-05-06,13:01:01,55689,2,0.0000,0.0231,0.1030,3.0305,7.6298,0,1.0000,0,0,76.0113,27.6965,-19.6444,2.2527,-10.7059,0.000,0.000,1.000,0.0000,0.0000,0
2026-05-06,13:01:01,55725,2,0.0000,0.0222,0.0994,2.9223,7.6296,0,1.0000,0,0,76.8561,27.2611,-19.5629,1.3357,-8.3719,0.000,0.000,1.000,0.0000,0.0000,0
2026-05-06,13:01:02,55760,2,0.0000,0.0626,0.0924,2.7174,7.6293,0,1.0000,0,0,77.5997,23.1839,-19.6475,-2.3277,-30.7105,0.000,0.000,1.000,0.0000,0.0000,0
2026-05-06,13:01:02,55795,2,0.0000,0.0880,0.0752,2.2115,7.6287,0,1.0000,0,0,78.0785,14.7783,-19.8832,-6.4775,0.3262,0.000,0.000,1.000,0.0000,0.0000,0
2026-05-06,13:01:02,55830,2,0.0000,0.0318,0.0733,2.1557,7.6283,0,1.0000,0,0,78.5777,16.5141,-20.1755,-9.0010,-5.8034,0.000,0.000,1.000,0.0000,0.0000,0
2026-05-06,13:01:02,55865,2,0.0000,-0.0183,0.0781,2.2956,7.6284,0,1.0000,0,0,78.9953,12.5594,-20.5325,-11.0580,-28.6538,0.000,0.000,1.000,0.0000,0.0000,0
2026-05-06,13:01:02,55900,2,0.0000,-0.0926,0.0953,2.8016,7.6291,0,1.0000,0,0,79.2224,8.3368,-20.7626,-9.1796,-48.2377,0.000,0.000,1.000,0.0000,0.0000,0
2026-05-06,13:01:02,55935,2,0.0000,-0.0534,0.1063,3.1254,7.6297,0,1.0000,0,0,79.4039,5.6681,-20.7289,-4.0976,-60.7576,0.000,0.000,1.000,0.0000,0.0000,0
2026-05-06,13:01:02,55970,2,0.0000,-0.0103,0.1044,3.0699,7.6298,0,1.0000,0,0,79.5840,4.3962,-20.4929,1.1274,-68.9545,0.000,0.000,1.000,0.0000,0.0000,0
2026-05-06,13:01:02,56005,2,0.0000,0.0280,0.1042,3.0647,7.6298,0,1.0000,0,0,79.6159,-1.0093,-20.1531,3.5164,-76.9353,0.000,0.000,1.000,0.0000,0.0000,0
2026-05-06,13:01:02,56040,2,0.0000,0.0688,0.0919,2.7024,7.6293,0,1.0000,0,0,79.6505,1.5737,-20.0143,-0.6708,-82.8076,0.000,0.000,1.000,0.0000,0.0000,0
2026-05-06,13:01:02,56075,2,0.0000,0.0020,0.0927,2.7275,7.6292,0,1.0000,0,0,79.6351,-3.4359,-20.1822,-7.8356,-74.5769,0.000,0.000,1.000,0.0000,0.0000,0
2026-05-06,13:01:02,56110,2,0.0000,-0.0043,0.0924,2.7165,7.6292,0,1.0000,0,0,79.3976,-7.6557,-20.4939,-12.8078,-74.2417,0.000,0.000,1.000,0.0000,0.0000,0
2026-05-06,13:01:02,56145,2,0.0000,-0.0183,0.0955,2.8078,7.6293,0,1.0000,0,0,79.2322,-7.4886,-20.5895,-10.3952,-76.7459,0.000,0.000,1.000,0.0000,0.0000,0
2026-05-06,13:01:02,56180,2,0.0000,-0.0601,0.1058,3.1109,7.6297,0,1.0000,0,0,78.6639,-21.6154,-20.3210,-2.8689,-76.8801,0.064,0.000,1.000,0.0000,0.0000,0
2026-05-06,13:01:02,56215,2,0.0000,-0.0298,0.1144,3.3653,7.6303,0,1.0000,0,0,77.8131,-27.6335,-19.5906,8.0849,-75.0574,0.128,0.000,1.000,0.0000,0.0000,0
2026-05-06,13:01:02,56250,2,0.0000,-0.0254,0.1213,3.5662,7.6306,0,1.0000,0,0,77.1999,-21.5617,-18.5058,18.7786,-73.4082,0.192,0.000,1.000,0.0000,0.0000,0
2026-05-06,13:01:02,56285,2,0.0000,-0.0036,0.1186,3.4894,7.6306,0,1.0000,0,0,77.0833,1.2539,-17.2272,26.5882,-21.3893,0.256,0.000,1.000,0.0000,0.0000,0
2026-05-06,13:01:02,56320,2,0.0000,0.0068,0.1170,3.4407,7.6305,0,1.0000,0,0,78.7048,37.4839,-16.1481,26.0385,16.2252,0.248,0.000,1.000,0.0000,0.0000,0
2026-05-06,13:01:02,56355,2,0.0000,0.0668,0.1091,3.2101,7.6303,0,1.0000,0,0,78.7913,-8.3716,-15.3365,22.5270,43.2728,0.216,0.000,1.000,0.0000,0.0000,0
2026-05-06,13:01:02,56390,2,0.0000,0.1063,0.0956,2.8118,7.6297,0,1.0000,0,0,78.1258,-15.7224,-14.8134,17.8547,62.9998,0.184,0.000,1.000,0.0000,0.0000,0
2026-05-06,13:01:02,56426,2,0.0000,0.0086,0.0900,2.6470,7.6291,0,1.0000,0,0,78.3636,2.3018,-14.5537,15.8042,44.6019,0.208,0.000,1.000,0.0000,0.0000,0
2026-05-06,13:01:02,56462,2,0.0000,-0.0844,0.1042,3.0650,7.6295,0,1.0000,0,0,78.6570,3.0357,-13.7729,21.9716,13.2312,0.176,0.000,1.000,0.0000,0.0000,0
2026-05-06,13:01:02,56497,2,0.0000,-0.1067,0.1193,3.5076,7.6303,0,1.0000,0,0,78.6112,-5.9676,-12.7779,28.2381,-13.4638,0.144,0.000,1.000,0.0000,0.0000,0
2026-05-06,13:01:02,56532,2,0.0000,-0.0331,0.1207,3.5497,7.6307,0,1.0000,0,0,78.2155,-12.5460,-11.6550,32.5868,-36.3576,0.136,0.000,1.000,0.0000,0.0000,0
2026-05-06,13:01:02,56567,2,0.0000,-0.0021,0.1213,3.5679,7.6307,0,1.0000,0,0,78.0814,-6.5694,-10.5553,33.0228,-54.8011,0.200,0.000,1.000,0.0000,0.0000,0
2026-05-06,13:01:02,56602,2,0.0000,-0.0079,0.1192,3.5072,7.6307,0,1.0000,0,0,77.7823,-10.5745,-9.5906,30.4168,-70.5192,0.264,0.000,1.000,0.0000,0.0000,0
2026-05-06,13:01:02,56637,2,0.0000,0.0287,0.1164,3.4227,7.6306,0,1.0000,0,0,77.7873,-3.3379,-8.6963,28.2572,-84.4643,0.328,0.000,1.000,0.0000,0.0000,0
2026-05-06,13:01:02,56672,2,0.0000,0.0492,0.1062,3.1233,7.6301,0,1.0000,0,0,77.5878,-8.3579,-7.8525,26.0494,-96.0615,0.392,0.000,1.000,0.0000,0.0000,0
2026-05-06,13:01:02,56708,2,0.0000,0.0511,0.0963,2.8323,7.6295,0,1.0000,0,0,77.4023,-9.8555,-7.1940,21.3180,-106.0649,0.456,0.000,1.000,0.0000,0.0000,0
2026-05-06,13:01:02,56744,2,0.0000,-0.1595,0.1219,3.5848,7.6303,0,1.0000,0,0,76.8677,-17.2804,-6.4495,21.7651,-112.6983,0.520,0.000,1.000,0.0000,0.0000,0
2026-05-06,13:01:03,56779,2,0.0000,-0.0138,0.1265,3.7219,7.6309,0,1.0000,0,0,76.9304,1.4169,-5.3265,28.8071,-116.5173,0.584,0.000,1.000,0.0000,0.0000,0
2026-05-06,13:01:03,56814,2,0.0000,0.0449,0.1200,3.5295,7.6308,0,1.0000,0,0,76.9744,-7.4533,-4.2371,29.3931,-82.0601,0.624,0.000,1.000,0.0000,0.0000,0
2026-05-06,13:01:03,56850,2,0.0000,0.2145,0.0876,2.5768,7.6296,0,1.0000,0,0,76.6289,-13.2499,-3.7204,18.2750,-42.9808,0.688,0.000,1.000,0.0000,0.0000,0
2026-05-06,13:01:03,56885,2,0.0000,0.0723,0.0754,2.2169,7.6285,0,1.0000,0,0,76.1871,-17.1277,-3.6843,7.4593,-55.7596,0.752,0.000,1.000,0.0000,0.0000,0
2026-05-06,13:01:03,56920,2,0.0000,0.0471,0.0706,2.0752,7.6282,0,1.0000,0,0,75.6708,-17.9940,-3.5715,5.0926,-73.5634,0.816,0.000,1.000,0.0000,0.0000,0
2026-05-06,13:01:03,56955,2,0.0000,-0.1003,0.0875,2.5738,7.6287,0,1.0000,0,0,74.9470,-24.7628,-3.4130,4.8811,-88.3037,0.880,0.000,1.000,0.0000,0.0000,0
2026-05-06,13:01:03,56990,2,0.0000,-0.0889,0.1005,2.9561,7.6294,0,1.0000,0,0,74.1985,-24.5102,-3.2138,5.6892,-99.6326,0.944,0.000,1.000,0.0000,0.0000,0
2026-05-06,13:01:03,57025,2,0.0000,0.0185,0.0978,2.8764,7.6295,0,1.0000,0,0,73.5457,-19.6179,-2.7747,10.2882,-109.2372,1.000,0.000,1.000,0.0000,0.0000,0
2026-05-06,13:01:03,57060,2,0.0000,0.1090,0.0862,2.5347,7.6291,0,1.0000,0,0,73.4484,-3.6575,-2.3602,10.6747,-104.1180,1.000,0.000,1.000,0.0000,0.0000,0
2026-05-06,13:01:03,57095,2,0.0000,0.0854,0.0733,2.1554,7.6282,0,1.0000,0,0,73.4926,-2.8391,-2.2611,5.4904,-102.2052,1.000,0.000,1.000,0.0000,0.0000,0
2026-05-06,13:01:03,57130,2,0.0000,0.0679,0.0606,1.7831,7.6276,0,1.0000,0,0,73.1046,-15.7941,-2.2182,2.6706,-112.9662,1.000,0.000,1.000,0.0000,0.0000,0
2026-05-06,13:01:03,57165,2,0.0000,0.1963,0.0320,0.9419,7.6265,0,1.0000,0,0,72.6579,-14.6270,-2.1710,1.9561,-122.0811,1.000,0.000,1.000,0.0000,0.0000,0
2026-05-06,13:01:03,57200,2,0.0000,0.0751,0.0260,0.7660,7.6258,0,1.0000,0,0,72.5491,-5.6700,-2.0571,3.0422,-129.8198,0.992,0.000,1.000,0.0000,0.0000,0
2026-05-06,13:01:03,57235,2,0.0000,-0.0152,0.0280,0.8230,7.6257,0,1.0000,0,0,72.3743,-8.5360,-1.8881,4.4243,-136.2880,0.984,0.000,1.000,0.0000,0.0000,0
2026-05-06,13:01:03,57270,2,0.0000,-0.1099,0.0422,1.2422,7.6262,0,1.0000,0,0,71.6709,-25.4005,-1.6717,6.0670,-142.0412,1.000,0.000,1.000,0.0000,0.0000,0
2026-05-06,13:01:03,57305,2,0.0000,-0.1178,0.0588,1.7280,7.6271,0,1.0000,0,0,70.9026,-22.1852,-1.4578,6.3360,-146.7240,1.000,0.000,1.000,0.0000,0.0000,0
2026-05-06,13:01:03,57345,2,0.0000,-0.0952,0.0837,2.4625,7.6284,0,1.0000,0,0,70.5871,-18.8310,-0.8709,10.3862,-147.0069,1.000,0.000,1.000,0.0000,0.0000,0
2026-05-06,13:01:03,57380,2,0.0000,0.0124,0.0799,2.3493,7.6285,0,1.0000,0,0,69.9446,-21.6104,-0.2729,13.2058,-142.4105,1.000,0.000,1.000,0.0000,0.0000,0
2026-05-06,13:01:03,57415,2,0.0000,0.0488,0.0740,2.1768,7.6283,0,1.0000,0,0,69.3853,-17.1999,-0.2483,3.1386,-94.0693,1.000,0.000,1.000,0.0000,0.0000,0
2026-05-06,13:01:03,57450,2,0.0000,0.0330,0.0693,2.0394,7.6280,0,1.0000,0,0,69.0626,-11.3738,-0.6319,-6.3530,-93.6926,1.000,0.000,1.000,0.0000,0.0000,0
2026-05-06,13:01:03,57485,2,0.0000,0.0154,0.0659,1.9380,7.6278,0,1.0000,0,0,68.6665,-13.7192,-0.8755,-7.1916,-105.5411,1.000,0.000,1.000,0.0000,0.0000,0
2026-05-06,13:01:03,57520,2,0.0000,-0.0057,0.0667,1.9610,7.6278,0,1.0000,0,0,68.2722,-12.4800,-1.0179,-5.3479,-115.9816,1.000,0.000,1.000,0.0000,0.0000,0
2026-05-06,13:01:03,57555,2,0.0000,0.0554,0.0589,1.7325,7.6276,0,1.0000,0,0,67.9506,-10.2234,-1.1470,-4.4025,-124.7215,1.000,0.000,1.000,0.0000,0.0000,0
2026-05-06,13:01:03,57590,2,0.0000,0.0848,0.0466,1.3698,7.6270,0,1.0000,0,0,67.7620,-6.4914,-1.1829,-2.1752,-132.0514,1.000,0.000,1.000,0.0000,0.0000,0
2026-05-06,13:01:03,57625,2,0.0000,0.0492,0.0427,1.2572,7.6267,0,1.0000,0,0,67.4826,-10.2331,-1.1515,0.0211,-138.5463,1.000,0.000,1.000,0.0000,0.0000,0
2026-05-06,13:01:03,57660,2,0.0000,0.0045,0.0405,1.1924,7.6264,0,1.0000,0,0,67.2803,-5.7224,-1.0371,2.5486,-143.9879,1.000,0.000,1.000,0.0000,0.0000,0
2026-05-06,13:01:03,57695,2,0.0000,-0.0130,0.0415,1.2208,7.6264,0,1.0000,0,0,67.2386,-2.4272,-0.8325,5.1757,-148.3897,1.000,0.000,1.000,0.0000,0.0000,0
2026-05-06,13:01:03,57731,2,0.0000,-0.0061,0.0437,1.2850,7.6265,0,1.0000,0,0,66.9496,-10.7938,-0.6298,6.0318,-152.4570,1.000,0.000,1.000,0.0000,0.0000,0
2026-05-06,13:01:04,57766,2,0.0000,-0.0028,0.0437,1.2855,7.6265,0,1.0000,0,0,66.6689,-7.0511,-0.4083,6.4942,-155.7999,1.000,0.000,1.000,0.0000,0.0000,0
2026-05-06,13:01:04,57801,2,0.0000,0.0069,0.0428,1.2579,7.6265,0,1.0000,0,0,66.7080,-0.5692,-0.2521,5.2192,-158.4601,0.992,0.000,1.000,0.0000,0.0000,0
2026-05-06,13:01:04,57836,2,0.0000,0.0117,0.0405,1.1925,7.6264,0,1.0000,0,0,66.4162,-10.3527,-0.1632,3.6988,-160.9839,1.000,0.000,1.000,0.0000,0.0000,0
2026-05-06,13:01:04,57871,2,0.0000,0.0151,0.0394,1.1574,7.6264,0,1.0000,0,0,66.3140,-1.1081,-0.0936,2.6054,-163.0201,1.000,0.000,1.000,0.0000,0.0000,0
2026-05-06,13:01:04,57907,2,0.0000,0.0160,0.0369,1.0852,7.6262,0,1.0000,0,0,66.3878,0.1385,-0.0401,2.0823,-164.6517,0.968,0.000,1.000,0.0000,0.0000,0
2026-05-06,13:01:04,57942,2,0.0000,0.0183,0.0334,0.9833,7.6261,0,1.0000,0,0,66.2161,-5.6467,0.0199,1.8187,-166.2411,0.936,0.000,1.000,0.0000,0.0000,0
2026-05-06,13:01:04,57978,2,0.0000,0.0048,0.0322,0.9470,7.6260,0,1.0000,0,0,66.2805,2.2453,0.0865,2.0713,-167.5237,0.904,0.000,1.000,0.0000,0.0000,0
2026-05-06,13:01:04,58013,2,0.0000,0.0245,0.0291,0.8566,7.6259,0,1.0000,0,0,66.3574,0.2987,0.1421,1.7418,-168.5047,0.872,0.000,1.000,0.0000,0.0000,0
2026-05-06,13:01:04,58048,2,0.0000,0.0279,0.0250,0.7347,7.6257,0,1.0000,0,0,66.3996,2.0036,0.2032,1.9216,-169.4519,0.840,0.000,1.000,0.0000,0.0000,0
2026-05-06,13:01:04,58083,2,0.0000,0.0354,0.0193,0.5668,7.6254,0,1.0000,0,0,66.9144,14.2244,0.3128,2.8813,-170.2413,0.808,0.000,1.000,0.0000,0.0000,0
2026-05-06,13:01:04,58118,2,0.0000,0.0324,0.0116,0.3417,7.6251,0,1.0000,0,0,67.3154,8.2137,0.3867,2.3485,-170.9055,0.776,0.000,1.000,0.0000,0.0000,0
2026-05-06,13:01:04,58153,2,0.0000,0.0021,0.0126,0.3711,7.6250,0,1.0000,0,0,67.4526,-0.1938,0.4287,1.6951,-171.6825,0.744,0.000,1.000,0.0000,0.0000,0
2026-05-06,13:01:04,58188,2,0.0000,0.0199,0.0098,0.2893,7.6248,0,1.0000,0,0,67.5712,-1.3796,0.4579,1.0769,-172.3115,0.712,0.000,0.999,0.0000,0.0000,0
2026-05-06,13:01:04,58223,2,0.0000,0.0187,0.0061,0.1781,7.6247,0,1.0000,0,0,67.3113,-13.3219,0.5319,2.0700,-172.7638,0.680,0.000,0.996,0.0000,0.0000,0
2026-05-06,13:01:04,58258,2,0.0000,0.0272,0.0058,0.1717,7.6246,0,1.0000,0,0,66.8863,-15.6959,0.6492,3.0280,-173.3209,0.648,0.000,0.993,0.0000,0.0000,0
2026-05-06,13:01:04,58292,2,0.0000,0.0021,0.0042,0.1231,7.6245,0,1.0000,0,0,67.6054,0.3800,0.6895,2.6222,-173.5080,0.632,0.000,0.991,0.0000,0.0000,0
2026-05-06,13:01:04,58327,2,0.0000,0.0101,0.0054,0.1597,7.6245,0,1.0000,0,0,67.0862,-23.2918,0.7133,1.1833,-173.9049,0.600,0.000,0.988,0.0000,0.0000,0
2026-05-06,13:01:04,58362,2,0.0000,-0.0031,0.0040,0.1184,7.6245,0,1.0000,0,0,66.2898,-30.8104,0.7079,0.3465,-174.3906,0.568,0.000,0.985,0.0000,0.0000,0
2026-05-06,13:01:04,58397,2,0.0000,-0.0120,0.0042,0.1231,7.6245,0,1.0000,0,0,65.2059,-39.5050,0.7471,0.8479,-174.7515,0.536,0.000,0.982,0.0000,0.0000,0
2026-05-06,13:01:04,58432,2,0.0000,-0.0069,0.0053,0.1550,7.6245,0,1.0000,0,0,63.7863,-46.5456,0.7343,-0.0997,-175.0488,0.504,0.000,0.978,0.0000,0.0000,0
2026-05-06,13:01:04,58467,2,0.0000,0.0001,0.0044,0.1305,7.6245,0,1.0000,0,0,62.5725,-39.4333,0.6603,-1.7157,-175.4593,0.472,0.000,0.975,0.0000,0.0000,0
2026-05-06,13:01:04,58502,2,0.0000,0.0090,0.0061,0.1808,7.6245,0,1.0000,0,0,61.3994,-38.9577,0.4539,-4.5551,-176.1069,0.440,0.000,0.972,0.0000,0.0000,0
2026-05-06,13:01:04,58537,2,0.0000,-0.0036,0.0062,0.1824,7.6245,0,1.0000,0,0,60.3232,-33.6117,0.2319,-5.5916,-176.6355,0.408,0.000,0.969,0.0000,0.0000,0
2026-05-06,13:01:04,58572,2,0.0000,-0.0070,0.0057,0.1672,7.6245,0,1.0000,0,0,59.5751,-24.4257,-0.0231,-6.5049,-177.1422,0.376,0.000,0.966,0.0000,0.0000,0
2026-05-06,13:01:04,58607,2,0.0000,0.0008,0.0058,0.1701,7.6245,0,1.0000,0,0,58.8069,-25.0146,-0.2409,-6.0534,-177.5717,0.344,0.000,0.962,0.0000,0.0000,0
2026-05-06,13:01:04,58642,2,0.0000,-0.0014,0.0060,0.1762,7.6246,0,1.0000,0,0,58.1202,-21.9890,-0.6060,-8.7682,-178.5221,0.312,0.000,0.959,0.0000,0.0000,0
2026-05-06,13:01:04,58677,2,0.0000,-0.0104,0.0058,0.1700,7.6246,0,1.0000,0,0,57.6292,-15.9843,-1.0625,-11.1180,-179.4236,0.280,0.000,0.956,0.0000,0.0000,0
2026-05-06,13:01:04,58712,2,0.0000,0.0042,0.0088,0.2591,7.6246,0,1.0000,0,0,57.1134,-17.9133,-1.6980,-14.9075,-167.9785,0.248,0.000,0.953,0.0000,0.0000,0
2026-05-06,13:01:04,58747,2,0.0000,-0.0010,0.0101,0.2970,7.6247,0,1.0000,0,0,56.6204,-15.7566,-2.4951,-18.8600,-158.1304,0.216,0.000,0.958,0.0000,0.0000,0
2026-05-06,13:01:05,58782,2,0.0000,-0.0408,0.0176,0.5170,7.6250,0,1.0000,0,0,56.1680,-16.7632,-3.3854,-21.9945,-129.3508,0.184,0.000,0.990,0.0000,0.0000,0
2026-05-06,13:01:05,58817,2,0.0000,0.0087,0.0140,0.4127,7.6251,0,1.0000,0,0,55.6232,-17.3580,-4.6943,-30.1205,-113.9606,0.152,0.000,1.000,0.0000,0.0000,0
2026-05-06,13:01:05,58853,2,0.0000,0.0008,0.0120,0.3516,7.6249,0,1.0000,0,0,55.3672,-6.3535,-5.7393,-25.5556,-125.2468,0.120,0.000,1.000,0.0000,0.0000,0
2026-05-06,13:01:05,58888,2,0.0000,-0.0032,0.0107,0.3143,7.6248,0,1.0000,0,0,55.2595,-5.3299,-6.1129,-13.3034,-133.8621,0.088,0.000,1.000,0.0000,0.0000,0
2026-05-06,13:01:05,58924,2,0.0000,-0.0161,0.0113,0.3316,7.6249,0,1.0000,0,0,54.9368,-9.3631,-6.2039,-4.4193,-141.2475,0.056,0.000,1.000,0.0000,0.0000,0
2026-05-06,13:01:05,58959,2,0.0000,-0.0108,0.0136,0.3986,7.6249,0,1.0000,0,0,54.9111,-0.8509,-6.4661,-5.8434,-148.0271,0.024,0.000,1.000,0.0000,0.0000,0
2026-05-06,13:01:05,58995,2,0.0000,-0.0044,0.0146,0.4299,7.6250,0,1.0000,0,0,54.7762,-6.2992,-7.1107,-12.4828,-154.2808,0.000,0.000,1.000,0.0000,0.0000,0
2026-05-06,13:01:05,59030,2,0.0000,0.0019,0.0132,0.3876,7.6250,0,1.0000,0,0,54.5565,-4.6013,-7.8038,-15.8946,-159.6370,0.000,0.000,1.000,0.0000,0.0000,0
2026-05-06,13:01:05,59065,2,0.0000,-0.0005,0.0140,0.4121,7.6250,0,1.0000,0,0,54.5821,-0.8210,-8.5518,-18.1099,-164.0684,0.000,0.000,1.000,0.0000,0.0000,0
2026-05-06,13:01:05,59101,2,0.0000,-0.0325,0.0199,0.5843,7.6252,0,1.0000,0,0,54.3035,-9.3418,-9.3258,-18.4203,-168.0326,0.000,0.000,1.000,0.0000,0.0000,0
2026-05-06,13:01:05,59136,2,0.0000,-0.0076,0.0214,0.6306,7.6253,0,1.0000,0,0,53.9668,-9.1518,-10.1347,-20.1452,-165.1531,0.000,0.000,1.000,0.0000,0.0000,0
2026-05-06,13:01:05,59171,2,0.0000,-0.0071,0.0222,0.6524,7.6253,0,1.0000,0,0,53.7341,-7.4204,-10.9654,-20.8612,-169.0100,0.000,0.000,1.000,0.0000,0.0000,0
2026-05-06,13:01:05,59212,2,0.0000,-0.0725,0.0291,0.8558,7.6256,0,1.0000,0,0,52.2258,-37.8727,-12.2256,-20.1719,-172.0973,0.016,0.000,1.000,0.0000,0.0000,0
2026-05-06,13:01:05,59247,2,0.0000,-0.1539,0.0534,1.5712,7.6266,0,1.0000,0,0,48.9789,-92.8140,-12.6554,-13.4495,-174.8338,0.080,0.000,1.000,0.0000,0.0000,0
2026-05-06,13:01:05,59282,2,0.0000,-0.1669,0.0699,2.0553,7.6276,0,1.0000,0,0,46.1510,-56.1958,-13.1820,-13.1836,-176.6815,0.144,0.000,1.000,0.0000,0.0000,0
2026-05-06,13:01:05,59318,2,0.0000,-0.0712,0.0867,2.5497,7.6287,0,1.0000,0,0,48.3535,97.3272,-13.5618,-9.7859,-174.5826,0.208,0.000,1.000,0.0000,0.0000,0
2026-05-06,13:01:05,59353,2,0.0000,0.0226,0.0825,2.4266,7.6287,0,1.0000,0,0,51.7336,95.7692,-13.7349,-6.4264,-175.2469,0.176,0.000,1.000,0.0000,0.0000,0
2026-05-06,13:01:05,59388,2,0.0000,0.0113,0.0831,2.4451,7.6287,0,1.0000,0,0,53.8774,68.3629,-14.0076,-7.1087,-176.1833,0.144,0.000,1.000,0.0000,0.0000,0
2026-05-06,13:01:05,59423,2,0.0000,0.0261,0.0783,2.3028,7.6285,0,1.0000,0,0,55.7778,63.9071,-14.3308,-8.7793,-177.2271,0.112,0.000,1.000,0.0000,0.0000,0
2026-05-06,13:01:05,59458,2,0.0000,0.0122,0.0782,2.2993,7.6283,0,1.0000,0,0,57.4565,50.4369,-14.9229,-14.5030,-178.5190,0.080,0.000,1.000,0.0000,0.0000,0
2026-05-06,13:01:05,59493,2,0.0000,-0.0052,0.0764,2.2463,7.6283,0,1.0000,0,0,58.4300,33.3805,-15.6710,-19.0804,-159.7402,0.048,0.000,1.000,0.0000,0.0000,0
2026-05-06,13:01:05,59528,2,0.0000,0.0104,0.0747,2.1974,7.6283,0,1.0000,0,0,59.6233,38.9540,-16.5526,-22.9222,-132.3705,0.016,0.000,1.000,0.0000,0.0000,0
2026-05-06,13:01:05,59563,2,0.0000,0.0279,0.0705,2.0725,7.6281,0,1.0000,0,0,60.4697,25.9060,-17.4561,-24.0481,-141.1697,0.000,0.000,1.000,0.0000,0.0000,0
2026-05-06,13:01:05,59598,2,0.0000,-0.0021,0.0710,2.0870,7.6280,0,1.0000,0,0,61.1325,23.1566,-18.2069,-21.5396,-148.7482,0.000,0.000,1.000,0.0000,0.0000,0
2026-05-06,13:01:05,59633,2,0.0000,-0.0473,0.0785,2.3099,7.6283,0,1.0000,0,0,61.9323,23.5970,-18.9387,-20.4275,-155.5937,0.000,0.000,1.000,0.0000,0.0000,0
2026-05-06,13:01:05,59668,2,0.0000,0.0075,0.0757,2.2263,7.6283,0,1.0000,0,0,62.1740,9.2496,-19.7500,-21.4067,-161.5785,0.000,0.000,1.000,0.0000,0.0000,0
2026-05-06,13:01:05,59703,2,0.0000,-0.0367,0.0808,2.3769,7.6285,0,1.0000,0,0,62.6984,18.6594,-20.5538,-21.4451,-166.5555,0.000,0.000,1.000,0.0000,0.0000,0
2026-05-06,13:01:05,59739,2,0.0000,0.0020,0.0807,2.3746,7.6285,0,1.0000,0,0,63.1020,10.0493,-21.3068,-19.8148,-170.5379,0.000,0.000,1.000,0.0000,0.0000,0
2026-05-06,13:01:06,59774,2,0.0000,0.0642,0.0720,2.1170,7.6283,0,1.0000,0,0,63.1419,4.3034,-21.8651,-15.9222,-173.0405,0.000,0.000,1.000,0.0000,0.0000,0
2026-05-06,13:01:06,59809,2,0.0000,0.1538,0.0526,1.5473,7.6274,0,1.0000,0,0,63.8148,21.6573,-22.1162,-9.3806,-174.1682,0.000,0.000,1.000,0.0000,0.0000,0
2026-05-06,13:01:06,59844,2,0.0000,0.0540,0.0342,1.0056,7.6262,0,1.0000,0,0,64.3065,13.3875,-22.2117,-4.4137,-174.9482,0.000,0.000,1.000,0.0000,0.0000,0
2026-05-06,13:01:06,59879,2,0.0000,-0.0180,0.0381,1.1194,7.6262,0,1.0000,0,0,64.7323,11.4735,-22.2414,-2.0940,-161.6701,0.000,0.000,1.000,0.0000,0.0000,0
2026-05-06,13:01:06,59914,2,0.0000,-0.1390,0.0573,1.6866,7.6269,0,1.0000,0,0,65.0667,9.5491,-22.6092,-8.3264,-112.9528,0.000,0.000,1.000,0.0000,0.0000,0
2026-05-06,13:01:06,59949,2,0.0000,-0.2120,0.0876,2.5762,7.6284,0,1.0000,0,0,64.4935,-20.2876,-23.7209,-23.7313,-73.4245,0.000,0.000,1.000,0.0000,0.0000,0
2026-05-06,13:01:06,59984,2,0.0000,-0.0056,0.0934,2.7482,7.6292,0,1.0000,0,0,63.7707,-15.7028,-25.2627,-35.7490,-47.7051,0.048,0.000,1.000,0.0000,0.0000,0
2026-05-06,13:01:06,60019,2,0.0000,-0.0469,0.0981,2.8854,7.6294,0,1.0000,0,0,64.1615,11.5870,-26.4862,-32.1558,-69.8745,0.064,0.000,1.000,0.0000,0.0000,0
2026-05-06,13:01:06,60055,2,0.0000,0.0036,0.0966,2.8402,7.6295,0,1.0000,0,0,64.2635,2.3855,-26.7695,-12.7321,-86.8348,0.032,0.000,1.000,0.0000,0.0000,0
2026-05-06,13:01:06,60090,2,0.0000,0.0189,0.0959,2.8214,7.6294,0,1.0000,0,0,64.4484,9.3605,-26.3092,5.6528,-99.7006,0.000,0.000,1.000,0.0000,0.0000,0
2026-05-06,13:01:06,60123,2,0.0000,0.0538,0.0887,2.6094,7.6292,0,1.0000,0,0,64.8155,10.1650,-26.1662,5.4380,-102.9159,0.000,0.000,1.000,0.0000,0.0000,0
2026-05-06,13:01:06,60158,2,0.0000,0.0307,0.0791,2.3260,7.6286,0,1.0000,0,0,65.7002,22.3105,-25.8577,7.5997,-60.9784,0.000,0.000,1.000,0.0000,0.0000,0
2026-05-06,13:01:06,60193,2,0.0000,-0.0102,0.0827,2.4324,7.6286,0,1.0000,0,0,66.1629,9.8502,-25.9384,0.6622,-26.0686,0.000,0.000,1.000,0.0000,0.0000,0
2026-05-06,13:01:06,60229,2,0.0000,-0.0781,0.0969,2.8501,7.6292,0,1.0000,0,0,65.8471,-10.6069,-26.7290,-14.8841,1.0424,0.000,0.000,1.000,0.0000,0.0000,0
2026-05-06,13:01:06,60264,2,0.0000,-0.1454,0.1178,3.4655,7.6301,0,1.0000,0,0,65.3922,-12.6087,-28.0877,-29.6556,22.3180,0.000,0.000,1.000,0.0000,0.0000,0
2026-05-06,13:01:06,60299,2,0.0000,-0.1183,0.1481,4.3547,7.6316,0,1.0000,0,0,65.1698,-8.0488,-29.5303,-34.5320,7.3339,0.048,0.000,1.000,0.0000,0.0000,0
2026-05-06,13:01:06,60334,2,0.0000,0.0283,0.1355,3.9852,7.6315,0,1.0000,0,0,65.0417,-2.0700,-30.1361,-19.7652,-21.1099,0.112,0.000,1.000,0.0000,0.0000,0
2026-05-06,13:01:06,60369,2,0.0000,0.0502,0.1295,3.8101,7.6313,0,1.0000,0,0,65.4129,7.8431,-29.7877,1.6574,-43.8002,0.080,0.000,1.000,0.0000,0.0000,0
2026-05-06,13:01:06,60404,2,0.0000,0.0493,0.1203,3.5381,7.6308,0,1.0000,0,0,65.8343,12.3786,-29.3296,9.2789,-23.8485,0.048,0.000,1.000,0.0000,0.0000,0
2026-05-06,13:01:06,60439,2,0.0000,0.1594,0.0993,2.9214,7.6299,0,1.0000,0,0,66.1361,5.8141,-29.1328,6.8377,5.9768,0.016,0.000,1.000,0.0000,0.0000,0
2026-05-06,13:01:06,60474,2,0.0000,-0.0128,0.0961,2.8272,7.6294,0,1.0000,0,0,65.9640,-7.2462,-29.3276,-1.2366,30.2281,0.000,0.000,1.000,0.0000,0.0000,0
2026-05-06,13:01:06,60509,2,0.0000,-0.1910,0.1226,3.6067,7.6303,0,1.0000,0,0,65.5498,-18.6362,-29.9882,-12.4338,49.1881,0.000,0.000,1.000,0.0000,0.0000,0
2026-05-06,13:01:06,60544,2,0.0000,-0.0388,0.1302,3.8295,7.6312,0,1.0000,0,0,64.6575,-26.6505,-30.9128,-19.8141,51.3132,0.064,0.000,1.000,0.0000,0.0000,0
2026-05-06,13:01:06,60579,2,0.0000,0.1647,0.1104,3.2481,7.6305,0,1.0000,0,0,64.7349,4.8155,-31.4443,-13.8722,16.1309,0.128,0.000,1.000,0.0000,0.0000,0
2026-05-06,13:01:06,60614,2,0.0000,0.2483,0.0726,2.1351,7.6286,0,1.0000,0,0,65.2433,10.1663,-31.1417,3.4470,-12.7253,0.120,0.000,1.000,0.0000,0.0000,0
2026-05-06,13:01:06,60649,2,0.0000,0.1652,0.0529,1.5551,7.6275,0,1.0000,0,0,65.5629,6.6202,-30.5177,13.2288,-4.0935,0.088,0.000,1.000,0.0000,0.0000,0
2026-05-06,13:01:06,60684,2,0.0000,0.0546,0.0345,1.0143,7.6263,0,1.0000,0,0,65.5991,-4.5820,-30.2201,10.3816,-30.1234,0.056,0.000,1.000,0.0000,0.0000,0
2026-05-06,13:01:06,60719,2,0.0000,0.0198,0.0359,1.0552,7.6262,0,1.0000,0,0,65.0766,-19.2678,-30.0767,6.1034,-24.7176,0.048,0.000,1.000,0.0000,0.0000,0
2026-05-06,13:01:06,60754,2,0.0000,-0.0171,0.0394,1.1589,7.6263,0,1.0000,0,0,64.3599,-24.1650,-30.1515,0.2792,5.2280,0.112,0.000,1.000,0.0000,0.0000,0
2026-05-06,13:01:07,60789,2,0.0000,-0.1032,0.0524,1.5420,7.6268,0,1.0000,0,0,63.7893,-19.4201,-30.5596,-8.1892,30.0709,0.176,0.000,1.000,0.0000,0.0000,0
2026-05-06,13:01:07,60824,2,0.0000,-0.2942,0.0923,2.7147,7.6285,0,1.0000,0,0,62.9228,-28.5490,-31.5236,-20.8468,49.1645,0.240,0.000,1.000,0.0000,0.0000,0
2026-05-06,13:01:07,60859,2,0.0000,-0.0025,0.0909,2.6736,7.6292,0,1.0000,0,0,62.0366,-28.6154,-32.7871,-29.2487,51.1639,0.304,0.000,1.000,0.0000,0.0000,0
2026-05-06,13:01:07,60894,2,0.0000,0.0499,0.0853,2.5091,7.6290,0,1.0000,0,0,61.2835,-22.8394,-33.2728,-15.5054,16.5151,0.368,0.000,1.000,0.0000,0.0000,0
2026-05-06,13:01:07,60929,2,0.0000,0.0907,0.0738,2.1692,7.6284,0,1.0000,0,0,61.0471,-6.9847,-32.6071,9.5943,2.1381,0.432,0.000,1.000,0.0000,0.0000,0
2026-05-06,13:01:07,60964,2,0.0000,0.0438,0.0675,1.9848,7.6279,0,1.0000,0,0,61.0195,-2.6967,-31.8936,16.9056,28.3203,0.496,0.000,1.000,0.0000,0.0000,0
2026-05-06,13:01:07,60999,2,0.0000,0.0816,0.0549,1.6134,7.6274,0,1.0000,0,0,60.7212,-9.5747,-31.4846,13.9547,3.5535,0.560,0.000,1.000,0.0000,0.0000,0
2026-05-06,13:01:07,61034,2,0.0000,0.1072,0.0364,1.0716,7.6265,0,1.0000,0,0,60.6169,-3.0704,-31.2309,9.7475,17.0526,0.624,0.000,1.000,0.0000,0.0000,0
2026-05-06,13:01:07,61074,2,0.0000,0.0345,0.0312,0.9182,7.6261,0,1.0000,0,0,60.8373,2.6356,-31.1386,7.1987,15.3440,0.648,0.000,1.000,0.0000,0.0000,0
2026-05-06,13:01:07,61110,2,0.0000,0.0097,0.0278,0.8173,7.6260,0,1.0000,0,0,60.9286,0.2081,-31.0318,4.5849,27.0355,0.616,0.000,1.000,0.0000,0.0000,0
2026-05-06,13:01:07,61146,2,0.0000,-0.0019,0.0332,0.9752,7.6260,0,1.0000,0,0,61.0311,0.6729,-31.0048,1.8977,49.7125,0.584,0.000,1.000,0.0000,0.0000,0
2026-05-06,13:01:07,61182,2,0.0000,-0.0284,0.0363,1.0665,7.6261,0,1.0000,0,0,60.8714,-8.1966,-31.0607,-0.5845,48.6894,0.552,0.000,1.000,0.0000,0.0000,0
2026-05-06,13:01:07,61217,2,0.0000,-0.0256,0.0397,1.1669,7.6263,0,1.0000,0,0,60.3085,-18.3118,-31.1036,-1.1267,61.8639,0.592,0.000,1.000,0.0000,0.0000,0
2026-05-06,13:01:07,61252,2,0.0000,-0.0036,0.0418,1.2292,7.6265,0,1.0000,0,0,59.8474,-14.3324,-31.2061,-2.7431,79.2022,0.656,0.000,1.000,0.0000,0.0000,0
2026-05-06,13:01:07,61287,2,0.0000,-0.0065,0.0434,1.2755,7.6266,0,1.0000,0,0,59.5922,-8.8981,-31.4095,-4.9648,93.7914,0.720,0.000,1.000,0.0000,0.0000,0
2026-05-06,13:01:07,61322,2,0.0000,0.0042,0.0446,1.3124,7.6266,0,1.0000,0,0,59.2039,-12.6658,-31.6200,-5.6427,59.0776,0.784,0.000,1.000,0.0000,0.0000,0
2026-05-06,13:01:07,61358,2,0.0000,0.0075,0.0431,1.2668,7.6265,0,1.0000,0,0,59.0302,-5.5291,-31.6993,-3.4518,37.2703,0.848,0.000,1.000,0.0000,0.0000,0
2026-05-06,13:01:07,61393,2,0.0000,0.0002,0.0421,1.2386,7.6265,0,1.0000,0,0,58.8985,-6.0034,-31.7477,-2.1393,58.4037,0.912,0.000,1.000,0.0000,0.0000,0
2026-05-06,13:01:07,61428,2,0.0000,0.0012,0.0409,1.2023,7.6264,0,1.0000,0,0,58.5975,-8.5658,-31.7391,-0.5555,76.3980,0.976,0.000,1.000,0.0000,0.0000,0
2026-05-06,13:01:07,61464,2,0.0000,-0.0046,0.0419,1.2311,7.6264,0,1.0000,0,0,58.6280,0.8133,-31.7492,-0.4638,91.5639,0.992,0.000,1.000,0.0000,0.0000,0
2026-05-06,13:01:07,61499,2,0.0000,-0.0138,0.0421,1.2389,7.6265,0,1.0000,0,0,58.4807,-7.2828,-31.8344,-1.7034,104.1664,0.960,0.000,0.997,0.0000,0.0000,0
2026-05-06,13:01:07,61534,2,0.0000,-0.0007,0.0428,1.2581,7.6265,0,1.0000,0,0,58.1577,-8.0813,-31.9764,-3.1605,114.8302,1.000,0.000,0.994,0.0000,0.0000,0
2026-05-06,13:01:07,61569,2,0.0000,0.0070,0.0412,1.2110,7.6265,0,1.0000,0,0,58.2842,4.1883,-32.0998,-2.9259,90.9742,0.984,0.000,0.990,0.0000,0.0000,0
2026-05-06,13:01:07,61604,2,0.0000,-0.0058,0.0418,1.2298,7.6265,0,1.0000,0,0,58.1802,-5.5932,-32.2418,-3.5522,83.0059,0.952,0.000,0.987,0.0000,0.0000,0
2026-05-06,13:01:07,61639,2,0.0000,-0.0089,0.0428,1.2574,7.6265,0,1.0000,0,0,57.9396,-5.5158,-32.3583,-3.1142,50.0303,0.920,0.000,0.984,0.0000,0.0000,0
2026-05-06,13:01:07,61674,2,0.0000,0.0206,0.0418,1.2290,7.6264,0,1.0000,0,0,58.0802,4.5680,-32.3720,-1.1117,29.2480,0.888,0.000,0.981,0.0000,0.0000,0
2026-05-06,13:01:07,61710,2,0.0000,0.0025,0.0418,1.2293,7.6264,0,1.0000,0,0,57.9699,-4.9693,-32.2978,1.3836,45.2041,0.856,0.000,0.978,0.0000,0.0000,0
2026-05-06,13:01:07,61745,2,0.0000,0.0240,0.0378,1.1116,7.6263,0,1.0000,0,0,57.8356,-2.3187,-32.1933,2.5606,31.9968,0.824,0.000,0.974,0.0000,0.0000,0
2026-05-06,13:01:08,61780,2,0.0000,0.0123,0.0385,1.1325,7.6263,0,1.0000,0,0,57.9978,3.9554,-32.1008,2.7083,53.9235,0.792,0.000,0.971,0.0000,0.0000,0
2026-05-06,13:01:08,61815,2,0.0000,-0.0011,0.0365,1.0738,7.6262,0,1.0000,0,0,57.9076,-3.7573,-32.0507,1.8177,72.5621,0.760,0.000,0.968,0.0000,0.0000,0
2026-05-06,13:01:08,61850,2,0.0000,-0.0018,0.0366,1.0774,7.6262,0,1.0000,0,0,57.8245,-1.1611,-32.0069,1.5065,74.7809,0.728,0.000,0.965,0.0000,0.0000,0
2026-05-06,13:01:08,61885,2,0.0000,-0.0034,0.0366,1.0764,7.6262,0,1.0000,0,0,57.9772,3.5208,-31.9881,0.8498,90.2548,0.696,0.000,0.962,0.0000,0.0000,0
2026-05-06,13:01:08,61921,2,0.0000,0.0054,0.0366,1.0773,7.6262,0,1.0000,0,0,57.9074,-3.1365,-31.9879,0.3570,103.2796,0.664,0.000,0.958,0.0000,0.0000,0
2026-05-06,13:01:08,61956,2,0.0000,-0.0595,0.0472,1.3872,7.6265,0,1.0000,0,0,57.8814,-0.1720,-32.1295,-2.7207,113.6545,0.632,0.000,0.955,0.0000,0.0000,0
2026-05-06,13:01:08,61991,2,0.0000,-0.1335,0.0651,1.9142,7.6273,0,1.0000,0,0,57.2260,-24.2583,-32.7300,-12.1836,121.4268,0.624,0.000,0.952,0.0000,0.0000,0
2026-05-06,13:01:08,62030,2,0.0000,-0.0039,0.0684,2.0129,7.6279,0,1.0000,0,0,56.0583,-27.4948,-33.7368,-16.6410,108.7922,0.672,0.000,0.950,0.0000,0.0000,0
2026-05-06,13:01:08,62065,2,0.0000,0.1245,0.0527,1.5490,7.6273,0,1.0000,0,0,56.6468,19.3570,-33.6491,-1.0199,66.2879,0.712,0.000,0.946,0.0000,0.0000,0
2026-05-06,13:01:08,62100,2,0.0000,0.0888,0.0304,0.8939,7.6261,0,1.0000,0,0,57.4633,23.0958,-32.9978,12.5811,70.6060,0.680,0.000,0.978,0.0000,0.0000,0
2026-05-06,13:01:08,62135,2,0.0000,0.0692,0.0227,0.6691,7.6257,0,1.0000,0,0,57.8160,11.3578,-32.5112,14.0022,79.3933,0.648,0.000,1.000,0.0000,0.0000,0
2026-05-06,13:01:08,62170,2,0.0000,0.0613,0.0147,0.4317,7.6252,0,1.0000,0,0,58.3042,15.9480,-32.1673,11.8327,40.8257,0.616,0.000,1.000,0.0000,0.0000,0
2026-05-06,13:01:08,62205,2,0.0000,0.0512,0.0048,0.1419,7.6246,0,1.0000,0,0,58.9130,18.4280,-31.8942,9.6001,55.0040,0.584,0.000,0.998,0.0000,0.0000,0
2026-05-06,13:01:08,62240,2,0.0000,0.0073,0.0037,0.1078,7.6245,0,1.0000,0,0,59.6162,20.8314,-31.6718,7.8129,59.0737,0.552,0.000,0.994,0.0000,0.0000,0
2026-05-06,13:01:08,62275,2,0.0000,0.0036,0.0036,0.1065,7.6245,0,1.0000,0,0,60.2735,15.0312,-31.4575,7.0246,23.5359,0.520,0.000,0.991,0.0000,0.0000,0
2026-05-06,13:01:08,62311,2,0.0000,-0.0043,0.0035,0.1018,7.6245,0,1.0000,0,0,60.4411,-0.5183,-31.3020,5.4725,46.5149,0.488,0.000,0.988,0.0000,0.0000,0
2026-05-06,13:01:08,62346,2,0.0000,-0.0008,0.0035,0.1018,7.6245,0,1.0000,0,0,60.2234,-9.6883,-31.2112,3.6183,51.9652,0.456,0.000,0.985,0.0000,0.0000,0
2026-05-06,13:01:08,62382,2,0.0000,0.0021,0.0048,0.1397,7.6245,0,1.0000,0,0,59.8335,-14.1092,-31.1644,2.1632,31.5977,0.424,0.000,0.982,0.0000,0.0000,0
2026-05-06,13:01:08,62417,2,0.0000,-0.0080,0.0042,0.1231,7.6245,0,1.0000,0,0,59.3658,-16.4471,-31.1362,1.1493,53.3488,0.392,0.000,0.978,0.0000,0.0000,0
2026-05-06,13:01:08,62452,2,0.0000,-0.0024,0.0047,0.1384,7.6245,0,1.0000,0,0,58.9561,-13.5587,-31.1229,0.6344,44.2278,0.360,0.000,0.975,0.0000,0.0000,0
2026-05-06,13:01:08,62487,2,0.0000,0.0025,0.0044,0.1291,7.6245,0,1.0000,0,0,58.6449,-11.2598,-31.1719,-0.9252,38.6224,0.328,0.000,0.972,0.0000,0.0000,0
2026-05-06,13:01:08,62523,2,0.0000,-0.0055,0.0039,0.1138,7.6245,0,1.0000,0,0,58.4020,-8.7859,-31.2251,-1.3456,59.3811,0.296,0.000,0.969,0.0000,0.0000,0
2026-05-06,13:01:08,62558,2,0.0000,0.0100,0.0029,0.0865,7.6245,0,1.0000,0,0,58.3254,-3.5464,-31.2198,-0.3143,42.7372,0.264,0.000,0.966,0.0000,0.0000,0
2026-05-06,13:01:08,62593,2,0.0000,-0.0099,0.0053,0.1564,7.6245,0,1.0000,0,0,58.3574,-1.9858,-31.1880,0.4650,37.1945,0.232,0.000,0.962,0.0000,0.0000,0
2026-05-06,13:01:08,62629,2,0.0000,0.0104,0.0045,0.1337,7.6245,0,1.0000,0,0,58.3491,-5.1836,-31.1543,0.5381,58.2739,0.200,0.000,0.959,0.0000,0.0000,0
2026-05-06,13:01:08,62664,2,0.0000,0.0009,0.0049,0.1444,7.6245,0,1.0000,0,0,58.1181,-10.8529,-31.2152,-1.1679,62.9031,0.168,0.000,0.956,0.0000,0.0000,0
2026-05-06,13:01:08,62699,2,0.0000,0.0002,0.0035,0.1018,7.6245,0,1.0000,0,0,57.8886,-10.4281,-31.2728,-1.7072,80.1087,0.136,0.000,0.953,0.0000,0.0000,0
2026-05-06,13:01:08,62734,2,0.0000,0.0023,0.0043,0.1277,7.6245,0,1.0000,0,0,57.4319,-18.7272,-31.3493,-2.3369,94.7943,0.104,0.000,0.950,0.0000,0.0000,0
2026-05-06,13:01:09,62769,2,0.0000,-0.0051,0.0051,0.1504,7.6245,0,1.0000,0,0,56.8577,-19.8342,-31.4430,-2.6673,94.5157,0.072,0.000,0.946,0.0000,0.0000,0
2026-05-06,13:01:09,62804,2,0.0000,-0.0135,0.0045,0.1337,7.6245,0,1.0000,0,0,56.2477,-22.5192,-31.5299,-2.8501,107.0704,0.040,0.000,0.943,0.0000,0.0000,0
2026-05-06,13:01:09,62840,2,0.0000,-0.0067,0.0057,0.1671,7.6245,0,1.0000,0,0,55.4279,-28.0476,-31.6138,-3.0249,117.8633,0.008,0.000,0.940,0.0000,0.0000,0
2026-05-06,13:01:09,62875,2,0.0000,0.0025,0.0042,0.1245,7.6245,0,1.0000,0,0,54.6249,-25.4318,-31.7292,-3.6066,127.0208,0.000,0.000,0.937,0.0000,0.0000,0
2026-05-06,13:01:09,62911,2,0.0000,-0.0012,0.0049,0.1444,7.6245,0,1.0000,0,0,54.0157,-20.0640,-31.8315,-3.4494,134.8111,0.000,0.000,0.934,0.0000,0.0000,0
2026-05-06,13:01:09,62951,2,0.0000,-0.0085,0.0064,0.1885,7.6246,0,1.0000,0,0,53.7059,-17.4953,-31.6761,-1.1858,110.7087,0.000,0.000,0.931,0.0000,0.0000,0
2026-05-06,13:01:09,62986,2,0.0000,-0.0147,0.0083,0.2438,7.6247,0,1.0000,0,0,53.0642,-19.8205,-31.2831,7.5295,68.6425,0.000,0.000,0.928,0.0000,0.0000,0
2026-05-06,13:01:09,63021,2,0.0000,-0.0412,0.0139,0.4092,7.6249,0,1.0000,0,0,51.3939,-58.1614,-29.9983,26.4287,34.7552,0.000,0.000,0.951,0.0000,0.0000,0
2026-05-06,13:01:09,63056,2,0.0000,0.0041,0.0136,0.3991,7.6249,0,1.0000,0,0,49.4562,-43.1056,-28.0493,42.3653,20.9252,0.000,0.000,0.983,0.0000,0.0000,0
2026-05-06,13:01:09,63092,2,0.0000,0.0112,0.0113,0.3337,7.6249,0,1.0000,0,0,50.1364,18.4717,-26.7526,32.3248,46.7962,0.000,0.000,1.000,0.0000,0.0000,0
2026-05-06,13:01:09,63127,2,0.0000,0.0231,0.0065,0.1908,7.6247,0,1.0000,0,0,50.7223,15.4834,-26.6175,9.0717,67.4155,0.000,0.000,0.997,0.0000,0.0000,0
2026-05-06,13:01:09,63162,2,0.0000,0.0274,0.0048,0.1415,7.6245,0,1.0000,0,0,51.1800,16.7103,-27.3517,-14.3714,83.8946,0.000,0.000,0.994,0.0000,0.0000,0
2026-05-06,13:01:09,63198,2,0.0000,-0.0006,0.0035,0.1031,7.6245,0,1.0000,0,0,52.4638,38.1116,-28.5040,-28.4007,97.5948,0.000,0.000,0.990,0.0000,0.0000,0
2026-05-06,13:01:09,63233,2,0.0000,-0.0151,0.0048,0.1397,7.6245,0,1.0000,0,0,53.4624,24.3369,-29.3195,-26.1619,75.1697,0.000,0.000,0.987,0.0000,0.0000,0
2026-05-06,13:01:09,63268,2,0.0000,0.0082,0.0035,0.1030,7.6244,0,1.0000,0,0,54.2062,19.9240,-29.8595,-19.9236,64.9227,0.000,0.000,0.984,0.0000,0.0000,0
2026-05-06,13:01:09,63304,2,0.0000,-0.0002,0.0035,0.1018,7.6244,0,1.0000,0,0,55.1080,16.6455,-30.2419,-15.0082,81.7919,0.000,0.000,0.981,0.0000,0.0000,0
2026-05-06,13:01:09,63339,2,0.0000,-0.0008,0.0039,0.1137,7.6244,0,1.0000,0,0,54.7992,-18.9144,-30.5905,-12.4959,75.1485,0.000,0.000,0.978,0.0000,0.0000,0
2026-05-06,13:01:09,63374,2,0.0000,0.0068,0.0027,0.0805,7.6244,0,1.0000,0,0,53.8514,-34.0355,-30.9068,-10.9616,90.6281,0.000,0.000,0.974,0.0000,0.0000,0
2026-05-06,13:01:09,63410,2,0.0000,-0.0004,0.0035,0.1018,7.6245,0,1.0000,0,0,52.6564,-40.9608,-31.2487,-11.0314,103.7441,0.000,0.000,0.971,0.0000,0.0000,0
2026-05-06,13:01:09,63445,2,0.0000,-0.0058,0.0042,0.1231,7.6245,0,1.0000,0,0,51.2754,-45.2198,-31.5793,-10.6688,93.8402,0.000,0.000,0.968,0.0000,0.0000,0
2026-05-06,13:01:09,63480,2,0.0000,0.0063,0.0024,0.0698,7.6245,0,1.0000,0,0,50.1641,-34.7439,-31.8642,-9.4005,100.2781,0.000,0.000,0.965,0.0000,0.0000,0
2026-05-06,13:01:09,63515,2,0.0000,-0.0062,0.0035,0.1018,7.6245,0,1.0000,0,0,49.3650,-27.0227,-32.0386,-6.8178,111.9278,0.000,0.000,0.962,0.0000,0.0000,0
2026-05-06,13:01:09,63550,2,0.0000,0.0034,0.0046,0.1350,7.6245,0,1.0000,0,0,48.4409,-30.2667,-32.1782,-5.2739,108.0056,0.000,0.000,0.958,0.0000,0.0000,0
2026-05-06,13:01:09,63585,2,0.0000,0.0033,0.0044,0.1304,7.6245,0,1.0000,0,0,47.7536,-21.0856,-32.2725,-3.8550,105.9270,0.000,0.000,0.955,0.0000,0.0000,0
2026-05-06,13:01:09,63620,2,0.0000,0.0039,0.0040,0.1171,7.6245,0,1.0000,0,0,47.2557,-17.6275,-32.3121,-2.1611,116.7517,0.000,0.000,0.952,0.0000,0.0000,0
2026-05-06,13:01:09,63655,2,0.0000,-0.0148,0.0044,0.1291,7.6245,0,1.0000,0,0,46.6434,-19.8737,-32.3240,-0.8543,112.3858,0.000,0.000,0.949,0.0000,0.0000,0
2026-05-06,13:01:09,63690,2,0.0000,-0.0100,0.0050,0.1458,7.6245,0,1.0000,0,0,46.2359,-12.9266,-32.2466,1.1388,122.3806,0.000,0.000,0.946,0.0000,0.0000,0
2026-05-06,13:01:09,63725,2,0.0000,0.0017,0.0039,0.1139,7.6245,0,1.0000,0,0,45.9694,-10.0940,-32.1828,1.4231,123.6779,0.000,0.000,0.942,0.0000,0.0000,0
2026-05-06,13:01:10,63760,2,0.0000,-0.0100,0.0051,0.1489,7.6245,0,1.0000,0,0,45.5644,-12.7686,-32.1034,1.7882,78.5902,0.000,0.000,0.939,0.0000,0.0000,0
2026-05-06,13:01:10,63795,2,0.0000,-0.0060,0.0054,0.1576,7.6246,0,1.0000,0,0,45.3060,-8.1241,-31.6655,9.4211,41.2266,0.000,0.000,0.936,0.0000,0.0000,0
2026-05-06,13:01:10,63830,2,0.0000,-0.0205,0.0107,0.3159,7.6247,0,1.0000,0,0,44.8289,-19.9763,-29.9866,35.5135,12.0655,0.000,0.000,0.942,0.0000,0.0000,0
2026-05-06,13:01:10,63870,2,0.0000,-0.1673,0.0312,0.9177,7.6255,0,1.0000,0,0,40.4060,-127.9943,-23.8786,79.7852,5.4084,0.016,0.000,0.966,0.0000,0.0000,0
2026-05-06,13:01:10,63905,2,0.0000,-0.2033,0.0659,1.9368,7.6273,0,1.0000,0,0,27.2659,-380.0451,-16.1323,165.4164,-5.8417,0.080,0.000,0.998,0.0000,0.0000,0
2026-05-06,13:01:10,63941,2,0.0000,-0.0262,0.0774,2.2777,7.6285,0,1.0000,0,0,21.2177,-106.6806,-10.2552,135.8425,32.8286,0.144,0.000,1.000,0.0000,0.0000,0
2026-05-06,13:01:10,63976,2,0.0000,-0.0104,0.0778,2.2895,7.6285,0,1.0000,0,0,25.4985,115.8062,-12.7992,-22.5185,49.0052,0.208,0.000,1.000,0.0000,0.0000,0
2026-05-06,13:01:10,64011,2,0.0000,-0.0692,0.0852,2.5064,7.6286,0,1.0000,0,0,29.7261,120.3897,-22.0000,-186.1593,50.3391,0.224,0.000,1.000,0.0000,0.0000,0
2026-05-06,13:01:10,64046,2,0.0000,-0.0909,0.1011,2.9727,7.6294,0,1.0000,0,0,32.1156,54.3331,-30.6617,-211.7348,15.5606,0.192,0.000,1.000,0.0000,0.0000,0
2026-05-06,13:01:10,64081,2,0.0000,0.0030,0.0976,2.8709,7.6295,0,1.0000,0,0,31.7653,4.4576,-30.1092,-44.8454,-7.8171,0.160,0.000,1.000,0.0000,0.0000,0
2026-05-06,13:01:10,64117,2,0.0000,-0.0049,0.0991,2.9147,7.6294,0,1.0000,0,0,34.6664,100.9717,-23.6636,102.3842,-18.8136,0.128,0.000,1.000,0.0000,0.0000,0
2026-05-06,13:01:10,64152,2,0.0000,-0.0002,0.0959,2.8214,7.6294,0,1.0000,0,0,37.3407,74.6798,-19.0711,110.8413,16.4984,0.096,0.000,1.000,0.0000,0.0000,0
2026-05-06,13:01:10,64187,2,0.0000,-0.0013,0.0946,2.7836,7.6294,0,1.0000,0,0,39.4685,77.5300,-19.1536,28.0372,37.3554,0.064,0.000,1.000,0.0000,0.0000,0
2026-05-06,13:01:10,64223,2,0.0000,0.1020,0.0799,2.3491,7.6288,0,1.0000,0,0,42.3631,89.4146,-21.5858,-35.5242,40.6044,0.032,0.000,1.000,0.0000,0.0000,0
2026-05-06,13:01:10,64258,2,0.0000,0.3497,0.0379,1.1153,7.6271,0,1.0000,0,0,45.1546,92.7502,-23.3520,-42.5170,6.1706,0.000,0.000,1.000,0.0000,0.0000,0
2026-05-06,13:01:10,64293,2,0.0000,0.1219,0.0137,0.4026,7.6253,0,1.0000,0,0,48.6356,106.8507,-23.8951,-22.5668,-21.7998,0.000,0.000,1.000,0.0000,0.0000,0
2026-05-06,13:01:10,64329,2,0.0000,0.0142,0.0121,0.3555,7.6249,0,1.0000,0,0,51.7017,84.5618,-23.6563,-2.0084,-44.4494,0.000,0.000,1.000,0.0000,0.0000,0
2026-05-06,13:01:10,64364,2,0.0000,-0.0766,0.0202,0.5945,7.6251,0,1.0000,0,0,53.0510,32.2551,-23.1527,9.2809,-64.0387,0.000,0.000,1.000,0.0000,0.0000,0
2026-05-06,13:01:10,64399,2,0.0000,-0.2835,0.0569,1.6728,7.6265,0,1.0000,0,0,53.1598,8.3014,-22.1720,22.9338,-78.7230,0.000,0.000,1.000,0.0000,0.0000,0
2026-05-06,13:01:10,64434,2,0.0000,-0.2603,0.0964,2.8339,7.6287,0,1.0000,0,0,52.2583,-33.8697,-19.7785,53.6055,-86.8432,0.000,0.000,1.000,0.0000,0.0000,0
2026-05-06,13:01:10,64469,2,0.0000,0.0366,0.0864,2.5425,7.6289,0,1.0000,0,0,51.1821,-27.8055,-16.5129,74.0318,-66.7190,0.032,0.000,1.000,0.0000,0.0000,0
2026-05-06,13:01:10,64504,2,0.0000,0.0547,0.0764,2.2460,7.6285,0,1.0000,0,0,51.3626,7.0042,-15.6478,33.0987,-30.7924,0.096,0.000,1.000,0.0000,0.0000,0
2026-05-06,13:01:10,64539,2,0.0000,0.0165,0.0720,2.1175,7.6281,0,1.0000,0,0,51.8992,13.1830,-17.5730,-28.6136,-3.2846,0.064,0.000,1.000,0.0000,0.0000,0
2026-05-06,13:01:10,64574,2,0.0000,-0.0069,0.0729,2.1455,7.6281,0,1.0000,0,0,51.6794,-6.1256,-20.3884,-62.0189,-0.7771,0.032,0.000,1.000,0.0000,0.0000,0
2026-05-06,13:01:10,64609,2,0.0000,-0.0380,0.0790,2.3249,7.6284,0,1.0000,0,0,52.0466,13.5676,-21.8029,-42.9347,-27.5812,0.000,0.000,1.000,0.0000,0.0000,0
2026-05-06,13:01:10,64644,2,0.0000,0.0030,0.0776,2.2829,7.6284,0,1.0000,0,0,52.2715,3.7212,-21.0027,1.9488,-47.7356,0.000,0.000,1.000,0.0000,0.0000,0
2026-05-06,13:01:10,64679,2,0.0000,-0.0121,0.0766,2.2542,7.6284,0,1.0000,0,0,52.4519,9.7131,-19.9242,20.1006,-51.6908,0.000,0.000,1.000,0.0000,0.0000,0
2026-05-06,13:01:10,64714,2,0.0000,-0.0000,0.0763,2.2437,7.6284,0,1.0000,0,0,53.2316,22.5635,-19.2947,17.2523,-16.9467,0.000,0.000,1.000,0.0000,0.0000,0
2026-05-06,13:01:10,64749,2,0.0000,-0.0030,0.0792,2.3280,7.6284,0,1.0000,0,0,53.6382,9.4984,-19.3351,4.1006,-15.3557,0.000,0.000,1.000,0.0000,0.0000,0
2026-05-06,13:01:11,64788,2,0.0000,-0.0010,0.0797,2.3434,7.6284,0,1.0000,0,0,54.1365,10.3334,-19.2968,2.3720,-27.8911,0.000,0.000,1.000,0.0000,0.0000,0
2026-05-06,13:01:11,64824,2,0.0000,0.0049,0.0776,2.2818,7.6284,0,1.0000,0,0,54.2892,1.9992,-19.1701,2.7487,-50.1354,0.000,0.000,1.000,0.0000,0.0000,0
2026-05-06,13:01:11,64859,2,0.0000,0.0159,0.0769,2.2618,7.6284,0,1.0000,0,0,54.2118,-2.4938,-19.0442,2.8024,-68.8635,0.000,0.000,1.000,0.0000,0.0000,0
2026-05-06,13:01:11,64894,2,0.0000,0.0226,0.0726,2.1345,7.6283,0,1.0000,0,0,54.4744,4.4243,-18.8926,3.7486,-84.9921,0.000,0.000,1.000,0.0000,0.0000,0
2026-05-06,13:01:11,64929,2,0.0000,0.0329,0.0680,2.0009,7.6279,0,1.0000,0,0,54.3691,-5.4172,-18.6174,6.0547,-98.5897,0.000,0.000,1.000,0.0000,0.0000,0
2026-05-06,13:01:11,64965,2,0.0000,-0.0447,0.0729,2.1432,7.6280,0,1.0000,0,0,54.3751,-0.8012,-18.4009,5.5377,-109.8514,0.000,0.000,1.000,0.0000,0.0000,0
2026-05-06,13:01:11,65000,2,0.0000,-0.0957,0.0901,2.6486,7.6288,0,1.0000,0,0,54.1142,-13.5567,-17.9786,9.6462,-119.0161,0.000,0.000,1.000,0.0000,0.0000,0
2026-05-06,13:01:11,65035,2,0.0000,-0.0117,0.0974,2.8656,7.6291,0,1.0000,0,0,53.3290,-24.8740,-17.3224,14.7285,-126.4531,0.064,0.000,1.000,0.0000,0.0000,0
2026-05-06,13:01:11,65070,2,0.0000,0.0027,0.0931,2.7376,7.6292,0,1.0000,0,0,52.9009,-11.4930,-16.9469,9.9023,-86.6810,0.128,0.000,1.000,0.0000,0.0000,0
2026-05-06,13:01:11,65105,2,0.0000,0.0291,0.0893,2.6257,7.6291,0,1.0000,0,0,52.9253,-0.9557,-17.2388,-3.1112,-54.6210,0.192,0.000,1.000,0.0000,0.0000,0
2026-05-06,13:01:11,65140,2,0.0000,0.0233,0.0866,2.5482,7.6289,0,1.0000,0,0,52.7137,-8.6896,-17.5818,-7.4485,-73.1572,0.256,0.000,1.000,0.0000,0.0000,0
2026-05-06,13:01:11,65175,2,0.0000,-0.0234,0.0885,2.6024,7.6289,0,1.0000,0,0,52.5854,-4.6750,-17.6778,-4.1786,-88.7605,0.320,0.000,1.000,0.0000,0.0000,0
2026-05-06,13:01:11,65210,2,0.0000,-0.0259,0.0899,2.6428,7.6290,0,1.0000,0,0,52.3956,-8.3619,-17.6879,-1.7949,-89.4536,0.384,0.000,1.000,0.0000,0.0000,0
2026-05-06,13:01:11,65245,2,0.0000,-0.0323,0.0967,2.8454,7.6293,0,1.0000,0,0,51.7602,-20.6901,-17.6851,-0.5716,-102.6431,0.448,0.000,1.000,0.0000,0.0000,0
2026-05-06,13:01:11,65280,2,0.0000,-0.0392,0.1018,2.9942,7.6296,0,1.0000,0,0,51.3472,-11.8842,-17.6025,1.4715,-99.6924,0.512,0.000,1.000,0.0000,0.0000,0
2026-05-06,13:01:11,65315,2,0.0000,0.0096,0.1013,2.9793,7.6297,0,1.0000,0,0,51.0950,-9.9589,-17.4989,2.4716,-99.0677,0.576,0.000,1.000,0.0000,0.0000,0
2026-05-06,13:01:11,65351,2,0.0000,0.0019,0.1009,2.9667,7.6296,0,1.0000,0,0,50.8407,-6.7022,-17.4239,2.4202,-110.8678,0.640,0.000,1.000,0.0000,0.0000,0
2026-05-06,13:01:11,65386,2,0.0000,-0.0075,0.1026,3.0174,7.6297,0,1.0000,0,0,50.7767,-4.4821,-17.2936,3.5767,-120.7609,0.704,0.000,1.000,0.0000,0.0000,0
2026-05-06,13:01:11,65421,2,0.0000,0.0163,0.0994,2.9250,7.6296,0,1.0000,0,0,50.3515,-11.6438,-17.0115,6.5134,-129.1013,0.768,0.000,1.000,0.0000,0.0000,0
2026-05-06,13:01:11,65456,2,0.0000,0.0259,0.0977,2.8748,7.6295,0,1.0000,0,0,50.2253,-3.8095,-16.7584,6.7475,-136.2019,0.832,0.000,1.000,0.0000,0.0000,0
2026-05-06,13:01:11,65491,2,0.0000,0.0317,0.0955,2.8098,7.6294,0,1.0000,0,0,50.1292,-4.1688,-16.6411,4.0015,-128.2877,0.896,0.000,1.000,0.0000,0.0000,0
2026-05-06,13:01:11,65526,2,0.0000,-0.0071,0.0955,2.8090,7.6293,0,1.0000,0,0,50.0726,-0.9657,-16.6934,0.0108,-123.2857,0.912,0.000,1.000,0.0000,0.0000,0
2026-05-06,13:01:11,65561,2,0.0000,-0.0078,0.0969,2.8508,7.6294,0,1.0000,0,0,49.9825,-5.5380,-16.7393,-0.7358,-131.3266,0.880,0.000,0.998,0.0000,0.0000,0
2026-05-06,13:01:11,65596,2,0.0000,0.0114,0.0969,2.8485,7.6294,0,1.0000,0,0,49.6448,-8.7771,-16.6951,0.3028,-138.3488,0.896,0.000,0.994,0.0000,0.0000,0
2026-05-06,13:01:11,65631,2,0.0000,0.0057,0.0948,2.7885,7.6294,0,1.0000,0,0,49.6805,0.0358,-16.7171,-0.5674,-144.4433,0.912,0.000,0.991,0.0000,0.0000,0
2026-05-06,13:01:11,65666,2,0.0000,0.1312,0.0737,2.1681,7.6287,0,1.0000,0,0,49.3945,-9.5628,-16.7401,-0.7146,-149.5899,0.904,0.000,0.988,0.0000,0.0000,0
2026-05-06,13:01:11,65699,2,0.0000,0.3647,0.0357,1.0493,7.6271,0,1.0000,0,0,49.4020,-4.8423,-16.7453,-0.6094,-150.8562,0.936,0.000,0.995,0.0000,0.0000,0
2026-05-06,13:01:11,65734,2,0.0000,0.1054,0.0156,0.4589,7.6254,0,1.0000,0,0,49.7299,10.1192,-16.7393,0.1020,-155.0422,0.904,0.000,1.000,0.0000,0.0000,0
2026-05-06,13:01:12,65769,2,0.0000,0.0330,0.0145,0.4260,7.6251,0,1.0000,0,0,49.8846,1.5894,-16.6284,2.3110,-158.5615,0.872,0.000,1.000,0.0000,0.0000,0
2026-05-06,13:01:12,65804,2,0.0000,0.0232,0.0107,0.3143,7.6248,0,1.0000,0,0,49.9804,5.2028,-16.5623,1.9236,-161.6227,0.840,0.000,1.000,0.0000,0.0000,0
2026-05-06,13:01:12,65839,2,0.0000,-0.0270,0.0131,0.3864,7.6249,0,1.0000,0,0,50.6303,17.8019,-16.5291,1.4225,-164.2023,0.808,0.000,1.000,0.0000,0.0000,0
2026-05-06,13:01:12,65874,2,0.0000,-0.0416,0.0204,0.6010,7.6252,0,1.0000,0,0,50.7614,-1.8720,-16.4804,1.5048,-166.4394,0.776,0.000,1.000,0.0000,0.0000,0
2026-05-06,13:01:12,65909,2,0.0000,-0.0968,0.0296,0.8718,7.6256,0,1.0000,0,0,50.3834,-13.3473,-16.4095,1.9804,-168.2710,0.744,0.000,1.000,0.0000,0.0000,0
2026-05-06,13:01:12,65944,2,0.0000,-0.2687,0.0720,2.1165,7.6274,0,1.0000,0,0,49.6959,-36.3604,-16.0483,8.1895,-168.6896,0.736,0.000,1.000,0.0000,0.0000,0
2026-05-06,13:01:12,65979,2,0.0000,-0.0472,0.0908,2.6697,7.6290,0,1.0000,0,0,47.1830,-62.8827,-15.1399,19.2934,-167.9359,0.800,0.000,1.000,0.0000,0.0000,0
2026-05-06,13:01:12,66014,2,0.0000,0.0288,0.0844,2.4829,7.6288,0,1.0000,0,0,47.4277,11.0118,-14.4607,15.8543,-121.9269,0.864,0.000,1.000,0.0000,0.0000,0
2026-05-06,13:01:12,66049,2,0.0000,0.1036,0.0677,1.9916,7.6281,0,1.0000,0,0,48.3523,23.9371,-15.1100,-8.6110,-85.4381,0.904,0.000,1.000,0.0000,0.0000,0
2026-05-06,13:01:12,66085,2,0.0000,0.0654,0.0563,1.6551,7.6274,0,1.0000,0,0,48.2713,-5.6569,-15.9897,-19.4006,-99.9021,0.872,0.000,1.000,0.0000,0.0000,0
2026-05-06,13:01:12,66120,2,0.0000,-0.0012,0.0587,1.7262,7.6273,0,1.0000,0,0,48.5267,12.6515,-16.6220,-17.7124,-112.0783,0.840,0.000,1.000,0.0000,0.0000,0
2026-05-06,13:01:12,66155,2,0.0000,0.0030,0.0582,1.7115,7.6274,0,1.0000,0,0,48.7931,3.5534,-16.7061,-7.2540,-121.8733,0.808,0.000,1.000,0.0000,0.0000,0
2026-05-06,13:01:12,66190,2,0.0000,0.0083,0.0565,1.6618,7.6273,0,1.0000,0,0,48.5359,-4.6611,-16.6926,-2.4997,-130.1279,0.776,0.000,1.000,0.0000,0.0000,0
2026-05-06,13:01:12,66225,2,0.0000,0.0097,0.0555,1.6331,7.6272,0,1.0000,0,0,48.9761,13.5982,-16.7269,-1.5510,-96.5958,0.744,0.000,1.000,0.0000,0.0000,0
2026-05-06,13:01:12,66260,2,0.0000,0.0291,0.0491,1.4450,7.6270,0,1.0000,0,0,49.0397,-0.2066,-16.7609,-1.2691,-102.6749,0.712,0.000,1.000,0.0000,0.0000,0
2026-05-06,13:01:12,66296,2,0.0000,0.0160,0.0463,1.3609,7.6268,0,1.0000,0,0,49.0610,1.9862,-16.8682,-2.1271,-113.9959,0.680,0.000,0.998,0.0000,0.0000,0
2026-05-06,13:01:12,66331,2,0.0000,0.0179,0.0453,1.3312,7.6267,0,1.0000,0,0,49.3607,8.3605,-16.8086,0.7332,-123.8200,0.648,0.000,0.995,0.0000,0.0000,0
2026-05-06,13:01:12,66367,2,0.0000,0.0131,0.0446,1.3125,7.6266,0,1.0000,0,0,49.3230,-1.8968,-16.7554,1.2431,-132.0813,0.616,0.000,0.992,0.0000,0.0000,0
2026-05-06,13:01:12,66402,2,0.0000,0.0017,0.0437,1.2848,7.6266,0,1.0000,0,0,49.4987,6.2774,-16.7633,0.5664,-139.0412,0.584,0.000,0.989,0.0000,0.0000,0
2026-05-06,13:01:12,66437,2,0.0000,-0.0064,0.0449,1.3216,7.6267,0,1.0000,0,0,49.7984,7.0798,-16.6993,1.5400,-145.1551,0.552,0.000,0.986,0.0000,0.0000,0
2026-05-06,13:01:12,66473,2,0.0000,-0.0045,0.0475,1.3958,7.6267,0,1.0000,0,0,49.8888,-0.0092,-16.7064,0.4771,-150.3542,0.520,0.000,0.982,0.0000,0.0000,0
2026-05-06,13:01:12,66508,2,0.0000,0.0093,0.0443,1.3033,7.6267,0,1.0000,0,0,49.7437,-6.5783,-16.7731,-0.8023,-154.8247,0.488,0.000,0.979,0.0000,0.0000,0
2026-05-06,13:01:12,66543,2,0.0000,0.0097,0.0453,1.3311,7.6267,0,1.0000,0,0,49.4224,-11.4989,-16.8679,-1.8977,-158.6665,0.456,0.000,0.976,0.0000,0.0000,0
2026-05-06,13:01:12,66579,2,0.0000,0.0053,0.0456,1.3399,7.6267,0,1.0000,0,0,49.0895,-9.8437,-16.9943,-2.9851,-161.8824,0.520,0.000,0.973,0.0000,0.0000,0
2026-05-06,13:01:12,66615,2,0.0000,-0.0041,0.0459,1.3498,7.6267,0,1.0000,0,0,49.0588,-4.7601,-17.1656,-3.5364,-163.1917,0.568,0.000,0.970,0.0000,0.0000,0
2026-05-06,13:01:12,66650,2,0.0000,-0.0155,0.0493,1.4514,7.6268,0,1.0000,0,0,48.8081,-8.5110,-17.3508,-4.7257,-118.6487,0.632,0.000,0.967,0.0000,0.0000,0
2026-05-06,13:01:12,66685,2,0.0000,-0.0441,0.0566,1.6648,7.6271,0,1.0000,0,0,48.5943,-6.3210,-17.7145,-8.0289,-109.3223,0.696,0.000,0.964,0.0000,0.0000,0
2026-05-06,13:01:12,66720,2,0.0000,-0.0577,0.0655,1.9261,7.6275,0,1.0000,0,0,48.3948,-7.2463,-18.1354,-9.9498,-120.4813,0.760,0.000,0.961,0.0000,0.0000,0
2026-05-06,13:01:13,66755,2,0.0000,-0.0672,0.0742,2.1838,7.6281,0,1.0000,0,0,48.2094,-4.8041,-18.4397,-8.2890,-129.7790,0.824,0.000,0.958,0.0000,0.0000,0
2026-05-06,13:01:13,66790,2,0.0000,-0.0126,0.0775,2.2802,7.6284,0,1.0000,0,0,48.0676,-5.6105,-18.6676,-6.3081,-137.5428,0.888,0.000,0.981,0.0000,0.0000,0
2026-05-06,13:01:13,66825,2,0.0000,-0.0080,0.0734,2.1594,7.6284,0,1.0000,0,0,47.8381,-5.9705,-18.8303,-4.5644,-144.2393,0.952,0.000,1.000,0.0000,0.0000,0
2026-05-06,13:01:13,66860,2,0.0000,0.0124,0.0720,2.1171,7.6282,0,1.0000,0,0,47.9545,4.1494,-19.0087,-4.4437,-149.8384,0.968,0.000,1.000,0.0000,0.0000,0
2026-05-06,13:01:13,66895,2,0.0000,0.0002,0.0731,2.1491,7.6282,0,1.0000,0,0,47.8792,-5.3057,-19.1619,-3.8349,-154.4776,0.936,0.000,1.000,0.0000,0.0000,0
2026-05-06,13:01:13,66930,2,0.0000,-0.0059,0.0728,2.1416,7.6282,0,1.0000,0,0,47.6445,-6.2890,-19.2830,-3.4014,-158.5102,0.904,0.000,1.000,0.0000,0.0000,0
2026-05-06,13:01:13,66965,2,0.0000,0.0885,0.0641,1.8844,7.6279,0,1.0000,0,0,47.5892,-2.2791,-19.4650,-4.2421,-161.8853,0.872,0.000,1.000,0.0000,0.0000,0
2026-05-06,13:01:13,67000,2,0.0000,0.2260,0.0336,0.9881,7.6265,0,1.0000,0,0,47.5729,-0.2270,-19.5424,-2.3599,-164.5281,0.840,0.000,1.000,0.0000,0.0000,0
2026-05-06,13:01:13,67036,2,0.0000,-0.0058,0.0337,0.9908,7.6261,0,1.0000,0,0,47.6896,3.9974,-19.4437,1.5678,-166.7645,0.808,0.000,1.000,0.0000,0.0000,0
2026-05-06,13:01:13,67071,2,0.0000,-0.0225,0.0377,1.1092,7.6262,0,1.0000,0,0,47.7241,-1.1937,-19.3606,2.2685,-168.9119,0.776,0.000,1.000,0.0000,0.0000,0
2026-05-06,13:01:13,67106,2,0.0000,-0.0214,0.0378,1.1115,7.6262,0,1.0000,0,0,47.5345,-4.2266,-19.4568,-0.8406,-129.8972,0.744,0.000,1.000,0.0000,0.0000,0
2026-05-06,13:01:13,67141,2,0.0000,-0.0452,0.0440,1.2951,7.6265,0,1.0000,0,0,47.6594,3.7115,-19.7696,-5.7807,-84.5309,0.712,0.000,1.000,0.0000,0.0000,0
2026-05-06,13:01:13,67176,2,0.0000,-0.0156,0.0431,1.2664,7.6266,0,1.0000,0,0,47.4841,-7.3628,-20.2074,-9.2827,-73.9297,0.680,0.000,1.000,0.0000,0.0000,0
2026-05-06,13:01:13,67211,2,0.0000,-0.0017,0.0456,1.3400,7.6267,0,1.0000,0,0,47.3178,-3.3391,-20.4972,-7.0108,-90.1220,0.648,0.000,1.000,0.0000,0.0000,0
2026-05-06,13:01:13,67246,2,0.0000,0.0032,0.0453,1.3310,7.6267,0,1.0000,0,0,47.4545,3.4235,-20.4539,-0.4680,-103.3437,0.616,0.000,0.998,0.0000,0.0000,0
2026-05-06,13:01:13,67281,2,0.0000,0.0085,0.0440,1.2942,7.6266,0,1.0000,0,0,47.3148,-4.7929,-20.2054,4.8558,-114.5834,0.584,0.000,0.994,0.0000,0.0000,0
2026-05-06,13:01:13,67316,2,0.0000,0.0074,0.0402,1.1816,7.6264,0,1.0000,0,0,47.3430,2.2658,-20.0586,4.4296,-124.2836,0.552,0.000,0.991,0.0000,0.0000,0
2026-05-06,13:01:13,67351,2,0.0000,0.0169,0.0399,1.1742,7.6263,0,1.0000,0,0,47.5544,5.0189,-19.9903,2.8079,-132.5071,0.520,0.000,0.988,0.0000,0.0000,0
2026-05-06,13:01:13,67386,2,0.0000,0.0051,0.0375,1.1028,7.6262,0,1.0000,0,0,47.4639,-3.1904,-19.9929,0.8866,-139.5491,0.488,0.000,0.985,0.0000,0.0000,0
2026-05-06,13:01:13,67421,2,0.0000,-0.0028,0.0385,1.1316,7.6263,0,1.0000,0,0,47.5257,3.1639,-20.0274,-0.4352,-145.5581,0.456,0.000,0.982,0.0000,0.0000,0
2026-05-06,13:01:13,67456,2,0.0000,-0.0217,0.0412,1.2128,7.6264,0,1.0000,0,0,47.6685,1.6907,-20.0803,-1.0580,-150.6707,0.424,0.000,0.978,0.0000,0.0000,0
2026-05-06,13:01:13,67491,2,0.0000,-0.0333,0.0459,1.3497,7.6266,0,1.0000,0,0,47.4586,-5.9842,-20.1459,-1.6913,-148.3594,0.392,0.000,0.975,0.0000,0.0000,0
2026-05-06,13:01:13,67531,2,0.0000,-0.0328,0.0493,1.4502,7.6268,0,1.0000,0,0,47.2416,-7.5048,-20.2784,-2.3042,-151.0353,0.368,0.000,0.973,0.0000,0.0000,0
2026-05-06,13:01:13,67566,2,0.0000,-0.0257,0.0520,1.5308,7.6270,0,1.0000,0,0,46.7018,-15.9987,-20.4825,-4.6939,-121.1313,0.384,0.000,0.970,0.0000,0.0000,0
2026-05-06,13:01:13,67602,2,0.0000,-0.0654,0.0611,1.7978,7.6274,0,1.0000,0,0,46.3345,-5.5229,-20.7794,-6.6198,-130.2068,0.448,0.000,0.966,0.0000,0.0000,0
2026-05-06,13:01:13,67637,2,0.0000,-0.0462,0.0678,1.9944,7.6278,0,1.0000,0,0,46.7035,13.3294,-20.9882,-5.9171,-137.6000,0.464,0.000,0.963,0.0000,0.0000,0
2026-05-06,13:01:13,67672,2,0.0000,0.0003,0.0672,1.9765,7.6278,0,1.0000,0,0,47.0625,10.8633,-21.0794,-3.5441,-143.8679,0.432,0.000,0.960,0.0000,0.0000,0
2026-05-06,13:01:13,67707,2,0.0000,-0.0059,0.0688,2.0232,7.6279,0,1.0000,0,0,47.3694,10.6221,-21.1693,-3.1225,-149.2732,0.400,0.000,0.957,0.0000,0.0000,0
2026-05-06,13:01:13,67742,2,0.0000,0.0059,0.0690,2.0280,7.6279,0,1.0000,0,0,47.6079,6.8610,-21.3029,-3.6116,-153.9082,0.368,0.000,0.954,0.0000,0.0000,0
2026-05-06,13:01:14,67777,2,0.0000,0.0105,0.0671,1.9742,7.6278,0,1.0000,0,0,47.8148,8.7163,-21.3899,-2.7651,-157.7880,0.336,0.000,0.950,0.0000,0.0000,0
2026-05-06,13:01:14,67812,2,0.0000,0.0031,0.0681,2.0020,7.6279,0,1.0000,0,0,48.1737,9.3621,-21.4869,-2.7893,-154.1750,0.304,0.000,0.947,0.0000,0.0000,0
2026-05-06,13:01:14,67847,2,0.0000,-0.0629,0.0758,2.2296,7.6281,0,1.0000,0,0,47.5206,-22.5033,-21.6188,-3.1782,-145.1657,0.272,0.000,0.944,0.0000,0.0000,0
2026-05-06,13:01:14,67882,2,0.0000,-0.0083,0.0800,2.3543,7.6285,0,1.0000,0,0,46.5010,-22.0827,-21.7624,-3.4590,-150.6038,0.312,0.000,0.941,0.0000,0.0000,0
2026-05-06,13:01:14,67917,2,0.0000,-0.0159,0.0833,2.4514,7.6286,0,1.0000,0,0,46.6822,16.4116,-21.8578,-2.5641,-155.0443,0.376,0.000,0.973,0.0000,0.0000,0
2026-05-06,13:01:14,67952,2,0.0000,-0.0043,0.0816,2.4003,7.6286,0,1.0000,0,0,47.5855,25.3646,-21.8874,-0.7930,-158.8792,0.344,0.000,1.000,0.0000,0.0000,0
2026-05-06,13:01:14,67987,2,0.0000,0.0032,0.0811,2.3854,7.6286,0,1.0000,0,0,48.2477,22.3080,-21.9191,-0.6202,-162.2839,0.312,0.000,1.000,0.0000,0.0000,0
2026-05-06,13:01:14,68022,2,0.0000,0.0978,0.0681,2.0016,7.6281,0,1.0000,0,0,48.9208,22.8672,-21.9262,0.1741,-164.8999,0.280,0.000,1.000,0.0000,0.0000,0
2026-05-06,13:01:14,68057,2,0.0000,0.2994,0.0273,0.8021,7.6265,0,1.0000,0,0,49.6757,24.9759,-21.8321,2.1846,-166.9080,0.248,0.000,1.000,0.0000,0.0000,0
2026-05-06,13:01:14,68092,2,0.0000,0.1017,0.0163,0.4808,7.6253,0,1.0000,0,0,50.7346,33.9356,-21.7260,2.8474,-168.7828,0.216,0.000,1.000,0.0000,0.0000,0
2026-05-06,13:01:14,68127,2,0.0000,0.0483,0.0097,0.2856,7.6249,0,1.0000,0,0,52.2141,43.8190,-21.6165,3.2685,-170.3531,0.184,0.000,0.999,0.0000,0.0000,0
2026-05-06,13:01:14,68163,2,0.0000,-0.0055,0.0137,0.4024,7.6249,0,1.0000,0,0,53.0682,15.4426,-21.5069,3.3208,-171.7493,0.152,0.000,1.000,0.0000,0.0000,0
2026-05-06,13:01:14,68198,2,0.0000,-0.0264,0.0173,0.5100,7.6250,0,1.0000,0,0,52.7214,-16.6026,-21.4089,3.0249,-152.0467,0.120,0.000,1.000,0.0000,0.0000,0
2026-05-06,13:01:14,68233,2,0.0000,-0.4638,0.0713,2.0975,7.6267,0,1.0000,0,0,51.6917,-47.2814,-21.7321,-6.1152,-103.8951,0.112,0.000,1.000,0.0000,0.0000,0
2026-05-06,13:01:14,68268,2,0.0000,-0.5258,0.1553,4.5672,7.6313,0,1.0000,0,0,43.7618,-233.2520,-22.9251,-23.4526,-63.6915,0.176,0.000,1.000,0.0000,0.0000,0
2026-05-06,13:01:14,68303,2,0.0000,0.0112,0.1474,4.3357,7.6321,0,1.0000,0,0,44.4536,76.0782,-23.5619,-16.6535,-70.9679,0.240,0.000,1.000,0.0000,0.0000,0
2026-05-06,13:01:14,68338,2,0.0000,0.1786,0.1248,3.6711,7.6314,0,1.0000,0,0,52.4375,213.6164,-23.0993,3.6314,-75.5756,0.232,0.000,1.000,0.0000,0.0000,0
2026-05-06,13:01:14,68373,2,0.0000,0.3023,0.0864,2.5405,7.6297,0,1.0000,0,0,54.4567,31.0818,-22.7480,8.1452,-76.8050,0.200,0.000,1.000,0.0000,0.0000,0
2026-05-06,13:01:14,68408,2,0.0000,0.0300,0.0755,2.2197,7.6284,0,1.0000,0,0,53.0829,-22.5243,-22.6042,5.1584,-45.9122,0.168,0.000,1.000,0.0000,0.0000,0
2026-05-06,13:01:14,68448,2,0.0000,0.1737,0.0511,1.5017,7.6275,0,1.0000,0,0,53.6729,11.0079,-22.6483,2.8630,-56.3241,0.144,0.000,1.000,0.0000,0.0000,0
2026-05-06,13:01:14,68484,2,0.0000,0.0390,0.0402,1.1829,7.6265,0,1.0000,0,0,53.3246,-20.9984,-22.6708,0.4094,-67.4763,0.112,0.000,1.000,0.0000,0.0000,0
2026-05-06,13:01:14,68519,2,0.0000,-0.0715,0.0496,1.4598,7.6267,0,1.0000,0,0,53.0198,1.9036,-22.8146,-2.9971,-43.5662,0.080,0.000,1.000,0.0000,0.0000,0
2026-05-06,13:01:14,68554,2,0.0000,-0.3001,0.0888,2.6130,7.6282,0,1.0000,0,0,53.8072,14.2110,-23.3372,-11.3952,-11.3260,0.048,0.000,1.000,0.0000,0.0000,0
2026-05-06,13:01:14,68589,2,0.0000,-0.1314,0.1124,3.3065,7.6299,0,1.0000,0,0,52.4137,-45.7633,-23.9716,-14.9202,-18.2360,0.040,0.000,1.000,0.0000,0.0000,0
2026-05-06,13:01:14,68624,2,0.0000,-0.0931,0.1284,3.7750,7.6309,0,1.0000,0,0,51.4141,-11.5730,-24.1730,-7.5697,-42.3313,0.104,0.000,1.000,0.0000,0.0000,0
2026-05-06,13:01:14,68660,2,0.0000,0.0325,0.1231,3.6196,7.6310,0,1.0000,0,0,52.5637,28.8111,-23.8831,3.3426,-48.1318,0.120,0.000,1.000,0.0000,0.0000,0
2026-05-06,13:01:14,68695,2,0.0000,0.1168,0.1048,3.0823,7.6302,0,1.0000,0,0,52.5120,-1.9057,-23.6543,5.6805,-47.1061,0.088,0.000,1.000,0.0000,0.0000,0
2026-05-06,13:01:14,68731,2,0.0000,0.1098,0.0851,2.5031,7.6291,0,1.0000,0,0,52.8897,17.3345,-23.5398,4.0831,-66.8859,0.056,0.000,1.000,0.0000,0.0000,0
2026-05-06,13:01:15,68766,2,0.0000,0.0106,0.0888,2.6113,7.6290,0,1.0000,0,0,53.6088,16.9823,-23.6103,-0.0896,-83.9241,0.024,0.000,1.000,0.0000,0.0000,0
2026-05-06,13:01:15,68801,2,0.0000,-0.0291,0.0920,2.7055,7.6291,0,1.0000,0,0,53.4071,-4.2313,-23.7367,-2.0899,-91.5981,0.000,0.000,1.000,0.0000,0.0000,0
2026-05-06,13:01:15,68836,2,0.0000,-0.0675,0.1010,2.9706,7.6294,0,1.0000,0,0,53.6403,10.3855,-23.8766,-3.4594,-77.2760,0.000,0.000,1.000,0.0000,0.0000,0
2026-05-06,13:01:15,68871,2,0.0000,-0.0203,0.1020,3.0004,7.6296,0,1.0000,0,0,53.8267,2.6874,-24.1680,-6.2807,-86.9183,0.000,0.000,1.000,0.0000,0.0000,0
2026-05-06,13:01:15,68906,2,0.0000,0.0193,0.1010,2.9707,7.6297,0,1.0000,0,0,53.6143,-5.1687,-24.3091,-3.9145,-100.9498,0.000,0.000,1.000,0.0000,0.0000,0
2026-05-06,13:01:15,68941,2,0.0000,0.0187,0.0969,2.8507,7.6296,0,1.0000,0,0,53.8847,10.1651,-24.1747,1.9767,-112.3046,0.000,0.000,1.000,0.0000,0.0000,0
2026-05-06,13:01:15,68976,2,0.0000,0.0927,0.0878,2.5828,7.6292,0,1.0000,0,0,54.0197,0.3882,-24.0417,2.9701,-101.5907,0.000,0.000,1.000,0.0000,0.0000,0
2026-05-06,13:01:15,69012,2,0.0000,0.0277,0.0881,2.5901,7.6290,0,1.0000,0,0,53.9816,0.4579,-24.0511,0.6720,-100.6552,0.000,0.000,0.999,0.0000,0.0000,0
2026-05-06,13:01:15,69047,2,0.0000,-0.0179,0.0896,2.6354,7.6289,0,1.0000,0,0,54.3649,13.1467,-24.1226,-1.2940,-112.2460,0.000,0.000,0.996,0.0000,0.0000,0
2026-05-06,13:01:15,69082,2,0.0000,-0.0084,0.0904,2.6574,7.6291,0,1.0000,0,0,54.3605,-4.2281,-24.2003,-2.2542,-87.8857,0.000,0.000,0.993,0.0000,0.0000,0
2026-05-06,13:01:15,69117,2,0.0000,-0.0107,0.0931,2.7379,7.6292,0,1.0000,0,0,54.0926,-3.6676,-24.2590,-1.8595,-95.1757,0.000,0.000,0.990,0.0000,0.0000,0
2026-05-06,13:01:15,69152,2,0.0000,0.0126,0.0952,2.8007,7.6293,0,1.0000,0,0,54.4400,9.6674,-24.2792,-1.0883,-107.5990,0.000,0.000,0.986,0.0000,0.0000,0
2026-05-06,13:01:15,69187,2,0.0000,0.0135,0.0953,2.8034,7.6293,0,1.0000,0,0,54.2653,-8.1635,-24.3012,-0.8527,-78.2199,0.000,0.000,0.983,0.0000,0.0000,0
2026-05-06,13:01:15,69222,2,0.0000,0.0818,0.0868,2.5517,7.6290,0,1.0000,0,0,54.0715,-3.0966,-24.3207,-0.6745,-87.0050,0.000,0.000,0.980,0.0000,0.0000,0
2026-05-06,13:01:15,69257,2,0.0000,0.0837,0.0758,2.2298,7.6285,0,1.0000,0,0,54.4464,11.2132,-24.3050,0.1897,-100.6757,0.000,0.000,0.977,0.0000,0.0000,0
2026-05-06,13:01:15,69293,2,0.0000,0.1821,0.0520,1.5291,7.6275,0,1.0000,0,0,54.4798,0.6960,-24.2764,0.2959,-58.9944,0.000,0.000,0.974,0.0000,0.0000,0
2026-05-06,13:01:15,69328,2,0.0000,0.0934,0.0326,0.9598,7.6262,0,1.0000,0,0,54.7526,7.7530,-24.3104,-0.6966,-76.9010,0.000,0.000,0.979,0.0000,0.0000,0
2026-05-06,13:01:15,69366,2,0.0000,0.0816,0.0258,0.7577,7.6258,0,1.0000,0,0,55.3601,12.7458,-24.3021,-0.4156,-83.0057,0.000,0.000,1.000,0.0000,0.0000,0
2026-05-06,13:01:15,69401,2,0.0000,-0.0011,0.0261,0.7688,7.6256,0,1.0000,0,0,55.8547,8.8523,-24.2677,0.7743,-84.6396,0.000,0.000,1.000,0.0000,0.0000,0
2026-05-06,13:01:15,69436,2,0.0000,-0.0351,0.0291,0.8552,7.6257,0,1.0000,0,0,55.7381,-8.8467,-24.1981,1.5889,-98.6861,0.000,0.000,1.000,0.0000,0.0000,0
2026-05-06,13:01:15,69471,2,0.0000,-0.1036,0.0447,1.3152,7.6264,0,1.0000,0,0,55.3370,-11.3051,-24.0168,4.2981,-110.2645,0.000,0.000,1.000,0.0000,0.0000,0
2026-05-06,13:01:15,69506,2,0.0000,-0.2547,0.0768,2.2583,7.6276,0,1.0000,0,0,54.6703,-25.2215,-23.5308,10.7168,-119.3699,0.048,0.000,1.000,0.0000,0.0000,0
2026-05-06,13:01:15,69541,2,0.0000,-0.0514,0.0922,2.7117,7.6291,0,1.0000,0,0,53.6746,-28.2896,-22.9804,12.4518,-99.4469,0.112,0.000,1.000,0.0000,0.0000,0
2026-05-06,13:01:15,69576,2,0.0000,0.0052,0.0887,2.6102,7.6290,0,1.0000,0,0,53.5652,-4.1634,-22.9766,2.8593,-58.0931,0.176,0.000,1.000,0.0000,0.0000,0
2026-05-06,13:01:15,69611,2,0.0000,0.0277,0.0884,2.6000,7.6289,0,1.0000,0,0,53.4289,-7.8081,-23.3003,-5.3349,-50.8738,0.240,0.000,1.000,0.0000,0.0000,0
2026-05-06,13:01:15,69646,2,0.0000,0.0087,0.0855,2.5135,7.6288,0,1.0000,0,0,53.1241,-7.4746,-23.4963,-5.6150,-69.7851,0.304,0.000,1.000,0.0000,0.0000,0
2026-05-06,13:01:15,69681,2,0.0000,0.0170,0.0811,2.3858,7.6288,0,1.0000,0,0,53.2245,1.5334,-23.5994,-3.9169,-58.3512,0.344,0.000,1.000,0.0000,0.0000,0
2026-05-06,13:01:15,69716,2,0.0000,0.0042,0.0836,2.4601,7.6287,0,1.0000,0,0,53.0925,-4.4453,-23.6334,-2.0922,-57.3664,0.312,0.000,1.000,0.0000,0.0000,0
2026-05-06,13:01:15,69752,2,0.0000,0.0113,0.0834,2.4540,7.6287,0,1.0000,0,0,53.0340,-1.3256,-23.7026,-2.3138,-75.4124,0.280,0.000,1.000,0.0000,0.0000,0
2026-05-06,13:01:16,69787,2,0.0000,0.0018,0.0856,2.5162,7.6287,0,1.0000,0,0,52.9384,-3.5941,-23.7231,-1.1049,-63.1067,0.248,0.000,1.000,0.0000,0.0000,0
2026-05-06,13:01:16,69822,2,0.0000,0.0135,0.0826,2.4301,7.6287,0,1.0000,0,0,52.9214,-1.1912,-23.7027,-0.3342,-61.4102,0.216,0.000,0.999,0.0000,0.0000,0
2026-05-06,13:01:16,69857,2,0.0000,0.0247,0.0788,2.3176,7.6286,0,1.0000,0,0,52.8838,-2.4746,-23.7248,-0.4922,-78.7930,0.184,0.000,0.996,0.0000,0.0000,0
2026-05-06,13:01:16,69892,2,0.0000,0.0004,0.0810,2.3835,7.6285,0,1.0000,0,0,52.8884,0.1435,-23.6171,1.8986,-93.6838,0.152,0.000,0.993,0.0000,0.0000,0
2026-05-06,13:01:16,69927,2,0.0000,-0.0046,0.0820,2.4130,7.6285,0,1.0000,0,0,52.8233,-3.0075,-23.4824,2.7749,-106.2390,0.120,0.000,0.990,0.0000,0.0000,0
2026-05-06,13:01:16,69962,2,0.0000,-0.0125,0.0810,2.3813,7.6286,0,1.0000,0,0,52.7253,-2.5305,-23.4254,1.7308,-109.8387,0.088,0.000,0.986,0.0000,0.0000,0
2026-05-06,13:01:16,69997,2,0.0000,-0.0143,0.0844,2.4828,7.6287,0,1.0000,0,0,52.7493,-0.9396,-23.3696,1.5399,-120.0624,0.056,0.000,0.983,0.0000,0.0000,0
2026-05-06,13:01:16,70032,2,0.0000,-0.0267,0.0913,2.6849,7.6290,0,1.0000,0,0,52.4989,-8.1908,-23.2344,2.6868,-121.4567,0.024,0.000,0.980,0.0000,0.0000,0
2026-05-06,13:01:16,70067,2,0.0000,0.0050,0.0920,2.7058,7.6292,0,1.0000,0,0,52.2682,-7.4251,-23.2596,-0.0926,-95.6125,0.064,0.000,0.977,0.0000,0.0000,0
2026-05-06,13:01:16,70102,2,0.0000,0.0109,0.0922,2.7109,7.6292,0,1.0000,0,0,52.1582,-2.3693,-23.3344,-1.5191,-88.3469,0.128,0.000,0.974,0.0000,0.0000,0
2026-05-06,13:01:16,70137,2,0.0000,-0.0155,0.0938,2.7592,7.6292,0,1.0000,0,0,52.2883,4.0094,-23.3836,-1.4508,-101.8026,0.096,0.000,0.970,0.0000,0.0000,0
2026-05-06,13:01:16,70173,2,0.0000,-0.0440,0.0968,2.8485,7.6294,0,1.0000,0,0,52.1556,-6.5775,-23.3757,-0.5114,-99.0883,0.064,0.000,0.967,0.0000,0.0000,0
2026-05-06,13:01:16,70208,2,0.0000,0.0045,0.0973,2.8628,7.6295,0,1.0000,0,0,51.8295,-7.5254,-23.3766,-0.3023,-90.5533,0.080,0.000,0.964,0.0000,0.0000,0
2026-05-06,13:01:16,70243,2,0.0000,-0.0162,0.1015,2.9861,7.6296,0,1.0000,0,0,52.0952,7.4711,-23.3139,1.2862,-103.4904,0.048,0.000,0.961,0.0000,0.0000,0
2026-05-06,13:01:16,70282,2,0.0000,-0.0122,0.1039,3.0564,7.6298,0,1.0000,0,0,51.9913,-3.4788,-23.0978,2.9172,-109.1673,0.024,0.000,0.958,0.0000,0.0000,0
2026-05-06,13:01:16,70318,2,0.0000,-0.0489,0.1091,3.2103,7.6300,0,1.0000,0,0,51.8593,-1.0261,-22.8905,4.4068,-91.6035,0.000,0.000,0.955,0.0000,0.0000,0
2026-05-06,13:01:16,70353,2,0.0000,-0.0081,0.1097,3.2279,7.6300,0,1.0000,0,0,51.9751,2.7222,-22.8216,2.9483,-79.0090,0.000,0.000,0.952,0.0000,0.0000,0
2026-05-06,13:01:16,70389,2,0.0000,-0.0025,0.1086,3.1929,7.6300,0,1.0000,0,0,51.7617,-7.1794,-22.7138,3.2429,-80.6967,0.000,0.000,0.949,0.0000,0.0000,0
2026-05-06,13:01:16,70424,2,0.0000,0.0096,0.1064,3.1302,7.6300,0,1.0000,0,0,51.5624,-3.9612,-22.6128,3.2161,-95.3822,0.000,0.000,0.946,0.0000,0.0000,0
2026-05-06,13:01:16,70459,2,0.0000,0.0154,0.1062,3.1232,7.6300,0,1.0000,0,0,51.5529,-0.0197,-22.5704,1.8092,-108.0365,0.000,0.000,0.942,0.0000,0.0000,0
2026-05-06,13:01:16,70494,2,0.0000,0.0394,0.0996,2.9304,7.6297,0,1.0000,0,0,51.5851,2.2905,-22.5777,0.6981,-118.7017,0.000,0.000,0.939,0.0000,0.0000,0
2026-05-06,13:01:16,70529,2,0.0000,-0.0381,0.1045,3.0728,7.6298,0,1.0000,0,0,51.4998,-5.4037,-22.5811,0.0113,-120.7260,0.000,0.000,0.936,0.0000,0.0000,0
2026-05-06,13:01:16,70564,2,0.0000,-0.0220,0.1088,3.2004,7.6301,0,1.0000,0,0,50.4842,-28.3694,-22.6733,-1.5459,-89.1701,0.048,0.000,0.933,0.0000,0.0000,0
2026-05-06,13:01:16,70600,2,0.0000,0.0016,0.1066,3.1342,7.6301,0,1.0000,0,0,50.5667,11.6771,-23.0175,-7.0929,-50.1457,0.112,0.000,0.930,0.0000,0.0000,0
2026-05-06,13:01:16,70635,2,0.0000,-0.0000,0.1088,3.1999,7.6300,0,1.0000,0,0,51.4870,24.3719,-23.3854,-7.9374,-69.7173,0.080,0.000,0.926,0.0000,0.0000,0
2026-05-06,13:01:16,70671,2,0.0000,-0.0106,0.1100,3.2351,7.6301,0,1.0000,0,0,51.2833,-8.8375,-23.3723,-1.6463,-86.2802,0.048,0.000,0.923,0.0000,0.0000,0
2026-05-06,13:01:16,70706,2,0.0000,-0.0125,0.1111,3.2679,7.6303,0,1.0000,0,0,50.7915,-6.1216,-23.2511,1.9194,-86.0686,0.016,0.000,0.920,0.0000,0.0000,0
2026-05-06,13:01:16,70741,2,0.0000,-0.0480,0.1187,3.4915,7.6304,0,1.0000,0,0,51.4660,21.8675,-23.3293,-0.5026,-74.8230,0.000,0.000,0.917,0.0000,0.0000,0
2026-05-06,13:01:17,70777,2,0.0000,-0.0814,0.1329,3.9095,7.6312,0,1.0000,0,0,51.6546,3.1785,-23.3685,-0.3712,-76.5148,0.000,0.000,0.914,0.0000,0.0000,0
2026-05-06,13:01:17,70812,2,0.0000,-0.0002,0.1305,3.8390,7.6313,0,1.0000,0,0,51.7234,7.4384,-23.5459,-3.3507,-86.0675,0.000,0.000,0.910,0.0000,0.0000,0
2026-05-06,13:01:17,70847,2,0.0000,0.0636,0.1237,3.6392,7.6310,0,1.0000,0,0,52.5859,27.4023,-23.8074,-5.9400,-87.8487,0.000,0.000,0.907,0.0000,0.0000,0
2026-05-06,13:01:17,70882,2,0.0000,0.1012,0.1079,3.1731,7.6303,0,1.0000,0,0,53.0450,13.4835,-23.9976,-5.3039,-101.7871,0.000,0.000,0.904,0.0000,0.0000,0
2026-05-06,13:01:17,70917,2,0.0000,0.0103,0.1014,2.9835,7.6297,0,1.0000,0,0,53.5483,19.2651,-24.1097,-3.8284,-99.4361,0.000,0.000,0.918,0.0000,0.0000,0
2026-05-06,13:01:17,70952,2,0.0000,-0.0667,0.1139,3.3508,7.6301,0,1.0000,0,0,53.5807,-5.4668,-24.3598,-5.8748,-58.8439,0.000,0.000,0.950,0.0000,0.0000,0
2026-05-06,13:01:17,70987,2,0.0000,-0.0957,0.1285,3.7798,7.6309,0,1.0000,0,0,52.5188,-22.3033,-24.8119,-9.7132,-45.5888,0.016,0.000,0.982,0.0000,0.0000,0
2026-05-06,13:01:17,71022,2,0.0000,0.0204,0.1277,3.7571,7.6311,0,1.0000,0,0,53.3206,29.2615,-25.1983,-9.3251,-66.2755,0.008,0.000,1.000,0.0000,0.0000,0
2026-05-06,13:01:17,71057,2,0.0000,0.0731,0.1176,3.4591,7.6307,0,1.0000,0,0,54.2001,26.0246,-25.1300,-0.3685,-83.0293,0.000,0.000,1.000,0.0000,0.0000,0
2026-05-06,13:01:17,71092,2,0.0000,0.2105,0.0874,2.5715,7.6294,0,1.0000,0,0,54.4884,10.9041,-24.9237,4.1570,-97.6240,0.000,0.000,1.000,0.0000,0.0000,0
2026-05-06,13:01:17,71127,2,0.0000,0.0129,0.0865,2.5444,7.6289,0,1.0000,0,0,55.2207,25.5560,-24.7810,4.2205,-109.7699,0.000,0.000,1.000,0.0000,0.0000,0
2026-05-06,13:01:17,71162,2,0.0000,-0.0832,0.0971,2.8549,7.6291,0,1.0000,0,0,56.0367,22.2153,-24.8809,-0.6946,-67.1569,0.000,0.000,1.000,0.0000,0.0000,0
2026-05-06,13:01:17,71202,2,0.0000,-0.1996,0.1300,3.8224,7.6307,0,1.0000,0,0,55.8209,-3.1569,-25.3109,-4.4010,-49.0394,0.000,0.000,1.000,0.0000,0.0000,0
2026-05-06,13:01:17,71238,2,0.0000,-0.0238,0.1408,4.1408,7.6317,0,1.0000,0,0,55.1154,-9.5107,-25.8940,-11.6016,-37.3576,0.000,0.000,1.000,0.0000,0.0000,0
2026-05-06,13:01:17,71273,2,0.0000,0.0008,0.1380,4.0574,7.6316,0,1.0000,0,0,55.9363,20.2590,-26.3189,-10.4367,-59.1470,0.000,0.000,1.000,0.0000,0.0000,0
2026-05-06,13:01:17,71308,2,0.0000,0.0151,0.1337,3.9325,7.6315,0,1.0000,0,0,56.2509,9.2019,-26.4061,-4.4689,-77.3959,0.000,0.000,1.000,0.0000,0.0000,0
2026-05-06,13:01:17,71343,2,0.0000,0.0377,0.1258,3.6985,7.6311,0,1.0000,0,0,56.7291,18.5226,-26.4034,-1.2585,-92.6264,0.000,0.000,1.000,0.0000,0.0000,0
2026-05-06,13:01:17,71378,2,0.0000,-0.0036,0.1228,3.6110,7.6308,0,1.0000,0,0,57.4474,20.2328,-26.4552,-1.1709,-65.0617,0.000,0.000,1.000,0.0000,0.0000,0
2026-05-06,13:01:17,71413,2,0.0000,-0.0995,0.1336,3.9290,7.6312,0,1.0000,0,0,57.6631,6.4610,-26.5373,-1.7738,-29.3581,0.000,0.000,1.000,0.0000,0.0000,0
2026-05-06,13:01:17,71449,2,0.0000,-0.0322,0.1427,4.1969,7.6318,0,1.0000,0,0,57.6928,0.0067,-26.9251,-7.3357,-13.7181,0.000,0.000,1.000,0.0000,0.0000,0
2026-05-06,13:01:17,71484,2,0.0000,-0.0416,0.1468,4.3174,7.6320,0,1.0000,0,0,57.9314,9.5868,-27.1664,-5.7923,-38.6147,0.000,0.000,1.000,0.0000,0.0000,0
2026-05-06,13:01:17,71519,2,0.0000,-0.0030,0.1460,4.2941,7.6320,0,1.0000,0,0,58.1183,4.8811,-27.0420,0.8728,-52.0525,0.000,0.000,1.000,0.0000,0.0000,0
2026-05-06,13:01:17,71554,2,0.0000,0.0579,0.1387,4.0789,7.6318,0,1.0000,0,0,57.9883,-5.4644,-27.0216,0.5543,-24.9370,0.000,0.000,1.000,0.0000,0.0000,0
2026-05-06,13:01:17,71589,2,0.0000,0.0844,0.1237,3.6371,7.6311,0,1.0000,0,0,58.3102,13.0122,-27.0484,-0.2155,-35.5190,0.000,0.000,1.000,0.0000,0.0000,0
2026-05-06,13:01:17,71624,2,0.0000,0.2818,0.0816,2.3990,7.6294,0,1.0000,0,0,58.7283,11.2571,-27.0683,-0.1647,-57.1715,0.000,0.000,1.000,0.0000,0.0000,0
2026-05-06,13:01:17,71659,2,0.0000,-0.1177,0.0985,2.8976,7.6291,0,1.0000,0,0,59.0587,13.6451,-27.0446,0.3051,-41.2412,0.000,0.000,1.000,0.0000,0.0000,0
2026-05-06,13:01:17,71694,2,0.0000,-0.3130,0.1409,4.1439,7.6309,0,1.0000,0,0,59.0375,-6.1757,-27.2376,-3.5835,-9.2820,0.000,0.000,1.000,0.0000,0.0000,0
2026-05-06,13:01:17,71729,2,0.0000,0.0115,0.1428,4.1987,7.6319,0,1.0000,0,0,58.4857,-13.8714,-27.5716,-6.6637,3.5373,0.000,0.000,1.000,0.0000,0.0000,0
2026-05-06,13:01:18,71764,2,0.0000,0.1035,0.1341,3.9455,7.6316,0,1.0000,0,0,58.7089,6.9046,-27.7158,-3.9875,-23.3810,0.000,0.000,1.000,0.0000,0.0000,0
2026-05-06,13:01:18,71800,2,0.0000,0.1293,0.1173,3.4498,7.6309,0,1.0000,0,0,58.9294,5.2055,-27.5650,1.8322,-25.5630,0.000,0.000,1.000,0.0000,0.0000,0
2026-05-06,13:01:18,71835,2,0.0000,0.2544,0.0822,2.4182,7.6293,0,1.0000,0,0,59.0956,6.4436,-27.4120,3.5579,-16.1888,0.000,0.000,1.000,0.0000,0.0000,0
2026-05-06,13:01:18,71870,2,0.0000,0.0337,0.0727,2.1380,7.6283,0,1.0000,0,0,59.8011,22.0631,-27.3395,2.4824,-40.4328,0.000,0.000,1.000,0.0000,0.0000,0
2026-05-06,13:01:18,71905,2,0.0000,-0.1024,0.0857,2.5212,7.6286,0,1.0000,0,0,60.1762,5.5065,-27.4239,-1.0962,-20.4211,0.000,0.000,1.000,0.0000,0.0000,0
2026-05-06,13:01:18,71940,2,0.0000,-0.1129,0.1060,3.1172,7.6296,0,1.0000,0,0,59.4487,-26.0885,-27.6546,-5.0234,8.6401,0.000,0.000,1.000,0.0000,0.0000,0
2026-05-06,13:01:18,71975,2,0.0000,-0.1190,0.1220,3.5868,7.6304,0,1.0000,0,0,58.9804,-7.1658,-28.1976,-12.0797,25.6473,0.064,0.000,1.000,0.0000,0.0000,0
2026-05-06,13:01:18,72010,2,0.0000,0.0104,0.1239,3.6438,7.6309,0,1.0000,0,0,59.2393,3.5124,-28.5401,-8.5758,-5.3619,0.080,0.000,1.000,0.0000,0.0000,0
2026-05-06,13:01:18,72045,2,0.0000,0.1079,0.1136,3.3401,7.6305,0,1.0000,0,0,58.6580,-18.2197,-28.2880,2.7211,-31.2509,0.096,0.000,1.000,0.0000,0.0000,0
2026-05-06,13:01:18,72080,2,0.0000,0.1876,0.0835,2.4546,7.6292,0,1.0000,0,0,59.0136,14.4311,-28.0401,5.7743,-53.1794,0.136,0.000,1.000,0.0000,0.0000,0
2026-05-06,13:01:18,72120,2,0.0000,-0.0037,0.0805,2.3688,7.6285,0,1.0000,0,0,59.7193,16.3574,-27.9288,4.9467,-42.0647,0.112,0.000,1.000,0.0000,0.0000,0
2026-05-06,13:01:18,72155,2,0.0000,-0.0837,0.0910,2.6760,7.6289,0,1.0000,0,0,59.5485,-13.7723,-27.8482,3.2459,-37.0448,0.080,0.000,1.000,0.0000,0.0000,0
2026-05-06,13:01:18,72190,2,0.0000,-0.0687,0.0985,2.8983,7.6293,0,1.0000,0,0,58.8901,-17.9130,-27.8903,0.2649,-58.3508,0.096,0.000,1.000,0.0000,0.0000,0
2026-05-06,13:01:18,72225,2,0.0000,0.0057,0.0929,2.7326,7.6293,0,1.0000,0,0,58.6111,-8.1943,-27.9160,-0.4095,-48.6691,0.160,0.000,0.999,0.0000,0.0000,0
2026-05-06,13:01:18,72260,2,0.0000,0.0115,0.0927,2.7270,7.6292,0,1.0000,0,0,58.3688,-9.7046,-27.9219,-0.2430,-49.1543,0.224,0.000,0.996,0.0000,0.0000,0
2026-05-06,13:01:18,72295,2,0.0000,0.0851,0.0789,2.3203,7.6287,0,1.0000,0,0,58.0843,-7.1537,-27.9442,-0.5649,-68.5704,0.288,0.000,0.993,0.0000,0.0000,0
2026-05-06,13:01:18,72331,2,0.0000,0.0523,0.0739,2.1737,7.6284,0,1.0000,0,0,58.3315,6.3737,-27.9875,-1.3330,-38.3493,0.328,0.000,0.990,0.0000,0.0000,0
2026-05-06,13:01:18,72366,2,0.0000,0.0918,0.0635,1.8688,7.6278,0,1.0000,0,0,58.4597,1.9678,-28.0723,-2.3599,-33.8262,0.296,0.000,0.986,0.0000,0.0000,0
2026-05-06,13:01:18,72401,2,0.0000,0.1114,0.0500,1.4702,7.6271,0,1.0000,0,0,58.5107,-0.6410,-28.1886,-3.4009,-55.6268,0.264,0.000,1.000,0.0000,0.0000,0
2026-05-06,13:01:18,72436,2,0.0000,0.0399,0.0446,1.3127,7.6267,0,1.0000,0,0,58.4784,-4.7553,-28.3237,-3.8571,-67.1733,0.232,0.000,1.000,0.0000,0.0000,0
2026-05-06,13:01:18,72471,2,0.0000,0.0034,0.0440,1.2939,7.6267,0,1.0000,0,0,57.9848,-17.1873,-28.3884,-2.7289,-37.6084,0.248,0.000,1.000,0.0000,0.0000,0
2026-05-06,13:01:18,72507,2,0.0000,0.0156,0.0440,1.2941,7.6267,0,1.0000,0,0,57.3669,-20.0910,-28.3927,-1.2156,-51.6408,0.312,0.000,1.000,0.0000,0.0000,0
2026-05-06,13:01:18,72543,2,0.0000,-0.0153,0.0500,1.4703,7.6267,0,1.0000,0,0,57.1689,-2.7051,-28.4138,-0.8909,-51.1103,0.376,0.000,1.000,0.0000,0.0000,0
2026-05-06,13:01:18,72579,2,0.0000,-0.3464,0.0935,2.7503,7.6283,0,1.0000,0,0,57.1332,-8.6615,-28.2503,2.8716,-69.7730,0.440,0.000,1.000,0.0000,0.0000,0
2026-05-06,13:01:18,72615,2,0.0000,-0.0640,0.1050,3.0873,7.6296,0,1.0000,0,0,56.0860,-31.9054,-27.9457,6.0350,-57.8670,0.504,0.000,1.000,0.0000,0.0000,0
2026-05-06,13:01:18,72650,2,0.0000,-0.0205,0.1086,3.1944,7.6299,0,1.0000,0,0,55.9477,0.1142,-27.9282,1.6897,-22.5866,0.568,0.000,1.000,0.0000,0.0000,0
2026-05-06,13:01:18,72685,2,0.0000,0.0198,0.1036,3.0461,7.6298,0,1.0000,0,0,56.0170,-4.8310,-27.9301,0.8456,1.2039,0.632,0.000,1.000,0.0000,0.0000,0
2026-05-06,13:01:18,72721,2,0.0000,0.0359,0.0960,2.8236,7.6295,0,1.0000,0,0,55.7686,-5.1420,-27.8815,1.2479,-6.7187,0.696,0.000,1.000,0.0000,0.0000,0
2026-05-06,13:01:19,72756,2,0.0000,0.0929,0.0855,2.5147,7.6290,0,1.0000,0,0,56.1372,8.9849,-27.8619,0.7107,-25.3352,0.688,0.000,1.000,0.0000,0.0000,0
2026-05-06,13:01:19,72791,2,0.0000,0.1779,0.0625,1.8381,7.6280,0,1.0000,0,0,56.3623,4.1225,-27.8625,0.2477,5.0402,0.656,0.000,1.000,0.0000,0.0000,0
2026-05-06,13:01:19,72826,2,0.0000,0.1619,0.0330,0.9695,7.6264,0,1.0000,0,0,56.7506,7.3357,-27.9213,-1.3207,-9.9665,0.624,0.000,1.000,0.0000,0.0000,0
2026-05-06,13:01:19,72861,2,0.0000,-0.0071,0.0378,1.1109,7.6263,0,1.0000,0,0,56.9845,1.5097,-28.0205,-2.6743,-7.4278,0.592,0.000,1.000,0.0000,0.0000,0
2026-05-06,13:01:19,72896,2,0.0000,-0.0494,0.0449,1.3220,7.6266,0,1.0000,0,0,56.1188,-32.3027,-28.1780,-4.3284,20.2635,0.584,0.000,1.000,0.0000,0.0000,0
2026-05-06,13:01:19,72931,2,0.0000,-0.2509,0.0759,2.2334,7.6276,0,1.0000,0,0,55.2843,-23.2832,-28.3466,-5.0391,-3.3049,0.648,0.000,1.000,0.0000,0.0000,0
2026-05-06,13:01:19,72966,2,0.0000,-0.2215,0.1181,3.4725,7.6300,0,1.0000,0,0,54.7198,-23.1382,-28.4272,-3.4279,-8.5083,0.712,0.000,1.000,0.0000,0.0000,0
2026-05-06,13:01:19,73001,2,0.0000,-0.0471,0.1252,3.6837,7.6308,0,1.0000,0,0,53.4800,-39.6740,-28.4343,-1.0293,-1.6429,0.776,0.000,1.000,0.0000,0.0000,0
2026-05-06,13:01:19,73037,2,0.0000,0.0564,0.1191,3.5015,7.6307,0,1.0000,0,0,53.0672,-8.9147,-28.2235,3.4101,-27.6076,0.840,0.000,1.000,0.0000,0.0000,0
2026-05-06,13:01:19,73077,2,0.0000,0.1226,0.0985,2.8983,7.6299,0,1.0000,0,0,53.0666,-6.4314,-27.8914,4.9263,-18.0816,0.888,0.000,1.000,0.0000,0.0000,0
2026-05-06,13:01:19,73113,2,0.0000,0.0683,0.0869,2.5562,7.6291,0,1.0000,0,0,52.6915,-12.1703,-27.7957,2.4294,11.1897,0.952,0.000,1.000,0.0000,0.0000,0
2026-05-06,13:01:19,73149,2,0.0000,0.0873,0.0761,2.2370,7.6286,0,1.0000,0,0,52.9238,7.0567,-27.9318,-1.7333,-17.1083,1.000,0.000,1.000,0.0000,0.0000,0
2026-05-06,13:01:19,73184,2,0.0000,0.1551,0.0590,1.7356,7.6278,0,1.0000,0,0,53.2386,4.5384,-28.0263,-2.6559,5.6910,0.968,0.000,1.000,0.0000,0.0000,0
2026-05-06,13:01:19,73219,2,0.0000,0.0772,0.0393,1.1544,7.6265,0,1.0000,0,0,53.5913,8.1461,-28.1735,-4.0728,17.2402,0.936,0.000,1.000,0.0000,0.0000,0
2026-05-06,13:01:19,73254,2,0.0000,-0.0402,0.0484,1.4233,7.6267,0,1.0000,0,0,53.7559,-2.7042,-28.3068,-4.1299,-11.9988,0.904,0.000,1.000,0.0000,0.0000,0
2026-05-06,13:01:19,73289,2,0.0000,-0.1368,0.0686,2.0191,7.6275,0,1.0000,0,0,52.6752,-38.4869,-28.2333,-0.0747,-36.7007,0.920,0.000,1.000,0.0000,0.0000,0
2026-05-06,13:01:19,73324,2,0.0000,-0.1344,0.0960,2.8236,7.6290,0,1.0000,0,0,51.7317,-26.8410,-27.9850,3.6463,-23.0988,0.984,0.000,1.000,0.0000,0.0000,0
2026-05-06,13:01:19,73359,2,0.0000,-0.0845,0.1027,3.0208,7.6295,0,1.0000,0,0,51.2784,-18.0707,-27.8384,3.5260,-31.8882,1.000,0.000,1.000,0.0000,0.0000,0
2026-05-06,13:01:19,73394,2,0.0000,-0.0250,0.1082,3.1832,7.6300,0,1.0000,0,0,50.2558,-32.9139,-27.8124,1.0551,-0.6290,1.000,0.000,1.000,0.0000,0.0000,0
2026-05-06,13:01:19,73429,2,0.0000,0.0212,0.1064,3.1306,7.6300,0,1.0000,0,0,49.8292,-10.3504,-27.9317,-1.7588,-8.3741,1.000,0.000,1.000,0.0000,0.0000,0
2026-05-06,13:01:19,73464,2,0.0000,0.0091,0.1049,3.0853,7.6299,0,1.0000,0,0,50.0166,1.9422,-27.9054,0.3198,-26.6789,1.000,0.000,1.000,0.0000,0.0000,0
2026-05-06,13:01:19,73500,2,0.0000,0.0713,0.0954,2.8065,7.6296,0,1.0000,0,0,49.7569,-12.6159,-27.8144,1.6727,3.8873,1.000,0.000,1.000,0.0000,0.0000,0
2026-05-06,13:01:19,73535,2,0.0000,0.0255,0.0905,2.6631,7.6292,0,1.0000,0,0,49.4741,-10.0798,-27.8124,0.4649,-4.3933,1.000,0.000,1.000,0.0000,0.0000,0
2026-05-06,13:01:19,73570,2,0.0000,0.0423,0.0834,2.4543,7.6288,0,1.0000,0,0,49.0621,-17.0122,-27.8576,-0.9673,-2.7071,1.000,0.000,1.000,0.0000,0.0000,0
2026-05-06,13:01:19,73605,2,0.0000,0.0066,0.0778,2.2869,7.6284,0,1.0000,0,0,48.6251,-10.5649,-27.9408,-2.2701,10.1469,1.000,0.000,1.000,0.0000,0.0000,0
2026-05-06,13:01:19,73641,2,0.0000,-0.0450,0.0844,2.4810,7.6286,0,1.0000,0,0,48.6809,-3.1539,-28.0443,-2.9675,-17.9876,1.000,0.000,1.000,0.0000,0.0000,0
2026-05-06,13:01:19,73676,2,0.0000,-0.0849,0.0956,2.8122,7.6291,0,1.0000,0,0,47.9031,-28.4279,-27.9280,0.9829,-41.7160,1.000,0.000,1.000,0.0000,0.0000,0
2026-05-06,13:01:19,73711,2,0.0000,-0.0386,0.1010,2.9692,7.6295,0,1.0000,0,0,47.1460,-19.1970,-27.7239,3.1682,-8.4826,1.000,0.000,1.000,0.0000,0.0000,0
2026-05-06,13:01:19,73747,2,0.0000,-0.0030,0.1003,2.9489,7.6296,0,1.0000,0,0,47.1037,-4.8541,-27.8739,-2.6439,19.3466,1.000,0.000,1.000,0.0000,0.0000,0
2026-05-06,13:01:20,73782,2,0.0000,0.0092,0.0988,2.9054,7.6295,0,1.0000,0,0,46.8245,-7.1866,-28.0139,-3.6776,35.9959,1.000,0.000,1.000,0.0000,0.0000,0
2026-05-06,13:01:20,73817,2,0.0000,-0.0030,0.0993,2.9220,7.6295,0,1.0000,0,0,47.0761,4.1513,-28.1336,-3.5642,16.3549,0.992,0.000,1.000,0.0000,0.0000,0
2026-05-06,13:01:20,73852,2,0.0000,-0.0012,0.0982,2.8874,7.6295,0,1.0000,0,0,46.6883,-15.9843,-28.1532,-1.7151,40.6061,1.000,0.000,1.000,0.0000,0.0000,0
2026-05-06,13:01:20,73887,2,0.0000,0.0533,0.0926,2.7237,7.6293,0,1.0000,0,0,46.0620,-19.7579,-28.1894,-1.4510,47.1646,1.000,0.000,1.000,0.0000,0.0000,0
2026-05-06,13:01:20,73922,2,0.0000,0.0410,0.0875,2.5727,7.6290,0,1.0000,0,0,45.9107,-3.9751,-28.2576,-1.9377,13.2712,1.000,0.000,1.000,0.0000,0.0000,0
2026-05-06,13:01:20,73957,2,0.0000,-0.0191,0.0927,2.7276,7.6290,0,1.0000,0,0,45.8049,-7.0312,-28.2892,-1.2669,31.7159,1.000,0.000,1.000,0.0000,0.0000,0
2026-05-06,13:01:20,73992,2,0.0000,-0.0689,0.1006,2.9584,7.6294,0,1.0000,0,0,45.3160,-17.1142,-28.2640,0.0716,19.4167,1.000,0.000,1.000,0.0000,0.0000,0
2026-05-06,13:01:20,74029,2,0.0000,-0.0279,0.1049,3.0858,7.6298,0,1.0000,0,0,45.1811,-9.4383,-28.0586,1.8630,7.8411,1.000,0.000,1.000,0.0000,0.0000,0
2026-05-06,13:01:20,74064,2,0.0000,0.0294,0.1035,3.0448,7.6298,0,1.0000,0,0,44.8485,-11.6930,-27.9366,2.4153,33.4152,1.000,0.000,1.000,0.0000,0.0000,0
2026-05-06,13:01:20,74099,2,0.0000,0.1105,0.0918,2.6993,7.6294,0,1.0000,0,0,44.6403,-7.2203,-27.9998,-0.5672,33.8676,1.000,0.000,1.000,0.0000,0.0000,0
2026-05-06,13:01:20,74134,2,0.0000,0.0585,0.0816,2.4011,7.6288,0,1.0000,0,0,44.6208,-2.8980,-28.0293,-0.7547,16.2076,1.000,0.000,1.000,0.0000,0.0000,0
2026-05-06,13:01:20,74169,2,0.0000,0.0712,0.0744,2.1881,7.6284,0,1.0000,0,0,44.2456,-13.6875,-28.1155,-2.2623,40.4539,1.000,0.000,1.000,0.0000,0.0000,0
2026-05-06,13:01:20,74204,2,0.0000,0.0330,0.0699,2.0549,7.6281,0,1.0000,0,0,44.0649,-5.6213,-28.2627,-3.8740,40.1558,1.000,0.000,1.000,0.0000,0.0000,0
2026-05-06,13:01:20,74239,2,0.0000,-0.0131,0.0674,1.9817,7.6280,0,1.0000,0,0,44.0935,-1.9335,-28.3882,-3.9180,28.4142,1.000,0.000,1.000,0.0000,0.0000,0
2026-05-06,13:01:20,74274,2,0.0000,-0.0929,0.0809,2.3792,7.6283,0,1.0000,0,0,43.8467,-9.5749,-28.5066,-3.8942,50.8560,1.000,0.000,1.000,0.0000,0.0000,0
2026-05-06,13:01:20,74309,2,0.0000,-0.0898,0.0971,2.8552,7.6292,0,1.0000,0,0,43.4203,-15.9012,-28.5986,-3.1902,35.4739,1.000,0.000,1.000,0.0000,0.0000,0
2026-05-06,13:01:20,74344,2,0.0000,-0.0845,0.1099,3.2310,7.6298,0,1.0000,0,0,42.9063,-14.9142,-28.6498,-2.0742,43.7992,1.000,0.000,1.000,0.0000,0.0000,0
2026-05-06,13:01:20,74379,2,0.0000,-0.1001,0.1230,3.6168,7.6306,0,1.0000,0,0,42.6898,-7.8348,-28.5909,0.4491,44.8357,1.000,0.000,1.000,0.0000,0.0000,0
2026-05-06,13:01:20,74414,2,0.0000,0.0007,0.1279,3.7606,7.6310,0,1.0000,0,0,42.4116,-8.6214,-28.5379,1.3682,24.2319,1.000,0.000,1.000,0.0000,0.0000,0
2026-05-06,13:01:20,74449,2,0.0000,0.0213,0.1253,3.6844,7.6310,0,1.0000,0,0,42.4046,-1.4232,-28.4572,2.0945,20.0246,1.000,0.000,1.000,0.0000,0.0000,0
2026-05-06,13:01:20,74484,2,0.0000,-0.0063,0.1259,3.7041,7.6310,0,1.0000,0,0,42.3039,-3.5609,-28.4077,1.6557,30.9087,1.000,0.000,1.000,0.0000,0.0000,0
2026-05-06,13:01:20,74519,2,0.0000,-0.0052,0.1273,3.7453,7.6310,0,1.0000,0,0,42.0794,-7.6561,-28.4024,0.5671,53.0068,1.000,0.000,1.000,0.0000,0.0000,0
2026-05-06,13:01:20,74555,2,0.0000,-0.0102,0.1276,3.7521,7.6310,0,1.0000,0,0,41.6550,-13.1888,-28.3205,1.9570,18.3754,1.000,0.000,1.000,0.0000,0.0000,0
2026-05-06,13:01:20,74590,2,0.0000,-0.0290,0.1317,3.8749,7.6312,0,1.0000,0,0,41.4871,-5.6962,-28.0482,5.7706,-3.7011,1.000,0.000,1.000,0.0000,0.0000,0
2026-05-06,13:01:20,74625,2,0.0000,-0.0024,0.1303,3.8319,7.6312,0,1.0000,0,0,41.1430,-14.0312,-27.7933,6.0118,4.7833,1.000,0.000,1.000,0.0000,0.0000,0
2026-05-06,13:01:20,74660,2,0.0000,0.0147,0.1287,3.7841,7.6311,0,1.0000,0,0,40.8476,-5.8521,-27.7588,1.8059,30.8068,1.000,0.000,1.000,0.0000,0.0000,0
2026-05-06,13:01:20,74695,2,0.0000,-0.0032,0.1277,3.7566,7.6310,0,1.0000,0,0,41.0731,5.6461,-27.8640,-1.4924,38.7022,0.984,0.000,1.000,0.0000,0.0000,0
2026-05-06,13:01:20,74731,2,0.0000,0.0020,0.1250,3.6753,7.6309,0,1.0000,0,0,40.8193,-7.9701,-27.8307,-0.1092,27.2953,0.952,0.000,1.000,0.0000,0.0000,0
2026-05-06,13:01:21,74766,2,0.0000,0.0086,0.1254,3.6869,7.6309,0,1.0000,0,0,40.5517,-5.9775,-27.7358,1.6784,-3.4309,0.992,0.000,1.000,0.0000,0.0000,0
2026-05-06,13:01:21,74801,2,0.0000,0.0034,0.1246,3.6654,7.6309,0,1.0000,0,0,40.7652,5.8346,-27.4980,4.7514,-8.3602,0.976,0.000,0.999,0.0000,0.0000,0
2026-05-06,13:01:21,74836,2,0.0000,-0.0422,0.1305,3.8381,7.6311,0,1.0000,0,0,40.6319,-5.4164,-27.1666,7.8969,-20.7402,0.944,0.000,0.996,0.0000,0.0000,0
2026-05-06,13:01:21,74872,2,0.0000,-0.0635,0.1405,4.1315,7.6316,0,1.0000,0,0,40.3048,-9.7278,-26.6860,10.2897,-16.0635,0.936,0.000,1.000,0.0000,0.0000,0
2026-05-06,13:01:21,74907,2,0.0000,0.0094,0.1434,4.2190,7.6319,0,1.0000,0,0,39.7141,-19.3633,-26.5120,5.2863,13.0913,1.000,0.000,1.000,0.0000,0.0000,0
2026-05-06,13:01:21,74942,2,0.0000,0.0629,0.1351,3.9727,7.6316,0,1.0000,0,0,39.4606,-3.6846,-26.7373,-3.0929,30.6360,1.000,0.000,1.000,0.0000,0.0000,0
2026-05-06,13:01:21,74982,2,0.0000,0.0250,0.1298,3.8172,7.6313,0,1.0000,0,0,39.7951,9.8603,-26.6540,-1.5925,14.5957,1.000,0.000,1.000,0.0000,0.0000,0
2026-05-06,13:01:21,75018,2,0.0000,0.0037,0.1308,3.8469,7.6313,0,1.0000,0,0,39.5984,-9.4158,-26.3331,4.8050,-13.6714,0.968,0.000,1.000,0.0000,0.0000,0
2026-05-06,13:01:21,75053,2,0.0000,-0.0528,0.1420,4.1779,7.6317,0,1.0000,0,0,38.5457,-30.4510,-25.8330,9.7335,-9.7946,1.000,0.000,1.000,0.0000,0.0000,0
2026-05-06,13:01:21,75088,2,0.0000,-0.1310,0.1593,4.6863,7.6324,0,1.0000,0,0,38.1580,0.1872,-25.5671,6.9185,18.9608,1.000,0.000,1.000,0.0000,0.0000,0
2026-05-06,13:01:21,75123,2,0.0000,-0.0168,0.1675,4.9266,7.6332,0,1.0000,0,0,38.7157,10.7857,-25.6477,-0.6344,42.9270,0.984,0.000,1.000,0.0000,0.0000,0
2026-05-06,13:01:21,75158,2,0.0000,0.0281,0.1599,4.7028,7.6331,0,1.0000,0,0,39.1432,17.8072,-25.7080,-1.9132,17.3050,0.952,0.000,1.000,0.0000,0.0000,0
2026-05-06,13:01:21,75193,2,0.0000,0.2289,0.1353,3.9784,7.6320,0,1.0000,0,0,39.9710,23.6915,-25.6305,-0.1486,2.6752,0.920,0.000,1.000,0.0000,0.0000,0
2026-05-06,13:01:21,75228,2,0.0000,0.0206,0.1176,3.4590,7.6307,0,1.0000,0,0,40.6852,22.5803,-25.4698,2.3601,15.3043,0.888,0.000,1.000,0.0000,0.0000,0
2026-05-06,13:01:21,75264,2,0.0000,-0.1337,0.1315,3.8662,7.6309,0,1.0000,0,0,41.5080,25.0865,-24.9671,9.9421,-12.6296,0.856,0.000,1.000,0.0000,0.0000,0
2026-05-06,13:01:21,75299,2,0.0000,-0.2229,0.1640,4.8224,7.6324,0,1.0000,0,0,40.3086,-39.7703,-24.1526,17.3709,-36.3198,0.824,0.000,1.000,0.0000,0.0000,0
2026-05-06,13:01:21,75334,2,0.0000,-0.0746,0.1907,5.6088,7.6342,0,1.0000,0,0,39.3597,-8.9042,-23.8846,7.8856,-4.3698,0.864,0.000,1.000,0.0000,0.0000,0
2026-05-06,13:01:21,75369,2,0.0000,0.0286,0.1819,5.3495,7.6340,0,1.0000,0,0,40.5983,40.5028,-24.4734,-9.2816,22.3595,0.856,0.000,1.000,0.0000,0.0000,0
2026-05-06,13:01:21,75404,2,0.0000,0.1099,0.1708,5.0232,7.6336,0,1.0000,0,0,41.6415,26.4351,-24.9336,-11.8784,-7.4637,0.824,0.000,1.000,0.0000,0.0000,0
2026-05-06,13:01:21,75439,2,0.0000,0.0895,0.1441,4.2384,7.6322,0,1.0000,0,0,42.2699,30.3038,-24.9770,-4.8364,-32.6896,0.792,0.000,1.000,0.0000,0.0000,0
2026-05-06,13:01:21,75474,2,0.0000,-0.2104,0.1736,5.1045,7.6330,0,1.0000,0,0,43.9984,43.8434,-24.6106,5.2533,-53.6757,0.760,0.000,1.000,0.0000,0.0000,0
2026-05-06,13:01:21,75509,2,0.0000,-0.0807,0.1881,5.5320,7.6340,0,1.0000,0,0,43.1906,-24.0155,-24.0410,10.8954,-64.3913,0.728,0.000,1.000,0.0000,0.0000,0
2026-05-06,13:01:21,75545,2,0.0000,0.0348,0.1872,5.5051,7.6344,0,1.0000,0,0,42.5083,-8.2925,-23.9244,4.4243,-27.9325,0.696,0.000,1.000,0.0000,0.0000,0
2026-05-06,13:01:21,75580,2,0.0000,0.0423,0.1765,5.1923,7.6338,0,1.0000,0,0,43.7043,38.6327,-24.1180,-2.6290,-11.7302,0.664,0.000,1.000,0.0000,0.0000,0
2026-05-06,13:01:21,75615,2,0.0000,0.3476,0.1314,3.8651,7.6322,0,1.0000,0,0,44.3291,12.5969,-24.2509,-3.6094,-36.4177,0.632,0.000,1.000,0.0000,0.0000,0
2026-05-06,13:01:21,75650,2,0.0000,-0.0254,0.1264,3.7168,7.6309,0,1.0000,0,0,44.7846,23.9248,-24.0324,3.7325,-56.8991,0.600,0.000,1.000,0.0000,0.0000,0
2026-05-06,13:01:21,75685,2,0.0000,-0.3915,0.1706,5.0184,7.6324,0,1.0000,0,0,46.2873,36.8229,-22.8003,25.3377,-72.2114,0.568,0.000,1.000,0.0000,0.0000,0
2026-05-06,13:01:21,75720,2,0.0000,-0.0083,0.1904,5.5992,7.6344,0,1.0000,0,0,44.5514,-54.1252,-21.3113,32.2258,-51.9301,0.536,0.000,1.000,0.0000,0.0000,0
2026-05-06,13:01:22,75755,2,0.0000,-0.0039,0.1876,5.5178,7.6343,0,1.0000,0,0,44.2007,13.3714,-22.0066,-5.3550,-19.5709,0.600,0.000,1.000,0.0000,0.0000,0
2026-05-06,13:01:22,75790,2,0.0000,0.0489,0.1825,5.3684,7.6342,0,1.0000,0,0,46.3872,51.1959,-22.9405,-17.5353,-18.1077,0.568,0.000,1.000,0.0000,0.0000,0
2026-05-06,13:01:22,75825,2,0.0000,0.1093,0.1658,4.8764,7.6335,0,1.0000,0,0,45.3714,-30.1257,-22.8920,-5.3021,-40.9900,0.536,0.000,1.000,0.0000,0.0000,0
2026-05-06,13:01:22,75860,2,0.0000,-0.1285,0.1827,5.3732,7.6336,0,1.0000,0,0,46.7943,58.2828,-22.5240,5.6802,-60.2465,0.504,0.000,1.000,0.0000,0.0000,0
2026-05-06,13:01:22,75894,2,0.0000,-0.0255,0.1869,5.4979,7.6341,0,1.0000,0,0,47.1322,37.6656,-21.3796,12.1151,-56.4054,0.488,0.000,1.000,0.0000,0.0000,0
2026-05-06,13:01:22,75929,2,0.0000,-0.0732,0.1891,5.5607,7.6342,0,1.0000,0,0,45.8223,-21.2295,-20.9838,8.5584,-47.1392,0.456,0.000,1.000,0.0000,0.0000,0
2026-05-06,13:01:22,75964,2,0.0000,0.0181,0.1881,5.5321,7.6343,0,1.0000,0,0,47.2063,44.1180,-21.1279,-0.1368,-27.5308,0.424,0.000,1.000,0.0000,0.0000,0
2026-05-06,13:01:22,75999,2,0.0000,0.0035,0.1869,5.4968,7.6342,0,1.0000,0,0,47.1963,-7.8934,-21.0239,0.8764,-9.7036,0.392,0.000,1.000,0.0000,0.0000,0
2026-05-06,13:01:22,76035,2,0.0000,-0.0016,0.1840,5.4106,7.6342,0,1.0000,0,0,46.6738,-7.5655,-21.0361,-0.6811,-34.2538,0.360,0.000,1.000,0.0000,0.0000,0
2026-05-06,13:01:22,76070,2,0.0000,0.0129,0.1833,5.3903,7.6341,0,1.0000,0,0,47.0128,13.6579,-20.6402,7.5445,-54.5430,0.328,0.000,1.000,0.0000,0.0000,0
2026-05-06,13:01:22,76105,2,0.0000,-0.0104,0.1842,5.4172,7.6341,0,1.0000,0,0,47.0569,0.0880,-19.8993,14.7623,-37.4419,0.296,0.000,1.000,0.0000,0.0000,0
2026-05-06,13:01:22,76140,2,0.0000,0.0074,0.1845,5.4271,7.6341,0,1.0000,0,0,47.0035,3.0987,-19.8093,4.9089,-4.7182,0.264,0.000,1.000,0.0000,0.0000,0
2026-05-06,13:01:22,76175,2,0.0000,0.0087,0.1852,5.4482,7.6342,0,1.0000,0,0,47.1982,5.4678,-19.8421,0.9128,-17.5787,0.232,0.000,1.000,0.0000,0.0000,0
2026-05-06,13:01:22,76210,2,0.0000,-0.0007,0.1854,5.4536,7.6341,0,1.0000,0,0,47.2848,6.4158,-19.6555,2.7894,-13.2925,0.200,0.000,1.000,0.0000,0.0000,0
2026-05-06,13:01:22,76245,2,0.0000,0.0002,0.1844,5.4224,7.6341,0,1.0000,0,0,47.9059,17.7052,-19.7327,-0.6437,-18.6207,0.168,0.000,1.000,0.0000,0.0000,0
2026-05-06,13:01:22,76280,2,0.0000,-0.0069,0.1928,5.6701,7.6343,0,1.0000,0,0,47.3411,-11.6463,-19.4305,5.7840,-41.4944,0.136,0.000,1.000,0.0000,0.0000,0
2026-05-06,13:01:22,76315,2,0.0000,-0.0441,0.1928,5.6699,7.6344,0,1.0000,0,0,47.7143,15.2815,-19.1350,6.0490,-27.2555,0.104,0.000,1.000,0.0000,0.0000,0
2026-05-06,13:01:22,76350,2,0.0000,0.0013,0.1906,5.6050,7.6344,0,1.0000,0,0,48.4919,23.9167,-19.1419,1.7775,-17.3081,0.072,0.000,1.000,0.0000,0.0000,0
2026-05-06,13:01:22,76385,2,0.0000,0.0254,0.1902,5.5944,7.6345,0,1.0000,0,0,48.5774,3.8451,-19.0109,2.7001,-40.8742,0.040,0.000,1.000,0.0000,0.0000,0
2026-05-06,13:01:22,76420,2,0.0000,0.0615,0.1866,5.4882,7.6343,0,1.0000,0,0,48.6512,6.5901,-18.9045,2.3882,-61.0914,0.008,0.000,1.000,0.0000,0.0000,0
2026-05-06,13:01:22,76455,2,0.0000,0.0226,0.1907,5.6082,7.6344,0,1.0000,0,0,49.2897,24.9600,-18.8207,2.0118,-31.5808,0.000,0.000,1.000,0.0000,0.0000,0
2026-05-06,13:01:22,76490,2,0.0000,-0.0008,0.1886,5.5468,7.6344,0,1.0000,0,0,49.5353,3.6338,-18.8608,-0.2527,-53.4455,0.000,0.000,1.000,0.0000,0.0000,0
2026-05-06,13:01:22,76525,2,0.0000,0.0167,0.1907,5.6093,7.6345,0,1.0000,0,0,49.4447,1.6362,-18.8827,-0.7081,-57.8439,0.000,0.000,1.000,0.0000,0.0000,0
2026-05-06,13:01:22,76560,2,0.0000,0.0360,0.1902,5.5935,7.6344,0,1.0000,0,0,50.3249,36.2052,-18.9076,-0.4254,-63.1365,0.000,0.000,0.998,0.0000,0.0000,0
2026-05-06,13:01:22,76595,2,0.0000,0.0008,0.1911,5.6215,7.6344,0,1.0000,0,0,51.2022,23.7189,-18.9230,-0.4011,-61.0584,0.000,0.000,1.000,0.0000,0.0000,0
2026-05-06,13:01:22,76630,2,0.0000,0.0016,0.1917,5.6380,7.6345,0,1.0000,0,0,51.0572,-2.5091,-18.8036,1.9052,-50.6017,0.000,0.000,1.000,0.0000,0.0000,0
2026-05-06,13:01:22,76665,2,0.0000,-0.0006,0.1897,5.5803,7.6343,0,1.0000,0,0,51.6655,23.9118,-18.7524,1.6435,-42.9960,0.000,0.000,1.000,0.0000,0.0000,0
2026-05-06,13:01:22,76700,2,0.0000,0.0158,0.1817,5.3429,7.6341,0,1.0000,0,0,52.8743,36.6604,-18.7219,1.2358,-63.1280,0.000,0.000,1.000,0.0000,0.0000,0
2026-05-06,13:01:22,76735,2,0.0000,0.0076,0.1811,5.3253,7.6339,0,1.0000,0,0,53.1849,8.4428,-18.6785,1.4649,-80.1933,0.000,0.000,1.000,0.0000,0.0000,0
2026-05-06,13:01:23,76770,2,0.0000,0.0096,0.1801,5.2970,7.6339,0,1.0000,0,0,53.1934,4.5362,-18.6342,1.3188,-81.9214,0.000,0.000,1.000,0.0000,0.0000,0
2026-05-06,13:01:23,76805,2,0.0000,0.0102,0.1790,5.2661,7.6339,0,1.0000,0,0,53.9217,24.8783,-18.6390,0.2177,-96.2888,0.000,0.000,1.000,0.0000,0.0000,0
2026-05-06,13:01:23,76845,2,0.0000,-0.0015,0.1813,5.3324,7.6339,0,1.0000,0,0,54.0724,11.4018,-18.6594,-0.1002,-102.7671,0.000,0.000,1.000,0.0000,0.0000,0
2026-05-06,13:01:23,76881,2,0.0000,0.0041,0.1796,5.2827,7.6339,0,1.0000,0,0,54.5078,16.8723,-18.7144,-1.2616,-101.4374,0.000,0.000,1.000,0.0000,0.0000,0
2026-05-06,13:01:23,76916,2,0.0000,-0.0031,0.1811,5.3269,7.6339,0,1.0000,0,0,55.1130,17.5012,-18.8288,-2.5400,-113.1995,0.000,0.000,1.000,0.0000,0.0000,0
2026-05-06,13:01:23,76951,2,0.0000,-0.0030,0.1806,5.3124,7.6338,0,1.0000,0,0,55.3266,7.7961,-18.9767,-3.2766,-123.1791,0.000,0.000,1.000,0.0000,0.0000,0
2026-05-06,13:01:23,76986,2,0.0000,0.0003,0.1797,5.2852,7.6338,0,1.0000,0,0,55.7245,16.5633,-19.0816,-3.1090,-131.7869,0.000,0.000,1.000,0.0000,0.0000,0
2026-05-06,13:01:23,77022,2,0.0000,0.0039,0.1797,5.2865,7.6338,0,1.0000,0,0,56.2919,14.8927,-19.2394,-3.7577,-124.9363,0.000,0.000,1.000,0.0000,0.0000,0
2026-05-06,13:01:23,77057,2,0.0000,0.0013,0.1792,5.2712,7.6338,0,1.0000,0,0,56.4380,5.6719,-19.3702,-2.9445,-133.1372,0.000,0.000,1.000,0.0000,0.0000,0
2026-05-06,13:01:23,77093,2,0.0000,0.0059,0.1780,5.2361,7.6338,0,1.0000,0,0,56.8163,13.3500,-19.3726,-1.0004,-140.0041,0.000,0.000,1.000,0.0000,0.0000,0
2026-05-06,13:01:23,77128,2,0.0000,0.0610,0.1722,5.0636,7.6336,0,1.0000,0,0,57.1776,8.5551,-19.4132,-1.2770,-145.9202,0.000,0.000,1.000,0.0000,0.0000,0
2026-05-06,13:01:23,77163,2,0.0000,0.0379,0.1715,5.0442,7.6334,0,1.0000,0,0,57.4632,10.7142,-19.5254,-2.3925,-151.2264,0.000,0.000,1.000,0.0000,0.0000,0
2026-05-06,13:01:23,77198,2,0.0000,0.0903,0.1560,4.5887,7.6329,0,1.0000,0,0,57.8370,12.0953,-19.7207,-4.4426,-155.6850,0.000,0.000,1.000,0.0000,0.0000,0
2026-05-06,13:01:23,77233,2,0.0000,0.0767,0.1499,4.4074,7.6324,0,1.0000,0,0,58.0840,5.6827,-19.8812,-4.1647,-159.4530,0.000,0.000,1.000,0.0000,0.0000,0
2026-05-06,13:01:23,77268,2,0.0000,0.0547,0.1397,4.1082,7.6319,0,1.0000,0,0,58.2171,6.3012,-19.9500,-2.2247,-162.6469,0.000,0.000,1.000,0.0000,0.0000,0
2026-05-06,13:01:23,77303,2,0.0000,0.0777,0.1290,3.7930,7.6313,0,1.0000,0,0,58.3565,4.3895,-19.9631,-0.6064,-165.3090,0.000,0.000,1.000,0.0000,0.0000,0
2026-05-06,13:01:23,77338,2,0.0000,0.0066,0.1277,3.7572,7.6311,0,1.0000,0,0,58.5788,8.5969,-19.9892,-0.3411,-167.7674,0.000,0.000,1.000,0.0000,0.0000,0
2026-05-06,13:01:23,77373,2,0.0000,-0.0012,0.1293,3.8036,7.6311,0,1.0000,0,0,58.9255,10.1627,-20.0568,-0.7944,-169.9160,0.000,0.000,1.000,0.0000,0.0000,0
2026-05-06,13:01:23,77408,2,0.0000,-0.0092,0.1299,3.8220,7.6311,0,1.0000,0,0,58.8382,-4.2805,-20.1340,-1.3619,-171.8461,0.000,0.000,1.000,0.0000,0.0000,0
2026-05-06,13:01:23,77443,2,0.0000,-0.0021,0.1283,3.7732,7.6311,0,1.0000,0,0,58.9039,4.6732,-20.2462,-1.9514,-173.3684,0.000,0.000,1.000,0.0000,0.0000,0
2026-05-06,13:01:23,77478,2,0.0000,-0.0002,0.1306,3.8404,7.6311,0,1.0000,0,0,59.1464,5.5275,-20.3164,-1.5740,-174.6597,0.000,0.000,1.000,0.0000,0.0000,0
2026-05-06,13:01:23,77513,2,0.0000,0.0192,0.1263,3.7156,7.6311,0,1.0000,0,0,58.9616,-7.1604,-20.4330,-2.2177,-169.3578,0.000,0.000,1.000,0.0000,0.0000,0
2026-05-06,13:01:23,77548,2,0.0000,0.0738,0.1142,3.3593,7.6306,0,1.0000,0,0,59.0255,3.8084,-20.5719,-2.6200,-171.4137,0.000,0.000,1.000,0.0000,0.0000,0
2026-05-06,13:01:23,77583,2,0.0000,0.0163,0.1110,3.2649,7.6303,0,1.0000,0,0,59.3258,8.7098,-20.6621,-1.9692,-173.1536,0.000,0.000,1.000,0.0000,0.0000,0
2026-05-06,13:01:23,77618,2,0.0000,-0.0087,0.1148,3.3759,7.6303,0,1.0000,0,0,59.2716,-2.8528,-20.8186,-3.1484,-174.7074,0.000,0.000,1.000,0.0000,0.0000,0
2026-05-06,13:01:23,77653,2,0.0000,-0.0129,0.1152,3.3889,7.6304,0,1.0000,0,0,59.2570,1.1323,-21.0213,-4.4284,-176.2072,0.000,0.000,1.000,0.0000,0.0000,0
2026-05-06,13:01:23,77688,2,0.0000,0.0075,0.1156,3.3991,7.6305,0,1.0000,0,0,59.2649,-0.8127,-21.2559,-5.2316,-177.3661,0.000,0.000,1.000,0.0000,0.0000,0
2026-05-06,13:01:23,77723,2,0.0000,-0.0013,0.1163,3.4199,7.6304,0,1.0000,0,0,59.2161,-0.3035,-21.4423,-4.6533,-178.3183,0.000,0.000,1.000,0.0000,0.0000,0
2026-05-06,13:01:24,77764,2,0.0000,0.0059,0.1145,3.3691,7.6304,0,1.0000,0,0,59.2810,0.3847,-21.7850,-4.7159,-179.2922,0.000,0.000,1.000,0.0000,0.0000,0
2026-05-06,13:01:24,77799,2,0.0000,0.0669,0.1091,3.2081,7.6302,0,1.0000,0,0,59.0964,-5.3746,-21.9202,-3.6849,-180.0507,0.000,0.000,1.000,0.0000,0.0000,0
2026-05-06,13:01:24,77834,2,0.0000,0.1397,0.0935,2.7502,7.6297,0,1.0000,0,0,59.1545,2.4787,-22.0911,-3.8274,-180.5377,0.000,0.000,1.000,0.0000,0.0000,0
2026-05-06,13:01:24,77869,2,0.0000,-0.0123,0.0935,2.7500,7.6293,0,1.0000,0,0,59.4668,9.7041,-22.2141,-3.0079,-180.9018,0.000,0.000,1.000,0.0000,0.0000,0
2026-05-06,13:01:24,77904,2,0.0000,-0.0430,0.0997,2.9336,7.6294,0,1.0000,0,0,59.4372,-3.7503,-22.4286,-5.0360,-160.7396,0.000,0.000,1.000,0.0000,0.0000,0
2026-05-06,13:01:24,77940,2,0.0000,-0.0456,0.1045,3.0745,7.6297,0,1.0000,0,0,59.2902,-1.3073,-22.8165,-8.2305,-138.7628,0.000,0.000,1.000,0.0000,0.0000,0
2026-05-06,13:01:24,77975,2,0.0000,-0.0604,0.1104,3.2459,7.6301,0,1.0000,0,0,59.5122,5.5731,-23.0795,-7.1358,-145.4723,0.000,0.000,1.000,0.0000,0.0000,0
2026-05-06,13:01:24,78010,2,0.0000,0.0086,0.1104,3.2475,7.6302,0,1.0000,0,0,59.2677,-9.1923,-23.2964,-5.8938,-150.9775,0.000,0.000,1.000,0.0000,0.0000,0
2026-05-06,13:01:24,78046,2,0.0000,0.0483,0.1080,3.1754,7.6301,0,1.0000,0,0,59.2861,2.1598,-23.4506,-4.4639,-155.5643,0.000,0.000,0.997,0.0000,0.0000,0
2026-05-06,13:01:24,78081,2,0.0000,0.0690,0.1014,2.9834,7.6298,0,1.0000,0,0,59.7549,13.9799,-23.5188,-2.4891,-159.3509,0.000,0.000,0.994,0.0000,0.0000,0
2026-05-06,13:01:24,78116,2,0.0000,-0.0018,0.1030,3.0304,7.6296,0,1.0000,0,0,59.8987,1.4598,-23.6362,-3.0724,-148.5481,0.000,0.000,0.990,0.0000,0.0000,0
2026-05-06,13:01:24,78151,2,0.0000,-0.0093,0.1013,2.9792,7.6296,0,1.0000,0,0,59.7817,-1.8078,-23.8755,-5.4302,-100.2685,0.000,0.000,0.987,0.0000,0.0000,0
2026-05-06,13:01:24,78186,2,0.0000,-0.0293,0.1097,3.2270,7.6298,0,1.0000,0,0,59.8121,-1.2354,-24.2010,-7.6434,-92.1127,0.000,0.000,0.984,0.0000,0.0000,0
2026-05-06,13:01:24,78221,2,0.0000,-0.0083,0.1068,3.1411,7.6300,0,1.0000,0,0,59.4412,-11.0289,-24.5174,-7.7946,-105.9307,0.000,0.000,0.981,0.0000,0.0000,0
2026-05-06,13:01:24,78256,2,0.0000,0.0066,0.1086,3.1929,7.6301,0,1.0000,0,0,59.4201,-0.3540,-24.6436,-4.3801,-117.3574,0.000,0.000,0.978,0.0000,0.0000,0
2026-05-06,13:01:24,78291,2,0.0000,0.0467,0.1042,3.0643,7.6299,0,1.0000,0,0,59.6154,5.4587,-24.6878,-1.6900,-126.8676,0.000,0.000,0.974,0.0000,0.0000,0
2026-05-06,13:01:24,78326,2,0.0000,0.0914,0.0941,2.7679,7.6295,0,1.0000,0,0,60.1558,15.5598,-24.6117,1.4136,-134.9688,0.000,0.000,0.971,0.0000,0.0000,0
2026-05-06,13:01:24,78361,2,0.0000,0.0699,0.0825,2.4264,7.6288,0,1.0000,0,0,60.6243,9.4265,-24.4876,3.1726,-134.6085,0.000,0.000,0.968,0.0000,0.0000,0
2026-05-06,13:01:24,78396,2,0.0000,0.0106,0.0841,2.4723,7.6288,0,1.0000,0,0,60.4971,-8.1177,-24.5119,0.4969,-88.1276,0.000,0.000,0.965,0.0000,0.0000,0
2026-05-06,13:01:24,78431,2,0.0000,-0.0014,0.0848,2.4935,7.6288,0,1.0000,0,0,59.9169,-18.1998,-24.7999,-5.2100,-76.1085,0.016,0.000,0.962,0.0000,0.0000,0
2026-05-06,13:01:24,78466,2,0.0000,-0.0577,0.0956,2.8123,7.6291,0,1.0000,0,0,59.5224,-11.3795,-25.2369,-10.1006,-38.8972,0.080,0.000,0.958,0.0000,0.0000,0
2026-05-06,13:01:24,78501,2,0.0000,-0.1827,0.1181,3.4725,7.6301,0,1.0000,0,0,59.1329,-15.1813,-25.7656,-12.7498,-14.4526,0.144,0.000,0.955,0.0000,0.0000,0
2026-05-06,13:01:24,78536,2,0.0000,-0.0750,0.1347,3.9628,7.6312,0,1.0000,0,0,58.5378,-17.7693,-26.1292,-10.2228,-39.9156,0.208,0.000,0.987,0.0000,0.0000,0
2026-05-06,13:01:24,78571,2,0.0000,0.0189,0.1300,3.8223,7.6312,0,1.0000,0,0,58.3673,-3.4790,-26.1669,-3.1008,-60.4213,0.272,0.000,1.000,0.0000,0.0000,0
2026-05-06,13:01:24,78606,2,0.0000,0.0931,0.1175,3.4553,7.6308,0,1.0000,0,0,58.8910,13.3972,-26.0165,1.9784,-63.9414,0.288,0.000,1.000,0.0000,0.0000,0
2026-05-06,13:01:24,78641,2,0.0000,0.1060,0.1051,3.0917,7.6301,0,1.0000,0,0,59.1497,1.3049,-25.9220,2.4212,-41.9913,0.256,0.000,1.000,0.0000,0.0000,0
2026-05-06,13:01:24,78681,2,0.0000,0.0592,0.0885,2.6015,7.6289,0,1.0000,0,0,59.2362,-5.1080,-25.9427,1.3867,-52.8802,0.232,0.000,1.000,0.0000,0.0000,0
2026-05-06,13:01:24,78717,2,0.0000,-0.1520,0.1076,3.1651,7.6295,0,1.0000,0,0,59.0600,-4.8352,-26.0548,-1.8669,-37.6405,0.200,0.000,1.000,0.0000,0.0000,0
2026-05-06,13:01:24,78752,2,0.0000,-0.2825,0.1571,4.6200,7.6318,0,1.0000,0,0,58.2066,-32.7928,-26.3855,-7.1781,-6.3057,0.216,0.000,1.000,0.0000,0.0000,0
2026-05-06,13:01:25,78787,2,0.0000,-0.0602,0.1608,4.7302,7.6326,0,1.0000,0,0,57.1752,-29.4115,-26.9131,-12.0659,-13.7771,0.280,0.000,1.000,0.0000,0.0000,0
2026-05-06,13:01:25,78822,2,0.0000,0.0742,0.1489,4.3807,7.6324,0,1.0000,0,0,56.8481,-7.3787,-27.2483,-9.6946,-38.1687,0.344,0.000,1.000,0.0000,0.0000,0
2026-05-06,13:01:25,78857,2,0.0000,0.1313,0.1339,3.9379,7.6317,0,1.0000,0,0,57.0839,3.8424,-27.2442,-3.5433,-18.5339,0.408,0.000,1.000,0.0000,0.0000,0
2026-05-06,13:01:25,78892,2,0.0000,0.0590,0.1226,3.6073,7.6309,0,1.0000,0,0,57.0897,-3.0428,-27.2568,-1.4136,-23.5296,0.448,0.000,1.000,0.0000,0.0000,0
2026-05-06,13:01:25,78927,2,0.0000,-0.0536,0.1332,3.9174,7.6310,0,1.0000,0,0,57.0818,0.1313,-27.2300,0.2336,-46.6410,0.416,0.000,1.000,0.0000,0.0000,0
2026-05-06,13:01:25,78963,2,0.0000,-0.0351,0.1398,4.1127,7.6316,0,1.0000,0,0,56.3792,-28.7463,-27.1463,1.6307,-13.2151,0.432,0.000,1.000,0.0000,0.0000,0
2026-05-06,13:01:25,78999,2,0.0000,-0.0393,0.1452,4.2692,7.6319,0,1.0000,0,0,55.5465,-20.0242,-27.1924,-0.4408,-18.9089,0.496,0.000,1.000,0.0000,0.0000,0
2026-05-06,13:01:25,79034,2,0.0000,0.0136,0.1425,4.1926,7.6319,0,1.0000,0,0,55.6537,-1.3530,-27.2294,-0.8280,-28.5779,0.560,0.000,1.000,0.0000,0.0000,0
2026-05-06,13:01:25,79070,2,0.0000,0.0559,0.1357,3.9915,7.6316,0,1.0000,0,0,55.2322,-12.0906,-27.2375,-0.5872,2.2975,0.624,0.000,1.000,0.0000,0.0000,0
2026-05-06,13:01:25,79105,2,0.0000,0.1159,0.1137,3.3449,7.6308,0,1.0000,0,0,55.5221,9.0553,-27.2344,0.0772,-5.6555,0.664,0.000,1.000,0.0000,0.0000,0
2026-05-06,13:01:25,79140,2,0.0000,0.1292,0.0959,2.8201,7.6297,0,1.0000,0,0,55.7307,2.7310,-27.1590,1.5102,-17.3240,0.632,0.000,1.000,0.0000,0.0000,0
2026-05-06,13:01:25,79175,2,0.0000,-0.0528,0.1066,3.1340,7.6297,0,1.0000,0,0,55.1937,-18.1597,-27.1205,1.1855,11.7203,0.624,0.000,1.000,0.0000,0.0000,0
2026-05-06,13:01:25,79210,2,0.0000,-0.2274,0.1388,4.0832,7.6310,0,1.0000,0,0,54.7671,-12.6426,-27.1015,0.7868,-10.3816,0.688,0.000,1.000,0.0000,0.0000,0
2026-05-06,13:01:25,79245,2,0.0000,-0.0175,0.1424,4.1875,7.6318,0,1.0000,0,0,54.3862,-13.0597,-27.0446,1.5123,-21.3828,0.752,0.000,1.000,0.0000,0.0000,0
2026-05-06,13:01:25,79280,2,0.0000,0.0518,0.1406,4.1367,7.6319,0,1.0000,0,0,53.7718,-21.5255,-27.0257,0.7376,8.3498,0.816,0.000,1.000,0.0000,0.0000,0
2026-05-06,13:01:25,79315,2,0.0000,0.0410,0.1361,4.0021,7.6317,0,1.0000,0,0,53.6806,0.8869,-27.0487,-0.1521,-19.5787,0.880,0.000,1.000,0.0000,0.0000,0
2026-05-06,13:01:25,79350,2,0.0000,0.0546,0.1242,3.6543,7.6311,0,1.0000,0,0,54.0850,9.1693,-27.0607,-0.3836,-29.2488,0.896,0.000,1.000,0.0000,0.0000,0
2026-05-06,13:01:25,79385,2,0.0000,0.0127,0.1208,3.5538,7.6308,0,1.0000,0,0,54.0167,-5.6490,-27.0721,-0.4735,-5.4346,0.864,0.000,1.000,0.0000,0.0000,0
2026-05-06,13:01:25,79421,2,0.0000,-0.1493,0.1391,4.0926,7.6312,0,1.0000,0,0,53.9832,-0.1436,-27.0732,-0.0694,-31.3468,0.832,0.000,1.000,0.0000,0.0000,0
2026-05-06,13:01:25,79456,2,0.0000,-0.1184,0.1516,4.4583,7.6320,0,1.0000,0,0,53.5018,-18.9628,-27.0678,-0.2121,-12.8090,0.824,0.000,1.000,0.0000,0.0000,0
2026-05-06,13:01:25,79491,2,0.0000,0.0077,0.1528,4.4954,7.6324,0,1.0000,0,0,52.6420,-25.8953,-27.1135,-1.0092,-5.3096,0.888,0.000,1.000,0.0000,0.0000,0
2026-05-06,13:01:25,79526,2,0.0000,0.0641,0.1459,4.2924,7.6322,0,1.0000,0,0,52.8032,7.8409,-27.2292,-3.1818,-31.1976,0.952,0.000,1.000,0.0000,0.0000,0
2026-05-06,13:01:25,79561,2,0.0000,0.1182,0.1283,3.7740,7.6314,0,1.0000,0,0,52.9611,1.8449,-27.3627,-3.7932,-12.5324,0.944,0.000,1.000,0.0000,0.0000,0
2026-05-06,13:01:25,79600,2,0.0000,0.0354,0.1275,3.7498,7.6311,0,1.0000,0,0,53.2443,0.7662,-27.3970,-2.8873,-18.7690,0.920,0.000,1.000,0.0000,0.0000,0
2026-05-06,13:01:25,79636,2,0.0000,-0.0593,0.1350,3.9697,7.6313,0,1.0000,0,0,53.3515,4.0165,-27.3306,0.5643,-42.4205,0.888,0.000,0.998,0.0000,0.0000,0
2026-05-06,13:01:25,79671,2,0.0000,-0.0374,0.1465,4.3085,7.6320,0,1.0000,0,0,52.6303,-28.9926,-27.1122,4.0154,-21.8128,0.880,0.000,0.995,0.0000,0.0000,0
2026-05-06,13:01:25,79707,2,0.0000,-0.1207,0.1628,4.7888,7.6326,0,1.0000,0,0,52.1048,-10.3901,-26.9809,3.4105,-25.3110,0.944,0.000,1.000,0.0000,0.0000,0
2026-05-06,13:01:25,79742,2,0.0000,0.0318,0.1558,4.5811,7.6327,0,1.0000,0,0,52.0450,-3.8633,-27.1281,-2.1439,-15.5476,1.000,0.000,1.000,0.0000,0.0000,0
2026-05-06,13:01:26,79778,2,0.0000,0.1441,0.1431,4.2076,7.6323,0,1.0000,0,0,51.6606,-15.8181,-27.2966,-4.4515,13.3550,1.000,0.000,1.000,0.0000,0.0000,0
2026-05-06,13:01:26,79813,2,0.0000,0.0996,0.1208,3.5541,7.6309,0,1.0000,0,0,51.5476,-0.1513,-27.3927,-3.1490,-15.3579,1.000,0.000,1.000,0.0000,0.0000,0
2026-05-06,13:01:26,79848,2,0.0000,-0.0324,0.1209,3.5560,7.6305,0,1.0000,0,0,52.1923,18.3031,-27.3444,0.0303,-39.8378,0.976,0.000,1.000,0.0000,0.0000,0
2026-05-06,13:01:26,79884,2,0.0000,-0.1834,0.1480,4.3530,7.6317,0,1.0000,0,0,51.8007,-20.3462,-27.0117,6.8298,-60.3892,0.944,0.000,1.000,0.0000,0.0000,0
2026-05-06,13:01:26,79919,2,0.0000,-0.1437,0.1642,4.8307,7.6327,0,1.0000,0,0,50.9800,-20.0898,-26.6047,9.0532,-57.2723,0.984,0.000,1.000,0.0000,0.0000,0
2026-05-06,13:01:26,79954,2,0.0000,0.0510,0.1591,4.6785,7.6329,0,1.0000,0,0,51.0973,0.6123,-26.5897,2.6427,-41.0355,1.000,0.000,1.000,0.0000,0.0000,0
2026-05-06,13:01:26,79989,2,0.0000,0.0970,0.1474,4.3340,7.6323,0,1.0000,0,0,51.0298,-4.2001,-26.7381,-2.2455,-8.3604,0.984,0.000,1.000,0.0000,0.0000,0
2026-05-06,13:01:26,80024,2,0.0000,0.1100,0.1289,3.7902,7.6314,0,1.0000,0,0,50.9571,-1.5551,-26.8725,-3.3804,-27.6540,0.952,0.000,1.000,0.0000,0.0000,0
2026-05-06,13:01:26,80059,2,0.0000,0.0444,0.1254,3.6874,7.6310,0,1.0000,0,0,51.2026,9.5302,-26.8841,-1.2366,-50.2059,0.920,0.000,1.000,0.0000,0.0000,0
2026-05-06,13:01:26,80095,2,0.0000,-0.1860,0.1521,4.4725,7.6319,0,1.0000,0,0,51.5818,3.1895,-26.6292,4.1491,-55.4945,0.888,0.000,1.000,0.0000,0.0000,0
2026-05-06,13:01:26,80130,2,0.0000,-0.1665,0.1737,5.1079,7.6331,0,1.0000,0,0,50.5201,-33.3523,-26.3587,5.6422,-52.4639,0.880,0.000,1.000,0.0000,0.0000,0
2026-05-06,13:01:26,80165,2,0.0000,0.0116,0.1662,4.8874,7.6331,0,1.0000,0,0,50.3024,2.8001,-26.4901,-1.1157,-31.3358,0.944,0.000,1.000,0.0000,0.0000,0
2026-05-06,13:01:26,80200,2,0.0000,0.1327,0.1479,4.3513,7.6325,0,1.0000,0,0,50.9022,11.8649,-26.6896,-4.5671,-21.0721,0.936,0.000,1.000,0.0000,0.0000,0
2026-05-06,13:01:26,80235,2,0.0000,0.0911,0.1329,3.9086,7.6314,0,1.0000,0,0,50.6364,-6.3568,-26.8014,-3.9029,-44.7063,0.904,0.000,1.000,0.0000,0.0000,0
2026-05-06,13:01:26,80270,2,0.0000,-0.0136,0.1313,3.8620,7.6312,0,1.0000,0,0,50.8613,11.9460,-26.8711,-2.5910,-58.4189,0.872,0.000,1.000,0.0000,0.0000,0
2026-05-06,13:01:26,80305,2,0.0000,-0.0662,0.1380,4.0591,7.6315,0,1.0000,0,0,51.1589,0.1551,-26.6365,3.4018,-76.0220,0.840,0.000,0.998,0.0000,0.0000,0
2026-05-06,13:01:26,80340,2,0.0000,-0.0513,0.1445,4.2507,7.6319,0,1.0000,0,0,50.1346,-29.1887,-26.3034,7.1085,-69.8822,0.856,0.000,0.994,0.0000,0.0000,0
2026-05-06,13:01:26,80375,2,0.0000,-0.0335,0.1466,4.3110,7.6320,0,1.0000,0,0,50.3331,10.0851,-26.1112,5.1217,-32.5791,0.920,0.000,0.991,0.0000,0.0000,0
2026-05-06,13:01:26,80410,2,0.0000,0.0582,0.1380,4.0583,7.6318,0,1.0000,0,0,50.2289,-8.8458,-26.2042,-0.0039,-21.3796,0.888,0.000,0.988,0.0000,0.0000,0
2026-05-06,13:01:26,80445,2,0.0000,0.1176,0.1198,3.5240,7.6310,0,1.0000,0,0,49.7213,-11.7035,-26.2117,-0.0930,-4.8788,0.928,0.000,0.985,0.0000,0.0000,0
2026-05-06,13:01:26,80480,2,0.0000,0.2525,0.0857,2.5208,7.6295,0,1.0000,0,0,50.1600,13.1444,-26.1731,0.8286,-30.8885,0.944,0.000,0.990,0.0000,0.0000,0
2026-05-06,13:01:26,80520,2,0.0000,-0.0528,0.0924,2.7163,7.6291,0,1.0000,0,0,50.3138,5.1624,-26.1072,1.3268,-42.4564,0.920,0.000,1.000,0.0000,0.0000,0
2026-05-06,13:01:26,80556,2,0.0000,-0.2881,0.1305,3.8374,7.6304,0,1.0000,0,0,50.1526,-7.1502,-25.8445,5.7869,-62.3774,0.888,0.000,1.000,0.0000,0.0000,0
2026-05-06,13:01:26,80591,2,0.0000,-0.0991,0.1544,4.5419,7.6322,0,1.0000,0,0,49.7771,-11.0102,-25.3575,10.6585,-65.0305,0.856,0.000,1.000,0.0000,0.0000,0
2026-05-06,13:01:26,80626,2,0.0000,0.0171,0.1530,4.5007,7.6325,0,1.0000,0,0,49.5732,-7.0416,-25.2917,3.4273,-28.6786,0.920,0.000,1.000,0.0000,0.0000,0
2026-05-06,13:01:26,80661,2,0.0000,0.0126,0.1504,4.4231,7.6323,0,1.0000,0,0,49.6684,3.3190,-25.5799,-4.4584,-18.9295,0.936,0.000,1.000,0.0000,0.0000,0
2026-05-06,13:01:26,80696,2,0.0000,0.0987,0.1256,3.6944,7.6312,0,1.0000,0,0,49.5559,-2.0924,-25.7526,-4.8323,-42.8676,0.904,0.000,1.000,0.0000,0.0000,0
2026-05-06,13:01:26,80731,2,0.0000,-0.0052,0.1298,3.8186,7.6311,0,1.0000,0,0,49.9546,14.3871,-25.8223,-3.1433,-63.3130,0.872,0.000,1.000,0.0000,0.0000,0
2026-05-06,13:01:27,80766,2,0.0000,-0.1819,0.1583,4.6571,7.6322,0,1.0000,0,0,50.3517,4.2335,-25.7733,-0.1880,-53.8586,0.840,0.000,1.000,0.0000,0.0000,0
2026-05-06,13:01:27,80801,2,0.0000,-0.1528,0.1857,5.4627,7.6338,0,1.0000,0,0,49.4134,-31.1985,-25.6646,1.6272,-72.1544,0.832,0.000,1.000,0.0000,0.0000,0
2026-05-06,13:01:27,80836,2,0.0000,0.0249,0.1767,5.1967,7.6337,0,1.0000,0,0,49.1542,-2.9072,-25.6090,0.5386,-47.1594,0.896,0.000,1.000,0.0000,0.0000,0
2026-05-06,13:01:27,80871,2,0.0000,0.1254,0.1585,4.6606,7.6330,0,1.0000,0,0,49.6968,12.5530,-25.8387,-4.6698,-20.6856,0.888,0.000,1.000,0.0000,0.0000,0
2026-05-06,13:01:27,80906,2,0.0000,0.1397,0.1320,3.8821,7.6317,0,1.0000,0,0,49.4500,-9.7061,-26.0259,-5.3061,-44.4491,0.856,0.000,1.000,0.0000,0.0000,0
2026-05-06,13:01:27,80941,2,0.0000,0.0325,0.1284,3.7777,7.6312,0,1.0000,0,0,49.5089,6.0138,-26.0898,-2.9174,-64.6268,0.824,0.000,1.000,0.0000,0.0000,0
2026-05-06,13:01:27,80976,2,0.0000,-0.0587,0.1363,4.0093,7.6314,0,1.0000,0,0,50.1900,15.9825,-25.9537,2.0539,-81.5608,0.792,0.000,1.000,0.0000,0.0000,0
2026-05-06,13:01:27,81012,2,0.0000,-0.0671,0.1470,4.3242,7.6319,0,1.0000,0,0,49.5711,-22.2007,-25.5749,7.9143,-95.7162,0.760,0.000,0.998,0.0000,0.0000,0
2026-05-06,13:01:27,81047,2,0.0000,-0.0138,0.1456,4.2820,7.6320,0,1.0000,0,0,49.3120,-0.5684,-25.2388,8.2848,-80.5346,0.800,0.000,0.995,0.0000,0.0000,0
2026-05-06,13:01:27,81082,2,0.0000,0.0862,0.1378,4.0518,7.6318,0,1.0000,0,0,49.6340,3.7739,-25.2064,2.9828,-41.8129,0.768,0.000,0.992,0.0000,0.0000,0
2026-05-06,13:01:27,81118,2,0.0000,0.0138,0.1308,3.8469,7.6313,0,1.0000,0,0,49.4370,-3.2735,-25.3048,-0.9234,-30.0675,0.736,0.000,0.989,0.0000,0.0000,0
2026-05-06,13:01:27,81153,2,0.0000,0.0289,0.1282,3.7693,7.6311,0,1.0000,0,0,49.7495,7.9872,-25.3093,-0.2553,-52.1428,0.704,0.000,0.986,0.0000,0.0000,0
2026-05-06,13:01:27,81188,2,0.0000,-0.0066,0.1250,3.6753,7.6309,0,1.0000,0,0,49.8108,0.0733,-25.1854,2.5508,-50.1950,0.672,0.000,0.982,0.0000,0.0000,0
2026-05-06,13:01:27,81223,2,0.0000,-0.1159,0.1340,3.9413,7.6313,0,1.0000,0,0,49.9640,5.4836,-24.9020,6.5863,-56.4985,0.640,0.000,0.979,0.0000,0.0000,0
2026-05-06,13:01:27,81258,2,0.0000,0.0018,0.1364,4.0124,7.6315,0,1.0000,0,0,49.4878,-18.1007,-24.5716,8.1112,-60.2164,0.608,0.000,0.976,0.0000,0.0000,0
2026-05-06,13:01:27,81293,2,0.0000,0.0914,0.1276,3.7524,7.6313,0,1.0000,0,0,49.0527,-9.6230,-24.4795,3.7614,-24.7227,0.672,0.000,0.973,0.0000,0.0000,0
2026-05-06,13:01:27,81328,2,0.0000,0.1327,0.1103,3.2453,7.6305,0,1.0000,0,0,49.7318,21.9726,-24.5881,-0.6137,-28.8705,0.688,0.000,0.970,0.0000,0.0000,0
2026-05-06,13:01:27,81363,2,0.0000,0.0933,0.0953,2.8019,7.6296,0,1.0000,0,0,50.2751,13.6600,-24.5994,-0.0713,-51.2863,0.656,0.000,0.966,0.0000,0.0000,0
2026-05-06,13:01:27,81398,2,0.0000,-0.0624,0.1063,3.1257,7.6298,0,1.0000,0,0,50.6066,3.1038,-24.5291,1.1612,-57.3588,0.624,0.000,0.998,0.0000,0.0000,0
2026-05-06,13:01:27,81433,2,0.0000,-0.0689,0.1161,3.4160,7.6302,0,1.0000,0,0,50.1109,-15.5081,-24.5276,0.0143,-22.0062,0.592,0.000,1.000,0.0000,0.0000,0
2026-05-06,13:01:27,81466,2,0.0000,0.0021,0.1134,3.3345,7.6303,0,1.0000,0,0,49.9968,-10.3509,-24.5010,0.1320,-28.2428,0.576,0.000,0.998,0.0000,0.0000,0
2026-05-06,13:01:27,81501,2,0.0000,-0.0734,0.1227,3.6078,7.6306,0,1.0000,0,0,49.9398,-1.1774,-24.5301,-0.8552,-16.3300,0.544,0.000,0.995,0.0000,0.0000,0
2026-05-06,13:01:27,81537,2,0.0000,-0.0876,0.1363,4.0097,7.6313,0,1.0000,0,0,49.4943,-16.3654,-24.5406,-0.5072,-20.0867,0.560,0.000,0.992,0.0000,0.0000,0
2026-05-06,13:01:27,81572,2,0.0000,-0.0034,0.1352,3.9779,7.6315,0,1.0000,0,0,49.0752,-10.5422,-24.6146,-1.7821,-24.1280,0.624,0.000,0.989,0.0000,0.0000,0
2026-05-06,13:01:27,81607,2,0.0000,0.0216,0.1331,3.9141,7.6314,0,1.0000,0,0,49.5052,11.6714,-24.6422,-1.1354,-20.1042,0.664,0.000,0.986,0.0000,0.0000,0
2026-05-06,13:01:27,81642,2,0.0000,0.0804,0.1243,3.6567,7.6311,0,1.0000,0,0,49.4608,-8.4475,-24.6884,-1.4385,-37.7533,0.632,0.000,0.982,0.0000,0.0000,0
2026-05-06,13:01:27,81678,2,0.0000,0.0664,0.1130,3.3247,7.6304,0,1.0000,0,0,49.2270,-7.2097,-24.6996,-0.7592,-58.9209,0.624,0.000,0.979,0.0000,0.0000,0
2026-05-06,13:01:27,81713,2,0.0000,-0.0433,0.1169,3.4378,7.6305,0,1.0000,0,0,49.1613,-8.4339,-24.6852,0.1254,-56.7121,0.592,0.000,0.976,0.0000,0.0000,0
2026-05-06,13:01:27,81748,2,0.0000,-0.0804,0.1296,3.8132,7.6309,0,1.0000,0,0,48.1243,-32.5528,-24.6136,1.2534,-75.0216,0.656,0.000,0.973,0.0000,0.0000,0
2026-05-06,13:01:28,81783,2,0.0000,-0.0064,0.1289,3.7905,7.6312,0,1.0000,0,0,47.7756,-6.6527,-24.4380,3.8203,-90.1861,0.720,0.000,0.970,0.0000,0.0000,0
2026-05-06,13:01:28,81818,2,0.0000,0.0243,0.1272,3.7399,7.6311,0,1.0000,0,0,47.7352,-5.0174,-24.1969,5.2969,-62.3526,0.784,0.000,0.966,0.0000,0.0000,0
2026-05-06,13:01:28,81854,2,0.0000,0.0492,0.1197,3.5194,7.6308,0,1.0000,0,0,47.4233,-10.3163,-24.1784,1.3220,-26.4111,0.848,0.000,0.963,0.0000,0.0000,0
2026-05-06,13:01:28,81889,2,0.0000,0.1487,0.0977,2.8744,7.6299,0,1.0000,0,0,47.5849,4.0384,-24.2646,-1.2077,-49.1955,0.912,0.000,0.960,0.0000,0.0000,0
2026-05-06,13:01:28,81925,2,0.0000,0.1006,0.0831,2.4435,7.6289,0,1.0000,0,0,47.4584,-7.6216,-24.3123,-1.5005,-34.1934,0.880,0.000,0.974,0.0000,0.0000,0
2026-05-06,13:01:28,81960,2,0.0000,-0.0270,0.0861,2.5327,7.6289,0,1.0000,0,0,47.4524,-0.0206,-24.3511,-1.3746,-55.7944,0.848,0.000,1.000,0.0000,0.0000,0
2026-05-06,13:01:28,81995,2,0.0000,-0.0280,0.0931,2.7375,7.6291,0,1.0000,0,0,47.1445,-14.4543,-24.1979,2.3105,-73.6989,0.840,0.000,1.000,0.0000,0.0000,0
2026-05-06,13:01:28,82030,2,0.0000,-0.0331,0.0989,2.9088,7.6295,0,1.0000,0,0,46.3273,-23.2996,-23.8661,6.5313,-81.7119,0.904,0.000,1.000,0.0000,0.0000,0
2026-05-06,13:01:28,82066,2,0.0000,0.0032,0.1021,3.0028,7.6296,0,1.0000,0,0,46.1974,-3.6935,-23.5805,6.1599,-42.3862,0.968,0.000,1.000,0.0000,0.0000,0
2026-05-06,13:01:28,82101,2,0.0000,0.0016,0.1011,2.9734,7.6296,0,1.0000,0,0,45.9870,-9.7439,-23.6726,-0.5848,-9.4433,1.000,0.000,1.000,0.0000,0.0000,0
2026-05-06,13:01:28,82136,2,0.0000,0.0069,0.0992,2.9174,7.6295,0,1.0000,0,0,45.9006,-0.9428,-23.8175,-2.9688,-28.5515,1.000,0.000,1.000,0.0000,0.0000,0
2026-05-06,13:01:28,82171,2,0.0000,0.0231,0.0961,2.8254,7.6294,0,1.0000,0,0,46.0751,1.4806,-23.8853,-2.7697,-50.9095,0.976,0.000,1.000,0.0000,0.0000,0
2026-05-06,13:01:28,82206,2,0.0000,-0.0045,0.0922,2.7111,7.6292,0,1.0000,0,0,45.9339,-5.8154,-23.7706,1.0703,-69.7405,0.944,0.000,0.997,0.0000,0.0000,0
2026-05-06,13:01:28,82241,2,0.0000,0.0069,0.0904,2.6575,7.6292,0,1.0000,0,0,45.6263,-11.2427,-23.5100,4.5313,-85.6020,0.960,0.000,0.994,0.0000,0.0000,0
2026-05-06,13:01:28,82276,2,0.0000,0.0070,0.0929,2.7322,7.6292,0,1.0000,0,0,45.3996,-7.4385,-23.1873,6.8304,-99.0526,1.000,0.000,0.990,0.0000,0.0000,0
2026-05-06,13:01:28,82311,2,0.0000,-0.0101,0.0940,2.7656,7.6293,0,1.0000,0,0,45.2138,-8.2175,-22.9254,6.4144,-71.2290,1.000,0.000,0.987,0.0000,0.0000,0
2026-05-06,13:01:28,82347,2,0.0000,-0.0823,0.1060,3.1170,7.6297,0,1.0000,0,0,44.7194,-18.2924,-22.5542,8.3463,-86.7900,1.000,0.000,0.984,0.0000,0.0000,0
2026-05-06,13:01:28,82386,2,0.0000,0.0049,0.1064,3.1306,7.6300,0,1.0000,0,0,44.5015,-11.7196,-22.1121,7.3514,-65.7314,1.000,0.000,1.000,0.0000,0.0000,0
2026-05-06,13:01:28,82422,2,0.0000,0.0239,0.1053,3.0975,7.6299,0,1.0000,0,0,44.5053,0.3585,-22.3106,-2.4496,-29.3960,1.000,0.000,1.000,0.0000,0.0000,0
2026-05-06,13:01:28,82457,2,0.0000,0.0434,0.0976,2.8692,7.6296,0,1.0000,0,0,44.3369,-5.5765,-22.5416,-5.2021,-51.8780,1.000,0.000,1.000,0.0000,0.0000,0
2026-05-06,13:01:28,82493,2,0.0000,0.0360,0.0973,2.8628,7.6295,0,1.0000,0,0,44.4186,-2.0264,-22.6493,-3.9707,-70.8748,0.976,0.000,0.999,0.0000,0.0000,0
2026-05-06,13:01:28,82528,2,0.0000,0.0141,0.0970,2.8525,7.6294,0,1.0000,0,0,44.0652,-13.1320,-22.5854,0.0655,-86.8973,0.992,0.000,0.996,0.0000,0.0000,0
2026-05-06,13:01:28,82563,2,0.0000,0.0628,0.0875,2.5726,7.6291,0,1.0000,0,0,43.6051,-12.9312,-22.3552,3.7953,-93.8919,1.000,0.000,0.993,0.0000,0.0000,0
2026-05-06,13:01:28,82598,2,0.0000,-0.0138,0.0913,2.6845,7.6291,0,1.0000,0,0,43.9124,8.8830,-22.2595,2.5543,-106.4249,0.992,0.000,0.990,0.0000,0.0000,0
2026-05-06,13:01:28,82633,2,0.0000,-0.0562,0.0979,2.8780,7.6293,0,1.0000,0,0,43.4787,-20.2036,-22.1033,3.4840,-116.9716,0.984,0.000,0.986,0.0000,0.0000,0
2026-05-06,13:01:28,82668,2,0.0000,-0.0049,0.0977,2.8738,7.6294,0,1.0000,0,0,42.7114,-19.1621,-21.8299,5.6909,-125.8404,1.000,0.000,0.983,0.0000,0.0000,0
2026-05-06,13:01:28,82703,2,0.0000,0.0336,0.0916,2.6956,7.6292,0,1.0000,0,0,42.7957,0.6552,-21.6793,3.4486,-80.2301,1.000,0.000,0.980,0.0000,0.0000,0
2026-05-06,13:01:28,82739,2,0.0000,0.0902,0.0795,2.3387,7.6287,0,1.0000,0,0,42.4312,-13.9058,-21.9390,-4.6085,-48.8830,1.000,0.000,0.986,0.0000,0.0000,0
2026-05-06,13:01:29,82775,2,0.0000,0.1614,0.0601,1.7663,7.6279,0,1.0000,0,0,42.1907,-8.2146,-22.2364,-7.4277,-68.3728,1.000,0.000,1.000,0.0000,0.0000,0
2026-05-06,13:01:29,82810,2,0.0000,0.1590,0.0298,0.8754,7.6262,0,1.0000,0,0,42.2635,4.0520,-22.4283,-6.4673,-85.0089,1.000,0.000,1.000,0.0000,0.0000,0
2026-05-06,13:01:29,82845,2,0.0000,0.0052,0.0348,1.0245,7.6261,0,1.0000,0,0,42.4577,4.7282,-22.5325,-4.2289,-85.2542,0.968,0.000,1.000,0.0000,0.0000,0
2026-05-06,13:01:29,82881,2,0.0000,-0.0548,0.0425,1.2497,7.6264,0,1.0000,0,0,42.5604,2.8465,-22.5459,-1.7531,-92.9005,0.936,0.000,1.000,0.0000,0.0000,0
2026-05-06,13:01:29,82916,2,0.0000,-0.1445,0.0615,1.8102,7.6271,0,1.0000,0,0,42.5930,-2.4518,-22.4984,0.2512,-105.8793,0.904,0.000,1.000,0.0000,0.0000,0
2026-05-06,13:01:29,82951,2,0.0000,-0.2343,0.1027,3.0204,7.6292,0,1.0000,0,0,42.1778,-13.6558,-22.4147,1.8845,-116.6822,0.872,0.000,1.000,0.0000,0.0000,0
2026-05-06,13:01:29,82986,2,0.0000,-0.0488,0.1058,3.1110,7.6297,0,1.0000,0,0,41.5193,-23.1300,-22.2406,3.5872,-118.7543,0.936,0.000,1.000,0.0000,0.0000,0
2026-05-06,13:01:29,83021,2,0.0000,0.0094,0.1029,3.0264,7.6298,0,1.0000,0,0,40.8986,-18.7040,-22.2190,1.0183,-74.5019,1.000,0.000,1.000,0.0000,0.0000,0
2026-05-06,13:01:29,83056,2,0.0000,0.0546,0.0961,2.8277,7.6295,0,1.0000,0,0,40.8649,-0.0267,-22.2946,-0.6229,-83.9694,1.000,0.000,1.000,0.0000,0.0000,0
2026-05-06,13:01:29,83091,2,0.0000,0.0495,0.0878,2.5833,7.6291,0,1.0000,0,0,40.6786,-7.4630,-22.2312,1.0566,-98.2504,1.000,0.000,1.000,0.0000,0.0000,0
2026-05-06,13:01:29,83126,2,0.0000,0.0339,0.0866,2.5467,7.6289,0,1.0000,0,0,40.4303,-7.5148,-22.2073,0.7394,-76.2147,1.000,0.000,1.000,0.0000,0.0000,0
2026-05-06,13:01:29,83161,2,0.0000,0.0182,0.0843,2.4802,7.6288,0,1.0000,0,0,40.4582,1.4364,-22.2400,-0.5151,-85.3154,0.992,0.000,1.000,0.0000,0.0000,0
2026-05-06,13:01:29,83196,2,0.0000,-0.0300,0.0885,2.6024,7.6288,0,1.0000,0,0,40.7153,6.9167,-22.3101,-1.7190,-99.4081,0.960,0.000,1.000,0.0000,0.0000,0
2026-05-06,13:01:29,83231,2,0.0000,-0.0336,0.0938,2.7588,7.6292,0,1.0000,0,0,40.6661,-3.8654,-22.3722,-1.9176,-70.9700,0.928,0.000,0.998,0.0000,0.0000,0
2026-05-06,13:01:29,83266,2,0.0000,-0.0521,0.1031,3.0329,7.6296,0,1.0000,0,0,40.6472,-0.5787,-22.4345,-1.9935,-80.9214,0.896,0.000,0.994,0.0000,0.0000,0
2026-05-06,13:01:29,83302,2,0.0000,-0.0023,0.1046,3.0778,7.6298,0,1.0000,0,0,40.9276,3.6863,-22.4556,-1.5291,-86.8263,0.872,0.000,0.992,0.0000,0.0000,0
2026-05-06,13:01:29,83337,2,0.0000,0.0627,0.0990,2.9117,7.6296,0,1.0000,0,0,40.4586,-15.2825,-22.4743,-0.8977,-73.9661,0.864,0.000,0.989,0.0000,0.0000,0
2026-05-06,13:01:29,83373,2,0.0000,0.0572,0.0864,2.5411,7.6290,0,1.0000,0,0,40.3209,-4.4904,-22.4826,-0.5534,-89.7796,0.928,0.000,0.986,0.0000,0.0000,0
2026-05-06,13:01:29,83408,2,0.0000,0.0332,0.0825,2.4251,7.6288,0,1.0000,0,0,40.0262,-14.3934,-22.5079,-0.9191,-75.3493,0.992,0.000,0.982,0.0000,0.0000,0
2026-05-06,13:01:29,83443,2,0.0000,-0.0022,0.0815,2.3960,7.6285,0,1.0000,0,0,39.3495,-19.1823,-22.6746,-3.9937,-64.8354,1.000,0.000,0.979,0.0000,0.0000,0
2026-05-06,13:01:29,83478,2,0.0000,-0.0028,0.0787,2.3160,7.6285,0,1.0000,0,0,39.3853,0.3299,-22.8340,-4.6417,-81.9734,1.000,0.000,0.976,0.0000,0.0000,0
2026-05-06,13:01:29,83514,2,0.0000,-0.0057,0.0799,2.3502,7.6285,0,1.0000,0,0,38.9551,-17.0273,-22.9294,-3.6302,-75.6542,1.000,0.000,0.973,0.0000,0.0000,0
2026-05-06,13:01:29,83549,2,0.0000,-0.0403,0.0834,2.4532,7.6286,0,1.0000,0,0,38.5864,-8.5467,-23.0467,-3.6489,-84.8830,1.000,0.000,0.970,0.0000,0.0000,0
2026-05-06,13:01:29,83585,2,0.0000,-0.0378,0.0885,2.6035,7.6288,0,1.0000,0,0,38.6329,-1.6706,-23.1229,-2.8486,-99.0639,1.000,0.000,0.966,0.0000,0.0000,0
2026-05-06,13:01:29,83620,2,0.0000,-0.0118,0.0879,2.5851,7.6289,0,1.0000,0,0,38.0471,-20.4157,-23.1602,-1.6268,-63.8100,1.000,0.000,0.963,0.0000,0.0000,0
2026-05-06,13:01:29,83655,2,0.0000,0.0225,0.0849,2.4959,7.6289,0,1.0000,0,0,37.7449,-6.3002,-23.1391,-0.1575,-74.9298,1.000,0.000,0.960,0.0000,0.0000,0
2026-05-06,13:01:29,83690,2,0.0000,0.0596,0.0782,2.2985,7.6286,0,1.0000,0,0,37.7920,-1.8772,-23.1565,-0.3637,-76.3992,1.000,0.000,0.957,0.0000,0.0000,0
2026-05-06,13:01:29,83725,2,0.0000,0.0823,0.0689,2.0266,7.6282,0,1.0000,0,0,37.5154,-8.7651,-23.1395,0.3550,-51.7086,1.000,0.000,0.954,0.0000,0.0000,0
2026-05-06,13:01:30,83760,2,0.0000,0.1952,0.0469,1.3799,7.6273,0,1.0000,0,0,37.3682,-5.0969,-23.1128,0.5679,-70.8584,1.000,0.000,0.968,0.0000,0.0000,0
2026-05-06,13:01:30,83795,2,0.0000,0.0670,0.0277,0.8155,7.6259,0,1.0000,0,0,37.2785,-1.8477,-23.0970,0.7717,-66.0196,1.000,0.000,1.000,0.0000,0.0000,0
2026-05-06,13:01:30,83830,2,0.0000,-0.0162,0.0315,0.9263,7.6259,0,1.0000,0,0,37.6414,11.2156,-22.9876,2.4969,-63.1955,0.968,0.000,1.000,0.0000,0.0000,0
2026-05-06,13:01:30,83865,2,0.0000,-0.1462,0.0490,1.4421,7.6265,0,1.0000,0,0,37.9010,6.6997,-23.0170,0.1099,-33.4854,0.936,0.000,1.000,0.0000,0.0000,0
2026-05-06,13:01:30,83901,2,0.0000,-0.5292,0.1168,3.4363,7.6291,0,1.0000,0,0,37.9430,-3.6484,-23.3760,-6.3754,-22.8590,0.904,0.000,1.000,0.0000,0.0000,0
2026-05-06,13:01:30,83936,2,0.0000,-0.2390,0.1481,4.3564,7.6315,0,1.0000,0,0,37.2984,-21.7020,-23.8004,-9.7291,-27.5438,0.896,0.000,1.000,0.0000,0.0000,0
2026-05-06,13:01:30,83971,2,0.0000,-0.0275,0.1535,4.5161,7.6323,0,1.0000,0,0,36.6587,-23.3094,-23.9736,-5.7990,-50.4117,0.960,0.000,1.000,0.0000,0.0000,0
2026-05-06,13:01:30,84007,2,0.0000,0.0210,0.1481,4.3557,7.6322,0,1.0000,0,0,36.5149,-0.0261,-23.9168,-0.2988,-69.7090,1.000,0.000,1.000,0.0000,0.0000,0
2026-05-06,13:01:30,84042,2,0.0000,0.1547,0.1268,3.7294,7.6315,0,1.0000,0,0,36.3045,-10.1943,-23.7870,2.3553,-86.1963,1.000,0.000,1.000,0.0000,0.0000,0
2026-05-06,13:01:30,84077,2,0.0000,0.1005,0.1147,3.3728,7.6307,0,1.0000,0,0,36.2854,2.4946,-23.6394,3.8670,-86.8573,1.000,0.000,1.000,0.0000,0.0000,0
2026-05-06,13:01:30,84113,2,0.0000,0.0363,0.1059,3.1159,7.6300,0,1.0000,0,0,36.6180,8.3991,-23.4459,5.4109,-94.4162,0.968,0.000,1.000,0.0000,0.0000,0
2026-05-06,13:01:30,84148,2,0.0000,-0.0255,0.1107,3.2564,7.6301,0,1.0000,0,0,36.2865,-11.6508,-23.2409,5.9371,-86.0494,0.936,0.000,1.000,0.0000,0.0000,0
2026-05-06,13:01:30,84183,2,0.0000,-0.0991,0.1260,3.7071,7.6307,0,1.0000,0,0,36.1635,-2.6293,-23.0572,5.7730,-93.6900,0.904,0.000,1.000,0.0000,0.0000,0
2026-05-06,13:01:30,84223,2,0.0000,0.0017,0.1320,3.8830,7.6313,0,1.0000,0,0,36.0437,-7.4170,-22.8528,5.4052,-79.2263,0.880,0.000,1.000,0.0000,0.0000,0
2026-05-06,13:01:30,84258,2,0.0000,0.0174,0.1290,3.7933,7.6312,0,1.0000,0,0,35.7027,-8.0572,-22.7599,3.4823,-67.0352,0.944,0.000,1.000,0.0000,0.0000,0
2026-05-06,13:01:30,84294,2,0.0000,0.0693,0.1200,3.5299,7.6308,0,1.0000,0,0,35.8952,6.3367,-22.7201,1.8037,-69.9437,0.960,0.000,1.000,0.0000,0.0000,0
2026-05-06,13:01:30,84329,2,0.0000,0.1306,0.1018,2.9940,7.6301,0,1.0000,0,0,35.8271,-4.6909,-22.7327,0.3547,-79.7283,0.928,0.000,1.000,0.0000,0.0000,0
2026-05-06,13:01:30,84364,2,0.0000,0.0627,0.0969,2.8506,7.6296,0,1.0000,0,0,35.6867,-0.7939,-22.6455,1.7869,-94.5587,0.896,0.000,1.000,0.0000,0.0000,0
2026-05-06,13:01:30,84399,2,0.0000,-0.0414,0.1033,3.0392,7.6296,0,1.0000,0,0,35.9367,4.6750,-22.4347,4.6479,-106.8371,0.864,0.000,1.000,0.0000,0.0000,0
2026-05-06,13:01:30,84434,2,0.0000,-0.1091,0.1167,3.4326,7.6302,0,1.0000,0,0,34.9784,-32.6797,-21.8435,12.2304,-102.7423,0.856,0.000,1.000,0.0000,0.0000,0
2026-05-06,13:01:30,84469,2,0.0000,-0.0709,0.1269,3.7321,7.6308,0,1.0000,0,0,34.2213,-13.5652,-21.6843,5.3310,-60.9080,0.920,0.000,1.000,0.0000,0.0000,0
2026-05-06,13:01:30,84504,2,0.0000,0.0795,0.1146,3.3695,7.6306,0,1.0000,0,0,34.9567,21.5615,-21.9763,-3.7151,-46.3899,0.960,0.000,1.000,0.0000,0.0000,0
2026-05-06,13:01:30,84539,2,0.0000,0.1788,0.0881,2.5916,7.6294,0,1.0000,0,0,35.2384,7.5458,-22.0732,-3.1068,-66.2479,0.928,0.000,1.000,0.0000,0.0000,0
2026-05-06,13:01:30,84574,2,0.0000,0.0615,0.0807,2.3728,7.6286,0,1.0000,0,0,35.3754,7.2203,-22.1528,-2.8328,-68.9764,0.896,0.000,1.000,0.0000,0.0000,0
2026-05-06,13:01:30,84609,2,0.0000,-0.0016,0.0779,2.2908,7.6284,0,1.0000,0,0,36.0706,22.7466,-22.2572,-3.1719,-53.0986,0.864,0.000,1.000,0.0000,0.0000,0
2026-05-06,13:01:30,84644,2,0.0000,-0.0735,0.0883,2.5981,7.6288,0,1.0000,0,0,36.5313,9.0176,-22.3116,-2.5238,-71.7515,0.832,0.000,1.000,0.0000,0.0000,0
2026-05-06,13:01:30,84679,2,0.0000,-0.2318,0.1162,3.4187,7.6299,0,1.0000,0,0,35.7246,-29.6800,-22.0545,4.7372,-87.1530,0.800,0.000,1.000,0.0000,0.0000,0
2026-05-06,13:01:30,84715,2,0.0000,-0.1891,0.1524,4.4813,7.6319,0,1.0000,0,0,34.1957,-28.1877,-21.3720,12.8837,-79.1726,0.864,0.000,1.000,0.0000,0.0000,0
2026-05-06,13:01:30,84750,2,0.0000,0.0079,0.1538,4.5244,7.6324,0,1.0000,0,0,34.8778,14.8208,-21.3511,3.0324,-41.0967,0.904,0.000,1.000,0.0000,0.0000,0
2026-05-06,13:01:31,84785,2,0.0000,0.0745,0.1415,4.1619,7.6320,0,1.0000,0,0,35.4125,22.4235,-21.6320,-4.2188,-36.1810,0.872,0.000,1.000,0.0000,0.0000,0
2026-05-06,13:01:31,84820,2,0.0000,0.0913,0.1227,3.6102,7.6311,0,1.0000,0,0,36.4428,32.5755,-21.7383,-3.3476,-57.4801,0.840,0.000,1.000,0.0000,0.0000,0
2026-05-06,13:01:31,84855,2,0.0000,0.0789,0.1119,3.2921,7.6304,0,1.0000,0,0,37.1696,20.2813,-21.7199,-0.6726,-75.7054,0.808,0.000,1.000,0.0000,0.0000,0
2026-05-06,13:01:31,84890,2,0.0000,-0.1018,0.1231,3.6212,7.6306,0,1.0000,0,0,37.8747,22.4324,-21.3958,6.4070,-90.7192,0.776,0.000,1.000,0.0000,0.0000,0
2026-05-06,13:01:31,84925,2,0.0000,-0.1639,0.1486,4.3711,7.6318,0,1.0000,0,0,38.1329,5.6231,-20.7917,13.3588,-103.1170,0.744,0.000,1.000,0.0000,0.0000,0
2026-05-06,13:01:31,84960,2,0.0000,-0.0699,0.1542,4.5358,7.6323,0,1.0000,0,0,37.7789,-11.2562,-20.2128,14.3204,-86.0688,0.712,0.000,1.000,0.0000,0.0000,0
2026-05-06,13:01:31,84995,2,0.0000,0.0303,0.1465,4.3080,7.6322,0,1.0000,0,0,37.7799,6.4729,-20.1337,4.8898,-46.8706,0.680,0.000,1.000,0.0000,0.0000,0
2026-05-06,13:01:31,85030,2,0.0000,0.1236,0.1220,3.5894,7.6311,0,1.0000,0,0,38.4208,21.4998,-20.3436,-2.1187,-54.0982,0.648,0.000,1.000,0.0000,0.0000,0
2026-05-06,13:01:31,85065,2,0.0000,0.2686,0.0863,2.5393,7.6295,0,1.0000,0,0,38.9474,15.3339,-20.3739,-0.9738,-72.6902,0.616,0.000,1.000,0.0000,0.0000,0
2026-05-06,13:01:31,85100,2,0.0000,-0.0439,0.0899,2.6434,7.6289,0,1.0000,0,0,39.4815,21.2609,-20.2241,2.6597,-88.5539,0.584,0.000,1.000,0.0000,0.0000,0
2026-05-06,13:01:31,85139,2,0.0000,-0.1698,0.1106,3.2528,7.6297,0,1.0000,0,0,39.5886,3.5470,-19.7412,6.8961,-94.9588,0.560,0.000,1.000,0.0000,0.0000,0
2026-05-06,13:01:31,85175,2,0.0000,-0.2111,0.1480,4.3534,7.6316,0,1.0000,0,0,38.0047,-47.8659,-19.2249,10.2707,-85.7092,0.552,0.000,1.000,0.0000,0.0000,0
2026-05-06,13:01:31,85211,2,0.0000,0.0153,0.1402,4.1226,7.6317,0,1.0000,0,0,37.8684,15.5973,-19.1116,3.9157,-46.4429,0.616,0.000,1.000,0.0000,0.0000,0
2026-05-06,13:01:31,85246,2,0.0000,0.1129,0.1216,3.5759,7.6311,0,1.0000,0,0,38.8633,28.4761,-19.4137,-4.6830,-27.2590,0.608,0.000,1.000,0.0000,0.0000,0
2026-05-06,13:01:31,85281,2,0.0000,0.2352,0.0916,2.6951,7.6299,0,1.0000,0,0,39.5520,21.0582,-19.6211,-5.4139,-49.8084,0.576,0.000,1.000,0.0000,0.0000,0
2026-05-06,13:01:31,85317,2,0.0000,0.0725,0.0769,2.2605,7.6286,0,1.0000,0,0,40.1088,19.5960,-19.6683,-2.8633,-41.3272,0.544,0.000,1.000,0.0000,0.0000,0
2026-05-06,13:01:31,85352,2,0.0000,0.0067,0.0774,2.2753,7.6284,0,1.0000,0,0,40.7937,24.2340,-19.7357,-2.4527,-36.2660,0.512,0.000,1.000,0.0000,0.0000,0
2026-05-06,13:01:31,85387,2,0.0000,-0.0074,0.0774,2.2752,7.6284,0,1.0000,0,0,41.3519,16.3961,-19.8229,-2.7666,-57.4408,0.480,0.000,1.000,0.0000,0.0000,0
2026-05-06,13:01:31,85422,2,0.0000,-0.1069,0.0924,2.7187,7.6289,0,1.0000,0,0,41.7357,12.8913,-19.8987,-2.5932,-54.5460,0.448,0.000,1.000,0.0000,0.0000,0
2026-05-06,13:01:31,85457,2,0.0000,-0.0577,0.1015,2.9846,7.6295,0,1.0000,0,0,41.3957,-14.7047,-19.9421,-1.7350,-60.4888,0.416,0.000,1.000,0.0000,0.0000,0
2026-05-06,13:01:31,85492,2,0.0000,-0.0202,0.1005,2.9569,7.6296,0,1.0000,0,0,40.5663,-14.8530,-19.8667,0.5059,-70.8514,0.432,0.000,1.000,0.0000,0.0000,0
2026-05-06,13:01:31,85527,2,0.0000,0.0578,0.0904,2.6584,7.6293,0,1.0000,0,0,41.3957,27.2288,-19.8136,1.4403,-80.6411,0.424,0.000,1.000,0.0000,0.0000,0
2026-05-06,13:01:31,85562,2,0.0000,0.0474,0.0870,2.5580,7.6290,0,1.0000,0,0,42.1963,22.2408,-19.7515,1.0476,-48.0230,0.392,0.000,1.000,0.0000,0.0000,0
2026-05-06,13:01:31,85597,2,0.0000,0.0084,0.0874,2.5695,7.6289,0,1.0000,0,0,42.4254,8.3254,-19.8043,-0.5826,-67.4981,0.360,0.000,1.000,0.0000,0.0000,0
2026-05-06,13:01:31,85632,2,0.0000,0.0350,0.0833,2.4496,7.6288,0,1.0000,0,0,42.8585,16.2169,-19.8145,-0.4453,-56.3987,0.328,0.000,1.000,0.0000,0.0000,0
2026-05-06,13:01:31,85667,2,0.0000,0.0059,0.0820,2.4114,7.6287,0,1.0000,0,0,43.4186,16.3269,-19.8425,-0.8204,-74.7240,0.296,0.000,1.000,0.0000,0.0000,0
2026-05-06,13:01:31,85702,2,0.0000,-0.0217,0.0844,2.4814,7.6287,0,1.0000,0,0,43.6665,7.6465,-19.8628,-0.6217,-90.1966,0.264,0.000,1.000,0.0000,0.0000,0
2026-05-06,13:01:31,85737,2,0.0000,-0.0461,0.0892,2.6237,7.6289,0,1.0000,0,0,43.7914,4.0443,-19.8270,0.2199,-96.3126,0.232,0.000,1.000,0.0000,0.0000,0
2026-05-06,13:01:32,85772,2,0.0000,0.0057,0.0872,2.5637,7.6289,0,1.0000,0,0,43.6240,-4.4072,-19.8628,-0.7534,-83.0025,0.200,0.000,1.000,0.0000,0.0000,0
2026-05-06,13:01:32,85807,2,0.0000,0.0304,0.0849,2.4982,7.6288,0,1.0000,0,0,43.7182,7.0071,-19.8919,-0.9305,-97.3445,0.168,0.000,0.999,0.0000,0.0000,0
2026-05-06,13:01:32,85842,2,0.0000,0.0007,0.0847,2.4922,7.6288,0,1.0000,0,0,44.1867,13.9056,-19.9242,-1.0249,-109.6623,0.136,0.000,0.996,0.0000,0.0000,0
2026-05-06,13:01:32,85877,2,0.0000,-0.0068,0.0844,2.4815,7.6288,0,1.0000,0,0,44.2929,2.5860,-19.9491,-0.8828,-120.0675,0.104,0.000,0.993,0.0000,0.0000,0
2026-05-06,13:01:32,85912,2,0.0000,0.0064,0.0845,2.4857,7.6288,0,1.0000,0,0,44.3061,1.2507,-19.9615,-0.6592,-128.9153,0.072,0.000,0.990,0.0000,0.0000,0
2026-05-06,13:01:32,85947,2,0.0000,0.0057,0.0857,2.5209,7.6288,0,1.0000,0,0,44.2317,-1.0096,-20.0208,-1.6715,-136.4500,0.040,0.000,0.986,0.0000,0.0000,0
2026-05-06,13:01:32,85982,2,0.0000,0.0201,0.0815,2.3965,7.6287,0,1.0000,0,0,44.3949,7.0660,-20.1029,-2.1286,-142.8993,0.008,0.000,0.983,0.0000,0.0000,0
2026-05-06,13:01:32,86017,2,0.0000,0.1388,0.0627,1.8427,7.6280,0,1.0000,0,0,44.6350,6.3880,-20.1126,-0.9053,-148.3449,0.000,0.000,0.980,0.0000,0.0000,0
2026-05-06,13:01:32,86057,2,0.0000,0.1003,0.0342,1.0060,7.6263,0,1.0000,0,0,44.8965,12.1989,-20.0842,-0.2646,-150.7996,0.000,0.000,0.986,0.0000,0.0000,0
2026-05-06,13:01:32,86093,2,0.0000,-0.0684,0.0459,1.3500,7.6265,0,1.0000,0,0,45.6253,21.3350,-20.0152,1.4995,-154.9758,0.000,0.000,1.000,0.0000,0.0000,0
2026-05-06,13:01:32,86129,2,0.0000,-0.2112,0.0734,2.1585,7.6276,0,1.0000,0,0,45.1372,-23.4109,-19.8079,4.5602,-158.3807,0.000,0.000,1.000,0.0000,0.0000,0
2026-05-06,13:01:32,86164,2,0.0000,-0.0513,0.0888,2.6131,7.6289,0,1.0000,0,0,43.1404,-52.6077,-19.6926,3.0683,-127.7006,0.048,0.000,1.000,0.0000,0.0000,0
2026-05-06,13:01:32,86200,2,0.0000,0.0122,0.0866,2.5472,7.6289,0,1.0000,0,0,43.6109,38.7664,-19.6585,1.8263,-114.2346,0.112,0.000,1.000,0.0000,0.0000,0
2026-05-06,13:01:32,86237,2,0.0000,0.0935,0.0741,2.1801,7.6285,0,1.0000,0,0,44.6451,26.4230,-19.6858,0.2230,-124.0005,0.080,0.000,1.000,0.0000,0.0000,0
2026-05-06,13:01:32,86272,2,0.0000,0.0546,0.0673,1.9802,7.6280,0,1.0000,0,0,45.4970,31.9356,-19.6659,0.3343,-132.1915,0.048,0.000,1.000,0.0000,0.0000,0
2026-05-06,13:01:32,86307,2,0.0000,-0.0248,0.0711,2.0899,7.6279,0,1.0000,0,0,46.6262,33.4009,-19.7093,-1.0117,-139.2699,0.016,0.000,1.000,0.0000,0.0000,0
2026-05-06,13:01:32,86343,2,0.0000,-0.0953,0.0817,2.4038,7.6284,0,1.0000,0,0,46.8905,6.9091,-19.8302,-2.7212,-145.2551,0.000,0.000,1.000,0.0000,0.0000,0
2026-05-06,13:01:32,86378,2,0.0000,-0.0579,0.0920,2.7059,7.6290,0,1.0000,0,0,47.2318,13.9109,-19.9057,-2.4672,-150.3432,0.000,0.000,1.000,0.0000,0.0000,0
2026-05-06,13:01:32,86413,2,0.0000,-0.0058,0.0929,2.7324,7.6292,0,1.0000,0,0,47.7344,13.0465,-19.9395,-1.4032,-154.7005,0.000,0.000,1.000,0.0000,0.0000,0
2026-05-06,13:01:32,86448,2,0.0000,0.0096,0.0938,2.7590,7.6292,0,1.0000,0,0,47.8174,3.9010,-19.9361,-0.4459,-158.3713,0.000,0.000,1.000,0.0000,0.0000,0
2026-05-06,13:01:32,86483,2,0.0000,-0.0009,0.0929,2.7324,7.6292,0,1.0000,0,0,48.2972,15.8516,-19.8847,0.9027,-161.4354,0.000,0.000,1.000,0.0000,0.0000,0
2026-05-06,13:01:32,86518,2,0.0000,0.0098,0.0898,2.6422,7.6290,0,1.0000,0,0,48.5234,5.3304,-19.7804,2.5065,-164.1538,0.000,0.000,1.000,0.0000,0.0000,0
2026-05-06,13:01:32,86554,2,0.0000,0.1096,0.0755,2.2201,7.6286,0,1.0000,0,0,48.3812,-3.9557,-19.6998,2.3004,-166.4299,0.000,0.000,1.000,0.0000,0.0000,0
2026-05-06,13:01:32,86589,2,0.0000,0.3480,0.0321,0.9446,7.6268,0,1.0000,0,0,48.7279,12.5746,-19.6652,1.3639,-168.2792,0.000,0.000,1.000,0.0000,0.0000,0
2026-05-06,13:01:32,86624,2,0.0000,0.0597,0.0255,0.7506,7.6257,0,1.0000,0,0,49.3823,21.3111,-19.7014,-0.4080,-169.9846,0.000,0.000,1.000,0.0000,0.0000,0
2026-05-06,13:01:32,86659,2,0.0000,0.0022,0.0234,0.6894,7.6255,0,1.0000,0,0,49.9806,16.3656,-19.6854,0.4083,-171.3566,0.000,0.000,1.000,0.0000,0.0000,0
2026-05-06,13:01:32,86694,2,0.0000,-0.0111,0.0240,0.7049,7.6255,0,1.0000,0,0,50.6830,19.6500,-19.5829,2.2075,-172.4819,0.000,0.000,1.000,0.0000,0.0000,0
2026-05-06,13:01:32,86729,2,0.0000,-0.0159,0.0258,0.7588,7.6256,0,1.0000,0,0,50.8891,-1.4289,-19.4219,4.1092,-173.5563,0.000,0.000,1.000,0.0000,0.0000,0
2026-05-06,13:01:33,86764,2,0.0000,-0.0296,0.0294,0.8653,7.6257,0,1.0000,0,0,50.1102,-22.5868,-19.2723,4.2679,-174.3982,0.000,0.000,1.000,0.0000,0.0000,0
2026-05-06,13:01:33,86799,2,0.0000,-0.1394,0.0459,1.3503,7.6263,0,1.0000,0,0,49.8487,-8.4210,-19.0909,5.2262,-174.8551,0.048,0.000,1.000,0.0000,0.0000,0
2026-05-06,13:01:33,86834,2,0.0000,-0.2108,0.0734,2.1589,7.6276,0,1.0000,0,0,47.9048,-65.2051,-19.0082,2.6984,-135.3682,0.112,0.000,1.000,0.0000,0.0000,0
2026-05-06,13:01:33,86869,2,0.0000,-0.0780,0.0928,2.7294,7.6290,0,1.0000,0,0,45.9753,-39.3308,-18.9823,1.6030,-141.5586,0.176,0.000,1.000,0.0000,0.0000,0
2026-05-06,13:01:33,86904,2,0.0000,-0.0125,0.0923,2.7161,7.6291,0,1.0000,0,0,47.3357,45.3587,-19.1005,-2.1050,-121.4877,0.240,0.000,1.000,0.0000,0.0000,0
2026-05-06,13:01:33,86939,2,0.0000,-0.0004,0.0927,2.7269,7.6292,0,1.0000,0,0,47.8772,11.0026,-19.1809,-2.5437,-115.7836,0.208,0.000,1.000,0.0000,0.0000,0
2026-05-06,13:01:33,86980,2,0.0000,0.0071,0.0909,2.6735,7.6291,0,1.0000,0,0,48.0895,14.7681,-19.2547,-2.3017,-113.9569,0.184,0.000,1.000,0.0000,0.0000,0
2026-05-06,13:01:33,87015,2,0.0000,0.0374,0.0884,2.6001,7.6290,0,1.0000,0,0,49.0858,29.2157,-19.2756,-1.4748,-123.6631,0.152,0.000,1.000,0.0000,0.0000,0
2026-05-06,13:01:33,87050,2,0.0000,0.0199,0.0866,2.5481,7.6289,0,1.0000,0,0,49.3152,5.0032,-19.2759,-0.4922,-131.9097,0.120,0.000,1.000,0.0000,0.0000,0
2026-05-06,13:01:33,87085,2,0.0000,-0.0113,0.0878,2.5810,7.6289,0,1.0000,0,0,49.6987,16.6419,-19.1187,3.1539,-138.3650,0.088,0.000,1.000,0.0000,0.0000,0
2026-05-06,13:01:33,87120,2,0.0000,-0.0056,0.0925,2.7210,7.6290,0,1.0000,0,0,50.1865,11.9477,-18.6990,8.7654,-143.6635,0.056,0.000,1.000,0.0000,0.0000,0
2026-05-06,13:01:33,87156,2,0.0000,0.0075,0.0902,2.6529,7.6290,0,1.0000,0,0,50.0612,-1.8796,-18.2113,11.6033,-147.9509,0.024,0.000,1.000,0.0000,0.0000,0
2026-05-06,13:01:33,87191,2,0.0000,0.0084,0.0885,2.6043,7.6290,0,1.0000,0,0,50.4839,15.3768,-17.8035,10.3984,-144.6219,0.000,0.000,1.000,0.0000,0.0000,0
2026-05-06,13:01:33,87226,2,0.0000,0.0104,0.0874,2.5704,7.6289,0,1.0000,0,0,50.7491,5.2093,-17.6694,5.0020,-116.3456,0.000,0.000,1.000,0.0000,0.0000,0
2026-05-06,13:01:33,87261,2,0.0000,0.0096,0.0862,2.5348,7.6288,0,1.0000,0,0,50.7550,2.1849,-17.6263,1.4837,-118.3048,0.000,0.000,1.000,0.0000,0.0000,0
2026-05-06,13:01:33,87296,2,0.0000,0.0095,0.0843,2.4798,7.6287,0,1.0000,0,0,51.0655,9.8391,-17.6871,-1.1926,-126.9551,0.000,0.000,1.000,0.0000,0.0000,0
2026-05-06,13:01:33,87331,2,0.0000,-0.0044,0.0845,2.4859,7.6287,0,1.0000,0,0,51.2100,3.8391,-17.6044,0.5979,-134.0415,0.000,0.000,1.000,0.0000,0.0000,0
2026-05-06,13:01:33,87367,2,0.0000,-0.0011,0.0855,2.5136,7.6288,0,1.0000,0,0,51.2683,1.5354,-17.2700,5.6179,-139.5863,0.000,0.000,1.000,0.0000,0.0000,0
2026-05-06,13:01:33,87402,2,0.0000,0.0012,0.0877,2.5801,7.6290,0,1.0000,0,0,51.0710,-7.4043,-16.7606,10.6678,-144.0065,0.000,0.000,1.000,0.0000,0.0000,0
2026-05-06,13:01:33,87437,2,0.0000,0.0010,0.0886,2.6057,7.6290,0,1.0000,0,0,50.8344,-2.9699,-16.3406,9.7893,-107.4284,0.000,0.000,1.000,0.0000,0.0000,0
2026-05-06,13:01:33,87472,2,0.1200,0.0055,0.0853,2.5076,7.6288,0,1.0000,15,1,51.1552,10.3798,-16.3026,2.7062,-64.3183,0.000,0.000,0.999,0.0000,0.0000,0
2026-05-06,13:01:33,87507,2,0.1200,0.1191,0.0878,2.5830,7.6281,0,1.0000,15,1,51.4975,8.3942,-16.4895,-3.2462,-68.8187,0.000,0.000,0.996,0.0000,0.0000,0
2026-05-06,13:01:33,87542,2,0.1200,0.2582,0.0729,2.1446,7.6267,0,1.0000,15,1,51.4382,-1.8966,-16.5725,-2.4525,-84.9206,0.000,0.000,0.993,0.0000,0.0000,0
2026-05-06,13:01:33,87578,2,0.4000,0.1594,0.0945,2.7788,7.6255,0,1.0000,50,1,51.7747,14.1178,-16.3570,3.1061,-98.2370,0.000,0.000,0.990,0.0000,0.0000,0
2026-05-06,13:01:33,87613,2,0.4000,0.2561,0.1070,3.1485,7.6233,0,1.0000,50,1,51.5956,-12.1289,-15.8125,11.4325,-108.7847,0.000,0.000,1.000,0.0000,0.0000,0
2026-05-06,13:01:33,87648,2,0.4000,0.3086,0.1260,3.7061,7.6216,0,1.0000,50,1,50.0584,-45.0367,-15.0464,17.4187,-117.5398,0.048,0.000,1.000,0.0000,0.0000,0
2026-05-06,13:01:33,87684,2,0.4000,0.4417,0.1218,3.5819,7.6185,0,1.0000,50,1,49.7885,9.1640,-14.4705,14.2936,-72.7007,0.112,0.000,1.000,0.0000,0.0000,0
2026-05-06,13:01:33,87719,2,0.4000,0.3847,0.1295,3.8080,7.6159,0,1.0000,50,1,50.8798,28.4866,-14.6444,0.5524,-49.9728,0.104,0.000,1.000,0.0000,0.0000,0
2026-05-06,13:01:33,87754,2,0.4000,0.5359,0.1124,3.3052,7.6122,0,1.0000,50,1,51.2854,15.0013,-14.8276,-2.5679,-68.8304,0.072,0.000,1.000,0.0000,0.0000,0
2026-05-06,13:01:34,87790,2,0.4000,0.5875,0.0925,2.7194,7.6083,0,1.0000,50,1,52.0856,27.9819,-14.6895,1.9558,-85.2338,0.040,0.000,1.000,0.0000,0.0000,0
2026-05-06,13:01:34,87826,2,0.4000,0.4829,0.0805,2.3690,7.6043,0,1.0000,50,1,52.6379,16.2752,-14.5449,3.5198,-99.1520,0.008,0.000,1.000,0.0000,0.0000,0
2026-05-06,13:01:34,87861,2,0.4000,0.1615,0.1178,3.4660,7.6025,0,1.0000,50,1,53.0961,14.2266,-14.4731,2.6337,-110.6243,0.000,0.000,1.000,0.0000,0.0000,0
2026-05-06,13:01:34,87894,2,0.4000,0.2173,0.1300,3.8245,7.6012,0,1.0000,50,1,53.1977,9.7446,-14.2785,3.1688,-113.0576,0.000,0.000,1.000,0.0000,0.0000,0
2026-05-06,13:01:34,87929,2,0.4000,0.3418,0.1513,4.4509,7.5990,0,1.0000,50,1,52.7388,-16.2472,-13.8822,8.5441,-121.9429,0.000,0.000,1.000,0.0000,0.0000,0
2026-05-06,13:01:34,87964,2,0.4000,0.4806,0.1407,4.1373,7.5958,0,1.0000,50,1,52.4669,5.0725,-13.5936,7.2244,-122.6911,0.000,0.000,1.000,0.0000,0.0000,0
2026-05-06,13:01:34,88001,2,0.4000,0.5674,0.1106,3.2536,7.5912,0,1.0000,50,1,53.3739,23.2761,-13.6938,-0.1952,-91.9306,0.000,0.000,1.000,0.0000,0.0000,0
2026-05-06,13:01:34,88036,2,0.4000,0.4256,0.0946,2.7822,7.5869,0,1.0000,50,1,53.8434,12.0496,-13.7567,-0.8376,-104.6703,0.000,0.000,1.000,0.0000,0.0000,0
2026-05-06,13:01:34,88071,2,0.4000,0.5942,0.0718,2.1113,7.5832,0,1.0000,50,1,54.3619,18.0094,-13.7234,0.3176,-115.5160,0.000,0.000,1.000,0.0000,0.0000,0
2026-05-06,13:01:34,88107,2,0.4000,0.5662,0.0445,1.3075,7.5785,0,1.0000,50,1,55.1773,25.6417,-13.6536,1.5705,-124.9691,0.000,0.000,1.000,0.0000,0.0000,0
2026-05-06,13:01:34,88143,2,0.4000,0.4301,0.0327,0.9620,7.5745,0,1.0000,50,1,55.9641,22.5094,-13.5792,2.1791,-132.7631,0.000,0.000,1.000,0.0000,0.0000,0
2026-05-06,13:01:34,88179,2,0.4000,0.1897,0.0539,1.5841,7.5719,0,1.0000,50,1,56.2942,3.1810,-13.4651,3.0191,-139.4975,0.000,0.000,1.000,0.0000,0.0000,0
2026-05-06,13:01:34,88215,2,0.4000,0.1987,0.0864,2.5422,7.5707,0,1.0000,50,1,56.2102,-5.4573,-13.3792,2.7792,-145.3574,0.000,0.000,1.000,0.0000,0.0000,0
2026-05-06,13:01:34,88250,2,0.4000,0.0899,0.1304,3.8362,7.5697,0,1.0000,50,1,55.4464,-28.9102,-13.2434,3.8274,-150.0383,0.000,0.000,1.000,0.0000,0.0000,0
2026-05-06,13:01:34,88286,2,0.1360,0.3609,0.1457,4.2851,7.5681,0,1.0000,17,1,52.8539,-69.8629,-13.0851,4.2339,-153.8145,0.064,0.000,1.000,0.0000,0.0000,0
2026-05-06,13:01:34,88322,2,0.0000,0.1550,0.1203,3.5397,7.5665,0,1.0000,0,1,53.3110,33.6679,-13.0745,0.6892,-123.1258,0.128,0.000,1.000,0.0000,0.0000,0
2026-05-06,13:01:34,88358,2,0.0000,0.2860,0.0770,2.2640,7.5645,0,1.0000,0,1,54.8279,47.8988,-13.2615,-3.3879,-131.2636,0.120,0.000,1.000,0.0000,0.0000,0
2026-05-06,13:01:34,88394,2,2.1760,2.0595,0.1210,3.5594,7.5577,0,1.0000,272,1,56.0341,33.7618,-13.3032,-1.7279,-124.4241,0.088,0.000,1.000,0.0000,0.0000,0
2026-05-06,13:01:34,88429,2,2.1760,2.4552,0.1100,3.2356,7.5414,0,1.0000,272,1,56.0618,1.6288,-13.2583,0.4415,-126.2369,0.056,0.000,1.000,0.0000,0.0000,0
2026-05-06,13:01:34,88464,2,2.1760,2.5112,0.0724,2.1281,7.5235,0,1.0000,272,1,56.4372,15.6674,-13.1502,2.2319,-127.8413,0.024,0.000,1.000,0.0000,0.0000,0
2026-05-06,13:01:34,88499,2,3.5200,2.8279,0.1283,3.7736,7.5046,0,1.0000,440,1,57.5383,31.2952,-13.0516,2.7023,-128.3234,0.000,0.000,1.000,0.0000,0.0000,0
2026-05-06,13:01:34,88535,2,3.5200,3.6018,0.0936,2.7522,7.4781,0,1.0000,440,1,57.6809,-1.4027,-13.0308,1.1632,-135.6136,0.000,0.000,1.000,0.0000,0.0000,0
2026-05-06,13:01:34,88570,2,3.5200,3.6727,0.0708,2.0809,7.4508,0,1.0000,440,1,57.7529,6.2715,-13.1055,-1.2295,-135.2331,0.000,0.000,1.000,0.0000,0.0000,0
2026-05-06,13:01:34,88606,2,3.5360,3.3450,0.0959,2.8205,7.4238,0,1.0000,442,1,58.8312,33.0227,-13.2113,-2.5588,-141.6784,0.000,0.000,1.000,0.0000,0.0000,0
2026-05-06,13:01:34,88641,2,3.5360,3.3739,0.1122,3.2995,7.3983,0,1.0000,442,1,58.4844,-16.0592,-13.3870,-4.3755,-146.9281,0.000,0.000,1.000,0.0000,0.0000,0
2026-05-06,13:01:34,88676,2,3.5360,3.5262,0.1144,3.3645,7.3724,0,1.0000,442,1,58.1027,-1.8367,-13.5111,-3.9400,-131.4776,0.000,0.000,1.000,0.0000,0.0000,0
2026-05-06,13:01:34,88713,2,3.5360,3.4627,0.1255,3.6914,7.3458,0,1.0000,442,1,58.8135,16.3981,-13.7238,-5.3678,-112.6457,0.000,0.000,1.000,0.0000,0.0000,0
2026-05-06,13:01:34,88748,2,3.5360,3.5021,0.1235,3.6327,7.3186,0,1.0000,442,1,58.5798,-10.6015,-13.9843,-6.1118,-115.6581,0.000,0.000,1.000,0.0000,0.0000,0
2026-05-06,13:01:35,88784,2,3.5440,3.4631,0.1497,4.4025,7.2921,0,1.0000,443,1,58.2595,-7.6464,-14.2462,-6.5591,-91.6242,0.000,0.000,1.000,0.0000,0.0000,0
2026-05-06,13:01:35,88819,2,3.7120,3.5148,0.1435,4.2211,7.2725,0,1.0000,464,1,57.7426,-11.4517,-14.7387,-8.7926,-97.7243,0.016,0.000,1.000,0.0000,0.0000,0
2026-05-06,13:01:35,88854,2,3.7120,3.7175,0.1402,4.1222,7.2380,0,1.0000,464,1,57.5043,-5.6477,-15.0927,-8.8711,-110.5558,0.080,0.000,1.000,0.0000,0.0000,0
2026-05-06,13:01:35,88889,2,3.9360,3.5429,0.1641,4.8279,7.2102,0,1.0000,492,1,57.3996,-3.0129,-15.2812,-5.5221,-121.3224,0.096,0.000,1.000,0.0000,0.0000,0
2026-05-06,13:01:35,88925,2,3.9600,3.7912,0.1831,5.3854,7.1820,0,1.0000,495,1,56.2402,-32.4717,-15.5471,-6.8262,-124.4376,0.160,0.000,1.000,0.0000,0.0000,0
2026-05-06,13:01:35,88960,2,3.9600,3.7792,0.2096,6.1661,7.1533,0,1.0000,495,1,55.9293,9.4763,-16.0698,-11.4073,-127.2592,0.224,0.000,1.000,0.0000,0.0000,0
2026-05-06,13:01:35,88997,2,4.1040,3.9308,0.2256,6.6367,7.1238,0,1.0000,513,1,57.3622,37.8127,-16.5055,-11.0949,-129.8820,0.216,0.000,1.000,0.0000,0.0000,0
2026-05-06,13:01:35,89032,2,4.1040,4.4440,0.1616,4.7528,7.0905,0,1.0000,513,1,58.2112,21.8847,-16.9305,-11.3421,-137.9836,0.184,0.000,1.000,0.0000,0.0000,0
2026-05-06,13:01:35,89067,2,4.1040,4.3437,0.1313,3.8614,7.0576,0,1.0000,513,1,58.8670,27.3687,-17.3251,-10.5674,-138.0823,0.152,0.000,1.000,0.0000,0.0000,0
2026-05-06,13:01:35,89102,2,0.0000,3.9573,0.1417,4.1663,7.0265,0,1.0000,0,1,59.8306,18.4656,-17.7497,-11.4831,-119.5172,0.120,0.000,1.000,0.0000,0.0000,0
2026-05-06,13:01:35,89138,2,0.0000,-0.1995,0.0820,2.4130,7.0192,0,1.0000,0,1,59.8009,0.0828,-18.3843,-14.5063,-95.9082,0.088,0.000,1.000,0.0000,0.0000,0
2026-05-06,13:01:35,89174,2,0.0000,-0.1018,0.1150,3.3831,7.0212,0,1.0000,0,1,58.6773,-25.8448,-19.2718,-21.1438,-71.7493,0.056,0.000,1.000,0.0000,0.0000,0
2026-05-06,13:01:35,89209,2,0.0000,-0.0495,0.1189,3.4976,7.0215,0,1.0000,0,1,58.9959,32.7694,-20.2449,-23.0913,-83.7041,0.096,0.000,1.000,0.0000,0.0000,0
2026-05-06,13:01:35,89244,2,0.0000,0.1820,0.0976,2.8712,7.0210,0,1.0000,0,1,60.4218,48.9837,-20.6343,-13.1378,-97.6866,0.064,0.000,1.000,0.0000,0.0000,0
2026-05-06,13:01:35,89279,2,0.0000,0.3927,0.0409,1.2021,7.0184,0,1.0000,0,1,62.7129,70.7866,-20.4644,-0.6659,-108.7948,0.032,0.000,1.000,0.0000,0.0000,0
2026-05-06,13:01:35,89315,2,0.0000,0.0388,0.0440,1.2928,7.0177,0,1.0000,0,1,65.0358,63.7937,-20.3626,1.1461,-119.0549,0.000,0.000,1.000,0.0000,0.0000,0
2026-05-06,13:01:35,89350,2,0.0000,0.0142,0.0412,1.2126,7.0176,0,1.0000,0,1,66.5747,40.4535,-20.4699,-2.2003,-127.9940,0.000,0.000,1.000,0.0000,0.0000,0
2026-05-06,13:01:35,89385,2,0.0000,-0.0012,0.0424,1.2478,7.0176,0,1.0000,0,1,66.7478,-10.0136,-20.7058,-5.8860,-108.0217,0.000,0.000,1.000,0.0000,0.0000,0
2026-05-06,13:01:35,89420,2,0.0000,-0.2798,0.0767,2.2573,7.0186,0,1.0000,0,1,64.6037,-77.4348,-21.3705,-15.8935,-66.8967,0.016,0.000,1.000,0.0000,0.0000,0
2026-05-06,13:01:35,89455,2,0.0000,-0.3236,0.1217,3.5781,7.0210,0,1.0000,0,1,58.3080,-177.2959,-22.9007,-34.2513,-34.1601,0.080,0.000,1.000,0.0000,0.0000,0
2026-05-06,13:01:35,89490,2,0.0000,-0.0060,0.1149,3.3787,7.0214,0,1.0000,0,1,58.1839,30.0427,-24.3389,-35.4712,-37.5095,0.144,0.000,1.000,0.0000,0.0000,0
2026-05-06,13:01:35,89526,2,0.0000,0.0608,0.1091,3.2087,7.0212,0,1.0000,0,1,62.5427,120.7987,-24.6268,-14.6888,-53.5362,0.160,0.000,1.000,0.0000,0.0000,0
2026-05-06,13:01:35,89561,2,0.0000,0.0501,0.0993,2.9205,7.0207,0,1.0000,0,1,64.9904,57.1115,-24.2173,3.5266,-57.5309,0.128,0.000,1.000,0.0000,0.0000,0
2026-05-06,13:01:35,89596,2,0.0000,-0.0003,0.1008,2.9651,7.0206,0,1.0000,0,1,64.8829,-1.4576,-23.9863,5.0205,-43.3882,0.096,0.000,1.000,0.0000,0.0000,0
2026-05-06,13:01:35,89631,2,0.0000,0.0314,0.0975,2.8684,7.0205,0,1.0000,0,1,65.2160,3.0900,-23.9049,3.4852,-63.1143,0.064,0.000,1.000,0.0000,0.0000,0
2026-05-06,13:01:35,89666,2,0.0000,-0.0161,0.0989,2.9078,7.0205,0,1.0000,0,1,64.6209,-18.3050,-23.8546,2.1363,-39.6958,0.032,0.000,1.000,0.0000,0.0000,0
2026-05-06,13:01:35,89702,2,0.0000,0.0110,0.0964,2.8345,7.0205,0,1.0000,0,1,64.5485,1.9858,-23.8344,1.1063,-54.0524,0.000,0.000,1.000,0.0000,0.0000,0
2026-05-06,13:01:35,89742,2,0.0000,-0.0005,0.0948,2.7871,7.0203,0,1.0000,0,0,64.6141,-0.1794,-23.7888,1.0541,-49.5573,0.000,0.000,1.000,0.0000,0.0000,0
2026-05-06,13:01:36,89778,2,0.0000,-0.0045,0.0964,2.8353,7.0203,0,1.0000,0,0,64.3851,-6.8558,-23.7747,0.5345,-22.7412,0.000,0.000,1.000,0.0000,0.0000,0
2026-05-06,13:01:36,89813,2,0.0000,-0.0222,0.0984,2.8933,7.0204,0,1.0000,0,0,64.3448,-0.4740,-23.7998,-0.4320,-45.6878,0.000,0.000,1.000,0.0000,0.0000,0
2026-05-06,13:01:36,89848,2,0.0000,0.0021,0.0966,2.8404,7.0204,0,1.0000,0,0,64.2409,-5.0425,-23.8343,-0.8677,-44.4594,0.000,0.000,1.000,0.0000,0.0000,0
2026-05-06,13:01:36,89883,2,0.0000,0.0065,0.0960,2.8237,7.0204,0,1.0000,0,0,64.2187,2.2189,-23.8790,-1.3311,-25.4107,0.000,0.000,1.000,0.0000,0.0000,0
2026-05-06,13:01:36,89919,2,4.0480,-0.0168,0.0962,2.8305,7.0204,0,1.0000,506,1,64.7900,15.4825,-23.9266,-1.3678,-47.9892,0.000,0.000,1.000,0.0000,0.0000,0
2026-05-06,13:01:36,89954,2,4.0480,3.9301,0.2027,5.9624,7.0037,0,1.0000,506,1,65.0716,-0.3240,-23.9778,-1.6273,-33.7966,0.000,0.000,1.000,0.0000,0.0000,0
2026-05-06,13:01:36,89989,2,4.0480,3.9689,0.1944,5.7185,6.9726,0,1.0000,506,1,63.5936,-39.7782,-24.0431,-2.0280,-2.1275,0.032,0.000,1.000,0.0000,0.0000,0
2026-05-06,13:01:36,90024,2,4.0960,4.1117,0.1840,5.4123,6.9419,0,1.0000,512,1,63.8491,17.6643,-24.1302,-2.1116,-21.6854,0.096,0.000,1.000,0.0000,0.0000,0
2026-05-06,13:01:36,90059,2,4.0960,4.0735,0.1991,5.8546,6.9124,0,1.0000,512,1,64.2720,3.1400,-24.1857,-1.9390,-4.7415,0.064,0.000,1.000,0.0000,0.0000,0
2026-05-06,13:01:36,90094,2,4.0960,4.2692,0.1831,5.3847,6.8815,0,1.0000,512,1,63.1392,-27.9138,-24.2249,-1.1771,1.4638,0.080,0.000,1.000,0.0000,0.0000,0
2026-05-06,13:01:36,90130,2,4.1120,4.3248,0.1720,5.0596,6.8484,0,1.0000,514,1,63.4588,13.9102,-24.1918,0.6724,-24.8535,0.144,0.000,1.000,0.0000,0.0000,0
2026-05-06,13:01:36,90166,2,4.1120,4.2109,0.1453,4.2721,6.8159,0,1.0000,514,1,63.6372,-1.2188,-24.1095,1.7789,-7.2039,0.112,0.000,1.000,0.0000,0.0000,0
2026-05-06,13:01:36,90201,2,4.1120,3.9684,0.1536,4.5182,6.7850,0,1.0000,514,1,63.2384,-13.3895,-24.0997,0.5708,-13.8580,0.080,0.000,1.000,0.0000,0.0000,0
2026-05-06,13:01:36,90236,2,4.1120,3.9931,0.1759,5.1739,6.7548,0,1.0000,514,1,63.3521,3.4279,-24.1193,0.0204,-38.0005,0.072,0.000,1.000,0.0000,0.0000,0
2026-05-06,13:01:36,90272,2,4.1120,4.0252,0.1801,5.2965,6.7241,0,1.0000,514,1,62.9463,-16.0514,-24.1118,-0.0509,-12.3394,0.064,0.000,1.000,0.0000,0.0000,0
2026-05-06,13:01:36,90307,2,4.1120,3.9819,0.1981,5.8265,6.6939,0,1.0000,514,1,62.7137,-1.8415,-24.1447,-0.7437,-18.1314,0.128,0.000,1.000,0.0000,0.0000,0
2026-05-06,13:01:36,90343,2,4.1200,4.2912,0.1709,5.0270,6.6609,0,1.0000,515,1,62.8468,0.6209,-24.1726,-0.6221,-41.7092,0.120,0.000,1.000,0.0000,0.0000,0
2026-05-06,13:01:36,90378,2,4.1200,4.2365,0.1489,4.3795,6.6291,0,1.0000,515,1,62.5515,-9.5711,-24.1618,-0.3226,-9.0342,0.088,0.000,1.000,0.0000,0.0000,0
2026-05-06,13:01:36,90413,2,4.1200,4.1007,0.1368,4.0225,6.5975,0,1.0000,515,1,62.6532,3.3440,-24.2312,-1.6650,-27.7874,0.056,0.000,1.000,0.0000,0.0000,0
2026-05-06,13:01:36,90449,2,4.1200,3.9396,0.1533,4.5086,6.5665,0,1.0000,515,1,62.7831,-4.3433,-24.2848,-1.6518,-43.4710,0.024,0.000,1.000,0.0000,0.0000,0
2026-05-06,13:01:36,90484,2,4.1200,3.9299,0.1788,5.2583,6.5365,0,1.0000,515,1,62.4265,-12.4187,-24.3237,-1.5821,-17.6782,0.000,0.000,1.000,0.0000,0.0000,0
2026-05-06,13:01:36,90519,2,4.1200,4.0917,0.1792,5.2714,6.5062,0,1.0000,515,1,62.3466,-1.4915,-24.4101,-2.1621,-35.2816,0.064,0.000,1.000,0.0000,0.0000,0
2026-05-06,13:01:36,90556,2,4.1200,4.1243,0.1777,5.2261,6.4743,0,1.0000,515,1,62.4162,-1.5525,-24.3980,-0.4627,-28.9437,0.032,0.000,1.000,0.0000,0.0000,0
2026-05-06,13:01:36,90591,2,4.1200,4.4144,0.1347,3.9620,6.4409,0,1.0000,515,1,62.1903,-4.1601,-24.4265,-0.9897,-18.8595,0.000,0.000,1.000,0.0000,0.0000,0
2026-05-06,13:01:36,90627,2,4.1200,4.3262,0.1132,3.3305,6.4074,0,1.0000,515,1,62.4710,9.0036,-24.4364,-0.4357,-42.3393,0.000,0.000,1.000,0.0000,0.0000,0
2026-05-06,13:01:36,90661,2,4.1200,4.1685,0.1033,3.0392,6.3872,0,1.0000,515,1,62.4776,5.3157,-24.4098,-0.1487,-40.6326,0.000,0.000,1.000,0.0000,0.0000,0
2026-05-06,13:01:36,90696,2,4.1200,3.9153,0.1502,4.4180,6.3484,0,1.0000,515,1,62.5040,1.4232,-24.4573,-1.2592,-29.0305,0.000,0.000,1.000,0.0000,0.0000,0
2026-05-06,13:01:36,90731,2,4.1120,3.9466,0.1847,5.4324,6.3188,0,1.0000,514,1,61.9152,-19.5480,-24.5176,-1.5442,-51.3740,0.000,0.000,1.000,0.0000,0.0000,0
2026-05-06,13:01:37,90767,2,4.1120,4.1288,0.1806,5.3115,6.2878,0,1.0000,514,1,61.4999,-1.2760,-24.4864,0.4578,-56.9244,0.064,0.000,1.000,0.0000,0.0000,0
2026-05-06,13:01:37,90803,2,4.1120,4.4261,0.1545,4.5447,6.2558,0,1.0000,514,1,61.9661,14.4165,-24.3971,1.9345,-55.0928,0.056,0.000,1.000,0.0000,0.0000,0
2026-05-06,13:01:37,90840,2,4.1200,4.3739,0.1254,3.6887,6.2218,0,1.0000,515,1,62.0832,3.1812,-24.3491,1.4746,-73.4304,0.024,0.000,1.000,0.0000,0.0000,0
2026-05-06,13:01:37,90875,2,4.1200,4.1706,0.1031,3.0323,6.1887,0,1.0000,515,1,62.4127,10.7476,-24.3560,0.2231,-68.7939,0.000,0.000,1.000,0.0000,0.0000,0
2026-05-06,13:01:37,90910,2,4.1200,3.8606,0.1318,3.8760,6.1584,0,1.0000,515,1,62.8509,13.3232,-24.3934,-0.7555,-78.7507,0.000,0.000,1.000,0.0000,0.0000,0
2026-05-06,13:01:37,90946,2,4.1200,3.7706,0.1813,5.3329,6.1295,0,1.0000,515,1,62.7041,-7.5267,-24.4665,-1.9396,-72.6276,0.000,0.000,1.000,0.0000,0.0000,0
2026-05-06,13:01:37,90982,2,4.1200,4.0344,0.1825,5.3662,6.0985,0,1.0000,515,1,62.3690,-3.4298,-24.6616,-4.4998,-76.1566,0.000,0.000,1.000,0.0000,0.0000,0
2026-05-06,13:01:37,91017,2,4.1200,4.1118,0.1773,5.2141,6.0672,0,1.0000,515,1,62.7819,10.2422,-24.7598,-2.9885,-85.2329,0.000,0.000,1.000,0.0000,0.0000,0
2026-05-06,13:01:37,91054,2,4.1200,4.3842,0.1460,4.2933,6.0336,0,1.0000,515,1,62.7027,-4.9762,-24.6644,0.8067,-85.1580,0.000,0.000,1.000,0.0000,0.0000,0
2026-05-06,13:01:37,91089,2,4.1200,4.2280,0.1190,3.4999,6.0014,0,1.0000,515,1,62.8834,7.0049,-24.5967,1.4484,-92.9091,0.000,0.000,1.000,0.0000,0.0000,0
2026-05-06,13:01:37,91124,2,4.1200,4.1348,0.1237,3.6378,5.9703,0,1.0000,515,1,63.0840,2.4344,-24.5989,0.3702,-105.6870,0.000,0.000,1.000,0.0000,0.0000,0
2026-05-06,13:01:37,91159,2,4.1120,4.0923,0.1347,3.9626,5.9390,0,1.0000,514,1,62.8789,-6.1941,-24.6340,-0.7179,-109.9539,0.000,0.000,1.000,0.0000,0.0000,0
2026-05-06,13:01:37,91195,2,4.1120,3.9592,0.1554,4.5707,5.9085,0,1.0000,514,1,63.1124,8.1880,-24.7085,-1.9146,-120.1102,0.000,0.000,1.000,0.0000,0.0000,0
2026-05-06,13:01:37,91232,2,4.1200,4.1594,0.1490,4.3823,5.8772,0,1.0000,515,1,62.9447,-6.1013,-24.7481,-1.4084,-128.7463,0.000,0.000,1.000,0.0000,0.0000,0
2026-05-06,13:01:37,91267,2,4.1200,4.1264,0.1543,4.5388,5.8457,0,1.0000,515,1,62.8546,2.8118,-24.6982,0.2379,-110.0569,0.000,0.000,0.998,0.0000,0.0000,0
2026-05-06,13:01:37,91302,2,4.1200,4.2687,0.1232,3.6230,5.8140,0,1.0000,515,1,63.1346,9.4003,-24.6175,1.6188,-100.5510,0.000,0.000,0.994,0.0000,0.0000,0
2026-05-06,13:01:37,91337,2,4.1200,4.2368,0.1106,3.2515,5.7822,0,1.0000,515,1,63.0415,-3.0066,-24.5671,1.4657,-99.2010,0.000,0.000,0.991,0.0000,0.0000,0
2026-05-06,13:01:37,91373,2,4.1120,4.1674,0.1073,3.1557,5.7498,0,1.0000,514,1,63.0866,2.6674,-24.5351,1.0073,-91.4348,0.000,0.000,1.000,0.0000,0.0000,0
2026-05-06,13:01:37,91408,2,4.1120,4.1589,0.0946,2.7815,5.7183,0,1.0000,514,1,63.3857,6.2685,-24.5432,0.1560,-97.4324,0.000,0.000,1.000,0.0000,0.0000,0
2026-05-06,13:01:37,91443,2,4.1120,3.7948,0.1431,4.2091,5.6891,0,1.0000,514,1,63.3151,-4.0086,-24.5305,0.2001,-109.6354,0.000,0.000,1.000,0.0000,0.0000,0
2026-05-06,13:01:37,91479,2,4.1200,3.9494,0.1685,4.9544,5.6590,0,1.0000,515,1,62.9531,-9.9084,-24.5455,-0.2001,-113.5615,0.000,0.000,1.000,0.0000,0.0000,0
2026-05-06,13:01:37,91514,2,4.1200,3.9790,0.1867,5.4915,5.6298,0,1.0000,515,1,63.1119,8.3366,-24.5150,0.6004,-116.5544,0.000,0.000,1.000,0.0000,0.0000,0
2026-05-06,13:01:37,91549,2,4.1120,4.3477,0.1633,4.8018,5.5978,0,1.0000,514,1,62.9806,-3.7524,-24.4950,0.4742,-113.0726,0.000,0.000,1.000,0.0000,0.0000,0
2026-05-06,13:01:37,91583,2,4.1120,4.2976,0.1447,4.2571,5.5754,0,1.0000,514,1,62.9253,-3.0033,-24.4771,0.4918,-115.7691,0.000,0.000,1.000,0.0000,0.0000,0
2026-05-06,13:01:37,91618,2,4.1120,4.2239,0.1110,3.2646,5.5347,0,1.0000,514,1,63.1105,5.4090,-24.5418,-1.2376,-125.1637,0.000,0.000,1.000,0.0000,0.0000,0
2026-05-06,13:01:37,91653,2,4.1200,4.1242,0.0981,2.8857,5.5029,0,1.0000,515,1,63.3188,5.0112,-24.5577,-0.7838,-119.5532,0.000,0.000,1.000,0.0000,0.0000,0
2026-05-06,13:01:37,91689,2,4.1200,3.8814,0.1341,3.9441,5.4727,0,1.0000,515,1,63.2515,-1.6992,-24.5282,0.4504,-128.4718,0.000,0.000,1.000,0.0000,0.0000,0
2026-05-06,13:01:37,91724,2,4.1200,3.7614,0.1864,5.4809,5.4439,0,1.0000,515,1,63.1561,-2.6725,-24.4777,1.0661,-128.8759,0.000,0.000,1.000,0.0000,0.0000,0
2026-05-06,13:01:38,91761,2,4.1200,3.9474,0.2152,6.3297,5.4141,0,1.0000,515,1,62.7651,-10.9366,-24.4488,0.9414,-129.8779,0.032,0.000,1.000,0.0000,0.0000,0
2026-05-06,13:01:38,91796,2,4.1200,4.2860,0.1800,5.2932,5.3819,0,1.0000,515,1,62.7128,-2.5840,-24.4329,0.6133,-130.7738,0.048,0.000,1.000,0.0000,0.0000,0
2026-05-06,13:01:38,91831,2,4.1200,4.3047,0.1583,4.6551,5.3494,0,1.0000,515,1,62.6265,-2.3295,-24.3978,0.8834,-137.9212,0.016,0.000,1.000,0.0000,0.0000,0
2026-05-06,13:01:38,91867,2,4.1120,4.2779,0.1239,3.6442,5.3159,0,1.0000,514,1,62.6879,3.8203,-24.3488,1.0562,-130.6989,0.000,0.000,1.000,0.0000,0.0000,0
2026-05-06,13:01:38,91903,2,4.1120,4.2332,0.1109,3.2626,5.2833,0,1.0000,514,1,62.8099,3.0295,-24.2894,1.2409,-137.5765,0.000,0.000,1.000,0.0000,0.0000,0
2026-05-06,13:01:38,91939,2,4.1120,4.1157,0.1051,3.0898,5.2510,0,1.0000,514,1,62.9680,3.2516,-24.1927,1.9223,-143.1860,0.000,0.000,1.000,0.0000,0.0000,0
2026-05-06,13:01:38,91975,2,4.1120,3.7353,0.1670,4.9124,5.2212,0,1.0000,514,1,62.9293,-0.9885,-23.8792,6.1745,-147.1003,0.000,0.000,1.000,0.0000,0.0000,0
2026-05-06,13:01:38,92010,2,4.1120,3.7268,0.2300,6.7633,5.1944,0,1.0000,514,1,62.7205,-12.2218,-23.3774,11.0541,-143.4169,0.000,0.000,1.000,0.0000,0.0000,0
2026-05-06,13:01:38,92045,2,4.1120,4.1027,0.2244,6.5994,5.1641,0,1.0000,514,1,62.3611,-13.0077,-22.9822,9.5796,-106.9403,0.032,0.000,1.000,0.0000,0.0000,0
2026-05-06,13:01:38,92080,2,4.1120,4.5156,0.1684,4.9529,5.1310,0,1.0000,514,1,62.1662,-5.9858,-23.1166,-0.3022,-64.5937,0.096,0.000,1.000,0.0000,0.0000,0
2026-05-06,13:01:38,92116,2,4.1120,4.4746,0.1177,3.4610,5.0972,0,1.0000,514,1,62.5241,12.8767,-23.3186,-4.1050,-81.5048,0.112,0.000,1.000,0.0000,0.0000,0
2026-05-06,13:01:38,92151,2,4.1120,3.9292,0.1328,3.9064,5.0655,0,1.0000,514,1,62.9171,7.8106,-23.4070,-3.0390,-95.7874,0.080,0.000,1.000,0.0000,0.0000,0
2026-05-06,13:01:38,92187,2,4.1120,3.8332,0.1867,5.4910,5.0364,0,1.0000,514,1,62.6209,-13.4234,-23.2578,1.7965,-107.5259,0.048,0.000,1.000,0.0000,0.0000,0
2026-05-06,13:01:38,92223,2,4.1120,3.7637,0.2417,7.1101,5.0075,0,1.0000,514,1,61.9252,-20.6105,-22.9015,6.6136,-117.2633,0.064,0.000,1.000,0.0000,0.0000,0
2026-05-06,13:01:38,92258,2,4.1120,4.1948,0.2490,7.3222,4.9782,0,1.0000,514,1,61.5671,-0.4585,-22.8468,2.4417,-73.5335,0.128,0.000,1.000,0.0000,0.0000,0
2026-05-06,13:01:38,92294,2,4.1120,4.3750,0.2007,5.9033,4.9447,0,1.0000,514,1,61.6569,2.2126,-22.9089,-0.1583,-70.1216,0.168,0.000,1.000,0.0000,0.0000,0
2026-05-06,13:01:38,92329,2,4.1120,4.5329,0.1487,4.3730,4.9111,0,1.0000,514,1,61.7595,3.8241,-22.9090,-0.0395,-85.9932,0.136,0.000,1.000,0.0000,0.0000,0
2026-05-06,13:01:38,92364,2,4.1120,4.1966,0.1278,3.7583,4.8784,0,1.0000,514,1,62.2357,13.9517,-22.9242,-0.3780,-72.1347,0.104,0.000,1.000,0.0000,0.0000,0
2026-05-06,13:01:38,92400,2,4.1200,3.7090,0.1695,4.9856,4.8481,0,1.0000,515,1,62.4176,4.0333,-22.9305,-0.4639,-81.6343,0.072,0.000,1.000,0.0000,0.0000,0
2026-05-06,13:01:38,92435,2,4.1200,3.9513,0.1983,5.8331,4.8188,0,1.0000,515,1,61.9510,-15.2973,-22.9477,-0.5127,-95.8094,0.040,0.000,1.000,0.0000,0.0000,0
2026-05-06,13:01:38,92471,2,4.1200,3.9243,0.2227,6.5508,4.7883,0,1.0000,515,1,61.9081,3.1603,-22.8829,1.0793,-67.5515,0.056,0.000,1.000,0.0000,0.0000,0
2026-05-06,13:01:38,92511,2,4.1200,4.4843,0.1648,4.8465,4.7518,0,1.0000,515,1,61.8711,-6.3806,-22.8433,0.7552,-55.5976,0.032,0.000,1.000,0.0000,0.0000,0
2026-05-06,13:01:38,92546,2,4.1200,4.3731,0.1255,3.6902,4.7187,0,1.0000,515,1,61.8088,-1.4797,-22.8483,0.3415,-67.2194,0.000,0.000,1.000,0.0000,0.0000,0
2026-05-06,13:01:38,92581,2,4.1120,4.2265,0.1000,2.9408,4.6860,0,1.0000,514,1,62.1500,13.1472,-22.8262,0.6359,-77.2484,0.000,0.000,1.000,0.0000,0.0000,0
2026-05-06,13:01:38,92617,2,4.1120,4.0509,0.1137,3.3439,4.6548,0,1.0000,514,1,62.3148,4.3827,-22.7876,1.1368,-85.4140,0.000,0.000,1.000,0.0000,0.0000,0
2026-05-06,13:01:38,92652,2,4.1120,3.7984,0.1687,4.9631,4.6258,0,1.0000,514,1,62.1050,-7.2554,-22.8470,-0.9176,-78.6537,0.000,0.000,1.000,0.0000,0.0000,0
2026-05-06,13:01:38,92687,2,4.1200,3.9438,0.1990,5.8523,4.5972,0,1.0000,515,1,60.6092,-43.0600,-23.2989,-9.1665,-41.7814,0.048,0.000,1.000,0.0000,0.0000,0
2026-05-06,13:01:38,92723,2,4.1120,3.9487,0.2149,6.3208,4.5667,0,1.0000,514,1,60.7128,16.9987,-23.9670,-14.5319,-44.4713,0.112,0.000,1.000,0.0000,0.0000,0
2026-05-06,13:01:39,92759,2,4.1200,4.2493,0.1992,5.8588,4.5346,0,1.0000,515,1,61.4707,25.7848,-24.2593,-8.5810,-64.5349,0.104,0.000,1.000,0.0000,0.0000,0
2026-05-06,13:01:39,92795,2,4.1120,4.0814,0.2047,6.0195,4.5029,0,1.0000,514,1,61.8102,9.3900,-24.1450,-0.2121,-74.8038,0.072,0.000,1.000,0.0000,0.0000,0
2026-05-06,13:01:39,92830,2,4.1120,4.3041,0.1922,5.6539,4.4719,0,1.0000,514,1,61.9226,7.5815,-24.1422,-0.1318,-44.2419,0.040,0.000,1.000,0.0000,0.0000,0
2026-05-06,13:01:39,92865,2,4.1120,4.2683,0.1744,5.1294,4.4405,0,1.0000,514,1,62.5606,22.3947,-24.5376,-7.7114,-12.6740,0.008,0.000,1.000,0.0000,0.0000,0
2026-05-06,13:01:39,92900,2,4.1200,4.2000,0.1738,5.1130,4.4086,0,1.0000,515,1,62.7662,6.6298,-25.1457,-12.9544,13.6620,0.000,0.000,1.000,0.0000,0.0000,0
2026-05-06,13:01:39,92936,2,1.4800,2.9042,0.0468,1.3765,4.3791,0,1.0000,185,1,62.7098,-4.0119,-25.8713,-16.5562,14.7937,0.000,0.000,1.000,0.0000,0.0000,0
2026-05-06,13:01:39,92972,2,0.0000,0.2637,0.1077,3.1662,4.3716,0,1.0000,0,1,62.9487,8.9884,-26.4465,-14.0238,-15.7113,0.000,0.000,1.000,0.0000,0.0000,0
2026-05-06,13:01:39,93008,2,0.0000,0.0659,0.0927,2.7270,4.3712,0,1.0000,0,1,63.4003,6.9006,-26.6096,-5.1599,-40.3545,0.000,0.000,1.000,0.0000,0.0000,0
2026-05-06,13:01:39,93043,2,0.0000,0.1304,0.0823,2.4195,4.3707,0,1.0000,0,1,63.5176,5.1438,-26.2607,5.2575,-60.6929,0.000,0.000,1.000,0.0000,0.0000,0
2026-05-06,13:01:39,93078,2,0.0000,0.0031,0.0725,2.1309,4.3699,0,1.0000,0,1,64.2028,21.1360,-26.0096,6.7162,-44.2623,0.000,0.000,1.000,0.0000,0.0000,0
2026-05-06,13:01:39,93114,2,0.0000,-0.0669,0.0812,2.3894,4.3701,0,1.0000,0,1,64.2192,-7.1618,-26.4220,-6.7012,-14.4821,0.000,0.000,1.000,0.0000,0.0000,0
2026-05-06,13:01:39,93149,2,0.0000,-0.0564,0.0917,2.6966,4.3707,0,1.0000,0,1,63.5692,-14.7103,-27.5800,-22.4990,-3.4270,0.000,0.000,1.000,0.0000,0.0000,0
2026-05-06,13:01:39,93184,2,0.0000,0.0127,0.0874,2.5709,4.3707,0,1.0000,0,1,64.4039,28.8822,-28.4078,-20.4149,-31.2169,0.000,0.000,1.000,0.0000,0.0000,0
2026-05-06,13:01:39,93220,2,0.0000,-0.0030,0.0889,2.6145,4.3707,0,1.0000,0,1,65.2261,16.3810,-28.4319,-4.3015,-53.2116,0.000,0.000,1.000,0.0000,0.0000,0
2026-05-06,13:01:39,93255,2,0.0000,0.0244,0.0863,2.5385,4.3707,0,1.0000,0,1,65.5774,6.5770,-27.9136,8.7180,-43.9323,0.000,0.000,1.000,0.0000,0.0000,0
2026-05-06,13:01:39,93290,2,0.0000,0.0333,0.0794,2.3357,4.3704,0,1.0000,0,1,65.5170,-8.9134,-27.6099,8.9073,-64.1201,0.000,0.000,1.000,0.0000,0.0000,0
2026-05-06,13:01:39,93326,2,0.0000,0.1395,0.0631,1.8550,4.3697,0,1.0000,0,1,64.7949,-24.0166,-27.4511,5.8730,-27.9781,0.016,0.000,1.000,0.0000,0.0000,0
2026-05-06,13:01:39,93361,2,0.0000,0.1177,0.0375,1.1024,4.3683,0,1.0000,0,1,64.8717,2.9512,-27.4312,2.2886,-31.5074,0.080,0.000,1.000,0.0000,0.0000,0
2026-05-06,13:01:39,93396,2,0.0000,-0.0065,0.0439,1.2916,4.3683,0,1.0000,0,1,65.0434,-3.6079,-27.4650,-0.0559,-39.4068,0.072,0.000,1.000,0.0000,0.0000,0
2026-05-06,13:01:39,93433,2,0.0000,-0.0443,0.0509,1.4960,4.3686,0,1.0000,0,1,64.6826,-8.9705,-27.5217,-0.5705,-26.7258,0.048,0.000,1.000,0.0000,0.0000,0
2026-05-06,13:01:39,93468,2,0.0000,-0.0761,0.0603,1.7723,4.3690,0,1.0000,0,1,63.4538,-27.1993,-27.7300,-4.4082,-23.7828,0.112,0.000,1.000,0.0000,0.0000,0
2026-05-06,13:01:39,93503,2,0.0000,-0.1488,0.0826,2.4287,4.3700,0,1.0000,0,1,62.9494,-22.1432,-27.9713,-5.8677,-47.2360,0.176,0.000,1.000,0.0000,0.0000,0
2026-05-06,13:01:39,93538,2,0.0000,-0.0541,0.0923,2.7133,4.3707,0,1.0000,0,1,61.7163,-39.1351,-27.9892,-2.2577,-46.5286,0.240,0.000,1.000,0.0000,0.0000,0
2026-05-06,13:01:39,93573,2,0.0000,0.0028,0.0876,2.5764,4.3707,0,1.0000,0,1,61.0654,-18.0519,-28.0003,-1.0997,-66.1123,0.304,0.000,1.000,0.0000,0.0000,0
2026-05-06,13:01:39,93609,2,0.0000,-0.0070,0.0885,2.6019,4.3707,0,1.0000,0,0,60.9619,-4.5136,-27.8389,2.9318,-68.3190,0.368,0.000,1.000,0.0000,0.0000,0
2026-05-06,13:01:39,93644,2,0.0000,-0.0071,0.0891,2.6202,4.3707,0,1.0000,0,0,60.8770,-5.9715,-27.4652,7.8418,-64.5487,0.432,0.000,1.000,0.0000,0.0000,0
2026-05-06,13:01:39,93679,2,0.0000,-0.0075,0.0898,2.6413,4.3707,0,1.0000,0,0,60.4330,-18.9296,-27.0301,10.1103,-80.3859,0.496,0.000,1.000,0.0000,0.0000,0
2026-05-06,13:01:39,93715,2,0.0000,0.0056,0.0889,2.6160,4.3707,0,1.0000,0,0,59.8828,-17.4051,-26.6649,8.7920,-53.5073,0.560,0.000,1.000,0.0000,0.0000,0
2026-05-06,13:01:39,93750,2,0.0000,0.0075,0.0879,2.5864,4.3707,0,1.0000,0,0,59.3910,-16.9974,-26.4703,5.3312,-18.5079,0.624,0.000,1.000,0.0000,0.0000,0
2026-05-06,13:01:40,93785,2,0.0000,0.0001,0.0877,2.5794,4.3707,0,1.0000,0,0,58.8738,-17.0784,-26.6413,-2.2682,11.0708,0.688,0.000,1.000,0.0000,0.0000,0
2026-05-06,13:01:40,93820,2,0.0000,0.0016,0.0887,2.6090,4.3707,0,1.0000,0,0,58.4190,-16.1451,-26.8465,-4.9662,22.6846,0.752,0.000,1.000,0.0000,0.0000,0
2026-05-06,13:01:40,93855,2,0.0000,0.0069,0.0891,2.6202,4.3707,0,1.0000,0,0,57.9255,-15.2985,-26.9409,-3.9481,31.9143,0.816,0.000,1.000,0.0000,0.0000,0
2026-05-06,13:01:40,93890,2,0.0000,0.0407,0.0847,2.4920,4.3706,0,1.0000,0,0,57.6538,-8.5536,-27.0090,-2.7215,0.4570,0.880,0.000,1.000,0.0000,0.0000,0
2026-05-06,13:01:40,93925,2,0.0000,0.1344,0.0648,1.9068,4.3698,0,1.0000,0,0,57.6278,-0.0144,-27.0598,-2.1452,26.9971,0.944,0.000,1.000,0.0000,0.0000,0
2026-05-06,13:01:40,93960,2,0.0000,0.0922,0.0433,1.2722,4.3685,0,1.0000,0,0,57.9693,6.0666,-27.1290,-2.2155,2.3782,0.936,0.000,1.000,0.0000,0.0000,0
2026-05-06,13:01:40,93995,2,0.0000,0.0018,0.0478,1.4059,4.3685,0,1.0000,0,0,57.7749,-9.7267,-27.1626,-1.2544,-24.5088,0.904,0.000,1.000,0.0000,0.0000,0
2026-05-06,13:01:40,94030,2,0.0000,-0.0385,0.0539,1.5849,4.3688,0,1.0000,0,0,57.0015,-22.7833,-26.8842,4.4845,-46.6733,0.944,0.000,1.000,0.0000,0.0000,0
2026-05-06,13:01:40,94065,2,0.0000,-0.1952,0.0797,2.3441,4.3697,0,1.0000,0,0,56.6635,-9.6054,-26.5453,7.0130,-65.5119,1.000,0.000,1.000,0.0000,0.0000,0
2026-05-06,13:01:40,94100,2,0.0000,-0.0981,0.1041,3.0605,4.3713,0,1.0000,0,0,56.4434,-9.6459,-26.2602,6.3316,-41.1148,1.000,0.000,1.000,0.0000,0.0000,0
2026-05-06,13:01:40,94135,2,0.0000,-0.0104,0.1028,3.0229,4.3714,0,1.0000,0,0,55.6467,-23.7253,-26.4447,-2.1129,-22.8333,1.000,0.000,1.000,0.0000,0.0000,0
2026-05-06,13:01:40,94170,2,0.0000,-0.0019,0.1018,2.9951,4.3714,0,1.0000,0,0,55.5782,-0.5023,-26.6162,-4.2295,-32.8245,1.000,0.000,1.000,0.0000,0.0000,0
2026-05-06,13:01:40,94205,2,0.0000,0.0373,0.1006,2.9576,4.3714,0,1.0000,0,0,55.7824,4.7282,-26.6969,-3.0366,-40.5204,0.992,0.000,1.000,0.0000,0.0000,0
2026-05-06,13:01:40,94240,2,0.0000,0.0458,0.0918,2.7006,4.3710,0,1.0000,0,0,56.0473,3.7138,-26.6919,-1.0935,-7.7694,0.960,0.000,1.000,0.0000,0.0000,0
2026-05-06,13:01:40,94275,2,0.0000,0.1108,0.0781,2.2973,4.3704,0,1.0000,0,0,55.9566,-6.5345,-26.6931,-0.4303,-33.4390,0.928,0.000,1.000,0.0000,0.0000,0
2026-05-06,13:01:40,94310,2,0.0000,0.1249,0.0584,1.7172,4.3694,0,1.0000,0,0,55.6743,-9.8462,-26.6725,0.4120,-48.9290,0.896,0.000,1.000,0.0000,0.0000,0
2026-05-06,13:01:40,94350,2,0.0000,-0.0149,0.0618,1.8168,4.3693,0,1.0000,0,0,55.5391,-9.7217,-26.5231,1.7974,-58.9869,0.944,0.000,1.000,0.0000,0.0000,0
2026-05-06,13:01:40,94385,2,0.0000,-0.1330,0.0760,2.2359,4.3698,0,1.0000,0,0,54.7713,-26.3713,-26.4391,1.7017,-36.8860,1.000,0.000,1.000,0.0000,0.0000,0
2026-05-06,13:01:40,94420,2,0.0000,-0.0734,0.0937,2.7545,4.3708,0,1.0000,0,0,54.0802,-19.4031,-26.5356,-1.6470,-31.9878,1.000,0.000,1.000,0.0000,0.0000,0
2026-05-06,13:01:40,94456,2,0.0000,0.0132,0.0888,2.6104,4.3707,0,1.0000,0,0,53.8111,-9.8207,-26.6129,-2.0093,-7.6816,1.000,0.000,1.000,0.0000,0.0000,0
2026-05-06,13:01:40,94491,2,0.0000,0.0177,0.0828,2.4349,4.3704,0,1.0000,0,0,54.1320,13.0523,-26.6279,-0.9553,-7.7010,1.000,0.000,1.000,0.0000,0.0000,0
2026-05-06,13:01:40,94527,2,0.0000,-0.0064,0.0852,2.5050,4.3704,0,1.0000,0,0,54.7323,8.2327,-26.6147,-0.0427,-20.0727,0.968,0.000,1.000,0.0000,0.0000,0
2026-05-06,13:01:40,94562,2,0.0000,-0.0073,0.0848,2.4934,4.3705,0,1.0000,0,0,54.0806,-22.1196,-26.5433,1.4391,-37.2103,0.960,0.000,0.998,0.0000,0.0000,0
2026-05-06,13:01:40,94597,2,0.0000,-0.0009,0.0849,2.4972,4.3705,0,1.0000,0,0,54.0401,-3.8147,-26.5051,0.8639,-44.5453,1.000,0.000,0.994,0.0000,0.0000,0
2026-05-06,13:01:40,94633,2,0.0000,-0.0061,0.0857,2.5192,4.3705,0,1.0000,0,0,53.7168,-14.3602,-26.5161,-0.1248,-30.4507,1.000,0.000,0.991,0.0000,0.0000,0
2026-05-06,13:01:40,94668,2,0.0000,0.0662,0.0764,2.2484,4.3703,0,1.0000,0,0,53.6919,-2.3386,-26.4903,0.2502,-39.7525,1.000,0.000,0.988,0.0000,0.0000,0
2026-05-06,13:01:40,94703,2,0.0000,0.0982,0.0625,1.8375,4.3696,0,1.0000,0,0,53.9054,-1.1734,-26.4853,-0.2824,-19.5508,0.976,0.000,0.985,0.0000,0.0000,0
2026-05-06,13:01:40,94739,2,-2.7680,-0.0081,0.0618,1.8175,4.3693,0,1.0000,-346,1,52.8701,-37.1590,-26.5142,-1.2298,-10.4689,1.000,0.000,0.982,0.0000,0.0000,0
2026-05-06,13:01:41,94775,2,-2.7680,-0.1350,0.0395,1.1606,4.3696,0,1.0000,-346,1,51.7000,-35.1455,-26.5848,-2.2979,11.4227,1.000,0.000,0.996,0.0000,0.0000,0
2026-05-06,13:01:41,94810,2,-2.7680,-0.5876,0.0530,1.5577,4.3729,0,1.0000,-346,1,51.3788,-8.9978,-26.7170,-3.6047,15.2971,1.000,0.000,1.000,0.0000,0.0000,0
2026-05-06,13:01:41,94845,2,-4.1120,-0.9913,0.0938,2.7586,4.3799,0,1.0000,-514,1,50.6325,-30.1141,-26.8483,-3.9921,26.5995,1.000,0.000,1.000,0.0000,0.0000,0
2026-05-06,13:01:41,94881,2,-4.1120,-0.9789,0.0909,2.6745,4.3875,0,1.0000,-514,1,49.6921,-27.7672,-26.9518,-3.4331,49.2962,1.000,0.000,1.000,0.0000,0.0000,0
2026-05-06,13:01:41,94916,2,-4.1120,-1.2815,0.1003,2.9503,4.3966,0,1.0000,-514,1,49.2763,-10.5878,-27.0008,-2.2252,15.1371,1.000,0.000,1.000,0.0000,0.0000,0
2026-05-06,13:01:41,94951,2,-4.1120,-1.2200,0.0426,1.2519,4.4053,0,1.0000,-514,1,48.8539,-17.3333,-27.0478,-1.7725,13.8366,1.000,0.000,1.000,0.0000,0.0000,0
2026-05-06,13:01:41,94987,2,-4.1120,-0.7956,0.0166,0.4871,4.4134,0,1.0000,-514,1,48.8308,-2.2378,-27.0524,-0.7195,17.6190,0.992,0.000,1.000,0.0000,0.0000,0
2026-05-06,13:01:41,95023,2,-4.1120,0.0680,0.0109,0.3206,4.4150,0,1.0000,-514,1,49.0694,2.8810,-27.0499,-0.4549,15.4651,0.984,0.000,1.000,0.0000,0.0000,0
2026-05-06,13:01:41,95059,2,-4.1040,0.0065,0.0112,0.3284,4.4150,0,1.0000,-513,1,48.6210,-16.3110,-27.1288,-1.8956,33.6086,0.952,0.000,1.000,0.0000,0.0000,0
2026-05-06,13:01:41,95095,2,-4.1040,-0.0279,0.0160,0.4710,4.4150,0,1.0000,-513,1,48.3093,-9.0850,-27.2898,-4.2370,20.9998,0.920,0.000,1.000,0.0000,0.0000,0
2026-05-06,13:01:41,95130,2,-4.1040,-0.6270,0.0706,2.0771,4.4174,0,1.0000,-513,1,48.5728,-1.9999,-27.3887,-3.9266,18.9230,0.912,0.000,1.000,0.0000,0.0000,0
2026-05-06,13:01:41,95166,2,-4.1120,-0.8415,0.1403,4.1264,4.4239,0,1.0000,-514,1,47.2991,-47.8192,-27.6379,-5.8446,28.3352,0.952,0.000,1.000,0.0000,0.0000,0
2026-05-06,13:01:41,95201,2,-4.1120,-0.6203,0.1262,3.7107,4.4289,0,1.0000,-514,1,45.7659,-38.8086,-27.6104,-2.7853,24.0607,1.000,0.000,1.000,0.0000,0.0000,0
2026-05-06,13:01:41,95237,2,-4.1120,-0.5628,0.0618,1.8163,4.4328,0,1.0000,-514,1,46.0413,9.3899,-27.7405,-2.8296,-5.8256,1.000,0.000,1.000,0.0000,0.0000,0
2026-05-06,13:01:41,95270,2,-4.1120,-0.9625,0.0569,1.6743,4.4370,0,1.0000,-514,1,46.0952,6.1539,-27.4330,-0.1895,-5.3347,1.000,0.000,1.000,0.0000,0.0000,0
2026-05-06,13:01:41,95305,2,-4.1120,-1.2375,0.0464,1.3660,4.4481,0,1.0000,-514,1,45.7382,-11.5430,-27.0439,7.0743,-11.4688,1.000,0.000,1.000,0.0000,0.0000,0
2026-05-06,13:01:41,95340,2,-4.1040,-1.4964,0.0538,1.5830,4.4590,0,1.0000,-513,1,45.4416,-7.4273,-26.5072,10.7077,-7.8069,1.000,0.000,1.000,0.0000,0.0000,0
2026-05-06,13:01:41,95376,2,-4.1040,-1.2663,0.0740,2.1751,4.4699,0,1.0000,-513,1,45.5359,4.4426,-26.3333,5.6703,20.3687,1.000,0.000,1.000,0.0000,0.0000,0
2026-05-06,13:01:41,95411,2,-4.1040,-1.0608,0.0434,1.2753,4.4780,0,1.0000,-513,1,45.2636,-13.9833,-26.1946,3.2227,44.3817,0.992,0.000,1.000,0.0000,0.0000,0
2026-05-06,13:01:41,95448,2,-4.1120,-1.2496,0.0544,1.5992,4.4875,0,1.0000,-514,1,44.8171,-10.2658,-26.3970,-3.3052,36.7032,1.000,0.000,1.000,0.0000,0.0000,0
2026-05-06,13:01:41,95483,2,-4.1120,-1.2976,0.0472,1.3872,4.4972,0,1.0000,-514,1,45.0204,7.1549,-26.2731,1.5306,4.8999,0.992,0.000,1.000,0.0000,0.0000,0
2026-05-06,13:01:41,95518,2,-4.1120,-0.8624,0.0506,1.4892,4.5041,0,1.0000,-514,1,44.6717,-19.8310,-25.8387,7.3877,12.3882,0.960,0.000,1.000,0.0000,0.0000,0
2026-05-06,13:01:41,95554,2,-4.1120,-1.2103,0.0548,1.6127,4.5118,0,1.0000,-514,1,44.2993,-4.8469,-25.7589,2.6118,30.5289,1.000,0.000,1.000,0.0000,0.0000,0
2026-05-06,13:01:41,95590,2,-4.1120,-1.3654,0.0751,2.2101,4.5223,0,1.0000,-514,1,44.7155,8.3443,-25.7088,1.1580,39.9319,0.976,0.000,1.000,0.0000,0.0000,0
2026-05-06,13:01:41,95626,2,-4.1120,-1.6295,0.0816,2.3991,4.5339,0,1.0000,-514,1,43.9122,-25.0158,-25.7827,-2.2947,60.7579,0.992,0.000,1.000,0.0000,0.0000,0
2026-05-06,13:01:41,95663,2,-4.1120,-1.8534,0.0697,2.0502,4.5469,0,1.0000,-514,1,43.8467,1.5700,-25.9259,-3.2870,39.1720,1.000,0.000,1.000,0.0000,0.0000,0
2026-05-06,13:01:41,95698,2,-4.1120,-1.9333,0.0707,2.0781,4.5610,0,1.0000,-514,1,44.4453,14.0414,-25.9522,-1.7970,45.6781,0.976,0.000,1.000,0.0000,0.0000,0
2026-05-06,13:01:41,95734,2,-4.1120,-1.6920,0.0713,2.0963,4.5734,0,1.0000,-514,1,43.8272,-25.5832,-25.9503,-0.7389,25.4407,0.944,0.000,1.000,0.0000,0.0000,0
2026-05-06,13:01:42,95770,2,-4.1120,-2.0266,0.1012,2.9755,4.5889,0,1.0000,-514,1,43.0411,-18.2826,-25.9879,-1.1005,22.3235,1.000,0.000,1.000,0.0000,0.0000,0
2026-05-06,13:01:42,95805,2,-4.1120,-2.0315,0.0849,2.4962,4.6042,0,1.0000,-514,1,42.9898,0.8507,-26.0236,-0.9282,25.5964,1.000,0.000,1.000,0.0000,0.0000,0
2026-05-06,13:01:42,95840,2,-4.1120,-2.3086,0.0791,2.3254,4.6215,0,1.0000,-514,1,43.0653,-1.2775,-26.0460,-0.9464,1.3242,0.984,0.000,1.000,0.0000,0.0000,0
2026-05-06,13:01:42,95876,2,-4.1120,-2.3335,0.0669,1.9666,4.6397,0,1.0000,-514,1,43.1711,13.6382,-26.1036,-1.6532,-4.6158,0.952,0.000,1.000,0.0000,0.0000,0
2026-05-06,13:01:42,95911,2,-4.1120,-1.5921,0.0436,1.2812,4.6518,0,1.0000,-514,1,43.8869,11.5166,-26.1913,-2.3383,22.7358,0.920,0.000,1.000,0.0000,0.0000,0
2026-05-06,13:01:42,95946,2,-4.1120,-1.2354,0.0418,1.2284,4.6616,0,1.0000,-514,1,43.7980,1.8581,-26.2328,-1.6056,-1.2123,0.888,0.000,1.000,0.0000,0.0000,0
2026-05-06,13:01:42,95983,2,-4.1120,-1.7089,0.1149,3.3790,4.6739,0,1.0000,-514,1,43.1577,-29.9715,-26.2698,-1.4474,-0.0699,0.856,0.000,1.000,0.0000,0.0000,0
2026-05-06,13:01:42,96018,2,-4.1120,-1.8228,0.1386,4.0765,4.6863,0,1.0000,-514,1,40.9356,-40.0234,-26.3981,-2.7553,26.2389,0.920,0.000,1.000,0.0000,0.0000,0
2026-05-06,13:01:42,96054,2,-4.1120,-1.8294,0.1369,4.0254,4.7002,0,1.0000,-514,1,41.9779,22.8134,-26.5954,-4.2076,21.2372,0.984,0.000,1.000,0.0000,0.0000,0
2026-05-06,13:01:42,96090,2,-4.1120,-1.7407,0.0885,2.6031,4.7137,0,1.0000,-514,1,42.9248,28.8996,-26.6440,-0.8572,-8.6264,0.952,0.000,1.000,0.0000,0.0000,0
2026-05-06,13:01:42,96125,2,-4.1120,-1.8676,0.0419,1.2327,4.7274,0,1.0000,-514,1,44.0036,36.9880,-26.3253,5.9897,6.7957,0.920,0.000,1.000,0.0000,0.0000,0
2026-05-06,13:01:42,96160,2,-4.1120,-0.8265,0.0080,0.2340,4.7354,0,1.0000,-514,1,45.4454,45.4413,-26.1065,6.3024,-1.4493,0.888,0.000,0.999,0.0000,0.0000,0
2026-05-06,13:01:42,96201,2,-4.1120,-0.0084,0.0405,1.1913,4.7374,0,1.0000,-514,1,45.9639,15.2961,-25.9916,5.0335,5.7738,0.864,0.000,1.000,0.0000,0.0000,0
2026-05-06,13:01:42,96236,2,-4.1120,-0.6077,0.0628,1.8467,4.7393,0,1.0000,-514,1,45.5660,0.0172,-25.8908,4.0759,3.7615,0.832,0.000,1.000,0.0000,0.0000,0
2026-05-06,13:01:42,96272,2,-4.1120,-0.9855,0.1399,4.1143,4.7469,0,1.0000,-514,1,45.9839,0.3143,-25.9274,0.4501,15.4475,0.800,0.000,1.000,0.0000,0.0000,0
2026-05-06,13:01:42,96308,2,-4.1120,-0.8021,0.1271,3.7376,4.7531,0,1.0000,-514,1,45.0792,-20.7243,-26.0625,-2.2393,12.5481,0.768,0.000,1.000,0.0000,0.0000,0
2026-05-06,13:01:42,96343,2,-4.1120,-0.9935,0.1279,3.7604,4.7604,0,1.0000,-514,1,44.8780,8.0443,-26.0514,-0.3488,-16.0896,0.832,0.000,1.000,0.0000,0.0000,0
2026-05-06,13:01:42,96379,2,-4.1120,-0.8976,0.0585,1.7213,4.7675,0,1.0000,-514,1,46.6591,50.7117,-26.0066,0.7460,-33.2016,0.800,0.000,1.000,0.0000,0.0000,0
2026-05-06,13:01:42,96415,2,-4.1120,-1.3524,0.0391,1.1496,4.7773,0,1.0000,-514,1,47.1535,15.0391,-25.9571,1.0603,-1.6538,0.768,0.000,1.000,0.0000,0.0000,0
2026-05-06,13:01:42,96451,2,-4.1120,-0.8219,0.0275,0.8100,4.7852,0,1.0000,-514,1,47.8497,13.8026,-25.9747,-0.0233,-21.8559,0.736,0.000,1.000,0.0000,0.0000,0
2026-05-06,13:01:42,96487,2,-4.1120,-1.1052,0.0911,2.6787,4.7923,0,1.0000,-514,1,48.7199,26.8920,-25.8833,1.9004,-37.9089,0.704,0.000,1.000,0.0000,0.0000,0
2026-05-06,13:01:42,96522,2,-4.1120,-1.2634,0.1476,4.3412,4.8018,0,1.0000,-514,1,47.1515,-59.5075,-25.6428,4.9452,-25.4763,0.672,0.000,1.000,0.0000,0.0000,0
2026-05-06,13:01:42,96557,2,-4.1120,-1.4378,0.1877,5.5203,4.8124,0,1.0000,-514,1,45.8779,-17.1866,-25.3275,7.7300,-35.0282,0.736,0.000,1.000,0.0000,0.0000,0
2026-05-06,13:01:42,96593,2,-4.1120,-1.1921,0.1375,4.0440,4.8214,0,1.0000,-514,1,46.7425,25.1383,-24.7311,12.8312,-34.2375,0.776,0.000,1.000,0.0000,0.0000,0
2026-05-06,13:01:42,96628,2,-4.1120,-1.0153,0.0473,1.3906,4.8298,0,1.0000,-514,1,47.0120,4.7426,-24.4538,7.9588,-2.4317,0.744,0.000,1.000,0.0000,0.0000,0
2026-05-06,13:01:42,96663,2,-4.1120,-0.2074,0.0205,0.6042,4.8358,0,1.0000,-514,1,48.3815,44.5813,-24.5930,-0.7501,17.6026,0.712,0.000,1.000,0.0000,0.0000,0
2026-05-06,13:01:42,96699,2,-4.1120,-0.0152,0.0265,0.7799,4.8370,0,1.0000,-514,1,49.6296,29.8880,-24.7503,-3.0483,-5.5312,0.680,0.000,1.000,0.0000,0.0000,0
2026-05-06,13:01:42,96734,2,-4.1120,-0.4494,0.0398,1.1717,4.8386,0,1.0000,-514,1,48.6177,-35.6362,-24.7606,-1.2087,-18.2849,0.648,0.000,1.000,0.0000,0.0000,0
2026-05-06,13:01:43,96769,2,-4.1120,-0.7070,0.0753,2.2147,4.8435,0,1.0000,-514,1,48.1802,-9.9044,-24.0285,13.6052,-33.3579,0.664,0.000,1.000,0.0000,0.0000,0
2026-05-06,13:01:43,96805,2,-4.1120,-1.2278,0.1619,4.7631,4.8525,0,1.0000,-514,1,45.7961,-66.8683,-23.5733,10.3999,-1.1588,0.728,0.000,1.000,0.0000,0.0000,0
2026-05-06,13:01:43,96840,2,-4.1120,-0.7511,0.1463,4.3035,4.8607,0,1.0000,-514,1,45.2477,-30.1758,-24.2832,-12.4039,23.0677,0.792,0.000,1.000,0.0000,0.0000,0
2026-05-06,13:01:43,96875,2,-4.1120,-1.2294,0.1408,4.1410,4.8686,0,1.0000,-514,1,45.9611,38.4288,-25.1883,-19.7645,5.1894,0.856,0.000,1.000,0.0000,0.0000,0
2026-05-06,13:01:43,96911,2,-4.1120,-1.1453,0.0799,2.3509,4.8771,0,1.0000,-514,1,47.3772,29.1782,-25.3659,-8.9923,-21.7706,0.824,0.000,1.000,0.0000,0.0000,0
2026-05-06,13:01:43,96946,2,-4.1120,-1.8090,0.0839,2.4690,4.8889,0,1.0000,-514,1,47.2411,0.3456,-25.2265,-0.9159,1.8417,0.792,0.000,1.000,0.0000,0.0000,0
2026-05-06,13:01:43,96981,2,-4.1120,-2.0915,0.0878,2.5822,4.9038,0,1.0000,-514,1,47.9976,27.5246,-25.2252,-0.7994,-18.1504,0.760,0.000,1.000,0.0000,0.0000,0
2026-05-06,13:01:43,97017,2,-4.1120,-2.3551,0.0888,2.6132,4.9204,0,1.0000,-514,1,48.1224,-3.5452,-25.2208,-0.1053,-42.1842,0.728,0.000,1.000,0.0000,0.0000,0
2026-05-06,13:01:43,97052,2,-4.1120,-2.5491,0.0892,2.6222,4.9391,0,1.0000,-514,1,47.7214,-7.5898,-24.9845,4.5771,-56.0401,0.696,0.000,1.000,0.0000,0.0000,0
2026-05-06,13:01:43,97089,2,-4.1120,-2.7554,0.0748,2.2009,4.9596,0,1.0000,-514,1,48.1707,17.7628,-24.7409,5.0919,-46.3149,0.664,0.000,1.000,0.0000,0.0000,0
2026-05-06,13:01:43,97126,2,-4.1120,-2.6535,0.0719,2.1144,4.9797,0,1.0000,-514,1,48.2870,8.5042,-24.6535,4.2126,-33.1400,0.640,0.000,1.000,0.0000,0.0000,0
2026-05-06,13:01:43,97161,2,-4.1040,-2.2132,0.0720,2.1176,4.9986,0,1.0000,-513,1,48.1799,0.6405,-24.5856,2.7763,-34.3485,0.608,0.000,1.000,0.0000,0.0000,0
2026-05-06,13:01:43,97197,2,-4.1040,-2.4460,0.0773,2.2748,5.0171,0,1.0000,-513,1,48.2010,0.3991,-24.5351,2.2390,-55.9602,0.576,0.000,1.000,0.0000,0.0000,0
2026-05-06,13:01:43,97232,2,-4.1040,-2.5675,0.0670,1.9707,5.0362,0,1.0000,-513,1,48.3322,7.0558,-24.4201,3.0404,-34.8460,0.544,0.000,1.000,0.0000,0.0000,0
2026-05-06,13:01:43,97267,2,-4.1040,-2.2304,0.0837,2.4607,5.0526,0,1.0000,-513,1,48.6531,5.3710,-24.4038,1.0269,-30.4423,0.512,0.000,1.000,0.0000,0.0000,0
2026-05-06,13:01:43,97303,2,-4.1120,-2.6038,0.0997,2.9320,5.0710,0,1.0000,-514,1,47.9176,-24.1561,-24.3718,0.9662,-52.6499,0.480,0.000,1.000,0.0000,0.0000,0
2026-05-06,13:01:43,97338,2,-4.1120,-2.6037,0.0821,2.4160,5.0905,0,1.0000,-514,1,47.5029,-4.2694,-24.1864,4.0953,-70.9435,0.544,0.000,1.000,0.0000,0.0000,0
2026-05-06,13:01:43,97373,2,-4.1120,-2.9087,0.0826,2.4293,5.1116,0,1.0000,-514,1,48.1526,15.2074,-24.1187,1.1280,-33.7070,0.536,0.000,0.997,0.0000,0.0000,0
2026-05-06,13:01:43,97409,2,-4.1120,-2.6604,0.0956,2.8109,5.1337,0,1.0000,-514,1,48.1035,-0.9396,-24.2465,-1.8181,-49.0858,0.504,0.000,0.994,0.0000,0.0000,0
2026-05-06,13:01:43,97444,2,-4.1120,-2.2169,0.0577,1.6957,5.1506,0,1.0000,-514,1,48.5674,13.8931,-24.0705,2.4648,-47.1031,0.472,0.000,0.990,0.0000,0.0000,0
2026-05-06,13:01:43,97479,2,-4.1120,-1.7133,0.0464,1.3646,5.1650,0,1.0000,-514,1,48.9340,8.9721,-24.0456,1.1897,-41.2124,0.440,0.000,0.987,0.0000,0.0000,0
2026-05-06,13:01:43,97514,2,-4.1120,-1.4400,0.0706,2.0764,5.1777,0,1.0000,-514,1,49.1597,7.0777,-23.8920,3.5814,-61.3077,0.408,0.000,1.000,0.0000,0.0000,0
2026-05-06,13:01:43,97550,2,-4.1120,-2.0056,0.0874,2.5707,5.1910,0,1.0000,-514,1,49.0603,-2.0211,-23.6329,5.2497,-44.4703,0.376,0.000,1.000,0.0000,0.0000,0
2026-05-06,13:01:43,97586,2,-4.1120,-2.0795,0.0917,2.6968,5.2059,0,1.0000,-514,1,48.9434,-4.1383,-23.6759,0.4198,-32.3495,0.344,0.000,1.000,0.0000,0.0000,0
2026-05-06,13:01:43,97622,2,-4.1120,-2.5672,0.1265,3.7218,5.2237,0,1.0000,-514,1,48.4719,-12.7414,-23.7554,-1.5494,-34.4877,0.336,0.000,1.000,0.0000,0.0000,0
2026-05-06,13:01:43,97657,2,-4.1120,-2.3874,0.1005,2.9566,5.2414,0,1.0000,-514,1,48.3789,2.8745,-23.7238,0.4689,-56.1124,0.400,0.000,1.000,0.0000,0.0000,0
2026-05-06,13:01:43,97693,2,-4.1120,-2.6017,0.0782,2.2987,5.2610,0,1.0000,-514,1,49.4909,32.0917,-23.6091,2.1911,-74.4544,0.368,0.000,1.000,0.0000,0.0000,0
2026-05-06,13:01:43,97730,2,-4.1120,-3.0182,0.0990,2.9113,5.2837,0,1.0000,-514,1,49.6218,-4.0961,-23.5831,1.0194,-56.8965,0.336,0.000,0.998,0.0000,0.0000,0
2026-05-06,13:01:44,97765,2,-4.1120,-2.9896,0.0960,2.8228,5.3066,0,1.0000,-514,1,49.0588,-15.9881,-23.7003,-2.2617,-75.1821,0.304,0.000,0.999,0.0000,0.0000,0
2026-05-06,13:01:44,97802,2,-4.1120,-3.2806,0.0946,2.7816,5.3314,0,1.0000,-514,1,49.0064,2.2598,-23.8816,-4.4501,-56.8825,0.272,0.000,0.996,0.0000,0.0000,0
2026-05-06,13:01:44,97837,2,-4.1120,-2.6484,0.0982,2.8885,5.3550,0,1.0000,-514,1,49.3713,10.3525,-24.1238,-6.3070,-22.2649,0.240,0.000,0.993,0.0000,0.0000,0
2026-05-06,13:01:44,97872,2,-4.1120,-2.2638,0.1046,3.0770,5.3730,0,1.0000,-514,1,49.7604,20.9881,-24.5122,-9.4526,7.0070,0.208,0.000,0.990,0.0000,0.0000,0
2026-05-06,13:01:44,97908,2,-4.1120,-1.9501,0.1069,3.1436,5.3872,0,1.0000,-514,1,49.6643,-7.8868,-25.2511,-16.3191,30.6088,0.176,0.000,0.995,0.0000,0.0000,0
2026-05-06,13:01:44,97943,2,-4.1120,-2.2722,0.1181,3.4729,5.4025,0,1.0000,-514,1,49.2891,-4.7934,-26.2541,-22.6004,35.9548,0.144,0.000,1.000,0.0000,0.0000,0
2026-05-06,13:01:44,97978,2,-4.1120,-2.3068,0.1188,3.4930,5.4194,0,1.0000,-514,1,50.4061,34.4623,-26.9431,-17.8817,3.0547,0.112,0.000,1.000,0.0000,0.0000,0
2026-05-06,13:01:44,98014,2,-4.1120,-2.5143,0.0938,2.7601,5.4377,0,1.0000,-514,1,50.6183,5.8226,-26.8309,-1.1020,-24.1958,0.080,0.000,1.000,0.0000,0.0000,0
2026-05-06,13:01:44,98051,2,-4.1120,-2.6421,0.0821,2.4148,5.4502,0,1.0000,-514,1,51.1635,9.8275,-26.6775,0.1504,-30.3997,0.064,0.000,1.000,0.0000,0.0000,0
2026-05-06,13:01:44,98086,2,-4.1120,-1.7795,0.0755,2.2195,5.4751,0,1.0000,-514,1,52.5134,41.4064,-26.1921,9.4449,-25.2471,0.032,0.000,1.000,0.0000,0.0000,0
2026-05-06,13:01:44,98122,2,-4.1120,-1.9165,0.0573,1.6864,5.4895,0,1.0000,-514,1,52.7754,9.4284,-26.0089,6.8044,-1.8117,0.000,0.000,1.000,0.0000,0.0000,0
2026-05-06,13:01:44,98157,2,-4.1120,-1.4517,0.0529,1.5556,5.5013,0,1.0000,-514,1,52.7934,4.1759,-26.0374,1.6878,-1.3684,0.000,0.000,1.000,0.0000,0.0000,0
2026-05-06,13:01:44,98192,2,-4.1120,-1.7123,0.0608,1.7890,5.5142,0,1.0000,-514,1,52.8855,-0.1200,-26.2131,-2.2240,-15.7635,0.000,0.000,1.000,0.0000,0.0000,0
2026-05-06,13:01:44,98227,2,-4.1040,-1.4792,0.0701,2.0624,5.5265,0,1.0000,-513,1,52.5028,-7.2067,-26.3314,-2.8693,-12.8118,0.000,0.000,1.000,0.0000,0.0000,0
2026-05-06,13:01:44,98263,2,-4.1040,-1.5799,0.0619,1.8215,5.5374,0,1.0000,-513,1,52.6612,5.0671,-26.6036,-6.1486,15.2045,0.000,0.000,1.000,0.0000,0.0000,0
2026-05-06,13:01:44,98299,2,-4.1040,-1.7495,0.0704,2.0693,5.5506,0,1.0000,-513,1,52.4846,-7.2150,-27.2065,-12.9925,38.3169,0.000,0.000,1.000,0.0000,0.0000,0
2026-05-06,13:01:44,98334,2,-4.1040,-2.0397,0.0842,2.4775,5.5655,0,1.0000,-513,1,52.4136,2.0199,-27.9675,-18.7274,51.3349,0.000,0.000,1.000,0.0000,0.0000,0
2026-05-06,13:01:44,98369,2,-4.1040,-2.2343,0.0909,2.6725,5.5822,0,1.0000,-513,1,52.4005,-3.0924,-28.9431,-23.0812,40.9430,0.000,0.000,1.000,0.0000,0.0000,0
2026-05-06,13:01:44,98404,2,-4.1040,-2.4478,0.0820,2.4122,5.6001,0,1.0000,-513,1,52.4684,3.6919,-29.3714,-13.6131,7.3349,0.000,0.000,1.000,0.0000,0.0000,0
2026-05-06,13:01:44,98439,2,-4.1040,-2.7666,0.0957,2.8158,5.6196,0,1.0000,-513,1,52.7742,4.9261,-29.2634,-1.0454,-20.6085,0.000,0.000,1.000,0.0000,0.0000,0
2026-05-06,13:01:44,98475,2,-4.1040,-2.6858,0.0809,2.3802,5.6404,0,1.0000,-513,1,52.6122,-14.0860,-29.0943,3.6793,2.1390,0.000,0.000,1.000,0.0000,0.0000,0
2026-05-06,13:01:44,98510,2,-2.8538,-2.7548,0.0838,2.4636,5.6614,0,1.0000,-513,0,52.0227,-11.9138,-29.0064,3.7454,-6.2123,0.048,0.000,1.000,0.0000,0.0000,0
2026-05-06,13:01:44,98546,2,-2.1040,-2.4991,0.0930,2.7365,5.6822,0,1.0000,-513,0,52.6904,25.7515,-28.8490,5.3571,-31.8584,0.064,0.000,1.000,0.0000,0.0000,0
2026-05-06,13:01:44,98581,2,-2.1040,-2.1569,0.0912,2.6818,5.6982,0,1.0000,-513,0,52.7751,-10.6229,-28.6800,4.8879,-1.0043,0.032,0.000,1.000,0.0000,0.0000,0
2026-05-06,13:01:44,98616,2,-2.1040,-2.1635,0.1034,3.0400,5.7150,0,1.0000,-513,0,51.8465,-22.3390,-29.0684,-6.2060,24.5044,0.048,0.000,1.000,0.0000,0.0000,0
2026-05-06,13:01:44,98651,2,-2.1040,-2.0341,0.1026,3.0181,5.7309,0,1.0000,-513,0,52.2524,18.8911,-29.7248,-13.0211,-6.6327,0.088,0.000,1.000,0.0000,0.0000,0
2026-05-06,13:01:44,98686,2,-2.1040,-2.1412,0.1208,3.5517,5.7470,0,1.0000,-513,0,53.0461,18.4440,-29.9383,-7.0074,-25.8057,0.056,0.000,1.000,0.0000,0.0000,0
2026-05-06,13:01:44,98721,2,-2.1040,-2.1689,0.1476,4.3416,5.7643,0,1.0000,-513,0,53.1327,-4.5712,-29.8780,-1.0197,4.2225,0.024,0.000,1.000,0.0000,0.0000,0
2026-05-06,13:01:45,98757,2,-2.1040,-1.7480,0.1057,3.1081,5.7792,0,1.0000,-513,0,52.5287,-19.4737,-30.1667,-5.4312,-4.6870,0.016,0.000,1.000,0.0000,0.0000,0
2026-05-06,13:01:45,98792,2,-2.1040,-1.7707,0.0629,1.8488,5.7928,0,1.0000,-513,0,52.4922,-0.2688,-30.3964,-4.8198,-31.1624,0.080,0.000,1.000,0.0000,0.0000,0
2026-05-06,13:01:45,98828,2,-1.8362,-1.8721,0.0775,2.2797,5.8076,0,1.0000,-513,0,52.9407,12.4778,-30.2325,2.2669,-19.2789,0.048,0.000,1.000,0.0000,0.0000,0
2026-05-06,13:01:45,98863,2,-1.8362,-1.9394,0.1070,3.1468,5.8227,0,1.0000,-513,0,52.2044,-29.0331,-30.2616,-0.3753,9.0870,0.040,0.000,1.000,0.0000,0.0000,0
2026-05-06,13:01:45,98898,2,-1.8362,-1.8251,0.1265,3.7203,5.8379,0,1.0000,-513,0,51.3215,-24.0732,-31.0014,-13.1432,11.9620,0.104,0.000,1.000,0.0000,0.0000,0
2026-05-06,13:01:45,98933,2,-1.8362,-1.6614,0.1084,3.1891,5.8510,0,1.0000,-513,0,51.2113,-4.7262,-31.3111,-7.5049,-16.5767,0.168,0.000,1.000,0.0000,0.0000,0
2026-05-06,13:01:45,98973,2,-1.8362,-1.7364,0.0993,2.9215,5.8663,0,1.0000,-513,0,51.2684,-5.8462,-31.0163,0.6445,-14.9619,0.216,0.000,1.000,0.0000,0.0000,0
2026-05-06,13:01:45,99008,2,-1.8362,-1.8225,0.0918,2.7002,5.8792,0,1.0000,-513,0,51.6004,9.7515,-30.6578,6.6855,-7.1491,0.232,0.000,1.000,0.0000,0.0000,0
2026-05-06,13:01:45,99043,2,-4.1120,-1.9376,0.0880,2.5888,5.8926,0,1.0000,-514,1,51.4830,-12.9575,-30.5019,5.2018,14.2498,0.200,0.000,1.000,0.0000,0.0000,0
2026-05-06,13:01:45,99078,2,-4.1120,-2.1377,0.1132,3.3299,5.9097,0,1.0000,-514,1,51.2499,-6.7281,-30.5179,1.4224,38.6382,0.240,0.000,1.000,0.0000,0.0000,0
2026-05-06,13:01:45,99113,2,-4.1120,-2.2596,0.1213,3.5685,5.9256,0,1.0000,-514,1,50.8092,-20.7328,-30.6377,-1.8860,46.1597,0.304,0.000,1.000,0.0000,0.0000,0
2026-05-06,13:01:45,99149,2,-4.1120,-2.3159,0.1088,3.1998,5.9431,0,1.0000,-514,1,50.1079,-22.7678,-30.9048,-5.7246,65.4231,0.368,0.000,1.000,0.0000,0.0000,0
2026-05-06,13:01:45,99184,2,-4.1120,-2.4795,0.0911,2.6808,5.9613,0,1.0000,-514,1,49.7286,-13.0381,-31.2408,-8.0455,67.7815,0.432,0.000,1.000,0.0000,0.0000,0
2026-05-06,13:01:45,99220,2,-4.1120,-2.8306,0.0840,2.4715,5.9823,0,1.0000,-514,1,49.3579,-15.2175,-31.5993,-9.4335,71.3710,0.496,0.000,1.000,0.0000,0.0000,0
2026-05-06,13:01:45,99257,2,-4.1120,-2.8721,0.0756,2.2244,6.0054,0,1.0000,-514,1,48.7932,-17.4666,-31.8974,-8.1581,74.2756,0.560,0.000,1.000,0.0000,0.0000,0
2026-05-06,13:01:45,99292,2,-4.1120,-2.6147,0.0678,1.9943,6.0252,0,1.0000,-514,1,48.3454,-14.0810,-32.1223,-7.0962,75.3574,0.624,0.000,1.000,0.0000,0.0000,0
2026-05-06,13:01:45,99327,2,-4.1120,-2.2630,0.0548,1.6124,6.0419,0,1.0000,-514,1,48.0503,-14.3429,-32.3310,-5.9909,83.2239,0.688,0.000,1.000,0.0000,0.0000,0
2026-05-06,13:01:45,99363,2,-4.1120,-1.8804,0.0653,1.9213,6.0556,0,1.0000,-514,1,48.4152,-0.3059,-32.4649,-4.2217,90.7567,0.752,0.000,1.000,0.0000,0.0000,0
2026-05-06,13:01:45,99399,2,-4.1120,-2.3566,0.0985,2.8977,6.0720,0,1.0000,-514,1,48.2633,-17.0763,-32.8803,-9.1629,102.7694,0.744,0.000,1.000,0.0000,0.0000,0
2026-05-06,13:01:45,99434,2,-4.1120,-2.4276,0.1178,3.4654,6.0907,0,1.0000,-514,1,47.2373,-38.3555,-33.3495,-9.8038,92.2468,0.808,0.000,1.000,0.0000,0.0000,0
2026-05-06,13:01:45,99469,2,-4.1120,-2.4910,0.0901,2.6512,6.1086,0,1.0000,-514,1,46.3252,-31.6592,-33.4526,-4.0868,51.7884,0.872,0.000,1.000,0.0000,0.0000,0
2026-05-06,13:01:45,99504,2,-4.1120,-2.1686,0.0844,2.4831,6.1268,0,1.0000,-514,1,45.7124,-15.1158,-33.0851,6.8040,38.5180,0.936,0.000,1.000,0.0000,0.0000,0
2026-05-06,13:01:45,99539,2,-4.1120,-1.8789,0.0514,1.5131,6.1420,0,1.0000,-514,1,45.3112,-8.8538,-32.6964,8.7639,59.0423,1.000,0.000,1.000,0.0000,0.0000,0
2026-05-06,13:01:45,99575,2,-4.1120,-1.6225,0.0536,1.5756,6.1546,0,1.0000,-514,1,45.3920,-1.8811,-32.8775,-0.7912,49.0097,1.000,0.000,1.000,0.0000,0.0000,0
2026-05-06,13:01:45,99611,2,-4.1120,-1.8525,0.1138,3.3481,6.1686,0,1.0000,-514,1,45.0763,-16.5433,-33.0401,-3.4264,42.5289,1.000,0.000,1.000,0.0000,0.0000,0
2026-05-06,13:01:45,99648,2,-4.1120,-1.9800,0.1404,4.1285,6.1823,0,1.0000,-514,1,43.8483,-39.0542,-33.3696,-8.4410,61.8149,1.000,0.000,1.000,0.0000,0.0000,0
2026-05-06,13:01:45,99683,2,-4.1120,-2.0905,0.1539,4.5271,6.1975,0,1.0000,-514,1,43.2426,-25.7179,-34.1754,-17.3406,50.8639,1.000,0.000,1.000,0.0000,0.0000,0
2026-05-06,13:01:45,99719,2,-4.1120,-2.0117,0.1163,3.4198,6.2123,0,1.0000,-514,1,42.2208,-36.4053,-34.7871,-16.1209,16.2740,1.000,0.000,1.000,0.0000,0.0000,0
2026-05-06,13:01:46,99755,2,-4.1120,-2.1793,0.0663,1.9489,6.2283,0,1.0000,-514,1,41.3403,-28.9532,-34.8063,-5.0944,-6.0849,1.000,0.000,1.000,0.0000,0.0000,0
2026-05-06,13:01:46,99790,2,-4.1120,-1.9427,0.0521,1.5316,6.2439,0,1.0000,-514,1,41.5876,4.8440,-34.8178,-2.5102,0.8590,1.000,0.000,1.000,0.0000,0.0000,0
2026-05-06,13:01:46,99826,2,-4.1120,-1.5810,0.1156,3.3998,6.2573,0,1.0000,-514,1,41.8683,4.1600,-34.8136,-1.0461,26.8562,1.000,0.000,1.000,0.0000,0.0000,0
2026-05-06,13:01:46,99862,2,-4.1120,-1.5784,0.1226,3.6063,6.2686,0,1.0000,-514,1,40.6193,-40.1979,-34.9966,-4.4083,48.2699,1.000,0.000,1.000,0.0000,0.0000,0
2026-05-06,13:01:46,99903,2,-4.1120,-1.6795,0.1311,3.8573,6.2832,0,1.0000,-514,1,40.7928,-23.9323,-36.0588,-12.2056,36.6961,1.000,0.000,1.000,0.0000,0.0000,0
2026-05-06,13:01:46,99938,2,-4.1120,-1.5618,0.0940,2.7636,6.2957,0,1.0000,-514,1,39.3077,-47.5329,-36.5595,-10.6828,4.2901,1.000,0.000,1.000,0.0000,0.0000,0
2026-05-06,13:01:46,99974,2,-4.1120,-1.9543,0.0809,2.3798,6.3102,0,1.0000,-514,1,38.4847,-20.0771,-35.9335,8.5676,11.4221,1.000,0.000,1.000,0.0000,0.0000,0
2026-05-06,13:01:46,100010,2,-4.1120,-2.1594,0.0573,1.6866,6.3267,0,1.0000,-514,1,37.9825,-17.8895,-35.6904,6.5908,29.2574,1.000,0.000,1.000,0.0000,0.0000,0
2026-05-06,13:01:46,100045,2,-4.1120,-1.2527,0.0541,1.5901,6.3406,0,1.0000,-514,1,37.4916,-20.7420,-35.6595,2.9652,44.9601,1.000,0.000,1.000,0.0000,0.0000,0
2026-05-06,13:01:46,100081,2,-4.1040,-1.0185,0.0613,1.8015,6.3505,0,1.0000,-513,1,36.6957,-21.9409,-35.7058,-0.2498,64.7543,1.000,0.000,1.000,0.0000,0.0000,0
2026-05-06,13:01:46,100116,2,-4.1040,-0.5564,0.0325,0.9563,6.3557,0,1.0000,-513,1,36.4041,-4.3492,-35.9633,-4.9716,34.5906,1.000,0.000,1.000,0.0000,0.0000,0
2026-05-06,13:01:46,100152,2,-4.1120,-0.1485,0.0318,0.9360,6.3566,0,1.0000,-514,1,36.3451,-8.8794,-36.1068,-4.7160,43.1938,1.000,0.000,1.000,0.0000,0.0000,0
2026-05-06,13:01:46,100188,2,-4.1120,-0.5924,0.0457,1.3447,6.3596,0,1.0000,-514,1,35.6266,-23.8420,-36.3365,-6.4486,63.0192,1.000,0.000,1.000,0.0000,0.0000,0
2026-05-06,13:01:46,100223,2,-4.1120,-0.8817,0.0690,2.0309,6.3652,0,1.0000,-514,1,35.4888,-9.9476,-36.9966,-15.7389,79.7895,1.000,0.000,1.000,0.0000,0.0000,0
2026-05-06,13:01:46,100259,2,-4.1040,-0.8105,0.0329,0.9680,6.3710,0,1.0000,-514,1,34.4238,-40.1136,-37.7021,-16.5820,73.3278,1.000,0.000,1.000,0.0000,0.0000,0
2026-05-06,13:01:46,100295,2,-4.1120,-0.8665,0.0359,1.0548,6.3774,0,1.0000,-514,1,33.7835,-13.0277,-37.6241,-3.9502,35.7188,1.000,0.000,1.000,0.0000,0.0000,0
2026-05-06,13:01:46,100331,2,-4.1120,-0.7843,0.0198,0.5827,6.3843,0,1.0000,-514,1,33.9496,1.5327,-37.4479,1.9350,3.7932,0.984,0.000,1.000,0.0000,0.0000,0
2026-05-06,13:01:46,100368,2,-4.1200,-0.3118,0.0316,0.9280,6.3871,0,1.0000,-515,1,33.2212,-30.0844,-36.8411,11.7539,17.7207,1.000,0.000,1.000,0.0000,0.0000,0
2026-05-06,13:01:46,100403,2,-4.1200,-0.5219,0.0336,0.9885,6.3904,0,1.0000,-515,1,32.4482,-14.7281,-36.2785,12.2551,42.3221,1.000,0.000,1.000,0.0000,0.0000,0
2026-05-06,13:01:46,100438,2,-4.1200,-0.5402,0.0397,1.1690,6.3941,0,1.0000,-515,1,33.0399,11.4833,-35.9990,8.5541,23.4889,1.000,0.000,1.000,0.0000,0.0000,0
2026-05-06,13:01:46,100474,2,-4.1120,-0.6242,0.0237,0.6957,6.3991,0,1.0000,-514,1,32.4179,-21.0116,-35.1940,17.1653,12.9990,0.992,0.000,1.000,0.0000,0.0000,0
2026-05-06,13:01:46,100510,2,-4.1120,-0.4900,0.0389,1.1450,6.4036,0,1.0000,-514,1,32.5029,6.1022,-34.3128,18.9963,-0.5689,1.000,0.000,1.000,0.0000,0.0000,0
2026-05-06,13:01:46,100545,2,-4.1120,-0.7683,0.0372,1.0932,6.4085,0,1.0000,-514,1,33.4826,19.8199,-33.8977,11.6862,26.3299,0.968,0.000,1.000,0.0000,0.0000,0
2026-05-06,13:01:46,100581,2,-4.1120,-0.7706,0.0291,0.8569,6.4150,0,1.0000,-514,1,33.7619,2.8074,-33.9384,-0.0793,48.9633,0.936,0.000,1.000,0.0000,0.0000,0
2026-05-06,13:01:46,100617,2,-4.1120,-0.6239,0.0313,0.9199,6.4201,0,1.0000,-514,1,32.8216,-35.1435,-34.3418,-9.8727,21.3465,0.928,0.000,1.000,0.0000,0.0000,0
2026-05-06,13:01:46,100653,2,-4.1120,-0.6964,0.0363,1.0667,6.4255,0,1.0000,-514,1,31.7366,-27.8935,-34.3436,-4.3356,12.1112,0.992,0.000,1.000,0.0000,0.0000,0
2026-05-06,13:01:46,100689,2,-4.1120,-0.6021,0.0343,1.0074,6.4309,0,1.0000,-514,1,31.5260,-8.8777,-33.9086,3.5556,24.7571,1.000,0.000,1.000,0.0000,0.0000,0
2026-05-06,13:01:46,100724,2,-4.1120,-0.7294,0.0405,1.1926,6.4359,0,1.0000,-514,1,30.5767,-32.9388,-33.6708,4.4234,14.5088,1.000,0.000,1.000,0.0000,0.0000,0
2026-05-06,13:01:47,100759,2,-4.1120,-1.0097,0.0526,1.5475,6.4427,0,1.0000,-514,1,30.0115,-12.5939,-33.2678,7.1689,39.4530,1.000,0.000,1.000,0.0000,0.0000,0
2026-05-06,13:01:47,100795,2,-4.1120,-1.3204,0.0685,2.0152,6.4512,0,1.0000,-514,1,29.8390,-14.1081,-32.9625,5.6473,60.6241,1.000,0.000,1.000,0.0000,0.0000,0
2026-05-06,13:01:47,100835,2,-4.1120,-1.2360,0.0504,1.4821,6.4627,0,1.0000,-514,1,29.5014,-16.9413,-32.3222,5.7581,70.2454,1.000,0.000,1.000,0.0000,0.0000,0
2026-05-06,13:01:47,100871,2,-4.1120,-1.6594,0.0710,2.0883,6.4748,0,1.0000,-514,1,29.0792,-5.9702,-32.4667,-2.9869,72.3610,1.000,0.000,1.000,0.0000,0.0000,0
2026-05-06,13:01:47,100907,2,-4.1120,-1.6238,0.0562,1.6524,6.4872,0,1.0000,-514,1,28.8224,-12.0082,-32.6007,-5.3063,68.4355,1.000,0.000,1.000,0.0000,0.0000,0
2026-05-06,13:01:47,100943,2,-4.1120,-1.3264,0.0799,2.3511,6.4990,0,1.0000,-514,1,28.7146,4.5153,-32.4938,-1.0415,64.1463,1.000,0.000,1.000,0.0000,0.0000,0
2026-05-06,13:01:47,100979,2,-4.1120,-1.3347,0.0792,2.3286,6.5090,0,1.0000,-514,1,28.2085,-21.2709,-32.0749,6.0400,42.4707,1.000,0.000,1.000,0.0000,0.0000,0
2026-05-06,13:01:47,101014,2,-4.1120,-1.7345,0.1109,3.2604,6.5211,0,1.0000,-514,1,27.1054,-30.4275,-31.8936,3.5534,62.8917,1.000,0.000,1.000,0.0000,0.0000,0
2026-05-06,13:01:47,101049,2,-4.1120,-1.8585,0.1017,2.9913,6.5339,0,1.0000,-514,1,26.8675,-3.8626,-31.9043,0.0956,80.3611,1.000,0.000,1.000,0.0000,0.0000,0
2026-05-06,13:01:47,101085,2,-4.1200,-2.0434,0.0957,2.8161,6.5487,0,1.0000,-515,1,26.8344,-4.1374,-31.8968,-0.8651,95.2809,1.000,0.000,1.000,0.0000,0.0000,0
2026-05-06,13:01:47,101121,2,-4.1200,-2.2853,0.0765,2.2500,6.5651,0,1.0000,-515,1,26.7366,1.8417,-31.8202,0.0013,100.8151,1.000,0.000,1.000,0.0000,0.0000,0
2026-05-06,13:01:47,101157,2,-4.1200,-2.2723,0.0692,2.0352,6.5830,0,1.0000,-515,1,27.2318,16.4264,-31.6951,1.0528,59.1740,0.968,0.000,1.000,0.0000,0.0000,0
2026-05-06,13:01:47,101192,2,-4.1040,-1.7211,0.0792,2.3284,6.5992,0,1.0000,-513,1,27.4044,4.2539,-31.5639,1.5096,70.4854,0.936,0.000,1.000,0.0000,0.0000,0
2026-05-06,13:01:47,101228,2,-4.1040,-2.0056,0.0646,1.9006,6.6134,0,1.0000,-513,1,26.6918,-14.4657,-31.5113,-0.3781,86.8118,0.904,0.000,1.000,0.0000,0.0000,0
2026-05-06,13:01:47,101264,2,-4.1040,-1.9922,0.0762,2.2414,6.6296,0,1.0000,-513,1,26.9968,13.3278,-31.5554,-1.9889,81.0394,0.896,0.000,1.000,0.0000,0.0000,0
2026-05-06,13:01:47,101300,2,-4.1120,-2.0827,0.0623,1.8325,6.6454,0,1.0000,-514,1,27.1262,8.7827,-31.4824,0.0472,75.3329,0.864,0.000,1.000,0.0000,0.0000,0
2026-05-06,13:01:47,101335,2,-4.1120,-1.9879,0.0701,2.0612,6.6615,0,1.0000,-514,1,27.3421,10.2059,-31.1983,4.5630,77.1917,0.832,0.000,1.000,0.0000,0.0000,0
2026-05-06,13:01:47,101370,2,-4.1120,-2.1331,0.0510,1.5013,6.6772,0,1.0000,-514,1,27.5909,11.1674,-30.9001,7.0123,72.2470,0.800,0.000,1.000,0.0000,0.0000,0
2026-05-06,13:01:47,101406,2,-4.1120,-1.3902,0.0542,1.5952,6.6911,0,1.0000,-514,1,27.9209,4.7626,-30.5700,7.6489,88.3796,0.768,0.000,1.000,0.0000,0.0000,0
2026-05-06,13:01:47,101441,2,-4.1120,-1.3726,0.0476,1.4008,6.7023,0,1.0000,-514,1,28.0779,11.6909,-30.3967,5.3773,87.8943,0.736,0.000,1.000,0.0000,0.0000,0
2026-05-06,13:01:47,101477,2,-4.1120,-1.3639,0.0571,1.6786,6.7131,0,1.0000,-514,1,28.8787,25.7684,-30.2627,4.2810,88.3600,0.704,0.000,1.000,0.0000,0.0000,0
2026-05-06,13:01:47,101513,2,-4.1120,-1.5142,0.0609,1.7913,6.7242,0,1.0000,-514,1,29.0624,0.3845,-29.9231,7.7666,82.5669,0.672,0.000,1.000,0.0000,0.0000,0
2026-05-06,13:01:47,101548,2,-4.1120,-1.6538,0.0648,1.9073,6.7363,0,1.0000,-514,1,29.0124,3.7185,-29.6694,6.8036,82.8235,0.640,0.000,1.000,0.0000,0.0000,0
2026-05-06,13:01:47,101583,2,-4.1120,-1.8904,0.0703,2.0690,6.7496,0,1.0000,-514,1,29.2524,5.9082,-29.4977,5.1955,50.5611,0.608,0.000,1.000,0.0000,0.0000,0
2026-05-06,13:01:47,101619,2,-4.1120,-1.9874,0.0749,2.2024,6.7642,0,1.0000,-514,1,29.1989,0.3629,-29.1288,8.4464,23.7169,0.576,0.000,1.000,0.0000,0.0000,0
2026-05-06,13:01:47,101654,2,-4.1120,-2.2589,0.0784,2.3052,6.7797,0,1.0000,-514,1,29.2732,5.2035,-29.0123,3.0706,46.7782,0.544,0.000,1.000,0.0000,0.0000,0
2026-05-06,13:01:47,101690,2,-4.1120,-2.3611,0.0798,2.3477,6.7974,0,1.0000,-514,1,29.5089,6.8988,-29.3001,-4.0955,66.4495,0.512,0.000,1.000,0.0000,0.0000,0
2026-05-06,13:01:47,101726,2,-4.3360,-2.0200,0.0626,1.8415,6.8152,0,1.0000,-542,1,29.6422,8.9644,-29.4252,-4.1112,62.0947,0.480,0.000,1.000,0.0000,0.0000,0
2026-05-06,13:01:48,101766,2,-4.3360,-0.9141,0.0369,1.0838,6.8293,0,1.0000,-542,1,30.2644,27.2104,-29.4628,-3.3141,50.0337,0.456,0.000,1.000,0.0000,0.0000,0
2026-05-06,13:01:48,101802,2,-4.7040,-0.7238,0.0477,1.4038,6.8361,0,1.0000,-588,1,30.8766,13.9504,-29.4351,-0.4116,69.2619,0.424,0.000,1.000,0.0000,0.0000,0
2026-05-06,13:01:48,101838,2,-6.9600,-0.9876,0.0521,1.5322,6.8434,0,1.0000,-870,1,31.0312,4.5598,-29.1828,4.2484,44.9711,0.392,0.000,1.000,0.0000,0.0000,0
2026-05-06,13:01:48,101874,2,-7.5680,-1.5920,0.1004,2.9519,6.8541,0,1.0000,-946,1,29.6736,-43.8412,-28.8039,8.0477,19.0221,0.384,0.000,1.000,0.0000,0.0000,0
2026-05-06,13:01:48,101910,2,-7.8880,-1.8717,0.1425,4.1924,6.8671,0,1.0000,-986,1,28.8158,4.1920,-28.4778,7.6492,42.5551,0.448,0.000,1.000,0.0000,0.0000,0
2026-05-06,13:01:48,101945,2,-7.8880,-1.7084,0.1404,4.1284,6.8807,0,1.0000,-986,1,29.8752,27.6864,-28.5887,0.6352,48.7721,0.440,0.000,1.000,0.0000,0.0000,0
2026-05-06,13:01:48,101980,2,-7.8880,-1.9125,0.1065,3.1323,6.8933,0,1.0000,-986,1,30.9435,33.3204,-28.6642,-0.8814,34.2333,0.408,0.000,1.000,0.0000,0.0000,0
2026-05-06,13:01:48,102016,2,-7.9840,-1.8825,0.0567,1.6689,6.9083,0,1.0000,-998,1,31.8790,27.1178,-28.5536,2.1845,30.0343,0.376,0.000,1.000,0.0000,0.0000,0
2026-05-06,13:01:48,102051,2,-7.9840,-0.8408,0.0295,0.8689,6.9194,0,1.0000,-998,1,33.1095,39.8284,-28.4839,2.0790,31.4785,0.344,0.000,1.000,0.0000,0.0000,0
2026-05-06,13:01:48,102087,2,-7.9840,-0.0012,0.0298,0.8769,6.9224,0,1.0000,-998,1,33.6655,18.6773,-28.4408,1.7977,20.2268,0.312,0.000,1.000,0.0000,0.0000,0
2026-05-06,13:01:48,102123,2,-7.9840,-0.0002,0.0122,0.3600,6.9224,0,1.0000,-998,1,34.6704,35.2462,-28.2609,4.3152,31.3120,0.280,0.000,1.000,0.0000,0.0000,0
2026-05-06,13:01:48,102159,2,-7.9840,-0.6643,0.0801,2.3568,6.9244,0,1.0000,-998,1,36.6552,59.1123,-28.0619,5.4249,53.1422,0.248,0.000,1.000,0.0000,0.0000,0
2026-05-06,13:01:48,102194,2,-7.9840,-0.7563,0.1615,4.7501,6.9310,0,1.0000,-998,1,33.9739,-100.6985,-28.0327,2.1355,71.6752,0.216,0.000,1.000,0.0000,0.0000,0
2026-05-06,13:01:48,102230,2,-7.9840,-0.5845,0.1575,4.6332,6.9357,0,1.0000,-998,1,31.7924,-24.1449,-28.1076,0.5074,47.2161,0.280,0.000,1.000,0.0000,0.0000,0
2026-05-06,13:01:48,102265,2,-7.9840,-0.4651,0.1053,3.0964,6.9393,0,1.0000,-998,1,34.1986,79.0771,-27.8085,5.7464,14.0649,0.320,0.000,1.000,0.0000,0.0000,0
2026-05-06,13:01:48,102300,2,-7.9840,-0.8043,0.0614,1.8069,6.9442,0,1.0000,-998,1,35.8750,43.0766,-27.5320,7.5841,38.3920,0.288,0.000,1.000,0.0000,0.0000,0
2026-05-06,13:01:48,102337,2,-7.9840,-1.1003,0.0271,0.7958,6.9519,0,1.0000,-998,1,36.4632,30.5754,-27.2145,7.4988,59.1378,0.256,0.000,1.000,0.0000,0.0000,0
2026-05-06,13:01:48,102372,2,-7.9840,-0.9393,0.0908,2.6718,6.9586,0,1.0000,-998,1,38.2342,53.4847,-27.1835,3.4976,24.3936,0.224,0.000,1.000,0.0000,0.0000,0
2026-05-06,13:01:48,102407,2,-7.9840,-1.1661,0.1167,3.4311,6.9663,0,1.0000,-998,1,38.7651,12.0797,-26.6097,12.5879,-4.8025,0.192,0.000,1.000,0.0000,0.0000,0
2026-05-06,13:01:48,102443,2,-7.9840,-1.5532,0.1762,5.1835,6.9772,0,1.0000,-998,1,38.5911,1.0135,-25.9330,13.6620,22.9343,0.160,0.000,1.000,0.0000,0.0000,0
2026-05-06,13:01:48,102479,2,-7.9840,-1.1923,0.1273,3.7427,6.9865,0,1.0000,-998,1,38.6865,8.5450,-26.0324,1.2378,46.2212,0.128,0.000,1.000,0.0000,0.0000,0
2026-05-06,13:01:48,102515,2,-7.9840,-1.3181,0.0921,2.7074,6.9971,0,1.0000,-998,1,39.3922,20.4357,-26.2935,-4.5634,33.6219,0.096,0.000,1.000,0.0000,0.0000,0
2026-05-06,13:01:48,102550,2,-7.9840,-1.6217,0.0544,1.6005,7.0086,0,1.0000,-998,1,39.4747,3.8303,-26.4655,-5.2257,48.1526,0.064,0.000,1.000,0.0000,0.0000,0
2026-05-06,13:01:48,102585,2,-7.9840,-0.8533,0.0708,2.0835,7.0182,0,1.0000,-998,1,40.5118,40.6800,-26.4430,-1.1079,14.8307,0.032,0.000,1.000,0.0000,0.0000,0
2026-05-06,13:01:48,102621,2,-7.9840,-1.1569,0.1000,2.9408,7.0265,0,1.0000,-998,1,41.3693,14.1178,-25.6969,13.9566,-12.5723,0.000,0.000,1.000,0.0000,0.0000,0
2026-05-06,13:01:48,102656,2,-7.9840,-1.6894,0.1570,4.6163,7.0377,0,1.0000,-998,1,39.9327,-43.0101,-24.9178,16.5795,10.4005,0.000,0.000,1.000,0.0000,0.0000,0
2026-05-06,13:01:48,102697,2,-7.9840,-1.4351,0.1546,4.5480,7.0509,0,1.0000,-998,1,39.1971,-6.6166,-24.8063,8.1026,23.4913,0.048,0.000,1.000,0.0000,0.0000,0
2026-05-06,13:01:48,102732,2,-7.9840,-1.5329,0.1262,3.7124,7.0621,0,1.0000,-998,1,40.1938,16.8243,-25.0610,-1.9111,20.1374,0.040,0.000,1.000,0.0000,0.0000,0
2026-05-06,13:01:49,102768,2,-7.9840,-1.6804,0.0865,2.5434,7.0746,0,1.0000,-998,1,39.9278,-3.9775,-25.1048,-1.1770,-9.3866,0.008,0.000,1.000,0.0000,0.0000,0
2026-05-06,13:01:49,102804,2,-7.9840,-2.1375,0.0770,2.2645,7.0899,0,1.0000,-998,1,41.3922,51.2400,-24.6823,7.5504,-33.9497,0.000,0.000,1.000,0.0000,0.0000,0
2026-05-06,13:01:49,102840,2,-7.9840,-2.8028,0.1204,3.5419,7.1096,0,1.0000,-998,1,42.0056,-0.8488,-23.9056,15.9486,-27.2576,0.000,0.000,1.000,0.0000,0.0000,0
2026-05-06,13:01:49,102875,2,-7.9840,-2.8548,0.1456,4.2819,7.1308,0,1.0000,-998,1,40.2269,-54.9809,-23.7516,6.5403,3.6462,0.016,0.000,1.000,0.0000,0.0000,0
2026-05-06,13:01:49,102910,2,-7.9840,-2.9253,0.1403,4.1258,7.1530,0,1.0000,-998,1,39.9953,17.5757,-23.8433,0.3344,-10.2470,0.080,0.000,1.000,0.0000,0.0000,0
2026-05-06,13:01:49,102946,2,-7.9840,-3.1037,0.1293,3.8026,7.1767,0,1.0000,-998,1,41.4142,33.8789,-23.6986,1.5292,5.4814,0.048,0.000,1.000,0.0000,0.0000,0
2026-05-06,13:01:49,102981,2,-7.9840,-3.2170,0.0822,2.4180,7.2001,0,1.0000,-998,1,41.2578,3.4655,-23.5060,4.0143,-21.4639,0.016,0.000,1.000,0.0000,0.0000,0
2026-05-06,13:01:49,103016,2,-7.9840,-2.8807,0.0908,2.6703,7.2238,0,1.0000,-998,1,42.7264,44.2136,-23.0213,10.1045,-43.7842,0.000,0.000,1.000,0.0000,0.0000,0
2026-05-06,13:01:49,103053,2,-7.9840,-2.5889,0.1020,3.0002,7.2462,0,1.0000,-998,1,43.2096,13.4267,-22.4147,11.8843,-22.2844,0.000,0.000,1.000,0.0000,0.0000,0
2026-05-06,13:01:49,103088,2,-7.9840,-2.8565,0.1113,3.2742,7.2669,0,1.0000,-998,1,42.8213,-10.6214,-22.4607,1.6543,-6.2305,0.000,0.000,1.000,0.0000,0.0000,0
2026-05-06,13:01:49,103123,2,-7.9840,-3.0461,0.1235,3.6338,7.2898,0,1.0000,-998,1,42.2217,-5.1655,-22.6674,-4.2253,8.9819,0.000,0.000,1.000,0.0000,0.0000,0
2026-05-06,13:01:49,103159,2,-7.9840,-3.1191,0.1053,3.0974,7.3136,0,1.0000,-998,1,43.1023,24.0752,-22.9143,-6.3359,0.2847,0.000,0.000,1.000,0.0000,0.0000,0
2026-05-06,13:01:49,103194,2,-7.9840,-2.7509,0.0813,2.3922,7.3366,0,1.0000,-998,1,43.7404,22.4519,-22.8444,-0.4077,-13.1220,0.000,0.000,1.000,0.0000,0.0000,0
2026-05-06,13:01:49,103230,2,-7.9840,-2.0906,0.0814,2.3947,7.3556,0,1.0000,-998,1,44.5455,27.0735,-22.1884,12.3707,-36.1276,0.000,0.000,1.000,0.0000,0.0000,0
2026-05-06,13:01:49,103265,2,-7.9840,-2.3798,0.1101,3.2369,7.3721,0,1.0000,-998,1,44.7076,6.1879,-21.1842,21.5079,-28.3403,0.000,0.000,1.000,0.0000,0.0000,0
2026-05-06,13:01:49,103300,2,-7.9840,-2.2271,0.0883,2.5974,7.3880,0,1.0000,-998,1,45.1765,16.7719,-20.7509,13.6849,3.0548,0.000,0.000,1.000,0.0000,0.0000,0
2026-05-06,13:01:49,103336,2,-7.9840,-2.4796,0.0804,2.3651,7.4063,0,1.0000,-998,1,45.6441,15.7427,-20.7876,2.1639,22.2414,0.000,0.000,1.000,0.0000,0.0000,0
2026-05-06,13:01:49,103372,2,-7.9840,-2.5223,0.0733,2.1562,7.4261,0,1.0000,-998,1,45.9806,9.7564,-20.9577,-2.6060,-7.5143,0.000,0.000,1.000,0.0000,0.0000,0
2026-05-06,13:01:49,103407,2,-7.9840,-2.5061,0.0593,1.7448,7.4453,0,1.0000,-998,1,46.2123,7.5643,-20.8889,0.0434,-26.3282,0.000,0.000,1.000,0.0000,0.0000,0
2026-05-06,13:01:49,103443,2,-7.9840,-1.9189,0.0675,1.9866,7.4615,0,1.0000,-998,1,46.4248,1.6754,-20.6654,3.4178,-48.4762,0.000,0.000,1.000,0.0000,0.0000,0
2026-05-06,13:01:49,103479,2,-7.9840,-1.7707,0.0749,2.2023,7.4761,0,1.0000,-998,1,46.3925,7.7803,-20.5314,2.8169,-20.7107,0.000,0.000,1.000,0.0000,0.0000,0
2026-05-06,13:01:49,103515,2,-7.9840,-1.0462,0.0358,1.0527,7.4849,0,1.0000,-998,1,47.0890,16.6749,-20.4724,1.0407,-4.9025,0.000,0.000,1.000,0.0000,0.0000,0
2026-05-06,13:01:49,103550,2,-7.9840,-0.9328,0.0592,1.7417,7.4935,0,1.0000,-998,1,46.6828,-14.8823,-20.4714,0.4340,-30.6215,0.000,0.000,1.000,0.0000,0.0000,0
2026-05-06,13:01:49,103585,2,-7.9840,-0.4626,0.0425,1.2490,7.4989,0,1.0000,-998,1,46.6706,7.2135,-20.4762,-0.5027,-19.5637,0.000,0.000,1.000,0.0000,0.0000,0
2026-05-06,13:01:49,103618,2,-7.9840,-0.4966,0.0314,0.9228,7.5008,0,1.0000,-998,1,47.0214,9.4111,-20.1613,1.5317,-25.3790,0.000,0.000,1.000,0.0000,0.0000,0
2026-05-06,13:01:49,103653,2,-7.9840,-0.9152,0.0725,2.1328,7.5086,0,1.0000,-998,1,46.8548,-16.2646,-19.5733,11.2681,-46.7325,0.000,0.000,1.000,0.0000,0.0000,0
2026-05-06,13:01:49,103689,2,-7.9840,-0.9904,0.0623,1.8330,7.5155,0,1.0000,-998,1,46.0674,-19.1941,-18.9668,13.0438,-24.7582,0.048,0.000,1.000,0.0000,0.0000,0
2026-05-06,13:01:49,103725,2,-7.9840,-1.0764,0.0577,1.6980,7.5246,0,1.0000,-998,1,46.4156,15.7756,-18.7054,7.2613,5.6190,0.088,0.000,1.000,0.0000,0.0000,0
2026-05-06,13:01:50,103761,2,-7.9840,-0.7797,0.0718,2.1104,7.5317,0,1.0000,-998,1,46.7376,6.6267,-19.0526,-4.6075,3.4759,0.056,0.000,1.000,0.0000,0.0000,0
2026-05-06,13:01:50,103796,2,-7.9840,-0.7929,0.0778,2.2871,7.5370,0,1.0000,-998,1,46.9155,5.6435,-19.2623,-5.2032,-23.6653,0.024,0.000,1.000,0.0000,0.0000,0
2026-05-06,13:01:50,103831,2,-7.9840,-0.7083,0.0551,1.6195,7.5431,0,1.0000,-998,1,46.8723,-5.4216,-19.3005,-2.6348,-21.2089,0.000,0.000,1.000,0.0000,0.0000,0
2026-05-06,13:01:50,103867,2,-7.9840,-1.2395,0.0621,1.8266,7.5512,0,1.0000,-998,1,46.2828,-10.2393,-19.2916,-0.6800,-44.7052,0.000,0.000,1.000,0.0000,0.0000,0
2026-05-06,13:01:50,103902,2,-7.9840,-1.4803,0.0678,1.9936,7.5617,0,1.0000,-998,1,45.8855,-2.5063,-19.1860,1.8314,-51.0066,0.064,0.000,1.000,0.0000,0.0000,0
2026-05-06,13:01:50,103937,2,-7.9840,-1.6348,0.0761,2.2380,7.5743,0,1.0000,-998,1,45.8686,3.2020,-19.0913,2.3979,-62.6436,0.080,0.000,1.000,0.0000,0.0000,0
2026-05-06,13:01:50,103973,2,-7.9840,-2.0711,0.1019,2.9977,7.5896,0,1.0000,-998,1,46.5294,25.1881,-18.9159,4.0803,-79.6075,0.048,0.000,1.000,0.0000,0.0000,0
2026-05-06,13:01:50,104009,2,-7.9840,-2.0840,0.0762,2.2422,7.6051,0,1.0000,-998,1,47.4016,24.6595,-18.7259,4.0519,-94.1288,0.016,0.000,1.000,0.0000,0.0000,0
2026-05-06,13:01:50,104045,2,-7.9840,-1.9442,0.0698,2.0518,7.6217,0,1.0000,-998,1,48.0646,24.7696,-18.8255,-1.2390,-73.8078,0.000,0.000,1.000,0.0000,0.0000,0
2026-05-06,13:01:50,104081,2,-7.9840,-1.6542,0.0571,1.6780,7.6359,0,1.0000,-998,1,48.8494,24.7715,-18.9428,-2.7791,-63.8958,0.000,0.000,1.000,0.0000,0.0000,0
2026-05-06,13:01:50,104116,2,-7.9840,-1.0738,0.0711,2.0910,7.6466,0,1.0000,-998,1,49.4341,21.9658,-19.0182,-2.3772,-80.7581,0.000,0.000,1.000,0.0000,0.0000,0
2026-05-06,13:01:50,104152,2,-7.9840,-1.1360,0.0380,1.1190,7.6542,0,1.0000,-998,1,49.6748,5.5140,-19.0375,-1.2938,-81.1984,0.000,0.000,1.000,0.0000,0.0000,0
2026-05-06,13:01:50,104187,2,-7.9840,-1.2027,0.0643,1.8910,7.6634,0,1.0000,-998,1,50.1056,13.2278,-19.0246,-0.3837,-76.5534,0.000,0.000,1.000,0.0000,0.0000,0
2026-05-06,13:01:50,104222,2,-7.9840,-1.4391,0.0693,2.0379,7.6734,0,1.0000,-998,1,48.7622,-37.2726,-19.0854,-1.7179,-91.5625,0.000,0.000,1.000,0.0000,0.0000,0
2026-05-06,13:01:50,104258,2,0.0000,-1.3691,0.0419,1.2319,7.6845,0,1.0000,0,1,48.9942,18.2639,-19.0909,-0.7558,-76.7815,0.040,0.000,1.000,0.0000,0.0000,0
2026-05-06,13:01:50,104294,2,0.0000,0.0182,0.0732,2.1541,7.6875,0,1.0000,0,1,50.6182,44.0003,-19.0905,-0.3734,-59.8344,0.008,0.000,1.000,0.0000,0.0000,0
2026-05-06,13:01:50,104329,2,0.0000,0.0877,0.0617,1.8153,7.6870,0,1.0000,0,1,50.5819,-3.6813,-19.1499,-1.3554,-77.2346,0.000,0.000,1.000,0.0000,0.0000,0
2026-05-06,13:01:50,104364,2,0.0000,0.0251,0.0547,1.6091,7.6866,0,1.0000,0,1,51.2679,31.0368,-19.1534,-0.3539,-64.7685,0.000,0.000,1.000,0.0000,0.0000,0
2026-05-06,13:01:50,104400,2,0.0000,-0.0003,0.0561,1.6501,7.6866,0,1.0000,0,1,52.2619,22.3384,-19.1464,-0.0883,-56.0849,0.000,0.000,1.000,0.0000,0.0000,0
2026-05-06,13:01:50,104435,2,0.0000,-0.1056,0.0690,2.0300,7.6869,0,1.0000,0,1,51.9024,-12.5207,-19.1383,-0.0747,-74.2347,0.000,0.000,1.000,0.0000,0.0000,0
2026-05-06,13:01:50,104470,2,0.0000,-0.0538,0.0830,2.4406,7.6878,0,1.0000,0,1,49.6324,-68.2941,-19.1547,-0.6429,-49.0267,0.032,0.000,1.000,0.0000,0.0000,0
2026-05-06,13:01:50,104505,2,0.0000,-0.1202,0.0993,2.9198,7.6885,0,1.0000,0,1,48.5230,-5.6424,-19.3489,-4.2255,-36.0199,0.096,0.000,1.000,0.0000,0.0000,0
2026-05-06,13:01:50,104546,2,0.0000,0.0011,0.1052,3.0949,7.6892,0,1.0000,0,1,49.3881,33.5522,-19.6445,-5.1850,-33.4478,0.144,0.000,1.000,0.0000,0.0000,0
2026-05-06,13:01:50,104582,2,0.0000,0.0054,0.1045,3.0727,7.6891,0,1.0000,0,1,50.9012,41.2243,-19.9380,-7.2889,-9.6275,0.112,0.000,1.000,0.0000,0.0000,0
2026-05-06,13:01:50,104617,2,0.0000,0.0461,0.1004,2.9519,7.6890,0,1.0000,0,1,52.0698,40.7313,-20.3400,-9.5366,-35.5047,0.080,0.000,1.000,0.0000,0.0000,0
2026-05-06,13:01:50,104652,2,0.0000,0.0718,0.0865,2.5440,7.6884,0,1.0000,0,1,53.5507,47.8632,-20.5574,-6.8360,-56.9124,0.048,0.000,1.000,0.0000,0.0000,0
2026-05-06,13:01:50,104687,2,0.0000,0.0078,0.0866,2.5482,7.6881,0,1.0000,0,1,54.6545,33.5641,-20.6339,-3.5308,-61.1279,0.016,0.000,1.000,0.0000,0.0000,0
2026-05-06,13:01:50,104722,2,0.0000,-0.0680,0.0928,2.7293,7.6884,0,1.0000,0,1,55.3223,22.9692,-20.8677,-6.1575,-26.0760,0.000,0.000,1.000,0.0000,0.0000,0
2026-05-06,13:01:51,104757,2,0.0000,-0.0663,0.1020,3.0001,7.6888,0,1.0000,0,1,55.1019,-8.7907,-21.5865,-15.7386,2.7395,0.000,0.000,1.000,0.0000,0.0000,0
2026-05-06,13:01:51,104792,2,0.0000,-0.1012,0.1108,3.2575,7.6893,0,1.0000,0,1,54.3337,-11.0096,-22.3286,-18.0566,-26.0371,0.000,0.000,1.000,0.0000,0.0000,0
2026-05-06,13:01:51,104827,2,0.0000,-0.0010,0.1110,3.2654,7.6895,0,1.0000,0,1,55.4977,41.1558,-22.9157,-16.1017,-50.2561,0.000,0.000,1.000,0.0000,0.0000,0
2026-05-06,13:01:51,104863,2,0.0000,0.0073,0.1095,3.2199,7.6894,0,1.0000,0,0,56.7849,39.2957,-23.2727,-10.4119,-70.5112,0.000,0.000,1.000,0.0000,0.0000,0
2026-05-06,13:01:51,104899,2,0.0000,0.1471,0.0936,2.7528,7.6889,0,1.0000,0,0,57.6446,29.1799,-23.4377,-5.7233,-87.5653,0.000,0.000,1.000,0.0000,0.0000,0
2026-05-06,13:01:51,104934,2,0.0000,0.3004,0.0550,1.6162,7.6873,0,1.0000,0,0,59.1354,50.5395,-23.6126,-4.1891,-101.9557,0.000,0.000,1.000,0.0000,0.0000,0
2026-05-06,13:01:51,104969,2,0.0000,0.1718,0.0331,0.9747,7.6858,0,1.0000,0,0,61.1603,57.4116,-23.5933,-0.1462,-113.5437,0.000,0.000,1.000,0.0000,0.0000,0
2026-05-06,13:01:51,105004,2,0.0000,0.0861,0.0207,0.6083,7.6848,0,1.0000,0,0,62.5993,37.1144,-23.4336,3.6753,-123.4441,0.000,0.000,1.000,0.0000,0.0000,0
2026-05-06,13:01:51,105039,2,0.0000,-0.0014,0.0234,0.6883,7.6848,0,1.0000,0,0,63.0945,3.4862,-23.2780,4.2536,-117.8466,0.000,0.000,1.000,0.0000,0.0000,0
2026-05-06,13:01:51,105074,2,0.0000,-0.2138,0.0490,1.4425,7.6856,0,1.0000,0,0,61.6468,-54.4703,-23.8769,-11.2367,-76.9570,0.000,0.000,1.000,0.0000,0.0000,0
2026-05-06,13:01:51,105109,2,0.0000,-0.3922,0.1222,3.5952,7.6890,0,1.0000,0,0,55.6278,-183.2503,-26.2562,-48.4396,-45.8853,0.064,0.000,1.000,0.0000,0.0000,0
2026-05-06,13:01:51,105144,2,0.0000,0.0136,0.1194,3.5113,7.6899,0,1.0000,0,0,53.5663,-8.1200,-28.7716,-57.5954,-54.0256,0.128,0.000,1.000,0.0000,0.0000,0
2026-05-06,13:01:51,105180,2,0.0000,0.1847,0.0920,2.7072,7.6890,0,1.0000,0,0,57.1667,105.3306,-29.3814,-24.2554,-68.6309,0.168,0.000,1.000,0.0000,0.0000,0
2026-05-06,13:01:51,105215,2,0.0000,0.2111,0.0551,1.6218,7.6870,0,1.0000,0,0,60.8436,98.1733,-28.2168,15.6918,-82.7473,0.136,0.000,1.000,0.0000,0.0000,0
2026-05-06,13:01:51,105250,2,0.0000,0.0050,0.0631,1.8545,7.6869,0,1.0000,0,0,62.0040,21.0096,-26.9942,27.8066,-63.3067,0.104,0.000,1.000,0.0000,0.0000,0
2026-05-06,13:01:51,105285,2,0.0000,0.0055,0.0642,1.8875,7.6869,0,1.0000,0,0,61.8794,1.6620,-26.5461,16.2542,-45.7031,0.072,0.000,1.000,0.0000,0.0000,0
2026-05-06,13:01:51,105321,2,0.0000,0.0091,0.0609,1.7904,7.6869,0,1.0000,0,0,61.5672,-14.4245,-26.7043,2.2892,-13.0450,0.040,0.000,1.000,0.0000,0.0000,0
2026-05-06,13:01:51,105356,2,0.0000,0.0171,0.0620,1.8228,7.6869,0,1.0000,0,0,61.1884,-9.4367,-26.9580,-4.3530,-18.7071,0.008,0.000,1.000,0.0000,0.0000,0
2026-05-06,13:01:51,105392,2,0.0000,0.0282,0.0578,1.7012,7.6867,0,1.0000,0,0,61.2841,1.5021,-27.1216,-4.6144,-27.9586,0.000,0.000,1.000,0.0000,0.0000,0
2026-05-06,13:01:51,105427,2,0.0000,0.0168,0.0549,1.6138,7.6865,0,1.0000,0,0,61.0592,-8.1455,-27.2633,-4.6108,2.3779,0.000,0.000,1.000,0.0000,0.0000,0
2026-05-06,13:01:51,105461,2,0.0000,0.0514,0.0491,1.4432,7.6863,0,1.0000,0,0,61.2565,-2.3645,-27.2998,-3.8524,2.1966,0.000,0.000,1.000,0.0000,0.0000,0
2026-05-06,13:01:51,105496,2,0.0000,0.1598,0.0247,0.7278,7.6853,0,1.0000,0,0,61.8433,13.5858,-27.3631,-2.4375,-10.4384,0.000,0.000,1.000,0.0000,0.0000,0
2026-05-06,13:01:51,105531,2,0.0000,0.0017,0.0212,0.6234,7.6847,0,1.0000,0,0,62.3196,12.0903,-27.3584,-0.7556,17.2969,0.000,0.000,1.000,0.0000,0.0000,0
2026-05-06,13:01:51,105566,2,0.0000,0.0115,0.0194,0.5717,7.6846,0,1.0000,0,0,62.9370,14.7423,-27.3326,0.1974,-11.8580,0.000,0.000,1.000,0.0000,0.0000,0
2026-05-06,13:01:51,105602,2,0.0000,-0.0029,0.0198,0.5823,7.6846,0,1.0000,0,0,63.1074,-3.7870,-27.3030,0.6416,-22.5925,0.000,0.000,1.000,0.0000,0.0000,0
2026-05-06,13:01:51,105637,2,0.0000,-0.0363,0.0245,0.7204,7.6847,0,1.0000,0,0,62.1839,-35.1175,-27.3242,-0.4116,6.9710,0.000,0.000,1.000,0.0000,0.0000,0
2026-05-06,13:01:51,105672,2,0.0000,-0.0761,0.0350,1.0287,7.6852,0,1.0000,0,0,61.1840,-33.9393,-27.8452,-10.9301,30.7688,0.048,0.000,1.000,0.0000,0.0000,0
2026-05-06,13:01:51,105707,2,0.0000,-0.2297,0.0649,1.9099,7.6864,0,1.0000,0,0,60.1215,-34.2124,-29.0574,-25.6949,49.8587,0.112,0.000,1.000,0.0000,0.0000,0
2026-05-06,13:01:51,105742,2,0.0000,-0.1085,0.0829,2.4395,7.6877,0,1.0000,0,0,59.0033,-36.9212,-30.3265,-30.4352,52.1224,0.176,0.000,1.000,0.0000,0.0000,0
2026-05-06,13:01:52,105777,2,0.0000,-0.1034,0.0946,2.7814,7.6883,0,1.0000,0,0,57.8969,-29.5285,-30.7920,-15.7744,17.7190,0.240,0.000,1.000,0.0000,0.0000,0
2026-05-06,13:01:52,105812,2,0.0000,0.0122,0.0941,2.7662,7.6888,0,1.0000,0,0,57.4317,-15.4325,-30.2553,5.8387,-10.6573,0.304,0.000,1.000,0.0000,0.0000,0
2026-05-06,13:01:52,105847,2,0.0000,0.0086,0.0971,2.8549,7.6887,0,1.0000,0,0,57.3603,0.3673,-29.8209,9.8859,17.4150,0.368,0.000,1.000,0.0000,0.0000,0
2026-05-06,13:01:52,105882,2,0.0000,-0.0249,0.0985,2.8976,7.6887,0,1.0000,0,0,57.4047,-4.4295,-29.7118,5.6430,6.9160,0.432,0.000,1.000,0.0000,0.0000,0
2026-05-06,13:01:52,105917,2,0.0000,-0.1289,0.1151,3.3864,7.6894,0,1.0000,0,0,56.1836,-36.7271,-29.6458,3.1728,-13.8593,0.496,0.000,1.000,0.0000,0.0000,0
2026-05-06,13:01:52,105952,2,0.0000,0.0046,0.1146,3.3693,7.6897,0,1.0000,0,0,55.3394,-15.9475,-29.5977,2.1814,14.8827,0.560,0.000,1.000,0.0000,0.0000,0
2026-05-06,13:01:52,105987,2,0.0000,-0.0035,0.1160,3.4119,7.6897,0,1.0000,0,0,56.0756,24.9990,-29.6713,-0.8660,39.0057,0.600,0.000,1.000,0.0000,0.0000,0
2026-05-06,13:01:52,106023,2,0.0000,-0.0529,0.1218,3.5809,7.6899,0,1.0000,0,0,56.3435,3.0632,-29.8354,-2.9659,59.3269,0.568,0.000,1.000,0.0000,0.0000,0
2026-05-06,13:01:52,106058,2,0.0000,-0.0419,0.1274,3.7478,7.6902,0,1.0000,0,0,55.6937,-17.0838,-30.1065,-5.7962,76.2376,0.536,0.000,1.000,0.0000,0.0000,0
2026-05-06,13:01:52,106093,2,0.0000,0.0064,0.1265,3.7211,7.6903,0,1.0000,0,0,55.9648,20.1433,-30.3977,-6.2465,50.0048,0.552,0.000,1.000,0.0000,0.0000,0
2026-05-06,13:01:52,106128,2,0.0000,0.0468,0.1159,3.4099,7.6899,0,1.0000,0,0,56.7612,25.0838,-30.2488,2.0661,15.8071,0.520,0.000,1.000,0.0000,0.0000,0
2026-05-06,13:01:52,106163,2,0.0000,0.0012,0.1120,3.2946,7.6895,0,1.0000,0,0,57.4358,21.9324,-29.9736,6.0362,-0.5739,0.488,0.000,1.000,0.0000,0.0000,0
2026-05-06,13:01:52,106199,2,0.0000,-0.0030,0.1119,3.2912,7.6896,0,1.0000,0,0,57.8278,11.0528,-29.8308,5.0072,-13.2632,0.456,0.000,1.000,0.0000,0.0000,0
2026-05-06,13:01:52,106234,2,0.0000,-0.0202,0.1164,3.4226,7.6897,0,1.0000,0,0,57.0362,-27.0135,-29.8380,1.5612,14.9647,0.424,0.000,1.000,0.0000,0.0000,0
2026-05-06,13:01:52,106270,2,0.0000,-0.1358,0.1342,3.9461,7.6904,0,1.0000,0,0,55.8426,-21.7822,-30.0180,-2.4410,24.7231,0.464,0.000,1.000,0.0000,0.0000,0
2026-05-06,13:01:52,106306,2,0.0000,-0.1093,0.1553,4.5683,7.6915,0,1.0000,0,0,56.9078,39.5314,-29.9949,0.4458,-5.5902,0.480,0.000,1.000,0.0000,0.0000,0
2026-05-06,13:01:52,106341,2,0.0000,0.0532,0.1431,4.2084,7.6914,0,1.0000,0,0,57.9888,37.2940,-29.7736,4.7117,-31.2762,0.448,0.000,1.000,0.0000,0.0000,0
2026-05-06,13:01:52,106381,2,0.0000,0.3225,0.1034,3.0417,7.6899,0,1.0000,0,0,58.6420,29.8199,-29.6473,4.8005,-15.0868,0.424,0.000,1.000,0.0000,0.0000,0
2026-05-06,13:01:52,106416,2,0.0000,0.1727,0.0769,2.2611,7.6881,0,1.0000,0,0,59.6279,30.0837,-29.4753,4.9279,-20.6388,0.392,0.000,1.000,0.0000,0.0000,0
2026-05-06,13:01:52,106451,2,0.0000,-0.0350,0.0785,2.3080,7.6877,0,1.0000,0,0,60.6057,32.5885,-29.4867,1.1835,-30.1948,0.360,0.000,1.000,0.0000,0.0000,0
2026-05-06,13:01:52,106486,2,0.0000,-0.1922,0.1024,3.0123,7.6886,0,1.0000,0,0,60.8941,3.4258,-29.5959,-1.7654,-6.3498,0.328,0.000,1.000,0.0000,0.0000,0
2026-05-06,13:01:52,106521,2,0.0000,-0.0236,0.1122,3.3001,7.6895,0,1.0000,0,0,60.6128,-2.4717,-29.7190,-3.1471,-5.1514,0.296,0.000,1.000,0.0000,0.0000,0
2026-05-06,13:01:52,106556,2,0.0000,0.0283,0.1087,3.1959,7.6894,0,1.0000,0,0,61.3457,26.8536,-29.7553,-1.3028,-30.9274,0.264,0.000,1.000,0.0000,0.0000,0
2026-05-06,13:01:52,106591,2,0.0000,0.2119,0.0753,2.2157,7.6882,0,1.0000,0,0,61.9071,18.1791,-29.7048,0.3728,0.1905,0.232,0.000,1.000,0.0000,0.0000,0
2026-05-06,13:01:52,106626,2,0.0000,-0.0190,0.0742,2.1815,7.6874,0,1.0000,0,0,62.4485,16.7775,-29.7148,-0.1179,-13.8902,0.200,0.000,1.000,0.0000,0.0000,0
2026-05-06,13:01:52,106661,2,0.0000,-0.0448,0.0781,2.2957,7.6876,0,1.0000,0,0,62.8405,7.6819,-29.7483,-0.8849,-17.5717,0.168,0.000,1.000,0.0000,0.0000,0
2026-05-06,13:01:52,106696,2,0.0000,-0.2692,0.1170,3.4423,7.6890,0,1.0000,0,0,61.5423,-46.1320,-29.9431,-4.2156,11.0413,0.136,0.000,1.000,0.0000,0.0000,0
2026-05-06,13:01:52,106731,2,0.0000,-0.0976,0.1324,3.8934,7.6903,0,1.0000,0,0,59.7623,-32.3849,-30.3237,-8.8176,34.8287,0.200,0.000,1.000,0.0000,0.0000,0
2026-05-06,13:01:53,106766,2,0.0000,-0.1691,0.1540,4.5303,7.6913,0,1.0000,0,0,61.6072,50.0792,-30.8156,-11.1574,40.1272,0.216,0.000,1.000,0.0000,0.0000,0
2026-05-06,13:01:53,106801,2,0.0000,0.0166,0.1486,4.3707,7.6915,0,1.0000,0,0,62.4496,26.6329,-31.0125,-5.8728,24.8329,0.184,0.000,1.000,0.0000,0.0000,0
2026-05-06,13:01:53,106836,2,0.0000,0.1974,0.1269,3.7310,7.6908,0,1.0000,0,0,63.1708,24.6506,-30.8747,2.1662,-6.0848,0.152,0.000,1.000,0.0000,0.0000,0
2026-05-06,13:01:53,106871,2,0.0000,0.1114,0.1033,3.0387,7.6893,0,1.0000,0,0,64.2153,34.2513,-30.5484,7.8375,-32.2433,0.120,0.000,1.000,0.0000,0.0000,0
2026-05-06,13:01:53,106906,2,0.0000,-0.0466,0.1123,3.3021,7.6894,0,1.0000,0,0,64.8366,17.1005,-30.3674,6.5481,-1.6019,0.088,0.000,1.000,0.0000,0.0000,0
2026-05-06,13:01:53,106941,2,0.0000,-0.0398,0.1192,3.5061,7.6898,0,1.0000,0,0,64.5293,-10.7250,-30.4287,1.3964,24.3616,0.056,0.000,1.000,0.0000,0.0000,0
2026-05-06,13:01:53,106976,2,0.0000,-0.0011,0.1201,3.5328,7.6900,0,1.0000,0,0,63.8506,-11.3875,-30.6255,-2.2401,11.8700,0.024,0.000,1.000,0.0000,0.0000,0
2026-05-06,13:01:53,107011,2,0.0000,0.0144,0.1212,3.5656,7.6901,0,1.0000,0,0,64.8193,37.3005,-30.6667,-0.5130,9.5040,0.000,0.000,1.000,0.0000,0.0000,0
2026-05-06,13:01:53,107046,2,0.0000,0.0267,0.1192,3.5069,7.6900,0,1.0000,0,0,65.5001,24.4949,-30.6094,1.9744,-19.4381,0.000,0.000,1.000,0.0000,0.0000,0
2026-05-06,13:01:53,107081,2,0.0000,0.0366,0.1174,3.4535,7.6898,0,1.0000,0,0,66.2645,25.7441,-30.5278,2.8936,-30.2583,0.000,0.000,1.000,0.0000,0.0000,0
2026-05-06,13:01:53,107116,2,0.0000,0.0370,0.1082,3.1834,7.6895,0,1.0000,0,0,66.9413,20.7986,-30.5066,1.9660,-12.4692,0.000,0.000,1.000,0.0000,0.0000,0
2026-05-06,13:01:53,107152,2,0.0000,0.0241,0.1064,3.1297,7.6893,0,1.0000,0,0,67.4229,14.6258,-30.5914,-0.2083,0.9076,0.000,0.000,1.000,0.0000,0.0000,0
2026-05-06,13:01:53,107187,2,0.0000,0.0056,0.1082,3.1826,7.6894,0,1.0000,0,0,67.8760,13.5316,-30.6706,-0.8878,5.9076,0.000,0.000,1.000,0.0000,0.0000,0
2026-05-06,13:01:53,107223,2,0.0000,0.0074,0.1096,3.2230,7.6894,0,1.0000,0,0,68.0862,7.0715,-30.7382,-0.5631,17.6344,0.000,0.000,1.000,0.0000,0.0000,0
2026-05-06,13:01:53,107258,2,0.0000,0.0008,0.1077,3.1680,7.6893,0,1.0000,0,0,68.4132,10.3654,-30.8043,-0.2447,-0.5177,0.000,0.000,1.000,0.0000,0.0000,0
2026-05-06,13:01:53,107297,2,0.0000,0.0299,0.1047,3.0793,7.6892,0,1.0000,0,0,68.5451,6.4804,-31.0338,-0.0649,-15.5901,0.000,0.000,1.000,0.0000,0.0000,0
2026-05-06,13:01:53,107333,2,0.0000,0.1054,0.0909,2.6737,7.6886,0,1.0000,0,0,68.6911,5.6461,-30.8351,4.9614,-40.5710,0.000,0.000,1.000,0.0000,0.0000,0
2026-05-06,13:01:53,107368,2,0.0000,0.2024,0.0568,1.6699,7.6871,0,1.0000,0,0,69.2171,18.1368,-30.5490,7.8367,-61.1245,0.000,0.000,1.000,0.0000,0.0000,0
2026-05-06,13:01:53,107403,2,0.0000,0.1067,0.0462,1.3586,7.6863,0,1.0000,0,0,70.1548,27.6705,-30.2435,8.8615,-57.7097,0.000,0.000,1.000,0.0000,0.0000,0
2026-05-06,13:01:53,107438,2,0.0000,0.0668,0.0382,1.1249,7.6857,0,1.0000,0,0,70.7643,13.8244,-30.0421,6.9470,-22.5547,0.000,0.000,1.000,0.0000,0.0000,0
2026-05-06,13:01:53,107473,2,0.0000,0.0410,0.0311,0.9156,7.6853,0,1.0000,0,0,70.7308,-2.6154,-29.8844,5.6029,-39.7693,0.000,0.000,1.000,0.0000,0.0000,0
2026-05-06,13:01:53,107508,2,0.0000,0.0222,0.0297,0.8736,7.6852,0,1.0000,0,0,70.5475,-6.1728,-29.7863,3.7936,-39.7591,0.000,0.000,1.000,0.0000,0.0000,0
2026-05-06,13:01:53,107544,2,0.0000,-0.0141,0.0316,0.9300,7.6852,0,1.0000,0,0,70.2985,-9.5244,-29.7542,1.8865,-7.2723,0.000,0.000,1.000,0.0000,0.0000,0
2026-05-06,13:01:53,107579,2,0.0000,0.0113,0.0293,0.8630,7.6852,0,1.0000,0,0,69.8964,-13.4655,-29.7233,1.4154,-7.2463,0.032,0.000,1.000,0.0000,0.0000,0
2026-05-06,13:01:53,107614,2,0.0000,-0.0117,0.0323,0.9497,7.6852,0,1.0000,0,0,69.6155,-8.5957,-29.6204,2.7656,-18.8572,0.096,0.000,1.000,0.0000,0.0000,0
2026-05-06,13:01:53,107649,2,0.0000,0.0030,0.0305,0.8980,7.6852,0,1.0000,0,0,69.4989,-4.1630,-29.5215,2.9081,10.4995,0.160,0.000,1.000,0.0000,0.0000,0
2026-05-06,13:01:53,107684,2,0.0000,-0.0139,0.0331,0.9729,7.6853,0,1.0000,0,0,69.4799,-0.9474,-29.4554,2.4369,-5.3236,0.200,0.000,1.000,0.0000,0.0000,0
2026-05-06,13:01:53,107719,2,0.0000,0.0327,0.0290,0.8523,7.6852,0,1.0000,0,0,69.7794,9.0307,-29.3522,2.9392,-3.4719,0.168,0.000,1.000,0.0000,0.0000,0
2026-05-06,13:01:53,107754,2,0.0000,-0.0038,0.0301,0.8863,7.6851,0,1.0000,0,0,70.5931,20.4942,-29.2833,2.3404,23.7105,0.136,0.000,1.000,0.0000,0.0000,0
2026-05-06,13:01:54,107789,2,0.0000,-0.0245,0.0332,0.9755,7.6852,0,1.0000,0,0,70.7270,-3.5938,-29.2014,2.5203,6.3992,0.104,0.000,1.000,0.0000,0.0000,0
2026-05-06,13:01:54,107824,2,0.0000,-0.0175,0.0339,0.9964,7.6854,0,1.0000,0,0,70.0659,-24.8718,-29.1736,1.0330,18.4784,0.096,0.000,1.000,0.0000,0.0000,0
2026-05-06,13:01:54,107859,2,0.0000,-0.0702,0.0434,1.2777,7.6856,0,1.0000,0,0,69.4144,-18.0670,-29.2230,-0.6409,42.3947,0.160,0.000,1.000,0.0000,0.0000,0
2026-05-06,13:01:54,107894,2,0.0000,-0.0730,0.0527,1.5506,7.6861,0,1.0000,0,0,68.6811,-25.6397,-29.2674,-1.1848,49.9081,0.224,0.000,1.000,0.0000,0.0000,0
2026-05-06,13:01:54,107929,2,0.0000,-0.1588,0.0758,2.2282,7.6872,0,1.0000,0,0,67.9640,-21.5524,-29.3445,-2.2111,48.8898,0.288,0.000,1.000,0.0000,0.0000,0
2026-05-06,13:01:54,107964,2,0.0000,-0.0671,0.0782,2.2993,7.6876,0,1.0000,0,0,67.5000,-15.4483,-29.5399,-5.0559,28.7430,0.352,0.000,1.000,0.0000,0.0000,0
2026-05-06,13:01:54,107999,2,0.0000,0.0035,0.0776,2.2817,7.6877,0,1.0000,0,0,66.7422,-26.1129,-29.7657,-6.5812,51.0920,0.416,0.000,1.000,0.0000,0.0000,0
2026-05-06,13:01:54,108034,2,0.0000,0.1873,0.0542,1.5950,7.6870,0,1.0000,0,0,66.4790,-2.9951,-30.0058,-7.1082,29.1931,0.480,0.000,1.000,0.0000,0.0000,0
2026-05-06,13:01:54,108069,2,0.0000,0.4124,0.0012,0.0360,7.6843,0,1.0000,0,0,67.5207,31.3418,-30.1162,-4.6232,18.9225,0.496,0.000,0.998,0.0000,0.0000,0
2026-05-06,13:01:54,108104,2,0.0000,-0.0330,0.0026,0.0752,7.6838,0,1.0000,0,0,68.6800,27.5404,-30.1448,-2.3176,42.4706,0.464,0.000,0.995,0.0000,0.0000,0
2026-05-06,13:01:54,108139,2,0.0000,-0.0242,0.0077,0.2272,7.6839,0,1.0000,0,0,68.8576,-3.9474,-30.1539,-1.0441,48.5560,0.432,0.000,0.992,0.0000,0.0000,0
2026-05-06,13:01:54,108174,2,0.0000,-0.0844,0.0177,0.5216,7.6843,0,1.0000,0,0,68.3839,-23.9087,-30.1714,-0.8564,21.6276,0.400,0.000,1.000,0.0000,0.0000,0
2026-05-06,13:01:54,108214,2,0.0000,-0.8167,0.1218,3.5837,7.6879,0,1.0000,0,0,68.1095,-9.6307,-29.9400,1.9540,20.3540,0.424,0.000,1.000,0.0000,0.0000,0
2026-05-06,13:01:54,108249,2,0.0000,-0.0907,0.1282,3.7702,7.6902,0,1.0000,0,0,67.1680,-26.5095,-30.2123,-5.6152,21.7442,0.488,0.000,1.000,0.0000,0.0000,0
2026-05-06,13:01:54,108284,2,0.0000,-0.3768,0.1651,4.8557,7.6913,0,1.0000,0,0,65.8515,-60.2281,-30.4470,-6.7313,4.6539,0.552,0.000,1.000,0.0000,0.0000,0
2026-05-06,13:01:54,108319,2,0.0000,0.0110,0.1647,4.8434,7.6924,0,1.0000,0,0,64.8389,-27.8112,-30.4552,-2.4864,-7.5350,0.616,0.000,1.000,0.0000,0.0000,0
2026-05-06,13:01:54,108356,2,0.0000,0.1983,0.1444,4.2484,7.6917,0,1.0000,0,0,64.7343,-12.5922,-30.7533,-7.8680,18.7779,0.680,0.000,1.000,0.0000,0.0000,0
2026-05-06,13:01:54,108391,2,0.0000,0.3017,0.0903,2.6558,7.6891,0,1.0000,0,0,64.6898,-20.1375,-31.2245,-12.5251,-10.6742,0.744,0.000,1.000,0.0000,0.0000,0
2026-05-06,13:01:54,108426,2,0.0000,-0.0736,0.1033,3.0393,7.6889,0,1.0000,0,0,63.4983,-32.0261,-31.7945,-15.3050,-2.1611,0.808,0.000,1.000,0.0000,0.0000,0
2026-05-06,13:01:54,108461,2,0.0000,-0.1085,0.1297,3.8155,7.6903,0,1.0000,0,0,62.1468,-44.7206,-32.3287,-16.8578,22.2915,0.872,0.000,1.000,0.0000,0.0000,0
2026-05-06,13:01:54,108496,2,0.0000,-0.1662,0.1512,4.4474,7.6912,0,1.0000,0,0,61.1394,-44.1015,-34.0579,-37.9821,21.6874,0.936,0.000,1.000,0.0000,0.0000,0
2026-05-06,13:01:54,108531,2,0.0000,0.0414,0.1561,4.5907,7.6920,0,1.0000,0,0,59.2245,-68.9086,-35.2161,-30.9144,-8.8192,1.000,0.000,1.000,0.0000,0.0000,0
2026-05-06,13:01:54,108566,2,0.0000,0.0157,0.1576,4.6354,7.6919,0,1.0000,0,0,57.9635,-36.6263,-34.8063,-1.1250,-12.9043,1.000,0.000,1.000,0.0000,0.0000,0
2026-05-06,13:01:54,108601,2,0.0000,-0.0006,0.1558,4.5836,7.6919,0,1.0000,0,0,57.4534,-24.6058,-34.4852,5.4707,-12.2692,1.000,0.000,1.000,0.0000,0.0000,0
2026-05-06,13:01:54,108636,2,0.0000,0.0290,0.1518,4.4660,7.6919,0,1.0000,0,0,56.2650,-42.3438,-34.2787,5.9729,16.1282,1.000,0.000,1.000,0.0000,0.0000,0
2026-05-06,13:01:54,108671,2,0.0000,0.0013,0.1540,4.5286,7.6918,0,1.0000,0,0,55.6778,-22.9145,-34.2803,1.7289,39.8076,1.000,0.000,1.000,0.0000,0.0000,0
2026-05-06,13:01:54,108706,2,0.0000,-0.0206,0.1553,4.5681,7.6918,0,1.0000,0,0,55.0926,-23.3764,-34.8764,-10.9854,58.9927,1.000,0.000,1.000,0.0000,0.0000,0
2026-05-06,13:01:54,108741,2,0.0000,-0.0543,0.1619,4.7620,7.6922,0,1.0000,0,0,54.1937,-36.3764,-35.7856,-19.4159,75.2455,1.000,0.000,1.000,0.0000,0.0000,0
2026-05-06,13:01:55,108776,2,0.0000,0.0068,0.1609,4.7314,7.6922,0,1.0000,0,0,52.7376,-53.7666,-36.2543,-13.3894,36.8005,1.000,0.000,1.000,0.0000,0.0000,0
2026-05-06,13:01:55,108811,2,0.0000,0.0428,0.1562,4.5935,7.6920,0,1.0000,0,0,51.3931,-39.5228,-36.2267,-2.8050,4.8315,1.000,0.000,1.000,0.0000,0.0000,0
2026-05-06,13:01:55,108846,2,0.0000,0.0032,0.1573,4.6256,7.6920,0,1.0000,0,0,51.0769,-11.3113,-35.9981,3.0087,23.8077,1.000,0.000,1.000,0.0000,0.0000,0
2026-05-06,13:01:55,108881,2,0.0000,-0.0026,0.1569,4.6140,7.6919,0,1.0000,0,0,50.5511,-25.4684,-36.4880,-9.2499,45.5230,1.000,0.000,1.000,0.0000,0.0000,0
2026-05-06,13:01:55,108916,2,0.0000,-0.0240,0.1575,4.6312,7.6919,0,1.0000,0,0,49.8980,-20.9920,-37.4172,-18.7110,23.6670,1.000,0.000,1.000,0.0000,0.0000,0
2026-05-06,13:01:55,108951,2,0.0000,-0.0019,0.1577,4.6387,7.6919,0,1.0000,0,0,48.9448,-37.6414,-37.4515,-5.0084,7.2687,1.000,0.000,1.000,0.0000,0.0000,0
2026-05-06,13:01:55,108987,2,0.0000,0.0129,0.1541,4.5335,7.6919,0,1.0000,0,0,47.8305,-40.3711,-37.4741,-2.6360,32.3327,1.000,0.000,1.000,0.0000,0.0000,0
2026-05-06,13:01:55,109022,2,0.0000,0.0275,0.1533,4.5091,7.6918,0,1.0000,0,0,47.0082,-26.9176,-37.9735,-9.4450,32.4817,1.000,0.000,1.000,0.0000,0.0000,0
2026-05-06,13:01:55,109057,2,0.0000,0.0052,0.1533,4.5076,7.6918,0,1.0000,0,0,46.4388,-22.1370,-38.1062,-4.8135,28.2918,1.000,0.000,1.000,0.0000,0.0000,0
2026-05-06,13:01:55,109092,2,0.0000,-0.0135,0.1557,4.5786,7.6918,0,1.0000,0,0,45.8885,-23.0189,-38.4359,-8.2347,49.8076,1.000,0.000,1.000,0.0000,0.0000,0
2026-05-06,13:01:55,109132,2,0.0000,0.0021,0.1555,4.5738,7.6919,0,1.0000,0,0,46.0442,-26.1629,-39.1776,-9.9894,38.0556,1.000,0.000,1.000,0.0000,0.0000,0
2026-05-06,13:01:55,109167,2,0.0000,-0.0048,0.1545,4.5444,7.6918,0,1.0000,0,0,44.6408,-40.1170,-39.2539,-4.2009,5.4149,1.000,0.000,1.000,0.0000,0.0000,0
2026-05-06,13:01:55,109202,2,0.0000,-0.0109,0.1552,4.5654,7.6918,0,1.0000,0,0,43.4758,-39.8644,-39.3736,-4.0456,30.6493,1.000,0.000,1.000,0.0000,0.0000,0
2026-05-06,13:01:55,109237,2,0.0000,-0.0057,0.1542,4.5359,7.6918,0,1.0000,0,0,42.2933,-41.9222,-40.0133,-13.4226,51.7211,1.000,0.000,1.000,0.0000,0.0000,0
2026-05-06,13:01:55,109273,2,0.0000,0.0114,0.1530,4.4992,7.6918,0,1.0000,0,0,40.9739,-43.8263,-40.7304,-16.1607,22.9324,1.000,0.000,1.000,0.0000,0.0000,0
2026-05-06,13:01:55,109308,2,0.0000,0.0259,0.1529,4.4977,7.6917,0,1.0000,0,0,40.0353,-31.4846,-40.7768,-5.2257,-0.0993,1.000,0.000,1.000,0.0000,0.0000,0
2026-05-06,13:01:55,109343,2,0.0000,0.0118,0.1530,4.5007,7.6916,0,1.0000,0,0,39.3375,-25.5373,-40.7687,-2.2577,26.1707,1.000,0.000,1.000,0.0000,0.0000,0
2026-05-06,13:01:55,109379,2,0.0000,0.0693,0.1394,4.0993,7.6912,0,1.0000,0,0,39.0764,-9.1794,-41.1518,-7.7845,48.2740,1.000,0.000,1.000,0.0000,0.0000,0
2026-05-06,13:01:55,109415,2,0.0000,0.2144,0.1098,3.2288,7.6900,0,1.0000,0,0,38.9772,-18.2491,-41.4762,-6.9787,26.4647,1.000,0.000,1.000,0.0000,0.0000,0
2026-05-06,13:01:55,109450,2,0.0000,-0.0092,0.1145,3.3680,7.6896,0,1.0000,0,0,37.6995,-42.0297,-41.5935,-4.9166,42.7850,1.000,0.000,1.000,0.0000,0.0000,0
2026-05-06,13:01:55,109486,2,0.0000,-0.0202,0.1164,3.4241,7.6897,0,1.0000,0,0,36.3039,-44.9891,-42.0952,-11.6068,62.4688,1.000,0.000,1.000,0.0000,0.0000,0
2026-05-06,13:01:55,109521,2,0.0000,0.0069,0.1163,3.4211,7.6898,0,1.0000,0,0,35.2620,-36.5037,-43.0172,-21.2840,79.0410,1.000,0.000,1.000,0.0000,0.0000,0
2026-05-06,13:01:55,109556,2,0.0000,0.0001,0.1152,3.3890,7.6898,0,1.0000,0,0,34.2480,-34.8393,-43.6216,-17.3069,46.4964,1.000,0.000,1.000,0.0000,0.0000,0
2026-05-06,13:01:55,109591,2,0.0000,0.0197,0.1138,3.3464,7.6897,0,1.0000,0,0,33.1103,-39.9954,-43.5847,-4.9606,40.5965,1.000,0.000,1.000,0.0000,0.0000,0
2026-05-06,13:01:55,109626,2,0.0000,0.0837,0.1002,2.9462,7.6891,0,1.0000,0,0,32.0383,-32.6349,-43.5768,-1.9597,61.0425,1.000,0.000,1.000,0.0000,0.0000,0
2026-05-06,13:01:55,109661,2,0.0000,0.0277,0.0926,2.7250,7.6886,0,1.0000,0,0,31.7312,-7.3305,-43.7637,-4.7858,78.4823,1.000,0.000,1.000,0.0000,0.0000,0
2026-05-06,13:01:55,109696,2,0.0000,-0.0228,0.0977,2.8727,7.6887,0,1.0000,0,0,31.7170,-9.7074,-44.4087,-15.2714,92.6403,1.000,0.000,1.000,0.0000,0.0000,0
2026-05-06,13:01:55,109731,2,0.0000,-0.0514,0.1069,3.1455,7.6891,0,1.0000,0,0,31.2209,-23.5950,-45.4863,-25.1828,104.4860,1.000,0.000,1.000,0.0000,0.0000,0
2026-05-06,13:01:56,109766,2,0.0000,0.0341,0.1028,3.0222,7.6891,0,1.0000,0,0,29.9124,-47.4724,-46.3861,-24.1748,61.8834,1.000,0.000,1.000,0.0000,0.0000,0
2026-05-06,13:01:56,109801,2,0.0000,0.1361,0.0823,2.4203,7.6883,0,1.0000,0,0,28.8274,-29.7973,-46.2803,-4.9369,47.2191,1.000,0.000,1.000,0.0000,0.0000,0
2026-05-06,13:01:56,109836,2,0.0000,0.1073,0.0634,1.8655,7.6872,0,1.0000,0,0,28.5900,-9.2510,-46.1367,0.0983,66.5983,1.000,0.000,1.000,0.0000,0.0000,0
2026-05-06,13:01:56,109871,2,0.0000,0.0019,0.0646,1.9002,7.6870,0,1.0000,0,0,28.2473,-14.4645,-46.3547,-4.8333,76.0876,1.000,0.000,1.000,0.0000,0.0000,0
2026-05-06,13:01:56,109906,2,0.0000,-0.0196,0.0653,1.9201,7.6871,0,1.0000,0,0,27.5559,-19.9193,-46.6157,-7.2049,91.3881,1.000,0.000,1.000,0.0000,0.0000,0
2026-05-06,13:01:56,109941,2,0.0000,-0.0723,0.0811,2.3851,7.6877,0,1.0000,0,0,27.7301,3.8574,-47.2088,-14.9054,103.6683,1.000,0.000,1.000,0.0000,0.0000,0
2026-05-06,13:01:56,109976,2,0.0000,-0.1033,0.0948,2.7879,7.6883,0,1.0000,0,0,27.8937,-4.1947,-48.4550,-29.1347,113.8698,1.000,0.000,1.000,0.0000,0.0000,0
2026-05-06,13:01:56,110011,2,0.0000,0.0109,0.0940,2.7634,7.6886,0,1.0000,0,0,26.8581,-38.7985,-49.2911,-23.8238,70.2311,1.000,0.000,1.000,0.0000,0.0000,0
2026-05-06,13:01:56,110047,2,0.0000,0.0341,0.0903,2.6560,7.6884,0,1.0000,0,0,26.4450,-23.2310,-49.1897,-15.3402,69.7569,1.000,0.000,1.000,0.0000,0.0000,0
2026-05-06,13:01:56,110082,2,0.0000,0.1146,0.0743,2.1855,7.6877,0,1.0000,0,0,25.8282,-19.0304,-49.2968,-8.6657,85.7265,1.000,0.000,1.000,0.0000,0.0000,0
2026-05-06,13:01:56,110117,2,0.0000,0.0324,0.0694,2.0426,7.6873,0,1.0000,0,0,25.2696,-19.8822,-49.6621,-10.7356,92.3735,1.000,0.000,1.000,0.0000,0.0000,0
2026-05-06,13:01:56,110152,2,0.0000,0.0223,0.0672,1.9765,7.6872,0,1.0000,0,0,24.4722,-26.3192,-50.0080,-10.9233,105.2036,1.000,0.000,1.000,0.0000,0.0000,0
2026-05-06,13:01:56,110187,2,0.0000,-0.0049,0.0698,2.0529,7.6871,0,1.0000,0,0,23.9410,-14.8573,-50.3989,-11.7279,115.9565,1.000,0.000,1.000,0.0000,0.0000,0
2026-05-06,13:01:56,110222,2,0.0000,-0.0088,0.0670,1.9708,7.6871,0,1.0000,0,0,23.9005,-1.5523,-50.6370,-8.7556,125.3552,1.000,0.000,1.000,0.0000,0.0000,0
2026-05-06,13:01:56,110257,2,0.0000,-0.0529,0.0717,2.1074,7.6873,0,1.0000,0,0,23.6907,-10.0313,-50.7743,-5.6502,133.1711,1.000,0.000,1.000,0.0000,0.0000,0
2026-05-06,13:01:56,110292,2,0.0000,-0.0208,0.0745,2.1903,7.6875,0,1.0000,0,0,23.3644,-12.0438,-50.8819,-4.3706,139.6427,1.000,0.000,1.000,0.0000,0.0000,0
2026-05-06,13:01:56,110328,2,0.0000,-0.0305,0.0783,2.3031,7.6876,0,1.0000,0,0,23.1288,-7.9838,-51.1902,-7.2148,124.2524,1.000,0.000,1.000,0.0000,0.0000,0
2026-05-06,13:01:56,110363,2,0.0000,0.0105,0.0765,2.2493,7.6876,0,1.0000,0,0,22.5842,-19.3509,-51.2409,-3.1043,113.1951,1.000,0.000,1.000,0.0000,0.0000,0
2026-05-06,13:01:56,110399,2,0.0000,0.0124,0.0746,2.1933,7.6876,0,1.0000,0,0,21.8483,-21.6159,-51.2475,-1.6951,122.8406,1.000,0.000,1.000,0.0000,0.0000,0
2026-05-06,13:01:56,110434,2,0.0000,0.0537,0.0654,1.9227,7.6873,0,1.0000,0,0,21.5150,-11.0897,-51.3413,-2.5552,131.1641,1.000,0.000,1.000,0.0000,0.0000,0
2026-05-06,13:01:56,110469,2,0.0000,0.0666,0.0591,1.7396,7.6868,0,1.0000,0,0,21.2078,-9.7622,-51.3389,-0.7200,138.1904,1.000,0.000,1.000,0.0000,0.0000,0
2026-05-06,13:01:56,110504,2,0.0000,0.0926,0.0443,1.3024,7.6862,0,1.0000,0,0,21.1328,-0.2782,-51.3401,-0.6459,144.1444,1.000,0.000,1.000,0.0000,0.0000,0
2026-05-06,13:01:56,110539,2,0.0000,-0.0014,0.0415,1.2198,7.6859,0,1.0000,0,0,21.2892,3.0569,-51.3566,-0.5551,149.2397,0.984,0.000,1.000,0.0000,0.0000,0
2026-05-06,13:01:56,110574,2,0.0000,-0.0319,0.0465,1.3663,7.6860,0,1.0000,0,0,21.0498,-8.1977,-51.3226,0.5322,153.5036,0.952,0.000,1.000,0.0000,0.0000,0
2026-05-06,13:01:56,110610,2,0.0000,-0.0903,0.0618,1.8173,7.6866,0,1.0000,0,0,20.8825,-5.2540,-51.2613,1.5287,157.1358,0.944,0.000,1.000,0.0000,0.0000,0
2026-05-06,13:01:56,110645,2,0.0000,-0.0293,0.0689,2.0253,7.6872,0,1.0000,0,0,20.6365,-10.3043,-51.2392,0.6770,160.1563,0.960,0.000,1.000,0.0000,0.0000,0
2026-05-06,13:01:56,110680,2,0.0000,0.0009,0.0688,2.0245,7.6872,0,1.0000,0,0,20.1494,-13.2672,-51.2984,-0.5856,148.9810,1.000,0.000,1.000,0.0000,0.0000,0
2026-05-06,13:01:56,110715,2,0.0000,0.0077,0.0667,1.9622,7.6872,0,1.0000,0,0,20.4225,8.2801,-51.2439,0.7826,153.3272,0.992,0.000,1.000,0.0000,0.0000,0
2026-05-06,13:01:56,110750,2,0.0000,0.0156,0.0661,1.9428,7.6871,0,1.0000,0,0,20.1630,-12.8861,-51.2483,-0.0612,157.0201,0.960,0.000,1.000,0.0000,0.0000,0
2026-05-06,13:01:57,110785,2,0.0000,0.0143,0.0637,1.8742,7.6870,0,1.0000,0,0,19.8095,-4.5710,-51.3553,-2.3502,160.2036,1.000,0.000,1.000,0.0000,0.0000,0
2026-05-06,13:01:57,110820,2,0.0000,0.0106,0.0632,1.8574,7.6869,0,1.0000,0,0,20.1850,10.9066,-51.3760,-1.4249,162.9027,0.976,0.000,1.000,0.0000,0.0000,0
2026-05-06,13:01:57,110855,2,0.0000,-0.0002,0.0619,1.8196,7.6869,0,1.0000,0,0,20.1863,-2.7812,-51.5108,-3.5624,165.2052,0.944,0.000,0.998,0.0000,0.0000,0
2026-05-06,13:01:57,110890,2,0.1280,-0.0078,0.0631,1.8554,7.6869,0,1.0000,16,1,19.9089,-6.6372,-51.5557,-2.4381,167.2233,0.912,0.000,0.994,0.0000,0.0000,0
2026-05-06,13:01:57,110925,2,2.3200,0.9496,0.1871,5.5044,7.6855,0,1.0000,290,1,20.4309,26.7825,-51.5223,-0.3519,154.8525,0.880,0.000,1.000,0.0000,0.0000,0
2026-05-06,13:01:57,110965,2,2.3200,2.5038,0.1118,3.2877,7.6655,0,1.0000,290,1,20.4789,-2.1765,-51.4466,-0.4827,156.4962,0.856,0.000,1.000,0.0000,0.0000,0
2026-05-06,13:01:57,111001,2,2.3200,2.5358,0.1012,2.9757,7.6470,0,1.0000,290,1,18.9532,-38.9767,-51.5736,-2.3295,152.5379,0.872,0.000,1.000,0.0000,0.0000,0
2026-05-06,13:01:57,111037,2,4.1200,3.8537,0.1570,4.6186,7.6247,0,1.0000,515,1,19.9717,45.8020,-51.2874,5.5879,122.7123,0.912,0.000,1.000,0.0000,0.0000,0
2026-05-06,13:01:57,111073,2,4.1200,4.1583,0.1459,4.2924,7.5924,0,1.0000,515,1,20.6718,5.3639,-50.5963,14.6415,124.4966,0.880,0.000,1.000,0.0000,0.0000,0
2026-05-06,13:01:57,111109,2,4.1280,3.9475,0.1620,4.7636,7.5609,0,1.0000,516,1,19.2321,-47.9651,-50.1229,13.0038,118.6290,0.872,0.000,1.000,0.0000,0.0000,0
2026-05-06,13:01:57,111144,2,4.1280,4.2401,0.1476,4.3417,7.5300,0,1.0000,516,1,19.3164,-1.5936,-49.6339,14.9824,114.4508,0.936,0.000,1.000,0.0000,0.0000,0
2026-05-06,13:01:57,111179,2,4.1200,4.2097,0.1289,3.7913,7.4981,0,1.0000,515,1,19.8915,7.7023,-49.2417,12.5342,117.4453,0.928,0.000,1.000,0.0000,0.0000,0
2026-05-06,13:01:57,111215,2,4.1200,4.2046,0.1056,3.1053,7.4659,0,1.0000,515,1,19.2089,-16.9844,-49.1349,6.3283,112.6434,0.920,0.000,1.000,0.0000,0.0000,0
2026-05-06,13:01:57,111251,2,4.1200,4.0911,0.1215,3.5747,7.4342,0,1.0000,515,1,19.7164,19.5461,-49.0655,3.6770,116.2576,0.936,0.000,1.000,0.0000,0.0000,0
2026-05-06,13:01:57,111286,2,4.1200,4.1721,0.1266,3.7248,7.4037,0,1.0000,515,1,19.7401,-8.3186,-49.0992,0.1468,125.3051,0.904,0.000,1.000,0.0000,0.0000,0
2026-05-06,13:01:57,111323,2,4.1200,4.1086,0.1293,3.8033,7.3720,0,1.0000,515,1,19.1112,-16.6362,-49.1442,-1.1660,105.8288,0.896,0.000,1.000,0.0000,0.0000,0
2026-05-06,13:01:57,111359,2,4.1200,4.0232,0.1554,4.5713,7.3408,0,1.0000,515,1,19.4138,17.3446,-49.0918,0.7975,110.0575,0.912,0.000,1.000,0.0000,0.0000,0
2026-05-06,13:01:57,111395,2,4.1200,4.1818,0.1551,4.5618,7.3102,0,1.0000,515,1,19.5306,-2.0532,-48.7991,6.0457,120.1334,0.880,0.000,1.000,0.0000,0.0000,0
2026-05-06,13:01:57,111430,2,4.1200,4.2452,0.1391,4.0898,7.2782,0,1.0000,515,1,18.8523,-21.0424,-48.4471,8.8152,122.1540,0.872,0.000,1.000,0.0000,0.0000,0
2026-05-06,13:01:57,111465,2,4.1200,4.1994,0.1346,3.9587,7.2465,0,1.0000,515,1,18.9581,7.1517,-48.2350,6.7297,130.5380,0.912,0.000,1.000,0.0000,0.0000,0
2026-05-06,13:01:57,111501,2,4.1200,4.1472,0.1251,3.6787,7.2139,0,1.0000,515,1,19.8818,27.3146,-48.2882,0.8619,131.1106,0.880,0.000,1.000,0.0000,0.0000,0
2026-05-06,13:01:57,111536,2,4.1200,3.9577,0.1440,4.2339,7.1831,0,1.0000,515,1,20.1641,4.6663,-48.4372,-2.5060,138.0486,0.848,0.000,1.000,0.0000,0.0000,0
2026-05-06,13:01:57,111572,2,4.1200,3.7183,0.2046,6.0183,7.1544,0,1.0000,515,1,19.3463,-24.2672,-48.5675,-3.4270,143.8993,0.816,0.000,1.000,0.0000,0.0000,0
2026-05-06,13:01:57,111607,2,4.1200,3.9113,0.2344,6.8950,7.1262,0,1.0000,515,1,18.2486,-15.9409,-48.6676,-2.1784,127.7511,0.880,0.000,1.000,0.0000,0.0000,0
2026-05-06,13:01:57,111643,2,4.1120,4.2833,0.2149,6.3215,7.0940,0,1.0000,514,1,18.2845,4.7601,-48.2758,7.7786,95.5199,0.944,0.000,1.000,0.0000,0.0000,0
2026-05-06,13:01:57,111678,2,4.1120,4.5610,0.1688,4.9659,7.0614,0,1.0000,514,1,18.9923,19.1551,-47.8684,11.1024,82.1631,0.936,0.000,1.000,0.0000,0.0000,0
2026-05-06,13:01:57,111713,2,4.1120,4.2018,0.1416,4.1645,7.0283,0,1.0000,514,1,19.9082,32.7082,-47.3320,14.8066,96.1826,0.904,0.000,1.000,0.0000,0.0000,0
2026-05-06,13:01:57,111749,2,4.1120,3.9684,0.1557,4.5799,6.9963,0,1.0000,514,1,21.0960,33.7057,-47.0796,9.9227,74.6258,0.872,0.000,1.000,0.0000,0.0000,0
2026-05-06,13:01:58,111784,2,4.1120,3.8378,0.1972,5.7986,6.9675,0,1.0000,514,1,20.8191,-11.8443,-47.0610,3.7781,89.6682,0.840,0.000,1.000,0.0000,0.0000,0
2026-05-06,13:01:58,111819,2,4.1120,3.9005,0.2136,6.2834,6.9383,0,1.0000,514,1,19.9652,-15.7549,-47.2801,-0.9999,95.1788,0.808,0.000,1.000,0.0000,0.0000,0
2026-05-06,13:01:58,111855,2,4.1200,3.9611,0.2324,6.8342,6.9078,0,1.0000,515,1,20.7243,27.6555,-47.0329,7.1085,54.3982,0.776,0.000,1.000,0.0000,0.0000,0
2026-05-06,13:01:58,111889,2,4.1200,4.2401,0.2145,6.3086,6.8876,0,1.0000,515,1,20.7131,16.4886,-46.8497,6.9080,52.2324,0.760,0.000,1.000,0.0000,0.0000,0
2026-05-06,13:01:58,111925,2,4.1200,4.3085,0.1900,5.5890,6.8441,0,1.0000,515,1,20.5198,3.4339,-46.3405,12.7031,64.0089,0.728,0.000,1.000,0.0000,0.0000,0
2026-05-06,13:01:58,111961,2,4.1200,4.2556,0.1625,4.7793,6.8113,0,1.0000,515,1,21.6659,37.8740,-45.9708,11.7260,34.6944,0.696,0.000,1.000,0.0000,0.0000,0
2026-05-06,13:01:58,111996,2,4.1200,3.9227,0.1741,5.1219,6.7803,0,1.0000,515,1,22.3615,18.9201,-45.8322,6.9843,55.8234,0.664,0.000,1.000,0.0000,0.0000,0
2026-05-06,13:01:58,112032,2,4.1120,3.7954,0.2267,6.6667,6.7508,0,1.0000,514,1,21.9591,-7.1623,-45.6766,6.7459,73.9105,0.632,0.000,1.000,0.0000,0.0000,0
2026-05-06,13:01:58,112068,2,4.1120,4.1164,0.2282,6.7118,6.7201,0,1.0000,514,1,21.8566,-2.6203,-45.3888,10.1890,68.1729,0.600,0.000,1.000,0.0000,0.0000,0
2026-05-06,13:01:58,112103,2,4.1120,4.1198,0.2349,6.9092,6.6894,0,1.0000,514,1,23.0376,32.4406,-44.4027,24.1931,58.8477,0.568,0.000,1.000,0.0000,0.0000,0
2026-05-06,13:01:58,112139,2,4.1120,4.4610,0.1730,5.0878,6.6552,0,1.0000,514,1,23.6145,18.0707,-43.4790,27.3435,70.2975,0.536,0.000,1.000,0.0000,0.0000,0
2026-05-06,13:01:58,112175,2,4.1120,4.1925,0.1496,4.4005,6.6220,0,1.0000,514,1,24.1236,20.2268,-42.9244,20.2135,65.3090,0.504,0.000,1.000,0.0000,0.0000,0
2026-05-06,13:01:58,112211,2,4.1120,4.0825,0.1701,5.0028,6.5908,0,1.0000,514,1,24.7628,24.9882,-42.5797,13.8982,56.5695,0.472,0.000,1.000,0.0000,0.0000,0
2026-05-06,13:01:58,112247,2,4.1120,4.0125,0.2037,5.9911,6.5600,0,1.0000,514,1,24.5639,-4.6086,-42.3888,8.9183,74.4441,0.440,0.000,1.000,0.0000,0.0000,0
2026-05-06,13:01:58,112282,2,4.1120,4.2601,0.1809,5.3205,6.5290,0,1.0000,514,1,24.8932,19.6304,-42.2850,5.7916,55.7318,0.408,0.000,1.000,0.0000,0.0000,0
2026-05-06,13:01:58,112317,2,4.1120,4.1528,0.1578,4.6403,6.4969,0,1.0000,514,1,26.0809,37.4605,-41.9452,9.1027,53.8436,0.376,0.000,1.000,0.0000,0.0000,0
2026-05-06,13:01:58,112353,2,4.1120,4.3823,0.1158,3.4073,6.4636,0,1.0000,514,1,27.0844,30.7255,-41.5185,12.0919,72.2874,0.344,0.000,1.000,0.0000,0.0000,0
2026-05-06,13:01:58,112388,2,4.1120,4.0793,0.1273,3.7454,6.4325,0,1.0000,514,1,27.7653,23.0215,-41.1256,11.8792,74.9022,0.312,0.000,1.000,0.0000,0.0000,0
2026-05-06,13:01:58,112424,2,4.1120,3.9415,0.1486,4.3701,6.4015,0,1.0000,514,1,27.6572,1.3189,-40.8672,9.3287,83.8308,0.280,0.000,1.000,0.0000,0.0000,0
2026-05-06,13:01:58,112459,2,4.1120,3.8734,0.1835,5.3956,6.3721,0,1.0000,514,1,27.5520,4.1980,-40.8413,4.1675,97.3557,0.248,0.000,1.000,0.0000,0.0000,0
2026-05-06,13:01:58,112495,2,4.1120,3.9912,0.1973,5.8015,6.3422,0,1.0000,514,1,27.8989,14.9524,-40.9703,0.8190,74.9782,0.216,0.000,1.000,0.0000,0.0000,0
2026-05-06,13:01:58,112530,2,4.1120,4.2191,0.1833,5.3910,6.3108,0,1.0000,514,1,28.5599,26.6870,-40.4984,10.5760,64.8748,0.184,0.000,1.000,0.0000,0.0000,0
2026-05-06,13:01:58,112566,2,4.1200,4.1162,0.1671,4.9142,6.2780,0,1.0000,515,1,29.5484,29.3770,-39.9297,15.0362,68.6693,0.152,0.000,1.000,0.0000,0.0000,0
2026-05-06,13:01:58,112601,2,4.1200,4.2009,0.1513,4.4514,6.2469,0,1.0000,515,1,30.4494,24.0217,-39.4572,14.9286,71.9014,0.120,0.000,1.000,0.0000,0.0000,0
2026-05-06,13:01:58,112636,2,4.1200,3.9572,0.1845,5.4254,6.2167,0,1.0000,515,1,29.6528,-22.5171,-38.9734,15.3338,74.7266,0.088,0.000,1.000,0.0000,0.0000,0
2026-05-06,13:01:58,112672,2,4.1120,4.2515,0.1548,4.5530,6.1849,0,1.0000,514,1,29.5945,7.7684,-38.4915,14.6196,76.9288,0.056,0.000,1.000,0.0000,0.0000,0
2026-05-06,13:01:58,112708,2,4.1120,4.3330,0.1292,3.7992,6.1516,0,1.0000,514,1,31.0232,45.0052,-38.1827,11.2427,92.0728,0.024,0.000,1.000,0.0000,0.0000,0
2026-05-06,13:01:58,112743,2,4.1120,4.2186,0.1089,3.2017,6.1197,0,1.0000,514,1,32.3163,41.8364,-37.9977,7.2033,91.1635,0.000,0.000,1.000,0.0000,0.0000,0
2026-05-06,13:01:59,112779,2,4.1120,4.0713,0.1129,3.3211,6.0881,0,1.0000,514,1,32.9637,17.7740,-37.8332,6.3400,77.4298,0.000,0.000,1.000,0.0000,0.0000,0
2026-05-06,13:01:59,112819,2,4.1120,4.0196,0.1347,3.9630,6.0534,0,1.0000,514,1,32.8433,14.2439,-37.6359,6.4779,78.2521,0.000,0.000,1.000,0.0000,0.0000,0
2026-05-06,13:01:59,112856,2,4.6080,4.0573,0.1306,3.8423,6.0221,0,1.0000,576,1,32.6253,-7.1249,-37.3347,8.4031,80.2886,0.000,0.000,1.000,0.0000,0.0000,0
2026-05-06,13:01:59,112891,2,4.6080,4.5182,0.1618,4.7582,5.9887,0,1.0000,576,1,32.2046,-1.4019,-36.9103,11.9376,61.5007,0.000,0.000,1.000,0.0000,0.0000,0
2026-05-06,13:01:59,112926,2,4.6080,4.5728,0.1684,4.9532,5.9540,0,1.0000,576,1,33.0962,34.1578,-36.2949,16.6575,73.0052,0.000,0.000,1.000,0.0000,0.0000,0
2026-05-06,13:01:59,112961,2,5.5920,4.6869,0.1516,4.4589,5.9195,0,1.0000,699,1,34.4537,43.0021,-35.6360,17.9933,82.4418,0.000,0.000,1.000,0.0000,0.0000,0
2026-05-06,13:01:59,112996,2,6.0080,5.6991,0.1793,5.2747,5.8798,0,1.0000,751,1,35.0089,14.0597,-35.2940,12.6862,96.6594,0.000,0.000,1.000,0.0000,0.0000,0
2026-05-06,13:01:59,113031,2,6.1520,5.8076,0.2159,6.3510,5.8360,0,1.0000,769,1,34.8919,4.6921,-34.9301,12.2161,95.2899,0.000,0.000,1.000,0.0000,0.0000,0
2026-05-06,13:01:59,113067,2,6.2720,6.3898,0.1922,5.6534,5.7888,0,1.0000,784,1,35.7028,31.8175,-34.5432,12.1342,81.4713,0.000,0.000,1.000,0.0000,0.0000,0
2026-05-06,13:01:59,113102,2,6.2720,6.2052,0.1944,5.7186,5.7419,0,1.0000,784,1,36.4052,22.1293,-34.1280,12.7817,89.4151,0.000,0.000,1.000,0.0000,0.0000,0
2026-05-06,13:01:59,113138,2,6.2720,6.4065,0.1698,4.9955,5.6923,0,1.0000,784,1,36.9332,24.4682,-33.6987,13.1155,83.1423,0.000,0.000,1.000,0.0000,0.0000,0
2026-05-06,13:01:59,113174,2,6.9920,6.3829,0.1865,5.4861,5.6432,0,1.0000,874,1,37.8736,36.8128,-33.3802,10.5894,70.7698,0.000,0.000,1.000,0.0000,0.0000,0
2026-05-06,13:01:59,113209,2,6.9920,7.1926,0.1729,5.0853,5.5914,0,1.0000,874,1,38.2952,15.1910,-32.9220,12.4099,67.0169,0.000,0.000,1.000,0.0000,0.0000,0
2026-05-06,13:01:59,113244,2,6.9920,7.0640,0.1479,4.3512,5.5375,0,1.0000,874,1,38.5677,11.3348,-32.6254,9.3997,63.3377,0.000,0.000,1.000,0.0000,0.0000,0
2026-05-06,13:01:59,113280,2,7.3360,7.1536,0.1586,4.6661,5.4826,0,1.0000,917,1,38.9059,16.0590,-32.5544,4.5418,60.6404,0.000,0.000,1.000,0.0000,0.0000,0
2026-05-06,13:01:59,113315,2,7.3360,7.2415,0.1585,4.6609,5.4279,0,1.0000,917,1,39.7550,34.2182,-32.3498,5.7007,57.3917,0.000,0.000,1.000,0.0000,0.0000,0
2026-05-06,13:01:59,113350,2,7.3360,7.4235,0.1559,4.5844,5.3730,0,1.0000,917,1,40.8492,35.5512,-32.0412,7.9031,41.7277,0.000,0.000,1.000,0.0000,0.0000,0
2026-05-06,13:01:59,113386,2,7.9920,7.6567,0.1552,4.5657,5.3151,0,1.0000,999,1,41.9403,35.1780,-31.7555,8.1277,56.0316,0.000,0.000,1.000,0.0000,0.0000,0
2026-05-06,13:01:59,113422,2,7.9920,8.1611,0.1286,3.7835,5.2529,0,1.0000,999,1,42.6499,25.8920,-31.3828,9.7918,54.9375,0.000,0.000,1.000,0.0000,0.0000,0
2026-05-06,13:01:59,113458,2,7.9920,7.9236,0.1283,3.7739,5.1915,0,1.0000,999,1,43.1834,16.4985,-31.0412,10.0237,59.7856,0.000,0.000,1.000,0.0000,0.0000,0
2026-05-06,13:01:59,113493,2,7.9920,8.1024,0.1115,3.2803,5.1301,0,1.0000,999,1,44.4912,38.1688,-30.6977,10.3184,58.2009,0.000,0.000,1.000,0.0000,0.0000,0
2026-05-06,13:01:59,113528,2,7.9920,7.8501,0.1149,3.3783,5.0705,0,1.0000,999,1,44.4405,-5.2211,-30.3395,10.1120,62.6711,0.000,0.000,1.000,0.0000,0.0000,0
2026-05-06,13:01:59,113563,2,7.9920,7.8830,0.1391,4.0908,5.0113,0,1.0000,999,1,42.2927,-65.1794,-29.9995,10.0719,47.3169,0.016,0.000,1.000,0.0000,0.0000,0
2026-05-06,13:01:59,113600,2,7.9920,8.0253,0.1633,4.8022,4.9498,0,1.0000,999,1,42.2055,29.6265,-29.6110,9.9425,34.8339,0.080,0.000,1.000,0.0000,0.0000,0
2026-05-06,13:01:59,113635,2,7.9920,8.1560,0.1261,3.7089,4.8885,0,1.0000,999,1,45.5088,92.8585,-29.2716,9.0531,56.5659,0.048,0.000,1.000,0.0000,0.0000,0
2026-05-06,13:01:59,113670,2,7.9920,8.2622,0.0830,2.4402,4.8263,0,1.0000,999,1,47.6512,66.5995,-29.0541,6.2942,55.6958,0.016,0.000,1.000,0.0000,0.0000,0
2026-05-06,13:01:59,113706,2,7.9920,8.0883,0.0738,2.1696,4.7643,0,1.0000,999,1,49.4200,59.3231,-28.9376,3.1781,68.2251,0.000,0.000,1.000,0.0000,0.0000,0
2026-05-06,13:01:59,113746,2,7.9920,8.2733,0.0251,0.7392,4.6924,0,1.0000,999,1,50.7411,60.3103,-28.8970,0.9965,76.7929,0.000,0.000,1.000,0.0000,0.0000,0
2026-05-06,13:02:00,113782,2,7.9920,8.0243,0.0203,0.5962,4.6302,0,1.0000,999,1,53.6229,84.6805,-28.9419,-0.3301,64.7670,0.000,0.000,1.000,0.0000,0.0000,0
2026-05-06,13:02:00,113818,2,7.9920,7.7340,0.0339,0.9985,4.5689,0,1.0000,999,1,56.0022,60.0876,-28.8511,1.6284,55.3432,0.000,0.000,1.000,0.0000,0.0000,0
2026-05-06,13:02:00,113853,2,7.9920,8.0603,0.0234,0.6875,4.5101,0,1.0000,999,1,57.3189,29.8405,-28.7681,1.9941,27.1814,0.000,0.000,1.000,0.0000,0.0000,0
2026-05-06,13:02:00,113889,2,7.9920,7.8216,0.0505,1.4850,4.4482,0,1.0000,999,1,57.2658,0.1455,-28.5951,3.5498,-2.7307,0.000,0.000,1.000,0.0000,0.0000,0
2026-05-06,13:02:00,113924,2,7.9920,7.8930,0.0590,1.7346,4.3898,0,1.0000,999,1,56.4908,-31.7512,-27.9689,12.7909,-26.6358,0.000,0.000,1.000,0.0000,0.0000,0
2026-05-06,13:02:00,113959,2,7.9920,7.8299,0.0944,2.7763,4.3314,0,1.0000,999,1,53.5993,-83.9789,-27.0323,19.7136,-33.1954,0.048,0.000,1.000,0.0000,0.0000,0
2026-05-06,13:02:00,113994,2,7.9920,8.1518,0.0661,1.9439,4.2694,0,1.0000,999,1,51.3470,-44.8680,-26.4465,15.7463,-12.2564,0.112,0.000,1.000,0.0000,0.0000,0
2026-05-06,13:02:00,114030,2,7.9920,8.0788,0.0690,2.0294,4.2089,0,1.0000,999,1,52.8958,74.0977,-26.1977,6.3792,18.0186,0.176,0.000,1.000,0.0000,0.0000,0
2026-05-06,13:02:00,114066,2,7.9920,7.8079,0.0833,2.4490,4.1473,0,1.0000,999,1,55.6329,77.6450,-26.2745,-2.3280,36.3372,0.144,0.000,1.000,0.0000,0.0000,0
2026-05-06,13:02:00,114103,2,7.9920,8.0303,0.0829,2.4380,4.0845,0,1.0000,999,1,57.5489,57.0609,-26.6551,-10.0403,50.9867,0.112,0.000,1.000,0.0000,0.0000,0
2026-05-06,13:02:00,114138,2,7.9920,8.0329,0.0745,2.1914,4.0240,0,1.0000,999,1,59.0574,49.1574,-27.1468,-13.5692,49.8796,0.080,0.000,1.000,0.0000,0.0000,0
2026-05-06,13:02:00,114173,2,7.9920,8.1202,0.0618,1.8186,3.9639,0,1.0000,999,1,60.5420,47.3526,-27.5915,-14.3346,16.3026,0.048,0.000,1.000,0.0000,0.0000,0
2026-05-06,13:02:00,114209,2,7.9920,7.9103,0.0789,2.3211,3.9024,0,1.0000,999,1,62.0900,48.5005,-27.9285,-12.1538,21.2917,0.016,0.000,1.000,0.0000,0.0000,0
2026-05-06,13:02:00,114244,2,7.9920,8.0283,0.0691,2.0319,3.8428,0,1.0000,999,1,62.8464,27.9832,-28.1296,-8.8737,-1.0069,0.000,0.000,1.000,0.0000,0.0000,0
2026-05-06,13:02:00,114280,2,7.9920,8.0887,0.0603,1.7728,3.7808,0,1.0000,999,1,63.4569,22.0238,-28.2466,-6.5556,-12.9396,0.000,0.000,1.000,0.0000,0.0000,0
2026-05-06,13:02:00,114317,2,7.9920,7.8111,0.0523,1.5374,3.7174,0,1.0000,999,1,64.2574,21.0294,-28.2441,-3.7082,-16.2012,0.000,0.000,1.000,0.0000,0.0000,0
2026-05-06,13:02:00,114352,2,7.9920,8.0331,0.0629,1.8496,3.6577,0,1.0000,999,1,65.0688,18.9787,-28.2654,-2.2345,-26.3287,0.000,0.000,1.000,0.0000,0.0000,0
2026-05-06,13:02:00,114387,2,7.9920,7.9453,0.0674,1.9812,3.5973,0,1.0000,999,1,65.2810,5.1195,-28.0608,2.2970,-40.8427,0.000,0.000,1.000,0.0000,0.0000,0
2026-05-06,13:02:00,114423,2,7.9920,8.0844,0.0543,1.5985,3.5362,0,1.0000,999,1,65.5661,11.3734,-27.7572,4.6010,-59.2604,0.000,0.000,1.000,0.0000,0.0000,0
2026-05-06,13:02:00,114458,2,7.9920,7.8942,0.0720,2.1168,3.4769,0,1.0000,999,1,66.1645,22.0513,-27.4151,6.5617,-48.4778,0.000,0.000,1.000,0.0000,0.0000,0
2026-05-06,13:02:00,114494,2,7.9920,8.0187,0.0594,1.7462,3.4164,0,1.0000,999,1,66.0006,-0.8311,-26.9451,9.9454,-58.2067,0.000,0.000,1.000,0.0000,0.0000,0
2026-05-06,13:02:00,114529,2,7.9920,7.9690,0.0670,1.9702,3.3559,0,1.0000,999,1,65.8078,-3.4894,-26.3194,12.4867,-72.3951,0.000,0.000,1.000,0.0000,0.0000,0
2026-05-06,13:02:00,114564,2,7.9920,7.9268,0.0714,2.0996,3.2959,0,1.0000,999,1,65.9902,11.2424,-25.7938,11.2720,-51.5479,0.000,0.000,1.000,0.0000,0.0000,0
2026-05-06,13:02:00,114600,2,7.9920,8.0140,0.0744,2.1872,3.2346,0,1.0000,999,1,66.2057,6.2850,-25.4487,6.8919,-40.6971,0.000,0.000,1.000,0.0000,0.0000,0
2026-05-06,13:02:00,114636,2,7.9920,7.9790,0.0692,2.0354,3.1732,0,1.0000,999,1,66.3991,7.3137,-25.3948,-0.8906,-12.0360,0.000,0.000,1.000,0.0000,0.0000,0
2026-05-06,13:02:00,114674,2,7.9920,8.1110,0.0578,1.6996,3.1072,0,1.0000,999,1,66.8953,10.9071,-25.0605,-2.5912,4.4055,0.000,0.000,1.000,0.0000,0.0000,0
2026-05-06,13:02:00,114710,2,7.9920,7.9458,0.0887,2.6093,3.0470,0,1.0000,999,1,67.6639,22.1018,-25.7488,-16.0736,23.4614,0.000,0.000,1.000,0.0000,0.0000,0
2026-05-06,13:02:00,114745,2,7.9920,8.0225,0.0816,2.3988,2.9865,0,1.0000,999,1,67.2941,-12.7514,-26.1648,-14.9084,0.5600,0.000,0.000,1.000,0.0000,0.0000,0
2026-05-06,13:02:01,114780,2,7.9920,8.0776,0.0799,2.3488,2.9267,0,1.0000,999,1,66.7274,-14.3126,-26.3256,-9.5818,-25.1106,0.016,0.000,1.000,0.0000,0.0000,0
2026-05-06,13:02:01,114815,2,7.9920,7.8596,0.0853,2.5088,2.8652,0,1.0000,999,1,66.6887,4.0391,-26.3477,-4.3768,-26.0587,0.056,0.000,1.000,0.0000,0.0000,0
2026-05-06,13:02:01,114851,2,7.9920,7.8845,0.0933,2.7451,2.8065,0,1.0000,999,1,66.2853,-8.1604,-26.0528,2.9118,-46.4123,0.024,0.000,1.000,0.0000,0.0000,0
2026-05-06,13:02:01,114886,2,7.9920,7.8963,0.1098,3.2301,2.7469,0,1.0000,999,1,65.5035,-21.5135,-25.2965,13.7525,-62.4153,0.088,0.000,1.000,0.0000,0.0000,0
2026-05-06,13:02:01,114922,2,7.9920,8.0145,0.1038,3.0544,2.6857,0,1.0000,999,1,65.1993,-6.9546,-24.3849,18.6847,-61.7205,0.152,0.000,1.000,0.0000,0.0000,0
2026-05-06,13:02:01,114958,2,7.9920,7.8726,0.1247,3.6672,2.6246,0,1.0000,999,1,64.9898,-7.5141,-23.8089,13.6046,-29.9677,0.216,0.000,1.000,0.0000,0.0000,0
2026-05-06,13:02:01,114993,2,7.9920,8.1217,0.1090,3.2057,2.5641,0,1.0000,999,1,64.6689,-7.8374,-23.7892,2.3171,2.4614,0.280,0.000,1.000,0.0000,0.0000,0
2026-05-06,13:02:01,115029,2,7.9920,8.1521,0.0792,2.3301,2.5019,0,1.0000,999,1,64.5452,-1.7814,-24.0743,-6.4646,29.1637,0.344,0.000,1.000,0.0000,0.0000,0
2026-05-06,13:02:01,115064,2,7.9920,8.0092,0.0642,1.8890,2.4408,0,1.0000,999,1,64.9357,14.7698,-24.4474,-9.9797,44.4528,0.336,0.000,1.000,0.0000,0.0000,0
2026-05-06,13:02:01,115099,2,7.9920,7.9751,0.0872,2.5640,2.3811,0,1.0000,999,1,65.3069,7.7894,-24.6954,-7.7956,18.7378,0.304,0.000,1.000,0.0000,0.0000,0
2026-05-06,13:02:01,115136,2,7.9920,7.9292,0.0775,2.2790,2.3180,0,1.0000,999,1,64.7983,-18.1729,-24.4205,2.1003,-9.5418,0.272,0.000,1.000,0.0000,0.0000,0
2026-05-06,13:02:01,115171,2,7.9920,7.9891,0.0733,2.1566,2.2577,0,1.0000,999,1,64.3242,-9.6953,-23.8519,10.8973,-32.3841,0.312,0.000,1.000,0.0000,0.0000,0
2026-05-06,13:02:01,115206,2,7.9920,7.7422,0.1242,3.6519,2.1991,0,1.0000,999,1,64.0611,-9.9415,-22.9257,20.4570,-44.0518,0.376,0.000,1.000,0.0000,0.0000,0
2026-05-06,13:02:01,115242,2,7.9920,8.1126,0.1001,2.9445,2.1376,0,1.0000,999,1,63.5368,-17.0245,-21.8906,23.8832,-47.6630,0.440,0.000,1.000,0.0000,0.0000,0
2026-05-06,13:02:01,115277,2,7.9920,8.0741,0.0958,2.8187,2.0775,0,1.0000,999,1,63.1655,-8.0248,-21.3004,16.6206,-12.3178,0.504,0.000,1.000,0.0000,0.0000,0
2026-05-06,13:02:01,115314,2,0.0000,7.9561,0.0883,2.5984,2.0152,0,1.0000,0,1,63.2343,3.9105,-21.2988,3.7015,17.0251,0.568,0.000,1.000,0.0000,0.0000,0
2026-05-06,13:02:01,115349,2,0.0000,-1.2411,-0.0038,0.1121,1.9908,0,1.0000,0,1,63.7786,46.0879,-21.7113,-7.9983,6.9910,0.608,0.000,0.999,0.0000,0.0000,0
2026-05-06,13:02:01,115384,2,0.0000,0.0145,-0.0128,0.3771,1.9935,0,1.0000,0,1,65.4719,44.4502,-21.9485,-7.0862,-0.6178,0.576,0.000,1.000,0.0000,0.0000,0
2026-05-06,13:02:01,115420,2,0.0000,-0.0036,-0.0114,0.3358,1.9936,0,1.0000,0,1,66.1357,11.3336,-21.9976,-3.3644,-26.9505,0.544,0.000,1.000,0.0000,0.0000,0
2026-05-06,13:02:01,115456,2,0.0000,-0.0010,-0.0131,0.3859,1.9936,0,1.0000,0,1,67.3022,23.8039,-21.9731,-0.9382,-29.1065,0.512,0.000,1.000,0.0000,0.0000,0
2026-05-06,13:02:01,115491,2,0.0000,-0.0018,-0.0106,0.3114,1.9936,0,1.0000,0,1,67.5940,-8.3837,-21.9439,0.2231,-51.5964,0.480,0.000,1.000,0.0000,0.0000,0
2026-05-06,13:02:01,115527,2,0.0000,0.0037,-0.0113,0.3326,1.9936,0,1.0000,0,1,66.4891,-45.2014,-21.8930,0.9106,-70.6219,0.448,0.000,1.000,0.0000,0.0000,0
2026-05-06,13:02:01,115562,2,0.0000,0.0139,-0.0126,0.3692,1.9936,0,1.0000,0,1,65.7873,-30.4056,-21.8758,0.5333,-79.7881,0.416,0.000,1.000,0.0000,0.0000,0
2026-05-06,13:02:01,115602,2,0.0000,-0.0088,-0.0097,0.2856,1.9936,0,1.0000,0,1,65.6235,-47.3736,-21.8756,-0.0612,-87.6344,0.392,0.000,0.999,0.0000,0.0000,0
2026-05-06,13:02:01,115638,2,0.0000,-0.0025,-0.0112,0.3297,1.9936,0,1.0000,0,1,63.0411,-81.6473,-21.9058,-0.6730,-101.3548,0.360,0.000,1.000,0.0000,0.0000,0
2026-05-06,13:02:01,115673,2,0.0000,0.0043,-0.0120,0.3525,1.9936,0,1.0000,0,1,60.6621,-77.8314,-21.9797,-1.8864,-85.2158,0.328,0.000,1.000,0.0000,0.0000,0
2026-05-06,13:02:01,115708,2,0.0000,-0.0021,-0.0111,0.3252,1.9936,0,1.0000,0,1,57.9522,-89.9345,-22.0218,-1.5725,-99.3480,0.296,0.000,1.000,0.0000,0.0000,0
2026-05-06,13:02:01,115744,2,0.0560,0.0007,-0.0057,0.1686,1.9936,0,1.0000,7,1,55.6854,-67.7520,-22.1258,-2.7833,-111.2971,0.264,0.000,0.998,0.0000,0.0000,0
2026-05-06,13:02:02,115779,2,0.0560,0.0047,0.0024,0.0713,1.9936,0,1.0000,7,1,54.2354,-50.3795,-22.1957,-2.4027,-100.6921,0.232,0.000,0.995,0.0000,0.0000,0
2026-05-06,13:02:02,115814,2,0.0560,-0.0009,0.0099,0.2911,1.9935,0,1.0000,7,1,52.3843,-60.3707,-22.2393,-1.6899,-112.5004,0.200,0.000,0.992,0.0000,0.0000,0
2026-05-06,13:02:02,115850,2,4.1200,4.5597,0.0635,1.8673,1.9816,0,1.0000,515,1,51.2669,-32.9869,-22.2703,-1.4235,-109.1604,0.216,0.000,1.000,0.0000,0.0000,0
2026-05-06,13:02:02,115886,2,4.1200,4.0234,-0.0033,0.0976,1.9456,0,1.0000,515,1,50.0369,-38.5518,-22.3152,-1.4313,-106.1046,0.208,0.000,0.999,0.0000,0.0000,0
2026-05-06,13:02:02,115922,2,4.1120,4.1658,0.0097,0.2866,1.9144,0,1.0000,514,1,49.1370,-31.4889,-22.3699,-1.7806,-84.1085,0.176,0.000,0.998,0.0000,0.0000,0
2026-05-06,13:02:02,115958,2,4.1200,4.1233,0.0104,0.3047,1.8827,0,1.0000,515,1,48.2637,-29.4735,-22.4782,-2.9953,-98.3089,0.144,0.000,1.000,0.0000,0.0000,0
2026-05-06,13:02:02,115993,2,4.1120,4.1128,0.0060,0.1758,1.8515,0,1.0000,514,1,47.5675,-27.1219,-22.6171,-3.8985,-96.2647,0.112,0.000,0.999,0.0000,0.0000,0
2026-05-06,13:02:02,116029,2,4.1120,4.1502,0.0030,0.0870,1.8198,0,1.0000,514,1,46.9285,-23.0113,-22.6992,-2.9941,-96.1738,0.080,0.000,0.999,0.0000,0.0000,0
2026-05-06,13:02:02,116065,2,4.1120,3.9363,0.0292,0.8590,1.7892,0,1.0000,514,1,46.4351,-14.3970,-22.7376,-1.9469,-95.4619,0.096,0.000,1.000,0.0000,0.0000,0
2026-05-06,13:02:02,116100,2,4.1120,4.2810,0.0068,0.2007,1.7581,0,1.0000,514,1,45.9805,-14.0943,-22.7234,-0.3168,-101.7205,0.088,0.000,0.999,0.0000,0.0000,0
2026-05-06,13:02:02,116136,2,4.1120,4.1836,0.0029,0.0848,1.7257,0,1.0000,514,1,45.5228,-12.0251,-22.6573,1.1268,-100.7702,0.056,0.000,0.998,0.0000,0.0000,0
2026-05-06,13:02:02,116172,2,4.1120,4.1335,0.0082,0.2424,1.6943,0,1.0000,514,1,45.2307,-6.5774,-22.5758,1.9615,-112.5097,0.024,0.000,0.999,0.0000,0.0000,0
2026-05-06,13:02:02,116207,2,4.1120,4.1765,0.0032,0.0952,1.6634,0,1.0000,514,1,44.9788,-6.3320,-22.5836,0.2051,-102.2876,0.000,0.000,0.999,0.0000,0.0000,0
2026-05-06,13:02:02,116243,2,4.1120,4.1398,0.0045,0.1338,1.6312,0,1.0000,514,1,44.7657,-6.0701,-22.7011,-2.4257,-107.4715,0.000,0.000,0.999,0.0000,0.0000,0
2026-05-06,13:02:02,116279,2,4.1120,4.0858,0.0133,0.3922,1.6000,0,1.0000,514,1,44.5846,-4.7407,-22.7676,-2.0692,-111.6129,0.000,0.000,1.000,0.0000,0.0000,0
2026-05-06,13:02:02,116315,2,4.1120,4.1148,0.0317,0.9320,1.5694,0,1.0000,514,1,44.3773,-7.3077,-22.7470,-0.1789,-94.8005,0.048,0.000,1.000,0.0000,0.0000,0
2026-05-06,13:02:02,116351,2,4.1120,4.1763,0.0158,0.4661,1.5374,0,1.0000,514,1,44.2232,-4.0103,-22.6681,1.5807,-93.9093,0.040,0.000,1.000,0.0000,0.0000,0
2026-05-06,13:02:02,116386,2,4.1120,4.1245,0.0073,0.2141,1.5058,0,1.0000,514,1,44.0557,-6.0544,-22.5734,2.3479,-106.7046,0.008,0.000,0.998,0.0000,0.0000,0
2026-05-06,13:02:02,116421,2,4.1120,4.0604,0.0106,0.3126,1.4751,0,1.0000,514,1,43.9719,-3.3619,-22.5569,1.0114,-110.6049,0.000,0.000,1.000,0.0000,0.0000,0
2026-05-06,13:02:02,116457,2,4.1120,4.0940,0.0033,0.0959,1.4434,0,1.0000,514,1,43.8136,-2.2985,-22.5662,0.2147,-120.9119,0.000,0.000,0.998,0.0000,0.0000,0
2026-05-06,13:02:02,116492,2,4.1120,4.1079,0.0061,0.1784,1.4126,0,1.0000,514,1,43.7534,-2.2461,-22.5551,0.2905,-129.6790,0.000,0.000,0.998,0.0000,0.0000,0
2026-05-06,13:02:02,116533,2,4.1120,4.0306,0.0179,0.5276,1.3767,0,1.0000,514,1,43.7115,-0.5153,-22.5304,0.3765,-126.7186,0.000,0.000,1.000,0.0000,0.0000,0
2026-05-06,13:02:02,116569,2,4.1200,4.1694,0.0282,0.8293,1.3458,0,1.0000,515,1,43.7512,-0.9267,-22.4749,1.4627,-121.4944,0.000,0.000,1.000,0.0000,0.0000,0
2026-05-06,13:02:02,116604,2,4.1200,4.1681,0.0176,0.5180,1.3142,0,1.0000,515,1,43.6454,-0.9824,-22.4054,2.0053,-123.4335,0.000,0.000,1.000,0.0000,0.0000,0
2026-05-06,13:02:02,116639,2,4.1120,4.1276,0.0086,0.2541,1.2827,0,1.0000,514,1,43.5987,2.2473,-22.3927,0.7378,-125.5862,0.000,0.000,0.997,0.0000,0.0000,0
2026-05-06,13:02:02,116675,2,4.1120,4.1368,0.0055,0.1615,1.2513,0,1.0000,514,1,43.6280,4.6745,-22.4473,-0.9157,-133.6790,0.000,0.000,0.999,0.0000,0.0000,0
2026-05-06,13:02:02,116710,2,4.1120,4.1230,0.0067,0.1963,1.2207,0,1.0000,514,1,43.6063,1.1873,-22.5357,-2.1173,-133.8248,0.000,0.000,0.996,0.0000,0.0000,0
2026-05-06,13:02:02,116746,2,4.1200,4.1320,0.0052,0.1535,1.1895,0,1.0000,515,1,43.6641,1.6332,-22.5708,-1.3343,-140.6616,0.000,0.000,0.993,0.0000,0.0000,0
2026-05-06,13:02:03,116781,2,4.1120,3.8815,0.0268,0.7869,1.1585,0,1.0000,514,1,43.6687,-0.6560,-22.5547,-0.2785,-132.3791,0.000,0.000,0.990,0.0000,0.0000,0
2026-05-06,13:02:03,116816,2,4.1120,4.2287,0.0142,0.4190,1.1282,0,1.0000,514,1,43.6612,1.5762,-22.5396,0.1473,-125.5864,0.000,0.000,0.986,0.0000,0.0000,0
2026-05-06,13:02:03,116852,2,4.1040,4.1963,0.0149,0.4373,1.0965,0,1.0000,513,1,43.6131,-1.0981,-22.5327,0.1979,-113.6056,0.000,0.000,0.983,0.0000,0.0000,0
2026-05-06,13:02:03,116887,2,4.1040,4.0633,0.0170,0.4994,1.0649,0,1.0000,513,1,43.7333,3.1755,-22.5275,0.2071,-116.4695,0.000,0.000,0.980,0.0000,0.0000,0
2026-05-06,13:02:03,116922,2,4.1040,4.1159,0.0198,0.5820,1.0345,0,1.0000,513,1,44.5648,25.7506,-22.5790,-1.2563,-106.6312,0.000,0.000,0.977,0.0000,0.0000,0
2026-05-06,13:02:03,116958,2,4.1120,4.1041,0.0152,0.4482,1.0025,0,1.0000,514,1,46.4451,53.0093,-22.6754,-2.3339,-117.5799,0.000,0.000,0.974,0.0000,0.0000,0
2026-05-06,13:02:03,116994,2,4.1120,4.1011,0.0156,0.4593,0.9715,0,1.0000,514,1,50.0256,104.0723,-22.7173,-1.4994,-120.4991,0.000,0.000,0.970,0.0000,0.0000,0
2026-05-06,13:02:03,117029,2,4.1120,3.6572,0.0848,2.4932,0.9427,0,1.0000,514,1,58.4673,187.4408,-22.6483,1.4641,-103.4889,0.000,0.000,0.967,0.0000,0.0000,0
2026-05-06,13:02:03,117065,2,4.1120,4.4567,0.0201,0.5907,0.9099,0,1.0000,514,1,64.7682,117.7918,-22.6491,-1.0075,-61.9908,0.000,0.000,0.964,0.0000,0.0000,0
2026-05-06,13:02:03,117101,2,4.1120,4.1857,0.0279,0.8203,0.8776,0,1.0000,514,1,56.9812,-406.5385,-23.4192,-16.8632,-46.5303,0.000,0.000,0.961,0.0000,0.0000,0
2026-05-06,13:02:03,117136,2,4.1120,4.1304,0.0116,0.3416,0.8460,0,1.0000,514,1,42.0512,-507.0131,-24.4071,-25.5821,-40.3575,0.000,0.000,0.958,0.0000,0.0000,0
2026-05-06,13:02:03,117172,2,4.1120,4.1252,0.0165,0.4859,0.8145,0,1.0000,514,1,35.9645,-201.3172,-25.2714,-26.1714,-27.5941,0.000,0.000,0.954,0.0000,0.0000,0
2026-05-06,13:02:03,117208,2,4.1120,4.0752,0.0120,0.3523,0.7830,0,1.0000,514,1,32.6054,-121.2809,-25.8676,-20.4252,-23.0087,0.000,0.000,0.951,0.0000,0.0000,0
2026-05-06,13:02:03,117243,2,4.1120,4.1152,0.0137,0.4037,0.7523,0,1.0000,514,1,29.9852,-88.9400,-26.2674,-15.6386,-6.5772,0.000,0.000,0.948,0.0000,0.0000,0
2026-05-06,13:02:03,117279,2,4.1120,4.0022,0.0357,1.0505,0.7213,0,1.0000,514,1,27.6134,-82.8304,-26.6071,-12.2179,-12.7162,0.032,0.000,0.945,0.0000,0.0000,0
2026-05-06,13:02:03,117314,2,4.1120,4.2809,0.0180,0.5304,0.6904,0,1.0000,514,1,25.1210,-80.4621,-26.8080,-7.9012,-11.3005,0.072,0.000,0.942,0.0000,0.0000,0
2026-05-06,13:02:03,117349,2,4.1120,4.1913,0.0266,0.7818,0.6592,0,1.0000,514,1,23.7841,-50.2312,-26.6846,-0.6335,-23.0044,0.112,0.000,0.938,0.0000,0.0000,0
2026-05-06,13:02:03,117385,2,4.1120,4.1318,0.0211,0.6198,0.6273,0,1.0000,514,1,22.7052,-43.3390,-26.7620,-3.4352,7.0326,0.080,0.000,0.935,0.0000,0.0000,0
2026-05-06,13:02:03,117420,2,4.1120,4.1496,0.0241,0.7094,0.5964,0,1.0000,514,1,21.0839,-57.9495,-26.8907,-4.4141,6.3769,0.048,0.000,0.932,0.0000,0.0000,0
2026-05-06,13:02:03,117461,2,4.1120,3.8917,0.0534,1.5713,0.5617,0,1.0000,514,1,20.9935,-24.6865,-25.9826,7.9426,-0.6602,0.072,0.000,0.930,0.0000,0.0000,0
2026-05-06,13:02:03,117497,2,4.1120,4.1092,0.0449,1.3195,0.5300,0,1.0000,514,1,21.5360,-5.7183,-23.6266,44.6515,-26.3128,0.136,0.000,0.926,0.0000,0.0000,0
2026-05-06,13:02:03,117532,2,4.1120,4.2044,0.0580,1.7055,0.4998,0,1.0000,514,1,17.2437,-93.7752,-20.6521,65.6780,-20.9160,0.200,0.000,0.923,0.0000,0.0000,0
2026-05-06,13:02:03,117568,2,0.0000,4.1179,0.0271,0.7969,0.4670,0,1.0000,0,1,14.0132,-88.7773,-18.4960,53.6965,2.2376,0.240,0.000,0.920,0.0000,0.0000,0
2026-05-06,13:02:03,117604,2,0.0000,-0.9991,0.0077,0.2274,0.4584,0,1.0000,0,1,10.3042,-111.3383,-17.5177,27.8265,28.1564,0.280,0.000,0.917,0.0000,0.0000,0
2026-05-06,13:02:03,117639,2,0.0000,0.1206,-0.0007,0.0194,0.4593,0,1.0000,0,1,5.9048,-125.3843,-17.4257,6.6373,50.4014,0.272,0.000,0.914,0.0000,0.0000,0
2026-05-06,13:02:03,117675,2,0.0000,0.1196,0.0035,0.1022,0.4594,0,1.0000,0,1,3.6051,-52.7582,-17.8721,-10.2876,69.2628,0.240,0.000,0.910,0.0000,0.0000,0
2026-05-06,13:02:03,117710,2,0.0000,0.0735,0.0038,0.1112,0.4595,0,1.0000,0,1,4.4115,22.0187,-18.5592,-17.8671,85.2281,0.208,0.000,0.907,0.0000,0.0000,0
2026-05-06,13:02:03,117745,2,0.0000,0.0384,0.0041,0.1203,0.4595,0,1.0000,0,1,4.9181,13.1378,-19.0630,-15.5289,64.7020,0.176,0.000,0.904,0.0000,0.0000,0
2026-05-06,13:02:04,117780,2,0.0000,0.0319,0.0044,0.1295,0.4595,0,1.0000,0,1,5.6898,26.2659,-19.1361,-6.1632,35.4439,0.144,0.000,0.901,0.0000,0.0000,0
2026-05-06,13:02:04,117816,2,0.0000,0.0129,0.0044,0.1295,0.4595,0,1.0000,0,1,6.2780,17.5844,-18.9955,0.7599,56.8554,0.112,0.000,0.898,0.0000,0.0000,0
2026-05-06,13:02:04,117851,2,0.0000,-0.0089,0.0041,0.1204,0.4595,0,1.0000,0,1,6.4411,4.9474,-18.8234,3.6718,27.8712,0.080,0.000,0.894,0.0000,0.0000,0
2026-05-06,13:02:04,117887,2,0.0000,-0.0149,0.0047,0.1391,0.4595,0,1.0000,0,1,6.8228,14.1159,-18.6241,5.4361,17.9685,0.048,0.000,0.891,0.0000,0.0000,0
2026-05-06,13:02:04,117922,2,0.0000,-0.0013,0.0054,0.1575,0.4595,0,1.0000,0,1,7.1300,8.2480,-18.4230,5.8363,34.8454,0.016,0.000,0.888,0.0000,0.0000,0
2026-05-06,13:02:04,117957,2,0.0000,-0.0014,0.0044,0.1289,0.4595,0,1.0000,0,1,7.1887,2.5652,-18.3226,3.7942,9.2702,0.000,0.000,0.885,0.0000,0.0000,0
2026-05-06,13:02:04,117993,2,0.0000,-0.0158,0.0053,0.1572,0.4595,0,1.0000,0,1,7.4708,9.1721,-18.2607,2.5488,15.4003,0.000,0.000,0.882,0.0000,0.0000,0
2026-05-06,13:02:04,118028,2,0.0000,-0.0084,0.0047,0.1389,0.4595,0,1.0000,0,1,7.6078,2.5958,-18.2010,2.1975,25.6127,0.000,0.000,0.878,0.0000,0.0000,0
2026-05-06,13:02:04,118063,2,0.0000,0.0003,0.0063,0.1842,0.4595,0,1.0000,0,1,7.6451,2.6476,-18.1040,2.7032,-5.1059,0.000,0.000,0.875,0.0000,0.0000,0
2026-05-06,13:02:04,118098,2,0.0000,0.0051,0.0047,0.1382,0.4595,0,1.0000,0,1,7.8641,6.3923,-18.0149,2.7060,9.7969,0.000,0.000,0.872,0.0000,0.0000,0
2026-05-06,13:02:04,118133,2,0.0000,-0.0028,0.0060,0.1760,0.4595,0,1.0000,0,1,7.8842,0.1468,-17.9262,2.6601,21.2723,0.000,0.000,0.869,0.0000,0.0000,0
2026-05-06,13:02:04,118168,2,0.0000,0.0009,0.0056,0.1657,0.4595,0,1.0000,0,1,7.9360,3.1301,-17.9005,1.3086,-1.5862,0.000,0.000,0.866,0.0000,0.0000,0
2026-05-06,13:02:04,118204,2,0.0000,-0.0105,0.0057,0.1667,0.4595,0,1.0000,0,0,8.0960,3.8741,-17.8815,0.8680,-0.3585,0.000,0.000,0.862,0.0000,0.0000,0
2026-05-06,13:02:04,118239,2,0.0000,0.0000,0.0047,0.1386,0.4595,0,1.0000,0,0,8.0704,-0.8843,-17.8618,0.6468,5.5868,0.000,0.000,0.859,0.0000,0.0000,0
2026-05-06,13:02:04,118274,2,0.0000,0.0065,0.0047,0.1381,0.4595,0,1.0000,0,0,8.1535,3.5373,-17.7868,1.9425,-15.0973,0.000,0.000,0.856,0.0000,0.0000,0
2026-05-06,13:02:04,118309,2,0.0000,0.0031,0.0050,0.1473,0.4595,0,1.0000,0,0,8.2593,2.2143,-17.7030,2.1528,-6.1654,0.000,0.000,0.853,0.0000,0.0000,0
2026-05-06,13:02:04,118344,2,0.0000,-0.0007,0.0057,0.1665,0.4595,0,1.0000,0,0,8.2088,-1.1706,-17.7071,0.5915,-18.7475,0.000,0.000,0.850,0.0000,0.0000,0
2026-05-06,13:02:04,118379,2,0.0000,-0.0075,0.0054,0.1575,0.4595,0,1.0000,0,0,8.2887,2.9850,-17.7254,-0.1276,-28.6003,0.000,0.000,0.846,0.0000,0.0000,0
2026-05-06,13:02:04,118419,2,0.0000,-0.0038,0.0053,0.1572,0.4595,0,1.0000,0,0,8.2992,-0.0773,-17.7222,-0.3052,-19.4150,0.000,0.000,0.844,0.0000,0.0000,0
2026-05-06,13:02:04,118455,2,0.0000,0.0096,0.0047,0.1381,0.4595,0,1.0000,0,0,8.2881,0.6766,-17.7522,-0.6692,-37.0431,0.000,0.000,0.841,0.0000,0.0000,0
2026-05-06,13:02:04,118490,2,0.0000,-0.0090,0.0041,0.1196,0.4595,0,1.0000,0,0,8.3787,2.1111,-17.7705,-0.6736,-37.4190,0.000,0.000,0.838,0.0000,0.0000,0
2026-05-06,13:02:04,118525,2,0.0000,0.0072,0.0041,0.1205,0.4595,0,1.0000,0,0,8.3384,-1.7238,-17.8438,-1.7738,-5.0667,0.000,0.000,0.834,0.0000,0.0000,0
2026-05-06,13:02:04,118560,2,0.0000,0.0000,0.0060,0.1752,0.4595,0,1.0000,0,0,8.3364,0.6894,-17.8087,0.1071,-31.2125,0.000,0.000,0.831,0.0000,0.0000,0
2026-05-06,13:02:04,118596,2,0.0000,0.0157,0.0041,0.1204,0.4595,0,1.0000,0,0,8.3931,1.1030,-17.8024,0.1255,-46.7056,0.000,0.000,0.828,0.0000,0.0000,0
2026-05-06,13:02:04,118631,2,0.0000,-0.0041,0.0060,0.1763,0.4595,0,1.0000,0,0,8.3640,-0.5825,-17.7755,0.4399,-60.2822,0.000,0.000,0.825,0.0000,0.0000,0
2026-05-06,13:02:04,118666,2,0.0000,-0.0068,0.0060,0.1750,0.4595,0,1.0000,0,0,8.3988,1.4329,-17.7651,0.2833,-78.1946,0.000,0.000,0.822,0.0000,0.0000,0
2026-05-06,13:02:04,118701,2,0.0000,0.0018,0.0057,0.1665,0.4595,0,1.0000,0,0,8.4150,-0.1790,-17.7746,-0.2351,-59.4226,0.000,0.000,0.818,0.0000,0.0000,0
2026-05-06,13:02:04,118736,2,0.0000,0.0015,0.0057,0.1670,0.4595,0,1.0000,0,0,8.3736,-1.1215,-17.8509,-1.8001,-57.9389,0.000,0.000,0.815,0.0000,0.0000,0
2026-05-06,13:02:05,118771,2,0.0000,-0.0013,0.0050,0.1482,0.4595,0,1.0000,0,0,8.4261,1.4821,-17.9319,-2.3467,-69.4306,0.000,0.000,0.812,0.0000,0.0000,0
2026-05-06,13:02:05,118807,2,0.0000,-0.0043,0.0057,0.1668,0.4595,0,1.0000,0,0,8.4276,-0.7807,-17.9744,-1.5161,-59.2750,0.000,0.000,0.809,0.0000,0.0000,0
2026-05-06,13:02:05,118842,2,0.0000,-0.0100,0.0056,0.1656,0.4595,0,1.0000,0,0,8.4123,-0.2597,-17.9378,0.1349,-77.3419,0.000,0.000,0.806,0.0000,0.0000,0
2026-05-06,13:02:05,118878,2,0.0000,-0.0006,0.0007,0.0200,0.4595,0,1.0000,0,0,8.4574,0.7088,-17.9314,0.1707,-79.1504,0.000,0.000,0.802,0.0000,0.0000,0
2026-05-06,13:02:05,118913,2,0.0000,0.0034,0.0053,0.1569,0.4595,0,1.0000,0,0,8.4183,-1.5726,-17.9152,0.3839,-74.3254,0.000,0.000,0.799,0.0000,0.0000,0
2026-05-06,13:02:05,118948,2,0.0000,0.0092,0.0053,0.1569,0.4595,0,1.0000,0,0,8.4382,1.2994,-17.8509,1.3885,-77.1349,0.000,0.000,0.796,0.0000,0.0000,0
2026-05-06,13:02:05,118983,2,0.0000,0.0112,0.0053,0.1566,0.4595,0,1.0000,0,0,8.4438,-0.4178,-17.8093,1.2219,-85.9017,0.000,0.000,0.793,0.0000,0.0000,0
2026-05-06,13:02:05,119018,2,0.0000,-0.0071,0.0060,0.1760,0.4595,0,1.0000,0,0,8.3955,-1.5233,-17.7438,2.0682,-100.0052,0.000,0.000,0.790,0.0000,0.0000,0
2026-05-06,13:02:05,119053,2,0.0000,0.0096,0.0050,0.1476,0.4595,0,1.0000,0,0,8.4179,0.8694,-17.6881,1.6117,-105.0807,0.000,0.000,0.786,0.0000,0.0000,0
2026-05-06,13:02:05,119088,2,0.0000,0.0051,0.0050,0.1480,0.4595,0,1.0000,0,0,8.4250,-0.2022,-17.6675,1.0810,-116.3125,0.000,0.000,0.783,0.0000,0.0000,0
2026-05-06,13:02:05,119123,2,0.0000,0.0012,0.0057,0.1665,0.4595,0,1.0000,0,0,8.4024,-0.9733,-17.6911,-0.3027,-104.8561,0.000,0.000,0.780,0.0000,0.0000,0
2026-05-06,13:02:05,119158,2,0.0000,0.0030,0.0054,0.1575,0.4595,0,1.0000,0,0,8.4349,0.3211,-17.7626,-1.7404,-82.5049,0.000,0.000,0.777,0.0000,0.0000,0
2026-05-06,13:02:05,119193,2,0.0000,0.0170,0.0050,0.1474,0.4595,0,1.0000,0,0,8.4123,-0.8821,-17.8331,-2.0986,-83.6852,0.000,0.000,0.774,0.0000,0.0000,0
2026-05-06,13:02:05,119229,2,0.0000,0.0055,0.0050,0.1474,0.4595,0,1.0000,0,0,8.3800,-0.7288,-17.8806,-1.6214,-91.1966,0.000,0.000,0.770,0.0000,0.0000,0
2026-05-06,13:02:05,119264,2,0.0000,0.0022,0.0059,0.1747,0.4595,0,1.0000,0,0,8.4183,0.7167,-17.8941,-0.8160,-84.0007,0.000,0.000,0.767,0.0000,0.0000,0
2026-05-06,13:02:05,119299,2,0.0000,0.0135,0.0069,0.2035,0.4595,0,1.0000,0,0,8.3930,-0.9614,-17.9145,-0.9239,-85.2418,0.000,0.000,0.764,0.0000,0.0000,0
2026-05-06,13:02:05,119334,2,0.0000,-0.0020,0.0050,0.1476,0.4595,0,1.0000,0,0,8.4039,0.3341,-17.9731,-1.4640,-72.6206,0.000,0.000,0.761,0.0000,0.0000,0
2026-05-06,13:02:05,119368,2,0.0000,-0.0077,0.0047,0.1378,0.4595,0,1.0000,0,0,8.4305,0.5318,-17.9628,-1.0791,-69.7525,0.000,0.000,0.759,0.0000,0.0000,0
2026-05-06,13:02:05,119404,2,0.0000,0.0044,0.0034,0.1013,0.4595,0,1.0000,0,0,8.4128,-0.7301,-17.9544,-0.1888,-59.2869,0.000,0.000,0.756,0.0000,0.0000,0
2026-05-06,13:02:05,119439,2,0.0000,-0.0051,0.0056,0.1659,0.4595,0,1.0000,0,0,8.4306,0.7686,-17.9176,0.6549,-70.3111,0.000,0.000,0.753,0.0000,0.0000,0
2026-05-06,13:02:05,119474,2,0.0000,0.0109,0.0050,0.1476,0.4595,0,1.0000,0,0,8.4200,-0.5108,-17.8896,0.8616,-79.9620,0.000,0.000,0.750,0.0000,0.0000,0
2026-05-06,13:02:05,119509,2,0.0000,0.0058,0.0054,0.1576,0.4595,0,1.0000,0,0,8.3939,-0.2636,-17.7995,2.1484,-62.0145,0.000,0.000,0.746,0.0000,0.0000,0
2026-05-06,13:02:05,119544,2,0.0000,0.0067,0.0057,0.1662,0.4595,0,1.0000,0,0,8.4004,-0.0308,-17.7458,1.5933,-46.6031,0.000,0.000,0.743,0.0000,0.0000,0
2026-05-06,13:02:05,119579,2,0.0000,0.0200,0.0053,0.1568,0.4595,0,1.0000,0,0,8.3957,-0.4639,-17.7554,0.4069,-47.1586,0.000,0.000,0.740,0.0000,0.0000,0
2026-05-06,13:02:05,119614,2,0.0000,0.0055,0.0047,0.1380,0.4595,0,1.0000,0,0,8.3782,-0.3517,-17.7157,0.8055,-33.0115,0.000,0.000,0.737,0.0000,0.0000,0
2026-05-06,13:02:05,119649,2,0.0000,-0.0110,0.0060,0.1762,0.4595,0,1.0000,0,0,8.4083,0.5152,-17.7324,-0.2192,-41.3221,0.000,0.000,0.734,0.0000,0.0000,0
2026-05-06,13:02:05,119684,2,0.0000,0.0029,0.0056,0.1659,0.4595,0,1.0000,0,0,8.3820,-0.9899,-17.7478,-0.2904,-35.9108,0.000,0.000,0.730,0.0000,0.0000,0
2026-05-06,13:02:05,119719,2,0.0000,-0.0043,0.0047,0.1392,0.4595,0,1.0000,0,0,8.3798,-0.4156,-17.7083,0.7456,-37.5530,0.000,0.000,0.727,0.0000,0.0000,0
2026-05-06,13:02:05,119754,2,0.0000,0.0052,0.0056,0.1661,0.4595,0,1.0000,0,0,8.3837,-0.0823,-17.6281,1.8320,-46.2297,0.000,0.000,0.724,0.0000,0.0000,0
2026-05-06,13:02:06,119789,2,0.0000,-0.0104,0.0054,0.1574,0.4595,0,1.0000,0,0,8.3725,-0.1980,-17.6292,0.3898,-38.4625,0.000,0.000,0.721,0.0000,0.0000,0
2026-05-06,13:02:06,119824,2,0.0000,0.0076,0.0056,0.1658,0.4595,0,1.0000,0,0,8.3820,0.4837,-17.6436,-0.2704,-33.2242,0.000,0.000,0.718,0.0000,0.0000,0
2026-05-06,13:02:06,119859,2,0.0000,0.0060,0.0056,0.1659,0.4595,0,1.0000,0,0,8.4098,0.7327,-17.7066,-1.3578,-55.1748,0.000,0.000,0.714,0.0000,0.0000,0
2026-05-06,13:02:06,119894,2,0.0000,-0.0070,0.0053,0.1568,0.4595,0,1.0000,0,0,8.3921,-0.5464,-17.7259,-0.8813,-60.4496,0.000,0.000,0.711,0.0000,0.0000,0
2026-05-06,13:02:06,119930,2,0.0000,-0.0003,0.0053,0.1572,0.4595,0,1.0000,0,0,8.4149,0.6104,-17.7372,-0.5742,-58.9571,0.000,0.000,0.708,0.0000,0.0000,0
2026-05-06,13:02:06,119965,2,0.0000,-0.0034,0.0054,0.1575,0.4595,0,1.0000,0,0,8.4037,-0.4501,-17.7325,-0.1500,-77.0590,0.000,0.000,0.705,0.0000,0.0000,0
2026-05-06,13:02:06,120000,2,0.0000,0.0065,0.0047,0.1384,0.4595,0,1.0000,0,0,8.3934,-0.3484,-17.7108,0.3689,-52.4836,0.000,0.000,0.702,0.0000,0.0000,0
2026-05-06,13:02:06,120035,2,0.0000,-0.0070,0.0050,0.1472,0.4595,0,1.0000,0,0,8.3855,-0.7854,-17.7427,-0.6464,-58.7003,0.000,0.000,0.698,0.0000,0.0000,0
2026-05-06,13:02:06,120070,2,0.0000,-0.0141,0.0060,0.1760,0.4595,0,1.0000,0,0,8.3694,-0.7749,-17.7851,-1.1441,-63.7021,0.000,0.000,0.695,0.0000,0.0000,0
2026-05-06,13:02:06,120105,2,0.0000,-0.0100,0.0053,0.1562,0.4595,0,1.0000,0,0,8.3610,-0.1073,-17.8778,-2.5104,-68.2450,0.000,0.000,0.692,0.0000,0.0000,0
2026-05-06,13:02:06,120140,2,0.0000,-0.0061,0.0054,0.1575,0.4595,0,1.0000,0,0,8.3743,0.2570,-17.9587,-2.5380,-78.4824,0.000,0.000,0.689,0.0000,0.0000,0
2026-05-06,13:02:06,120176,2,0.0000,-0.0195,0.0060,0.1761,0.4596,0,1.0000,0,0,8.3798,-0.1533,-18.0291,-2.3837,-86.9124,0.000,0.000,0.686,0.0000,0.0000,0
2026-05-06,13:02:06,120211,2,0.0000,-0.0115,0.0063,0.1854,0.4595,0,1.0000,0,0,8.3841,-0.0879,-18.0631,-1.3922,-67.0885,0.000,0.000,0.682,0.0000,0.0000,0
2026-05-06,13:02:06,120246,2,0.0000,0.0091,0.0054,0.1574,0.4595,0,1.0000,0,0,8.3946,0.5439,-18.0142,0.5363,-70.3017,0.000,0.000,0.679,0.0000,0.0000,0
2026-05-06,13:02:06,120282,2,0.0000,-0.0008,0.0057,0.1663,0.4595,0,1.0000,0,0,8.4141,0.5371,-17.9862,0.6147,-62.7243,0.000,0.000,0.677,0.0000,0.0000,0
2026-05-06,13:02:06,120318,2,0.0000,0.0021,0.0057,0.1670,0.4595,0,1.0000,0,0,8.4122,0.1620,-17.9962,-0.1698,-60.0832,0.000,0.000,0.674,0.0000,0.0000,0
2026-05-06,13:02:06,120354,2,0.0000,-0.0111,0.0057,0.1667,0.4595,0,1.0000,0,0,8.4041,-0.6880,-18.0277,-0.7091,-70.9812,0.000,0.000,0.670,0.0000,0.0000,0
2026-05-06,13:02:06,120389,2,0.0000,-0.0016,0.0060,0.1760,0.4595,0,1.0000,0,0,8.3950,-0.7705,-18.0665,-1.1608,-80.2594,0.000,0.000,0.667,0.0000,0.0000,0
2026-05-06,13:02:06,120424,2,0.0000,-0.0066,0.0054,0.1575,0.4595,0,1.0000,0,0,8.3794,-0.7733,-18.1084,-1.2410,-81.5116,0.000,0.000,0.664,0.0000,0.0000,0
2026-05-06,13:02:06,120459,2,0.0000,-0.0100,0.0066,0.1930,0.4595,0,1.0000,0,0,8.3814,-0.1727,-18.1401,-1.1413,-89.4835,0.000,0.000,0.661,0.0000,0.0000,0
2026-05-06,13:02:06,120494,2,0.0000,0.0077,0.0057,0.1666,0.4595,0,1.0000,0,0,8.3949,0.3502,-18.1194,0.1783,-76.0741,0.000,0.000,0.658,0.0000,0.0000,0
2026-05-06,13:02:06,120529,2,0.0000,-0.0109,0.0050,0.1482,0.4595,0,1.0000,0,0,8.4084,0.8140,-18.0563,1.3148,-85.1439,0.000,0.000,0.654,0.0000,0.0000,0
2026-05-06,13:02:06,120564,2,0.0000,0.0054,0.0047,0.1391,0.4595,0,1.0000,0,0,8.4037,-0.0396,-17.9762,1.9293,-72.6515,0.000,0.000,0.651,0.0000,0.0000,0
2026-05-06,13:02:06,120599,2,0.0000,0.0081,0.0041,0.1203,0.4595,0,1.0000,0,0,8.4199,0.5332,-17.9826,0.4468,-68.6811,0.000,0.000,0.648,0.0000,0.0000,0
2026-05-06,13:02:06,120634,2,0.0000,0.0006,0.0047,0.1392,0.4595,0,1.0000,0,0,8.4218,-0.0290,-17.9838,0.2810,-78.8454,0.000,0.000,0.645,0.0000,0.0000,0
2026-05-06,13:02:06,120669,2,0.0000,-0.0181,0.0013,0.0387,0.4595,0,1.0000,0,0,8.4262,-0.2934,-17.9166,1.4081,-74.0468,0.000,0.000,0.642,0.0000,0.0000,0
2026-05-06,13:02:06,120704,2,0.0000,0.0144,0.0057,0.1662,0.4595,0,1.0000,0,0,8.4435,0.6113,-17.8859,0.8565,-57.2407,0.000,0.000,0.638,0.0000,0.0000,0
2026-05-06,13:02:06,120740,2,0.0000,0.0054,0.0054,0.1575,0.4595,0,1.0000,0,0,8.4331,-0.2368,-17.8878,0.2887,-42.6670,0.000,0.000,0.635,0.0000,0.0000,0
2026-05-06,13:02:07,120775,2,0.0000,-0.0012,0.0047,0.1386,0.4595,0,1.0000,0,0,8.4236,-0.4034,-17.8724,0.2650,-36.9240,0.000,0.000,0.632,0.0000,0.0000,0
2026-05-06,13:02:07,120810,2,0.0000,0.0064,0.0060,0.1751,0.4595,0,1.0000,0,0,8.4342,0.2247,-17.9026,-0.6383,-17.9345,0.000,0.000,0.629,0.0000,0.0000,0
2026-05-06,13:02:07,120845,2,0.0000,0.0111,0.0050,0.1476,0.4595,0,1.0000,0,0,8.4255,-0.3385,-17.9441,-1.1218,-28.0671,0.000,0.000,0.626,0.0000,0.0000,0
2026-05-06,13:02:07,120880,2,0.0000,0.0010,0.0060,0.1758,0.4595,0,1.0000,0,0,8.4049,-0.5850,-18.0221,-1.9843,-37.0881,0.000,0.000,0.622,0.0000,0.0000,0
2026-05-06,13:02:07,120915,2,0.0000,-0.0026,0.0056,0.1660,0.4595,0,1.0000,0,0,8.4052,-0.4558,-18.0935,-2.4487,-39.0872,0.000,0.000,0.619,0.0000,0.0000,0
2026-05-06,13:02:07,120951,2,0.0000,-0.0026,0.0060,0.1752,0.4595,0,1.0000,0,0,8.4125,0.3430,-18.1808,-2.4645,-53.7890,0.000,0.000,0.616,0.0000,0.0000,0
2026-05-06,13:02:07,120986,2,0.0000,0.0143,0.0054,0.1574,0.4595,0,1.0000,0,0,8.4098,-0.0772,-18.1946,-1.1893,-46.2491,0.000,0.000,0.613,0.0000,0.0000,0
2026-05-06,13:02:07,121021,2,0.0000,-0.0111,0.0047,0.1379,0.4595,0,1.0000,0,0,8.4027,-0.1853,-18.1558,0.3961,-59.8960,0.000,0.000,0.610,0.0000,0.0000,0
2026-05-06,13:02:07,121056,2,0.0000,0.0039,0.0047,0.1381,0.4595,0,1.0000,0,0,8.3993,-0.2190,-18.0905,1.4576,-71.3665,0.000,0.000,0.606,0.0000,0.0000,0
2026-05-06,13:02:07,121091,2,0.0000,0.0015,0.0050,0.1474,0.4595,0,1.0000,0,0,8.4129,-0.0684,-18.0286,1.6095,-67.9796,0.000,0.000,0.603,0.0000,0.0000,0
2026-05-06,13:02:07,121126,2,0.0000,-0.0014,0.0054,0.1575,0.4595,0,1.0000,0,0,8.4159,0.2338,-18.0119,0.7841,-71.4679,0.000,0.000,0.600,0.0000,0.0000,0
2026-05-06,13:02:07,121161,2,0.0000,0.0065,0.0050,0.1483,0.4595,0,1.0000,0,0,8.4282,0.2362,-18.0204,0.2051,-73.7559,0.000,0.000,0.597,0.0000,0.0000,0
2026-05-06,13:02:07,121196,2,0.0000,0.0055,0.0028,0.0833,0.4595,0,1.0000,0,0,8.4324,0.3030,-18.0194,-0.0343,-83.4268,0.000,0.000,0.594,0.0000,0.0000,0
2026-05-06,13:02:07,121237,2,0.0000,-0.0034,0.0047,0.1376,0.4595,0,1.0000,0,0,8.4405,0.0385,-18.0166,-0.0284,-84.2330,0.000,0.000,0.591,0.0000,0.0000,0
2026-05-06,13:02:07,121273,2,0.0000,0.0098,0.0054,0.1575,0.4595,0,1.0000,0,0,8.4296,-0.5406,-18.0233,-0.2514,-70.7857,0.000,0.000,0.588,0.0000,0.0000,0
2026-05-06,13:02:07,121308,2,0.0000,-0.0091,0.0057,0.1663,0.4595,0,1.0000,0,0,8.4150,-0.7048,-18.0454,-0.5661,-87.1353,0.000,0.000,0.585,0.0000,0.0000,0
2026-05-06,13:02:07,121343,2,0.0000,0.0050,0.0060,0.1755,0.4595,0,1.0000,0,0,8.4088,0.0272,-18.0710,-0.6602,-101.0465,0.000,0.000,0.582,0.0000,0.0000,0
2026-05-06,13:02:07,121378,2,0.0000,-0.0044,0.0066,0.1937,0.4595,0,1.0000,0,0,8.4111,-0.0226,-18.0917,-0.6627,-92.8053,0.000,0.000,0.578,0.0000,0.0000,0
2026-05-06,13:02:07,121414,2,0.0000,-0.0124,0.0057,0.1667,0.4595,0,1.0000,0,0,8.4171,0.0438,-18.0639,0.4280,-105.8679,0.000,0.000,0.575,0.0000,0.0000,0
2026-05-06,13:02:07,121449,2,0.0000,0.0140,0.0047,0.1390,0.4595,0,1.0000,0,0,8.4076,-0.1406,-18.0155,1.0109,-103.0180,0.000,0.000,0.572,0.0000,0.0000,0
2026-05-06,13:02:07,121485,2,0.0000,0.0088,0.0057,0.1666,0.4595,0,1.0000,0,0,8.3980,-0.1530,-17.9917,1.0354,-94.5012,0.000,0.000,0.569,0.0000,0.0000,0
2026-05-06,13:02:07,121520,2,0.0000,0.0040,0.0057,0.1669,0.4595,0,1.0000,0,0,8.3903,0.0200,-17.9000,2.1716,-80.0726,0.000,0.000,0.566,0.0000,0.0000,0
2026-05-06,13:02:07,121555,2,0.0000,0.0029,0.0053,0.1569,0.4595,0,1.0000,0,0,8.3882,-0.0871,-17.8755,1.0751,-81.3585,0.000,0.000,0.562,0.0000,0.0000,0
2026-05-06,13:02:07,121590,2,0.0000,-0.0039,0.0053,0.1569,0.4595,0,1.0000,0,0,8.3773,-1.0890,-17.9000,-0.0859,-76.2118,0.000,0.000,0.559,0.0000,0.0000,0
2026-05-06,13:02:07,121625,2,0.0000,-0.0093,0.0057,0.1665,0.4595,0,1.0000,0,0,8.3775,-0.2226,-17.9159,-0.5195,-84.8417,0.000,0.000,0.556,0.0000,0.0000,0
2026-05-06,13:02:07,121660,2,0.0000,0.0151,0.0053,0.1567,0.4595,0,1.0000,0,0,8.3810,0.0037,-17.9388,-0.6193,-79.8448,0.000,0.000,0.553,0.0000,0.0000,0
2026-05-06,13:02:07,121695,2,0.0000,-0.0064,0.0057,0.1669,0.4595,0,1.0000,0,0,8.3855,0.0685,-17.9006,0.6673,-75.0551,0.000,0.000,0.550,0.0000,0.0000,0
2026-05-06,13:02:07,121731,2,0.0000,-0.0044,0.0053,0.1563,0.4595,0,1.0000,0,0,8.3929,-0.1309,-17.8582,0.9111,-76.6716,0.000,0.000,0.546,0.0000,0.0000,0
2026-05-06,13:02:08,121766,2,0.0000,0.0082,0.0047,0.1388,0.4595,0,1.0000,0,0,8.4088,0.6919,-17.8689,0.0937,-79.3971,0.000,0.000,0.543,0.0000,0.0000,0
2026-05-06,13:02:08,121801,2,0.0000,0.0012,0.0050,0.1477,0.4595,0,1.0000,0,0,8.4164,0.2535,-17.8598,0.1166,-87.4085,0.000,0.000,0.540,0.0000,0.0000,0
2026-05-06,13:02:08,121836,2,0.0000,0.0143,0.0050,0.1476,0.4595,0,1.0000,0,0,8.4148,-0.0997,-17.8940,-0.7586,-82.0305,0.000,0.000,0.537,0.0000,0.0000,0
2026-05-06,13:02:08,121871,2,0.0000,0.0065,0.0078,0.2306,0.4595,0,1.0000,0,0,8.4204,0.1015,-17.9254,-0.8465,-90.4482,0.000,0.000,0.534,0.0000,0.0000,0
2026-05-06,13:02:08,121907,2,0.0000,-0.0092,0.0047,0.1389,0.4595,0,1.0000,0,0,8.4362,0.4095,-17.9063,0.0943,-91.1118,0.000,0.000,0.530,0.0000,0.0000,0
2026-05-06,13:02:08,121942,2,0.0000,0.0022,0.0050,0.1483,0.4595,0,1.0000,0,0,8.4435,0.4017,-17.8700,0.8003,-90.8549,0.000,0.000,0.527,0.0000,0.0000,0
2026-05-06,13:02:08,121978,2,0.0000,0.0115,0.0053,0.1566,0.4595,0,1.0000,0,0,8.4274,-0.7669,-17.9044,-0.8282,-84.1414,0.000,0.000,0.524,0.0000,0.0000,0
2026-05-06,13:02:08,122013,2,0.0000,0.0009,0.0044,0.1295,0.4595,0,1.0000,0,0,8.4137,-0.5167,-17.9849,-1.8779,-78.8367,0.000,0.000,0.521,0.0000,0.0000,0
2026-05-06,13:02:08,122048,2,0.0000,-0.0049,0.0047,0.1389,0.4595,0,1.0000,0,0,8.4290,0.4995,-17.9674,-0.2655,-86.9362,0.000,0.000,0.518,0.0000,0.0000,0
2026-05-06,13:02:08,122083,2,0.0000,0.0087,0.0053,0.1572,0.4595,0,1.0000,0,0,8.4227,-0.0257,-17.9059,1.1381,-100.8804,0.000,0.000,0.514,0.0000,0.0000,0
2026-05-06,13:02:08,122118,2,0.0000,-0.0091,0.0050,0.1479,0.4595,0,1.0000,0,0,8.4302,-0.2379,-17.8906,0.6696,-91.8683,0.000,0.000,0.511,0.0000,0.0000,0
2026-05-06,13:02:08,122153,2,0.0000,0.0043,0.0060,0.1758,0.4595,0,1.0000,0,0,8.4384,0.2548,-17.8875,0.1543,-98.8367,0.000,0.000,0.508,0.0000,0.0000,0
2026-05-06,13:02:08,122186,2,0.0000,-0.0055,0.0060,0.1760,0.4595,0,1.0000,0,0,8.4567,0.3860,-17.8805,0.1602,-102.1207,0.000,0.000,0.506,0.0000,0.0000,0
2026-05-06,13:02:08,122221,2,0.0000,-0.0063,0.0063,0.1843,0.4595,0,1.0000,0,0,8.4411,-0.4051,-17.8986,-0.3325,-100.1130,0.000,0.000,0.503,0.0000,0.0000,0
2026-05-06,13:02:08,122256,2,0.0000,-0.0021,0.0053,0.1561,0.4595,0,1.0000,0,0,8.4496,0.0805,-17.9063,-0.2586,-105.5881,0.000,0.000,0.500,0.0000,0.0000,0
2026-05-06,13:02:08,122291,2,0.0000,-0.0095,0.0057,0.1669,0.4595,0,1.0000,0,0,8.4324,-0.3874,-17.9114,-0.2152,-90.7217,0.000,0.000,0.497,0.0000,0.0000,0
2026-05-06,13:02:08,122326,2,0.0000,-0.0032,0.0053,0.1566,0.4595,0,1.0000,0,0,8.4363,0.0209,-17.9442,-0.8575,-83.7844,0.000,0.000,0.494,0.0000,0.0000,0
2026-05-06,13:02:08,122361,2,0.0000,0.0045,0.0047,0.1390,0.4595,0,1.0000,0,0,8.4412,0.5646,-17.9689,-0.6691,-84.7961,0.000,0.000,0.490,0.0000,0.0000,0
2026-05-06,13:02:08,122396,2,0.0000,-0.0025,0.0053,0.1569,0.4595,0,1.0000,0,0,8.4181,-0.4840,-17.9639,-0.2654,-85.6481,0.000,0.000,0.487,0.0000,0.0000,0
2026-05-06,13:02:08,122431,2,0.0000,-0.0086,0.0088,0.2586,0.4595,0,1.0000,0,0,8.4223,-0.5271,-18.0036,-1.0157,-80.5276,0.000,0.000,0.484,0.0000,0.0000,0
2026-05-06,13:02:08,122466,2,0.0000,-0.0058,0.0035,0.1016,0.4595,0,1.0000,0,0,8.4117,-0.7310,-18.0882,-2.1393,-88.7864,0.000,0.000,0.481,0.0000,0.0000,0
2026-05-06,13:02:08,122501,2,0.0000,-0.0045,0.0047,0.1390,0.4595,0,1.0000,0,0,8.4149,-0.3650,-18.1515,-2.0996,-68.7063,0.000,0.000,0.478,0.0000,0.0000,0
2026-05-06,13:02:08,122536,2,0.0000,0.0047,0.0057,0.1669,0.4595,0,1.0000,0,0,8.4092,-0.1877,-18.1991,-1.5874,-78.5957,0.000,0.000,0.474,0.0000,0.0000,0
2026-05-06,13:02:08,122571,2,0.0000,-0.0004,0.0060,0.1750,0.4595,0,1.0000,0,0,8.4082,0.0500,-18.1405,0.7257,-67.2028,0.000,0.000,0.471,0.0000,0.0000,0
2026-05-06,13:02:08,122606,2,0.0000,-0.0009,0.0075,0.2218,0.4595,0,1.0000,0,0,8.4100,-0.4113,-18.0485,2.1051,-56.9894,0.000,0.000,0.468,0.0000,0.0000,0
2026-05-06,13:02:08,122642,2,0.0000,0.0087,0.0041,0.1197,0.4595,0,1.0000,0,0,8.4054,-0.7519,-17.9859,1.9382,-61.8422,0.000,0.000,0.465,0.0000,0.0000,0
2026-05-06,13:02:08,122677,2,0.0000,0.0106,0.0060,0.1752,0.4595,0,1.0000,0,0,8.4019,-0.0122,-17.9065,2.3782,-58.9301,0.000,0.000,0.462,0.0000,0.0000,0
2026-05-06,13:02:08,122713,2,0.0000,0.0011,0.0050,0.1474,0.4595,0,1.0000,0,0,8.3960,-0.2205,-17.7994,3.0601,-57.5373,0.000,0.000,0.458,0.0000,0.0000,0
2026-05-06,13:02:08,122748,2,0.0000,0.0023,0.0069,0.2032,0.4595,0,1.0000,0,0,8.4153,0.9178,-17.7781,1.1167,-75.8739,0.000,0.000,0.455,0.0000,0.0000,0
2026-05-06,13:02:09,122783,2,0.0000,-0.0014,0.0066,0.1937,0.4595,0,1.0000,0,0,8.4309,0.4062,-17.8036,-0.2604,-72.0715,0.000,0.000,0.452,0.0000,0.0000,0
2026-05-06,13:02:09,122819,2,0.0000,-0.0088,0.0060,0.1760,0.4595,0,1.0000,0,0,8.4301,0.4501,-17.8291,-0.6299,-68.0251,0.000,0.000,0.449,0.0000,0.0000,0
2026-05-06,13:02:09,122854,2,0.0000,0.0031,0.0044,0.1297,0.4595,0,1.0000,0,0,8.4166,-0.1403,-17.8495,-0.7059,-78.1569,0.000,0.000,0.446,0.0000,0.0000,0
2026-05-06,13:02:09,122889,2,0.0000,0.0076,0.0066,0.1944,0.4595,0,1.0000,0,0,8.4147,-0.0301,-17.8838,-0.9821,-86.8995,0.000,0.000,0.442,0.0000,0.0000,0
2026-05-06,13:02:09,122924,2,0.0000,0.0025,0.0050,0.1485,0.4595,0,1.0000,0,0,8.4270,0.2636,-17.8498,0.5210,-88.2284,0.000,0.000,0.439,0.0000,0.0000,0
2026-05-06,13:02:09,122959,2,0.0000,-0.0011,0.0050,0.1483,0.4595,0,1.0000,0,0,8.4362,-0.0588,-17.8121,0.7856,-88.5659,0.000,0.000,0.436,0.0000,0.0000,0
2026-05-06,13:02:09,122994,2,0.0000,0.0066,0.0057,0.1670,0.4595,0,1.0000,0,0,8.4462,-0.2426,-17.8138,-0.0393,-67.9779,0.000,0.000,0.433,0.0000,0.0000,0
2026-05-06,13:02:09,123029,2,0.0000,0.0031,0.0056,0.1659,0.4595,0,1.0000,0,0,8.4477,0.4155,-17.9121,-2.1640,-58.2993,0.000,0.000,0.430,0.0000,0.0000,0
2026-05-06,13:02:09,123064,2,0.0000,0.0046,0.0060,0.1761,0.4595,0,1.0000,0,0,8.4283,-0.7744,-17.9756,-1.8759,-56.0477,0.000,0.000,0.426,0.0000,0.0000,0
2026-05-06,13:02:09,123100,2,0.0000,0.0027,0.0047,0.1380,0.4595,0,1.0000,0,0,8.4385,-0.2179,-17.9675,-1.2049,-56.2115,0.000,0.000,0.424,0.0000,0.0000,0
2026-05-06,13:02:09,123135,2,0.0000,-0.0076,0.0047,0.1382,0.4595,0,1.0000,0,0,8.4341,-0.5088,-17.9942,-1.0086,-60.9083,0.000,0.000,0.421,0.0000,0.0000,0
2026-05-06,13:02:09,123170,2,0.0000,0.0052,0.0053,0.1563,0.4595,0,1.0000,0,0,8.4250,-0.4459,-18.0284,-1.3032,-64.9034,0.000,0.000,0.418,0.0000,0.0000,0
2026-05-06,13:02:09,123205,2,0.0000,-0.0056,0.0063,0.1853,0.4595,0,1.0000,0,0,8.4266,0.1708,-18.0621,-1.1314,-82.1429,0.000,0.000,0.414,0.0000,0.0000,0
2026-05-06,13:02:09,123241,2,0.0000,-0.0026,0.0057,0.1665,0.4595,0,1.0000,0,0,8.4177,-0.2534,-18.0796,-0.8968,-82.9846,0.000,0.000,0.411,0.0000,0.0000,0
2026-05-06,13:02:09,123276,2,0.0000,-0.0117,0.0047,0.1391,0.4595,0,1.0000,0,0,8.4162,-0.1458,-18.1361,-1.3631,-64.0523,0.000,0.000,0.408,0.0000,0.0000,0
2026-05-06,13:02:09,123312,2,0.0000,-0.0171,0.0063,0.1856,0.4596,0,1.0000,0,0,8.4095,-0.4232,-18.1463,-0.8689,-68.1451,0.000,0.000,0.405,0.0000,0.0000,0
2026-05-06,13:02:09,123347,2,0.0000,-0.0058,0.0050,0.1485,0.4595,0,1.0000,0,0,8.4026,-0.3955,-18.1594,-0.4342,-78.2487,0.000,0.000,0.402,0.0000,0.0000,0
2026-05-06,13:02:09,123382,2,0.0000,0.0020,0.0053,0.1568,0.4595,0,1.0000,0,0,8.3934,-0.5220,-18.1396,0.1483,-65.5542,0.000,0.000,0.398,0.0000,0.0000,0
2026-05-06,13:02:09,123417,2,0.0000,-0.0051,0.0047,0.1384,0.4595,0,1.0000,0,0,8.3911,-0.1314,-18.2052,-1.5295,-62.7707,0.000,0.000,0.395,0.0000,0.0000,0
2026-05-06,13:02:09,123452,2,0.0000,0.0050,0.0063,0.1841,0.4595,0,1.0000,0,0,8.3841,-0.1514,-18.2396,-1.1265,-60.5394,0.000,0.000,0.392,0.0000,0.0000,0
2026-05-06,13:02:09,123487,2,0.0000,0.0020,0.0060,0.1751,0.4595,0,1.0000,0,0,8.4003,0.1970,-18.2338,-0.4351,-45.2152,0.000,0.000,0.389,0.0000,0.0000,0
2026-05-06,13:02:09,123522,2,0.0000,-0.0056,0.0057,0.1668,0.4595,0,1.0000,0,0,8.4179,0.4457,-18.2610,-0.5322,-31.6045,0.000,0.000,0.386,0.0000,0.0000,0
2026-05-06,13:02:09,123557,2,0.0000,-0.0038,0.0050,0.1472,0.4595,0,1.0000,0,0,8.4116,-0.1130,-18.2235,0.6150,-40.5141,0.000,0.000,0.382,0.0000,0.0000,0
2026-05-06,13:02:09,123592,2,0.0000,0.0102,0.0050,0.1474,0.4595,0,1.0000,0,0,8.4155,-0.0945,-18.1786,1.1748,-40.2272,0.000,0.000,0.379,0.0000,0.0000,0
2026-05-06,13:02:09,123627,2,0.0000,0.0013,0.0010,0.0284,0.4595,0,1.0000,0,0,8.4093,-0.0579,-18.1067,1.8471,-54.3758,0.000,0.000,0.376,0.0000,0.0000,0
2026-05-06,13:02:09,123662,2,0.0000,-0.0003,0.0063,0.1845,0.4595,0,1.0000,0,0,8.4085,-0.2787,-18.0632,1.3484,-45.6675,0.000,0.000,0.373,0.0000,0.0000,0
2026-05-06,13:02:09,123697,2,0.0000,0.0054,0.0047,0.1388,0.4595,0,1.0000,0,0,8.4015,-0.1406,-18.0098,1.6836,-51.5253,0.000,0.000,0.370,0.0000,0.0000,0
2026-05-06,13:02:09,123732,2,0.0000,-0.0013,0.0047,0.1390,0.4595,0,1.0000,0,0,8.4169,0.2331,-17.9191,2.4132,-43.7773,0.000,0.000,0.366,0.0000,0.0000,0
2026-05-06,13:02:10,123767,2,0.0000,-0.0005,0.0019,0.0560,0.4595,0,1.0000,0,0,8.4235,0.5019,-17.8957,1.1272,-31.2217,0.000,0.000,0.363,0.0000,0.0000,0
2026-05-06,13:02:10,123802,2,0.0000,0.0124,0.0047,0.1380,0.4595,0,1.0000,0,0,8.4308,-0.0923,-17.9451,-0.6287,-33.1328,0.000,0.000,0.360,0.0000,0.0000,0
2026-05-06,13:02:10,123837,2,0.0000,-0.0010,0.0053,0.1566,0.4595,0,1.0000,0,0,8.4290,-0.5967,-17.9721,-0.8288,-35.7069,0.000,0.000,0.357,0.0000,0.0000,0
2026-05-06,13:02:10,123872,2,0.0000,0.0025,0.0044,0.1291,0.4595,0,1.0000,0,0,8.4104,-0.5425,-18.0241,-1.2107,-43.4802,0.000,0.000,0.354,0.0000,0.0000,0
2026-05-06,13:02:10,123907,2,0.0000,0.0033,0.0047,0.1384,0.4595,0,1.0000,0,0,8.4145,0.1085,-17.9610,0.9529,-50.4896,0.000,0.000,0.350,0.0000,0.0000,0
2026-05-06,13:02:10,123943,2,0.0000,0.0027,0.0044,0.1286,0.4595,0,1.0000,0,0,8.4006,-0.7142,-17.9392,0.7158,-30.1514,0.000,0.000,0.347,0.0000,0.0000,0
2026-05-06,13:02:10,123978,2,0.0000,0.0045,0.0041,0.1205,0.4595,0,1.0000,0,0,8.3981,-0.0932,-17.9082,0.8560,-45.7805,0.000,0.000,0.344,0.0000,0.0000,0
2026-05-06,13:02:10,124013,2,0.0000,0.0042,0.0054,0.1576,0.4595,0,1.0000,0,0,8.4078,0.0803,-17.8841,0.8046,-53.7475,0.000,0.000,0.342,0.0000,0.0000,0
2026-05-06,13:02:10,124049,2,0.0000,0.0000,0.0053,0.1573,0.4595,0,1.0000,0,0,8.4074,-0.3086,-17.8645,0.5837,-39.8368,0.000,0.000,0.338,0.0000,0.0000,0
2026-05-06,13:02:10,124084,2,0.0000,0.0077,0.0047,0.1381,0.4595,0,1.0000,0,0,8.4075,0.0774,-17.8436,0.5850,-46.9845,0.000,0.000,0.335,0.0000,0.0000,0
2026-05-06,13:02:10,124119,2,0.0000,-0.0055,0.0044,0.1299,0.4595,0,1.0000,0,0,8.3969,-0.5251,-17.8597,-0.1990,-53.3186,0.000,0.000,0.332,0.0000,0.0000,0
2026-05-06,13:02:10,124154,2,0.0000,-0.0059,0.0047,0.1389,0.4595,0,1.0000,0,0,8.3930,-0.0474,-17.8746,-0.2380,-38.3920,0.000,0.000,0.329,0.0000,0.0000,0
2026-05-06,13:02:10,124189,2,0.0000,0.0029,0.0044,0.1294,0.4595,0,1.0000,0,0,8.3927,0.0752,-17.8240,0.8771,-32.4743,0.000,0.000,0.326,0.0000,0.0000,0
2026-05-06,13:02:10,124225,2,0.0000,-0.0121,0.0063,0.1852,0.4595,0,1.0000,0,0,8.3914,0.0391,-17.8414,-0.2123,-34.6153,0.000,0.000,0.322,0.0000,0.0000,0
2026-05-06,13:02:10,124260,2,0.0000,0.0032,0.0066,0.1948,0.4595,0,1.0000,0,0,8.3758,-0.7750,-17.8656,-0.5107,-30.0818,0.000,0.000,0.319,0.0000,0.0000,0
2026-05-06,13:02:10,124295,2,0.0000,-0.0001,0.0054,0.1575,0.4595,0,1.0000,0,0,8.3810,-0.1646,-17.8892,-0.7526,-25.3903,0.000,0.000,0.316,0.0000,0.0000,0
2026-05-06,13:02:10,124331,2,0.0000,-0.0032,0.0053,0.1569,0.4595,0,1.0000,0,0,8.3837,-0.2312,-17.8897,-0.2035,-41.3198,0.000,0.000,0.313,0.0000,0.0000,0
2026-05-06,13:02:10,124366,2,0.0000,0.0020,0.0050,0.1471,0.4595,0,1.0000,0,0,8.3800,0.1078,-17.8341,1.0092,-42.2919,0.000,0.000,0.310,0.0000,0.0000,0
2026-05-06,13:02:10,124401,2,0.0000,0.0008,0.0050,0.1483,0.4595,0,1.0000,0,0,8.4003,0.4359,-17.8654,-0.5847,-42.0153,0.000,0.000,0.306,0.0000,0.0000,0
2026-05-06,13:02:10,124436,2,0.0000,0.0090,0.0050,0.1481,0.4595,0,1.0000,0,0,8.3940,-0.6574,-17.8998,-0.8524,-49.2187,0.000,0.000,0.303,0.0000,0.0000,0
2026-05-06,13:02:10,124471,2,0.0000,-0.0035,0.0047,0.1384,0.4595,0,1.0000,0,0,8.3893,-0.4638,-17.9247,-0.8145,-41.3909,0.000,0.000,0.300,0.0000,0.0000,0
2026-05-06,13:02:10,124506,2,0.0000,0.0051,0.0057,0.1668,0.4595,0,1.0000,0,0,8.3802,-0.3153,-17.9192,-0.3534,-48.7110,0.000,0.000,0.297,0.0000,0.0000,0
2026-05-06,13:02:10,124541,2,0.0000,0.0077,0.0047,0.1381,0.4595,0,1.0000,0,0,8.3843,-0.0316,-17.9426,-0.4508,-47.3504,0.000,0.000,0.294,0.0000,0.0000,0
2026-05-06,13:02:10,124576,2,0.0000,-0.0069,0.0057,0.1668,0.4595,0,1.0000,0,0,8.3927,0.3082,-17.9065,0.6159,-47.2764,0.000,0.000,0.290,0.0000,0.0000,0
2026-05-06,13:02:10,124611,2,0.0000,0.0061,0.0047,0.1391,0.4595,0,1.0000,0,0,8.4021,0.0978,-17.8682,0.7885,-39.3456,0.000,0.000,0.287,0.0000,0.0000,0
2026-05-06,13:02:10,124646,2,0.0000,0.0001,0.0060,0.1752,0.4595,0,1.0000,0,0,8.3912,-0.6132,-17.8450,0.8343,-33.9439,0.000,0.000,0.284,0.0000,0.0000,0
2026-05-06,13:02:10,124681,2,0.0000,0.0117,0.0050,0.1476,0.4595,0,1.0000,0,0,8.3978,0.0684,-17.8234,0.6349,-42.3890,0.000,0.000,0.281,0.0000,0.0000,0
2026-05-06,13:02:10,124716,2,0.0000,-0.0041,0.0053,0.1569,0.4595,0,1.0000,0,0,8.3891,-0.6103,-17.8391,-0.2267,-36.4054,0.000,0.000,0.278,0.0000,0.0000,0
2026-05-06,13:02:10,124752,2,0.0000,0.0045,0.0057,0.1662,0.4595,0,1.0000,0,0,8.3897,-0.1125,-17.9243,-1.9728,-17.6184,0.000,0.000,0.274,0.0000,0.0000,0
2026-05-06,13:02:11,124787,2,0.0000,0.0002,0.0066,0.1930,0.4595,0,1.0000,0,0,8.3811,-0.1768,-17.9824,-1.9380,-22.1234,0.000,0.000,0.271,0.0000,0.0000,0
2026-05-06,13:02:11,124822,2,0.0000,0.0018,0.0050,0.1480,0.4595,0,1.0000,0,0,8.3901,-0.1606,-18.0153,-1.2251,-18.3335,0.000,0.000,0.268,0.0000,0.0000,0
2026-05-06,13:02:11,124857,2,0.0000,0.0069,0.0053,0.1566,0.4595,0,1.0000,0,0,8.3880,-0.0645,-17.9973,-0.0623,-22.9878,0.000,0.000,0.265,0.0000,0.0000,0
2026-05-06,13:02:11,124892,2,0.0000,-0.0003,0.0053,0.1565,0.4595,0,1.0000,0,0,8.3869,0.0116,-17.9553,0.8856,-26.6933,0.000,0.000,0.262,0.0000,0.0000,0
2026-05-06,13:02:11,124927,2,0.0000,-0.0053,0.0041,0.1210,0.4595,0,1.0000,0,0,8.3747,-0.7409,-17.9225,0.7360,-22.6519,0.000,0.000,0.258,0.0000,0.0000,0
2026-05-06,13:02:11,124960,2,0.0000,-0.0002,0.0054,0.1575,0.4595,0,1.0000,0,0,8.3893,-0.2186,-17.9155,0.5966,-28.9445,0.000,0.000,0.257,0.0000,0.0000,0
2026-05-06,13:02:11,124995,2,0.0000,0.0014,0.0044,0.1300,0.4595,0,1.0000,0,0,8.3902,0.1797,-17.9542,-0.6088,-31.3174,0.000,0.000,0.254,0.0000,0.0000,0
2026-05-06,13:02:11,125030,2,0.0000,-0.0030,0.0059,0.1745,0.4595,0,1.0000,0,0,8.3714,-0.6494,-17.9532,-0.1497,-33.2202,0.000,0.000,0.250,0.0000,0.0000,0
2026-05-06,13:02:11,125066,2,0.0000,-0.0115,0.0057,0.1670,0.4595,0,1.0000,0,0,8.3956,0.6633,-17.9526,-0.1505,-34.8519,0.000,0.000,0.247,0.0000,0.0000,0
2026-05-06,13:02:11,125101,2,0.0000,0.0011,0.0050,0.1474,0.4595,0,1.0000,0,0,8.3830,-0.2777,-17.9591,-0.2027,-36.5005,0.000,0.000,0.244,0.0000,0.0000,0
2026-05-06,13:02:11,125136,2,0.0000,-0.0094,0.0047,0.1389,0.4595,0,1.0000,0,0,8.3868,0.1638,-17.9894,-0.8611,-38.4529,0.000,0.000,0.241,0.0000,0.0000,0
2026-05-06,13:02:11,125171,2,0.0000,-0.0078,0.0050,0.1473,0.4595,0,1.0000,0,0,8.3878,-0.1509,-18.0646,-1.9237,-32.1201,0.000,0.000,0.238,0.0000,0.0000,0
2026-05-06,13:02:11,125206,2,0.0000,-0.0058,0.0060,0.1750,0.4595,0,1.0000,0,0,8.3955,0.0303,-18.0870,-1.1696,-33.9059,0.000,0.000,0.234,0.0000,0.0000,0
2026-05-06,13:02:11,125241,2,0.0000,0.0048,0.0060,0.1759,0.4595,0,1.0000,0,0,8.3887,0.2348,-18.1239,-1.1622,-42.6042,0.000,0.000,0.231,0.0000,0.0000,0
2026-05-06,13:02:11,125276,2,0.0000,-0.0118,0.0060,0.1753,0.4595,0,1.0000,0,0,8.3891,-0.3678,-18.1205,-0.2525,-42.6894,0.000,0.000,0.228,0.0000,0.0000,0
2026-05-06,13:02:11,125311,2,0.0000,0.0056,0.0057,0.1664,0.4595,0,1.0000,0,0,8.3775,-0.4803,-18.1073,0.0853,-56.6029,0.000,0.000,0.225,0.0000,0.0000,0
2026-05-06,13:02:11,125346,2,0.0000,-0.0011,0.0063,0.1850,0.4595,0,1.0000,0,0,8.3731,-0.2456,-18.1506,-0.9355,-54.9894,0.000,0.000,0.222,0.0000,0.0000,0
2026-05-06,13:02:11,125381,2,0.0000,0.0174,0.0053,0.1569,0.4595,0,1.0000,0,0,8.3806,0.0833,-18.1303,0.1313,-73.6994,0.000,0.000,0.218,0.0000,0.0000,0
2026-05-06,13:02:11,125416,2,0.0000,-0.0057,0.0044,0.1285,0.4595,0,1.0000,0,0,8.3775,0.1983,-18.2139,-2.0260,-56.4041,0.000,0.000,0.215,0.0000,0.0000,0
2026-05-06,13:02:11,125451,2,0.0000,0.0028,0.0041,0.1193,0.4595,0,1.0000,0,0,8.3851,0.2013,-18.2881,-2.0751,-67.8490,0.000,0.000,0.212,0.0000,0.0000,0
2026-05-06,13:02:11,125486,2,0.0000,0.0089,0.0047,0.1380,0.4595,0,1.0000,0,0,8.3834,-0.2664,-18.3355,-1.8660,-64.0483,0.000,0.000,0.209,0.0000,0.0000,0
2026-05-06,13:02:11,125521,2,0.0000,-0.0003,0.0054,0.1577,0.4595,0,1.0000,0,0,8.3801,0.0092,-18.3782,-1.4852,-74.3653,0.000,0.000,0.206,0.0000,0.0000,0
2026-05-06,13:02:11,125556,2,0.0000,-0.0077,0.0057,0.1669,0.4595,0,1.0000,0,0,8.3886,-0.0479,-18.3683,-0.2624,-76.9025,0.000,0.000,0.202,0.0000,0.0000,0
2026-05-06,13:02:11,125591,2,0.0000,-0.0011,0.0050,0.1482,0.4595,0,1.0000,0,0,8.3980,0.3100,-18.3123,1.0887,-58.4480,0.000,0.000,0.199,0.0000,0.0000,0
2026-05-06,13:02:11,125626,2,0.0000,-0.0106,0.0050,0.1475,0.4595,0,1.0000,0,0,8.3855,0.0836,-18.2550,1.5425,-50.2140,0.000,0.000,0.196,0.0000,0.0000,0
2026-05-06,13:02:11,125661,2,0.0000,-0.0040,0.0054,0.1579,0.4595,0,1.0000,0,0,8.3960,0.3236,-18.2036,1.5112,-63.2535,0.000,0.000,0.193,0.0000,0.0000,0
2026-05-06,13:02:11,125697,2,0.0000,-0.0005,0.0047,0.1390,0.4595,0,1.0000,0,0,8.4026,0.2564,-18.1134,2.4563,-60.2811,0.000,0.000,0.190,0.0000,0.0000,0
2026-05-06,13:02:11,125732,2,0.0000,0.0042,0.0060,0.1751,0.4595,0,1.0000,0,0,8.4072,0.2467,-18.0514,1.8466,-57.7218,0.000,0.000,0.186,0.0000,0.0000,0
2026-05-06,13:02:12,125767,2,0.0000,0.0022,0.0053,0.1563,0.4595,0,1.0000,0,0,8.4187,0.1728,-18.0019,1.8036,-62.0638,0.000,0.000,0.183,0.0000,0.0000,0
2026-05-06,13:02:12,125802,2,0.0000,-0.0048,0.0060,0.1758,0.4595,0,1.0000,0,0,8.3958,-0.7527,-17.8595,3.6674,-66.3088,0.000,0.000,0.180,0.0000,0.0000,0
2026-05-06,13:02:12,125837,2,0.0000,0.0082,0.0047,0.1391,0.4595,0,1.0000,0,0,8.4114,0.0646,-17.7316,3.7957,-63.4052,0.000,0.000,0.177,0.0000,0.0000,0
2026-05-06,13:02:12,125872,2,0.0000,0.0097,0.0053,0.1568,0.4595,0,1.0000,0,0,8.4007,-0.0425,-17.6777,1.9503,-60.3952,0.000,0.000,0.174,0.0000,0.0000,0
2026-05-06,13:02:12,125912,2,0.0000,0.0054,0.0053,0.1569,0.4595,0,1.0000,0,0,8.4101,0.1331,-17.6892,0.8530,-41.8273,0.000,0.000,0.171,0.0000,0.0000,0
2026-05-06,13:02:12,125948,2,0.0000,0.0045,0.0056,0.1656,0.4595,0,1.0000,0,0,8.4237,0.5393,-17.7214,-0.4314,-49.4839,0.000,0.000,0.168,0.0000,0.0000,0
2026-05-06,13:02:12,125983,2,0.0000,-0.0113,0.0066,0.1945,0.4595,0,1.0000,0,0,8.4168,-0.1723,-17.7614,-0.9790,-48.8218,0.000,0.000,0.165,0.0000,0.0000,0
2026-05-06,13:02:12,126018,2,0.0000,-0.0083,0.0053,0.1570,0.4595,0,1.0000,0,0,8.4203,-0.0755,-17.7674,-0.5394,-34.9852,0.000,0.000,0.162,0.0000,0.0000,0
2026-05-06,13:02:12,126053,2,0.0000,-0.0072,0.0038,0.1104,0.4595,0,1.0000,0,0,8.3845,-1.1843,-17.7780,-0.2760,-43.7974,0.000,0.000,0.158,0.0000,0.0000,0
2026-05-06,13:02:12,126088,2,0.0000,0.0009,0.0053,0.1565,0.4595,0,1.0000,0,0,8.3948,-0.0242,-17.6987,1.5141,-49.9409,0.000,0.000,0.155,0.0000,0.0000,0
2026-05-06,13:02:12,126123,2,0.0000,-0.0026,0.0050,0.1472,0.4595,0,1.0000,0,0,8.3832,-0.5256,-17.6626,1.1015,-35.7763,0.000,0.000,0.152,0.0000,0.0000,0
2026-05-06,13:02:12,126158,2,0.0000,-0.0004,0.0054,0.1575,0.4595,0,1.0000,0,0,8.3826,-0.3780,-17.6316,0.9642,-50.1547,0.000,0.000,0.149,0.0000,0.0000,0
2026-05-06,13:02:12,126194,2,0.0000,-0.0027,0.0047,0.1384,0.4595,0,1.0000,0,0,8.3971,0.5835,-17.6021,0.8268,-42.1885,0.000,0.000,0.146,0.0000,0.0000,0
2026-05-06,13:02:12,126229,2,0.0000,-0.0052,0.0059,0.1749,0.4595,0,1.0000,0,0,8.4227,0.7235,-17.6311,-0.5418,-36.7727,0.000,0.000,0.142,0.0000,0.0000,0
2026-05-06,13:02:12,126264,2,0.0000,0.0039,0.0056,0.1659,0.4595,0,1.0000,0,0,8.4198,-0.0095,-17.6546,-0.6436,-38.6794,0.000,0.000,0.139,0.0000,0.0000,0
2026-05-06,13:02:12,126299,2,0.0000,-0.0036,0.0050,0.1474,0.4595,0,1.0000,0,0,8.4066,-0.5493,-17.6764,-0.8437,-39.2003,0.000,0.000,0.136,0.0000,0.0000,0
2026-05-06,13:02:12,126334,2,0.0000,-0.0007,0.0022,0.0654,0.4595,0,1.0000,0,0,8.4052,-0.3307,-17.6940,-0.6424,-46.8547,0.000,0.000,0.133,0.0000,0.0000,0
2026-05-06,13:02:12,126369,2,0.0000,-0.0067,0.0044,0.1291,0.4595,0,1.0000,0,0,8.4104,0.0566,-17.7382,-1.1972,-60.2726,0.000,0.000,0.130,0.0000,0.0000,0
2026-05-06,13:02:12,126404,2,0.0000,-0.0076,0.0063,0.1855,0.4595,0,1.0000,0,0,8.4086,-0.2003,-17.7622,-0.8922,-51.2090,0.000,0.000,0.126,0.0000,0.0000,0
2026-05-06,13:02:12,126439,2,0.0000,-0.0091,0.0060,0.1760,0.4595,0,1.0000,0,0,8.3959,-0.6314,-17.8180,-1.5770,-51.3486,0.000,0.000,0.123,0.0000,0.0000,0
2026-05-06,13:02:12,126474,2,0.0000,0.0156,0.0047,0.1391,0.4595,0,1.0000,0,0,8.3774,-0.9006,-17.8203,-0.5301,-64.0908,0.000,0.000,0.120,0.0000,0.0000,0
2026-05-06,13:02:12,126509,2,0.0000,0.0145,0.0054,0.1577,0.4595,0,1.0000,0,0,8.3904,0.2448,-17.8182,-0.1899,-48.6328,0.000,0.000,0.117,0.0000,0.0000,0
2026-05-06,13:02:12,126544,2,0.0000,-0.0021,0.0050,0.1480,0.4595,0,1.0000,0,0,8.3966,0.1233,-17.8107,0.1666,-55.1520,0.000,0.000,0.114,0.0000,0.0000,0
2026-05-06,13:02:12,126579,2,0.0000,-0.0108,0.0056,0.1662,0.4595,0,1.0000,0,0,8.3923,-0.0662,-17.7763,0.6204,-47.1081,0.000,0.000,0.110,0.0000,0.0000,0
2026-05-06,13:02:12,126614,2,0.0000,-0.0001,0.0057,0.1670,0.4595,0,1.0000,0,0,8.4004,-0.1735,-17.7610,0.4212,-59.8005,0.000,0.000,0.107,0.0000,0.0000,0
2026-05-06,13:02:12,126649,2,0.0000,-0.0015,0.0053,0.1567,0.4595,0,1.0000,0,0,8.3997,-0.2013,-17.7855,-0.4265,-56.7722,0.000,0.000,0.104,0.0000,0.0000,0
2026-05-06,13:02:12,126684,2,0.0000,0.0010,0.0050,0.1482,0.4595,0,1.0000,0,0,8.3946,-0.6476,-17.8210,-0.8860,-54.8763,0.000,0.000,0.101,0.0000,0.0000,0
2026-05-06,13:02:12,126719,2,0.0000,-0.0063,0.0056,0.1657,0.4595,0,1.0000,0,0,8.4076,0.2554,-17.8418,-0.8474,-67.2261,0.000,0.000,0.098,0.0000,0.0000,0
2026-05-06,13:02:12,126754,2,0.0000,0.0018,0.0044,0.1298,0.4595,0,1.0000,0,0,8.3967,0.0602,-17.8984,-1.5993,-50.6412,0.000,0.000,0.094,0.0000,0.0000,0
2026-05-06,13:02:13,126789,2,0.0000,0.0025,0.0053,0.1573,0.4595,0,1.0000,0,0,8.3979,-0.4819,-17.9896,-2.3907,-43.0247,0.000,0.000,0.091,0.0000,0.0000,0
2026-05-06,13:02:13,126829,2,0.0000,0.0067,0.0050,0.1477,0.4595,0,1.0000,0,0,8.4179,0.0912,-18.0042,-1.7489,-51.1573,0.000,0.000,0.089,0.0000,0.0000,0
2026-05-06,13:02:13,126864,2,0.0000,0.0015,0.0041,0.1207,0.4595,0,1.0000,0,0,8.4270,0.4463,-18.0882,-2.3168,-63.2509,0.000,0.000,0.086,0.0000,0.0000,0
2026-05-06,13:02:13,126899,2,0.0000,0.0064,0.0060,0.1750,0.4595,0,1.0000,0,0,8.4092,-0.6772,-18.1211,-1.4209,-66.7670,0.000,0.000,0.082,0.0000,0.0000,0
2026-05-06,13:02:13,126934,2,0.0000,0.0017,0.0060,0.1762,0.4595,0,1.0000,0,0,8.4006,-0.4072,-18.1827,-2.1390,-64.2178,0.000,0.000,0.079,0.0000,0.0000,0
2026-05-06,13:02:13,126969,2,0.0000,0.0047,0.0047,0.1381,0.4595,0,1.0000,0,0,8.4088,0.3112,-18.2616,-2.1472,-68.6790,0.000,0.000,0.076,0.0000,0.0000,0
2026-05-06,13:02:13,127004,2,0.0000,-0.0131,0.0050,0.1479,0.4595,0,1.0000,0,0,8.3941,-0.6194,-18.2920,-1.3348,-58.5047,0.000,0.000,0.073,0.0000,0.0000,0
2026-05-06,13:02:13,127039,2,0.0000,-0.0012,0.0053,0.1567,0.4595,0,1.0000,0,0,8.3946,0.1198,-18.2795,-0.1733,-57.3069,0.000,0.000,0.070,0.0000,0.0000,0
2026-05-06,13:02:13,127074,2,0.0000,-0.0009,0.0054,0.1577,0.4595,0,1.0000,0,0,8.3857,-0.2815,-18.2449,0.6246,-35.6881,0.000,0.000,0.066,0.0000,0.0000,0
2026-05-06,13:02:13,127109,2,0.0000,0.0040,0.0047,0.1382,0.4595,0,1.0000,0,0,8.3883,-0.2683,-18.2400,0.1934,-37.3701,0.000,0.000,0.063,0.0000,0.0000,0
2026-05-06,13:02:13,127144,2,0.0000,-0.0045,0.0047,0.1392,0.4595,0,1.0000,0,0,8.4015,0.1801,-18.2373,0.3296,-31.9883,0.000,0.000,0.060,0.0000,0.0000,0
2026-05-06,13:02:13,127179,2,0.0000,0.0032,0.0041,0.1205,0.4595,0,1.0000,0,0,8.3997,0.1038,-18.1873,1.0977,-35.0110,0.000,0.000,0.057,0.0000,0.0000,0
2026-05-06,13:02:13,127214,2,0.0000,-0.0042,0.0041,0.1201,0.4595,0,1.0000,0,0,8.4021,0.0278,-18.1614,0.7986,-30.5284,0.000,0.000,0.054,0.0000,0.0000,0
2026-05-06,13:02:13,127249,2,0.0000,0.0031,0.0044,0.1295,0.4595,0,1.0000,0,0,8.4024,0.3873,-18.1639,0.2027,-39.6094,0.000,0.000,0.050,0.0000,0.0000,0
2026-05-06,13:02:13,127284,2,0.0000,-0.0065,0.0057,0.1668,0.4595,0,1.0000,0,0,8.4124,0.2164,-18.1763,-0.1695,-47.0688,0.000,0.000,0.047,0.0000,0.0000,0
2026-05-06,13:02:13,127319,2,0.0000,0.0004,0.0063,0.1853,0.4595,0,1.0000,0,0,8.4184,-0.0755,-18.2156,-1.0482,-40.2540,0.000,0.000,0.044,0.0000,0.0000,0
2026-05-06,13:02:13,127354,2,0.0000,0.0046,0.0047,0.1390,0.4595,0,1.0000,0,0,8.4017,-0.5094,-18.1991,0.1618,-34.5923,0.000,0.000,0.041,0.0000,0.0000,0
2026-05-06,13:02:13,127389,2,0.0000,-0.0065,0.0057,0.1670,0.4595,0,1.0000,0,0,8.3932,-0.7476,-18.0757,2.5254,-36.9705,0.000,0.000,0.038,0.0000,0.0000,0
2026-05-06,13:02:13,127424,2,0.0000,0.0104,0.0060,0.1758,0.4595,0,1.0000,0,0,8.4119,0.0210,-18.0218,1.8577,-51.8597,0.000,0.000,0.034,0.0000,0.0000,0
2026-05-06,13:02:13,127459,2,0.0000,0.0009,0.0038,0.1114,0.4595,0,1.0000,0,0,8.4108,-0.2826,-17.9391,2.3698,-44.1698,0.000,0.000,0.031,0.0000,0.0000,0
2026-05-06,13:02:13,127494,2,0.0000,0.0022,0.0053,0.1567,0.4595,0,1.0000,0,0,8.4015,-0.8554,-17.8794,1.9496,-45.2355,0.000,0.000,0.028,0.0000,0.0000,0
2026-05-06,13:02:13,127529,2,0.0000,-0.0028,0.0085,0.2493,0.4595,0,1.0000,0,0,8.3980,-0.4143,-17.8426,1.3187,-58.6259,0.000,0.000,0.025,0.0000,0.0000,0
2026-05-06,13:02:13,127564,2,0.0000,-0.0013,0.0054,0.1575,0.4595,0,1.0000,0,0,8.3963,-0.1224,-17.8251,0.8516,-62.5478,0.000,0.000,0.022,0.0000,0.0000,0
2026-05-06,13:02:13,127599,2,0.0000,0.0006,0.0053,0.1572,0.4595,0,1.0000,0,0,8.3984,0.0385,-17.7971,0.7767,-60.2225,0.000,0.000,0.018,0.0000,0.0000,0
2026-05-06,13:02:13,127634,2,0.0000,-0.0029,0.0057,0.1668,0.4595,0,1.0000,0,0,8.4032,0.2360,-17.7839,0.6106,-78.1555,0.000,0.000,0.015,0.0000,0.0000,0
2026-05-06,13:02:13,127669,2,0.0000,-0.0018,0.0041,0.1196,0.4595,0,1.0000,0,0,8.4014,-0.1508,-17.7810,0.1918,-72.8055,0.000,0.000,0.012,0.0000,0.0000,0
2026-05-06,13:02:13,127705,2,0.0000,-0.0058,0.0050,0.1477,0.4595,0,1.0000,0,0,8.3846,-0.3718,-17.8117,-0.6349,-55.0803,0.000,0.000,0.009,0.0000,0.0000,0
2026-05-06,13:02:13,127740,2,0.0000,0.0001,0.0053,0.1566,0.4595,0,1.0000,0,0,8.3849,-0.6204,-17.8475,-0.9797,-73.7743,0.000,0.000,0.006,0.0000,0.0000,0
2026-05-06,13:02:14,127781,2,0.0000,-0.0019,0.0057,0.1670,0.4595,0,1.0000,0,0,8.3966,0.0009,-17.8608,-1.0451,-61.2180,0.000,0.000,0.003,0.0000,0.0000,0
2026-05-06,13:02:14,127816,2,0.0000,-0.0012,0.0047,0.1390,0.4595,0,1.0000,0,0,8.3810,-0.7040,-17.9065,-1.3090,-59.0569,0.000,0.000,0.000,0.0000,0.0000,0
2026-05-06,13:02:14,127851,2,0.0000,0.0080,0.0060,0.1754,0.4595,0,1.0000,0,0,8.3897,0.2618,-17.8998,-0.4259,-63.7513,0.000,0.000,0.000,0.0000,0.0000,0
2026-05-06,13:02:14,127886,2,0.0000,0.0057,0.0047,0.1391,0.4595,0,1.0000,0,0,8.3843,0.0533,-17.7944,2.2705,-61.0866,0.000,0.000,0.000,0.0000,0.0000,0
2026-05-06,13:02:14,127921,2,0.0000,-0.0015,0.0053,0.1572,0.4595,0,1.0000,0,0,8.3860,-0.2424,-17.7062,2.4430,-65.2040,0.000,0.000,0.000,0.0000,0.0000,0
2026-05-06,13:02:14,127956,2,0.0000,-0.0043,0.0056,0.1660,0.4595,0,1.0000,0,0,8.3854,-0.4224,-17.6909,1.0338,-62.8656,0.000,0.000,0.000,0.0000,0.0000,0
2026-05-06,13:02:14,127991,2,0.0000,0.0042,0.0057,0.1667,0.4595,0,1.0000,0,0,8.3803,0.4712,-17.6853,0.4269,-52.6195,0.000,0.000,0.000,0.0000,0.0000,0
2026-05-06,13:02:14,128026,2,0.0000,-0.0085,0.0066,0.1946,0.4595,0,1.0000,0,0,8.3788,0.0332,-17.6683,0.4286,-58.5407,0.000,0.000,0.000,0.0000,0.0000,0
2026-05-06,13:02:14,128061,2,0.0000,0.0086,0.0047,0.1391,0.4595,0,1.0000,0,0,8.3613,-1.2045,-17.6510,0.6306,-56.3776,0.000,0.000,0.000,0.0000,0.0000,0
2026-05-06,13:02:14,128096,2,0.0000,-0.0086,0.0056,0.1660,0.4595,0,1.0000,0,0,8.3616,-0.3294,-17.5799,1.6398,-67.9720,0.000,0.000,0.000,0.0000,0.0000,0
2026-05-06,13:02:14,128131,2,0.0000,0.0056,0.0047,0.1395,0.4595,0,1.0000,0,0,8.3606,-0.3380,-17.5314,1.4146,-58.0469,0.000,0.000,0.000,0.0000,0.0000,0
2026-05-06,13:02:14,128166,2,0.0000,-0.0129,0.0054,0.1577,0.4595,0,1.0000,0,0,8.3833,0.7630,-17.4950,1.2775,-56.2424,0.000,0.000,0.000,0.0000,0.0000,0
2026-05-06,13:02:14,128201,2,0.0000,0.0070,0.0060,0.1758,0.4595,0,1.0000,0,0,8.3900,0.0170,-17.4635,0.9094,-54.7014,0.000,0.000,0.000,0.0000,0.0000,0
2026-05-06,13:02:14,128236,2,0.0000,0.0082,0.0054,0.1576,0.4595,0,1.0000,0,0,8.4080,0.3554,-17.5067,-0.6519,-54.0571,0.000,0.000,0.000,0.0000,0.0000,0
2026-05-06,13:02:14,128271,2,0.0000,0.0025,0.0050,0.1476,0.4595,0,1.0000,0,0,8.4255,0.8944,-17.6515,-3.5161,-45.6608,0.000,0.000,0.000,0.0000,0.0000,0
2026-05-06,13:02:14,128306,2,0.0000,-0.0092,0.0054,0.1575,0.4595,0,1.0000,0,0,8.4383,0.7475,-17.8127,-4.4386,-52.4806,0.000,0.000,0.000,0.0000,0.0000,0
2026-05-06,13:02:14,128341,2,0.0000,-0.0082,0.0060,0.1757,0.4595,0,1.0000,0,0,8.4253,-0.3513,-17.9278,-3.9659,-58.0015,0.000,0.000,0.000,0.0000,0.0000,0
2026-05-06,13:02:14,128376,2,0.0000,0.0021,0.0054,0.1575,0.4595,0,1.0000,0,0,8.4144,-0.3689,-18.0479,-3.8133,-56.1847,0.000,0.000,0.000,0.0000,0.0000,0
2026-05-06,13:02:14,128411,2,0.0000,-0.0094,0.0050,0.1484,0.4595,0,1.0000,0,0,8.4171,0.0178,-18.0826,-1.9401,-60.7582,0.000,0.000,0.000,0.0000,0.0000,0
2026-05-06,13:02:14,128446,2,0.0000,-0.0015,0.0060,0.1763,0.4595,0,1.0000,0,0,8.4145,-0.4936,-18.1338,-1.9757,-72.2278,0.000,0.000,0.000,0.0000,0.0000,0
2026-05-06,13:02:14,128481,2,0.0000,-0.0018,0.0059,0.1748,0.4595,0,1.0000,0,0,8.4271,0.6107,-18.2391,-2.8569,-68.1624,0.000,0.000,0.000,0.0000,0.0000,0
2026-05-06,13:02:14,128516,2,0.0000,0.0073,0.0054,0.1578,0.4595,0,1.0000,0,0,8.4272,0.0921,-18.3216,-2.6291,-58.0815,0.000,0.000,0.000,0.0000,0.0000,0
2026-05-06,13:02:14,128551,2,0.0000,0.0084,0.0044,0.1298,0.4595,0,1.0000,0,0,8.4206,-0.3961,-18.3015,-0.3298,-55.9825,0.000,0.000,0.000,0.0000,0.0000,0
2026-05-06,13:02:14,128586,2,0.0000,0.0133,0.0050,0.1479,0.4595,0,1.0000,0,0,8.4007,-0.0672,-18.1985,2.0670,-54.7291,0.000,0.000,0.000,0.0000,0.0000,0
2026-05-06,13:02:14,128621,2,0.0000,-0.0027,0.0056,0.1660,0.4595,0,1.0000,0,0,8.3902,-0.5288,-18.0642,3.3941,-46.1152,0.000,0.000,0.000,0.0000,0.0000,0
2026-05-06,13:02:14,128657,2,0.0000,0.0020,0.0044,0.1289,0.4595,0,1.0000,0,0,8.3987,0.0532,-17.9452,3.5668,-59.2447,0.000,0.000,0.000,0.0000,0.0000,0
2026-05-06,13:02:14,128692,2,0.0000,-0.0065,0.0050,0.1484,0.4595,0,1.0000,0,0,8.3961,0.0042,-17.8726,2.6476,-57.5338,0.000,0.000,0.000,0.0000,0.0000,0
2026-05-06,13:02:14,128727,2,0.0000,-0.0059,0.0044,0.1282,0.4595,0,1.0000,0,0,8.4011,0.0642,-17.8471,2.0419,-57.8973,0.000,0.000,0.000,0.0000,0.0000,0
2026-05-06,13:02:15,128763,2,0.0000,0.0048,0.0057,0.1668,0.4595,0,1.0000,0,0,8.3921,-0.2913,-17.8261,1.0837,-56.2593,0.000,0.000,0.000,0.0000,0.0000,0
2026-05-06,13:02:15,128798,2,0.0000,0.0099,0.0050,0.1477,0.4595,0,1.0000,0,0,8.3965,-0.0351,-17.8258,0.2493,-68.4066,0.000,0.000,0.000,0.0000,0.0000,0
2026-05-06,13:02:15,128833,2,0.0000,-0.0071,0.0050,0.1482,0.4595,0,1.0000,0,0,8.3914,-0.6336,-17.8932,-1.3165,-65.4567,0.000,0.000,0.000,0.0000,0.0000,0
2026-05-06,13:02:15,128868,2,0.0000,0.0047,0.0050,0.1476,0.4595,0,1.0000,0,0,8.3914,0.1292,-17.9382,-1.2802,-82.5960,0.000,0.000,0.000,0.0000,0.0000,0
2026-05-06,13:02:15,128903,2,0.0000,-0.0008,0.0050,0.1480,0.4595,0,1.0000,0,0,8.4082,0.3520,-17.9698,-1.0934,-97.1871,0.000,0.000,0.000,0.0000,0.0000,0
2026-05-06,13:02:15,128939,2,0.0000,0.0058,0.0050,0.1476,0.4595,0,1.0000,0,0,8.4041,-0.6556,-17.9065,0.9664,-96.4613,0.000,0.000,0.000,0.0000,0.0000,0
2026-05-06,13:02:15,128974,2,0.0000,0.0182,0.0047,0.1388,0.4595,0,1.0000,0,0,8.4127,0.4602,-17.8061,2.3636,-95.4160,0.000,0.000,0.000,0.0000,0.0000,0
2026-05-06,13:02:15,129009,2,0.0000,0.0020,0.0057,0.1665,0.4595,0,1.0000,0,0,8.4080,0.2838,-17.7265,2.3841,-74.6074,0.000,0.000,0.000,0.0000,0.0000,0
2026-05-06,13:02:15,129044,2,0.0000,-0.0108,0.0054,0.1574,0.4595,0,1.0000,0,0,8.4077,0.0021,-17.7275,0.5164,-70.8759,0.000,0.000,0.000,0.0000,0.0000,0
2026-05-06,13:02:15,129079,2,0.0000,-0.0023,0.0057,0.1665,0.4595,0,1.0000,0,0,8.3929,0.0317,-17.8011,-1.3789,-66.1962,0.000,0.000,0.000,0.0000,0.0000,0
2026-05-06,13:02:15,129114,2,0.0000,-0.0032,0.0057,0.1667,0.4595,0,1.0000,0,0,8.3915,-0.0293,-17.8610,-1.7047,-76.3206,0.000,0.000,0.000,0.0000,0.0000,0
2026-05-06,13:02:15,129149,2,0.0000,0.0080,0.0057,0.1665,0.4595,0,1.0000,0,0,8.3848,-0.3663,-17.8894,-1.3024,-91.8365,0.000,0.000,0.000,0.0000,0.0000,0
2026-05-06,13:02:15,129184,2,0.0000,0.0033,0.0047,0.1380,0.4595,0,1.0000,0,0,8.3902,-0.1417,-17.9564,-1.9667,-98.6810,0.000,0.000,0.000,0.0000,0.0000,0
2026-05-06,13:02:15,129219,2,0.0000,0.0030,0.0050,0.1480,0.4595,0,1.0000,0,0,8.3953,0.0193,-17.9542,-0.5155,-91.3348,0.000,0.000,0.000,0.0000,0.0000,0
2026-05-06,13:02:15,129254,2,0.0000,-0.0098,0.0054,0.1576,0.4595,0,1.0000,0,0,8.4018,-0.1635,-17.9612,-0.2945,-91.1989,0.000,0.000,0.000,0.0000,0.0000,0
2026-05-06,13:02:15,129289,2,0.0000,-0.0119,0.0060,0.1760,0.4595,0,1.0000,0,0,8.3986,-0.6019,-17.9047,1.1247,-91.0998,0.000,0.000,0.000,0.0000,0.0000,0
2026-05-06,13:02:15,129324,2,0.0000,-0.0162,0.0060,0.1751,0.4595,0,1.0000,0,0,8.4104,0.1966,-17.8225,2.0197,-90.7338,0.000,0.000,0.000,0.0000,0.0000,0
2026-05-06,13:02:15,129360,2,0.0000,0.0054,0.0041,0.1198,0.4595,0,1.0000,0,0,8.4028,-0.2601,-17.7668,1.7822,-97.6093,0.000,0.000,0.000,0.0000,0.0000,0
2026-05-06,13:02:15,129395,2,0.0000,0.0013,0.0050,0.1482,0.4595,0,1.0000,0,0,8.3975,-0.2001,-17.7862,-0.1544,-89.2145,0.000,0.000,0.000,0.0000,0.0000,0
2026-05-06,13:02:15,129431,2,0.0000,0.0121,0.0050,0.1485,0.4595,0,1.0000,0,0,8.3956,-0.1588,-17.9168,-2.8567,-75.9781,0.000,0.000,0.000,0.0000,0.0000,0
2026-05-06,13:02:15,129466,2,0.0000,0.0067,0.0053,0.1570,0.4595,0,1.0000,0,0,8.4004,0.4268,-18.0265,-3.0756,-77.5990,0.000,0.000,0.000,0.0000,0.0000,0
2026-05-06,13:02:15,129501,2,0.0000,-0.0073,0.0060,0.1762,0.4595,0,1.0000,0,0,8.4047,0.2200,-18.0799,-2.0763,-60.1341,0.000,0.000,0.000,0.0000,0.0000,0
2026-05-06,13:02:15,129536,2,0.0000,0.0004,0.0060,0.1760,0.4595,0,1.0000,0,0,8.3903,-0.8542,-18.0870,-0.8712,-64.3937,0.000,0.000,0.000,0.0000,0.0000,0
2026-05-06,13:02:15,129572,2,0.0000,0.0037,0.0056,0.1655,0.4595,0,1.0000,0,0,8.3910,-0.2835,-18.1129,-1.0772,-48.5131,0.000,0.000,0.000,0.0000,0.0000,0
2026-05-06,13:02:15,129607,2,0.0000,0.0179,0.0050,0.1474,0.4595,0,1.0000,0,0,8.3769,-0.7792,-18.2022,-2.2219,-55.3179,0.000,0.000,0.000,0.0000,0.0000,0
2026-05-06,13:02:15,129643,2,0.0000,0.0029,0.0059,0.1746,0.4595,0,1.0000,0,0,8.3795,-0.1703,-18.2420,-1.3781,-47.1236,0.000,0.000,0.000,0.0000,0.0000,0
2026-05-06,13:02:15,129683,2,0.0000,-0.0043,0.0047,0.1392,0.4595,0,1.0000,0,0,8.3965,0.0527,-18.2292,-0.8624,-57.5250,0.000,0.000,0.000,0.0000,0.0000,0
2026-05-06,13:02:15,129719,2,0.0000,-0.0010,0.0034,0.1013,0.4595,0,1.0000,0,0,8.3882,-0.2546,-18.2762,-1.2821,-48.7479,0.000,0.000,0.000,0.0000,0.0000,0
2026-05-06,13:02:15,129754,2,0.0000,0.0089,0.0060,0.1755,0.4595,0,1.0000,0,0,8.3957,-0.0327,-18.2701,-0.2180,-54.8202,0.000,0.000,0.000,0.0000,0.0000,0
2026-05-06,13:02:16,129789,2,0.0000,-0.0018,0.0050,0.1483,0.4595,0,1.0000,0,0,8.3816,-0.7733,-18.2640,-0.0854,-52.9535,0.000,0.000,0.000,0.0000,0.0000,0
2026-05-06,13:02:16,129824,2,0.0000,-0.0087,0.0050,0.1472,0.4595,0,1.0000,0,0,8.3930,0.3873,-18.2128,1.3186,-65.1905,0.000,0.000,0.000,0.0000,0.0000,0
2026-05-06,13:02:16,129859,2,0.0000,0.0044,0.0050,0.1474,0.4595,0,1.0000,0,0,8.3925,-0.3581,-18.1164,2.2956,-75.6142,0.000,0.000,0.000,0.0000,0.0000,0
2026-05-06,13:02:16,129894,2,0.0000,-0.0015,0.0050,0.1483,0.4595,0,1.0000,0,0,8.3951,0.6406,-18.0625,1.7937,-71.2014,0.000,0.000,0.000,0.0000,0.0000,0
2026-05-06,13:02:16,129930,2,0.0000,-0.0060,0.0063,0.1852,0.4595,0,1.0000,0,0,8.3784,-0.4225,-18.0654,0.4976,-60.2523,0.000,0.000,0.000,0.0000,0.0000,0
2026-05-06,13:02:16,129966,2,0.0000,-0.0028,0.0047,0.1390,0.4595,0,1.0000,0,0,8.3809,-0.0750,-18.0529,0.3546,-57.8490,0.000,0.000,0.000,0.0000,0.0000,0
2026-05-06,13:02:16,130001,2,0.0000,0.0020,0.0057,0.1668,0.4595,0,1.0000,0,0,8.3821,0.0828,-18.0440,0.4142,-63.1231,0.000,0.000,0.000,0.0000,0.0000,0
2026-05-06,13:02:16,130036,2,0.0000,0.0008,0.0066,0.1945,0.4595,0,1.0000,0,0,8.3801,-0.3993,-18.0307,0.2781,-66.9295,0.000,0.000,0.000,0.0000,0.0000,0
2026-05-06,13:02:16,130071,2,0.0000,0.0013,0.0038,0.1118,0.4595,0,1.0000,0,0,8.3991,0.5124,-18.0548,-0.5309,-56.8830,0.000,0.000,0.000,0.0000,0.0000,0
2026-05-06,13:02:16,130106,2,0.0000,-0.0144,0.0047,0.1391,0.4595,0,1.0000,0,0,8.4044,0.1046,-18.0989,-0.9806,-54.4118,0.000,0.000,0.000,0.0000,0.0000,0
2026-05-06,13:02:16,130141,2,0.0000,0.0096,0.0053,0.1566,0.4595,0,1.0000,0,0,8.3958,0.0226,-18.0645,0.3775,-59.5104,0.000,0.000,0.000,0.0000,0.0000,0
2026-05-06,13:02:16,130176,2,0.0000,-0.0054,0.0056,0.1660,0.4595,0,1.0000,0,0,8.3885,-0.2681,-18.0278,0.8588,-57.7448,0.000,0.000,0.000,0.0000,0.0000,0
2026-05-06,13:02:16,130211,2,0.0000,0.0010,0.0054,0.1575,0.4595,0,1.0000,0,0,8.3991,0.3178,-18.0192,0.3421,-56.1064,0.000,0.000,0.000,0.0000,0.0000,0
2026-05-06,13:02:16,130246,2,0.0000,-0.0009,0.0053,0.1566,0.4595,0,1.0000,0,0,8.4012,-0.1843,-18.0063,0.3991,-48.3525,0.000,0.000,0.000,0.0000,0.0000,0
2026-05-06,13:02:16,130281,2,0.0000,-0.0103,0.0056,0.1659,0.4595,0,1.0000,0,0,8.4041,-0.4986,-17.9972,0.2080,-53.9519,0.000,0.000,0.000,0.0000,0.0000,0
2026-05-06,13:02:16,130316,2,0.0000,0.0059,0.0053,0.1569,0.4595,0,1.0000,0,0,8.4066,-0.1496,-18.0009,0.1000,-52.5028,0.000,0.000,0.000,0.0000,0.0000,0
2026-05-06,13:02:16,130351,2,0.0000,-0.0131,0.0054,0.1577,0.4595,0,1.0000,0,0,8.4205,0.6615,-17.9339,1.4758,-65.3476,0.000,0.000,0.000,0.0000,0.0000,0
2026-05-06,13:02:16,130386,2,0.0000,-0.0001,0.0050,0.1474,0.4595,0,1.0000,0,0,8.4131,-0.1949,-17.8561,2.0349,-48.2170,0.000,0.000,0.000,0.0000,0.0000,0
2026-05-06,13:02:16,130421,2,0.0000,0.0029,0.0069,0.2027,0.4595,0,1.0000,0,0,8.4007,-0.4911,-17.8272,1.3407,-40.9597,0.000,0.000,0.000,0.0000,0.0000,0
2026-05-06,13:02:16,130456,2,0.0000,0.0055,0.0051,0.1486,0.4595,0,1.0000,0,0,8.3997,-0.3587,-17.7525,1.9552,-48.7432,0.000,0.000,0.000,0.0000,0.0000,0
2026-05-06,13:02:16,130491,2,0.0000,-0.0102,0.0050,0.1475,0.4595,0,1.0000,0,0,8.4031,0.2007,-17.7016,1.5427,-54.6837,0.000,0.000,0.000,0.0000,0.0000,0
2026-05-06,13:02:16,130526,2,0.0000,-0.0103,0.0044,0.1287,0.4595,0,1.0000,0,0,8.4120,0.1216,-17.7400,-0.2704,-53.2432,0.000,0.000,0.000,0.0000,0.0000,0
2026-05-06,13:02:16,130561,2,0.0000,0.0094,0.0050,0.1471,0.4595,0,1.0000,0,0,8.4164,-0.2059,-17.7444,-0.4295,-58.9063,0.000,0.000,0.000,0.0000,0.0000,0
2026-05-06,13:02:16,130596,2,0.0000,0.0113,0.0053,0.1568,0.4595,0,1.0000,0,0,8.4122,-0.5411,-17.7732,-0.6988,-63.4915,0.000,0.000,0.000,0.0000,0.0000,0
2026-05-06,13:02:16,130633,2,0.0000,0.0007,0.0054,0.1575,0.4595,0,1.0000,0,0,8.4270,0.0358,-17.7556,-0.3332,-56.3141,0.000,0.000,0.000,0.0000,0.0000,0
2026-05-06,13:02:16,130668,2,0.0000,0.0040,0.0051,0.1486,0.4595,0,1.0000,0,0,8.4376,0.2359,-17.7686,-0.5510,-61.8001,0.000,0.000,0.000,0.0000,0.0000,0
2026-05-06,13:02:16,130703,2,0.0000,0.0117,0.0053,0.1564,0.4595,0,1.0000,0,0,8.4301,-0.3677,-17.8061,-0.9895,-52.6508,0.000,0.000,0.000,0.0000,0.0000,0
2026-05-06,13:02:16,130739,2,0.0000,-0.0008,0.0047,0.1393,0.4595,0,1.0000,0,0,8.4337,-0.2798,-17.8059,-0.3159,-64.5145,0.000,0.000,0.000,0.0000,0.0000,0
2026-05-06,13:02:17,130774,2,0.0000,0.0025,0.0047,0.1391,0.4595,0,1.0000,0,0,8.4421,-0.1295,-17.7870,0.3279,-68.2599,0.000,0.000,0.000,0.0000,0.0000,0
2026-05-06,13:02:17,130809,2,0.0000,0.0041,0.0060,0.1760,0.4595,0,1.0000,0,0,8.4284,-0.6896,-17.7718,0.4869,-58.2872,0.000,0.000,0.000,0.0000,0.0000,0
2026-05-06,13:02:17,130844,2,0.0000,0.0097,0.0054,0.1574,0.4595,0,1.0000,0,0,8.4318,0.0482,-17.7179,1.1909,-70.2647,0.000,0.000,0.000,0.0000,0.0000,0
2026-05-06,13:02:17,130880,2,0.0000,0.0061,0.0057,0.1668,0.4595,0,1.0000,0,0,8.4206,0.1002,-17.7221,0.0669,-73.5552,0.000,0.000,0.000,0.0000,0.0000,0
2026-05-06,13:02:17,130915,2,0.0000,-0.0027,0.0056,0.1656,0.4595,0,1.0000,0,0,8.4080,-0.6089,-17.7835,-1.1840,-76.6084,0.000,0.000,0.000,0.0000,0.0000,0
2026-05-06,13:02:17,130950,2,0.0000,-0.0085,0.0060,0.1762,0.4595,0,1.0000,0,0,8.4190,0.1400,-17.8227,-1.2895,-92.0836,0.000,0.000,0.000,0.0000,0.0000,0
2026-05-06,13:02:17,130986,2,0.0000,-0.0085,0.0069,0.2030,0.4595,0,1.0000,0,0,8.4241,0.0664,-17.8397,-0.7711,-85.7530,0.000,0.000,0.000,0.0000,0.0000,0
2026-05-06,13:02:17,131021,2,0.0000,-0.0021,0.0053,0.1570,0.4595,0,1.0000,0,0,8.4376,0.7239,-17.8600,-0.7798,-80.0688,0.000,0.000,0.000,0.0000,0.0000,0
2026-05-06,13:02:17,131056,2,0.0000,0.0126,0.0038,0.1115,0.4595,0,1.0000,0,0,8.4191,-0.5671,-17.8675,-0.3983,-75.2443,0.000,0.000,0.000,0.0000,0.0000,0
2026-05-06,13:02:17,131091,2,0.0000,0.0130,0.0044,0.1299,0.4595,0,1.0000,0,0,8.4152,-0.1400,-17.8336,0.5565,-70.6068,0.000,0.000,0.000,0.0000,0.0000,0
2026-05-06,13:02:17,131126,2,0.0000,0.0087,0.0047,0.1383,0.4595,0,1.0000,0,0,8.4172,0.1895,-17.8403,-0.1665,-80.7336,0.000,0.000,0.000,0.0000,0.0000,0
2026-05-06,13:02:17,131161,2,0.0000,0.0064,0.0059,0.1750,0.4595,0,1.0000,0,0,8.4013,-0.3902,-17.9215,-1.8138,-75.7902,0.000,0.000,0.000,0.0000,0.0000,0
2026-05-06,13:02:17,131196,2,0.0000,0.0079,0.0047,0.1379,0.4595,0,1.0000,0,0,8.4151,0.1208,-17.9715,-1.5792,-77.2955,0.000,0.000,0.000,0.0000,0.0000,0
2026-05-06,13:02:17,131231,2,0.0000,0.0115,0.0054,0.1574,0.4595,0,1.0000,0,0,8.4115,0.2782,-17.9743,-0.6506,-79.1278,0.000,0.000,0.000,0.0000,0.0000,0
2026-05-06,13:02:17,131266,2,0.0000,0.0066,0.0047,0.1390,0.4595,0,1.0000,0,0,8.4194,0.2993,-17.9625,-0.0844,-80.5344,0.000,0.000,0.000,0.0000,0.0000,0
2026-05-06,13:02:17,131301,2,0.0000,0.0061,0.0063,0.1847,0.4595,0,1.0000,0,0,8.4030,-0.5998,-17.9189,0.9831,-76.0440,0.000,0.000,0.000,0.0000,0.0000,0
2026-05-06,13:02:17,131336,2,0.0000,0.0049,0.0053,0.1573,0.4595,0,1.0000,0,0,8.4017,-0.1825,-17.8882,0.9365,-78.2078,0.000,0.000,0.000,0.0000,0.0000,0
2026-05-06,13:02:17,131371,2,0.0000,0.0043,0.0044,0.1298,0.4595,0,1.0000,0,0,8.3981,-0.6236,-17.8755,0.4781,-86.2582,0.000,0.000,0.000,0.0000,0.0000,0
2026-05-06,13:02:17,131406,2,0.0000,0.0011,0.0060,0.1758,0.4595,0,1.0000,0,0,8.3853,-0.6081,-17.8892,-0.2298,-100.2990,0.000,0.000,0.000,0.0000,0.0000,0
2026-05-06,13:02:17,131441,2,0.0000,-0.0072,0.0060,0.1753,0.4595,0,1.0000,0,0,8.3789,-0.5982,-17.9243,-0.6427,-112.2530,0.000,0.000,0.000,0.0000,0.0000,0
2026-05-06,13:02:17,131476,2,0.0000,0.0102,0.0047,0.1382,0.4595,0,1.0000,0,0,8.3816,0.0633,-17.8995,0.3348,-96.1206,0.000,0.000,0.000,0.0000,0.0000,0
2026-05-06,13:02:17,131511,2,0.0000,0.0000,0.0050,0.1473,0.4595,0,1.0000,0,0,8.3984,0.4902,-17.8152,1.8591,-89.3084,0.000,0.000,0.000,0.0000,0.0000,0
2026-05-06,13:02:17,131546,2,0.0000,-0.0101,0.0047,0.1390,0.4595,0,1.0000,0,0,8.3729,-0.6383,-17.7313,2.2511,-82.1667,0.000,0.000,0.000,0.0000,0.0000,0
2026-05-06,13:02:17,131587,2,0.0000,-0.0058,0.0054,0.1577,0.4595,0,1.0000,0,0,8.3725,-0.6921,-17.7174,1.3911,-82.7905,0.000,0.000,0.000,0.0000,0.0000,0
2026-05-06,13:02:17,131623,2,0.0000,0.0041,0.0047,0.1386,0.4595,0,1.0000,0,0,8.3592,-1.1967,-17.6866,1.2402,-77.1421,0.000,0.000,0.000,0.0000,0.0000,0
2026-05-06,13:02:17,131658,2,0.0000,0.0050,0.0056,0.1658,0.4595,0,1.0000,0,0,8.3815,0.5549,-17.6192,1.8106,-79.1004,0.000,0.000,0.000,0.0000,0.0000,0
2026-05-06,13:02:17,131693,2,0.0000,-0.0057,0.0053,0.1563,0.4595,0,1.0000,0,0,8.3651,-0.6635,-17.5793,1.3061,-74.6744,0.000,0.000,0.000,0.0000,0.0000,0
2026-05-06,13:02:17,131728,2,0.0000,-0.0002,0.0044,0.1295,0.4595,0,1.0000,0,0,8.3872,0.3806,-17.6070,-0.2169,-63.8649,0.000,0.000,0.000,0.0000,0.0000,0
2026-05-06,13:02:18,131763,2,0.0000,-0.0059,0.0044,0.1299,0.4595,0,1.0000,0,0,8.3858,-0.4170,-17.6541,-1.2189,-67.8317,0.000,0.000,0.000,0.0000,0.0000,0
2026-05-06,13:02:18,131798,2,0.0000,-0.0021,0.0060,0.1762,0.4595,0,1.0000,0,0,8.4002,0.0235,-17.7567,-2.4085,-58.3182,0.000,0.000,0.000,0.0000,0.0000,0
2026-05-06,13:02:18,131833,2,0.0000,-0.0089,0.0044,0.1297,0.4595,0,1.0000,0,0,8.3964,-0.0002,-17.7986,-1.7207,-76.5270,0.000,0.000,0.000,0.0000,0.0000,0
2026-05-06,13:02:18,131868,2,0.0000,-0.0034,0.0054,0.1575,0.4595,0,1.0000,0,0,8.4006,-0.2557,-17.7473,0.6727,-65.1968,0.000,0.000,0.000,0.0000,0.0000,0
2026-05-06,13:02:18,131903,2,0.0000,-0.0054,0.0050,0.1485,0.4595,0,1.0000,0,0,8.3863,-0.4607,-17.6880,1.2238,-68.8266,0.000,0.000,0.000,0.0000,0.0000,0
2026-05-06,13:02:18,131938,2,0.0000,0.0062,0.0038,0.1107,0.4595,0,1.0000,0,0,8.4028,0.6164,-17.6451,1.2923,-71.9293,0.000,0.000,0.000,0.0000,0.0000,0
2026-05-06,13:02:18,131973,2,0.0000,-0.0157,0.0063,0.1845,0.4595,0,1.0000,0,0,8.3900,-0.7542,-17.5930,1.4977,-75.2316,0.000,0.000,0.000,0.0000,0.0000,0
2026-05-06,13:02:18,132008,2,0.0000,0.0011,0.0050,0.1476,0.4595,0,1.0000,0,0,8.4108,0.2187,-17.6036,0.1154,-90.9171,0.000,0.000,0.000,0.0000,0.0000,0
2026-05-06,13:02:18,132043,2,0.0000,0.0038,0.0050,0.1483,0.4595,0,1.0000,0,0,8.4195,0.2460,-17.6359,-0.7753,-98.0276,0.000,0.000,0.000,0.0000,0.0000,0
2026-05-06,13:02:18,132078,2,0.0000,-0.0045,0.0066,0.1945,0.4595,0,1.0000,0,0,8.3982,-0.5981,-17.7281,-2.2139,-84.1369,0.000,0.000,0.000,0.0000,0.0000,0
2026-05-06,13:02:18,132114,2,0.0000,-0.0042,0.0063,0.1843,0.4595,0,1.0000,0,0,8.3905,-0.6875,-17.7902,-2.1654,-84.6838,0.000,0.000,0.000,0.0000,0.0000,0
2026-05-06,13:02:18,132149,2,0.0000,0.0062,0.0053,0.1568,0.4595,0,1.0000,0,0,8.3839,-0.4732,-17.8567,-2.1002,-78.8947,0.000,0.000,0.000,0.0000,0.0000,0
2026-05-06,13:02:18,132184,2,0.0000,0.0058,0.0050,0.1484,0.4595,0,1.0000,0,0,8.3922,0.1722,-17.8853,-1.3089,-80.5928,0.000,0.000,0.000,0.0000,0.0000,0
2026-05-06,13:02:18,132219,2,0.0000,-0.0107,0.0056,0.1660,0.4595,0,1.0000,0,0,8.3765,-0.7035,-17.9325,-1.4690,-82.5959,0.000,0.000,0.000,0.0000,0.0000,0
2026-05-06,13:02:18,132254,2,0.0000,-0.0110,0.0057,0.1667,0.4595,0,1.0000,0,0,8.3695,-0.5934,-17.9204,-0.1806,-82.9436,0.000,0.000,0.000,0.0000,0.0000,0
2026-05-06,13:02:18,132289,2,0.0000,0.0158,0.0041,0.1200,0.4595,0,1.0000,0,0,8.3792,-0.1658,-17.8855,0.6767,-84.3424,0.000,0.000,0.000,0.0000,0.0000,0
2026-05-06,13:02:18,132324,2,0.0000,0.0045,0.0044,0.1291,0.4595,0,1.0000,0,0,8.3889,0.1106,-17.8687,0.4238,-85.2371,0.000,0.000,0.000,0.0000,0.0000,0
2026-05-06,13:02:18,132359,2,0.0000,-0.0142,0.0016,0.0475,0.4595,0,1.0000,0,0,8.3942,0.0284,-17.9429,-1.4202,-86.2944,0.000,0.000,0.000,0.0000,0.0000,0
2026-05-06,13:02:18,132394,2,0.0000,-0.0082,0.0047,0.1391,0.4595,0,1.0000,0,0,8.3933,-0.1770,-17.9692,-1.0328,-80.1370,0.000,0.000,0.000,0.0000,0.0000,0
2026-05-06,13:02:18,132429,2,0.0000,0.0130,0.0056,0.1660,0.4595,0,1.0000,0,0,8.3821,-0.5435,-17.9733,-0.3629,-74.8894,0.000,0.000,0.000,0.0000,0.0000,0
2026-05-06,13:02:18,132464,2,0.0000,-0.0005,0.0057,0.1667,0.4595,0,1.0000,0,0,8.3944,-0.0841,-17.9324,0.6074,-70.5696,0.000,0.000,0.000,0.0000,0.0000,0
2026-05-06,13:02:18,132504,2,0.0000,0.0040,0.0060,0.1751,0.4595,0,1.0000,0,0,8.4164,0.4668,-17.9011,0.8374,-79.1546,0.000,0.000,0.000,0.0000,0.0000,0
2026-05-06,13:02:18,132540,2,0.0000,-0.0043,0.0056,0.1660,0.4595,0,1.0000,0,0,8.4184,-0.1123,-17.9054,0.0750,-66.7382,0.000,0.000,0.000,0.0000,0.0000,0
2026-05-06,13:02:18,132575,2,0.0000,0.0089,0.0053,0.1570,0.4595,0,1.0000,0,0,8.4104,-0.5556,-17.8792,0.6143,-77.3248,0.000,0.000,0.000,0.0000,0.0000,0
2026-05-06,13:02:18,132610,2,0.0000,-0.0101,0.0060,0.1752,0.4595,0,1.0000,0,0,8.3989,-0.3811,-17.8738,0.3085,-92.6975,0.000,0.000,0.000,0.0000,0.0000,0
2026-05-06,13:02:18,132645,2,0.0000,-0.0099,0.0050,0.1482,0.4595,0,1.0000,0,0,8.3927,0.0138,-17.8773,-0.0393,-78.3853,0.000,0.000,0.000,0.0000,0.0000,0
2026-05-06,13:02:18,132680,2,0.0000,0.0053,0.0050,0.1476,0.4595,0,1.0000,0,0,8.3913,-0.4012,-17.8838,-0.0718,-80.4617,0.000,0.000,0.000,0.0000,0.0000,0
2026-05-06,13:02:18,132715,2,0.0000,0.0045,0.0047,0.1381,0.4595,0,1.0000,0,0,8.4086,0.7141,-17.8716,0.1034,-82.0924,0.000,0.000,0.000,0.0000,0.0000,0
2026-05-06,13:02:18,132750,2,0.0000,-0.0027,0.0060,0.1755,0.4595,0,1.0000,0,0,8.4185,0.8103,-17.8916,-0.4686,-76.2996,0.000,0.000,0.000,0.0000,0.0000,0
2026-05-06,13:02:19,132785,2,0.0000,0.0054,0.0050,0.1473,0.4595,0,1.0000,0,0,8.4258,0.2409,-17.9238,-0.9621,-64.5769,0.000,0.000,0.000,0.0000,0.0000,0
2026-05-06,13:02:19,132820,2,0.0000,0.0078,0.0053,0.1569,0.4595,0,1.0000,0,0,8.4168,-0.0804,-18.0415,-3.1103,-75.3560,0.000,0.000,0.000,0.0000,0.0000,0
2026-05-06,13:02:19,132855,2,0.0000,0.0128,0.0053,0.1573,0.4595,0,1.0000,0,0,8.4052,-0.1994,-18.1345,-2.7966,-77.0654,0.000,0.000,0.000,0.0000,0.0000,0
2026-05-06,13:02:19,132890,2,0.0000,-0.0052,0.0054,0.1575,0.4595,0,1.0000,0,0,8.4136,0.0525,-18.1447,-1.2566,-71.6019,0.000,0.000,0.000,0.0000,0.0000,0
2026-05-06,13:02:19,132925,2,0.0000,0.0126,0.0050,0.1484,0.4595,0,1.0000,0,0,8.4107,-0.0509,-18.1286,-0.0452,-68.0471,0.000,0.000,0.000,0.0000,0.0000,0
2026-05-06,13:02:19,132960,2,0.0000,-0.0011,0.0050,0.1480,0.4595,0,1.0000,0,0,8.3960,-0.5572,-18.1013,0.2906,-58.0924,0.000,0.000,0.000,0.0000,0.0000,0
2026-05-06,13:02:19,132995,2,0.0000,-0.0029,0.0047,0.1384,0.4595,0,1.0000,0,0,8.3944,-0.0787,-18.1095,-0.1196,-55.7478,0.000,0.000,0.000,0.0000,0.0000,0
2026-05-06,13:02:19,133030,2,0.0000,0.0039,0.0053,0.1568,0.4595,0,1.0000,0,0,8.4146,0.8088,-18.1481,-0.8865,-54.8289,0.000,0.000,0.000,0.0000,0.0000,0
2026-05-06,13:02:19,133065,2,0.0000,0.0028,0.0060,0.1758,0.4595,0,1.0000,0,0,8.4021,-0.2580,-18.1525,-0.2901,-46.8508,0.000,0.000,0.000,0.0000,0.0000,0
2026-05-06,13:02:19,133100,2,0.0000,-0.0138,0.0059,0.1747,0.4595,0,1.0000,0,0,8.3955,-0.1883,-18.1338,0.3984,-53.3553,0.000,0.000,0.000,0.0000,0.0000,0
2026-05-06,13:02:19,133135,2,0.0000,-0.0019,0.0050,0.1485,0.4595,0,1.0000,0,0,8.4197,0.7435,-18.0510,1.8352,-58.8858,0.000,0.000,0.000,0.0000,0.0000,0
2026-05-06,13:02:19,133170,2,0.0000,0.0158,0.0050,0.1474,0.4595,0,1.0000,0,0,8.4220,0.2702,-17.9748,2.2180,-70.3729,0.000,0.000,0.000,0.0000,0.0000,0
2026-05-06,13:02:19,133205,2,0.0000,0.0033,0.0047,0.1392,0.4595,0,1.0000,0,0,8.4278,0.1128,-17.8927,2.4230,-72.6830,0.000,0.000,0.000,0.0000,0.0000,0
2026-05-06,13:02:19,133240,2,0.0000,-0.0053,0.0032,0.0938,0.4595,0,1.0000,0,0,8.4336,0.3541,-17.8853,0.8524,-61.3595,0.000,0.000,0.000,0.0000,0.0000,0
2026-05-06,13:02:19,133276,2,0.0000,-0.0105,0.0072,0.2128,0.4595,0,1.0000,0,0,8.4519,0.4822,-17.8554,0.9664,-65.3026,0.000,0.000,0.000,0.0000,0.0000,0
2026-05-06,13:02:19,133311,2,0.0000,-0.0090,0.0066,0.1935,0.4595,0,1.0000,0,0,8.4300,-0.4824,-17.8248,0.9162,-62.6958,0.000,0.000,0.000,0.0000,0.0000,0
2026-05-06,13:02:19,133346,2,0.0000,0.0011,0.0050,0.1475,0.4595,0,1.0000,0,0,8.4271,0.3144,-17.7985,0.6121,-40.0017,0.000,0.000,0.000,0.0000,0.0000,0
2026-05-06,13:02:19,133381,2,0.0000,0.0023,0.0057,0.1667,0.4595,0,1.0000,0,0,8.4191,-0.2168,-17.8122,-0.0604,-33.9571,0.000,0.000,0.000,0.0000,0.0000,0
2026-05-06,13:02:19,133416,2,0.0000,0.0010,0.0044,0.1295,0.4595,0,1.0000,0,0,8.4422,0.6228,-17.8580,-1.1939,-48.7582,0.000,0.000,0.000,0.0000,0.0000,0
2026-05-06,13:02:19,133450,2,0.0000,-0.0080,0.0047,0.1390,0.4595,0,1.0000,0,0,8.4541,0.5257,-17.8656,-1.0046,-46.8251,0.000,0.000,0.000,0.0000,0.0000,0
2026-05-06,13:02:19,133485,2,0.0000,0.0042,0.0050,0.1477,0.4595,0,1.0000,0,0,8.4645,0.1361,-17.8879,-0.6779,-53.4838,0.000,0.000,0.000,0.0000,0.0000,0
2026-05-06,13:02:19,133520,2,0.0000,-0.0178,0.0057,0.1663,0.4595,0,1.0000,0,0,8.4486,-0.3882,-17.8750,-0.0165,-52.0729,0.000,0.000,0.000,0.0000,0.0000,0
2026-05-06,13:02:19,133556,2,0.0000,0.0076,0.0057,0.1666,0.4595,0,1.0000,0,0,8.4265,-0.4853,-17.8657,0.2934,-43.9732,0.000,0.000,0.000,0.0000,0.0000,0
2026-05-06,13:02:19,133591,2,0.0000,0.0024,0.0053,0.1568,0.4595,0,1.0000,0,0,8.4323,0.6292,-17.7854,1.7144,-50.9221,0.000,0.000,0.000,0.0000,0.0000,0
2026-05-06,13:02:19,133626,2,0.0000,-0.0156,0.0057,0.1669,0.4595,0,1.0000,0,0,8.4363,0.5087,-17.7557,1.0575,-56.5580,0.000,0.000,0.000,0.0000,0.0000,0
2026-05-06,13:02:19,133661,2,0.0000,-0.0019,0.0054,0.1575,0.4595,0,1.0000,0,0,8.4189,-0.6032,-17.7334,0.7323,-54.5549,0.000,0.000,0.000,0.0000,0.0000,0
2026-05-06,13:02:19,133696,2,0.0000,-0.0042,0.0057,0.1667,0.4595,0,1.0000,0,0,8.4208,0.1439,-17.7525,-0.2508,-52.9832,0.000,0.000,0.000,0.0000,0.0000,0
2026-05-06,13:02:19,133731,2,0.0000,-0.0095,0.0044,0.1287,0.4595,0,1.0000,0,0,8.4339,-0.0656,-17.8206,-1.4451,-64.7904,0.000,0.000,0.000,0.0000,0.0000,0
2026-05-06,13:02:20,133766,2,0.0000,0.0034,0.0060,0.1762,0.4595,0,1.0000,0,0,8.4144,-0.5111,-17.8747,-1.5687,-54.9393,0.000,0.000,0.000,0.0000,0.0000,0
2026-05-06,13:02:20,133801,2,0.0000,0.0025,0.0053,0.1573,0.4595,0,1.0000,0,0,8.4292,0.1270,-17.8757,-0.6047,-54.1263,0.000,0.000,0.000,0.0000,0.0000,0
2026-05-06,13:02:20,133836,2,0.0000,-0.0043,0.0029,0.0839,0.4595,0,1.0000,0,0,8.4317,-0.1812,-17.8407,0.4256,-59.0035,0.000,0.000,0.000,0.0000,0.0000,0
2026-05-06,13:02:20,133871,2,0.0000,0.0003,0.0047,0.1385,0.4595,0,1.0000,0,0,8.4104,-0.7510,-17.8496,-0.1477,-43.7578,0.000,0.000,0.000,0.0000,0.0000,0
2026-05-06,13:02:20,133906,2,0.0000,-0.0041,0.0060,0.1752,0.4595,0,1.0000,0,0,8.4192,0.0238,-17.8311,0.5325,-37.9798,0.000,0.000,0.000,0.0000,0.0000,0
2026-05-06,13:02:20,133941,2,0.0000,0.0035,0.0060,0.1757,0.4595,0,1.0000,0,0,8.4285,-0.5635,-17.7800,0.9577,-59.2089,0.000,0.000,0.000,0.0000,0.0000,0
2026-05-06,13:02:20,133976,2,0.0000,-0.0015,0.0050,0.1480,0.4595,0,1.0000,0,0,8.3854,-1.3821,-17.8264,-0.5076,-23.6094,0.000,0.000,0.000,0.0000,0.0000,0
2026-05-06,13:02:20,134011,2,0.0000,0.0036,0.0047,0.1387,0.4595,0,1.0000,0,0,8.4159,1.3226,-17.8576,-0.7737,-33.9838,0.000,0.000,0.000,0.0000,0.0000,0
2026-05-06,13:02:20,134046,2,0.0000,0.0037,0.0053,0.1566,0.4595,0,1.0000,0,0,8.4074,-0.6376,-17.8498,-0.1059,-48.6115,0.000,0.000,0.000,0.0000,0.0000,0
2026-05-06,13:02:20,134082,2,0.0000,-0.0087,0.0060,0.1751,0.4595,0,1.0000,0,0,8.3608,-1.1520,-17.8237,0.5273,-14.6002,0.000,0.000,0.000,0.0000,0.0000,0
2026-05-06,13:02:20,134117,2,0.0000,0.0050,0.0060,0.1762,0.4595,0,1.0000,0,0,8.3931,1.0483,-17.8037,0.4728,-33.0834,0.000,0.000,0.000,0.0000,0.0000,0
2026-05-06,13:02:20,134152,2,0.0000,-0.0018,0.0063,0.1850,0.4595,0,1.0000,0,0,8.3917,-0.8084,-17.7952,0.2874,-40.8167,0.000,0.000,0.000,0.0000,0.0000,0
2026-05-06,13:02:20,134187,2,0.0000,0.0086,0.0047,0.1384,0.4595,0,1.0000,0,0,8.3702,-0.3205,-17.8425,-1.1467,-7.9815,0.000,0.000,0.000,0.0000,0.0000,0
2026-05-06,13:02:20,134223,2,0.0000,-0.0026,0.0047,0.1388,0.4595,0,1.0000,0,0,8.4159,0.9596,-17.8997,-1.5417,-33.6969,0.000,0.000,0.000,0.0000,0.0000,0
2026-05-06,13:02:20,134258,2,0.0000,0.0034,0.0053,0.1573,0.4595,0,1.0000,0,0,8.4022,-0.5024,-17.9681,-2.0006,-34.7040,0.000,0.000,0.000,0.0000,0.0000,0
2026-05-06,13:02:20,134293,2,0.0000,0.0066,0.0056,0.1655,0.4595,0,1.0000,0,0,8.4065,0.9123,-18.0381,-2.1024,-23.6471,0.000,0.000,0.000,0.0000,0.0000,0
2026-05-06,13:02:20,134328,2,0.0000,0.0134,0.0035,0.1021,0.4595,0,1.0000,0,0,8.4453,1.0478,-18.0363,-0.5917,-47.0122,0.000,0.000,0.000,0.0000,0.0000,0
2026-05-06,13:02:20,134363,2,0.0000,0.0114,0.0053,0.1566,0.4595,0,1.0000,0,0,8.4108,-0.8088,-17.9798,0.9090,-39.3918,0.000,0.000,0.000,0.0000,0.0000,0
2026-05-06,13:02:20,134403,2,0.0000,-0.0091,0.0047,0.1390,0.4595,0,1.0000,0,0,8.4322,0.4083,-17.9432,0.9699,-36.7078,0.000,0.000,0.000,0.0000,0.0000,0
2026-05-06,13:02:20,134439,2,0.0000,-0.0076,0.0047,0.1392,0.4595,0,1.0000,0,0,8.4355,-0.6197,-17.9437,0.2796,-51.0759,0.000,0.000,0.000,0.0000,0.0000,0
2026-05-06,13:02:20,134474,2,0.0000,-0.0104,0.0057,0.1670,0.4595,0,1.0000,0,0,8.4088,-0.6356,-17.9372,0.1289,-43.1446,0.000,0.000,0.000,0.0000,0.0000,0
2026-05-06,13:02:20,134509,2,0.0000,-0.0097,0.0050,0.1476,0.4595,0,1.0000,0,0,8.4424,0.8162,-17.9689,-0.6340,-43.8469,0.000,0.000,0.000,0.0000,0.0000,0
2026-05-06,13:02:20,134544,2,0.0000,0.0029,0.0066,0.1936,0.4595,0,1.0000,0,0,8.4085,-1.2794,-17.9687,-0.1697,-50.3746,0.000,0.000,0.000,0.0000,0.0000,0
2026-05-06,13:02:20,134579,2,0.0000,0.0137,0.0050,0.1471,0.4595,0,1.0000,0,0,8.3973,-0.3490,-17.9030,1.2406,-22.3470,0.000,0.000,0.000,0.0000,0.0000,0
2026-05-06,13:02:20,134614,2,0.0000,-0.0063,0.0047,0.1382,0.4595,0,1.0000,0,0,8.4192,0.3573,-17.8777,0.8647,-19.5976,0.000,0.000,0.000,0.0000,0.0000,0
2026-05-06,13:02:20,134649,2,0.0000,0.0092,0.0057,0.1662,0.4595,0,1.0000,0,0,8.3958,-0.6979,-17.8597,0.5685,-30.0337,0.000,0.000,0.000,0.0000,0.0000,0
2026-05-06,13:02:20,134684,2,0.0000,0.0100,0.0050,0.1479,0.4595,0,1.0000,0,0,8.4088,0.7869,-17.8747,-0.1705,-5.0333,0.000,0.000,0.000,0.0000,0.0000,0
2026-05-06,13:02:20,134719,2,0.0000,-0.0081,0.0054,0.1575,0.4595,0,1.0000,0,0,8.4114,-0.1180,-17.8807,-0.1343,-24.1368,0.000,0.000,0.000,0.0000,0.0000,0
2026-05-06,13:02:20,134754,2,0.0000,-0.0205,0.0056,0.1660,0.4596,0,1.0000,0,0,8.3841,-0.9353,-17.8680,0.1585,-20.3466,0.000,0.000,0.000,0.0000,0.0000,0
2026-05-06,13:02:21,134789,2,0.0000,-0.0001,0.0053,0.1569,0.4595,0,1.0000,0,0,8.3883,0.0650,-17.9130,-0.7960,-10.8828,0.000,0.000,0.000,0.0000,0.0000,0
2026-05-06,13:02:21,134824,2,0.0000,-0.0023,0.0056,0.1659,0.4595,0,1.0000,0,0,8.3751,-0.2786,-17.8905,0.2620,-23.2763,0.000,0.000,0.000,0.0000,0.0000,0
2026-05-06,13:02:21,134859,2,0.0000,0.0104,0.0050,0.1473,0.4595,0,1.0000,0,0,8.3817,0.4168,-17.9142,-0.6755,-33.0445,0.000,0.000,0.000,0.0000,0.0000,0
2026-05-06,13:02:21,134894,2,0.0000,-0.0038,0.0050,0.1477,0.4595,0,1.0000,0,0,8.3676,-0.1239,-17.9610,-1.1626,-41.6129,0.000,0.000,0.000,0.0000,0.0000,0
2026-05-06,13:02:21,134929,2,0.0000,0.0026,0.0054,0.1575,0.4595,0,1.0000,0,0,8.3701,-0.4531,-17.9904,-0.9404,-62.2964,0.000,0.000,0.000,0.0000,0.0000,0
2026-05-06,13:02:21,134964,2,0.0000,0.0016,0.0050,0.1483,0.4595,0,1.0000,0,0,8.3655,-0.1171,-17.9496,0.3426,-46.1656,0.000,0.000,0.000,0.0000,0.0000,0
2026-05-06,13:02:21,135000,2,0.0000,-0.0074,0.0047,0.1392,0.4595,0,1.0000,0,0,8.3844,0.5140,-18.0087,-1.4318,-47.0613,0.000,0.000,0.000,0.0000,0.0000,0
2026-05-06,13:02:21,135035,2,0.0000,-0.0049,0.0054,0.1575,0.4595,0,1.0000,0,0,8.3832,0.1380,-18.0634,-1.4209,-53.1360,0.000,0.000,0.000,0.0000,0.0000,0
2026-05-06,13:02:21,135070,2,0.0000,0.0036,0.0044,0.1298,0.4595,0,1.0000,0,0,8.3755,-0.2758,-18.0549,-0.2818,-65.3522,0.000,0.000,0.000,0.0000,0.0000,0
2026-05-06,13:02:21,135105,2,0.0000,-0.0013,0.0057,0.1670,0.4595,0,1.0000,0,0,8.3913,0.3698,-18.0465,-0.0778,-69.3424,0.000,0.000,0.000,0.0000,0.0000,0
2026-05-06,13:02:21,135140,2,0.0000,0.0147,0.0047,0.1384,0.4595,0,1.0000,0,0,8.3877,-0.3117,-18.0367,0.2334,-65.4147,0.000,0.000,0.000,0.0000,0.0000,0
2026-05-06,13:02:21,135175,2,0.0000,-0.0007,0.0057,0.1668,0.4595,0,1.0000,0,0,8.3787,-0.2722,-18.0160,0.5512,-49.7727,0.000,0.000,0.000,0.0000,0.0000,0
2026-05-06,13:02:21,135211,2,0.0000,-0.0024,0.0054,0.1576,0.4595,0,1.0000,0,0,8.3737,-0.2672,-17.9788,0.8757,-55.6907,0.000,0.000,0.000,0.0000,0.0000,0
2026-05-06,13:02:21,135246,2,0.0000,0.0073,0.0044,0.1300,0.4595,0,1.0000,0,0,8.3858,0.0112,-18.0047,-0.3235,-67.2544,0.000,0.000,0.000,0.0000,0.0000,0
2026-05-06,13:02:21,135281,2,0.0000,0.0040,0.0047,0.1390,0.4595,0,1.0000,0,0,8.3967,0.8768,-17.9755,0.5805,-57.1492,0.000,0.000,0.000,0.0000,0.0000,0
2026-05-06,13:02:21,135316,2,0.0000,0.0074,0.0057,0.1668,0.4595,0,1.0000,0,0,8.3853,-0.3318,-17.8965,1.7288,-68.8983,0.000,0.000,0.000,0.0000,0.0000,0
2026-05-06,13:02:21,135353,2,0.0000,-0.0023,0.0044,0.1295,0.4595,0,1.0000,0,0,8.4154,0.2936,-17.8613,1.4715,-61.2594,0.000,0.000,0.000,0.0000,0.0000,0
2026-05-06,13:02:21,135388,2,0.0000,0.0033,0.0047,0.1392,0.4595,0,1.0000,0,0,8.4148,0.3969,-17.8406,0.8837,-58.0232,0.000,0.000,0.000,0.0000,0.0000,0
2026-05-06,13:02:21,135423,2,0.0000,0.0075,0.0044,0.1297,0.4595,0,1.0000,0,0,8.4048,-0.2526,-17.8532,0.0427,-62.7243,0.000,0.000,0.000,0.0000,0.0000,0
2026-05-06,13:02:21,135458,2,0.0000,-0.0006,0.0053,0.1567,0.4595,0,1.0000,0,0,8.3913,-1.0880,-17.8998,-1.0532,-45.8489,0.000,0.000,0.000,0.0000,0.0000,0
2026-05-06,13:02:21,135494,2,0.0000,0.0048,0.0057,0.1662,0.4595,0,1.0000,0,0,8.3801,-0.4301,-17.9821,-2.1783,-46.1371,0.000,0.000,0.000,0.0000,0.0000,0
2026-05-06,13:02:21,135529,2,0.0000,-0.0041,0.0047,0.1393,0.4595,0,1.0000,0,0,8.4025,0.7688,-18.0398,-1.9382,-66.1493,0.000,0.000,0.000,0.0000,0.0000,0
2026-05-06,13:02:21,135564,2,0.0000,-0.0032,0.0050,0.1483,0.4595,0,1.0000,0,0,8.3660,-1.5633,-18.0276,-0.2570,-42.3944,0.000,0.000,0.000,0.0000,0.0000,0
2026-05-06,13:02:21,135599,2,0.0000,-0.0068,0.0053,0.1567,0.4595,0,1.0000,0,0,8.3610,-0.2409,-17.9350,1.6978,-43.3277,0.000,0.000,0.000,0.0000,0.0000,0
2026-05-06,13:02:21,135634,2,0.0000,-0.0128,0.0047,0.1395,0.4595,0,1.0000,0,0,8.3740,-0.1807,-17.8850,1.5643,-50.4835,0.000,0.000,0.000,0.0000,0.0000,0
2026-05-06,13:02:21,135669,2,0.0000,0.0073,0.0041,0.1205,0.4595,0,1.0000,0,0,8.3631,-0.6161,-17.8375,1.5816,-42.6175,0.000,0.000,0.000,0.0000,0.0000,0
2026-05-06,13:02:21,135704,2,0.0000,-0.0106,0.0060,0.1762,0.4595,0,1.0000,0,0,8.3754,0.5400,-17.7904,1.4808,-43.1143,0.000,0.000,0.000,0.0000,0.0000,0
2026-05-06,13:02:21,135739,2,0.0000,-0.0093,0.0047,0.1382,0.4595,0,1.0000,0,0,8.3808,-0.3789,-17.7486,1.3051,-29.4258,0.000,0.000,0.000,0.0000,0.0000,0
2026-05-06,13:02:22,135774,2,0.0000,-0.0035,0.0060,0.1755,0.4595,0,1.0000,0,0,8.3810,-0.2030,-17.7649,-0.0586,-10.8886,0.000,0.000,0.000,0.0000,0.0000,0
2026-05-06,13:02:22,135809,2,0.0000,0.0203,0.0050,0.1476,0.4595,0,1.0000,0,0,8.3825,-0.4283,-17.8018,-0.6739,-21.9254,0.000,0.000,0.000,0.0000,0.0000,0
2026-05-06,13:02:22,135844,2,0.0000,-0.0005,0.0057,0.1662,0.4595,0,1.0000,0,0,8.3889,-0.7469,-17.7956,-0.1490,-31.8875,0.000,0.000,0.000,0.0000,0.0000,0
2026-05-06,13:02:22,135879,2,0.0000,-0.0108,0.0050,0.1484,0.4595,0,1.0000,0,0,8.3845,-1.1007,-17.7988,-0.1543,-34.1134,0.000,0.000,0.000,0.0000,0.0000,0
2026-05-06,13:02:22,135914,2,0.0000,0.0007,0.0060,0.1750,0.4595,0,1.0000,0,0,8.3942,0.1354,-17.7822,0.3980,-22.6081,0.000,0.000,0.000,0.0000,0.0000,0
2026-05-06,13:02:22,135950,2,0.0000,0.0060,0.0056,0.1661,0.4595,0,1.0000,0,0,8.4009,0.0750,-17.7776,-0.0091,-31.8996,0.000,0.000,0.000,0.0000,0.0000,0
2026-05-06,13:02:22,135985,2,0.0000,-0.0055,0.0060,0.1760,0.4595,0,1.0000,0,0,8.3912,-0.2773,-17.8329,-1.0851,-27.0868,0.000,0.000,0.000,0.0000,0.0000,0
2026-05-06,13:02:22,136020,2,0.0000,-0.0030,0.0059,0.1745,0.4595,0,1.0000,0,0,8.4097,0.3210,-17.8238,-0.2258,-36.8134,0.000,0.000,0.000,0.0000,0.0000,0
2026-05-06,13:02:22,136055,2,0.0000,0.0024,0.0050,0.1482,0.4595,0,1.0000,0,0,8.4053,0.0720,-17.8082,0.2417,-31.6484,0.000,0.000,0.000,0.0000,0.0000,0
2026-05-06,13:02:22,136090,2,0.0000,-0.0034,0.0053,0.1569,0.4595,0,1.0000,0,0,8.4033,-0.1785,-17.7899,0.3033,-27.6930,0.000,0.000,0.000,0.0000,0.0000,0
2026-05-06,13:02:22,136126,2,0.0000,0.0026,0.0060,0.1752,0.4595,0,1.0000,0,0,8.4206,0.2056,-17.7941,0.0886,-44.2371,0.000,0.000,0.000,0.0000,0.0000,0
2026-05-06,13:02:22,136161,2,0.0000,0.0034,0.0044,0.1289,0.4595,0,1.0000,0,0,8.4017,-0.9225,-17.7749,0.4630,-37.5797,0.000,0.000,0.000,0.0000,0.0000,0
2026-05-06,13:02:22,136196,2,0.0000,0.0053,0.0047,0.1381,0.4595,0,1.0000,0,0,8.4060,-0.0109,-17.7469,0.8910,-46.0061,0.000,0.000,0.000,0.0000,0.0000,0
2026-05-06,13:02:22,136231,2,0.0000,-0.0032,0.0056,0.1654,0.4595,0,1.0000,0,0,8.4063,0.2443,-17.7155,0.9272,-46.5426,0.000,0.000,0.000,0.0000,0.0000,0
2026-05-06,13:02:22,136266,2,0.0000,0.0053,0.0054,0.1575,0.4595,0,1.0000,0,0,8.3910,-0.6369,-17.7496,-0.4697,-33.3058,0.000,0.000,0.000,0.0000,0.0000,0
2026-05-06,13:02:22,136302,2,0.0000,-0.0089,0.0047,0.1390,0.4595,0,1.0000,0,0,8.3922,-0.1875,-17.7754,-0.5221,-42.0027,0.000,0.000,0.000,0.0000,0.0000,0
2026-05-06,13:02:22,136338,2,0.0000,0.0130,0.0047,0.1383,0.4595,0,1.0000,0,0,8.4120,-0.1093,-17.7601,0.1121,-35.9435,0.000,0.000,0.000,0.0000,0.0000,0
2026-05-06,13:02:22,136373,2,0.0000,0.0055,0.0047,0.1381,0.4595,0,1.0000,0,0,8.3756,-1.3910,-17.7818,-0.4872,-37.0232,0.000,0.000,0.000,0.0000,0.0000,0
2026-05-06,13:02:22,136408,2,0.0000,0.0038,0.0047,0.1388,0.4595,0,1.0000,0,0,8.3704,0.0903,-17.8412,-1.3483,-32.1091,0.000,0.000,0.000,0.0000,0.0000,0
2026-05-06,13:02:22,136443,2,0.0000,-0.0067,0.0066,0.1938,0.4595,0,1.0000,0,0,8.3803,-0.1856,-17.8991,-1.7289,-47.9790,0.000,0.000,0.000,0.0000,0.0000,0
2026-05-06,13:02:22,136479,2,0.0000,0.0045,0.0047,0.1383,0.4595,0,1.0000,0,0,8.3625,-0.8091,-17.9471,-1.5500,-53.4926,0.000,0.000,0.000,0.0000,0.0000,0
2026-05-06,13:02:22,136515,2,0.0000,0.0171,0.0050,0.1479,0.4595,0,1.0000,0,0,8.3641,0.3186,-17.9455,-0.6013,-52.3603,0.000,0.000,0.000,0.0000,0.0000,0
2026-05-06,13:02:22,136550,2,0.0000,-0.0128,0.0047,0.1392,0.4595,0,1.0000,0,0,8.3664,-0.0488,-17.9770,-1.0241,-64.8129,0.000,0.000,0.000,0.0000,0.0000,0
2026-05-06,13:02:22,136585,2,0.0000,0.0083,0.0047,0.1381,0.4595,0,1.0000,0,0,8.3420,-0.8285,-18.0121,-1.0437,-69.1908,0.000,0.000,0.000,0.0000,0.0000,0
2026-05-06,13:02:22,136620,2,0.0000,0.0087,0.0054,0.1574,0.4595,0,1.0000,0,0,8.3744,0.7986,-17.9947,0.0848,-51.6112,0.000,0.000,0.000,0.0000,0.0000,0
2026-05-06,13:02:22,136655,2,0.0000,0.0057,0.0060,0.1759,0.4595,0,1.0000,0,0,8.3495,-1.0022,-17.9593,0.7044,-70.8353,0.000,0.000,0.000,0.0000,0.0000,0
2026-05-06,13:02:22,136691,2,0.0000,-0.0255,0.0053,0.1567,0.4595,0,1.0000,0,0,8.3539,0.3783,-17.9563,0.1746,-61.2893,0.000,0.000,0.000,0.0000,0.0000,0
2026-05-06,13:02:22,136726,2,0.0000,-0.0007,0.0053,0.1569,0.4595,0,1.0000,0,0,8.3449,0.1417,-17.9987,-0.8652,-39.0544,0.000,0.000,0.000,0.0000,0.0000,0
2026-05-06,13:02:23,136761,2,0.0000,-0.0014,0.0059,0.1747,0.4595,0,1.0000,0,0,8.3623,0.2295,-18.0516,-1.5200,-27.2050,0.000,0.000,0.000,0.0000,0.0000,0
2026-05-06,13:02:23,136796,2,0.0000,0.0082,0.0047,0.1381,0.4595,0,1.0000,0,0,8.3612,0.4198,-18.0922,-1.4160,-23.0682,0.000,0.000,0.000,0.0000,0.0000,0
2026-05-06,13:02:23,136831,2,0.0000,-0.0115,0.0047,0.1384,0.4595,0,1.0000,0,0,8.3633,-0.0872,-18.1463,-1.4994,-26.0729,0.000,0.000,0.000,0.0000,0.0000,0
2026-05-06,13:02:23,136866,2,0.0000,-0.0134,0.0047,0.1382,0.4595,0,1.0000,0,0,8.3791,0.1592,-18.1738,-1.1396,-22.2648,0.000,0.000,0.000,0.0000,0.0000,0
2026-05-06,13:02:23,136901,2,0.0000,0.0012,0.0053,0.1573,0.4595,0,1.0000,0,0,8.3722,-0.3513,-18.1805,-0.5552,-31.6085,0.000,0.000,0.000,0.0000,0.0000,0
2026-05-06,13:02:23,136936,2,0.0000,-0.0025,0.0060,0.1758,0.4595,0,1.0000,0,0,8.3917,0.5460,-18.1327,0.8921,-27.1026,0.000,0.000,0.000,0.0000,0.0000,0
2026-05-06,13:02:23,136971,2,0.0000,-0.0004,0.0053,0.1566,0.4595,0,1.0000,0,0,8.3851,-0.1279,-18.0338,2.3316,-30.5884,0.000,0.000,0.000,0.0000,0.0000,0
2026-05-06,13:02:23,137006,2,0.0000,0.0037,0.0050,0.1480,0.4595,0,1.0000,0,0,8.4008,0.4818,-17.8805,4.0893,-33.2782,0.000,0.000,0.000,0.0000,0.0000,0
2026-05-06,13:02:23,137041,2,0.0000,0.0107,0.0038,0.1113,0.4595,0,1.0000,0,0,8.4056,0.1894,-17.7767,3.2884,-28.9375,0.000,0.000,0.000,0.0000,0.0000,0
2026-05-06,13:02:23,137077,2,0.0000,0.0057,0.0057,0.1669,0.4595,0,1.0000,0,0,8.4048,-0.7909,-17.7716,0.9458,-45.2860,0.000,0.000,0.000,0.0000,0.0000,0
2026-05-06,13:02:23,137112,2,0.0000,0.0033,0.0060,0.1758,0.4595,0,1.0000,0,0,8.4077,0.2072,-17.8941,-2.3032,-58.2548,0.000,0.000,0.000,0.0000,0.0000,0
2026-05-06,13:02:23,137147,2,0.0000,-0.0008,0.0060,0.1762,0.4595,0,1.0000,0,0,8.3886,-0.4121,-17.9446,-1.8178,-56.2770,0.000,0.000,0.000,0.0000,0.0000,0
2026-05-06,13:02:23,137182,2,0.0000,0.0024,0.0054,0.1575,0.4595,0,1.0000,0,0,8.3904,-0.1989,-17.9850,-1.4305,-67.8795,0.000,0.000,0.000,0.0000,0.0000,0
2026-05-06,13:02:23,137218,2,0.0000,0.0031,0.0041,0.1210,0.4595,0,1.0000,0,0,8.4099,0.3627,-17.9967,-0.8598,-44.0062,0.000,0.000,0.000,0.0000,0.0000,0
2026-05-06,13:02:23,137258,2,0.0000,0.0008,0.0044,0.1288,0.4595,0,1.0000,0,0,8.4012,-0.5140,-17.9918,-0.6425,-33.9140,0.000,0.000,0.000,0.0000,0.0000,0
2026-05-06,13:02:23,137294,2,0.0000,0.0108,0.0047,0.1386,0.4595,0,1.0000,0,0,8.3984,-0.0151,-18.0434,-1.3512,-49.4022,0.000,0.000,0.000,0.0000,0.0000,0
2026-05-06,13:02:23,137329,2,0.0000,0.0101,0.0047,0.1391,0.4595,0,1.0000,0,0,8.4027,-0.2685,-18.0683,-1.0493,-35.3148,0.000,0.000,0.000,0.0000,0.0000,0
2026-05-06,13:02:23,137364,2,0.0000,-0.0117,0.0060,0.1760,0.4595,0,1.0000,0,0,8.3882,-0.3443,-18.1089,-1.2302,-22.8006,0.000,0.000,0.000,0.0000,0.0000,0
2026-05-06,13:02:23,137399,2,0.0000,0.0014,0.0059,0.1749,0.4595,0,1.0000,0,0,8.3952,0.3671,-18.1514,-1.3695,-33.3174,0.000,0.000,0.000,0.0000,0.0000,0
2026-05-06,13:02:23,137434,2,0.0000,-0.0014,0.0047,0.1389,0.4595,0,1.0000,0,0,8.3908,0.0529,-18.1864,-1.2474,-35.8781,0.000,0.000,0.000,0.0000,0.0000,0
2026-05-06,13:02:23,137469,2,0.0000,0.0115,0.0057,0.1669,0.4595,0,1.0000,0,0,8.3731,-0.4627,-18.2131,-1.0269,-43.4853,0.000,0.000,0.000,0.0000,0.0000,0
2026-05-06,13:02:23,137504,2,0.0000,0.0002,0.0060,0.1752,0.4595,0,1.0000,0,0,8.3956,0.5225,-18.2349,-0.8047,-30.8521,0.000,0.000,0.000,0.0000,0.0000,0
2026-05-06,13:02:23,137539,2,0.0000,0.0182,0.0047,0.1389,0.4595,0,1.0000,0,0,8.3988,-0.2890,-18.2429,-0.6030,-19.1541,0.000,0.000,0.000,0.0000,0.0000,0
2026-05-06,13:02:23,137574,2,0.0000,0.0076,0.0053,0.1566,0.4595,0,1.0000,0,0,8.3722,-1.0084,-18.2347,-0.0258,-29.2472,0.000,0.000,0.000,0.0000,0.0000,0
2026-05-06,13:02:23,137609,2,0.0000,-0.0047,0.0053,0.1569,0.4595,0,1.0000,0,0,8.3665,-0.5183,-18.2033,0.7476,-24.4026,0.000,0.000,0.000,0.0000,0.0000,0
2026-05-06,13:02:23,137645,2,0.0000,-0.0090,0.0038,0.1116,0.4595,0,1.0000,0,0,8.3424,-1.0061,-18.1178,2.0811,-34.9223,0.000,0.000,0.000,0.0000,0.0000,0
2026-05-06,13:02:23,137680,2,0.0000,0.0102,0.0054,0.1575,0.4595,0,1.0000,0,0,8.3360,-0.0574,-17.9804,3.4010,-30.4525,0.000,0.000,0.000,0.0000,0.0000,0
2026-05-06,13:02:23,137715,2,0.0000,0.0004,0.0044,0.1299,0.4595,0,1.0000,0,0,8.3655,0.4336,-17.9019,2.5913,-32.9125,0.000,0.000,0.000,0.0000,0.0000,0
2026-05-06,13:02:23,137750,2,0.0000,-0.0034,0.0060,0.1752,0.4595,0,1.0000,0,0,8.3422,-0.4614,-17.8794,1.4556,-34.8454,0.000,0.000,0.000,0.0000,0.0000,0
2026-05-06,13:02:24,137785,2,0.0000,-0.0093,0.0072,0.2120,0.4595,0,1.0000,0,0,8.3491,0.3069,-17.8657,0.6902,-30.2713,0.000,0.000,0.000,0.0000,0.0000,0
2026-05-06,13:02:24,137820,2,0.0000,-0.0068,0.0053,0.1572,0.4595,0,1.0000,0,0,8.3633,0.4014,-17.8530,0.3996,-18.9115,0.000,0.000,0.000,0.0000,0.0000,0
