Date,Time,Timestamp_ms,Kite_ID,Commanded_Vel_rps,Actual_Vel_rps,Torque_Nm,Tension_N,Line_Length_m,Target_Enabled,Target_Length_m,Remote_Joy,Remote_Active,Pitch_deg,Pitch_Vel_dps,Yaw_deg,Yaw_Vel_dps,Roll_deg,Dive_Conf,AWW_Conf,AF_Conf
2026-03-27,12:42:17,1,1,-7.9840,-4.9763,0.0515,1.5159,6.9467,0,1.0000,-998,1,14.7365,19.0394,-31.4084,16.2197,-5.3897,0.000,0.000,0.537
2026-03-27,12:42:17,1,1,-7.9840,-4.6414,0.0492,1.4467,6.9803,0,1.0000,-998,1,14.6822,6.2249,-30.9608,15.2750,-1.2833,0.000,0.000,0.567
2026-03-27,12:42:17,2,1,-7.9840,-4.6457,0.0498,1.4652,7.0125,0,1.0000,-998,1,12.6922,-35.7360,-30.8128,11.7625,9.3500,0.000,0.000,0.597
2026-03-27,12:42:17,2,1,-7.9840,-4.9001,0.0806,2.3715,7.0473,0,1.0000,-998,1,10.4925,-50.2143,-30.5716,10.3939,12.4877,0.040,0.000,0.627
2026-03-27,12:42:17,3,1,-7.9840,-5.6715,0.1140,3.3516,7.0869,0,1.0000,-998,1,11.3233,-6.4469,-30.3505,9.1284,15.4246,0.100,0.000,0.657
2026-03-27,12:42:17,4,1,-7.9840,-6.0722,0.1058,3.1116,7.1284,0,1.0000,-998,1,11.6561,2.2390,-30.3164,6.5637,17.7455,0.160,0.000,0.687
2026-03-27,12:42:17,4,1,-7.9840,-6.5526,0.0634,1.8654,7.1878,0,1.0000,-998,1,12.9067,20.7534,-29.8426,8.4101,16.4766,0.150,0.000,0.727
2026-03-27,12:42:17,5,1,-7.9840,-5.9610,0.0591,1.7389,7.2317,0,1.0000,-998,1,13.9171,26.1417,-29.3146,10.8291,19.1541,0.120,0.000,0.757
2026-03-27,12:42:17,6,1,-7.9840,-5.6083,0.0843,2.4792,7.2756,0,1.0000,-998,1,14.6599,23.3912,-28.7649,12.3350,21.6650,0.090,0.000,0.787
2026-03-27,12:42:17,6,1,-7.9840,-6.0180,0.0556,1.6361,7.3295,0,1.0000,-998,1,15.3788,17.8031,-28.0023,14.4180,13.2364,0.050,0.000,0.827
2026-03-27,12:42:17,7,1,-7.9840,-6.0857,0.0839,2.4686,7.3744,0,1.0000,-998,1,15.4361,8.0648,-27.4938,14.6777,23.1868,0.020,0.000,0.857
2026-03-27,12:42:17,8,1,-7.9840,-6.3404,0.0883,2.5984,7.4185,0,1.0000,-998,1,15.8210,12.1365,-27.2979,11.9398,32.3520,0.000,0.000,0.887
2026-03-27,12:42:17,8,1,-7.9840,-6.2827,0.0505,1.4844,7.4620,0,1.0000,-998,1,16.2838,12.9630,-26.9144,11.8544,34.3130,0.000,0.000,0.917
2026-03-27,12:42:17,9,1,-7.9840,-6.0019,0.0440,1.2945,7.5061,0,1.0000,-998,1,16.8902,14.6590,-26.6904,9.9469,42.7478,0.000,0.000,0.947
2026-03-27,12:42:17,10,1,-7.9840,-6.0905,0.0813,2.3920,7.5503,0,1.0000,-998,1,17.1977,11.6688,-26.6548,7.1601,36.6593,0.000,0.000,0.977
2026-03-27,12:42:17,11,1,-7.9840,-6.0342,0.0710,2.0875,7.6061,0,1.0000,-998,1,17.6958,13.4886,-26.3052,7.6678,34.2180,0.000,0.000,1.000
2026-03-27,12:42:17,11,1,-7.9840,-6.2883,0.0608,1.7897,7.6502,0,1.0000,-998,1,18.3220,16.9364,-26.0809,7.4297,28.9827,0.000,0.000,1.000
2026-03-27,12:42:17,12,1,-7.9840,-6.0928,0.0370,1.0869,7.7045,0,1.0000,-998,1,19.2365,19.0756,-25.6287,8.2010,30.4041,0.000,0.000,1.000
2026-03-27,12:42:17,13,1,-7.9840,-5.7246,0.0452,1.3293,7.7533,0,1.0000,-998,1,19.4670,10.7221,-25.4132,7.6867,25.1798,0.000,0.000,1.000
2026-03-27,12:42:17,14,1,-7.9840,-5.6785,0.0560,1.6468,7.7984,0,1.0000,-998,1,20.0414,14.1934,-24.9256,9.5681,20.2393,0.000,0.000,1.000
2026-03-27,12:42:17,14,1,-7.9840,-5.0545,0.0626,1.8421,7.8475,0,1.0000,-998,1,20.7339,15.5901,-24.3287,11.2506,18.6274,0.000,0.000,1.000
2026-03-27,12:42:17,15,1,-7.9840,-4.9804,0.0226,0.6638,7.8847,0,1.0000,-998,1,21.0260,11.1521,-23.9477,11.0095,7.1935,0.000,0.000,1.000
2026-03-27,12:42:17,15,1,-7.9840,-4.5520,0.0503,1.4793,7.9196,0,1.0000,-998,1,21.6607,14.7799,-23.5933,10.8285,10.4387,0.000,0.000,1.000
2026-03-27,12:42:17,16,1,-7.9840,-4.4584,0.0423,1.2443,7.9614,0,1.0000,-998,1,22.3362,14.9766,-23.0898,11.1764,9.7061,0.000,0.000,1.000
2026-03-27,12:42:17,17,1,-7.9840,-4.4304,0.0647,1.9037,7.9940,0,1.0000,-998,1,22.6245,10.6694,-22.6867,11.4445,12.8892,0.000,0.000,1.000
2026-03-27,12:42:17,17,1,-7.9840,-4.8858,0.0604,1.7752,8.0282,0,1.0000,-998,1,21.9000,-6.4573,-22.5729,8.8335,15.7010,0.000,0.000,1.000
2026-03-27,12:42:17,18,1,-7.9840,-5.4791,0.0592,1.7404,8.0658,0,1.0000,-998,1,22.1198,2.4582,-22.2745,8.9880,11.3771,0.000,0.000,1.000
2026-03-27,12:42:17,19,1,-7.9840,-5.7514,0.0567,1.6686,8.1066,0,1.0000,-998,1,22.5965,8.5840,-21.8332,10.1282,0.5103,0.000,0.000,1.000
2026-03-27,12:42:17,19,1,-1.8000,-5.3605,0.0358,1.0534,8.1460,0,1.0000,-225,1,23.0790,11.7298,-21.7004,8.1001,4.0280,0.000,0.000,1.000
2026-03-27,12:42:17,47,1,0.0000,-5.3383,0.0781,2.2977,8.1971,0,1.0000,0,1,23.7695,14.3575,-21.5430,6.3133,3.3997,0.000,0.000,1.000
2026-03-27,12:42:17,47,1,0.0000,-4.6981,0.0922,2.7110,8.2319,0,1.0000,0,1,24.1781,13.1607,-21.1353,8.3640,-6.9699,0.000,0.000,1.000
2026-03-27,12:42:17,48,1,0.0000,-3.8344,0.1134,3.3357,8.2703,0,1.0000,0,1,24.0366,-0.2119,-20.6167,9.6014,7.6807,0.000,0.000,1.000
2026-03-27,12:42:17,49,1,0.0000,-3.0930,0.1214,3.5715,8.2949,0,1.0000,0,1,23.9244,-0.6482,-20.6561,6.1278,10.7103,0.000,0.000,1.000
2026-03-27,12:42:17,49,1,0.0000,-2.5410,0.1559,4.5863,8.3158,0,1.0000,0,1,24.3849,7.3582,-20.4404,6.2234,6.9995,0.000,0.000,1.000
2026-03-27,12:42:17,50,1,0.0000,-1.6716,0.1727,5.0803,8.3338,0,1.0000,0,1,23.8892,-6.5903,-20.3434,4.4417,20.4062,0.000,0.000,1.000
2026-03-27,12:42:17,50,1,0.0000,-1.0042,0.1936,5.6948,8.3427,0,1.0000,0,1,24.3528,6.5171,-20.3519,3.1519,15.5434,0.000,0.000,1.000
2026-03-27,12:42:17,51,1,0.0000,-0.1417,0.1959,5.7625,8.3463,0,1.0000,0,1,24.5061,4.3133,-19.8172,7.2275,11.6458,0.000,0.000,1.000
2026-03-27,12:42:17,52,1,0.0000,0.0391,0.1796,5.2821,8.3462,0,1.0000,0,1,24.5182,3.5431,-19.6368,6.6233,14.3935,0.000,0.000,1.000
2026-03-27,12:42:17,52,1,0.0000,0.0036,0.1806,5.3127,8.3462,0,1.0000,0,1,24.7867,5.0096,-19.3324,7.2224,17.3886,0.000,0.000,1.000
2026-03-27,12:42:17,53,1,0.0000,-0.0273,0.1888,5.5520,8.3463,0,1.0000,0,1,24.2904,-5.9623,-19.0831,7.4074,13.2319,0.000,0.000,1.000
2026-03-27,12:42:17,54,1,0.0000,0.0319,0.1799,5.2897,8.3462,0,1.0000,0,1,24.8356,7.7419,-18.9625,6.1075,23.0022,0.000,0.000,1.000
2026-03-27,12:42:17,54,1,0.0000,-0.0054,0.1808,5.3174,8.3461,0,1.0000,0,1,25.1809,7.6823,-18.9009,4.8420,18.4322,0.000,0.000,1.000
2026-03-27,12:42:17,55,1,0.0000,0.0508,0.1711,5.0310,8.3459,0,1.0000,0,1,25.1350,3.0937,-18.8882,3.4275,13.7188,0.000,0.000,1.000
2026-03-27,12:42:17,55,1,0.0000,0.0217,0.1684,4.9535,8.3455,0,1.0000,0,1,25.6284,9.5685,-18.6663,4.4281,2.5421,0.000,0.000,1.000
2026-03-27,12:42:17,56,1,0.0000,-0.0447,0.1749,5.1441,8.3456,0,1.0000,0,1,25.0801,-6.2285,-18.3200,6.0638,-7.8396,0.000,0.000,1.000
2026-03-27,12:42:17,56,1,0.0000,-0.1113,0.1834,5.3931,8.3458,0,1.0000,0,1,25.0325,-1.3659,-18.0475,6.7508,-3.7231,0.000,0.000,1.000
2026-03-27,12:42:17,58,1,0.0000,-0.0173,0.1786,5.2526,8.3459,0,1.0000,0,0,25.8761,18.6947,-17.7173,7.4808,-2.9238,0.000,0.000,1.000
2026-03-27,12:42:17,58,1,0.0000,0.1207,0.1542,4.5349,8.3454,0,1.0000,0,0,26.4324,17.5292,-17.6342,5.9823,-6.2456,0.000,0.000,1.000
2026-03-27,12:42:17,59,1,0.0000,0.3798,0.0899,2.6429,8.3433,0,1.0000,0,0,27.0251,17.8279,-17.5764,4.5734,4.6773,0.000,0.000,1.000
2026-03-27,12:42:17,60,1,0.0000,0.1888,0.0682,2.0049,8.3412,0,1.0000,0,0,28.7408,33.5906,-17.3899,4.6206,-3.1481,0.000,0.000,1.000
2026-03-27,12:42:17,61,1,0.0000,-0.0105,0.0859,2.5272,8.3409,0,1.0000,0,0,28.6815,11.1558,-17.1670,5.2501,-12.8740,0.000,0.000,1.000
2026-03-27,12:42:17,61,1,0.0000,-0.2124,0.1202,3.5352,8.3418,0,1.0000,0,0,28.4800,0.6764,-16.7689,7.5196,-22.3613,0.000,0.000,1.000
2026-03-27,12:42:17,62,1,0.0000,-0.2297,0.1727,5.0800,8.3444,0,1.0000,0,0,27.2186,-15.7484,-15.9535,12.0988,-33.8482,0.000,0.000,1.000
2026-03-27,12:42:17,62,1,0.0000,-0.0617,0.1781,5.2392,8.3457,0,1.0000,0,0,28.3498,13.1024,-15.8028,9.4988,-28.7450,0.000,0.000,1.000
2026-03-27,12:42:17,63,1,0.0000,0.1056,0.1546,4.5473,8.3453,0,1.0000,0,0,29.2796,22.4706,-15.6151,8.3312,-30.2079,0.000,0.000,1.000
2026-03-27,12:42:17,63,1,0.0000,0.1857,0.1273,3.7438,8.3443,0,1.0000,0,0,30.5122,31.2303,-15.5410,6.3582,-25.1826,0.000,0.000,1.000
2026-03-27,12:42:17,64,1,0.0000,0.0914,0.1214,3.5718,8.3434,0,1.0000,0,0,31.0159,20.5439,-15.4811,4.9026,-19.9129,0.000,0.000,1.000
2026-03-27,12:42:17,65,1,0.0000,-0.0507,0.1355,3.9841,8.3434,0,1.0000,0,0,31.4839,18.0407,-15.4525,3.6718,-21.8673,0.000,0.000,1.000
2026-03-27,12:42:17,65,1,0.0000,-0.1639,0.1630,4.7946,8.3443,0,1.0000,0,0,31.9190,14.7126,-15.3187,3.8373,-24.0639,0.000,0.000,1.000
2026-03-27,12:42:17,66,1,0.0000,-0.0729,0.1806,5.3127,8.3457,0,1.0000,0,0,31.8416,5.8908,-15.0846,4.7727,-18.8814,0.000,0.000,1.000
2026-03-27,12:42:17,98,1,0.0000,0.0129,0.1737,5.1102,8.3458,0,1.0000,0,0,32.4110,12.2630,-15.1353,2.8287,-21.4705,0.000,0.000,1.000
2026-03-27,12:42:17,100,1,0.0000,0.0063,0.1676,4.9300,8.3455,0,1.0000,0,0,33.3583,28.1292,-15.0279,2.7285,-19.4105,0.000,0.000,1.000
2026-03-27,12:42:17,100,1,0.0000,-0.0449,0.1812,5.3303,8.3458,0,1.0000,0,0,33.0157,4.0465,-14.8448,3.5965,-28.6373,0.000,0.000,1.000
2026-03-27,12:42:17,101,1,0.0000,-0.0690,0.1936,5.6951,8.3464,0,1.0000,0,0,32.7133,-1.7258,-14.8542,2.3492,-16.4963,0.000,0.000,1.000
2026-03-27,12:42:17,101,1,-7.7600,-3.6633,0.0566,1.6633,8.5219,0,1.0000,-970,1,44.5506,13.4712,-15.9809,-0.6399,4.8862,0.000,0.000,1.000
2026-03-27,12:42:17,102,1,-1.8480,-3.9367,0.0613,1.8019,8.5706,0,1.0000,-231,1,44.8613,9.0199,-16.0792,-0.6263,7.2443,0.000,0.000,1.000
2026-03-27,12:42:17,136,1,0.0000,-3.2309,0.0916,2.6948,8.6066,0,1.0000,0,1,45.2816,10.5231,-16.2909,-3.1497,15.3070,0.000,0.000,1.000
2026-03-27,12:42:17,176,1,0.0000,-2.2958,0.0955,2.8099,8.6295,0,1.0000,0,1,45.4238,1.0283,-16.5003,-3.9115,4.9810,0.000,0.000,1.000
2026-03-27,12:42:17,218,1,0.0000,-1.5574,0.1247,3.6683,8.6462,0,1.0000,0,1,45.9965,10.5438,-16.3665,1.3782,-9.3316,0.000,0.000,1.000
2026-03-27,12:42:17,258,1,0.0000,-0.5319,0.1121,3.2964,8.6550,0,1.0000,0,1,46.2048,6.6103,-16.1391,3.9098,-0.4310,0.000,0.000,1.000
2026-03-27,12:42:17,298,1,0.0000,-0.0616,0.1297,3.8135,8.6571,0,1.0000,0,1,46.5356,7.3689,-16.1500,1.0228,4.9906,0.000,0.000,1.000
2026-03-27,12:42:17,340,1,0.0000,0.0185,0.1293,3.8042,8.6575,0,1.0000,0,1,46.7020,5.0595,-16.3969,-3.7518,-16.3719,0.000,0.000,1.000
2026-03-27,12:42:17,380,1,0.0000,0.2198,0.0907,2.6667,8.6564,0,1.0000,0,1,47.0987,14.3037,-16.5828,-4.0485,-33.6969,0.000,0.000,1.000
2026-03-27,12:42:17,422,1,0.0000,0.0400,0.0880,2.5886,8.6554,0,1.0000,0,1,47.4055,5.2594,-16.7774,-4.6511,-2.2745,0.000,0.000,1.000
2026-03-27,12:42:17,462,1,0.0000,-0.1200,0.1123,3.3019,8.6558,0,1.0000,0,1,47.2275,-0.3072,-17.0748,-6.3159,24.2607,0.000,0.000,1.000
2026-03-27,12:42:17,496,1,0.0000,-0.1690,0.1367,4.0192,8.6569,0,1.0000,0,1,47.0964,-7.5969,-17.5760,-11.4275,36.2608,0.000,0.000,1.000
2026-03-27,12:42:17,537,1,0.0000,-0.0196,0.1426,4.1941,8.6580,0,1.0000,0,1,47.0390,8.3499,-17.9048,-7.2673,4.5277,0.000,0.000,1.000
2026-03-27,12:42:17,577,1,0.0000,0.0589,0.1315,3.8664,8.6578,0,1.0000,0,1,47.8313,18.9909,-17.5686,2.1601,17.7494,0.000,0.000,1.000
2026-03-27,12:42:17,618,1,0.0000,0.2847,0.0786,2.3119,8.6562,0,1.0000,0,1,48.1807,10.5179,-17.7942,-2.8970,27.1175,0.000,0.000,1.000
2026-03-27,12:42:17,658,1,0.0000,0.1873,0.0557,1.6386,8.6544,0,1.0000,0,1,49.1104,20.1579,-17.7803,-0.3246,24.0609,0.000,0.000,1.000
2026-03-27,12:42:17,698,1,0.0000,-0.0968,0.0828,2.4342,8.6543,0,1.0000,0,1,48.8732,-6.6547,-17.6840,1.4723,46.9517,0.000,0.000,1.000
2026-03-27,12:42:17,732,1,0.0000,-0.2362,0.1262,3.7114,8.6559,0,1.0000,0,0,48.3147,-10.3807,-17.9065,-3.2558,63.6985,0.000,0.000,1.000
2026-03-27,12:42:17,772,1,0.0000,-0.1240,0.1371,4.0326,8.6572,0,1.0000,0,0,48.1699,-3.8736,-18.2175,-5.0659,39.8716,0.000,0.000,1.000
2026-03-27,12:42:18,812,1,0.0000,-0.0834,0.1495,4.3985,8.6581,0,1.0000,0,0,48.1111,-2.6000,-17.8392,4.4739,15.0232,0.000,0.000,1.000
2026-03-27,12:42:18,852,1,0.0000,0.0241,0.1407,4.1379,8.6582,0,1.0000,0,0,48.1173,1.3774,-17.9688,-2.2727,38.6689,0.000,0.000,1.000
2026-03-27,12:42:18,892,1,0.0000,0.1385,0.1129,3.3220,8.6574,0,1.0000,0,0,48.6926,9.5630,-18.5396,-9.9505,24.6543,0.000,0.000,1.000
2026-03-27,12:42:18,932,1,0.0000,-0.0359,0.1255,3.6909,8.6569,0,1.0000,0,0,48.5557,-3.9417,-18.8955,-9.4035,40.7969,0.000,0.000,1.000
2026-03-27,12:42:18,972,1,0.0000,-0.1248,0.1508,4.4355,8.6579,0,1.0000,0,0,48.0667,-6.1377,-19.6210,-15.3889,46.5399,0.000,0.000,1.000
2026-03-27,12:42:18,1012,1,0.0000,-0.0318,0.1543,4.5373,8.6585,0,1.0000,0,0,48.3748,-4.1757,-19.9785,-10.4584,19.1301,0.000,0.000,1.000
2026-03-27,12:42:18,1046,1,0.0000,0.0808,0.1386,4.0764,8.6582,0,1.0000,0,0,47.9956,-8.6318,-19.9844,-4.3999,14.0390,0.000,0.000,1.000
2026-03-27,12:42:18,1088,1,0.0000,0.2240,0.0952,2.7997,8.6568,0,1.0000,0,0,48.3629,6.6785,-19.9910,-2.9217,19.9334,0.000,0.000,1.000
2026-03-27,12:42:18,1128,1,0.0000,-0.0686,0.1160,3.4112,8.6564,0,1.0000,0,0,48.4220,-3.0626,-20.2589,-5.9265,42.7333,0.000,0.000,1.000
2026-03-27,12:42:18,1168,1,0.0000,-0.3199,0.1738,5.1120,8.6581,0,1.0000,0,0,47.9021,-12.2986,-21.0911,-15.6197,61.9374,0.020,0.000,1.000
2026-03-27,12:42:18,1208,1,0.0000,-0.0227,0.1633,4.8016,8.6590,0,1.0000,0,0,47.9774,3.8747,-21.3537,-7.5007,25.9132,0.070,0.000,1.000
2026-03-27,12:42:18,1249,1,0.0000,0.0307,0.1546,4.5485,8.6589,0,1.0000,0,0,47.7641,-0.4248,-20.8859,4.6863,23.0288,0.030,0.000,1.000
2026-03-27,12:42:18,1289,1,0.0000,-0.0021,0.1541,4.5338,8.6587,0,1.0000,0,0,47.7138,-6.4197,-20.9546,-0.1423,45.6710,0.000,0.000,1.000
2026-03-27,12:42:18,1333,1,0.0000,-0.1727,0.1893,5.5681,8.6596,0,1.0000,0,0,47.6262,-1.1057,-21.5833,-9.5393,66.6076,0.000,0.000,1.000
2026-03-27,12:42:18,1373,1,0.0000,-0.0572,0.2142,6.2996,8.6616,0,1.0000,0,0,47.2294,-10.2437,-22.1116,-10.8882,41.5391,0.020,0.000,1.000
2026-03-27,12:42:18,1413,1,0.0000,0.0485,0.1947,5.7277,8.6612,0,1.0000,0,0,47.4864,0.8017,-22.2110,-4.5320,8.3192,0.000,0.000,1.000
2026-03-27,12:42:18,1453,1,0.0000,0.0098,0.1923,5.6569,8.6609,0,1.0000,0,0,47.3253,-0.3811,-22.3909,-5.7468,32.4522,0.000,0.000,1.000
2026-03-27,12:42:18,1493,1,0.0000,0.2251,0.1611,4.7395,8.6602,0,1.0000,0,0,46.7651,-4.7460,-23.0497,-11.1328,12.4186,0.060,0.000,1.000
2026-03-27,12:42:18,1534,1,0.0000,-0.0058,0.1569,4.6161,8.6587,0,1.0000,0,0,47.3894,7.1829,-22.7360,2.0829,-1.4866,0.020,0.000,1.000
2026-03-27,12:42:18,1574,1,0.0000,-0.2483,0.2071,6.0918,8.6601,0,1.0000,0,0,46.5108,-13.7258,-23.3092,-10.8510,22.9429,0.020,0.000,1.000
2026-03-27,12:42:18,1614,1,0.0000,0.0334,0.1941,5.7094,8.6610,0,1.0000,0,0,46.5182,2.8391,-23.7797,-7.0206,-6.5141,0.100,0.000,1.000
2026-03-27,12:42:18,1655,1,0.0000,0.1035,0.1743,5.1272,8.6602,0,1.0000,0,0,46.6482,-11.7313,-23.0101,7.6629,1.9919,0.060,0.000,1.000
2026-03-27,12:42:18,1696,1,0.0000,-0.0226,0.1844,5.4223,8.6601,0,1.0000,0,0,46.5208,-7.1677,-23.7736,-9.8296,18.7981,0.020,0.000,1.000
2026-03-27,12:42:18,1738,1,0.0000,-0.1148,0.2054,6.0412,8.6607,0,1.0000,0,0,46.8251,3.5099,-24.1177,-6.7865,-10.6111,0.000,0.000,1.000
2026-03-27,12:42:18,1778,1,0.0000,0.0088,0.1963,5.7721,8.6610,0,1.0000,0,0,46.8467,8.7150,-23.7146,3.8915,-15.0043,0.000,0.000,1.000
2026-03-27,12:42:19,1818,1,0.0000,0.0257,0.1902,5.5927,8.6607,0,1.0000,0,0,46.7929,-4.7525,-23.8405,-0.7937,-13.8994,0.000,0.000,1.000
2026-03-27,12:42:19,1859,1,0.0000,0.2642,0.1435,4.2208,8.6595,0,1.0000,0,0,46.9743,4.9896,-23.9127,-0.6964,-11.6432,0.000,0.000,1.000
2026-03-27,12:42:19,1899,1,0.0000,-0.0092,0.1563,4.5985,8.6588,0,1.0000,0,0,47.1355,3.0343,-24.2112,-5.4589,8.9602,0.000,0.000,1.000
2026-03-27,12:42:19,1940,1,0.0000,-0.0429,0.1640,4.8233,8.6590,0,1.0000,0,0,47.2685,1.1162,-24.6402,-8.3736,-0.2609,0.000,0.000,1.000
2026-03-27,12:42:19,1980,1,0.0000,-0.0096,0.1682,4.9460,8.6594,0,1.0000,0,0,46.6305,-6.7531,-24.5385,-0.3170,-26.8521,0.000,0.000,1.000
2026-03-27,12:42:19,2020,1,0.0000,0.1205,0.1409,4.1454,8.6586,0,1.0000,0,0,47.3874,21.0382,-24.2721,4.2553,-3.6864,0.000,0.000,1.000
2026-03-27,12:42:19,2060,1,0.0000,0.0716,0.1292,3.7996,8.6577,0,1.0000,0,0,47.6754,3.5078,-24.2000,2.3368,15.8176,0.000,0.000,1.000
2026-03-27,12:42:19,2100,1,0.0000,-0.1878,0.1635,4.8082,8.6582,0,1.0000,0,0,47.5126,0.6976,-24.3498,-1.4820,14.4213,0.000,0.000,1.000
2026-03-27,12:42:19,2140,1,0.0000,-0.0514,0.1697,4.9901,8.6592,0,1.0000,0,0,47.1407,-7.6817,-24.5900,-4.7280,24.3449,0.000,0.000,1.000
2026-03-27,12:42:19,2181,1,0.0000,0.0084,0.1634,4.8061,8.6593,0,1.0000,0,0,47.4114,6.9348,-24.3606,2.5785,22.2100,0.000,0.000,1.000
2026-03-27,12:42:19,2221,1,0.0000,0.0090,0.1622,4.7712,8.6592,0,1.0000,0,0,47.3585,-1.3291,-24.1300,4.5244,26.6955,0.000,0.000,0.998
2026-03-27,12:42:19,2262,1,0.0000,-0.0056,0.1505,4.4259,8.6585,0,1.0000,0,0,47.7483,13.3900,-23.9611,4.2036,23.8501,0.000,0.000,0.994
2026-03-27,12:42:19,2295,1,0.0000,-0.0966,0.1635,4.8102,8.6587,0,1.0000,0,0,47.4193,3.2169,-23.8651,3.9163,22.9686,0.000,0.000,0.992
2026-03-27,12:42:19,2335,1,0.0000,0.0524,0.1499,4.4083,8.6588,0,1.0000,0,0,46.6741,0.0978,-23.8124,1.9152,25.7926,0.010,0.000,0.988
2026-03-27,12:42:19,2375,1,0.0000,-0.0689,0.1660,4.8826,8.6589,0,1.0000,0,0,47.3538,9.8166,-23.6759,3.0080,15.3766,0.000,0.000,0.984
2026-03-27,12:42:19,2415,1,0.0000,-0.0578,0.1723,5.0668,8.6594,0,1.0000,0,0,46.6895,-17.4924,-23.5581,2.8560,13.2197,0.000,0.000,0.980
2026-03-27,12:42:19,2459,1,0.0000,0.0129,0.1623,4.7729,8.6592,0,1.0000,0,0,47.4759,17.9918,-23.3656,4.6406,-5.9983,0.000,0.000,0.976
2026-03-27,12:42:19,2499,1,0.0000,-0.0111,0.1651,4.8558,8.6592,0,1.0000,0,0,47.0540,-15.7289,-22.9029,8.7109,2.4551,0.000,0.000,0.972
2026-03-27,12:42:19,2539,1,0.0000,-0.0352,0.1723,5.0666,8.6595,0,1.0000,0,0,47.2277,23.4445,-22.8039,3.7155,28.3525,0.000,0.000,0.968
2026-03-27,12:42:19,2580,1,0.0000,0.0724,0.1589,4.6726,8.6593,0,1.0000,0,0,47.8245,16.5893,-22.7404,2.7547,18.6765,0.000,0.000,0.964
2026-03-27,12:42:19,2620,1,0.0000,0.0982,0.1477,4.3427,8.6588,0,1.0000,0,0,47.9435,3.6452,-22.5751,3.7832,9.2571,0.000,0.000,0.960
2026-03-27,12:42:19,2661,1,0.0000,0.0428,0.1453,4.2723,8.6585,0,1.0000,0,0,48.1462,3.4499,-22.3849,4.2663,13.9193,0.000,0.000,0.956
2026-03-27,12:42:19,2701,1,0.0000,-0.0263,0.1567,4.6096,8.6587,0,1.0000,0,0,48.0662,2.1470,-22.1460,5.0613,32.8322,0.000,0.000,0.952
2026-03-27,12:42:19,2741,1,0.0000,0.0099,0.1556,4.5768,8.6589,0,1.0000,0,0,48.7589,28.7296,-21.9514,4.7381,29.3599,0.000,0.000,0.948
2026-03-27,12:42:19,2782,1,0.0000,0.0209,0.1533,4.5080,8.6587,0,1.0000,0,0,49.6542,22.8499,-21.9002,2.1487,37.6031,0.000,0.000,0.944
2026-03-27,12:42:20,2822,1,0.0000,0.0471,0.1451,4.2680,8.6585,0,1.0000,0,0,49.9461,10.5752,-21.8208,1.8148,33.2363,0.000,0.000,0.973
2026-03-27,12:42:20,2863,1,0.0000,0.0375,0.1407,4.1381,8.6582,0,1.0000,0,0,50.6308,17.3507,-21.8216,0.5973,40.7817,0.000,0.000,1.000
2026-03-27,12:42:20,2903,1,0.0000,0.0559,0.1332,3.9187,8.6579,0,1.0000,0,0,51.3151,17.7364,-21.7582,1.2483,34.8864,0.000,0.000,1.000
2026-03-27,12:42:20,2943,1,0.0000,0.0119,0.1341,3.9443,8.6577,0,1.0000,0,0,51.1547,-4.5805,-21.5794,3.3260,17.4666,0.000,0.000,1.000
2026-03-27,12:42:20,2983,1,0.0000,0.1332,0.1066,3.1342,8.6569,0,1.0000,0,0,52.0797,25.7221,-21.5198,1.7400,41.6634,0.000,0.000,1.000
2026-03-27,12:42:20,3023,1,0.0000,0.0371,0.1001,2.9439,8.6560,0,1.0000,0,0,53.0324,23.1092,-21.4297,2.4900,15.1961,0.000,0.000,1.000
2026-03-27,12:42:20,3063,1,0.0000,0.1031,0.0781,2.2978,8.6552,0,1.0000,0,0,53.6298,17.5424,-21.0589,6.9484,0.8043,0.000,0.000,1.000
2026-03-27,12:42:20,3104,1,0.0000,0.0991,0.0576,1.6940,8.6541,0,1.0000,0,0,54.2991,18.0231,-20.6187,9.6486,-25.6134,0.000,0.000,1.000
2026-03-27,12:42:20,3144,1,0.0000,-0.0173,0.0659,1.9376,8.6539,0,1.0000,0,0,54.9655,15.9701,-20.0769,12.3755,-28.7236,0.000,0.000,1.000
2026-03-27,12:42:20,3184,1,0.0000,-0.0462,0.0745,2.1907,8.6543,0,1.0000,0,0,53.7903,-32.3081,-19.1544,19.9045,-49.3035,0.000,0.000,1.000
2026-03-27,12:42:20,3224,1,0.0000,-0.2438,0.1249,3.6733,8.6559,0,1.0000,0,0,53.5726,17.3249,-18.1786,21.9195,-26.3057,0.060,0.000,1.000
2026-03-27,12:42:20,3264,1,0.0000,-0.0600,0.1244,3.6599,8.6568,0,1.0000,0,0,55.0601,30.9176,-17.8606,11.1327,4.1510,0.020,0.000,1.000
2026-03-27,12:42:20,3305,1,0.0000,0.1320,0.0928,2.7301,8.6561,0,1.0000,0,0,55.9218,29.1963,-18.0826,0.3583,2.4550,0.000,0.000,1.000
2026-03-27,12:42:20,3345,1,0.0000,0.2602,0.0477,1.4034,8.6544,0,1.0000,0,0,57.1336,29.4066,-18.0361,1.1633,-24.0169,0.000,0.000,1.000
2026-03-27,12:42:20,3386,1,0.0000,0.0754,0.0440,1.2931,8.6532,0,1.0000,0,0,58.8398,44.1731,-17.6952,5.8275,-25.9668,0.000,0.000,1.000
2026-03-27,12:42:20,3426,1,0.0000,0.0025,0.0457,1.3452,8.6529,0,1.0000,0,0,60.1799,24.8122,-17.3326,7.9656,-8.7172,0.000,0.000,1.000
2026-03-27,12:42:20,3466,1,0.0000,-0.0258,0.0517,1.5214,8.6531,0,1.0000,0,0,59.0628,-25.5224,-16.8616,10.5756,-26.4813,0.000,0.000,1.000
2026-03-27,12:42:20,3509,1,0.0000,-0.0650,0.0685,2.0146,8.6537,0,1.0000,0,0,57.3660,-44.9282,-16.1004,13.1500,-36.8041,0.020,0.000,1.000
2026-03-27,12:42:20,3549,1,0.0000,-0.1121,0.0859,2.5264,8.6545,0,1.0000,0,0,55.9388,-12.2749,-15.6119,11.4504,-10.7149,0.100,0.000,1.000
2026-03-27,12:42:20,3591,1,0.0000,-0.0346,0.0963,2.8331,8.6553,0,1.0000,0,0,57.9128,34.7251,-15.7218,2.0768,2.3665,0.120,0.000,1.000
2026-03-27,12:42:20,3631,1,0.0000,0.0380,0.0852,2.5047,8.6552,0,1.0000,0,0,58.2361,15.0144,-15.7400,0.7244,-17.9392,0.080,0.000,1.000
2026-03-27,12:42:20,3672,1,0.0000,0.0150,0.0798,2.3463,8.6548,0,1.0000,0,0,59.3317,25.8461,-15.4847,4.5775,-41.1391,0.040,0.000,1.000
2026-03-27,12:42:20,3713,1,0.0000,-0.0091,0.0819,2.4084,8.6548,0,1.0000,0,0,59.4491,-0.5022,-15.2061,5.6981,-7.6342,0.000,0.000,1.000
2026-03-27,12:42:20,3753,1,0.0000,0.0080,0.0791,2.3266,8.6547,0,1.0000,0,0,59.5689,5.6879,-14.9893,5.4327,13.5118,0.000,0.000,1.000
2026-03-27,12:42:21,3794,1,0.0000,-0.0013,0.0811,2.3848,8.6548,0,1.0000,0,0,59.7779,0.9746,-14.7453,5.6113,-0.5564,0.000,0.000,1.000
2026-03-27,12:42:21,3834,1,0.0000,0.0093,0.0800,2.3535,8.6548,0,1.0000,0,0,59.4598,-8.1376,-14.5437,5.1086,13.7482,0.000,0.000,1.000
2026-03-27,12:42:21,3874,1,0.0000,0.0179,0.0763,2.2451,8.6546,0,1.0000,0,0,59.6163,3.0379,-14.2296,6.9577,13.4047,0.000,0.000,1.000
2026-03-27,12:42:21,3914,1,0.0000,-0.0352,0.0828,2.4340,8.6547,0,1.0000,0,0,59.3960,-6.2125,-13.9581,6.4262,38.5956,0.000,0.000,1.000
2026-03-27,12:42:21,3954,1,0.0000,-0.1010,0.1042,3.0635,8.6555,0,1.0000,0,0,58.7754,-16.8899,-13.6605,7.1726,14.1205,0.040,0.000,1.000
2026-03-27,12:42:21,3994,1,0.0000,0.0122,0.0986,2.9001,8.6557,0,1.0000,0,0,58.6422,-2.3942,-13.3918,6.2279,26.1550,0.120,0.000,1.000
2026-03-27,12:42:21,4034,1,0.0000,0.0260,0.0918,2.6996,8.6555,0,1.0000,0,0,59.0412,4.2341,-13.3897,1.6942,35.2052,0.110,0.000,1.000
2026-03-27,12:42:21,4074,1,0.0000,0.0621,0.0807,2.3748,8.6551,0,1.0000,0,0,58.7278,-4.9632,-13.3992,0.5408,16.0493,0.070,0.000,1.000
2026-03-27,12:42:21,4115,1,0.0000,0.0056,0.0795,2.3381,8.6547,0,1.0000,0,0,58.5464,-5.4037,-13.1092,5.2076,-12.3497,0.030,0.000,1.000
2026-03-27,12:42:21,4155,1,0.0000,-0.0614,0.0903,2.6553,8.6550,0,1.0000,0,0,58.3572,-5.8826,-12.6466,9.0916,-8.5464,0.000,0.000,1.000
2026-03-27,12:42:21,4196,1,0.0000,-0.1086,0.1100,3.2344,8.6558,0,1.0000,0,0,57.9090,-10.6594,-12.4540,5.6505,12.5782,0.060,0.000,1.000
2026-03-27,12:42:21,4237,1,0.0000,-0.0048,0.1056,3.1066,8.6561,0,1.0000,0,0,57.8472,-3.2345,-12.3251,3.9931,-1.4394,0.140,0.000,1.000
2026-03-27,12:42:21,4277,1,0.0000,0.0346,0.0985,2.8976,8.6559,0,1.0000,0,0,58.0800,7.6376,-12.3688,0.5136,-2.1291,0.100,0.000,1.000
2026-03-27,12:42:21,4318,1,0.0000,0.0758,0.0868,2.5540,8.6555,0,1.0000,0,0,57.8674,-4.4951,-12.2835,1.3146,-0.6187,0.060,0.000,1.000
2026-03-27,12:42:21,4358,1,0.0000,0.1326,0.0636,1.8704,8.6545,0,1.0000,0,0,58.0561,5.8987,-12.1822,2.3393,-26.8316,0.020,0.000,1.000
2026-03-27,12:42:21,4399,1,0.0000,0.0237,0.0679,1.9968,8.6542,0,1.0000,0,0,57.9602,-4.2575,-11.8363,6.1075,-21.1275,0.000,0.000,1.000
2026-03-27,12:42:21,4439,1,0.0000,-0.0764,0.0797,2.3440,8.6545,0,1.0000,0,0,57.6308,-8.7968,-11.6467,5.2111,-4.8179,0.000,0.000,1.000
2026-03-27,12:42:21,4479,1,0.0000,-0.0115,0.0804,2.3633,8.6548,0,1.0000,0,0,57.4494,-2.0546,-11.4327,5.6306,-30.5897,0.030,0.000,1.000
2026-03-27,12:42:21,4519,1,0.0000,0.0611,0.0731,2.1499,8.6546,0,1.0000,0,0,57.3552,-1.2746,-11.2462,4.5306,-6.3493,0.000,0.000,1.000
2026-03-27,12:42:21,4559,1,0.0000,-0.0053,0.0687,2.0216,8.6543,0,1.0000,0,0,57.5429,2.6502,-11.1403,3.5610,-32.2187,0.000,0.000,1.000
2026-03-27,12:42:21,4599,1,0.0000,-0.0047,0.0734,2.1602,8.6543,0,1.0000,0,0,57.3268,-4.2620,-11.0478,2.7436,-33.0605,0.000,0.000,1.000
2026-03-27,12:42:21,4639,1,0.0000,-0.0063,0.0720,2.1190,8.6543,0,1.0000,0,0,57.2614,-0.4819,-11.0240,1.5590,-48.5287,0.000,0.000,1.000
2026-03-27,12:42:21,4680,1,0.0000,-0.0488,0.0800,2.3518,8.6544,0,1.0000,0,0,57.1510,-3.1841,-10.8414,3.3532,-40.1382,0.000,0.000,0.998
2026-03-27,12:42:21,4722,1,0.0000,-0.0001,0.0741,2.1797,8.6545,0,1.0000,0,0,57.0995,-2.2233,-10.6993,3.2468,-50.8167,0.000,0.000,0.995
2026-03-27,12:42:21,4762,1,0.0000,0.0122,0.0706,2.0757,8.6543,0,1.0000,0,0,57.0303,-0.7771,-10.6704,1.5121,-37.6371,0.000,0.000,0.991
2026-03-27,12:42:22,4802,1,0.0000,0.0519,0.0601,1.7680,8.6540,0,1.0000,0,0,57.2169,8.9148,-10.6220,1.3151,-58.7868,0.000,0.000,0.987
2026-03-27,12:42:22,4842,1,0.0000,0.0539,0.0519,1.5273,8.6535,0,1.0000,0,0,58.4326,30.9148,-10.4899,2.7372,-48.9101,0.000,0.000,0.983
2026-03-27,12:42:22,4882,1,0.0000,-0.0178,0.0586,1.7231,8.6535,0,1.0000,0,0,58.1875,-14.4808,-10.4285,1.7999,-41.9003,0.000,0.000,1.000
2026-03-27,12:42:22,4923,1,0.0000,-0.0673,0.0698,2.0542,8.6538,0,1.0000,0,0,57.1196,-21.0286,-10.3156,2.6691,-48.0278,0.040,0.000,0.997
2026-03-27,12:42:22,4963,1,0.0000,-0.0335,0.0736,2.1637,8.6543,0,1.0000,0,0,56.7658,-10.9442,-10.2497,1.8181,-21.0979,0.120,0.000,0.993
2026-03-27,12:42:22,5003,1,0.0000,-0.0109,0.0726,2.1360,8.6544,0,1.0000,0,0,56.5141,-8.2018,-10.2880,-0.0317,-5.4918,0.200,0.000,0.989
2026-03-27,12:42:22,5044,1,0.0000,0.0429,0.0655,1.9275,8.6542,0,1.0000,0,0,56.5848,3.3120,-10.2438,1.0336,-17.4461,0.280,0.000,0.985
2026-03-27,12:42:22,5084,1,0.0000,0.0431,0.0558,1.6401,8.6537,0,1.0000,0,0,56.7652,3.9033,-10.2803,-0.2376,-16.0191,0.240,0.000,0.981
2026-03-27,12:42:22,5125,1,0.0000,-0.0681,0.0688,2.0232,8.6537,0,1.0000,0,0,56.6718,-6.9887,-10.2547,0.2725,-19.3613,0.200,0.000,0.977
2026-03-27,12:42:22,5165,1,0.0000,-0.2259,0.1083,3.1863,8.6550,0,1.0000,0,0,55.7979,-14.2269,-10.4813,-3.9899,9.8194,0.250,0.000,0.973
2026-03-27,12:42:22,5205,1,0.0000,-0.1741,0.1401,4.1201,8.6570,0,1.0000,0,0,55.1348,-14.4500,-10.7049,-4.0637,-5.6176,0.330,0.000,1.000
2026-03-27,12:42:22,5245,1,0.0000,-0.0515,0.1497,4.4024,8.6583,0,1.0000,0,0,55.6035,7.9327,-10.6809,-1.0320,-12.3277,0.380,0.000,1.000
2026-03-27,12:42:22,5285,1,0.0000,0.2227,0.1066,3.1353,8.6573,0,1.0000,0,0,55.6457,2.3377,-10.6606,-1.1778,-2.7247,0.340,0.000,1.000
2026-03-27,12:42:22,5326,1,0.0000,0.2189,0.0604,1.7777,8.6549,0,1.0000,0,0,56.1723,14.1319,-10.9518,-4.7405,3.1407,0.300,0.000,1.000
2026-03-27,12:42:22,5366,1,0.0000,0.0324,0.0537,1.5782,8.6535,0,1.0000,0,0,56.8840,17.1375,-11.0155,-2.4544,-24.1416,0.260,0.000,1.000
2026-03-27,12:42:22,5406,1,0.0000,-0.0116,0.0620,1.8244,8.6537,0,1.0000,0,0,55.9459,-28.8266,-10.9605,-0.0761,-20.5367,0.220,0.000,1.000
2026-03-27,12:42:22,5447,1,0.0000,0.0122,0.0602,1.7715,8.6537,0,1.0000,0,0,55.3802,-14.8016,-10.8842,1.5656,-9.6923,0.300,0.000,1.000
2026-03-27,12:42:22,5487,1,0.0000,0.0154,0.0544,1.6010,8.6535,0,1.0000,0,0,55.1930,-5.5343,-10.8264,1.5627,-15.3939,0.380,0.000,1.000
2026-03-27,12:42:22,5531,1,0.0000,0.0008,0.0571,1.6783,8.6535,0,1.0000,0,0,55.0552,-2.7220,-10.8555,-0.2228,-4.4829,0.460,0.000,1.000
2026-03-27,12:42:22,5571,1,0.0000,0.0032,0.0566,1.6643,8.6535,0,1.0000,0,0,54.7052,-8.1301,-10.7376,2.0332,-30.4578,0.540,0.000,1.000
2026-03-27,12:42:22,5611,1,0.0000,0.0166,0.0571,1.6783,8.6535,0,1.0000,0,0,54.3892,-8.3849,-10.8443,-1.6258,-13.8453,0.620,0.000,1.000
2026-03-27,12:42:22,5652,1,0.0000,-0.0028,0.0592,1.7410,8.6536,0,1.0000,0,0,54.1365,-7.5116,-10.8996,-0.9080,-38.5949,0.700,0.000,1.000
2026-03-27,12:42:22,5693,1,0.0000,0.0008,0.0601,1.7682,8.6536,0,1.0000,0,0,53.9259,-6.2500,-10.8506,0.6798,-31.9857,0.780,0.000,1.000
2026-03-27,12:42:22,5734,1,0.0000,0.0032,0.0580,1.7049,8.6536,0,1.0000,0,0,53.9243,1.6443,-10.7749,1.5728,-39.7907,0.830,0.000,1.000
2026-03-27,12:42:22,5774,1,0.0000,0.0095,0.0569,1.6732,8.6536,0,1.0000,0,0,54.1676,4.8552,-10.7107,1.5752,-54.4321,0.790,0.000,0.999
2026-03-27,12:42:23,5814,1,0.0000,-0.0119,0.0600,1.7636,8.6536,0,1.0000,0,0,53.9172,-7.7715,-10.6640,0.9808,-25.8989,0.750,0.000,0.995
2026-03-27,12:42:23,5855,1,0.0000,-0.0540,0.0664,1.9539,8.6539,0,1.0000,0,0,53.6573,-8.4067,-10.6092,1.7776,-48.5587,0.710,0.000,0.991
2026-03-27,12:42:23,5895,1,0.0000,-0.1361,0.0931,2.7376,8.6547,0,1.0000,0,0,53.1525,-10.2853,-10.3560,4.3084,-39.9433,0.790,0.000,0.987
2026-03-27,12:42:23,5931,1,0.0000,-0.1747,0.1135,3.3396,8.6556,0,1.0000,0,0,53.1667,-5.5775,-10.1671,4.4757,-45.1555,0.830,0.000,1.000
2026-03-27,12:42:23,5972,1,0.0000,-0.0090,0.1135,3.3379,8.6564,0,1.0000,0,0,53.0112,-2.9892,-9.9723,3.4737,-23.8041,0.910,0.000,1.000
2026-03-27,12:42:23,6012,1,0.0000,-0.0107,0.1147,3.3744,8.6565,0,1.0000,0,0,52.8534,-4.1586,-10.1067,-1.5701,-0.5825,0.990,0.000,1.000
2026-03-27,12:42:23,6052,1,0.0000,-0.0121,0.1132,3.3284,8.6565,0,1.0000,0,0,52.7962,-2.0790,-10.2243,-2.5013,-12.6447,0.950,0.000,1.000
2026-03-27,12:42:23,6092,1,0.0000,-0.1289,0.1430,4.2059,8.6574,0,1.0000,0,0,52.1633,-17.1218,-10.2383,-0.9049,-29.4979,0.970,0.000,1.000
2026-03-27,12:42:23,6132,1,0.0000,-0.0470,0.1539,4.5273,8.6584,0,1.0000,0,0,52.1789,0.8559,-10.3186,-2.4814,-12.3387,1.000,0.000,1.000
2026-03-27,12:42:23,6166,1,0.0000,0.0133,0.1513,4.4501,8.6586,0,1.0000,0,0,51.5443,-14.4019,-10.4447,-3.4196,-34.0929,1.000,0.000,1.000
2026-03-27,12:42:23,6206,1,0.0000,-0.0036,0.1499,4.4090,8.6585,0,1.0000,0,0,51.8373,7.4602,-10.5701,-3.4007,-48.6965,0.990,0.000,1.000
2026-03-27,12:42:23,6248,1,0.0000,-0.1378,0.1759,5.1722,8.6591,0,1.0000,0,0,50.7617,-28.6852,-10.5974,-2.0030,-33.6019,1.000,0.000,1.000
2026-03-27,12:42:23,6289,1,0.0000,0.0848,0.1585,4.6630,8.6593,0,1.0000,0,0,51.0684,2.6644,-10.5856,0.0756,-48.4485,1.000,0.000,1.000
2026-03-27,12:42:23,6329,1,0.0000,0.4132,0.0776,2.2810,8.6569,0,1.0000,0,0,52.2688,37.5873,-10.4795,1.2705,-21.8084,0.960,0.000,1.000
2026-03-27,12:42:23,6369,1,0.0000,0.0969,0.0598,1.7590,8.6542,0,1.0000,0,0,53.0529,15.8077,-10.3538,3.2290,-32.1112,0.920,0.000,1.000
2026-03-27,12:42:23,6409,1,0.0000,-0.2279,0.1128,3.3184,8.6553,0,1.0000,0,0,51.2095,-41.3322,-9.8545,9.0660,-32.7046,0.910,0.000,1.000
2026-03-27,12:42:23,6450,1,0.0000,-0.0079,0.1078,3.1693,8.6562,0,1.0000,0,0,51.0087,5.1677,-9.4196,9.8003,-26.3988,0.990,0.000,1.000
2026-03-27,12:42:23,6490,1,0.0000,0.0904,0.0896,2.6366,8.6558,0,1.0000,0,0,52.3613,31.3251,-9.5171,1.1642,-10.6195,0.970,0.000,1.000
2026-03-27,12:42:23,6530,1,0.0000,0.0227,0.0926,2.7243,8.6555,0,1.0000,0,0,52.9980,13.1573,-9.4908,1.2530,-35.5186,0.930,0.000,1.000
2026-03-27,12:42:23,6571,1,0.0000,-0.0027,0.0937,2.7570,8.6555,0,1.0000,0,0,53.3531,12.9571,-9.3370,2.9997,-29.2330,0.890,0.000,1.000
2026-03-27,12:42:23,6611,1,0.0000,0.1245,0.0702,2.0654,8.6549,0,1.0000,0,0,54.0112,17.6882,-9.1973,3.4811,-32.5847,0.850,0.000,1.000
2026-03-27,12:42:23,6652,1,0.0000,0.0359,0.0644,1.8952,8.6540,0,1.0000,0,0,54.8276,20.3501,-9.0070,4.3574,-54.6482,0.810,0.000,1.000
2026-03-27,12:42:23,6692,1,0.0000,-0.0224,0.0722,2.1244,8.6542,0,1.0000,0,0,54.9500,7.9538,-8.7891,5.4163,-72.8511,0.770,0.000,1.000
2026-03-27,12:42:23,6732,1,0.0000,0.0044,0.0733,2.1570,8.6544,0,1.0000,0,0,55.1172,2.7658,-8.4350,7.7056,-67.2115,0.730,0.000,1.000
2026-03-27,12:42:23,6773,1,0.0000,0.0267,0.0666,1.9601,8.6542,0,1.0000,0,0,55.5506,10.4073,-8.3378,3.9946,-44.7905,0.690,0.000,1.000
2026-03-27,12:42:24,6813,1,0.0000,-0.0067,0.0682,2.0069,8.6541,0,1.0000,0,0,55.9176,10.8720,-8.2714,2.7365,-50.6589,0.650,0.000,1.000
2026-03-27,12:42:24,6853,1,0.0000,-0.0190,0.0714,2.0992,8.6542,0,1.0000,0,0,55.8523,-4.4638,-8.1951,2.2285,-57.3124,0.610,0.000,1.000
2026-03-27,12:42:24,6893,1,0.0000,0.0001,0.0721,2.1214,8.6543,0,1.0000,0,0,55.0082,-15.3625,-8.1358,1.8290,-62.7925,0.600,0.000,1.000
2026-03-27,12:42:24,6933,1,0.0000,-0.0364,0.0780,2.2950,8.6545,0,1.0000,0,0,55.7708,18.0354,-8.2117,-0.9267,-33.5588,0.590,0.000,1.000
2026-03-27,12:42:24,6973,1,0.0000,-0.0705,0.0890,2.6169,8.6548,0,1.0000,0,0,56.0395,4.9477,-8.5121,-4.8638,-37.1656,0.550,0.000,1.000
2026-03-27,12:42:24,7013,1,0.0000,-0.0674,0.1010,2.9718,8.6555,0,1.0000,0,0,55.4440,-5.8576,-8.7187,-4.5903,-52.5040,0.510,0.000,1.000
2026-03-27,12:42:24,7053,1,0.0000,-0.0225,0.1053,3.0972,8.6559,0,1.0000,0,0,56.3680,20.7579,-8.6838,-0.8904,-71.3474,0.470,0.000,1.000
2026-03-27,12:42:24,7094,1,0.0000,-0.0057,0.1022,3.0063,8.6559,0,1.0000,0,0,57.0074,19.8826,-8.7362,-1.3544,-66.6726,0.430,0.000,1.000
2026-03-27,12:42:24,7136,1,0.0000,0.0099,0.1009,2.9685,8.6559,0,1.0000,0,0,57.2535,13.6598,-8.9909,-3.3631,-61.8035,0.400,0.000,1.000
2026-03-27,12:42:24,7177,1,0.0000,0.1064,0.0795,2.3370,8.6553,0,1.0000,0,0,57.7120,13.8246,-9.2377,-4.7263,-73.2244,0.360,0.000,1.000
2026-03-27,12:42:24,7217,1,0.0000,0.1528,0.0431,1.2691,8.6535,0,1.0000,0,0,58.8776,22.7743,-9.2925,-2.8881,-69.2226,0.320,0.000,1.000
2026-03-27,12:42:24,7257,1,0.0000,-0.0330,0.0539,1.5840,8.6532,0,1.0000,0,0,59.1329,8.2803,-9.3111,-1.2254,-57.8616,0.280,0.000,1.000
2026-03-27,12:42:24,7298,1,0.0000,-0.0550,0.0701,2.0610,8.6539,0,1.0000,0,0,58.2540,-17.5868,-9.5168,-4.1346,-42.8596,0.240,0.000,1.000
2026-03-27,12:42:24,7338,1,0.0000,-0.0347,0.0720,2.1188,8.6542,0,1.0000,0,0,57.7207,-23.3227,-9.9218,-8.0157,-25.0897,0.230,0.000,1.000
2026-03-27,12:42:24,7379,1,0.0000,0.0162,0.0668,1.9649,8.6542,0,1.0000,0,0,58.6761,29.0068,-10.1065,-5.2032,-41.0695,0.250,0.000,1.000
2026-03-27,12:42:24,7419,1,0.0000,0.0668,0.0534,1.5695,8.6538,0,1.0000,0,0,59.7022,17.7545,-10.0745,-1.0064,-54.5379,0.210,0.000,1.000
2026-03-27,12:42:24,7459,1,0.0000,0.0419,0.0493,1.4514,8.6533,0,1.0000,0,0,60.8938,34.6650,-9.8502,2.9257,-59.2365,0.170,0.000,1.000
2026-03-27,12:42:24,7493,1,0.0000,0.0206,0.0500,1.4699,8.6532,0,1.0000,0,0,61.8457,26.1625,-9.8640,0.7776,-28.2215,0.140,0.000,1.000
2026-03-27,12:42:24,7533,1,0.0000,0.0396,0.0419,1.2325,8.6529,0,1.0000,0,0,62.5933,19.5568,-9.9744,-1.0506,-38.2222,0.100,0.000,1.000
2026-03-27,12:42:24,7574,1,0.0000,0.0259,0.0375,1.1037,8.6526,0,1.0000,0,0,63.6092,22.6291,-9.8986,0.8279,-44.9694,0.060,0.000,1.000
2026-03-27,12:42:24,7614,1,0.0000,0.0573,0.0274,0.8069,8.6523,0,1.0000,0,0,64.4976,19.6769,-9.9303,-0.3910,-39.0059,0.020,0.000,1.000
2026-03-27,12:42:24,7654,1,0.0000,0.0449,0.0209,0.6162,8.6518,0,1.0000,0,0,65.9025,36.2266,-9.9515,-0.7400,-39.7968,0.000,0.000,1.000
2026-03-27,12:42:24,7695,1,0.0000,0.0353,0.0156,0.4582,8.6514,0,1.0000,0,0,69.0827,76.8491,-9.8433,1.0786,-45.3574,0.000,0.000,1.000
2026-03-27,12:42:24,7735,1,0.0000,-0.0171,0.0178,0.5231,8.6514,0,1.0000,0,0,71.2443,49.3645,-9.8337,0.1136,-44.5064,0.000,0.000,1.000
2026-03-27,12:42:24,7775,1,0.0000,-0.0075,0.0175,0.5135,8.6514,0,1.0000,0,0,68.4359,-96.6145,-10.0717,-4.2186,-30.3960,0.000,0.000,1.000
2026-03-27,12:42:25,7816,1,0.0000,-0.0085,0.0200,0.5870,8.6515,0,1.0000,0,0,59.8877,-227.1052,-10.6519,-11.3101,-25.7149,0.000,0.000,1.000
2026-03-27,12:42:25,7857,1,0.0000,-0.0287,0.0259,0.7615,8.6516,0,1.0000,0,0,47.0420,-317.6942,-11.1753,-12.2051,-29.1237,0.000,0.000,1.000
2026-03-27,12:42:25,7897,1,0.0000,-0.0908,0.0402,1.1820,8.6521,0,1.0000,0,0,37.0705,-200.8611,-11.4487,-8.9517,-11.4097,0.080,0.000,1.000
2026-03-27,12:42:25,7937,1,0.0000,-0.0384,0.0474,1.3936,8.6529,0,1.0000,0,0,39.8456,106.5916,-11.7330,-7.4870,-3.6125,0.160,0.000,1.000
2026-03-27,12:42:25,7977,1,0.0000,0.0591,0.0334,0.9819,8.6526,0,1.0000,0,0,47.8713,205.1117,-11.7571,-1.8931,-16.3216,0.210,0.000,1.000
2026-03-27,12:42:25,8017,1,0.0000,-0.0186,0.0379,1.1145,8.6524,0,1.0000,0,0,53.6138,115.2031,-11.3910,5.2961,-20.6393,0.170,0.000,1.000
2026-03-27,12:42:25,8057,1,0.0000,-0.0142,0.0375,1.1032,8.6525,0,1.0000,0,0,52.5877,-37.0086,-11.4390,0.4465,-25.0283,0.130,0.000,1.000
2026-03-27,12:42:25,8098,1,0.0000,0.0124,0.0337,0.9906,8.6524,0,1.0000,0,0,51.6514,-19.4732,-11.5255,-0.4859,-41.3285,0.090,0.000,1.000
2026-03-27,12:42:25,8138,1,0.0000,-0.0121,0.0383,1.1263,8.6524,0,1.0000,0,0,50.7499,-21.6021,-11.4638,0.8711,-54.7118,0.050,0.000,1.000
2026-03-27,12:42:25,8178,1,0.0000,-0.0191,0.0393,1.1562,8.6525,0,1.0000,0,0,50.1082,-18.0562,-11.5525,-1.3562,-20.0021,0.130,0.000,1.000
2026-03-27,12:42:25,8219,1,0.0000,-0.0071,0.0388,1.1426,8.6525,0,1.0000,0,0,49.5988,-13.4975,-11.7638,-3.6536,2.1638,0.210,0.000,1.000
2026-03-27,12:42:25,8259,1,0.0000,-0.0267,0.0438,1.2894,8.6526,0,1.0000,0,0,49.1789,-10.7512,-11.9711,-4.4583,-18.6606,0.290,0.000,1.000
2026-03-27,12:42:25,8300,1,0.0000,-0.0488,0.0530,1.5599,8.6530,0,1.0000,0,0,48.7630,-11.2242,-12.2153,-5.4114,-8.6788,0.370,0.000,1.000
2026-03-27,12:42:25,8334,1,0.0000,-0.0068,0.0525,1.5431,8.6532,0,1.0000,0,0,48.6810,-7.6413,-12.6544,-7.1154,-9.0427,0.410,0.000,1.000
2026-03-27,12:42:25,8375,1,0.0000,-0.0541,0.0583,1.7146,8.6534,0,1.0000,0,0,48.4419,-5.7874,-12.9118,-5.6626,-34.9184,0.490,0.000,1.000
2026-03-27,12:42:25,8416,1,0.0000,-0.0375,0.0654,1.9243,8.6537,0,1.0000,0,0,47.0424,-35.1612,-12.8640,-1.0214,-28.8724,0.570,0.000,1.000
2026-03-27,12:42:25,8456,1,0.0000,0.0011,0.0671,1.9746,8.6540,0,1.0000,0,0,47.0402,2.8799,-13.0780,-4.0135,1.4015,0.650,0.000,1.000
2026-03-27,12:42:25,8490,1,0.0000,0.0210,0.0652,1.9164,8.6540,0,1.0000,0,0,47.3013,10.1245,-13.3535,-5.8446,-10.2251,0.710,0.000,1.000
2026-03-27,12:42:25,8530,1,0.0000,0.0087,0.0621,1.8260,8.6539,0,1.0000,0,0,47.9892,9.0978,-13.3317,-0.9771,-35.8125,0.670,0.000,1.000
2026-03-27,12:42:25,8570,1,0.0000,0.0040,0.0626,1.8418,8.6538,0,1.0000,0,0,48.0329,1.6444,-13.1575,2.6512,-43.2576,0.630,0.000,1.000
2026-03-27,12:42:25,8611,1,0.0000,0.0196,0.0594,1.7465,8.6537,0,1.0000,0,0,48.3277,6.8432,-13.2113,-0.4097,-10.7362,0.590,0.000,1.000
2026-03-27,12:42:25,8651,1,0.0000,-0.0048,0.0611,1.7963,8.6537,0,1.0000,0,0,48.6662,4.2531,-13.6472,-6.9476,9.5527,0.550,0.000,1.000
2026-03-27,12:42:25,8691,1,0.0000,-0.0153,0.0624,1.8339,8.6537,0,1.0000,0,0,48.2381,-10.8084,-13.9151,-6.1294,-19.3808,0.510,0.000,1.000
2026-03-27,12:42:25,8732,1,0.0000,0.0043,0.0626,1.8412,8.6538,0,1.0000,0,0,47.7550,-13.0696,-14.0806,-4.3326,-30.9299,0.500,0.000,1.000
2026-03-27,12:42:25,8772,1,0.0000,-0.0069,0.0625,1.8396,8.6538,0,1.0000,0,0,47.7204,-0.1543,-14.2139,-3.4325,-25.8058,0.580,0.000,1.000
2026-03-27,12:42:26,8813,1,0.0000,-0.0057,0.0620,1.8233,8.6538,0,1.0000,0,0,47.9557,2.1798,-14.3170,-2.3466,-41.9311,0.540,0.000,1.000
2026-03-27,12:42:26,8853,1,0.0000,-0.0150,0.0657,1.9327,8.6538,0,1.0000,0,0,47.5375,-11.1589,-14.4379,-3.0072,-15.7481,0.500,0.000,0.997
2026-03-27,12:42:26,8893,1,0.0000,0.0038,0.0603,1.7739,8.6538,0,1.0000,0,0,47.2167,-7.6146,-14.6805,-4.8265,-8.1823,0.580,0.000,0.993
2026-03-27,12:42:26,8927,1,0.0000,0.0119,0.0600,1.7656,8.6538,0,1.0000,0,0,47.4672,5.5794,-14.8465,-4.7594,-0.6309,0.610,0.000,0.990
2026-03-27,12:42:26,8967,1,0.0000,-0.0121,0.0645,1.8966,8.6538,0,1.0000,0,0,47.3205,-8.4773,-15.0173,-4.2237,5.5485,0.570,0.000,0.986
2026-03-27,12:42:26,9008,1,0.0000,-0.0094,0.0648,1.9065,8.6538,0,1.0000,0,0,46.7151,-15.5215,-15.2202,-4.7240,16.8095,0.620,0.000,0.982
2026-03-27,12:42:26,9048,1,0.0000,-0.0105,0.0640,1.8811,8.6538,0,1.0000,0,0,46.5024,-6.0369,-15.3496,-3.2923,-12.8625,0.700,0.000,0.978
2026-03-27,12:42:26,9088,1,0.0000,0.0102,0.0598,1.7599,8.6537,0,1.0000,0,0,46.4607,-1.9651,-15.3741,-1.5730,-23.7563,0.780,0.000,0.974
2026-03-27,12:42:26,9129,1,0.0000,0.0008,0.0601,1.7667,8.6537,0,1.0000,0,0,45.9684,-16.0586,-15.5430,-3.4366,6.2224,0.860,0.000,0.970
2026-03-27,12:42:26,9169,1,0.0000,-0.0008,0.0611,1.7974,8.6537,0,1.0000,0,0,45.2008,-20.4537,-15.7757,-5.0287,31.6253,0.940,0.000,0.966
2026-03-27,12:42:26,9209,1,0.0000,-0.0032,0.0609,1.7908,8.6538,0,1.0000,0,0,44.5528,-17.7157,-16.0752,-6.2145,25.3908,1.000,0.000,0.962
2026-03-27,12:42:26,9249,1,0.0000,-0.0005,0.0620,1.8242,8.6538,0,1.0000,0,0,44.1451,-8.6303,-16.1647,-3.2657,-5.3874,1.000,0.000,1.000
2026-03-27,12:42:26,9289,1,0.0000,0.0124,0.0570,1.6763,8.6536,0,1.0000,0,0,44.5326,9.6457,-16.0511,0.8342,-17.1911,1.000,0.000,1.000
2026-03-27,12:42:26,9329,1,0.0000,-0.0004,0.0554,1.6283,8.6535,0,1.0000,0,0,44.8355,3.0258,-16.0871,-0.6256,11.9896,0.960,0.000,1.000
2026-03-27,12:42:26,9369,1,0.0000,0.0148,0.0549,1.6133,8.6535,0,1.0000,0,0,44.0722,-22.1093,-16.2114,-2.4034,30.5326,0.950,0.000,1.000
2026-03-27,12:42:26,9409,1,0.0000,0.0122,0.0532,1.5649,8.6534,0,1.0000,0,0,43.2630,-20.5483,-16.3147,-2.6458,52.6523,1.000,0.000,1.000
2026-03-27,12:42:26,9450,1,0.0000,0.0015,0.0544,1.6007,8.6533,0,1.0000,0,0,43.2345,-1.3280,-16.4893,-3.5483,57.1811,1.000,0.000,1.000
2026-03-27,12:42:26,9490,1,0.0000,-0.0027,0.0509,1.4975,8.6532,0,1.0000,0,0,43.3512,-0.7292,-16.4965,-1.2531,68.9860,1.000,0.000,1.000
2026-03-27,12:42:26,9529,1,0.0000,0.0095,0.0487,1.4313,8.6531,0,1.0000,0,0,43.5376,1.8299,-16.4917,-0.8027,68.3447,0.970,0.000,1.000
2026-03-27,12:42:26,9569,1,0.0000,0.0061,0.0490,1.4422,8.6531,0,1.0000,0,0,42.2787,-27.9510,-16.5409,-1.2233,84.8639,1.000,0.000,1.000
2026-03-27,12:42:26,9609,1,0.0000,-0.0030,0.0489,1.4386,8.6531,0,1.0000,0,0,41.4402,-20.4234,-16.6706,-2.6897,98.8251,1.000,0.000,1.000
2026-03-27,12:42:26,9649,1,0.0000,0.0110,0.0484,1.4243,8.6531,0,1.0000,0,0,41.3001,-5.5570,-16.7387,-1.8409,69.8984,1.000,0.000,1.000
2026-03-27,12:42:26,9690,1,0.0000,-0.0080,0.0513,1.5075,8.6531,0,1.0000,0,0,40.9608,-14.5035,-16.7176,-0.4344,73.8501,1.000,0.000,1.000
2026-03-27,12:42:26,9730,1,0.0000,-0.0206,0.0507,1.4903,8.6531,0,1.0000,0,0,39.7551,-31.8753,-16.8732,-2.9272,61.8168,1.000,0.000,1.000
2026-03-27,12:42:26,9770,1,0.0000,-0.0348,0.0559,1.6437,8.6533,0,1.0000,0,0,38.8708,-25.3175,-16.9678,-2.5447,53.5677,1.000,0.000,1.000
2026-03-27,12:42:27,9810,1,0.0000,-0.0206,0.0616,1.8103,8.6536,0,1.0000,0,0,38.0926,-20.3695,-17.1722,-4.5800,71.9794,1.000,0.000,1.000
2026-03-27,12:42:27,9850,1,0.0000,-0.0141,0.0633,1.8608,8.6538,0,1.0000,0,0,36.9164,-34.6835,-17.5925,-8.3974,87.6161,1.000,0.000,1.000
2026-03-27,12:42:27,9890,1,0.0000,-0.0248,0.0648,1.9065,8.6539,0,1.0000,0,0,36.2243,-11.8496,-17.9564,-8.3305,53.7250,1.000,0.000,1.000
2026-03-27,12:42:27,9931,1,0.0000,0.0039,0.0648,1.9058,8.6539,0,1.0000,0,0,35.9743,-6.9062,-17.9386,-2.3171,26.0366,1.000,0.000,1.000
2026-03-27,12:42:27,9971,1,0.0000,-0.0602,0.0784,2.3059,8.6543,0,1.0000,0,0,35.9682,-0.9956,-18.0922,-3.9341,48.3374,1.000,0.000,1.000
2026-03-27,12:42:27,10011,1,0.0000,-0.1557,0.1061,3.1207,8.6553,0,1.0000,0,0,35.6044,-13.3479,-18.6339,-10.0977,52.9495,1.000,0.000,1.000
2026-03-27,12:42:27,10053,1,0.0000,-0.0497,0.1160,3.4105,8.6563,0,1.0000,0,0,34.8932,-9.4629,-19.0268,-8.7339,18.2279,1.000,0.000,1.000
2026-03-27,12:42:27,10093,1,0.0000,-0.0008,0.1105,3.2497,8.6563,0,1.0000,0,0,34.8953,2.6503,-18.9610,-2.3954,9.8965,1.000,0.000,1.000
2026-03-27,12:42:27,10134,1,0.0000,0.0572,0.0975,2.8690,8.6559,0,1.0000,0,0,35.1403,8.3245,-19.2524,-5.6941,34.6876,0.980,0.000,1.000
2026-03-27,12:42:27,10174,1,0.0000,0.0185,0.0956,2.8112,8.6556,0,1.0000,0,0,35.3558,0.5312,-19.6174,-8.0414,36.7967,0.940,0.000,1.000
2026-03-27,12:42:27,10214,1,0.0000,-0.0535,0.1039,3.0548,8.6558,0,1.0000,0,0,35.0464,-9.0779,-19.9910,-8.6307,57.7117,0.900,0.000,1.000
2026-03-27,12:42:27,10255,1,0.0000,-0.0507,0.1148,3.3775,8.6563,0,1.0000,0,0,35.0328,-2.6302,-20.4327,-9.8172,55.3487,0.860,0.000,1.000
2026-03-27,12:42:27,10295,1,0.0000,0.0090,0.1061,3.1215,8.6563,0,1.0000,0,0,34.8697,-1.3914,-20.7614,-7.9639,20.1489,0.820,0.000,1.000
2026-03-27,12:42:27,10335,1,0.0000,0.0665,0.0910,2.6761,8.6557,0,1.0000,0,0,35.2256,14.3329,-20.7106,-1.8952,17.8472,0.780,0.000,1.000
2026-03-27,12:42:27,10375,1,0.0000,0.0541,0.0780,2.2942,8.6549,0,1.0000,0,0,35.8599,9.1715,-20.7020,-0.3299,21.8400,0.740,0.000,1.000
2026-03-27,12:42:27,10415,1,0.0000,-0.1576,0.1111,3.2677,8.6555,0,1.0000,0,0,35.2717,-7.4207,-20.8121,-2.1230,31.8656,0.700,0.000,1.000
2026-03-27,12:42:27,10455,1,0.0000,-0.0036,0.1132,3.3283,8.6565,0,1.0000,0,0,34.8514,-12.6490,-21.4555,-11.4806,38.7998,0.660,0.000,1.000
2026-03-27,12:42:27,10495,1,0.0000,0.0901,0.0933,2.7447,8.6559,0,1.0000,0,0,34.9753,3.4337,-21.4159,-0.8841,6.9958,0.680,0.000,1.000
2026-03-27,12:42:27,10535,1,0.0000,0.0944,0.0736,2.1656,8.6550,0,1.0000,0,0,35.4074,12.3862,-20.8628,7.3819,19.6962,0.640,0.000,1.000
2026-03-27,12:42:27,10576,1,0.0000,0.0642,0.0598,1.7579,8.6541,0,1.0000,0,0,35.6220,-0.0025,-21.0200,-0.0767,43.1022,0.600,0.000,1.000
2026-03-27,12:42:27,10616,1,0.0000,-0.0445,0.0697,2.0486,8.6540,0,1.0000,0,0,35.3575,-6.9932,-21.3270,-5.0225,62.9735,0.560,0.000,1.000
2026-03-27,12:42:27,10657,1,0.0000,-0.0222,0.0743,2.1845,8.6544,0,1.0000,0,0,34.9097,-9.6966,-21.7311,-7.7238,51.9027,0.580,0.000,1.000
2026-03-27,12:42:27,10697,1,0.0000,0.0545,0.0653,1.9195,8.6542,0,1.0000,0,0,34.9574,3.5698,-21.6637,0.0862,17.3252,0.630,0.000,1.000
2026-03-27,12:42:27,10730,1,0.0000,0.0536,0.0605,1.7785,8.6540,0,1.0000,0,0,35.7670,12.6764,-21.4720,1.4183,16.6509,0.610,0.000,1.000
2026-03-27,12:42:27,10771,1,0.0000,0.0038,0.0627,1.8435,8.6539,0,1.0000,0,0,36.1060,-3.2819,-21.0362,6.8001,34.2396,0.570,0.000,1.000
2026-03-27,12:42:28,10811,1,0.0000,-0.0092,0.0643,1.8898,8.6539,0,1.0000,0,0,35.5140,-10.5643,-21.0425,1.9654,55.5686,0.530,0.000,1.000
2026-03-27,12:42:28,10852,1,0.0000,-0.0170,0.0704,2.0700,8.6541,0,1.0000,0,0,35.0426,-10.3680,-21.2643,-2.7073,73.6359,0.580,0.000,1.000
2026-03-27,12:42:28,10892,1,0.0000,-0.0239,0.0766,2.2536,8.6544,0,1.0000,0,0,34.7354,-9.5852,-21.3693,-2.1327,41.9256,0.660,0.000,0.997
2026-03-27,12:42:28,10932,1,0.0000,-0.0075,0.0777,2.2846,8.6546,0,1.0000,0,0,34.4539,-6.4489,-21.2881,0.8925,8.7850,0.740,0.000,0.993
2026-03-27,12:42:28,10973,1,0.0000,0.0663,0.0685,2.0155,8.6544,0,1.0000,0,0,34.0773,-7.4659,-21.1972,1.5994,34.1179,0.820,0.000,0.989
2026-03-27,12:42:28,11013,1,0.0000,0.1034,0.0492,1.4468,8.6536,0,1.0000,0,0,34.9583,23.1372,-21.1396,1.7119,21.2565,0.810,0.000,0.985
2026-03-27,12:42:28,11054,1,0.0000,0.0492,0.0438,1.2893,8.6531,0,1.0000,0,0,36.9185,48.9311,-20.9141,4.1182,18.3847,0.770,0.000,0.992
2026-03-27,12:42:28,11094,1,0.0000,-0.0183,0.0486,1.4280,8.6530,0,1.0000,0,0,37.3355,-2.5954,-20.8488,2.0202,22.1470,0.730,0.000,1.000
2026-03-27,12:42:28,11134,1,0.0000,-0.0652,0.0627,1.8448,8.6534,0,1.0000,0,0,34.9201,-68.4217,-21.1163,-4.3122,45.3989,0.720,0.000,1.000
2026-03-27,12:42:28,11167,1,-3.4720,-0.1065,0.0780,2.2927,8.6541,0,1.0000,-434,1,30.5720,-120.5188,-21.7439,-12.5063,60.1467,0.780,0.000,1.000
2026-03-27,12:42:28,11207,1,-3.4720,-0.8658,0.0903,2.6550,8.6585,0,1.0000,-434,1,31.1888,30.2415,-22.4950,-15.3864,56.0625,0.860,0.000,1.000
2026-03-27,12:42:28,11247,1,-3.4720,-1.4845,0.0763,2.2442,8.6692,0,1.0000,-434,1,32.6251,29.8775,-22.2581,-0.5806,29.0592,0.910,0.000,1.000
2026-03-27,12:42:28,11280,1,-5.5440,-2.1725,0.0678,1.9937,8.6824,0,1.0000,-693,1,32.9229,10.0261,-22.0886,1.8714,46.1301,0.880,0.000,1.000
2026-03-27,12:42:28,11320,1,-5.5440,-2.8757,0.0432,1.2699,8.7045,0,1.0000,-693,1,32.6343,-8.0211,-22.3930,-5.0959,52.4241,0.840,0.000,1.000
2026-03-27,12:42:28,11361,1,-5.5600,-3.6347,0.0555,1.6309,8.7338,0,1.0000,-695,1,32.4142,-5.2244,-22.7502,-7.4572,45.2136,0.800,0.000,1.000
2026-03-27,12:42:28,11403,1,-5.5520,-3.9898,0.0638,1.8776,8.7697,0,1.0000,-694,1,32.1060,-6.1626,-23.0999,-8.2382,38.4269,0.820,0.000,1.000
2026-03-27,12:42:28,11443,1,-5.5520,-4.4822,0.0762,2.2400,8.8059,0,1.0000,-694,1,32.0392,0.5303,-23.3269,-6.5780,26.3477,0.840,0.000,1.000
2026-03-27,12:42:28,11476,1,-5.5520,-4.7394,0.0605,1.7793,8.8365,0,1.0000,-694,1,31.6474,-12.0697,-23.4110,-4.3336,16.7549,0.840,0.000,1.000
2026-03-27,12:42:28,11516,1,-5.5520,-5.0754,0.0522,1.5362,8.8813,0,1.0000,-694,1,31.5360,-8.6694,-23.2830,0.7720,21.5638,0.860,0.000,1.000
2026-03-27,12:42:28,11556,1,-5.5520,-5.2314,0.0548,1.6109,8.9263,0,1.0000,-694,1,31.4650,0.9038,-23.1525,2.3798,18.4820,0.910,0.000,1.000
2026-03-27,12:42:28,11589,1,-5.5520,-5.1785,0.0714,2.0986,8.9640,0,1.0000,-694,1,31.2557,-4.7117,-22.9816,3.5989,23.2278,0.880,0.000,1.000
2026-03-27,12:42:28,11629,1,-5.5520,-5.1928,0.0636,1.8717,9.0090,0,1.0000,-694,1,31.2014,-1.2369,-22.8338,4.0591,-0.5793,0.840,0.000,1.000
2026-03-27,12:42:28,11672,1,-5.5520,-5.1331,0.0605,1.7795,9.0553,0,1.0000,-694,1,30.9178,-2.1929,-22.6742,3.6325,-0.6686,0.890,0.000,1.000
2026-03-27,12:42:28,11714,1,-5.5520,-5.1541,0.0535,1.5729,9.1048,0,1.0000,-694,1,30.9593,3.6695,-22.6574,1.3884,12.5312,0.850,0.000,1.000
2026-03-27,12:42:28,11754,1,-5.5520,-4.6638,0.0604,1.7756,9.1466,0,1.0000,-694,1,30.9217,-0.9550,-22.7672,-1.4059,10.8928,0.810,0.000,1.000
2026-03-27,12:42:29,11795,1,-5.5520,-4.7045,0.0755,2.2217,9.1885,0,1.0000,-694,1,30.7317,3.3292,-23.0264,-4.8275,16.2731,0.770,0.000,1.000
2026-03-27,12:42:29,11835,1,-5.5520,-4.6494,0.0772,2.2711,9.2290,0,1.0000,-694,1,30.4160,-2.3607,-23.2438,-5.2248,15.0204,0.760,0.000,1.000
2026-03-27,12:42:29,11880,1,-5.5520,-4.6777,0.0537,1.5796,9.2727,0,1.0000,-694,1,30.3960,1.0599,-23.2974,-4.0754,13.7245,0.730,0.000,1.000
2026-03-27,12:42:29,11920,1,-5.5520,-4.9952,0.0520,1.5305,9.3154,0,1.0000,-694,1,30.0246,-8.0272,-23.3111,-1.3470,18.6910,0.720,0.000,1.000
2026-03-27,12:42:29,11960,1,-5.5520,-5.0706,0.0502,1.4768,9.3574,0,1.0000,-694,1,29.8759,-12.1427,-23.1950,1.1452,16.7007,0.680,0.000,1.000
2026-03-27,12:42:29,12002,1,-5.5520,-5.0722,0.0526,1.5483,9.4017,0,1.0000,-694,1,29.6474,-15.0287,-23.2985,-1.1344,-6.3771,0.670,0.000,1.000
2026-03-27,12:42:29,12042,1,-5.5520,-5.1457,0.0588,1.7288,9.4443,0,1.0000,-694,1,29.6956,-4.4027,-23.3094,-0.2490,-4.9342,0.660,0.000,0.999
2026-03-27,12:42:29,12084,1,-5.5520,-5.2181,0.0722,2.1224,9.4884,0,1.0000,-694,1,29.6451,-2.6407,-23.2673,0.6200,2.0436,0.620,0.000,0.995
2026-03-27,12:42:29,12127,1,-5.5520,-5.1370,0.0620,1.8223,9.5377,0,1.0000,-694,1,29.3709,-3.9842,-23.2253,0.5387,7.8892,0.580,0.000,0.991
2026-03-27,12:42:29,12169,1,-5.5520,-5.1775,0.0672,1.9753,9.5854,0,1.0000,-694,1,29.4650,8.7463,-23.1877,0.9226,-6.9193,0.570,0.000,0.987
2026-03-27,12:42:29,12211,1,-5.5520,-5.2471,0.0672,1.9778,9.6336,0,1.0000,-694,1,29.5826,11.8837,-23.1382,1.4963,-6.4970,0.530,0.000,0.983
2026-03-27,12:42:29,12251,1,-5.5520,-5.2647,0.0715,2.1020,9.6793,0,1.0000,-694,1,29.4064,2.1794,-23.0455,1.7273,-5.2025,0.490,0.000,0.979
2026-03-27,12:42:29,12294,1,-5.5600,-5.2409,0.0778,2.2891,9.7268,0,1.0000,-695,1,28.7547,-13.3096,-22.9786,1.8044,-4.4365,0.480,0.000,0.975
2026-03-27,12:42:29,12334,1,-5.5600,-5.6155,0.0848,2.4926,9.7754,0,1.0000,-695,1,27.8098,-7.6660,-22.9401,1.3628,-3.7820,0.560,0.000,0.982
2026-03-27,12:42:29,12374,1,-5.5600,-5.5133,0.0720,2.1176,9.8233,0,1.0000,-695,1,28.2859,9.2005,-23.0063,-1.1868,3.1747,0.610,0.000,1.000
2026-03-27,12:42:29,12408,1,-5.5520,-5.5279,0.0710,2.0894,9.8636,0,1.0000,-694,1,28.7789,12.1864,-23.1317,-2.1680,2.9866,0.580,0.000,1.000
2026-03-27,12:42:29,12449,1,-5.5520,-5.4220,0.0642,1.8891,9.9107,0,1.0000,-694,1,29.3968,15.6518,-22.9944,1.8578,-4.4585,0.540,0.000,0.997
2026-03-27,12:42:29,12490,1,-5.5600,-5.4524,0.0736,2.1658,9.9580,0,1.0000,-695,1,29.7647,12.9530,-22.7978,3.6757,8.7940,0.500,0.000,0.993
2026-03-27,12:42:29,12531,1,-5.5600,-5.4434,0.0501,1.4730,10.0062,0,1.0000,-695,1,30.0392,7.0959,-22.8024,0.9715,20.6382,0.460,0.000,0.989
2026-03-27,12:42:29,12572,1,-5.5600,-5.6291,0.0830,2.4424,10.0563,0,1.0000,-695,1,30.2831,-1.7545,-22.8867,-0.9787,-2.6215,0.420,0.000,0.985
2026-03-27,12:42:29,12615,1,-5.5600,-5.4947,0.0716,2.1065,10.1066,0,1.0000,-695,1,30.5394,4.0396,-22.7999,1.2914,10.6797,0.380,0.000,0.981
2026-03-27,12:42:29,12655,1,-5.5600,-5.3871,0.0635,1.8678,10.1540,0,1.0000,-695,1,30.6763,4.9949,-22.5207,5.2948,-10.4738,0.340,0.000,0.977
2026-03-27,12:42:29,12696,1,-5.6000,-5.2935,0.0740,2.1768,10.2002,0,1.0000,-700,1,31.2156,11.6948,-22.5083,1.6936,10.0137,0.300,0.000,1.000
2026-03-27,12:42:29,12729,1,-5.6080,-5.6514,0.0796,2.3406,10.2401,0,1.0000,-701,1,31.0277,1.4052,-22.5257,0.7874,22.2191,0.270,0.000,1.000
2026-03-27,12:42:29,12762,1,-5.6400,-5.6716,0.0873,2.5671,10.2792,0,1.0000,-705,1,30.0582,-25.0274,-22.5309,0.3975,5.7901,0.240,0.000,1.000
2026-03-27,12:42:30,12805,1,-5.6640,-5.8297,0.1148,3.3761,10.3313,0,1.0000,-708,1,30.2686,8.5591,-22.4312,1.7482,11.6074,0.290,0.000,1.000
2026-03-27,12:42:30,12845,1,-5.6640,-5.6655,0.1053,3.0957,10.3822,0,1.0000,-708,1,30.5979,8.1110,-22.4005,1.2419,16.2440,0.250,0.000,1.000
2026-03-27,12:42:30,12885,1,-5.6640,-5.4474,0.0618,1.8183,10.4292,0,1.0000,-708,1,31.1357,12.4245,-22.3749,0.9365,0.5161,0.210,0.000,1.000
2026-03-27,12:42:30,12918,1,-5.6720,-5.4155,0.0601,1.7668,10.4678,0,1.0000,-709,1,31.9975,28.1870,-22.4320,-0.6943,0.3535,0.180,0.000,1.000
2026-03-27,12:42:30,12958,1,-5.6720,-5.4786,0.0975,2.8670,10.5151,0,1.0000,-709,1,32.2502,9.8939,-22.4977,-1.0129,7.6759,0.140,0.000,1.000
2026-03-27,12:42:30,12999,1,-5.7840,-5.7663,0.1033,3.0392,10.5636,0,1.0000,-723,1,31.9992,-7.6213,-22.6391,-2.4314,12.4676,0.100,0.000,1.000
2026-03-27,12:42:30,13038,1,-5.8800,-5.7982,0.0952,2.7996,10.6106,0,1.0000,-735,1,31.5376,-6.5921,-22.8920,-3.5399,7.8378,0.070,0.000,1.000
2026-03-27,12:42:30,13073,1,-5.9280,-5.9217,0.0982,2.8882,10.6556,0,1.0000,-741,1,32.0187,10.0288,-22.4660,6.2748,-2.6228,0.040,0.000,1.000
2026-03-27,12:42:30,13114,1,-5.9440,-5.8274,0.0760,2.2352,10.7085,0,1.0000,-743,1,32.6091,17.5601,-22.2464,5.0116,-2.7527,0.000,0.000,1.000
2026-03-27,12:42:30,13154,1,-5.9440,-5.8747,0.0653,1.9192,10.7588,0,1.0000,-743,1,32.9091,6.5563,-22.3591,-0.2279,-2.3522,0.000,0.000,1.000
2026-03-27,12:42:30,13194,1,-5.9440,-5.6393,0.0783,2.3017,10.8082,0,1.0000,-743,1,33.5744,16.8687,-22.5281,-2.7947,-2.3954,0.000,0.000,1.000
2026-03-27,12:42:30,13228,1,-6.0480,-5.8350,0.0758,2.2296,10.8492,0,1.0000,-756,1,33.8738,16.7112,-22.6543,-2.7852,-9.2824,0.000,0.000,1.000
2026-03-27,12:42:30,13268,1,-6.0480,-5.8791,0.0720,2.1188,10.8989,0,1.0000,-756,1,34.1937,8.4767,-22.6367,-0.2480,-21.7180,0.000,0.000,1.000
2026-03-27,12:42:30,13309,1,-6.0480,-6.0320,0.0999,2.9386,10.9501,0,1.0000,-756,1,34.2204,-6.2410,-22.5151,2.0986,1.3759,0.000,0.000,1.000
2026-03-27,12:42:30,13352,1,-6.0560,-6.0826,0.0939,2.7615,11.0061,0,1.0000,-757,1,33.8033,-1.2991,-22.7151,-1.9948,-0.0893,0.000,0.000,1.000
2026-03-27,12:42:30,13394,1,-6.0640,-5.9675,0.0664,1.9539,11.0596,0,1.0000,-758,1,34.1816,7.0388,-22.4683,3.6241,6.6028,0.000,0.000,1.000
2026-03-27,12:42:30,13435,1,-6.0640,-5.6619,0.0545,1.6039,11.1121,0,1.0000,-758,1,35.0153,24.6195,-22.3781,2.0923,5.7083,0.000,0.000,1.000
2026-03-27,12:42:30,13475,1,-6.0640,-5.3186,0.0603,1.7748,11.1592,0,1.0000,-758,1,35.7600,18.0120,-22.5253,-1.7644,-1.0722,0.000,0.000,1.000
2026-03-27,12:42:30,13517,1,-6.0640,-4.9465,0.0638,1.8771,11.2040,0,1.0000,-758,1,35.5422,2.9136,-22.7125,-3.4718,0.2052,0.000,0.000,1.000
2026-03-27,12:42:30,13557,1,-6.0640,-4.9901,0.0781,2.2984,11.2480,0,1.0000,-758,1,35.8031,12.0396,-22.9699,-5.8089,13.2811,0.000,0.000,1.000
2026-03-27,12:42:30,13597,1,-6.0640,-5.1639,0.0644,1.8931,11.2917,0,1.0000,-758,1,35.6103,-7.7051,-23.6138,-12.1658,23.3578,0.000,0.000,1.000
2026-03-27,12:42:30,13630,1,-6.0640,-5.7321,0.0621,1.8279,11.3289,0,1.0000,-758,1,35.0599,-10.7285,-23.8861,-9.6459,0.3448,0.000,0.000,1.000
2026-03-27,12:42:30,13670,1,-6.0640,-5.7395,0.0420,1.2347,11.3811,0,1.0000,-758,1,35.6036,7.2865,-23.8549,-2.7387,-12.2742,0.000,0.000,1.000
2026-03-27,12:42:30,13710,1,-6.0640,-5.5895,0.0703,2.0685,11.4308,0,1.0000,-758,1,35.8621,10.4830,-23.7610,0.4923,2.3104,0.000,0.000,1.000
2026-03-27,12:42:30,13743,1,-6.0640,-5.7132,0.0465,1.3663,11.4707,0,1.0000,-758,1,35.7524,5.3927,-23.6773,1.6618,2.5553,0.000,0.000,1.000
2026-03-27,12:42:30,13784,1,-6.0640,-5.0445,0.0388,1.1398,11.5169,0,1.0000,-758,1,36.4725,11.7848,-23.6856,0.5600,1.8922,0.000,0.000,1.000
2026-03-27,12:42:31,13825,1,-6.0720,-5.0543,0.0494,1.4528,11.5598,0,1.0000,-759,1,36.0986,-5.2588,-23.8008,-1.8731,14.6133,0.000,0.000,1.000
2026-03-27,12:42:31,13865,1,-6.0720,-5.0777,0.0700,2.0580,11.6032,0,1.0000,-759,1,36.1800,-3.0116,-24.0780,-5.5637,31.8838,0.000,0.000,1.000
2026-03-27,12:42:31,13905,1,-6.0720,-5.5352,0.0739,2.1747,11.6496,0,1.0000,-759,1,36.0760,1.4490,-24.2708,-4.1579,19.3890,0.000,0.000,1.000
2026-03-27,12:42:31,13938,1,-6.0720,-5.5842,0.0468,1.3752,11.6880,0,1.0000,-759,1,36.2469,7.4589,-24.1497,0.3517,17.4955,0.000,0.000,1.000
2026-03-27,12:42:31,13980,1,-6.0640,-4.9422,0.0575,1.6915,11.7343,0,1.0000,-758,1,36.7867,6.1913,-24.0907,0.9896,14.5236,0.000,0.000,1.000
2026-03-27,12:42:31,14023,1,-6.0640,-4.8005,0.0417,1.2251,11.7801,0,1.0000,-758,1,37.1009,13.6591,-23.9723,2.3414,12.8742,0.000,0.000,1.000
2026-03-27,12:42:31,14063,1,-6.0640,-4.4959,0.0340,1.0007,11.8214,0,1.0000,-758,1,38.2854,30.5192,-23.8260,3.2800,17.9591,0.000,0.000,1.000
2026-03-27,12:42:31,14104,1,-6.0640,-3.8880,0.0367,1.0802,11.8570,0,1.0000,-758,1,37.6995,-18.5212,-23.6446,4.4922,7.8510,0.000,0.000,1.000
2026-03-27,12:42:31,14137,1,-6.0720,-3.3568,0.0473,1.3926,11.8813,0,1.0000,-759,1,37.3729,-5.9941,-23.5515,3.5522,13.0921,0.000,0.000,1.000
2026-03-27,12:42:31,14170,1,-6.0720,-3.7030,0.0273,0.8028,11.9006,0,1.0000,-759,1,37.1927,-5.8988,-23.5775,2.5765,12.5611,0.000,0.000,1.000
2026-03-27,12:42:31,14211,1,-6.0720,-3.5463,0.0455,1.3377,11.9385,0,1.0000,-759,1,36.6542,-21.8539,-23.8262,-3.6357,23.6896,0.020,0.000,1.000
2026-03-27,12:42:31,14255,1,-6.0720,-4.0431,0.0562,1.6517,11.9747,0,1.0000,-759,1,36.2977,-5.7706,-24.1892,-6.0327,5.8073,0.100,0.000,0.999
2026-03-27,12:42:31,14295,1,-6.0720,-4.1362,0.0523,1.5386,12.0119,0,1.0000,-759,1,36.1777,1.9531,-24.0646,-0.0354,5.5516,0.180,0.000,0.999
2026-03-27,12:42:31,14336,1,-6.0720,-4.0791,0.0433,1.2738,12.0481,0,1.0000,-759,1,36.0169,-0.9324,-24.0373,0.3367,11.3724,0.230,0.000,0.999
2026-03-27,12:42:31,14376,1,-6.0720,-3.8973,0.0187,0.5498,12.0835,0,1.0000,-759,1,35.9103,-0.1485,-23.9069,2.6534,-3.4669,0.190,0.000,0.995
2026-03-27,12:42:31,14416,1,-6.0720,-3.8099,0.0513,1.5077,12.1179,0,1.0000,-759,1,36.0108,6.0164,-23.9236,0.2340,2.7705,0.150,0.000,0.991
2026-03-27,12:42:31,14449,1,-6.0800,-3.7849,0.0219,0.6448,12.1423,0,1.0000,-760,1,35.7950,-3.7717,-24.0106,-1.2808,9.2215,0.120,0.000,0.988
2026-03-27,12:42:31,14489,1,-6.0800,-3.7892,0.0295,0.8687,12.1753,0,1.0000,-760,1,35.5522,-11.5205,-24.1701,-2.8698,8.3403,0.080,0.000,0.984
2026-03-27,12:42:31,14529,1,-6.0800,-3.8338,0.0454,1.3340,12.2072,0,1.0000,-759,1,35.6366,-5.2209,-24.3261,-3.9148,6.7147,0.040,0.000,0.980
2026-03-27,12:42:31,14562,1,-6.0640,-4.0341,0.0461,1.3559,12.2346,0,1.0000,-758,1,35.6431,0.8980,-24.4117,-3.1839,12.1906,0.010,0.000,0.977
2026-03-27,12:42:31,14602,1,-6.0640,-4.2679,0.0719,2.1138,12.2699,0,1.0000,-758,1,35.5602,-0.9729,-24.4006,-0.6328,10.7990,0.000,0.000,0.973
2026-03-27,12:42:31,14643,1,-6.0720,-4.3986,0.0446,1.3117,12.3052,0,1.0000,-759,1,35.3752,-6.5176,-24.3667,0.4111,-4.4468,0.000,0.000,0.969
2026-03-27,12:42:31,14684,1,-6.0720,-4.3612,0.0428,1.2588,12.3435,0,1.0000,-759,1,35.3749,-11.0920,-24.4152,-1.0264,2.7083,0.000,0.000,0.965
2026-03-27,12:42:31,14727,1,-6.0720,-4.2545,0.0233,0.6859,12.3835,0,1.0000,-759,1,35.5160,-2.0970,-24.7409,-5.5865,7.9777,0.000,0.000,0.961
2026-03-27,12:42:31,14769,1,-6.0720,-4.4560,0.0438,1.2881,12.4249,0,1.0000,-759,1,35.6561,4.7347,-24.9390,-5.0438,-7.4484,0.000,0.000,0.957
2026-03-27,12:42:32,14802,1,-6.0720,-4.3959,0.0569,1.6733,12.4553,0,1.0000,-759,1,35.5529,3.1431,-24.9504,-2.4880,-13.6692,0.000,0.000,0.954
2026-03-27,12:42:32,14844,1,-6.0720,-4.3787,0.0576,1.6945,12.4942,0,1.0000,-759,1,35.3817,-0.3317,-24.9659,-0.7071,1.6386,0.000,0.000,0.950
2026-03-27,12:42:32,14884,1,-6.0720,-4.3857,0.0642,1.8870,12.5316,0,1.0000,-759,1,35.2522,-6.4250,-24.9508,0.3600,-11.4619,0.000,0.000,0.946
2026-03-27,12:42:32,14924,1,-6.0720,-4.3553,0.0735,2.1611,12.5683,0,1.0000,-759,1,35.0625,-12.8375,-25.0691,-1.9102,-9.6340,0.000,0.000,0.942
2026-03-27,12:42:32,14957,1,-6.0720,-4.7174,0.0477,1.4023,12.5990,0,1.0000,-759,1,34.4076,-15.4074,-25.1951,-2.8202,-22.5877,0.040,0.000,0.939
2026-03-27,12:42:32,14997,1,-6.0720,-4.7418,0.0373,1.0982,12.6422,0,1.0000,-759,1,34.6437,1.6470,-25.1466,-0.2058,-25.5069,0.090,0.000,0.935
2026-03-27,12:42:32,15037,1,-6.0720,-4.5866,0.0503,1.4784,12.6832,0,1.0000,-759,1,35.0533,15.9743,-25.0176,1.8809,-22.5673,0.050,0.000,0.931
2026-03-27,12:42:32,15070,1,-6.0720,-4.5088,0.0591,1.7382,12.7143,0,1.0000,-759,1,35.0088,2.1152,-24.8951,3.0872,-6.1396,0.020,0.000,0.928
2026-03-27,12:42:32,15110,1,-6.0720,-3.9586,0.0426,1.2529,12.7497,0,1.0000,-759,1,35.5076,10.5503,-24.7813,2.9618,-5.0994,0.000,0.000,0.924
2026-03-27,12:42:32,15151,1,-6.0720,-3.8122,0.0370,1.0897,12.7835,0,1.0000,-759,1,35.4855,1.2630,-24.8046,0.4985,2.0384,0.000,0.000,0.920
2026-03-27,12:42:32,15185,1,-6.0720,-3.9683,0.0373,1.0976,12.8135,0,1.0000,-759,1,35.6896,10.3871,-24.9325,-1.9733,2.0718,0.000,0.000,0.917
2026-03-27,12:42:32,15227,1,-6.0640,-4.4612,0.0475,1.3962,12.8522,0,1.0000,-758,1,35.5508,-0.6162,-25.2376,-5.5751,15.2199,0.000,0.000,0.913
2026-03-27,12:42:32,15270,1,-6.0720,-4.3646,0.0646,1.9007,12.8913,0,1.0000,-759,1,35.5910,-0.4161,-25.5257,-5.7690,-14.0661,0.000,0.000,0.909
2026-03-27,12:42:32,15306,1,-6.0720,-4.2139,0.0375,1.1039,12.9126,0,1.0000,-759,1,35.5179,-1.1025,-25.5358,-4.5779,-13.5458,0.000,0.000,0.907
2026-03-27,12:42:32,15347,1,-6.0720,-3.8698,0.0342,1.0057,12.9584,0,1.0000,-759,1,35.6704,-0.8120,-25.4004,0.4864,-11.4466,0.000,0.000,0.903
2026-03-27,12:42:32,15389,1,-6.0720,-3.6498,0.0322,0.9479,12.9929,0,1.0000,-759,1,35.8413,2.6181,-25.2976,1.3128,9.8127,0.000,0.000,0.899
2026-03-27,12:42:32,15429,1,-6.0720,-3.7594,0.0408,1.2003,13.0258,0,1.0000,-759,1,35.8779,2.5916,-25.3365,-0.2868,21.5558,0.000,0.000,0.895
2026-03-27,12:42:32,15471,1,-6.0640,-4.2394,0.0389,1.1449,13.0617,0,1.0000,-758,1,35.8515,1.6498,-25.4486,-1.8163,11.5588,0.000,0.000,0.891
2026-03-27,12:42:32,15511,1,-6.0640,-4.2576,0.0418,1.2297,13.0975,0,1.0000,-758,1,35.8062,-5.4858,-25.4833,-1.1661,23.4972,0.000,0.000,0.887
2026-03-27,12:42:32,15551,1,-6.0640,-4.2609,0.0472,1.3885,13.1331,0,1.0000,-758,1,35.8942,-4.0536,-25.4849,0.0260,12.8022,0.000,0.000,0.883
2026-03-27,12:42:32,15593,1,-6.0720,-4.6891,0.0572,1.6835,13.1728,0,1.0000,-759,1,35.9002,-0.4763,-25.4314,0.4818,30.3578,0.000,0.000,0.879
2026-03-27,12:42:32,15633,1,-6.0720,-4.7015,0.0489,1.4384,13.2131,0,1.0000,-759,1,35.8564,2.8919,-25.4616,-0.0784,24.6945,0.000,0.000,0.875
2026-03-27,12:42:32,15676,1,-6.0720,-4.2514,0.0243,0.7159,13.2518,0,1.0000,-759,1,36.0958,3.0667,-25.4864,-0.5532,27.6112,0.000,0.000,0.871
2026-03-27,12:42:32,15709,1,-6.0720,-4.0972,0.0307,0.9038,13.2821,0,1.0000,-759,1,36.3998,2.4141,-25.6112,-2.4041,37.7014,0.000,0.000,0.868
2026-03-27,12:42:32,15742,1,-6.0720,-3.9295,0.0357,1.0505,13.3097,0,1.0000,-759,1,36.4956,0.5368,-25.6182,-1.1703,26.0408,0.000,0.000,0.865
2026-03-27,12:42:32,15775,1,-6.0720,-3.7910,0.0447,1.3137,13.3366,0,1.0000,-759,1,35.8656,-16.0118,-25.6312,-0.6612,30.1635,0.000,0.000,0.862
2026-03-27,12:42:33,15815,1,-6.0720,-3.8443,0.0385,1.1309,13.3705,0,1.0000,-759,1,35.8779,-5.7389,-25.7551,-2.5601,31.1486,0.000,0.000,0.858
2026-03-27,12:42:33,15855,1,-6.0720,-3.8087,0.0301,0.8863,13.4041,0,1.0000,-759,1,36.3344,8.4953,-25.9031,-3.3118,25.6210,0.000,0.000,0.854
2026-03-27,12:42:33,15888,1,-6.0720,-3.9125,0.0325,0.9572,13.4313,0,1.0000,-759,1,36.2082,-2.5892,-26.0318,-3.5264,8.8824,0.000,0.000,0.851
2026-03-27,12:42:33,15928,1,-6.0720,-4.0550,0.0421,1.2393,13.4646,0,1.0000,-759,1,35.9510,-11.3131,-26.1933,-3.8042,14.2731,0.000,0.000,0.847
2026-03-27,12:42:33,15969,1,-6.0640,-3.9671,0.0310,0.9128,13.4977,0,1.0000,-758,1,36.1464,2.8459,-26.2829,-2.7738,31.6662,0.000,0.000,0.843
2026-03-27,12:42:33,16011,1,-6.0640,-3.9335,0.0299,0.8807,13.5329,0,1.0000,-758,1,36.2135,-1.7933,-26.2297,-0.0208,26.2332,0.000,0.000,0.839
2026-03-27,12:42:33,16051,1,-6.0640,-3.8112,0.0292,0.8598,13.5651,0,1.0000,-758,1,36.4817,1.8850,-26.1897,0.4084,27.9625,0.000,0.000,0.835
2026-03-27,12:42:33,16084,1,-6.0720,-3.3368,0.0404,1.1892,13.5892,0,1.0000,-759,1,36.5446,-2.4114,-26.1215,1.1470,31.2039,0.000,0.000,0.832
2026-03-27,12:42:33,16125,1,-6.0720,-3.1375,0.0494,1.4531,13.6197,0,1.0000,-759,1,36.1663,-4.3485,-26.1796,-0.8533,38.9628,0.000,0.000,0.828
2026-03-27,12:42:33,16165,1,-6.0720,-3.4695,0.0566,1.6635,13.6489,0,1.0000,-759,1,35.7183,-7.0732,-26.3873,-3.6163,53.1861,0.060,0.000,0.824
2026-03-27,12:42:33,16198,1,-6.0720,-3.9236,0.0427,1.2573,13.6748,0,1.0000,-759,1,35.6538,-5.1832,-26.5814,-4.7016,46.9572,0.090,0.000,0.821
2026-03-27,12:42:33,16238,1,-6.0720,-3.4766,0.0407,1.1971,13.7057,0,1.0000,-759,1,35.8719,-4.0054,-26.7805,-4.8330,39.1104,0.050,0.000,0.817
2026-03-27,12:42:33,16279,1,-6.0720,-3.4004,0.0333,0.9801,13.7350,0,1.0000,-759,1,35.6813,-6.2170,-26.7617,-1.3701,40.1348,0.010,0.000,0.813
2026-03-27,12:42:33,16312,1,-6.0720,-3.2908,0.0347,1.0195,13.7598,0,1.0000,-759,1,35.7763,2.0081,-26.7078,0.2551,35.2611,0.000,0.000,0.810
2026-03-27,12:42:33,16354,1,-6.0640,-3.0581,0.0159,0.4671,13.7892,0,1.0000,-758,1,35.3909,-6.8079,-26.6113,1.4001,30.5314,0.000,0.000,0.806
2026-03-27,12:42:33,16396,1,-6.0640,-3.4421,0.0148,0.4347,13.8205,0,1.0000,-758,1,35.4215,0.7908,-26.5985,0.5072,32.4815,0.000,0.000,0.802
2026-03-27,12:42:33,16429,1,-6.0640,-3.2581,0.0416,1.2237,13.8380,0,1.0000,-758,1,35.7436,4.8176,-26.6578,0.0609,38.1615,0.000,0.000,0.800
2026-03-27,12:42:33,16469,1,-6.0640,-3.4794,0.0314,0.9232,13.8741,0,1.0000,-758,1,35.5036,-2.8579,-26.7599,-1.8428,25.9031,0.000,0.000,0.796
2026-03-27,12:42:33,16503,1,-6.0720,-3.3354,0.0436,1.2821,13.8989,0,1.0000,-759,1,35.2816,-6.0639,-26.8387,-2.2939,15.9460,0.000,0.000,0.793
2026-03-27,12:42:33,16545,1,-6.0640,-3.3292,0.0495,1.4563,13.9300,0,1.0000,-758,1,34.9620,-1.2154,-26.9700,-2.6508,19.8865,0.040,0.000,0.789
2026-03-27,12:42:33,16587,1,-6.0640,-3.3571,0.0550,1.6164,13.9608,0,1.0000,-758,1,34.9585,4.9973,-27.0601,-2.2219,29.9484,0.000,0.000,0.785
2026-03-27,12:42:33,16627,1,-6.0640,-3.3987,0.0594,1.7466,13.9910,0,1.0000,-758,1,34.4125,-6.7942,-27.1874,-2.5394,32.2819,0.060,0.000,0.781
2026-03-27,12:42:33,16668,1,-6.0640,-3.2809,0.0495,1.4560,14.0212,0,1.0000,-758,1,34.2793,0.7152,-27.2673,-1.8169,28.2839,0.140,0.000,0.777
2026-03-27,12:42:33,16711,1,-6.0720,-3.2964,0.0621,1.8250,14.0522,0,1.0000,-759,1,34.2788,4.5916,-27.3574,-2.0045,23.8928,0.100,0.000,0.773
2026-03-27,12:42:33,16754,1,-6.0720,-3.5357,0.0471,1.3847,14.0838,0,1.0000,-759,1,34.1756,2.6173,-27.4117,-1.1050,13.7707,0.060,0.000,0.769
2026-03-27,12:42:34,16796,1,-6.0720,-3.9085,0.0431,1.2667,14.1184,0,1.0000,-759,1,34.0922,-2.3776,-27.3242,1.3326,5.5635,0.020,0.000,0.765
2026-03-27,12:42:34,16836,1,-6.0720,-3.8441,0.0352,1.0341,14.1535,0,1.0000,-759,1,34.0778,-6.1451,-27.2100,2.3118,10.6337,0.000,0.000,0.761
2026-03-27,12:42:34,16877,1,-6.0720,-4.3857,0.0494,1.4516,14.1901,0,1.0000,-759,1,34.1170,-1.2740,-27.1250,2.0056,9.5236,0.000,0.000,0.757
2026-03-27,12:42:34,16918,1,-6.0640,-4.5208,0.0586,1.7221,14.2287,0,1.0000,-758,1,33.9380,-0.9230,-27.0230,2.3681,14.9849,0.000,0.000,0.753
2026-03-27,12:42:34,16958,1,-6.0640,-4.0641,0.0454,1.3351,14.2649,0,1.0000,-758,1,34.2282,11.6554,-26.9980,1.3369,19.8038,0.000,0.000,0.749
2026-03-27,12:42:34,17000,1,-6.0720,-3.9733,0.0323,0.9501,14.2993,0,1.0000,-759,1,34.4413,1.6246,-27.0589,-0.5461,10.1167,0.000,0.000,0.745
2026-03-27,12:42:34,17040,1,-6.0720,-3.9626,0.0392,1.1517,14.3335,0,1.0000,-759,1,33.8552,-15.6086,-27.2591,-3.7631,15.5337,0.000,0.000,0.741
2026-03-27,12:42:34,17080,1,-6.0720,-3.5256,0.0228,0.6711,14.3650,0,1.0000,-759,1,33.6416,-11.5685,-27.5147,-5.6479,19.5697,0.000,0.000,0.737
2026-03-27,12:42:34,17122,1,-6.0640,-3.4819,0.0229,0.6729,14.3981,0,1.0000,-758,1,33.5757,-7.2219,-27.6276,-3.9116,15.4281,0.000,0.000,0.733
2026-03-27,12:42:34,17162,1,-6.0640,-3.4835,0.0200,0.5877,14.4298,0,1.0000,-758,1,33.6024,3.3216,-27.6660,-2.2498,32.4385,0.020,0.000,0.729
2026-03-27,12:42:34,17203,1,-6.0720,-3.3071,0.0298,0.8778,14.4609,0,1.0000,-759,1,33.7493,8.7527,-27.5968,0.4585,26.6875,0.000,0.000,0.725
2026-03-27,12:42:34,17245,1,-6.0720,-3.1575,0.0056,0.1648,14.4913,0,1.0000,-759,1,33.9690,6.8912,-27.5452,0.8932,29.7689,0.000,0.000,0.721
2026-03-27,12:42:34,17285,1,-6.0720,-3.0076,0.0316,0.9281,14.5181,0,1.0000,-759,1,34.2018,2.7319,-27.6070,-0.8302,45.2730,0.000,0.000,0.717
2026-03-27,12:42:34,17327,1,-6.0640,-3.0122,0.0297,0.8732,14.5430,0,1.0000,-758,1,33.9175,-3.8883,-27.8087,-3.4588,45.2173,0.000,0.000,0.713
2026-03-27,12:42:34,17367,1,-6.0640,-2.2269,0.0237,0.6970,14.5651,0,1.0000,-758,1,34.6113,12.9132,-27.9639,-4.0612,51.3625,0.000,0.000,0.709
2026-03-27,12:42:34,17409,1,-6.0640,-2.0935,0.0124,0.3653,14.5839,0,1.0000,-758,1,34.4850,-5.4861,-28.0604,-3.1274,64.0289,0.000,0.000,0.705
2026-03-27,12:42:34,17450,1,-6.0640,-1.9717,0.0504,1.4833,14.6017,0,1.0000,-758,1,33.9551,-14.5967,-28.0882,-1.5009,67.4766,0.000,0.000,0.701
2026-03-27,12:42:34,17490,1,-6.0640,-2.0827,0.0564,1.6582,14.6166,0,1.0000,-758,1,33.4852,-7.9342,-28.0967,-0.4069,50.9104,0.020,0.000,0.708
2026-03-27,12:42:34,17523,1,-6.0640,-1.8006,0.0536,1.5776,14.6278,0,1.0000,-758,1,33.2153,-11.4994,-28.1199,-0.5121,44.6777,0.020,0.000,0.727
2026-03-27,12:42:34,17565,1,-6.0640,-1.6135,0.0333,0.9788,14.6413,0,1.0000,-758,1,32.6743,-14.3158,-28.1363,-0.4301,50.9966,0.040,0.000,0.756
2026-03-27,12:42:34,17598,1,-6.0640,-1.5093,0.0215,0.6330,14.6486,0,1.0000,-758,1,32.5906,-9.1429,-28.1624,-0.5293,56.0023,0.050,0.000,0.776
2026-03-27,12:42:34,17631,1,-6.0720,-1.6310,0.0348,1.0238,14.6642,0,1.0000,-759,1,32.7646,6.7310,-28.1176,0.5658,70.0409,0.080,0.000,0.795
2026-03-27,12:42:34,17671,1,-6.0720,-1.6985,0.0430,1.2648,14.6785,0,1.0000,-759,1,32.9122,6.8880,-28.0702,0.9518,60.4909,0.040,0.000,0.802
2026-03-27,12:42:34,17714,1,-6.0720,-1.7845,0.0491,1.4437,14.6918,0,1.0000,-759,1,32.8864,2.4214,-28.2061,-1.6682,51.9068,0.000,0.000,0.820
2026-03-27,12:42:34,17756,1,-6.0720,-1.5383,0.0452,1.3295,14.7041,0,1.0000,-759,1,33.2681,6.5031,-28.4562,-4.6982,44.5802,0.000,0.000,0.838
2026-03-27,12:42:35,17796,1,-6.0720,-1.3092,0.0087,0.2571,14.7144,0,1.0000,-759,1,33.4543,-0.5703,-28.8330,-8.0232,38.3399,0.000,0.000,0.845
2026-03-27,12:42:35,17829,1,-6.0720,-0.9881,0.0084,0.2478,14.7214,0,1.0000,-759,1,33.1734,-15.2233,-29.0944,-8.4711,27.0775,0.000,0.000,0.864
2026-03-27,12:42:35,17869,1,-6.0720,-0.7755,0.0137,0.4040,14.7301,0,1.0000,-759,1,32.3528,-25.2869,-29.4360,-9.2536,21.8758,0.000,0.000,0.893
2026-03-27,12:42:35,17909,1,-6.0720,-0.6130,-0.0040,0.1174,14.7341,0,1.0000,-759,1,30.9234,-35.9243,-29.7698,-8.8909,18.0855,0.000,0.000,0.911
2026-03-27,12:42:35,17952,1,-6.0720,-0.6901,0.0140,0.4120,14.7391,0,1.0000,-759,1,30.0166,-22.7506,-30.0324,-7.7629,28.7217,0.000,0.000,0.940
2026-03-27,12:42:35,17992,1,-6.0720,-0.3651,-0.0261,0.7691,14.7428,0,1.0000,-759,1,29.3171,-24.5073,-30.4019,-9.7290,37.7554,0.000,0.000,0.969
2026-03-27,12:42:35,18034,1,-6.0720,-0.3585,0.0210,0.6187,14.7480,0,1.0000,-759,1,28.4814,-17.2316,-30.8022,-9.6618,44.5894,0.010,0.000,0.987
2026-03-27,12:42:35,18074,1,-6.0720,-0.4087,0.0371,1.0902,14.7527,0,1.0000,-759,1,27.5955,-18.6405,-31.0695,-7.7723,57.4049,0.040,0.000,1.000
2026-03-27,12:42:35,18114,1,-6.0720,-0.8502,0.0022,0.0649,14.7583,0,1.0000,-759,1,25.8958,-40.0040,-31.3402,-6.9432,62.8971,0.030,0.000,0.999
2026-03-27,12:42:35,18156,1,-6.0720,-1.0447,0.0238,0.6985,14.7659,0,1.0000,-759,1,23.7220,-54.9542,-31.4304,-3.4217,60.5127,0.050,0.000,1.000
2026-03-27,12:42:35,18196,1,-6.0720,-1.2905,0.0131,0.3850,14.7755,0,1.0000,-759,1,22.7973,-18.2372,-31.3011,1.1225,51.0990,0.070,0.000,1.000
2026-03-27,12:42:35,18239,1,-6.0720,-1.3899,0.0212,0.6242,14.7867,0,1.0000,-759,1,23.7549,14.2254,-31.0414,4.3682,56.2844,0.090,0.000,1.000
2026-03-27,12:42:35,18279,1,-6.0720,-1.4141,0.0151,0.4438,14.7996,0,1.0000,-759,1,24.5371,21.8946,-30.6795,7.6757,40.1187,0.050,0.000,1.000
2026-03-27,12:42:35,18319,1,-6.0720,-1.4948,0.0295,0.8681,14.8130,0,1.0000,-759,1,24.9927,13.4581,-30.2232,10.2880,39.8363,0.010,0.000,1.000
2026-03-27,12:42:35,18360,1,-6.0720,-2.1514,0.0527,1.5507,14.8297,0,1.0000,-759,1,25.3133,10.1648,-29.8929,8.9514,53.5314,0.000,0.000,1.000
2026-03-27,12:42:35,18400,1,-6.0720,-2.1519,0.0588,1.7285,14.8465,0,1.0000,-759,1,25.6940,6.5814,-29.5393,9.5787,32.6240,0.000,0.000,1.000
2026-03-27,12:42:35,18443,1,-6.0720,-2.0011,0.0445,1.3082,14.8657,0,1.0000,-759,1,26.1425,10.6129,-29.1431,9.3090,28.2777,0.000,0.000,1.000
2026-03-27,12:42:35,18484,1,-6.0720,-2.0995,0.0149,0.4382,14.8847,0,1.0000,-759,1,26.1828,-0.0128,-28.8221,8.4656,3.6609,0.000,0.000,1.000
2026-03-27,12:42:35,18524,1,-6.0640,-2.7286,0.0410,1.2060,14.9059,0,1.0000,-758,1,26.1436,1.2806,-28.5951,6.5430,-3.1998,0.000,0.000,1.000
2026-03-27,12:42:35,18557,1,-6.0640,-2.9807,0.0418,1.2296,14.9250,0,1.0000,-758,1,25.8563,-8.3026,-28.4608,4.9214,-2.8437,0.000,0.000,1.000
2026-03-27,12:42:35,18597,1,-6.0640,-3.0889,0.0433,1.2729,14.9504,0,1.0000,-758,1,25.9183,7.8489,-28.3258,3.7623,11.7597,0.000,0.000,1.000
2026-03-27,12:42:35,18639,1,-6.0640,-3.0910,0.0485,1.4257,14.9770,0,1.0000,-758,1,26.3731,7.5289,-28.2404,2.5593,23.5553,0.000,0.000,1.000
2026-03-27,12:42:35,18682,1,-6.0720,-3.0472,0.0344,1.0106,15.0075,0,1.0000,-759,1,26.9010,15.1294,-28.0204,4.4696,19.9928,0.000,0.000,1.000
2026-03-27,12:42:35,18726,1,-6.0720,-2.8345,0.0037,0.1097,15.0357,0,1.0000,-759,1,27.3627,13.1210,-27.7958,4.8612,17.1170,0.000,0.000,0.999
2026-03-27,12:42:35,18759,1,-6.0720,-3.0575,0.0212,0.6228,15.0533,0,1.0000,-759,1,27.7769,12.7117,-27.6116,5.0036,16.3154,0.000,0.000,1.000
2026-03-27,12:42:36,18800,1,-6.0720,-2.6082,0.0412,1.2124,15.0825,0,1.0000,-759,1,27.9298,0.9853,-27.3082,6.7109,20.7465,0.000,0.000,1.000
2026-03-27,12:42:36,18841,1,-6.0640,-2.6939,0.0475,1.3957,15.1040,0,1.0000,-758,1,28.2961,6.4532,-27.0908,5.4764,44.3827,0.000,0.000,1.000
2026-03-27,12:42:36,18875,1,-6.0720,-2.8664,0.0496,1.4592,15.1230,0,1.0000,-759,1,28.3964,2.2526,-27.0503,3.0978,32.4791,0.000,0.000,1.000
2026-03-27,12:42:36,18915,1,-6.0720,-3.1536,0.0407,1.1983,15.1498,0,1.0000,-759,1,28.0046,-11.9490,-27.0232,1.2527,33.8224,0.000,0.000,1.000
2026-03-27,12:42:36,18957,1,-6.0720,-3.7891,0.0332,0.9760,15.1810,0,1.0000,-759,1,27.3156,-6.5517,-26.9477,1.6551,48.5337,0.060,0.000,1.000
2026-03-27,12:42:36,18998,1,-6.0720,-3.8124,0.0364,1.0692,15.2153,0,1.0000,-759,1,27.8423,9.5519,-26.8854,1.3558,40.9289,0.050,0.000,1.000
2026-03-27,12:42:36,19039,1,-6.0720,-3.7813,0.0260,0.7651,15.2495,0,1.0000,-759,1,28.3828,11.8672,-26.7311,2.7784,48.3456,0.010,0.000,1.000
2026-03-27,12:42:36,19080,1,-6.0720,-3.7249,0.0108,0.3178,15.2848,0,1.0000,-759,1,28.8238,15.1350,-26.4995,4.7642,53.9194,0.000,0.000,1.000
2026-03-27,12:42:36,19120,1,-6.0720,-3.6498,0.0319,0.9396,15.3183,0,1.0000,-759,1,29.7673,29.5069,-26.2749,5.2912,45.5296,0.000,0.000,1.000
2026-03-27,12:42:36,19161,1,-6.0720,-3.3101,0.0163,0.4807,15.3474,0,1.0000,-759,1,30.1948,11.6113,-26.0489,5.5153,33.2680,0.000,0.000,1.000
2026-03-27,12:42:36,19201,1,-0.6549,-2.6121,0.0240,0.7055,15.3737,0,1.0000,-759,0,30.4500,7.7063,-25.8954,3.9226,28.7731,0.000,0.000,1.000
2026-03-27,12:42:36,19241,1,-0.6549,-2.1676,0.0803,2.3625,15.3938,0,1.0000,-759,0,30.1451,-11.0926,-25.7722,3.1294,31.3477,0.000,0.000,1.000
2026-03-27,12:42:36,19275,1,-0.6549,-1.4624,0.1021,3.0028,15.4058,0,1.0000,-759,0,28.0843,-62.3967,-25.7413,1.6191,37.2759,0.040,0.000,1.000
2026-03-27,12:42:36,19315,1,-0.6549,-0.7074,0.1055,3.1028,15.4144,0,1.0000,-759,0,27.5577,5.5090,-25.5778,3.5442,24.7900,0.120,0.000,1.000
2026-03-27,12:42:36,19356,1,-0.6549,-0.5777,0.0922,2.7131,15.4200,0,1.0000,-759,0,28.5490,24.8049,-25.2843,5.9929,40.7489,0.170,0.000,1.000
2026-03-27,12:42:36,19396,1,-0.6549,-0.6695,0.1029,3.0274,15.4258,0,1.0000,-759,0,29.4313,24.2676,-24.9212,8.1421,34.1579,0.130,0.000,1.000
2026-03-27,12:42:36,19436,1,-0.6549,-0.6154,0.0938,2.7594,15.4310,0,1.0000,-759,0,29.9017,9.9386,-24.6077,7.8184,55.7268,0.090,0.000,1.000
2026-03-27,12:42:36,19477,1,-0.6549,-0.6624,0.0947,2.7853,15.4367,0,1.0000,-759,0,30.4665,12.5836,-24.4914,4.4660,47.0498,0.050,0.000,1.000
2026-03-27,12:42:36,19517,1,-0.6549,-0.6324,0.0857,2.5216,15.4420,0,1.0000,-759,0,30.9980,15.2915,-24.5206,1.1636,39.5456,0.010,0.000,1.000
2026-03-27,12:42:36,19557,1,-0.6549,-0.6504,0.0760,2.2350,15.4469,0,1.0000,-759,0,31.4401,11.9495,-24.4665,1.2571,27.2511,0.000,0.000,1.000
2026-03-27,12:42:36,19597,1,-0.6549,-0.7137,0.0872,2.5641,15.4529,0,1.0000,-759,0,31.7975,10.7494,-24.2414,4.3914,16.8731,0.000,0.000,1.000
2026-03-27,12:42:36,19637,1,-0.6549,-0.6650,0.0865,2.5433,15.4587,0,1.0000,-759,0,32.1010,9.6471,-23.9012,7.0857,41.1369,0.000,0.000,1.000
2026-03-27,12:42:36,19678,1,-0.6549,-0.6949,0.0809,2.3783,15.4640,0,1.0000,-759,0,32.2993,5.6944,-23.6735,5.9408,36.0332,0.000,0.000,1.000
2026-03-27,12:42:36,19720,1,-0.6549,-0.6749,0.0862,2.5364,15.4702,0,1.0000,-759,0,32.5727,7.0133,-23.6287,2.9767,22.8994,0.000,0.000,1.000
2026-03-27,12:42:36,19761,1,-6.0720,-0.5637,0.0725,2.1315,15.4757,0,1.0000,-759,1,32.7939,4.1556,-23.5888,1.1915,46.1656,0.000,0.000,1.000
2026-03-27,12:42:37,19802,1,-6.0720,-1.2604,0.0864,2.5404,15.4839,0,1.0000,-759,1,32.6234,-8.6601,-23.5121,2.1230,12.4793,0.000,0.000,1.000
2026-03-27,12:42:37,19843,1,-6.0720,-1.9331,0.0661,1.9437,15.4977,0,1.0000,-759,1,32.8156,7.7549,-23.3588,2.7927,31.0910,0.000,0.000,1.000
2026-03-27,12:42:37,19876,1,-6.0800,-2.5438,0.0525,1.5429,15.5137,0,1.0000,-760,1,33.0035,6.9772,-23.3017,2.1986,27.2636,0.000,0.000,1.000
2026-03-27,12:42:37,19909,1,-6.0800,-3.0284,0.0412,1.2107,15.5295,0,1.0000,-760,1,33.1310,5.6022,-23.2022,2.3684,33.2735,0.000,0.000,1.000
2026-03-27,12:42:37,19950,1,-6.0800,-3.8872,0.0509,1.4975,15.5674,0,1.0000,-760,1,33.4360,7.8349,-23.2063,0.4125,41.1748,0.000,0.000,1.000
2026-03-27,12:42:37,19983,1,-6.0720,-4.1434,0.0540,1.5894,15.5948,0,1.0000,-759,1,33.6922,4.0549,-23.2653,-1.0438,50.0913,0.000,0.000,1.000
2026-03-27,12:42:37,20023,1,-6.0720,-4.5398,0.0533,1.5673,15.6312,0,1.0000,-759,1,33.5798,-2.2172,-23.3836,-2.3296,35.7981,0.000,0.000,1.000
2026-03-27,12:42:37,20064,1,-6.0720,-4.8154,0.0699,2.0571,15.6711,0,1.0000,-759,1,33.6821,1.4274,-23.4262,-1.2905,43.8352,0.000,0.000,1.000
2026-03-27,12:42:37,20097,1,-6.0720,-4.6359,0.0646,1.8995,15.7033,0,1.0000,-759,1,33.7878,2.2922,-23.4051,-0.2521,45.6245,0.000,0.000,1.000
2026-03-27,12:42:37,20140,1,-6.0720,-4.0578,0.0482,1.4185,15.7429,0,1.0000,-759,1,33.8900,0.5351,-23.4703,-1.2229,44.2942,0.000,0.000,1.000
2026-03-27,12:42:37,20175,1,-6.0720,-4.1365,0.0485,1.4250,15.7715,0,1.0000,-759,1,33.9414,2.9350,-23.5469,-1.7561,35.3264,0.000,0.000,1.000
2026-03-27,12:42:37,20215,1,-6.0720,-4.0524,0.0507,1.4918,15.8104,0,1.0000,-759,1,34.1510,8.0443,-23.6110,-1.7743,36.8875,0.000,0.000,1.000
2026-03-27,12:42:37,20255,1,-6.0720,-3.9303,0.0651,1.9137,15.8438,0,1.0000,-759,1,34.0869,-2.3413,-23.6401,-0.9091,18.4933,0.000,0.000,1.000
2026-03-27,12:42:37,20288,1,-6.0720,-3.9048,0.0421,1.2372,15.8688,0,1.0000,-759,1,33.4700,-19.1226,-23.7246,-1.8136,36.7012,0.000,0.000,1.000
2026-03-27,12:42:37,20330,1,-6.0720,-3.9739,0.0345,1.0133,15.9034,0,1.0000,-759,1,33.7647,0.6956,-23.8198,-1.7546,51.2690,0.000,0.000,1.000
2026-03-27,12:42:37,20371,1,-6.0720,-3.9079,0.0223,0.6564,15.9377,0,1.0000,-759,1,33.8551,-0.8344,-23.7110,1.1705,29.5161,0.000,0.000,1.000
2026-03-27,12:42:37,20412,1,-6.0720,-3.2928,0.0309,0.9091,15.9690,0,1.0000,-759,1,34.1613,9.4289,-23.6402,1.3118,17.4002,0.000,0.000,1.000
2026-03-27,12:42:37,20452,1,-6.0720,-3.0535,0.0499,1.4685,15.9948,0,1.0000,-759,1,34.1749,-3.0018,-23.5966,0.8536,6.9575,0.000,0.000,0.999
2026-03-27,12:42:37,20485,1,-6.0640,-2.7230,0.0188,0.5525,16.0133,0,1.0000,-758,1,34.3046,1.6625,-23.5955,0.4809,-0.4656,0.000,0.000,0.996
2026-03-27,12:42:37,20525,1,-6.0640,-2.7563,0.0015,0.0436,16.0359,0,1.0000,-758,1,34.3574,0.3096,-23.5582,0.7546,6.5411,0.000,0.000,0.992
2026-03-27,12:42:37,20565,1,-6.0640,-2.5706,0.0442,1.2996,16.0583,0,1.0000,-758,1,34.3805,-2.9348,-23.4825,1.5443,5.4379,0.000,0.000,0.998
2026-03-27,12:42:37,20598,1,-6.0720,-2.6307,0.0389,1.1447,16.0758,0,1.0000,-759,1,33.9373,-18.7414,-23.3873,2.0710,18.7225,0.000,0.000,0.995
2026-03-27,12:42:37,20639,1,-6.0720,-3.3862,0.0555,1.6326,16.1030,0,1.0000,-759,1,32.2828,-23.4511,-23.2835,2.7081,1.9462,0.080,0.000,1.000
2026-03-27,12:42:37,20680,1,-6.0720,-3.6594,0.0269,0.7912,16.1348,0,1.0000,-759,1,33.2639,16.7232,-23.1346,3.3651,7.1655,0.130,0.000,1.000
2026-03-27,12:42:37,20722,1,-6.0720,-3.6468,0.0134,0.3938,16.1701,0,1.0000,-759,1,34.0416,21.4560,-22.8855,5.0189,6.3689,0.090,0.000,1.000
2026-03-27,12:42:37,20762,1,-6.0720,-3.6980,0.0063,0.1861,16.2030,0,1.0000,-759,1,35.5847,41.7800,-22.7372,3.8262,11.6065,0.050,0.000,0.999
2026-03-27,12:42:38,20795,1,-2.1280,-3.1833,0.0191,0.5610,16.2266,0,1.0000,-266,1,37.3844,52.6437,-22.7179,2.0624,17.2984,0.020,0.000,1.000
2026-03-27,12:42:38,20835,1,-2.1280,-2.6235,0.0473,1.3898,16.2518,0,1.0000,-266,1,37.9021,1.2622,-22.7488,0.3265,22.4587,0.000,0.000,1.000
2026-03-27,12:42:38,20875,1,-2.1280,-1.8203,0.0415,1.2220,16.2698,0,1.0000,-266,1,37.3290,-11.9693,-22.7647,0.1056,26.0169,0.000,0.000,1.000
2026-03-27,12:42:38,20910,1,0.0000,-2.0706,0.0560,1.6481,16.2843,0,1.0000,0,1,36.8033,-16.0061,-22.7667,0.1472,22.8922,0.000,0.000,1.000
2026-03-27,12:42:38,20951,1,0.0000,-1.2652,0.0829,2.4380,16.2988,0,1.0000,0,1,33.7847,-83.8684,-22.9745,-3.3297,38.8547,0.060,0.000,1.000
2026-03-27,12:42:38,20992,1,0.0000,-0.5579,0.1282,3.7712,16.3061,0,1.0000,0,1,32.8109,7.6388,-23.1522,-3.5982,46.5645,0.140,0.000,1.000
2026-03-27,12:42:38,21035,1,0.0000,-0.0581,0.1194,3.5107,16.3074,0,1.0000,0,1,33.2407,12.4819,-23.3626,-2.6705,28.6613,0.200,0.000,1.000
2026-03-27,12:42:38,21076,1,0.0000,0.0154,0.1142,3.3594,16.3075,0,1.0000,0,1,34.1401,20.3861,-22.9143,6.8762,18.7202,0.220,0.000,1.000
2026-03-27,12:42:38,21110,1,0.0000,0.0071,0.1141,3.3550,16.3075,0,1.0000,0,1,34.7698,19.7922,-22.5746,8.9741,9.0970,0.190,0.000,1.000
2026-03-27,12:42:38,21143,1,0.0000,-0.0140,0.1162,3.4178,16.3075,0,1.0000,0,1,35.2228,15.4751,-22.1921,10.6267,8.4598,0.160,0.000,1.000
2026-03-27,12:42:38,21183,1,0.0000,0.0198,0.1141,3.3545,16.3075,0,1.0000,0,1,35.8218,15.7288,-21.8145,9.9741,26.9147,0.120,0.000,1.000
2026-03-27,12:42:38,21224,1,0.0000,-0.0190,0.1205,3.5440,16.3076,0,1.0000,0,1,36.2965,11.6177,-21.5984,7.1444,28.4228,0.080,0.000,1.000
2026-03-27,12:42:38,21264,1,0.0000,-0.0540,0.1330,3.9132,16.3081,0,1.0000,0,1,36.7577,9.4269,-21.4032,6.0210,43.5394,0.040,0.000,1.000
2026-03-27,12:42:38,21305,1,0.0000,0.0066,0.1279,3.7614,16.3081,0,1.0000,0,1,36.9784,8.3927,-21.1666,6.1894,10.1323,0.000,0.000,1.000
2026-03-27,12:42:38,21345,1,0.0000,-0.0032,0.1248,3.6701,16.3080,0,1.0000,0,1,37.3979,12.0412,-20.9454,5.9283,28.0677,0.000,0.000,1.000
2026-03-27,12:42:38,21385,1,0.0000,-0.0179,0.1304,3.8355,16.3082,0,1.0000,0,1,37.5134,0.7766,-20.7839,4.7705,18.0637,0.000,0.000,1.000
2026-03-27,12:42:38,21427,1,0.0000,0.0048,0.1287,3.7864,16.3083,0,1.0000,0,1,37.0926,-4.2412,-20.6956,3.1496,35.5047,0.000,0.000,1.000
2026-03-27,12:42:38,21467,1,0.0000,0.0742,0.1156,3.4000,16.3079,0,1.0000,0,0,37.5337,10.7920,-20.6224,2.7248,16.7500,0.000,0.000,1.000
2026-03-27,12:42:38,21507,1,0.0000,-0.0379,0.1250,3.6766,16.3078,0,1.0000,0,0,38.0148,9.6421,-20.5078,2.9412,19.7924,0.000,0.000,1.000
2026-03-27,12:42:38,21547,1,0.0000,-0.0540,0.1305,3.8368,16.3080,0,1.0000,0,0,38.3318,13.5066,-20.4145,2.4757,43.3699,0.000,0.000,1.000
2026-03-27,12:42:38,21587,1,0.0000,-0.0531,0.1356,3.9884,16.3084,0,1.0000,0,0,37.6385,-20.8654,-20.4417,0.5011,42.4720,0.000,0.000,1.000
2026-03-27,12:42:38,21627,1,0.0000,-0.0460,0.1456,4.2834,16.3088,0,1.0000,0,0,37.5734,10.6087,-20.5218,-1.3613,37.0067,0.030,0.000,1.000
2026-03-27,12:42:38,21667,1,0.0000,0.0160,0.1397,4.1081,16.3089,0,1.0000,0,0,38.0396,11.9732,-20.7250,-3.5901,23.6405,0.000,0.000,1.000
2026-03-27,12:42:38,21709,1,0.0000,0.0117,0.1406,4.1349,16.3088,0,1.0000,0,0,38.1478,-0.2405,-20.8513,-3.4262,34.2021,0.000,0.000,1.000
2026-03-27,12:42:38,21749,1,0.0000,0.0568,0.1268,3.7281,16.3084,0,1.0000,0,0,38.7502,14.6337,-21.0324,-4.0597,34.5702,0.000,0.000,1.000
2026-03-27,12:42:39,21789,1,0.0000,-0.0274,0.1321,3.8864,16.3083,0,1.0000,0,0,39.4472,18.0887,-21.0654,-1.8244,30.3488,0.000,0.000,1.000
2026-03-27,12:42:39,21823,1,0.0000,0.0187,0.1327,3.9041,16.3085,0,1.0000,0,0,39.2724,-5.0828,-21.1758,-2.6378,35.4793,0.000,0.000,1.000
2026-03-27,12:42:39,21863,1,0.0000,0.1168,0.1141,3.3546,16.3080,0,1.0000,0,0,39.6645,10.1221,-21.1865,-0.8180,44.1502,0.000,0.000,1.000
2026-03-27,12:42:39,21903,1,0.0000,0.1253,0.0901,2.6508,16.3068,0,1.0000,0,0,40.1223,13.6253,-21.1029,1.5712,17.6559,0.000,0.000,1.000
2026-03-27,12:42:39,21943,1,0.0000,-0.0625,0.0986,2.8986,16.3062,0,1.0000,0,0,40.7831,18.5814,-20.9393,3.3232,2.3123,0.000,0.000,1.000
2026-03-27,12:42:39,21983,1,0.0000,-0.3034,0.1667,4.9029,16.3086,0,1.0000,0,0,39.0397,-41.2062,-21.1216,-2.3166,28.0966,0.020,0.000,1.000
2026-03-27,12:42:39,22017,1,0.0000,-0.2282,0.1855,5.4544,16.3100,0,1.0000,0,0,38.9564,1.8550,-21.2570,-2.1278,7.2424,0.080,0.000,1.000
2026-03-27,12:42:39,22057,1,0.0000,0.2425,0.1266,3.7236,16.3094,0,1.0000,0,0,39.5987,18.2231,-21.5452,-5.5927,4.6211,0.070,0.000,1.000
2026-03-27,12:42:39,22097,1,0.0000,0.2422,0.0861,2.5312,16.3071,0,1.0000,0,0,41.1474,46.1916,-21.3253,2.1156,-2.0809,0.030,0.000,1.000
2026-03-27,12:42:39,22131,1,0.0000,0.0745,0.0773,2.2722,16.3058,0,1.0000,0,0,42.4804,35.5663,-21.2589,1.4832,14.4974,0.000,0.000,1.000
2026-03-27,12:42:39,22171,1,0.0000,-0.0710,0.0962,2.8304,16.3061,0,1.0000,0,0,42.2701,-1.2333,-21.3306,-0.6409,5.4553,0.000,0.000,1.000
,,22204,1,0.0000,-0.1342,0.1135,3.3379,16.3067,0,1.0000,0,0,42.2119,-1.6150,-21.4058,-0.9963,12.3019,0.000,0.000,1.000
2026-03-27,12:42:39,22238,1,0.0000,-0.1122,0.1439,4.2325,16.3084,0,1.0000,0,0,41.2916,-30.4665,-21.5355,-1.8170,3.3270,0.000,0.000,1.000
2026-03-27,12:42:39,22278,1,0.0000,0.0029,0.1337,3.9329,16.3085,0,1.0000,0,0,41.1611,19.4426,-21.7169,-4.4035,28.6828,0.080,0.000,1.000
2026-03-27,12:42:39,22319,1,0.0000,0.0223,0.1302,3.8285,16.3084,0,1.0000,0,0,41.6599,10.3828,-21.7827,-1.5385,-2.3485,0.040,0.000,1.000
2026-03-27,12:42:39,22359,1,0.0000,0.0541,0.1207,3.5496,16.3081,0,1.0000,0,0,42.3661,17.1671,-21.5786,2.7693,5.3605,0.000,0.000,1.000
2026-03-27,12:42:39,22399,1,0.0000,0.1891,0.0857,2.5200,16.3069,0,1.0000,0,0,43.4098,26.6872,-21.3665,4.8231,10.2704,0.000,0.000,1.000
2026-03-27,12:42:39,22440,1,0.0000,0.0770,0.0699,2.0570,16.3055,0,1.0000,0,0,44.2691,19.9847,-21.2019,3.9060,22.6582,0.000,0.000,1.000
2026-03-27,12:42:39,22480,1,0.0000,-0.1584,0.1064,3.1283,16.3062,0,1.0000,0,0,43.9407,-10.9893,-21.3668,-1.7719,12.2546,0.000,0.000,1.000
2026-03-27,12:42:39,22520,1,0.0000,-0.2971,0.1586,4.6637,16.3083,0,1.0000,0,0,43.7745,-3.7567,-21.5585,-3.9228,36.5709,0.000,0.000,1.000
2026-03-27,12:42:39,22560,1,0.0000,-0.0118,0.1433,4.2136,16.3088,0,1.0000,0,0,42.7624,-22.4650,-22.1445,-11.1550,56.9286,0.040,0.000,1.000
2026-03-27,12:42:39,22600,1,0.0000,0.0120,0.1349,3.9689,16.3087,0,1.0000,0,0,43.1740,11.2980,-22.2886,-4.4971,22.0485,0.090,0.000,1.000
2026-03-27,12:42:39,22640,1,0.0000,0.0597,0.1246,3.6645,16.3083,0,1.0000,0,0,43.6006,14.8428,-21.8364,5.8416,6.3587,0.050,0.000,1.000
2026-03-27,12:42:39,22680,1,0.0000,-0.0009,0.1289,3.7907,16.3081,0,1.0000,0,0,44.5007,14.2488,-21.6901,3.7154,24.4432,0.010,0.000,1.000
2026-03-27,12:42:39,22720,1,0.0000,0.0025,0.1295,3.8080,16.3082,0,1.0000,0,0,44.5969,5.4121,-21.6007,2.8949,21.7199,0.000,0.000,1.000
2026-03-27,12:42:39,22761,1,0.0000,-0.0121,0.1310,3.8517,16.3083,0,1.0000,0,0,44.6698,2.6972,-21.8115,-2.7939,44.5018,0.000,0.000,1.000
2026-03-27,12:42:40,22801,1,0.0000,-0.0279,0.1359,3.9977,16.3085,0,1.0000,0,0,44.5680,-1.5791,-22.1382,-5.4669,23.1653,0.000,0.000,1.000
2026-03-27,12:42:40,22842,1,0.0000,0.0188,0.1310,3.8518,16.3085,0,1.0000,0,0,44.7469,4.8363,-22.1798,-2.0349,-0.1958,0.000,0.000,1.000
2026-03-27,12:42:40,22883,1,0.0000,-0.0051,0.1337,3.9319,16.3084,0,1.0000,0,0,44.9724,5.7692,-22.0823,0.9438,-6.0444,0.000,0.000,1.000
2026-03-27,12:42:40,22917,1,0.0000,-0.0460,0.1379,4.0549,16.3085,0,1.0000,0,0,45.1016,5.1587,-22.0191,1.6896,-7.9759,0.000,0.000,1.000
2026-03-27,12:42:40,22958,1,0.0000,-0.0286,0.1404,4.1302,16.3087,0,1.0000,0,0,44.9861,-2.2744,-22.0051,0.9605,-13.8721,0.000,0.000,0.996
2026-03-27,12:42:40,22998,1,0.0000,-0.0334,0.1444,4.2457,16.3088,0,1.0000,0,0,45.2309,6.8246,-22.1569,-2.3478,14.3707,0.000,0.000,0.992
2026-03-27,12:42:40,23039,1,0.0000,-0.0060,0.1475,4.3379,16.3092,0,1.0000,0,0,45.2118,-0.0740,-22.5397,-6.9823,24.1967,0.000,0.000,0.988
2026-03-27,12:42:40,23079,1,0.0000,0.1098,0.1294,3.8071,16.3088,0,1.0000,0,0,45.1727,-0.8294,-22.7242,-4.7618,-6.2754,0.000,0.000,0.984
2026-03-27,12:42:40,23119,1,0.0000,0.0870,0.1183,3.4802,16.3081,0,1.0000,0,0,45.4497,6.0752,-22.6764,-1.1503,8.6820,0.000,0.000,0.980
2026-03-27,12:42:40,23160,1,0.0000,-0.0234,0.1267,3.7256,16.3079,0,1.0000,0,0,45.6791,5.8372,-22.6080,0.9000,1.6259,0.000,0.000,0.976
2026-03-27,12:42:40,23200,1,0.0000,-0.1075,0.1480,4.3539,16.3087,0,1.0000,0,0,45.5244,-10.3263,-22.6513,-0.4575,6.8125,0.000,0.000,0.972
2026-03-27,12:42:40,23241,1,0.0000,-0.1641,0.1770,5.2069,16.3099,0,1.0000,0,0,43.9986,-23.6983,-22.8857,-4.2552,19.4500,0.060,0.000,1.000
2026-03-27,12:42:40,23281,1,0.0000,0.0283,0.1675,4.9254,16.3104,0,1.0000,0,0,44.6387,7.3800,-23.1891,-6.0706,-4.0987,0.110,0.000,1.000
2026-03-27,12:42:40,23321,1,0.0000,0.1968,0.1278,3.7602,16.3092,0,1.0000,0,0,45.1879,18.0301,-23.3120,-4.2818,-3.7327,0.070,0.000,1.000
2026-03-27,12:42:40,23362,1,0.0000,0.0012,0.1315,3.8687,16.3084,0,1.0000,0,0,46.0386,19.7593,-23.3562,-2.0425,3.5996,0.030,0.000,1.000
2026-03-27,12:42:40,23398,1,0.0000,-0.0596,0.1405,4.1332,16.3085,0,1.0000,0,0,45.9088,10.2692,-23.4975,-2.4609,3.3132,0.010,0.000,1.000
2026-03-27,12:42:40,23438,1,0.0000,-0.1147,0.1617,4.7566,16.3094,0,1.0000,0,0,45.8816,6.3604,-23.7271,-5.1077,28.8068,0.000,0.000,1.000
2026-03-27,12:42:40,23478,1,0.0000,-0.1620,0.1960,5.7652,16.3109,0,1.0000,0,0,45.2995,-16.7317,-24.1470,-8.3194,23.6056,0.000,0.000,1.000
2026-03-27,12:42:40,23518,1,0.0000,-0.0615,0.1974,5.8073,16.3116,0,1.0000,0,0,45.7731,12.1556,-24.0472,-0.4833,7.9747,0.000,0.000,1.000
2026-03-27,12:42:40,23559,1,0.0000,0.0702,0.1754,5.1603,16.3112,0,1.0000,0,0,46.1029,15.5383,-24.1915,-2.5087,5.3452,0.000,0.000,1.000
2026-03-27,12:42:40,23599,1,0.0000,-0.0571,0.1855,5.4548,16.3109,0,1.0000,0,0,46.8705,15.7137,-24.2256,-1.5666,12.0111,0.000,0.000,1.000
2026-03-27,12:42:40,23639,1,0.0000,-0.0162,0.1893,5.5668,16.3114,0,1.0000,0,0,46.9768,5.6504,-24.2807,-1.3347,11.1040,0.000,0.000,1.000
2026-03-27,12:42:40,23680,1,0.0000,0.0281,0.1805,5.3079,16.3111,0,1.0000,0,0,46.5467,-9.1479,-24.5181,-4.4388,21.5004,0.000,0.000,1.000
2026-03-27,12:42:40,23721,1,0.0000,0.0218,0.1716,5.0460,16.3107,0,1.0000,0,0,47.2484,19.3250,-24.5878,-2.1279,5.1642,0.000,0.000,1.000
2026-03-27,12:42:40,23762,1,0.0000,0.0010,0.1748,5.1399,16.3106,0,1.0000,0,0,47.6440,13.1984,-24.6956,-2.3595,10.0629,0.000,0.000,1.000
2026-03-27,12:42:41,23802,1,0.0000,-0.0285,0.1806,5.3123,16.3108,0,1.0000,0,0,47.8309,1.1882,-24.7535,-1.4259,14.6361,0.000,0.000,1.000
2026-03-27,12:42:41,23842,1,0.0000,0.0084,0.1822,5.3595,16.3111,0,1.0000,0,0,47.6603,4.3346,-25.0245,-4.6333,4.0002,0.000,0.000,1.000
2026-03-27,12:42:41,23882,1,0.0000,0.0172,0.1800,5.2951,16.3111,0,1.0000,0,0,47.9971,5.4857,-25.0467,-1.6871,-2.5694,0.000,0.000,1.000
2026-03-27,12:42:41,23922,1,0.0000,-0.0026,0.1840,5.4122,16.3111,0,1.0000,0,0,48.0921,1.1612,-24.8880,2.0754,-7.8828,0.000,0.000,1.000
2026-03-27,12:42:41,23966,1,0.0000,-0.0002,0.1850,5.4415,16.3112,0,1.0000,0,0,48.5247,2.5264,-24.9499,-0.5786,-4.9680,0.000,0.000,1.000
2026-03-27,12:42:41,24007,1,0.0000,0.0234,0.1814,5.3355,16.3111,0,1.0000,0,0,48.5386,7.5722,-25.2139,-4.9215,0.6355,0.000,0.000,1.000
2026-03-27,12:42:41,24047,1,0.0000,0.0535,0.1691,4.9735,16.3106,0,1.0000,0,0,49.1776,16.8271,-25.4831,-5.6307,13.3003,0.000,0.000,1.000
2026-03-27,12:42:41,24088,1,0.0000,0.1590,0.1461,4.2966,16.3100,0,1.0000,0,0,49.2854,1.1767,-25.5255,-1.6072,-15.5705,0.000,0.000,1.000
2026-03-27,12:42:41,24128,1,0.0000,0.4433,0.0562,1.6525,16.3068,0,1.0000,0,0,50.4128,39.2433,-25.1579,5.6612,-0.7980,0.000,0.000,1.000
2026-03-27,12:42:41,24168,1,0.0000,0.1629,0.0349,1.0276,16.3040,0,1.0000,0,0,53.3110,66.0173,-24.7532,8.0772,-20.5466,0.000,0.000,1.000
2026-03-27,12:42:41,24208,1,0.0000,-0.0721,0.0575,1.6907,16.3040,0,1.0000,0,0,51.3006,-66.0132,-24.7140,3.2420,-10.4874,0.000,0.000,1.000
2026-03-27,12:42:41,24248,1,0.0000,-0.1488,0.0936,2.7520,16.3055,0,1.0000,0,0,49.4935,-32.5329,-24.8319,-1.7702,17.4876,0.060,0.000,1.000
2026-03-27,12:42:41,24282,1,0.0000,-0.0437,0.0930,2.7359,16.3061,0,1.0000,0,0,49.9871,7.5263,-25.0372,-4.2595,38.4592,0.120,0.000,1.000
2026-03-27,12:42:41,24322,1,0.0000,0.0323,0.0867,2.5506,16.3061,0,1.0000,0,0,50.1541,5.5480,-25.2412,-4.5206,58.7960,0.140,0.000,1.000
2026-03-27,12:42:41,24362,1,0.0000,0.0567,0.0789,2.3209,16.3058,0,1.0000,0,0,50.4370,6.5726,-25.2252,-0.2929,23.0588,0.100,0.000,1.000
2026-03-27,12:42:41,24402,1,0.0000,0.0468,0.0700,2.0590,16.3054,0,1.0000,0,0,50.7679,9.7905,-24.9203,4.9142,27.3311,0.060,0.000,1.000
2026-03-27,12:42:41,24442,1,0.0000,0.0339,0.0674,1.9821,16.3050,0,1.0000,0,0,51.3769,14.3681,-24.7039,4.9147,49.8009,0.020,0.000,1.000
2026-03-27,12:42:41,24483,1,0.0000,0.0016,0.0684,2.0116,16.3050,0,1.0000,0,0,51.4007,1.0867,-24.5959,3.6803,15.7090,0.000,0.000,1.000
2026-03-27,12:42:41,24523,1,0.0000,0.0213,0.0643,1.8923,16.3049,0,1.0000,0,0,51.6796,9.9478,-24.3877,4.5705,20.8183,0.000,0.000,1.000
2026-03-27,12:42:41,24563,1,0.0000,0.0199,0.0596,1.7536,16.3046,0,1.0000,0,0,52.3371,15.1935,-24.2801,2.8654,44.5385,0.000,0.000,1.000
2026-03-27,12:42:41,24596,1,0.0000,-0.0038,0.0630,1.8542,16.3046,0,1.0000,0,0,52.5346,11.6041,-24.2665,2.3668,49.8210,0.000,0.000,1.000
2026-03-27,12:42:41,24637,1,0.0000,-0.0593,0.0746,2.1950,16.3050,0,1.0000,0,0,51.8239,-16.8946,-24.4455,-2.0312,28.3969,0.000,0.000,1.000
2026-03-27,12:42:41,24678,1,0.0000,-0.0299,0.0810,2.3833,16.3055,0,1.0000,0,0,51.3956,-8.6479,-24.5502,-2.5093,44.5406,0.040,0.000,1.000
2026-03-27,12:42:41,24718,1,0.0000,-0.0032,0.0808,2.3763,16.3056,0,1.0000,0,0,51.2794,-4.5839,-24.6284,-2.1840,38.3389,0.120,0.000,1.000
2026-03-27,12:42:41,24758,1,0.0000,0.0039,0.0786,2.3109,16.3055,0,1.0000,0,0,51.1803,-2.1892,-24.6457,-0.8772,24.8205,0.140,0.000,1.000
2026-03-27,12:42:42,24799,1,0.0000,-0.0099,0.0808,2.3762,16.3055,0,1.0000,0,0,51.0968,-2.0165,-24.5816,0.8305,7.6513,0.100,0.000,0.996
2026-03-27,12:42:42,24840,1,0.0000,0.0036,0.0771,2.2677,16.3055,0,1.0000,0,0,51.0504,0.0953,-24.4712,2.1025,19.2540,0.060,0.000,0.992
2026-03-27,12:42:42,24884,1,0.0000,-0.0213,0.0840,2.4707,16.3057,0,1.0000,0,0,50.9274,-3.4634,-24.3277,2.8394,27.3089,0.020,0.000,0.988
2026-03-27,12:42:42,24924,1,0.0000,-0.0140,0.0861,2.5337,16.3059,0,1.0000,0,0,50.8554,-3.4502,-24.3043,1.1053,49.9168,0.000,0.000,0.984
2026-03-27,12:42:42,24964,1,0.0000,0.0154,0.0818,2.4071,16.3058,0,1.0000,0,0,50.7807,-1.5640,-24.3496,-0.2515,62.6822,0.000,0.000,0.980
2026-03-27,12:42:42,25004,1,0.0000,0.0103,0.0782,2.3011,16.3055,0,1.0000,0,0,51.0631,8.2171,-24.3799,-0.6872,72.5857,0.000,0.000,0.976
2026-03-27,12:42:42,25044,1,0.0000,-0.0143,0.0818,2.4060,16.3056,0,1.0000,0,0,50.8259,-4.7605,-24.3381,0.8102,62.8665,0.000,0.000,0.972
2026-03-27,12:42:42,25085,1,0.0000,-0.0114,0.0824,2.4232,16.3057,0,1.0000,0,0,50.6451,-3.5536,-24.2268,1.9275,67.3981,0.000,0.000,0.968
2026-03-27,12:42:42,25125,1,0.0000,-0.0117,0.0836,2.4595,16.3058,0,1.0000,0,0,50.5927,-2.6331,-24.1532,2.0357,63.7763,0.000,0.000,0.964
2026-03-27,12:42:42,25165,1,0.0000,0.0184,0.0772,2.2711,16.3056,0,1.0000,0,0,50.6082,2.4321,-24.1125,1.2959,80.8841,0.000,0.000,0.960
2026-03-27,12:42:42,25207,1,0.0000,0.0015,0.0784,2.3073,16.3056,0,1.0000,0,0,50.6176,-2.2167,-24.1137,0.4296,75.1943,0.000,0.000,0.956
2026-03-27,12:42:42,25247,1,0.0000,0.0091,0.0805,2.3681,16.3056,0,1.0000,0,0,50.5872,-1.4301,-24.0849,0.6412,69.5554,0.000,0.000,0.952
2026-03-27,12:42:42,25288,1,0.0000,0.0157,0.0754,2.2190,16.3055,0,1.0000,0,0,50.6056,2.5545,-24.0549,0.6932,85.8643,0.000,0.000,0.948
2026-03-27,12:42:42,25328,1,0.0000,0.0224,0.0699,2.0549,16.3052,0,1.0000,0,0,50.7365,2.6660,-24.0502,0.2515,79.0933,0.000,0.000,0.944
2026-03-27,12:42:42,25368,1,0.0000,0.0328,0.0674,1.9812,16.3051,0,1.0000,0,0,50.5969,-2.5819,-24.0069,0.8837,74.9890,0.000,0.000,0.940
2026-03-27,12:42:42,25408,1,0.0000,0.0357,0.0616,1.8128,16.3048,0,1.0000,0,0,50.9087,9.3040,-23.8877,2.3287,37.1472,0.000,0.000,0.936
2026-03-27,12:42:42,25448,1,0.0000,0.0303,0.0573,1.6848,16.3046,0,1.0000,0,0,51.2784,7.5333,-23.7301,3.1085,32.7832,0.000,0.000,0.932
2026-03-27,12:42:42,25488,1,0.0000,0.0311,0.0539,1.5863,16.3044,0,1.0000,0,0,51.1651,-6.1614,-23.7134,0.7393,54.6293,0.000,0.000,0.928
2026-03-27,12:42:42,25528,1,0.0000,0.0078,0.0554,1.6302,16.3044,0,1.0000,0,0,50.7926,-8.4118,-23.9523,-3.9178,73.1793,0.000,0.000,0.924
2026-03-27,12:42:42,25568,1,0.0000,0.0071,0.0559,1.6450,16.3044,0,1.0000,0,0,50.4270,-9.7727,-24.1381,-4.3251,89.0303,0.040,0.000,0.920
2026-03-27,12:42:42,25609,1,0.0000,0.0003,0.0545,1.6029,16.3043,0,1.0000,0,0,50.1357,-7.8643,-24.2167,-2.9479,102.4863,0.120,0.000,0.916
2026-03-27,12:42:42,25649,1,0.0000,0.0298,0.0498,1.4640,16.3041,0,1.0000,0,0,49.9920,-2.4175,-24.2754,-1.9187,113.9664,0.200,0.000,0.912
2026-03-27,12:42:42,25689,1,0.0000,0.0472,0.0403,1.1855,16.3037,0,1.0000,0,0,50.4440,11.4485,-24.2982,-1.0594,123.7015,0.160,0.000,0.908
2026-03-27,12:42:42,25731,1,0.0000,0.0423,0.0324,0.9529,16.3033,0,1.0000,0,0,51.6520,31.1942,-24.2668,0.1487,98.1927,0.120,0.000,0.904
2026-03-27,12:42:42,25771,1,0.0000,0.0170,0.0315,0.9278,16.3031,0,1.0000,0,0,52.9552,23.9081,-24.0624,3.4276,96.5178,0.080,0.000,0.922
2026-03-27,12:42:43,25804,1,0.0000,0.0025,0.0332,0.9765,16.3031,0,1.0000,0,0,53.7853,26.0429,-23.7035,5.1442,92.9538,0.060,0.000,0.942
2026-03-27,12:42:43,25845,1,0.0000,0.0025,0.0335,0.9861,16.3031,0,1.0000,0,0,52.0273,-38.7949,-23.7070,0.5537,105.8488,0.020,0.000,0.982
2026-03-27,12:42:43,25885,1,0.0000,-0.0165,0.0363,1.0688,16.3032,0,1.0000,0,0,50.4855,-39.7316,-23.9974,-4.8437,109.8200,0.100,0.000,1.000
2026-03-27,12:42:43,25919,1,0.0000,-0.0113,0.0392,1.1515,16.3034,0,1.0000,0,0,49.0289,-46.2971,-24.2171,-5.8610,118.9426,0.160,0.000,1.000
2026-03-27,12:42:43,25959,1,0.0000,-0.0228,0.0427,1.2573,16.3035,0,1.0000,0,0,47.3455,-44.1891,-24.3842,-4.8087,108.4046,0.240,0.000,1.000
2026-03-27,12:42:43,25999,1,0.0000,0.0048,0.0416,1.2245,16.3035,0,1.0000,0,0,45.8609,-33.2889,-24.5110,-3.7271,112.0499,0.320,0.000,1.000
2026-03-27,12:42:43,26039,1,0.0000,-0.0090,0.0450,1.3239,16.3036,0,1.0000,0,0,45.6315,-3.5824,-24.6072,-2.9732,122.0784,0.400,0.000,1.000
2026-03-27,12:42:43,26079,1,0.0000,0.0117,0.0441,1.2985,16.3036,0,1.0000,0,0,45.5788,-1.7498,-24.6861,-2.3395,109.8265,0.480,0.000,1.000
2026-03-27,12:42:43,26120,1,0.0000,0.0120,0.0420,1.2343,16.3036,0,1.0000,0,0,45.5670,-1.2897,-24.7381,-1.6425,93.6152,0.560,0.000,1.000
2026-03-27,12:42:43,26160,1,0.0000,-0.0159,0.0477,1.4029,16.3037,0,1.0000,0,0,45.6027,0.2819,-24.6625,0.6655,59.1182,0.580,0.000,1.000
2026-03-27,12:42:43,26200,1,0.0000,-0.0280,0.0550,1.6177,16.3041,0,1.0000,0,0,45.5668,-0.6954,-24.4916,3.0735,23.7963,0.540,0.000,1.000
2026-03-27,12:42:43,26241,1,0.0000,-0.0394,0.0626,1.8417,16.3045,0,1.0000,0,0,45.5326,-1.8403,-24.2823,3.9502,34.5653,0.500,0.000,1.000
2026-03-27,12:42:43,26281,1,0.0000,-0.0013,0.0614,1.8062,16.3047,0,1.0000,0,0,45.4950,-0.4114,-24.3592,-0.1980,55.9808,0.460,0.000,1.000
2026-03-27,12:42:43,26323,1,0.0000,0.0190,0.0597,1.7572,16.3046,0,1.0000,0,0,45.9958,12.0472,-24.5133,-2.6081,59.8251,0.420,0.000,1.000
2026-03-27,12:42:43,26363,1,0.0000,0.0095,0.0577,1.6962,16.3045,0,1.0000,0,0,45.8905,-3.5833,-24.6065,-2.4078,51.5741,0.380,0.000,1.000
2026-03-27,12:42:43,26403,1,0.0000,-0.0039,0.0605,1.7801,16.3045,0,1.0000,0,0,45.7925,-2.9058,-24.6186,-1.0781,64.4294,0.340,0.000,1.000
2026-03-27,12:42:43,26444,1,0.0000,-0.0702,0.0735,2.1628,16.3048,0,1.0000,0,0,45.5988,-4.8358,-24.6760,-1.4052,81.5868,0.300,0.000,0.997
2026-03-27,12:42:43,26484,1,0.0000,-0.0652,0.0853,2.5098,16.3055,0,1.0000,0,0,45.4031,-5.6676,-24.7253,-1.2835,96.1148,0.260,0.000,1.000
2026-03-27,12:42:43,26524,1,0.0000,-0.0349,0.0894,2.6292,16.3060,0,1.0000,0,0,45.1650,-6.1840,-24.7296,-0.3749,108.4795,0.220,0.000,1.000
2026-03-27,12:42:43,26564,1,0.0000,-0.0074,0.0924,2.7165,16.3061,0,1.0000,0,0,45.0373,-3.1755,-24.6962,0.7162,118.7215,0.180,0.000,1.000
2026-03-27,12:42:43,26604,1,0.0000,0.0120,0.0863,2.5371,16.3060,0,1.0000,0,0,45.3618,6.3469,-24.4917,4.0751,80.3254,0.140,0.000,1.000
2026-03-27,12:42:43,26644,1,0.0000,0.0053,0.0858,2.5221,16.3059,0,1.0000,0,0,45.2169,-0.2125,-24.1939,6.3895,69.3118,0.100,0.000,1.000
2026-03-27,12:42:43,26684,1,0.0000,0.0063,0.0858,2.5231,16.3059,0,1.0000,0,0,45.4350,5.1060,-24.0243,5.2524,85.5434,0.060,0.000,1.000
2026-03-27,12:42:43,26725,1,0.0000,-0.0283,0.0909,2.6739,16.3060,0,1.0000,0,0,45.2298,-6.2331,-23.8984,3.8707,79.9796,0.020,0.000,0.998
2026-03-27,12:42:43,26765,1,0.0000,-0.0247,0.0954,2.8057,16.3064,0,1.0000,0,0,45.1021,-1.6059,-23.8430,2.5246,94.6689,0.000,0.000,0.994
2026-03-27,12:42:44,26805,1,0.0000,0.0067,0.0967,2.8431,16.3064,0,1.0000,0,0,44.8904,-3.6171,-23.7885,1.8595,107.0009,0.000,0.000,0.998
2026-03-27,12:42:44,26846,1,0.0000,-0.0092,0.0954,2.8061,16.3064,0,1.0000,0,0,44.8564,-2.6618,-23.6538,3.0432,91.7900,0.000,0.000,0.994
2026-03-27,12:42:44,26887,1,0.0000,-0.0237,0.0989,2.9080,16.3065,0,1.0000,0,0,44.8226,-0.8813,-23.6170,2.1110,70.0623,0.000,0.000,0.990
2026-03-27,12:42:44,26928,1,0.0000,-0.0424,0.1094,3.2173,16.3069,0,1.0000,0,0,44.7547,-2.4539,-23.4295,3.8382,67.0318,0.000,0.000,0.986
2026-03-27,12:42:44,26968,1,0.0000,-0.0398,0.1174,3.4524,16.3074,0,1.0000,0,0,44.6979,-1.1025,-23.2538,4.2782,83.5915,0.000,0.000,1.000
2026-03-27,12:42:44,27001,1,0.0000,0.0031,0.1143,3.3621,16.3075,0,1.0000,0,0,44.6776,-0.9167,-23.3231,2.8307,79.9560,0.000,0.000,1.000
2026-03-27,12:42:44,27042,1,0.0000,0.0510,0.1066,3.1354,16.3073,0,1.0000,0,0,44.7052,0.9797,-23.1615,3.8654,60.3637,0.000,0.000,1.000
2026-03-27,12:42:44,27082,1,0.0000,0.0256,0.1028,3.0231,16.3069,0,1.0000,0,0,44.7564,0.5512,-22.9722,4.4054,65.3824,0.000,0.000,0.997
2026-03-27,12:42:44,27122,1,0.0000,-0.0121,0.1062,3.1238,16.3069,0,1.0000,0,0,44.6542,-2.2183,-22.8616,3.4892,82.2995,0.000,0.000,0.993
2026-03-27,12:42:44,27163,1,0.0000,0.0010,0.1057,3.1083,16.3070,0,1.0000,0,0,44.5511,-2.9626,-22.7310,3.5080,90.3876,0.000,0.000,0.989
2026-03-27,12:42:44,27203,1,0.0000,0.0365,0.1005,2.9566,16.3068,0,1.0000,0,0,44.6084,1.5702,-22.7126,1.2951,103.3907,0.000,0.000,0.985
2026-03-27,12:42:44,27244,1,0.0000,0.0006,0.1000,2.9409,16.3067,0,1.0000,0,0,44.5727,-0.5765,-22.8229,-1.1183,101.0015,0.000,0.000,0.981
2026-03-27,12:42:44,27284,1,0.0000,-0.0120,0.1042,3.0662,16.3068,0,1.0000,0,0,44.7167,2.2925,-22.9055,-1.8436,112.3188,0.000,0.000,0.977
2026-03-27,12:42:44,27324,1,0.0000,-0.0020,0.1034,3.0403,16.3068,0,1.0000,0,0,44.5536,-5.2953,-23.0277,-2.6285,109.1928,0.000,0.000,0.973
2026-03-27,12:42:44,27364,1,0.0000,-0.0082,0.1053,3.0958,16.3069,0,1.0000,0,0,44.5221,-1.8332,-23.2504,-4.1187,98.0923,0.000,0.000,0.969
2026-03-27,12:42:44,27404,1,0.0000,0.0131,0.1029,3.0252,16.3069,0,1.0000,0,0,44.4713,-0.8036,-23.2449,-0.9533,56.5595,0.000,0.000,0.965
2026-03-27,12:42:44,27445,1,0.0000,-0.0038,0.1018,2.9941,16.3068,0,1.0000,0,0,44.5354,0.9465,-23.2461,-0.5651,60.4850,0.000,0.000,0.961
2026-03-27,12:42:44,27485,1,0.0000,-0.0777,0.1157,3.4040,16.3071,0,1.0000,0,0,44.4155,1.1803,-23.2838,-0.7444,65.4750,0.000,0.000,0.957
2026-03-27,12:42:44,27525,1,0.0000,0.0027,0.1124,3.3046,16.3074,0,1.0000,0,0,44.2582,-3.4349,-23.3779,-1.6610,82.0765,0.000,0.000,0.953
2026-03-27,12:42:44,27565,1,0.0000,0.0666,0.1006,2.9588,16.3070,0,1.0000,0,0,44.4996,7.8082,-23.4554,-1.6165,96.2296,0.000,0.000,0.949
2026-03-27,12:42:44,27605,1,0.0000,-0.0220,0.1078,3.1713,16.3070,0,1.0000,0,0,44.4432,-3.4116,-23.5497,-2.0541,94.6392,0.000,0.000,0.945
2026-03-27,12:42:44,27646,1,0.0000,-0.0562,0.1187,3.4904,16.3074,0,1.0000,0,0,44.3507,-3.6806,-23.6448,-2.0894,72.9644,0.000,0.000,0.941
2026-03-27,12:42:44,27686,1,0.0000,-0.0004,0.1157,3.4024,16.3076,0,1.0000,0,0,44.2680,-2.1540,-23.6152,-0.3055,76.0184,0.000,0.000,0.937
2026-03-27,12:42:44,27727,1,0.0000,0.0768,0.1010,2.9692,16.3071,0,1.0000,0,0,44.3624,2.2217,-23.6155,0.1529,76.9052,0.000,0.000,0.933
2026-03-27,12:42:44,27768,1,0.0000,0.0877,0.0842,2.4755,16.3063,0,1.0000,0,0,44.5645,3.6004,-23.5255,1.5977,59.5899,0.000,0.000,0.929
2026-03-27,12:42:45,27808,1,0.0000,-0.0026,0.0905,2.6624,16.3062,0,1.0000,0,0,44.5699,-0.3319,-23.5680,-0.4505,77.3424,0.000,0.000,0.925
2026-03-27,12:42:45,27849,1,0.0000,-0.0030,0.0923,2.7148,16.3063,0,1.0000,0,0,44.4532,-2.6699,-23.7181,-2.5445,92.3346,0.000,0.000,0.921
2026-03-27,12:42:45,27889,1,0.0000,-0.0224,0.0957,2.8144,16.3064,0,1.0000,0,0,44.2798,-3.2404,-23.9574,-4.8919,104.7428,0.000,0.000,0.917
2026-03-27,12:42:45,27929,1,0.0000,0.0018,0.0960,2.8244,16.3065,0,1.0000,0,0,44.1661,-1.6996,-24.2106,-5.2747,87.5551,0.000,0.000,0.913
2026-03-27,12:42:45,27970,1,0.0000,0.0481,0.0844,2.4831,16.3062,0,1.0000,0,0,44.2668,4.2000,-24.1655,-0.6878,47.4280,0.000,0.000,0.909
2026-03-27,12:42:45,28010,1,0.0000,0.0672,0.0765,2.2501,16.3057,0,1.0000,0,0,44.4002,3.9512,-24.1093,0.5427,20.6175,0.000,0.000,0.905
2026-03-27,12:42:45,28050,1,0.0000,0.0559,0.0707,2.0791,16.3053,0,1.0000,0,0,45.1134,17.7524,-24.2141,-1.8767,29.9593,0.000,0.000,0.901
2026-03-27,12:42:45,28090,1,0.0000,0.0031,0.0708,2.0828,16.3051,0,1.0000,0,0,45.0064,-8.6651,-24.4764,-5.4371,39.4506,0.000,0.000,0.897
2026-03-27,12:42:45,28130,1,0.0000,-0.0144,0.0735,2.1618,16.3052,0,1.0000,0,0,44.6320,-9.2544,-24.8802,-8.9908,53.0673,0.000,0.000,0.893
2026-03-27,12:42:45,28170,1,0.0000,-0.0479,0.0864,2.5410,16.3056,0,1.0000,0,0,44.1492,-10.3583,-25.3451,-10.9148,65.5978,0.040,0.000,0.889
2026-03-27,12:42:45,28204,1,0.0000,-0.0360,0.0886,2.6057,16.3059,0,1.0000,0,0,44.0524,-7.0985,-25.7120,-10.7863,69.7258,0.080,0.000,0.887
2026-03-27,12:42:45,28244,1,0.0000,0.0047,0.0890,2.6165,16.3061,0,1.0000,0,0,43.6663,-8.5531,-26.4083,-14.7084,85.5323,0.160,0.000,0.883
2026-03-27,12:42:45,28285,1,0.0000,0.0150,0.0846,2.4896,16.3061,0,1.0000,0,0,43.5393,-4.3345,-26.6373,-7.6827,45.8978,0.240,0.000,0.912
2026-03-27,12:42:45,28325,1,0.0000,-0.0038,0.0855,2.5135,16.3059,0,1.0000,0,0,43.5377,0.9238,-26.4386,0.5454,53.1552,0.260,0.000,0.952
2026-03-27,12:42:45,28365,1,0.0000,-0.0133,0.0870,2.5578,16.3059,0,1.0000,0,0,43.4993,-0.0879,-26.2406,3.4859,52.8649,0.220,0.000,0.959
2026-03-27,12:42:45,28405,1,0.0000,-0.0018,0.0893,2.6254,16.3061,0,1.0000,0,0,43.3049,-5.5431,-26.1100,3.4978,58.2572,0.180,0.000,0.955
2026-03-27,12:42:45,28445,1,0.0000,0.0107,0.0881,2.5899,16.3061,0,1.0000,0,0,43.3379,-0.3938,-26.0362,2.2763,69.7096,0.140,0.000,0.951
2026-03-27,12:42:45,28487,1,0.0000,0.0036,0.0890,2.6183,16.3061,0,1.0000,0,0,43.2825,0.4574,-26.0422,0.7305,85.8562,0.100,0.000,0.947
2026-03-27,12:42:45,28527,1,0.0000,0.0160,0.0850,2.5013,16.3060,0,1.0000,0,0,43.2448,0.3912,-26.0532,0.3493,92.6274,0.060,0.000,0.943
2026-03-27,12:42:45,28571,1,0.0000,0.0327,0.0786,2.3113,16.3057,0,1.0000,0,0,43.6028,5.5201,-26.0047,0.9403,59.4151,0.020,0.000,0.939
2026-03-27,12:42:45,28611,1,0.0000,0.0267,0.0723,2.1251,16.3054,0,1.0000,0,0,43.5030,-1.5822,-26.0227,-0.1458,70.9922,0.000,0.000,0.935
2026-03-27,12:42:45,28651,1,0.0000,0.0151,0.0696,2.0471,16.3052,0,1.0000,0,0,43.5913,2.2624,-26.1026,-1.4537,80.3235,0.000,0.000,0.931
2026-03-27,12:42:45,28685,1,0.0000,0.0374,0.0638,1.8752,16.3050,0,1.0000,0,0,43.7666,3.0465,-26.1887,-2.3137,93.2871,0.000,0.000,0.928
2026-03-27,12:42:45,28725,1,0.0000,0.0003,0.0671,1.9734,16.3049,0,1.0000,0,0,43.5875,-5.1493,-26.4036,-4.4720,106.0231,0.000,0.000,0.924
2026-03-27,12:42:45,28765,1,0.0000,-0.0099,0.0691,2.0312,16.3049,0,1.0000,0,0,43.2613,-7.0328,-26.6193,-5.1711,104.0013,0.000,0.000,0.920
2026-03-27,12:42:46,28805,1,0.0000,0.0091,0.0675,1.9849,16.3049,0,1.0000,0,0,42.9497,-7.4974,-26.8580,-5.8652,115.0676,0.060,0.000,0.916
2026-03-27,12:42:46,28845,1,0.0000,-0.0006,0.0674,1.9837,16.3050,0,1.0000,0,0,42.7233,-7.4093,-27.0544,-5.4215,97.7330,0.140,0.000,0.912
2026-03-27,12:42:46,28886,1,0.0000,0.0031,0.0674,1.9837,16.3050,0,1.0000,0,0,42.4747,-4.9533,-27.2703,-5.3015,109.6957,0.220,0.000,0.908
2026-03-27,12:42:46,28927,1,0.0000,0.0061,0.0688,2.0232,16.3050,0,1.0000,0,0,42.4949,0.4062,-27.4690,-5.0297,112.9620,0.240,0.000,0.904
2026-03-27,12:42:46,28967,1,0.0000,-0.0240,0.0699,2.0569,16.3050,0,1.0000,0,0,42.3731,-3.5274,-27.6302,-4.3463,109.8280,0.200,0.000,0.900
2026-03-27,12:42:46,29008,1,0.0000,-0.0005,0.0700,2.0603,16.3051,0,1.0000,0,0,42.2018,-3.6547,-27.7876,-3.9949,113.1445,0.160,0.000,0.896
2026-03-27,12:42:46,29048,1,0.0000,-0.0113,0.0730,2.1466,16.3051,0,1.0000,0,0,42.1177,-1.9639,-27.8864,-3.0111,122.8618,0.120,0.000,0.892
2026-03-27,12:42:46,29089,1,0.0000,-0.0382,0.0793,2.3323,16.3053,0,1.0000,0,0,42.1177,0.7888,-27.9658,-2.2037,131.1449,0.080,0.000,0.888
2026-03-27,12:42:46,29129,1,0.0000,-0.1032,0.0992,2.9190,16.3061,0,1.0000,0,0,41.6592,-13.1475,-28.0770,-2.6397,138.3297,0.070,0.000,0.884
2026-03-27,12:42:46,29169,1,0.0000,-0.1148,0.1203,3.5380,16.3072,0,1.0000,0,0,41.5381,-3.6108,-28.1189,-1.0512,137.1134,0.150,0.000,0.913
2026-03-27,12:42:46,29210,1,0.0000,-0.0181,0.1253,3.6839,16.3080,0,1.0000,0,0,41.5278,-2.5054,-27.8759,4.5650,89.7051,0.110,0.000,0.953
2026-03-27,12:42:46,29250,1,0.0000,0.0731,0.1136,3.3417,16.3078,0,1.0000,0,0,41.4751,-2.2951,-27.3641,10.2496,76.2349,0.070,0.000,0.993
2026-03-27,12:42:46,29292,1,0.0000,0.2313,0.0701,2.0627,16.3063,0,1.0000,0,0,42.0832,18.4230,-26.7728,13.0625,72.2533,0.030,0.000,1.000
2026-03-27,12:42:46,29332,1,0.0000,-0.0235,0.0848,2.4933,16.3058,0,1.0000,0,0,42.3176,2.1819,-26.3844,10.8926,54.2576,0.000,0.000,1.000
2026-03-27,12:42:46,29372,1,0.0000,-0.0523,0.0970,2.8530,16.3062,0,1.0000,0,0,41.6882,-11.8596,-26.1479,7.3890,54.1597,0.000,0.000,1.000
2026-03-27,12:42:46,29408,1,0.0000,-0.1155,0.1149,3.3805,16.3069,0,1.0000,0,0,41.6433,-5.7101,-26.1026,5.4178,61.5065,0.000,0.000,1.000
2026-03-27,12:42:46,29449,1,0.0000,-0.0981,0.1330,3.9126,16.3079,0,1.0000,0,0,41.5274,-2.4359,-26.2379,-0.0436,78.6862,0.000,0.000,1.000
2026-03-27,12:42:46,29490,1,0.0000,0.0296,0.1231,3.6220,16.3080,0,1.0000,0,0,41.4103,-1.9750,-26.2620,0.3552,52.6053,0.000,0.000,1.000
2026-03-27,12:42:46,29530,1,0.0000,0.0537,0.1149,3.3785,16.3077,0,1.0000,0,0,41.4923,0.2010,-25.9697,4.9147,58.8910,0.000,0.000,1.000
2026-03-27,12:42:46,29570,1,0.0000,-0.0032,0.1176,3.4586,16.3075,0,1.0000,0,0,41.6702,4.4176,-25.6661,6.9503,23.2801,0.000,0.000,1.000
2026-03-27,12:42:46,29611,1,0.0000,-0.0503,0.1276,3.7543,16.3079,0,1.0000,0,0,41.6257,1.2798,-25.3077,8.0524,33.9577,0.000,0.000,1.000
2026-03-27,12:42:46,29651,1,0.0000,0.0261,0.1234,3.6286,16.3080,0,1.0000,0,0,41.4272,-3.7376,-25.2017,4.6859,35.2067,0.000,0.000,1.000
2026-03-27,12:42:46,29692,1,0.0000,0.0735,0.1101,3.2374,16.3076,0,1.0000,0,0,41.5311,0.7183,-25.2038,1.5312,49.3540,0.000,0.000,1.000
2026-03-27,12:42:46,29733,1,0.0000,0.1703,0.0833,2.4512,16.3066,0,1.0000,0,0,41.5131,1.7535,-25.1696,1.1557,36.2280,0.000,0.000,1.000
2026-03-27,12:42:46,29773,1,0.0000,0.0252,0.0844,2.4838,16.3060,0,1.0000,0,0,41.6218,0.5287,-25.2539,-1.2462,30.1866,0.000,0.000,1.000
2026-03-27,12:42:47,29814,1,0.0000,-0.0118,0.0882,2.5934,16.3059,0,1.0000,0,0,41.7522,-0.2475,-25.4497,-3.7403,24.4178,0.000,0.000,1.000
2026-03-27,12:42:47,29854,1,0.0000,0.0169,0.0818,2.4070,16.3059,0,1.0000,0,0,41.7473,2.1186,-25.5586,-3.2110,41.1841,0.000,0.000,1.000
2026-03-27,12:42:47,29894,1,0.0000,-0.0120,0.0862,2.5359,16.3058,0,1.0000,0,0,41.6910,-1.0910,-25.7639,-4.7133,42.6016,0.000,0.000,1.000
2026-03-27,12:42:47,29935,1,0.0000,0.0313,0.0802,2.3602,16.3057,0,1.0000,0,0,41.6209,-1.4060,-25.9765,-5.1717,37.1609,0.000,0.000,0.998
2026-03-27,12:42:47,29975,1,0.0000,0.0572,0.0692,2.0353,16.3054,0,1.0000,0,0,42.1024,14.3399,-26.1671,-5.0108,43.7951,0.000,0.000,1.000
2026-03-27,12:42:47,30016,1,0.0000,-0.0169,0.0754,2.2175,16.3052,0,1.0000,0,0,42.0049,-4.0729,-26.3588,-5.1506,51.3686,0.000,0.000,1.000
2026-03-27,12:42:47,30056,1,0.0000,-0.0383,0.0816,2.4013,16.3055,0,1.0000,0,0,41.7076,-7.3311,-26.6060,-6.0553,43.7035,0.000,0.000,0.999
2026-03-27,12:42:47,30096,1,0.0000,-0.0494,0.0903,2.6561,16.3058,0,1.0000,0,0,41.6149,-2.6345,-26.8535,-6.2668,63.8174,0.000,0.000,0.995
2026-03-27,12:42:47,30136,1,0.0000,-0.0176,0.0887,2.6078,16.3060,0,1.0000,0,0,41.5106,-2.3113,-27.0701,-5.8304,80.7905,0.000,0.000,0.991
2026-03-27,12:42:47,30176,1,0.0000,-0.0372,0.0924,2.7174,16.3062,0,1.0000,0,0,41.3816,-1.9182,-27.2926,-5.2852,60.8008,0.000,0.000,0.987
2026-03-27,12:42:47,30216,1,0.0000,-0.0166,0.0945,2.7788,16.3063,0,1.0000,0,0,41.2695,-3.9397,-27.2873,-1.4178,52.6737,0.000,0.000,0.983
2026-03-27,12:42:47,30257,1,0.0000,0.0363,0.0885,2.6042,16.3062,0,1.0000,0,0,41.2657,0.1204,-27.0955,2.8123,58.8613,0.000,0.000,0.979
2026-03-27,12:42:47,30297,1,0.0000,0.0807,0.0686,2.0187,16.3055,0,1.0000,0,0,42.2317,26.2557,-26.8195,5.6353,55.6061,0.000,0.000,0.975
2026-03-27,12:42:47,30338,1,0.0000,-0.0268,0.0764,2.2484,16.3053,0,1.0000,0,0,42.3825,-4.9036,-26.6937,3.6345,47.5506,0.000,0.000,0.971
2026-03-27,12:42:47,30378,1,0.0000,-0.0309,0.0862,2.5351,16.3057,0,1.0000,0,0,41.5018,-13.8047,-26.7539,0.1845,35.0515,0.000,0.000,0.967
2026-03-27,12:42:47,30419,1,0.0000,0.0080,0.0833,2.4498,16.3058,0,1.0000,0,0,41.3517,-4.6243,-26.9762,-4.0452,56.3297,0.080,0.000,0.963
2026-03-27,12:42:47,30459,1,0.0000,0.0031,0.0830,2.4400,16.3058,0,1.0000,0,0,41.1502,-6.2593,-27.2267,-5.1618,40.7937,0.130,0.000,0.959
2026-03-27,12:42:47,30499,1,0.0000,-0.0190,0.0875,2.5724,16.3058,0,1.0000,0,0,41.0772,-4.6442,-27.4488,-5.7912,47.0325,0.090,0.000,0.955
2026-03-27,12:42:47,30539,1,0.0000,-0.0266,0.0892,2.6221,16.3060,0,1.0000,0,0,41.0144,-1.2659,-27.5112,-3.0196,27.1207,0.050,0.000,0.951
2026-03-27,12:42:47,30579,1,0.0000,0.0160,0.0845,2.4847,16.3059,0,1.0000,0,0,40.8075,-2.3397,-27.5910,-2.5210,42.5344,0.010,0.000,0.947
2026-03-27,12:42:47,30613,1,0.0000,0.0309,0.0804,2.3659,16.3058,0,1.0000,0,0,41.1222,2.5603,-27.5248,-1.5817,40.6618,0.000,0.000,0.945
2026-03-27,12:42:47,30653,1,0.0000,0.1134,0.0534,1.5699,16.3048,0,1.0000,0,0,42.4291,32.6740,-27.5223,-1.0557,20.8481,0.000,0.000,0.941
2026-03-27,12:42:47,30693,1,0.0000,0.0541,0.0448,1.3189,16.3040,0,1.0000,0,0,43.0271,9.9903,-27.6976,-3.5987,23.9468,0.000,0.000,0.948
2026-03-27,12:42:47,30733,1,0.0000,-0.1565,0.0781,2.2977,16.3046,0,1.0000,0,0,41.1246,-50.4914,-27.8450,-3.6001,0.4019,0.020,0.000,0.988
2026-03-27,12:42:47,30773,1,0.0000,-0.1292,0.1039,3.0552,16.3061,0,1.0000,0,0,39.1498,-38.7325,-28.4374,-10.8875,8.1294,0.100,0.000,1.000
2026-03-27,12:42:48,30813,1,0.0000,0.0116,0.0938,2.7598,16.3064,0,1.0000,0,0,39.2299,-3.9050,-28.9031,-11.3217,26.0560,0.180,0.000,1.000
2026-03-27,12:42:48,30854,1,0.0000,0.0574,0.0816,2.3987,16.3060,0,1.0000,0,0,39.2858,1.7019,-28.8847,-3.1073,23.1780,0.260,0.000,1.000
2026-03-27,12:42:48,30894,1,0.0000,0.0864,0.0672,1.9771,16.3054,0,1.0000,0,0,39.4702,5.1718,-28.6680,2.8298,0.0213,0.280,0.000,1.000
2026-03-27,12:42:48,30935,1,0.0000,0.0327,0.0616,1.8128,16.3048,0,1.0000,0,0,40.5606,22.8387,-28.3008,6.6438,5.8374,0.240,0.000,1.000
2026-03-27,12:42:48,30975,1,0.0000,-0.0242,0.0679,1.9960,16.3048,0,1.0000,0,0,40.5106,-7.0326,-28.0036,7.1028,-7.4983,0.200,0.000,1.000
2026-03-27,12:42:48,31015,1,0.0000,-0.1547,0.0989,2.9087,16.3058,0,1.0000,0,0,40.0577,-5.8823,-27.5930,9.1290,1.6721,0.160,0.000,1.000
2026-03-27,12:42:48,31049,1,0.0000,-0.1987,0.1259,3.7041,16.3070,0,1.0000,0,0,39.2144,-31.6975,-27.5240,4.1603,24.7691,0.190,0.000,1.000
2026-03-27,12:42:48,31089,1,0.0000,-0.0818,0.1439,4.2334,16.3086,0,1.0000,0,0,37.5418,-25.9770,-27.5576,1.8891,6.7464,0.270,0.000,1.000
2026-03-27,12:42:48,31129,1,0.0000,0.0849,0.1275,3.7503,16.3085,0,1.0000,0,0,38.1625,12.5117,-27.3273,4.7131,18.0050,0.350,0.000,1.000
2026-03-27,12:42:48,31169,1,0.0000,0.0928,0.1117,3.2847,16.3078,0,1.0000,0,0,39.3996,33.0799,-26.9847,7.4532,15.6048,0.340,0.000,1.000
2026-03-27,12:42:48,31209,1,0.0000,-0.0123,0.1127,3.3153,16.3073,0,1.0000,0,0,40.4449,23.2987,-26.5708,9.7533,13.4758,0.300,0.000,1.000
2026-03-27,12:42:48,31250,1,0.0000,-0.0696,0.1288,3.7870,16.3078,0,1.0000,0,0,40.0769,-11.5402,-26.1902,9.5393,10.5363,0.260,0.000,1.000
2026-03-27,12:42:48,31290,1,0.0000,-0.0360,0.1355,3.9864,16.3084,0,1.0000,0,0,39.8380,-3.5759,-25.8414,9.3229,15.9831,0.220,0.000,1.000
2026-03-27,12:42:48,31331,1,0.0000,-0.0179,0.1379,4.0563,16.3086,0,1.0000,0,0,39.3201,-19.1493,-25.5680,7.4866,19.1487,0.180,0.000,1.000
2026-03-27,12:42:48,31371,1,0.0000,0.0363,0.1299,3.8213,16.3085,0,1.0000,0,0,39.4353,8.9865,-25.3484,6.0425,23.1567,0.200,0.000,1.000
2026-03-27,12:42:48,31411,1,0.0000,0.0803,0.1182,3.4760,16.3080,0,1.0000,0,0,39.7360,8.9331,-25.1524,5.7930,20.6371,0.160,0.000,1.000
2026-03-27,12:42:48,31452,1,0.0000,0.0647,0.1042,3.0633,16.3073,0,1.0000,0,0,40.6105,14.2403,-24.9764,4.4655,9.9090,0.120,0.000,1.000
2026-03-27,12:42:48,31486,1,0.0000,0.0895,0.0914,2.6897,16.3066,0,1.0000,0,0,40.8055,7.1203,-24.8850,3.4723,32.0861,0.090,0.000,1.000
2026-03-27,12:42:48,31526,1,0.0000,0.0061,0.0938,2.7597,16.3063,0,1.0000,0,0,40.7835,-0.1334,-24.8251,2.1548,21.1362,0.050,0.000,1.000
2026-03-27,12:42:48,31567,1,0.0000,-0.0022,0.0913,2.6867,16.3063,0,1.0000,0,0,40.4937,-1.8877,-24.8509,0.3697,32.1474,0.010,0.000,1.000
2026-03-27,12:42:48,31607,1,0.0000,0.0660,0.0803,2.3621,16.3060,0,1.0000,0,0,40.5401,2.1858,-24.9213,-1.1203,47.2705,0.000,0.000,1.000
2026-03-27,12:42:48,31648,1,0.0000,0.0304,0.0755,2.2204,16.3055,0,1.0000,0,0,40.9587,6.9385,-25.0658,-2.8473,38.8833,0.000,0.000,1.000
2026-03-27,12:42:48,31688,1,0.0000,-0.0067,0.0782,2.2989,16.3055,0,1.0000,0,0,40.7039,-8.2230,-25.2882,-5.0455,47.2261,0.000,0.000,1.000
2026-03-27,12:42:48,31729,1,0.0000,0.0052,0.0780,2.2930,16.3054,0,1.0000,0,0,40.9008,5.3036,-25.4980,-5.0359,54.2452,0.000,0.000,1.000
2026-03-27,12:42:48,31770,1,0.0000,0.0079,0.0748,2.2012,16.3054,0,1.0000,0,0,41.2528,8.6551,-25.6746,-4.7776,66.5474,0.000,0.000,1.000
2026-03-27,12:42:49,31803,1,0.0000,0.0185,0.0702,2.0648,16.3053,0,1.0000,0,0,41.3130,5.6810,-25.7354,-4.1202,70.9438,0.000,0.000,1.000
2026-03-27,12:42:49,31845,1,0.0000,-0.0157,0.0765,2.2486,16.3054,0,1.0000,0,0,40.8526,-10.8431,-25.9967,-5.6215,52.8217,0.000,0.000,1.000
2026-03-27,12:42:49,31885,1,0.0000,0.0192,0.0714,2.1014,16.3053,0,1.0000,0,0,40.7868,-0.3531,-26.0598,-3.0970,64.6175,0.000,0.000,1.000
2026-03-27,12:42:49,31925,1,0.0000,0.0327,0.0668,1.9635,16.3051,0,1.0000,0,0,41.2349,7.4195,-26.0102,-0.6077,41.8133,0.000,0.000,1.000
2026-03-27,12:42:49,31966,1,0.0000,-0.0021,0.0664,1.9537,16.3049,0,1.0000,0,0,41.0903,-3.3205,-25.9846,-0.5056,62.5045,0.000,0.000,1.000
2026-03-27,12:42:49,32000,1,0.0000,0.0047,0.0682,2.0068,16.3049,0,1.0000,0,0,40.6950,-11.2147,-26.1951,-4.4455,78.0100,0.000,0.000,1.000
2026-03-27,12:42:49,32040,1,0.0000,0.0022,0.0696,2.0473,16.3051,0,1.0000,0,0,40.4167,-6.2575,-26.3903,-4.6926,79.3416,0.060,0.000,0.996
2026-03-27,12:42:49,32081,1,0.0000,0.0151,0.0671,1.9748,16.3050,0,1.0000,0,0,40.4781,2.4176,-26.4688,-3.1923,87.2749,0.080,0.000,0.992
2026-03-27,12:42:49,32121,1,0.0000,0.0228,0.0630,1.8534,16.3048,0,1.0000,0,0,40.6588,3.3231,-26.5507,-2.7724,94.3094,0.040,0.000,0.988
2026-03-27,12:42:49,32161,1,0.0000,0.0065,0.0637,1.8748,16.3047,0,1.0000,0,0,40.4919,-3.7782,-26.6848,-3.4492,106.8663,0.000,0.000,0.984
2026-03-27,12:42:49,32201,1,0.0000,-0.0139,0.0641,1.8853,16.3047,0,1.0000,0,0,40.4253,-2.4628,-26.8413,-3.7569,76.7172,0.000,0.000,0.980
2026-03-27,12:42:49,32241,1,0.0000,-0.0601,0.0741,2.1789,16.3050,0,1.0000,0,0,40.1704,-9.0376,-26.7488,0.4046,38.7396,0.000,0.000,0.976
2026-03-27,12:42:49,32282,1,0.0000,-0.0894,0.0905,2.6610,16.3057,0,1.0000,0,0,39.9384,-1.6647,-26.4137,5.5265,47.4493,0.030,0.000,0.972
2026-03-27,12:42:49,32322,1,0.0000,-0.0306,0.0939,2.7610,16.3062,0,1.0000,0,0,39.8004,-4.2268,-26.2551,4.1186,66.8962,0.000,0.000,0.968
2026-03-27,12:42:49,32363,1,0.0000,-0.0036,0.0932,2.7420,16.3063,0,1.0000,0,0,39.8296,-0.6878,-26.1418,3.5689,36.9317,0.000,0.000,0.964
2026-03-27,12:42:49,32403,1,0.0000,0.0001,0.0920,2.7053,16.3063,0,1.0000,0,0,39.8604,2.1140,-25.8831,5.5778,38.9836,0.000,0.000,0.960
2026-03-27,12:42:49,32443,1,0.0000,-0.0069,0.0932,2.7422,16.3063,0,1.0000,0,0,39.8175,0.2503,-25.6607,5.8527,39.3408,0.000,0.000,0.956
2026-03-27,12:42:49,32483,1,0.0000,0.0005,0.0914,2.6872,16.3062,0,1.0000,0,0,39.7692,-1.9611,-25.5394,3.6145,60.1319,0.000,0.000,0.952
2026-03-27,12:42:49,32523,1,0.0000,0.0474,0.0823,2.4202,16.3060,0,1.0000,0,0,39.7628,0.4043,-25.5356,1.4494,51.7537,0.000,0.000,0.948
2026-03-27,12:42:49,32563,1,0.0000,0.0174,0.0810,2.3828,16.3058,0,1.0000,0,0,39.8611,1.4486,-25.4919,1.2541,70.6774,0.000,0.000,0.944
2026-03-27,12:42:49,32603,1,0.0000,0.0382,0.0763,2.2430,16.3056,0,1.0000,0,0,39.9600,3.3917,-25.4513,1.1066,86.6052,0.000,0.000,0.940
2026-03-27,12:42:49,32645,1,0.0000,0.0932,0.0567,1.6681,16.3049,0,1.0000,0,0,40.8978,21.7485,-25.4673,0.0880,65.8821,0.000,0.000,0.936
2026-03-27,12:42:49,32686,1,0.0000,0.0358,0.0531,1.5608,16.3044,0,1.0000,0,0,41.2872,1.8024,-25.4991,-0.7955,70.3590,0.000,0.000,0.932
2026-03-27,12:42:49,32727,1,0.0000,-0.0099,0.0596,1.7543,16.3044,0,1.0000,0,0,40.5061,-15.1994,-25.7588,-4.6212,66.8894,0.000,0.000,0.950
2026-03-27,12:42:49,32768,1,0.0000,-0.0038,0.0595,1.7511,16.3045,0,1.0000,0,0,40.0812,-12.1010,-26.1135,-7.4236,64.1225,0.040,0.000,0.946
2026-03-27,12:42:50,32808,1,0.0000,0.0188,0.0546,1.6072,16.3043,0,1.0000,0,0,39.8586,-6.3389,-26.4439,-8.1702,81.2137,0.120,0.000,0.942
2026-03-27,12:42:50,32848,1,0.0000,0.0092,0.0524,1.5425,16.3042,0,1.0000,0,0,39.5899,-6.3676,-26.7796,-8.6192,95.7906,0.200,0.000,0.960
2026-03-27,12:42:50,32890,1,0.0000,-0.0239,0.0552,1.6249,16.3042,0,1.0000,0,0,39.2642,-6.9136,-27.0685,-7.6636,88.7161,0.280,0.000,1.000
2026-03-27,12:42:50,32930,1,0.0000,-0.0270,0.0614,1.8069,16.3044,0,1.0000,0,0,39.0037,-6.9303,-27.2490,-5.4380,68.3841,0.360,0.000,1.000
2026-03-27,12:42:50,32974,1,0.0000,-0.0154,0.0613,1.8037,16.3045,0,1.0000,0,0,38.8492,-3.1695,-27.2850,-2.4057,53.2621,0.440,0.000,0.999
2026-03-27,12:42:50,33010,1,0.0000,-0.0186,0.0645,1.8957,16.3047,0,1.0000,0,0,38.8111,-2.2878,-27.2422,-1.5778,58.2275,0.480,0.000,0.997
2026-03-27,12:42:50,33050,1,0.0000,-0.0336,0.0725,2.1320,16.3051,0,1.0000,0,0,38.6971,-3.4750,-27.1544,1.0845,29.0959,0.440,0.000,0.993
2026-03-27,12:42:50,33091,1,0.0000,-0.0524,0.0831,2.4450,16.3055,0,1.0000,0,0,38.5842,-3.4550,-26.9440,3.4969,17.5975,0.400,0.000,1.000
2026-03-27,12:42:50,33131,1,0.0000,-0.0234,0.0872,2.5650,16.3058,0,1.0000,0,0,38.2320,-7.1514,-26.8059,2.9277,41.5850,0.420,0.000,1.000
2026-03-27,12:42:50,33172,1,0.0000,-0.0051,0.0867,2.5510,16.3059,0,1.0000,0,0,38.2121,-2.6000,-26.9016,-0.4104,54.6650,0.410,0.000,1.000
2026-03-27,12:42:50,33213,1,0.0000,0.0150,0.0818,2.4050,16.3059,0,1.0000,0,0,38.1950,1.6106,-26.7633,2.3674,47.5012,0.370,0.000,1.000
2026-03-27,12:42:50,33253,1,0.0000,0.0021,0.0838,2.4642,16.3058,0,1.0000,0,0,38.1913,-0.1520,-26.6224,3.3282,33.9721,0.330,0.000,0.998
2026-03-27,12:42:50,33293,1,0.0000,-0.0311,0.0874,2.5702,16.3059,0,1.0000,0,0,38.2397,2.0527,-26.4773,3.6696,42.0579,0.290,0.000,0.994
2026-03-27,12:42:50,33333,1,0.0000,-0.0589,0.0973,2.8627,16.3062,0,1.0000,0,0,38.2381,-0.4073,-26.3806,2.8369,55.2333,0.250,0.000,0.990
2026-03-27,12:42:50,33373,1,0.0000,-0.1411,0.1212,3.5657,16.3071,0,1.0000,0,0,36.9883,-31.8509,-26.2398,3.7511,40.3628,0.270,0.000,1.000
2026-03-27,12:42:50,33413,1,0.0000,-0.0558,0.1313,3.8607,16.3080,0,1.0000,0,0,37.0507,6.0273,-25.8497,8.2299,14.6931,0.350,0.000,1.000
2026-03-27,12:42:50,33453,1,0.0000,0.0365,0.1209,3.5563,16.3079,0,1.0000,0,0,37.3299,10.1345,-25.3874,10.6555,13.5387,0.340,0.000,1.000
2026-03-27,12:42:50,33494,1,0.0000,0.0648,0.1086,3.1942,16.3075,0,1.0000,0,0,37.6951,7.6120,-24.9658,10.8154,17.1182,0.300,0.000,1.000
2026-03-27,12:42:50,33534,1,0.0000,0.0236,0.1107,3.2555,16.3073,0,1.0000,0,0,38.0366,5.0436,-24.4686,11.9907,8.1504,0.260,0.000,1.000
2026-03-27,12:42:50,33574,1,0.0000,0.0198,0.1076,3.1651,16.3072,0,1.0000,0,0,38.3659,10.8018,-24.1987,8.6524,19.6309,0.220,0.000,1.000
2026-03-27,12:42:50,33615,1,0.0000,-0.0186,0.1125,3.3095,16.3072,0,1.0000,0,0,38.5290,4.3874,-24.0244,5.8113,36.6073,0.180,0.000,1.000
2026-03-27,12:42:50,33655,1,0.0000,-0.0896,0.1313,3.8608,16.3079,0,1.0000,0,0,37.9884,-20.1594,-23.9655,3.2233,23.3298,0.140,0.000,1.000
2026-03-27,12:42:50,33696,1,0.0000,0.0089,0.1244,3.6601,16.3080,0,1.0000,0,0,37.8006,4.3589,-23.8466,2.9130,39.3803,0.160,0.000,1.000
2026-03-27,12:42:50,33738,1,0.0000,0.0145,0.1237,3.6390,16.3080,0,1.0000,0,0,38.3293,12.7909,-23.7959,1.7925,33.3226,0.120,0.000,1.000
2026-03-27,12:42:50,33778,1,0.0000,0.0034,0.1218,3.5809,16.3078,0,1.0000,0,0,38.8384,13.4095,-23.7391,1.6036,29.3706,0.080,0.000,1.000
2026-03-27,12:42:51,33819,1,0.0000,-0.0960,0.1382,4.0647,16.3083,0,1.0000,0,0,38.9791,-0.9129,-23.6670,1.7597,31.8684,0.040,0.000,1.000
2026-03-27,12:42:51,33859,1,0.0000,-0.0733,0.1481,4.3567,16.3089,0,1.0000,0,0,38.1127,-14.6943,-23.6035,1.5417,34.6924,0.000,0.000,1.000
2026-03-27,12:42:51,33900,1,0.0000,-0.0573,0.1585,4.6616,16.3095,0,1.0000,0,0,38.6382,12.4378,-23.5861,0.8813,22.9322,0.000,0.000,1.000
2026-03-27,12:42:51,33940,1,0.0000,0.0707,0.1444,4.2472,16.3094,0,1.0000,0,0,39.1207,13.0067,-23.6381,-0.7761,33.0734,0.000,0.000,1.000
2026-03-27,12:42:51,33980,1,0.0000,0.0995,0.1221,3.5907,16.3084,0,1.0000,0,0,39.8091,17.3862,-23.7373,-1.8224,13.8774,0.000,0.000,1.000
2026-03-27,12:42:51,34020,1,0.0000,-0.0502,0.1372,4.0354,16.3084,0,1.0000,0,0,40.4845,14.0789,-23.7544,-0.8834,31.2753,0.000,0.000,1.000
2026-03-27,12:42:51,34060,1,0.0000,-0.0962,0.1552,4.5643,16.3091,0,1.0000,0,0,40.0392,-18.5354,-23.7818,-1.0894,47.0444,0.000,0.000,1.000
2026-03-27,12:42:51,34100,1,0.0000,-0.0014,0.1525,4.4847,16.3095,0,1.0000,0,0,40.0056,20.6267,-23.9503,-3.2327,60.3713,0.000,0.000,1.000
2026-03-27,12:42:51,34140,1,0.0000,0.0579,0.1439,4.2310,16.3093,0,1.0000,0,0,40.4779,7.7812,-24.0757,-3.1784,52.3768,0.000,0.000,1.000
2026-03-27,12:42:51,34180,1,0.0000,0.0869,0.1259,3.7040,16.3086,0,1.0000,0,0,41.3646,21.1185,-24.1918,-2.9499,30.3760,0.000,0.000,1.000
2026-03-27,12:42:51,34213,1,0.0000,0.0114,0.1325,3.8960,16.3084,0,1.0000,0,0,41.5923,15.0346,-24.2139,-2.4007,36.1345,0.000,0.000,1.000
2026-03-27,12:42:51,34254,1,0.0000,-0.0582,0.1439,4.2320,16.3087,0,1.0000,0,0,42.0146,11.2105,-24.2122,-0.4852,31.7960,0.000,0.000,1.000
2026-03-27,12:42:51,34294,1,0.0000,-0.0268,0.1475,4.3391,16.3091,0,1.0000,0,0,41.9579,-4.4173,-24.2299,-0.5279,53.5513,0.000,0.000,1.000
2026-03-27,12:42:51,34336,1,0.0000,0.0020,0.1452,4.2693,16.3091,0,1.0000,0,0,42.0627,14.5848,-24.1931,1.1601,39.8131,0.000,0.000,1.000
2026-03-27,12:42:51,34376,1,0.0000,0.1003,0.1229,3.6140,16.3084,0,1.0000,0,0,42.4570,13.8181,-24.1031,2.1687,27.4723,0.000,0.000,1.000
2026-03-27,12:42:51,34416,1,0.0000,0.0053,0.1265,3.7197,16.3081,0,1.0000,0,0,43.2997,20.3216,-24.0014,2.5211,28.8164,0.000,0.000,1.000
2026-03-27,12:42:51,34456,1,0.0000,-0.0575,0.1366,4.0178,16.3083,0,1.0000,0,0,43.4327,5.9028,-23.8301,3.7878,4.9566,0.000,0.000,1.000
2026-03-27,12:42:51,34490,1,0.0000,-0.0019,0.1327,3.9042,16.3084,0,1.0000,0,0,43.6098,7.5178,-23.7837,2.3177,27.6473,0.000,0.000,1.000
2026-03-27,12:42:51,34531,1,0.0000,0.0458,0.1198,3.5245,16.3080,0,1.0000,0,0,43.8244,6.6251,-23.9036,-0.8107,35.6339,0.000,0.000,1.000
2026-03-27,12:42:51,34571,1,0.0000,0.1048,0.1001,2.9454,16.3072,0,1.0000,0,0,44.1468,7.6270,-23.8195,1.6591,3.4698,0.000,0.000,1.000
2026-03-27,12:42:51,34611,1,0.0000,0.1205,0.0766,2.2526,16.3061,0,1.0000,0,0,44.4144,9.1795,-23.4476,6.5724,4.0044,0.000,0.000,1.000
2026-03-27,12:42:51,34651,1,0.0000,0.0004,0.0827,2.4316,16.3058,0,1.0000,0,0,45.0086,11.1051,-23.3679,3.2859,1.9553,0.000,0.000,1.000
2026-03-27,12:42:51,34691,1,0.0000,-0.0214,0.0920,2.7055,16.3061,0,1.0000,0,0,44.6126,-12.5313,-23.4287,0.0068,-5.0402,0.000,0.000,1.000
2026-03-27,12:42:51,34725,1,0.0000,-0.0126,0.0923,2.7148,16.3063,0,1.0000,0,0,44.8994,5.1466,-23.4890,-1.3709,12.7879,0.000,0.000,1.000
2026-03-27,12:42:51,34765,1,0.0000,0.0617,0.0808,2.3750,16.3060,0,1.0000,0,0,44.9101,3.6007,-23.5780,-1.7455,11.0110,0.000,0.000,1.000
2026-03-27,12:42:52,34805,1,0.0000,0.0169,0.0800,2.3520,16.3057,0,1.0000,0,0,45.1927,5.2075,-23.6601,-2.1687,-4.4106,0.000,0.000,1.000
2026-03-27,12:42:52,34846,1,0.0000,-0.0101,0.0825,2.4261,16.3057,0,1.0000,0,0,45.2953,1.8982,-23.8355,-3.9341,2.4467,0.000,0.000,1.000
2026-03-27,12:42:52,34880,1,0.0000,0.0026,0.0820,2.4126,16.3056,0,1.0000,0,0,45.4035,5.1180,-23.9565,-3.7214,-7.4540,0.000,0.000,1.000
2026-03-27,12:42:52,34920,1,0.0000,-0.0163,0.0824,2.4232,16.3057,0,1.0000,0,0,45.4069,-1.7228,-24.1298,-4.2255,-0.8152,0.000,0.000,1.000
2026-03-27,12:42:52,34960,1,0.0000,-0.0138,0.0836,2.4581,16.3058,0,1.0000,0,0,45.5613,1.1152,-24.2044,-2.7174,6.5553,0.000,0.000,1.000
2026-03-27,12:42:52,35000,1,0.0000,-0.0030,0.0837,2.4607,16.3058,0,1.0000,0,0,45.6363,3.8788,-24.2656,-1.9916,4.3880,0.000,0.000,1.000
2026-03-27,12:42:52,35040,1,0.0000,-0.0034,0.0828,2.4361,16.3059,0,1.0000,0,0,45.6342,0.4618,-24.3367,-1.9574,16.9670,0.000,0.000,1.000
2026-03-27,12:42:52,35080,1,0.0000,0.0182,0.0825,2.4265,16.3058,0,1.0000,0,0,45.6673,-0.9573,-24.3613,-0.9638,21.6667,0.000,0.000,1.000
2026-03-27,12:42:52,35121,1,0.0000,0.0515,0.0726,2.1349,16.3055,0,1.0000,0,0,45.6707,0.6276,-24.3417,0.1876,17.9346,0.000,0.000,0.996
2026-03-27,12:42:52,35161,1,0.0000,0.1460,0.0434,1.2768,16.3044,0,1.0000,0,0,46.4137,20.7532,-24.2551,1.3659,27.2787,0.000,0.000,1.000
2026-03-27,12:42:52,35201,1,0.0000,0.0546,0.0366,1.0764,16.3036,0,1.0000,0,0,46.7430,5.0546,-24.2426,0.3583,37.3622,0.000,0.000,1.000
2026-03-27,12:42:52,35242,1,0.0000,0.0110,0.0367,1.0794,16.3034,0,1.0000,0,0,47.1103,8.8989,-24.3467,-1.9200,37.4185,0.000,0.000,1.000
2026-03-27,12:42:52,35282,1,0.0000,-0.0331,0.0447,1.3160,16.3035,0,1.0000,0,0,46.3263,-18.4693,-24.4702,-2.9579,38.0594,0.000,0.000,1.000
2026-03-27,12:42:52,35323,1,0.0000,-0.0790,0.0585,1.7216,16.3040,0,1.0000,0,0,45.5504,-17.8756,-24.6572,-4.2853,40.0697,0.060,0.000,1.000
2026-03-27,12:42:52,35363,1,0.0000,-0.0740,0.0728,2.1420,16.3048,0,1.0000,0,0,44.7661,-21.3962,-24.9407,-6.2156,39.5857,0.140,0.000,1.000
2026-03-27,12:42:52,35406,1,0.0000,-0.0383,0.0798,2.3457,16.3053,0,1.0000,0,0,44.0575,-9.9155,-25.2317,-7.0191,50.0760,0.200,0.000,1.000
2026-03-27,12:42:52,35439,1,0.0000,-0.0163,0.0784,2.3050,16.3055,0,1.0000,0,0,44.3917,5.1138,-25.5698,-8.5641,57.2437,0.260,0.000,1.000
2026-03-27,12:42:52,35479,1,0.0000,0.0100,0.0754,2.2171,16.3055,0,1.0000,0,0,44.5676,7.0706,-25.6626,-3.5940,21.9016,0.250,0.000,1.000
2026-03-27,12:42:52,35519,1,0.0000,0.0424,0.0681,2.0042,16.3053,0,1.0000,0,0,44.7586,4.2989,-25.4942,1.2242,39.1041,0.210,0.000,1.000
2026-03-27,12:42:52,35560,1,0.0000,0.0345,0.0629,1.8486,16.3049,0,1.0000,0,0,45.0643,7.2545,-25.4196,1.7543,26.8378,0.170,0.000,1.000
2026-03-27,12:42:52,35600,1,0.0000,-0.0205,0.0675,1.9861,16.3048,0,1.0000,0,0,45.4302,6.5932,-25.3369,1.7555,21.7667,0.130,0.000,0.999
2026-03-27,12:42:52,35641,1,0.0000,-0.1088,0.0892,2.6234,16.3055,0,1.0000,0,0,45.3683,3.3002,-25.2872,1.5249,6.1673,0.090,0.000,0.995
2026-03-27,12:42:52,35681,1,0.0000,-0.0647,0.0955,2.8086,16.3061,0,1.0000,0,0,45.3749,-1.7812,-25.2032,1.9403,25.6318,0.050,0.000,0.991
2026-03-27,12:42:52,35721,1,0.0000,-0.0246,0.0945,2.7786,16.3063,0,1.0000,0,0,44.5915,-14.9126,-25.1278,2.0549,48.4159,0.040,0.000,0.987
2026-03-27,12:42:52,35761,1,0.0000,-0.0031,0.0926,2.7232,16.3063,0,1.0000,0,0,44.9568,9.6002,-24.9706,3.6627,26.8901,0.060,0.000,0.994
2026-03-27,12:42:53,35801,1,0.0000,0.0082,0.0941,2.7691,16.3064,0,1.0000,0,0,45.2270,7.2064,-24.7254,5.5279,43.3297,0.020,0.000,0.990
2026-03-27,12:42:53,35841,1,0.0000,0.0439,0.0845,2.4862,16.3061,0,1.0000,0,0,45.6176,9.4821,-24.4595,6.4599,43.6977,0.000,0.000,0.986
2026-03-27,12:42:53,35881,1,0.0000,-0.0169,0.0914,2.6888,16.3061,0,1.0000,0,0,45.9437,6.9933,-24.2855,5.1473,29.3383,0.000,0.000,0.982
2026-03-27,12:42:53,35921,1,0.0000,-0.0315,0.0976,2.8698,16.3064,0,1.0000,0,0,46.1403,4.1223,-24.1517,4.1079,44.6068,0.000,0.000,0.978
2026-03-27,12:42:53,35955,1,0.0000,-0.0109,0.0964,2.8350,16.3065,0,1.0000,0,0,46.2767,5.0572,-24.0174,4.2142,42.2632,0.000,0.000,0.975
2026-03-27,12:42:53,35995,1,0.0000,0.0042,0.0960,2.8248,16.3065,0,1.0000,0,0,46.0405,-10.0889,-24.0034,1.6384,55.3184,0.000,0.000,0.971
2026-03-27,12:42:53,36035,1,0.0000,0.0096,0.0957,2.8149,16.3064,0,1.0000,0,0,45.8807,3.5400,-23.9092,2.5504,26.7349,0.000,0.000,0.967
2026-03-27,12:42:53,36075,1,0.0000,0.0292,0.0895,2.6311,16.3062,0,1.0000,0,0,46.2907,9.4983,-23.7414,3.4957,28.9282,0.000,0.000,0.963
2026-03-27,12:42:53,36115,1,0.0000,0.0097,0.0905,2.6607,16.3062,0,1.0000,0,0,46.5683,7.5533,-23.6491,2.7982,44.9599,0.000,0.000,0.959
2026-03-27,12:42:53,36156,1,0.0000,-0.0086,0.0932,2.7424,16.3063,0,1.0000,0,0,46.8937,8.5502,-23.5434,2.7351,45.0690,0.000,0.000,0.955
2026-03-27,12:42:53,36196,1,0.0000,-0.0162,0.0986,2.9002,16.3066,0,1.0000,0,0,46.2919,-18.5709,-23.5397,1.1075,58.0780,0.000,0.000,0.951
2026-03-27,12:42:53,36237,1,0.0000,-0.0363,0.1061,3.1217,16.3069,0,1.0000,0,0,46.2612,5.8566,-23.4514,1.8067,69.5908,0.000,0.000,0.947
2026-03-27,12:42:53,36278,1,0.0000,0.0496,0.0963,2.8328,16.3067,0,1.0000,0,0,46.7695,14.1415,-23.4131,1.5363,51.2541,0.000,0.000,0.943
2026-03-27,12:42:53,36318,1,0.0000,0.0248,0.0920,2.7051,16.3064,0,1.0000,0,0,47.1996,10.6593,-23.2336,3.6346,29.8462,0.000,0.000,0.939
2026-03-27,12:42:53,36359,1,0.0000,-0.0178,0.0979,2.8793,16.3065,0,1.0000,0,0,47.6214,7.3913,-23.1276,2.8158,24.7205,0.000,0.000,0.935
2026-03-27,12:42:53,36399,1,0.0000,-0.0264,0.1024,3.0116,16.3066,0,1.0000,0,0,47.9367,9.3258,-23.0951,1.4612,33.5766,0.000,0.000,0.931
2026-03-27,12:42:53,36439,1,0.0000,0.0263,0.0945,2.7794,16.3065,0,1.0000,0,0,48.1811,10.0434,-23.2012,-1.2700,54.9559,0.000,0.000,0.927
2026-03-27,12:42:53,36480,1,0.0000,0.0107,0.0917,2.6957,16.3063,0,1.0000,0,0,48.3893,6.1107,-23.3778,-2.9262,65.8487,0.000,0.000,0.923
2026-03-27,12:42:53,36520,1,0.0000,0.0196,0.0879,2.5856,16.3061,0,1.0000,0,0,48.5836,5.1232,-23.4631,-2.1862,50.0066,0.000,0.000,0.919
2026-03-27,12:42:53,36561,1,0.0000,0.0026,0.0854,2.5125,16.3059,0,1.0000,0,0,48.7876,5.4927,-23.5398,-1.7839,21.7177,0.000,0.000,0.915
2026-03-27,12:42:53,36594,1,0.0000,0.0139,0.0837,2.4607,16.3059,0,1.0000,0,0,48.8192,3.5255,-23.5669,-1.5746,13.6119,0.000,0.000,0.913
2026-03-27,12:42:53,36634,1,0.0000,0.0255,0.0802,2.3589,16.3057,0,1.0000,0,0,48.9277,1.8760,-23.6372,-1.9990,23.9398,0.000,0.000,0.909
2026-03-27,12:42:53,36675,1,0.0000,0.0153,0.0718,2.1115,16.3053,0,1.0000,0,0,49.1775,7.1214,-23.7825,-3.1301,21.3245,0.000,0.000,0.905
2026-03-27,12:42:53,36715,1,0.0000,-0.0204,0.0798,2.3470,16.3054,0,1.0000,0,0,49.2602,3.1693,-24.0367,-5.3578,44.6799,0.000,0.000,0.901
2026-03-27,12:42:53,36755,1,0.0000,-0.0306,0.0851,2.5043,16.3057,0,1.0000,0,0,49.3067,1.5037,-24.3350,-6.6916,50.9274,0.000,0.000,0.897
2026-03-27,12:42:54,36795,1,0.0000,-0.0202,0.0851,2.5030,16.3058,0,1.0000,0,0,49.0204,-12.0488,-24.5175,-5.4623,44.1702,0.000,0.000,0.893
2026-03-27,12:42:54,36835,1,0.0000,-0.0433,0.0940,2.7642,16.3061,0,1.0000,0,0,47.7444,-23.8700,-24.7799,-5.9100,42.8104,0.060,0.000,0.889
2026-03-27,12:42:54,36875,1,0.0000,0.0103,0.0886,2.6066,16.3062,0,1.0000,0,0,48.4191,15.1675,-24.7953,-1.8187,9.5469,0.110,0.000,0.885
2026-03-27,12:42:54,36915,1,0.0000,0.0289,0.0822,2.4168,16.3058,0,1.0000,0,0,49.1987,24.7764,-24.6419,2.0708,27.3965,0.070,0.000,0.881
2026-03-27,12:42:54,36955,1,0.0000,-0.0107,0.0837,2.4629,16.3058,0,1.0000,0,0,49.4778,4.9522,-24.4639,3.9077,16.8921,0.030,0.000,0.877
2026-03-27,12:42:54,36997,1,0.0000,-0.0476,0.0936,2.7535,16.3061,0,1.0000,0,0,49.7300,3.2130,-24.3329,3.3809,41.1098,0.000,0.000,0.873
2026-03-27,12:42:54,37037,1,0.0000,-0.0212,0.0929,2.7337,16.3062,0,1.0000,0,0,49.8503,4.4650,-24.2384,2.8477,41.0684,0.000,0.000,0.869
2026-03-27,12:42:54,37078,1,0.0000,-0.0035,0.0936,2.7517,16.3062,0,1.0000,0,0,50.1989,11.8094,-24.2538,0.5377,61.1892,0.000,0.000,0.865
2026-03-27,12:42:54,37118,1,0.0000,-0.0267,0.0979,2.8786,16.3064,0,1.0000,0,0,50.3788,6.4872,-24.3074,-0.1887,45.6262,0.000,0.000,0.861
2026-03-27,12:42:54,37158,1,0.0000,0.0275,0.0945,2.7789,16.3064,0,1.0000,0,0,50.5236,3.6965,-24.1296,3.3356,26.2530,0.000,0.000,0.857
2026-03-27,12:42:54,37199,1,0.0000,0.0647,0.0797,2.3430,16.3060,0,1.0000,0,0,50.7551,6.2316,-23.9663,3.8204,21.7033,0.000,0.000,0.853
2026-03-27,12:42:54,37239,1,0.0000,-0.0305,0.0912,2.6819,16.3060,0,1.0000,0,0,50.9966,4.5404,-23.9231,1.8327,24.0445,0.000,0.000,0.849
2026-03-27,12:42:54,37280,1,0.0000,-0.0660,0.1025,3.0147,16.3065,0,1.0000,0,0,51.0206,-1.5756,-23.9456,0.3260,32.9189,0.000,0.000,0.845
2026-03-27,12:42:54,37320,1,0.0000,0.0058,0.0985,2.8956,16.3067,0,1.0000,0,0,50.5309,-4.4709,-23.9348,0.5068,54.6918,0.000,0.000,0.841
2026-03-27,12:42:54,37360,1,0.0000,0.1071,0.0772,2.2717,16.3061,0,1.0000,0,0,50.8788,4.6275,-23.8611,1.4372,53.2539,0.000,0.000,0.837
2026-03-27,12:42:54,37402,1,0.0000,0.0202,0.0777,2.2841,16.3056,0,1.0000,0,0,51.2625,9.5135,-23.7716,2.1646,37.4065,0.000,0.000,0.833
2026-03-27,12:42:54,37442,1,0.0000,0.0392,0.0722,2.1239,16.3053,0,1.0000,0,0,51.6091,8.6202,-23.7717,0.4150,37.2176,0.000,0.000,0.829
2026-03-27,12:42:54,37483,1,0.0000,0.0199,0.0656,1.9305,16.3050,0,1.0000,0,0,51.8669,6.3683,-23.9002,-1.9692,39.1823,0.000,0.000,0.825
2026-03-27,12:42:54,37523,1,0.0000,-0.0694,0.0788,2.3165,16.3052,0,1.0000,0,0,51.5825,-9.1386,-24.0625,-3.4144,13.8708,0.000,0.000,0.821
2026-03-27,12:42:54,37563,1,0.0000,-0.0019,0.0750,2.2070,16.3054,0,1.0000,0,0,51.5992,3.8176,-24.1931,-3.5770,38.3817,0.000,0.000,0.817
2026-03-27,12:42:54,37603,1,0.0000,0.0686,0.0644,1.8947,16.3051,0,1.0000,0,0,51.9379,9.9328,-24.3418,-3.5917,32.7598,0.000,0.000,0.813
2026-03-27,12:42:54,37643,1,0.0000,0.0167,0.0613,1.8022,16.3047,0,1.0000,0,0,52.1413,1.6984,-24.5044,-3.9683,19.9235,0.000,0.000,0.809
2026-03-27,12:42:54,37684,1,0.0000,0.0084,0.0625,1.8371,16.3047,0,1.0000,0,0,51.8724,-2.7107,-24.6382,-3.5905,18.0221,0.000,0.000,0.805
2026-03-27,12:42:54,37725,1,0.0000,0.0019,0.0646,1.8991,16.3047,0,1.0000,0,0,51.9581,0.2499,-24.7741,-3.5979,41.9937,0.000,0.000,0.801
2026-03-27,12:42:54,37766,1,0.0000,-0.0243,0.0733,2.1557,16.3050,0,1.0000,0,0,51.9680,0.2760,-24.8997,-3.3115,49.0442,0.000,0.000,0.797
2026-03-27,12:42:55,37800,1,0.0000,0.0108,0.0678,1.9953,16.3050,0,1.0000,0,0,51.9957,0.5159,-24.9507,-2.9174,46.9108,0.000,0.000,0.795
2026-03-27,12:42:55,37840,1,0.0000,-0.0088,0.0718,2.1115,16.3051,0,1.0000,0,0,52.0212,-0.5778,-25.0502,-2.6119,59.5054,0.000,0.000,0.791
2026-03-27,12:42:55,37880,1,0.0000,-0.0022,0.0705,2.0726,16.3051,0,1.0000,0,0,52.0672,0.8383,-25.0985,-1.6373,37.9174,0.000,0.000,0.787
2026-03-27,12:42:55,37920,1,0.0000,0.0216,0.0664,1.9541,16.3050,0,1.0000,0,0,52.3379,7.6348,-25.1258,-1.0226,51.6214,0.000,0.000,0.783
2026-03-27,12:42:55,37960,1,0.0000,0.0037,0.0660,1.9424,16.3049,0,1.0000,0,0,52.3664,0.5448,-25.1459,-0.5756,37.4020,0.000,0.000,0.779
2026-03-27,12:42:55,38000,1,0.0000,-0.0424,0.0763,2.2428,16.3051,0,1.0000,0,0,52.1376,-5.4226,-25.1867,-0.9131,33.0149,0.000,0.000,0.775
2026-03-27,12:42:55,38040,1,0.0000,-0.0954,0.0932,2.7411,16.3058,0,1.0000,0,0,52.1687,0.5049,-25.2090,-0.5739,54.5747,0.000,0.000,0.771
2026-03-27,12:42:55,38080,1,0.0000,0.0138,0.0860,2.5299,16.3060,0,1.0000,0,0,52.1360,1.1703,-25.1206,1.4617,60.0181,0.000,0.000,0.767
2026-03-27,12:42:55,38121,1,0.0000,-0.0081,0.0875,2.5735,16.3060,0,1.0000,0,0,52.2824,1.3820,-25.1281,0.2462,77.2753,0.000,0.000,0.763
2026-03-27,12:42:55,38161,1,0.0000,-0.0229,0.0930,2.7358,16.3061,0,1.0000,0,0,52.1808,-4.2021,-25.2354,-0.9960,51.1996,0.000,0.000,0.759
2026-03-27,12:42:55,38202,1,0.0000,0.0302,0.0855,2.5140,16.3061,0,1.0000,0,0,52.1325,1.2030,-24.8901,5.4865,44.7742,0.000,0.000,0.755
2026-03-27,12:42:55,38242,1,0.0000,0.0623,0.0749,2.2035,16.3056,0,1.0000,0,0,52.3406,6.3626,-24.6054,6.5571,64.6735,0.000,0.000,0.751
2026-03-27,12:42:55,38282,1,0.0000,0.0174,0.0727,2.1388,16.3052,0,1.0000,0,0,52.6245,2.6324,-24.4510,4.7990,40.5865,0.000,0.000,0.747
2026-03-27,12:42:55,38323,1,0.0000,-0.0069,0.0748,2.2001,16.3053,0,1.0000,0,0,52.5163,0.3036,-24.4491,1.4109,48.6657,0.000,0.000,0.743
2026-03-27,12:42:55,38363,1,0.0000,-0.0648,0.0866,2.5477,16.3056,0,1.0000,0,0,52.3186,-9.5354,-24.5346,-0.8534,34.3627,0.000,0.000,0.739
2026-03-27,12:42:55,38403,1,0.0000,-0.0395,0.0936,2.7532,16.3062,0,1.0000,0,0,52.3761,-3.4807,-24.6637,-2.4752,55.4003,0.000,0.000,0.735
2026-03-27,12:42:55,38443,1,0.0000,-0.0276,0.0985,2.8964,16.3065,0,1.0000,0,0,51.7045,-14.0194,-24.8258,-3.0832,73.2658,0.040,0.000,0.731
2026-03-27,12:42:55,38483,1,0.0000,0.0321,0.0920,2.7053,16.3064,0,1.0000,0,0,52.0506,8.1528,-24.8209,-0.2771,35.2269,0.060,0.000,0.727
2026-03-27,12:42:55,38523,1,0.0000,0.0417,0.0888,2.6132,16.3062,0,1.0000,0,0,52.2757,7.1493,-24.5680,4.4261,10.3280,0.020,0.000,0.723
2026-03-27,12:42:55,38563,1,0.0000,0.0168,0.0850,2.5003,16.3061,0,1.0000,0,0,52.6189,9.5196,-24.3695,4.8359,22.7335,0.000,0.000,0.719
2026-03-27,12:42:55,38604,1,0.0000,0.0723,0.0721,2.1202,16.3055,0,1.0000,0,0,53.2064,12.3731,-24.2280,3.8406,18.5637,0.000,0.000,0.715
2026-03-27,12:42:55,38644,1,0.0000,-0.0114,0.0761,2.2381,16.3053,0,1.0000,0,0,53.2126,-0.3960,-24.2290,1.0718,36.1750,0.000,0.000,0.711
2026-03-27,12:42:55,38684,1,0.0000,-0.0400,0.0859,2.5267,16.3057,0,1.0000,0,0,52.9107,-4.3349,-24.3427,-1.4669,18.2768,0.000,0.000,0.707
2026-03-27,12:42:55,38725,1,0.0000,0.0098,0.0791,2.3269,16.3057,0,1.0000,0,0,53.0846,4.6347,-24.4341,-2.1114,28.4329,0.000,0.000,0.703
2026-03-27,12:42:55,38765,1,0.0000,-0.0108,0.0805,2.3664,16.3056,0,1.0000,0,0,53.0935,0.7193,-24.5870,-3.3800,44.4593,0.000,0.000,0.699
2026-03-27,12:42:56,38806,1,0.0000,0.0035,0.0807,2.3731,16.3056,0,1.0000,0,0,53.1075,0.2441,-24.9289,-6.7442,49.6624,0.000,0.000,0.695
2026-03-27,12:42:56,38846,1,0.0000,0.0999,0.0604,1.7776,16.3051,0,1.0000,0,0,53.6656,13.3653,-24.9264,-1.5847,15.3893,0.000,0.000,0.691
2026-03-27,12:42:56,38887,1,0.0000,0.1034,0.0412,1.2130,16.3041,0,1.0000,0,0,54.6562,24.5637,-24.9450,-1.1711,32.5474,0.000,0.000,0.687
2026-03-27,12:42:56,38920,1,0.0000,-0.0242,0.0526,1.5467,16.3039,0,1.0000,0,0,54.4683,-5.8300,-24.9856,-1.3300,22.2010,0.000,0.000,0.706
2026-03-27,12:42:56,38961,1,0.0000,-0.1099,0.0726,2.1347,16.3046,0,1.0000,0,0,53.6429,-8.0657,-25.1015,-2.1834,13.2335,0.000,0.000,0.724
2026-03-27,12:42:56,38994,1,0.0000,-0.0713,0.0771,2.2670,16.3050,0,1.0000,0,0,53.4907,-6.5780,-25.1268,-1.8480,12.5534,0.000,0.000,0.722
2026-03-27,12:42:56,39034,1,0.0000,0.0164,0.0699,2.0571,16.3052,0,1.0000,0,0,53.2631,-7.6307,-25.2958,-3.5651,11.6419,0.000,0.000,0.718
2026-03-27,12:42:56,39074,1,0.0000,0.0267,0.0658,1.9366,16.3050,0,1.0000,0,0,53.1337,-3.0729,-25.5227,-5.1898,22.1715,0.050,0.000,0.714
2026-03-27,12:42:56,39114,1,0.0000,0.0345,0.0593,1.7433,16.3047,0,1.0000,0,0,53.0208,-2.7904,-25.6810,-4.1503,-0.9130,0.010,0.000,0.710
2026-03-27,12:42:56,39155,1,0.0000,0.0800,0.0449,1.3207,16.3042,0,1.0000,0,0,53.3391,7.2432,-25.6051,-0.1952,25.4066,0.000,0.000,0.706
2026-03-27,12:42:56,39195,1,0.0000,0.0366,0.0368,1.0833,16.3035,0,1.0000,0,0,53.3380,1.2936,-25.5217,1.3412,1.8526,0.000,0.000,0.702
2026-03-27,12:42:56,39237,1,0.0000,-0.0050,0.0395,1.1606,16.3034,0,1.0000,0,0,53.2114,-6.2092,-25.4936,0.8780,8.7703,0.000,0.000,0.698
2026-03-27,12:42:56,39277,1,0.0000,-0.0233,0.0420,1.2362,16.3035,0,1.0000,0,0,52.7827,-9.8841,-25.4042,1.8477,0.4384,0.020,0.000,0.694
2026-03-27,12:42:56,39318,1,0.0000,-0.0142,0.0423,1.2429,16.3035,0,1.0000,0,0,52.2916,-12.5730,-25.2338,3.2810,-13.2644,0.100,0.000,0.690
2026-03-27,12:42:56,39358,1,0.0000,-0.0116,0.0455,1.3396,16.3037,0,1.0000,0,0,51.9766,-7.9833,-24.9923,4.9681,-30.3188,0.180,0.000,0.686
2026-03-27,12:42:56,39398,1,0.0000,-0.0004,0.0441,1.2979,16.3037,0,1.0000,0,0,51.7249,-4.9567,-24.9015,2.3487,1.1790,0.260,0.000,0.682
2026-03-27,12:42:56,39439,1,0.0000,-0.0025,0.0439,1.2922,16.3037,0,1.0000,0,0,51.5869,-3.5747,-25.1467,-3.3912,13.2537,0.340,0.000,0.678
2026-03-27,12:42:56,39479,1,0.0000,0.0068,0.0429,1.2611,16.3036,0,1.0000,0,0,51.4947,-3.2572,-25.3138,-3.7969,12.2759,0.360,0.000,0.674
2026-03-27,12:42:56,39519,1,0.0000,0.0017,0.0418,1.2285,16.3036,0,1.0000,0,0,51.4697,-0.7349,-25.3749,-2.4278,3.8704,0.320,0.000,0.670
2026-03-27,12:42:56,39559,1,0.0000,-0.0034,0.0424,1.2466,16.3036,0,1.0000,0,0,51.4103,-1.0774,-25.4049,-1.2452,-10.9343,0.280,0.000,0.666
2026-03-27,12:42:56,39599,1,0.0000,0.0078,0.0436,1.2830,16.3036,0,1.0000,0,0,51.3088,-2.0183,-25.2595,2.1572,-35.9139,0.240,0.000,0.662
2026-03-27,12:42:56,39639,1,0.0000,0.0100,0.0438,1.2879,16.3036,0,1.0000,0,0,51.2824,-1.4291,-25.0212,4.4250,-56.9489,0.200,0.000,0.658
2026-03-27,12:42:56,39679,1,0.0000,-0.0164,0.0466,1.3713,16.3037,0,1.0000,0,0,51.2559,-0.9310,-24.7079,6.7079,-74.6237,0.160,0.000,0.654
2026-03-27,12:42:56,39719,1,0.0000,-0.0129,0.0495,1.4564,16.3039,0,1.0000,0,0,51.1692,-1.9008,-24.4429,5.9576,-36.3528,0.120,0.000,0.650
2026-03-27,12:42:56,39760,1,0.0000,0.0085,0.0481,1.4148,16.3040,0,1.0000,0,0,51.1375,-1.9520,-24.5264,0.1388,-4.1285,0.080,0.000,0.646
2026-03-27,12:42:57,39800,1,0.0000,0.0101,0.0486,1.4297,16.3040,0,1.0000,0,0,51.1323,-0.5389,-24.6743,-2.2293,23.3502,0.040,0.000,0.642
2026-03-27,12:42:57,39841,1,0.0000,-0.0149,0.0517,1.5207,16.3040,0,1.0000,0,0,50.9681,-6.5035,-24.6632,-0.6956,46.7267,0.000,0.000,0.638
2026-03-27,12:42:57,39881,1,0.0000,-0.0493,0.0616,1.8112,16.3044,0,1.0000,0,0,49.7886,-27.3086,-24.6055,0.8190,13.1908,0.060,0.000,0.634
2026-03-27,12:42:57,39921,1,0.0000,-0.0215,0.0662,1.9484,16.3048,0,1.0000,0,0,49.9576,12.5716,-24.4285,2.9076,12.6102,0.140,0.000,0.630
2026-03-27,12:42:57,39963,1,0.0000,-0.0127,0.0702,2.0644,16.3050,0,1.0000,0,0,50.3326,8.6255,-24.3887,1.2656,30.8254,0.130,0.000,0.626
2026-03-27,12:42:57,40003,1,0.0000,-0.0129,0.0708,2.0835,16.3050,0,1.0000,0,0,50.7209,9.4057,-24.3300,1.3579,53.0849,0.090,0.000,0.622
2026-03-27,12:42:57,40044,1,0.0000,-0.0602,0.0808,2.3759,16.3053,0,1.0000,0,0,51.0532,9.0444,-24.2850,1.0746,64.9577,0.050,0.000,0.618
2026-03-27,12:42:57,40084,1,0.0000,-0.0835,0.0969,2.8495,16.3060,0,1.0000,0,0,50.1976,-24.4072,-24.1683,2.4325,42.8218,0.010,0.000,0.625
2026-03-27,12:42:57,40124,1,0.0000,-0.1062,0.1116,3.2836,16.3067,0,1.0000,0,0,50.0717,10.5847,-23.9260,4.9347,22.6198,0.090,0.000,0.665
2026-03-27,12:42:57,40165,1,0.0000,-0.1394,0.1357,3.9926,16.3079,0,1.0000,0,0,50.9362,16.7996,-23.6860,5.1524,39.7062,0.050,0.000,0.705
2026-03-27,12:42:57,40198,1,0.0000,-0.0294,0.1317,3.8734,16.3082,0,1.0000,0,0,51.0492,10.9597,-23.4894,5.2849,38.3970,0.030,0.000,0.725
2026-03-27,12:42:57,40239,1,0.0000,-0.0063,0.1307,3.8444,16.3082,0,1.0000,0,0,51.5087,11.2297,-23.1739,6.7593,59.3169,0.000,0.000,0.765
2026-03-27,12:42:57,40279,1,0.0000,0.0088,0.1287,3.7855,16.3082,0,1.0000,0,0,52.0685,13.8918,-22.9072,7.0735,56.8542,0.000,0.000,0.805
2026-03-27,12:42:57,40319,1,0.0000,0.0081,0.1261,3.7082,16.3082,0,1.0000,0,0,52.3219,6.0629,-22.6818,6.1742,74.8558,0.000,0.000,0.845
2026-03-27,12:42:57,40360,1,0.0000,0.0196,0.1241,3.6503,16.3081,0,1.0000,0,0,52.4092,6.3449,-22.5125,5.1795,42.9544,0.000,0.000,0.885
2026-03-27,12:42:57,40400,1,0.0000,0.1487,0.0998,2.9357,16.3075,0,1.0000,0,0,52.7777,6.9002,-22.2908,5.6667,28.7182,0.000,0.000,0.925
2026-03-27,12:42:57,40440,1,0.0000,0.2255,0.0521,1.5313,16.3053,0,1.0000,0,0,54.2668,46.6011,-22.0490,5.7199,37.1060,0.000,0.000,0.965
2026-03-27,12:42:57,40480,1,0.0000,0.1352,0.0304,0.8950,16.3036,0,1.0000,0,0,55.5555,30.0295,-22.0421,2.1132,18.3426,0.000,0.000,1.000
2026-03-27,12:42:57,40520,1,0.0000,-0.0943,0.0567,1.6676,16.3038,0,1.0000,0,0,54.5885,-32.2606,-22.2566,-3.5548,14.9322,0.000,0.000,1.000
2026-03-27,12:42:57,40560,1,0.0000,-0.1659,0.0945,2.7791,16.3054,0,1.0000,0,0,52.3694,-41.0687,-22.5463,-6.6148,38.7766,0.060,0.000,1.000
2026-03-27,12:42:57,40600,1,0.0000,0.0326,0.0796,2.3405,16.3058,0,1.0000,0,0,53.6159,23.6743,-22.8588,-7.4774,59.1539,0.110,0.000,1.000
2026-03-27,12:42:57,40640,1,0.0000,0.0380,0.0731,2.1512,16.3055,0,1.0000,0,0,53.8464,3.2814,-23.2750,-9.7833,76.0782,0.070,0.000,1.000
2026-03-27,12:42:57,40680,1,0.0000,0.0283,0.0692,2.0345,16.3052,0,1.0000,0,0,54.3482,17.3824,-23.6138,-7.9192,49.9302,0.030,0.000,1.000
2026-03-27,12:42:57,40720,1,0.0000,-0.0024,0.0675,1.9850,16.3050,0,1.0000,0,0,54.8138,8.9176,-23.6112,-2.6807,21.9760,0.000,0.000,1.000
2026-03-27,12:42:57,40761,1,0.0000,0.0098,0.0676,1.9880,16.3050,0,1.0000,0,0,54.9442,5.6112,-23.4959,1.2088,-0.9949,0.000,0.000,1.000
2026-03-27,12:42:58,40801,1,0.0000,0.0147,0.0660,1.9425,16.3050,0,1.0000,0,0,55.0075,2.3543,-23.3734,2.1956,6.5943,0.000,0.000,1.000
2026-03-27,12:42:58,40841,1,0.0000,-0.0072,0.0671,1.9734,16.3049,0,1.0000,0,0,55.1929,4.5701,-23.4264,-0.2946,11.0261,0.000,0.000,1.000
2026-03-27,12:42:58,40882,1,0.0000,0.0051,0.0625,1.8369,16.3048,0,1.0000,0,0,55.3073,2.5740,-23.4722,-0.8869,36.0926,0.000,0.000,1.000
2026-03-27,12:42:58,40922,1,0.0000,-0.0200,0.0658,1.9344,16.3048,0,1.0000,0,0,55.3737,2.1227,-23.5601,-1.9466,57.3955,0.000,0.000,1.000
2026-03-27,12:42:58,40963,1,0.0000,-0.0703,0.0813,2.3916,16.3053,0,1.0000,0,0,54.9903,-10.1737,-23.6590,-2.2239,36.3924,0.000,0.000,1.000
2026-03-27,12:42:58,41003,1,0.0000,-0.0247,0.0846,2.4875,16.3058,0,1.0000,0,0,55.0199,1.1101,-23.7378,-2.0897,57.5789,0.000,0.000,1.000
2026-03-27,12:42:58,41043,1,0.0000,-0.0078,0.0864,2.5412,16.3059,0,1.0000,0,0,55.1541,3.7489,-23.8264,-2.0038,54.6196,0.000,0.000,0.999
2026-03-27,12:42:58,41084,1,0.0000,0.0070,0.0852,2.5058,16.3059,0,1.0000,0,0,55.2859,2.6169,-23.8179,-0.3843,26.7305,0.000,0.000,0.995
2026-03-27,12:42:58,41124,1,0.0000,0.0011,0.0845,2.4865,16.3059,0,1.0000,0,0,55.3991,0.8336,-23.7662,0.5932,29.7605,0.000,0.000,0.991
2026-03-27,12:42:58,41165,1,0.0000,0.0410,0.0768,2.2596,16.3057,0,1.0000,0,0,55.5072,1.7358,-23.7133,1.2066,31.6609,0.000,0.000,0.987
2026-03-27,12:42:58,41205,1,0.0000,0.0370,0.0699,2.0571,16.3053,0,1.0000,0,0,56.0101,13.6194,-23.6167,2.0177,39.0974,0.000,0.000,0.983
2026-03-27,12:42:58,41245,1,0.0000,-0.0228,0.0777,2.2852,16.3053,0,1.0000,0,0,55.3362,-21.6660,-23.6327,0.6284,13.5552,0.000,0.000,0.979
2026-03-27,12:42:58,41278,1,5.7120,-0.0051,0.0772,2.2709,16.3055,0,1.0000,714,1,55.5787,0.0226,-23.6485,0.0026,32.2344,0.000,0.000,0.976
2026-03-27,12:42:58,41311,1,6.1840,0.5738,0.0954,2.8062,16.3035,0,1.0000,773,1,55.6590,3.4806,-23.7211,-1.2136,48.7251,0.000,0.000,0.973
2026-03-27,12:42:58,41354,1,6.5680,1.2384,0.1271,3.7384,16.2941,0,1.0000,821,1,55.0651,-21.2865,-23.8679,-2.6350,54.3149,0.000,0.000,0.969
2026-03-27,12:42:58,41387,1,6.5680,1.8756,0.1233,3.6261,16.2852,0,1.0000,821,1,53.8384,-28.2424,-24.0489,-3.2676,51.7438,0.040,0.000,0.967
2026-03-27,12:42:58,41427,1,6.5680,2.6809,0.1776,5.2228,16.2604,0,1.0000,821,1,54.4737,17.3940,-24.2423,-4.5462,69.9235,0.090,0.000,1.000
2026-03-27,12:42:58,41468,1,7.0320,3.6335,0.1803,5.3029,16.2325,0,1.0000,879,1,54.3254,-4.5329,-24.6957,-8.7692,85.0758,0.050,0.000,1.000
2026-03-27,12:42:58,41510,1,7.9120,4.4414,0.2184,6.4245,16.1949,0,1.0000,989,1,54.8007,17.6312,-25.1534,-9.3498,50.9772,0.010,0.000,1.000
2026-03-27,12:42:58,41550,1,7.9120,5.1058,0.2620,7.7071,16.1530,0,1.0000,989,1,55.3854,9.4726,-25.1999,-3.3080,30.4096,0.000,0.000,1.000
2026-03-27,12:42:58,41583,1,7.9920,5.9279,0.2562,7.5356,16.1150,0,1.0000,999,1,55.4301,7.8842,-25.1127,-0.0949,20.3853,0.000,0.000,1.000
2026-03-27,12:42:58,41623,1,7.9920,6.9141,0.2204,6.4810,16.0561,0,1.0000,999,1,56.4355,28.2389,-25.1406,-0.4376,22.6985,0.000,0.000,1.000
2026-03-27,12:42:58,41663,1,7.9920,7.4275,0.2530,7.4415,15.9939,0,1.0000,999,1,56.7540,10.3481,-25.2522,-1.9597,31.2656,0.000,0.000,1.000
2026-03-27,12:42:58,41696,1,7.9920,7.9559,0.2534,7.4516,15.9388,0,1.0000,999,1,56.4390,-6.1001,-25.6080,-6.4284,46.5040,0.000,0.000,1.000
2026-03-27,12:42:58,41737,1,7.9920,8.0683,0.2370,6.9711,15.8680,0,1.0000,999,1,57.2716,14.7051,-25.9519,-7.3425,31.3085,0.000,0.000,1.000
2026-03-27,12:42:58,41779,1,7.9920,8.0512,0.2275,6.6908,15.7984,0,1.0000,999,1,57.6756,13.6984,-25.8563,-0.0406,-0.2173,0.000,0.000,1.000
2026-03-27,12:42:59,41821,1,7.9920,7.9921,0.2175,6.3975,15.7233,0,1.0000,999,1,58.1330,6.4375,-25.6359,3.3261,6.8980,0.000,0.000,1.000
2026-03-27,12:42:59,41861,1,7.9920,7.9331,0.2436,7.1658,15.6556,0,1.0000,999,1,57.9870,1.1285,-25.9107,-4.0100,30.6194,0.000,0.000,1.000
2026-03-27,12:42:59,41894,1,0.0000,8.0980,0.2266,6.6643,15.6006,0,1.0000,0,1,58.2901,5.2833,-26.4658,-10.3082,25.1000,0.000,0.000,1.000
2026-03-27,12:42:59,41936,1,0.0000,7.4011,0.1753,5.1569,15.5304,0,1.0000,0,1,58.7840,11.4763,-26.7083,-5.8152,-5.7020,0.000,0.000,1.000
2026-03-27,12:42:59,41979,1,0.0000,6.4963,0.1607,4.7278,15.4680,0,1.0000,0,1,59.5613,17.9733,-26.4168,2.7162,-5.7026,0.000,0.000,1.000
2026-03-27,12:42:59,42021,1,0.0000,5.3411,0.1808,5.3164,15.4144,0,1.0000,0,1,59.8723,3.7028,-26.3816,0.6827,1.1973,0.000,0.000,1.000
2026-03-27,12:42:59,42061,1,0.0000,4.6935,0.1816,5.3403,15.3715,0,1.0000,0,1,60.1324,12.0409,-26.7885,-5.9702,18.3425,0.000,0.000,1.000
2026-03-27,12:42:59,42094,1,0.0000,4.3276,0.1312,3.8592,15.3411,0,1.0000,0,1,60.5500,14.2668,-27.1177,-7.6027,0.8640,0.000,0.000,1.000
2026-03-27,12:42:59,42134,1,0.0000,3.3776,0.1112,3.2702,15.3080,0,1.0000,0,1,60.6680,0.0171,-26.9728,0.6705,-26.0976,0.000,0.000,1.000
2026-03-27,12:42:59,42174,1,0.0000,2.3346,0.1444,4.2458,15.2845,0,1.0000,0,1,60.8355,-1.0314,-26.6200,5.9370,-8.4902,0.000,0.000,1.000
2026-03-27,12:42:59,42207,1,0.0000,1.7133,0.1412,4.1523,15.2700,0,1.0000,0,1,60.9388,3.1820,-26.6986,1.2546,11.4852,0.000,0.000,1.000
2026-03-27,12:42:59,42247,1,0.0000,1.1451,0.0933,2.7450,15.2577,0,1.0000,0,1,60.9251,0.5412,-27.0606,-4.6459,13.9164,0.000,0.000,1.000
2026-03-27,12:42:59,42288,1,0.0000,0.3212,0.0775,2.2786,15.2523,0,1.0000,0,1,61.1928,6.2335,-27.0656,-0.7154,-15.6259,0.000,0.000,1.000
2026-03-27,12:42:59,42328,1,0.0000,-0.0169,0.0906,2.6654,15.2518,0,1.0000,0,1,61.6883,8.5565,-26.6063,8.0553,-40.2304,0.000,0.000,1.000
2026-03-27,12:42:59,42368,1,0.0000,-0.0376,0.1013,2.9791,15.2522,0,1.0000,0,1,61.6948,-0.3408,-26.1382,10.6173,-8.1931,0.000,0.000,1.000
2026-03-27,12:42:59,42410,1,-0.3920,-0.0285,0.0767,2.2565,15.2522,0,1.0000,-49,1,61.5653,-2.8042,-26.0765,4.9790,18.1657,0.000,0.000,1.000
2026-03-27,12:42:59,42451,1,-0.3920,-0.3029,0.0626,1.8412,15.2543,0,1.0000,-49,1,61.9404,8.3655,-26.1660,1.3770,12.9655,0.000,0.000,1.000
2026-03-27,12:42:59,42492,1,-4.0640,-0.3258,0.0511,1.5039,15.2569,0,1.0000,-508,1,62.4041,11.9137,-25.9960,4.1833,-16.1103,0.000,0.000,1.000
2026-03-27,12:42:59,42528,1,-4.0640,-0.3483,0.0143,0.4206,15.2588,0,1.0000,-508,1,63.4187,19.2118,-25.9222,3.6992,-22.7374,0.000,0.000,1.000
2026-03-27,12:42:59,42571,1,-4.0640,-0.9430,-0.0010,0.0302,15.2679,0,1.0000,-508,1,66.6287,73.9106,-25.2258,11.7300,-18.5087,0.000,0.000,0.997
2026-03-27,12:42:59,42604,1,-4.0800,-0.5554,-0.0018,0.0538,15.2727,0,1.0000,-510,1,69.7416,90.4978,-24.9977,9.0433,-23.3272,0.000,0.000,0.999
2026-03-27,12:42:59,42644,1,-4.0800,-0.3133,-0.0042,0.1227,15.2784,0,1.0000,-510,1,72.2010,43.0396,-24.9102,3.9000,-26.6827,0.000,0.000,0.995
2026-03-27,12:42:59,42684,1,-4.0800,0.0041,-0.0059,0.1742,15.2790,0,1.0000,-510,1,70.4490,-70.8722,-25.2302,-4.8537,-23.7969,0.000,0.000,0.991
2026-03-27,12:42:59,42717,1,-4.0800,-0.0113,0.0000,0.0006,15.2791,0,1.0000,-510,1,65.5162,-153.2299,-25.8172,-12.5920,-13.8417,0.000,0.000,0.988
2026-03-27,12:42:59,42757,1,-4.0800,-0.3267,0.0335,0.9839,15.2805,0,1.0000,-510,1,51.5022,-387.1078,-26.7256,-19.9979,-10.9225,0.040,0.000,1.000
2026-03-27,12:43:00,42798,1,-4.0800,-0.8590,0.0435,1.2787,15.2860,0,1.0000,-510,1,40.5833,-227.6536,-27.4579,-18.4805,3.3604,0.060,0.000,1.000
2026-03-27,12:43:00,42832,1,-4.0800,-1.1742,0.0076,0.2223,15.2935,0,1.0000,-510,1,43.4005,85.3232,-27.6971,-11.8095,6.8662,0.030,0.000,0.999
2026-03-27,12:43:00,42872,1,-4.0800,-1.2734,0.0184,0.5407,15.3054,0,1.0000,-510,1,53.6527,222.0608,-27.7598,-4.9429,16.4962,0.050,0.000,1.000
2026-03-27,12:43:00,42915,1,-4.0720,-1.2999,0.0111,0.3272,15.3170,0,1.0000,-509,1,57.1849,59.8014,-28.2392,-9.1484,38.8493,0.010,0.000,1.000
2026-03-27,12:43:00,42957,1,-4.0800,-1.1333,0.0294,0.8658,15.3293,0,1.0000,-510,1,55.9855,-18.9537,-28.7487,-10.2565,5.5465,0.000,0.000,1.000
2026-03-27,12:43:00,42999,1,-4.0800,-1.0467,0.0193,0.5689,15.3383,0,1.0000,-510,1,55.1124,-13.4659,-28.6114,-0.2202,-21.9276,0.000,0.000,1.000
2026-03-27,12:43:00,43039,1,-4.0800,-1.2062,0.0370,1.0876,15.3470,0,1.0000,-510,1,54.5728,-8.7253,-28.1073,8.3214,-23.9872,0.000,0.000,1.000
2026-03-27,12:43:00,43079,1,-4.0800,-1.0451,0.0240,0.7069,15.3552,0,1.0000,-510,1,54.0944,-10.1044,-27.7078,9.1858,-25.8409,0.000,0.000,1.000
2026-03-27,12:43:00,43123,1,-4.0800,-1.0989,0.0421,1.2386,15.3644,0,1.0000,-510,1,53.7586,-6.7355,-27.3874,7.9784,-42.2178,0.020,0.000,1.000
2026-03-27,12:43:00,43166,1,-4.0800,-1.0070,0.0308,0.9045,15.3724,0,1.0000,-510,1,52.1819,-31.8491,-26.8965,10.1271,-47.9031,0.040,0.000,1.000
2026-03-27,12:43:00,43208,1,-4.0800,-1.0929,0.0508,1.4945,15.3807,0,1.0000,-510,1,51.5162,-4.6974,-26.5356,8.6021,-32.9003,0.060,0.000,1.000
2026-03-27,12:43:00,43248,1,-4.0800,-0.9709,0.0354,1.0417,15.3898,0,1.0000,-510,1,51.9239,3.8243,-26.4901,3.1230,-1.0618,0.080,0.000,1.000
2026-03-27,12:43:00,43288,1,-4.0800,-0.9608,-0.0000,0.0012,15.3992,0,1.0000,-510,1,52.2856,5.8670,-26.5243,0.3995,11.6719,0.040,0.000,0.999
2026-03-27,12:43:00,43321,1,-4.0800,-1.3089,0.0117,0.3432,15.4079,0,1.0000,-510,1,53.0035,23.3324,-26.5519,-0.2181,30.3847,0.010,0.000,1.000
2026-03-27,12:43:00,43354,1,-4.0800,-0.7827,-0.0103,0.3023,15.4150,0,1.0000,-510,1,53.7235,20.0120,-26.6413,-1.4063,13.4745,0.000,0.000,1.000
2026-03-27,12:43:00,43397,1,-4.0800,-0.4762,0.0030,0.0881,15.4216,0,1.0000,-510,1,54.7310,19.3495,-26.6031,-0.2198,24.6488,0.000,0.000,0.999
2026-03-27,12:43:00,43439,1,-4.0800,-0.5208,-0.0085,0.2515,15.4252,0,1.0000,-510,1,56.9331,52.6823,-26.6469,-1.1326,33.3894,0.000,0.000,0.999
2026-03-27,12:43:00,43481,1,-4.0800,-0.3895,-0.0018,0.0543,15.4284,0,1.0000,-510,1,60.8098,80.5665,-26.7074,-1.3028,22.6143,0.000,0.000,0.999
2026-03-27,12:43:00,43523,1,-4.0800,-0.0145,-0.0237,0.6976,15.4299,0,1.0000,-510,1,65.2846,95.3693,-26.7767,-2.0387,6.3049,0.000,0.000,1.000
2026-03-27,12:43:00,43563,1,-4.0800,-0.1262,0.0027,0.0790,15.4311,0,1.0000,-510,1,65.8118,-14.7335,-27.1491,-8.1583,-6.9194,0.000,0.000,0.996
2026-03-27,12:43:00,43603,1,-4.0800,-0.0231,0.0000,0.0000,15.4312,0,1.0000,-510,1,58.9630,-193.6733,-27.9957,-18.7131,-31.9879,0.000,0.000,0.992
2026-03-27,12:43:00,43637,1,-4.0800,-0.0144,0.0047,0.1378,15.4314,0,1.0000,-510,1,48.0189,-251.7828,-27.1137,-8.6724,-36.7069,0.000,0.000,0.990
2026-03-27,12:43:00,43678,1,-4.0800,-0.3173,0.0353,1.0377,15.4326,0,1.0000,-510,1,22.7503,-552.8531,-27.5856,-13.5870,-16.7943,0.040,0.000,1.000
2026-03-27,12:43:00,43719,1,-4.0800,-1.0096,0.0530,1.5590,15.4394,0,1.0000,-510,1,15.9638,-44.0797,-28.4663,-20.6752,-11.1400,0.120,0.000,1.000
2026-03-27,12:43:00,43752,1,-4.0800,-1.6538,0.0603,1.7736,15.4493,0,1.0000,-510,1,30.5373,335.0855,-29.4149,-24.6200,-4.3300,0.180,0.000,1.000
2026-03-27,12:43:01,43792,1,-4.0800,-2.3738,0.0524,1.5405,15.4673,0,1.0000,-510,1,28.8877,-84.4410,-30.4321,-23.7781,1.1702,0.200,0.000,1.000
2026-03-27,12:43:01,43835,1,-4.0800,-2.9249,0.0676,1.9888,15.4923,0,1.0000,-510,1,26.0639,-30.9787,-30.4619,-6.6734,-12.4553,0.280,0.000,1.000
2026-03-27,12:43:01,43877,1,-4.0800,-3.2201,0.0455,1.3381,15.5202,0,1.0000,-510,1,36.2814,243.9033,-29.0759,20.0860,-23.0469,0.240,0.000,1.000
2026-03-27,12:43:01,43920,1,-4.0800,-3.2990,0.0474,1.3952,15.5519,0,1.0000,-510,1,42.8553,128.3253,-27.7243,27.2083,-32.6174,0.200,0.000,1.000
2026-03-27,12:43:01,43961,1,-4.0800,-3.4047,0.0465,1.3681,15.5827,0,1.0000,-510,1,43.9821,47.9810,-26.8275,24.4280,-27.5033,0.160,0.000,1.000
2026-03-27,12:43:01,44001,1,-4.0800,-3.1183,0.0582,1.7123,15.6100,0,1.0000,-510,1,45.5656,51.3748,-26.2111,18.6432,-21.9938,0.120,0.000,1.000
2026-03-27,12:43:01,44043,1,-4.0800,-2.9644,0.0414,1.2182,15.6376,0,1.0000,-510,1,47.3923,53.3204,-25.8151,12.5811,-17.8032,0.080,0.000,1.000
2026-03-27,12:43:01,44083,1,-4.0800,-2.9006,0.0219,0.6453,15.6642,0,1.0000,-510,1,48.9481,44.4322,-25.4660,10.2115,-8.0399,0.040,0.000,1.000
2026-03-27,12:43:01,44123,1,-4.0880,-2.7149,0.0475,1.3985,15.6891,0,1.0000,-511,1,50.3846,36.6004,-25.2343,7.1006,6.1475,0.000,0.000,1.000
2026-03-27,12:43:01,44156,1,-4.0800,-2.6181,0.0368,1.0821,15.7080,0,1.0000,-510,1,50.8186,14.2436,-25.1603,4.5078,18.7597,0.000,0.000,1.000
2026-03-27,12:43:01,44196,1,-4.0800,-2.8927,0.0294,0.8655,15.7321,0,1.0000,-510,1,51.2310,17.0108,-25.0525,3.5222,9.7234,0.000,0.000,1.000
2026-03-27,12:43:01,44239,1,-4.0800,-2.9576,0.0372,1.0955,15.7587,0,1.0000,-510,1,51.8046,13.9222,-24.9014,3.5031,-4.3146,0.000,0.000,1.000
2026-03-27,12:43:01,44280,1,-4.0800,-3.3243,0.0302,0.8882,15.7879,0,1.0000,-510,1,53.1298,38.7981,-24.8900,0.9129,16.4901,0.000,0.000,1.000
2026-03-27,12:43:01,44320,1,-4.0800,-3.1522,0.0431,1.2678,15.8154,0,1.0000,-510,1,54.2916,28.8112,-25.0111,-1.5857,20.7938,0.000,0.000,1.000
2026-03-27,12:43:01,44362,1,-4.0800,-3.2687,0.0558,1.6423,15.8431,0,1.0000,-510,1,55.2382,21.4660,-25.0742,-1.6003,17.6879,0.000,0.000,1.000
2026-03-27,12:43:01,44403,1,-4.0800,-2.9403,0.0470,1.3833,15.8686,0,1.0000,-510,1,56.2278,24.2026,-25.1050,-1.0111,15.6289,0.000,0.000,1.000
2026-03-27,12:43:01,44445,1,-4.0800,-2.8033,0.0272,0.8003,15.8932,0,1.0000,-510,1,56.9963,19.8001,-25.0438,0.6023,26.7075,0.000,0.000,1.000
2026-03-27,12:43:01,44488,1,-4.0800,-2.8025,0.0330,0.9699,15.9177,0,1.0000,-510,1,57.5996,14.0288,-24.9806,1.1873,23.1869,0.000,0.000,1.000
2026-03-27,12:43:01,44530,1,-4.0800,-2.4205,0.0133,0.3926,15.9406,0,1.0000,-510,1,58.1325,10.3955,-24.9351,1.0616,12.6354,0.000,0.000,1.000
2026-03-27,12:43:01,44571,1,-4.0800,-2.4817,0.0487,1.4334,15.9641,0,1.0000,-510,1,58.6044,9.3059,-24.8725,1.3686,3.2534,0.000,0.000,1.000
2026-03-27,12:43:01,44611,1,-4.0800,-2.3275,0.0322,0.9463,15.9836,0,1.0000,-510,1,59.0018,11.5108,-24.8296,1.0238,22.2044,0.000,0.000,1.000
2026-03-27,12:43:01,44654,1,-4.0880,-2.4643,0.0452,1.3280,16.0040,0,1.0000,-511,1,59.3794,12.3052,-24.8289,0.3953,26.3791,0.000,0.000,1.000
2026-03-27,12:43:01,44695,1,-4.0880,-2.0236,0.0436,1.2816,16.0229,0,1.0000,-511,1,59.6409,10.4952,-24.8258,0.3155,23.4656,0.000,0.000,1.000
2026-03-27,12:43:01,44735,1,-4.0880,-1.8262,0.0195,0.5746,16.0401,0,1.0000,-511,1,60.1952,17.7758,-24.8285,0.0481,32.9235,0.000,0.000,1.000
2026-03-27,12:43:01,44774,1,-4.0800,-1.6133,0.0261,0.7679,16.0539,0,1.0000,-510,1,60.1983,7.4914,-24.8164,0.1171,27.7604,0.000,0.000,1.000
2026-03-27,12:43:02,44816,1,-4.0800,-1.2014,0.0368,1.0830,16.0669,0,1.0000,-510,1,60.0423,2.4278,-24.8208,0.1684,31.1577,0.000,0.000,1.000
2026-03-27,12:43:02,44858,1,-4.0800,-1.1583,0.0284,0.8353,16.0781,0,1.0000,-510,1,60.0555,1.4248,-24.6993,2.0670,20.6694,0.000,0.000,1.000
2026-03-27,12:43:02,44898,1,-4.0800,-1.3197,0.0092,0.2702,16.0893,0,1.0000,-510,1,59.7935,-6.7847,-24.5985,2.2913,5.2641,0.000,0.000,0.999
2026-03-27,12:43:02,44939,1,-4.0800,-1.7206,0.0154,0.4524,16.1038,0,1.0000,-510,1,59.5915,-9.4585,-24.4957,2.0372,4.8666,0.000,0.000,1.000
2026-03-27,12:43:02,44973,1,-4.0800,-1.5438,0.0258,0.7591,16.1158,0,1.0000,-510,1,59.1738,-12.5534,-24.5128,0.5141,10.6084,0.000,0.000,1.000
2026-03-27,12:43:02,45015,1,-4.0800,-1.5821,0.0241,0.7074,16.1312,0,1.0000,-510,1,59.7691,11.0975,-24.6204,-1.4999,14.3523,0.000,0.000,1.000
2026-03-27,12:43:02,45058,1,-4.0800,-1.6039,0.0178,0.5225,16.1466,0,1.0000,-510,1,60.1339,10.7970,-24.6177,-0.4326,19.0554,0.000,0.000,1.000
2026-03-27,12:43:02,45098,1,-4.0800,-1.5883,0.0070,0.2065,16.1621,0,1.0000,-510,1,60.7058,16.1859,-24.5617,0.7877,23.0362,0.000,0.000,0.999
2026-03-27,12:43:02,45138,1,-4.0800,-1.6014,0.0060,0.1763,16.1770,0,1.0000,-510,1,61.2788,8.0240,-24.5778,-0.0729,19.0812,0.000,0.000,0.999
2026-03-27,12:43:02,45172,1,-4.0800,-1.6368,0.0261,0.7691,16.1900,0,1.0000,-510,1,61.4400,5.5800,-24.6167,-0.7123,23.9674,0.000,0.000,1.000
2026-03-27,12:43:02,45205,1,-4.0800,-1.9169,0.0498,1.4652,16.2018,0,1.0000,-510,1,61.4544,3.2080,-24.6290,-0.4093,15.1073,0.000,0.000,1.000
2026-03-27,12:43:02,45247,1,-4.0800,-1.5864,0.0476,1.3997,16.2151,0,1.0000,-510,1,61.3944,-0.1107,-24.6739,-0.9205,13.3257,0.000,0.000,1.000
2026-03-27,12:43:02,45280,1,-4.0800,-1.3174,0.0005,0.0140,16.2243,0,1.0000,-510,1,61.1951,-1.7682,-24.6927,-0.7025,-1.4310,0.000,0.000,0.999
2026-03-27,12:43:02,45320,1,-4.0800,-1.5884,0.0329,0.9685,16.2363,0,1.0000,-510,1,61.3083,0.0834,-24.6573,0.2303,4.6640,0.000,0.000,1.000
2026-03-27,12:43:02,45361,1,-4.0800,-1.8035,0.0564,1.6585,16.2497,0,1.0000,-510,1,61.3763,0.8592,-24.6337,0.4447,23.6009,0.000,0.000,1.000
2026-03-27,12:43:02,45401,1,-4.0800,-1.7215,0.0531,1.5631,16.2629,0,1.0000,-510,1,61.2069,4.0175,-24.6761,-0.5744,14.5637,0.000,0.000,1.000
2026-03-27,12:43:02,45441,1,-4.0800,-1.7944,0.0252,0.7399,16.2765,0,1.0000,-510,1,61.1314,-2.1269,-24.7908,-2.0223,6.0639,0.000,0.000,1.000
2026-03-27,12:43:02,45474,1,-4.0880,-1.8174,0.0046,0.1345,16.2890,0,1.0000,-511,1,61.3765,4.0640,-24.8078,-1.2362,4.8449,0.000,0.000,0.999
2026-03-27,12:43:02,45514,1,-4.0880,-2.0311,0.0195,0.5744,16.3074,0,1.0000,-511,1,61.6309,5.8975,-24.7718,0.0591,4.0011,0.000,0.000,0.998
2026-03-27,12:43:02,45554,1,-4.0880,-2.0987,0.0294,0.8657,16.3236,0,1.0000,-511,1,61.6446,0.7216,-24.7410,0.4291,10.8277,0.000,0.000,0.997
2026-03-27,12:43:02,45595,1,-4.0800,-2.3270,0.0545,1.6025,16.3421,0,1.0000,-510,1,61.6957,3.5876,-24.7741,-0.3880,9.7529,0.000,0.000,1.000
2026-03-27,12:43:02,45635,1,-4.0800,-1.8698,0.0456,1.3400,16.3588,0,1.0000,-510,1,61.7609,2.7723,-24.8351,-1.0322,2.0368,0.000,0.000,1.000
2026-03-27,12:43:02,45678,1,-4.0800,-1.7175,0.0369,1.0860,16.3758,0,1.0000,-510,1,61.7425,-0.4550,-24.8791,-1.0461,-4.9273,0.000,0.000,1.000
2026-03-27,12:43:02,45719,1,-4.0800,-1.7133,0.0355,1.0436,16.3929,0,1.0000,-510,1,61.7176,-0.9595,-24.9369,-1.5233,-4.4110,0.000,0.000,0.999
2026-03-27,12:43:02,45760,1,-4.0800,-2.0408,0.0033,0.0970,16.4103,0,1.0000,-510,1,61.8083,7.3838,-25.0017,-1.5376,-9.9541,0.000,0.000,0.995
2026-03-27,12:43:03,45793,1,-4.0800,-2.0850,0.0270,0.7927,16.4267,0,1.0000,-510,1,61.9388,6.5763,-25.0642,-1.7738,-22.2108,0.000,0.000,0.992
2026-03-27,12:43:03,45827,1,-4.0800,-1.8607,0.0256,0.7531,16.4403,0,1.0000,-510,1,61.7752,-8.0996,-25.1075,-1.5142,-16.7765,0.000,0.000,0.989
2026-03-27,12:43:03,45867,1,-4.2160,-2.1353,0.0224,0.6579,16.4595,0,1.0000,-527,1,61.8747,3.1507,-25.1454,-1.2628,-14.6337,0.000,0.000,0.985
2026-03-27,12:43:03,45901,1,-4.6080,-1.6479,0.0191,0.5623,16.4698,0,1.0000,-576,1,61.9633,2.9429,-25.1645,-1.1156,-14.2099,0.000,0.000,0.983
2026-03-27,12:43:03,45941,1,-4.6080,-1.8213,0.0192,0.5650,16.4898,0,1.0000,-576,1,62.1337,1.4288,-25.1563,-0.1041,-19.7085,0.000,0.000,0.979
2026-03-27,12:43:03,45984,1,-5.5520,-2.2894,0.0196,0.5751,16.5079,0,1.0000,-694,1,62.2253,2.4938,-25.0198,2.0205,-4.1207,0.000,0.000,0.975
2026-03-27,12:43:03,46024,1,-5.5520,-2.0776,0.0466,1.3708,16.5262,0,1.0000,-694,1,62.3017,3.1359,-24.8548,3.7200,16.6208,0.000,0.000,0.971
2026-03-27,12:43:03,46064,1,-5.5520,-1.8764,0.0494,1.4523,16.5420,0,1.0000,-694,1,61.3075,-24.3821,-24.6362,4.8322,14.4762,0.020,0.000,0.967
2026-03-27,12:43:03,46097,1,-6.1280,-2.0831,0.0557,1.6394,16.5558,0,1.0000,-766,1,61.0515,-1.2905,-24.5080,4.3789,26.7022,0.050,0.000,0.964
2026-03-27,12:43:03,46137,1,-6.1280,-1.9976,0.0410,1.2071,16.5734,0,1.0000,-766,1,61.6206,7.9089,-24.4054,2.9845,35.9371,0.010,0.000,0.960
2026-03-27,12:43:03,46178,1,-2.4240,-1.8579,0.0281,0.8259,16.5912,0,1.0000,-303,1,62.0275,10.5913,-24.3836,1.3096,37.4261,0.000,0.000,0.956
2026-03-27,12:43:03,46211,1,-0.2320,-1.8575,0.0373,1.0967,16.6054,0,1.0000,-29,1,62.2208,7.9419,-24.3750,0.7167,40.3178,0.000,0.000,0.953
2026-03-27,12:43:03,46253,1,0.0000,-1.3938,0.0281,0.8254,16.6212,0,1.0000,0,1,62.5351,6.9510,-24.4152,-0.3428,21.1903,0.000,0.000,0.960
2026-03-27,12:43:03,46294,1,0.0000,-0.7056,0.0519,1.5279,16.6307,0,1.0000,0,1,62.6353,-0.9680,-24.3997,-0.0508,24.3299,0.000,0.000,0.978
2026-03-27,12:43:03,46334,1,0.0000,-0.0329,0.0513,1.5086,16.6329,0,1.0000,0,1,61.6612,-19.8734,-24.4426,-0.9181,34.8906,0.020,0.000,1.000
2026-03-27,12:43:03,46374,1,0.0000,0.0002,0.0484,1.4227,16.6329,0,1.0000,0,1,62.2350,18.8821,-24.5988,-2.9668,36.3851,0.040,0.000,0.998
2026-03-27,12:43:03,46408,1,0.0000,-0.0187,0.0471,1.3846,16.6329,0,1.0000,0,1,62.6763,15.5605,-24.6886,-2.9062,18.8435,0.010,0.000,0.995
2026-03-27,12:43:03,46448,1,0.0000,-0.0306,0.0537,1.5804,16.6330,0,1.0000,0,1,63.1687,12.7317,-24.7895,-2.8045,1.9413,0.000,0.000,0.991
2026-03-27,12:43:03,46490,1,0.0000,-0.0654,0.0630,1.8517,16.6334,0,1.0000,0,1,62.9553,-9.2184,-24.8937,-2.7374,1.6845,0.000,0.000,0.987
2026-03-27,12:43:03,46531,1,0.0000,-0.0309,0.0681,2.0015,16.6338,0,1.0000,0,1,62.3510,-7.1744,-24.9974,-2.6961,13.9210,0.000,0.000,0.983
2026-03-27,12:43:03,46571,1,0.0000,0.0093,0.0645,1.8980,16.6338,0,1.0000,0,1,63.2496,21.3101,-25.0818,-2.4159,25.8122,0.000,0.000,0.990
2026-03-27,12:43:03,46613,1,0.0000,0.0766,0.0474,1.3948,16.6333,0,1.0000,0,1,64.7322,42.9532,-25.1309,-1.5670,41.8311,0.000,0.000,1.000
2026-03-27,12:43:03,46653,1,0.0000,-0.0764,0.0640,1.8826,16.6334,0,1.0000,0,1,64.6492,1.2799,-25.2051,-1.5433,28.8407,0.000,0.000,1.000
2026-03-27,12:43:03,46693,1,0.0000,-0.0406,0.0748,2.2008,16.6340,0,1.0000,0,1,64.6750,7.5822,-25.2507,-1.4689,23.8752,0.000,0.000,1.000
2026-03-27,12:43:03,46733,1,0.0000,-0.0054,0.0747,2.1983,16.6343,0,1.0000,0,1,65.1879,11.6907,-25.3345,-1.8685,26.1806,0.000,0.000,1.000
2026-03-27,12:43:03,46773,1,0.0000,-0.0363,0.0814,2.3934,16.6344,0,1.0000,0,1,64.8578,-14.1672,-25.3959,-1.8745,41.6007,0.000,0.000,1.000
2026-03-27,12:43:04,46814,1,0.0000,-0.0276,0.0821,2.4140,16.6346,0,1.0000,0,1,64.9960,18.4079,-25.4272,-0.8965,8.6170,0.000,0.000,1.000
2026-03-27,12:43:04,46854,1,0.0000,-0.0928,0.1002,2.9474,16.6352,0,1.0000,0,1,65.7724,17.1651,-25.3375,1.3295,-5.2919,0.000,0.000,1.000
2026-03-27,12:43:04,46895,1,0.0000,-0.0764,0.1146,3.3714,16.6361,0,1.0000,0,0,66.3437,13.7474,-25.2078,2.6653,-11.4779,0.000,0.000,1.000
2026-03-27,12:43:04,46935,1,0.0000,0.0277,0.1046,3.0760,16.6360,0,1.0000,0,0,66.8965,14.4464,-25.0945,2.8658,-10.9682,0.000,0.000,1.000
2026-03-27,12:43:04,46975,1,0.0000,0.0320,0.0944,2.7772,16.6356,0,1.0000,0,0,67.3856,12.6652,-24.9421,3.6900,-1.7752,0.000,0.000,1.000
2026-03-27,12:43:04,47016,1,0.0000,-0.0254,0.0975,2.8663,16.6354,0,1.0000,0,0,67.7164,7.9421,-24.8222,3.1740,-21.5093,0.000,0.000,1.000
2026-03-27,12:43:04,47049,1,0.0000,0.0037,0.0953,2.8036,16.6354,0,1.0000,0,0,67.8032,5.6135,-24.8032,2.5917,-13.6620,0.000,0.000,1.000
2026-03-27,12:43:04,47089,1,0.0000,-0.0097,0.0963,2.8314,16.6355,0,1.0000,0,0,67.5231,-10.7008,-24.7897,1.1618,-11.6096,0.000,0.000,1.000
2026-03-27,12:43:04,47130,1,0.0000,-0.0684,0.1116,3.2831,16.6359,0,1.0000,0,0,67.1240,-0.1509,-24.7506,1.1644,-17.5139,0.000,0.000,1.000
2026-03-27,12:43:04,47170,1,0.0000,-0.0017,0.1110,3.2640,16.6363,0,1.0000,0,0,67.9088,14.8696,-24.6672,1.9118,-9.6036,0.000,0.000,1.000
2026-03-27,12:43:04,47211,1,0.0000,0.0700,0.0996,2.9303,16.6361,0,1.0000,0,0,68.3940,13.0484,-24.5439,2.8627,-15.6499,0.000,0.000,1.000
2026-03-27,12:43:04,47251,1,0.0000,0.2317,0.0574,1.6881,16.6346,0,1.0000,0,0,69.2045,24.6868,-24.3643,3.9579,0.4061,0.000,0.000,1.000
2026-03-27,12:43:04,47291,1,0.0000,-0.0234,0.0665,1.9544,16.6339,0,1.0000,0,0,69.7560,5.6031,-24.2210,3.9557,-6.6422,0.000,0.000,1.000
2026-03-27,12:43:04,47331,1,0.0000,-0.0673,0.0859,2.5252,16.6345,0,1.0000,0,0,69.1991,-6.3688,-24.1547,2.4622,-5.2464,0.000,0.000,1.000
2026-03-27,12:43:04,47371,1,0.0000,-0.0038,0.0871,2.5610,16.6350,0,1.0000,0,0,69.6304,5.5318,-24.1908,0.0779,1.1500,0.000,0.000,1.000
2026-03-27,12:43:04,47411,1,0.0000,0.0419,0.0795,2.3386,16.6348,0,1.0000,0,0,69.9643,8.0345,-24.3071,-2.0797,20.2317,0.000,0.000,1.000
2026-03-27,12:43:04,47451,1,0.0000,0.0608,0.0694,2.0398,16.6343,0,1.0000,0,0,70.2256,7.2065,-24.5190,-4.1917,43.2504,0.000,0.000,1.000
2026-03-27,12:43:04,47491,1,0.0000,0.0127,0.0690,2.0305,16.6341,0,1.0000,0,0,70.5425,9.5219,-24.7200,-4.5366,36.5021,0.000,0.000,1.000
2026-03-27,12:43:04,47532,1,0.0000,0.0155,0.0663,1.9500,16.6340,0,1.0000,0,0,71.0574,14.7412,-24.7436,-1.6101,3.9079,0.000,0.000,1.000
2026-03-27,12:43:04,47572,1,0.0000,0.0139,0.0644,1.8940,16.6339,0,1.0000,0,0,71.1867,2.0358,-24.7057,0.0160,-9.9851,0.000,0.000,1.000
2026-03-27,12:43:04,47613,1,0.0000,-0.0159,0.0666,1.9594,16.6339,0,1.0000,0,0,71.2342,0.7922,-24.6782,0.3858,-15.3517,0.000,0.000,1.000
2026-03-27,12:43:04,47653,1,0.0000,-0.0163,0.0700,2.0595,16.6340,0,1.0000,0,0,71.1177,-3.1115,-24.6888,-0.0729,-0.2242,0.000,0.000,1.000
2026-03-27,12:43:04,47693,1,0.0000,-0.0027,0.0706,2.0763,16.6340,0,1.0000,0,0,71.1040,0.6847,-24.7073,-0.2711,13.4968,0.000,0.000,1.000
2026-03-27,12:43:04,47734,1,0.0000,-0.0018,0.0677,1.9899,16.6340,0,1.0000,0,0,71.1992,2.5183,-24.7671,-1.1628,37.7609,0.000,0.000,1.000
2026-03-27,12:43:04,47775,1,0.0000,0.0048,0.0646,1.8996,16.6339,0,1.0000,0,0,71.2786,-1.5951,-24.8264,-1.1591,51.3343,0.000,0.000,0.996
2026-03-27,12:43:05,47816,1,0.0000,0.0059,0.0654,1.9230,16.6339,0,1.0000,0,0,71.3035,0.5286,-24.8514,-0.6330,42.2497,0.000,0.000,0.992
2026-03-27,12:43:05,47857,1,0.0000,0.0054,0.0652,1.9176,16.6338,0,1.0000,0,0,71.3050,0.3886,-24.8097,0.5809,22.2102,0.000,0.000,0.988
2026-03-27,12:43:05,47897,1,0.0000,-0.0033,0.0649,1.9085,16.6338,0,1.0000,0,0,71.2943,-0.2449,-24.7711,0.7985,-1.9430,0.000,0.000,0.984
2026-03-27,12:43:05,47938,1,0.0000,-0.0162,0.0684,2.0118,16.6339,0,1.0000,0,0,71.3000,-0.2690,-24.7777,0.1313,-15.1503,0.000,0.000,0.980
2026-03-27,12:43:05,47978,1,0.0000,-0.0065,0.0687,2.0216,16.6339,0,1.0000,0,0,71.2748,-0.3576,-24.7932,0.0274,6.2883,0.000,0.000,0.976
2026-03-27,12:43:05,48018,1,0.0000,0.0070,0.0679,1.9963,16.6340,0,1.0000,0,0,71.2376,-0.7581,-24.7420,0.9362,31.5770,0.000,0.000,0.972
2026-03-27,12:43:05,48059,1,0.0000,0.0043,0.0682,2.0068,16.6340,0,1.0000,0,0,71.2224,-1.3100,-24.8134,-0.8552,52.9928,0.000,0.000,0.968
2026-03-27,12:43:05,48099,1,0.0000,0.0156,0.0629,1.8495,16.6339,0,1.0000,0,0,71.2257,-0.7569,-24.9240,-1.8341,36.7482,0.000,0.000,0.964
2026-03-27,12:43:05,48140,1,0.0000,-0.0001,0.0653,1.9216,16.6338,0,1.0000,0,0,71.2538,0.9677,-24.9515,-0.8816,10.7803,0.000,0.000,0.960
2026-03-27,12:43:05,48180,1,0.0000,-0.0044,0.0638,1.8759,16.6338,0,1.0000,0,0,71.3649,6.5374,-24.8908,0.8264,2.7696,0.000,0.000,0.956
2026-03-27,12:43:05,48220,1,0.0000,0.0163,0.0619,1.8199,16.6337,0,1.0000,0,0,71.9499,13.7941,-24.8072,1.8827,-3.5822,0.000,0.000,0.952
2026-03-27,12:43:05,48253,1,0.0000,0.0188,0.0603,1.7742,16.6336,0,1.0000,0,0,72.1857,10.9733,-24.8362,1.2869,-3.7547,0.000,0.000,0.950
2026-03-27,12:43:05,48293,1,0.0000,0.0014,0.0625,1.8377,16.6337,0,1.0000,0,0,71.8372,-6.0211,-24.7905,1.2558,9.3215,0.000,0.000,0.946
2026-03-27,12:43:05,48327,1,0.0000,-0.0014,0.0619,1.8199,16.6337,0,1.0000,0,0,71.6394,-6.5801,-24.7613,1.2963,10.2002,0.000,0.000,0.943
2026-03-27,12:43:05,48367,1,0.0000,-0.0080,0.0647,1.9042,16.6337,0,1.0000,0,0,71.4471,-4.7335,-24.7403,0.8609,2.0122,0.000,0.000,0.939
2026-03-27,12:43:05,48407,1,0.0000,-0.0103,0.0651,1.9140,16.6338,0,1.0000,0,0,71.2610,-3.9372,-24.7928,-0.5536,-4.4913,0.000,0.000,0.935
2026-03-27,12:43:05,48447,1,0.0000,-0.0156,0.0662,1.9480,16.6338,0,1.0000,0,0,71.0978,-4.5679,-24.8344,-0.7553,15.1061,0.000,0.000,0.931
2026-03-27,12:43:05,48487,1,0.0000,-0.0013,0.0665,1.9570,16.6338,0,1.0000,0,0,70.9784,-3.2250,-24.8868,-0.8860,-8.1998,0.000,0.000,0.927
2026-03-27,12:43:05,48527,1,0.0000,-0.0047,0.0649,1.9099,16.6338,0,1.0000,0,0,70.8732,-2.7997,-24.8789,0.0395,-28.0438,0.000,0.000,0.923
2026-03-27,12:43:05,48561,1,0.0000,0.0075,0.0649,1.9085,16.6338,0,1.0000,0,0,70.8077,-3.1236,-24.8291,1.1691,-28.9385,0.000,0.000,0.920
2026-03-27,12:43:05,48601,1,0.0000,0.0274,0.0584,1.7187,16.6337,0,1.0000,0,0,70.7634,-1.6916,-24.7582,1.8372,-45.2915,0.000,0.000,0.916
2026-03-27,12:43:05,48641,1,0.0000,0.0141,0.0574,1.6887,16.6335,0,1.0000,0,0,71.0255,9.0628,-24.5853,3.7333,-65.3637,0.000,0.000,0.912
2026-03-27,12:43:05,48681,1,0.0000,0.0135,0.0535,1.5725,16.6333,0,1.0000,0,0,71.3560,5.7330,-24.3712,5.0608,-48.5165,0.000,0.000,0.908
2026-03-27,12:43:05,48721,1,0.0000,0.0157,0.0508,1.4952,16.6332,0,1.0000,0,0,71.2224,-4.8760,-24.1383,5.6402,-61.1460,0.000,0.000,0.904
2026-03-27,12:43:05,48761,1,0.0000,0.0283,0.0459,1.3487,16.6329,0,1.0000,0,0,70.9880,-6.0993,-24.0034,4.1789,-58.2393,0.000,0.000,0.900
2026-03-27,12:43:06,48801,1,0.0000,0.0046,0.0438,1.2876,16.6328,0,1.0000,0,0,70.7646,-5.7486,-23.9247,2.8021,-49.1563,0.000,0.000,0.896
2026-03-27,12:43:06,48842,1,0.0000,0.0226,0.0416,1.2236,16.6327,0,1.0000,0,0,70.6726,-1.1446,-23.8984,1.3911,-47.6563,0.000,0.000,0.892
2026-03-27,12:43:06,48882,1,0.0000,0.0504,0.0300,0.8813,16.6322,0,1.0000,0,0,70.9732,6.6722,-23.8975,0.5733,-61.1371,0.000,0.000,0.888
2026-03-27,12:43:06,48922,1,0.0000,0.0175,0.0318,0.9352,16.6320,0,1.0000,0,0,71.1225,1.5894,-23.8561,0.9156,-44.5143,0.000,0.000,0.884
2026-03-27,12:43:06,48955,1,0.0000,0.0088,0.0299,0.8802,16.6320,0,1.0000,0,0,71.1087,-0.2583,-23.8092,1.2415,-53.4106,0.000,0.000,0.881
2026-03-27,12:43:06,48995,1,0.0000,0.0077,0.0281,0.8259,16.6319,0,1.0000,0,0,70.9685,-6.6580,-23.7915,0.5422,-51.3486,0.000,0.000,0.877
2026-03-27,12:43:06,49035,1,0.0000,0.0010,0.0277,0.8151,16.6318,0,1.0000,0,0,70.4682,-13.0135,-23.7638,1.0216,-57.6412,0.020,0.000,0.873
2026-03-27,12:43:06,49076,1,0.0000,0.0301,0.0216,0.6351,16.6316,0,1.0000,0,0,70.2633,-2.3616,-23.6166,2.7636,-61.7833,0.000,0.000,0.869
2026-03-27,12:43:06,49116,1,0.0000,0.0083,0.0169,0.4979,16.6314,0,1.0000,0,0,71.2008,25.7611,-23.4783,3.1767,-51.8990,0.000,0.000,0.865
2026-03-27,12:43:06,49157,1,0.0000,-0.0588,0.0265,0.7803,16.6315,0,1.0000,0,0,72.6411,20.1882,-23.3970,2.6015,-44.2620,0.000,0.000,0.861
2026-03-27,12:43:06,49197,1,0.0000,-0.0471,0.0343,1.0089,16.6319,0,1.0000,0,0,70.2871,-59.9938,-23.4588,-0.2345,-24.9379,0.020,0.000,0.857
2026-03-27,12:43:06,49237,1,0.0000,0.0385,0.0228,0.6699,16.6318,0,1.0000,0,0,70.3924,6.1680,-23.4787,-0.2766,-1.5936,0.040,0.000,0.853
2026-03-27,12:43:06,49278,1,0.0000,0.0058,0.0222,0.6527,16.6316,0,1.0000,0,0,70.4414,-7.9790,-23.5697,-1.3129,-0.0372,0.000,0.000,0.849
2026-03-27,12:43:06,49318,1,0.0000,-0.0018,0.0225,0.6623,16.6315,0,1.0000,0,0,69.7708,-17.6923,-23.5983,-0.9184,-19.7102,0.000,0.000,0.845
2026-03-27,12:43:06,49358,1,0.0000,-0.0022,0.0228,0.6719,16.6315,0,1.0000,0,0,69.0215,-21.2894,-23.6756,-1.8513,-17.2197,0.000,0.000,0.841
2026-03-27,12:43:06,49398,1,0.0000,-0.0005,0.0244,0.7189,16.6315,0,1.0000,0,0,67.9662,-28.1007,-23.8114,-2.7862,-8.7633,0.000,0.000,0.837
2026-03-27,12:43:06,49431,1,0.0000,0.0011,0.0234,0.6893,16.6316,0,1.0000,0,0,67.7281,-18.9933,-23.8336,-2.3137,-8.5576,0.000,0.000,0.835
2026-03-27,12:43:06,49473,1,0.0000,-0.0054,0.0234,0.6877,16.6316,0,1.0000,0,0,66.8707,-20.8827,-23.9161,-2.1884,-14.3656,0.000,0.000,0.831
2026-03-27,12:43:06,49513,1,0.0000,0.0017,0.0218,0.6422,16.6315,0,1.0000,0,0,66.2742,-12.9304,-23.9386,-1.0347,-18.6466,0.000,0.000,0.871
2026-03-27,12:43:06,49554,1,0.0000,0.0040,0.0219,0.6450,16.6315,0,1.0000,0,0,66.6422,10.9599,-23.9205,-0.1263,-35.8355,0.000,0.000,0.911
2026-03-27,12:43:06,49594,1,0.0000,-0.0056,0.0195,0.5731,16.6314,0,1.0000,0,0,68.2125,39.5505,-23.8639,0.9966,-23.7401,0.000,0.000,0.951
2026-03-27,12:43:06,49634,1,0.0000,0.0047,0.0192,0.5648,16.6314,0,1.0000,0,0,70.5223,56.1189,-23.8598,0.1772,-0.7004,0.000,0.000,0.947
2026-03-27,12:43:06,49674,1,0.0000,0.0063,0.0176,0.5174,16.6314,0,1.0000,0,0,72.6042,47.1841,-23.9442,-1.6821,5.6870,0.000,0.000,0.976
2026-03-27,12:43:06,49714,1,0.0000,0.0039,0.0188,0.5526,16.6314,0,1.0000,0,0,72.5060,-12.6503,-23.9325,-0.6309,4.5970,0.000,0.000,1.000
2026-03-27,12:43:06,49754,1,0.0000,-0.0071,0.0204,0.5987,16.6314,0,1.0000,0,0,69.0112,-97.8140,-24.0161,-2.1064,4.1797,0.000,0.000,1.000
2026-03-27,12:43:07,49794,1,0.0000,-0.0182,0.0229,0.6739,16.6315,0,1.0000,0,0,63.7998,-142.5028,-24.0995,-2.9326,-15.4016,0.000,0.000,1.000
2026-03-27,12:43:07,49834,1,0.0000,-0.0246,0.0262,0.7713,16.6316,0,1.0000,0,0,54.4292,-250.0331,-24.1036,-2.2176,-38.3341,0.000,0.000,1.000
2026-03-27,12:43:07,49875,1,0.0000,-0.0568,0.0359,1.0545,16.6320,0,1.0000,0,0,44.0198,-219.1062,-24.1779,-3.4007,-5.1574,0.080,0.000,1.000
2026-03-27,12:43:07,49915,1,0.0000,-0.0749,0.0517,1.5196,16.6326,0,1.0000,0,0,44.4774,39.1470,-24.8149,-13.1196,2.8566,0.160,0.000,1.000
2026-03-27,12:43:07,49955,1,0.0000,-0.0344,0.0558,1.6403,16.6332,0,1.0000,0,0,50.3710,120.3021,-25.6542,-18.7737,15.6528,0.240,0.000,1.000
2026-03-27,12:43:07,49995,1,0.0000,-0.0253,0.0613,1.8019,16.6335,0,1.0000,0,0,51.6711,31.0547,-26.4150,-19.2903,11.9639,0.200,0.000,1.000
2026-03-27,12:43:07,50035,1,0.0000,-0.0075,0.0623,1.8333,16.6336,0,1.0000,0,0,53.0346,38.3496,-27.0514,-16.4978,1.8158,0.160,0.000,1.000
2026-03-27,12:43:07,50076,1,0.0000,-0.0077,0.0644,1.8953,16.6337,0,1.0000,0,0,54.4489,35.3032,-27.2763,-8.4342,-25.4591,0.120,0.000,1.000
2026-03-27,12:43:07,50116,1,0.0000,-0.0045,0.0657,1.9310,16.6339,0,1.0000,0,0,55.6501,30.3758,-27.0243,1.4524,-27.1314,0.080,0.000,1.000
2026-03-27,12:43:07,50156,1,0.0000,0.0279,0.0620,1.8235,16.6338,0,1.0000,0,0,57.1481,43.4706,-26.7668,4.9418,-10.5225,0.040,0.000,1.000
2026-03-27,12:43:07,50196,1,0.0000,0.0687,0.0511,1.5020,16.6334,0,1.0000,0,0,58.1846,22.8708,-26.4919,6.5618,-22.1396,0.000,0.000,1.000
2026-03-27,12:43:07,50237,1,0.0000,0.0353,0.0466,1.3705,16.6329,0,1.0000,0,0,59.0020,18.4620,-26.2628,5.8634,-26.2153,0.000,0.000,1.000
2026-03-27,12:43:07,50278,1,0.0000,-0.0282,0.0525,1.5448,16.6330,0,1.0000,0,0,59.3469,9.5893,-26.1084,4.4965,-35.5436,0.000,0.000,1.000
2026-03-27,12:43:07,50318,1,0.0000,-0.1030,0.0715,2.1041,16.6337,0,1.0000,0,0,59.5345,1.8476,-25.8869,5.5347,-50.1125,0.000,0.000,1.000
2026-03-27,12:43:07,50358,1,0.0000,0.0038,0.0670,1.9698,16.6339,0,1.0000,0,0,59.7501,8.6619,-25.6050,6.1034,-22.0207,0.000,0.000,1.000
2026-03-27,12:43:07,50392,1,0.0000,-0.0102,0.0665,1.9568,16.6339,0,1.0000,0,0,59.9600,7.0744,-25.7269,-0.2617,-2.8671,0.000,0.000,1.000
2026-03-27,12:43:07,50432,1,0.0000,-0.0058,0.0680,2.0004,16.6340,0,1.0000,0,0,60.1632,6.0186,-25.9106,-3.1031,4.4724,0.000,0.000,1.000
2026-03-27,12:43:07,50473,1,0.0000,0.0165,0.0655,1.9253,16.6339,0,1.0000,0,0,60.3525,5.5078,-25.9826,-2.2174,-16.0113,0.000,0.000,1.000
2026-03-27,12:43:07,50513,1,0.0000,-0.0168,0.0668,1.9635,16.6338,0,1.0000,0,0,60.6388,4.2830,-26.0570,-2.0639,-34.1382,0.000,0.000,1.000
2026-03-27,12:43:07,50553,1,0.0000,-0.0411,0.0741,2.1780,16.6341,0,1.0000,0,0,60.6939,3.3209,-26.0163,0.1209,-55.1502,0.000,0.000,1.000
2026-03-27,12:43:07,50589,1,0.0000,0.0058,0.0724,2.1299,16.6342,0,1.0000,0,0,60.7644,2.7564,-25.6726,2.3490,-52.2658,0.000,0.000,1.000
2026-03-27,12:43:07,50629,1,0.0000,0.0309,0.0650,1.9126,16.6340,0,1.0000,0,0,60.7969,-0.1197,-25.6348,0.4489,-17.6351,0.000,0.000,1.000
2026-03-27,12:43:07,50669,1,0.0000,0.0262,0.0608,1.7880,16.6337,0,1.0000,0,0,61.0455,7.6716,-25.7998,-2.4213,-15.9630,0.000,0.000,1.000
2026-03-27,12:43:07,50709,1,0.0000,0.0012,0.0600,1.7641,16.6336,0,1.0000,0,0,61.5313,11.8362,-25.7600,-0.0911,-33.6511,0.000,0.000,1.000
2026-03-27,12:43:07,50749,1,0.0000,-0.0060,0.0626,1.8402,16.6337,0,1.0000,0,0,61.5108,-3.3449,-25.6633,1.1613,-21.4492,0.000,0.000,1.000
2026-03-27,12:43:08,50790,1,0.0000,-0.0038,0.0647,1.9027,16.6337,0,1.0000,0,0,61.4012,-2.8922,-25.7538,-1.1585,-12.6749,0.000,0.000,0.999
2026-03-27,12:43:08,50830,1,0.0000,-0.0267,0.0703,2.0678,16.6340,0,1.0000,0,0,61.2727,-3.4077,-25.8033,-1.4800,-4.5823,0.000,0.000,0.995
2026-03-27,12:43:08,50870,1,0.0000,0.0182,0.0695,2.0440,16.6341,0,1.0000,0,0,61.0706,-3.8305,-25.9754,-3.5260,10.1555,0.000,0.000,0.991
2026-03-27,12:43:08,50905,1,0.0000,0.0044,0.0694,2.0426,16.6341,0,1.0000,0,0,61.0005,-3.9248,-26.1398,-4.3381,-0.6554,0.000,0.000,0.988
2026-03-27,12:43:08,50945,1,0.0000,-0.0435,0.0762,2.2424,16.6343,0,1.0000,0,0,60.9671,-0.7619,-26.2878,-3.9247,-1.6752,0.000,0.000,0.984
2026-03-27,12:43:08,50985,1,0.0000,-0.0147,0.0772,2.2715,16.6344,0,1.0000,0,0,60.8508,-1.0945,-26.2460,-0.4026,-27.9296,0.000,0.000,0.980
2026-03-27,12:43:08,51025,1,0.0000,0.0150,0.0735,2.1624,16.6344,0,1.0000,0,0,61.5108,15.3778,-25.9054,5.5759,-49.6656,0.000,0.000,0.976
2026-03-27,12:43:08,51065,1,0.0000,0.0128,0.0710,2.0896,16.6343,0,1.0000,0,0,61.5972,-2.6252,-25.6295,5.9533,-14.8813,0.000,0.000,0.972
2026-03-27,12:43:08,51106,1,0.0000,0.0020,0.0732,2.1531,16.6343,0,1.0000,0,0,61.1298,-9.2525,-25.6077,1.7764,14.0664,0.000,0.000,0.968
2026-03-27,12:43:08,51146,1,0.0000,0.0103,0.0700,2.0576,16.6341,0,1.0000,0,0,61.1454,2.9361,-25.8500,-3.4651,38.5843,0.000,0.000,0.964
2026-03-27,12:43:08,51186,1,0.0000,0.0149,0.0690,2.0305,16.6341,0,1.0000,0,0,61.0238,-3.3567,-26.0821,-5.0636,32.7443,0.000,0.000,0.960
2026-03-27,12:43:08,51227,1,0.0000,0.0532,0.0607,1.7858,16.6339,0,1.0000,0,0,61.0347,-3.3231,-26.2981,-5.4729,20.4640,0.000,0.000,0.956
2026-03-27,12:43:08,51267,1,0.0000,0.0546,0.0541,1.5907,16.6336,0,1.0000,0,0,61.3358,11.3690,-26.4801,-5.0277,23.0467,0.000,0.000,0.952
2026-03-27,12:43:08,51308,1,0.0000,-0.0590,0.0729,2.1435,16.6339,0,1.0000,0,0,60.7327,-23.7743,-26.5616,-3.1769,-6.8789,0.000,0.000,0.948
2026-03-27,12:43:08,51348,1,0.0000,-0.0193,0.0794,2.3347,16.6345,0,1.0000,0,0,59.9256,-20.0034,-26.5573,-1.3947,21.2920,0.080,0.000,0.944
2026-03-27,12:43:08,51388,1,0.0000,0.0476,0.0685,2.0156,16.6343,0,1.0000,0,0,59.4645,-11.5847,-26.7570,-4.1572,30.3349,0.160,0.000,0.940
2026-03-27,12:43:08,51429,1,0.0000,0.0419,0.0595,1.7505,16.6337,0,1.0000,0,0,59.4362,-0.4676,-26.9046,-3.6776,25.7522,0.240,0.000,0.936
2026-03-27,12:43:08,51469,1,0.0000,-0.0399,0.0684,2.0120,16.6338,0,1.0000,0,0,59.1293,-9.5279,-26.8182,0.4652,-4.2460,0.320,0.000,0.932
2026-03-27,12:43:08,51503,1,0.0000,-0.0510,0.0761,2.2369,16.6342,0,1.0000,0,0,58.7565,-10.1432,-26.5559,4.5809,-26.5754,0.380,0.000,0.929
2026-03-27,12:43:08,51543,1,0.0000,-0.0514,0.0853,2.5099,16.6346,0,1.0000,0,0,58.8606,1.4335,-26.2894,4.9126,-8.5751,0.460,0.000,0.925
2026-03-27,12:43:08,51583,1,0.0000,-0.0335,0.0858,2.5230,16.6348,0,1.0000,0,0,58.3166,-12.2345,-26.5725,-3.3109,-15.3951,0.540,0.000,0.921
2026-03-27,12:43:08,51618,1,0.0000,0.0081,0.0839,2.4691,16.6349,0,1.0000,0,0,58.0569,-7.9436,-26.7861,-5.2353,3.7940,0.600,0.000,0.940
2026-03-27,12:43:08,51658,1,0.0000,0.0353,0.0760,2.2342,16.6346,0,1.0000,0,0,58.3730,9.3383,-26.9201,-3.6342,-10.9332,0.620,0.000,0.969
2026-03-27,12:43:08,51698,1,0.0000,0.0610,0.0646,1.9008,16.6341,0,1.0000,0,0,58.8578,8.7524,-26.9198,-1.5683,17.5935,0.580,0.000,0.965
2026-03-27,12:43:08,51739,1,0.0000,-0.0011,0.0686,2.0172,16.6340,0,1.0000,0,0,58.8894,-6.0869,-26.9513,-1.1394,34.4903,0.540,0.000,0.961
2026-03-27,12:43:08,51777,1,0.0000,-0.0395,0.0754,2.2177,16.6342,0,1.0000,0,0,58.5056,-9.2576,-26.7506,0.9902,29.6394,0.510,0.000,0.958
2026-03-27,12:43:09,51817,1,0.0000,-0.0687,0.0886,2.6067,16.6347,0,1.0000,0,0,57.8457,-19.9969,-26.6478,1.5499,46.2224,0.530,0.000,0.954
2026-03-27,12:43:09,51857,1,0.0000,-0.0892,0.1049,3.0845,16.6355,0,1.0000,0,0,56.9142,-22.8442,-26.6742,-0.2900,66.3340,0.610,0.000,0.950
2026-03-27,12:43:09,51897,1,0.0000,-0.0046,0.1036,3.0461,16.6358,0,1.0000,0,0,56.6016,-10.1271,-26.8249,-2.8987,83.0819,0.690,0.000,0.990
2026-03-27,12:43:09,51937,1,0.0000,0.1940,0.0681,2.0025,16.6351,0,1.0000,0,0,56.3588,-2.8153,-26.9580,-2.9701,90.5979,0.770,0.000,1.000
2026-03-27,12:43:09,51977,1,0.0000,0.1298,0.0454,1.3349,16.6334,0,1.0000,0,0,57.7167,31.4087,-27.0037,-1.8582,69.5773,0.760,0.000,1.000
2026-03-27,12:43:09,52018,1,0.0000,-0.2104,0.0883,2.5979,16.6340,0,1.0000,0,0,57.2994,-33.9613,-26.9420,0.6477,39.8140,0.720,0.000,1.000
2026-03-27,12:43:09,52058,1,0.0000,-0.3510,0.1476,4.3415,16.6364,0,1.0000,0,0,55.5729,-24.4569,-26.9268,-0.5764,47.5593,0.770,0.000,1.000
2026-03-27,12:43:09,52098,1,0.0000,-0.1535,0.1661,4.8862,16.6385,0,1.0000,0,0,54.6632,-33.6356,-27.0444,-1.7322,33.4142,0.850,0.000,1.000
2026-03-27,12:43:09,52139,1,0.0000,0.0006,0.1573,4.6266,16.6388,0,1.0000,0,0,54.1205,15.4198,-26.8480,2.9606,21.5224,0.930,0.000,1.000
2026-03-27,12:43:09,52179,1,0.0000,0.0601,0.1428,4.2011,16.6383,0,1.0000,0,0,54.7877,10.0629,-26.6881,4.1089,16.7455,0.950,0.000,1.000
2026-03-27,12:43:09,52220,1,0.0000,0.1159,0.1124,3.3057,16.6369,0,1.0000,0,0,55.3351,15.7839,-25.9429,13.8339,-11.4803,0.910,0.000,1.000
2026-03-27,12:43:09,52260,1,0.0000,-0.1014,0.1368,4.0249,16.6372,0,1.0000,0,0,54.9432,-12.9659,-25.5675,9.3967,16.4657,0.870,0.000,1.000
2026-03-27,12:43:09,52300,1,0.0000,-0.1780,0.1700,5.0011,16.6385,0,1.0000,0,0,54.4878,-6.6992,-25.7608,0.5765,26.7456,0.890,0.000,1.000
2026-03-27,12:43:09,52341,1,0.0000,-0.0497,0.1658,4.8771,16.6389,0,1.0000,0,0,54.3412,1.7082,-25.8356,-0.6099,15.0128,0.970,0.000,1.000
2026-03-27,12:43:09,52381,1,0.0000,0.0222,0.1554,4.5712,16.6387,0,1.0000,0,0,54.1732,0.1453,-25.6895,3.2069,-13.9863,0.990,0.000,1.000
2026-03-27,12:43:09,52421,1,0.0000,-0.0125,0.1583,4.6548,16.6387,0,1.0000,0,0,54.3211,2.4572,-25.3989,5.5709,2.2539,0.950,0.000,1.000
2026-03-27,12:43:09,52461,1,0.0000,-0.0270,0.1627,4.7853,16.6389,0,1.0000,0,0,54.1225,-7.3417,-25.3154,3.0622,8.3053,0.910,0.000,1.000
2026-03-27,12:43:09,52501,1,0.0000,0.0241,0.1569,4.6137,16.6389,0,1.0000,0,0,53.8788,-0.5799,-25.3517,0.6984,5.7599,0.900,0.000,1.000
2026-03-27,12:43:09,52541,1,0.0000,-0.0398,0.1613,4.7447,16.6388,0,1.0000,0,0,53.9851,0.1630,-25.3777,-0.1993,11.2611,0.860,0.000,1.000
2026-03-27,12:43:09,52582,1,0.0000,-0.0134,0.1650,4.8532,16.6391,0,1.0000,0,0,53.7803,-0.9887,-25.5036,-2.1316,35.8380,0.820,0.000,1.000
2026-03-27,12:43:09,52622,1,0.0000,0.0054,0.1634,4.8066,16.6391,0,1.0000,0,0,53.9726,-1.0814,-25.7161,-3.9958,28.8305,0.780,0.000,1.000
2026-03-27,12:43:09,52663,1,0.0000,-0.0122,0.1675,4.9277,16.6393,0,1.0000,0,0,53.7319,-3.6565,-25.7826,-2.3939,4.6610,0.740,0.000,1.000
2026-03-27,12:43:09,52703,1,0.0000,0.0041,0.1691,4.9742,16.6394,0,1.0000,0,0,53.8764,-0.2731,-25.8715,-2.1353,2.5367,0.700,0.000,1.000
2026-03-27,12:43:09,52745,1,0.0000,0.0497,0.1533,4.5089,16.6388,0,1.0000,0,0,54.1971,9.0146,-26.0296,-3.1960,21.0806,0.660,0.000,1.000
2026-03-27,12:43:09,52785,1,0.0000,0.0115,0.1445,4.2489,16.6381,0,1.0000,0,0,54.7727,18.8426,-26.0960,-1.4898,11.2853,0.620,0.000,1.000
2026-03-27,12:43:10,52825,1,0.0000,-0.1279,0.1753,5.1557,16.6391,0,1.0000,0,0,54.5037,-1.8399,-26.1901,-1.9483,9.8881,0.580,0.000,1.000
2026-03-27,12:43:10,52860,1,0.0000,-0.0050,0.1649,4.8486,16.6391,0,1.0000,0,0,54.6836,11.5718,-26.3500,-3.1219,-9.2826,0.550,0.000,0.997
2026-03-27,12:43:10,52900,1,0.0000,0.0130,0.1581,4.6493,16.6389,0,1.0000,0,0,54.7400,3.0385,-26.4128,-1.4033,-35.0613,0.510,0.000,0.993
2026-03-27,12:43:10,52940,1,0.0000,0.0026,0.1613,4.7434,16.6389,0,1.0000,0,0,54.7689,5.8920,-26.1233,4.6023,-42.1863,0.470,0.000,0.989
2026-03-27,12:43:10,52973,1,0.0000,-0.0285,0.1664,4.8926,16.6391,0,1.0000,0,0,54.7781,3.5192,-26.0797,4.0476,-33.5563,0.450,0.000,0.987
2026-03-27,12:43:10,53013,1,0.0000,-0.0030,0.1648,4.8466,16.6391,0,1.0000,0,0,55.0426,6.7584,-26.0954,1.0256,-2.2659,0.410,0.000,0.983
2026-03-27,12:43:10,53053,1,0.0000,-0.0131,0.1679,4.9383,16.6393,0,1.0000,0,0,54.8056,-3.3637,-26.3222,-3.0556,3.1044,0.370,0.000,0.979
2026-03-27,12:43:10,53093,1,0.0000,0.1214,0.1436,4.2225,16.6386,0,1.0000,0,0,55.2718,13.6767,-26.4142,-2.3474,1.9946,0.330,0.000,0.975
2026-03-27,12:43:10,53133,1,0.0000,0.0561,0.1326,3.9012,16.6377,0,1.0000,0,0,55.8534,10.0327,-26.2453,2.4784,-25.1705,0.290,0.000,0.971
2026-03-27,12:43:10,53167,1,0.0000,-0.1135,0.1589,4.6739,16.6382,0,1.0000,0,0,55.7053,-2.1706,-26.0847,4.0361,-24.4500,0.260,0.000,0.968
2026-03-27,12:43:10,53207,1,0.0000,-0.0030,0.1558,4.5816,16.6387,0,1.0000,0,0,55.6046,-1.7184,-26.0697,1.2264,5.3927,0.220,0.000,0.964
2026-03-27,12:43:10,53247,1,0.0000,0.0548,0.1448,4.2583,16.6384,0,1.0000,0,0,55.6460,5.0429,-26.2724,-2.4462,16.2951,0.180,0.000,0.960
2026-03-27,12:43:10,53287,1,0.0000,0.0950,0.1231,3.6208,16.6375,0,1.0000,0,0,56.1166,12.2395,-26.1702,1.6788,-13.1652,0.140,0.000,0.956
2026-03-27,12:43:10,53327,1,0.0000,-0.2438,0.1694,4.9822,16.6381,0,1.0000,0,0,56.1340,1.1954,-25.9788,3.8200,-23.7389,0.100,0.000,0.952
2026-03-27,12:43:10,53368,1,0.0000,-0.0046,0.1629,4.7919,16.6391,0,1.0000,0,0,55.6201,-10.0909,-25.9090,2.4038,-13.7894,0.060,0.000,0.948
2026-03-27,12:43:10,53408,1,0.0000,0.1157,0.1358,3.9951,16.6383,0,1.0000,0,0,56.1345,12.8635,-26.0042,-0.6357,-0.0339,0.020,0.000,0.944
2026-03-27,12:43:10,53449,1,0.0000,0.2289,0.0959,2.8203,16.6368,0,1.0000,0,0,56.2407,-0.0544,-25.8899,2.0796,-19.6464,0.000,0.000,0.962
2026-03-27,12:43:10,53489,1,0.0000,0.0069,0.1013,2.9805,16.6358,0,1.0000,0,0,56.5204,8.7058,-25.7295,3.0881,-11.1799,0.000,0.000,1.000
2026-03-27,12:43:10,53529,1,0.0000,-0.1640,0.1339,3.9390,16.6367,0,1.0000,0,0,56.4260,-3.8559,-25.7521,0.3732,-2.0552,0.000,0.000,1.000
2026-03-27,12:43:10,53570,1,0.0000,-0.1006,0.1483,4.3627,16.6377,0,1.0000,0,0,56.2203,-4.8816,-26.0101,-4.1607,24.2833,0.000,0.000,1.000
2026-03-27,12:43:10,53610,1,0.0000,0.0790,0.1287,3.7855,16.6377,0,1.0000,0,0,56.1717,1.0179,-26.4594,-8.3192,25.3646,0.000,0.000,1.000
2026-03-27,12:43:10,53650,1,0.0000,0.1227,0.1038,3.0543,16.6366,0,1.0000,0,0,56.4086,9.4630,-26.4034,-0.9046,-4.8688,0.000,0.000,1.000
2026-03-27,12:43:10,53691,1,0.0000,-0.0195,0.1161,3.4160,16.6364,0,1.0000,0,0,56.7957,4.0821,-26.0500,5.0803,-16.5492,0.000,0.000,1.000
2026-03-27,12:43:10,53731,1,0.0000,-0.0025,0.1167,3.4321,16.6366,0,1.0000,0,0,56.6594,-2.4617,-25.9814,2.3833,12.2616,0.000,0.000,1.000
2026-03-27,12:43:10,53772,1,0.0000,-0.0061,0.1146,3.3712,16.6366,0,1.0000,0,0,56.4188,-6.2513,-26.0639,-0.2863,4.3689,0.000,0.000,0.997
2026-03-27,12:43:11,53813,1,0.0000,0.0257,0.1099,3.2311,16.6363,0,1.0000,0,0,56.6599,8.4726,-26.2205,-2.5680,15.8450,0.000,0.000,0.993
2026-03-27,12:43:11,53853,1,0.0000,0.0575,0.0935,2.7501,16.6357,0,1.0000,0,0,57.0716,5.6489,-26.2737,-1.6261,-6.2841,0.000,0.000,0.989
2026-03-27,12:43:11,53895,1,0.0000,-0.0291,0.1076,3.1636,16.6359,0,1.0000,0,0,56.4620,-12.2513,-26.3839,-2.3557,-11.2012,0.000,0.000,0.985
2026-03-27,12:43:11,53935,1,0.0000,0.0055,0.1059,3.1133,16.6361,0,1.0000,0,0,56.1517,-6.7735,-26.5497,-3.4596,-16.7476,0.040,0.000,0.981
2026-03-27,12:43:11,53977,1,0.0000,0.0545,0.0986,2.8998,16.6358,0,1.0000,0,0,56.3331,4.7203,-26.6408,-2.7873,5.2720,0.030,0.000,0.977
2026-03-27,12:43:11,54017,1,0.0000,0.1287,0.0775,2.2781,16.6351,0,1.0000,0,0,56.8221,9.3084,-26.8380,-4.0902,-3.0901,0.000,0.000,0.973
2026-03-27,12:43:11,54057,1,0.0000,0.0433,0.0717,2.1076,16.6344,0,1.0000,0,0,56.1726,-17.9009,-26.9143,-2.8963,4.7475,0.000,0.000,1.000
2026-03-27,12:43:11,54097,1,0.0000,-0.0222,0.0767,2.2553,16.6344,0,1.0000,0,0,55.6026,-15.8446,-27.1367,-4.8497,-3.0461,0.080,0.000,1.000
2026-03-27,12:43:11,54137,1,0.0000,-0.0310,0.0824,2.4247,16.6346,0,1.0000,0,0,55.2342,-13.0252,-27.4075,-6.4978,16.9734,0.160,0.000,1.000
2026-03-27,12:43:11,54176,1,0.0000,-0.0331,0.0860,2.5288,16.6348,0,1.0000,0,0,55.0017,-9.0132,-27.8076,-7.6967,18.7801,0.220,0.000,1.000
2026-03-27,12:43:11,54216,1,0.0000,0.0098,0.0836,2.4595,16.6348,0,1.0000,0,0,54.7345,-5.1655,-28.2444,-9.2124,-11.1517,0.300,0.000,1.000
2026-03-27,12:43:11,54257,1,0.0000,0.0431,0.0754,2.2181,16.6346,0,1.0000,0,0,54.9601,7.7325,-28.3858,-5.2657,-22.2225,0.350,0.000,1.000
2026-03-27,12:43:11,54298,1,0.0000,-0.0096,0.0780,2.2936,16.6344,0,1.0000,0,0,54.8765,-9.7610,-28.5934,-5.7167,-20.1541,0.310,0.000,1.000
2026-03-27,12:43:11,54338,1,0.0000,-0.0185,0.0801,2.3557,16.6345,0,1.0000,0,0,54.1199,-17.0758,-28.7868,-5.2648,-24.1310,0.360,0.000,1.000
2026-03-27,12:43:11,54379,1,0.0000,-0.1179,0.1008,2.9641,16.6351,0,1.0000,0,0,53.5247,-15.8599,-28.9877,-5.0251,6.0003,0.440,0.000,1.000
2026-03-27,12:43:11,54419,1,0.0000,-0.1442,0.1291,3.7965,16.6365,0,1.0000,0,0,52.8705,-18.0747,-29.3979,-8.8141,31.2256,0.520,0.000,1.000
2026-03-27,12:43:11,54459,1,0.0000,0.0179,0.1165,3.4277,16.6366,0,1.0000,0,0,52.3390,-11.2826,-29.6929,-7.0257,5.7385,0.600,0.000,1.000
2026-03-27,12:43:11,54500,1,0.0000,0.0136,0.1088,3.2014,16.6363,0,1.0000,0,0,52.6941,9.1283,-29.5012,1.5366,-21.7608,0.680,0.000,1.000
2026-03-27,12:43:11,54540,1,0.0000,-0.0244,0.1119,3.2915,16.6362,0,1.0000,0,0,52.3480,-12.4495,-29.1692,5.8099,8.1708,0.670,0.000,1.000
2026-03-27,12:43:11,54580,1,0.0000,-0.0636,0.1234,3.6305,16.6366,0,1.0000,0,0,51.8794,-12.4179,-28.8786,6.8798,6.9114,0.750,0.000,1.000
2026-03-27,12:43:11,54620,1,0.0000,-0.0073,0.1220,3.5894,16.6369,0,1.0000,0,0,51.8441,-2.5987,-28.7100,4.7003,18.6991,0.830,0.000,1.000
2026-03-27,12:43:11,54660,1,0.0000,0.0270,0.1150,3.3837,16.6367,0,1.0000,0,0,51.2653,-15.5524,-28.6926,2.2772,16.1088,0.910,0.000,1.000
2026-03-27,12:43:11,54700,1,0.0000,0.0695,0.0988,2.9048,16.6360,0,1.0000,0,0,51.0863,-2.0523,-28.5953,2.6773,-5.9900,0.990,0.000,1.000
2026-03-27,12:43:11,54740,1,0.0000,0.0521,0.0851,2.5034,16.6352,0,1.0000,0,0,51.3793,3.5419,-28.5495,1.6513,2.1110,0.980,0.000,1.000
2026-03-27,12:43:11,54781,1,0.0000,-0.0688,0.1048,3.0809,16.6355,0,1.0000,0,0,50.6490,-18.1511,-28.6120,-0.5500,1.6885,1.000,0.000,1.000
2026-03-27,12:43:12,54821,1,0.0000,-0.0692,0.1109,3.2603,16.6359,0,1.0000,0,0,50.0841,-14.7693,-28.8526,-4.3899,0.2253,1.000,0.000,1.000
2026-03-27,12:43:12,54861,1,0.0000,-0.0255,0.1130,3.3234,16.6362,0,1.0000,0,0,49.5825,-10.2751,-29.2299,-7.9544,26.3547,1.000,0.000,1.000
2026-03-27,12:43:12,54902,1,0.0000,-0.0082,0.1132,3.3299,16.6364,0,1.0000,0,0,49.0308,-13.5994,-29.6599,-8.9288,7.9567,1.000,0.000,1.000
2026-03-27,12:43:12,54942,1,0.0000,0.0419,0.1046,3.0774,16.6362,0,1.0000,0,0,49.2673,7.8608,-29.5257,-0.4797,-5.7595,1.000,0.000,1.000
2026-03-27,12:43:12,54982,1,0.0000,0.0732,0.0938,2.7588,16.6357,0,1.0000,0,0,49.0922,-6.2729,-29.3464,2.5457,1.7601,0.960,0.000,1.000
2026-03-27,12:43:12,55023,1,0.0000,0.0131,0.0950,2.7931,16.6355,0,1.0000,0,0,48.5896,-13.2396,-29.3130,1.3139,1.4636,1.000,0.000,1.000
2026-03-27,12:43:12,55063,1,0.0000,-0.1038,0.1160,3.4111,16.6360,0,1.0000,0,0,48.1234,-17.9440,-29.4463,-2.1437,-0.0853,1.000,0.000,1.000
2026-03-27,12:43:12,55105,1,0.0000,-0.0126,0.1105,3.2497,16.6362,0,1.0000,0,0,47.7172,-9.3944,-29.6352,-3.9144,20.2082,1.000,0.000,1.000
2026-03-27,12:43:12,55145,1,0.0000,-0.0125,0.1119,3.2915,16.6362,0,1.0000,0,0,47.4670,-5.3493,-29.9229,-5.6296,29.3732,1.000,0.000,1.000
2026-03-27,12:43:12,55186,1,0.0000,-0.0132,0.1165,3.4261,16.6365,0,1.0000,0,0,47.1844,-6.2245,-29.9159,-1.1583,5.2877,1.000,0.000,1.000
2026-03-27,12:43:12,55227,1,0.0000,0.0106,0.1120,3.2929,16.6364,0,1.0000,0,0,46.9865,-4.8589,-29.7359,2.4202,3.3258,1.000,0.000,1.000
2026-03-27,12:43:12,55267,1,0.0000,0.0282,0.1091,3.2081,16.6363,0,1.0000,0,0,46.8637,-3.9587,-29.6030,2.7131,8.3966,1.000,0.000,1.000
2026-03-27,12:43:12,55307,1,0.0000,-0.0074,0.1132,3.3301,16.6363,0,1.0000,0,0,46.8280,-0.9020,-29.5498,1.7568,27.6415,0.960,0.000,1.000
2026-03-27,12:43:12,55347,1,0.0000,-0.0325,0.1202,3.5366,16.6365,0,1.0000,0,0,46.6053,-7.2183,-29.5852,0.0443,29.9375,0.920,0.000,1.000
2026-03-27,12:43:12,55380,1,0.0000,-0.0454,0.1247,3.6684,16.6367,0,1.0000,0,0,46.5369,-4.9832,-29.6347,-0.2666,35.7170,0.900,0.000,1.000
2026-03-27,12:43:12,55420,1,0.0000,0.0316,0.1125,3.3086,16.6366,0,1.0000,0,0,46.3603,-3.8376,-29.6713,-0.3477,37.5001,0.860,0.000,0.998
2026-03-27,12:43:12,55460,1,0.0000,0.0392,0.1080,3.1767,16.6363,0,1.0000,0,0,46.3519,1.1764,-29.5637,1.8747,25.5948,0.820,0.000,0.994
2026-03-27,12:43:12,55500,1,0.0000,-0.0189,0.1118,3.2892,16.6362,0,1.0000,0,0,46.6306,1.5004,-29.4667,2.0770,34.2842,0.780,0.000,0.990
2026-03-27,12:43:12,55540,1,0.0000,-0.1402,0.1397,4.1082,16.6370,0,1.0000,0,0,46.3416,-6.2419,-29.4486,0.9473,43.2134,0.740,0.000,0.986
2026-03-27,12:43:12,55580,1,0.0000,-0.0575,0.1474,4.3348,16.6379,0,1.0000,0,0,45.8041,-9.6947,-29.5623,-1.3375,57.1045,0.760,0.000,1.000
2026-03-27,12:43:12,55621,1,0.0000,0.0546,0.1333,3.9208,16.6377,0,1.0000,0,0,45.7010,-1.9434,-29.7157,-2.9475,68.6287,0.840,0.000,1.000
2026-03-27,12:43:12,55661,1,0.0000,0.0045,0.1319,3.8799,16.6375,0,1.0000,0,0,45.6278,-1.9589,-29.6773,-0.0725,45.8369,0.800,0.000,1.000
2026-03-27,12:43:12,55702,1,0.0000,-0.0361,0.1404,4.1295,16.6376,0,1.0000,0,0,45.5208,-3.5320,-29.6172,0.8190,58.4906,0.760,0.000,1.000
2026-03-27,12:43:12,55742,1,0.0000,-0.0219,0.1412,4.1529,16.6378,0,1.0000,0,0,45.4498,-0.5172,-29.6151,0.2440,69.6411,0.720,0.000,0.997
2026-03-27,12:43:12,55783,1,0.0000,0.0109,0.1383,4.0690,16.6378,0,1.0000,0,0,45.2755,-3.7254,-29.8197,-3.0912,85.6736,0.680,0.000,0.993
2026-03-27,12:43:13,55824,1,0.0000,-0.0089,0.1396,4.1067,16.6377,0,1.0000,0,0,45.2702,-2.6588,-29.9270,-2.6167,65.8313,0.640,0.000,0.989
2026-03-27,12:43:13,55864,1,0.0000,0.0315,0.1323,3.8902,16.6376,0,1.0000,0,0,45.2492,-0.4727,-29.9326,-0.8854,35.2196,0.600,0.000,0.985
2026-03-27,12:43:13,55905,1,0.0000,0.0548,0.1216,3.5769,16.6372,0,1.0000,0,0,45.2476,1.3733,-29.9025,0.3099,49.5590,0.560,0.000,0.981
2026-03-27,12:43:13,55945,1,0.0000,-0.0348,0.1309,3.8511,16.6372,0,1.0000,0,0,45.2116,-4.5451,-29.9159,-0.2015,56.0838,0.520,0.000,0.977
2026-03-27,12:43:13,55985,1,0.0000,-0.0761,0.1431,4.2093,16.6376,0,1.0000,0,0,45.1731,-2.8719,-30.0458,-2.1817,74.0339,0.480,0.000,0.973
2026-03-27,12:43:13,56025,1,0.0000,0.1019,0.1222,3.5927,16.6374,0,1.0000,0,0,45.0586,0.9951,-30.1960,-2.6688,61.3900,0.440,0.000,0.969
2026-03-27,12:43:13,56065,1,0.0000,0.0971,0.1006,2.9597,16.6363,0,1.0000,0,0,45.2650,5.7781,-30.0138,3.0278,39.5630,0.400,0.000,0.965
2026-03-27,12:43:13,56105,1,0.0000,-0.0205,0.1043,3.0670,16.6358,0,1.0000,0,0,45.3649,2.3412,-29.7095,5.8763,19.4501,0.360,0.000,0.961
2026-03-27,12:43:13,56146,1,0.0000,-0.1313,0.1325,3.8958,16.6367,0,1.0000,0,0,45.1556,-4.6897,-29.7237,1.4352,36.3124,0.320,0.000,0.957
2026-03-27,12:43:13,56186,1,0.0000,0.0009,0.1288,3.7871,16.6372,0,1.0000,0,0,45.0149,-1.6683,-30.0018,-4.5175,57.0123,0.280,0.000,0.953
2026-03-27,12:43:13,56227,1,0.0000,0.0750,0.1107,3.2550,16.6367,0,1.0000,0,0,45.1620,6.1338,-30.4365,-7.7934,46.6214,0.240,0.000,0.949
2026-03-27,12:43:13,56267,1,0.0000,0.0792,0.1010,2.9715,16.6362,0,1.0000,0,0,45.2858,6.2313,-30.3075,0.6230,13.1106,0.200,0.000,0.945
2026-03-27,12:43:13,56307,1,0.0000,0.1012,0.0850,2.4996,16.6354,0,1.0000,0,0,45.4925,5.2543,-30.0051,4.4852,24.3595,0.160,0.000,0.941
2026-03-27,12:43:13,56348,1,0.0000,-0.0534,0.1022,3.0047,16.6355,0,1.0000,0,0,45.2900,-5.3139,-30.0425,0.4530,40.9792,0.120,0.000,0.937
2026-03-27,12:43:13,56388,1,0.0000,-0.1365,0.1308,3.8475,16.6366,0,1.0000,0,0,45.1177,-6.0287,-30.2610,-3.6086,61.4325,0.080,0.000,0.933
2026-03-27,12:43:13,56429,1,0.0000,-0.0932,0.1421,4.1793,16.6374,0,1.0000,0,0,44.9267,-3.0522,-30.6890,-8.0106,78.2121,0.040,0.000,0.929
2026-03-27,12:43:13,56469,1,0.0000,-0.0031,0.1391,4.0915,16.6377,0,1.0000,0,0,44.8292,0.9590,-30.7150,-1.4932,39.8256,0.000,0.000,0.958
2026-03-27,12:43:13,56509,1,0.0000,0.0003,0.1368,4.0248,16.6377,0,1.0000,0,0,44.7833,1.6653,-30.1882,8.1025,35.0401,0.000,0.000,0.998
2026-03-27,12:43:13,56551,1,0.0000,0.0662,0.1235,3.6336,16.6373,0,1.0000,0,0,44.9258,4.9385,-29.8332,8.2472,42.8192,0.000,0.000,0.994
2026-03-27,12:43:13,56584,1,0.0000,0.0476,0.1159,3.4089,16.6369,0,1.0000,0,0,45.0285,4.2043,-29.7428,7.0258,41.0236,0.000,0.000,0.992
2026-03-27,12:43:13,56625,1,0.0000,0.0009,0.1244,3.6598,16.6370,0,1.0000,0,0,44.8372,-2.9522,-29.5802,4.8975,48.9145,0.000,0.000,0.988
2026-03-27,12:43:13,56665,1,0.0000,0.0146,0.1229,3.6156,16.6369,0,1.0000,0,0,44.8344,0.1839,-29.6184,1.0658,42.4559,0.000,0.000,0.984
2026-03-27,12:43:13,56705,1,0.0000,-0.0240,0.1266,3.7234,16.6370,0,1.0000,0,0,44.6960,-7.2773,-29.6598,-0.2227,28.2947,0.000,0.000,0.980
2026-03-27,12:43:13,56746,1,0.0000,-0.0397,0.1341,3.9433,16.6373,0,1.0000,0,0,44.5745,-4.6362,-29.6640,-0.2948,36.5532,0.000,0.000,0.976
2026-03-27,12:43:14,56786,1,0.0000,0.0230,0.1280,3.7647,16.6374,0,1.0000,0,0,44.4454,-4.2395,-29.7421,-1.3080,31.3049,0.000,0.000,0.972
2026-03-27,12:43:14,56827,1,0.0000,0.0254,0.1212,3.5657,16.6370,0,1.0000,0,0,44.5652,2.2264,-29.7760,-0.9127,20.8523,0.000,0.000,0.968
2026-03-27,12:43:14,56867,1,0.0000,-0.0848,0.1386,4.0776,16.6373,0,1.0000,0,0,44.5269,-0.6216,-29.8201,-1.2262,17.9264,0.000,0.000,0.964
2026-03-27,12:43:14,56907,1,0.0000,0.0014,0.1396,4.1073,16.6378,0,1.0000,0,0,44.3635,-1.9141,-29.9883,-3.1186,35.3537,0.000,0.000,0.960
2026-03-27,12:43:14,56947,1,0.0000,0.0650,0.1263,3.7161,16.6375,0,1.0000,0,0,44.3586,0.5939,-30.1504,-3.6545,35.7536,0.000,0.000,0.956
2026-03-27,12:43:14,56987,1,0.0000,-0.0029,0.1320,3.8830,16.6373,0,1.0000,0,0,44.5337,5.7168,-30.0958,-0.0641,3.5778,0.000,0.000,0.952
2026-03-27,12:43:14,57027,1,0.0000,-0.0347,0.1374,4.0418,16.6376,0,1.0000,0,0,44.3309,-4.2277,-30.0741,0.0323,29.7343,0.000,0.000,0.948
2026-03-27,12:43:14,57068,1,0.0000,0.0350,0.1333,3.9192,16.6376,0,1.0000,0,0,44.0893,-7.6276,-30.1508,-1.3979,31.7641,0.000,0.000,0.944
2026-03-27,12:43:14,57108,1,0.0000,0.1315,0.1045,3.0746,16.6367,0,1.0000,0,0,44.2724,4.0940,-30.1518,-0.3754,33.1250,0.000,0.000,0.940
2026-03-27,12:43:14,57149,1,0.0000,-0.0295,0.1132,3.3284,16.6363,0,1.0000,0,0,44.3167,0.6193,-30.2076,-1.3815,35.0553,0.000,0.000,0.936
2026-03-27,12:43:14,57189,1,0.0000,-0.0511,0.1259,3.7028,16.6368,0,1.0000,0,0,43.9317,-13.5543,-30.3527,-2.6207,23.8660,0.000,0.000,0.932
2026-03-27,12:43:14,57229,1,0.0000,0.0324,0.1166,3.4283,16.6368,0,1.0000,0,0,43.8437,-5.1850,-30.6514,-5.9064,25.3833,0.000,0.000,0.928
2026-03-27,12:43:14,57269,1,0.0000,0.0598,0.1072,3.1521,16.6364,0,1.0000,0,0,43.9368,1.4397,-30.5827,0.0283,-4.9077,0.000,0.000,0.924
2026-03-27,12:43:14,57309,1,0.0000,0.0899,0.0922,2.7120,16.6358,0,1.0000,0,0,44.2661,10.9988,-30.3354,3.6117,9.9398,0.000,0.000,0.920
2026-03-27,12:43:14,57351,1,0.0000,-0.0009,0.0940,2.7640,16.6353,0,1.0000,0,0,44.3637,0.8076,-30.4771,-1.3509,27.8692,0.000,0.000,0.916
2026-03-27,12:43:14,57391,1,0.0000,-0.1528,0.1250,3.6756,16.6362,0,1.0000,0,0,43.5646,-17.9585,-30.8664,-7.1571,37.3296,0.020,0.000,0.912
2026-03-27,12:43:14,57431,1,0.0000,-0.0358,0.1257,3.6971,16.6369,0,1.0000,0,0,43.3783,-8.6398,-31.4111,-11.8566,57.7495,0.100,0.000,0.908
2026-03-27,12:43:14,57473,1,0.0000,-0.0516,0.1349,3.9689,16.6373,0,1.0000,0,0,43.2504,-7.0212,-32.0191,-12.8735,34.4251,0.180,0.000,0.926
2026-03-27,12:43:14,57513,1,0.0000,0.0622,0.1219,3.5864,16.6372,0,1.0000,0,0,43.2456,2.3030,-31.8933,-1.2641,2.6509,0.230,0.000,0.966
2026-03-27,12:43:14,57554,1,0.0000,0.1357,0.0976,2.8694,16.6363,0,1.0000,0,0,43.6297,8.2415,-31.4098,7.1314,-4.2685,0.190,0.000,1.000
2026-03-27,12:43:14,57594,1,0.0000,0.0380,0.0889,2.6158,16.6353,0,1.0000,0,0,43.6204,-6.4960,-31.0727,7.3744,16.9028,0.150,0.000,1.000
2026-03-27,12:43:14,57634,1,0.0000,-0.0132,0.0927,2.7271,16.6352,0,1.0000,0,0,43.4006,-3.7536,-31.2001,0.2192,26.7618,0.110,0.000,1.000
2026-03-27,12:43:14,57674,1,0.0000,-0.1316,0.1183,3.4790,16.6359,0,1.0000,0,0,42.6834,-20.2941,-31.4869,-4.7462,30.4618,0.130,0.000,1.000
2026-03-27,12:43:14,57714,1,0.0000,-0.1228,0.1372,4.0349,16.6370,0,1.0000,0,0,42.6020,-6.1887,-31.9146,-8.9994,52.0780,0.210,0.000,1.000
2026-03-27,12:43:14,57754,1,0.0000,0.0322,0.1266,3.7248,16.6373,0,1.0000,0,0,42.2797,-5.2746,-32.2724,-7.6494,29.8432,0.290,0.000,1.000
2026-03-27,12:43:15,57788,1,0.0000,0.1177,0.1074,3.1574,16.6368,0,1.0000,0,0,42.4220,-1.0987,-32.0624,-4.6040,21.6411,0.330,0.000,1.000
2026-03-27,12:43:15,57828,1,0.0000,0.1006,0.0863,2.5369,16.6354,0,1.0000,0,0,43.0796,9.9751,-31.3563,9.0907,12.5590,0.290,0.000,1.000
2026-03-27,12:43:15,57868,1,0.0000,-0.0534,0.1026,3.0190,16.6355,0,1.0000,0,0,42.5501,-15.3668,-31.1545,5.4279,37.3349,0.250,0.000,1.000
2026-03-27,12:43:15,57908,1,0.0000,0.0060,0.1009,2.9673,16.6357,0,1.0000,0,0,42.2552,-7.0981,-31.3592,-1.1783,30.5875,0.270,0.000,1.000
2026-03-27,12:43:15,57948,1,0.0000,0.0882,0.0849,2.4959,16.6354,0,1.0000,0,0,42.0371,-6.0299,-31.3508,-0.0726,26.4488,0.350,0.000,1.000
2026-03-27,12:43:15,57989,1,0.0000,0.0901,0.0637,1.8725,16.6342,0,1.0000,0,0,42.2145,5.1345,-31.3536,-0.2863,36.4291,0.340,0.000,1.000
2026-03-27,12:43:15,58029,1,0.0000,-0.0150,0.0719,2.1148,16.6341,0,1.0000,0,0,42.5768,3.1243,-31.4255,-1.4211,4.2679,0.300,0.000,1.000
2026-03-27,12:43:15,58063,1,0.0000,-0.0396,0.0778,2.2895,16.6343,0,1.0000,0,0,42.1201,-13.4744,-31.6400,-5.3005,1.2417,0.270,0.000,1.000
2026-03-27,12:43:15,58103,1,0.0000,-0.0232,0.0808,2.3771,16.6345,0,1.0000,0,0,41.8898,-7.2690,-32.1501,-10.4975,6.5787,0.230,0.000,1.000
2026-03-27,12:43:15,58143,1,0.0000,-0.0101,0.0792,2.3293,16.6345,0,1.0000,0,0,41.7316,-2.5196,-32.4978,-9.4618,6.4267,0.280,0.000,1.000
2026-03-27,12:43:15,58183,1,0.0000,0.0119,0.0726,2.1357,16.6343,0,1.0000,0,0,41.5520,-1.8492,-32.7680,-7.5703,-14.2608,0.300,0.000,1.000
2026-03-27,12:43:15,58223,1,0.0000,0.0030,0.0701,2.0612,16.6342,0,1.0000,0,0,41.5071,-0.4662,-32.8875,-4.7195,-38.9421,0.260,0.000,1.000
2026-03-27,12:43:15,58264,1,-4.1520,0.0097,0.0693,2.0384,16.6341,0,1.0000,-519,1,41.7754,7.9895,-32.9499,-2.6800,-45.9118,0.220,0.000,1.000
2026-03-27,12:43:15,58298,1,-7.1440,-0.2280,0.0393,1.1551,16.6347,0,1.0000,-893,1,41.8383,0.6760,-32.9408,-1.4120,-20.1713,0.190,0.000,1.000
2026-03-27,12:43:15,58341,1,-7.9360,-1.2007,0.0458,1.3483,16.6422,0,1.0000,-992,1,41.5971,-3.4479,-33.0889,-2.8043,9.4659,0.150,0.000,1.000
2026-03-27,12:43:15,58383,1,-7.9760,-2.0584,0.0343,1.0079,16.6575,0,1.0000,-997,1,41.6943,0.5729,-33.1402,-1.6368,8.2076,0.110,0.000,1.000
2026-03-27,12:43:15,58423,1,-7.9760,-2.3605,0.0640,1.8812,16.6761,0,1.0000,-997,1,41.4068,-11.0376,-33.1607,-1.0181,-0.2271,0.070,0.000,1.000
2026-03-27,12:43:15,58464,1,-7.9840,-2.3231,0.0609,1.7905,16.6943,0,1.0000,-998,1,41.1279,-8.3031,-33.1366,-0.2377,-0.6422,0.090,0.000,1.000
2026-03-27,12:43:15,58506,1,-7.9840,-2.2974,0.0018,0.0539,16.7159,0,1.0000,-998,1,41.1190,-0.6363,-32.9914,2.2536,-0.4396,0.110,0.000,0.999
2026-03-27,12:43:15,58546,1,-7.9840,-2.5996,0.0330,0.9693,16.7383,0,1.0000,-998,1,41.3598,-4.8908,-32.7429,4.7814,-20.5615,0.070,0.000,1.000
2026-03-27,12:43:15,58579,1,-7.9840,-2.6016,0.0579,1.7017,16.7557,0,1.0000,-998,1,40.9060,-11.7849,-32.6442,3.6572,-11.1195,0.040,0.000,1.000
2026-03-27,12:43:15,58621,1,-7.9840,-2.2178,0.0074,0.2176,16.7768,0,1.0000,-998,1,40.4249,-7.6757,-32.6693,1.2834,-16.6946,0.090,0.000,0.999
2026-03-27,12:43:15,58664,1,-7.9840,-2.9701,0.0326,0.9591,16.8016,0,1.0000,-998,1,40.1373,-5.1893,-32.5103,2.7859,-21.2728,0.140,0.000,1.000
2026-03-27,12:43:15,58705,1,-7.9840,-2.4617,0.0318,0.9361,16.8249,0,1.0000,-998,1,39.7643,-15.7458,-32.4825,0.9487,-18.5266,0.220,0.000,1.000
2026-03-27,12:43:15,58745,1,-7.9840,-2.9246,0.0364,1.0693,16.8482,0,1.0000,-998,1,39.5357,-5.8087,-32.4867,0.2494,-36.2700,0.270,0.000,1.000
2026-03-27,12:43:16,58789,1,-7.9840,-3.0369,0.0468,1.3774,16.8746,0,1.0000,-998,1,39.3713,-2.0882,-32.4920,0.0382,-23.4412,0.320,0.000,1.000
2026-03-27,12:43:16,58829,1,-7.9840,-2.8535,0.0320,0.9412,16.9001,0,1.0000,-998,1,39.1895,-3.0265,-32.5987,-1.9401,-32.6861,0.370,0.000,1.000
2026-03-27,12:43:16,58869,1,-7.9840,-2.7644,0.0289,0.8490,16.9247,0,1.0000,-998,1,38.9484,-7.3349,-32.6584,-1.9355,-41.8592,0.360,0.000,1.000
2026-03-27,12:43:16,58902,1,-7.9840,-2.6479,0.0373,1.0971,16.9448,0,1.0000,-998,1,38.9927,-2.7365,-32.6035,-0.3997,-44.0112,0.330,0.000,1.000
2026-03-27,12:43:16,58945,1,-7.9840,-2.8438,0.0484,1.4227,16.9709,0,1.0000,-998,1,39.0791,2.6794,-32.4683,0.2313,-40.6935,0.300,0.000,1.000
2026-03-27,12:43:16,58988,1,-7.9840,-2.7785,0.0282,0.8293,16.9950,0,1.0000,-998,1,38.8211,0.6686,-32.4745,0.3039,-34.1901,0.260,0.000,1.000
2026-03-27,12:43:16,59030,1,-7.9840,-2.5934,0.0178,0.5231,17.0188,0,1.0000,-998,1,38.5286,-0.4463,-32.4118,0.3826,-34.6332,0.280,0.000,1.000
2026-03-27,12:43:16,59070,1,-7.9840,-2.7310,0.0341,1.0016,17.0407,0,1.0000,-998,1,38.2190,-13.4076,-32.3850,-0.3539,-29.2142,0.270,0.000,1.000
2026-03-27,12:43:16,59112,1,-7.9840,-2.7831,0.0437,1.2857,17.0653,0,1.0000,-998,1,38.1261,-10.9882,-32.6017,-4.4444,-12.2986,0.260,0.000,1.000
2026-03-27,12:43:16,59152,1,-7.9840,-3.0559,0.0433,1.2739,17.0906,0,1.0000,-998,1,38.2123,-2.7087,-32.8755,-6.0541,2.0249,0.220,0.000,0.998
2026-03-27,12:43:16,59194,1,-7.9840,-3.0748,0.0496,1.4594,17.1193,0,1.0000,-998,1,38.2081,-2.9259,-33.0730,-5.3366,-4.2416,0.180,0.000,0.997
2026-03-27,12:43:16,59234,1,-7.9840,-3.0041,0.0435,1.2790,17.1463,0,1.0000,-998,1,38.2474,6.7994,-33.1619,-2.8264,-23.4258,0.140,0.000,0.999
2026-03-27,12:43:16,59274,1,-5.4148,-2.8881,0.0313,0.9213,17.1733,0,1.0000,-998,0,38.2182,8.8665,-33.1690,-0.8895,-19.3857,0.100,0.000,0.995
2026-03-27,12:43:16,59316,1,-2.1292,-2.7437,0.0622,1.8285,17.1998,0,1.0000,-998,0,38.1869,6.7477,-33.0079,2.4459,-28.9458,0.060,0.000,0.991
2026-03-27,12:43:16,59356,1,-2.1292,-2.1014,0.0471,1.3865,17.2191,0,1.0000,-998,0,38.0018,-4.4293,-32.8534,2.8395,-4.5101,0.020,0.000,0.987
2026-03-27,12:43:16,59397,1,-2.1292,-2.1365,0.0548,1.6118,17.2382,0,1.0000,-998,0,37.5449,-9.7302,-32.9735,-1.1746,-11.5838,0.020,0.000,0.983
2026-03-27,12:43:16,59437,1,-2.1292,-2.1741,0.0634,1.8639,17.2565,0,1.0000,-998,0,37.7049,-0.9674,-33.0936,-2.5785,-10.4318,0.000,0.000,0.979
2026-03-27,12:43:16,59477,1,-2.1292,-2.1206,0.0537,1.5786,17.2746,0,1.0000,-998,0,37.8594,3.1385,-33.0036,0.8504,-15.5617,0.000,0.000,0.975
2026-03-27,12:43:16,59517,1,-2.1292,-2.0240,0.0488,1.4351,17.2928,0,1.0000,-998,0,37.9215,2.0432,-32.8673,2.6143,-32.9641,0.000,0.000,0.971
2026-03-27,12:43:16,59557,1,-2.1292,-2.0938,0.0574,1.6884,17.3112,0,1.0000,-998,0,37.6427,-5.0261,-32.5807,5.5045,-47.3230,0.000,0.000,0.967
2026-03-27,12:43:16,59597,1,-2.1292,-2.1003,0.0569,1.6742,17.3293,0,1.0000,-998,0,37.7960,6.7968,-32.3487,4.9961,-26.0397,0.000,0.000,0.963
2026-03-27,12:43:16,59637,1,-2.1292,-2.1776,0.0650,1.9122,17.3476,0,1.0000,-998,0,37.9281,5.5527,-32.3786,0.9060,4.7507,0.000,0.000,0.959
2026-03-27,12:43:16,59677,1,-2.1292,-2.1704,0.0592,1.7404,17.3657,0,1.0000,-998,0,38.0890,3.9153,-32.3221,1.2658,-8.6808,0.000,0.000,0.955
2026-03-27,12:43:16,59711,1,-2.1292,-2.1061,0.0551,1.6219,17.3813,0,1.0000,-998,0,38.2011,5.3740,-32.1664,3.2153,-11.5451,0.000,0.000,0.952
2026-03-27,12:43:16,59751,1,-2.1292,-2.0170,0.0407,1.1962,17.3990,0,1.0000,-998,0,38.3083,3.9957,-31.9511,4.3490,-15.5261,0.000,0.000,0.948
2026-03-27,12:43:17,59792,1,-2.1292,-1.9570,0.0272,0.7998,17.4170,0,1.0000,-398,0,38.5276,5.5519,-31.7014,5.4242,-27.0110,0.000,0.000,0.944
2026-03-27,12:43:17,59826,1,7.9920,-1.7298,0.0598,1.7601,17.4323,0,1.0000,999,1,38.4826,-1.6541,-31.5109,5.1792,-3.2368,0.000,0.000,0.941
2026-03-27,12:43:17,59867,1,7.9920,-0.9274,0.0814,2.3945,17.4444,0,1.0000,999,1,37.2500,-29.5659,-31.4327,2.9726,17.0709,0.040,0.000,0.948
2026-03-27,12:43:17,59910,1,7.9920,-0.1061,0.0914,2.6884,17.4487,0,1.0000,999,1,37.5487,10.8385,-31.2241,4.4756,-11.9082,0.120,0.000,0.988
2026-03-27,12:43:17,59950,1,7.9920,0.4451,0.1464,4.3070,17.4467,0,1.0000,999,1,38.0132,11.7402,-30.8005,8.6103,-22.1953,0.080,0.000,1.000
2026-03-27,12:43:17,59990,1,7.9920,1.2275,0.1759,5.1727,17.4379,0,1.0000,999,1,37.6255,-7.2295,-30.6204,5.0609,7.8341,0.040,0.000,1.000
2026-03-27,12:43:17,60023,1,7.9920,2.0705,0.1791,5.2680,17.4252,0,1.0000,999,1,37.9951,10.2273,-30.5749,3.0300,6.3498,0.010,0.000,1.000
2026-03-27,12:43:17,60063,1,7.9920,2.8918,0.1757,5.1686,17.4027,0,1.0000,999,1,38.6102,16.2629,-30.1790,8.4372,-13.5281,0.000,0.000,1.000
2026-03-27,12:43:17,60103,1,7.9920,3.3899,0.1839,5.4087,17.3857,0,1.0000,999,1,38.6458,9.6795,-29.7158,9.7484,-12.5814,0.000,0.000,1.000
2026-03-27,12:43:17,60139,1,7.9920,4.3132,0.2013,5.9192,17.3411,0,1.0000,999,1,38.8590,1.5198,-29.6177,4.9555,-14.9936,0.000,0.000,1.000
2026-03-27,12:43:17,60179,1,7.9920,5.2341,0.2200,6.4712,17.2994,0,1.0000,999,1,38.4806,2.1537,-29.3577,6.4185,-18.9680,0.000,0.000,1.000
2026-03-27,12:43:17,60223,1,7.9920,6.1504,0.2131,6.2688,17.2468,0,1.0000,999,1,39.1054,8.7557,-29.1879,3.7703,-2.2477,0.000,0.000,1.000
2026-03-27,12:43:17,60264,1,7.9920,6.8636,0.2403,7.0680,17.1868,0,1.0000,999,1,39.3613,6.6148,-29.0896,2.8945,-7.8475,0.000,0.000,1.000
2026-03-27,12:43:17,60304,1,7.9920,7.5458,0.2754,8.1010,17.1243,0,1.0000,999,1,39.8170,12.5064,-28.8362,4.4237,1.0561,0.000,0.000,1.000
2026-03-27,12:43:17,60337,1,7.9920,7.9349,0.2747,8.0791,17.0686,0,1.0000,999,1,39.2547,-12.6893,-28.8837,0.8132,14.3475,0.000,0.000,1.000
2026-03-27,12:43:17,60377,1,7.9920,8.0996,0.2441,7.1805,17.0000,0,1.0000,999,1,39.8010,15.2635,-29.1186,-4.2755,18.3572,0.000,0.000,1.000
2026-03-27,12:43:17,60419,1,7.9920,8.0933,0.2194,6.4517,16.9302,0,1.0000,999,1,40.6552,14.1508,-28.9813,1.0979,9.0789,0.000,0.000,1.000
2026-03-27,12:43:17,60459,1,7.9920,7.8257,0.2652,7.8008,16.8596,0,1.0000,999,1,40.6947,2.9270,-28.7909,3.1519,14.8587,0.000,0.000,1.000
2026-03-27,12:43:17,60499,1,7.9920,7.9274,0.2697,7.9331,16.7918,0,1.0000,999,1,40.9038,6.7933,-28.4984,6.4008,6.5936,0.000,0.000,1.000
2026-03-27,12:43:17,60532,1,7.9920,8.1743,0.2233,6.5681,16.7363,0,1.0000,999,1,41.4393,19.3804,-28.2682,6.6361,5.7173,0.000,0.000,1.000
2026-03-27,12:43:17,60572,1,7.9920,7.9581,0.2397,7.0493,16.6661,0,1.0000,999,1,42.1775,14.3900,-28.2274,2.3898,17.1967,0.000,0.000,1.000
2026-03-27,12:43:17,60612,1,7.9920,7.8849,0.2612,7.6823,16.5984,0,1.0000,999,1,42.1030,2.1044,-28.2830,-0.2033,21.6500,0.000,0.000,1.000
2026-03-27,12:43:17,60645,1,7.9920,8.0422,0.2467,7.2568,16.5416,0,1.0000,999,1,42.6202,23.4919,-28.2953,0.1477,19.6618,0.000,0.000,1.000
2026-03-27,12:43:17,60685,1,7.9920,8.0632,0.2230,6.5587,16.4726,0,1.0000,999,1,43.2201,25.3533,-28.0369,4.1365,17.4984,0.000,0.000,1.000
2026-03-27,12:43:17,60728,1,7.9920,7.9988,0.2237,6.5796,16.4010,0,1.0000,999,1,43.5818,8.0437,-27.9635,1.9879,28.3570,0.000,0.000,1.000
2026-03-27,12:43:17,60769,1,7.9920,8.0800,0.2133,6.2745,16.3285,0,1.0000,999,1,44.0212,11.8961,-27.9878,0.2240,37.3733,0.000,0.000,1.000
2026-03-27,12:43:18,60809,1,7.9920,7.8639,0.2594,7.6305,16.2609,0,1.0000,999,1,43.9015,2.5963,-27.9112,1.4618,31.7326,0.000,0.000,1.000
2026-03-27,12:43:18,60842,1,7.9920,7.9683,0.2541,7.4724,16.2048,0,1.0000,999,1,44.3476,7.3164,-27.8373,1.5343,41.5564,0.000,0.000,1.000
2026-03-27,12:43:18,60882,1,7.9920,7.8804,0.2725,8.0136,16.1374,0,1.0000,999,1,44.5742,9.9220,-27.7740,1.4343,35.1735,0.000,0.000,1.000
2026-03-27,12:43:18,60923,1,7.9920,8.0671,0.2509,7.3800,16.0687,0,1.0000,999,1,44.9751,9.7015,-27.6084,3.3846,16.5534,0.000,0.000,1.000
2026-03-27,12:43:18,60965,1,7.9920,8.0522,0.2307,6.7844,15.9946,0,1.0000,999,1,45.6600,18.5081,-27.4863,3.2133,27.1668,0.000,0.000,1.000
2026-03-27,12:43:18,61005,1,7.9920,7.9787,0.2506,7.3715,15.9262,0,1.0000,999,1,45.5160,4.2770,-27.4918,1.1240,23.3968,0.000,0.000,1.000
2026-03-27,12:43:18,61038,1,7.9920,7.9345,0.2466,7.2516,15.8725,0,1.0000,999,1,45.7042,5.9344,-27.5940,-1.1013,13.3126,0.000,0.000,1.000
2026-03-27,12:43:18,61078,1,7.9920,7.9836,0.2556,7.5169,15.8020,0,1.0000,999,1,46.0263,7.2685,-27.5511,-0.7353,24.5721,0.000,0.000,1.000
2026-03-27,12:43:18,61118,1,7.9920,7.9713,0.2499,7.3487,15.7339,0,1.0000,999,1,46.3073,-0.4088,-27.6727,-1.9801,14.1864,0.000,0.000,1.000
2026-03-27,12:43:18,61151,1,7.9920,7.9903,0.2530,7.4424,15.6772,0,1.0000,999,1,46.8541,11.5028,-27.8506,-3.4818,32.3057,0.000,0.000,1.000
2026-03-27,12:43:18,61191,1,7.9920,7.9335,0.2633,7.7437,15.6091,0,1.0000,999,1,47.0939,9.5607,-27.9886,-2.8154,14.2961,0.000,0.000,1.000
2026-03-27,12:43:18,61236,1,7.9920,8.0385,0.2603,7.6545,15.5367,0,1.0000,999,1,47.2818,13.8119,-28.0877,-1.4698,6.1146,0.000,0.000,1.000
2026-03-27,12:43:18,61276,1,7.9920,8.0519,0.2502,7.3600,15.4637,0,1.0000,999,1,47.8027,8.4465,-27.9432,1.7831,5.0219,0.000,0.000,1.000
2026-03-27,12:43:18,61317,1,7.9920,8.3297,0.1924,5.6585,15.3916,0,1.0000,999,1,48.3046,12.7372,-28.0301,-1.2168,22.9472,0.000,0.000,1.000
2026-03-27,12:43:18,61359,1,7.9920,7.8923,0.2304,6.7751,15.3196,0,1.0000,999,1,48.8762,5.6545,-28.3154,-4.2789,17.8694,0.000,0.000,1.000
2026-03-27,12:43:18,61399,1,7.9920,8.0174,0.2050,6.0282,15.2514,0,1.0000,999,1,49.1001,3.7009,-28.2614,-0.2570,8.4669,0.000,0.000,1.000
2026-03-27,12:43:18,61441,1,7.9920,8.2003,0.1694,4.9831,15.1815,0,1.0000,999,1,49.5967,14.5700,-28.0046,4.3717,0.6434,0.000,0.000,1.000
2026-03-27,12:43:18,61483,1,7.9920,8.1169,0.1535,4.5144,15.1049,0,1.0000,999,1,50.1323,17.7969,-27.9375,2.5730,-12.7956,0.000,0.000,1.000
2026-03-27,12:43:18,61523,1,7.9920,7.7977,0.1779,5.2327,15.0370,0,1.0000,999,1,50.5096,9.4432,-28.0141,-0.5754,1.9010,0.000,0.000,1.000
2026-03-27,12:43:18,61556,1,7.9920,7.9221,0.1876,5.5187,14.9828,0,1.0000,999,1,50.6627,5.9387,-28.1505,-2.3492,0.1869,0.000,0.000,1.000
2026-03-27,12:43:18,61597,1,7.9920,8.0403,0.1708,5.0227,14.9110,0,1.0000,999,1,50.8672,4.9898,-28.2793,-1.8443,-14.4178,0.000,0.000,1.000
2026-03-27,12:43:18,61640,1,7.9920,8.1249,0.1446,4.2536,14.8387,0,1.0000,999,1,50.9864,1.7149,-28.1929,0.8922,-6.0075,0.000,0.000,1.000
2026-03-27,12:43:18,61680,1,7.9920,8.0274,0.1384,4.0718,14.7677,0,1.0000,999,1,51.4472,12.2188,-27.9064,5.0574,-12.2262,0.000,0.000,1.000
2026-03-27,12:43:18,61720,1,7.9920,7.8915,0.1755,5.1603,14.6998,0,1.0000,999,1,51.7480,7.5114,-27.7420,4.3491,3.3386,0.000,0.000,1.000
2026-03-27,12:43:18,61762,1,7.9920,8.0154,0.1755,5.1620,14.6282,0,1.0000,999,1,51.9244,4.3790,-27.8958,-0.8242,8.4411,0.000,0.000,1.000
2026-03-27,12:43:19,61803,1,7.9920,7.9735,0.1737,5.1082,14.5579,0,1.0000,999,1,52.0295,3.3981,-28.1295,-3.4597,-0.2665,0.000,0.000,1.000
2026-03-27,12:43:19,61844,1,7.9920,8.0315,0.1678,4.9358,14.4899,0,1.0000,999,1,52.0396,1.8170,-28.1702,-1.3252,-14.0122,0.000,0.000,1.000
2026-03-27,12:43:19,61878,1,7.9920,7.9960,0.1567,4.6098,14.4311,0,1.0000,999,1,52.2120,5.1032,-28.0141,2.2059,-26.6512,0.000,0.000,1.000
2026-03-27,12:43:19,61911,1,7.9920,7.9509,0.1602,4.7115,14.3751,0,1.0000,999,1,52.2361,3.3040,-27.8458,3.8579,-23.4073,0.000,0.000,1.000
2026-03-27,12:43:19,61954,1,7.9920,7.9592,0.1650,4.8536,14.3014,0,1.0000,999,1,52.1721,-0.4546,-27.9671,-0.6002,-13.7434,0.000,0.000,1.000
2026-03-27,12:43:19,61994,1,7.9920,7.9048,0.1830,5.3832,14.2318,0,1.0000,999,1,52.1848,1.4169,-28.1957,-3.5517,-12.3767,0.000,0.000,1.000
2026-03-27,12:43:19,62034,1,7.9920,7.9216,0.1806,5.3121,14.1638,0,1.0000,999,1,52.0414,0.3651,-28.2563,-1.5662,-10.7535,0.000,0.000,1.000
2026-03-27,12:43:19,62076,1,7.9920,7.9879,0.1765,5.1914,14.0923,0,1.0000,999,1,52.2207,5.5223,-28.1894,0.8791,-23.2488,0.000,0.000,1.000
2026-03-27,12:43:19,62116,1,7.9920,8.1589,0.1535,4.5145,14.0232,0,1.0000,999,1,52.5363,8.8585,-28.0372,2.9565,-39.6903,0.000,0.000,1.000
2026-03-27,12:43:19,62158,1,7.9920,8.0866,0.1254,3.6883,13.9532,0,1.0000,999,1,52.9401,11.1286,-28.0263,1.1108,-14.5119,0.000,0.000,1.000
2026-03-27,12:43:19,62198,1,7.9920,8.0454,0.1286,3.7838,13.8811,0,1.0000,999,1,53.2028,9.4932,-28.2473,-3.1900,0.5863,0.000,0.000,1.000
2026-03-27,12:43:19,62238,1,7.9920,7.8205,0.1641,4.8260,13.8136,0,1.0000,999,1,52.9170,-9.0815,-28.6434,-7.0400,-0.5367,0.000,0.000,1.000
2026-03-27,12:43:19,62271,1,7.9920,7.8277,0.1713,5.0391,13.7610,0,1.0000,999,1,52.9760,0.5513,-28.6890,-3.6658,-0.7492,0.000,0.000,1.000
2026-03-27,12:43:19,62311,1,7.9920,8.0551,0.1613,4.7432,13.6903,0,1.0000,999,1,52.7699,-1.7580,-28.6355,0.2430,-14.6595,0.000,0.000,1.000
2026-03-27,12:43:19,62351,1,7.9920,8.1982,0.1444,4.2469,13.6211,0,1.0000,999,1,52.7955,-1.8970,-28.3148,5.6148,-18.9909,0.000,0.000,1.000
2026-03-27,12:43:19,62386,1,7.9920,8.2383,0.1044,3.0698,13.5776,0,1.0000,999,1,53.3262,5.5049,-28.1766,5.2583,-11.3593,0.000,0.000,1.000
2026-03-27,12:43:19,62426,1,7.9920,8.0349,0.0927,2.7251,13.4903,0,1.0000,999,1,53.9319,12.7111,-27.9193,5.7744,-3.8974,0.000,0.000,1.000
2026-03-27,12:43:19,62468,1,7.9920,7.8526,0.1285,3.7789,13.4214,0,1.0000,999,1,53.5557,-10.1145,-27.8109,3.7403,-3.1047,0.000,0.000,1.000
2026-03-27,12:43:19,62501,1,7.9920,7.8720,0.1367,4.0212,13.3649,0,1.0000,999,1,53.3511,-6.6637,-27.9713,-1.0575,3.2036,0.000,0.000,1.000
2026-03-27,12:43:19,62543,1,7.9920,7.8093,0.1747,5.1393,13.2945,0,1.0000,999,1,52.8089,-10.5154,-28.5142,-8.5574,1.5130,0.060,0.000,1.000
2026-03-27,12:43:19,62576,1,7.9920,7.8590,0.1855,5.4562,13.2386,0,1.0000,999,1,52.5915,-8.6961,-28.6003,-4.4260,-12.2201,0.120,0.000,1.000
2026-03-27,12:43:19,62617,1,7.9920,8.1031,0.1605,4.7197,13.1672,0,1.0000,999,1,52.3056,-10.8446,-28.1095,6.5398,-16.5597,0.200,0.000,1.000
2026-03-27,12:43:19,62657,1,7.9920,8.2381,0.1219,3.5866,13.0973,0,1.0000,999,1,52.6182,0.9665,-27.9551,4.5073,-27.4720,0.190,0.000,1.000
2026-03-27,12:43:19,62691,1,7.9920,8.1178,0.0952,2.8005,13.0378,0,1.0000,999,1,52.9027,2.6448,-27.8640,3.3833,-24.5488,0.160,0.000,1.000
2026-03-27,12:43:19,62731,1,7.9920,7.8070,0.1570,4.6190,12.9703,0,1.0000,999,1,52.3655,-11.5972,-27.9898,-0.9181,-14.3264,0.120,0.000,1.000
2026-03-27,12:43:19,62773,1,7.9920,7.8086,0.1654,4.8649,12.9023,0,1.0000,999,1,52.2528,-6.1611,-28.3390,-5.7981,-5.9638,0.110,0.000,1.000
2026-03-27,12:43:20,62813,1,7.9920,7.9760,0.1654,4.8645,12.8318,0,1.0000,999,1,51.6584,-10.7877,-28.7225,-7.7712,7.0009,0.160,0.000,1.000
2026-03-27,12:43:20,62854,1,7.9920,8.1382,0.1331,3.9147,12.7624,0,1.0000,999,1,52.3131,17.8865,-28.6584,-1.6672,6.3648,0.180,0.000,1.000
2026-03-27,12:43:20,62887,1,7.9920,8.0764,0.1368,4.0237,12.7058,0,1.0000,999,1,52.0209,-3.6010,-28.6384,-0.1703,-14.7072,0.150,0.000,1.000
2026-03-27,12:43:20,62927,1,7.9920,7.9245,0.1381,4.0610,12.6358,0,1.0000,999,1,51.8449,-6.7730,-28.4963,1.8612,13.6378,0.110,0.000,1.000
2026-03-27,12:43:20,62967,1,7.9920,7.9830,0.1591,4.6785,12.5680,0,1.0000,999,1,51.3992,-9.8609,-28.6193,-1.1845,11.0750,0.130,0.000,1.000
2026-03-27,12:43:20,63000,1,7.9920,8.0221,0.1476,4.3411,12.5114,0,1.0000,999,1,51.3740,-1.5825,-28.7441,-2.1809,16.0527,0.190,0.000,1.000
2026-03-27,12:43:20,63040,1,7.9920,7.9356,0.1484,4.3660,12.4433,0,1.0000,999,1,50.8611,-9.2154,-28.6665,1.3769,-6.1178,0.270,0.000,1.000
2026-03-27,12:43:20,63082,1,7.9920,8.0189,0.1534,4.5120,12.3745,0,1.0000,999,1,50.6412,-8.8339,-28.5331,2.6100,0.8201,0.350,0.000,1.000
2026-03-27,12:43:20,63123,1,7.9920,8.1309,0.1087,3.1965,12.3005,0,1.0000,999,1,50.7149,0.2221,-28.5015,1.6691,0.6136,0.430,0.000,1.000
2026-03-27,12:43:20,63163,1,7.9920,7.9858,0.1249,3.6733,12.2314,0,1.0000,999,1,50.9624,0.1167,-28.4309,1.6455,-6.1028,0.390,0.000,1.000
2026-03-27,12:43:20,63196,1,7.9920,7.8805,0.1370,4.0302,12.1754,0,1.0000,999,1,50.8533,-3.8950,-28.5040,-0.2542,0.9661,0.360,0.000,1.000
2026-03-27,12:43:20,63237,1,7.9920,7.8901,0.1528,4.4948,12.1060,0,1.0000,999,1,50.4485,-11.1964,-28.6954,-3.1832,6.7478,0.320,0.000,1.000
2026-03-27,12:43:20,63278,1,7.9920,7.9890,0.1506,4.4300,12.0380,0,1.0000,999,1,50.1029,-2.5080,-28.8416,-2.5460,-1.6405,0.400,0.000,1.000
2026-03-27,12:43:20,63320,1,7.9920,7.9984,0.1375,4.0430,11.9646,0,1.0000,999,1,49.8482,-9.7398,-28.5881,3.6291,-7.4671,0.480,0.000,1.000
2026-03-27,12:43:20,63360,1,7.9920,8.1275,0.1203,3.5387,11.8953,0,1.0000,999,1,49.9419,-0.2099,-28.2982,5.4638,-12.4357,0.560,0.000,1.000
2026-03-27,12:43:20,63393,1,7.9920,8.1519,0.0928,2.7308,11.8403,0,1.0000,999,1,50.1366,0.9923,-28.1990,4.2002,-11.2426,0.530,0.000,1.000
2026-03-27,12:43:20,63433,1,7.9920,8.0600,0.0806,2.3716,11.7683,0,1.0000,999,1,50.4890,5.4036,-28.1418,2.3317,-15.8607,0.490,0.000,1.000
2026-03-27,12:43:20,63473,1,7.9920,7.9540,0.0815,2.3977,11.7000,0,1.0000,999,1,50.1666,-13.2780,-28.0280,2.8473,0.2504,0.450,0.000,1.000
2026-03-27,12:43:20,63511,1,7.9920,7.9802,0.0893,2.6269,11.6399,0,1.0000,999,1,50.1121,-6.1820,-28.2564,0.0809,3.3794,0.430,0.000,1.000
2026-03-27,12:43:20,63553,1,7.9920,7.9237,0.1212,3.5656,11.5658,0,1.0000,999,1,49.9506,-0.3247,-28.4911,-3.3569,22.6632,0.390,0.000,1.000
2026-03-27,12:43:20,63586,1,7.9920,7.8286,0.1323,3.8900,11.5115,0,1.0000,999,1,49.6138,-5.0636,-28.6816,-4.4119,12.7919,0.360,0.000,1.000
2026-03-27,12:43:20,63627,1,7.9920,7.9771,0.1447,4.2572,11.4393,0,1.0000,999,1,49.3057,-4.6680,-28.4262,3.2519,-1.5494,0.440,0.000,1.000
2026-03-27,12:43:20,63667,1,7.9920,8.0830,0.1084,3.1891,11.3704,0,1.0000,999,1,49.7096,14.7553,-28.1843,5.0003,-15.2255,0.430,0.000,1.000
2026-03-27,12:43:20,63700,1,7.9920,8.1165,0.0955,2.8083,11.3156,0,1.0000,999,1,49.7672,1.7533,-28.0665,4.3493,-19.6580,0.400,0.000,1.000
2026-03-27,12:43:20,63740,1,7.9920,8.0440,0.0883,2.5984,11.2439,0,1.0000,999,1,49.9194,2.3214,-27.9108,3.7357,-9.9424,0.360,0.000,1.000
2026-03-27,12:43:20,63780,1,7.9920,7.8758,0.1019,2.9975,11.1760,0,1.0000,999,1,49.8005,-0.4031,-27.7371,4.2654,-1.1126,0.320,0.000,1.000
2026-03-27,12:43:21,63813,1,7.9920,7.8788,0.1171,3.4432,11.1204,0,1.0000,999,1,49.4630,-10.5288,-27.7081,2.3697,5.4992,0.290,0.000,1.000
2026-03-27,12:43:21,63853,1,7.9920,7.9064,0.1431,4.2086,11.0529,0,1.0000,999,1,49.3072,-4.9253,-27.7927,-0.1060,-7.8691,0.250,0.000,1.000
2026-03-27,12:43:21,63894,1,7.9920,7.9561,0.1427,4.1972,10.9849,0,1.0000,999,1,48.9738,-8.5669,-27.7470,0.5328,-27.0215,0.240,0.000,1.000
2026-03-27,12:43:21,63927,1,7.9920,7.8598,0.1457,4.2846,10.9271,0,1.0000,999,1,49.2603,6.3861,-27.6405,1.9378,-24.1511,0.210,0.000,1.000
2026-03-27,12:43:21,63967,1,7.9920,8.0621,0.1401,4.1211,10.8585,0,1.0000,999,1,49.1457,4.3192,-27.5935,1.5330,-14.4205,0.170,0.000,1.000
2026-03-27,12:43:21,64010,1,7.9920,8.1480,0.1070,3.1456,10.7869,0,1.0000,999,1,49.1821,1.9867,-27.6272,0.2528,-5.6111,0.130,0.000,1.000
2026-03-27,12:43:21,64050,1,7.9920,7.8503,0.1315,3.8682,10.7155,0,1.0000,999,1,49.0056,-8.3906,-27.4984,2.4288,1.8019,0.090,0.000,1.000
2026-03-27,12:43:21,64090,1,7.9920,7.8176,0.1446,4.2531,10.6481,0,1.0000,999,1,48.6271,-14.7646,-27.4719,1.0222,14.9262,0.050,0.000,1.000
2026-03-27,12:43:21,64123,1,7.9920,7.8738,0.1591,4.6787,10.5927,0,1.0000,999,1,47.5483,-27.3252,-27.8273,-5.4918,32.7786,0.110,0.000,1.000
2026-03-27,12:43:21,64163,1,7.9920,7.9780,0.1666,4.8999,10.5244,0,1.0000,999,1,47.6443,4.9819,-27.9809,-2.7455,7.4969,0.190,0.000,1.000
2026-03-27,12:43:21,64205,1,7.9920,8.1168,0.1317,3.8728,10.4555,0,1.0000,999,1,48.2960,15.4868,-27.4044,8.2868,-6.4329,0.180,0.000,1.000
2026-03-27,12:43:21,64240,1,7.9920,8.0639,0.1327,3.9015,10.3917,0,1.0000,999,1,48.7862,11.2370,-27.1457,7.6281,10.9061,0.150,0.000,1.000
2026-03-27,12:43:21,64280,1,7.9920,8.0293,0.1255,3.6902,10.3232,0,1.0000,999,1,49.1520,10.6880,-27.0479,4.4693,35.4768,0.110,0.000,1.000
2026-03-27,12:43:21,64313,1,7.9920,8.0171,0.1390,4.0896,10.2692,0,1.0000,999,1,49.2687,7.1888,-27.1282,0.8516,30.6686,0.080,0.000,1.000
2026-03-27,12:43:21,64346,1,7.9920,8.0703,0.1295,3.8092,10.2122,0,1.0000,999,1,49.2979,3.6978,-27.2225,-0.8239,20.0044,0.050,0.000,1.000
2026-03-27,12:43:21,64389,1,7.9920,8.0782,0.1096,3.2232,10.1380,0,1.0000,999,1,49.8193,9.5699,-26.9510,4.0747,-2.5813,0.010,0.000,1.000
2026-03-27,12:43:21,64431,1,7.9920,8.0242,0.1128,3.3170,10.0638,0,1.0000,999,1,50.1449,11.2415,-26.6597,5.9831,17.9712,0.000,0.000,1.000
2026-03-27,12:43:21,64471,1,7.9920,8.0280,0.1045,3.0737,9.9958,0,1.0000,999,1,50.2877,4.7498,-26.5791,3.2952,8.4438,0.000,0.000,1.000
2026-03-27,12:43:21,64512,1,7.9920,8.0346,0.1031,3.0332,9.9268,0,1.0000,999,1,50.3521,3.9473,-26.6008,1.3549,-13.5924,0.000,0.000,1.000
2026-03-27,12:43:21,64554,1,7.9920,8.0373,0.0937,2.7561,9.8534,0,1.0000,999,1,50.4600,4.4863,-26.4055,3.7883,-31.3032,0.000,0.000,1.000
2026-03-27,12:43:21,64594,1,7.9920,8.0548,0.0898,2.6403,9.7845,0,1.0000,999,1,50.5404,0.5678,-26.1767,4.8428,-33.5595,0.000,0.000,1.000
2026-03-27,12:43:21,64634,1,7.9920,8.0184,0.0799,2.3507,9.7222,0,1.0000,999,1,50.6342,1.3612,-26.1612,3.4365,-28.3409,0.000,0.000,1.000
2026-03-27,12:43:21,64674,1,7.9920,8.0054,0.0789,2.3213,9.6472,0,1.0000,999,1,50.7668,4.4257,-25.9762,4.3680,-24.0207,0.000,0.000,1.000
2026-03-27,12:43:21,64715,1,7.9920,7.9847,0.0751,2.2092,9.5788,0,1.0000,999,1,50.7055,-0.3479,-25.8190,4.0479,-26.9080,0.000,0.000,1.000
2026-03-27,12:43:21,64755,1,7.9920,8.1293,0.0430,1.2641,9.5079,0,1.0000,999,1,50.8130,2.3725,-25.7166,3.2836,-22.9038,0.000,0.000,1.000
2026-03-27,12:43:22,64795,1,7.9920,8.0118,0.0607,1.7856,9.4389,0,1.0000,999,1,51.3183,8.9265,-25.5930,3.4202,-26.2344,0.000,0.000,1.000
2026-03-27,12:43:22,64828,1,7.9920,7.9255,0.0632,1.8579,9.3855,0,1.0000,999,1,51.0950,-4.8768,-25.5773,1.7694,-29.9849,0.000,0.000,1.000
2026-03-27,12:43:22,64868,1,7.9920,7.9157,0.0756,2.2234,9.3152,0,1.0000,999,1,50.7270,-3.8995,-25.5629,0.8340,-25.6294,0.000,0.000,1.000
2026-03-27,12:43:22,64909,1,7.9920,7.9528,0.0950,2.7930,9.2456,0,1.0000,999,1,50.3611,-13.2590,-25.5912,-0.2713,-15.1636,0.000,0.000,1.000
2026-03-27,12:43:22,64942,1,7.9920,8.0474,0.0776,2.2831,9.1891,0,1.0000,999,1,50.3450,3.8049,-25.6760,-1.2271,-20.6330,0.030,0.000,1.000
2026-03-27,12:43:22,64982,1,7.9920,8.0111,0.0765,2.2510,9.1204,0,1.0000,999,1,50.3907,3.0783,-25.5816,1.7292,-30.3741,0.000,0.000,1.000
2026-03-27,12:43:22,65023,1,7.9920,8.0699,0.0565,1.6612,9.0514,0,1.0000,999,1,50.7173,5.2670,-25.3838,3.5470,-25.9364,0.000,0.000,1.000
2026-03-27,12:43:22,65064,1,7.9920,8.0308,0.0414,1.2165,8.9790,0,1.0000,999,1,51.1947,12.5898,-25.1772,4.9851,-35.2970,0.000,0.000,1.000
2026-03-27,12:43:22,65104,1,7.9920,8.0070,0.0536,1.5771,8.9105,0,1.0000,999,1,51.5185,5.0068,-24.9765,5.0708,-36.9508,0.000,0.000,1.000
2026-03-27,12:43:22,65147,1,7.9920,8.0224,0.0399,1.1724,8.8382,0,1.0000,999,1,51.9663,14.9438,-24.7780,4.7354,-24.6098,0.000,0.000,1.000
2026-03-27,12:43:22,65189,1,7.9920,8.0853,0.0155,0.4572,8.7658,0,1.0000,999,1,54.0863,49.5489,-24.6916,2.8307,-28.1126,0.000,0.000,1.000
2026-03-27,12:43:22,65232,1,7.9920,7.9864,0.0322,0.9483,8.6918,0,1.0000,999,1,56.6768,55.4779,-24.6028,2.2810,-30.2619,0.000,0.000,1.000
2026-03-27,12:43:22,65272,1,7.9920,7.9916,0.0228,0.6716,8.6218,0,1.0000,999,1,58.3332,40.6691,-24.7168,-1.2398,-11.8568,0.000,0.000,1.000
2026-03-27,12:43:22,65312,1,7.9920,8.0356,0.0187,0.5508,8.5534,0,1.0000,999,1,59.5478,19.9793,-25.2652,-10.2546,3.5786,0.000,0.000,1.000
2026-03-27,12:43:22,65345,1,7.9920,8.0292,0.0210,0.6162,8.4982,0,1.0000,999,1,60.8254,31.8710,-25.9708,-17.4690,2.7568,0.000,0.000,1.000
2026-03-27,12:43:22,65378,1,7.9920,7.9983,0.0219,0.6449,8.4422,0,1.0000,999,1,61.2016,1.9563,-26.8477,-23.1850,-4.6963,0.000,0.000,1.000
2026-03-27,12:43:22,65420,1,7.9920,7.9925,0.0240,0.7050,8.3705,0,1.0000,999,1,60.0727,-35.5101,-28.4688,-34.6996,-30.4040,0.000,0.000,1.000
2026-03-27,12:43:22,65462,1,7.9920,7.9900,0.0121,0.3549,8.2971,0,1.0000,999,1,56.7823,-87.0239,-30.8744,-52.5237,-25.5957,0.000,0.000,1.000
2026-03-27,12:43:22,65503,1,7.9920,8.0279,0.0081,0.2379,8.2268,0,1.0000,999,1,53.7589,-83.7704,-33.7873,-68.4775,-14.8659,0.000,0.000,0.999
2026-03-27,12:43:22,65546,1,7.9920,7.9770,0.0212,0.6233,8.1561,0,1.0000,999,1,52.1481,-45.6346,-36.8028,-70.9970,-12.1940,0.000,0.000,1.000
2026-03-27,12:43:22,65586,1,7.9920,7.9535,0.0253,0.7448,8.0851,0,1.0000,999,1,49.6829,-70.3255,-40.6324,-92.4471,-3.6924,0.000,0.000,1.000
2026-03-27,12:43:22,65626,1,7.9920,7.9824,0.0216,0.6345,8.0166,0,1.0000,999,1,47.4866,-69.8908,-45.6395,-119.2328,-9.7010,0.000,0.000,1.000
2026-03-27,12:43:22,65659,1,7.9920,8.0075,0.0195,0.5747,7.9602,0,1.0000,999,1,46.0039,-100.8574,-49.8769,-132.0434,-15.9364,0.000,0.000,1.000
2026-03-27,12:43:22,65699,1,7.9920,8.0064,-0.0002,0.0056,7.8913,0,1.0000,999,1,39.2035,-164.6020,-56.2095,-154.8173,12.9721,0.000,0.000,0.996
2026-03-27,12:43:22,65741,1,7.9920,7.9858,0.0121,0.3566,7.8210,0,1.0000,999,1,33.8104,-132.7151,-62.6344,-157.0608,5.1690,0.000,0.000,1.000
2026-03-27,12:43:22,65774,1,7.9920,7.9798,0.0016,0.0459,7.7786,0,1.0000,999,1,32.5500,-91.6478,-64.1440,-132.2926,4.9832,0.000,0.000,0.998
2026-03-27,12:43:23,65807,1,7.9920,7.9827,0.0059,0.1721,7.7079,0,1.0000,999,1,29.0672,-110.9023,-68.2998,-133.1873,10.6265,0.000,0.000,0.995
2026-03-27,12:43:23,65849,1,7.9920,8.0290,0.0064,0.1875,7.6347,0,1.0000,999,1,24.9609,-102.3732,-73.3760,-127.9728,16.2597,0.000,0.000,0.999
2026-03-27,12:43:23,65889,1,7.9920,7.9795,0.0030,0.0873,7.5664,0,1.0000,999,1,21.5107,-90.1166,-77.7306,-118.6442,21.4351,0.000,0.000,0.999
2026-03-27,12:43:23,65929,1,7.9920,7.9493,0.0109,0.3199,7.4983,0,1.0000,999,1,18.5624,-79.3073,-81.1962,-99.3062,18.2398,0.000,0.000,1.000
2026-03-27,12:43:23,65962,1,7.9920,7.9750,0.0126,0.3696,7.4417,0,1.0000,999,1,16.6237,-65.1798,-83.2103,-80.1175,22.6418,0.000,0.000,1.000
2026-03-27,12:43:23,66003,1,7.9920,8.0140,0.0081,0.2369,7.3730,0,1.0000,999,1,14.3789,-56.3070,-85.3630,-63.2862,19.2633,0.000,0.000,0.999
2026-03-27,12:43:23,66044,1,7.9920,7.9974,0.0132,0.3885,7.3034,0,1.0000,999,1,12.5324,-45.4592,-86.8304,-45.7154,29.1152,0.000,0.000,1.000
2026-03-27,12:43:23,66086,1,7.9920,7.9700,0.0109,0.3203,7.2300,0,1.0000,999,1,10.9776,-38.2777,-88.5522,-43.2516,11.7921,0.000,0.000,1.000
2026-03-27,12:43:23,66126,1,7.9920,8.0107,0.0154,0.4530,7.1616,0,1.0000,999,1,9.6965,-37.6010,-89.6188,-32.7756,10.6506,0.000,0.000,1.000
2026-03-27,12:43:23,66168,1,0.0000,7.9073,0.0043,0.1269,7.0900,0,1.0000,0,1,8.5962,-27.4319,-90.1066,-18.4566,-17.7438,0.000,0.000,0.996
2026-03-27,12:43:23,66208,1,0.0000,7.0503,-0.0026,0.0756,7.0267,0,1.0000,0,1,7.9029,-18.9353,-90.2695,-9.7599,5.1788,0.000,0.000,0.992
2026-03-27,12:43:23,66249,1,0.0000,6.2857,-0.0038,0.1103,6.9702,0,1.0000,0,1,7.2419,-14.7175,-90.6779,-10.1005,17.3547,0.000,0.000,0.988
2026-03-27,12:43:23,66291,1,0.0000,5.3269,-0.0057,0.1664,6.9175,0,1.0000,0,1,6.4677,-20.1887,-90.7145,-3.6370,6.9992,0.000,0.000,0.984
2026-03-27,12:43:23,66331,1,0.0000,4.5698,-0.0044,0.1286,6.8752,0,1.0000,0,1,5.8414,-17.0643,-90.6533,0.2016,12.6307,0.000,0.000,0.980
2026-03-27,12:43:23,66364,1,0.0000,4.0504,-0.0016,0.0462,6.8471,0,1.0000,0,1,5.4135,-13.6452,-90.6551,-0.1414,17.4092,0.000,0.000,0.977
2026-03-27,12:43:23,66407,1,0.0000,3.1785,-0.0027,0.0803,6.8148,0,1.0000,0,1,4.8056,-15.3941,-90.9590,-5.5127,-5.4128,0.000,0.000,0.984
2026-03-27,12:43:23,66440,1,0.0000,2.3255,-0.0004,0.0116,6.7956,0,1.0000,0,1,4.5832,-9.5926,-91.0115,-2.9890,-18.5765,0.000,0.000,0.981
2026-03-27,12:43:23,66474,1,0.0000,1.6377,0.0040,0.1164,6.7813,0,1.0000,0,1,4.3179,-5.1957,-91.2431,-4.8729,-16.0107,0.000,0.000,0.978
2026-03-27,12:43:23,66514,1,0.0000,0.7885,0.0172,0.5065,6.7706,0,1.0000,0,1,4.0152,-3.6253,-91.4239,-4.1068,-20.0643,0.000,0.000,0.974
2026-03-27,12:43:23,66555,1,0.0000,0.0417,-0.0054,0.1599,6.7662,0,1.0000,0,1,3.7150,-3.6987,-91.2822,0.8512,-17.1400,0.000,0.000,0.970
2026-03-27,12:43:23,66595,1,0.0000,-0.0688,0.0024,0.0705,6.7663,0,1.0000,0,1,3.4789,-2.6578,-90.8970,6.9687,-21.6864,0.000,0.000,0.966
2026-03-27,12:43:23,66635,1,0.0000,-0.0250,0.0057,0.1689,6.7664,0,1.0000,0,1,3.2525,-5.3664,-90.6527,6.0970,-25.5599,0.000,0.000,0.962
2026-03-27,12:43:23,66675,1,0.0000,0.0395,0.0000,0.0000,6.7663,0,1.0000,0,1,3.0648,-6.4738,-90.3503,7.7847,-22.8989,0.000,0.000,0.958
2026-03-27,12:43:23,66715,1,0.0000,-0.0134,0.0008,0.0237,6.7663,0,1.0000,0,1,2.9378,-4.8644,-89.9679,8.8052,-26.9117,0.000,0.000,0.954
2026-03-27,12:43:23,66755,1,0.0000,-0.0023,0.0031,0.0905,6.7663,0,1.0000,0,0,2.8483,-3.6579,-89.7340,6.8330,-15.9447,0.000,0.000,0.950
2026-03-27,12:43:24,66796,1,0.0000,0.0127,0.0004,0.0131,6.7663,0,1.0000,0,0,2.7618,-3.0900,-89.7189,2.6354,-26.9418,0.000,0.000,0.946
2026-03-27,12:43:24,66836,1,0.0000,-0.0088,0.0018,0.0527,6.7663,0,1.0000,0,0,2.6959,-1.6615,-89.6720,1.9025,-29.1043,0.000,0.000,0.942
2026-03-27,12:43:24,66870,1,0.0000,0.0147,0.0016,0.0483,6.7663,0,1.0000,0,0,2.6323,-1.5292,-89.6500,1.1869,-34.8076,0.000,0.000,0.939
2026-03-27,12:43:24,66903,1,0.0000,0.0101,0.0025,0.0738,6.7663,0,1.0000,0,0,2.6313,-0.8849,-89.6463,0.9473,-40.6443,0.000,0.000,0.937
2026-03-27,12:43:24,66943,1,0.0000,-0.0045,0.0019,0.0571,6.7663,0,1.0000,0,0,2.5618,-2.2700,-89.6640,-0.1023,-48.7567,0.000,0.000,0.933
2026-03-27,12:43:24,66983,1,0.0000,-0.0121,0.0036,0.1071,6.7663,0,1.0000,0,0,2.5180,-0.9599,-89.7077,-0.6018,-48.6296,0.000,0.000,0.929
2026-03-27,12:43:24,67023,1,0.0000,-0.0021,0.0024,0.0694,6.7663,0,1.0000,0,0,2.4778,-0.9302,-89.5937,1.8503,-47.9644,0.000,0.000,0.925
2026-03-27,12:43:24,67063,1,0.0000,-0.0086,0.0025,0.0738,6.7663,0,1.0000,-30,0,2.4462,-0.7753,-89.5622,0.8285,-47.3870,0.000,0.000,0.921
2026-03-27,12:43:24,67096,1,-1.3840,0.0002,0.0021,0.0632,6.7663,0,1.0000,-173,1,2.4388,-0.0228,-89.6029,-0.2788,-35.2254,0.000,0.000,0.918
2026-03-27,12:43:24,67136,1,-1.3840,-0.0004,0.0021,0.0615,6.7663,0,1.0000,-173,1,2.4121,-0.7163,-89.6228,-0.1276,-43.5947,0.000,0.000,0.914
2026-03-27,12:43:24,67178,1,-3.9840,-0.0002,0.0030,0.0887,6.7663,0,1.0000,-498,1,2.3804,-0.8737,-89.6324,-0.5129,-43.2865,0.000,0.000,0.910
2026-03-27,12:43:24,67218,1,-3.9840,-0.0097,0.0025,0.0738,6.7663,0,1.0000,-498,1,2.3500,-0.9222,-89.6633,-0.5064,-56.9855,0.000,0.000,0.906
2026-03-27,12:43:24,67258,1,-3.9840,-0.0047,0.0034,0.1010,6.7663,0,1.0000,-498,1,2.3203,-1.0052,-89.6955,-0.6951,-47.8940,0.000,0.000,0.902
2026-03-27,12:43:24,67300,1,-7.9360,0.0066,0.0008,0.0237,6.7663,0,1.0000,-992,1,2.3170,-0.1923,-89.6894,-0.1984,-55.0519,0.000,0.000,0.898
2026-03-27,12:43:24,67340,1,-7.9360,-0.0109,0.0025,0.0728,6.7663,0,1.0000,-992,1,2.3176,-0.1645,-89.6663,0.7464,-67.3882,0.000,0.000,0.894
2026-03-27,12:43:24,67383,1,-7.9840,0.0100,0.0019,0.0571,6.7663,0,1.0000,-998,1,2.2957,-0.4438,-89.3751,4.7933,-57.9664,0.000,0.000,0.890
2026-03-27,12:43:24,67425,1,-7.9840,-0.0012,0.0005,0.0149,6.7663,0,1.0000,-998,1,2.2913,-0.1774,-89.4366,0.5459,-49.1214,0.000,0.000,0.886
2026-03-27,12:43:24,67467,1,-7.9840,-0.0036,0.0018,0.0527,6.7663,0,1.0000,-998,1,2.2783,-0.2090,-89.4510,-0.1282,-47.9640,0.000,0.000,0.882
2026-03-27,12:43:24,67508,1,-7.9840,-0.0082,0.0028,0.0816,6.7663,0,1.0000,-998,1,2.2625,-0.3969,-89.4277,0.3715,-48.0676,0.000,0.000,0.878
2026-03-27,12:43:24,67548,1,-7.9840,-0.0089,0.0024,0.0711,6.7663,0,1.0000,-998,1,2.2559,-0.5869,-89.4003,0.6689,-41.1133,0.000,0.000,0.874
2026-03-27,12:43:24,67591,1,-7.9840,-0.0040,0.0005,0.0149,6.7663,0,1.0000,-998,1,2.2543,-0.1222,-89.2440,2.6279,-41.9703,0.000,0.000,0.870
2026-03-27,12:43:24,67632,1,-7.9840,-0.0062,0.0021,0.0606,6.7663,0,1.0000,-998,1,2.2592,0.1014,-89.1227,2.7028,-49.5060,0.000,0.000,0.866
2026-03-27,12:43:24,67672,1,-7.9840,0.0012,0.0013,0.0395,6.7663,0,1.0000,-998,1,2.2602,0.0213,-89.1409,0.6513,-48.4309,0.000,0.000,0.862
2026-03-27,12:43:24,67705,1,7.3680,0.0844,0.0161,0.4744,6.7662,0,1.0000,921,1,2.2699,0.2697,-89.2297,-1.5488,-42.7507,0.000,0.000,0.859
2026-03-27,12:43:24,67745,1,7.3680,0.9451,0.0101,0.2982,6.7606,0,1.0000,921,1,2.2536,0.8237,-89.5645,-6.1536,-22.7514,0.000,0.000,0.855
2026-03-27,12:43:25,67786,1,7.9920,1.8136,0.0125,0.3681,6.7488,0,1.0000,999,1,2.2204,-0.8345,-90.0355,-10.2766,-26.5841,0.000,0.000,0.851
2026-03-27,12:43:25,67828,1,7.9920,2.7013,0.0062,0.1826,6.7277,0,1.0000,999,1,2.1925,-2.7828,-90.2291,-5.6918,-49.1656,0.000,0.000,0.847
2026-03-27,12:43:25,67868,1,7.9920,3.3811,0.0238,0.6996,6.7018,0,1.0000,999,1,2.1930,-2.0171,-88.8680,21.6707,-68.1279,0.000,0.000,0.843
2026-03-27,12:43:25,67901,1,7.9920,4.0369,0.0175,0.5151,6.6761,0,1.0000,999,1,2.1286,-1.3132,-87.3773,34.2943,-80.6110,0.000,0.000,0.840
2026-03-27,12:43:25,67941,1,7.9920,4.9494,0.0124,0.3659,6.6358,0,1.0000,999,1,2.1247,1.2530,-85.2315,47.1038,-88.0977,0.000,0.000,0.836
2026-03-27,12:43:25,67981,1,7.9920,5.6396,0.0284,0.8360,6.5901,0,1.0000,999,1,1.9462,-1.5920,-82.3172,62.9675,-101.3243,0.000,0.000,0.832
2026-03-27,12:43:25,68014,1,7.9920,6.3277,0.0203,0.5969,6.5484,0,1.0000,999,1,1.5658,-10.9240,-79.3843,76.5346,-109.8780,0.000,0.000,0.829
2026-03-27,12:43:25,68047,1,7.9920,6.8673,0.0182,0.5361,6.5134,0,1.0000,999,1,1.2526,-10.5708,-74.8819,89.8004,-112.5468,0.000,0.000,0.827
2026-03-27,12:43:25,68080,1,7.9920,7.5849,0.0451,1.3277,6.4494,0,1.0000,999,1,0.7977,-14.6819,-70.9802,105.1538,-119.3335,0.060,0.000,0.824
2026-03-27,12:43:25,68121,1,7.9920,7.7812,0.0624,1.8364,6.3788,0,1.0000,999,1,-0.2398,-39.0432,-64.8703,132.1419,-120.8974,0.110,0.000,0.820
2026-03-27,12:43:25,68162,1,7.9920,8.1740,0.0199,0.5852,6.3089,0,1.0000,999,1,-8.0220,-181.7833,-59.6753,120.6673,-76.9249,0.160,0.000,0.816
2026-03-27,12:43:25,68205,1,7.9920,8.1144,0.0070,0.2062,6.2369,0,1.0000,999,1,-6.9297,41.8726,-55.8759,98.0751,-39.9344,0.150,0.000,0.812
2026-03-27,12:43:25,68245,1,7.9920,7.9717,0.0128,0.3763,6.1656,0,1.0000,999,1,-0.5307,165.6664,-52.9083,81.2855,-8.5929,0.110,0.000,0.808
2026-03-27,12:43:25,68285,1,7.9920,8.0579,0.0011,0.0330,6.0969,0,1.0000,999,1,-0.7478,-21.7699,-50.5911,65.4814,2.5294,0.070,0.000,0.804
2026-03-27,12:43:25,68318,1,7.9920,8.0236,0.0122,0.3587,6.0407,0,1.0000,999,1,0.3663,12.8092,-49.4776,47.4299,9.2738,0.040,0.000,0.801
2026-03-27,12:43:25,68358,1,7.9920,7.9517,0.0166,0.4874,5.9727,0,1.0000,999,1,0.3153,-1.0851,-49.6460,12.6276,33.4721,0.000,0.000,0.797
2026-03-27,12:43:25,68399,1,7.9920,8.0035,0.0203,0.5975,5.9042,0,1.0000,999,1,0.4891,1.5180,-50.8818,-15.0752,54.4432,0.000,0.000,0.793
2026-03-27,12:43:25,68441,1,7.9920,7.9663,0.0196,0.5774,5.8309,0,1.0000,999,1,0.6827,5.6910,-52.8433,-34.3626,72.1610,0.000,0.000,0.789
2026-03-27,12:43:25,68481,1,7.9920,7.9672,0.0309,0.9096,5.7627,0,1.0000,999,1,0.5750,-1.3289,-55.2493,-49.6578,87.4747,0.000,0.000,0.785
2026-03-27,12:43:25,68514,1,7.9920,7.8984,0.0418,1.2303,5.7094,0,1.0000,999,1,0.4490,-4.8313,-58.4624,-75.3227,97.0114,0.000,0.000,0.782
2026-03-27,12:43:25,68554,1,7.9920,7.6972,0.1142,3.3578,5.6413,0,1.0000,999,1,-13.2462,-407.1269,-61.7847,-69.4583,69.7693,0.080,0.000,0.778
2026-03-27,12:43:25,68594,1,7.9920,7.7292,0.1577,4.6395,5.5749,0,1.0000,999,1,-19.8776,-22.8464,-56.5166,73.6831,55.4798,0.160,0.000,0.774
2026-03-27,12:43:25,68627,1,7.9920,7.6360,0.1822,5.3601,5.5199,0,1.0000,999,1,-5.4797,338.9622,-51.0520,118.1733,53.8529,0.190,0.000,0.771
2026-03-27,12:43:25,68668,1,7.9920,7.9346,0.1992,5.8583,5.4531,0,1.0000,999,1,-17.6600,-320.1704,-54.7384,-19.5169,60.3988,0.210,0.000,0.767
2026-03-27,12:43:25,68709,1,7.9920,8.2098,0.1463,4.3035,5.3828,0,1.0000,999,1,-9.7051,245.5031,-50.3916,75.5090,38.9853,0.290,0.000,0.763
2026-03-27,12:43:25,68749,1,7.9920,8.1142,0.1314,3.8659,5.3112,0,1.0000,999,1,-3.1811,87.4529,-46.0083,88.6886,59.4880,0.250,0.000,0.759
2026-03-27,12:43:26,68789,1,7.9920,7.9883,0.1399,4.1154,5.2424,0,1.0000,999,1,-7.5394,-65.7893,-47.1770,10.0549,68.8279,0.210,0.000,0.755
2026-03-27,12:43:26,68831,1,7.9920,7.9294,0.1564,4.6002,5.1712,0,1.0000,999,1,-1.9301,163.4564,-46.2838,25.7916,37.0390,0.170,0.000,0.751
2026-03-27,12:43:26,68871,1,7.9920,8.0736,0.1306,3.8425,5.1026,0,1.0000,999,1,2.8470,85.0370,-43.1068,59.9357,40.0811,0.130,0.000,0.747
2026-03-27,12:43:26,68912,1,7.4480,8.1113,0.1092,3.2111,5.0332,0,1.0000,931,1,2.4458,15.6306,-42.0628,34.7176,59.6827,0.090,0.000,0.743
2026-03-27,12:43:26,68954,1,7.4480,7.5317,0.0919,2.7036,4.9610,0,1.0000,931,1,5.9649,80.6601,-42.0843,14.0220,50.0152,0.050,0.000,0.761
2026-03-27,12:43:26,68994,1,7.4480,7.3479,0.1446,4.2520,4.8981,0,1.0000,931,1,6.7507,27.0795,-40.8787,26.4133,36.8368,0.010,0.000,0.801
2026-03-27,12:43:26,69035,1,7.4480,7.3315,0.1537,4.5207,4.8342,0,1.0000,931,1,7.6139,31.8176,-39.8519,24.8116,57.9469,0.000,0.000,0.841
2026-03-27,12:43:26,69075,1,7.4480,7.5059,0.1558,4.5813,4.7706,0,1.0000,931,1,10.3759,67.8525,-39.1836,20.5439,42.1226,0.000,0.000,0.881
2026-03-27,12:43:26,69116,1,7.4480,7.6149,0.1181,3.4748,4.7061,0,1.0000,931,1,12.8298,56.1478,-38.3069,21.5292,36.2095,0.000,0.000,0.921
2026-03-27,12:43:26,69156,1,7.4480,7.5953,0.0986,2.9006,4.6394,0,1.0000,931,1,14.7623,48.3515,-37.5897,19.9410,30.2475,0.000,0.000,0.961
2026-03-27,12:43:26,69191,1,7.4480,7.6100,0.0727,2.1391,4.5998,0,1.0000,931,1,15.0981,31.4633,-37.1495,18.3097,29.0220,0.000,0.000,0.981
2026-03-27,12:43:26,69232,1,7.4480,7.3052,0.1067,3.1380,4.5169,0,1.0000,931,0,17.1389,41.8018,-36.6707,13.8098,31.0976,0.000,0.000,1.000
2026-03-27,12:43:26,69272,1,7.4480,7.1810,0.1499,4.4100,4.4548,0,1.0000,931,0,14.4201,-66.4229,-36.2634,11.8170,13.7550,0.000,0.000,1.000
2026-03-27,12:43:26,69312,1,7.4480,7.2759,0.1651,4.8560,4.3927,0,1.0000,931,0,15.9709,80.9984,-35.9072,10.9330,18.7707,0.000,0.000,1.000
2026-03-27,12:43:26,69353,1,7.4480,7.4005,0.1779,5.2325,4.3283,0,1.0000,931,0,19.6116,70.1556,-35.2075,14.8464,16.1049,0.000,0.000,1.000
2026-03-27,12:43:26,69393,1,7.4480,7.5387,0.1395,4.1034,4.2641,0,1.0000,931,0,21.3999,56.4759,-34.5951,15.7428,14.2300,0.000,0.000,1.000
2026-03-27,12:43:26,69434,1,7.4480,7.5147,0.1220,3.5874,4.1978,0,1.0000,931,0,23.0689,46.2193,-33.9933,15.0723,18.9135,0.000,0.000,1.000
2026-03-27,12:43:26,69474,1,7.4480,7.5167,0.1191,3.5043,4.1334,0,1.0000,931,0,24.5643,37.2335,-33.5444,13.0561,29.4221,0.000,0.000,1.000
2026-03-27,12:43:26,69514,1,7.4480,7.4182,0.1270,3.7367,4.0694,0,1.0000,931,0,24.5354,-7.0954,-33.1346,11.6780,38.6661,0.000,0.000,1.000
2026-03-27,12:43:26,69555,1,7.4480,7.3679,0.1272,3.7422,4.0046,0,1.0000,931,0,23.7028,-3.3702,-32.7979,9.8287,40.2181,0.000,0.000,1.000
2026-03-27,12:43:26,69595,1,7.4480,7.4442,0.1363,4.0086,3.9412,0,1.0000,931,0,25.9476,59.7165,-32.2351,13.6546,14.6262,0.000,0.000,1.000
2026-03-27,12:43:26,69635,1,7.4480,7.3819,0.1322,3.8886,3.8773,0,1.0000,931,0,26.6119,13.3654,-31.6379,14.3756,26.6617,0.000,0.000,1.000
2026-03-27,12:43:26,69675,1,7.4480,7.4374,0.1490,4.3826,3.8141,0,1.0000,931,0,26.5581,20.1930,-31.1136,14.1481,15.7448,0.000,0.000,1.000
2026-03-27,12:43:26,69715,1,7.4480,7.5398,0.1139,3.3498,3.7497,0,1.0000,931,0,29.0212,59.3360,-30.4877,15.8266,-6.1037,0.000,0.000,1.000
2026-03-27,12:43:26,69756,1,0.6160,7.3899,0.0994,2.9225,3.6842,0,1.0000,77,1,30.2647,24.2199,-29.9944,13.4484,0.6259,0.000,0.000,1.000
2026-03-27,12:43:27,69797,1,0.6160,6.4044,0.1311,3.8568,3.6247,0,1.0000,77,1,28.9605,-13.2215,-29.3851,14.6657,-19.4779,0.000,0.000,1.000
2026-03-27,12:43:27,69840,1,0.0000,5.7057,0.1216,3.5759,3.5713,0,1.0000,0,1,31.6339,68.9150,-28.7012,15.6102,-9.6840,0.000,0.000,1.000
2026-03-27,12:43:27,69880,1,0.0000,5.0054,0.0922,2.7129,3.5242,0,1.0000,0,1,34.0125,60.6819,-27.9721,17.9705,-14.6736,0.000,0.000,1.000
2026-03-27,12:43:27,69920,1,0.0000,4.0640,0.0834,2.4531,3.4863,0,1.0000,0,1,35.1162,23.1498,-27.1675,19.3732,-25.4618,0.000,0.000,1.000
2026-03-27,12:43:27,69953,1,0.0000,3.4217,0.0841,2.4732,3.4610,0,1.0000,0,1,34.3866,-7.7278,-26.3929,21.7392,-42.1054,0.000,0.000,1.000
2026-03-27,12:43:27,69995,1,0.0000,2.6090,0.0867,2.5494,3.4346,0,1.0000,0,1,35.7242,45.0373,-25.3303,23.9877,-34.3346,0.000,0.000,1.000
2026-03-27,12:43:27,70038,1,0.0000,1.7082,0.0945,2.7795,3.4165,0,1.0000,0,1,37.6141,37.3983,-24.3626,22.3477,-13.6835,0.000,0.000,1.000
2026-03-27,12:43:27,70079,1,0.0000,0.9937,0.0819,2.4083,3.4055,0,1.0000,0,1,38.2028,27.9592,-23.8136,16.1422,-10.4225,0.000,0.000,1.000
2026-03-27,12:43:27,70119,1,0.0000,0.1559,0.0655,1.9279,3.4011,0,1.0000,0,1,41.6720,88.7213,-23.4023,11.8191,18.0583,0.000,0.000,1.000
2026-03-27,12:43:27,70152,1,-2.6480,0.1410,0.0518,1.5237,3.4003,0,1.0000,-331,1,43.8669,66.9443,-23.2575,7.6439,30.4438,0.000,0.000,1.000
2026-03-27,12:43:27,70192,1,-2.6480,-0.5257,0.0041,0.1212,3.4021,0,1.0000,-331,1,46.8795,91.2045,-23.2178,3.0805,46.0580,0.000,0.000,0.999
2026-03-27,12:43:27,70233,1,-2.6480,0.0230,-0.0006,0.0162,3.4042,0,1.0000,-331,1,52.4310,143.3287,-23.1387,2.1930,59.8955,0.000,0.000,0.995
2026-03-27,12:43:27,70266,1,-4.0800,-0.0111,-0.0027,0.0800,3.4040,0,1.0000,-510,1,58.0635,172.6489,-23.0639,2.3281,52.3001,0.000,0.000,0.992
2026-03-27,12:43:27,70306,1,-4.0800,-0.0071,-0.0024,0.0692,3.4039,0,1.0000,-510,1,66.3205,204.3636,-22.8876,3.4237,57.0036,0.000,0.000,0.988
2026-03-27,12:43:27,70339,1,-4.0800,-0.0016,-0.0039,0.1145,3.4039,0,1.0000,-510,1,76.9219,253.1175,-22.6711,4.0468,55.5363,0.000,0.000,0.986
2026-03-27,12:43:27,70373,1,-4.0880,-0.0104,-0.0028,0.0828,3.4039,0,1.0000,-511,1,81.9504,135.2258,-22.8013,-1.4367,62.6411,0.000,0.000,0.983
2026-03-27,12:43:27,70413,1,-4.0880,-0.0136,-0.0046,0.1363,3.4038,0,1.0000,-511,1,68.9334,-385.9917,-24.0137,-24.3384,42.1344,0.000,0.000,0.979
2026-03-27,12:43:27,70456,1,-1.4560,-0.0122,-0.0039,0.1155,3.4039,0,1.0000,-182,1,62.8635,-168.2604,-25.9423,-38.8758,34.5808,0.000,0.000,0.975
2026-03-27,12:43:27,70498,1,-1.4560,0.0002,-0.0036,0.1063,3.4039,0,1.0000,-182,1,53.7440,-215.8937,-28.3119,-52.8237,32.5275,0.000,0.000,0.971
2026-03-27,12:43:27,70538,1,-1.4560,0.0103,-0.0056,0.1638,3.4038,0,1.0000,-182,1,46.0560,-205.7412,-30.8967,-62.9731,47.6481,0.000,0.000,0.967
2026-03-27,12:43:27,70573,1,0.0000,0.0066,-0.0056,0.1660,3.4038,0,1.0000,0,1,40.8716,-158.7068,-32.7439,-58.0926,62.6018,0.000,0.000,0.964
2026-03-27,12:43:27,70613,1,0.0000,-0.0021,-0.0049,0.1455,3.4039,0,1.0000,0,1,34.9027,-156.7231,-34.8511,-55.8077,79.9432,0.000,0.000,0.960
2026-03-27,12:43:27,70654,1,0.0000,0.0055,-0.0043,0.1279,3.4039,0,1.0000,0,1,29.8468,-127.2634,-36.4244,-44.9423,67.2285,0.000,0.000,0.956
2026-03-27,12:43:27,70694,1,0.0000,0.0070,-0.0046,0.1351,3.4039,0,1.0000,0,1,25.2901,-114.5145,-37.6288,-35.9258,56.7412,0.000,0.000,0.952
2026-03-27,12:43:27,70734,1,0.0000,0.0111,-0.0049,0.1435,3.4038,0,1.0000,0,1,21.6817,-96.3798,-38.3173,-24.5539,74.9299,0.000,0.000,0.948
2026-03-27,12:43:27,70767,1,0.0000,0.0030,-0.0054,0.1589,3.4039,0,1.0000,0,1,19.3369,-75.9421,-38.7010,-17.7753,72.5787,0.000,0.000,0.945
2026-03-27,12:43:28,70807,1,0.0000,0.0035,-0.0045,0.1320,3.4039,0,1.0000,0,1,16.6359,-70.1439,-38.8286,-8.2586,34.9785,0.000,0.000,0.941
2026-03-27,12:43:28,70848,1,0.0000,-0.0027,-0.0042,0.1227,3.4039,0,1.0000,0,1,14.3037,-61.4338,-38.5562,0.9157,16.0833,0.000,0.000,0.937
2026-03-27,12:43:28,70889,1,0.0000,-0.0038,-0.0026,0.0770,3.4039,0,1.0000,0,1,12.2020,-57.3015,-37.6300,15.9073,-12.4656,0.000,0.000,0.933
2026-03-27,12:43:28,70929,1,0.0000,-0.0235,-0.0007,0.0208,3.4040,0,1.0000,0,1,8.4526,-116.3430,-34.7750,54.5897,-30.1079,0.000,0.000,0.929
2026-03-27,12:43:28,70970,1,0.0000,0.0130,-0.0004,0.0104,3.4040,0,1.0000,0,1,2.4506,-152.7499,-29.5398,102.7788,-50.5597,0.000,0.000,0.925
2026-03-27,12:43:28,71010,1,0.0000,0.0091,-0.0003,0.0103,3.4041,0,1.0000,0,1,-7.1038,-254.2332,-22.4589,150.7065,-66.1584,0.000,0.000,0.921
2026-03-27,12:43:28,71050,1,0.0000,-0.0228,0.0059,0.1727,3.4043,0,1.0000,0,1,-23.9635,-407.0963,-14.6288,174.0135,-56.0262,0.000,0.000,0.917
2026-03-27,12:43:28,71091,1,0.0000,-0.0293,0.0153,0.4495,3.4048,0,1.0000,0,1,-32.0324,-120.6463,-10.5731,113.0733,-22.7116,0.000,0.000,0.913
2026-03-27,12:43:28,71131,1,0.0000,0.0764,-0.0044,0.1283,3.4041,0,1.0000,0,1,-20.2358,329.9837,-10.6202,36.7950,-5.3037,0.000,0.000,0.909
2026-03-27,12:43:28,71171,1,0.0000,0.0284,-0.0045,0.1318,3.4040,0,1.0000,0,0,-3.2685,443.7056,-10.7610,10.8929,-4.7828,0.000,0.000,0.905
2026-03-27,12:43:28,71211,1,0.0000,-0.0137,-0.0010,0.0280,3.4040,0,1.0000,0,0,13.3267,411.4845,-10.2642,13.0281,9.2202,0.000,0.000,0.901
2026-03-27,12:43:28,71251,1,0.0000,-0.0040,-0.0005,0.0138,3.4040,0,1.0000,0,0,28.5626,368.4916,-10.0326,7.8422,26.4758,0.000,0.000,0.897
2026-03-27,12:43:28,71291,1,0.0000,-0.0175,0.0021,0.0619,3.4042,0,1.0000,0,0,37.1780,177.7564,-11.9638,-29.9610,46.8185,0.000,0.000,0.893
2026-03-27,12:43:28,71331,1,0.0000,-0.0080,0.0010,0.0307,3.4041,0,1.0000,0,0,38.7982,22.3844,-14.9001,-55.1187,38.1293,0.000,0.000,0.889
2026-03-27,12:43:28,71372,1,0.0000,0.0090,-0.0009,0.0274,3.4041,0,1.0000,0,0,36.2259,-62.4556,-17.3623,-55.4317,17.4828,0.000,0.000,0.885
2026-03-27,12:43:28,71412,1,0.0000,-0.0072,-0.0004,0.0104,3.4040,0,1.0000,0,0,33.7841,-61.2183,-18.6236,-35.9121,-11.9664,0.000,0.000,0.881
2026-03-27,12:43:28,71452,1,0.0000,0.0091,-0.0002,0.0069,3.4040,0,1.0000,0,0,32.8888,-30.4885,-19.1937,-18.8132,-36.6742,0.000,0.000,0.877
2026-03-27,12:43:28,71486,1,0.0000,0.0433,-0.0047,0.1376,3.4040,0,1.0000,0,0,32.3394,-22.6373,-20.4224,-22.7899,-34.6041,0.000,0.000,0.875
2026-03-27,12:43:28,71527,1,0.0000,-0.0074,-0.0039,0.1144,3.4040,0,1.0000,0,0,27.3800,-117.2790,-19.7940,3.9129,-55.8911,0.000,0.000,0.871
2026-03-27,12:43:28,71567,1,0.0000,0.0055,-0.0007,0.0207,3.4040,0,1.0000,0,0,23.1984,-109.8848,-19.0186,14.5516,-73.9691,0.000,0.000,0.867
2026-03-27,12:43:28,71608,1,0.0000,0.0007,-0.0012,0.0346,3.4040,0,1.0000,0,0,16.4916,-180.1387,-18.5424,11.6003,-48.8158,0.000,0.000,0.863
2026-03-27,12:43:28,71648,1,0.0000,-0.0066,-0.0017,0.0486,3.4040,0,1.0000,0,0,7.7076,-206.9041,-18.7267,0.6237,-14.8565,0.000,0.000,0.859
2026-03-27,12:43:28,71689,1,0.0000,-0.0207,-0.0006,0.0175,3.4041,0,1.0000,0,0,0.2335,-185.0703,-19.1325,-6.2537,13.9677,0.000,0.000,0.855
2026-03-27,12:43:28,71729,1,0.0000,-0.0058,0.0005,0.0141,3.4041,0,1.0000,0,0,-7.1763,-171.8546,-19.6143,-9.9769,38.0056,0.000,0.000,0.851
2026-03-27,12:43:28,71769,1,0.0000,-0.0323,0.0083,0.2440,3.4044,0,1.0000,0,0,-13.9323,-146.0827,-20.6608,-20.4077,57.0545,0.000,0.000,0.847
2026-03-27,12:43:29,71811,1,0.0000,-0.0005,0.0090,0.2653,3.4046,0,1.0000,0,0,-10.7140,141.8786,-21.6143,-18.9969,24.2597,0.000,0.000,0.843
2026-03-27,12:43:29,71851,1,0.0000,0.0396,0.0030,0.0884,3.4044,0,1.0000,0,0,2.3288,341.6163,-21.5603,-3.4487,21.9743,0.000,0.000,0.839
2026-03-27,12:43:29,71892,1,0.0000,-0.0092,0.0044,0.1307,3.4043,0,1.0000,0,0,16.8271,356.4128,-20.9729,9.7021,-1.6283,0.000,0.000,0.835
2026-03-27,12:43:29,71932,1,0.0000,-0.0050,0.0067,0.1957,3.4044,0,1.0000,0,0,26.5483,225.5202,-19.9292,20.7278,-21.2600,0.000,0.000,0.831
2026-03-27,12:43:29,71972,1,0.0000,0.0154,0.0021,0.0630,3.4043,0,1.0000,0,0,30.0467,90.6420,-19.2867,17.8333,-19.0459,0.000,0.000,0.827
2026-03-27,12:43:29,72013,1,0.0000,-0.0207,0.0047,0.1375,3.4043,0,1.0000,0,0,31.5900,41.6865,-18.9848,10.6924,-8.7954,0.000,0.000,0.823
2026-03-27,12:43:29,72053,1,0.0000,-0.0173,0.0087,0.2565,3.4045,0,1.0000,0,0,29.6617,-57.2652,-19.6534,-8.5603,17.5235,0.000,0.000,0.819
2026-03-27,12:43:29,72093,1,0.0000,-0.0058,0.0075,0.2213,3.4045,0,1.0000,0,0,27.4548,-32.3385,-21.6171,-34.7665,38.0710,0.000,0.000,0.815
2026-03-27,12:43:29,72133,1,0.0000,-0.0295,0.0150,0.4402,3.4047,0,1.0000,0,0,27.8276,18.4910,-23.7129,-44.1636,27.3745,0.000,0.000,0.833
2026-03-27,12:43:29,72173,1,0.0000,-0.0500,0.0241,0.7102,3.4051,0,1.0000,0,0,31.0642,97.7947,-24.7216,-28.5051,-4.9646,0.000,0.000,0.873
2026-03-27,12:43:29,72214,1,0.0000,-0.0601,0.0340,0.9993,3.4056,0,1.0000,0,0,34.5975,89.8773,-24.5121,-4.4885,-31.5084,0.000,0.000,0.913
2026-03-27,12:43:29,72254,1,0.0000,-0.0803,0.0465,1.3669,3.4061,0,1.0000,0,0,37.4221,69.5354,-24.0063,6.8086,-33.2189,0.000,0.000,0.953
2026-03-27,12:43:29,72294,1,0.0000,-0.0481,0.0526,1.5468,3.4067,0,1.0000,0,0,37.7013,10.8915,-24.1668,-0.8844,-3.3512,0.000,0.000,0.993
2026-03-27,12:43:29,72334,1,0.0000,-0.0648,0.0604,1.7772,3.4071,0,1.0000,0,0,39.3291,64.4503,-25.4962,-22.3355,18.9658,0.000,0.000,1.000
2026-03-27,12:43:29,72374,1,0.0000,-0.0377,0.0627,1.8428,3.4073,0,1.0000,0,0,42.5806,74.8846,-26.9771,-29.9307,-1.7050,0.000,0.000,1.000
2026-03-27,12:43:29,72415,1,0.0000,-0.0035,0.0602,1.7705,3.4073,0,1.0000,0,0,45.0534,65.8291,-27.7224,-20.1841,-30.2622,0.000,0.000,1.000
2026-03-27,12:43:29,72455,1,0.0000,0.0074,0.0584,1.7164,3.4072,0,1.0000,0,0,47.2206,57.0539,-27.8880,-8.7017,-54.2130,0.000,0.000,1.000
2026-03-27,12:43:29,72496,1,0.0000,0.0257,0.0524,1.5398,3.4071,0,1.0000,0,0,49.1565,48.3587,-27.9975,-4.4869,-46.8377,0.000,0.000,1.000
2026-03-27,12:43:29,72536,1,0.0000,-0.0049,0.0543,1.5958,3.4070,0,1.0000,0,0,50.7647,41.6077,-28.4327,-8.4676,-15.9482,0.000,0.000,1.000
2026-03-27,12:43:29,72576,1,0.0000,-0.0074,0.0545,1.6032,3.4071,0,1.0000,0,0,52.0380,34.3183,-29.2771,-15.9403,-4.7304,0.000,0.000,1.000
2026-03-27,12:43:29,72617,1,0.0000,-0.0025,0.0550,1.6177,3.4071,0,1.0000,0,0,53.1987,30.4877,-30.1138,-17.4059,-27.1409,0.000,0.000,1.000
2026-03-27,12:43:29,72650,1,0.0000,0.0085,0.0558,1.6421,3.4071,0,1.0000,0,0,53.4529,20.6076,-31.3707,-22.0637,-35.9332,0.000,0.000,1.000
2026-03-27,12:43:29,72690,1,0.0000,0.0066,0.0563,1.6544,3.4071,0,1.0000,0,0,54.4554,25.6041,-31.2518,-3.8883,-59.1855,0.000,0.000,1.000
2026-03-27,12:43:29,72732,1,0.0000,0.0440,0.0456,1.3405,3.4068,0,1.0000,0,0,55.7797,39.1374,-30.8680,6.7082,-78.8719,0.000,0.000,1.000
2026-03-27,12:43:29,72772,1,0.0000,0.0221,0.0431,1.2669,3.4065,0,1.0000,0,0,56.7298,16.6088,-30.2565,13.1057,-74.8146,0.000,0.000,1.000
2026-03-27,12:43:30,72813,1,0.0000,-0.0373,0.0523,1.5386,3.4067,0,1.0000,0,0,57.2438,11.2469,-30.1816,5.7601,-39.7070,0.000,0.000,1.000
2026-03-27,12:43:30,72853,1,0.0000,-0.0259,0.0541,1.5926,3.4069,0,1.0000,0,0,57.5845,9.1730,-30.6918,-5.1747,-10.6723,0.000,0.000,1.000
2026-03-27,12:43:30,72893,1,0.0000,-0.0248,0.0552,1.6225,3.4069,0,1.0000,0,0,58.7716,34.3323,-30.9426,-3.1209,-37.9477,0.000,0.000,1.000
2026-03-27,12:43:30,72934,1,0.0000,-0.0003,0.0564,1.6581,3.4071,0,1.0000,0,0,60.7293,44.1874,-30.3521,10.6996,-59.4591,0.000,0.000,1.000
2026-03-27,12:43:30,72974,1,0.0000,0.0265,0.0517,1.5205,3.4069,0,1.0000,0,0,61.6958,19.5544,-29.1708,24.0178,-77.3014,0.000,0.000,1.000
2026-03-27,12:43:30,73014,1,0.0000,0.0119,0.0458,1.3470,3.4067,0,1.0000,0,0,61.5376,-6.8386,-28.2749,23.0996,-39.2067,0.000,0.000,1.000
2026-03-27,12:43:30,73054,1,0.0000,-0.0025,0.0474,1.3945,3.4066,0,1.0000,0,0,61.2752,-7.2544,-27.8301,15.4763,-7.3607,0.000,0.000,1.000
2026-03-27,12:43:30,73094,1,0.0000,-0.0047,0.0466,1.3706,3.4066,0,1.0000,0,0,61.5862,6.6902,-27.9375,3.7942,19.3033,0.000,0.000,1.000
2026-03-27,12:43:30,73134,1,0.0000,-0.0087,0.0491,1.4428,3.4067,0,1.0000,0,0,61.5036,-9.5946,-28.1841,-2.0709,20.8620,0.000,0.000,1.000
2026-03-27,12:43:30,73174,1,0.0000,0.0006,0.0469,1.3806,3.4066,0,1.0000,0,0,60.5492,-23.2973,-28.3389,-2.0757,-9.6725,0.060,0.000,1.000
2026-03-27,12:43:30,73215,1,0.0000,-0.0004,0.0474,1.3946,3.4066,0,1.0000,0,0,60.0923,-13.7717,-28.0936,3.8015,-35.0931,0.140,0.000,1.000
2026-03-27,12:43:30,73255,1,0.0000,-0.0056,0.0469,1.3806,3.4066,0,1.0000,0,0,58.9464,-31.5846,-27.9783,2.8442,-22.5664,0.220,0.000,1.000
2026-03-27,12:43:30,73296,1,0.0000,0.0303,0.0430,1.2647,3.4065,0,1.0000,0,0,57.9385,-23.0554,-28.2068,-2.5278,6.8348,0.300,0.000,1.000
2026-03-27,12:43:30,73337,1,0.0000,-0.0032,0.0386,1.1367,3.4062,0,1.0000,0,0,58.4645,5.1369,-28.4827,-4.7837,-21.5587,0.380,0.000,1.000
2026-03-27,12:43:30,73377,1,0.0000,-0.0388,0.0469,1.3787,3.4064,0,1.0000,0,0,57.5263,-38.3492,-28.8544,-7.9194,-5.5724,0.460,0.000,1.000
2026-03-27,12:43:30,73418,1,0.0000,-0.0185,0.0519,1.5251,3.4067,0,1.0000,0,0,55.3213,-47.9623,-29.7742,-17.4600,6.5263,0.540,0.000,1.000
2026-03-27,12:43:30,73458,1,0.0000,0.0030,0.0495,1.4558,3.4068,0,1.0000,0,0,53.9168,-35.5648,-30.3231,-13.7135,-21.7936,0.620,0.000,1.000
2026-03-27,12:43:30,73498,1,0.0000,0.0091,0.0461,1.3553,3.4067,0,1.0000,0,0,52.9923,-22.2250,-30.2704,-3.0601,-45.5032,0.700,0.000,1.000
2026-03-27,12:43:30,73539,1,0.0000,0.0278,0.0436,1.2826,3.4066,0,1.0000,0,0,52.7713,-8.2220,-29.9217,4.9559,-65.5662,0.780,0.000,1.000
2026-03-27,12:43:30,73579,1,0.0000,0.0000,0.0430,1.2657,3.4065,0,1.0000,0,0,52.4733,-13.4683,-29.7270,4.5493,-29.4144,0.860,0.000,1.000
2026-03-27,12:43:30,73619,1,0.0000,0.0220,0.0372,1.0939,3.4062,0,1.0000,0,0,51.5859,-27.8386,-30.0313,-3.5759,-26.6545,0.940,0.000,1.000
2026-03-27,12:43:30,73659,1,0.0000,0.0200,0.0352,1.0361,3.4060,0,1.0000,0,0,50.2772,-36.3552,-30.5934,-10.6128,-16.0761,1.000,0.000,1.000
2026-03-27,12:43:30,73699,1,0.0000,-0.0068,0.0357,1.0503,3.4059,0,1.0000,0,0,48.8569,-37.1243,-31.2333,-13.9884,-0.3691,1.000,0.000,1.000
2026-03-27,12:43:30,73740,1,0.0000,-0.0164,0.0380,1.1163,3.4060,0,1.0000,0,0,47.3505,-41.6708,-32.0016,-16.7721,19.3650,1.000,0.000,1.000
2026-03-27,12:43:30,73780,1,0.0000,-0.0111,0.0416,1.2244,3.4062,0,1.0000,0,0,45.9183,-38.9678,-32.6452,-15.6574,7.9305,1.000,0.000,1.000
2026-03-27,12:43:31,73821,1,0.0000,-0.0061,0.0391,1.1497,3.4062,0,1.0000,0,0,45.1548,-20.7676,-32.9641,-9.5076,-20.5393,1.000,0.000,1.000
2026-03-27,12:43:31,73854,1,0.0000,-0.0033,0.0381,1.1202,3.4062,0,1.0000,0,0,45.3874,-8.6678,-33.2379,-9.2670,-27.1987,1.000,0.000,1.000
2026-03-27,12:43:31,73895,1,0.0000,0.0153,0.0340,1.0004,3.4061,0,1.0000,0,0,44.3931,-24.9581,-32.8703,3.3006,-43.3466,1.000,0.000,1.000
2026-03-27,12:43:31,73935,1,0.0000,0.0193,0.0315,0.9252,3.4059,0,1.0000,0,0,43.5167,-22.5128,-32.8058,2.5899,-57.7651,1.000,0.000,1.000
2026-03-27,12:43:31,73975,1,0.0000,0.0045,0.0335,0.9840,3.4058,0,1.0000,0,0,42.8033,-19.0424,-32.7105,3.4873,-69.3733,1.000,0.000,1.000
2026-03-27,12:43:31,74015,1,0.0000,0.0177,0.0285,0.8395,3.4057,0,1.0000,0,0,42.2182,-17.2583,-32.6007,3.5811,-73.5401,1.000,0.000,1.000
2026-03-27,12:43:31,74055,1,0.0000,0.0269,0.0252,0.7426,3.4055,0,1.0000,0,0,41.4780,-23.1657,-32.3895,5.7749,-89.7426,0.970,0.000,1.000
2026-03-27,12:43:31,74095,1,0.0000,0.0146,0.0229,0.6737,3.4054,0,1.0000,0,0,40.5842,-22.7390,-31.9779,9.4573,-103.3819,0.930,0.000,1.000
2026-03-27,12:43:31,74135,1,0.0000,0.0080,0.0218,0.6422,3.4053,0,1.0000,0,0,39.7849,-20.4388,-31.5729,10.6292,-115.0012,0.890,0.000,1.000
2026-03-27,12:43:31,74175,1,0.0000,0.0216,0.0205,0.6027,3.4052,0,1.0000,0,0,39.1233,-16.2329,-31.0934,12.4524,-124.9208,0.850,0.000,1.000
2026-03-27,12:43:31,74215,1,0.0000,0.0312,0.0119,0.3494,3.4050,0,1.0000,0,0,38.9858,-4.1271,-30.6314,12.6247,-133.3181,0.810,0.000,1.000
2026-03-27,12:43:31,74257,1,0.0000,0.0314,0.0070,0.2053,3.4047,0,1.0000,0,0,39.5443,14.9482,-30.2087,11.7406,-140.3466,0.770,0.000,0.997
2026-03-27,12:43:31,74297,1,0.0000,0.0118,0.0069,0.2038,3.4045,0,1.0000,0,0,40.9579,34.8723,-29.7246,12.5878,-126.9320,0.730,0.000,0.993
2026-03-27,12:43:31,74338,1,0.0000,-0.0043,0.0067,0.1958,3.4044,0,1.0000,0,0,42.2432,24.1114,-29.6627,4.7343,-107.4916,0.690,0.000,0.989
2026-03-27,12:43:31,74378,1,0.0000,-0.0108,0.0061,0.1790,3.4045,0,1.0000,0,0,41.2974,-33.9796,-30.3610,-10.6903,-77.9917,0.650,0.000,0.985
2026-03-27,12:43:31,74418,1,0.0000,0.0001,0.0047,0.1392,3.4044,0,1.0000,0,0,38.7564,-64.9056,-31.3167,-19.3709,-87.0332,0.610,0.000,0.981
2026-03-27,12:43:31,74458,1,0.0000,0.0044,0.0073,0.2144,3.4045,0,1.0000,0,0,36.7322,-50.1080,-32.1991,-21.6005,-53.9133,0.570,0.000,0.977
2026-03-27,12:43:31,74498,1,0.0000,-0.0134,0.0098,0.2880,3.4045,0,1.0000,0,0,34.8268,-52.8473,-33.3699,-26.3530,-60.6588,0.530,0.000,0.973
2026-03-27,12:43:31,74538,1,0.0000,-0.0037,0.0088,0.2592,3.4045,0,1.0000,0,0,32.9506,-44.9412,-34.2661,-22.6940,-78.6605,0.490,0.000,0.969
2026-03-27,12:43:31,74578,1,0.0000,0.0162,0.0063,0.1853,3.4045,0,1.0000,0,0,32.1152,-26.3043,-34.3110,-7.3579,-93.6475,0.450,0.000,0.965
2026-03-27,12:43:31,74618,1,0.0000,-0.0002,0.0061,0.1791,3.4045,0,1.0000,0,0,31.4625,-19.4503,-33.8108,6.1379,-106.2524,0.410,0.000,0.961
2026-03-27,12:43:31,74659,1,0.0000,0.0143,0.0034,0.0989,3.4044,0,1.0000,0,0,30.8670,-15.2844,-33.2969,10.2906,-117.2271,0.370,0.000,0.957
2026-03-27,12:43:31,74699,1,0.0000,-0.0066,0.0050,0.1475,3.4044,0,1.0000,0,0,30.7278,-1.6032,-32.9818,8.9199,-106.8174,0.330,0.000,0.953
2026-03-27,12:43:31,74739,1,0.0000,0.0034,0.0044,0.1284,3.4043,0,1.0000,0,0,31.4781,16.9700,-32.4891,12.0483,-117.4379,0.290,0.000,0.949
2026-03-27,12:43:31,74780,1,0.0000,-0.0084,0.0027,0.0792,3.4043,0,1.0000,0,0,32.3957,18.7882,-32.3862,4.1385,-93.1916,0.250,0.000,0.945
2026-03-27,12:43:32,74820,1,0.0000,-0.0004,0.0025,0.0735,3.4043,0,1.0000,0,0,32.5335,0.0027,-33.0540,-10.5379,-99.8301,0.210,0.000,0.941
2026-03-27,12:43:32,74861,1,0.0000,0.0001,0.0026,0.0774,3.4043,0,1.0000,0,0,32.4684,-8.2221,-34.1728,-22.3166,-111.4434,0.170,0.000,0.937
2026-03-27,12:43:32,74901,1,0.0000,0.0059,0.0025,0.0734,3.4043,0,1.0000,0,0,31.3843,-32.8931,-35.7175,-35.3155,-121.6254,0.130,0.000,0.933
2026-03-27,12:43:32,74941,1,0.0000,-0.0124,0.0048,0.1413,3.4043,0,1.0000,0,0,29.6149,-44.9849,-37.6492,-45.4820,-130.3001,0.090,0.000,0.929
2026-03-27,12:43:32,74982,1,0.0000,-0.0082,0.0052,0.1518,3.4043,0,1.0000,0,0,28.0371,-40.1309,-39.6436,-48.9586,-137.6797,0.050,0.000,0.925
2026-03-27,12:43:32,75025,1,0.0000,-0.0115,0.0038,0.1114,3.4043,0,1.0000,0,0,27.3533,-30.5710,-40.4939,-40.9759,-140.9898,0.020,0.000,0.922
2026-03-27,12:43:32,75066,1,0.0000,0.0064,0.0030,0.0879,3.4043,0,1.0000,0,0,26.1245,-30.6745,-42.1813,-42.4445,-146.7352,0.000,0.000,0.918
2026-03-27,12:43:32,75107,1,0.0000,0.0126,0.0023,0.0669,3.4043,0,1.0000,0,0,25.0786,-26.5519,-43.8001,-41.0571,-151.6375,0.000,0.000,0.914
2026-03-27,12:43:32,75147,1,0.0000,0.0000,0.0041,0.1213,3.4043,0,1.0000,0,0,24.1796,-23.5572,-44.8942,-32.9427,-155.8162,0.000,0.000,0.910
2026-03-27,12:43:32,75188,1,0.0000,0.0070,0.0036,0.1044,3.4043,0,1.0000,0,0,23.4283,-20.1544,-46.0321,-30.3925,-159.3690,0.000,0.000,0.906
2026-03-27,12:43:32,75228,1,0.0000,-0.0012,0.0032,0.0944,3.4043,0,1.0000,0,0,22.7838,-17.2644,-46.9642,-26.7969,-162.3857,0.000,0.000,0.902
2026-03-27,12:43:32,75269,1,0.0000,0.0006,0.0034,0.1009,3.4043,0,1.0000,0,0,22.2380,-14.6801,-47.5914,-19.0878,-164.9552,0.000,0.000,0.898
2026-03-27,12:43:32,75309,1,0.0000,0.0008,0.0033,0.0984,3.4043,0,1.0000,0,0,21.7772,-12.3241,-47.6681,-7.9686,-167.1449,0.000,0.000,0.894
2026-03-27,12:43:32,75349,1,0.0000,0.0114,0.0023,0.0669,3.4043,0,1.0000,0,0,21.3664,-10.9351,-47.6820,-3.1426,-168.9937,0.000,0.000,0.890
2026-03-27,12:43:32,75390,1,0.0000,0.0014,0.0032,0.0956,3.4043,0,1.0000,0,0,21.1514,-5.3476,-47.8277,-3.5693,-170.5950,0.000,0.000,0.886
2026-03-27,12:43:32,75430,1,0.0000,-0.0054,0.0028,0.0825,3.4043,0,1.0000,0,0,21.1618,-0.1279,-47.8271,-1.0821,-171.9426,0.000,0.000,0.882
2026-03-27,12:43:32,75471,1,0.0000,-0.0063,0.0030,0.0878,3.4043,0,1.0000,0,0,21.3184,3.8523,-47.9352,-2.1435,-173.1031,0.000,0.000,0.878
2026-03-27,12:43:32,75511,1,0.0000,-0.0109,0.0034,0.0996,3.4043,0,1.0000,0,0,21.7020,9.6140,-47.7869,1.9377,-174.0866,0.000,0.000,0.874
2026-03-27,12:43:32,75551,1,0.0000,-0.0034,0.0025,0.0733,3.4042,0,1.0000,0,0,22.2879,12.2105,-47.8036,0.6389,-174.9048,0.000,0.000,0.870
2026-03-27,12:43:32,75591,1,0.0000,0.0042,0.0021,0.0628,3.4042,0,1.0000,0,0,23.0029,16.8369,-48.5505,-15.0431,-175.5811,0.000,0.000,0.866
2026-03-27,12:43:32,75631,1,0.0000,0.0057,0.0018,0.0523,3.4042,0,1.0000,0,0,23.8405,16.8558,-50.8873,-47.6362,-176.1960,0.000,0.000,0.862
2026-03-27,12:43:32,75672,1,0.0000,-0.0003,0.0029,0.0855,3.4042,0,1.0000,0,0,24.6216,16.9601,-54.5979,-78.6230,-170.1320,0.000,0.000,0.858
2026-03-27,12:43:32,75712,1,0.0000,0.0034,0.0012,0.0352,3.4042,0,1.0000,0,0,25.0741,5.0548,-59.8293,-119.1036,-171.6185,0.000,0.000,0.854
2026-03-27,12:43:32,75752,1,0.0000,0.0111,-0.0056,0.1662,3.4039,0,1.0000,0,0,22.4484,-72.1566,-66.5345,-158.0873,-158.2482,0.000,0.000,0.850
2026-03-27,12:43:33,75794,1,0.0000,-0.0385,-0.0020,0.0593,3.4040,0,1.0000,0,0,19.3941,-75.0619,-73.8703,-175.7867,-154.6115,0.000,0.000,0.846
2026-03-27,12:43:33,75835,1,0.0000,-0.0048,-0.0021,0.0625,3.4040,0,1.0000,0,0,16.7768,-65.7034,-80.7338,-173.9912,-158.3829,0.000,0.000,0.842
2026-03-27,12:43:33,75876,1,0.0000,-0.0071,-0.0011,0.0312,3.4040,0,1.0000,0,0,14.6948,-53.2425,-86.5772,-155.9338,-161.6029,0.000,0.000,0.838
2026-03-27,12:43:33,75916,1,0.0000,-0.0046,-0.0046,0.1345,3.4040,0,1.0000,0,0,12.9362,-47.6742,-91.5091,-137.9525,-164.3239,0.000,0.000,0.834
2026-03-27,12:43:33,75956,1,0.0000,0.0099,-0.0041,0.1203,3.4040,0,1.0000,0,0,11.4402,-40.7513,-95.3393,-112.4822,-166.6516,0.000,0.000,0.830
2026-03-27,12:43:33,75997,1,0.0000,-0.0022,-0.0018,0.0519,3.4040,0,1.0000,0,0,10.1660,-33.3455,-98.5107,-91.5291,-168.6165,0.000,0.000,0.826
2026-03-27,12:43:33,76037,1,0.0000,-0.0024,-0.0005,0.0140,3.4040,0,1.0000,0,0,9.0670,-29.1103,-101.1358,-76.0675,-170.2723,0.000,0.000,0.822
2026-03-27,12:43:33,76078,1,0.0000,-0.0061,-0.0018,0.0519,3.4040,0,1.0000,0,0,8.1386,-22.7917,-102.8943,-54.9030,-171.7130,0.000,0.000,0.818
2026-03-27,12:43:33,76118,1,0.0000,0.0202,-0.0018,0.0519,3.4040,0,1.0000,0,0,7.3369,-20.8236,-103.9065,-35.9016,-172.9230,0.000,0.000,0.814
2026-03-27,12:43:33,76158,1,0.0000,-0.0029,-0.0004,0.0104,3.4040,0,1.0000,0,0,6.6566,-18.0608,-104.6453,-25.3153,-173.9409,0.000,0.000,0.810
2026-03-27,12:43:33,76191,1,0.0000,-0.0046,-0.0022,0.0659,3.4040,0,1.0000,0,0,6.5158,-12.0280,-104.6796,-19.8717,-174.2183,0.000,0.000,0.808
2026-03-27,12:43:33,76231,1,0.0000,-0.0034,-0.0018,0.0516,3.4040,0,1.0000,0,0,5.9726,-14.1541,-105.0493,-13.4851,-174.9616,0.000,0.000,0.804
2026-03-27,12:43:33,76271,1,0.0000,-0.0027,-0.0013,0.0381,3.4040,0,1.0000,0,0,5.4933,-12.5131,-105.6011,-14.8593,-175.6375,0.000,0.000,0.800
2026-03-27,12:43:33,76311,1,0.0000,0.0176,-0.0019,0.0555,3.4040,0,1.0000,0,0,5.0836,-10.9492,-105.9223,-10.2035,-176.2384,0.000,0.000,0.796
2026-03-27,12:43:33,76351,1,0.0000,0.0043,-0.0015,0.0451,3.4040,0,1.0000,0,0,4.7333,-8.9963,-105.9231,-4.0223,-176.7861,0.000,0.000,0.792
2026-03-27,12:43:33,76392,1,0.0000,0.0046,-0.0013,0.0380,3.4040,0,1.0000,0,0,4.4318,-7.4558,-105.6689,2.5067,-177.2764,0.000,0.000,0.788
2026-03-27,12:43:33,76432,1,0.0000,0.0141,-0.0021,0.0626,3.4040,0,1.0000,0,0,4.1658,-6.9326,-105.2268,7.4204,-177.6888,0.000,0.000,0.784
2026-03-27,12:43:33,76476,1,0.0000,-0.0030,-0.0014,0.0416,3.4040,0,1.0000,0,0,3.9193,-6.2586,-104.7751,10.3923,-178.0277,0.000,0.000,0.780
2026-03-27,12:43:33,76517,1,0.0000,-0.0051,-0.0024,0.0693,3.4040,0,1.0000,0,0,3.7259,-5.7609,-104.1209,14.0264,-178.2051,0.000,0.000,0.776
2026-03-27,12:43:33,76557,1,0.0000,0.0037,-0.0012,0.0347,3.4040,0,1.0000,0,0,3.5636,-4.4585,-103.3180,17.7451,-178.2149,0.000,0.000,0.772
2026-03-27,12:43:33,76598,1,0.0000,-0.0149,-0.0014,0.0416,3.4041,0,1.0000,0,0,3.1928,-8.0475,-102.2354,23.5355,-171.6198,0.000,0.000,0.768
2026-03-27,12:43:33,76638,1,0.0000,0.0072,-0.0011,0.0312,3.4041,0,1.0000,0,0,3.1099,-3.1337,-100.7728,32.7496,-172.7492,0.000,0.000,0.764
2026-03-27,12:43:33,76678,1,0.0000,-0.0132,-0.0009,0.0279,3.4041,0,1.0000,0,0,3.0316,-2.6925,-99.0165,39.7880,-173.7691,0.000,0.000,0.760
2026-03-27,12:43:33,76718,1,0.0000,-0.0170,-0.0008,0.0238,3.4041,0,1.0000,0,0,2.9716,-1.2875,-97.4192,39.1635,-127.4215,0.000,0.000,0.756
2026-03-27,12:43:33,76758,1,0.0000,-0.0078,-0.0007,0.0208,3.4041,0,1.0000,0,0,2.9606,-0.0977,-96.3282,30.9004,-81.6991,0.000,0.000,0.752
2026-03-27,12:43:34,76800,1,0.0000,-0.0028,-0.0000,0.0002,3.4041,0,1.0000,0,0,2.9600,0.1371,-95.4857,23.2033,-42.8178,0.000,0.000,0.748
2026-03-27,12:43:34,76840,1,0.0000,-0.0036,-0.0008,0.0246,3.4041,0,1.0000,0,0,2.9589,0.2986,-95.1682,12.6961,-9.7022,0.000,0.000,0.744
2026-03-27,12:43:34,76880,1,0.0000,-0.0007,-0.0006,0.0173,3.4041,0,1.0000,0,0,2.9677,0.1105,-94.9454,8.2745,-15.1088,0.000,0.000,0.740
2026-03-27,12:43:34,76922,1,-0.1200,-0.0088,-0.0008,0.0246,3.4041,0,1.0000,-15,1,2.9693,0.1105,-94.4381,10.9704,-39.7605,0.000,0.000,0.736
2026-03-27,12:43:34,76962,1,-0.1200,-0.0006,-0.0008,0.0243,3.4041,0,1.0000,-15,1,2.9736,-0.0006,-93.8743,12.8021,-53.5394,0.000,0.000,0.732
2026-03-27,12:43:34,77003,1,7.9040,-0.0004,-0.0004,0.0104,3.4041,0,1.0000,988,1,2.9963,0.3258,-93.5213,10.0194,-33.0583,0.000,0.000,0.728
2026-03-27,12:43:34,77045,1,7.9040,0.4840,0.0240,0.7065,3.4025,0,1.0000,988,1,2.9632,-2.5384,-93.1669,9.6537,-42.2912,0.000,0.000,0.724
2026-03-27,12:43:34,77085,1,7.9040,1.2868,0.0404,1.1894,3.3949,0,1.0000,988,1,2.6558,-16.3116,-92.8111,8.8308,-62.5026,0.000,0.000,0.720
2026-03-27,12:43:34,77118,1,7.9920,1.9174,0.0418,1.2292,3.3831,0,1.0000,999,1,0.7318,-53.1568,-92.0807,16.0391,-75.7378,0.060,0.000,0.717
2026-03-27,12:43:34,77158,1,7.9920,2.7647,0.0433,1.2736,3.3613,0,1.0000,999,1,-2.3382,-70.8325,-91.1339,21.4375,-91.0544,0.140,0.000,0.713
2026-03-27,12:43:34,77198,1,7.9920,3.4928,0.0460,1.3526,3.3335,0,1.0000,999,1,-6.7641,-107.9829,-89.2648,40.0102,-76.1535,0.220,0.000,0.709
2026-03-27,12:43:34,77240,1,0.1840,3.7909,0.0318,0.9344,3.2985,0,1.0000,23,1,-11.8583,-93.9118,-85.6027,76.5169,-37.9211,0.300,0.000,0.705
2026-03-27,12:43:34,77280,1,0.1840,2.9867,0.0349,1.0258,3.2697,0,1.0000,23,1,-6.7136,148.4856,-80.2957,118.8401,-6.0261,0.320,0.000,0.701
2026-03-27,12:43:34,77323,1,0.0000,2.1284,0.0266,0.7828,3.2472,0,1.0000,0,1,1.0694,178.8355,-74.6697,128.4592,14.1420,0.280,0.000,0.697
2026-03-27,12:43:34,77356,1,0.0000,1.6381,0.0325,0.9570,3.2373,0,1.0000,0,1,2.9364,126.4808,-73.4701,107.9703,6.3724,0.260,0.000,0.695
2026-03-27,12:43:34,77396,1,0.0000,0.7441,0.0327,0.9608,3.2260,0,1.0000,0,1,6.0692,89.1933,-67.9565,130.8231,6.2051,0.220,0.000,0.713
2026-03-27,12:43:34,77430,1,0.0000,0.0732,0.0276,0.8121,3.2234,0,1.0000,0,1,8.5061,77.2982,-64.4933,116.9937,-8.5713,0.190,0.000,0.743
2026-03-27,12:43:34,77472,1,0.0000,-0.0026,0.0352,1.0350,3.2234,0,1.0000,0,1,11.3296,68.4524,-60.5187,103.6384,-26.8219,0.150,0.000,0.783
2026-03-27,12:43:34,77514,1,0.0000,0.0164,0.0333,0.9804,3.2234,0,1.0000,0,1,13.6875,57.9054,-57.2954,86.8124,-30.6628,0.110,0.000,0.823
2026-03-27,12:43:34,77555,1,0.0000,0.0326,0.0255,0.7488,3.2231,0,1.0000,0,1,15.7791,52.8678,-54.7423,72.4763,-52.9457,0.070,0.000,0.863
2026-03-27,12:43:34,77595,1,0.0000,0.0087,0.0232,0.6827,3.2228,0,1.0000,0,1,17.5543,45.0899,-52.8657,56.9816,-71.8554,0.030,0.000,0.903
2026-03-27,12:43:34,77637,1,0.0000,0.0155,0.0183,0.5383,3.2226,0,1.0000,0,1,19.0514,37.8120,-51.3162,45.1165,-87.9774,0.000,0.000,0.943
2026-03-27,12:43:34,77677,1,0.0000,0.0329,0.0125,0.3680,3.2224,0,1.0000,0,1,20.3632,34.3714,-50.1027,36.1054,-101.7362,0.000,0.000,0.983
2026-03-27,12:43:34,77718,1,0.0000,0.0137,0.0086,0.2539,3.2221,0,1.0000,0,1,21.4571,27.9990,-49.2692,26.0005,-113.4309,0.000,0.000,0.990
2026-03-27,12:43:34,77758,1,0.0000,0.0198,0.0047,0.1376,3.2219,0,1.0000,0,1,22.6812,33.4459,-48.5280,22.0407,-103.7522,0.000,0.000,0.986
2026-03-27,12:43:35,77798,1,0.0000,0.0080,0.0027,0.0782,3.2218,0,1.0000,0,1,24.5599,44.8115,-47.7567,20.9085,-107.6439,0.000,0.000,0.982
2026-03-27,12:43:35,77839,1,0.0000,0.0087,0.0029,0.0853,3.2218,0,1.0000,0,1,26.3976,42.1583,-47.1535,16.8242,-85.3163,0.000,0.000,0.978
2026-03-27,12:43:35,77879,1,0.0000,0.0033,0.0020,0.0593,3.2217,0,1.0000,0,1,27.7205,30.8793,-46.9763,8.0435,-86.0398,0.000,0.000,0.974
2026-03-27,12:43:35,77919,1,0.0000,0.0083,0.0016,0.0471,3.2217,0,1.0000,0,0,28.5380,16.7247,-47.1594,-0.5825,-86.2059,0.000,0.000,0.970
2026-03-27,12:43:35,77959,1,0.0000,-0.0020,0.0007,0.0211,3.2216,0,1.0000,0,0,29.1054,10.1019,-47.7665,-12.0358,-93.4415,0.000,0.000,0.966
2026-03-27,12:43:35,77999,1,0.0000,-0.0043,0.0006,0.0165,3.2216,0,1.0000,0,0,29.4260,5.3065,-49.1545,-28.6921,-106.3506,0.000,0.000,0.962
2026-03-27,12:43:35,78039,1,0.0000,-0.0059,0.0010,0.0292,3.2216,0,1.0000,0,0,29.4915,-4.0986,-50.9768,-41.7149,-117.2174,0.000,0.000,0.958
2026-03-27,12:43:35,78079,1,0.0000,-0.0005,-0.0002,0.0073,3.2216,0,1.0000,0,0,29.0494,-18.2599,-53.3714,-56.9248,-126.4980,0.000,0.000,0.954
2026-03-27,12:43:35,78119,1,0.0000,-0.0032,0.0005,0.0152,3.2216,0,1.0000,0,0,28.0988,-29.1222,-56.1775,-69.2056,-127.6813,0.000,0.000,0.950
2026-03-27,12:43:35,78160,1,-0.1280,0.0025,0.0004,0.0119,3.2216,0,1.0000,-16,1,27.0082,-34.6409,-59.5268,-81.5863,-128.4632,0.000,0.000,0.946
2026-03-27,12:43:35,78200,1,-0.1280,0.0048,-0.0000,0.0014,3.2216,0,1.0000,-16,1,26.1730,-22.8444,-63.3065,-94.4659,-116.0873,0.000,0.000,0.942
2026-03-27,12:43:35,78242,1,-0.1360,-0.0165,-0.0031,0.0925,3.2214,0,1.0000,-17,1,22.3812,-77.4395,-67.4400,-100.2379,-85.9602,0.000,0.000,0.938
2026-03-27,12:43:35,78275,1,-0.1360,-0.0015,-0.0029,0.0862,3.2214,0,1.0000,-17,1,20.0020,-73.7821,-70.3870,-98.1525,-62.1933,0.000,0.000,0.935
2026-03-27,12:43:35,78315,1,-0.1360,-0.0055,-0.0025,0.0737,3.2214,0,1.0000,-17,1,17.3599,-67.9762,-73.9134,-94.0478,-58.9147,0.000,0.000,0.931
2026-03-27,12:43:35,78356,1,-0.1280,0.0005,-0.0036,0.1073,3.2214,0,1.0000,-16,1,15.1779,-56.5793,-76.8219,-80.9034,-57.2706,0.000,0.000,0.927
2026-03-27,12:43:35,78396,1,-0.1280,-0.0058,-0.0009,0.0273,3.2214,0,1.0000,-16,1,13.2847,-51.2124,-79.2632,-69.7016,-49.3666,0.000,0.000,0.923
2026-03-27,12:43:35,78437,1,0.3760,0.0062,-0.0028,0.0820,3.2214,0,1.0000,47,1,11.6933,-40.8804,-81.2490,-56.4629,-55.9076,0.000,0.000,0.919
2026-03-27,12:43:35,78477,1,0.3760,0.3327,0.0118,0.3461,3.2203,0,1.0000,47,1,10.2417,-41.5877,-82.5766,-41.2853,-74.1760,0.000,0.000,0.937
2026-03-27,12:43:35,78512,1,0.3760,0.3043,0.0186,0.5465,3.2188,0,1.0000,47,1,9.7782,-29.7432,-82.4327,-31.2270,-71.3634,0.000,0.000,0.957
2026-03-27,12:43:35,78546,1,0.4000,0.3587,0.0212,0.6222,3.2156,0,1.0000,50,1,9.2142,-16.3406,-83.3552,-30.0941,-49.6322,0.000,0.000,0.987
2026-03-27,12:43:35,78588,1,0.3840,0.4580,0.0088,0.2597,3.2118,0,1.0000,48,1,8.2659,-21.3062,-84.0740,-21.8622,-22.3416,0.000,0.000,0.999
2026-03-27,12:43:35,78630,1,0.3840,0.5408,-0.0004,0.0103,3.2077,0,1.0000,48,1,7.4272,-20.8312,-84.8014,-19.2980,-19.6810,0.000,0.000,0.998
2026-03-27,12:43:35,78671,1,0.3840,0.3248,0.0163,0.4797,3.2047,0,1.0000,48,1,6.7208,-18.9967,-86.0565,-29.7018,2.8505,0.000,0.000,1.000
2026-03-27,12:43:35,78711,1,0.3840,0.3361,0.0235,0.6916,3.2018,0,1.0000,48,1,6.1025,-15.0612,-87.2928,-29.5258,15.6826,0.000,0.000,1.000
2026-03-27,12:43:35,78754,1,0.3840,0.4166,0.0085,0.2497,3.1980,0,1.0000,48,1,5.5762,-11.0272,-87.9458,-20.9710,7.5311,0.000,0.000,0.999
2026-03-27,12:43:36,78797,1,0.3840,0.4388,0.0009,0.0277,3.1941,0,1.0000,48,1,5.1197,-10.0018,-88.6738,-18.5272,20.0097,0.000,0.000,0.997
2026-03-27,12:43:36,78839,1,0.3840,0.4689,-0.0104,0.3046,3.1900,0,1.0000,48,1,4.7222,-9.0214,-89.4390,-18.2800,30.0971,0.000,0.000,0.993
2026-03-27,12:43:36,78881,1,0.3840,0.2095,0.0265,0.7786,3.1874,0,1.0000,48,1,4.4046,-7.6018,-89.8148,-12.7949,31.4706,0.000,0.000,0.989
2026-03-27,12:43:36,78921,1,0.3840,0.3556,0.0207,0.6090,3.1845,0,1.0000,48,1,4.1273,-6.4442,-90.5066,-16.0305,27.7556,0.000,0.000,0.985
2026-03-27,12:43:36,78963,1,0.4640,0.5298,0.0099,0.2907,3.1807,0,1.0000,58,1,3.8934,-5.8757,-90.8562,-11.3651,23.1072,0.000,0.000,0.981
2026-03-27,12:43:36,79003,1,0.4640,0.6183,-0.0155,0.4554,3.1759,0,1.0000,58,1,3.6760,-7.0416,-91.3361,-12.0052,18.4761,0.000,0.000,0.977
2026-03-27,12:43:36,79043,1,0.4640,0.5174,0.0024,0.0708,3.1723,0,1.0000,58,1,3.5797,-5.2297,-92.0217,-15.8293,21.3006,0.000,0.000,0.973
2026-03-27,12:43:36,79084,1,0.4640,0.4509,0.0157,0.4619,3.1686,0,1.0000,58,1,3.5315,-4.9441,-92.2528,-9.8316,11.4981,0.000,0.000,0.969
2026-03-27,12:43:36,79124,1,0.4640,0.5250,-0.0000,0.0000,3.1642,0,1.0000,58,1,3.3554,-5.4250,-92.5520,-7.1688,17.2768,0.000,0.000,0.965
2026-03-27,12:43:36,79164,1,0.4640,0.4974,-0.0087,0.2569,3.1597,0,1.0000,58,1,3.1887,-4.3091,-92.6931,-5.5299,28.0376,0.000,0.000,0.961
2026-03-27,12:43:36,79204,1,0.4640,0.2752,0.0296,0.8703,3.1566,0,1.0000,58,1,3.0791,-2.1935,-92.5998,-0.2666,23.4975,0.000,0.000,0.957
2026-03-27,12:43:36,79244,1,0.4640,0.5518,0.0063,0.1855,3.1525,0,1.0000,58,0,2.9460,-2.3433,-92.7783,-3.0126,34.1018,0.000,0.000,0.953
2026-03-27,12:43:36,79284,1,0.4640,0.4851,0.0035,0.1021,3.1484,0,1.0000,58,0,2.8651,-2.3578,-92.9317,-4.0100,28.9494,0.000,0.000,0.949
2026-03-27,12:43:36,79324,1,0.4640,0.4515,-0.0020,0.0587,3.1441,0,1.0000,58,0,2.7747,-3.7264,-92.8648,-0.3919,23.4451,0.000,0.000,0.945
2026-03-27,12:43:36,79365,1,0.4640,0.4160,0.0182,0.5364,3.1407,0,1.0000,58,0,2.7206,-2.7066,-92.7928,2.5593,12.9540,0.000,0.000,0.941
2026-03-27,12:43:36,79405,1,0.4640,0.5708,-0.0004,0.0108,3.1363,0,1.0000,58,0,2.6595,-3.2662,-92.5070,4.4904,16.6058,0.000,0.000,0.937
2026-03-27,12:43:36,79445,1,0.4640,0.5161,0.0001,0.0022,3.1322,0,1.0000,58,0,2.6382,-2.1538,-92.3508,4.3093,20.3889,0.000,0.000,0.933
2026-03-27,12:43:36,79487,1,0.4640,0.3787,0.0128,0.3761,3.1282,0,1.0000,58,0,2.6513,-0.4164,-91.8798,10.4446,31.4634,0.000,0.000,0.929
2026-03-27,12:43:36,79527,1,0.4640,0.4803,0.0104,0.3071,3.1246,0,1.0000,58,0,2.6275,0.4229,-91.4155,10.2077,27.7703,0.000,0.000,0.925
2026-03-27,12:43:36,79567,1,0.4640,0.3844,0.0196,0.5777,3.1207,0,1.0000,58,0,2.6163,1.5411,-91.1141,9.9736,17.8671,0.000,0.000,0.921
2026-03-27,12:43:36,79607,1,0.4640,0.3709,0.0032,0.0945,3.1161,0,1.0000,58,0,2.5629,2.8089,-90.5261,14.0170,28.6788,0.000,0.000,0.917
2026-03-27,12:43:36,79647,1,0.4640,0.2870,0.0225,0.6611,3.1125,0,1.0000,58,0,2.5266,2.7822,-89.9016,14.9102,10.7829,0.000,0.000,0.913
2026-03-27,12:43:36,79687,1,0.4640,0.4670,0.0127,0.3723,3.1087,0,1.0000,58,0,2.4546,-0.3264,-89.1563,18.4452,9.1096,0.000,0.000,0.909
2026-03-27,12:43:36,79720,1,0.4640,0.5227,0.0013,0.0381,3.1062,0,1.0000,58,0,2.4720,0.0762,-89.0210,15.2882,8.5995,0.000,0.000,0.907
2026-03-27,12:43:36,79760,1,0.4640,0.6044,-0.0156,0.4599,3.1005,0,1.0000,273,0,2.4409,-3.0945,-88.7525,8.8170,27.0135,0.000,0.000,0.903
2026-03-27,12:43:37,79802,1,2.1840,0.7971,0.0132,0.3881,3.0962,0,1.0000,273,1,2.4868,-1.6867,-88.3890,9.9401,22.8460,0.000,0.000,0.899
2026-03-27,12:43:37,79843,1,2.1840,1.7045,0.0068,0.2002,3.0852,0,1.0000,273,1,2.4492,-4.0313,-88.1072,8.2664,12.8380,0.000,0.000,0.895
2026-03-27,12:43:37,79886,1,4.0800,2.4230,0.0050,0.1482,3.0662,0,1.0000,510,1,2.3783,-2.1740,-87.9945,4.4908,11.4782,0.000,0.000,0.891
2026-03-27,12:43:37,79926,1,4.0800,3.1407,0.0246,0.7235,3.0418,0,1.0000,510,1,2.3891,-0.3999,-88.2541,-2.6097,3.4883,0.000,0.000,0.887
2026-03-27,12:43:37,79966,1,4.0800,3.9298,0.0262,0.7704,3.0108,0,1.0000,510,1,2.3434,-1.4706,-88.5552,-5.3772,-3.6339,0.000,0.000,0.883
2026-03-27,12:43:37,79999,1,4.3120,4.1145,0.0255,0.7502,2.9817,0,1.0000,539,1,2.2781,-2.0468,-89.0146,-11.4772,-9.8364,0.000,0.000,0.880
2026-03-27,12:43:37,80039,1,4.3120,4.3603,0.0063,0.1846,2.9446,0,1.0000,539,1,2.3535,2.1778,-90.4047,-28.1205,5.0228,0.000,0.000,0.876
2026-03-27,12:43:37,80081,1,7.7600,4.3048,0.0046,0.1356,2.9072,0,1.0000,970,1,2.3881,1.8948,-91.9536,-34.5841,-3.5040,0.000,0.000,0.872
2026-03-27,12:43:37,80122,1,7.7600,5.0827,0.0142,0.4163,2.8644,0,1.0000,970,1,2.2992,-0.5405,-92.9427,-27.2516,-9.9032,0.000,0.000,0.868
2026-03-27,12:43:37,80162,1,7.7600,5.8921,0.0210,0.6178,2.8169,0,1.0000,970,1,2.3000,2.3543,-93.1367,-11.8894,-21.7504,0.000,0.000,0.864
2026-03-27,12:43:37,80195,1,7.9920,6.5114,0.0246,0.7221,2.7727,0,1.0000,999,1,2.2065,-1.3767,-92.6758,2.7518,-39.2786,0.000,0.000,0.861
2026-03-27,12:43:37,80235,1,7.9920,7.1577,0.0482,1.4184,2.7133,0,1.0000,999,1,1.8281,-9.0145,-89.3210,63.8011,-56.8626,0.000,0.000,0.857
2026-03-27,12:43:37,80276,1,7.9920,7.9677,0.0987,2.9039,2.6504,0,1.0000,999,1,-14.8461,-494.8797,-61.1267,496.3449,-58.8420,0.080,0.000,0.853
2026-03-27,12:43:37,80310,1,7.9920,8.2013,0.1002,2.9468,2.5929,0,1.0000,999,1,-19.7522,-104.6589,-51.6207,332.9953,-37.8063,0.140,0.000,0.850
2026-03-27,12:43:37,80343,1,7.9920,8.1758,0.0484,1.4241,2.5347,0,1.0000,999,1,-8.6134,276.9630,-59.9095,10.9457,-20.5782,0.200,0.000,0.847
2026-03-27,12:43:37,80385,1,7.9920,7.6738,0.1053,3.0972,2.4624,0,1.0000,999,1,0.7986,144.2815,-75.4181,-230.5920,-6.6419,0.160,0.000,0.843
2026-03-27,12:43:37,80425,1,7.9920,7.7018,0.1702,5.0047,2.3966,0,1.0000,999,1,-24.2371,-581.3926,-70.6988,45.1840,-21.6200,0.180,0.000,0.839
2026-03-27,12:43:37,80465,1,7.9920,7.9007,0.1829,5.3806,2.3295,0,1.0000,999,1,-9.7151,413.0432,-53.8800,253.2775,-2.9002,0.260,0.000,0.835
2026-03-27,12:43:37,80498,1,0.2240,8.1560,0.1519,4.4670,2.2741,0,1.0000,28,1,-7.5997,27.5696,-62.4931,-27.1258,7.1691,0.230,0.000,0.832
2026-03-27,12:43:37,80538,1,0.2240,7.4216,0.1257,3.6961,2.2068,0,1.0000,28,1,-19.7839,-190.0853,-61.2030,52.9024,-9.5141,0.280,0.000,0.828
2026-03-27,12:43:37,80579,1,0.0000,6.6365,0.0840,2.4691,2.1472,0,1.0000,0,1,-9.7033,245.5760,-45.9334,262.3090,4.6092,0.330,0.000,0.824
2026-03-27,12:43:37,80611,1,0.0000,5.9040,0.0839,2.4671,2.1039,0,1.0000,0,1,-1.5006,197.8624,-41.9705,169.3911,22.7481,0.300,0.000,0.821
2026-03-27,12:43:37,80651,1,0.0000,5.1809,0.0546,1.6055,2.0576,0,1.0000,0,1,-6.0761,-112.7047,-46.4685,-16.4401,29.4560,0.260,0.000,0.817
2026-03-27,12:43:37,80692,1,0.0000,4.1808,0.0646,1.8996,2.0182,0,1.0000,0,1,-8.3940,-13.5473,-47.4660,-7.9194,4.8928,0.280,0.000,0.813
2026-03-27,12:43:37,80732,1,0.0000,3.4685,0.0381,1.1201,1.9852,0,1.0000,0,1,-0.7471,191.2936,-40.1930,120.7369,-16.0912,0.240,0.000,0.809
2026-03-27,12:43:37,80772,1,0.0000,2.5542,0.0388,1.1418,1.9599,0,1.0000,0,1,7.1033,178.0806,-32.8835,154.4232,-4.4186,0.200,0.000,0.827
2026-03-27,12:43:38,80805,1,0.0000,2.0460,0.0200,0.5896,1.9445,0,1.0000,0,1,9.2370,73.7602,-30.0161,114.6942,16.2662,0.170,0.000,0.857
2026-03-27,12:43:38,80838,1,0.0000,1.4124,0.0193,0.5677,1.9353,0,1.0000,0,1,9.7761,48.3016,-28.6263,98.7131,22.7348,0.150,0.000,0.866
2026-03-27,12:43:38,80879,1,0.0000,0.5584,0.0013,0.0379,1.9255,0,1.0000,0,1,10.9454,24.5809,-30.1701,7.1220,45.3142,0.110,0.000,0.862
2026-03-27,12:43:38,80919,1,0.0000,0.0550,0.0043,0.1254,1.9245,0,1.0000,0,1,11.6227,24.5381,-31.8917,-25.4746,30.7734,0.070,0.000,0.869
2026-03-27,12:43:38,80959,1,0.0000,-0.0051,0.0081,0.2381,1.9245,0,1.0000,0,1,11.6927,-5.6111,-32.9662,-26.8006,-0.5174,0.030,0.000,0.865
2026-03-27,12:43:38,80999,1,0.0000,-0.0104,0.0084,0.2458,1.9245,0,1.0000,0,1,11.0586,-14.4913,-33.3556,-15.6474,-26.8278,0.000,0.000,0.861
2026-03-27,12:43:38,81039,1,0.0000,-0.0068,0.0081,0.2381,1.9245,0,1.0000,0,1,10.5859,-12.8335,-32.9348,0.6887,-49.0933,0.000,0.000,0.857
2026-03-27,12:43:38,81079,1,0.0000,0.0044,0.0082,0.2397,1.9245,0,1.0000,0,1,9.9539,-18.0241,-31.8578,17.0020,-67.9665,0.000,0.000,0.853
2026-03-27,12:43:38,81120,1,0.0000,-0.0151,0.0079,0.2323,1.9245,0,1.0000,0,1,8.6575,-31.6872,-30.3762,27.5969,-49.6980,0.000,0.000,0.849
2026-03-27,12:43:38,81160,1,0.0000,-0.0062,0.0082,0.2411,1.9245,0,1.0000,0,0,7.0036,-41.9688,-29.4173,22.7092,-15.4063,0.000,0.000,0.845
2026-03-27,12:43:38,81201,1,4.3520,-0.0003,0.0075,0.2217,1.9245,0,1.0000,544,1,5.4807,-32.2944,-29.1801,10.0481,13.3680,0.000,0.000,0.841
2026-03-27,12:43:38,81241,1,4.3520,0.3122,0.0523,1.5389,1.9235,0,1.0000,544,1,5.7842,10.6691,-29.5290,-2.6079,37.8107,0.040,0.000,0.870
2026-03-27,12:43:38,81281,1,4.3520,1.2516,0.0593,1.7452,1.9164,0,1.0000,544,1,4.7755,-30.0628,-29.6186,-0.9487,24.4682,0.120,0.000,0.899
2026-03-27,12:43:38,81314,1,7.9840,1.9063,0.0548,1.6131,1.9050,0,1.0000,998,1,2.7736,-48.1469,-29.0050,10.1810,1.5153,0.180,0.000,0.896
2026-03-27,12:43:38,81354,1,7.9840,2.6998,0.0671,1.9737,1.8837,0,1.0000,998,1,4.9770,65.6117,-27.1990,34.6161,-24.5410,0.230,0.000,0.892
2026-03-27,12:43:38,81394,1,7.9840,3.4907,0.0847,2.4925,1.8563,0,1.0000,998,1,7.7561,67.1186,-24.8236,51.3575,-46.8158,0.190,0.000,0.932
2026-03-27,12:43:38,81427,1,7.9920,4.2052,0.0750,2.2070,1.8285,0,1.0000,999,1,9.3564,53.9925,-22.8506,56.0271,-61.3048,0.160,0.000,0.962
2026-03-27,12:43:38,81467,1,7.9920,4.9672,0.0908,2.6702,1.7886,0,1.0000,999,1,10.7181,28.5927,-20.7476,53.1126,-51.2741,0.120,0.000,1.000
2026-03-27,12:43:38,81508,1,0.0000,5.7284,0.1021,3.0035,1.7421,0,1.0000,0,1,9.4475,-19.4510,-18.9330,47.6458,-49.9372,0.080,0.000,1.000
2026-03-27,12:43:38,81551,1,0.0000,5.6107,0.0929,2.7328,1.6881,0,1.0000,0,1,10.0728,39.7270,-16.4115,54.7083,-60.2283,0.040,0.000,1.000
2026-03-27,12:43:38,81593,1,0.0000,4.8721,0.0665,1.9545,1.6411,0,1.0000,0,1,12.3826,53.3359,-14.2387,51.6342,-43.7869,0.000,0.000,1.000
2026-03-27,12:43:38,81634,1,0.0000,4.0560,0.0514,1.5124,1.6030,0,1.0000,0,1,14.7276,57.1112,-12.5827,43.5489,-42.4489,0.000,0.000,1.000
2026-03-27,12:43:38,81674,1,0.0000,3.2744,0.0284,0.8340,1.5727,0,1.0000,0,1,16.6582,51.2896,-11.1881,36.9532,-48.8267,0.000,0.000,1.000
2026-03-27,12:43:38,81715,1,0.0000,2.3822,0.0235,0.6904,1.5493,0,1.0000,0,1,18.9177,57.3614,-9.7540,35.0944,-53.7370,0.000,0.000,1.000
2026-03-27,12:43:38,81748,1,0.0000,1.6023,0.0287,0.8439,1.5355,0,1.0000,0,1,20.9057,62.0111,-8.6610,33.5819,-46.9973,0.000,0.000,1.000
2026-03-27,12:43:39,81790,1,0.0000,0.8135,0.0124,0.3641,1.5247,0,1.0000,0,1,23.9858,73.5240,-7.3195,32.1384,-51.8431,0.000,0.000,1.000
2026-03-27,12:43:39,81831,1,0.0000,0.0154,0.0193,0.5664,1.5219,0,1.0000,0,1,27.6267,86.3828,-6.1472,28.7445,-56.3133,0.000,0.000,1.000
2026-03-27,12:43:39,81871,1,0.0000,0.0099,0.0208,0.6107,1.5219,0,1.0000,0,1,30.7488,74.2296,-5.2501,23.5467,-40.3082,0.000,0.000,1.000
2026-03-27,12:43:39,81911,1,-0.1280,-0.0017,0.0199,0.5858,1.5218,0,1.0000,-16,1,33.2255,50.1521,-4.5997,17.8160,-34.2288,0.000,0.000,1.000
2026-03-27,12:43:39,81953,1,-0.1280,-0.0296,0.0194,0.5716,1.5222,0,1.0000,-16,1,35.7561,49.0893,-3.9931,14.2058,-16.2432,0.000,0.000,1.000
2026-03-27,12:43:39,81993,1,-0.1280,0.0463,0.0080,0.2362,1.5221,0,1.0000,-16,1,30.0361,-125.1301,-3.8284,6.7699,-6.0455,0.000,0.000,0.999
2026-03-27,12:43:39,82032,1,3.6320,0.0286,0.0074,0.2188,1.5223,0,1.0000,454,1,28.3962,-77.7252,-3.3563,8.5091,4.7010,0.000,0.000,0.999
2026-03-27,12:43:39,82072,1,3.6320,0.7535,0.0240,0.7055,1.5187,0,1.0000,454,1,24.1853,-106.5990,-3.4288,1.6368,-2.8231,0.020,0.000,1.000
2026-03-27,12:43:39,82112,1,3.6320,1.4371,0.0342,1.0060,1.5079,0,1.0000,454,1,20.6002,-93.5384,-3.1220,5.9823,-28.9981,0.020,0.000,1.000
2026-03-27,12:43:39,82145,1,6.8800,2.2087,0.0355,1.0454,1.4944,0,1.0000,860,1,16.0279,-153.6532,-2.1392,19.6343,-45.7246,0.080,0.000,1.000
2026-03-27,12:43:39,82185,1,6.8800,2.8240,0.0713,2.0968,1.4723,0,1.0000,860,1,-0.5714,-438.7513,0.3275,48.2072,-64.0486,0.160,0.000,0.998
2026-03-27,12:43:39,82227,1,-0.0960,3.5541,0.1146,3.3701,1.4434,0,1.0000,-12,1,-19.6206,-360.3004,3.6807,65.3135,-62.2471,0.240,0.000,0.994
2026-03-27,12:43:39,82269,1,-0.0960,3.8547,0.0307,0.9037,1.4062,0,1.0000,-12,1,-3.3788,360.8464,3.0822,7.4453,-37.5620,0.320,0.000,0.990
2026-03-27,12:43:39,82309,1,-0.0960,2.7151,0.0613,1.8017,1.3786,0,1.0000,-12,1,12.4589,358.8936,1.9914,-13.7698,-45.7179,0.310,0.000,1.000
2026-03-27,12:43:39,82342,1,0.0000,2.3770,0.0201,0.5915,1.3619,0,1.0000,0,1,14.7611,97.0053,2.2556,-1.5261,-60.6098,0.280,0.000,1.000
2026-03-27,12:43:39,82384,1,0.0000,1.4324,0.0054,0.1577,1.3450,0,1.0000,0,1,14.1268,-5.6023,3.3231,16.4258,-77.9859,0.240,0.000,0.999
2026-03-27,12:43:39,82419,1,0.0000,0.6676,0.0166,0.4889,1.3386,0,1.0000,0,1,13.4992,-14.9741,4.5075,26.6977,-90.8723,0.210,0.000,1.000
2026-03-27,12:43:39,82460,1,0.0000,0.0185,0.0173,0.5089,1.3365,0,1.0000,0,1,13.1033,-5.8509,5.9928,32.1815,-103.7126,0.170,0.000,1.000
2026-03-27,12:43:39,82500,1,0.0000,0.0054,0.0176,0.5174,1.3365,0,1.0000,0,1,12.7235,-12.3120,7.3717,33.3344,-114.6520,0.130,0.000,1.000
2026-03-27,12:43:39,82542,1,0.0000,0.0144,0.0172,0.5063,1.3365,0,1.0000,0,1,12.3715,-5.9505,8.8109,33.4916,-103.0966,0.090,0.000,1.000
2026-03-27,12:43:39,82584,1,0.0000,-0.0057,0.0180,0.5285,1.3365,0,1.0000,0,1,13.0909,17.6019,9.8434,26.4732,-60.8271,0.050,0.000,1.000
2026-03-27,12:43:39,82624,1,0.0000,-0.0043,0.0184,0.5413,1.3365,0,1.0000,0,1,14.1899,25.7341,10.2530,15.1064,-25.0684,0.010,0.000,1.000
2026-03-27,12:43:39,82665,1,0.0000,-0.0056,0.0173,0.5090,1.3364,0,1.0000,0,1,15.7990,36.4890,10.3571,6.7666,-8.9329,0.000,0.000,1.000
2026-03-27,12:43:39,82705,1,0.0000,0.0093,0.0133,0.3903,1.3363,0,1.0000,0,1,14.0178,-57.7947,10.4253,3.7866,-0.7961,0.000,0.000,1.000
2026-03-27,12:43:39,82746,1,0.0000,0.0083,0.0131,0.3840,1.3362,0,1.0000,0,1,11.8751,-54.5288,10.7463,7.2814,-21.2183,0.000,0.000,1.000
2026-03-27,12:43:40,82786,1,0.0000,0.0098,0.0123,0.3604,1.3362,0,1.0000,0,1,10.1257,-47.7789,11.2452,11.1360,-44.7451,0.000,0.000,1.000
2026-03-27,12:43:40,82826,1,0.0000,0.0073,0.0129,0.3804,1.3362,0,1.0000,0,1,8.6879,-39.5358,11.6537,10.6283,-64.8538,0.000,0.000,1.000
2026-03-27,12:43:40,82868,1,0.0000,0.0135,0.0131,0.3867,1.3362,0,1.0000,0,0,7.4342,-32.4479,11.9991,9.3955,-81.9976,0.000,0.000,1.000
2026-03-27,12:43:40,82909,1,0.0000,-0.0061,0.0156,0.4580,1.3362,0,1.0000,0,0,6.3821,-27.4085,12.3725,9.4508,-96.5307,0.000,0.000,1.000
2026-03-27,12:43:40,82952,1,2.3680,0.0135,0.0125,0.3677,1.3362,0,1.0000,296,1,5.4624,-21.9732,12.6840,8.0179,-108.9023,0.000,0.000,1.000
2026-03-27,12:43:40,82992,1,2.3680,0.7258,0.0304,0.8938,1.3328,0,1.0000,296,1,4.3122,-43.4623,13.0293,8.9418,-119.0676,0.050,0.000,0.998
2026-03-27,12:43:40,83032,1,2.3680,1.4289,0.0493,1.4502,1.3228,0,1.0000,296,1,2.2250,-57.6149,13.7818,15.4128,-127.9202,0.070,0.000,0.994
2026-03-27,12:43:40,83065,1,7.9760,2.1571,0.0396,1.1656,1.3089,0,1.0000,997,1,0.4686,-52.8084,14.2319,13.4223,-112.9627,0.130,0.000,0.991
2026-03-27,12:43:40,83105,1,7.9760,2.9882,0.0400,1.1775,1.2861,0,1.0000,997,1,-0.6115,-24.0994,14.3572,6.3780,-109.2861,0.180,0.000,0.987
2026-03-27,12:43:40,83146,1,7.0320,3.7033,0.0574,1.6882,1.2563,0,1.0000,879,1,-0.5355,6.1820,14.2039,-0.8436,-87.2049,0.230,0.000,0.983
2026-03-27,12:43:40,83187,1,7.0320,4.6449,0.0358,1.0526,1.2176,0,1.0000,879,1,0.5224,25.9041,14.0339,-2.7478,-100.9536,0.280,0.000,0.979
2026-03-27,12:43:40,83220,1,7.0320,5.1208,0.0371,1.0910,1.1922,0,1.0000,879,1,0.8367,18.7635,13.9697,-2.5644,-104.1507,0.260,0.000,0.977
2026-03-27,12:43:40,83264,1,0.0000,5.9083,0.0271,0.7960,1.1298,0,1.0000,0,1,0.8002,-7.1051,13.6062,-6.7571,-102.3055,0.220,0.000,0.973
2026-03-27,12:43:40,83304,1,0.0000,5.1446,0.0093,0.2723,1.0813,0,1.0000,0,1,1.4441,23.0842,13.0154,-12.4974,-113.8122,0.180,0.000,0.969
2026-03-27,12:43:40,83344,1,0.0000,4.1390,0.0327,0.9609,1.0421,0,1.0000,0,1,3.2090,42.0654,12.4714,-13.2775,-117.0966,0.140,0.000,0.965
2026-03-27,12:43:40,83387,1,0.0000,3.3810,0.0171,0.5041,1.0088,0,1.0000,0,1,3.2259,-0.5365,11.9758,-11.9880,-119.2345,0.100,0.000,0.961
2026-03-27,12:43:40,83429,1,0.0000,2.5147,0.0250,0.7358,0.9827,0,1.0000,0,1,1.4249,-39.2964,11.1821,-17.4764,-94.2322,0.060,0.000,0.957
2026-03-27,12:43:40,83470,1,0.0000,1.8236,0.0032,0.0948,0.9638,0,1.0000,0,1,-0.0611,-29.1361,9.8454,-27.9961,-59.9641,0.020,0.000,0.953
2026-03-27,12:43:40,83510,1,0.0000,0.9259,0.0139,0.4085,0.9534,0,1.0000,0,1,0.2341,25.0228,8.1892,-36.7996,-31.7148,0.010,0.000,0.949
2026-03-27,12:43:40,83550,1,0.0000,0.1433,0.0014,0.0414,0.9491,0,1.0000,0,1,2.9979,75.1896,6.5870,-37.9906,-54.3357,0.000,0.000,0.945
2026-03-27,12:43:40,83592,1,0.0000,-0.0070,0.0135,0.3985,0.9490,0,1.0000,0,1,6.4142,81.7885,5.2540,-32.9898,-73.5351,0.000,0.000,0.941
2026-03-27,12:43:40,83632,1,0.0000,-0.0004,0.0138,0.4055,0.9490,0,1.0000,0,1,8.4179,44.1742,4.2290,-27.4083,-89.8169,0.000,0.000,0.937
2026-03-27,12:43:40,83672,1,0.0000,-0.0017,0.0127,0.3743,0.9490,0,1.0000,0,1,9.2521,25.9209,3.2228,-25.4657,-89.4859,0.000,0.000,0.933
2026-03-27,12:43:40,83712,1,0.0000,0.0028,0.0114,0.3362,0.9490,0,1.0000,0,1,10.0387,19.7816,1.9839,-28.7191,-69.3682,0.000,0.000,0.929
2026-03-27,12:43:40,83752,1,0.0000,-0.0157,0.0137,0.4023,0.9491,0,1.0000,0,1,9.2639,-22.1948,0.4754,-33.8616,-67.3980,0.000,0.000,0.925
2026-03-27,12:43:41,83792,1,0.0000,-0.0209,0.0174,0.5117,0.9491,0,1.0000,0,1,7.6650,-30.5540,-0.7458,-29.8904,-84.5035,0.000,0.000,0.921
2026-03-27,12:43:41,83833,1,0.0000,0.0054,0.0142,0.4188,0.9491,0,1.0000,0,1,9.1060,47.4908,-1.2790,-17.2647,-98.6609,0.000,0.000,0.917
2026-03-27,12:43:41,83874,1,0.0000,0.0122,0.0115,0.3395,0.9491,0,1.0000,0,0,13.2532,106.8357,-1.2914,-5.6915,-110.5474,0.000,0.000,0.913
2026-03-27,12:43:41,83914,1,0.0000,0.0025,0.0099,0.2912,0.9489,0,1.0000,0,0,18.7586,136.3984,-1.2051,-0.4433,-113.8599,0.000,0.000,0.909
2026-03-27,12:43:41,83954,1,0.0000,0.0176,0.0079,0.2311,0.9488,0,1.0000,0,0,24.3424,128.0367,-1.2069,-0.1864,-123.6547,0.000,0.000,0.905
2026-03-27,12:43:41,83995,1,0.0000,0.0947,-0.0155,0.4553,0.9480,0,1.0000,0,0,21.7329,-59.4265,-1.5110,-4.6862,-98.2136,0.000,0.000,0.901
2026-03-27,12:43:41,84035,1,0.0000,0.0001,-0.0065,0.1907,0.9480,0,1.0000,0,0,18.7329,-90.7292,-1.7773,-5.5256,-83.6435,0.000,0.000,0.897
2026-03-27,12:43:41,84076,1,0.0000,0.0041,-0.0065,0.1903,0.9480,0,1.0000,0,0,16.0049,-72.3993,-2.0516,-6.1156,-84.3058,0.000,0.000,0.893
2026-03-27,12:43:41,84116,1,0.0000,0.0023,-0.0052,0.1536,0.9480,0,1.0000,0,0,13.6650,-64.0118,-2.2086,-4.5603,-91.3319,0.000,0.000,0.889
2026-03-27,12:43:41,84156,1,0.0000,0.0064,-0.0077,0.2279,0.9480,0,1.0000,0,0,11.6859,-54.4726,-2.3882,-4.7490,-98.3130,0.000,0.000,0.885
2026-03-27,12:43:41,84196,1,0.0000,0.0122,-0.0087,0.2546,0.9480,0,1.0000,0,0,9.9848,-46.7599,-2.6347,-5.7144,-110.5174,0.000,0.000,0.881
2026-03-27,12:43:41,84236,1,0.0000,-0.0048,-0.0070,0.2070,0.9480,0,1.0000,0,0,8.5429,-38.1800,-3.0468,-8.9618,-73.8012,0.000,0.000,0.877
2026-03-27,12:43:41,84278,1,5.2880,0.0065,-0.0081,0.2388,0.9480,0,1.0000,661,1,7.3215,-29.5378,-3.7191,-13.5614,-36.0917,0.000,0.000,0.873
2026-03-27,12:43:41,84320,1,5.4400,0.4923,0.0189,0.5552,0.9465,0,1.0000,680,1,6.2707,-25.6552,-4.5735,-18.1468,-4.1655,0.000,0.000,0.869
2026-03-27,12:43:41,84362,1,5.1920,1.3983,0.0224,0.6575,0.9377,0,1.0000,612,1,5.3691,-21.9283,-5.9696,-28.8857,22.6842,0.030,0.000,0.865
2026-03-27,12:43:41,84403,1,4.8960,2.1056,0.0412,1.2109,0.9215,0,1.0000,612,1,4.5916,-18.1783,-8.5546,-51.7409,45.2605,0.050,0.000,0.861
2026-03-27,12:43:41,84436,1,4.8960,2.6122,0.0415,1.2206,0.9085,0,1.0000,612,1,3.6882,-22.1563,-12.5344,-67.0472,50.3747,0.090,0.000,0.859
2026-03-27,12:43:41,84477,1,-0.0240,3.6858,0.0469,1.3803,0.8749,0,1.0000,-3,1,0.7610,-66.1194,-16.3535,-81.7021,48.2138,0.170,0.000,0.855
2026-03-27,12:43:41,84519,1,-0.0240,3.5429,0.0111,0.3251,0.8400,0,1.0000,-3,1,-0.6664,-17.3514,-19.2138,-67.5102,14.1169,0.160,0.000,0.851
2026-03-27,12:43:41,84559,1,-0.0240,2.6265,0.0297,0.8747,0.8151,0,1.0000,-3,1,-1.3807,-31.8702,-20.6371,-42.8342,-14.6989,0.240,0.000,0.847
2026-03-27,12:43:41,84592,1,0.0000,2.0111,0.0242,0.7126,0.7996,0,1.0000,0,1,-1.1358,9.0518,-21.3900,-31.1132,-33.5782,0.210,0.000,0.844
2026-03-27,12:43:41,84632,1,0.0000,1.0740,0.0438,1.2871,0.7866,0,1.0000,0,1,-3.5100,-87.3083,-21.9349,-19.3640,-55.6820,0.260,0.000,0.840
2026-03-27,12:43:41,84672,1,0.0000,0.2169,0.0764,2.2470,0.7818,0,1.0000,0,1,-19.8226,-408.2165,-22.1653,-7.8297,-74.0823,0.340,0.000,0.836
2026-03-27,12:43:41,84705,1,0.0000,-0.0069,0.0784,2.3057,0.7818,0,1.0000,0,1,-21.6426,-16.9064,-22.9274,-17.2647,-64.4502,0.400,0.000,0.833
2026-03-27,12:43:41,84747,1,0.0000,-0.0802,0.0973,2.8614,0.7825,0,1.0000,0,1,-6.9099,241.8895,-22.3083,9.6327,-76.9379,0.420,0.000,0.829
2026-03-27,12:43:42,84789,1,0.0000,-0.0303,0.0957,2.8154,0.7826,0,1.0000,0,1,-8.3286,25.1925,-20.7669,25.5718,-57.8899,0.380,0.000,0.825
2026-03-27,12:43:42,84830,1,0.0000,0.0341,0.0858,2.5225,0.7824,0,1.0000,0,1,2.4249,274.6632,-19.9478,20.0672,-38.0677,0.340,0.000,0.821
2026-03-27,12:43:42,84870,1,0.0000,0.0502,0.0758,2.2289,0.7820,0,1.0000,0,1,10.1815,175.0974,-21.4019,-17.6683,-8.0594,0.300,0.000,0.817
2026-03-27,12:43:42,84912,1,0.0000,0.0357,0.0670,1.9709,0.7814,0,1.0000,0,1,12.4188,68.3066,-23.1578,-30.4488,-14.3541,0.260,0.000,0.813
2026-03-27,12:43:42,84952,1,0.0000,0.0087,0.0664,1.9528,0.7812,0,1.0000,0,1,15.3999,75.8803,-24.6097,-32.9334,5.1459,0.220,0.000,0.809
2026-03-27,12:43:42,84992,1,0.0000,-0.0120,0.0678,1.9953,0.7813,0,1.0000,0,1,17.1652,42.1237,-25.7955,-28.8282,-10.0175,0.180,0.000,0.805
2026-03-27,12:43:42,85032,1,0.0000,0.0055,0.0669,1.9688,0.7813,0,1.0000,0,1,17.8544,29.5559,-27.2075,-31.7760,1.5547,0.140,0.000,0.801
2026-03-27,12:43:42,85072,1,0.0000,-0.0228,0.0709,2.0851,0.7814,0,1.0000,0,1,19.2037,34.3236,-28.1819,-23.5189,-26.9292,0.100,0.000,0.797
2026-03-27,12:43:42,85113,1,0.0000,0.0234,0.0687,2.0196,0.7814,0,1.0000,0,1,20.0750,32.0245,-28.5954,-11.9179,-23.9482,0.060,0.000,0.793
2026-03-27,12:43:42,85153,1,0.0000,-0.0141,0.0742,2.1819,0.7815,0,1.0000,0,1,21.8564,54.5563,-28.9237,-8.0007,-27.8473,0.020,0.000,0.789
2026-03-27,12:43:42,85194,1,0.0000,-0.0164,0.0756,2.2223,0.7816,0,1.0000,0,0,23.6830,43.9968,-29.6341,-13.1020,-26.9069,0.000,0.000,0.785
2026-03-27,12:43:42,85234,1,0.0000,-0.0136,0.0732,2.1519,0.7816,0,1.0000,0,0,24.9454,43.4126,-29.9015,-6.9826,-51.0691,0.000,0.000,0.781
2026-03-27,12:43:42,85274,1,0.0000,0.0181,0.0726,2.1364,0.7815,0,1.0000,0,0,27.4871,64.6317,-30.2330,-6.8673,-32.7270,0.000,0.000,0.777
2026-03-27,12:43:42,85315,1,0.0000,0.0394,0.0647,1.9039,0.7813,0,1.0000,0,0,29.5794,55.8229,-30.5304,-5.4884,-56.0143,0.000,0.000,0.773
2026-03-27,12:43:42,85355,1,0.0000,0.0373,0.0606,1.7813,0.7810,0,1.0000,0,0,30.9251,27.7654,-30.6545,-2.7331,-62.5909,0.000,0.000,0.769
2026-03-27,12:43:42,85395,1,0.0000,0.0145,0.0626,1.8403,0.7810,0,1.0000,0,0,29.6221,-29.9676,-30.5974,1.1918,-73.9338,0.000,0.000,0.765
2026-03-27,12:43:42,85435,1,0.0000,-0.0021,0.0635,1.8679,0.7810,0,1.0000,0,0,30.6337,62.0854,-30.6960,-0.1878,-51.9679,0.000,0.000,0.761
2026-03-27,12:43:42,85475,1,0.0000,0.0047,0.0619,1.8195,0.7810,0,1.0000,0,0,34.4157,90.7521,-30.3915,6.9201,-72.0494,0.000,0.000,0.757
2026-03-27,12:43:42,85515,1,0.0000,0.0701,0.0471,1.3867,0.7806,0,1.0000,0,0,36.9191,64.6400,-29.5672,17.1888,-88.1433,0.000,0.000,0.753
2026-03-27,12:43:42,85555,1,0.0000,0.0507,0.0396,1.1657,0.7800,0,1.0000,0,0,38.6621,47.6320,-28.7630,19.2769,-54.7039,0.000,0.000,0.749
2026-03-27,12:43:42,85598,1,0.0000,0.0135,0.0396,1.1659,0.7799,0,1.0000,0,0,39.4728,36.3561,-28.8669,11.6517,-37.3826,0.000,0.000,0.746
2026-03-27,12:43:42,85638,1,0.0000,0.0117,0.0399,1.1728,0.7798,0,1.0000,0,0,40.8437,33.4631,-29.1936,-1.5346,-7.0706,0.000,0.000,0.742
2026-03-27,12:43:42,85678,1,0.0000,-0.0076,0.0419,1.2336,0.7799,0,1.0000,0,0,41.5605,17.0631,-30.3646,-18.8838,17.7749,0.000,0.000,0.738
2026-03-27,12:43:42,85712,1,0.0000,-0.0150,0.0437,1.2867,0.7800,0,1.0000,0,0,42.1523,24.2263,-31.2712,-20.7838,15.6219,0.000,0.000,0.735
2026-03-27,12:43:42,85752,1,0.0000,-0.0289,0.0529,1.5573,0.7803,0,1.0000,0,0,42.0828,-5.7160,-31.5239,-8.0456,-14.7901,0.000,0.000,0.731
2026-03-27,12:43:43,85792,1,0.0000,0.0044,0.0518,1.5226,0.7805,0,1.0000,0,0,42.2918,25.1164,-30.7479,12.0594,-39.2382,0.000,0.000,0.727
2026-03-27,12:43:43,85833,1,0.0000,0.0705,0.0412,1.2126,0.7803,0,1.0000,0,0,44.4399,50.4046,-29.5784,23.1611,-32.6182,0.000,0.000,0.723
2026-03-27,12:43:43,85873,1,0.0000,0.0715,0.0331,0.9735,0.7798,0,1.0000,0,0,46.6726,57.6335,-28.7459,22.0480,-28.3527,0.000,0.000,0.719
2026-03-27,12:43:43,85913,1,0.0000,0.0646,0.0244,0.7173,0.7792,0,1.0000,0,0,49.1622,64.2495,-28.0651,19.3600,-36.7308,0.000,0.000,0.715
2026-03-27,12:43:43,85953,1,0.0000,0.0565,0.0148,0.4348,0.7787,0,1.0000,0,0,52.5237,86.0254,-27.5852,14.6753,-25.4081,0.000,0.000,0.711
2026-03-27,12:43:43,85993,1,0.0000,0.0367,0.0076,0.2223,0.7784,0,1.0000,0,0,56.5788,96.7096,-27.3823,8.1847,-14.6659,0.000,0.000,0.707
2026-03-27,12:43:43,86035,1,0.0000,0.0126,0.0068,0.1993,0.7782,0,1.0000,0,0,62.4818,132.1335,-27.5172,0.0753,-20.1005,0.000,0.000,0.703
2026-03-27,12:43:43,86075,1,0.0000,-0.0238,0.0122,0.3581,0.7782,0,1.0000,0,0,65.3510,46.2144,-28.2598,-14.3079,-23.8585,0.000,0.000,0.699
2026-03-27,12:43:43,86116,1,0.0000,-0.0530,0.0227,0.6682,0.7786,0,1.0000,0,0,53.0622,-366.6830,-30.1184,-36.8807,-12.7436,0.000,0.000,0.695
2026-03-27,12:43:43,86156,1,0.0000,-0.3014,0.0724,2.1293,0.7799,0,1.0000,0,0,11.4209,-1085.8180,-33.5841,-70.9210,3.6153,0.060,0.000,0.691
2026-03-27,12:43:43,86196,1,0.0000,0.0082,0.0823,2.4205,0.7820,0,1.0000,0,0,10.7130,148.3402,-32.6543,-3.7235,3.7052,0.140,0.000,0.687
2026-03-27,12:43:43,86238,1,0.0000,0.1133,0.0668,1.9643,0.7818,0,1.0000,0,0,35.0016,420.3624,-29.9020,38.0502,-5.5784,0.190,0.000,0.683
2026-03-27,12:43:43,86278,1,0.0000,0.1746,0.0381,1.1212,0.7807,0,1.0000,0,0,24.3229,-272.3840,-26.8065,63.4301,12.0654,0.180,0.000,0.679
2026-03-27,12:43:43,86319,1,0.0000,-0.0001,0.0468,1.3765,0.7802,0,1.0000,0,0,13.9130,-203.8221,-25.6123,35.4753,27.3917,0.260,0.000,0.675
2026-03-27,12:43:43,86359,1,0.0000,0.0088,0.0463,1.3605,0.7802,0,1.0000,0,0,24.9892,321.7097,-27.1586,-14.6857,23.5551,0.310,0.000,0.671
2026-03-27,12:43:43,86399,1,0.0000,-0.0002,0.0434,1.2761,0.7800,0,1.0000,0,0,35.5016,211.7489,-28.6523,-28.8726,11.9964,0.270,0.000,0.667
2026-03-27,12:43:43,86439,1,0.0000,-0.0016,0.0446,1.3125,0.7800,0,1.0000,0,0,29.4575,-166.5188,-29.7167,-25.7756,2.1649,0.230,0.000,0.663
2026-03-27,12:43:43,86479,1,0.0000,-0.1181,0.0666,1.9585,0.7806,0,1.0000,0,0,21.8355,-123.6958,-29.5159,-3.9502,-16.1015,0.280,0.000,0.659
2026-03-27,12:43:43,86519,1,0.0000,-0.1079,0.0867,2.5511,0.7817,0,1.0000,5,0,29.1251,215.0845,-29.1774,3.5659,-11.7401,0.330,0.000,0.655
2026-03-27,12:43:43,86559,1,1.5200,0.2299,0.1021,3.0032,0.7815,0,1.0000,190,1,32.8780,63.6789,-28.6269,10.4888,-15.7213,0.290,0.000,0.651
2026-03-27,12:43:43,86599,1,1.5200,0.8724,0.1373,4.0383,0.7758,0,1.0000,190,1,32.5988,32.0920,-28.1939,10.5367,-13.9018,0.250,0.000,0.647
2026-03-27,12:43:43,86641,1,7.9760,1.5929,0.1072,3.1520,0.7632,0,1.0000,997,1,36.0616,78.6563,-27.7037,11.1550,-4.4431,0.210,0.000,0.643
2026-03-27,12:43:43,86681,1,7.9760,2.3279,0.1063,3.1255,0.7461,0,1.0000,997,1,37.6757,40.4691,-27.8872,0.2983,-5.3847,0.170,0.000,0.639
2026-03-27,12:43:43,86721,1,7.9760,2.8720,0.1509,4.4386,0.7240,0,1.0000,997,1,39.1019,38.5085,-28.0979,-3.4306,15.3096,0.130,0.000,0.635
2026-03-27,12:43:43,86761,1,0.4160,3.6119,0.1826,5.3698,0.6968,0,1.0000,52,1,38.8543,11.7341,-28.5245,-5.7700,10.5319,0.110,0.000,0.633
2026-03-27,12:43:44,86802,1,0.4160,3.1601,0.1277,3.7559,0.6647,0,1.0000,52,1,40.0569,47.1142,-28.8157,-5.7185,-4.4333,0.070,0.000,0.629
2026-03-27,12:43:44,86844,1,0.0000,2.4780,0.1001,2.9432,0.6406,0,1.0000,0,1,41.2467,29.6089,-28.9053,-2.8263,-3.7612,0.030,0.000,0.625
2026-03-27,12:43:44,86884,1,0.0000,1.6493,0.0620,1.8239,0.6232,0,1.0000,0,1,42.7106,42.2628,-28.7718,1.7104,-23.1452,0.000,0.000,0.621
2026-03-27,12:43:44,86924,1,0.0000,0.9435,0.0213,0.6255,0.6132,0,1.0000,0,1,45.0553,57.6957,-28.6583,2.0809,-20.0930,0.000,0.000,0.617
2026-03-27,12:43:44,86957,1,0.0000,0.1369,0.0221,0.6509,0.6103,0,1.0000,0,1,47.1965,63.6995,-28.6171,1.6224,-24.1653,0.000,0.000,0.614
2026-03-27,12:43:44,86998,1,0.0000,0.0173,0.0240,0.7058,0.6097,0,1.0000,0,1,49.3292,40.7948,-28.6466,-0.2989,-20.0709,0.000,0.000,0.610
2026-03-27,12:43:44,87039,1,5.7440,-0.0054,0.0265,0.7790,0.6097,0,1.0000,718,1,48.3971,-29.6686,-28.8335,-3.5815,-10.0030,0.000,0.000,0.606
2026-03-27,12:43:44,87080,1,5.7440,0.2816,0.0793,2.3333,0.6089,0,1.0000,718,1,45.5784,-86.3809,-29.4445,-12.1698,17.5101,0.020,0.000,0.602
2026-03-27,12:43:44,87120,1,5.7440,1.2062,0.0950,2.7941,0.6017,0,1.0000,718,1,39.7409,-123.4678,-30.4360,-19.4371,13.1800,0.100,0.000,0.598
2026-03-27,12:43:44,87153,1,7.9920,1.7861,0.1143,3.3630,0.5907,0,1.0000,999,1,41.9629,50.5060,-30.4326,-8.1099,10.0698,0.160,0.000,0.595
2026-03-27,12:43:44,87193,1,7.9920,2.7525,0.1162,3.4178,0.5696,0,1.0000,999,1,45.3964,62.8479,-29.7951,7.1831,15.4881,0.180,0.000,0.591
2026-03-27,12:43:44,87233,1,7.9920,3.5106,0.1203,3.5390,0.5420,0,1.0000,999,1,45.4215,15.3114,-29.3232,10.5441,6.7395,0.140,0.000,0.587
2026-03-27,12:43:44,87267,1,0.1040,4.0046,0.1069,3.1442,0.5134,0,1.0000,13,1,45.9742,14.3086,-28.9199,11.5747,5.3583,0.110,0.000,0.584
2026-03-27,12:43:44,87307,1,0.1040,3.2648,0.0798,2.3483,0.4826,0,1.0000,13,1,46.7389,25.6292,-28.4460,11.7219,17.7467,0.070,0.000,0.580
2026-03-27,12:43:44,87349,1,0.0000,2.4703,0.0590,1.7347,0.4581,0,1.0000,0,1,47.2328,13.8261,-28.1136,9.6333,-11.3503,0.030,0.000,0.576
2026-03-27,12:43:44,87389,1,0.0000,1.5978,0.0389,1.1440,0.4407,0,1.0000,0,1,47.6762,11.6509,-27.6698,10.6672,-21.6215,0.000,0.000,0.572
2026-03-27,12:43:44,87429,1,0.0000,0.8804,0.0174,0.5122,0.4309,0,1.0000,0,1,48.1782,13.0573,-27.1596,11.7535,-37.3363,0.000,0.000,0.568
2026-03-27,12:43:44,87462,1,0.8320,0.0679,0.0218,0.6409,0.4281,0,1.0000,104,1,48.9096,25.6754,-26.8749,9.7025,-19.7298,0.000,0.000,0.565
2026-03-27,12:43:44,87503,1,0.8320,0.5697,0.0702,2.0640,0.4252,0,1.0000,104,1,48.3603,-26.6987,-26.9556,1.3083,-22.3794,0.000,0.000,0.561
2026-03-27,12:43:44,87543,1,5.0560,0.9414,0.0352,1.0344,0.4181,0,1.0000,632,1,47.7991,1.0648,-26.8272,2.4661,-38.7188,0.040,0.000,0.557
2026-03-27,12:43:44,87577,1,7.0320,1.1637,0.0522,1.5349,0.4106,0,1.0000,879,1,48.4032,11.2570,-26.5182,5.8242,-53.8355,0.010,0.000,0.554
2026-03-27,12:43:44,87618,1,2.6880,1.9696,0.0804,2.3652,0.3968,0,1.0000,336,1,46.4332,-61.9252,-25.9211,11.4056,-71.1456,0.020,0.000,0.550
2026-03-27,12:43:44,87660,1,1.0800,2.5462,0.0678,1.9943,0.3752,0,1.0000,135,1,44.5670,-5.3893,-24.9854,18.3357,-50.8064,0.100,0.000,0.546
2026-03-27,12:43:44,87701,1,1.0800,1.9303,0.0334,0.9819,0.3565,0,1.0000,135,1,48.4626,81.9492,-24.2199,17.1604,-35.9449,0.090,0.000,0.542
2026-03-27,12:43:44,87741,1,1.0800,1.0650,0.0499,1.4686,0.3448,0,1.0000,135,1,50.4493,40.2552,-23.9591,9.4314,-23.1692,0.050,0.000,0.538
2026-03-27,12:43:44,87774,1,0.0000,0.9759,0.0355,1.0440,0.3374,0,1.0000,0,1,50.5796,18.9848,-23.7215,8.0837,-12.6388,0.020,0.000,0.535
2026-03-27,12:43:45,87814,1,0.0000,0.1729,0.0366,1.0778,0.3335,0,1.0000,0,1,51.5005,26.0580,-23.2664,9.8523,-15.5614,0.000,0.000,0.531
2026-03-27,12:43:45,87856,1,0.0000,-0.0481,0.0518,1.5248,0.3336,0,1.0000,0,1,51.8742,9.1483,-22.5562,14.5127,-25.2413,0.000,0.000,0.527
2026-03-27,12:43:45,87899,1,0.0000,-0.0395,0.0609,1.7901,0.3340,0,1.0000,0,1,51.8042,13.3126,-21.2319,18.5520,-13.9372,0.000,0.000,0.524
2026-03-27,12:43:45,87939,1,0.0000,0.0053,0.0553,1.6252,0.3340,0,1.0000,0,1,52.4745,18.2048,-21.0146,8.4505,15.2948,0.000,0.000,0.520
2026-03-27,12:43:45,87982,1,7.2320,0.0513,0.0693,2.0379,0.3339,0,1.0000,904,1,53.4248,20.0110,-21.2087,-0.4539,39.3109,0.000,0.000,0.516
2026-03-27,12:43:45,88024,1,7.9600,0.6140,0.0860,2.5292,0.3310,0,1.0000,995,1,53.4936,2.4212,-21.5095,-4.7127,46.0274,0.000,0.000,0.512
2026-03-27,12:43:45,88066,1,7.9920,1.5307,0.0839,2.4662,0.3203,0,1.0000,999,1,53.4658,2.8984,-21.8038,-6.4379,46.0248,0.000,0.000,0.508
2026-03-27,12:43:45,88106,1,7.9920,2.3160,0.0945,2.7801,0.3031,0,1.0000,999,1,52.1793,-49.3354,-22.0531,-6.4140,39.3300,0.020,0.000,0.504
2026-03-27,12:43:45,88146,1,7.9920,2.8691,0.1560,4.5891,0.2806,0,1.0000,999,1,46.6043,-115.2126,-22.2729,-5.3889,32.8378,0.100,0.000,0.500
2026-03-27,12:43:45,88179,1,0.0000,3.6833,0.1608,4.7302,0.2580,0,1.0000,0,1,48.2927,42.0363,-22.1494,-0.4512,33.6681,0.160,0.000,0.497
2026-03-27,12:43:45,88219,1,0.0000,3.3081,0.1054,3.0986,0.2268,0,1.0000,0,1,51.6181,53.4131,-21.4960,11.2725,16.9485,0.150,0.000,0.493
2026-03-27,12:43:45,88259,1,0.0000,2.5906,0.0694,2.0422,0.2026,0,1.0000,0,1,52.7005,29.9492,-20.4153,20.7192,-2.5963,0.110,0.000,0.489
2026-03-27,12:43:45,88292,1,0.0000,1.7689,0.0672,1.9775,0.1880,0,1.0000,0,1,53.7562,30.0772,-19.5919,21.8284,20.1645,0.080,0.000,0.486
2026-03-27,12:43:45,88332,1,0.0000,0.9324,0.0548,1.6111,0.1773,0,1.0000,0,1,53.5691,0.2372,-19.4608,7.8933,44.0799,0.040,0.000,0.482
2026-03-27,12:43:45,88374,1,0.6240,0.2085,0.0301,0.8864,0.1730,0,1.0000,78,1,52.2245,-27.4370,-20.0254,-6.3036,49.7132,0.000,0.000,0.478
2026-03-27,12:43:45,88415,1,0.6240,0.5467,0.0456,1.3414,0.1705,0,1.0000,78,1,53.5121,38.0161,-20.4787,-9.4108,36.5024,0.000,0.000,0.474
2026-03-27,12:43:45,88455,1,0.6240,0.4617,0.0622,1.8280,0.1655,0,1.0000,78,1,55.3227,49.5498,-20.8368,-9.0545,57.1275,0.000,0.000,0.470
2026-03-27,12:43:45,88488,1,3.1280,0.6339,0.0775,2.2794,0.1613,0,1.0000,391,1,54.1553,-37.5610,-21.2895,-11.8844,69.8153,0.000,0.000,0.467
2026-03-27,12:43:45,88528,1,3.1280,1.4510,0.1059,3.1151,0.1518,0,1.0000,391,1,48.6017,-113.0969,-22.2005,-18.8892,65.0101,0.060,0.000,0.463
2026-03-27,12:43:45,88568,1,1.9440,2.3551,0.0980,2.8837,0.1345,0,1.0000,243,1,51.0082,139.5918,-22.8069,-15.9281,51.0910,0.140,0.000,0.459
2026-03-27,12:43:45,88610,1,-0.0240,2.2957,0.0646,1.8988,0.1122,0,1.0000,-3,1,60.1542,165.0224,-24.1458,-27.4665,58.9455,0.100,0.000,0.455
2026-03-27,12:43:45,88650,1,-0.0240,1.4109,0.0551,1.6218,0.0970,0,1.0000,-3,1,61.0305,27.6074,-26.0043,-37.3374,29.4343,0.060,0.000,0.451
2026-03-27,12:43:45,88692,1,0.0000,0.3934,0.0634,1.8654,0.0890,0,1.0000,0,1,62.4704,38.4857,-26.7385,-21.3199,-3.8039,0.020,0.000,0.447
2026-03-27,12:43:45,88732,1,0.0000,-0.0016,0.0567,1.6687,0.0880,0,1.0000,0,1,66.1954,92.1786,-25.9801,6.6926,-28.2411,0.000,0.000,0.443
2026-03-27,12:43:45,88772,1,0.0000,-0.0058,0.0577,1.6959,0.0880,0,1.0000,0,1,69.7014,81.0775,-24.8457,21.2687,-28.9368,0.000,0.000,0.439
2026-03-27,12:43:46,88814,1,0.0000,0.0084,0.0551,1.6204,0.0880,0,1.0000,0,1,70.0084,-5.0927,-24.1247,17.7722,-10.4116,0.000,0.000,0.435
2026-03-27,12:43:46,88854,1,0.0000,-0.0080,0.0589,1.7336,0.0880,0,1.0000,0,1,68.0946,-40.7395,-24.1960,4.0555,17.1665,0.000,0.000,0.431
2026-03-27,12:43:46,88896,1,0.0000,-0.0078,0.0634,1.8642,0.0883,0,1.0000,0,1,67.6881,-10.7883,-24.7304,-7.2589,39.8975,0.020,0.000,0.427
2026-03-27,12:43:46,88929,1,0.0000,-0.0031,0.0652,1.9164,0.0884,0,1.0000,0,1,68.0674,6.1413,-25.2991,-12.2656,34.0085,0.000,0.000,0.424
2026-03-27,12:43:46,88969,1,0.0000,-0.0065,0.0641,1.8847,0.0884,0,1.0000,0,1,67.7953,-15.8519,-25.9100,-13.7703,20.5687,0.000,0.000,0.420
2026-03-27,12:43:46,89010,1,0.0000,0.0042,0.0653,1.9215,0.0884,0,1.0000,0,1,65.9333,-52.9488,-26.3416,-11.4604,17.7517,0.080,0.000,0.416
2026-03-27,12:43:46,89043,1,0.0000,0.0013,0.0653,1.9219,0.0884,0,1.0000,0,1,65.5647,-34.8932,-26.8975,-12.6232,23.2104,0.120,0.000,0.414
2026-03-27,12:43:46,89084,1,0.0000,-0.0071,0.0670,1.9693,0.0885,0,1.0000,0,1,64.4162,-28.3815,-27.4880,-13.5808,37.9527,0.200,0.000,0.410
2026-03-27,12:43:46,89124,1,0.0000,-0.0026,0.0661,1.9437,0.0885,0,1.0000,0,1,62.7457,-45.2463,-27.8808,-10.0923,4.6786,0.280,0.000,0.406
2026-03-27,12:43:46,89164,1,0.0000,0.0146,0.0646,1.9005,0.0885,0,1.0000,0,1,61.2629,-36.4238,-27.8725,-2.9024,-2.2187,0.360,0.000,0.402
2026-03-27,12:43:46,89197,1,3.6160,0.0180,0.0644,1.8952,0.0884,0,1.0000,452,1,60.4432,-27.3533,-28.1436,-5.8363,10.3199,0.420,0.000,0.399
2026-03-27,12:43:46,89238,1,3.6160,0.4390,0.1048,3.0819,0.0868,0,1.0000,452,1,59.2233,-30.1096,-28.5581,-8.3430,13.9272,0.500,0.000,0.395
2026-03-27,12:43:46,89279,1,3.6160,1.4431,0.0936,2.7537,0.0777,0,1.0000,452,1,58.7124,-15.7972,-28.7203,-4.0726,-14.9367,0.580,0.000,0.391
2026-03-27,12:43:46,89312,1,4.0000,2.0165,0.1133,3.3337,0.0653,0,1.0000,500,1,58.0849,-27.8189,-28.3766,3.8520,-12.5376,0.640,0.000,0.388
2026-03-27,12:43:46,89352,1,4.0000,2.8809,0.1097,3.2259,0.0438,0,1.0000,500,1,56.7157,-34.6525,-28.4594,-0.5282,15.2081,0.720,0.000,0.384
2026-03-27,12:43:46,89393,1,0.0000,3.6358,0.1390,4.0891,0.0162,0,1.0000,0,1,54.8842,-49.5475,-29.5762,-19.2565,36.6749,0.800,0.000,0.380
2026-03-27,12:43:46,89435,1,0.0000,3.5395,0.1064,3.1289,-0.0180,0,1.0000,0,1,52.8637,-27.1944,-30.9981,-25.4185,14.6920,0.880,0.000,0.376
2026-03-27,12:43:46,89475,1,0.0000,2.9412,0.0693,2.0391,-0.0445,0,1.0000,0,1,53.1021,5.3706,-30.9209,-4.9602,-14.7211,0.960,0.000,0.372
2026-03-27,12:43:46,89517,1,0.0000,1.9204,0.0572,1.6818,-0.0655,0,1.0000,0,1,53.7665,9.5472,-30.3955,6.3304,-0.2291,1.000,0.000,0.368
2026-03-27,12:43:46,89557,1,0.0000,1.0697,0.0357,1.0497,-0.0781,0,1.0000,0,1,53.7152,2.2108,-30.8754,-5.5475,23.2601,0.960,0.000,0.364
2026-03-27,12:43:46,89598,1,0.0000,0.2607,0.0257,0.7551,-0.0831,0,1.0000,0,1,55.1538,39.6227,-31.7363,-13.8898,15.3128,0.920,0.000,0.360
2026-03-27,12:43:46,89640,1,0.0000,0.0152,0.0318,0.9357,-0.0835,0,1.0000,0,1,57.3352,42.6863,-32.0320,-6.2991,-9.0481,0.880,0.000,0.356
2026-03-27,12:43:46,89680,1,0.0000,0.0023,0.0328,0.9634,-0.0835,0,1.0000,0,1,57.5399,-1.6290,-31.9363,1.6511,-36.3948,0.840,0.000,0.352
2026-03-27,12:43:46,89722,1,0.0000,0.0107,0.0319,0.9391,-0.0836,0,1.0000,0,1,57.0298,-13.7996,-31.2619,14.4891,-58.0188,0.800,0.000,0.348
2026-03-27,12:43:46,89762,1,0.0000,-0.0290,0.0363,1.0673,-0.0835,0,1.0000,0,1,57.2244,-0.6812,-29.3279,39.0963,-74.4610,0.760,0.000,0.344
2026-03-27,12:43:47,89803,1,0.0000,-0.0288,0.0416,1.2228,-0.0833,0,1.0000,0,1,57.4196,-1.2743,-26.7650,54.3787,-81.1745,0.720,0.000,0.340
2026-03-27,12:43:47,89843,1,0.0000,-0.0616,0.0547,1.6090,-0.0828,0,1.0000,0,1,55.8733,-46.8271,-24.7867,48.8932,-59.8265,0.740,0.000,0.336
2026-03-27,12:43:47,89883,1,0.0000,-0.0109,0.0540,1.5873,-0.0825,0,1.0000,0,1,53.7704,-51.4924,-24.3864,20.6977,-23.5587,0.820,0.000,0.332
2026-03-27,12:43:47,89924,1,0.0000,0.0039,0.0526,1.5462,-0.0825,0,1.0000,0,1,52.6577,-29.0178,-24.4512,5.3293,-45.7253,0.900,0.000,0.328
2026-03-27,12:43:47,89964,1,0.0000,-0.0147,0.0543,1.5958,-0.0825,0,1.0000,0,1,51.2859,-45.3539,-24.3109,2.8599,-57.1718,0.980,0.000,0.324
2026-03-27,12:43:47,90005,1,0.0000,-0.0116,0.0553,1.6260,-0.0825,0,1.0000,0,0,48.8368,-58.0708,-24.3579,-2.2473,-33.4918,1.000,0.000,0.320
2026-03-27,12:43:47,90045,1,0.0000,-0.0367,0.0616,1.8104,-0.0822,0,1.0000,0,0,46.3806,-64.4012,-26.0312,-32.2871,-2.4985,1.000,0.000,0.316
2026-03-27,12:43:47,90085,1,0.0000,-0.0279,0.0636,1.8709,-0.0820,0,1.0000,0,0,43.8187,-68.8368,-28.4867,-51.2016,-3.5214,1.000,0.000,0.312
2026-03-27,12:43:47,90125,1,0.0000,-0.0004,0.0627,1.8430,-0.0819,0,1.0000,0,0,42.2948,-32.8810,-29.1402,-26.8663,-27.9923,1.000,0.000,0.308
2026-03-27,12:43:47,90165,1,0.0000,0.0076,0.0605,1.7783,-0.0821,0,1.0000,0,0,41.4078,-23.7667,-28.3406,2.6191,-41.6594,1.000,0.000,0.304
2026-03-27,12:43:47,90198,1,0.0000,0.0089,0.0611,1.7975,-0.0821,0,1.0000,0,0,41.2089,-16.0356,-27.2208,9.8622,-32.0626,1.000,0.000,0.302
2026-03-27,12:43:47,90238,1,0.0000,0.0112,0.0565,1.6631,-0.0822,0,1.0000,0,0,40.5018,-18.3963,-28.0273,-12.1146,-0.7808,1.000,0.000,0.298
2026-03-27,12:43:47,90278,1,0.0000,0.0048,0.0562,1.6520,-0.0822,0,1.0000,0,0,39.9517,-14.2003,-29.2661,-25.1628,11.5957,1.000,0.000,0.294
2026-03-27,12:43:47,90318,1,0.0000,-0.0085,0.0599,1.7619,-0.0822,0,1.0000,0,0,38.9691,-31.4640,-30.2000,-24.1327,-16.9487,1.000,0.000,0.290
2026-03-27,12:43:47,90358,1,0.0000,-0.0066,0.0606,1.7811,-0.0821,0,1.0000,0,0,35.6546,-82.5637,-30.8013,-18.1651,-21.9278,1.000,0.000,0.286
2026-03-27,12:43:47,90398,1,0.0000,0.0072,0.0617,1.8157,-0.0820,0,1.0000,0,0,35.4385,21.7845,-30.4231,1.1572,-43.4915,1.000,0.000,0.282
2026-03-27,12:43:47,90438,1,0.0000,0.0320,0.0595,1.7514,-0.0821,0,1.0000,0,0,36.8150,31.3566,-29.1596,20.5356,-47.9315,0.990,0.000,0.278
2026-03-27,12:43:47,90478,1,0.0000,0.0218,0.0563,1.6545,-0.0823,0,1.0000,0,0,38.1217,29.3562,-28.4506,16.2601,-13.7258,0.950,0.000,0.274
2026-03-27,12:43:47,90519,1,0.0000,0.0073,0.0538,1.5831,-0.0824,0,1.0000,0,0,38.5459,13.1928,-28.7674,-0.6002,14.6754,0.910,0.000,0.270
2026-03-27,12:43:47,90559,1,0.0000,-0.0052,0.0562,1.6536,-0.0823,0,1.0000,0,0,38.9158,8.9836,-29.5002,-12.3602,18.3376,0.870,0.000,0.266
2026-03-27,12:43:47,90599,1,0.0000,-0.0025,0.0550,1.6179,-0.0823,0,1.0000,0,0,39.1625,7.4926,-29.8717,-9.9859,-3.9104,0.830,0.000,0.262
2026-03-27,12:43:47,90640,1,0.0000,-0.0085,0.0554,1.6283,-0.0823,0,1.0000,0,0,38.9461,-7.6016,-30.0827,-6.9915,-3.9433,0.790,0.000,0.258
2026-03-27,12:43:47,90680,1,0.0000,-0.0026,0.0570,1.6762,-0.0823,0,1.0000,0,0,39.1853,8.6400,-30.0962,-2.7132,-16.3529,0.750,0.000,0.254
2026-03-27,12:43:47,90720,1,0.0000,-0.0157,0.0581,1.7085,-0.0823,0,1.0000,0,0,39.6354,12.8687,-29.6206,7.6951,-39.8017,0.710,0.000,0.250
2026-03-27,12:43:47,90760,1,0.0000,-0.0230,0.0600,1.7643,-0.0823,0,1.0000,0,0,40.0727,11.1425,-28.7299,16.6673,-38.5294,0.670,0.000,0.246
2026-03-27,12:43:48,90800,1,0.0000,-0.0105,0.0596,1.7530,-0.0822,0,1.0000,0,0,40.3557,7.4811,-28.1560,14.2516,-12.0272,0.630,0.000,0.242
2026-03-27,12:43:48,90840,1,0.0000,0.0050,0.0572,1.6810,-0.0822,0,1.0000,0,0,40.7262,8.9225,-27.9799,6.6791,17.0572,0.590,0.000,0.238
2026-03-27,12:43:48,90880,1,0.0000,-0.0108,0.0599,1.7630,-0.0822,0,1.0000,0,0,40.9158,4.9078,-27.9501,2.3228,2.4720,0.550,0.000,0.234
2026-03-27,12:43:48,90920,1,0.0000,0.0048,0.0580,1.7069,-0.0822,0,1.0000,0,0,41.0550,3.6002,-27.8692,1.7652,-24.0898,0.510,0.000,0.230
2026-03-27,12:43:48,90960,1,0.0000,-0.0036,0.0587,1.7264,-0.0822,0,1.0000,0,0,41.1849,3.3950,-27.6189,4.3802,-46.2738,0.470,0.000,0.226
2026-03-27,12:43:48,91000,1,0.0000,0.0018,0.0588,1.7283,-0.0822,0,1.0000,0,0,41.0125,-5.0570,-27.0685,9.8582,-50.4949,0.430,0.000,0.222
2026-03-27,12:43:48,91041,1,0.0000,0.0034,0.0578,1.6986,-0.0822,0,1.0000,0,0,39.6955,-35.5510,-26.6764,8.3100,-15.1685,0.450,0.000,0.218
2026-03-27,12:43:48,91081,1,0.0000,0.0244,0.0550,1.6164,-0.0823,0,1.0000,0,0,38.9531,-5.5342,-26.9571,-3.5447,13.6456,0.530,0.000,0.214
2026-03-27,12:43:48,91121,1,0.0000,0.0192,0.0518,1.5229,-0.0824,0,1.0000,0,0,40.0146,23.3149,-27.6434,-12.9249,38.1807,0.550,0.000,0.210
2026-03-27,12:43:48,91162,1,0.0000,0.0126,0.0496,1.4599,-0.0825,0,1.0000,0,0,40.8250,21.5761,-28.1452,-12.3634,31.2630,0.510,0.000,0.206
2026-03-27,12:43:48,91202,1,0.0000,-0.0103,0.0555,1.6335,-0.0825,0,1.0000,0,0,39.3309,-51.3756,-28.3350,-7.4685,34.1981,0.470,0.000,0.202
2026-03-27,12:43:48,91242,1,0.0000,-0.0231,0.0579,1.7032,-0.0823,0,1.0000,0,0,36.2232,-47.4565,-28.6031,-6.7930,34.6205,0.550,0.000,0.198
2026-03-27,12:43:48,91282,1,0.0000,0.0108,0.0563,1.6561,-0.0823,0,1.0000,0,0,40.4399,101.4545,-28.3242,3.2668,31.4131,0.570,0.000,0.194
2026-03-27,12:43:48,91322,1,0.0000,0.0228,0.0513,1.5080,-0.0824,0,1.0000,0,0,44.6560,102.9923,-27.9497,7.7995,26.0765,0.530,0.000,0.190
2026-03-27,12:43:48,91355,1,0.0000,0.0313,0.0493,1.4501,-0.0825,0,1.0000,0,0,46.4697,83.8017,-27.7318,7.7219,24.9287,0.510,0.000,0.188
2026-03-27,12:43:48,91395,1,0.0000,0.0362,0.0443,1.3028,-0.0828,0,1.0000,0,0,47.7644,31.6672,-27.6153,4.1070,35.0017,0.470,0.000,0.184
2026-03-27,12:43:48,91435,1,0.0000,0.0009,0.0456,1.3425,-0.0829,0,1.0000,0,0,48.2648,6.0986,-27.5761,2.2353,23.5477,0.430,0.000,0.180
2026-03-27,12:43:48,91475,1,0.0000,0.0009,0.0476,1.3986,-0.0829,0,1.0000,0,0,47.6651,-10.7216,-27.8037,-3.8274,46.2080,0.390,0.000,0.176
2026-03-27,12:43:48,91515,1,0.0000,-0.0066,0.0475,1.3967,-0.0828,0,1.0000,0,0,47.2526,-10.0956,-28.5108,-12.9736,65.2593,0.350,0.000,0.172
2026-03-27,12:43:48,91555,1,0.0000,0.0183,0.0452,1.3306,-0.0829,0,1.0000,0,0,46.9591,-6.5114,-29.2281,-15.8652,53.6651,0.310,0.000,0.168
2026-03-27,12:43:48,91595,1,0.0000,0.0308,0.0403,1.1852,-0.0831,0,1.0000,0,0,46.7102,-5.9433,-29.4016,-7.2951,18.8069,0.270,0.000,0.164
2026-03-27,12:43:48,91635,1,0.0000,-0.0542,0.0510,1.4988,-0.0829,0,1.0000,0,0,46.0511,-26.8287,-29.0824,2.6642,3.6593,0.290,0.000,0.160
2026-03-27,12:43:48,91677,1,0.0000,-0.0600,0.0658,1.9367,-0.0822,0,1.0000,0,0,42.8444,-66.3358,-29.3834,-4.1617,15.3608,0.370,0.000,0.156
2026-03-27,12:43:48,91717,1,0.0000,-0.0145,0.0633,1.8621,-0.0820,0,1.0000,0,0,45.0661,56.1466,-28.8735,9.1264,-12.1336,0.450,0.000,0.152
2026-03-27,12:43:48,91752,1,0.0000,0.0086,0.0617,1.8157,-0.0820,0,1.0000,0,0,48.0438,86.1976,-27.4491,29.3950,-10.9278,0.420,0.000,0.149
2026-03-27,12:43:49,91792,1,0.0000,0.0075,0.0583,1.7153,-0.0821,0,1.0000,0,0,49.6346,30.1499,-25.3796,42.2838,-5.9094,0.380,0.000,0.145
2026-03-27,12:43:49,91832,1,0.0000,0.0235,0.0520,1.5282,-0.0824,0,1.0000,0,0,49.2046,-12.4232,-24.6130,24.2156,22.2701,0.340,0.000,0.141
2026-03-27,12:43:49,91873,1,0.0000,0.0047,0.0494,1.4542,-0.0826,0,1.0000,0,0,48.0164,-29.8359,-24.9460,1.4986,45.9276,0.300,0.000,0.137
2026-03-27,12:43:49,91913,1,0.0000,0.0108,0.0510,1.4989,-0.0826,0,1.0000,0,0,46.9834,-27.9142,-25.5632,-9.8692,38.4281,0.380,0.000,0.133
2026-03-27,12:43:49,91957,1,0.0000,-0.0038,0.0521,1.5326,-0.0826,0,1.0000,0,0,43.5274,-101.0328,-25.2486,2.4246,4.0137,0.460,0.000,0.129
2026-03-27,12:43:49,91991,1,0.0000,-0.0526,0.0595,1.7503,-0.0824,0,1.0000,0,0,37.8210,-161.1422,-24.3048,16.8419,-17.6529,0.520,0.000,0.126
2026-03-27,12:43:49,92031,1,0.0000,-0.0350,0.0658,1.9350,-0.0820,0,1.0000,0,0,37.0843,31.5301,-22.8397,27.6414,-6.4989,0.600,0.000,0.122
2026-03-27,12:43:49,92072,1,0.0000,-0.0018,0.0649,1.9082,-0.0818,0,1.0000,0,0,40.0936,50.7432,-22.2188,16.9714,21.7329,0.650,0.000,0.118
2026-03-27,12:43:49,92112,1,0.0000,0.0272,0.0623,1.8338,-0.0819,0,1.0000,0,0,41.9687,56.2423,-22.0175,8.9961,18.9982,0.610,0.000,0.114
2026-03-27,12:43:49,92152,1,0.0000,0.0167,0.0555,1.6328,-0.0822,0,1.0000,0,0,43.5583,40.5554,-21.1221,18.1428,-7.3942,0.570,0.000,0.110
2026-03-27,12:43:49,92192,1,0.0000,0.0538,0.0467,1.3735,-0.0825,0,1.0000,0,0,44.9345,37.4062,-19.3378,34.6590,-28.8416,0.530,0.000,0.106
2026-03-27,12:43:49,92232,1,0.0000,0.0356,0.0417,1.2252,-0.0829,0,1.0000,0,0,46.2490,34.2410,-17.5835,38.8704,-20.7335,0.490,0.000,0.102
2026-03-27,12:43:49,92272,1,0.0000,0.0167,0.0400,1.1772,-0.0831,0,1.0000,0,0,47.0864,20.6593,-16.1567,34.4165,6.5262,0.450,0.000,0.098
2026-03-27,12:43:49,92312,1,0.0000,-0.0281,0.0468,1.3767,-0.0829,0,1.0000,0,0,46.5943,-23.4434,-15.2675,24.2895,35.5268,0.410,0.000,0.094
2026-03-27,12:43:49,92352,1,0.0000,-0.0628,0.0575,1.6919,-0.0826,0,1.0000,0,0,43.4738,-66.7567,-14.8349,13.4587,59.2621,0.430,0.000,0.090
2026-03-27,12:43:49,92392,1,0.0000,-0.0314,0.0618,1.8180,-0.0822,0,1.0000,0,0,45.7136,77.8307,-15.0628,-1.0139,74.6003,0.480,0.000,0.086
2026-03-27,12:43:49,92432,1,0.0000,-0.0153,0.0605,1.7803,-0.0822,0,1.0000,0,0,48.7931,67.2757,-16.1473,-19.2847,87.6583,0.440,0.000,0.082
2026-03-27,12:43:49,92473,1,0.0000,0.0014,0.0581,1.7074,-0.0823,0,1.0000,0,0,50.8066,50.0350,-17.7988,-33.1094,97.4429,0.400,0.000,0.078
2026-03-27,12:43:49,92516,1,0.0000,0.0013,0.0572,1.6821,-0.0822,0,1.0000,0,0,51.8365,31.6364,-20.4386,-42.4443,98.5275,0.370,0.000,0.075
2026-03-27,12:43:49,92556,1,0.0000,-0.0107,0.0590,1.7348,-0.0822,0,1.0000,0,0,52.2873,13.4581,-22.3377,-43.5770,77.9630,0.330,0.000,0.071
2026-03-27,12:43:49,92597,1,0.0000,-0.0087,0.0599,1.7628,-0.0821,0,1.0000,0,0,52.7846,13.2098,-23.1075,-23.4057,37.8670,0.290,0.000,0.067
2026-03-27,12:43:49,92637,1,0.0000,0.0165,0.0552,1.6247,-0.0823,0,1.0000,0,0,53.9580,33.0511,-22.2540,8.0420,6.3295,0.250,0.000,0.063
2026-03-27,12:43:49,92679,1,0.0000,-0.0072,0.0582,1.7117,-0.0823,0,1.0000,0,0,54.6685,8.0836,-21.2747,17.4702,19.5088,0.210,0.000,0.059
2026-03-27,12:43:49,92719,1,0.0000,-0.0512,0.0677,1.9905,-0.0820,0,1.0000,0,0,54.1866,-11.1877,-21.0891,9.0614,35.9238,0.170,0.000,0.055
2026-03-27,12:43:49,92759,1,0.0000,-0.0164,0.0696,2.0471,-0.0817,0,1.0000,0,0,54.3293,10.3724,-21.1617,2.6012,22.2174,0.130,0.000,0.051
2026-03-27,12:43:50,92801,1,0.0000,0.0232,0.0633,1.8615,-0.0819,0,1.0000,0,0,55.1556,17.6912,-20.9790,3.9835,25.4981,0.090,0.000,0.047
2026-03-27,12:43:50,92841,1,0.0000,-0.0153,0.0642,1.8888,-0.0819,0,1.0000,0,0,55.8058,14.7876,-21.1830,-2.7060,46.8702,0.050,0.000,0.043
2026-03-27,12:43:50,92882,1,0.0000,0.0083,0.0642,1.8889,-0.0819,0,1.0000,0,0,55.5804,-5.4603,-22.7510,-27.7974,61.3620,0.010,0.000,0.039
2026-03-27,12:43:50,92922,1,0.0000,0.0211,0.0617,1.8153,-0.0819,0,1.0000,0,0,55.5964,4.3273,-25.3882,-50.8553,58.8379,0.000,0.000,0.035
2026-03-27,12:43:50,92962,1,0.0000,0.0239,0.0608,1.7880,-0.0820,0,1.0000,0,0,56.4631,22.1243,-26.9159,-38.7213,20.4730,0.000,0.000,0.031
2026-03-27,12:43:50,93003,1,0.0000,0.0408,0.0519,1.5250,-0.0823,0,1.0000,0,0,57.8419,29.6704,-27.0051,-12.1701,-10.3205,0.000,0.000,0.027
2026-03-27,12:43:50,93043,1,0.0000,0.0157,0.0489,1.4389,-0.0826,0,1.0000,0,0,58.6995,11.3264,-26.5020,4.9732,-35.9120,0.000,0.000,0.023
2026-03-27,12:43:50,93083,1,0.0000,0.0012,0.0479,1.4097,-0.0827,0,1.0000,0,0,57.7597,-24.0219,-25.9013,11.1442,-30.1218,0.000,0.000,0.019
2026-03-27,12:43:50,93123,1,0.0000,-0.0061,0.0496,1.4574,-0.0827,0,1.0000,0,0,56.6043,-27.1780,-26.6243,-8.4759,-1.4142,0.060,0.000,0.015
2026-03-27,12:43:50,93163,1,0.0000,0.0114,0.0504,1.4838,-0.0827,0,1.0000,0,0,56.6816,8.9109,-27.7681,-20.4783,-4.2234,0.140,0.000,0.011
2026-03-27,12:43:50,93204,1,0.0000,0.0279,0.0440,1.2947,-0.0828,0,1.0000,0,0,59.4213,68.3550,-28.1534,-11.2952,-30.5703,0.100,0.000,0.007
2026-03-27,12:43:50,93244,1,0.0000,-0.0096,0.0484,1.4227,-0.0828,0,1.0000,0,0,61.4007,25.0160,-27.6307,5.1928,-44.8374,0.060,0.000,0.003
2026-03-27,12:43:50,93288,1,0.0000,0.0140,0.0471,1.3850,-0.0828,0,1.0000,0,0,58.8097,-78.6524,-27.7794,-3.2822,-8.2529,0.020,0.000,0.000
2026-03-27,12:43:50,93328,1,0.0000,-0.0227,0.0518,1.5247,-0.0826,0,1.0000,0,0,56.1471,-71.1539,-28.5918,-13.8582,-15.3184,0.100,0.000,0.000
2026-03-27,12:43:50,93368,1,0.0000,-0.0245,0.0543,1.5983,-0.0825,0,1.0000,0,0,54.2711,-45.8522,-29.0511,-12.2864,-14.0255,0.180,0.000,0.000
2026-03-27,12:43:50,93408,1,0.0000,-0.0481,0.0588,1.7283,-0.0824,0,1.0000,0,0,53.9868,-16.5524,-29.3102,-8.2738,-38.6356,0.260,0.000,0.000
2026-03-27,12:43:50,93448,1,0.0000,-0.0134,0.0598,1.7575,-0.0823,0,1.0000,0,0,53.2953,-27.9116,-29.4517,-5.4473,-26.7034,0.340,0.000,0.000
2026-03-27,12:43:50,93489,1,0.0000,0.0083,0.0581,1.7075,-0.0822,0,1.0000,0,0,51.1781,-53.0123,-29.5323,-2.9633,-36.7859,0.420,0.000,0.000
2026-03-27,12:43:50,93529,1,0.0000,-0.0094,0.0587,1.7253,-0.0822,0,1.0000,0,0,48.9684,-60.1948,-29.5822,-2.5785,-4.4216,0.500,0.000,0.000
2026-03-27,12:43:50,93569,1,0.0000,-0.0236,0.0630,1.8536,-0.0821,0,1.0000,0,0,46.8174,-55.5607,-29.9743,-8.1326,22.8069,0.580,0.000,0.000
2026-03-27,12:43:50,93610,1,0.0000,-0.0072,0.0599,1.7610,-0.0821,0,1.0000,0,0,44.6596,-58.4501,-30.6440,-13.9871,45.9397,0.660,0.000,0.000
2026-03-27,12:43:50,93650,1,0.0000,0.0176,0.0596,1.7526,-0.0821,0,1.0000,0,0,42.0765,-63.9313,-31.5811,-20.6572,64.9931,0.740,0.000,0.000
2026-03-27,12:43:50,93694,1,0.0000,0.0050,0.0599,1.7629,-0.0821,0,1.0000,0,0,40.8630,-36.2020,-32.6132,-21.1225,66.2101,0.800,0.000,0.000
2026-03-27,12:43:50,93734,1,0.0000,0.0103,0.0552,1.6243,-0.0823,0,1.0000,0,0,40.3571,-14.9006,-33.4014,-20.0432,81.6803,0.880,0.000,0.000
2026-03-27,12:43:50,93774,1,0.0000,-0.0014,0.0535,1.5743,-0.0824,0,1.0000,0,0,39.9633,-10.6973,-34.4088,-22.7303,94.5496,0.960,0.000,0.000
2026-03-27,12:43:51,93815,1,0.0000,0.0080,0.0502,1.4768,-0.0825,0,1.0000,0,0,39.6884,-4.6264,-35.6002,-25.5311,105.1824,1.000,0.000,0.000
2026-03-27,12:43:51,93857,1,0.0000,-0.0025,0.0521,1.5326,-0.0825,0,1.0000,0,0,39.9111,4.7153,-36.8315,-27.3018,100.2344,1.000,0.000,0.000
2026-03-27,12:43:51,93897,1,0.0000,0.0020,0.0541,1.5898,-0.0825,0,1.0000,0,0,40.3688,10.0165,-37.6878,-20.0362,69.3214,0.970,0.000,0.000
2026-03-27,12:43:51,93938,1,0.0000,-0.0152,0.0564,1.6580,-0.0825,0,1.0000,0,0,41.3296,17.2379,-37.5587,-0.7034,32.0684,0.930,0.000,0.000
2026-03-27,12:43:51,93978,1,0.0000,0.0025,0.0543,1.5969,-0.0824,0,1.0000,0,0,41.3716,-9.0049,-36.3384,21.0556,0.9879,0.890,0.000,0.000
2026-03-27,12:43:51,94019,1,0.0000,0.0136,0.0530,1.5593,-0.0824,0,1.0000,0,0,40.2392,-24.9400,-35.4231,20.9900,21.2354,0.880,0.000,0.000
2026-03-27,12:43:51,94059,1,0.0000,-0.0039,0.0536,1.5765,-0.0824,0,1.0000,0,0,40.1152,-4.1483,-35.0090,14.5111,-2.3691,0.960,0.000,0.000
2026-03-27,12:43:51,94100,1,0.0000,-0.0024,0.0521,1.5337,-0.0825,0,1.0000,0,0,40.7705,14.6418,-34.6424,10.4397,5.2034,0.980,0.000,0.000
2026-03-27,12:43:51,94140,1,0.0000,-0.0090,0.0533,1.5691,-0.0825,0,1.0000,0,0,40.2594,-24.2544,-34.9612,-2.8917,24.2509,0.940,0.000,0.000
2026-03-27,12:43:51,94180,1,0.0000,0.0078,0.0520,1.5303,-0.0825,0,1.0000,0,0,38.6332,-39.7859,-35.9554,-18.1975,46.8335,1.000,0.000,0.000
2026-03-27,12:43:51,94221,1,0.0000,-0.0146,0.0542,1.5947,-0.0824,0,1.0000,0,0,37.4092,-30.3861,-37.7651,-36.2365,65.2343,1.000,0.000,0.000
2026-03-27,12:43:51,94261,1,0.0000,-0.0104,0.0566,1.6648,-0.0824,0,1.0000,0,0,37.1863,-1.8004,-39.9903,-48.4900,66.6427,1.000,0.000,0.000
2026-03-27,12:43:51,94301,1,0.0000,0.0026,0.0557,1.6370,-0.0823,0,1.0000,0,0,37.5761,0.8296,-41.3212,-35.5544,29.9084,1.000,0.000,0.000
2026-03-27,12:43:51,94341,1,0.0000,-0.0112,0.0593,1.7453,-0.0822,0,1.0000,0,0,36.2909,-39.2349,-40.8364,-3.3785,-0.6722,1.000,0.000,0.000
2026-03-27,12:43:51,94381,1,0.0000,-0.0115,0.0599,1.7630,-0.0822,0,1.0000,0,0,35.0350,-30.5361,-40.5581,1.2126,26.0787,1.000,0.000,0.000
2026-03-27,12:43:51,94422,1,0.0000,-0.0007,0.0563,1.6550,-0.0822,0,1.0000,0,0,34.6572,-11.2725,-40.9673,-6.5922,22.1164,1.000,0.000,0.000
2026-03-27,12:43:51,94462,1,0.0000,-0.0080,0.0575,1.6904,-0.0822,0,1.0000,0,0,33.2392,-45.6262,-41.8496,-17.8703,45.3820,1.000,0.000,0.000
2026-03-27,12:43:51,94503,1,0.0000,0.0038,0.0574,1.6892,-0.0822,0,1.0000,0,0,31.3816,-48.4912,-43.1629,-28.7800,64.8350,1.000,0.000,0.000
2026-03-27,12:43:51,94544,1,0.0000,0.0047,0.0563,1.6545,-0.0823,0,1.0000,0,0,30.0334,-32.5245,-44.9433,-38.8686,66.9607,1.000,0.000,0.000
2026-03-27,12:43:51,94584,1,0.0000,0.0170,0.0532,1.5657,-0.0824,0,1.0000,0,0,29.7827,-7.2221,-46.2867,-34.3069,30.0522,1.000,0.000,0.000
2026-03-27,12:43:51,94625,1,0.0000,0.0352,0.0460,1.3537,-0.0827,0,1.0000,0,0,31.2255,32.1634,-47.0638,-24.5270,-1.3188,0.990,0.000,0.000
2026-03-27,12:43:51,94665,1,0.0000,0.0613,0.0374,1.0988,-0.0831,0,1.0000,0,0,33.0517,37.3684,-48.5906,-36.1259,-14.0277,0.950,0.000,0.000
2026-03-27,12:43:51,94705,1,0.0000,0.0559,0.0275,0.8076,-0.0836,0,1.0000,0,0,34.8951,39.5986,-51.5777,-66.1348,-12.3419,0.910,0.000,0.000
2026-03-27,12:43:51,94746,1,0.0000,0.1193,0.0058,0.1695,-0.0845,0,1.0000,0,0,30.4539,-134.6766,-56.4272,-106.4815,-10.0657,0.870,0.000,0.000
2026-03-27,12:43:52,94786,1,0.0000,0.0184,0.0080,0.2359,-0.0848,0,1.0000,0,0,26.2393,-133.0662,-62.0243,-133.6919,-27.8405,0.830,0.000,0.000
2026-03-27,12:43:52,94826,1,0.0000,-0.0306,0.0153,0.4499,-0.0847,0,1.0000,0,0,22.7195,-102.5929,-68.1084,-151.3686,-4.3888,0.790,0.000,0.000
2026-03-27,12:43:52,94859,1,0.0000,-0.0710,0.0247,0.7259,-0.0844,0,1.0000,0,0,20.9763,-80.7984,-73.2067,-151.4919,2.1074,0.770,0.000,0.000
2026-03-27,12:43:52,94900,1,0.0000,-0.0097,0.0244,0.7190,-0.0841,0,1.0000,0,0,17.1379,-80.6547,-81.9227,-185.6112,-11.3505,0.760,0.000,0.000
2026-03-27,12:43:52,94942,1,-0.1280,-0.0368,0.0094,0.2759,-0.0841,0,1.0000,-16,1,16.9909,-3.2976,-85.1024,-108.3837,-27.4820,0.720,0.000,0.000
2026-03-27,12:43:52,94983,1,-0.1280,0.0043,0.0126,0.3694,-0.0840,0,1.0000,-16,1,14.5581,-53.8624,-85.1366,-41.1802,-36.4474,0.680,0.000,0.000
2026-03-27,12:43:52,95024,1,4.7760,-0.0044,0.0145,0.4268,-0.0840,0,1.0000,597,1,12.5970,-47.9806,-85.0229,-15.8109,-36.6917,0.640,0.000,0.000
2026-03-27,12:43:52,95066,1,4.7760,-0.0527,0.0206,0.6056,-0.0838,0,1.0000,597,1,11.0850,-39.0447,-87.1276,-46.6400,-5.8663,0.600,0.000,0.000
2026-03-27,12:43:52,95107,1,4.7760,-0.0490,0.0293,0.8628,-0.0835,0,1.0000,597,1,9.6700,-35.9450,-91.6342,-90.9755,20.4941,0.620,0.000,0.000
2026-03-27,12:43:52,95140,1,4.0400,-0.0048,0.0256,0.7520,-0.0834,0,1.0000,505,1,9.1430,-14.7940,-95.1405,-98.7114,17.7882,0.620,0.000,0.000
2026-03-27,12:43:52,95180,1,4.0400,0.0084,0.0257,0.7562,-0.0833,0,1.0000,505,1,7.8201,-32.9218,-98.0530,-79.7686,-11.2427,0.610,0.000,0.000
2026-03-27,12:43:52,95221,1,0.7360,-0.0359,0.0343,1.0099,-0.0831,0,1.0000,92,1,7.0523,-21.8455,-99.6573,-52.4024,-36.1548,0.690,0.000,0.000
2026-03-27,12:43:52,95254,1,0.0000,-0.0012,0.0347,1.0205,-0.0829,0,1.0000,0,1,6.4916,-16.7782,-100.4592,-37.1648,-52.4599,0.750,0.000,0.000
2026-03-27,12:43:52,95294,1,0.0000,0.0034,0.0317,0.9309,-0.0830,0,1.0000,0,1,6.1907,-14.3263,-101.5188,-30.5376,-58.4608,0.830,0.000,0.000
2026-03-27,12:43:52,95335,1,0.0000,0.0082,0.0321,0.9435,-0.0831,0,1.0000,0,1,5.6842,-13.4764,-102.5791,-28.0026,-29.3558,0.910,0.000,0.000
2026-03-27,12:43:52,95375,1,0.0000,-0.0009,0.0324,0.9536,-0.0830,0,1.0000,0,1,5.1963,-12.7108,-104.1524,-36.7396,1.6510,0.990,0.000,0.000
2026-03-27,12:43:52,95415,1,0.0000,-0.0164,0.0347,1.0203,-0.0830,0,1.0000,0,1,4.7464,-10.5807,-106.1105,-44.6253,-19.1725,1.000,0.000,0.000
2026-03-27,12:43:52,95448,1,0.0000,-0.0079,0.0331,0.9744,-0.0830,0,1.0000,0,1,4.4437,-7.8250,-107.4418,-42.1763,-37.4757,1.000,0.000,0.000
2026-03-27,12:43:52,95488,1,0.0000,0.0065,0.0310,0.9106,-0.0831,0,1.0000,0,1,4.0840,-8.3917,-108.5527,-31.9807,-58.4265,1.000,0.000,0.000
2026-03-27,12:43:52,95528,1,0.0000,-0.0055,0.0322,0.9459,-0.0831,0,1.0000,0,1,3.8278,-7.8379,-108.8744,-15.8387,-76.1325,1.000,0.000,0.000
2026-03-27,12:43:52,95561,1,0.0000,-0.0028,0.0323,0.9507,-0.0831,0,1.0000,0,1,3.6988,-5.3178,-109.0151,-10.6651,-60.1982,1.000,0.000,0.000
2026-03-27,12:43:52,95601,1,0.0000,0.0061,0.0311,0.9154,-0.0830,0,1.0000,0,1,3.4474,-6.5360,-109.7476,-16.5028,-38.3716,1.000,0.000,0.000
2026-03-27,12:43:52,95641,1,0.0000,-0.0045,0.0322,0.9459,-0.0831,0,1.0000,0,1,3.2703,-6.1291,-110.2881,-13.8811,-59.3849,1.000,0.000,0.000
2026-03-27,12:43:52,95681,1,0.0000,0.0026,0.0295,0.8672,-0.0831,0,1.0000,0,1,3.1406,-4.6247,-110.6079,-11.0621,-49.4709,1.000,0.000,0.000
2026-03-27,12:43:52,95721,1,0.0000,0.0124,0.0267,0.7864,-0.0832,0,1.0000,0,1,3.0349,-2.4090,-111.0169,-10.1653,-61.7881,0.980,0.000,0.000
2026-03-27,12:43:52,95755,1,0.0000,-0.0024,0.0287,0.8444,-0.0832,0,1.0000,0,1,2.9282,-2.7937,-111.4218,-11.8142,-30.0911,0.950,0.000,0.000
2026-03-27,12:43:53,95795,1,0.0000,-0.0116,0.0284,0.8351,-0.0832,0,1.0000,0,1,2.8465,-2.7199,-112.1707,-16.9835,0.9595,0.910,0.000,0.000
2026-03-27,12:43:53,95835,1,0.0000,0.0082,0.0278,0.8164,-0.0833,0,1.0000,0,1,2.6986,-5.9351,-113.5055,-28.5874,-0.4798,0.870,0.000,0.000
2026-03-27,12:43:53,95877,1,0.0000,0.0258,0.0222,0.6526,-0.0834,0,1.0000,0,0,2.6632,-1.9435,-114.9586,-31.5081,-27.0734,0.830,0.000,0.000
2026-03-27,12:43:53,95917,1,0.0000,0.0232,0.0184,0.5410,-0.0837,0,1.0000,0,0,2.6309,-1.3516,-116.0103,-28.3209,-49.5686,0.790,0.000,0.000
2026-03-27,12:43:53,95958,1,0.0000,0.0246,0.0160,0.4705,-0.0838,0,1.0000,0,0,2.6043,-0.2585,-116.7010,-21.3245,-68.8545,0.750,0.000,0.000
2026-03-27,12:43:53,95994,1,0.0000,-0.0057,0.0175,0.5151,-0.0838,0,1.0000,0,0,2.5751,-0.5154,-116.9005,-17.8367,-73.3247,0.730,0.000,0.000
2026-03-27,12:43:53,96034,1,0.0000,-0.0025,0.0162,0.4753,-0.0839,0,1.0000,0,0,2.5598,0.2621,-117.6657,-18.8578,-89.1839,0.690,0.000,0.000
2026-03-27,12:43:53,96075,1,0.0000,0.0091,0.0131,0.3854,-0.0840,0,1.0000,0,0,2.5354,0.1574,-118.1711,-15.1072,-75.5640,0.650,0.000,0.000
2026-03-27,12:43:53,96115,1,0.0000,-0.0098,0.0163,0.4796,-0.0839,0,1.0000,0,0,2.5257,-1.5972,-118.6120,-13.2574,-91.1597,0.610,0.000,0.000
2026-03-27,12:43:53,96155,1,0.0000,0.0011,0.0165,0.4859,-0.0839,0,1.0000,0,0,2.4831,-1.6204,-119.3184,-16.1501,-104.3574,0.570,0.000,0.000
2026-03-27,12:43:53,96195,1,0.0000,0.0038,0.0150,0.4418,-0.0839,0,1.0000,0,0,2.4516,-0.3704,-119.6462,-11.4562,-115.5937,0.530,0.000,0.000
2026-03-27,12:43:53,96235,1,0.0000,0.0224,0.0109,0.3208,-0.0840,0,1.0000,0,0,2.4116,-0.5296,-120.0630,-11.4030,-125.1662,0.490,0.000,0.000
2026-03-27,12:43:53,96276,1,0.0000,0.0125,0.0108,0.3167,-0.0841,0,1.0000,0,0,2.3938,-0.5291,-120.3401,-8.1435,-133.2659,0.450,0.000,0.000
2026-03-27,12:43:53,96316,1,0.0000,0.0160,0.0091,0.2663,-0.0842,0,1.0000,0,0,2.3743,-0.4264,-120.3901,-3.5761,-140.1898,0.410,0.000,0.000
2026-03-27,12:43:53,96357,1,0.0000,0.0171,0.0090,0.2658,-0.0843,0,1.0000,0,0,2.3600,-0.6264,-120.2462,0.6539,-146.1070,0.370,0.000,0.000
2026-03-27,12:43:53,96397,1,0.0000,0.0195,0.0061,0.1802,-0.0844,0,1.0000,0,0,2.3486,-0.0014,-120.0353,3.5905,-151.1195,0.330,0.000,0.000
2026-03-27,12:43:53,96437,1,0.0000,0.0098,0.0016,0.0475,-0.0846,0,1.0000,0,0,2.3404,0.1480,-119.5559,9.1272,-155.4579,0.290,0.000,0.000
2026-03-27,12:43:53,96478,1,0.0000,0.0021,0.0036,0.1064,-0.0846,0,1.0000,0,0,2.3295,0.1446,-119.1493,9.3963,-146.2777,0.250,0.000,0.000
2026-03-27,12:43:53,96518,1,0.0000,-0.0091,0.0021,0.0628,-0.0846,0,1.0000,0,0,2.3303,0.0782,-118.4897,15.2259,-151.2955,0.210,0.000,0.000
2026-03-27,12:43:53,96559,1,0.0000,-0.0001,0.0009,0.0268,-0.0847,0,1.0000,0,0,2.3376,0.0486,-117.3238,23.9669,-155.6278,0.170,0.000,0.000
2026-03-27,12:43:53,96599,1,0.0000,0.0023,0.0031,0.0903,-0.0847,0,1.0000,0,0,2.3367,-0.0888,-116.3371,25.2787,-159.3058,0.130,0.000,0.000
2026-03-27,12:43:53,96639,1,0.0000,0.0005,0.0009,0.0269,-0.0847,0,1.0000,0,0,2.3455,0.1825,-115.2710,27.0086,-162.3913,0.090,0.000,0.000
2026-03-27,12:43:53,96679,1,0.0000,-0.0071,0.0014,0.0415,-0.0847,0,1.0000,0,0,2.3330,-0.3068,-114.4910,22.3824,-165.0101,0.050,0.000,0.000
2026-03-27,12:43:53,96719,1,0.0000,0.0077,0.0007,0.0212,-0.0847,0,1.0000,0,0,2.3298,-0.0971,-113.9027,17.8901,-167.2685,0.010,0.000,0.000
2026-03-27,12:43:53,96759,1,0.0000,0.0106,0.0009,0.0277,-0.0847,0,1.0000,0,0,2.3290,0.0881,-113.5260,12.0432,-169.1294,0.000,0.000,0.000
2026-03-27,12:43:54,96800,1,0.0000,0.0063,0.0016,0.0480,-0.0847,0,1.0000,0,0,2.3289,0.1279,-112.9793,13.4824,-170.7461,0.000,0.000,0.000
2026-03-27,12:43:54,96840,1,0.0000,0.0047,0.0009,0.0260,-0.0847,0,1.0000,0,0,2.3143,-0.7491,-112.6455,9.8977,-172.1484,0.000,0.000,0.000
2026-03-27,12:43:54,96880,1,0.0000,0.0095,-0.0001,0.0040,-0.0847,0,1.0000,0,0,2.3011,-0.7092,-112.3601,8.1500,-166.3073,0.000,0.000,0.000
2026-03-27,12:43:54,96920,1,0.0000,-0.0051,0.0012,0.0366,-0.0847,0,1.0000,0,0,2.2916,-0.7881,-111.8671,11.0648,-168.3656,0.000,0.000,0.000
2026-03-27,12:43:54,96960,1,0.0000,0.0055,0.0018,0.0529,-0.0847,0,1.0000,0,0,2.3002,0.2569,-111.4102,11.6803,-170.1227,0.000,0.000,0.000
2026-03-27,12:43:54,97001,1,0.0000,-0.0059,0.0047,0.1375,-0.0847,0,1.0000,0,0,2.3168,0.1681,-111.0787,9.1738,-152.5199,0.000,0.000,0.000
2026-03-27,12:43:54,97041,1,0.0000,-0.0026,0.0014,0.0423,-0.0847,0,1.0000,0,0,2.3036,-0.3871,-110.9609,4.9656,-156.6250,0.000,0.000,0.000
2026-03-27,12:43:54,97083,1,0.0000,0.0150,0.0009,0.0269,-0.0847,0,1.0000,0,0,2.2989,1.3835,-110.6972,6.3498,-153.2748,0.000,0.000,0.000
2026-03-27,12:43:54,97123,1,0.0000,-0.0049,0.0036,0.1065,-0.0846,0,1.0000,0,0,2.4198,1.5955,-109.8969,15.9762,-156.9154,0.000,0.000,0.000
2026-03-27,12:43:54,97156,1,0.0000,0.0073,0.0014,0.0423,-0.0847,0,1.0000,0,0,2.2081,-1.8135,-108.2100,23.4616,-157.7165,0.000,0.000,0.000
2026-03-27,12:43:54,97197,1,0.0000,-0.0031,0.0034,0.0990,-0.0846,0,1.0000,0,0,1.9122,0.8705,-105.2333,55.8811,-160.2002,0.000,0.000,0.000
2026-03-27,12:43:54,97237,1,0.0000,-0.0104,0.0009,0.0262,-0.0846,0,1.0000,0,0,1.7963,-2.7616,-102.1416,66.9120,-128.7416,0.000,0.000,0.000
2026-03-27,12:43:54,97278,1,0.0000,-0.0072,0.0027,0.0791,-0.0846,0,1.0000,0,0,1.6098,-2.3672,-99.6261,61.6059,-83.0544,0.000,0.000,0.000
2026-03-27,12:43:54,97318,1,0.0000,0.0007,0.0021,0.0630,-0.0846,0,1.0000,0,0,1.6167,-0.0965,-98.0988,43.8421,-44.6280,0.000,0.000,0.000
2026-03-27,12:43:54,97358,1,0.0000,-0.0050,0.0043,0.1270,-0.0846,0,1.0000,0,0,1.6502,0.8188,-97.6215,21.4189,-12.0745,0.000,0.000,0.000
2026-03-27,12:43:54,97400,1,0.0000,0.0140,0.0009,0.0262,-0.0846,0,1.0000,0,0,1.7174,2.3757,-97.8115,5.1809,16.1864,0.000,0.000,0.000
2026-03-27,12:43:54,97440,1,0.0000,-0.0113,0.0039,0.1159,-0.0846,0,1.0000,0,0,1.7770,2.4680,-97.6298,5.9882,-6.7415,0.000,0.000,0.000
2026-03-27,12:43:54,97481,1,0.0000,-0.0085,0.0052,0.1542,-0.0846,0,1.0000,0,0,1.8651,1.7327,-97.2119,9.1656,-26.0014,0.000,0.000,0.000
2026-03-27,12:43:54,97521,1,0.0000,-0.0021,0.0020,0.0585,-0.0846,0,1.0000,0,0,1.8715,-0.6890,-96.7140,11.9277,-49.0103,0.000,0.000,0.000
2026-03-27,12:43:54,97561,1,0.0000,0.0007,0.0048,0.1426,-0.0846,0,1.0000,0,0,1.8359,-0.2478,-96.2691,12.1323,-34.5229,0.000,0.000,0.000
2026-03-27,12:43:54,97602,1,0.0000,0.0164,0.0009,0.0256,-0.0846,0,1.0000,0,0,1.8910,0.4998,-96.0121,8.7282,-49.8100,0.000,0.000,0.000
2026-03-27,12:43:54,97642,1,0.0000,0.0056,0.0034,0.1014,-0.0846,0,1.0000,0,0,1.9434,0.4600,-95.8583,6.0648,-62.8597,0.000,0.000,0.000
2026-03-27,12:43:54,97682,1,0.0000,-0.0164,0.0041,0.1215,-0.0846,0,1.0000,0,0,1.9830,1.1555,-95.6469,6.2304,-80.2958,0.000,0.000,0.000
2026-03-27,12:43:54,97722,1,0.0000,0.0029,0.0045,0.1331,-0.0846,0,1.0000,0,0,1.9855,-0.1541,-95.3666,7.0631,-95.1787,0.000,0.000,0.000
2026-03-27,12:43:54,97762,1,0.0000,-0.0127,0.0038,0.1114,-0.0846,0,1.0000,0,0,2.0021,0.1303,-95.2106,4.8133,-107.8659,0.000,0.000,0.000
2026-03-27,12:43:55,97802,1,0.0000,0.0048,0.0022,0.0635,-0.0846,0,1.0000,0,0,2.0002,-0.2402,-95.3126,-0.1908,-98.2170,0.000,0.000,0.000
2026-03-27,12:43:55,97842,1,0.0000,-0.0018,0.0034,0.1003,-0.0846,0,1.0000,0,0,2.0186,0.5992,-95.3969,-1.0618,-96.9210,0.000,0.000,0.000
2026-03-27,12:43:55,97883,1,0.0000,0.0013,0.0034,0.1014,-0.0846,0,1.0000,0,0,2.0348,0.2766,-95.4057,-0.5101,-95.4165,0.000,0.000,0.000
2026-03-27,12:43:55,97924,1,0.0000,-0.0011,0.0018,0.0529,-0.0846,0,1.0000,0,0,2.0660,0.6728,-95.3784,0.3193,-94.5474,0.000,0.000,0.000
2026-03-27,12:43:55,97964,1,0.0000,0.0035,0.0036,0.1064,-0.0846,0,1.0000,0,0,2.0618,0.2756,-95.3725,0.1484,-80.2429,0.000,0.000,0.000
2026-03-27,12:43:55,98005,1,0.0000,0.0137,0.0008,0.0229,-0.0846,0,1.0000,0,0,2.0824,0.2568,-95.2594,2.1576,-88.8192,0.000,0.000,0.000
2026-03-27,12:43:55,98045,1,0.0000,-0.0024,0.0037,0.1098,-0.0846,0,1.0000,0,0,2.0689,-0.1442,-95.2357,0.9378,-102.4840,0.000,0.000,0.000
2026-03-27,12:43:55,98085,1,0.0000,-0.0084,0.0023,0.0690,-0.0846,0,1.0000,0,0,2.0560,-0.3190,-95.2552,0.0715,-107.2011,0.000,0.000,0.000
2026-03-27,12:43:55,98126,1,0.0000,-0.0071,0.0057,0.1674,-0.0846,0,1.0000,0,0,2.0716,1.0164,-95.3917,-2.5203,-97.4023,0.000,0.000,0.000
2026-03-27,12:43:55,98166,1,0.0000,0.0038,0.0050,0.1482,-0.0846,0,1.0000,0,0,2.0814,0.1172,-95.4760,-2.0935,-109.7944,0.000,0.000,0.000
2026-03-27,12:43:55,98207,1,0.0000,-0.0179,0.0045,0.1325,-0.0846,0,1.0000,0,0,2.0871,0.0705,-95.5744,-2.6420,-86.3177,0.000,0.000,0.000
2026-03-27,12:43:55,98247,1,0.0000,0.0053,0.0013,0.0373,-0.0846,0,1.0000,0,0,2.1023,-0.0870,-95.6712,-2.1326,-53.8976,0.000,0.000,0.000
2026-03-27,12:43:55,98287,1,0.0000,-0.0018,0.0023,0.0676,-0.0846,0,1.0000,0,0,2.1119,1.0377,-95.7115,-1.2770,-59.2162,0.000,0.000,0.000
2026-03-27,12:43:55,98327,1,0.0000,0.0063,0.0013,0.0378,-0.0846,0,1.0000,0,0,2.1095,-0.1121,-95.8588,-2.9410,-77.2882,0.000,0.000,0.000
2026-03-27,12:43:55,98360,1,0.0000,0.0110,0.0017,0.0490,-0.0846,0,1.0000,0,0,2.1170,0.0448,-95.9344,-2.8227,-81.4137,0.000,0.000,0.000
2026-03-27,12:43:55,98400,1,0.0000,-0.0014,0.0036,0.1058,-0.0846,0,1.0000,0,0,2.1154,-0.0585,-95.9300,-0.9565,-75.4508,0.000,0.000,0.000
2026-03-27,12:43:55,98440,1,0.0000,0.0078,0.0031,0.0902,-0.0846,0,1.0000,0,0,2.1043,-0.4271,-95.9311,-0.3024,-76.8394,0.000,0.000,0.000
2026-03-27,12:43:55,98480,1,0.0000,0.0047,0.0034,0.1003,-0.0846,0,1.0000,0,0,2.0847,-0.6030,-95.9820,-1.0417,-65.8572,0.000,0.000,0.000
2026-03-27,12:43:55,98521,1,0.0000,0.0056,0.0027,0.0801,-0.0846,0,1.0000,0,0,2.0958,0.0668,-96.0745,-1.8322,-56.5338,0.000,0.000,0.000
2026-03-27,12:43:55,98561,1,0.0000,-0.0092,0.0021,0.0630,-0.0846,0,1.0000,0,0,2.1022,0.2105,-96.0664,-0.6319,-68.1075,0.000,0.000,0.000
2026-03-27,12:43:55,98601,1,0.0000,0.0044,0.0043,0.1265,-0.0846,0,1.0000,0,0,2.0990,-0.0038,-96.0953,-0.4700,-84.8560,0.000,0.000,0.000
2026-03-27,12:43:55,98641,1,0.0000,-0.0004,0.0020,0.0589,-0.0846,0,1.0000,0,0,2.1047,0.2180,-95.9973,1.6423,-92.0429,0.000,0.000,0.000
2026-03-27,12:43:55,98681,1,0.0000,0.0029,0.0047,0.1381,-0.0846,0,1.0000,0,0,2.1056,-0.1313,-96.0034,0.1454,-98.5798,0.000,0.000,0.000
2026-03-27,12:43:55,98722,1,0.0000,0.0050,0.0043,0.1265,-0.0846,0,1.0000,0,0,2.1263,0.7979,-96.0420,-0.3536,-96.8236,0.000,0.000,0.000
2026-03-27,12:43:55,98762,1,0.0000,-0.0035,0.0045,0.1321,-0.0846,0,1.0000,0,0,2.1304,0.0492,-96.0074,0.3257,-102.7756,0.000,0.000,0.000
2026-03-27,12:43:56,98802,1,0.0000,0.0066,0.0023,0.0680,-0.0846,0,1.0000,0,0,2.1161,-0.7430,-96.0226,0.0298,-101.4793,0.000,0.000,0.000
2026-03-27,12:43:56,98843,1,0.0000,0.0094,0.0021,0.0630,-0.0846,0,1.0000,0,0,2.1081,-0.7123,-95.9858,0.4707,-106.6115,0.000,0.000,0.000
2026-03-27,12:43:56,98883,1,0.0000,-0.0008,0.0011,0.0328,-0.0846,0,1.0000,0,0,2.0968,-0.4287,-95.9247,1.2628,-103.3685,0.000,0.000,0.000
2026-03-27,12:43:56,98926,1,0.0000,-0.0013,0.0028,0.0837,-0.0846,0,1.0000,0,0,2.1089,0.2234,-95.7961,2.3980,-100.9073,0.000,0.000,0.000
2026-03-27,12:43:56,98968,1,0.0000,-0.0143,0.0047,0.1376,-0.0846,0,1.0000,0,0,2.1194,0.3841,-95.6349,3.4583,-92.3293,0.000,0.000,0.000
2026-03-27,12:43:56,99008,1,0.0000,-0.0115,0.0042,0.1224,-0.0846,0,1.0000,0,0,2.1060,-0.4809,-95.4870,3.6066,-92.3101,0.000,0.000,0.000
2026-03-27,12:43:56,99049,1,0.0000,-0.0070,0.0025,0.0736,-0.0846,0,1.0000,0,0,2.1063,0.1887,-95.4919,0.8165,-85.1375,0.000,0.000,0.000
2026-03-27,12:43:56,99089,1,0.0000,0.0040,0.0034,0.1008,-0.0846,0,1.0000,0,0,2.1352,0.5546,-95.5854,-1.2950,-92.2877,0.000,0.000,0.000
2026-03-27,12:43:56,99130,1,0.0000,-0.0170,0.0034,0.1003,-0.0846,0,1.0000,0,0,2.1518,0.3865,-95.7242,-2.8496,-85.7801,0.000,0.000,0.000
2026-03-27,12:43:56,99170,1,0.0000,-0.0136,0.0036,0.1063,-0.0846,0,1.0000,0,0,2.1499,0.0285,-96.0158,-6.1577,-99.9056,0.000,0.000,0.000
2026-03-27,12:43:56,99210,1,0.0000,-0.0034,0.0041,0.1220,-0.0846,0,1.0000,0,0,2.1306,-0.0918,-96.4124,-8.6467,-105.3924,0.000,0.000,0.000
2026-03-27,12:43:56,99251,1,0.0000,-0.0028,0.0038,0.1104,-0.0846,0,1.0000,0,0,2.1388,0.2090,-96.6141,-6.1103,-109.9406,0.000,0.000,0.000
2026-03-27,12:43:56,99291,1,0.0000,-0.0067,0.0044,0.1279,-0.0846,0,1.0000,0,0,2.1456,0.1064,-96.6223,-2.1828,-107.3148,0.000,0.000,0.000
2026-03-27,12:43:56,99331,1,0.0000,0.0101,0.0014,0.0423,-0.0846,0,1.0000,0,0,2.1404,-0.4841,-96.6144,-0.4401,-118.2185,0.000,0.000,0.000
2026-03-27,12:43:56,99371,1,0.0000,0.0070,0.0038,0.1114,-0.0846,0,1.0000,0,0,2.1451,0.1905,-96.4983,2.1774,-113.6658,0.000,0.000,0.000
2026-03-27,12:43:56,99411,1,0.0000,0.0009,0.0041,0.1215,-0.0846,0,1.0000,0,0,2.1356,-0.3577,-96.2234,5.6942,-123.6010,0.000,0.000,0.000
2026-03-27,12:43:56,99451,1,0.0000,-0.0028,0.0052,0.1532,-0.0846,0,1.0000,0,0,2.1267,0.0059,-96.0357,4.7548,-118.5060,0.000,0.000,0.000
2026-03-27,12:43:56,99491,1,0.0000,0.0009,0.0043,0.1270,-0.0846,0,1.0000,0,0,2.1156,-0.2435,-96.0502,1.2504,-114.1827,0.000,0.000,0.000
2026-03-27,12:43:56,99532,1,0.0000,-0.0011,0.0020,0.0580,-0.0846,0,1.0000,0,0,2.1364,0.3998,-95.9574,2.2617,-117.2823,0.000,0.000,0.000
2026-03-27,12:43:56,99568,1,0.0000,0.0009,0.0016,0.0479,-0.0846,0,1.0000,0,0,2.1385,0.2594,-95.9581,1.7879,-105.6045,0.000,0.000,0.000
2026-03-27,12:43:56,99608,1,0.0000,0.0074,0.0013,0.0378,-0.0846,0,1.0000,0,0,2.1576,0.8230,-96.0534,-1.0355,-70.1918,0.000,0.000,0.000
2026-03-27,12:43:56,99648,1,0.0000,-0.0046,0.0043,0.1270,-0.0846,0,1.0000,0,0,2.1636,-0.9999,-96.1871,-2.3725,-46.8297,0.000,0.000,0.000
2026-03-27,12:43:56,99688,1,0.0000,-0.0097,0.0040,0.1169,-0.0846,0,1.0000,0,0,2.1382,-0.1183,-96.4705,-5.4265,-60.3893,0.000,0.000,0.000
2026-03-27,12:43:56,99728,1,0.0000,0.0038,0.0020,0.0589,-0.0846,0,1.0000,0,0,2.1238,-0.2221,-96.5037,-2.0046,-78.1990,0.000,0.000,0.000
2026-03-27,12:43:56,99768,1,0.0000,0.0083,0.0043,0.1275,-0.0846,0,1.0000,0,0,2.1096,-0.0855,-96.4275,0.1878,-59.2982,0.000,0.000,0.000
2026-03-27,12:43:57,99808,1,0.0000,-0.0021,0.0028,0.0838,-0.0846,0,1.0000,0,0,2.1402,0.6616,-96.5231,-1.8984,-71.1227,0.000,0.000,0.000
2026-03-27,12:43:57,99849,1,0.0000,-0.0052,0.0047,0.1376,-0.0846,0,1.0000,0,0,2.1331,-0.3678,-96.5903,-1.6417,-87.4234,0.000,0.000,0.000
2026-03-27,12:43:57,99889,1,0.0000,-0.0002,0.0038,0.1109,-0.0846,0,1.0000,0,0,2.1481,0.2754,-96.5546,0.2062,-88.2736,0.000,0.000,0.000
2026-03-27,12:43:57,99929,1,0.0000,-0.0054,0.0041,0.1219,-0.0846,0,1.0000,0,0,2.1426,-0.2990,-96.4753,1.3003,-87.7864,0.000,0.000,0.000
2026-03-27,12:43:57,99970,1,0.0000,0.0156,0.0018,0.0529,-0.0846,0,1.0000,0,0,2.1472,-0.0497,-96.4702,0.4788,-94.9721,0.000,0.000,0.000
2026-03-27,12:43:57,100010,1,0.0000,0.0066,0.0045,0.1325,-0.0846,0,1.0000,0,0,2.1262,-0.2766,-96.2857,3.4735,-101.0931,0.000,0.000,0.000
2026-03-27,12:43:57,100051,1,0.0000,-0.0023,0.0018,0.0534,-0.0846,0,1.0000,0,0,2.1033,-0.6286,-96.1190,3.5051,-105.7331,0.000,0.000,0.000
2026-03-27,12:43:57,100091,1,0.0000,-0.0078,0.0049,0.1427,-0.0846,0,1.0000,0,0,2.1201,0.5950,-96.1438,0.8269,-97.0678,0.000,0.000,0.000
2026-03-27,12:43:57,100131,1,0.0000,0.0102,0.0011,0.0323,-0.0846,0,1.0000,0,0,2.1105,-0.4912,-96.1673,0.0143,-102.8549,0.000,0.000,0.000
2026-03-27,12:43:57,100171,1,0.0000,-0.0052,0.0043,0.1270,-0.0846,0,1.0000,0,0,2.1033,0.2949,-96.1987,-0.7420,-108.1826,0.000,0.000,0.000
2026-03-27,12:43:57,100211,1,0.0000,0.0054,0.0041,0.1220,-0.0846,0,1.0000,0,0,2.1071,0.6500,-96.2684,-1.5594,-112.7031,0.000,0.000,0.000
2026-03-27,12:43:57,100251,1,0.0000,0.0002,0.0022,0.0640,-0.0846,0,1.0000,0,0,2.1102,0.4897,-96.4498,-3.6795,-122.7998,0.000,0.000,0.000
2026-03-27,12:43:57,100291,1,0.0000,0.0038,0.0043,0.1255,-0.0846,0,1.0000,0,0,2.1095,0.1643,-96.7028,-5.4414,-131.3961,0.000,0.000,0.000
2026-03-27,12:43:57,100331,1,0.0000,0.0089,0.0002,0.0066,-0.0846,0,1.0000,0,0,2.1153,0.0624,-96.7029,-1.5446,-118.3792,0.000,0.000,0.000
2026-03-27,12:43:57,100371,1,0.0000,0.0042,0.0011,0.0328,-0.0846,0,1.0000,0,0,2.1070,-0.4799,-96.6959,-0.8246,-115.0048,0.000,0.000,0.000
2026-03-27,12:43:57,100411,1,0.0000,-0.0000,0.0018,0.0529,-0.0846,0,1.0000,0,0,2.1114,0.4021,-96.8152,-2.2140,-124.7438,0.000,0.000,0.000
2026-03-27,12:43:57,100452,1,0.0000,-0.0005,0.0038,0.1124,-0.0846,0,1.0000,0,0,2.1043,0.0842,-96.8077,-0.4156,-119.2152,0.000,0.000,0.000
2026-03-27,12:43:57,100493,1,0.0000,0.0180,0.0034,0.0997,-0.0846,0,1.0000,0,0,2.0985,-0.6435,-96.6351,2.7668,-115.7320,0.000,0.000,0.000
2026-03-27,12:43:57,100533,1,0.0000,0.0147,0.0036,0.1058,-0.0846,0,1.0000,0,0,2.1214,0.4302,-96.6777,0.0976,-99.1995,0.000,0.000,0.000
2026-03-27,12:43:57,100574,1,0.0000,0.0122,0.0015,0.0429,-0.0846,0,1.0000,0,0,2.1175,0.1327,-96.7601,-1.2682,-104.6803,0.000,0.000,0.000
2026-03-27,12:43:57,100614,1,0.0000,0.0067,0.0029,0.0857,-0.0846,0,1.0000,0,0,2.1305,0.3203,-96.7933,-0.8306,-115.9754,0.000,0.000,0.000
2026-03-27,12:43:57,100655,1,0.0000,0.0137,0.0044,0.1281,-0.0846,0,1.0000,0,0,2.1341,0.0023,-96.7517,0.1657,-111.7632,0.000,0.000,0.000
2026-03-27,12:43:57,100695,1,0.0000,-0.0050,0.0050,0.1477,-0.0846,0,1.0000,0,0,2.1387,0.2014,-96.7504,0.0064,-108.4544,0.000,0.000,0.000
2026-03-27,12:43:57,100728,1,0.0000,0.0059,0.0038,0.1109,-0.0846,0,1.0000,0,0,2.1361,0.0801,-96.7778,-0.1827,-111.3523,0.000,0.000,0.000
2026-03-27,12:43:57,100770,1,0.0000,-0.0267,0.0049,0.1431,-0.0846,0,1.0000,0,0,2.1326,-0.4977,-96.9003,-1.8485,-121.6603,0.000,0.000,0.000
2026-03-27,12:43:58,100810,1,0.0000,0.0068,0.0038,0.1109,-0.0846,0,1.0000,0,0,2.1159,-0.5007,-97.0169,-2.2598,-124.1708,0.000,0.000,0.000
2026-03-27,12:43:58,100850,1,0.0000,-0.0059,0.0041,0.1215,-0.0846,0,1.0000,0,0,2.1084,-0.3280,-96.8579,2.1365,-125.7927,0.000,0.000,0.000
2026-03-27,12:43:58,100891,1,0.0000,-0.0122,0.0036,0.1063,-0.0846,0,1.0000,0,0,2.1145,0.4594,-96.7971,1.6788,-133.9347,0.000,0.000,0.000
2026-03-27,12:43:58,100931,1,0.0000,-0.0036,0.0042,0.1225,-0.0846,0,1.0000,0,0,2.1154,-0.0762,-96.6261,3.7705,-121.0708,0.000,0.000,0.000
2026-03-27,12:43:58,100972,1,0.0000,-0.0115,0.0042,0.1224,-0.0846,0,1.0000,0,0,2.1125,-0.1482,-96.5159,2.7217,-110.0002,0.000,0.000,0.000
2026-03-27,12:43:58,101012,1,0.0000,0.0001,0.0041,0.1220,-0.0846,0,1.0000,0,0,2.0928,-0.2576,-96.5367,0.8187,-113.9974,0.000,0.000,0.000
2026-03-27,12:43:58,101052,1,0.0000,0.0060,0.0016,0.0468,-0.0846,0,1.0000,0,0,2.1025,-0.0216,-96.5085,0.7349,-117.2700,0.000,0.000,0.000
2026-03-27,12:43:58,101092,1,0.0000,-0.0006,0.0027,0.0791,-0.0846,0,1.0000,0,0,2.1138,0.0822,-96.4625,1.2157,-119.6356,0.000,0.000,0.000
2026-03-27,12:43:58,101132,1,0.0000,-0.0019,0.0022,0.0645,-0.0846,0,1.0000,0,0,2.0993,-0.6603,-96.3720,2.1362,-122.2014,0.000,0.000,0.000
2026-03-27,12:43:58,101172,1,0.0000,0.0131,0.0036,0.1064,-0.0846,0,1.0000,0,0,2.1155,0.5986,-96.2025,3.8132,-130.8737,0.000,0.000,0.000
2026-03-27,12:43:58,101212,1,0.0000,-0.0120,0.0041,0.1219,-0.0846,0,1.0000,0,0,2.1047,-0.3545,-96.0476,3.5603,-138.2679,0.000,0.000,0.000
2026-03-27,12:43:58,101252,1,0.0000,0.0068,0.0023,0.0691,-0.0846,0,1.0000,0,0,2.1069,-0.2425,-96.1969,-1.4681,-144.5570,0.000,0.000,0.000
2026-03-27,12:43:58,101293,1,0.0000,0.0117,0.0052,0.1532,-0.0846,0,1.0000,0,0,2.1297,0.2836,-96.3675,-3.0599,-149.9056,0.000,0.000,0.000
2026-03-27,12:43:58,101333,1,0.0000,0.0044,0.0038,0.1103,-0.0846,0,1.0000,0,0,2.1389,0.6026,-96.4979,-3.2892,-154.4503,0.000,0.000,0.000
2026-03-27,12:43:58,101373,1,0.0000,-0.0065,0.0021,0.0630,-0.0846,0,1.0000,0,0,2.1271,-0.3473,-96.6810,-4.1312,-145.6860,0.000,0.000,0.000
2026-03-27,12:43:58,101413,1,0.0000,-0.0093,0.0020,0.0580,-0.0846,0,1.0000,0,0,2.1378,-0.0196,-96.7698,-3.0862,-144.0923,0.000,0.000,0.000
2026-03-27,12:43:58,101453,1,0.0000,-0.0067,0.0036,0.1058,-0.0846,0,1.0000,0,0,2.1428,0.2507,-96.8619,-2.7514,-149.5038,0.000,0.000,0.000
2026-03-27,12:43:58,101494,1,0.0000,-0.0045,0.0042,0.1225,-0.0846,0,1.0000,0,0,2.1318,-0.4882,-96.8782,-0.8270,-154.1072,0.000,0.000,0.000
2026-03-27,12:43:58,101534,1,0.0000,-0.0012,0.0040,0.1169,-0.0846,0,1.0000,0,0,2.1456,0.4124,-96.8554,-0.1045,-138.0845,0.000,0.000,0.000
2026-03-27,12:43:58,101575,1,0.0000,-0.0089,0.0025,0.0736,-0.0846,0,1.0000,0,0,2.1438,0.1924,-96.8993,-0.8057,-137.4786,0.000,0.000,0.000
2026-03-27,12:43:58,101615,1,0.0000,0.0055,0.0038,0.1109,-0.0846,0,1.0000,0,0,2.1528,0.2449,-97.1159,-4.3730,-137.4910,0.000,0.000,0.000
2026-03-27,12:43:58,101655,1,0.0000,0.0178,0.0012,0.0367,-0.0846,0,1.0000,0,0,2.1476,0.0344,-97.2018,-2.4223,-143.8727,0.000,0.000,0.000
2026-03-27,12:43:58,101696,1,0.0000,-0.0037,0.0016,0.0474,-0.0846,0,1.0000,0,0,2.1591,0.5269,-97.0475,1.7591,-142.9556,0.000,0.000,0.000
2026-03-27,12:43:58,101736,1,0.0000,-0.0066,0.0029,0.0852,-0.0846,0,1.0000,0,0,2.1554,-0.0344,-96.9784,1.8790,-142.2872,0.000,0.000,0.000
2026-03-27,12:43:58,101776,1,0.0000,0.0089,0.0036,0.1058,-0.0846,0,1.0000,0,0,2.1404,-0.3161,-96.8538,2.6824,-141.4673,0.000,0.000,0.000
2026-03-27,12:43:59,101816,1,0.0000,-0.0029,0.0040,0.1164,-0.0846,0,1.0000,0,0,2.1244,-0.2086,-96.7154,3.1373,-147.2778,0.000,0.000,0.000
2026-03-27,12:43:59,101857,1,0.0000,-0.0180,0.0041,0.1219,-0.0846,0,1.0000,0,0,2.1366,0.3861,-96.5520,3.7851,-145.4434,0.000,0.000,0.000
2026-03-27,12:43:59,101890,1,0.0000,-0.0126,0.0043,0.1265,-0.0846,0,1.0000,0,0,2.1273,0.0898,-96.5322,3.0761,-146.8810,0.000,0.000,0.000
2026-03-27,12:43:59,101932,1,0.0000,0.0030,0.0038,0.1119,-0.0846,0,1.0000,0,0,2.1402,0.2706,-96.5195,1.1714,-145.1141,0.000,0.000,0.000
2026-03-27,12:43:59,101972,1,0.0000,-0.0118,0.0041,0.1215,-0.0846,0,1.0000,0,0,2.1467,0.0620,-96.4313,2.0654,-131.1325,0.000,0.000,0.000
2026-03-27,12:43:59,102014,1,0.0000,-0.0049,0.0018,0.0540,-0.0846,0,1.0000,0,0,2.1454,0.1003,-96.3181,2.4505,-138.4835,0.000,0.000,0.000
2026-03-27,12:43:59,102054,1,0.0000,0.0071,0.0020,0.0579,-0.0846,0,1.0000,0,0,2.1412,-0.2528,-96.3410,0.2710,-130.4878,0.000,0.000,0.000
2026-03-27,12:43:59,102098,1,0.0000,0.0107,0.0036,0.1064,-0.0846,0,1.0000,0,0,2.1252,-0.3464,-96.4411,-1.4893,-132.0107,0.000,0.000,0.000
2026-03-27,12:43:59,102138,1,0.0000,0.0015,0.0021,0.0629,-0.0846,0,1.0000,0,0,2.1555,0.5431,-96.4878,-1.0429,-125.5466,0.000,0.000,0.000
2026-03-27,12:43:59,102178,1,0.0000,-0.0023,0.0045,0.1320,-0.0846,0,1.0000,0,0,2.1529,0.3066,-96.4651,-0.0645,-126.9677,0.000,0.000,0.000
2026-03-27,12:43:59,102219,1,0.0000,0.0075,0.0038,0.1120,-0.0846,0,1.0000,0,0,2.1544,0.0989,-96.4674,-0.0995,-134.9523,0.000,0.000,0.000
2026-03-27,12:43:59,102260,1,0.0000,0.0033,0.0014,0.0423,-0.0846,0,1.0000,0,0,2.1462,0.0139,-96.4219,0.6536,-129.1158,0.000,0.000,0.000
2026-03-27,12:43:59,102300,1,0.0000,-0.0085,0.0030,0.0891,-0.0846,0,1.0000,0,0,2.1484,0.0379,-96.5230,-1.7684,-123.4838,0.000,0.000,0.000
2026-03-27,12:43:59,102340,1,0.0000,-0.0173,0.0034,0.1008,-0.0846,0,1.0000,0,0,2.1451,-0.0283,-96.7384,-4.1940,-118.1424,0.000,0.000,0.000
2026-03-27,12:43:59,102380,1,0.0000,-0.0086,0.0036,0.1064,-0.0846,0,1.0000,0,0,2.1537,-0.0468,-96.9055,-4.3677,-114.6735,0.000,0.000,0.000
2026-03-27,12:43:59,102420,1,0.0000,0.0078,0.0044,0.1308,-0.0846,0,1.0000,0,0,2.1308,-0.4077,-97.0374,-3.4482,-124.4803,0.000,0.000,0.000
2026-03-27,12:43:59,102460,1,0.0000,-0.0159,0.0016,0.0474,-0.0846,0,1.0000,0,0,2.1433,0.2618,-97.0161,-0.7647,-132.8329,0.000,0.000,0.000
2026-03-27,12:43:59,102504,1,0.0000,-0.0092,0.0038,0.1114,-0.0846,0,1.0000,0,0,2.1534,0.1489,-97.0368,-0.6654,-133.6885,0.000,0.000,0.000
2026-03-27,12:43:59,102544,1,0.0000,-0.0035,0.0021,0.0629,-0.0846,0,1.0000,0,0,2.1645,0.2125,-96.9777,0.8020,-134.4016,0.000,0.000,0.000
2026-03-27,12:43:59,102584,1,0.0000,-0.0081,0.0055,0.1627,-0.0846,0,1.0000,0,0,2.1593,-0.0750,-96.9135,1.6344,-128.3898,0.000,0.000,0.000
2026-03-27,12:43:59,102624,1,0.0000,-0.0194,0.0034,0.1003,-0.0846,0,1.0000,0,0,2.1883,0.6171,-96.6539,5.1265,-136.1549,0.000,0.000,0.000
2026-03-27,12:43:59,102664,1,0.0000,0.0090,0.0010,0.0279,-0.0846,0,1.0000,0,0,2.1821,-0.1364,-96.5495,3.4666,-128.9352,0.000,0.000,0.000
2026-03-27,12:43:59,102705,1,0.0000,-0.0185,0.0021,0.0625,-0.0846,0,1.0000,0,0,2.1827,-0.0810,-96.3758,4.1540,-130.2427,0.000,0.000,0.000
2026-03-27,12:43:59,102745,1,0.0000,-0.0026,0.0046,0.1354,-0.0846,0,1.0000,0,0,2.1707,-0.1378,-96.3683,0.9931,-124.1692,0.000,0.000,0.000
2026-03-27,12:43:59,102785,1,0.0000,-0.0034,0.0012,0.0367,-0.0846,0,1.0000,0,0,2.1710,-0.0057,-96.4444,-0.7890,-125.5096,0.000,0.000,0.000
2026-03-27,12:44:00,102826,1,0.0000,-0.0095,0.0036,0.1069,-0.0846,0,1.0000,0,0,2.1524,-0.3001,-96.5797,-2.2516,-127.4395,0.000,0.000,0.000
2026-03-27,12:44:00,102867,1,0.0000,-0.0020,0.0043,0.1259,-0.0846,0,1.0000,0,0,2.1321,-0.5687,-96.5321,-0.1383,-128.1312,0.000,0.000,0.000
2026-03-27,12:44:00,102908,1,0.0000,0.0032,0.0020,0.0591,-0.0846,0,1.0000,0,0,2.1374,0.1195,-96.5947,-1.0515,-123.1768,0.000,0.000,0.000
2026-03-27,12:44:00,102948,1,0.0000,-0.0048,0.0038,0.1103,-0.0846,0,1.0000,0,0,2.1499,-0.0512,-96.7772,-3.4486,-118.2849,0.000,0.000,0.000
2026-03-27,12:44:00,102988,1,0.0000,-0.0007,0.0045,0.1320,-0.0846,0,1.0000,0,0,2.1334,-0.3473,-96.8634,-2.6890,-114.1390,0.000,0.000,0.000
2026-03-27,12:44:00,103029,1,0.0000,0.0092,0.0014,0.0423,-0.0846,0,1.0000,0,0,2.1368,0.3427,-96.9123,-1.7528,-116.9663,0.000,0.000,0.000
2026-03-27,12:44:00,103062,1,0.0000,-0.0142,0.0036,0.1058,-0.0846,0,1.0000,0,0,2.1526,0.3953,-96.9425,-1.5738,-112.4875,0.000,0.000,0.000
2026-03-27,12:44:00,103103,1,0.0000,-0.0115,0.0038,0.1108,-0.0846,0,1.0000,0,0,2.1448,-0.3183,-97.0337,-2.2334,-122.6281,0.000,0.000,0.000
2026-03-27,12:44:00,103144,1,0.0000,-0.0007,0.0040,0.1164,-0.0846,0,1.0000,0,0,2.1499,-0.0205,-97.1244,-2.0721,-131.2499,0.000,0.000,0.000
2026-03-27,12:44:00,103184,1,0.0000,0.0119,0.0038,0.1108,-0.0846,0,1.0000,0,0,2.1723,0.4916,-96.9962,2.1011,-131.6619,0.000,0.000,0.000
2026-03-27,12:44:00,103225,1,0.0000,-0.0055,0.0041,0.1220,-0.0846,0,1.0000,0,0,2.1698,0.1605,-96.7629,4.0432,-132.0326,0.000,0.000,0.000
2026-03-27,12:44:00,103265,1,0.0000,0.0072,0.0016,0.0479,-0.0846,0,1.0000,0,0,2.1605,-0.3204,-96.6805,2.8090,-139.2395,0.000,0.000,0.000
