Date,Time,Timestamp_ms,Kite_ID,Commanded_Vel_rps,Actual_Vel_rps,Torque_Nm,Tension_N,Line_Length_m,Target_Enabled,Target_Length_m,Remote_Joy,Remote_Active,Pitch_deg,Pitch_Vel_dps,Yaw_deg,Yaw_Vel_dps,Roll_deg,Dive_Conf,AWW_Conf,AF_Conf,Kite_Pitch_deg,Kite_Roll_deg,Kite_IMU_Battery
2026-05-06,14:08:25,0,1,-4.0880,0.1817,0.0239,0.7026,1.6090,0,1.0000,-511,1,9.1120,44.5668,-20.0127,-22.1477,116.8577,0.728,0.000,0.530,0.0000,0.0000,0
2026-05-06,14:08:25,6,1,-4.0800,-0.1883,0.0204,0.6006,1.6099,0,1.0000,-510,1,8.3160,2.1151,-19.0152,-1.9866,121.2208,0.696,0.000,0.562,0.0000,0.0000,0
2026-05-06,14:08:25,7,1,-4.0800,-0.4727,0.0269,0.7902,1.6137,0,1.0000,-510,1,10.5823,66.3680,-16.5708,22.2744,126.7031,0.664,0.000,0.594,0.0000,0.0000,0
2026-05-06,14:08:25,7,1,-4.0800,0.0187,0.0075,0.2203,1.6160,0,1.0000,-510,1,10.2257,10.4088,-16.4083,15.1814,129.8639,0.632,0.000,0.600,0.0000,0.0000,0
2026-05-06,14:08:25,8,1,-4.0880,-0.1495,0.0278,0.8167,1.6166,0,1.0000,-511,1,9.6366,-5.2796,-16.1530,13.0183,132.1204,0.608,0.000,0.624,0.0000,0.0000,0
2026-05-06,14:08:25,9,1,-4.0880,-0.0857,0.0147,0.4333,1.6175,0,1.0000,-511,1,9.9610,3.0405,-16.8456,2.1174,134.1676,0.584,0.000,0.648,0.0000,0.0000,0
2026-05-06,14:08:25,9,1,-4.0880,-0.0524,0.0160,0.4708,1.6181,0,1.0000,-511,1,10.3435,8.8066,-17.0214,0.0968,136.2387,0.560,0.000,0.663,0.0000,0.0000,0
2026-05-06,14:08:25,10,1,-4.0880,-0.1385,0.0215,0.6310,1.6188,0,1.0000,-511,1,10.9750,14.1587,-16.8676,1.5302,138.4114,0.536,0.000,0.687,0.0000,0.0000,0
2026-05-06,14:08:25,11,1,-4.0880,-0.1546,0.0163,0.4784,1.6203,0,1.0000,-511,1,10.9852,4.3739,-16.5452,4.6780,140.9309,0.504,0.000,0.710,0.0000,0.0000,0
2026-05-06,14:08:25,13,1,-4.0880,-0.0810,0.0118,0.3465,1.6207,0,1.0000,-511,1,10.6118,-5.6003,-16.3807,4.7266,142.7055,0.480,0.000,0.734,0.0000,0.0000,0
2026-05-06,14:08:25,14,1,-4.0880,-0.0800,0.0171,0.5027,1.6215,0,1.0000,-511,1,10.3297,-4.5031,-16.1251,5.5874,144.8795,0.448,0.000,0.758,0.0000,0.0000,0
2026-05-06,14:08:25,15,1,-4.0880,-0.0319,0.0189,0.5548,1.6224,0,1.0000,-511,1,10.3716,-0.1227,-15.6795,8.2411,147.3804,0.416,0.000,0.790,0.0000,0.0000,0
2026-05-06,14:08:25,16,1,-4.0880,-0.0496,0.0170,0.4990,1.6231,0,1.0000,-511,1,10.4425,1.4127,-15.3027,8.2397,149.1736,0.384,0.000,0.813,0.0000,0.0000,0
2026-05-06,14:08:25,17,1,-4.0800,-0.1489,0.0083,0.2444,1.6239,0,1.0000,-510,1,10.3841,-1.1287,-15.1046,6.7070,150.8876,0.352,0.000,0.836,0.0000,0.0000,0
2026-05-06,14:08:25,17,1,-4.0800,-0.1197,0.0200,0.5893,1.6248,0,1.0000,-510,1,10.4710,1.3581,-15.0744,3.7079,152.7878,0.320,0.000,0.868,0.0000,0.0000,0
2026-05-06,14:08:25,18,1,-4.0880,-0.0276,0.0156,0.4594,1.6256,0,1.0000,-511,1,10.4471,1.2912,-15.1846,1.1660,154.1950,0.288,0.000,0.891,0.0000,0.0000,0
2026-05-06,14:08:25,20,1,-4.0880,-0.0396,0.0172,0.5058,1.6260,0,1.0000,-511,1,10.7102,4.9104,-15.2812,-0.1991,155.4731,0.256,0.000,0.914,0.0000,0.0000,0
2026-05-06,14:08:25,21,1,-4.0880,-0.1224,0.0165,0.4859,1.6266,0,1.0000,-511,1,10.9823,6.5672,-15.3835,-1.1541,156.3712,0.232,0.000,0.938,0.0000,0.0000,0
2026-05-06,14:08:25,22,1,-4.0880,-0.2582,0.0156,0.4602,1.6282,0,1.0000,-511,1,10.9841,2.8325,-15.4050,-0.9745,157.2333,0.208,0.000,0.945,0.0000,0.0000,0
2026-05-06,14:08:25,24,1,-4.0880,-0.1567,0.0301,0.8866,1.6294,0,1.0000,-511,1,10.8213,-2.3644,-15.4559,-1.1529,158.0258,0.184,0.000,0.942,0.0000,0.0000,0
2026-05-06,14:08:25,25,1,-4.0880,-0.1566,-0.0000,0.0010,1.6308,0,1.0000,-511,1,10.5093,-4.3824,-15.5184,-1.2988,159.0378,0.152,0.000,0.939,0.0000,0.0000,0
2026-05-06,14:08:25,26,1,-4.0800,-0.0065,0.0112,0.3291,1.6312,0,1.0000,-510,1,10.8310,2.6886,-15.6838,-2.4130,159.9124,0.120,0.000,0.936,0.0000,0.0000,0
2026-05-06,14:08:25,27,1,-4.0880,-0.0849,0.0149,0.4378,1.6316,0,1.0000,-511,1,11.3947,10.5338,-16.0202,-4.6645,160.7350,0.088,0.000,0.933,0.0000,0.0000,0
2026-05-06,14:08:25,27,1,-4.0880,-0.0351,0.0189,0.5566,1.6322,0,1.0000,-511,1,11.5302,4.8179,-16.4145,-6.5684,161.5233,0.056,0.000,0.930,0.0000,0.0000,0
2026-05-06,14:08:25,28,1,-4.0880,-0.0324,0.0134,0.3943,1.6328,0,1.0000,-511,1,11.3363,-1.9607,-16.8888,-9.0151,162.4239,0.024,0.000,0.926,0.0000,0.0000,0
2026-05-06,14:08:25,28,1,-4.0880,-0.0033,0.0123,0.3621,1.6328,0,1.0000,-511,1,11.3505,-0.3512,-17.0815,-7.1496,163.0476,0.000,0.000,0.923,0.0000,0.0000,0
2026-05-06,14:08:25,540,1,-4.0880,-0.0079,0.0133,0.3900,1.6328,0,1.0000,-511,1,11.5557,3.5141,-17.1300,-4.7038,163.6398,0.000,0.000,0.920,0.0000,0.0000,0
2026-05-06,14:08:25,542,1,-4.0880,-0.0001,0.0129,0.3807,1.6328,0,1.0000,-511,1,11.5590,1.2979,-17.0799,-2.6934,164.0710,0.000,0.000,0.918,0.0000,0.0000,0
2026-05-06,14:08:25,543,1,-4.0880,0.0012,0.0132,0.3868,1.6328,0,1.0000,-511,1,11.5096,-0.3645,-16.9848,-0.9064,164.4794,0.000,0.000,0.915,0.0000,0.0000,0
2026-05-06,14:08:25,544,1,-4.0880,-0.0065,0.0128,0.3776,1.6328,0,1.0000,-511,1,11.4806,-0.4097,-16.8832,0.4879,164.9761,0.000,0.000,0.912,0.0000,0.0000,0
2026-05-06,14:08:25,545,1,-4.0880,0.0084,0.0117,0.3439,1.6328,0,1.0000,-511,1,11.3996,-1.3989,-16.8012,1.0489,165.4381,0.000,0.000,0.909,0.0000,0.0000,0
2026-05-06,14:08:25,545,1,-4.0880,0.0065,0.0112,0.3287,1.6327,0,1.0000,-511,1,11.3493,-1.5687,-16.7202,1.4987,165.7524,0.000,0.000,0.906,0.0000,0.0000,0
2026-05-06,14:08:25,546,1,-4.0880,-0.0011,0.0118,0.3466,1.6327,0,1.0000,-511,1,11.2505,-1.9833,-16.5726,2.3992,166.1531,0.000,0.000,0.903,0.0000,0.0000,0
2026-05-06,14:08:25,546,1,-4.0880,-0.0124,0.0133,0.3915,1.6328,0,1.0000,-511,1,11.3274,0.5540,-16.4715,2.6022,166.4271,0.000,0.000,0.901,0.0000,0.0000,0
2026-05-06,14:08:25,549,1,-4.0880,0.0018,0.0118,0.3484,1.6327,0,1.0000,-511,1,11.3579,0.6321,-16.4004,2.4418,166.6839,0.000,0.000,0.898,0.0000,0.0000,0
2026-05-06,14:08:25,550,1,-4.0880,0.0061,0.0122,0.3592,1.6327,0,1.0000,-511,1,11.3005,-0.6997,-16.3388,2.0859,167.0068,0.000,0.000,0.895,0.0000,0.0000,0
2026-05-06,14:08:25,550,1,0.0000,0.0066,0.0087,0.2559,1.6327,0,1.0000,0,1,11.1984,-2.2500,-16.2920,1.6803,167.3052,0.000,0.000,0.892,0.0000,0.0000,0
2026-05-06,14:08:25,551,1,0.0000,0.0029,0.0089,0.2624,1.6326,0,1.0000,0,1,11.0701,-2.4967,-16.2631,1.3031,167.5864,0.000,0.000,0.889,0.0000,0.0000,0
2026-05-06,14:08:25,552,1,0.0000,-0.0024,0.0097,0.2862,1.6326,0,1.0000,0,1,11.1201,0.5106,-16.2150,1.2290,167.8399,0.000,0.000,0.886,0.0000,0.0000,0
2026-05-06,14:08:25,553,1,0.0000,0.0028,0.0101,0.2968,1.6327,0,1.0000,0,1,11.4036,5.2032,-16.1622,1.2618,168.0644,0.000,0.000,0.882,0.0000,0.0000,0
2026-05-06,14:08:25,554,1,0.0000,-0.0133,0.0107,0.3161,1.6327,0,1.0000,0,1,11.6761,7.0345,-16.1713,0.7643,168.2025,0.000,0.000,0.880,0.0000,0.0000,0
2026-05-06,14:08:25,561,1,0.0000,-0.0129,0.0129,0.3807,1.6328,0,1.0000,0,1,12.0091,7.3454,-16.2375,-0.1962,168.3493,0.000,0.000,0.877,0.0000,0.0000,0
2026-05-06,14:08:25,563,1,0.0000,-0.0066,0.0133,0.3915,1.6328,0,1.0000,0,1,12.0728,4.0431,-16.3720,-1.4754,168.4502,0.000,0.000,0.874,0.0000,0.0000,0
2026-05-06,14:08:25,564,1,0.0000,-0.0072,0.0149,0.4393,1.6329,0,1.0000,0,1,12.0207,0.8187,-16.5096,-2.3326,168.5750,0.000,0.000,0.872,0.0000,0.0000,0
2026-05-06,14:08:25,565,1,0.0000,-0.0104,0.0155,0.4571,1.6329,0,1.0000,0,1,11.9672,-0.4336,-16.5802,-2.0095,168.7428,0.000,0.000,0.869,0.0000,0.0000,0
2026-05-06,14:08:25,565,1,0.0000,-0.0067,0.0164,0.4835,1.6330,0,1.0000,0,1,11.9844,0.0844,-16.5677,-1.2276,168.8617,0.000,0.000,0.866,0.0000,0.0000,0
2026-05-06,14:08:25,566,1,0.0000,-0.0093,0.0178,0.5243,1.6330,0,1.0000,0,1,11.9408,-0.7760,-16.5178,-0.3772,168.9829,0.000,0.000,0.864,0.0000,0.0000,0
2026-05-06,14:08:25,566,1,0.0000,-0.0041,0.0169,0.4983,1.6330,0,1.0000,0,1,11.8362,-2.0851,-16.4561,0.4784,169.1257,0.000,0.000,0.861,0.0000,0.0000,0
2026-05-06,14:08:25,570,1,0.0000,0.0077,0.0171,0.5041,1.6330,0,1.0000,0,1,11.7532,-2.2375,-16.3887,0.9540,169.2546,0.000,0.000,0.858,0.0000,0.0000,0
2026-05-06,14:08:25,571,1,0.0000,0.0062,0.0162,0.4767,1.6330,0,1.0000,0,1,11.6410,-2.7771,-16.3310,1.2143,169.3583,0.000,0.000,0.855,0.0000,0.0000,0
2026-05-06,14:08:25,572,1,0.0000,0.0095,0.0159,0.4669,1.6329,0,1.0000,0,1,11.5334,-2.8140,-16.2389,1.7002,169.4830,0.000,0.000,0.852,0.0000,0.0000,0
2026-05-06,14:08:25,573,1,0.0000,0.0108,0.0143,0.4203,1.6329,0,1.0000,0,1,11.3964,-3.5218,-16.2059,1.4836,169.5575,0.000,0.000,0.850,0.0000,0.0000,0
2026-05-06,14:08:25,574,1,0.0000,-0.0096,0.0158,0.4645,1.6329,0,1.0000,0,1,11.3606,-1.9045,-16.1308,1.7504,169.6344,0.000,0.000,0.847,0.0000,0.0000,0
2026-05-06,14:08:26,1443,1,0.0000,0.0039,0.0146,0.4298,1.6329,0,1.0000,0,0,11.4863,1.3587,-16.0628,1.6412,169.7293,0.000,0.000,0.844,0.0000,0.0000,0
2026-05-06,14:08:26,1444,1,0.0000,-0.0172,0.0151,0.4442,1.6329,0,1.0000,0,0,11.5828,2.4819,-16.0506,1.2346,169.8001,0.000,0.000,0.842,0.0000,0.0000,0
2026-05-06,14:08:26,1445,1,0.0000,0.0039,0.0153,0.4492,1.6330,0,1.0000,0,0,11.9224,6.5529,-15.9907,1.3516,169.8792,0.000,0.000,0.838,0.0000,0.0000,0
2026-05-06,14:08:26,1446,1,0.0000,-0.0261,0.0180,0.5308,1.6331,0,1.0000,0,0,12.1544,6.1575,-15.9341,1.4067,169.9278,0.000,0.000,0.835,0.0000,0.0000,0
2026-05-06,14:08:26,1447,1,0.0000,-0.0258,0.0221,0.6495,1.6333,0,1.0000,0,0,12.1189,0.9540,-15.9278,0.8322,169.9838,0.000,0.000,0.832,0.0000,0.0000,0
2026-05-06,14:08:26,1447,1,0.0000,-0.0107,0.0247,0.7262,1.6334,0,1.0000,0,0,12.0253,-1.2669,-15.9511,0.3428,170.0144,0.000,0.000,0.830,0.0000,0.0000,0
2026-05-06,14:08:26,1449,1,0.0000,-0.0054,0.0264,0.7755,1.6335,0,1.0000,0,0,11.9196,-2.5862,-15.9073,0.8343,170.0686,0.000,0.000,0.826,0.0000,0.0000,0
2026-05-06,14:08:26,1450,1,0.0000,-0.0162,0.0269,0.7911,1.6335,0,1.0000,0,0,11.7672,-3.7375,-15.7678,1.9166,170.1522,0.000,0.000,0.823,0.0000,0.0000,0
2026-05-06,14:08:26,1451,1,0.0000,0.0234,0.0204,0.6013,1.6333,0,1.0000,0,0,11.5983,-3.7372,-15.5576,3.0750,170.2070,0.000,0.000,0.820,0.0000,0.0000,0
2026-05-06,14:08:26,1452,1,0.0000,0.0152,0.0206,0.6062,1.6332,0,1.0000,0,0,11.3678,-5.5921,-15.4188,3.4263,170.2464,0.000,0.000,0.818,0.0000,0.0000,0
2026-05-06,14:08:26,1453,1,0.0000,0.0038,0.0210,0.6171,1.6332,0,1.0000,0,0,11.3544,-1.6713,-15.2065,4.3495,170.2931,0.000,0.000,0.814,0.0000,0.0000,0
2026-05-06,14:08:26,1455,1,1.3920,1.1231,0.0524,1.5405,1.4709,0,1.0000,174,1,10.4444,0.1212,-20.6335,-9.8108,171.1259,0.000,0.000,1.000,0.0000,0.0000,0
2026-05-06,14:08:26,1456,1,1.6560,1.3919,0.0472,1.3869,1.4612,0,1.0000,207,1,10.4643,0.5311,-20.7080,-7.0847,171.1407,0.000,0.000,1.000,0.0000,0.0000,0
2026-05-06,14:08:26,1457,1,1.6880,1.8123,0.0475,1.3977,1.4491,0,1.0000,211,1,10.4184,-0.2990,-20.6615,-4.3676,171.1906,0.000,0.000,1.000,0.0000,0.0000,0
2026-05-06,14:08:26,1457,1,1.6960,1.7665,0.0526,1.5470,1.4368,0,1.0000,212,1,10.4715,0.7946,-20.4829,-1.2706,171.2354,0.000,0.000,1.000,0.0000,0.0000,0
2026-05-06,14:08:26,1460,1,1.6960,1.5866,0.0614,1.8050,1.4231,0,1.0000,212,1,10.3296,-2.1357,-20.2023,2.3217,171.2138,0.000,0.000,1.000,0.0000,0.0000,0
2026-05-06,14:08:26,1463,1,1.6960,1.6458,0.0578,1.6995,1.4112,0,1.0000,212,1,10.4049,0.7378,-19.9649,3.7690,171.1924,0.000,0.000,0.998,0.0000,0.0000,0
2026-05-06,14:08:26,1463,1,1.6880,1.6449,0.0502,1.4763,1.3952,0,1.0000,211,1,10.3556,-0.5007,-19.6470,5.2639,171.1753,0.000,0.000,0.995,0.0000,0.0000,0
2026-05-06,14:08:26,1464,1,1.6880,1.5181,0.0628,1.8462,1.3830,0,1.0000,211,1,10.3344,-0.6490,-19.3184,6.5974,171.1688,0.000,0.000,0.993,0.0000,0.0000,0
2026-05-06,14:08:26,1465,1,1.6880,1.8280,0.0363,1.0690,1.3701,0,1.0000,211,1,10.3931,0.5291,-18.9889,7.5902,171.1759,0.000,0.000,0.990,0.0000,0.0000,0
2026-05-06,14:08:26,1465,1,1.6960,1.7649,0.0373,1.0984,1.3548,0,1.0000,212,1,10.3653,1.4057,-18.4278,10.8676,171.1494,0.000,0.000,0.987,0.0000,0.0000,0
2026-05-06,14:08:26,1466,1,1.6960,1.7938,0.0369,1.0861,1.3389,0,1.0000,212,1,10.5567,3.7794,-17.9645,11.0293,171.2032,0.000,0.000,0.984,0.0000,0.0000,0
2026-05-06,14:08:26,1467,1,1.6960,1.7906,0.0450,1.3238,1.3264,0,1.0000,212,1,10.4962,0.5303,-17.6791,10.2674,171.2116,0.000,0.000,0.982,0.0000,0.0000,0
2026-05-06,14:08:26,1467,1,1.6880,1.7731,0.0441,1.2976,1.3138,0,1.0000,211,1,10.5427,0.6063,-17.4850,8.2420,171.2341,0.000,0.000,0.978,0.0000,0.0000,0
2026-05-06,14:08:26,1468,1,1.6880,1.8445,0.0327,0.9607,1.3096,0,1.0000,211,1,10.4858,0.1523,-17.2674,7.8084,171.2862,0.000,0.000,0.978,0.0000,0.0000,0
2026-05-06,14:08:26,1469,1,1.6960,1.7889,0.0396,1.1656,1.2824,0,1.0000,212,1,10.4800,-0.7531,-17.2373,2.9508,171.2858,0.000,0.000,0.975,0.0000,0.0000,0
2026-05-06,14:08:26,1477,1,1.6960,1.6396,0.0458,1.3469,1.2711,0,1.0000,212,1,10.4073,-3.0202,-17.6280,-5.9962,171.1944,0.000,0.000,0.973,0.0000,0.0000,0
2026-05-06,14:08:27,2466,1,1.6960,1.5678,0.0504,1.4820,1.2589,0,1.0000,212,1,10.4575,-0.2431,-17.7929,-5.7491,171.1974,0.000,0.000,0.970,0.0000,0.0000,0
2026-05-06,14:08:27,2467,1,1.6960,1.6120,0.0410,1.2053,1.2433,0,1.0000,212,1,10.4916,2.1474,-18.1742,-7.4824,171.1377,0.000,0.000,0.967,0.0000,0.0000,0
2026-05-06,14:08:27,2468,1,1.6880,1.7009,0.0332,0.9769,1.2316,0,1.0000,211,1,10.5675,2.2891,-18.2569,-6.0162,171.1225,0.000,0.000,0.965,0.0000,0.0000,0
2026-05-06,14:08:27,2469,1,1.6880,1.8590,0.0319,0.9374,1.2187,0,1.0000,211,1,10.6187,1.7501,-18.2014,-3.5138,171.1319,0.000,0.000,0.962,0.0000,0.0000,0
2026-05-06,14:08:27,2469,1,1.6880,1.7888,0.0340,0.9985,1.2041,0,1.0000,211,1,10.6797,1.8802,-18.0960,-0.8226,171.1052,0.000,0.000,0.959,0.0000,0.0000,0
2026-05-06,14:08:27,2470,1,1.6880,1.8227,0.0313,0.9212,1.1888,0,1.0000,211,1,10.6749,0.8711,-17.8614,1.8736,171.1148,0.000,0.000,0.956,0.0000,0.0000,0
2026-05-06,14:08:27,2472,1,1.6880,1.7337,0.0333,0.9793,1.1767,0,1.0000,211,1,10.6866,0.6970,-17.5836,3.9983,171.0689,0.000,0.000,0.954,0.0000,0.0000,0
2026-05-06,14:08:27,2473,1,1.6880,1.7904,0.0318,0.9341,1.1616,0,1.0000,211,1,10.7544,1.3702,-17.2347,5.6845,171.0573,0.000,0.000,0.950,0.0000,0.0000,0
2026-05-06,14:08:27,2474,1,1.6880,1.6322,0.0407,1.1971,1.1489,0,1.0000,211,1,10.7324,0.0961,-16.9803,6.1640,171.0689,0.000,0.000,0.948,0.0000,0.0000,0
2026-05-06,14:08:27,2475,1,1.6880,1.5411,0.0462,1.3590,1.1369,0,1.0000,211,1,10.6371,-1.3490,-16.7901,6.0167,171.0816,0.000,0.000,0.946,0.0000,0.0000,0
2026-05-06,14:08:27,2476,1,1.6880,1.5971,0.0378,1.1110,1.1219,0,1.0000,211,1,10.6947,0.2686,-16.6230,5.2442,171.0967,0.000,0.000,0.942,0.0000,0.0000,0
2026-05-06,14:08:27,2477,1,1.6880,1.6634,0.0349,1.0255,1.1096,0,1.0000,211,1,10.6927,-0.3286,-16.5630,4.1342,171.0887,0.000,0.000,0.940,0.0000,0.0000,0
2026-05-06,14:08:27,2479,1,1.6880,1.5258,0.0465,1.3664,1.1064,0,1.0000,211,1,10.6246,-0.5938,-16.4628,3.8834,171.1109,0.000,0.000,0.939,0.0000,0.0000,0
2026-05-06,14:08:27,2479,1,1.6880,1.5887,0.0412,1.2126,1.0764,0,1.0000,211,1,10.7284,1.0086,-16.5139,2.1553,171.1151,0.000,0.000,0.937,0.0000,0.0000,0
2026-05-06,14:08:27,2480,1,1.6880,1.6471,0.0339,0.9976,1.0627,0,1.0000,211,1,10.7945,1.3274,-16.6246,0.5221,171.1193,0.000,0.000,0.934,0.0000,0.0000,0
2026-05-06,14:08:27,2480,1,1.6880,1.7022,0.0282,0.8303,1.0485,0,1.0000,211,1,10.7702,0.1834,-16.7778,-0.8878,171.0861,0.000,0.000,0.932,0.0000,0.0000,0
2026-05-06,14:08:27,2481,1,1.6960,1.8388,0.0177,0.5216,1.0343,0,1.0000,212,1,10.6432,-1.8052,-16.9247,-1.8229,171.0728,0.000,0.000,0.930,0.0000,0.0000,0
2026-05-06,14:08:27,2483,1,1.6880,1.7356,0.0210,0.6180,1.0183,0,1.0000,211,1,10.6430,0.7479,-17.0212,-1.3923,171.0510,0.000,0.000,0.926,0.0000,0.0000,0
2026-05-06,14:08:27,2484,1,1.6880,1.8539,0.0141,0.4144,1.0048,0,1.0000,211,1,10.5930,-0.4256,-16.9236,-0.0881,171.0604,0.000,0.000,0.924,0.0000,0.0000,0
2026-05-06,14:08:27,2484,1,1.6880,1.7877,0.0250,0.7340,0.9904,0,1.0000,211,1,10.5901,0.4197,-16.8087,0.9652,171.0498,0.000,0.000,0.922,0.0000,0.0000,0
2026-05-06,14:08:27,2485,1,1.6880,1.7941,0.0197,0.5788,0.9775,0,1.0000,211,1,10.5986,0.3622,-16.5715,2.5640,171.0221,0.000,0.000,0.919,0.0000,0.0000,0
2026-05-06,14:08:27,2486,1,1.6880,1.7226,0.0217,0.6372,0.9629,0,1.0000,211,1,10.5881,0.0372,-16.3500,3.5653,171.0153,0.000,0.000,0.917,0.0000,0.0000,0
2026-05-06,14:08:27,2486,1,1.6880,1.6635,0.0333,0.9792,0.9505,0,1.0000,211,1,10.6365,0.6754,-16.0382,7.1903,170.9966,0.000,0.000,0.914,0.0000,0.0000,0
2026-05-06,14:08:27,2487,1,1.6880,1.6845,0.0262,0.7708,0.9345,0,1.0000,211,1,10.8465,3.5116,-15.6987,7.7481,171.0069,0.000,0.000,0.911,0.0000,0.0000,0
2026-05-06,14:08:27,2488,1,1.6880,1.6851,0.0303,0.8922,0.9190,0,1.0000,211,1,10.8174,0.6740,-15.5279,6.2823,170.9814,0.000,0.000,0.908,0.0000,0.0000,0
2026-05-06,14:08:27,2489,1,1.6880,1.5763,0.0248,0.7301,0.9073,0,1.0000,211,1,10.9147,2.3970,-15.4144,5.3702,170.9791,0.000,0.000,0.906,0.0000,0.0000,0
2026-05-06,14:08:27,2489,1,1.6880,1.6067,0.0272,0.8008,0.8944,0,1.0000,211,1,10.9894,2.1053,-15.3860,3.8880,170.9867,0.000,0.000,0.903,0.0000,0.0000,0
2026-05-06,14:08:28,3012,1,1.6880,1.8252,0.0147,0.4323,0.8819,0,1.0000,211,1,11.0221,1.4680,-15.4286,2.2395,170.9886,0.000,0.000,0.901,0.0000,0.0000,0
2026-05-06,14:08:28,3013,1,1.6880,1.7686,0.0164,0.4818,0.8672,0,1.0000,211,1,11.1988,4.0897,-15.5855,-0.2596,170.9953,0.000,0.000,0.898,0.0000,0.0000,0
2026-05-06,14:08:28,3014,1,1.6880,1.8353,0.0165,0.4849,0.8534,0,1.0000,211,1,11.2768,3.0198,-15.8006,-2.4562,170.9812,0.000,0.000,0.894,0.0000,0.0000,0
2026-05-06,14:08:28,3015,1,1.6880,1.6697,0.0235,0.6905,0.8421,0,1.0000,211,1,11.3441,2.5401,-15.9522,-3.0491,170.9903,0.000,0.000,0.892,0.0000,0.0000,0
2026-05-06,14:08:28,3016,1,1.6880,1.6077,0.0295,0.8691,0.8297,0,1.0000,211,1,11.2536,-0.4648,-16.1208,-3.6390,170.9779,0.000,0.000,0.890,0.0000,0.0000,0
2026-05-06,14:08:28,3017,1,1.6880,1.6100,0.0277,0.8139,0.8137,0,1.0000,211,1,11.3937,2.0929,-16.3157,-3.9330,170.9793,0.000,0.000,0.886,0.0000,0.0000,0
2026-05-06,14:08:28,3017,1,1.6880,1.6062,0.0300,0.8837,0.7985,0,1.0000,211,1,11.4812,1.7645,-16.4191,-3.4129,170.9790,0.000,0.000,0.883,0.0000,0.0000,0
2026-05-06,14:08:28,3018,1,1.6880,1.6213,0.0210,0.6180,0.7862,0,1.0000,211,0,11.3512,0.3307,-16.4300,-2.5901,170.9629,0.000,0.000,0.881,0.0000,0.0000,0
2026-05-06,14:08:28,3018,1,1.6880,1.7716,0.0109,0.3194,0.7590,0,1.0000,211,0,11.3397,0.0114,-16.3421,-0.9459,170.9466,0.000,0.000,0.878,0.0000,0.0000,0
2026-05-06,14:08:28,3021,1,1.6880,1.7489,0.0124,0.3648,0.7449,0,1.0000,211,0,11.4176,1.1449,-16.1297,1.6715,170.9460,0.000,0.000,0.875,0.0000,0.0000,0
2026-05-06,14:08:28,3022,1,1.6880,1.8251,0.0124,0.3656,0.7334,0,1.0000,211,0,11.5067,2.2503,-15.9484,2.9161,170.9353,0.000,0.000,0.873,0.0000,0.0000,0
2026-05-06,14:08:28,3022,1,1.6880,1.6734,0.0241,0.7082,0.7210,0,1.0000,211,0,11.6569,3.3669,-15.7075,4.1825,170.9556,0.000,0.000,0.870,0.0000,0.0000,0
2026-05-06,14:08:28,3023,1,1.6880,1.5723,0.0288,0.8475,0.7087,0,1.0000,211,0,11.6926,1.8949,-15.5329,4.4067,170.9610,0.000,0.000,0.868,0.0000,0.0000,0
2026-05-06,14:08:28,3025,1,1.6880,1.6194,0.0191,0.5611,0.6960,0,1.0000,211,0,11.6948,0.7679,-15.4284,4.0041,170.9645,0.000,0.000,0.866,0.0000,0.0000,0
2026-05-06,14:08:28,3032,1,1.6880,1.6814,0.0187,0.5495,0.6826,0,1.0000,211,0,11.7799,1.4016,-15.3082,3.7508,170.9667,0.000,0.000,0.862,0.0000,0.0000,0
2026-05-06,14:08:28,3033,1,1.6880,1.8367,0.0165,0.4858,0.6701,0,1.0000,211,0,11.8356,1.4773,-15.2334,3.2200,170.9896,0.000,0.000,0.860,0.0000,0.0000,0
2026-05-06,14:08:28,3034,1,1.6880,1.8076,0.0130,0.3810,0.6539,0,1.0000,211,0,12.0191,3.0998,-15.2682,1.5652,170.9452,0.000,0.000,0.857,0.0000,0.0000,0
2026-05-06,14:08:28,3035,1,1.6880,1.7687,0.0166,0.4893,0.6422,0,1.0000,211,0,12.0711,2.1828,-15.3623,0.1754,170.9483,0.000,0.000,0.854,0.0000,0.0000,0
2026-05-06,14:08:28,3039,1,1.6880,1.6155,0.0288,0.8457,0.6299,0,1.0000,211,0,12.0935,1.1969,-15.4504,-0.7278,170.9412,0.000,0.000,0.852,0.0000,0.0000,0
2026-05-06,14:08:28,3040,1,1.6880,1.5505,0.0291,0.8556,0.6182,0,1.0000,211,0,12.1425,1.5364,-15.5199,-1.0337,170.9636,0.000,0.000,0.850,0.0000,0.0000,0
2026-05-06,14:08:28,3041,1,1.6880,1.5011,0.0335,0.9867,0.5887,0,1.0000,211,0,12.2120,1.6855,-15.6719,-2.2856,170.9626,0.000,0.000,0.847,0.0000,0.0000,0
2026-05-06,14:08:28,3041,1,1.6480,1.8053,0.0088,0.2590,0.5763,0,1.0000,206,1,12.4199,4.4323,-15.7452,-2.4290,170.9363,0.000,0.000,0.845,0.0000,0.0000,0
2026-05-06,14:08:28,3042,1,1.6480,1.7427,0.0122,0.3578,0.5650,0,1.0000,206,1,12.5139,3.6762,-15.6720,-0.9365,170.9334,0.000,0.000,0.842,0.0000,0.0000,0
2026-05-06,14:08:28,3044,1,1.6480,1.6370,0.0291,0.8573,0.5530,0,1.0000,206,1,12.6644,3.5495,-15.5329,0.6573,170.9376,0.000,0.000,0.840,0.0000,0.0000,0
2026-05-06,14:08:28,3045,1,1.6480,1.5499,0.0268,0.7870,0.5415,0,1.0000,206,1,12.6780,1.9261,-15.3487,2.2797,170.9235,0.000,0.000,0.838,0.0000,0.0000,0
2026-05-06,14:08:28,3046,1,1.6480,1.4854,0.0341,1.0027,0.5280,0,1.0000,206,1,12.7572,1.6033,-15.1055,3.8844,170.9344,0.000,0.000,0.834,0.0000,0.0000,0
2026-05-06,14:08:28,3047,1,1.6480,1.5681,0.0248,0.7296,0.5123,0,1.0000,206,1,12.8909,1.9260,-14.8714,4.6136,170.9319,0.000,0.000,0.831,0.0000,0.0000,0
2026-05-06,14:08:28,3574,1,1.6480,1.7048,0.0099,0.2924,0.4999,0,1.0000,206,1,12.8232,-0.2429,-14.6357,5.3744,170.9202,0.000,0.000,0.829,0.0000,0.0000,0
2026-05-06,14:08:28,3575,1,1.6480,1.8326,0.0062,0.1827,0.4854,0,1.0000,206,1,12.9342,2.0962,-14.3551,6.1219,170.9399,0.000,0.000,0.826,0.0000,0.0000,0
2026-05-06,14:08:28,3575,1,1.6480,1.6680,0.0200,0.5890,0.4735,0,1.0000,206,1,12.9064,0.4555,-14.3396,4.2807,170.9487,0.000,0.000,0.823,0.0000,0.0000,0
2026-05-06,14:08:28,3576,1,1.6480,1.6862,0.0279,0.8197,0.4616,0,1.0000,206,1,12.8607,-0.4247,-14.3376,2.9300,170.9357,0.000,0.000,0.821,0.0000,0.0000,0
2026-05-06,14:08:28,3576,1,1.6480,1.5408,0.0256,0.7542,0.4469,0,1.0000,206,1,12.9134,0.4679,-14.3924,1.2043,170.9365,0.000,0.000,0.818,0.0000,0.0000,0
2026-05-06,14:08:28,3577,1,1.6400,1.4600,0.0429,1.2619,0.4326,0,1.0000,205,1,13.0304,2.8850,-14.5517,-0.7588,170.9359,0.000,0.000,0.814,0.0000,0.0000,0
2026-05-06,14:08:28,3579,1,1.6400,1.6429,0.0287,0.8441,0.4223,0,1.0000,205,1,13.4448,4.7164,-14.6311,-1.7264,170.9624,0.000,0.000,0.812,0.0000,0.0000,0
2026-05-06,14:08:28,3580,1,1.6400,1.6052,0.0322,0.9480,0.4019,0,1.0000,205,1,13.4588,2.8259,-14.8021,-2.5662,170.9861,0.000,0.000,0.810,0.0000,0.0000,0
2026-05-06,14:08:28,3581,1,1.6400,1.6359,0.0348,1.0228,0.3843,0,1.0000,205,1,13.4647,-0.4298,-15.1181,-5.8879,170.9841,0.000,0.000,0.807,0.0000,0.0000,0
2026-05-06,14:08:28,3581,1,1.6400,1.5701,0.0357,1.0503,0.3729,0,1.0000,205,1,13.4448,-0.0275,-15.1765,-4.5383,170.9726,0.000,0.000,0.805,0.0000,0.0000,0
2026-05-06,14:08:28,3582,1,1.6240,1.5334,0.0209,0.6144,0.3572,0,1.0000,203,1,13.3522,-3.5186,-15.1579,-2.2048,170.9836,0.000,0.000,0.802,0.0000,0.0000,0
2026-05-06,14:08:28,3582,1,1.6320,1.4874,0.0287,0.8447,0.3451,0,1.0000,204,1,13.0132,-7.1674,-15.1205,-1.1472,170.9803,0.000,0.000,0.799,0.0000,0.0000,0
2026-05-06,14:08:28,3583,1,1.6400,1.7207,0.0151,0.4446,0.3328,0,1.0000,205,1,13.0311,-2.1065,-15.0283,0.1923,170.9738,0.000,0.000,0.797,0.0000,0.0000,0
2026-05-06,14:08:28,3584,1,1.6400,1.6362,0.0377,1.1086,0.3193,0,1.0000,205,1,13.0994,1.2700,-14.7627,3.0550,170.9572,0.000,0.000,0.794,0.0000,0.0000,0
2026-05-06,14:08:28,3585,1,1.6400,1.5974,0.0537,1.5792,0.3094,0,1.0000,205,1,13.3077,3.8908,-14.4906,4.7189,170.9408,0.000,0.000,0.791,0.0000,0.0000,0
2026-05-06,14:08:28,3585,1,1.6320,1.6758,0.0207,0.6099,0.2960,0,1.0000,204,1,13.4659,5.0948,-14.2741,5.2479,170.9276,0.000,0.000,0.789,0.0000,0.0000,0
2026-05-06,14:08:28,3586,1,1.6240,1.4629,0.0406,1.1947,0.2817,0,1.0000,203,1,13.3756,-1.2832,-14.1678,4.2243,170.9146,0.000,0.000,0.786,0.0000,0.0000,0
2026-05-06,14:08:28,3586,1,1.6240,1.4067,0.0539,1.5856,0.2689,0,1.0000,203,1,13.4029,0.5019,-14.1286,2.9069,170.9066,0.000,0.000,0.782,0.0000,0.0000,0
2026-05-06,14:08:28,3587,1,1.6240,1.6506,0.0569,1.6740,0.2578,0,1.0000,203,1,13.6032,3.5544,-14.1989,1.3075,170.8952,0.000,0.000,0.780,0.0000,0.0000,0
2026-05-06,14:08:28,3588,1,1.6240,1.7271,0.0600,1.7660,0.2436,0,1.0000,203,1,13.7875,5.8997,-14.3706,-1.0005,170.8508,0.000,0.000,0.777,0.0000,0.0000,0
2026-05-06,14:08:28,3589,1,1.6240,1.8081,0.0348,1.0231,0.2286,0,1.0000,203,1,13.6378,0.0860,-14.4796,-1.7192,170.8449,0.000,0.000,0.774,0.0000,0.0000,0
2026-05-06,14:08:28,3590,1,1.6240,1.7017,0.0384,1.1294,0.2254,0,1.0000,203,1,13.4867,-0.7563,-14.5147,-1.6044,170.8530,0.000,0.000,0.773,0.0000,0.0000,0
2026-05-06,14:08:28,3591,1,1.6240,1.6836,0.0151,0.4442,0.1973,0,1.0000,203,1,13.4500,0.0580,-14.5900,-2.0482,170.8422,0.000,0.000,0.770,0.0000,0.0000,0
2026-05-06,14:08:28,3624,1,1.6240,1.5956,0.0243,0.7141,0.1844,0,1.0000,203,1,14.0439,20.3558,-14.7146,-3.6843,170.7951,0.000,0.000,0.767,0.0000,0.0000,0
2026-05-06,14:08:29,3660,1,1.6240,1.4921,0.0474,1.3932,0.1732,0,1.0000,203,1,14.4575,14.5013,-14.8943,-4.8826,170.6681,0.000,0.000,0.764,0.0000,0.0000,0
2026-05-06,14:08:29,3696,1,1.6240,1.3817,0.0786,2.3119,0.1618,0,1.0000,203,1,15.5844,28.1385,-15.0575,-5.0078,170.6098,0.000,0.000,0.761,0.0000,0.0000,0
2026-05-06,14:08:29,4230,1,1.6240,1.5640,0.0755,2.2213,0.1479,0,1.0000,203,1,16.2005,16.5035,-15.3145,-5.5359,170.5273,0.000,0.000,0.758,0.0000,0.0000,0
2026-05-06,14:08:29,4231,1,1.6240,1.6404,0.0844,2.4831,0.1365,0,1.0000,203,1,15.5620,-3.9058,-15.6547,-6.8676,170.4915,0.000,0.000,0.755,0.0000,0.0000,0
2026-05-06,14:08:29,4231,1,1.6160,1.6666,0.0831,2.4453,0.1246,0,1.0000,202,1,15.1102,-8.9356,-15.8506,-6.4749,170.5010,0.000,0.000,0.753,0.0000,0.0000,0
2026-05-06,14:08:29,4232,1,1.6160,1.6744,0.0796,2.3420,0.1118,0,1.0000,202,1,15.2857,1.2287,-15.7621,-2.7963,170.5237,0.000,0.000,0.750,0.0000,0.0000,0
2026-05-06,14:08:29,4232,1,1.6080,1.5784,0.0797,2.3444,0.1014,0,1.0000,201,1,15.6450,6.6420,-15.5637,0.0740,170.5631,0.000,0.000,0.747,0.0000,0.0000,0
2026-05-06,14:08:29,4233,1,1.6080,1.6521,0.0644,1.8952,0.0888,0,1.0000,201,1,15.4850,-0.9864,-15.5371,0.2482,170.5199,0.000,0.000,0.745,0.0000,0.0000,0
2026-05-06,14:08:29,4235,1,1.6160,1.6357,0.0623,1.8333,0.0743,0,1.0000,202,1,15.2425,-2.8644,-15.5949,-0.5369,170.4478,0.000,0.000,0.742,0.0000,0.0000,0
2026-05-06,14:08:29,4236,1,1.6080,1.6316,0.0629,1.8502,0.0641,0,1.0000,201,1,15.3225,0.9928,-15.7991,-2.4176,170.3576,0.000,0.000,0.739,0.0000,0.0000,0
2026-05-06,14:08:29,4236,1,1.6080,1.5427,0.0728,2.1403,0.0522,0,1.0000,201,1,15.6508,6.3051,-16.1930,-5.2178,170.2270,0.000,0.000,0.737,0.0000,0.0000,0
2026-05-06,14:08:29,4237,1,1.6080,1.4140,0.1026,3.0185,0.0392,0,1.0000,201,1,16.2828,11.0936,-16.5409,-6.4047,170.3002,0.000,0.000,0.734,0.0000,0.0000,0
2026-05-06,14:08:29,4238,1,1.6080,1.5493,0.1107,3.2551,0.0293,0,1.0000,201,1,16.2546,3.7695,-16.6627,-5.5889,170.3735,0.000,0.000,0.731,0.0000,0.0000,0
2026-05-06,14:08:29,4238,1,1.6080,1.5738,0.1161,3.4146,0.0185,0,1.0000,201,1,15.9157,-4.1480,-17.0098,-7.2194,170.3067,0.000,0.000,0.729,0.0000,0.0000,0
2026-05-06,14:08:29,4239,1,1.6000,1.5688,0.1208,3.5540,0.0067,0,1.0000,200,1,15.8489,-4.0465,-17.9499,-17.2356,170.1858,0.000,0.000,0.726,0.0000,0.0000,0
2026-05-06,14:08:29,4240,1,1.5920,1.6435,0.1176,3.4595,0.0037,0,1.0000,199,1,16.5940,0.6904,-18.6645,-16.8823,170.0975,0.000,0.000,0.726,0.0000,0.0000,0
2026-05-06,14:08:29,4243,1,1.5920,0.8584,0.0245,0.7217,-0.0221,0,1.0000,199,1,15.4456,-49.8846,-19.3822,-19.7773,170.1831,0.000,0.000,0.723,0.0000,0.0000,0
2026-05-06,14:08:29,4279,1,1.5920,0.0521,-0.0089,0.2622,-0.0259,0,1.0000,199,1,15.3902,22.4569,-20.6827,-33.7018,170.4549,0.000,0.000,0.720,0.0000,0.0000,0
2026-05-06,14:08:29,4315,1,1.5920,0.1329,-0.0025,0.0739,-0.0257,0,1.0000,199,1,12.5307,-108.6926,-21.5813,-27.3355,170.5044,0.000,0.000,0.717,0.0000,0.0000,0
2026-05-06,14:08:29,4358,1,1.5920,0.0951,0.0012,0.0355,-0.0256,0,1.0000,199,1,9.2392,-58.8429,-21.9806,-16.1854,170.5511,0.000,0.000,0.714,0.0000,0.0000,0
2026-05-06,14:08:29,4387,1,1.5760,0.0150,0.0027,0.0782,-0.0255,0,1.0000,197,1,8.5501,-27.2508,-22.1095,-6.7009,170.6094,0.000,0.000,0.710,0.0000,0.0000,0
2026-05-06,14:08:29,4423,1,1.5280,0.0025,0.0012,0.0356,-0.0255,0,1.0000,191,1,6.5253,-34.9328,-21.6640,8.4639,170.5997,0.000,0.000,0.707,0.0000,0.0000,0
2026-05-06,14:08:29,4459,1,1.4960,-0.0146,0.0014,0.0426,-0.0255,0,1.0000,187,1,8.0413,43.8870,-20.8601,19.2324,170.7260,0.000,0.000,0.704,0.0000,0.0000,0
2026-05-06,14:08:29,4498,1,1.4560,-0.0003,0.0013,0.0391,-0.0255,0,1.0000,182,1,8.4658,21.0530,-19.9937,23.6711,170.6991,0.000,0.000,0.701,0.0000,0.0000,0
2026-05-06,14:08:29,4533,1,1.4480,0.0154,0.0011,0.0319,-0.0255,0,1.0000,181,1,11.0669,83.0996,-19.0025,28.4007,170.7908,0.000,0.000,0.698,0.0000,0.0000,0
2026-05-06,14:08:29,4576,1,1.4080,0.0114,0.0014,0.0425,-0.0255,0,1.0000,176,1,12.5298,42.1551,-18.0467,28.7548,170.7509,0.000,0.000,0.694,0.0000,0.0000,0
2026-05-06,14:08:29,4609,1,1.3680,-0.0005,0.0008,0.0249,-0.0256,0,1.0000,171,1,14.5760,63.7791,-17.2734,24.7413,170.8221,0.000,0.000,0.691,0.0000,0.0000,0
2026-05-06,14:08:29,4645,1,1.1680,0.0113,-0.0004,0.0106,-0.0256,0,1.0000,146,1,15.7647,29.4727,-16.4721,24.4080,170.8201,0.000,0.000,0.688,0.0000,0.0000,0
2026-05-06,14:08:31,5679,1,0.2080,-0.0141,0.0066,0.1933,-0.0252,0,1.0000,26,1,19.4298,74.6258,-15.3755,25.3525,171.0774,0.000,0.000,0.685,0.0000,0.0000,0
2026-05-06,14:08:31,5680,1,0.0000,-0.0378,0.0099,0.2903,-0.0251,0,1.0000,0,1,24.5579,119.2462,-13.7774,32.3793,171.2275,0.000,0.000,0.682,0.0000,0.0000,0
2026-05-06,14:08:31,5681,1,0.0000,-0.0756,0.0284,0.8344,-0.0244,0,1.0000,0,1,27.6308,80.1208,-12.8601,27.7423,171.1164,0.000,0.000,0.679,0.0000,0.0000,0
2026-05-06,14:08:31,5685,1,0.0000,0.0249,0.0214,0.6282,-0.0244,0,1.0000,0,1,23.5442,-53.5072,-14.2553,1.6761,170.9550,0.000,0.000,0.676,0.0000,0.0000,0
2026-05-06,14:08:31,5686,1,0.0000,-0.0061,0.0225,0.6606,-0.0244,0,1.0000,0,1,18.3723,-94.9348,-16.4244,-19.1573,170.5848,0.000,0.000,0.673,0.0000,0.0000,0
2026-05-06,14:08:31,5687,1,0.0000,0.0339,0.0175,0.5143,-0.0246,0,1.0000,0,1,18.5274,-32.2185,-17.7189,-25.0128,170.3481,0.000,0.000,0.670,0.0000,0.0000,0
2026-05-06,14:08:31,5688,1,0.0000,0.0381,0.0102,0.2989,-0.0249,0,1.0000,0,1,20.9396,31.6279,-18.7073,-25.0869,170.3518,0.000,0.000,0.667,0.0000,0.0000,0
2026-05-06,14:08:31,5688,1,0.0000,-0.0151,0.0135,0.3961,-0.0249,0,1.0000,0,1,22.2024,34.0483,-19.2286,-21.9552,170.3990,0.000,0.000,0.665,0.0000,0.0000,0
2026-05-06,14:08:31,5689,1,0.0000,-0.0198,0.0151,0.4442,-0.0248,0,1.0000,0,1,22.3271,3.5712,-19.8958,-22.1398,170.4784,0.000,0.000,0.662,0.0000,0.0000,0
2026-05-06,14:08:31,5690,1,0.0000,-0.1026,0.0313,0.9201,-0.0242,0,1.0000,0,1,21.1148,-18.8193,-20.7871,-21.5800,170.5081,0.000,0.000,0.659,0.0000,0.0000,0
2026-05-06,14:08:31,5691,1,0.0000,-0.0424,0.0424,1.2458,-0.0234,0,1.0000,0,1,20.1714,-19.4132,-21.8911,-23.3256,170.5577,0.048,0.000,0.656,0.0000,0.0000,0
2026-05-06,14:08:31,5692,1,0.0000,-0.0452,0.0502,1.4775,-0.0230,0,1.0000,0,1,19.8323,-11.3735,-23.1587,-24.4655,170.6225,0.112,0.000,0.653,0.0000,0.0000,0
2026-05-06,14:08:31,5692,1,0.0000,-0.0410,0.0635,1.8683,-0.0223,0,1.0000,0,1,18.0684,-40.0598,-25.5950,-43.9898,170.6608,0.176,0.000,0.650,0.0000,0.0000,0
2026-05-06,14:08:31,5693,1,0.0000,-0.0655,0.0736,2.1645,-0.0218,0,1.0000,0,1,17.0377,-29.5431,-27.8090,-47.6013,170.7328,0.240,0.000,0.646,0.0000,0.0000,0
2026-05-06,14:08:31,5693,1,0.0000,-0.0561,0.0820,2.4104,-0.0214,0,1.0000,0,1,16.0284,-29.4877,-29.6582,-49.7479,170.7540,0.288,0.000,0.644,0.0000,0.0000,0
2026-05-06,14:08:31,5695,1,0.0000,-0.0334,0.0888,2.6125,-0.0210,0,1.0000,0,1,14.7919,-32.1633,-32.1768,-57.2908,170.7494,0.352,0.000,0.641,0.0000,0.0000,0
2026-05-06,14:08:31,5696,1,0.0000,-0.0244,0.0908,2.6705,-0.0208,0,1.0000,0,1,13.9649,-28.2766,-34.0801,-57.6219,170.7466,0.400,0.000,0.638,0.0000,0.0000,0
2026-05-06,14:08:31,5697,1,0.0000,-0.0201,0.0949,2.7923,-0.0206,0,1.0000,0,0,13.1501,-25.9689,-35.7589,-54.9785,170.7627,0.448,0.000,0.636,0.0000,0.0000,0
2026-05-06,14:08:31,5698,1,0.0000,-0.0047,0.0948,2.7879,-0.0205,0,1.0000,0,0,12.1166,-26.3192,-37.7037,-53.4378,170.7637,0.512,0.000,0.633,0.0000,0.0000,0
2026-05-06,14:08:31,5698,1,0.0000,-0.0135,0.0994,2.9237,-0.0204,0,1.0000,0,0,11.4636,-22.2315,-39.0229,-48.7959,170.7998,0.560,0.000,0.630,0.0000,0.0000,0
2026-05-06,14:08:31,5699,1,0.0000,-0.0278,0.1021,3.0016,-0.0202,0,1.0000,0,0,10.8327,-19.9648,-40.0970,-42.9812,170.8271,0.608,0.000,0.628,0.0000,0.0000,0
2026-05-06,14:08:31,5699,1,0.0000,-0.0315,0.1053,3.0979,-0.0200,0,1.0000,0,0,10.0001,-23.1962,-41.1162,-38.6609,170.8354,0.656,0.000,0.626,0.0000,0.0000,0
2026-05-06,14:08:31,5700,1,0.0000,-0.0708,0.1197,3.5191,-0.0195,0,1.0000,0,0,9.2477,-19.3128,-41.6767,-28.2238,170.8790,0.720,0.000,0.622,0.0000,0.0000,0
2026-05-06,14:08:31,5701,1,0.0000,-0.0675,0.1280,3.7654,-0.0189,0,1.0000,0,0,8.6906,-18.0504,-41.6688,-19.0579,170.9249,0.768,0.000,0.620,0.0000,0.0000,0
2026-05-06,14:08:31,5702,1,0.0000,-0.0754,0.1318,3.8773,-0.0187,0,1.0000,0,0,8.3585,-14.9230,-41.2885,-13.2484,170.9462,0.800,0.000,0.618,0.0000,0.0000,0
2026-05-06,14:08:31,5702,1,0.0000,0.0144,0.1380,4.0580,-0.0182,0,1.0000,0,0,8.1582,-11.3370,-41.1160,-9.2115,170.9451,0.832,0.000,0.617,0.0000,0.0000,0
2026-05-06,14:08:31,6199,1,0.0000,0.0058,0.1377,4.0494,-0.0182,0,1.0000,0,0,7.5057,-19.3141,-41.0331,-3.8156,170.9801,0.880,0.000,0.614,0.0000,0.0000,0
2026-05-06,14:08:31,6200,1,0.0000,0.0202,0.1354,3.9819,-0.0183,0,1.0000,0,0,7.1621,-14.0894,-41.0038,-2.3712,170.9542,0.928,0.000,0.612,0.0000,0.0000,0
2026-05-06,14:08:31,6201,1,0.0000,-0.0050,0.1384,4.0705,-0.0183,0,1.0000,0,0,6.8216,-11.6515,-40.9830,-1.4053,170.9424,0.976,0.000,0.610,0.0000,0.0000,0
2026-05-06,14:08:31,6201,1,0.0000,-0.0012,0.1381,4.0624,-0.0182,0,1.0000,0,0,6.5282,-10.0024,-40.8692,0.1064,170.8640,1.000,0.000,0.607,0.0000,0.0000,0
2026-05-06,14:08:31,6202,1,0.0000,0.0096,0.1378,4.0526,-0.0182,0,1.0000,0,0,5.9578,-14.4514,-40.8571,0.1724,170.7697,1.000,0.000,0.605,0.0000,0.0000,0
2026-05-06,14:08:31,6203,1,0.0000,-0.0013,0.1377,4.0494,-0.0183,0,1.0000,0,0,5.4210,-13.5825,-40.7183,1.5339,170.7003,1.000,0.000,0.602,0.0000,0.0000,0
2026-05-06,14:08:31,6203,1,0.0000,0.0033,0.1377,4.0494,-0.0182,0,1.0000,0,0,5.0149,-13.0482,-40.6842,1.2925,170.6256,1.000,0.000,0.599,0.0000,0.0000,0
2026-05-06,14:08:31,6205,1,0.0000,0.0015,0.1368,4.0241,-0.0183,0,1.0000,0,0,4.5495,-13.4722,-40.7193,0.6017,170.6023,1.000,0.000,0.597,0.0000,0.0000,0
2026-05-06,14:08:31,6206,1,0.0000,0.0208,0.1358,3.9941,-0.0183,0,1.0000,0,0,4.2436,-10.8425,-40.7252,0.3503,170.5941,1.000,0.000,0.594,0.0000,0.0000,0
2026-05-06,14:08:31,6207,1,0.0000,0.0141,0.1367,4.0193,-0.0183,0,1.0000,0,0,3.8677,-10.9876,-40.7807,-0.3036,170.5909,1.000,0.000,0.592,0.0000,0.0000,0
2026-05-06,14:08:31,6207,1,0.0000,-0.0056,0.1373,4.0379,-0.0183,0,1.0000,0,0,3.5450,-10.0959,-40.8257,-0.6352,170.5669,1.000,0.000,0.590,0.0000,0.0000,0
2026-05-06,14:08:31,6208,1,0.0000,-0.0113,0.1369,4.0265,-0.0183,0,1.0000,0,0,3.0120,-12.7960,-40.8593,-0.5028,170.5609,1.000,0.000,0.586,0.0000,0.0000,0
2026-05-06,14:08:31,6208,1,0.0000,-0.0094,0.1384,4.0705,-0.0183,0,1.0000,0,0,2.8747,-8.7500,-40.8676,-0.3688,170.5558,1.000,0.000,0.585,0.0000,0.0000,0
2026-05-06,14:08:31,6209,1,0.0000,-0.0131,0.1373,4.0388,-0.0182,0,1.0000,0,0,2.6993,-7.1991,-40.8467,-0.1013,170.5756,1.000,0.000,0.583,0.0000,0.0000,0
2026-05-06,14:08:31,6240,1,0.0000,0.0005,0.1367,4.0199,-0.0182,0,1.0000,0,0,2.1854,-15.5112,-40.9496,-3.3685,170.6140,1.000,0.000,0.580,0.0000,0.0000,0
2026-05-06,14:08:31,6275,1,0.0000,0.0054,0.1368,4.0232,-0.0183,0,1.0000,0,0,1.7168,-15.0213,-41.3963,-10.1479,170.6144,1.000,0.000,0.577,0.0000,0.0000,0
2026-05-06,14:08:31,6310,1,0.0000,0.0108,0.1376,4.0476,-0.0183,0,1.0000,0,0,1.3181,-12.4935,-41.6832,-9.5015,170.6197,1.000,0.000,0.574,0.0000,0.0000,0
2026-05-06,14:08:31,6345,1,0.0000,-0.0070,0.1386,4.0779,-0.0183,0,1.0000,0,0,0.9993,-9.6198,-41.7568,-4.4588,170.5742,1.000,0.000,0.570,0.0000,0.0000,0
2026-05-06,14:08:31,6380,1,0.0000,0.0029,0.1379,4.0568,-0.0183,0,1.0000,0,0,0.7645,-7.6927,-41.8085,-2.8543,170.5321,1.000,0.000,0.567,0.0000,0.0000,0
2026-05-06,14:08:31,6415,1,0.0000,0.0016,0.1367,4.0209,-0.0183,0,1.0000,0,0,0.5272,-7.1781,-42.1329,-8.3403,170.5193,1.000,0.000,0.564,0.0000,0.0000,0
2026-05-06,14:08:31,6453,1,0.0000,0.0000,0.1377,4.0494,-0.0182,0,1.0000,0,0,0.4554,-1.7492,-42.1972,-3.0858,170.5401,1.000,0.000,0.561,0.0000,0.0000,0
2026-05-06,14:08:31,6490,1,0.0000,0.0073,0.1387,4.0790,-0.0182,0,1.0000,0,0,0.2656,-6.1603,-41.5741,11.7551,170.5910,1.000,0.000,0.558,0.0000,0.0000,0
2026-05-06,14:08:31,6526,1,0.0000,0.0143,0.1382,4.0642,-0.0182,0,1.0000,0,0,0.1883,-2.0903,-41.3800,7.1691,170.6176,0.992,0.000,0.554,0.0000,0.0000,0
2026-05-06,14:08:31,6561,1,0.0000,0.0028,0.1375,4.0431,-0.0182,0,1.0000,0,0,0.0778,-4.0003,-41.2429,5.3476,170.6103,0.960,0.000,0.551,0.0000,0.0000,0
2026-05-06,14:08:31,6597,1,0.0000,0.0113,0.1383,4.0684,-0.0182,0,1.0000,0,0,-0.0780,-4.1397,-41.0597,5.0270,170.5975,0.928,0.000,0.548,0.0000,0.0000,0
2026-05-06,14:08:31,6635,1,0.0000,-0.0138,0.1390,4.0884,-0.0182,0,1.0000,0,0,-0.2353,-5.6398,-41.2631,-2.7980,170.5635,0.896,0.000,0.545,0.0000,0.0000,0
2026-05-06,14:08:32,6670,1,0.0000,0.0083,0.1381,4.0631,-0.0183,0,1.0000,0,0,-0.4362,-6.0410,-41.4588,-4.7110,170.5497,0.912,0.000,0.542,0.0000,0.0000,0
2026-05-06,14:08:32,7193,1,0.0000,0.0152,0.1372,4.0347,-0.0183,0,1.0000,0,0,-0.4806,-3.3363,-41.4274,-2.8748,170.5506,0.936,0.000,0.539,0.0000,0.0000,0
2026-05-06,14:08:32,7194,1,0.0000,-0.0061,0.1376,4.0462,-0.0182,0,1.0000,0,0,-0.6298,-4.6477,-41.4152,-1.4952,170.5605,0.912,0.000,0.537,0.0000,0.0000,0
2026-05-06,14:08:32,7195,1,0.0000,-0.0010,0.1372,4.0347,-0.0183,0,1.0000,0,0,-0.6785,-2.7792,-41.4429,-1.2936,170.5639,0.888,0.000,0.534,0.0000,0.0000,0
2026-05-06,14:08:32,7196,1,0.0000,0.0137,0.1362,4.0062,-0.0183,0,1.0000,0,0,-0.7363,-2.2412,-41.5123,-1.5447,170.5730,0.864,0.000,0.532,0.0000,0.0000,0
2026-05-06,14:08:32,7197,1,0.0000,0.0146,0.1341,3.9452,-0.0183,0,1.0000,0,0,-0.8134,-1.8130,-41.5706,-1.4480,170.5812,0.832,0.000,0.529,0.0000,0.0000,0
2026-05-06,14:08:32,7199,1,0.0000,0.0020,0.1377,4.0494,-0.0182,0,1.0000,0,0,-0.8522,-1.4716,-41.5441,-0.7313,170.5864,0.808,0.000,0.526,0.0000,0.0000,0
2026-05-06,14:08:32,7200,1,0.0000,0.0051,0.1384,4.0705,-0.0182,0,1.0000,0,0,-0.8870,-1.2136,-41.5372,-0.4370,170.5934,0.784,0.000,0.524,0.0000,0.0000,0
2026-05-06,14:08:32,7201,1,0.0000,0.0002,0.1372,4.0357,-0.0182,0,1.0000,0,0,-0.9133,-0.8991,-41.5747,-0.6440,170.5948,0.760,0.000,0.522,0.0000,0.0000,0
2026-05-06,14:08:32,7201,1,0.0000,0.0024,0.1385,4.0747,-0.0182,0,1.0000,0,0,-0.9081,-0.3130,-41.6410,-1.0967,170.6031,0.736,0.000,0.519,0.0000,0.0000,0
2026-05-06,14:08:32,7202,1,0.0000,-0.0039,0.1379,4.0557,-0.0182,0,1.0000,0,0,-0.9501,-0.8656,-41.8086,-2.7873,170.6145,0.712,0.000,0.517,0.0000,0.0000,0
2026-05-06,14:08:32,7203,1,0.0000,-0.0032,0.1378,4.0536,-0.0182,0,1.0000,0,0,-0.9346,-0.0579,-41.8455,-2.2156,170.6156,0.688,0.000,0.514,0.0000,0.0000,0
2026-05-06,14:08:32,7203,1,0.0000,0.0078,0.1378,4.0536,-0.0182,0,1.0000,0,0,-0.9564,-0.5296,-41.8627,-1.6658,170.6097,0.664,0.000,0.512,0.0000,0.0000,0
2026-05-06,14:08:32,7204,1,0.0000,-0.0020,0.1377,4.0505,-0.0182,0,1.0000,0,0,-1.0190,-1.0563,-41.8134,-0.3535,170.6223,0.632,0.000,0.509,0.0000,0.0000,0
2026-05-06,14:08:32,7207,1,0.0000,0.0044,0.1383,4.0673,-0.0182,0,1.0000,0,0,-1.3494,-2.4118,-41.8581,-0.4162,170.6405,0.624,0.000,0.508,0.0000,0.0000,0
2026-05-06,14:08:32,7219,1,0.0000,0.0110,0.1385,4.0737,-0.0183,0,1.0000,0,0,-1.4423,1.1131,-41.6554,4.1871,170.6315,0.600,0.000,0.506,0.0000,0.0000,0
2026-05-06,14:08:32,7253,1,0.0000,-0.0099,0.1383,4.0663,-0.0183,0,1.0000,0,0,-1.4496,-1.5667,-40.9335,16.0116,170.6407,0.568,0.000,0.502,0.0000,0.0000,0
2026-05-06,14:08:32,7289,1,0.0000,0.0042,0.1372,4.0338,-0.0183,0,1.0000,0,0,-1.6028,-1.8844,-40.2324,20.0447,170.5950,0.536,0.000,0.499,0.0000,0.0000,0
2026-05-06,14:08:32,7326,1,0.0000,0.0036,0.1379,4.0550,-0.0183,0,1.0000,0,0,-1.5378,1.8160,-39.6580,18.4603,170.5252,0.504,0.000,0.496,0.0000,0.0000,0
2026-05-06,14:08:32,7362,1,0.0000,0.0081,0.1376,4.0477,-0.0183,0,1.0000,0,0,-1.5212,2.6788,-38.9581,20.3701,170.5074,0.472,0.000,0.493,0.0000,0.0000,0
2026-05-06,14:08:32,7397,1,0.0000,-0.0009,0.1368,4.0233,-0.0183,0,1.0000,0,0,-1.4710,2.8646,-38.3402,20.1831,170.5500,0.440,0.000,0.490,0.0000,0.0000,0
2026-05-06,14:08:32,7432,1,0.0000,-0.0037,0.1367,4.0199,-0.0183,0,1.0000,0,0,-1.3934,5.2654,-37.6714,21.3089,170.5819,0.408,0.000,0.486,0.0000,0.0000,0
2026-05-06,14:08:32,7467,1,0.0000,0.0091,0.1365,4.0159,-0.0183,0,1.0000,0,0,-1.2630,5.9529,-37.0103,21.1845,170.6993,0.376,0.000,0.483,0.0000,0.0000,0
2026-05-06,14:08:32,7505,1,0.0000,0.0014,0.1364,4.0120,-0.0183,0,1.0000,0,0,-0.5793,38.1131,-36.5567,15.2236,170.8869,0.344,0.000,0.480,0.0000,0.0000,0
2026-05-06,14:08:32,7540,1,0.0000,0.1430,0.1171,3.4427,-0.0190,0,1.0000,0,0,0.4742,17.9501,-36.4028,10.3086,171.1582,0.312,0.000,0.477,0.0000,0.0000,0
2026-05-06,14:08:32,7576,1,0.0000,0.0579,0.1055,3.1043,-0.0198,0,1.0000,0,0,0.0124,-4.4206,-35.3474,26.2268,170.8341,0.280,0.000,0.474,0.0000,0.0000,0
2026-05-06,14:08:32,7611,1,0.0000,0.0082,0.1059,3.1145,-0.0199,0,1.0000,0,0,0.7354,24.6825,-33.8244,40.7862,170.9145,0.248,0.000,0.470,0.0000,0.0000,0
2026-05-06,14:08:33,8128,1,0.0000,0.0044,0.1053,3.0973,-0.0199,0,1.0000,0,0,0.7369,10.4044,-33.3534,32.5094,170.9142,0.224,0.000,0.468,0.0000,0.0000,0
2026-05-06,14:08:33,8129,1,0.0000,-0.0324,0.1116,3.2818,-0.0197,0,1.0000,0,0,0.8248,5.9777,-32.9869,25.4496,170.7924,0.200,0.000,0.466,0.0000,0.0000,0
2026-05-06,14:08:33,8130,1,0.0000,-0.0294,0.1185,3.4859,-0.0194,0,1.0000,0,0,1.1767,8.6774,-32.7697,16.5795,170.6955,0.168,0.000,0.462,0.0000,0.0000,0
2026-05-06,14:08:33,8131,1,0.0000,-0.0300,0.1223,3.5972,-0.0191,0,1.0000,0,0,1.4006,7.6401,-32.6880,12.1530,170.7404,0.144,0.000,0.460,0.0000,0.0000,0
2026-05-06,14:08:33,8131,1,0.0000,0.0039,0.1216,3.5774,-0.0191,0,1.0000,0,0,1.7074,8.3522,-32.4800,10.1926,170.7084,0.120,0.000,0.458,0.0000,0.0000,0
2026-05-06,14:08:33,8132,1,0.0000,0.0035,0.1217,3.5806,-0.0191,0,1.0000,0,0,2.0097,8.8099,-32.3074,8.6256,170.6860,0.096,0.000,0.455,0.0000,0.0000,0
2026-05-06,14:08:33,8132,1,0.0000,0.0136,0.1184,3.4810,-0.0192,0,1.0000,0,0,2.3367,7.9729,-31.7966,10.8566,170.7748,0.064,0.000,0.452,0.0000,0.0000,0
2026-05-06,14:08:33,8133,1,0.0000,0.0217,0.1141,3.3568,-0.0195,0,1.0000,0,0,2.2962,2.6887,-31.3963,11.0490,170.8157,0.040,0.000,0.450,0.0000,0.0000,0
2026-05-06,14:08:33,8136,1,0.0000,0.0066,0.1131,3.3268,-0.0196,0,1.0000,0,0,2.3249,1.8391,-31.0579,10.7467,170.8380,0.016,0.000,0.447,0.0000,0.0000,0
2026-05-06,14:08:33,8139,1,0.0000,0.0032,0.1133,3.3327,-0.0196,0,1.0000,0,0,2.2559,-0.9625,-30.7317,9.6413,170.8215,0.000,0.000,0.444,0.0000,0.0000,0
2026-05-06,14:08:33,8140,1,0.0000,0.0135,0.1124,3.3070,-0.0196,0,1.0000,0,0,2.0886,-2.7164,-30.4633,8.4085,170.8378,0.000,0.000,0.441,0.0000,0.0000,0
2026-05-06,14:08:33,8141,1,0.0000,-0.0066,0.1137,3.3443,-0.0196,0,1.0000,0,0,2.2424,0.7793,-30.1252,7.6802,170.8264,0.000,0.000,0.438,0.0000,0.0000,0
2026-05-06,14:08:33,8142,1,0.0000,-0.0062,0.1119,3.2915,-0.0197,0,1.0000,0,0,2.4897,7.5403,-29.9335,6.8365,170.7882,0.000,0.000,0.436,0.0000,0.0000,0
2026-05-06,14:08:33,8165,1,0.0000,0.0044,0.1091,3.2090,-0.0197,0,1.0000,0,0,3.2379,19.9558,-29.4731,11.7357,170.7406,0.000,0.000,0.433,0.0000,0.0000,0
2026-05-06,14:08:33,8200,1,0.0000,0.0112,0.1100,3.2367,-0.0197,0,1.0000,0,0,3.7448,15.9788,-29.0094,13.3226,170.7042,0.000,0.000,0.430,0.0000,0.0000,0
2026-05-06,14:08:33,8236,1,0.0000,-0.0102,0.1116,3.2819,-0.0197,0,1.0000,0,0,4.1388,12.8185,-28.7661,9.4803,170.6552,0.000,0.000,0.426,0.0000,0.0000,0
2026-05-06,14:08:33,8271,1,0.0000,-0.0233,0.1135,3.3369,-0.0196,0,1.0000,0,0,4.5255,11.8483,-28.8443,2.0650,170.5977,0.000,0.000,0.423,0.0000,0.0000,0
2026-05-06,14:08:33,8306,1,0.0000,-0.0127,0.1167,3.4322,-0.0195,0,1.0000,0,0,4.6528,5.1564,-28.7819,2.6813,170.5965,0.000,0.000,0.420,0.0000,0.0000,0
2026-05-06,14:08:33,8342,1,0.0000,-0.0170,0.1169,3.4377,-0.0194,0,1.0000,0,0,4.9463,9.9019,-28.7207,1.9788,170.8443,0.000,0.000,0.417,0.0000,0.0000,0
2026-05-06,14:08:33,8377,1,0.0000,-0.0062,0.1172,3.4480,-0.0194,0,1.0000,0,0,5.0797,4.3953,-28.6991,1.3124,170.8409,0.000,0.000,0.414,0.0000,0.0000,0
2026-05-06,14:08:33,8412,1,0.0000,-0.1445,0.1338,3.9342,-0.0189,0,1.0000,0,0,3.9107,-18.2925,-28.1935,9.9318,169.8025,0.032,0.000,0.410,0.0000,0.0000,0
2026-05-06,14:08:33,8449,1,0.0000,0.0940,0.1262,3.7113,-0.0187,0,1.0000,0,0,5.4930,14.1519,-29.4765,-22.9802,143.1027,0.024,0.000,0.407,0.0000,0.0000,0
2026-05-06,14:08:33,8485,1,0.0000,-0.0702,0.1331,3.9136,-0.0187,0,1.0000,0,0,4.8958,14.1642,-29.8481,-11.7301,122.4224,0.000,0.000,0.404,0.0000,0.0000,0
2026-05-06,14:08:33,8520,1,0.0000,0.0229,0.1266,3.7231,-0.0188,0,1.0000,0,0,5.0427,-0.9377,-29.1777,4.0729,128.3036,0.000,0.000,0.401,0.0000,0.0000,0
2026-05-06,14:08:33,8557,1,0.0000,0.0317,0.1244,3.6592,-0.0189,0,1.0000,0,0,6.1766,35.8133,-30.5575,-24.4065,134.6566,0.000,0.000,0.398,0.0000,0.0000,0
2026-05-06,14:08:33,8592,1,0.0000,-0.0540,0.1290,3.7947,-0.0189,0,1.0000,0,0,5.3537,-15.8109,-30.1490,1.9102,140.7171,0.000,0.000,0.394,0.0000,0.0000,0
2026-05-06,14:08:33,8628,1,0.0000,0.0245,0.1278,3.7583,-0.0187,0,1.0000,0,0,6.6294,28.7565,-29.8093,5.2737,144.8050,0.000,0.000,0.391,0.0000,0.0000,0
2026-05-06,14:08:34,9536,1,0.0000,-0.0366,0.1302,3.8305,-0.0186,0,1.0000,0,0,7.1660,24.4745,-29.7707,3.9475,146.1337,0.000,0.000,0.389,0.0000,0.0000,0
2026-05-06,14:08:34,9537,1,0.0000,0.0508,0.1094,3.2173,-0.0196,0,1.0000,0,0,6.6503,-5.1347,-29.8189,2.0867,148.0848,0.000,0.000,0.386,0.0000,0.0000,0
2026-05-06,14:08:34,9538,1,0.0000,-0.1593,0.1380,4.0582,-0.0187,0,1.0000,0,0,6.9423,3.3575,-29.7470,1.9740,149.6590,0.000,0.000,0.383,0.0000,0.0000,0
2026-05-06,14:08:34,9538,1,0.0000,-0.0589,0.1417,4.1674,-0.0182,0,1.0000,0,0,6.8938,0.6489,-29.5012,3.8560,150.9369,0.000,0.000,0.381,0.0000,0.0000,0
2026-05-06,14:08:34,9539,1,0.0000,-0.0055,0.1450,4.2643,-0.0178,0,1.0000,0,0,7.2221,5.6901,-29.3906,3.3496,152.0810,0.000,0.000,0.378,0.0000,0.0000,0
2026-05-06,14:08:34,9539,1,0.0000,0.0028,0.1452,4.2711,-0.0178,0,1.0000,0,0,7.1621,1.4236,-29.3959,2.3083,153.0963,0.000,0.000,0.376,0.0000,0.0000,0
2026-05-06,14:08:34,9540,1,0.0000,0.0356,0.1408,4.1422,-0.0180,0,1.0000,0,0,7.0933,-0.8489,-29.1004,4.2381,153.7227,0.000,0.000,0.374,0.0000,0.0000,0
2026-05-06,14:08:34,9542,1,0.0000,0.0208,0.1366,4.0189,-0.0182,0,1.0000,0,0,6.9569,-2.2101,-29.5984,-1.8924,154.5759,0.000,0.000,0.371,0.0000,0.0000,0
2026-05-06,14:08:34,9543,1,0.0000,0.0086,0.1354,3.9831,-0.0183,0,1.0000,0,0,6.3427,-10.2956,-29.7085,-1.9591,156.2845,0.000,0.000,0.368,0.0000,0.0000,0
2026-05-06,14:08:34,9544,1,0.0000,-0.0103,0.1384,4.0695,-0.0182,0,1.0000,0,0,6.0871,-9.0370,-29.8870,-3.4210,150.5917,0.032,0.000,0.366,0.0000,0.0000,0
2026-05-06,14:08:34,9544,1,0.0000,-0.0634,0.1489,4.3787,-0.0178,0,1.0000,0,0,5.7299,-9.3932,-30.4979,-7.8313,131.2673,0.080,0.000,0.363,0.0000,0.0000,0
2026-05-06,14:08:34,9545,1,0.0000,-0.0610,0.1518,4.4641,-0.0177,0,1.0000,0,0,5.7279,-7.0543,-30.2534,-6.3162,131.8850,0.096,0.000,0.362,0.0000,0.0000,0
2026-05-06,14:08:34,9545,1,0.0000,0.0100,0.1403,4.1275,-0.0180,0,1.0000,0,0,5.9660,0.6199,-32.2927,-22.9007,127.2287,0.120,0.000,0.360,0.0000,0.0000,0
2026-05-06,14:08:34,9546,1,0.0000,-0.0063,0.1410,4.1485,-0.0181,0,1.0000,0,0,5.9113,-0.3653,-32.2320,-14.3650,116.5215,0.096,0.000,0.358,0.0000,0.0000,0
2026-05-06,14:08:34,9547,1,0.0000,0.0232,0.1393,4.0971,-0.0181,0,1.0000,0,0,5.8032,-2.4450,-31.3032,-1.8325,119.3865,0.072,0.000,0.355,0.0000,0.0000,0
2026-05-06,14:08:34,9548,1,0.0000,-0.0185,0.1427,4.1979,-0.0181,0,1.0000,0,0,5.9678,2.0570,-32.7248,-14.4865,122.1532,0.048,0.000,0.353,0.0000,0.0000,0
2026-05-06,14:08:34,9548,1,0.0000,0.0010,0.1428,4.1991,-0.0180,0,1.0000,0,0,5.8944,-0.5084,-33.0539,-12.3961,125.3935,0.024,0.000,0.350,0.0000,0.0000,0
2026-05-06,14:08:34,9549,1,0.0000,-0.0004,0.1430,4.2046,-0.0180,0,1.0000,0,0,5.9849,1.2693,-32.9059,-7.4030,128.0369,0.000,0.000,0.348,0.0000,0.0000,0
2026-05-06,14:08:34,9549,1,0.0000,-0.0227,0.1446,4.2520,-0.0179,0,1.0000,0,0,5.9725,0.4233,-33.4633,-10.4090,130.5845,0.000,0.000,0.346,0.0000,0.0000,0
2026-05-06,14:08:34,9550,1,0.0000,0.0090,0.1454,4.2758,-0.0179,0,1.0000,0,0,6.0667,1.6919,-33.6220,-8.5472,132.9479,0.000,0.000,0.343,0.0000,0.0000,0
2026-05-06,14:08:34,9552,1,0.0000,-0.0061,0.1451,4.2687,-0.0179,0,1.0000,0,0,6.1116,1.4990,-33.7911,-7.3452,135.3018,0.000,0.000,0.341,0.0000,0.0000,0
2026-05-06,14:08:34,9553,1,0.0000,-0.0055,0.1459,4.2918,-0.0178,0,1.0000,0,0,6.1312,0.9429,-33.8301,-5.3510,137.4432,0.000,0.000,0.338,0.0000,0.0000,0
2026-05-06,14:08:34,9554,1,0.0000,-0.0017,0.1459,4.2907,-0.0178,0,1.0000,0,0,6.1548,0.7042,-33.8679,-4.0007,139.3553,0.000,0.000,0.336,0.0000,0.0000,0
2026-05-06,14:08:34,9554,1,0.0000,0.0018,0.1444,4.2482,-0.0178,0,1.0000,0,0,6.0052,-0.6669,-33.8669,-3.1162,140.6494,0.000,0.000,0.334,0.0000,0.0000,0
2026-05-06,14:08:34,9555,1,0.0000,0.0057,0.1449,4.2631,-0.0178,0,1.0000,0,0,6.0204,0.1632,-33.8983,-3.7400,142.9746,0.000,0.000,0.332,0.0000,0.0000,0
2026-05-06,14:08:34,9586,1,0.0000,-0.0134,0.1476,4.3421,-0.0178,0,1.0000,0,0,6.0218,1.7286,-34.2901,-9.5666,147.2622,0.000,0.000,0.329,0.0000,0.0000,0
2026-05-06,14:08:34,9621,1,0.0000,-0.0051,0.1464,4.3055,-0.0178,0,1.0000,0,0,6.0087,0.4971,-34.7183,-12.4927,150.7782,0.000,0.000,0.326,0.0000,0.0000,0
2026-05-06,14:08:35,10089,1,0.0000,0.0055,0.1454,4.2761,-0.0178,0,1.0000,0,0,6.0510,0.8888,-34.9428,-10.7544,151.9568,0.000,0.000,0.323,0.0000,0.0000,0
2026-05-06,14:08:35,10091,1,0.0000,0.0023,0.1473,4.3312,-0.0178,0,1.0000,0,0,6.0854,1.1145,-35.1226,-9.0735,152.9159,0.000,0.000,0.321,0.0000,0.0000,0
2026-05-06,14:08:35,10092,1,0.0000,0.0122,0.1451,4.2687,-0.0178,0,1.0000,0,0,6.1501,1.5638,-35.3610,-8.3613,154.0561,0.000,0.000,0.318,0.0000,0.0000,0
2026-05-06,14:08:35,10093,1,0.0000,0.0014,0.1464,4.3069,-0.0178,0,1.0000,0,0,6.1648,0.8168,-35.5347,-7.3199,155.1184,0.000,0.000,0.316,0.0000,0.0000,0
2026-05-06,14:08:35,10093,1,0.0000,-0.0024,0.1469,4.3210,-0.0177,0,1.0000,0,0,6.1609,0.4061,-35.6754,-6.2686,156.0011,0.000,0.000,0.314,0.0000,0.0000,0
2026-05-06,14:08:35,10094,1,0.0000,-0.0038,0.1458,4.2881,-0.0177,0,1.0000,0,0,6.1719,0.3595,-35.7122,-4.5653,156.8944,0.000,0.000,0.311,0.0000,0.0000,0
2026-05-06,14:08:35,10094,1,0.0000,-0.0026,0.1481,4.3557,-0.0177,0,1.0000,0,0,6.1895,0.4093,-35.7280,-3.2767,157.8035,0.000,0.000,0.309,0.0000,0.0000,0
2026-05-06,14:08:35,10095,1,0.0000,0.0019,0.1473,4.3331,-0.0177,0,1.0000,0,0,6.1890,0.0853,-35.7384,-2.3365,158.6071,0.000,0.000,0.306,0.0000,0.0000,0
2026-05-06,14:08:35,10095,1,0.0000,0.0018,0.1486,4.3700,-0.0177,0,1.0000,0,0,6.1737,-0.2246,-35.8028,-2.2603,159.3364,0.000,0.000,0.304,0.0000,0.0000,0
2026-05-06,14:08:35,10096,1,0.0000,0.0021,0.1469,4.3208,-0.0177,0,1.0000,0,0,6.1623,-0.2787,-35.8263,-1.7631,160.0006,0.000,0.000,0.302,0.0000,0.0000,0
2026-05-06,14:08:35,10097,1,0.0000,-0.0237,0.1462,4.2997,-0.0178,0,1.0000,0,0,6.4354,4.8437,-35.8373,-1.2907,160.6898,0.000,0.000,0.299,0.0000,0.0000,0
2026-05-06,14:08:35,10098,1,0.0000,-0.0098,0.1465,4.3090,-0.0178,0,1.0000,0,0,6.5213,3.0926,-35.7478,-0.2346,161.3339,0.000,0.000,0.297,0.0000,0.0000,0
2026-05-06,14:08:35,10099,1,0.0000,-0.0002,0.1490,4.3824,-0.0177,0,1.0000,0,0,6.4929,-0.0438,-35.8220,-2.5605,161.8823,0.000,0.000,0.295,0.0000,0.0000,0
2026-05-06,14:08:35,10135,1,0.0000,0.0206,0.1489,4.3802,-0.0177,0,1.0000,0,0,6.4291,-2.0651,-36.0807,-5.8208,163.2840,0.000,0.000,0.292,0.0000,0.0000,0
2026-05-06,14:08:35,10170,1,0.0000,-0.0026,0.1483,4.3618,-0.0177,0,1.0000,0,0,6.2895,-4.7702,-36.1469,-3.5436,164.4378,0.000,0.000,0.289,0.0000,0.0000,0
2026-05-06,14:08:35,10206,1,0.0000,0.0025,0.1482,4.3577,-0.0177,0,1.0000,0,0,6.1859,-2.9442,-36.1200,-0.2626,165.3838,0.000,0.000,0.286,0.0000,0.0000,0
2026-05-06,14:08:35,10241,1,0.0000,-0.0121,0.1496,4.3991,-0.0176,0,1.0000,0,0,6.1338,-2.0422,-36.3628,-5.9296,166.2159,0.000,0.000,0.282,0.0000,0.0000,0
2026-05-06,14:08:35,10276,1,0.0000,-0.0034,0.1514,4.4521,-0.0176,0,1.0000,0,0,6.0908,-1.3063,-36.6200,-7.4914,166.9183,0.000,0.000,0.279,0.0000,0.0000,0
2026-05-06,14:08:35,10311,1,0.0000,0.0054,0.1508,4.4351,-0.0175,0,1.0000,0,0,6.0586,-1.5836,-37.1289,-14.0982,167.5334,0.000,0.000,0.276,0.0000,0.0000,0
2026-05-06,14:08:35,10346,1,0.0000,0.0031,0.1508,4.4339,-0.0175,0,1.0000,0,0,6.0205,-1.9618,-38.0582,-24.7768,168.0273,0.000,0.000,0.273,0.0000,0.0000,0
2026-05-06,14:08:35,10381,1,0.0000,0.0033,0.1514,4.4540,-0.0175,0,1.0000,0,0,5.9930,-1.6977,-38.9052,-25.5626,168.4450,0.000,0.000,0.270,0.0000,0.0000,0
2026-05-06,14:08:35,10416,1,0.0000,0.0082,0.1502,4.4167,-0.0175,0,1.0000,0,0,5.9276,-2.6269,-39.5171,-20.9195,168.8660,0.000,0.000,0.266,0.0000,0.0000,0
2026-05-06,14:08:35,10451,1,0.0000,0.0013,0.1496,4.4001,-0.0176,0,1.0000,0,0,5.9244,-0.3189,-40.1486,-21.1354,169.1920,0.000,0.000,0.263,0.0000,0.0000,0
2026-05-06,14:08:35,10487,1,0.0000,0.0093,0.1473,4.3335,-0.0177,0,1.0000,0,0,5.8751,-2.5058,-40.7848,-19.6803,169.4813,0.000,0.000,0.260,0.0000,0.0000,0
2026-05-06,14:08:35,10522,1,0.0000,0.0196,0.1457,4.2862,-0.0177,0,1.0000,0,0,5.7639,-4.0926,-41.2983,-17.3385,169.6963,0.000,0.000,0.257,0.0000,0.0000,0
2026-05-06,14:08:35,10557,1,0.0000,0.0156,0.1435,4.2195,-0.0179,0,1.0000,0,0,5.6458,-4.1389,-41.6627,-13.0388,169.9090,0.000,0.000,0.254,0.0000,0.0000,0
2026-05-06,14:08:36,11032,1,0.0000,0.0302,0.1383,4.0685,-0.0181,0,1.0000,0,0,5.5460,-2.9307,-41.5974,-7.1952,170.0047,0.000,0.000,0.250,0.0000,0.0000,0
2026-05-06,14:08:36,11033,1,0.0000,0.0335,0.1340,3.9408,-0.0183,0,1.0000,0,0,5.4673,-2.6334,-41.4134,-3.1494,170.0805,0.000,0.000,0.248,0.0000,0.0000,0
2026-05-06,14:08:36,11034,1,0.0000,0.0445,0.1269,3.7314,-0.0186,0,1.0000,0,0,5.3670,-2.8295,-41.0771,1.2127,170.1481,0.000,0.000,0.246,0.0000,0.0000,0
2026-05-06,14:08:36,11034,1,0.0000,0.0534,0.1216,3.5759,-0.0190,0,1.0000,0,0,5.2575,-3.1984,-40.5071,6.3815,170.2441,0.000,0.000,0.243,0.0000,0.0000,0
2026-05-06,14:08:36,11035,1,0.0000,0.1183,0.1068,3.1413,-0.0196,0,1.0000,0,0,5.0481,-4.8923,-39.7561,11.4035,170.3424,0.000,0.000,0.241,0.0000,0.0000,0
2026-05-06,14:08:36,11035,1,0.0000,0.0716,0.0952,2.7994,-0.0203,0,1.0000,0,0,4.9294,-3.9303,-38.9025,15.7613,170.3951,0.000,0.000,0.238,0.0000,0.0000,0
2026-05-06,14:08:36,11036,1,0.0000,0.0605,0.0889,2.6133,-0.0207,0,1.0000,0,0,5.0180,0.0529,-38.1332,18.1390,170.3847,0.000,0.000,0.236,0.0000,0.0000,0
2026-05-06,14:08:36,11038,1,0.0000,0.0733,0.0800,2.3523,-0.0211,0,1.0000,0,0,5.0361,0.0375,-37.4918,18.3844,170.4255,0.000,0.000,0.234,0.0000,0.0000,0
2026-05-06,14:08:36,11039,1,0.0000,0.1101,0.0644,1.8943,-0.0218,0,1.0000,0,0,4.9398,-1.5924,-36.9063,17.8364,170.4707,0.000,0.000,0.231,0.0000,0.0000,0
2026-05-06,14:08:36,11040,1,0.0000,0.0943,0.0478,1.4060,-0.0227,0,1.0000,0,0,4.7605,-4.0566,-36.4283,16.7181,170.5217,0.000,0.000,0.229,0.0000,0.0000,0
2026-05-06,14:08:36,11040,1,0.0000,0.0175,0.0467,1.3727,-0.0231,0,1.0000,0,0,4.4909,-4.9170,-35.9986,13.9097,170.5574,0.000,0.000,0.226,0.0000,0.0000,0
2026-05-06,14:08:36,11041,1,0.0000,0.0152,0.0455,1.3392,-0.0232,0,1.0000,0,0,4.4669,-2.9391,-35.7832,11.9234,170.5933,0.000,0.000,0.224,0.0000,0.0000,0
2026-05-06,14:08:36,11046,1,0.0000,0.0464,0.0382,1.1226,-0.0235,0,1.0000,0,0,4.4281,-1.0015,-35.3818,13.1643,170.6444,0.000,0.000,0.222,0.0000,0.0000,0
2026-05-06,14:08:36,11082,1,0.0000,0.1500,0.0186,0.5460,-0.0242,0,1.0000,0,0,4.2686,-3.6064,-34.5302,21.6729,170.7150,0.000,0.000,0.218,0.0000,0.0000,0
2026-05-06,14:08:36,11118,1,0.0000,0.1481,-0.0002,0.0045,-0.0254,0,1.0000,0,0,3.7226,-11.8739,-33.5264,29.6996,170.7381,0.000,0.000,0.215,0.0000,0.0000,0
2026-05-06,14:08:36,11153,1,0.0000,0.0423,0.0016,0.0458,-0.0254,0,1.0000,0,0,3.0734,-15.9365,-32.2774,37.0161,170.7858,0.000,0.000,0.212,0.0000,0.0000,0
2026-05-06,14:08:36,11198,1,0.0000,0.0043,0.0022,0.0640,-0.0255,0,1.0000,0,0,2.2201,-15.5447,-30.8951,43.2333,170.8194,0.000,0.000,0.209,0.0000,0.0000,0
2026-05-06,14:08:36,11226,1,0.0000,-0.0012,0.0046,0.1344,-0.0255,0,1.0000,0,0,1.7731,-0.8539,-29.3643,46.8618,170.8549,0.000,0.000,0.206,0.0000,0.0000,0
2026-05-06,14:08:36,11262,1,0.0000,0.0077,0.0014,0.0423,-0.0255,0,1.0000,0,0,1.9722,19.3039,-27.7165,51.9067,170.9239,0.000,0.000,0.202,0.0000,0.0000,0
2026-05-06,14:08:36,11298,1,0.0000,0.0023,0.0017,0.0496,-0.0255,0,1.0000,0,0,2.8894,36.9867,-25.9818,52.9595,170.9607,0.000,0.000,0.199,0.0000,0.0000,0
2026-05-06,14:08:36,11333,1,0.0000,-0.0064,0.0006,0.0181,-0.0255,0,1.0000,0,0,4.4721,56.8441,-24.5932,47.3798,170.9833,0.000,0.000,0.196,0.0000,0.0000,0
2026-05-06,14:08:36,11368,1,0.0000,0.0138,0.0015,0.0430,-0.0255,0,1.0000,0,0,6.4815,66.5344,-23.2241,45.4478,171.0009,0.000,0.000,0.193,0.0000,0.0000,0
2026-05-06,14:08:36,11403,1,0.0000,-0.0076,0.0018,0.0528,-0.0255,0,1.0000,0,0,8.6223,68.2350,-21.9063,42.9051,171.0431,0.000,0.000,0.190,0.0000,0.0000,0
2026-05-06,14:08:36,11438,1,0.0000,0.0035,0.0042,0.1242,-0.0255,0,1.0000,0,0,10.5259,59.2282,-20.9219,34.1179,171.0447,0.000,0.000,0.186,0.0000,0.0000,0
2026-05-06,14:08:36,11473,1,0.0000,-0.0003,0.0019,0.0561,-0.0255,0,1.0000,0,0,12.1416,49.7818,-20.3321,23.6416,171.0580,0.000,0.000,0.183,0.0000,0.0000,0
2026-05-06,14:08:36,11509,1,0.0000,-0.0116,0.0040,0.1168,-0.0255,0,1.0000,0,0,13.3541,36.9407,-19.9223,16.9187,171.0352,0.000,0.000,0.180,0.0000,0.0000,0
2026-05-06,14:08:37,11983,1,0.0000,-0.0014,0.0023,0.0672,-0.0255,0,1.0000,0,0,13.8038,22.9899,-19.6725,13.8647,171.0473,0.000,0.000,0.178,0.0000,0.0000,0
2026-05-06,14:08:37,11984,1,0.0000,-0.0016,0.0020,0.0603,-0.0255,0,1.0000,0,0,14.0669,13.8752,-19.4386,11.5738,171.0485,0.000,0.000,0.175,0.0000,0.0000,0
2026-05-06,14:08:37,11984,1,0.0000,-0.0062,0.0022,0.0635,-0.0255,0,1.0000,0,0,14.2435,8.8619,-19.2131,10.0599,171.0655,0.000,0.000,0.173,0.0000,0.0000,0
2026-05-06,14:08:37,11985,1,0.0000,0.0026,0.0024,0.0709,-0.0255,0,1.0000,0,0,14.4201,6.5871,-19.0497,8.2883,171.0784,0.000,0.000,0.170,0.0000,0.0000,0
2026-05-06,14:08:37,11986,1,0.0000,0.0053,0.0017,0.0496,-0.0255,0,1.0000,0,0,14.6175,6.1938,-18.8857,7.2099,171.0768,0.000,0.000,0.168,0.0000,0.0000,0
2026-05-06,14:08:37,11988,1,0.0000,0.0048,0.0040,0.1172,-0.0255,0,1.0000,0,0,14.8554,5.7047,-18.7053,5.9248,171.0802,0.000,0.000,0.165,0.0000,0.0000,0
2026-05-06,14:08:37,11988,1,0.0000,-0.0004,0.0037,0.1094,-0.0255,0,1.0000,0,0,15.0364,5.5244,-18.6185,4.8644,171.0907,0.000,0.000,0.162,0.0000,0.0000,0
2026-05-06,14:08:37,11989,1,0.0000,0.0012,0.0024,0.0705,-0.0255,0,1.0000,0,0,15.1940,5.0588,-18.5252,4.1744,171.1056,0.000,0.000,0.160,0.0000,0.0000,0
2026-05-06,14:08:37,11990,1,0.0000,0.0046,0.0022,0.0635,-0.0255,0,1.0000,0,0,15.3380,4.5902,-18.4530,3.5261,171.1172,0.000,0.000,0.158,0.0000,0.0000,0
2026-05-06,14:08:37,11990,1,0.0000,-0.0025,0.0012,0.0357,-0.0255,0,1.0000,0,0,15.4829,4.3937,-18.3876,3.0116,171.1159,0.000,0.000,0.155,0.0000,0.0000,0
2026-05-06,14:08:37,11991,1,0.0000,0.0092,0.0019,0.0570,-0.0255,0,1.0000,0,0,15.6112,4.0346,-18.3574,2.3328,171.1154,0.000,0.000,0.153,0.0000,0.0000,0
2026-05-06,14:08:37,11991,1,0.0000,0.0101,0.0018,0.0529,-0.0255,0,1.0000,0,0,15.6335,3.1423,-18.3370,2.1039,171.1395,0.000,0.000,0.152,0.0000,0.0000,0
2026-05-06,14:08:37,11993,1,0.0000,-0.0010,0.0018,0.0529,-0.0255,0,1.0000,0,0,15.8163,3.9056,-18.3413,1.2248,171.1414,0.000,0.000,0.150,0.0000,0.0000,0
2026-05-06,14:08:37,12024,1,-3.6080,-0.0054,0.0056,0.1637,-0.0255,0,1.0000,-451,1,16.1133,8.5871,-18.4304,-1.9887,171.1295,0.000,0.000,0.146,0.0000,0.0000,0
2026-05-06,14:08:37,12061,1,-3.6080,0.0014,0.0022,0.0635,-0.0255,0,1.0000,-451,1,16.3831,7.9718,-18.6549,-4.4929,171.1114,0.000,0.000,0.143,0.0000,0.0000,0
2026-05-06,14:08:37,12096,1,-3.6080,-0.0059,0.0040,0.1173,-0.0255,0,1.0000,-451,1,16.6329,8.3347,-18.6104,-0.5584,171.1041,0.000,0.000,0.140,0.0000,0.0000,0
2026-05-06,14:08:37,12132,1,-4.0800,-0.0062,0.0041,0.1210,-0.0255,0,1.0000,-510,1,16.8129,6.3339,-18.4696,3.2133,171.1039,0.000,0.000,0.137,0.0000,0.0000,0
2026-05-06,14:08:37,12167,1,-4.0800,0.0020,0.0041,0.1210,-0.0255,0,1.0000,-510,1,16.9934,6.0192,-18.2184,5.8525,171.0946,0.000,0.000,0.134,0.0000,0.0000,0
2026-05-06,14:08:37,12202,1,-4.0800,-0.0146,0.0023,0.0672,-0.0255,0,1.0000,-510,1,17.1334,5.1850,-18.1342,3.5374,171.0721,0.000,0.000,0.130,0.0000,0.0000,0
2026-05-06,14:08:37,12239,1,-4.0800,0.0022,0.0049,0.1451,-0.0255,0,1.0000,-510,1,17.2442,3.7482,-18.1314,1.2198,171.0814,0.000,0.000,0.127,0.0000,0.0000,0
2026-05-06,14:08:37,12276,1,-4.0800,0.0052,0.0011,0.0316,-0.0255,0,1.0000,-510,1,17.3465,3.6881,-18.1545,-0.0745,171.0831,0.000,0.000,0.124,0.0000,0.0000,0
2026-05-06,14:08:37,12312,1,-4.0880,-0.0029,0.0023,0.0672,-0.0255,0,1.0000,-511,1,17.4464,3.2170,-18.0897,1.3309,171.0873,0.000,0.000,0.121,0.0000,0.0000,0
2026-05-06,14:08:37,12350,1,-4.0880,0.0022,0.0014,0.0422,-0.0255,0,1.0000,-511,1,17.5118,2.5671,-17.9456,3.4304,171.0958,0.000,0.000,0.118,0.0000,0.0000,0
2026-05-06,14:08:37,12386,1,-4.0880,-0.0030,0.0018,0.0533,-0.0255,0,1.0000,-511,1,17.5607,1.9995,-17.9175,1.3616,171.0979,0.000,0.000,0.114,0.0000,0.0000,0
2026-05-06,14:08:37,12421,1,-4.0880,0.0125,0.0043,0.1279,-0.0255,0,1.0000,-511,1,17.6167,2.2053,-17.9040,0.5605,171.0905,0.000,0.000,0.111,0.0000,0.0000,0
2026-05-06,14:08:37,12456,1,-4.0880,0.0114,0.0022,0.0636,-0.0255,0,1.0000,-511,1,17.6588,1.5463,-17.9115,0.5113,171.0849,0.000,0.000,0.108,0.0000,0.0000,0
2026-05-06,14:08:38,12997,1,-4.0880,0.0031,0.0017,0.0496,-0.0255,0,1.0000,-511,1,17.6816,1.0734,-17.8935,0.5179,171.0889,0.000,0.000,0.106,0.0000,0.0000,0
2026-05-06,14:08:38,12998,1,-4.0880,0.0022,0.0022,0.0635,-0.0255,0,1.0000,-511,1,17.6959,0.6435,-17.8699,0.5429,171.0930,0.000,0.000,0.102,0.0000,0.0000,0
2026-05-06,14:08:38,12999,1,-4.0880,0.0037,0.0037,0.1099,-0.0255,0,1.0000,-511,1,17.7120,0.4324,-17.8214,0.8040,171.1077,0.000,0.000,0.099,0.0000,0.0000,0
2026-05-06,14:08:38,13000,1,-4.0880,-0.0014,0.0026,0.0779,-0.0255,0,1.0000,-511,1,17.7285,0.4580,-17.7894,0.8338,171.1066,0.000,0.000,0.097,0.0000,0.0000,0
2026-05-06,14:08:38,13001,1,-4.0880,0.0017,0.0022,0.0640,-0.0255,0,1.0000,-511,1,17.7450,0.3480,-17.8069,0.2765,171.1114,0.000,0.000,0.094,0.0000,0.0000,0
2026-05-06,14:08:38,13001,1,-4.0880,0.0033,0.0031,0.0922,-0.0255,0,1.0000,-511,1,17.7626,0.4140,-17.8059,0.1502,171.1119,0.000,0.000,0.090,0.0000,0.0000,0
2026-05-06,14:08:38,13002,1,-4.0880,0.0049,0.0019,0.0566,-0.0255,0,1.0000,-511,1,17.7548,-0.0650,-17.8515,-0.3359,171.1130,0.000,0.000,0.087,0.0000,0.0000,0
2026-05-06,14:08:38,13002,1,-4.0800,0.0016,0.0057,0.1669,-0.0255,0,1.0000,-510,1,17.7557,-0.0699,-17.8477,-0.1922,171.1266,0.000,0.000,0.085,0.0000,0.0000,0
2026-05-06,14:08:38,13003,1,-4.0800,0.0025,0.0013,0.0389,-0.0255,0,1.0000,-510,1,17.7570,0.0181,-17.8822,-0.4748,171.1194,0.000,0.000,0.082,0.0000,0.0000,0
2026-05-06,14:08:38,13004,1,-4.0800,0.0139,0.0013,0.0390,-0.0255,0,1.0000,-510,1,17.7527,-0.0986,-17.8799,-0.2355,171.1186,0.000,0.000,0.079,0.0000,0.0000,0
2026-05-06,14:08:38,13005,1,-4.0800,-0.0054,0.0013,0.0389,-0.0255,0,1.0000,-510,1,17.7608,0.1249,-17.8473,0.1742,171.1167,0.000,0.000,0.076,0.0000,0.0000,0
2026-05-06,14:08:38,13005,1,-4.0880,-0.0001,0.0012,0.0348,-0.0255,0,1.0000,-511,1,17.7495,-0.0296,-17.8235,0.1872,171.1205,0.000,0.000,0.074,0.0000,0.0000,0
2026-05-06,14:08:38,13006,1,-4.0960,-0.0043,0.0029,0.0848,-0.0255,0,1.0000,-512,1,17.7615,0.1839,-17.7805,0.7138,171.1200,0.000,0.000,0.072,0.0000,0.0000,0
2026-05-06,14:08:38,13016,1,-4.0880,-0.0075,0.0022,0.0640,-0.0255,0,1.0000,-511,1,17.7940,1.5983,-17.6331,3.0160,171.1069,0.000,0.000,0.070,0.0000,0.0000,0
2026-05-06,14:08:38,13053,1,-4.0880,0.0057,0.0013,0.0386,-0.0255,0,1.0000,-511,1,17.8105,0.7477,-17.5451,2.6910,171.1113,0.000,0.000,0.066,0.0000,0.0000,0
2026-05-06,14:08:38,13090,1,-4.0880,-0.1008,0.0186,0.5485,-0.0249,0,1.0000,-511,1,20.1233,62.4879,-16.8764,14.6519,151.9144,0.000,0.000,0.063,0.0000,0.0000,0
2026-05-06,14:08:38,13125,1,-4.0880,-0.2071,0.0339,0.9961,-0.0240,0,1.0000,-511,1,24.5129,121.0551,-15.3008,31.4028,155.4067,0.000,0.000,0.060,0.0000,0.0000,0
2026-05-06,14:08:38,13164,1,-4.0880,-0.3177,0.0508,1.4940,-0.0213,0,1.0000,-511,1,24.3312,-60.3037,-16.2171,-16.2943,157.3443,0.000,0.000,0.057,0.0000,0.0000,0
2026-05-06,14:08:38,13200,1,-4.0880,-0.2924,0.0145,0.4276,-0.0193,0,1.0000,-511,1,17.8453,-174.7827,-19.3758,-65.6841,159.0768,0.000,0.000,0.054,0.0000,0.0000,0
2026-05-06,14:08:38,13238,1,-4.0880,-0.0950,0.0295,0.8674,-0.0177,0,1.0000,-511,1,13.4218,-108.9992,-21.4591,-59.8210,160.1300,0.048,0.000,0.050,0.0000,0.0000,0
2026-05-06,14:08:38,13274,1,-4.0880,-0.0654,0.0150,0.4399,-0.0171,0,1.0000,-511,1,15.1535,71.5920,-22.6745,-42.7258,161.8775,0.016,0.000,0.047,0.0000,0.0000,0
2026-05-06,14:08:38,13310,1,-4.0880,-0.0655,0.0182,0.5344,-0.0167,0,1.0000,-511,1,17.7952,39.5598,-23.4388,-32.4395,163.4861,0.000,0.000,0.044,0.0000,0.0000,0
2026-05-06,14:08:38,13347,1,-4.0880,-0.1511,0.0167,0.4924,-0.0157,0,1.0000,-511,1,16.9225,-37.8768,-24.9554,-45.7196,164.7771,0.000,0.000,0.041,0.0000,0.0000,0
2026-05-06,14:08:38,13383,1,-4.0880,-0.0078,0.0125,0.3678,-0.0150,0,1.0000,-511,1,13.4708,-96.7897,-26.4247,-43.3652,165.5858,0.000,0.000,0.038,0.0000,0.0000,0
2026-05-06,14:08:38,13418,1,-4.0800,-0.1196,0.0153,0.4491,-0.0145,0,1.0000,-510,1,10.2947,-79.4062,-27.1764,-28.2724,166.4547,0.000,0.000,0.034,0.0000,0.0000,0
2026-05-06,14:08:38,13454,1,-4.0880,-0.0090,0.0178,0.5227,-0.0137,0,1.0000,-511,1,11.3808,34.4802,-26.5340,4.7344,167.1129,0.000,0.000,0.031,0.0000,0.0000,0
2026-05-06,14:08:39,14462,1,-4.0880,-0.1389,0.0096,0.2826,-0.0131,0,1.0000,-511,1,12.7494,38.6324,-25.9416,8.9272,167.3348,0.000,0.000,0.029,0.0000,0.0000,0
2026-05-06,14:08:39,14463,1,-4.0880,-0.0408,0.0156,0.4582,-0.0127,0,1.0000,-511,1,13.2982,21.4419,-25.5162,9.9975,167.5487,0.000,0.000,0.026,0.0000,0.0000,0
2026-05-06,14:08:39,14464,1,-4.0880,-0.0586,0.0154,0.4540,-0.0121,0,1.0000,-511,1,12.1628,-9.5361,-25.4159,7.6118,167.7844,0.000,0.000,0.024,0.0000,0.0000,0
2026-05-06,14:08:39,14465,1,-4.0880,-0.0554,0.0150,0.4408,-0.0117,0,1.0000,-511,1,10.8016,-25.7543,-25.2748,6.3277,168.0183,0.000,0.000,0.021,0.0000,0.0000,0
2026-05-06,14:08:39,14465,1,-4.0880,-0.0750,0.0090,0.2653,-0.0112,0,1.0000,-511,1,11.6410,3.0160,-25.0507,6.2912,168.2299,0.000,0.000,0.018,0.0000,0.0000,0
2026-05-06,14:08:39,14468,1,-4.0880,-0.0539,0.0124,0.3659,-0.0110,0,1.0000,-511,1,12.1856,9.8520,-24.9498,5.2003,168.3602,0.000,0.000,0.016,0.0000,0.0000,0
2026-05-06,14:08:39,14469,1,-4.0880,-0.0503,0.0198,0.5826,-0.0104,0,1.0000,-511,1,11.9799,-0.3121,-25.1152,1.9243,168.5607,0.000,0.000,0.014,0.0000,0.0000,0
2026-05-06,14:08:39,14470,1,-4.0880,-0.1511,0.0112,0.3288,-0.0097,0,1.0000,-511,1,11.0798,-14.7320,-25.3377,-0.7407,168.6919,0.000,0.000,0.011,0.0000,0.0000,0
2026-05-06,14:08:39,14470,1,-4.0880,-0.1124,0.0244,0.7166,-0.0086,0,1.0000,-511,1,10.9588,-8.0749,-25.5802,-2.9039,168.8626,0.008,0.000,0.009,0.0000,0.0000,0
2026-05-06,14:08:39,14471,1,-4.0880,-0.2065,0.0088,0.2577,-0.0073,0,1.0000,-511,1,10.8790,-2.4932,-25.6640,-2.5834,169.0166,0.000,0.000,0.006,0.0000,0.0000,0
2026-05-06,14:08:39,14471,1,-4.0880,-0.0623,0.0163,0.4789,-0.0069,0,1.0000,-511,1,11.0674,0.9281,-25.6048,-1.1806,169.1563,0.000,0.000,0.003,0.0000,0.0000,0
2026-05-06,14:08:39,14472,1,-4.0880,-0.1156,0.0255,0.7511,-0.0059,0,1.0000,-511,1,11.2710,4.9527,-25.5491,-0.3192,169.2984,0.000,0.000,0.001,0.0000,0.0000,0
2026-05-06,14:08:39,14473,1,-4.0880,-0.0714,0.0265,0.7797,-0.0057,0,1.0000,-511,1,11.3528,4.1317,-25.4766,-0.1032,169.3350,0.000,0.000,0.000,0.0000,0.0000,0
2026-05-06,14:08:39,14474,1,-4.0880,-0.1413,0.0050,0.1483,-0.0045,0,1.0000,-511,1,10.9488,-7.9003,-25.8500,-5.0373,169.4968,0.000,0.000,0.000,0.0000,0.0000,0
2026-05-06,14:08:39,14474,1,-4.0880,-0.0932,0.0173,0.5093,-0.0039,0,1.0000,-511,1,10.6236,-9.0611,-26.1607,-6.4047,169.6051,0.000,0.000,0.000,0.0000,0.0000,0
2026-05-06,14:08:39,14475,1,-4.0880,-0.1741,0.0115,0.3378,-0.0028,0,1.0000,-511,1,10.2872,-8.5585,-26.4966,-7.4014,169.6977,0.000,0.000,0.000,0.0000,0.0000,0
2026-05-06,14:08:39,14475,1,-4.0880,-0.0722,0.0102,0.3010,-0.0024,0,1.0000,-511,1,10.2394,-5.6682,-26.5992,-5.1628,169.8074,0.000,0.000,0.000,0.0000,0.0000,0
2026-05-06,14:08:39,14476,1,-4.0880,-0.0396,0.0112,0.3303,-0.0021,0,1.0000,-511,1,11.0713,11.3122,-26.4287,-1.5288,169.9353,0.000,0.000,0.000,0.0000,0.0000,0
2026-05-06,14:08:39,14477,1,-4.0880,-0.0075,0.0121,0.3556,-0.0019,0,1.0000,-511,1,11.0989,5.2101,-26.2029,1.1227,170.0245,0.000,0.000,0.000,0.0000,0.0000,0
2026-05-06,14:08:39,14478,1,-4.0880,-0.0139,0.0098,0.2881,-0.0019,0,1.0000,-511,1,10.7195,-5.1693,-26.1116,1.6525,170.0931,0.000,0.000,0.000,0.0000,0.0000,0
2026-05-06,14:08:39,14479,1,-4.0880,0.0020,0.0106,0.3116,-0.0019,0,1.0000,-511,1,10.2749,-8.8526,-26.0386,1.7751,170.1666,0.000,0.000,0.000,0.0000,0.0000,0
2026-05-06,14:08:39,14480,1,-4.0880,0.0056,0.0096,0.2809,-0.0019,0,1.0000,-511,1,9.9903,-8.3168,-25.9436,2.1221,170.2000,0.000,0.000,0.000,0.0000,0.0000,0
2026-05-06,14:08:39,14481,1,-4.0880,0.0179,0.0087,0.2546,-0.0020,0,1.0000,-511,1,9.9340,-3.8775,-25.6924,4.8731,170.2726,0.000,0.000,0.000,0.0000,0.0000,0
2026-05-06,14:08:39,14481,1,-4.0880,-0.0098,0.0100,0.2941,-0.0020,0,1.0000,-511,1,9.8958,-1.5760,-25.4404,5.3239,170.3349,0.000,0.000,0.000,0.0000,0.0000,0
2026-05-06,14:08:39,14482,1,-4.0880,-0.0041,0.0099,0.2919,-0.0020,0,1.0000,-511,1,9.8825,-1.0257,-25.2107,5.8931,170.3728,0.000,0.000,0.000,0.0000,0.0000,0
2026-05-06,14:08:39,14482,1,-4.0880,0.0160,0.0087,0.2569,-0.0020,0,1.0000,-511,1,10.1818,0.8316,-24.9566,5.7104,170.4301,0.000,0.000,0.000,0.0000,0.0000,0
2026-05-06,14:08:40,15031,1,-4.0880,-0.0129,0.0119,0.3489,-0.0019,0,1.0000,-511,1,10.4956,4.5126,-24.5390,8.5357,170.4849,0.000,0.000,0.000,0.0000,0.0000,0
2026-05-06,14:08:40,15032,1,-4.0880,-0.0195,0.0150,0.4415,-0.0018,0,1.0000,-511,1,10.5977,3.2240,-24.2145,9.4249,170.5150,0.000,0.000,0.000,0.0000,0.0000,0
2026-05-06,14:08:40,15033,1,-4.0880,-0.0822,0.0108,0.3189,-0.0014,0,1.0000,-511,1,10.5095,-0.5263,-24.0362,8.0887,170.5520,0.000,0.000,0.000,0.0000,0.0000,0
2026-05-06,14:08:40,15034,1,-4.0880,-0.0779,0.0141,0.4134,-0.0009,0,1.0000,-511,1,10.2049,-6.7331,-23.8195,6.9641,170.5949,0.000,0.000,0.000,0.0000,0.0000,0
2026-05-06,14:08:40,15035,1,-4.0880,-0.0213,0.0162,0.4758,-0.0003,0,1.0000,-511,1,10.2934,1.8894,-23.7009,5.7339,170.6794,0.000,0.000,0.000,0.0000,0.0000,0
2026-05-06,14:08:40,15035,1,-4.0880,-0.0092,0.0118,0.3464,-0.0000,0,1.0000,-511,1,10.1386,-1.0097,-23.6071,4.6862,170.7129,0.000,0.000,0.000,0.0000,0.0000,0
2026-05-06,14:08:40,15036,1,-4.0880,-0.0032,0.0095,0.2805,0.0000,0,1.0000,-511,1,10.0732,-2.3478,-23.6474,2.3784,170.7323,0.000,0.000,0.000,0.0000,0.0000,0
2026-05-06,14:08:40,15036,1,-4.0880,0.0225,0.0100,0.2933,0.0000,0,1.0000,-511,1,9.9417,-3.3517,-23.9040,-1.8062,170.7602,0.000,0.000,0.000,0.0000,0.0000,0
2026-05-06,14:08:40,15037,1,-4.0880,-0.0016,0.0109,0.3196,-0.0000,0,1.0000,-511,1,9.7087,-5.0245,-24.1745,-3.6291,170.7728,0.000,0.000,0.000,0.0000,0.0000,0
2026-05-06,14:08:40,15038,1,-4.0880,0.0008,0.0095,0.2806,-0.0000,0,1.0000,-511,1,9.6893,-2.3676,-24.4383,-4.8559,170.8095,0.000,0.000,0.000,0.0000,0.0000,0
2026-05-06,14:08:40,15039,1,-4.0800,0.0058,0.0102,0.2992,0.0000,0,1.0000,-510,1,9.8110,1.4320,-24.8126,-6.8325,170.8133,0.000,0.000,0.000,0.0000,0.0000,0
2026-05-06,14:08:40,15039,1,-4.0880,-0.0027,0.0127,0.3727,0.0001,0,1.0000,-511,1,9.8502,1.2213,-25.1180,-7.7381,170.8275,0.000,0.000,0.000,0.0000,0.0000,0
2026-05-06,14:08:40,15040,1,-4.0800,-0.0224,0.0172,0.5066,0.0002,0,1.0000,-510,1,9.8011,-0.4565,-25.4614,-8.4207,170.8362,0.000,0.000,0.000,0.0000,0.0000,0
2026-05-06,14:08:40,15040,1,-4.0800,-0.0087,0.0134,0.3936,0.0003,0,1.0000,-510,1,9.6623,-2.4759,-25.9396,-10.4359,170.8473,0.000,0.000,0.000,0.0000,0.0000,0
2026-05-06,14:08:40,15042,1,-4.0800,-0.0091,0.0133,0.3899,0.0003,0,1.0000,-510,1,9.9960,-0.3399,-25.9590,-9.2261,170.8749,0.000,0.000,0.000,0.0000,0.0000,0
2026-05-06,14:08:40,15043,1,-4.0800,-0.0563,0.0191,0.5628,0.0007,0,1.0000,-510,1,10.1547,1.9787,-26.4713,-12.9269,170.8848,0.000,0.000,0.000,0.0000,0.0000,0
2026-05-06,14:08:40,15068,1,-4.0800,-0.3531,0.0268,0.7895,0.0031,0,1.0000,-510,1,9.9249,-4.9668,-27.8181,-31.6638,170.9182,0.000,0.000,0.000,0.0000,0.0000,0
2026-05-06,14:08:40,15107,1,-4.0880,-0.5040,0.0198,0.5834,0.0068,0,1.0000,-511,1,9.5642,-7.8440,-28.4777,-21.9420,170.9160,0.000,0.000,0.000,0.0000,0.0000,0
2026-05-06,14:08:40,15144,1,-4.0880,-0.7740,0.0383,1.1265,0.0129,0,1.0000,-511,1,9.3967,0.7528,-28.7801,-13.9319,171.0484,0.064,0.000,0.000,0.0000,0.0000,0
2026-05-06,14:08:40,15180,1,-4.0880,-0.9311,0.0285,0.8391,0.0193,0,1.0000,-511,1,9.0394,-19.7198,-28.5875,-1.2054,171.4784,0.128,0.000,0.000,0.0000,0.0000,0
2026-05-06,14:08:40,15219,1,-4.0880,-1.3104,0.0443,1.3038,0.0290,0,1.0000,-511,1,9.0973,-0.1278,-28.1337,5.8104,171.6776,0.192,0.000,0.000,0.0000,0.0000,0
2026-05-06,14:08:40,15255,1,-4.0880,-1.5428,0.0418,1.2294,0.0398,0,1.0000,-511,1,7.9917,-36.6779,-27.3972,15.3543,171.3142,0.256,0.000,0.000,0.0000,0.0000,0
2026-05-06,14:08:40,15298,1,-4.0880,-1.7116,0.0340,0.9997,0.0523,0,1.0000,-511,1,8.2600,-8.8576,-26.8311,15.7935,171.1656,0.320,0.000,0.000,0.0000,0.0000,0
2026-05-06,14:08:40,15330,1,-4.0880,-1.9259,0.0503,1.4792,0.0679,0,1.0000,-511,1,8.2089,8.3338,-25.7207,27.3888,171.5391,0.384,0.000,0.000,0.0000,0.0000,0
2026-05-06,14:08:40,15366,1,-4.0880,-2.1059,0.0537,1.5799,0.0834,0,1.0000,-511,1,8.0983,-2.4009,-23.7882,48.0062,171.7289,0.448,0.000,0.000,0.0000,0.0000,0
2026-05-06,14:08:40,15404,1,-4.0880,-2.4046,0.0562,1.6524,0.1017,0,1.0000,-511,1,7.5192,-20.9939,-21.7476,53.5593,171.4910,0.512,0.000,0.000,0.0000,0.0000,0
2026-05-06,14:08:41,15918,1,-4.0880,-2.6617,0.0646,1.9004,0.1239,0,1.0000,-511,1,7.6818,-3.1847,-20.6622,42.4218,171.4557,0.576,0.000,0.000,0.0000,0.0000,0
2026-05-06,14:08:41,15919,1,-4.0880,-2.7537,0.0646,1.8998,0.1442,0,1.0000,-511,1,8.1716,8.0287,-19.6156,39.1852,171.6269,0.600,0.000,0.000,0.0000,0.0000,0
2026-05-06,14:08:41,15920,1,-4.0880,-3.3092,0.1043,3.0682,0.1712,0,1.0000,-511,1,8.1266,0.1072,-17.9238,39.2268,171.6977,0.568,0.000,0.000,0.0000,0.0000,0
2026-05-06,14:08:41,15920,1,-4.0880,-3.4644,0.1271,3.7385,0.1961,0,1.0000,-511,1,8.0768,1.2297,-17.1056,34.0522,171.6517,0.544,0.000,0.000,0.0000,0.0000,0
2026-05-06,14:08:41,15921,1,-4.0800,-3.5190,0.1460,4.2927,0.2224,0,1.0000,-510,1,7.6201,-7.5830,-16.7764,26.0892,171.5840,0.520,0.000,0.000,0.0000,0.0000,0
2026-05-06,14:08:41,15921,1,-4.0800,-3.5626,0.1557,4.5800,0.2519,0,1.0000,-510,1,7.0484,-13.2132,-16.5756,19.4920,171.6333,0.520,0.000,0.000,0.0000,0.0000,0
2026-05-06,14:08:41,15922,1,-4.0880,-3.7123,0.1413,4.1553,0.2789,0,1.0000,-511,1,6.4633,-14.0782,-16.3722,15.1695,171.5975,0.568,0.000,0.000,0.0000,0.0000,0
2026-05-06,14:08:41,15924,1,-4.0880,-3.8264,0.1006,2.9593,0.3123,0,1.0000,-511,1,5.6301,-19.5192,-16.2840,9.7504,171.5341,0.632,0.000,0.000,0.0000,0.0000,0
2026-05-06,14:08:41,15925,1,-4.0880,-3.9430,0.0845,2.4856,0.3442,0,1.0000,-511,1,5.1358,-15.8391,-16.3318,5.3361,171.4668,0.696,0.000,0.000,0.0000,0.0000,0
2026-05-06,14:08:41,15925,1,-4.0880,-4.1082,0.1006,2.9586,0.3746,0,1.0000,-511,1,4.4367,-17.3317,-16.1339,5.4647,171.4319,0.744,0.000,0.000,0.0000,0.0000,0
2026-05-06,14:08:41,15926,1,-4.0880,-4.4573,0.1393,4.0967,0.4125,0,1.0000,-511,1,3.9167,-15.5011,-15.8511,5.9437,171.3619,0.808,0.000,0.000,0.0000,0.0000,0
2026-05-06,14:08:41,15927,1,-4.0880,-4.3336,0.1467,4.3140,0.4232,0,1.0000,-511,1,3.2671,-14.8739,-15.9506,4.9917,171.2960,0.824,0.000,0.000,0.0000,0.0000,0
2026-05-06,14:08:41,15927,1,-4.0880,-4.2911,0.1879,5.5264,0.4873,0,1.0000,-511,1,3.1021,-6.5487,-16.0567,2.5900,171.1450,0.872,0.000,0.000,0.0000,0.0000,0
2026-05-06,14:08:41,15950,1,-4.0880,-4.0261,0.1788,5.2589,0.5304,0,1.0000,-511,1,3.3231,8.8977,-16.1201,3.6715,171.0814,0.888,0.000,0.000,0.0000,0.0000,0
2026-05-06,14:08:41,15987,1,-4.0880,-4.0839,0.1768,5.1998,0.5628,0,1.0000,-511,1,3.8934,13.7658,-15.9616,5.1731,171.1378,0.856,0.000,0.000,0.0000,0.0000,0
2026-05-06,14:08:41,16023,1,-4.0960,-4.1660,0.1786,5.2520,0.5942,0,1.0000,-512,1,3.9764,29.6588,-15.6145,10.6445,170.7730,0.824,0.000,0.000,0.0000,0.0000,0
2026-05-06,14:08:41,16058,1,-4.0960,-4.0448,0.1610,4.7351,0.6242,0,1.0000,-512,1,4.0420,-1.7452,-15.6279,4.7366,170.6035,0.792,0.000,0.000,0.0000,0.0000,0
2026-05-06,14:08:41,16093,1,-4.0960,-4.2110,0.1749,5.1455,0.6549,0,1.0000,-512,1,4.7413,7.5411,-16.0315,-5.4322,170.3628,0.760,0.000,0.000,0.0000,0.0000,0
2026-05-06,14:08:41,16132,1,-4.0880,-4.0523,0.1857,5.4628,0.6900,0,1.0000,-511,1,5.0832,25.8975,-17.2944,-23.8364,170.1143,0.728,0.000,0.000,0.0000,0.0000,0
2026-05-06,14:08:41,16168,1,-4.0880,-3.8896,0.1520,4.4719,0.7199,0,1.0000,-511,1,5.1239,-5.8677,-18.5662,-29.7274,170.0242,0.696,0.000,0.000,0.0000,0.0000,0
2026-05-06,14:08:41,16204,1,-4.0880,-3.7068,0.0904,2.6593,0.7484,0,1.0000,-511,1,5.3770,9.7799,-19.5458,-26.9609,169.9246,0.664,0.000,0.000,0.0000,0.0000,0
2026-05-06,14:08:41,16243,1,-4.0880,-2.7500,0.0884,2.5993,0.7769,0,1.0000,-511,1,7.3829,106.4440,-20.2507,-19.8836,169.8357,0.632,0.000,0.000,0.0000,0.0000,0
2026-05-06,14:08:41,16279,1,-4.0880,-0.5794,0.2068,6.0818,0.7841,0,1.0000,-511,1,7.3533,-74.6849,-21.4106,-25.7095,168.8489,0.600,0.000,0.000,0.0000,0.0000,0
2026-05-06,14:08:41,16316,1,-4.0880,-0.5302,0.2195,6.4545,0.7883,0,1.0000,-511,1,7.5965,37.1091,-21.8983,-16.8481,142.3846,0.568,0.000,0.000,0.0000,0.0000,0
2026-05-06,14:08:41,16351,1,-4.0880,-0.5890,0.1898,5.5829,0.7920,0,1.0000,-511,1,7.4796,-52.2784,-21.4292,8.6307,133.9899,0.536,0.000,0.000,0.0000,0.0000,0
2026-05-06,14:08:41,16387,1,-4.0800,-0.4889,0.1352,3.9750,0.7966,0,1.0000,-510,1,8.3303,35.8874,-20.8434,8.8554,138.8037,0.504,0.000,0.000,0.0000,0.0000,0
2026-05-06,14:08:42,16935,1,-4.0800,-0.6916,0.0287,0.8437,0.8006,0,1.0000,-510,1,7.5841,-2.9583,-21.7498,-2.7407,141.1346,0.472,0.000,0.000,0.0000,0.0000,0
2026-05-06,14:08:42,16936,1,-4.0800,-0.6008,0.0491,1.4434,0.8069,0,1.0000,-510,1,7.3830,-3.5833,-21.6563,-0.1738,143.8187,0.448,0.000,0.000,0.0000,0.0000,0
2026-05-06,14:08:42,16937,1,-4.0800,-0.1614,0.0500,1.4719,0.8078,0,1.0000,-510,1,7.5409,-0.6579,-21.2838,3.7090,145.3018,0.424,0.000,0.000,0.0000,0.0000,0
2026-05-06,14:08:42,16938,1,-4.0880,-0.2507,0.0295,0.8668,0.8099,0,1.0000,-511,1,9.6142,34.2069,-21.2228,2.4089,147.2579,0.392,0.000,0.000,0.0000,0.0000,0
2026-05-06,14:08:42,16939,1,-4.0880,-0.2271,0.0289,0.8494,0.8124,0,1.0000,-511,1,9.5315,8.6048,-21.1688,1.9380,149.0620,0.360,0.000,0.000,0.0000,0.0000,0
2026-05-06,14:08:42,16940,1,-4.0880,-0.2311,0.0453,1.3317,0.8139,0,1.0000,-511,1,8.5922,-13.2679,-21.8085,-4.7283,150.2675,0.336,0.000,0.000,0.0000,0.0000,0
2026-05-06,14:08:42,16940,1,-4.0880,-0.3737,0.0486,1.4306,0.8161,0,1.0000,-511,1,8.4298,-7.3650,-22.2372,-7.1474,151.4328,0.312,0.000,0.000,0.0000,0.0000,0
2026-05-06,14:08:42,16941,1,-4.0880,-0.4931,0.0405,1.1899,0.8191,0,1.0000,-511,1,9.0414,8.5756,-22.5241,-7.7864,152.9360,0.288,0.000,0.000,0.0000,0.0000,0
2026-05-06,14:08:42,16941,1,-4.0880,-0.6429,0.0246,0.7223,0.8244,0,1.0000,-511,1,9.6802,12.7572,-22.6771,-6.2668,154.3730,0.256,0.000,0.000,0.0000,0.0000,0
2026-05-06,14:08:42,16942,1,-4.0880,-0.3658,0.0502,1.4756,0.8288,0,1.0000,-511,1,9.4248,2.1834,-22.9785,-7.0652,155.2997,0.232,0.000,0.000,0.0000,0.0000,0
2026-05-06,14:08:42,16943,1,-4.0880,-0.1326,0.0380,1.1164,0.8300,0,1.0000,-511,1,9.1408,-5.7120,-23.7473,-12.4535,156.5730,0.200,0.000,0.000,0.0000,0.0000,0
2026-05-06,14:08:42,16944,1,-4.0880,-0.2767,0.0242,0.7123,0.8317,0,1.0000,-511,1,9.7152,7.4837,-24.3420,-14.0591,157.4374,0.176,0.000,0.000,0.0000,0.0000,0
2026-05-06,14:08:42,16944,1,-4.0880,-0.3671,0.0035,0.1022,0.8333,0,1.0000,-511,1,9.5246,2.6547,-24.6139,-12.4490,157.9686,0.160,0.000,0.000,0.0000,0.0000,0
2026-05-06,14:08:42,16945,1,-4.0880,-0.0918,0.0322,0.9483,0.8348,0,1.0000,-511,1,9.7691,5.0087,-24.7810,-9.0067,158.9612,0.128,0.000,0.000,0.0000,0.0000,0
2026-05-06,14:08:42,16973,1,-4.0880,-0.2484,0.0135,0.3957,0.8366,0,1.0000,-511,1,9.9217,-0.0532,-25.3328,-14.2015,160.7735,0.096,0.000,0.000,0.0000,0.0000,0
2026-05-06,14:08:42,17009,1,-4.0880,-0.0756,0.0163,0.4781,0.8374,0,1.0000,-511,1,10.2115,-1.6009,-26.5772,-32.3716,162.2172,0.064,0.000,0.000,0.0000,0.0000,0
2026-05-06,14:08:42,17048,1,-4.0960,-0.0758,0.0243,0.7155,0.8382,0,1.0000,-512,1,10.3132,20.3445,-28.4484,-47.3938,163.5558,0.032,0.000,0.000,0.0000,0.0000,0
2026-05-06,14:08:42,17084,1,-4.0960,-0.1582,0.0091,0.2684,0.8390,0,1.0000,-512,1,10.3444,-3.5603,-30.3664,-54.4813,164.6132,0.000,0.000,0.000,0.0000,0.0000,0
2026-05-06,14:08:42,17119,1,-4.0960,-0.0558,0.0127,0.3723,0.8396,0,1.0000,-512,1,10.9608,4.1646,-31.7650,-45.8460,165.5320,0.000,0.000,0.000,0.0000,0.0000,0
2026-05-06,14:08:42,17156,1,-1.1840,-0.0886,0.0160,0.4709,0.8401,0,1.0000,-148,1,11.1910,14.3417,-32.0980,-21.1001,166.3829,0.000,0.000,0.000,0.0000,0.0000,0
2026-05-06,14:08:42,17193,1,-1.1840,-0.0364,0.0144,0.4237,0.8406,0,1.0000,-148,1,11.1878,3.2773,-31.6679,1.4750,167.0889,0.000,0.000,0.000,0.0000,0.0000,0
2026-05-06,14:08:42,17228,1,-0.3840,-0.0298,0.0141,0.4159,0.8409,0,1.0000,-48,1,11.1828,3.5375,-30.8009,18.0961,167.7068,0.000,0.000,0.000,0.0000,0.0000,0
2026-05-06,14:08:42,17265,1,0.0000,-0.0241,0.0163,0.4786,0.8412,0,1.0000,0,1,11.2346,4.1552,-29.9297,24.0887,168.1745,0.000,0.000,0.000,0.0000,0.0000,0
2026-05-06,14:08:42,17301,1,0.0000,-0.0174,0.0188,0.5516,0.8414,0,1.0000,0,1,11.2886,1.1943,-29.3386,19.9189,168.5970,0.000,0.000,0.000,0.0000,0.0000,0
2026-05-06,14:08:42,17336,1,0.0000,-0.0230,0.0224,0.6595,0.8415,0,1.0000,0,1,11.4987,5.5536,-28.6646,21.3134,168.8946,0.000,0.000,0.000,0.0000,0.0000,0
2026-05-06,14:08:42,17375,1,0.0000,-0.0029,0.0230,0.6766,0.8416,0,1.0000,0,1,11.5700,2.2015,-28.1383,16.4591,169.1737,0.000,0.000,0.000,0.0000,0.0000,0
2026-05-06,14:08:43,17886,1,0.0000,-0.0056,0.0237,0.6970,0.8417,0,1.0000,0,1,11.6411,2.0375,-28.0893,11.7187,169.2393,0.000,0.000,0.000,0.0000,0.0000,0
2026-05-06,14:08:43,17888,1,0.0000,-0.0030,0.0253,0.7443,0.8418,0,1.0000,0,1,11.6756,1.6554,-28.0811,8.0724,169.3140,0.000,0.000,0.000,0.0000,0.0000,0
2026-05-06,14:08:43,17889,1,0.0000,-0.0216,0.0287,0.8451,0.8419,0,1.0000,0,1,11.7338,1.2734,-28.0478,5.2042,169.4355,0.000,0.000,0.000,0.0000,0.0000,0
2026-05-06,14:08:43,17890,1,0.0000,0.0028,0.0280,0.8245,0.8419,0,1.0000,0,1,11.7533,0.7095,-28.0792,2.8293,169.5652,0.000,0.000,0.000,0.0000,0.0000,0
2026-05-06,14:08:43,17891,1,0.0000,0.0039,0.0280,0.8245,0.8419,0,1.0000,0,1,11.6750,-0.9170,-28.1840,0.7074,169.7045,0.000,0.000,0.000,0.0000,0.0000,0
2026-05-06,14:08:43,17891,1,0.0000,0.0251,0.0240,0.7068,0.8418,0,1.0000,0,1,11.5731,-2.2878,-28.3226,-0.9004,169.7833,0.000,0.000,0.000,0.0000,0.0000,0
2026-05-06,14:08:43,17892,1,-0.0160,-0.0001,0.0249,0.7315,0.8418,0,1.0000,-2,1,11.4715,-2.6862,-28.4716,-2.0409,169.8549,0.000,0.000,0.000,0.0000,0.0000,0
2026-05-06,14:08:43,17892,1,-0.0160,0.0111,0.0228,0.6705,0.8418,0,1.0000,-2,1,11.4322,-1.5851,-28.5763,-2.3140,169.9424,0.000,0.000,0.000,0.0000,0.0000,0
2026-05-06,14:08:43,17893,1,-0.0160,0.0010,0.0208,0.6108,0.8418,0,1.0000,-2,1,11.4843,0.4326,-28.7660,-4.0445,170.0286,0.000,0.000,0.000,0.0000,0.0000,0
2026-05-06,14:08:43,17894,1,0.3200,-0.0095,0.0194,0.5693,0.8418,0,1.0000,40,1,11.4910,0.4408,-28.9180,-4.2522,170.0715,0.000,0.000,0.000,0.0000,0.0000,0
2026-05-06,14:08:43,17895,1,0.4640,0.1642,0.0763,2.2444,0.8411,0,1.0000,58,1,11.8513,5.8141,-29.2269,-5.3852,170.0398,0.000,0.000,0.000,0.0000,0.0000,0
2026-05-06,14:08:43,17895,1,0.4800,0.2927,0.1037,3.0513,0.8388,0,1.0000,60,1,11.9463,7.2614,-29.5027,-5.6195,170.0570,0.000,0.000,0.000,0.0000,0.0000,0
2026-05-06,14:08:43,17906,1,0.4800,0.5183,0.1223,3.5977,0.8319,0,1.0000,60,1,11.4822,-9.0357,-29.5597,-6.6988,170.1970,0.000,0.000,0.000,0.0000,0.0000,0
2026-05-06,14:08:43,17944,1,0.5440,0.5276,0.1137,3.3439,0.8276,0,1.0000,68,1,11.3607,-6.1892,-30.3213,-16.3211,170.3928,0.000,0.000,0.000,0.0000,0.0000,0
2026-05-06,14:08:43,17980,1,0.5440,0.5600,0.0999,2.9373,0.8226,0,1.0000,68,1,10.9265,-30.9155,-31.0148,-20.0840,170.6973,0.016,0.000,0.000,0.0000,0.0000,0
2026-05-06,14:08:43,18016,1,0.5440,0.6436,0.0885,2.6016,0.8181,0,1.0000,68,1,10.9190,3.6220,-31.1611,-12.3709,170.8478,0.080,0.000,0.000,0.0000,0.0000,0
2026-05-06,14:08:43,18052,1,0.6320,0.6486,0.0767,2.2556,0.8134,0,1.0000,79,1,10.2485,-14.9656,-31.3426,-8.0589,170.8810,0.144,0.000,0.000,0.0000,0.0000,0
2026-05-06,14:08:43,18087,1,0.6320,0.7320,0.0732,2.1541,0.8084,0,1.0000,79,1,10.3791,-1.7475,-31.1297,2.4859,170.9783,0.208,0.000,0.000,0.0000,0.0000,0
2026-05-06,14:08:43,18122,1,0.6320,0.6662,0.0714,2.1002,0.8033,0,1.0000,79,1,10.1334,4.9547,-30.7077,9.5410,171.0179,0.272,0.000,0.000,0.0000,0.0000,0
2026-05-06,14:08:43,18158,1,0.6320,0.7265,0.0610,1.7933,0.7982,0,1.0000,79,1,9.9165,-18.4124,-30.2926,11.3677,171.0380,0.240,0.000,0.000,0.0000,0.0000,0
2026-05-06,14:08:43,18193,1,0.6400,0.7390,0.0504,1.4827,0.7930,0,1.0000,80,1,10.0192,7.7670,-29.4773,19.2406,171.2001,0.256,0.000,0.000,0.0000,0.0000,0
2026-05-06,14:08:43,18229,1,0.6320,0.6240,0.0581,1.7075,0.7881,0,1.0000,80,1,9.9848,3.1214,-28.4333,27.6801,171.1967,0.224,0.000,0.000,0.0000,0.0000,0
2026-05-06,14:08:43,18264,1,0.6400,0.6332,0.0625,1.8375,0.7836,0,1.0000,80,1,10.0768,4.4156,-27.2658,33.8215,171.2331,0.192,0.000,0.000,0.0000,0.0000,0
2026-05-06,14:08:43,18300,1,0.6400,0.5793,0.0698,2.0532,0.7789,0,1.0000,80,1,9.9807,1.3410,-26.2357,31.8071,171.1482,0.160,0.000,0.000,0.0000,0.0000,0
2026-05-06,14:08:43,18336,1,0.6400,0.5205,0.0803,2.3603,0.7745,0,1.0000,80,1,9.8475,-6.6585,-25.4245,25.7519,171.1795,0.128,0.000,0.000,0.0000,0.0000,0
2026-05-06,14:08:43,18372,1,0.6400,0.5958,0.0802,2.3599,0.7697,0,1.0000,80,1,10.1350,-3.8371,-24.4235,29.1167,171.2057,0.096,0.000,0.000,0.0000,0.0000,0
2026-05-06,14:08:44,19374,1,0.6400,0.6293,0.0809,2.3793,0.7656,0,1.0000,80,1,10.2763,1.3017,-23.8477,25.5712,171.2824,0.072,0.000,0.000,0.0000,0.0000,0
2026-05-06,14:08:44,19375,1,0.6480,0.5864,0.0845,2.4846,0.7609,0,1.0000,81,1,10.2899,0.4530,-23.2351,23.0159,171.3287,0.048,0.000,0.000,0.0000,0.0000,0
2026-05-06,14:08:44,19376,1,0.6480,0.6019,0.0917,2.6975,0.7566,0,1.0000,81,1,10.3487,0.9372,-22.6804,21.1727,171.3650,0.024,0.000,0.000,0.0000,0.0000,0
2026-05-06,14:08:44,19378,1,0.6480,0.5825,0.0911,2.6788,0.7517,0,1.0000,81,1,10.1937,-2.5548,-22.1110,18.9109,171.3689,0.000,0.000,0.000,0.0000,0.0000,0
2026-05-06,14:08:44,19379,1,0.6480,0.6661,0.0878,2.5834,0.7469,0,1.0000,81,1,10.4203,2.1078,-21.7591,16.1466,171.3795,0.000,0.000,0.000,0.0000,0.0000,0
2026-05-06,14:08:44,19380,1,0.6320,0.6321,0.0999,2.9376,0.7417,0,1.0000,79,1,10.5178,3.0066,-21.3620,13.4781,171.4175,0.000,0.000,0.000,0.0000,0.0000,0
2026-05-06,14:08:44,19381,1,0.6320,0.6924,0.0947,2.7853,0.7371,0,1.0000,79,1,10.3085,-2.2816,-21.0198,12.5656,171.4434,0.000,0.000,0.000,0.0000,0.0000,0
2026-05-06,14:08:44,19381,1,0.6320,0.7471,0.0812,2.3875,0.7317,0,1.0000,79,1,10.3666,-0.0233,-20.6032,12.2338,171.4856,0.000,0.000,0.000,0.0000,0.0000,0
2026-05-06,14:08:44,19382,1,0.6320,0.6622,0.0751,2.2076,0.7259,0,1.0000,79,1,10.2105,-2.4503,-20.1620,11.9648,171.4862,0.000,0.000,0.000,0.0000,0.0000,0
2026-05-06,14:08:44,19382,1,0.6320,0.6316,0.0723,2.1273,0.7209,0,1.0000,79,1,10.0544,-3.6129,-19.9267,10.1669,171.4737,0.000,0.000,0.000,0.0000,0.0000,0
2026-05-06,14:08:44,19383,1,0.6320,0.5848,0.0723,2.1269,0.7150,0,1.0000,79,1,10.1552,-0.3282,-19.7941,7.2891,171.4582,0.000,0.000,0.000,0.0000,0.0000,0
2026-05-06,14:08:44,19385,1,0.6320,0.6494,0.0692,2.0341,0.7102,0,1.0000,79,1,10.0769,-1.6578,-19.7460,5.4162,171.4698,0.000,0.000,0.000,0.0000,0.0000,0
2026-05-06,14:08:44,19385,1,0.6320,0.6494,0.0692,2.0341,0.7102,0,1.0000,79,1,10.1760,-0.7376,-19.4421,5.5107,171.5209,0.000,0.000,0.000,0.0000,0.0000,0
2026-05-06,14:08:44,19386,1,0.5920,0.5519,0.0569,1.6750,0.6984,0,1.0000,74,1,10.0393,-1.5740,-19.4523,1.5608,171.5197,0.000,0.000,0.000,0.0000,0.0000,0
2026-05-06,14:08:44,19386,1,0.5920,0.6211,0.0526,1.5481,0.6934,0,1.0000,74,1,9.8085,-5.3531,-19.5708,-0.2623,171.5268,0.000,0.000,0.000,0.0000,0.0000,0
2026-05-06,14:08:44,19387,1,0.5920,0.5797,0.0602,1.7714,0.6882,0,1.0000,74,1,10.1460,4.9724,-19.6637,-1.1760,171.5355,0.000,0.000,0.000,0.0000,0.0000,0
2026-05-06,14:08:44,19389,1,0.5920,0.4961,0.0740,2.1757,0.6836,0,1.0000,74,1,10.2844,5.7282,-20.1197,-6.7347,171.4877,0.000,0.000,0.000,0.0000,0.0000,0
2026-05-06,14:08:44,19389,1,0.5920,0.4940,0.0859,2.5265,0.6805,0,1.0000,74,1,10.2151,0.4570,-20.4087,-7.2945,171.4666,0.000,0.000,0.000,0.0000,0.0000,0
2026-05-06,14:08:44,19390,1,0.5920,0.6158,0.0849,2.4960,0.6756,0,1.0000,74,1,10.1703,-0.6227,-20.8041,-8.2642,171.4826,0.000,0.000,0.000,0.0000,0.0000,0
2026-05-06,14:08:44,19391,1,0.5920,0.6515,0.0722,2.1229,0.6695,0,1.0000,74,1,10.0649,-1.8695,-21.1308,-7.8932,171.5049,0.000,0.000,0.000,0.0000,0.0000,0
2026-05-06,14:08:44,19391,1,0.6320,0.7524,0.0562,1.6524,0.6636,0,1.0000,79,1,9.8603,-6.9521,-21.5069,-8.7043,171.5187,0.000,0.000,0.000,0.0000,0.0000,0
2026-05-06,14:08:44,19392,1,0.6320,0.7782,0.0424,1.2468,0.6579,0,1.0000,79,1,9.6614,-4.5192,-22.0614,-12.1519,171.5257,0.000,0.000,0.000,0.0000,0.0000,0
2026-05-06,14:08:44,19392,1,0.6320,0.6799,0.0310,0.9108,0.6517,0,1.0000,79,1,9.1029,-11.0459,-22.4745,-11.3282,171.4779,0.032,0.000,0.000,0.0000,0.0000,0
2026-05-06,14:08:44,19393,1,0.7120,0.6401,0.0281,0.8272,0.6441,0,1.0000,89,1,7.7950,-15.0196,-22.9317,-10.1788,171.4956,0.072,0.000,0.000,0.0000,0.0000,0
2026-05-06,14:08:44,19394,1,0.9840,0.7017,0.0399,1.1746,0.6329,0,1.0000,123,1,8.8603,12.5164,-22.9507,-7.3885,171.4855,0.096,0.000,0.000,0.0000,0.0000,0
2026-05-06,14:08:44,19415,1,1.0240,0.8261,0.0723,2.1254,0.6260,0,1.0000,128,1,10.2686,29.3935,-23.0311,-4.3667,171.7029,0.064,0.000,0.000,0.0000,0.0000,0
2026-05-06,14:08:45,19925,1,1.0240,0.8013,0.0983,2.8922,0.6204,0,1.0000,128,1,11.2940,30.5891,-22.5136,2.1643,171.7546,0.040,0.000,0.000,0.0000,0.0000,0
2026-05-06,14:08:45,19926,1,1.0320,0.9483,0.1014,2.9824,0.6134,0,1.0000,129,1,10.7360,0.0219,-22.3508,2.8835,171.7072,0.016,0.000,0.000,0.0000,0.0000,0
2026-05-06,14:08:45,19927,1,1.0160,0.8837,0.1108,3.2587,0.6065,0,1.0000,127,1,9.5401,-18.4080,-22.4783,0.7451,171.6389,0.000,0.000,0.000,0.0000,0.0000,0
2026-05-06,14:08:45,19928,1,1.0160,1.0795,0.1019,2.9956,0.5991,0,1.0000,127,1,9.7126,-4.4689,-22.4672,0.7006,171.6292,0.000,0.000,0.000,0.0000,0.0000,0
2026-05-06,14:08:45,19928,1,1.0240,1.0315,0.0969,2.8485,0.5915,0,1.0000,128,1,10.0230,3.5106,-22.2332,2.7001,171.6916,0.000,0.000,0.000,0.0000,0.0000,0
2026-05-06,14:08:45,19929,1,1.0240,1.1937,0.0787,2.3155,0.5832,0,1.0000,128,1,9.8171,-3.5764,-22.0525,3.4728,171.6987,0.000,0.000,0.000,0.0000,0.0000,0
2026-05-06,14:08:45,19929,1,1.0240,0.9998,0.0764,2.2470,0.5750,0,1.0000,128,1,8.7633,-17.9995,-21.7342,5.3067,171.7484,0.016,0.000,0.000,0.0000,0.0000,0
2026-05-06,14:08:45,19931,1,1.0240,1.1041,0.0688,2.0231,0.5672,0,1.0000,128,1,8.4250,-13.7172,-21.3445,7.3312,171.7018,0.064,0.000,0.000,0.0000,0.0000,0
2026-05-06,14:08:45,19932,1,1.0240,0.8936,0.0819,2.4102,0.5595,0,1.0000,128,1,8.3488,-3.8105,-20.7966,10.2554,171.6992,0.128,0.000,0.000,0.0000,0.0000,0
2026-05-06,14:08:45,19933,1,1.0240,1.1214,0.0635,1.8675,0.5515,0,1.0000,128,1,8.3438,-3.3115,-20.4124,10.6499,171.6653,0.176,0.000,0.000,0.0000,0.0000,0
2026-05-06,14:08:45,19934,1,1.0240,0.9550,0.0781,2.2969,0.5424,0,1.0000,128,1,8.0302,-4.4643,-19.9375,10.7086,171.6810,0.240,0.000,0.000,0.0000,0.0000,0
2026-05-06,14:08:45,19935,1,1.0240,1.0481,0.0699,2.0551,0.5348,0,1.0000,128,1,7.4540,-7.3763,-19.0570,11.0930,171.7344,0.288,0.000,0.000,0.0000,0.0000,0
2026-05-06,14:08:45,19935,1,1.0320,1.0223,0.0803,2.3623,0.5182,0,1.0000,129,1,7.2543,-5.6015,-18.2614,16.3264,171.7655,0.336,0.000,0.000,0.0000,0.0000,0
2026-05-06,14:08:45,19949,1,1.0320,1.0476,0.0818,2.4068,0.5102,0,1.0000,129,1,7.7097,10.1986,-17.6722,17.9760,171.6962,0.336,0.000,0.000,0.0000,0.0000,0
2026-05-06,14:08:45,19985,1,1.0320,0.9947,0.0813,2.3920,0.5020,0,1.0000,129,1,7.1967,-11.2079,-16.6724,25.8689,171.5858,0.328,0.000,0.000,0.0000,0.0000,0
2026-05-06,14:08:45,20023,1,1.0240,1.0357,0.0833,2.4500,0.4944,0,1.0000,128,1,7.6057,8.8177,-16.2138,16.8015,171.5027,0.320,0.000,0.000,0.0000,0.0000,0
2026-05-06,14:08:45,20059,1,1.0320,1.0810,0.0739,2.1733,0.4859,0,1.0000,129,1,7.1151,-13.6126,-15.8881,11.2432,171.4964,0.312,0.000,0.000,0.0000,0.0000,0
2026-05-06,14:08:45,20095,1,1.0320,1.0865,0.0771,2.2678,0.4778,0,1.0000,129,1,7.6811,9.0930,-15.8596,3.3697,171.4876,0.280,0.000,0.000,0.0000,0.0000,0
2026-05-06,14:08:45,20131,1,1.0320,0.9441,0.0803,2.3629,0.4697,0,1.0000,129,1,7.0475,-11.7271,-15.8534,-0.2398,171.4922,0.272,0.000,0.000,0.0000,0.0000,0
2026-05-06,14:08:45,20167,1,1.0320,1.0679,0.0805,2.3685,0.4621,0,1.0000,129,1,7.5493,6.4293,-16.1773,-7.2293,171.4179,0.240,0.000,0.000,0.0000,0.0000,0
2026-05-06,14:08:45,20204,1,1.0240,0.9316,0.0826,2.4305,0.4540,0,1.0000,128,1,7.1578,-2.7828,-16.4081,-7.5675,171.4094,0.208,0.000,0.000,0.0000,0.0000,0
2026-05-06,14:08:45,20242,1,1.0240,1.0380,0.0807,2.3738,0.4456,0,1.0000,128,1,7.6386,-0.8487,-16.6893,-8.7947,171.3434,0.176,0.000,0.000,0.0000,0.0000,0
2026-05-06,14:08:45,20277,1,1.0240,0.8990,0.0945,2.7791,0.4384,0,1.0000,128,1,7.2641,-0.9653,-17.1523,-14.0436,171.4050,0.168,0.000,0.000,0.0000,0.0000,0
2026-05-06,14:08:45,20313,1,1.0240,1.0789,0.0829,2.4381,0.4304,0,1.0000,128,1,7.2264,-16.2326,-17.4967,-10.8084,171.3855,0.136,0.000,0.000,0.0000,0.0000,0
2026-05-06,14:08:45,20349,1,1.0240,0.8704,0.0957,2.8152,0.4227,0,1.0000,128,1,6.9628,-0.3461,-17.5364,-6.1088,171.3354,0.200,0.000,0.000,0.0000,0.0000,0
2026-05-06,14:08:45,20384,1,1.0240,1.1472,0.0776,2.2814,0.4148,0,1.0000,128,1,7.0480,-13.3557,-17.7798,-7.8296,171.1842,0.168,0.000,0.000,0.0000,0.0000,0
2026-05-06,14:08:46,20934,1,1.0240,0.9491,0.0926,2.7224,0.4065,0,1.0000,128,1,7.0743,1.5514,-17.8407,-4.7729,171.2169,0.184,0.000,0.000,0.0000,0.0000,0
2026-05-06,14:08:46,20935,1,1.0240,1.1386,0.0691,2.0311,0.3956,0,1.0000,128,1,6.8011,-3.9938,-17.5890,-0.5725,171.2553,0.152,0.000,0.000,0.0000,0.0000,0
2026-05-06,14:08:46,20935,1,1.0320,1.0856,0.0697,2.0499,0.3883,0,1.0000,129,1,7.0691,3.0834,-17.4639,0.8070,171.2694,0.128,0.000,0.000,0.0000,0.0000,0
2026-05-06,14:08:46,20936,1,1.0320,1.0229,0.0702,2.0647,0.3790,0,1.0000,129,1,6.5825,-8.3166,-17.2163,3.0766,171.2737,0.096,0.000,0.000,0.0000,0.0000,0
2026-05-06,14:08:46,20937,1,1.0320,1.0944,0.0730,2.1472,0.3706,0,1.0000,129,1,6.6807,-1.7623,-16.9400,4.5424,171.2702,0.064,0.000,0.000,0.0000,0.0000,0
2026-05-06,14:08:46,20937,1,1.0320,0.9837,0.0672,1.9765,0.3630,0,1.0000,129,1,6.5339,-2.2548,-16.5225,7.1335,171.2764,0.040,0.000,0.000,0.0000,0.0000,0
2026-05-06,14:08:46,20939,1,1.0320,1.0858,0.0664,1.9521,0.3555,0,1.0000,129,1,6.7506,1.9369,-16.1926,7.9472,171.2793,0.016,0.000,0.000,0.0000,0.0000,0
2026-05-06,14:08:46,20940,1,1.0320,0.8597,0.0795,2.3385,0.3469,0,1.0000,129,1,6.4671,-3.3446,-15.6725,9.9847,171.2582,0.000,0.000,0.000,0.0000,0.0000,0
2026-05-06,14:08:46,20941,1,1.0160,1.0898,0.0691,2.0318,0.3376,0,1.0000,127,1,6.4158,-4.0149,-15.0932,11.6685,171.2778,0.000,0.000,0.000,0.0000,0.0000,0
2026-05-06,14:08:46,20941,1,1.0160,0.9908,0.0813,2.3898,0.3292,0,1.0000,127,1,6.5953,3.4818,-14.4070,13.8477,171.2978,0.000,0.000,0.000,0.0000,0.0000,0
2026-05-06,14:08:46,20942,1,1.0160,1.0539,0.0721,2.1203,0.3199,0,1.0000,127,1,6.2925,-4.8084,-13.6971,15.1275,171.3126,0.000,0.000,0.000,0.0000,0.0000,0
2026-05-06,14:08:46,20942,1,1.0160,1.0592,0.0757,2.2266,0.3128,0,1.0000,127,1,6.3966,-2.8255,-12.9686,14.1696,171.3399,0.000,0.000,0.000,0.0000,0.0000,0
2026-05-06,14:08:46,20943,1,1.0160,1.0178,0.0750,2.2062,0.2973,0,1.0000,127,1,6.4211,0.1484,-12.5928,13.2265,171.2924,0.000,0.000,0.000,0.0000,0.0000,0
2026-05-06,14:08:46,20965,1,1.0160,0.9099,0.0769,2.2616,0.2872,0,1.0000,127,1,5.2683,-29.6357,-12.0837,13.3591,171.3050,0.032,0.000,0.000,0.0000,0.0000,0
2026-05-06,14:08:46,21000,1,1.0160,1.0756,0.0715,2.1036,0.2797,0,1.0000,127,1,5.1677,-16.1191,-11.6129,14.7450,171.2842,0.096,0.000,0.000,0.0000,0.0000,0
2026-05-06,14:08:46,21040,1,1.0240,0.9354,0.0695,2.0440,0.2707,0,1.0000,128,1,4.1251,-18.1806,-11.0462,14.2981,171.2943,0.160,0.000,0.000,0.0000,0.0000,0
2026-05-06,14:08:46,21076,1,1.0240,1.0501,0.0685,2.0151,0.2627,0,1.0000,128,1,3.9973,-18.7089,-10.9061,6.2157,171.2839,0.224,0.000,0.000,0.0000,0.0000,0
2026-05-06,14:08:46,21112,1,1.0240,0.9129,0.0791,2.3262,0.2552,0,1.0000,128,1,3.2430,-9.9933,-11.2177,-5.4290,171.2825,0.288,0.000,0.000,0.0000,0.0000,0
2026-05-06,14:08:46,21148,1,1.0240,1.0893,0.0708,2.0838,0.2473,0,1.0000,128,1,3.1256,-16.2894,-11.6588,-11.8410,171.2245,0.352,0.000,0.000,0.0000,0.0000,0
2026-05-06,14:08:46,21183,1,1.0240,0.8788,0.0823,2.4199,0.2397,0,1.0000,128,1,2.6923,-6.7743,-12.3762,-18.9489,171.2127,0.416,0.000,0.000,0.0000,0.0000,0
2026-05-06,14:08:46,21219,1,1.0240,1.0805,0.0704,2.0714,0.2317,0,1.0000,128,1,2.6489,-12.8548,-12.8713,-17.4136,171.2422,0.480,0.000,0.000,0.0000,0.0000,0
2026-05-06,14:08:46,21258,1,1.0160,0.9202,0.0900,2.6457,0.2236,0,1.0000,127,1,2.4134,3.5418,-13.4770,-17.4832,171.2426,0.544,0.000,0.000,0.0000,0.0000,0
2026-05-06,14:08:46,21294,1,1.0160,1.0322,0.0814,2.3931,0.2159,0,1.0000,127,1,2.1030,-21.4921,-13.8700,-15.7027,171.2317,0.560,0.000,0.000,0.0000,0.0000,0
2026-05-06,14:08:46,21331,1,1.0160,0.9647,0.0909,2.6724,0.2081,0,1.0000,127,1,2.0789,6.5568,-14.0509,-8.5847,171.1962,0.624,0.000,0.000,0.0000,0.0000,0
2026-05-06,14:08:46,21366,1,1.0160,1.1174,0.0706,2.0774,0.1998,0,1.0000,127,1,1.7642,-17.9417,-14.1209,-6.5707,171.1610,0.616,0.000,0.000,0.0000,0.0000,0
2026-05-06,14:08:46,21404,1,1.0160,1.0068,0.0814,2.3938,0.1920,0,1.0000,127,1,1.7185,8.0902,-14.6230,-10.9593,171.1549,0.680,0.000,0.000,0.0000,0.0000,0
2026-05-06,14:08:47,21916,1,1.0160,1.1323,0.0632,1.8597,0.1823,0,1.0000,127,1,1.4015,-2.8836,-14.5801,-6.1351,171.1386,0.648,0.000,0.000,0.0000,0.0000,0
2026-05-06,14:08:47,21917,1,1.0160,1.0106,0.0698,2.0535,0.1750,0,1.0000,127,1,1.5137,0.7491,-14.4495,-3.0127,171.1596,0.624,0.000,0.000,0.0000,0.0000,0
2026-05-06,14:08:47,21918,1,1.0240,0.9896,0.0726,2.1345,0.1676,0,1.0000,128,1,1.1789,-5.3721,-14.2509,-0.1198,171.1741,0.600,0.000,0.000,0.0000,0.0000,0
2026-05-06,14:08:47,21918,1,1.0240,1.0068,0.0832,2.4470,0.1609,0,1.0000,128,1,1.2413,-0.8321,-13.9956,2.3937,171.1679,0.576,0.000,0.000,0.0000,0.0000,0
2026-05-06,14:08:47,21919,1,1.0240,1.1090,0.0674,1.9833,0.1531,0,1.0000,128,1,1.0506,-3.6625,-13.7140,4.3023,171.1936,0.552,0.000,0.000,0.0000,0.0000,0
2026-05-06,14:08:47,21919,1,1.0240,0.9233,0.0893,2.6274,0.1461,0,1.0000,128,1,1.2356,1.9645,-13.3286,6.4608,171.1844,0.528,0.000,0.000,0.0000,0.0000,0
2026-05-06,14:08:47,21921,1,1.0160,1.0063,0.0847,2.4923,0.1374,0,1.0000,127,1,0.9611,-7.1124,-12.6365,12.7043,171.2256,0.496,0.000,0.000,0.0000,0.0000,0
2026-05-06,14:08:47,21922,1,1.0160,1.0642,0.0912,2.6809,0.1301,0,1.0000,127,1,0.9628,-2.8517,-12.1904,12.7377,171.1918,0.472,0.000,0.000,0.0000,0.0000,0
2026-05-06,14:08:47,21923,1,1.0160,1.0678,0.0856,2.5184,0.1223,0,1.0000,127,1,0.6773,-6.0425,-11.6839,13.4604,171.1690,0.448,0.000,0.000,0.0000,0.0000,0
2026-05-06,14:08:47,21923,1,1.0160,1.0045,0.0948,2.7884,0.1153,0,1.0000,127,1,0.6882,-1.7797,-11.2007,13.8096,171.1391,0.424,0.000,0.000,0.0000,0.0000,0
2026-05-06,14:08:47,21924,1,1.0160,1.0582,0.0865,2.5454,0.1081,0,1.0000,127,1,0.6151,-2.3714,-10.7579,13.7498,171.1820,0.400,0.000,0.000,0.0000,0.0000,0
2026-05-06,14:08:47,21924,1,1.0160,0.9892,0.0951,2.7960,0.1008,0,1.0000,127,1,0.6099,-0.3398,-10.1946,12.5711,171.2453,0.376,0.000,0.000,0.0000,0.0000,0
2026-05-06,14:08:47,21925,1,1.0160,1.0423,0.0783,2.3021,0.0823,0,1.0000,127,1,0.8651,5.4556,-9.7691,12.2602,171.2490,0.352,0.000,0.000,0.0000,0.0000,0
2026-05-06,14:08:47,21947,1,1.0160,0.8509,0.0902,2.6540,0.0738,0,1.0000,127,0,0.3152,-10.4287,-9.0994,16.9018,171.2543,0.320,0.000,0.000,0.0000,0.0000,0
2026-05-06,14:08:47,21983,1,1.0160,0.9896,0.0939,2.7608,0.0667,0,1.0000,127,0,0.9928,15.2915,-8.8576,11.4127,171.0957,0.288,0.000,0.000,0.0000,0.0000,0
2026-05-06,14:08:47,22019,1,1.0160,0.9902,0.0926,2.7238,0.0586,0,1.0000,127,0,0.5785,-7.0732,-8.6628,6.2811,171.1079,0.256,0.000,0.000,0.0000,0.0000,0
2026-05-06,14:08:47,22057,1,1.0160,0.9941,0.1018,2.9939,0.0510,0,1.0000,127,0,0.8172,-2.5193,-8.9401,-3.0105,171.1120,0.224,0.000,0.000,0.0000,0.0000,0
2026-05-06,14:08:47,22092,1,1.0160,0.8829,0.1084,3.1895,0.0435,0,1.0000,127,0,0.3428,-14.1943,-9.5377,-15.1946,171.0981,0.192,0.000,0.000,0.0000,0.0000,0
2026-05-06,14:08:47,22127,1,1.0160,1.0396,0.1070,3.1476,0.0362,0,1.0000,127,0,0.7989,6.4165,-10.5946,-26.1097,171.0477,0.160,0.000,0.000,0.0000,0.0000,0
2026-05-06,14:08:47,22163,1,1.0160,0.9773,0.1037,3.0499,0.0282,0,1.0000,127,0,0.2663,-17.0763,-11.3522,-23.0893,171.0084,0.128,0.000,0.000,0.0000,0.0000,0
2026-05-06,14:08:47,22198,1,1.0160,0.9914,0.1117,3.2841,0.0210,0,1.0000,127,0,0.6192,3.2164,-11.7925,-16.8518,171.0375,0.096,0.000,0.000,0.0000,0.0000,0
2026-05-06,14:08:47,22233,1,1.0160,0.9659,0.1110,3.2648,0.0132,0,1.0000,127,0,-0.0634,-20.2603,-12.3692,-18.1449,170.9547,0.112,0.000,0.000,0.0000,0.0000,0
2026-05-06,14:08:47,22269,1,1.0160,1.0804,0.1092,3.2110,0.0056,0,1.0000,127,0,0.6410,16.3742,-12.9097,-15.9956,170.8414,0.104,0.000,0.000,0.0000,0.0000,0
2026-05-06,14:08:47,22304,1,0.0000,0.9840,0.1053,3.0984,-0.0025,0,1.0000,127,0,-0.0034,-26.7520,-13.5036,-16.7111,170.7781,0.072,0.000,0.000,0.0000,0.0000,0
2026-05-06,14:08:47,22339,1,0.0000,0.3405,0.0340,1.0013,-0.0054,0,1.0000,127,0,0.2782,25.9521,-14.0540,-16.5989,171.1301,0.112,0.000,0.000,0.0000,0.0000,0
2026-05-06,14:08:47,22375,1,0.0000,0.1449,0.0127,0.3737,-0.0071,0,1.0000,127,0,-1.1545,-47.7037,-14.3871,-11.5197,171.2040,0.080,0.000,0.000,0.0000,0.0000,0
2026-05-06,14:08:48,23344,1,0.0000,-0.0004,0.0182,0.5364,-0.0071,0,1.0000,127,0,-2.0492,-34.8415,-14.4827,-8.7666,171.2211,0.056,0.000,0.000,0.0000,0.0000,0
2026-05-06,14:08:48,23345,1,0.0000,-0.0239,0.0204,0.6000,-0.0070,0,1.0000,127,0,-2.1415,-14.4824,-14.2843,-3.9843,171.2550,0.032,0.000,0.000,0.0000,0.0000,0
2026-05-06,14:08:48,23345,1,1.0160,-0.0014,0.0233,0.6861,-0.0069,0,1.0000,127,1,-0.4793,22.6126,-13.7183,2.6197,171.3030,0.008,0.000,0.000,0.0000,0.0000,0
2026-05-06,14:08:48,23346,1,1.0160,-0.0096,0.0242,0.7131,-0.0068,0,1.0000,127,1,0.6133,24.7160,-13.1665,7.3106,171.2805,0.000,0.000,0.000,0.0000,0.0000,0
2026-05-06,14:08:48,23346,1,1.0160,0.0083,0.0243,0.7138,-0.0068,0,1.0000,127,1,0.1505,0.8117,-13.1186,5.2994,171.2281,0.000,0.000,0.000,0.0000,0.0000,0
2026-05-06,14:08:48,23347,1,1.0160,-0.0145,0.0275,0.8074,-0.0068,0,1.0000,127,1,-0.7067,-13.0534,-13.2326,2.5994,171.2093,0.000,0.000,0.000,0.0000,0.0000,0
2026-05-06,14:08:48,23348,1,1.0160,-0.0152,0.0290,0.8537,-0.0066,0,1.0000,127,1,-0.3113,2.7446,-13.1398,2.7215,171.1864,0.000,0.000,0.000,0.0000,0.0000,0
2026-05-06,14:08:48,23349,1,1.0160,-0.0058,0.0309,0.9094,-0.0065,0,1.0000,127,1,0.8898,21.7064,-12.9577,3.5535,171.1788,0.000,0.000,0.000,0.0000,0.0000,0
2026-05-06,14:08:48,23350,1,1.0080,0.0007,0.0316,0.9281,-0.0064,0,1.0000,126,1,1.3924,14.0296,-12.9035,2.6593,171.1702,0.000,0.000,0.000,0.0000,0.0000,0
2026-05-06,14:08:48,23351,1,1.0080,-0.0078,0.0322,0.9476,-0.0064,0,1.0000,126,1,1.0522,0.2212,-12.9787,1.1102,171.1663,0.000,0.000,0.000,0.0000,0.0000,0
2026-05-06,14:08:48,23352,1,0.9040,-0.0071,0.0329,0.9664,-0.0064,0,1.0000,113,1,1.3154,6.2023,-12.9761,0.7380,171.1297,0.000,0.000,0.000,0.0000,0.0000,0
2026-05-06,14:08:48,23352,1,0.0000,-0.0087,0.0338,0.9936,-0.0063,0,1.0000,0,1,1.9189,12.5058,-12.9910,0.3513,171.1086,0.000,0.000,0.000,0.0000,0.0000,0
2026-05-06,14:08:48,23353,1,0.0000,-0.0235,0.0351,1.0322,-0.0063,0,1.0000,0,1,2.4712,12.1409,-13.1856,-0.1579,171.0892,0.000,0.000,0.000,0.0000,0.0000,0
2026-05-06,14:08:48,23353,1,0.0000,0.0059,0.0332,0.9759,-0.0064,0,1.0000,0,1,2.5161,5.6664,-13.0718,1.7509,171.1034,0.000,0.000,0.000,0.0000,0.0000,0
2026-05-06,14:08:48,23354,1,0.0000,0.0083,0.0322,0.9473,-0.0064,0,1.0000,0,1,2.7597,6.6080,-12.9464,2.3730,171.1125,0.000,0.000,0.000,0.0000,0.0000,0
2026-05-06,14:08:48,23355,1,0.0000,0.0047,0.0338,0.9940,-0.0064,0,1.0000,0,1,2.9835,6.4145,-12.8195,2.7874,171.1217,0.000,0.000,0.000,0.0000,0.0000,0
2026-05-06,14:08:48,23356,1,0.0000,-0.0051,0.0316,0.9285,-0.0064,0,1.0000,0,1,3.0778,3.5912,-12.7519,2.2979,171.1093,0.000,0.000,0.000,0.0000,0.0000,0
2026-05-06,14:08:48,23356,1,0.0000,-0.0142,0.0351,1.0322,-0.0063,0,1.0000,0,1,3.1696,3.0332,-12.7032,2.0259,171.1056,0.000,0.000,0.000,0.0000,0.0000,0
2026-05-06,14:08:48,23357,1,0.0000,0.0110,0.0335,0.9846,-0.0063,0,1.0000,0,1,3.3942,5.1872,-12.6271,2.1249,171.1128,0.000,0.000,0.000,0.0000,0.0000,0
2026-05-06,14:08:48,23357,1,0.0000,-0.0307,0.0377,1.1081,-0.0062,0,1.0000,0,1,3.4018,2.2343,-12.5491,2.2338,171.1077,0.000,0.000,0.000,0.0000,0.0000,0
2026-05-06,14:08:48,23358,1,0.0000,-0.0365,0.0418,1.2282,-0.0059,0,1.0000,0,1,3.4409,1.6708,-12.5216,1.7583,171.1037,0.000,0.000,0.000,0.0000,0.0000,0
2026-05-06,14:08:48,23359,1,0.0000,-0.0357,0.0464,1.3640,-0.0058,0,1.0000,0,1,3.4392,0.5929,-12.5293,1.1148,171.1087,0.000,0.000,0.000,0.0000,0.0000,0
2026-05-06,14:08:48,23361,1,0.0000,-0.0253,0.0496,1.4603,-0.0055,0,1.0000,0,1,3.5048,1.4237,-12.6150,-0.5670,171.1073,0.000,0.000,0.000,0.0000,0.0000,0
2026-05-06,14:08:48,23362,1,0.0000,-0.0298,0.0530,1.5602,-0.0054,0,1.0000,0,1,3.5301,1.0398,-12.7528,-1.6939,171.0953,0.000,0.000,0.000,0.0000,0.0000,0
2026-05-06,14:08:48,23362,1,0.0000,-0.0267,0.0550,1.6180,-0.0053,0,1.0000,0,1,3.5468,0.8384,-12.9687,-3.2486,171.0857,0.000,0.000,0.000,0.0000,0.0000,0
2026-05-06,14:08:48,23363,1,0.0000,-0.0115,0.0544,1.5993,-0.0053,0,1.0000,0,1,3.7583,1.7303,-13.1455,-3.3009,171.0798,0.000,0.000,0.000,0.0000,0.0000,0
2026-05-06,14:08:49,23898,1,0.0000,0.0007,0.0559,1.6453,-0.0052,0,1.0000,0,1,3.7450,-1.3254,-13.5975,-7.3879,171.0529,0.000,0.000,0.000,0.0000,0.0000,0
2026-05-06,14:08:49,23900,1,0.0000,0.0147,0.0551,1.6199,-0.0052,0,1.0000,0,0,3.7265,-0.9115,-13.9729,-8.7230,171.0945,0.000,0.000,0.000,0.0000,0.0000,0
2026-05-06,14:08:49,23901,1,0.0000,0.0021,0.0545,1.6019,-0.0052,0,1.0000,0,0,3.5950,-2.9301,-14.3033,-9.1551,171.0817,0.000,0.000,0.000,0.0000,0.0000,0
2026-05-06,14:08:49,23901,1,0.0000,-0.0046,0.0552,1.6243,-0.0052,0,1.0000,0,0,3.5907,-1.1915,-14.6485,-9.5259,171.0177,0.000,0.000,0.000,0.0000,0.0000,0
2026-05-06,14:08:49,23902,1,0.0000,0.0071,0.0546,1.6049,-0.0052,0,1.0000,0,0,3.6934,1.2765,-15.1104,-10.8344,170.9704,0.000,0.000,0.000,0.0000,0.0000,0
2026-05-06,14:08:49,23903,1,0.0000,-0.0134,0.0558,1.6424,-0.0051,0,1.0000,0,0,3.9030,4.2804,-15.6227,-12.3143,171.0013,0.000,0.000,0.000,0.0000,0.0000,0
2026-05-06,14:08:49,23903,1,0.0000,-0.0121,0.0571,1.6784,-0.0051,0,1.0000,0,0,3.8693,0.9657,-16.1165,-12.8908,171.0045,0.000,0.000,0.000,0.0000,0.0000,0
2026-05-06,14:08:49,23904,1,0.0000,-0.0215,0.0573,1.6844,-0.0050,0,1.0000,0,0,3.8248,-0.9665,-16.9384,-16.4321,170.9230,0.000,0.000,0.000,0.0000,0.0000,0
2026-05-06,14:08:49,23904,1,0.0000,-0.0420,0.0665,1.9570,-0.0048,0,1.0000,0,0,3.9524,1.5314,-17.5429,-16.6973,170.9389,0.000,0.000,0.000,0.0000,0.0000,0
2026-05-06,14:08:49,23906,1,-3.9840,-0.1376,0.0864,2.5400,-0.0039,0,1.0000,-498,1,3.8603,-1.8172,-18.2422,-17.0860,170.9665,0.000,0.000,0.000,0.0000,0.0000,0
2026-05-06,14:08:49,23907,1,-3.9840,-0.2085,0.0925,2.7203,-0.0025,0,1.0000,-498,1,3.7526,-2.4127,-18.7627,-15.8360,170.9991,0.000,0.000,0.000,0.0000,0.0000,0
2026-05-06,14:08:49,23908,1,-3.9840,-0.4292,0.0913,2.6857,-0.0001,0,1.0000,-498,1,3.6250,-2.8170,-18.9492,-12.4354,171.0199,0.000,0.000,0.000,0.0000,0.0000,0
2026-05-06,14:08:49,23908,1,-4.1280,-0.6775,0.0900,2.6460,0.0044,0,1.0000,-516,1,3.2594,-8.1890,-19.1415,-9.4057,171.0389,0.000,0.000,0.000,0.0000,0.0000,0
2026-05-06,14:08:49,23909,1,-4.1280,-0.9865,0.1066,3.1340,0.0107,0,1.0000,-516,1,3.1564,-2.3565,-19.3749,-7.9954,171.0580,0.000,0.000,0.000,0.0000,0.0000,0
2026-05-06,14:08:49,23909,1,-4.0960,-1.1218,0.1288,3.7878,0.0233,0,1.0000,-512,1,2.9218,-4.3690,-19.3707,-6.1701,171.0661,0.000,0.000,0.000,0.0000,0.0000,0
2026-05-06,14:08:49,23931,1,-4.0960,-1.2897,0.1461,4.2958,0.0345,0,1.0000,-512,1,3.2092,0.5316,-19.6767,-8.5134,170.9244,0.000,0.000,0.000,0.0000,0.0000,0
