Date,Time,Timestamp_ms,Kite_ID,Commanded_Vel_rps,Actual_Vel_rps,Torque_Nm,Tension_N,Line_Length_m,Target_Enabled,Target_Length_m,Remote_Joy,Remote_Active,Pitch_deg,Pitch_Vel_dps,Yaw_deg,Yaw_Vel_dps,Roll_deg,Dive_Conf,AWW_Conf,AF_Conf,Kite_Pitch_deg,Kite_Roll_deg,Kite_IMU_Battery
2026-04-24,16:16:37,0,1,-4.0880,-1.0825,0.0573,1.6847,1.1825,0,1.0000,-511,1,22.7804,-1.2205,100.8292,-6.2974,169.8325,0.136,0.000,0.536,93.2860,-95.9916,63
2026-04-24,16:16:37,1,1,-4.0880,-1.1340,0.0564,1.6593,1.1899,0,1.0000,-511,1,22.9007,1.8263,100.8663,-3.9337,169.8456,0.112,0.000,0.560,93.5742,-96.5651,63
2026-04-24,16:16:37,2,1,-4.0880,-1.0699,0.0560,1.6472,1.2001,0,1.0000,-511,1,22.7979,-0.5987,100.7998,-2.9832,169.8474,0.080,0.000,0.592,93.3749,-96.3195,63
2026-04-24,16:16:37,2,1,-4.0880,-0.9922,0.0421,1.2369,1.2075,0,1.0000,-511,1,22.5898,-4.3883,100.8990,-0.9478,169.9050,0.056,0.000,0.616,92.5126,-94.7859,63
2026-04-24,16:16:37,3,1,-4.0880,-1.0525,0.0533,1.5680,1.2175,0,1.0000,-511,1,22.7719,2.7474,101.1392,1.6145,169.9617,0.024,0.000,0.648,92.1830,-94.1795,63
2026-04-24,16:16:37,4,1,-4.0880,-1.0954,0.0313,0.9215,1.2247,0,1.0000,-511,1,22.5233,-3.2737,101.3762,3.3913,169.9808,0.000,0.000,0.646,92.0498,-93.9302,63
2026-04-24,16:16:37,6,1,-4.0880,-1.0161,0.0803,2.3621,1.2341,0,1.0000,-511,1,22.6192,-1.8633,101.6402,4.5477,169.9816,0.000,0.000,0.651,92.5860,-94.9700,63
2026-04-24,16:16:37,7,1,-4.0880,-1.0106,0.0619,1.8210,1.2406,0,1.0000,-511,1,22.6383,0.6319,101.9198,5.7288,170.0434,0.000,0.000,0.658,93.3299,-96.4082,63
2026-04-24,16:16:37,8,1,-4.0880,-1.2664,0.0555,1.6318,1.2511,0,1.0000,-511,1,22.5281,-2.6914,102.1695,5.9477,169.9744,0.000,0.000,0.654,94.0430,-97.7982,63
2026-04-24,16:16:37,8,1,-4.0880,-1.4222,0.0736,2.1647,1.2624,0,1.0000,-511,1,22.4786,-1.1185,102.6819,8.8711,170.0614,0.000,0.000,0.651,94.9508,-99.6822,63
2026-04-24,16:16:37,9,1,-4.0880,-1.4999,0.0768,2.2574,1.2745,0,1.0000,-511,1,22.3676,-3.3370,103.5367,13.8914,170.1617,0.000,0.000,0.674,95.9109,-101.7377,63
2026-04-24,16:16:37,10,1,-4.0880,-1.5812,0.0561,1.6512,1.2876,0,1.0000,-511,1,22.4623,-0.2952,104.2573,15.3319,170.1103,0.000,0.000,0.706,95.6695,-101.3155,63
2026-04-24,16:16:37,10,1,-4.0880,-1.6409,0.0512,1.5047,1.2997,0,1.0000,-511,1,22.4422,0.8794,104.7212,14.7942,170.1216,0.000,0.000,0.730,95.5853,-101.1129,63
2026-04-24,16:16:37,11,1,-4.0880,-1.2903,0.0809,2.3794,1.3133,0,1.0000,-511,1,22.4734,0.5367,105.4138,15.5546,170.3000,0.000,0.000,0.762,95.9538,-101.9798,63
2026-04-24,16:16:37,12,1,-4.0880,-1.3989,0.0877,2.5782,1.3261,0,1.0000,-511,1,22.4158,-0.2239,106.1982,16.6463,170.4106,0.000,0.000,0.794,95.9820,-102.4225,63
2026-04-24,16:16:37,13,1,-4.0880,-1.5475,0.0533,1.5680,1.3385,0,1.0000,-511,1,21.9671,-8.5270,106.4179,11.9974,170.2977,0.000,0.000,0.826,94.9739,-100.5796,63
2026-04-24,16:16:37,13,1,-4.0880,-1.4715,0.0710,2.0896,1.3525,0,1.0000,-511,1,22.2404,-0.7211,106.4850,7.8835,170.2966,0.000,0.000,0.858,94.3365,-99.2740,63
2026-04-24,16:16:37,14,1,-4.0880,-1.5605,0.0744,2.1883,1.3656,0,1.0000,-511,1,22.5207,4.1267,106.7354,6.9965,170.4319,0.000,0.000,0.890,94.2488,-99.0871,63
2026-04-24,16:16:37,15,1,-4.0880,-1.5255,0.0488,1.4365,1.3755,0,1.0000,-511,1,22.3606,-0.9904,106.7705,5.0922,170.3646,0.000,0.000,0.914,93.9957,-98.5571,63
2026-04-24,16:16:37,16,1,-4.0880,-1.2048,0.0742,2.1822,1.3895,0,1.0000,-511,1,22.1632,-2.0975,106.6241,1.7521,170.3855,0.000,0.000,0.946,93.3687,-97.2192,63
2026-04-24,16:16:37,17,1,-4.0880,-1.3636,0.0734,2.1580,1.4007,0,1.0000,-511,1,22.2335,2.4831,106.6236,0.9284,170.4140,0.000,0.000,0.978,93.2704,-97.0521,63
2026-04-24,16:16:37,18,1,-4.0960,-1.4349,0.0500,1.4702,1.4120,0,1.0000,-512,1,22.0045,-5.5244,106.2705,-2.9382,170.2736,0.000,0.000,1.000,93.0684,-96.7121,63
2026-04-24,16:16:37,19,1,-4.0880,-0.9662,0.0639,1.8791,1.4213,0,1.0000,-511,1,21.7875,-6.5160,106.3160,-1.1372,170.3988,0.000,0.000,1.000,93.1029,-96.8579,63
2026-04-24,16:16:37,20,1,-4.0880,-1.2639,0.0576,1.6934,1.4312,0,1.0000,-511,1,21.8386,1.2412,106.6538,2.5008,170.4498,0.000,0.000,1.000,93.0614,-96.8769,63
2026-04-24,16:16:37,21,1,-4.0880,-1.0022,0.0686,2.0175,1.4411,0,1.0000,-511,1,21.6434,-3.5839,106.6775,1.9159,170.3347,0.000,0.000,1.000,92.0577,-94.7170,63
2026-04-24,16:16:37,49,1,-4.0880,-0.7673,0.0752,2.2106,1.4492,0,1.0000,-511,1,21.6777,-0.3380,107.0911,5.1897,170.4707,0.000,0.000,1.000,91.5204,-93.5275,63
2026-04-24,16:16:37,50,1,-4.0800,-0.9798,0.0493,1.4491,1.4565,0,1.0000,-510,1,21.6285,-1.3436,107.5372,7.4578,170.4312,0.000,0.000,1.000,91.1959,-92.7762,63
2026-04-24,16:16:37,51,1,-4.0880,-1.1000,0.0382,1.1227,1.4660,0,1.0000,-511,1,21.6618,1.0787,107.7347,6.4877,170.3069,0.000,0.000,1.000,90.7843,-91.7906,63
2026-04-24,16:16:37,52,1,-4.0880,-1.2876,0.0613,1.8028,1.4761,0,1.0000,-511,1,21.6760,1.2219,108.1742,8.0519,170.4285,0.000,0.000,1.000,91.1268,-92.5515,63
2026-04-24,16:16:37,53,1,-4.0880,-1.2424,0.0351,1.0309,1.4866,0,1.0000,-511,1,21.5061,-5.8613,108.7921,11.1119,170.5091,0.000,0.000,1.000,92.2788,-95.2193,63
2026-04-24,16:16:37,54,1,-4.0880,-1.0274,0.0644,1.8943,1.4944,0,1.0000,-511,1,21.4904,-2.6943,109.3558,13.0040,170.6237,0.000,0.000,1.000,92.2624,-95.3266,63
2026-04-24,16:16:37,55,1,-4.0880,-1.1054,0.0438,1.2897,1.5011,0,1.0000,-511,1,20.9058,-11.4565,109.9507,14.8355,170.6945,0.000,0.000,1.000,91.8285,-94.4127,63
2026-04-24,16:16:37,56,1,-4.0880,-1.0521,0.0413,1.2162,1.5116,0,1.0000,-511,1,21.3634,1.7176,110.3699,12.5034,170.6759,0.000,0.000,1.000,90.6791,-91.6811,63
2026-04-24,16:16:37,58,1,-4.0880,-1.2194,0.0656,1.9285,1.5199,0,1.0000,-511,1,21.3196,1.9382,110.7027,11.5857,170.7440,0.000,0.000,1.000,89.8524,-89.6314,63
2026-04-24,16:16:37,58,1,-4.0880,-1.0962,0.0598,1.7592,1.5284,0,1.0000,-511,1,21.2384,-1.9508,111.0535,11.3334,170.8147,0.000,0.000,1.000,90.1014,-90.2534,63
2026-04-24,16:16:37,59,1,-4.0880,-1.4336,0.0663,1.9491,1.5408,0,1.0000,-511,1,21.0216,-2.2292,111.5679,11.5634,170.9150,0.000,0.000,1.000,90.3379,-90.8518,63
2026-04-24,16:16:37,59,1,-4.0880,-1.6329,0.0574,1.6870,1.5511,0,1.0000,-511,1,20.2407,-14.8998,111.8882,11.0182,170.9530,0.016,0.000,1.000,90.5910,-91.5187,63
2026-04-24,16:16:37,60,1,-4.0880,-1.7483,0.0503,1.4802,1.5633,0,1.0000,-511,1,20.4991,-2.9592,112.0331,8.7339,170.9841,0.064,0.000,1.000,90.8027,-92.1447,63
2026-04-24,16:16:37,62,1,-4.0880,-1.6768,0.0566,1.6641,1.5782,0,1.0000,-511,1,20.1196,-5.2481,112.2253,7.1361,171.0758,0.128,0.000,1.000,90.6558,-91.7947,63
2026-04-24,16:16:37,63,1,-4.0880,-1.6863,0.0408,1.1986,1.5905,0,1.0000,-511,1,20.0704,-2.8901,112.3342,5.8705,171.1009,0.176,0.000,1.000,89.8960,-89.7164,63
2026-04-24,16:16:37,64,1,-4.0880,-1.2664,0.0785,2.3087,1.6033,0,1.0000,-511,1,20.0375,-1.9507,112.1965,1.9634,171.1059,0.144,0.000,1.000,88.7035,-86.5088,63
2026-04-24,16:16:37,64,1,-4.0880,-1.4901,0.0553,1.6263,1.6146,0,1.0000,-511,1,19.8674,-2.6455,111.9996,-0.6621,170.9770,0.112,0.000,1.000,87.3459,-82.7377,63
2026-04-24,16:16:37,65,1,-4.0880,-1.3139,0.0335,0.9856,1.6243,0,1.0000,-511,1,19.3959,-10.3776,111.5807,-4.5314,170.8342,0.088,0.000,1.000,86.4044,-79.9151,63
2026-04-24,16:16:37,66,1,-4.0960,-0.9800,0.0768,2.2583,1.6304,0,1.0000,-512,1,19.7573,1.2184,111.3126,-5.3774,170.9411,0.080,0.000,1.000,85.9149,-77.9825,63
2026-04-24,16:16:37,67,1,-4.0960,-0.8358,0.0634,1.8642,1.6367,0,1.0000,-512,1,19.5738,0.8351,111.8857,2.7975,171.2798,0.048,0.000,1.000,85.3395,-75.6010,63
2026-04-24,16:16:37,68,1,-4.0880,-0.9386,0.0497,1.4616,1.6442,0,1.0000,-511,1,19.2931,-6.5493,112.1607,4.1515,171.1217,0.016,0.000,1.000,83.3925,-70.0298,63
2026-04-24,16:16:37,68,1,-4.0880,-1.0488,0.0427,1.2568,1.6534,0,1.0000,-511,1,19.5924,2.5998,111.8503,-0.4753,170.8867,0.000,0.000,1.000,81.6250,-65.9464,63
2026-04-24,16:16:37,69,1,-4.0880,-0.9304,0.0685,2.0144,1.6614,0,1.0000,-511,1,19.7800,4.4446,111.6181,-2.3629,170.7814,0.000,0.000,1.000,82.1244,-67.3903,63
2026-04-24,16:16:37,69,1,-4.0880,-0.9002,0.0404,1.1884,1.6671,0,1.0000,-511,1,19.5811,-2.7170,111.5165,-2.6504,170.7073,0.000,0.000,1.000,83.2097,-69.9640,63
2026-04-24,16:16:37,70,1,-4.0880,-1.0794,0.0415,1.2203,1.6770,0,1.0000,-511,1,19.6267,0.7168,111.5212,-1.4757,170.6117,0.000,0.000,1.000,83.5308,-70.2521,63
2026-04-24,16:16:37,72,1,-4.0880,-0.6463,0.0804,2.3633,1.6850,0,1.0000,-511,1,19.6825,3.5632,111.7641,1.7756,170.6718,0.000,0.000,1.000,83.2660,-68.7412,63
2026-04-24,16:16:38,1032,1,-4.0880,-0.4784,0.0798,2.3480,1.6896,0,1.0000,-511,1,19.5406,-1.4413,112.4692,8.1791,170.7905,0.000,0.000,1.000,82.9896,-67.2992,63
2026-04-24,16:16:38,1033,1,-4.0880,-0.5640,0.0480,1.4107,1.6942,0,1.0000,-511,1,19.6266,-0.8964,112.8480,8.2238,170.6411,0.000,0.000,1.000,81.9735,-64.2851,63
2026-04-24,16:16:38,1034,1,-4.0880,-1.0368,0.0424,1.2479,1.7013,0,1.0000,-511,1,19.8811,5.3898,112.9717,6.0633,170.4744,0.000,0.000,1.000,81.4315,-62.8273,63
2026-04-24,16:16:38,1034,1,-4.0880,-1.0187,0.0505,1.4847,1.7083,0,1.0000,-511,1,19.8877,1.9189,113.0590,5.0008,170.4115,0.000,0.000,1.000,82.3580,-65.2629,63
2026-04-24,16:16:38,1035,1,-4.0880,-1.2277,0.0522,1.5361,1.7186,0,1.0000,-511,1,19.8273,-0.5283,113.4387,6.7096,170.4637,0.000,0.000,1.000,83.8980,-69.4894,63
2026-04-24,16:16:38,1036,1,-4.0880,-1.2969,0.0385,1.1324,1.7302,0,1.0000,-511,1,19.9074,0.2275,113.7465,6.8878,170.4056,0.000,0.000,1.000,84.2700,-70.3863,63
2026-04-24,16:16:38,1037,1,-4.0880,-1.0408,0.0476,1.3989,1.7410,0,1.0000,-511,1,20.1193,2.8121,113.9616,5.9770,170.4378,0.000,0.000,1.000,83.9999,-69.0311,63
2026-04-24,16:16:38,1039,1,-4.0880,-1.3660,0.0500,1.4701,1.7531,0,1.0000,-511,1,20.2332,4.4856,113.8578,2.4274,170.3243,0.000,0.000,0.998,83.4275,-66.6374,63
2026-04-24,16:16:38,1040,1,-4.0880,-0.8102,0.0798,2.3473,1.7638,0,1.0000,-511,1,20.2674,1.8730,113.5678,-1.1924,170.2303,0.000,0.000,1.000,83.1254,-65.4064,63
2026-04-24,16:16:38,1040,1,-4.0880,-0.6124,0.0696,2.0469,1.7705,0,1.0000,-511,1,20.3723,3.2858,113.3842,-2.5127,170.2689,0.000,0.000,1.000,83.2757,-66.2856,63
2026-04-24,16:16:38,1041,1,-4.0880,-0.9284,0.0489,1.4388,1.7771,0,1.0000,-511,1,20.5206,3.2934,112.8462,-7.2426,170.1191,0.000,0.000,1.000,82.3092,-64.4701,63
2026-04-24,16:16:38,1041,1,-4.0880,-1.1243,0.0338,0.9938,1.7865,0,1.0000,-511,1,20.7639,5.6662,112.0711,-11.8933,169.9942,0.000,0.000,1.000,81.6455,-64.5901,63
2026-04-24,16:16:38,1042,1,-4.0800,-0.6818,0.0788,2.3185,1.7934,0,1.0000,-510,1,20.9395,5.9512,111.5713,-12.9025,169.9529,0.000,0.000,1.000,82.4607,-66.9616,63
2026-04-24,16:16:38,1043,1,-4.0880,-1.2100,0.0444,1.3069,2.0206,0,1.0000,-511,1,19.9379,-5.3485,109.6195,-22.0602,169.8010,0.000,0.000,1.000,80.7434,-61.2341,63
2026-04-24,16:16:38,1044,1,-4.0880,-0.9196,0.0451,1.3258,2.0310,0,1.0000,-511,1,19.8802,-4.7008,108.3097,-35.7943,169.7826,0.000,0.000,1.000,80.6916,-61.0239,63
2026-04-24,16:16:38,1044,1,-4.0880,-1.2473,0.0449,1.3192,2.0404,0,1.0000,-511,1,20.0415,3.1502,107.6046,-28.6950,169.8034,0.000,0.000,1.000,80.6239,-61.1693,63
2026-04-24,16:16:38,1045,1,-4.0880,-0.8730,0.0578,1.6994,2.0504,0,1.0000,-511,1,20.2400,3.8235,106.7298,-25.4617,169.7464,0.000,0.000,1.000,80.5771,-61.5757,63
2026-04-24,16:16:38,1046,1,-4.0880,-0.9581,0.0671,1.9734,2.0586,0,1.0000,-511,1,20.3067,2.3205,105.9630,-22.4847,169.8152,0.000,0.000,1.000,80.7203,-62.1859,63
2026-04-24,16:16:38,1047,1,-4.0880,-0.9808,0.0402,1.1826,2.0649,0,1.0000,-511,1,20.3505,1.1102,105.4297,-20.3069,169.8019,0.000,0.000,1.000,80.4898,-61.6563,63
2026-04-24,16:16:38,1048,1,-4.0880,-0.9109,0.0381,1.1194,2.0742,0,1.0000,-511,1,20.6766,5.2962,104.6617,-19.5749,169.7164,0.000,0.000,1.000,80.0288,-60.3034,63
2026-04-24,16:16:38,1049,1,-4.0880,-0.8378,0.0621,1.8277,2.0827,0,1.0000,-511,1,20.7164,3.9560,104.1062,-16.6886,169.7258,0.000,0.000,1.000,80.4051,-60.3668,63
2026-04-24,16:16:38,1050,1,-4.0880,-0.8231,0.0583,1.7154,2.0892,0,1.0000,-511,1,20.6942,1.1164,103.8237,-14.1257,169.7253,0.000,0.000,1.000,80.5340,-59.8672,63
2026-04-24,16:16:38,1051,1,-4.0880,-1.0592,0.0364,1.0706,2.0971,0,1.0000,-511,1,20.9547,4.6646,103.5790,-10.8334,169.7679,0.000,0.000,1.000,79.7959,-58.0554,63
2026-04-24,16:16:38,1051,1,-4.0880,-1.0449,0.0501,1.4749,2.1062,0,1.0000,-511,1,21.2006,4.3463,103.4306,-7.7229,169.7616,0.000,0.000,1.000,79.9378,-59.2195,63
2026-04-24,16:16:38,1052,1,-4.0880,-1.1226,0.0691,2.0314,2.1145,0,1.0000,-511,1,21.3453,4.6785,103.4308,-5.3649,169.8242,0.000,0.000,1.000,80.4747,-60.8739,63
2026-04-24,16:16:39,1544,1,-4.0880,-1.0974,0.0720,2.1189,2.1196,0,1.0000,-511,1,21.1725,2.0009,103.8749,-2.9458,169.9649,0.000,0.000,1.000,81.1567,-62.7219,63
2026-04-24,16:16:39,1546,1,-4.0880,-1.1530,0.0717,2.1096,2.1371,0,1.0000,-511,1,21.3904,4.7314,103.9448,-1.4579,169.9845,0.000,0.000,1.000,81.4216,-63.0096,63
2026-04-24,16:16:39,1547,1,-4.0880,-1.4199,0.0665,1.9555,2.1469,0,1.0000,-511,1,21.3106,0.7505,103.9186,-1.1983,169.9359,0.000,0.000,1.000,81.0374,-62.1953,63
2026-04-24,16:16:39,1547,1,-4.0880,-1.4162,0.0433,1.2748,2.1566,0,1.0000,-511,1,21.7243,7.1833,104.1281,1.2166,169.8677,0.000,0.000,1.000,80.9601,-62.3226,63
2026-04-24,16:16:39,1548,1,-4.0880,-1.3238,0.0598,1.7585,2.1667,0,1.0000,-511,1,21.9286,7.4983,104.2890,2.3984,169.8459,0.000,0.000,1.000,81.5661,-63.6406,63
2026-04-24,16:16:39,1548,1,-4.0880,-1.5270,0.0662,1.9481,2.1770,0,1.0000,-511,1,21.7617,-0.2798,104.4454,3.1154,169.9372,0.000,0.000,1.000,81.8190,-63.8465,63
2026-04-24,16:16:39,1549,1,-4.0880,-1.5892,0.0479,1.4096,2.1900,0,1.0000,-511,1,22.2214,6.3803,104.4992,2.3486,169.8581,0.000,0.000,1.000,81.4574,-62.3989,63
2026-04-24,16:16:39,1551,1,-4.0880,-1.3062,0.0626,1.8411,2.2014,0,1.0000,-511,1,22.4950,6.8810,104.1344,-2.4682,169.7991,0.000,0.000,1.000,80.9986,-61.0276,63
2026-04-24,16:16:39,1552,1,-4.0880,-1.4715,0.0672,1.9754,2.2148,0,1.0000,-511,1,22.6914,7.4899,103.4421,-8.3066,169.6442,0.000,0.000,1.000,80.3346,-59.6142,63
2026-04-24,16:16:39,1553,1,-4.0880,-1.7456,0.0577,1.6967,2.2260,0,1.0000,-511,1,22.6060,1.0828,102.7385,-12.5645,169.6010,0.000,0.000,1.000,79.6415,-58.3977,63
2026-04-24,16:16:39,1554,1,-4.0880,-1.6892,0.0641,1.8858,2.2391,0,1.0000,-511,1,22.9158,5.1157,102.0866,-14.7148,169.5474,0.000,0.000,1.000,79.6113,-58.4915,63
2026-04-24,16:16:39,1554,1,-4.0880,-1.6774,0.0568,1.6704,2.2523,0,1.0000,-511,1,22.8483,-0.8559,101.1045,-18.7792,169.4918,0.000,0.000,1.000,80.2813,-59.6334,63
2026-04-24,16:16:39,1555,1,-4.0880,-1.7232,0.0382,1.1225,2.2643,0,1.0000,-511,1,22.9974,3.1404,100.6025,-17.4945,169.5588,0.000,0.000,1.000,80.9723,-60.6771,63
2026-04-24,16:16:39,1556,1,-4.0880,-1.0628,0.0719,2.1157,2.2894,0,1.0000,-511,1,23.2630,8.5799,99.7914,-23.3162,169.5867,0.000,0.000,1.000,81.2707,-61.6614,63
2026-04-24,16:16:39,1557,1,-4.0880,-1.2632,0.0670,1.9712,2.2979,0,1.0000,-511,1,23.1092,-0.2904,99.0245,-23.9513,169.5467,0.000,0.000,1.000,81.2761,-62.0983,63
2026-04-24,16:16:39,1558,1,-4.0880,-1.3393,0.0381,1.1217,2.3096,0,1.0000,-511,1,23.3080,1.3332,98.3276,-21.3362,169.5290,0.000,0.000,1.000,81.5630,-63.7687,63
2026-04-24,16:16:39,1558,1,-4.0880,-1.1921,0.0661,1.9442,2.3180,0,1.0000,-511,1,23.4750,4.2229,97.9523,-18.0139,169.4621,0.000,0.000,1.000,82.7497,-67.2638,63
2026-04-24,16:16:39,1559,1,-4.0880,-1.3473,0.0629,1.8508,2.3272,0,1.0000,-511,1,23.2926,-2.1351,97.6718,-14.8074,169.4340,0.000,0.000,1.000,84.0933,-70.8579,63
2026-04-24,16:16:39,1560,1,-4.0880,-1.2960,0.0326,0.9594,2.3389,0,1.0000,-511,1,23.8028,8.2017,97.7233,-8.3526,169.4114,0.000,0.000,1.000,85.1112,-73.5942,63
2026-04-24,16:16:39,1561,1,-4.0880,-1.0027,0.0721,2.1195,2.3468,0,1.0000,-511,1,23.7035,2.2362,97.9085,-3.8122,169.4127,0.000,0.000,1.000,85.9353,-76.0359,63
2026-04-24,16:16:39,1562,1,-4.0880,-0.9563,0.0604,1.7769,2.3540,0,1.0000,-511,1,23.6021,-1.6216,98.2704,0.7365,169.5271,0.000,0.000,1.000,86.6990,-78.5598,63
2026-04-24,16:16:39,1563,1,-4.0880,-1.1787,0.0465,1.3688,2.3637,0,1.0000,-511,1,23.7653,3.1829,98.6584,4.2732,169.4603,0.000,0.000,1.000,86.9635,-79.9102,63
2026-04-24,16:16:39,1564,1,-4.0880,-0.8599,0.0785,2.3085,2.3735,0,1.0000,-511,1,23.9722,5.3227,98.8561,4.5688,169.4064,0.000,0.000,1.000,88.6727,-85.7266,63
2026-04-24,16:16:39,1565,1,-4.0880,-0.7715,0.0784,2.3057,2.3809,0,1.0000,-511,1,23.9262,1.8321,99.4483,8.1308,169.6064,0.000,0.000,1.000,90.8942,-92.8980,63
2026-04-24,16:16:39,1565,1,-4.0880,-0.8671,0.0598,1.7594,2.3874,0,1.0000,-511,1,24.3055,7.0387,100.0103,10.6278,169.5977,0.000,0.000,1.000,90.9268,-92.9656,63
2026-04-24,16:16:39,2058,1,-4.0880,-0.9839,0.0590,1.7346,2.3896,0,1.0000,-511,1,25.2334,9.9186,100.4931,10.5114,169.6642,0.000,0.000,1.000,91.9866,-96.1320,63
2026-04-24,16:16:39,2059,1,-4.0880,-1.4048,0.0706,2.0754,2.4080,0,1.0000,-511,1,25.1722,3.7053,100.6262,8.3087,169.6546,0.000,0.000,1.000,93.5891,-101.2811,63
2026-04-24,16:16:39,2060,1,-4.0880,-1.4996,0.0628,1.8483,2.4184,0,1.0000,-511,1,24.9424,-7.3232,100.5567,2.7750,169.7504,0.000,0.000,1.000,94.4886,-104.3620,63
2026-04-24,16:16:39,2061,1,-4.0880,-1.6965,0.0598,1.7595,2.4333,0,1.0000,-511,1,24.9115,-2.8730,100.7976,3.8472,169.8081,0.000,0.000,1.000,93.7195,-101.6356,63
2026-04-24,16:16:39,2061,1,-4.0880,-1.7421,0.0454,1.3338,2.4463,0,1.0000,-511,1,24.8470,-0.8136,100.5947,0.6880,169.7161,0.000,0.000,1.000,92.7873,-98.6948,63
2026-04-24,16:16:39,2062,1,-4.0880,-1.3759,0.0688,2.0239,2.4575,0,1.0000,-511,1,24.9018,0.2498,100.2868,-2.5897,169.7013,0.000,0.000,1.000,92.2523,-97.1599,63
2026-04-24,16:16:39,2062,1,-4.0880,-1.5826,0.0597,1.7568,2.4713,0,1.0000,-511,1,24.6165,-2.8080,99.9730,-4.3110,169.5957,0.000,0.000,1.000,91.7527,-95.7915,63
2026-04-24,16:16:39,2063,1,-4.0880,-1.4000,0.0514,1.5132,2.4825,0,1.0000,-511,1,24.4773,-4.1888,99.6925,-5.6119,169.6389,0.000,0.000,1.000,91.1087,-93.6405,63
2026-04-24,16:16:39,2064,1,-4.0880,-1.1707,0.0592,1.7422,2.4913,0,1.0000,-511,1,24.3778,-4.4518,99.6815,-3.8101,169.5560,0.000,0.000,0.999,91.3905,-94.4541,63
2026-04-24,16:16:39,2065,1,-4.0880,-1.3174,0.0577,1.6972,2.5008,0,1.0000,-511,1,24.5826,2.9085,99.7324,-2.1313,169.5206,0.000,0.000,0.997,91.5999,-94.9322,63
2026-04-24,16:16:39,2065,1,-4.1120,-1.4322,0.0463,1.3612,2.5099,0,1.0000,-514,1,24.2996,-5.1024,99.9288,0.4694,169.4331,0.000,0.000,0.994,91.6180,-94.6694,63
2026-04-24,16:16:39,2066,1,-4.1120,-0.9068,0.0608,1.7876,2.5195,0,1.0000,-514,1,24.1110,-6.0750,100.2087,2.8163,169.3906,0.000,0.000,0.991,92.4853,-96.7131,63
2026-04-24,16:16:39,2068,1,-4.0880,-1.2358,0.0545,1.6041,2.5299,0,1.0000,-511,1,24.1008,-0.6060,100.6505,5.8802,169.2961,0.000,0.000,0.988,92.9647,-97.6035,63
2026-04-24,16:16:39,2069,1,-4.0880,-1.1170,0.0271,0.7962,2.5358,0,1.0000,-511,1,23.8269,-4.2985,101.4100,7.0711,169.4880,0.000,0.000,0.986,93.8439,-99.6305,63
2026-04-24,16:16:39,2076,1,-4.0880,-0.5523,0.0664,1.9521,2.5488,0,1.0000,-511,1,23.4779,-10.7267,103.1560,33.4707,169.2693,0.016,0.000,1.000,93.4683,-98.6205,63
2026-04-24,16:16:39,2116,1,-4.0880,-0.9010,0.0583,1.7136,2.5552,0,1.0000,-511,1,23.0277,-12.4006,105.7138,56.6993,169.0202,0.096,0.000,1.000,92.1756,-95.1649,63
2026-04-24,16:16:39,2150,1,-4.0880,-1.1306,0.0518,1.5236,2.5625,0,1.0000,-511,1,23.1934,5.7727,107.3563,54.0417,168.8208,0.136,0.000,1.000,92.0297,-94.6605,63
2026-04-24,16:16:39,2191,1,-4.0880,-1.0389,0.0721,2.1216,2.5728,0,1.0000,-511,1,22.7673,-7.2504,109.8249,66.0778,168.7501,0.192,0.000,1.000,92.7688,-96.2028,63
2026-04-24,16:16:39,2231,1,-4.0880,-0.8654,0.0395,1.1629,2.5803,0,1.0000,-511,1,22.6377,6.1061,112.6860,72.8438,168.7172,0.272,0.000,1.000,94.2090,-99.4992,63
2026-04-24,16:16:39,2264,1,-4.0880,-1.1416,0.0515,1.5135,2.5882,0,1.0000,-511,1,21.9904,-12.1068,113.5191,40.2016,168.5420,0.336,0.000,1.000,94.3132,-99.8377,63
2026-04-24,16:16:39,2297,1,-4.0880,-1.1915,0.0311,0.9150,2.5966,0,1.0000,-511,1,22.1028,-5.6495,113.1407,4.7629,168.4730,0.352,0.000,1.000,93.3227,-97.6622,63
2026-04-24,16:16:39,2330,1,-4.0880,-0.8756,0.0764,2.2468,2.6046,0,1.0000,-511,1,22.3663,9.6029,112.4616,-13.1214,168.3840,0.344,0.000,1.000,92.9422,-96.7678,63
2026-04-24,16:16:40,2363,1,-4.0880,-0.8471,0.0657,1.9310,2.6098,0,1.0000,-511,1,21.7413,-10.6845,112.0100,-13.0446,168.3240,0.360,0.000,1.000,92.5547,-95.8187,63
2026-04-24,16:16:40,2396,1,-4.0880,-1.0093,0.0446,1.3127,2.6160,0,1.0000,-511,1,21.8184,3.8744,111.7733,-10.1171,168.2637,0.376,0.000,1.000,91.6071,-93.5757,63
2026-04-24,16:16:40,2433,1,-4.0880,-1.1528,0.0387,1.1389,2.6242,0,1.0000,-511,1,22.0413,11.6975,110.2948,-37.5269,168.1528,0.344,0.000,1.000,91.4405,-93.1349,63
2026-04-24,16:16:40,2917,1,-4.0880,-1.1249,0.0481,1.4156,2.6311,0,1.0000,-511,1,21.7215,-3.1567,109.1849,-36.9706,168.1806,0.320,0.000,1.000,91.9770,-94.2513,63
2026-04-24,16:16:40,2918,1,-4.0880,-1.0898,0.0401,1.1801,2.6421,0,1.0000,-511,1,21.5966,-5.5659,108.4625,-28.9688,168.2625,0.288,0.000,1.000,93.0219,-96.5602,63
2026-04-24,16:16:40,2919,1,-4.0880,-0.9750,0.0683,2.0100,2.6534,0,1.0000,-511,1,21.5222,-0.9595,107.8885,-22.4794,168.3313,0.256,0.000,1.000,92.9989,-96.6921,63
2026-04-24,16:16:40,2920,1,-4.0880,-0.9112,0.0376,1.1069,2.6605,0,1.0000,-511,1,21.1509,-2.8276,107.5248,-16.6927,168.4190,0.248,0.000,1.000,92.5407,-95.7263,63
2026-04-24,16:16:40,2921,1,-4.0880,-0.9778,0.0439,1.2900,2.6702,0,1.0000,-511,1,21.3351,-1.5934,107.2329,-13.3689,168.5680,0.216,0.000,1.000,91.6423,-93.6151,63
2026-04-24,16:16:40,2921,1,-4.0880,-1.0265,0.0651,1.9150,2.6793,0,1.0000,-511,1,21.3280,3.2360,106.8063,-12.4270,168.5002,0.184,0.000,1.000,91.5325,-93.2946,63
2026-04-24,16:16:40,2923,1,-4.0880,-0.8512,0.0463,1.3618,2.6870,0,1.0000,-511,1,20.9386,-5.1061,105.9943,-15.2272,168.4850,0.152,0.000,1.000,91.5670,-93.3670,63
2026-04-24,16:16:40,2923,1,-4.0880,-1.1675,0.0429,1.2619,2.6966,0,1.0000,-511,1,21.1888,1.9714,105.3065,-16.5256,168.5888,0.120,0.000,1.000,90.9504,-92.0526,63
2026-04-24,16:16:40,2924,1,-4.0880,-1.2796,0.0369,1.0866,2.7073,0,1.0000,-511,1,21.0434,-0.3790,104.5849,-16.5881,168.4839,0.088,0.000,1.000,90.6667,-91.4589,63
2026-04-24,16:16:40,2925,1,-4.0880,-0.9728,0.0601,1.7685,2.7159,0,1.0000,-511,1,20.9279,-3.1739,103.7389,-18.3983,168.5028,0.056,0.000,1.000,90.6448,-91.4417,63
2026-04-24,16:16:40,2926,1,-4.0720,-0.8454,0.0451,1.3257,2.7179,0,1.0000,-509,1,20.8271,-2.8948,103.9565,-15.6579,168.5601,0.048,0.000,1.000,90.0831,-90.1880,63
2026-04-24,16:16:40,2927,1,-4.0880,-1.1820,0.0357,1.0500,2.7360,0,1.0000,-511,1,20.5731,-5.1668,103.8755,-12.5612,168.5439,0.032,0.000,1.000,89.0252,-87.7802,63
2026-04-24,16:16:40,2953,1,-4.0880,-1.0161,0.0547,1.6083,2.7463,0,1.0000,-511,1,21.0576,10.8125,103.9824,-0.6176,168.5782,0.000,0.000,1.000,89.1771,-88.1045,63
2026-04-24,16:16:40,2989,1,-4.0880,-0.7899,0.0680,2.0010,2.7534,0,1.0000,-511,1,20.7923,2.2588,103.7608,-6.1753,168.3579,0.000,0.000,1.000,88.8761,-87.3854,63
2026-04-24,16:16:40,3025,1,-4.0880,-0.7295,0.0553,1.6270,2.7585,0,1.0000,-511,1,20.9123,-11.0582,103.8179,1.7819,168.4799,0.000,0.000,1.000,88.2970,-86.0330,63
2026-04-24,16:16:40,3061,1,-4.0880,-0.8622,0.0335,0.9841,2.7646,0,1.0000,-511,1,21.2313,14.3382,104.5979,16.3861,168.3483,0.000,0.000,1.000,87.7447,-84.8176,63
2026-04-24,16:16:40,3098,1,-4.0880,-0.6085,0.0509,1.4985,2.7708,0,1.0000,-511,1,21.2419,1.3214,105.5608,27.7134,168.2653,0.000,0.000,1.000,87.5112,-84.3889,63
2026-04-24,16:16:40,3135,1,-4.0880,-0.7450,0.0420,1.2350,2.7762,0,1.0000,-511,1,21.2258,5.4591,107.0460,40.3208,168.2664,0.000,0.000,1.000,87.4394,-84.3047,63
2026-04-24,16:16:40,3170,1,-4.0880,-0.7012,0.0667,1.9623,2.7821,0,1.0000,-511,1,21.3339,-0.1464,108.6029,46.8622,168.1961,0.000,0.000,1.000,86.9860,-83.3832,63
2026-04-24,16:16:40,3206,1,-4.0880,-0.5336,0.0457,1.3434,2.7853,0,1.0000,-511,1,21.2359,-9.7591,109.5479,35.9652,168.1774,0.000,0.000,1.000,86.2068,-81.6279,63
2026-04-24,16:16:40,3241,1,-4.0880,-0.7155,0.0412,1.2104,2.7905,0,1.0000,-511,1,21.6622,19.0895,110.4910,27.8162,168.0984,0.000,0.000,1.000,86.0131,-81.0757,63
2026-04-24,16:16:40,3277,1,-4.0880,-0.7925,0.0449,1.3214,2.7965,0,1.0000,-511,1,21.4115,-5.8206,110.4267,7.3535,168.0769,0.000,0.000,1.000,85.4463,-79.3965,63
2026-04-24,16:16:40,3313,1,-4.0880,-0.8769,0.0434,1.2767,2.8031,0,1.0000,-511,1,21.6126,5.8413,109.8627,-10.6411,168.0978,0.000,0.000,1.000,85.5447,-79.2724,63
2026-04-24,16:16:40,3348,1,-4.0880,-1.0376,0.0287,0.8445,2.8107,0,1.0000,-511,1,21.5788,3.5831,108.7370,-26.7360,168.0398,0.000,0.000,1.000,85.6574,-79.1261,63
2026-04-24,16:16:41,3385,1,-4.0880,-0.7933,0.0559,1.6452,2.8170,0,1.0000,-511,1,21.4872,-11.7147,108.1085,-22.4303,168.1075,0.000,0.000,1.000,85.2839,-78.0050,63
2026-04-24,16:16:41,3877,1,-4.0880,-0.7917,0.0335,0.9842,2.8245,0,1.0000,-511,1,21.5880,-2.0425,107.8864,-15.6190,168.1141,0.000,0.000,1.000,84.5024,-76.2458,63
2026-04-24,16:16:41,3878,1,-4.0880,-0.7369,0.0613,1.8027,2.8307,0,1.0000,-511,1,21.5535,-0.8418,107.4238,-15.0508,168.0870,0.000,0.000,1.000,83.9284,-75.1000,63
2026-04-24,16:16:41,3879,1,-4.0880,-0.6997,0.0493,1.4500,2.8370,0,1.0000,-511,1,21.6092,0.7123,106.6330,-16.4239,168.1173,0.000,0.000,1.000,84.1706,-75.8103,63
2026-04-24,16:16:41,3879,1,-4.0880,-0.9148,0.0339,0.9958,2.8427,0,1.0000,-511,1,21.5361,-1.0885,106.0313,-16.6389,168.1179,0.000,0.000,1.000,84.4874,-76.6004,63
2026-04-24,16:16:41,3880,1,-4.0880,-0.9467,0.0539,1.5840,2.8526,0,1.0000,-511,1,21.5977,-0.2597,105.1554,-17.8712,168.0787,0.000,0.000,1.000,85.0156,-77.8202,63
2026-04-24,16:16:41,3881,1,-4.0880,-1.1647,0.0378,1.1128,2.8594,0,1.0000,-511,1,21.6163,0.4439,104.5047,-18.2659,168.0984,0.000,0.000,1.000,85.5019,-78.8168,63
2026-04-24,16:16:41,3882,1,-4.0880,-0.7749,0.0556,1.6345,2.8653,0,1.0000,-511,1,21.6776,-0.0744,103.7863,-19.4612,168.1032,0.000,0.000,1.000,85.4348,-78.5179,63
2026-04-24,16:16:41,3884,1,-4.0880,-0.8908,0.0293,0.8624,2.8723,0,1.0000,-511,1,21.7023,1.1765,102.5516,-23.7556,168.0874,0.000,0.000,1.000,84.3512,-75.7078,63
2026-04-24,16:16:41,3885,1,-4.0880,-0.7151,0.0454,1.3356,2.8777,0,1.0000,-511,1,21.7148,0.3756,101.4238,-27.0877,168.0715,0.000,0.000,1.000,83.6083,-73.8356,63
2026-04-24,16:16:41,3885,1,-4.0880,-0.8241,0.0434,1.2764,2.8838,0,1.0000,-511,1,21.8568,3.1846,100.2628,-29.3836,168.0972,0.000,0.000,1.000,82.9493,-72.0747,63
2026-04-24,16:16:41,3887,1,-4.0880,-0.5482,0.0457,1.3446,2.8910,0,1.0000,-511,1,21.8131,0.9682,98.8131,-31.4496,168.0960,0.000,0.000,1.000,82.4997,-70.6545,63
2026-04-24,16:16:41,3888,1,-4.0880,-0.5482,0.0457,1.3446,2.8910,0,1.0000,-511,1,21.7192,0.2830,98.6224,-28.1073,168.1281,0.000,0.000,1.000,81.7578,-68.4270,63
2026-04-24,16:16:41,3895,1,-4.0880,-0.6299,0.0195,0.5737,2.9016,0,1.0000,-511,1,21.4966,-4.8364,96.6820,-45.1444,168.1963,0.000,0.000,1.000,81.0488,-66.4982,63
2026-04-24,16:16:41,3935,1,-4.0880,-0.2656,0.0515,1.5136,2.9062,0,1.0000,-511,1,21.7174,-13.6045,92.9081,-85.0628,168.1393,0.000,0.000,1.000,80.5543,-64.8655,63
2026-04-24,16:16:41,3969,1,-4.0880,-0.3480,0.0340,0.9994,2.9084,0,1.0000,-511,1,21.6980,6.5861,91.4606,-58.5562,167.9962,0.000,0.000,1.000,79.9807,-63.2321,63
2026-04-24,16:16:41,4001,1,-4.0880,-0.7310,0.0389,1.1432,2.9126,0,1.0000,-511,1,22.0357,8.6047,89.6045,-61.4458,167.9850,0.000,0.000,1.000,79.5672,-62.3030,63
2026-04-24,16:16:41,4041,1,-4.0880,-0.6969,0.0455,1.3391,2.9187,0,1.0000,-511,1,21.9423,4.3549,87.9228,-52.3055,167.8467,0.000,0.000,1.000,79.5854,-62.5021,63
2026-04-24,16:16:41,4074,1,-4.0880,-0.5477,0.0474,1.3944,2.9222,0,1.0000,-511,1,21.6602,-12.8169,86.8394,-41.7979,167.9538,0.000,0.000,1.000,79.9288,-63.5986,63
2026-04-24,16:16:41,4109,1,-4.0880,-0.6672,0.0318,0.9357,2.9269,0,1.0000,-511,1,22.0508,9.9504,86.6324,-14.8188,167.8225,0.000,0.000,1.000,79.3796,-62.7418,63
2026-04-24,16:16:41,4142,1,-4.0880,-0.5935,0.0372,1.0931,2.9321,0,1.0000,-511,1,21.8558,-6.7258,86.5781,-5.0574,167.8383,0.000,0.000,1.000,78.7529,-61.2455,63
2026-04-24,16:16:41,4174,1,-4.0880,-0.7804,0.0359,1.0554,2.9370,0,1.0000,-511,1,21.8421,4.8620,86.7967,4.1090,167.8303,0.000,0.000,1.000,78.3616,-59.7187,63
2026-04-24,16:16:41,4207,1,-4.0960,-0.9486,0.0437,1.2841,2.9432,0,1.0000,-512,1,22.0040,5.1020,87.6552,19.3564,167.7871,0.000,0.000,1.000,77.7125,-56.0290,63
2026-04-24,16:16:41,4247,1,-4.0960,-0.6775,0.0425,1.2499,2.9497,0,1.0000,-512,1,21.7319,6.5079,89.9080,49.0546,167.7772,0.000,0.000,1.000,76.8631,-50.4374,63
2026-04-24,16:16:41,4280,1,-4.0960,-0.4617,0.0331,0.9748,2.9524,0,1.0000,-512,1,21.4698,-12.1482,91.3411,46.2517,167.8206,0.000,0.000,1.000,76.0668,-45.7677,63
2026-04-24,16:16:41,4313,1,-4.0880,-0.6289,0.0307,0.9032,2.9567,0,1.0000,-511,1,21.9594,22.5574,91.6035,21.3091,167.7287,0.000,0.000,1.000,75.1631,-41.1891,63
2026-04-24,16:16:42,5254,1,-4.0880,-0.4737,0.0197,0.5791,2.9610,0,1.0000,-511,1,21.8870,3.9499,92.0865,17.4587,167.7710,0.000,0.000,1.000,74.1417,-35.6577,63
2026-04-24,16:16:42,5255,1,-4.0880,-0.2380,0.0434,1.2757,2.9645,0,1.0000,-511,1,21.8955,0.1750,92.3994,13.3484,167.8144,0.000,0.000,1.000,73.7320,-32.2403,63
2026-04-24,16:16:42,5255,1,-4.0880,-0.1064,0.0254,0.7479,2.9651,0,1.0000,-511,1,21.8006,0.0777,92.4297,8.2449,167.8284,0.000,0.000,1.000,73.1225,-29.0924,63
2026-04-24,16:16:42,5257,1,-4.0880,-0.1916,0.0122,0.3589,2.9665,0,1.0000,-511,1,21.8826,0.6485,92.1936,2.6499,167.8590,0.000,0.000,1.000,72.3008,-26.6104,63
2026-04-24,16:16:42,5257,1,-4.0880,-0.0552,0.0165,0.4851,2.9670,0,1.0000,-511,1,21.9742,1.7684,92.1883,1.5284,167.9097,0.000,0.000,1.000,71.8859,-23.7479,63
2026-04-24,16:16:42,5259,1,-4.0880,-0.0414,0.0206,0.6053,2.9679,0,1.0000,-511,1,22.0670,2.1347,92.4481,3.6232,167.9321,0.000,0.000,1.000,71.6288,-21.6995,63
2026-04-24,16:16:42,5260,1,-4.0880,-0.1388,0.0080,0.2349,2.9684,0,1.0000,-511,1,22.1172,1.8622,93.2695,10.3201,167.9212,0.000,0.000,0.999,71.3967,-19.1722,63
2026-04-24,16:16:42,5261,1,-4.0880,0.0157,0.0157,0.4616,2.9686,0,1.0000,-511,1,22.1903,1.8331,94.6970,23.1989,167.9342,0.000,0.000,1.000,70.9400,-17.5108,63
2026-04-24,16:16:42,5261,1,-4.0880,-0.0056,0.0137,0.4035,2.9687,0,1.0000,-511,1,22.3208,2.5207,96.6416,32.0511,167.9457,0.000,0.000,1.000,70.1429,-14.8094,63
2026-04-24,16:16:42,5262,1,-4.0880,0.0019,0.0115,0.3382,2.9686,0,1.0000,-511,1,22.4000,2.5642,98.7999,41.6362,167.9265,0.000,0.000,1.000,68.9083,-11.8402,63
2026-04-24,16:16:42,5262,1,-4.0880,0.0026,0.0121,0.3569,2.9686,0,1.0000,-511,1,22.4170,2.0097,99.5535,38.4857,168.0423,0.000,0.000,1.000,67.1982,-8.2121,63
2026-04-24,16:16:42,5263,1,-4.0880,0.0122,0.0074,0.2181,2.9684,0,1.0000,-511,1,22.5636,3.0177,102.0184,49.0211,168.1707,0.000,0.000,0.998,66.0484,-5.8559,63
2026-04-24,16:16:42,5264,1,-0.3600,0.0150,0.0077,0.2260,2.9684,0,1.0000,-45,1,22.6533,2.6427,104.5082,55.0775,168.2845,0.000,0.000,0.994,64.8275,-3.9395,63
2026-04-24,16:16:42,5265,1,-0.3600,0.0209,0.0073,0.2161,2.9683,0,1.0000,-45,1,22.6851,1.2007,106.9298,56.0743,168.4588,0.000,0.000,0.991,63.2151,-1.9112,63
2026-04-24,16:16:42,5265,1,0.0000,-0.0113,0.0073,0.2162,2.9683,0,1.0000,0,1,22.6760,0.0968,108.9379,56.3397,168.6185,0.000,0.000,0.988,61.2916,-0.7747,63
2026-04-24,16:16:42,5266,1,0.0000,0.0026,0.0074,0.2173,2.9683,0,1.0000,0,1,22.6009,-1.3166,111.0436,54.5768,168.8012,0.000,0.000,0.985,59.1703,-1.1147,63
2026-04-24,16:16:42,5267,1,0.0000,0.0064,0.0071,0.2074,2.9683,0,1.0000,0,1,22.5135,-1.9744,112.9130,51.3410,168.9942,0.000,0.000,0.982,56.7358,-3.2863,63
2026-04-24,16:16:42,5268,1,0.0000,-0.0113,0.0070,0.2051,2.9683,0,1.0000,0,1,22.4342,-1.8529,114.6127,47.2728,169.1878,0.000,0.000,0.978,53.8667,-5.8271,63
2026-04-24,16:16:42,5269,1,0.0000,-0.0098,0.0073,0.2150,2.9683,0,1.0000,0,1,22.3625,-1.8447,115.9895,41.9248,169.3459,0.000,0.000,0.975,51.2241,-8.1052,63
2026-04-24,16:16:42,5270,1,0.0000,0.0019,0.0070,0.2050,2.9683,0,1.0000,0,1,22.2850,-2.0073,116.8560,34.4153,169.4859,0.000,0.000,0.972,49.9693,-9.7653,63
2026-04-24,16:16:42,5271,1,0.0000,0.0041,0.0082,0.2399,2.9683,0,1.0000,0,1,22.2170,-1.9881,117.4991,29.6470,169.6173,0.000,0.000,0.970,50.2606,-10.6903,63
2026-04-24,16:16:42,5271,1,0.0000,-0.0079,0.0071,0.2079,2.9683,0,1.0000,0,1,22.0552,-2.0239,118.6288,25.5947,169.9943,0.000,0.000,0.967,53.9156,-9.8635,63
2026-04-24,16:16:42,5272,1,0.0000,-0.0078,0.0082,0.2423,2.9683,0,1.0000,0,1,21.9456,-2.5264,119.0400,20.7745,170.1230,0.000,0.000,0.965,59.2082,-6.6245,63
2026-04-24,16:16:42,5293,1,0.0000,-0.0030,0.0071,0.2074,2.9683,0,1.0000,0,1,21.8697,-1.3450,118.7053,0.7338,169.9716,0.000,0.000,0.962,62.6141,-3.9944,63
2026-04-24,16:16:42,5326,1,0.0000,-0.0086,0.0065,0.1911,2.9683,0,1.0000,0,1,21.8093,-2.0960,119.0224,5.9951,169.8385,0.000,0.000,0.958,66.4241,-0.1411,63
2026-04-24,16:16:43,5359,1,0.0000,0.0074,0.0071,0.2074,2.9683,0,1.0000,0,1,21.7571,-0.9580,119.2829,3.8204,169.6879,0.000,0.000,0.955,68.1498,2.8723,63
2026-04-24,16:16:43,5836,1,0.0000,0.0085,0.0043,0.1278,2.9683,0,1.0000,0,1,21.6606,-1.8772,119.3344,2.7927,169.7591,0.000,0.000,0.952,69.2598,4.9786,63
2026-04-24,16:16:43,5837,1,0.0000,0.0056,0.0070,0.2050,2.9683,0,1.0000,0,1,21.5986,-1.5993,119.7225,5.3933,169.7032,0.000,0.000,0.949,69.4561,5.5259,63
2026-04-24,16:16:43,5838,1,0.0000,-0.0047,0.0065,0.1899,2.9683,0,1.0000,0,1,21.5790,-0.7705,119.1130,-3.3796,169.3464,0.000,0.000,0.946,69.1283,5.6383,63
2026-04-24,16:16:43,5838,1,0.0000,-0.0358,0.0114,0.3342,2.9685,0,1.0000,0,1,20.9755,-12.3475,116.6266,-27.2382,167.7665,0.000,0.000,0.951,67.6420,2.5327,63
2026-04-24,16:16:43,5839,1,0.0000,0.0180,0.0118,0.3485,2.9685,0,1.0000,0,0,20.6588,-4.3818,111.5574,-66.0551,165.7488,0.000,0.000,0.983,66.0688,-0.3307,63
2026-04-24,16:16:43,5839,1,0.0000,-0.0150,0.0112,0.3280,2.9686,0,1.0000,0,0,21.4347,11.2850,107.3858,-83.3599,164.1281,0.000,0.000,1.000,65.1538,-4.8823,63
2026-04-24,16:16:43,5840,1,0.0000,-0.0127,0.0153,0.4500,2.9688,0,1.0000,0,0,22.3897,19.9570,104.0388,-82.3061,163.2509,0.000,0.000,1.000,64.6190,-9.7039,63
2026-04-24,16:16:43,5841,1,0.0000,0.0078,0.0159,0.4680,2.9688,0,1.0000,0,0,22.7847,13.0244,103.0808,-58.2155,163.6527,0.000,0.000,1.000,63.9603,-14.5643,63
2026-04-24,16:16:43,5842,1,0.0000,-0.0083,0.0182,0.5342,2.9689,0,1.0000,0,0,22.8610,4.4855,104.6903,-18.1704,164.8002,0.000,0.000,1.000,63.9794,-18.8023,63
2026-04-24,16:16:43,5842,1,0.0000,-0.0407,0.0229,0.6740,2.9690,0,1.0000,0,0,22.7113,-0.9596,107.1608,14.4436,165.9461,0.000,0.000,1.000,63.7558,-21.9164,63
2026-04-24,16:16:43,5843,1,0.0000,-0.0029,0.0189,0.5551,2.9690,0,1.0000,0,0,22.3616,-2.6204,109.2996,18.2898,166.9100,0.000,0.000,1.000,63.1326,-24.4078,63
2026-04-24,16:16:43,5844,1,0.0000,0.0010,0.0211,0.6204,2.9690,0,1.0000,0,0,22.3526,1.3036,110.5685,21.9401,167.1682,0.000,0.000,1.000,63.1174,-25.4607,63
2026-04-24,16:16:43,5880,1,0.0000,0.0021,0.0189,0.5547,2.9690,0,1.0000,0,0,22.5447,10.8602,110.0308,-7.0592,166.6597,0.000,0.000,1.000,63.8168,-26.8711,63
2026-04-24,16:16:43,5916,1,0.0000,-0.0066,0.0217,0.6373,2.9691,0,1.0000,0,0,22.9353,8.9101,108.0536,-41.9902,166.3707,0.000,0.000,1.000,64.0640,-27.2705,63
2026-04-24,16:16:43,5952,1,0.0000,-0.0152,0.0205,0.6020,2.9691,0,1.0000,0,0,23.3810,13.9650,106.6000,-38.1835,166.3107,0.000,0.000,1.000,64.1456,-27.2999,63
2026-04-24,16:16:43,5988,1,0.0000,-0.0108,0.0234,0.6873,2.9691,0,1.0000,0,0,23.6540,8.3784,106.5030,-14.1933,166.5550,0.000,0.000,1.000,64.3842,-26.8230,63
2026-04-24,16:16:43,6024,1,0.0000,-0.0009,0.0233,0.6852,2.9692,0,1.0000,0,0,23.8599,8.0721,106.7062,-0.3103,166.9389,0.000,0.000,1.000,64.7397,-26.5729,63
2026-04-24,16:16:43,6060,1,0.0000,0.0102,0.0237,0.6967,2.9692,0,1.0000,0,0,23.9758,3.7751,107.3019,11.8094,167.0375,0.000,0.000,1.000,65.0348,-26.4634,63
2026-04-24,16:16:43,6096,1,0.0000,-0.0063,0.0259,0.7608,2.9693,0,1.0000,0,0,24.1639,6.1701,107.1715,0.3470,167.0939,0.000,0.000,1.000,65.6111,-27.1852,63
2026-04-24,16:16:43,6132,1,0.0000,-0.0041,0.0256,0.7528,2.9693,0,1.0000,0,0,24.2563,3.2655,106.8391,-6.5715,167.1756,0.000,0.000,1.000,66.0985,-28.0987,63
2026-04-24,16:16:43,6168,1,0.0000,-0.0020,0.0253,0.7440,2.9693,0,1.0000,0,0,24.3995,4.8806,107.2617,7.8998,167.2528,0.000,0.000,1.000,66.3828,-29.1904,63
2026-04-24,16:16:43,6204,1,0.0000,-0.0208,0.0291,0.8570,2.9694,0,1.0000,0,0,24.4674,2.1114,107.9902,17.9684,167.3478,0.000,0.000,1.000,66.5387,-29.7328,63
2026-04-24,16:16:43,6240,1,0.0000,-0.0193,0.0282,0.8295,2.9694,0,1.0000,0,0,24.5332,2.6175,108.7429,20.4530,167.3602,0.000,0.000,1.000,66.7431,-30.0146,63
2026-04-24,16:16:43,6276,1,0.0000,0.0045,0.0270,0.7935,2.9694,0,1.0000,0,0,24.5832,1.7983,108.7827,6.9595,167.4264,0.000,0.000,1.000,66.9511,-29.9439,63
2026-04-24,16:16:43,6312,1,0.0000,-0.0042,0.0295,0.8680,2.9694,0,1.0000,0,0,24.6421,0.8984,108.5035,-1.8015,167.4625,0.000,0.000,1.000,67.0059,-29.4645,63
2026-04-24,16:16:43,6348,1,0.0000,-0.0078,0.0285,0.8394,2.9695,0,1.0000,0,0,24.6612,1.6928,108.1621,-9.2402,167.4803,0.000,0.000,0.998,67.1853,-28.5280,63
2026-04-24,16:16:44,6836,1,0.0000,0.0022,0.0288,0.8467,2.9695,0,1.0000,0,0,24.6896,1.1945,107.9883,-8.0415,167.4899,0.000,0.000,0.995,67.2724,-27.6681,63
2026-04-24,16:16:44,6837,1,0.0000,0.0076,0.0267,0.7849,2.9694,0,1.0000,0,0,24.6970,0.6688,107.6609,-8.6809,167.4974,0.000,0.000,0.993,67.2490,-26.6271,63
2026-04-24,16:16:44,6838,1,0.0000,-0.0045,0.0270,0.7949,2.9695,0,1.0000,0,0,24.7189,0.6161,107.2507,-9.7804,167.5171,0.000,0.000,0.990,67.0706,-25.0510,63
2026-04-24,16:16:44,6839,1,0.0000,-0.0006,0.0276,0.8108,2.9695,0,1.0000,0,0,24.7165,0.2101,106.7272,-11.5481,167.5280,0.000,0.000,0.988,66.8280,-24.0197,63
2026-04-24,16:16:44,6840,1,0.0000,0.0011,0.0283,0.8321,2.9694,0,1.0000,0,0,24.7345,0.4184,106.3704,-11.5006,167.5373,0.000,0.000,0.986,66.5192,-22.9799,63
2026-04-24,16:16:44,6840,1,0.0000,-0.0123,0.0296,0.8706,2.9695,0,1.0000,0,0,24.7391,0.3577,105.9786,-11.5159,167.5543,0.000,0.000,0.983,66.2868,-21.9697,63
2026-04-24,16:16:44,6841,1,0.0000,0.0115,0.0286,0.8420,2.9694,0,1.0000,0,0,24.7446,0.2356,105.7080,-10.3482,167.5654,0.000,0.000,0.981,66.2797,-21.2650,63
2026-04-24,16:16:44,6841,1,0.0000,0.0038,0.0280,0.8247,2.9694,0,1.0000,0,0,24.7504,0.2054,105.6418,-7.6482,167.5699,0.000,0.000,0.978,66.3759,-20.5338,63
2026-04-24,16:16:44,6842,1,0.0000,0.0095,0.0280,0.8221,2.9694,0,1.0000,0,0,24.7687,0.3752,105.7487,-4.2375,167.5822,0.000,0.000,0.976,66.4894,-19.2640,63
2026-04-24,16:16:44,6844,1,0.0000,0.0099,0.0279,0.8208,2.9694,0,1.0000,0,0,24.7804,0.3322,105.7282,-2.7736,167.5948,0.000,0.000,0.973,66.5000,-17.8813,63
2026-04-24,16:16:44,6844,1,0.0000,-0.0025,0.0279,0.8195,2.9695,0,1.0000,0,0,24.7775,0.1141,105.7338,-1.8523,167.5926,0.000,0.000,0.970,66.4670,-17.2545,63
2026-04-24,16:16:44,6845,1,0.0000,0.0069,0.0279,0.8195,2.9694,0,1.0000,0,0,24.7915,0.2690,105.7237,-1.3922,167.6056,0.000,0.000,0.968,66.2858,-16.0331,63
2026-04-24,16:16:44,6846,1,0.0000,0.0069,0.0279,0.8195,2.9694,0,1.0000,0,0,24.7862,0.1776,105.7089,-1.2576,167.6219,0.000,0.000,0.967,66.2003,-14.9443,63
2026-04-24,16:16:44,6855,1,0.0000,0.0003,0.0289,0.8507,2.9694,0,1.0000,0,0,24.7835,0.0594,105.1871,-9.6407,167.6165,0.000,0.000,0.964,66.1329,-14.3108,63
2026-04-24,16:16:44,6891,1,0.0000,-0.0108,0.0286,0.8407,2.9695,0,1.0000,0,0,24.7954,0.1031,104.4056,-19.5026,167.6236,0.000,0.000,0.961,66.0962,-13.5260,63
2026-04-24,16:16:44,6927,1,0.0000,-0.0061,0.0290,0.8533,2.9695,0,1.0000,0,0,24.8206,0.5768,104.0920,-11.9005,167.6196,0.000,0.000,0.958,66.0533,-12.8009,63
2026-04-24,16:16:44,6963,1,0.0000,0.0022,0.0286,0.8420,2.9694,0,1.0000,0,0,24.8370,0.4110,103.7622,-12.7521,167.6217,0.000,0.000,0.954,65.9608,-12.0843,63
2026-04-24,16:16:44,6999,1,0.0000,0.0082,0.0272,0.8009,2.9694,0,1.0000,0,0,24.8554,0.6094,102.5983,-30.6210,167.6140,0.000,0.000,0.951,65.8362,-11.5051,63
2026-04-24,16:16:44,7035,1,0.0000,-0.0040,0.0285,0.8368,2.9694,0,1.0000,0,0,24.8755,0.3019,101.7866,-24.7107,167.6413,0.000,0.000,0.948,65.7618,-11.2782,63
2026-04-24,16:16:44,7071,1,0.0000,-0.0066,0.0288,0.8481,2.9694,0,1.0000,0,0,24.8919,0.7308,101.7352,-7.2308,167.6234,0.000,0.000,0.945,65.6172,-11.0662,63
2026-04-24,16:16:44,7107,1,0.0000,0.0023,0.0272,0.7996,2.9694,0,1.0000,0,0,24.9191,0.2406,102.1154,4.2344,167.6341,0.000,0.000,0.942,65.5174,-10.5023,63
2026-04-24,16:16:44,7143,1,0.0000,0.0001,0.0285,0.8394,2.9694,0,1.0000,0,0,24.9397,0.5368,101.3996,-17.0043,167.6097,0.000,0.000,0.938,65.5608,-9.9886,63
2026-04-24,16:16:44,7179,1,0.0000,-0.0115,0.0286,0.8407,2.9694,0,1.0000,0,0,24.9472,0.6800,100.2842,-28.8284,167.6012,0.000,0.000,0.935,65.8291,-9.2365,63
2026-04-24,16:16:44,7215,1,0.0000,0.0015,0.0269,0.7922,2.9694,0,1.0000,0,0,24.9385,-0.8257,98.9343,-35.6279,167.5815,0.000,0.000,0.958,66.2274,-8.7781,63
2026-04-24,16:16:44,7251,1,0.0000,-0.0051,0.0283,0.8321,2.9694,0,1.0000,0,0,24.9440,-0.1118,98.4975,-19.4982,167.6047,0.000,0.000,0.990,66.4795,-8.5350,63
2026-04-24,16:16:44,7287,1,0.0000,-0.0108,0.0289,0.8494,2.9695,0,1.0000,0,0,24.9377,0.6977,98.9756,1.7291,167.6134,0.000,0.000,1.000,66.6577,-8.4689,63
2026-04-24,16:16:45,7776,1,0.0000,-0.0013,0.0287,0.8433,2.9694,0,1.0000,0,0,24.9273,0.0951,99.1226,2.6152,167.6201,0.000,0.000,1.000,66.6504,-8.6132,63
2026-04-24,16:16:45,7777,1,0.0000,-0.0019,0.0286,0.8420,2.9694,0,1.0000,0,0,24.9178,-0.0792,99.4265,4.4859,167.6120,0.000,0.000,1.000,66.5896,-9.0511,63
2026-04-24,16:16:45,7778,1,0.0000,-0.0022,0.0272,0.8009,2.9694,0,1.0000,0,0,24.9128,-0.1563,99.5997,4.7285,167.6205,0.000,0.000,0.998,66.5628,-9.5309,63
2026-04-24,16:16:45,7778,1,0.0000,0.0071,0.0272,0.7997,2.9694,0,1.0000,0,0,24.9020,-0.2904,99.8132,5.1373,167.6130,0.000,0.000,0.996,66.5534,-10.1887,63
2026-04-24,16:16:45,7779,1,0.0000,0.0030,0.0293,0.8619,2.9694,0,1.0000,0,0,24.8934,-0.2612,100.3006,8.0838,167.6153,0.000,0.000,0.993,66.7409,-10.7960,63
2026-04-24,16:16:45,7780,1,0.0000,0.0106,0.0285,0.8394,2.9694,0,1.0000,0,0,24.8947,-0.0964,100.8322,10.8048,167.6117,0.000,0.000,0.990,66.9050,-11.2313,63
2026-04-24,16:16:45,7780,1,0.0000,0.0079,0.0273,0.8022,2.9694,0,1.0000,0,0,24.8767,-0.3298,101.4106,12.6172,167.6292,0.000,0.000,0.988,67.1791,-11.9496,63
2026-04-24,16:16:45,7781,1,0.0000,0.0111,0.0271,0.7974,2.9694,0,1.0000,0,0,24.8713,-0.2313,101.9066,13.5643,167.6333,0.000,0.000,0.986,67.3162,-12.7473,63
2026-04-24,16:16:45,7783,1,0.0000,0.0034,0.0283,0.8333,2.9694,0,1.0000,0,0,24.8826,0.0370,102.4093,13.6895,167.6372,0.000,0.000,0.983,67.2870,-13.3524,63
2026-04-24,16:16:45,7784,1,0.0000,-0.0013,0.0277,0.8134,2.9694,0,1.0000,0,0,24.8826,0.0077,102.9334,14.4395,167.6493,0.000,0.000,0.981,67.2554,-13.5877,63
2026-04-24,16:16:45,7785,1,0.0000,-0.0063,0.0285,0.8368,2.9694,0,1.0000,0,0,24.8811,-0.0346,103.4565,13.2488,167.6421,0.000,0.000,0.978,67.1205,-13.8162,63
2026-04-24,16:16:45,7786,1,0.0000,-0.0123,0.0293,0.8606,2.9694,0,1.0000,0,0,24.8697,-0.0996,103.5992,11.1915,167.6485,0.000,0.000,0.976,66.9756,-13.9799,63
2026-04-24,16:16:45,7786,1,0.0000,0.0063,0.0285,0.8394,2.9694,0,1.0000,0,0,24.8827,0.1226,103.6855,9.2957,167.6665,0.000,0.000,0.974,66.9982,-14.0807,63
2026-04-24,16:16:45,7808,1,0.0000,0.0035,0.0277,0.8147,2.9694,0,1.0000,0,0,24.8725,-0.2361,104.4897,20.5509,167.6740,0.000,0.000,0.971,67.1102,-14.3403,63
2026-04-24,16:16:45,7844,1,0.0000,0.0003,0.0292,0.8593,2.9694,0,1.0000,0,0,24.8842,0.3313,105.4145,27.7409,167.7034,0.000,0.000,0.968,67.3022,-14.8226,63
2026-04-24,16:16:45,7880,1,0.0000,0.0131,0.0296,0.8718,2.9694,0,1.0000,0,0,24.9230,0.9116,107.0629,42.5823,167.7011,0.000,0.000,0.982,67.4556,-15.3392,63
2026-04-24,16:16:45,7916,1,0.0000,-0.0045,0.0276,0.8121,2.9694,0,1.0000,0,0,24.9443,1.4806,107.7137,25.8723,167.6801,0.000,0.000,1.000,67.6485,-16.1802,63
2026-04-24,16:16:45,7952,1,0.0000,-0.0134,0.0287,0.8447,2.9694,0,1.0000,0,0,24.9638,0.5863,107.6383,6.3426,167.6485,0.000,0.000,1.000,67.7836,-16.8150,63
2026-04-24,16:16:45,7988,1,0.0000,-0.0009,0.0272,0.8009,2.9694,0,1.0000,0,0,24.9557,-0.0158,107.1785,-6.2185,167.6290,0.000,0.000,1.000,67.9471,-17.5037,63
2026-04-24,16:16:45,8024,1,0.0000,0.0070,0.0267,0.7862,2.9694,0,1.0000,0,0,24.9650,0.0891,107.0056,-5.8840,167.6221,0.000,0.000,1.000,68.1347,-18.1797,63
2026-04-24,16:16:45,8059,1,0.0000,0.0023,0.0274,0.8048,2.9695,0,1.0000,0,0,24.9811,0.5827,106.2975,-18.8110,167.6144,0.000,0.000,1.000,68.3615,-18.7856,63
2026-04-24,16:16:45,8095,1,0.0000,0.0075,0.0276,0.8121,2.9695,0,1.0000,0,0,24.9598,-0.5390,105.1986,-30.9279,167.6378,0.000,0.000,0.997,68.6033,-19.3858,63
2026-04-24,16:16:45,8131,1,0.0000,0.0022,0.0288,0.8465,2.9695,0,1.0000,0,0,24.9823,0.4880,104.6174,-20.5884,167.6291,0.000,0.000,0.994,68.8353,-20.0156,63
2026-04-24,16:16:45,8167,1,0.0000,-0.0095,0.0298,0.8779,2.9695,0,1.0000,0,0,24.9908,0.4254,104.7996,-3.2800,167.6231,0.000,0.000,0.990,69.0004,-20.9839,63
2026-04-24,16:16:45,8203,1,0.0000,0.0019,0.0292,0.8593,2.9695,0,1.0000,0,0,24.9894,-0.0877,105.4322,13.3931,167.6241,0.000,0.000,0.987,69.0611,-21.7140,63
2026-04-24,16:16:45,8239,1,0.0000,-0.0068,0.0276,0.8121,2.9695,0,1.0000,0,0,24.9816,0.5991,105.6024,5.2493,167.6433,0.000,0.000,0.984,69.0122,-22.4949,63
2026-04-24,16:16:46,8726,1,0.0000,-0.0081,0.0276,0.8121,2.9695,0,1.0000,0,0,24.9875,0.2031,105.2927,0.0818,167.6589,0.000,0.000,0.981,68.8750,-22.8908,63
2026-04-24,16:16:46,8727,1,0.0000,0.0017,0.0282,0.8307,2.9695,0,1.0000,0,0,24.9724,-0.1795,104.8815,-3.7386,167.6483,0.000,0.000,0.978,68.8245,-22.9052,63
2026-04-24,16:16:46,8728,1,0.0000,0.0040,0.0283,0.8321,2.9695,0,1.0000,0,0,24.9631,-0.2339,104.5592,-5.7257,167.6558,0.000,0.000,0.976,68.8458,-22.7060,63
2026-04-24,16:16:46,8729,1,0.0000,-0.0164,0.0309,0.9093,2.9695,0,1.0000,0,0,24.9471,-0.3681,104.1245,-7.3365,167.6730,0.000,0.000,0.973,68.9068,-22.2444,63
2026-04-24,16:16:46,8730,1,0.0000,-0.0064,0.0302,0.8893,2.9695,0,1.0000,0,0,24.9496,-0.0973,103.9118,-7.0686,167.6678,0.000,0.000,0.970,69.0231,-21.7079,63
2026-04-24,16:16:46,8730,1,0.0000,-0.0074,0.0289,0.8493,2.9695,0,1.0000,0,0,24.9392,-0.2115,104.0052,-3.8243,167.6649,0.000,0.000,0.968,69.1089,-21.2415,63
2026-04-24,16:16:46,8731,1,0.0000,-0.0055,0.0286,0.8407,2.9695,0,1.0000,0,0,24.9375,-0.1245,104.1855,-0.6604,167.6864,0.000,0.000,0.965,69.1936,-20.8785,63
2026-04-24,16:16:46,8732,1,0.0000,-0.0066,0.0302,0.8893,2.9695,0,1.0000,0,0,24.9450,0.0798,104.3696,1.2531,167.6982,0.000,0.000,0.962,69.2736,-20.6543,63
2026-04-24,16:16:46,8733,1,0.0000,0.0059,0.0285,0.8393,2.9695,0,1.0000,0,0,24.9374,-0.0571,104.6167,3.3479,167.6954,0.000,0.000,0.960,69.2982,-20.5297,63
2026-04-24,16:16:46,8733,1,0.0000,-0.0011,0.0290,0.8535,2.9695,0,1.0000,0,0,24.9404,-0.0233,104.7859,3.4878,167.6873,0.000,0.000,0.957,69.1746,-20.3177,63
2026-04-24,16:16:46,8734,1,0.0000,0.0068,0.0284,0.8366,2.9695,0,1.0000,0,0,24.9346,-0.1133,104.9108,3.5361,167.6804,0.000,0.000,0.954,69.0718,-20.0187,63
2026-04-24,16:16:46,8735,1,0.0000,0.0080,0.0289,0.8493,2.9695,0,1.0000,0,0,24.9286,-0.1149,104.9006,3.0873,167.6813,0.000,0.000,0.954,69.1112,-19.5788,63
2026-04-24,16:16:46,8736,1,0.0000,-0.0018,0.0286,0.8407,2.9695,0,1.0000,0,0,24.9390,0.0474,105.0190,4.4793,167.6794,0.000,0.000,0.951,69.2200,-19.2482,63
2026-04-24,16:16:46,8772,1,0.0000,-0.0043,0.0282,0.8307,2.9695,0,1.0000,0,0,24.9775,1.6980,104.9138,-0.8661,167.6694,0.000,0.000,0.948,69.2899,-18.9467,63
2026-04-24,16:16:46,8808,1,0.0000,-0.0008,0.0280,0.8221,2.9695,0,1.0000,0,0,24.9474,-1.1217,104.6080,-7.8087,167.6779,0.000,0.000,0.945,69.2324,-18.2502,63
2026-04-24,16:16:46,8844,1,0.0000,0.0009,0.0282,0.8293,2.9695,0,1.0000,0,0,24.9763,1.1853,104.3755,-6.8419,167.6633,0.000,0.000,0.942,69.1417,-17.5959,63
2026-04-24,16:16:46,8880,1,0.0000,0.0021,0.0274,0.8063,2.9695,0,1.0000,0,0,24.9562,-0.1161,103.6223,-20.2364,167.6516,0.000,0.000,0.938,68.9923,-16.6175,63
2026-04-24,16:16:46,8916,1,0.0000,-0.0107,0.0287,0.8435,2.9695,0,1.0000,0,0,24.9723,0.3269,102.4784,-29.3830,167.6645,0.000,0.000,0.935,69.0179,-16.0151,63
2026-04-24,16:16:46,8952,1,0.0000,0.0022,0.0286,0.8421,2.9695,0,1.0000,0,0,24.9687,0.1201,102.2239,-12.3990,167.6813,0.000,0.000,0.932,69.0715,-15.8852,63
2026-04-24,16:16:46,8988,1,0.0000,0.0001,0.0292,0.8579,2.9695,0,1.0000,0,0,24.9927,0.6904,102.5580,0.1981,167.6675,0.000,0.000,0.929,69.0613,-15.6278,63
2026-04-24,16:16:46,9024,1,0.0000,0.0032,0.0282,0.8307,2.9695,0,1.0000,0,0,24.9781,-0.1645,102.8465,6.3112,167.6713,0.000,0.000,0.926,68.8187,-15.5530,63
2026-04-24,16:16:46,9060,1,0.0000,-0.0018,0.0285,0.8393,2.9695,0,1.0000,0,0,24.9795,-0.3149,103.3203,11.3825,167.6584,0.000,0.000,0.922,68.3951,-15.3060,63
2026-04-24,16:16:46,9096,1,0.0000,0.0008,0.0289,0.8493,2.9695,0,1.0000,0,0,24.9848,0.1714,104.1399,19.4552,167.6438,0.000,0.000,0.919,68.0702,-14.7562,63
2026-04-24,16:16:46,9132,1,0.0000,-0.0009,0.0277,0.8135,2.9695,0,1.0000,0,0,24.9862,-0.2036,104.5596,14.6795,167.6309,0.000,0.000,0.916,67.9145,-14.1691,63
2026-04-24,16:16:46,9168,1,0.0000,-0.0049,0.0313,0.9192,2.9695,0,1.0000,0,0,24.9951,0.1822,104.6755,7.2654,167.6278,0.000,0.000,0.913,67.8877,-13.2499,63
2026-04-24,16:16:46,9205,1,0.0000,-0.0091,0.0292,0.8593,2.9695,0,1.0000,0,0,24.9659,-0.9325,104.3704,-2.8190,167.6030,0.000,0.000,0.910,67.9578,-12.7485,63
2026-04-24,16:16:47,10148,1,0.0000,-0.0062,0.0282,0.8293,2.9695,0,1.0000,0,0,24.9852,0.1158,104.5026,-0.2650,167.6147,0.000,0.000,0.907,67.9609,-12.4261,63
2026-04-24,16:16:47,10150,1,0.0000,0.0025,0.0270,0.7949,2.9695,0,1.0000,0,0,24.9738,-0.0088,104.8246,2.8841,167.6201,0.000,0.000,0.904,67.8599,-12.4567,63
2026-04-24,16:16:47,10150,1,0.0000,-0.0034,0.0296,0.8693,2.9695,0,1.0000,0,0,24.9575,-0.3813,105.2320,5.6654,167.6321,0.000,0.000,0.901,67.3194,-12.3516,63
2026-04-24,16:16:47,10151,1,0.0000,-0.0061,0.0282,0.8307,2.9695,0,1.0000,0,0,24.9639,-0.0587,105.4811,6.1259,167.6333,0.000,0.000,0.898,66.9792,-12.2139,63
2026-04-24,16:16:47,10152,1,0.0000,-0.0028,0.0280,0.8235,2.9695,0,1.0000,0,0,24.9617,0.0114,105.7616,6.2714,167.6336,0.000,0.000,0.895,66.5305,-11.8482,63
2026-04-24,16:16:47,10153,1,0.0000,-0.0021,0.0286,0.8407,2.9695,0,1.0000,0,0,24.9395,-0.3999,105.7994,4.1138,167.6495,0.000,0.000,0.892,66.3226,-11.4240,63
2026-04-24,16:16:47,10153,1,0.0000,0.0009,0.0277,0.8135,2.9695,0,1.0000,0,0,24.9383,-0.1584,105.7802,2.5455,167.6447,0.000,0.000,0.890,66.2472,-10.9583,63
2026-04-24,16:16:47,10154,1,0.0000,0.0000,0.0296,0.8693,2.9695,0,1.0000,0,0,24.9165,-0.4431,105.5876,-0.0643,167.6477,0.000,0.000,0.887,66.2302,-10.6779,63
2026-04-24,16:16:47,10156,1,0.0000,0.0010,0.0296,0.8707,2.9695,0,1.0000,0,0,24.9248,-0.0575,105.2844,-2.9142,167.6422,0.000,0.000,0.884,66.2564,-10.5435,63
2026-04-24,16:16:47,10157,1,0.0000,-0.0069,0.0293,0.8607,2.9695,0,1.0000,0,0,24.9211,-0.0844,105.1106,-3.6428,167.6353,0.000,0.000,0.882,66.1410,-10.5017,63
2026-04-24,16:16:47,10158,1,0.0000,0.0037,0.0283,0.8321,2.9695,0,1.0000,0,0,24.9104,-0.0942,105.1109,-2.6218,167.6354,0.000,0.000,0.879,65.6934,-10.6011,63
2026-04-24,16:16:47,10158,1,0.0000,-0.0017,0.0282,0.8293,2.9695,0,1.0000,0,0,24.9141,-0.0695,105.1158,-1.6407,167.6559,0.000,0.000,0.876,65.4992,-10.6764,63
2026-04-24,16:16:47,10159,1,0.0000,0.0082,0.0289,0.8507,2.9695,0,1.0000,0,0,24.9215,0.0946,104.9595,-2.6814,167.6665,0.000,0.000,0.874,65.4117,-10.6488,63
2026-04-24,16:16:47,10159,1,0.0000,0.0087,0.0294,0.8634,2.9695,0,1.0000,0,0,24.9119,-0.1172,104.6744,-4.4257,167.6520,0.000,0.000,0.871,65.3672,-10.6160,63
2026-04-24,16:16:47,10160,1,0.0000,0.0030,0.0283,0.8335,2.9695,0,1.0000,0,0,24.9121,-0.0578,104.3565,-5.5369,167.6541,0.000,0.000,0.868,65.3091,-10.6666,63
2026-04-24,16:16:47,10161,1,0.0000,0.0010,0.0292,0.8579,2.9695,0,1.0000,0,0,24.9096,-0.0297,104.2007,-5.0957,167.6476,0.000,0.000,0.866,65.2369,-10.7306,63
2026-04-24,16:16:47,10162,1,0.0000,-0.0080,0.0285,0.8379,2.9695,0,1.0000,0,0,24.9099,0.0036,104.2249,-3.2238,167.6498,0.000,0.000,0.863,65.1790,-10.8548,63
2026-04-24,16:16:47,10162,1,0.0000,0.0024,0.0282,0.8307,2.9695,0,1.0000,0,0,24.9292,0.3210,104.2084,-1.9513,167.6735,0.000,0.000,0.860,64.9515,-11.2021,63
2026-04-24,16:16:47,10163,1,0.0000,0.0021,0.0283,0.8321,2.9695,0,1.0000,0,0,24.9220,0.0376,104.2844,-0.6710,167.6769,0.000,0.000,0.858,64.8194,-11.3361,63
2026-04-24,16:16:47,10163,1,0.0000,0.0050,0.0302,0.8893,2.9695,0,1.0000,0,0,24.9145,-0.1038,104.4288,1.0333,167.6837,0.000,0.000,0.854,64.6430,-11.1321,63
2026-04-24,16:16:47,10164,1,0.0000,-0.0024,0.0293,0.8621,2.9695,0,1.0000,0,0,24.9163,-0.0156,104.6190,2.3259,167.6873,0.000,0.000,0.851,64.5061,-10.5007,63
2026-04-24,16:16:47,10166,1,0.0000,-0.0007,0.0278,0.8163,2.9695,0,1.0000,0,0,24.9146,0.0841,104.8981,3.1105,167.6664,0.000,0.000,0.849,64.0982,-9.2294,63
2026-04-24,16:16:47,10167,1,0.0000,-0.0006,0.0286,0.8407,2.9695,0,1.0000,0,0,24.9189,0.0844,105.1065,4.1614,167.6583,0.000,0.000,0.846,63.7674,-8.5296,63
2026-04-24,16:16:47,10193,1,0.0000,0.0001,0.0296,0.8707,2.9695,0,1.0000,0,0,24.9390,0.7681,105.3001,2.0021,167.6601,0.000,0.000,0.843,63.3116,-8.1288,63
2026-04-24,16:16:47,10228,1,0.0000,-0.0026,0.0293,0.8607,2.9695,0,1.0000,0,0,24.9294,-0.1818,104.9986,-4.3593,167.6580,0.000,0.000,0.840,62.2556,-7.9094,63
2026-04-24,16:16:47,10264,1,0.0000,-0.0029,0.0280,0.8248,2.9695,0,1.0000,0,0,24.9544,0.2509,104.2031,-18.8320,167.6451,0.000,0.000,0.837,61.2528,-7.8868,63
2026-04-24,16:16:48,10751,1,0.0000,0.0119,0.0278,0.8181,2.9695,0,1.0000,0,0,24.9347,-0.2403,103.7431,-16.0390,167.6396,0.000,0.000,0.834,60.2707,-7.8228,63
2026-04-24,16:16:48,10752,1,0.0000,0.0064,0.0297,0.8734,2.9695,0,1.0000,0,0,24.9191,-0.4574,103.4177,-14.0386,167.6413,0.000,0.000,0.831,59.9453,-7.7544,63
2026-04-24,16:16:48,10753,1,0.0000,-0.0056,0.0275,0.8077,2.9695,0,1.0000,0,0,24.9160,-0.1899,103.2726,-10.8819,167.6536,0.000,0.000,0.829,59.9436,-7.6114,63
2026-04-24,16:16:48,10754,1,0.0000,0.0002,0.0283,0.8335,2.9695,0,1.0000,0,0,24.9200,-0.0471,103.0444,-9.6809,167.6558,0.000,0.000,0.826,60.1883,-7.4570,63
2026-04-24,16:16:48,10755,1,0.0000,-0.0074,0.0289,0.8493,2.9695,0,1.0000,0,0,24.9312,0.2038,102.8368,-7.5114,167.6645,0.000,0.000,0.823,60.4780,-6.9367,63
2026-04-24,16:16:48,10756,1,0.0000,-0.0058,0.0297,0.8733,2.9695,0,1.0000,0,0,24.9271,-0.0185,102.8984,-4.4114,167.6723,0.000,0.000,0.821,60.3092,-6.4738,63
2026-04-24,16:16:48,10756,1,0.0000,-0.0072,0.0277,0.8147,2.9694,0,1.0000,0,0,24.9340,0.1311,103.0413,-1.3822,167.6770,0.000,0.000,0.818,60.0016,-5.9312,63
2026-04-24,16:16:48,10757,1,0.0000,0.0139,0.0273,0.8034,2.9694,0,1.0000,0,0,24.9264,-0.0683,103.0437,-0.8871,167.6933,0.000,0.000,0.815,59.7584,-5.5788,63
2026-04-24,16:16:48,10759,1,0.0000,0.0064,0.0272,0.7998,2.9694,0,1.0000,0,0,24.9203,-0.1842,103.2526,1.3574,167.7127,0.000,0.000,0.813,59.4302,-4.9757,63
2026-04-24,16:16:48,10760,1,0.0000,0.0193,0.0254,0.7460,2.9693,0,1.0000,0,0,24.9077,-0.1553,103.3510,1.8641,167.7014,0.000,0.000,0.810,59.1376,-4.4841,63
2026-04-24,16:16:48,10761,1,0.0000,-0.0070,0.0246,0.7234,2.9693,0,1.0000,0,0,24.9063,-0.0382,103.5500,3.1848,167.7209,0.000,0.000,0.807,58.8759,-3.9902,63
2026-04-24,16:16:48,10761,1,0.0000,0.0137,0.0236,0.6950,2.9693,0,1.0000,0,0,24.8945,-0.0865,103.6704,3.0860,167.7358,0.000,0.000,0.806,58.4156,-3.2621,63
2026-04-24,16:16:48,10762,1,0.0000,0.0065,0.0221,0.6502,2.9692,0,1.0000,0,0,24.8786,-0.2971,103.8318,3.6589,167.7459,0.000,0.000,0.805,57.9536,-2.6869,63
2026-04-24,16:16:48,10784,1,0.0000,0.0013,0.0221,0.6493,2.9691,0,1.0000,0,0,24.8773,-0.0739,104.6544,22.3244,167.7416,0.000,0.000,0.802,57.6118,-2.0495,63
2026-04-24,16:16:48,10820,1,0.0000,0.0078,0.0207,0.6094,2.9691,0,1.0000,0,0,24.8798,-0.0317,106.3013,38.6986,167.6930,0.000,0.000,0.798,57.1061,-1.1777,63
2026-04-24,16:16:48,10856,1,0.0000,0.0115,0.0200,0.5890,2.9691,0,1.0000,0,0,24.8949,0.2639,107.1797,30.3308,167.6735,0.000,0.000,0.795,56.6395,-0.3764,63
2026-04-24,16:16:48,10892,1,0.0000,0.0025,0.0207,0.6087,2.9690,0,1.0000,0,0,24.9049,0.8714,107.7036,22.5245,167.6633,0.000,0.000,0.792,56.2997,0.2393,63
2026-04-24,16:16:48,10928,1,0.0000,-0.0042,0.0192,0.5638,2.9690,0,1.0000,0,0,24.8961,0.0996,108.8974,29.3461,167.6564,0.000,0.000,0.789,55.8427,0.7821,63
2026-04-24,16:16:48,10964,1,0.0000,-0.0100,0.0205,0.6025,2.9690,0,1.0000,0,0,24.9075,0.2451,108.9048,8.9231,167.6440,0.000,0.000,0.821,55.4593,0.9343,63
2026-04-24,16:16:48,11000,1,0.0000,0.0015,0.0201,0.5905,2.9690,0,1.0000,0,0,24.9160,0.0744,108.9106,2.9516,167.6429,0.000,0.000,0.853,54.9715,0.6437,63
2026-04-24,16:16:48,11036,1,0.0000,-0.0099,0.0214,0.6291,2.9690,0,1.0000,0,0,24.9279,0.4906,109.0655,5.1041,167.6156,0.000,0.000,0.885,54.6264,0.3282,63
2026-04-24,16:16:48,11072,1,0.0000,-0.0061,0.0208,0.6104,2.9690,0,1.0000,0,0,24.9199,-0.3543,109.2407,3.4499,167.6199,0.000,0.000,0.917,54.5102,0.2007,63
2026-04-24,16:16:48,11108,1,0.0000,0.0033,0.0192,0.5641,2.9690,0,1.0000,0,0,24.9391,0.8815,108.8576,-6.4328,167.6118,0.000,0.000,0.949,54.4348,0.2254,63
2026-04-24,16:16:48,11144,1,0.0000,-0.0056,0.0203,0.5980,2.9690,0,1.0000,0,0,24.9313,0.0715,108.7463,-3.7442,167.6009,0.000,0.000,0.946,54.4085,0.3908,63
2026-04-24,16:16:48,11180,1,0.0000,0.0003,0.0188,0.5526,2.9690,0,1.0000,0,0,24.9551,0.0502,108.9528,4.3271,167.5979,0.000,0.000,0.942,54.6462,0.6173,63
2026-04-24,16:16:48,11216,1,0.0000,-0.0236,0.0227,0.6676,2.9691,0,1.0000,0,0,24.9688,1.0000,109.8885,21.0098,167.6036,0.000,0.000,0.939,55.0936,0.7978,63
2026-04-24,16:16:49,11703,1,0.0000,-0.0009,0.0204,0.6004,2.9690,0,1.0000,0,0,24.9672,0.3965,110.1096,16.5301,167.6102,0.000,0.000,0.937,55.6369,0.9543,63
2026-04-24,16:16:49,11706,1,0.0000,-0.0004,0.0224,0.6580,2.9691,0,1.0000,0,0,24.9551,-0.0535,110.3807,13.8596,167.6053,0.000,0.000,0.934,56.4300,0.9719,63
2026-04-24,16:16:49,11707,1,0.0000,0.0056,0.0205,0.6019,2.9691,0,1.0000,0,0,24.9472,-0.0667,110.3801,8.2185,167.5945,0.000,0.000,0.931,57.5846,1.0297,63
2026-04-24,16:16:49,11707,1,0.0000,-0.0053,0.0211,0.6219,2.9691,0,1.0000,0,0,24.9585,0.1469,110.4463,6.2965,167.6031,0.000,0.000,0.929,58.7146,0.9826,63
2026-04-24,16:16:49,11708,1,0.0000,0.0057,0.0227,0.6686,2.9691,0,1.0000,0,0,24.9656,0.1687,110.4486,4.3070,167.6064,0.000,0.000,0.926,59.6251,1.2247,63
2026-04-24,16:16:49,11708,1,0.0000,-0.0133,0.0234,0.6896,2.9692,0,1.0000,0,0,24.9734,0.1475,110.5248,3.3498,167.5931,0.000,0.000,0.923,60.6390,1.6021,63
2026-04-24,16:16:49,11709,1,0.0000,0.0033,0.0227,0.6687,2.9691,0,1.0000,0,0,24.9782,0.1461,110.5414,2.3706,167.5964,0.000,0.000,0.921,61.1142,2.0168,63
2026-04-24,16:16:49,11710,1,0.0000,-0.0008,0.0245,0.7215,2.9692,0,1.0000,0,0,24.9767,0.0330,110.2002,-1.7177,167.6091,0.000,0.000,0.918,61.8565,2.9095,63
2026-04-24,16:16:49,11711,1,0.0000,-0.0001,0.0226,0.6633,2.9692,0,1.0000,0,0,24.9696,-0.1041,109.7892,-5.1126,167.5948,0.000,0.000,0.915,62.2843,3.5211,63
2026-04-24,16:16:49,11712,1,0.0000,-0.0022,0.0221,0.6501,2.9692,0,1.0000,0,0,24.9611,-0.1638,109.4262,-7.0074,167.5916,0.000,0.000,0.913,62.5826,4.1008,63
2026-04-24,16:16:49,11712,1,0.0000,-0.0032,0.0244,0.7187,2.9692,0,1.0000,0,0,24.9547,-0.2243,109.1494,-7.3248,167.5831,0.000,0.000,0.910,62.9236,4.9336,63
2026-04-24,16:16:49,11713,1,0.0000,-0.0074,0.0232,0.6826,2.9692,0,1.0000,0,0,24.9253,-0.3358,109.0816,-6.2267,167.6025,0.000,0.000,0.909,63.2916,5.9803,63
2026-04-24,16:16:49,11713,1,0.0000,0.0025,0.0218,0.6416,2.9691,0,1.0000,0,0,24.9232,-0.2092,108.9956,-5.5293,167.6041,0.000,0.000,0.907,63.3639,6.4175,63
2026-04-24,16:16:49,11741,1,0.0000,0.0015,0.0233,0.6861,2.9691,0,1.0000,0,0,24.9364,0.5431,108.8564,-7.5824,167.6184,0.000,0.000,0.904,63.5333,7.0142,63
2026-04-24,16:16:49,11777,1,0.0000,0.0059,0.0212,0.6222,2.9691,0,1.0000,0,0,24.9440,0.4318,107.4782,-31.5093,167.5924,0.000,0.000,0.901,63.7775,7.6833,63
2026-04-24,16:16:49,11813,1,0.0000,0.0025,0.0234,0.6880,2.9691,0,1.0000,0,0,24.9319,0.0807,107.2901,-13.3311,167.6013,0.000,0.000,0.898,63.9836,8.3507,63
2026-04-24,16:16:49,11849,1,0.0000,0.0099,0.0205,0.6028,2.9691,0,1.0000,0,0,24.9566,0.1901,107.0259,-11.1523,167.5793,0.000,0.000,0.894,64.2492,9.0122,63
2026-04-24,16:16:49,11886,1,0.0000,-0.0014,0.0220,0.6474,2.9691,0,1.0000,0,0,24.9689,0.3101,105.6299,-34.8792,167.5832,0.000,0.000,0.891,64.4965,9.4668,63
2026-04-24,16:16:49,11921,1,0.0000,0.0025,0.0223,0.6551,2.9691,0,1.0000,0,0,24.9502,0.1343,104.3960,-32.8641,167.6036,0.000,0.000,0.888,64.8613,9.9846,63
2026-04-24,16:16:49,11957,1,0.0000,0.0029,0.0223,0.6552,2.9691,0,1.0000,0,0,24.9397,-0.8373,104.8634,0.8182,167.6022,0.000,0.000,0.885,64.9721,10.4350,63
2026-04-24,16:16:49,11993,1,0.0000,0.0124,0.0211,0.6215,2.9691,0,1.0000,0,0,24.9550,0.2681,104.9566,-0.4073,167.6136,0.000,0.000,0.882,64.9989,10.8433,63
2026-04-24,16:16:49,12029,1,0.0000,0.0060,0.0224,0.6602,2.9691,0,1.0000,0,0,24.9467,0.1517,104.5419,-8.9004,167.6339,0.000,0.000,0.878,65.0051,11.1939,63
2026-04-24,16:16:49,12066,1,0.0000,-0.0035,0.0218,0.6414,2.9691,0,1.0000,0,0,24.9870,1.3420,104.0513,-10.4535,167.6315,0.000,0.000,0.875,64.9483,11.3943,63
2026-04-24,16:16:49,12101,1,0.0000,-0.0077,0.0223,0.6547,2.9691,0,1.0000,0,0,24.9928,0.2581,104.4652,3.9396,167.6200,0.000,0.000,0.872,64.8540,11.5025,63
2026-04-24,16:16:49,12137,1,0.0000,0.0097,0.0204,0.5987,2.9691,0,1.0000,0,0,24.9886,-0.1207,105.2888,20.2370,167.6427,0.000,0.000,0.869,64.8106,11.3008,63
2026-04-24,16:16:49,12173,1,0.0000,0.0041,0.0215,0.6314,2.9691,0,1.0000,0,0,24.9811,-0.0671,106.2378,24.1318,167.6321,0.000,0.000,0.866,64.7831,10.8335,63
2026-04-24,16:16:50,12666,1,0.0000,-0.0087,0.0208,0.6117,2.9691,0,1.0000,0,0,24.9515,-0.5114,106.4008,15.9872,167.6392,0.000,0.000,0.862,64.7961,9.9628,63
2026-04-24,16:16:50,12667,1,0.0000,0.0030,0.0215,0.6314,2.9691,0,1.0000,0,0,24.9651,0.0245,106.5783,12.5684,167.6240,0.000,0.000,0.860,64.7713,9.4593,63
2026-04-24,16:16:50,12668,1,0.0000,-0.0007,0.0210,0.6180,2.9691,0,1.0000,0,0,24.9666,0.0845,106.9004,10.8018,167.6340,0.000,0.000,0.857,64.5976,8.8465,63
2026-04-24,16:16:50,12669,1,0.0000,0.0120,0.0211,0.6206,2.9691,0,1.0000,0,0,24.9729,0.1917,107.3402,11.3219,167.6344,0.000,0.000,0.854,64.4408,8.5051,63
2026-04-24,16:16:50,12669,1,0.0000,0.0015,0.0215,0.6314,2.9691,0,1.0000,0,0,24.9705,0.0118,107.7000,11.0963,167.6436,0.000,0.000,0.852,64.3398,8.3941,63
2026-04-24,16:16:50,12670,1,0.0000,-0.0080,0.0233,0.6865,2.9691,0,1.0000,0,0,24.9681,-0.0142,107.8701,8.1429,167.6389,0.000,0.000,0.849,64.1250,8.2859,63
2026-04-24,16:16:50,12670,1,0.0000,0.0019,0.0208,0.6116,2.9691,0,1.0000,0,0,24.9804,0.1654,107.9540,6.3353,167.6382,0.000,0.000,0.846,63.9881,8.2395,63
2026-04-24,16:16:50,12671,1,0.0000,-0.0008,0.0227,0.6673,2.9691,0,1.0000,0,0,24.9713,-0.0093,108.0853,5.6468,167.6445,0.000,0.000,0.844,63.8647,8.0433,63
2026-04-24,16:16:50,12673,1,0.0000,0.0052,0.0202,0.5934,2.9691,0,1.0000,0,0,24.9917,0.3236,108.1518,3.9186,167.6419,0.000,0.000,0.841,63.7820,7.7282,63
2026-04-24,16:16:50,12674,1,0.0000,-0.0004,0.0210,0.6174,2.9691,0,1.0000,0,0,24.9802,-0.0590,108.2981,4.0677,167.6414,0.000,0.000,0.838,63.7699,7.3145,63
2026-04-24,16:16:50,12675,1,0.0000,0.0045,0.0220,0.6480,2.9691,0,1.0000,0,0,24.9641,-0.3323,108.4163,3.9147,167.6367,0.000,0.000,0.836,63.7857,6.9449,63
2026-04-24,16:16:50,12676,1,0.0000,-0.0072,0.0220,0.6469,2.9691,0,1.0000,0,0,24.9726,-0.2075,108.4320,3.4819,167.6452,0.000,0.000,0.835,63.6910,6.3024,63
2026-04-24,16:16:50,12676,1,0.0000,0.0066,0.0208,0.6122,2.9691,0,1.0000,0,0,24.9514,-0.3925,108.2945,1.0840,167.6476,0.000,0.000,0.833,63.8054,6.0595,63
2026-04-24,16:16:50,12707,1,0.0000,-0.0080,0.0216,0.6341,2.9691,0,1.0000,0,0,24.9468,-0.2015,108.0085,-3.3541,167.6392,0.000,0.000,0.830,63.8825,5.9445,63
2026-04-24,16:16:50,12743,1,0.0000,0.0042,0.0205,0.6021,2.9691,0,1.0000,0,0,24.9585,0.4799,108.2794,4.7738,167.6246,0.000,0.000,0.826,63.9573,5.9551,63
2026-04-24,16:16:50,12779,1,0.0000,0.0044,0.0238,0.7011,2.9691,0,1.0000,0,0,24.9606,0.0218,108.6974,9.6736,167.6387,0.000,0.000,0.823,64.1430,6.1014,63
2026-04-24,16:16:50,12814,1,0.0000,-0.0114,0.0228,0.6700,2.9691,0,1.0000,0,0,24.9550,-0.1602,108.6649,-0.0558,167.6371,0.000,0.000,0.820,64.2490,6.3022,63
2026-04-24,16:16:50,12850,1,0.0000,-0.0034,0.0230,0.6771,2.9691,0,1.0000,0,0,24.9568,0.7352,108.6961,2.1941,167.6227,0.000,0.000,0.817,64.4048,6.6037,63
2026-04-24,16:16:50,12886,1,0.0000,0.0088,0.0227,0.6680,2.9691,0,1.0000,0,0,24.9528,-0.1723,109.2353,12.3625,167.6208,0.000,0.000,0.814,64.4928,6.7430,63
2026-04-24,16:16:50,12922,1,0.0000,-0.0009,0.0224,0.6577,2.9691,0,1.0000,0,0,24.9766,0.9611,109.8805,15.3433,167.6180,0.000,0.000,0.810,64.5014,6.7915,63
2026-04-24,16:16:50,12958,1,0.0000,-0.0030,0.0230,0.6771,2.9692,0,1.0000,0,0,24.9798,0.3036,110.2991,15.1552,167.6248,0.000,0.000,0.807,64.5347,6.6338,63
2026-04-24,16:16:50,12994,1,0.0000,-0.0012,0.0225,0.6604,2.9691,0,1.0000,0,0,25.0047,1.1589,109.6654,-9.5254,167.6129,0.000,0.000,0.804,64.5273,6.3351,63
2026-04-24,16:16:50,13030,1,0.0000,0.0019,0.0218,0.6403,2.9691,0,1.0000,0,0,24.9959,0.0339,109.0611,-15.6060,167.6039,0.000,0.000,0.801,64.5527,5.9502,63
2026-04-24,16:16:50,13066,1,0.0000,0.0026,0.0233,0.6861,2.9692,0,1.0000,0,0,24.9999,-0.3061,109.0648,-5.3131,167.5998,0.000,0.000,0.798,64.6021,5.4758,63
2026-04-24,16:16:50,13101,1,0.0000,-0.0080,0.0222,0.6543,2.9692,0,1.0000,0,0,24.9867,0.2365,108.5019,-15.2820,167.6091,0.000,0.000,0.794,64.5930,5.1541,63
2026-04-24,16:16:50,13137,1,0.0000,0.0001,0.0221,0.6513,2.9691,0,1.0000,0,0,24.9714,-0.6538,107.3403,-29.8036,167.6031,0.000,0.000,0.791,64.4939,4.8358,63
2026-04-24,16:16:51,14084,1,0.0000,-0.0058,0.0221,0.6508,2.9692,0,1.0000,0,0,24.9573,-0.5057,106.9376,-24.2415,167.5952,0.000,0.000,0.789,64.4356,4.7222,63
2026-04-24,16:16:51,14086,1,0.0000,0.0092,0.0227,0.6681,2.9691,0,1.0000,0,0,24.9559,-0.0981,106.6787,-16.9385,167.5954,0.000,0.000,0.786,64.3178,4.6305,63
2026-04-24,16:16:51,14087,1,0.0000,0.0032,0.0227,0.6667,2.9692,0,1.0000,0,0,24.9407,-0.2880,106.4408,-13.8340,167.5959,0.000,0.000,0.783,64.2498,4.6368,63
2026-04-24,16:16:51,14088,1,0.0000,-0.0043,0.0230,0.6771,2.9692,0,1.0000,0,0,24.9356,-0.2125,106.2777,-10.9129,167.6006,0.000,0.000,0.781,64.2652,4.6301,63
2026-04-24,16:16:51,14089,1,0.0000,0.0019,0.0221,0.6487,2.9692,0,1.0000,0,0,24.9445,0.0789,106.2377,-7.7988,167.6043,0.000,0.000,0.778,64.2601,4.4884,63
2026-04-24,16:16:51,14089,1,0.0000,0.0034,0.0227,0.6667,2.9692,0,1.0000,0,0,24.9462,0.0851,106.3000,-4.7026,167.6059,0.000,0.000,0.776,64.3886,4.1770,63
2026-04-24,16:16:51,14090,1,0.0000,-0.0134,0.0238,0.7004,2.9692,0,1.0000,0,0,24.9407,-0.0839,106.3678,-2.5867,167.6129,0.000,0.000,0.774,64.5531,3.9728,63
2026-04-24,16:16:51,14090,1,0.0000,0.0077,0.0227,0.6681,2.9692,0,1.0000,0,0,24.9548,0.2566,106.3856,-1.4516,167.5975,0.000,0.000,0.770,64.8173,3.7885,63
2026-04-24,16:16:51,14091,1,0.0000,-0.0011,0.0235,0.6923,2.9692,0,1.0000,0,0,24.9605,0.2884,106.4877,-0.0202,167.5841,0.000,0.000,0.768,65.0350,3.7023,63
2026-04-24,16:16:51,14092,1,0.0000,0.0025,0.0227,0.6681,2.9692,0,1.0000,0,0,24.9612,0.1612,106.5748,0.7759,167.5773,0.000,0.000,0.766,65.1299,3.6013,63
2026-04-24,16:16:51,14093,1,0.0000,0.0028,0.0235,0.6922,2.9692,0,1.0000,0,0,24.9483,-0.0815,106.7881,2.5010,167.5690,0.000,0.000,0.762,65.2605,3.4115,63
2026-04-24,16:16:51,14093,1,0.0000,0.0139,0.0222,0.6536,2.9692,0,1.0000,0,0,24.9387,-0.0453,106.9577,2.6073,167.5704,0.000,0.000,0.761,65.6411,3.1683,63
2026-04-24,16:16:51,14094,1,0.0000,-0.0002,0.0230,0.6757,2.9692,0,1.0000,0,0,24.9503,0.1702,107.0895,2.9469,167.5615,0.000,0.000,0.758,65.8073,3.0636,63
2026-04-24,16:16:51,14094,1,0.0000,-0.0132,0.0225,0.6606,2.9692,0,1.0000,0,0,24.9412,0.0221,107.1650,2.5444,167.5761,0.000,0.000,0.755,66.1517,2.9342,63
2026-04-24,16:16:51,14095,1,0.0000,-0.0109,0.0225,0.6606,2.9692,0,1.0000,0,0,24.9399,-0.0509,107.1124,0.8737,167.5873,0.000,0.000,0.752,66.4906,2.6407,63
2026-04-24,16:16:51,14097,1,0.0000,0.0033,0.0227,0.6681,2.9692,0,1.0000,0,0,24.9451,0.0059,106.9599,-0.9490,167.5772,0.000,0.000,0.749,66.8121,2.4136,63
2026-04-24,16:16:51,14098,1,0.0000,0.0078,0.0230,0.6777,2.9691,0,1.0000,0,0,24.9325,-0.1767,106.8227,-1.8369,167.5815,0.000,0.000,0.746,66.9405,2.3891,63
2026-04-24,16:16:51,14099,1,0.0000,0.0146,0.0220,0.6461,2.9691,0,1.0000,0,0,24.9215,-0.2019,106.6773,-2.4541,167.5992,0.000,0.000,0.743,67.0312,2.4436,63
2026-04-24,16:16:51,14099,1,0.0000,0.0045,0.0232,0.6829,2.9691,0,1.0000,0,0,24.9264,-0.0593,106.6411,-1.9707,167.5991,0.000,0.000,0.741,66.9830,2.6307,63
2026-04-24,16:16:51,14100,1,0.0000,0.0099,0.0218,0.6414,2.9691,0,1.0000,0,0,24.9245,0.0030,106.7322,-0.3261,167.6040,0.000,0.000,0.738,66.9233,2.6939,63
2026-04-24,16:16:51,14100,1,0.0000,-0.0151,0.0218,0.6421,2.9691,0,1.0000,0,0,24.9214,-0.0421,106.7403,-0.1254,167.6078,0.000,0.000,0.735,66.8973,2.6950,63
2026-04-24,16:16:51,14101,1,0.0000,0.0021,0.0217,0.6372,2.9691,0,1.0000,0,0,24.9252,0.0577,106.8572,0.9124,167.5958,0.000,0.000,0.733,66.8597,2.6908,63
2026-04-24,16:16:51,14102,1,0.0000,-0.0109,0.0229,0.6740,2.9691,0,1.0000,0,0,24.8987,-0.1077,106.9529,1.2686,167.6043,0.000,0.000,0.730,66.9992,2.7045,63
2026-04-24,16:16:51,14103,1,0.0000,0.0065,0.0217,0.6378,2.9691,0,1.0000,0,0,24.8968,-0.1298,107.0888,3.5578,167.5984,0.000,0.000,0.728,67.2756,2.9789,63
2026-04-24,16:16:51,14132,1,0.0000,-0.0101,0.0221,0.6486,2.9691,0,1.0000,0,0,24.9114,0.2086,108.5300,31.9023,167.5913,0.000,0.000,0.725,67.6990,3.0945,63
2026-04-24,16:16:51,14168,1,0.0000,0.0104,0.0197,0.5800,2.9691,0,1.0000,0,0,24.9040,0.3279,109.1524,22.1009,167.5738,0.000,0.000,0.722,68.1424,3.1784,63
2026-04-24,16:16:52,14653,1,0.0000,0.0073,0.0217,0.6395,2.9691,0,1.0000,0,0,24.9059,0.0936,109.3246,16.8314,167.5788,0.000,0.000,0.719,68.3996,3.1199,63
2026-04-24,16:16:52,14654,1,0.0000,0.0190,0.0202,0.5946,2.9691,0,1.0000,0,0,24.8922,-0.1574,109.6030,12.7877,167.5797,0.000,0.000,0.716,68.6120,2.7300,63
2026-04-24,16:16:52,14656,1,0.0000,0.0101,0.0202,0.5929,2.9691,0,1.0000,0,0,24.8826,-0.3053,109.8217,9.7128,167.5826,0.000,0.000,0.713,68.5998,2.1702,63
2026-04-24,16:16:52,14657,1,0.0000,-0.0074,0.0218,0.6401,2.9691,0,1.0000,0,0,24.8929,0.0579,109.9337,7.7042,167.5792,0.000,0.000,0.710,68.4657,1.7578,63
2026-04-24,16:16:52,14657,1,0.0000,-0.0019,0.0219,0.6445,2.9691,0,1.0000,0,0,24.9037,0.1603,110.1273,7.1702,167.5748,0.000,0.000,0.708,68.3001,1.6298,63
2026-04-24,16:16:52,14658,1,0.0000,-0.0001,0.0221,0.6486,2.9691,0,1.0000,0,0,24.9065,0.1922,110.2822,5.6314,167.5841,0.000,0.000,0.705,68.1229,1.5199,63
2026-04-24,16:16:52,14658,1,0.0000,-0.0036,0.0224,0.6595,2.9691,0,1.0000,0,0,24.8967,-0.1018,110.2276,3.2508,167.6006,0.000,0.000,0.702,67.8491,1.2185,63
2026-04-24,16:16:52,14659,1,0.0000,0.0107,0.0205,0.6039,2.9691,0,1.0000,0,0,24.8864,-0.2970,110.0386,0.2659,167.6023,0.000,0.000,0.699,67.6702,0.9940,63
2026-04-24,16:16:52,14661,1,0.0000,-0.0092,0.0224,0.6596,2.9691,0,1.0000,0,0,24.8832,-0.1261,110.0095,-0.0802,167.5953,0.000,0.000,0.697,67.6979,0.6860,63
2026-04-24,16:16:52,14662,1,0.0000,-0.0026,0.0233,0.6854,2.9691,0,1.0000,0,0,24.8840,-0.0584,109.9732,-0.4716,167.5975,0.000,0.000,0.694,67.8355,0.3471,63
2026-04-24,16:16:52,14663,1,0.0000,-0.0144,0.0237,0.6965,2.9692,0,1.0000,0,0,24.9108,0.2787,109.5755,-3.1914,167.6041,0.000,0.000,0.691,67.6546,-0.4349,63
2026-04-24,16:16:52,14663,1,0.0000,-0.0113,0.0247,0.7259,2.9692,0,1.0000,0,0,24.9116,0.1675,109.3739,-3.9023,167.5982,0.000,0.000,0.690,67.2484,-0.6687,63
2026-04-24,16:16:52,14687,1,0.0000,0.0020,0.0227,0.6691,2.9692,0,1.0000,0,0,24.9302,0.4842,108.6551,-16.0281,167.6090,0.000,0.000,0.686,66.6212,-0.9930,63
2026-04-24,16:16:52,14723,1,0.0000,-0.0030,0.0259,0.7617,2.9692,0,1.0000,0,0,24.9324,0.0485,107.9353,-19.5527,167.5853,0.000,0.000,0.683,66.2326,-1.1929,63
2026-04-24,16:16:52,14759,1,0.0000,-0.0025,0.0243,0.7155,2.9693,0,1.0000,0,0,24.9686,1.2439,107.1330,-23.6589,167.5934,0.000,0.000,0.680,65.9749,-1.4315,63
2026-04-24,16:16:52,14795,1,0.0000,-0.0002,0.0246,0.7243,2.9693,0,1.0000,0,0,24.9573,-0.7821,106.9459,-8.1697,167.5799,0.000,0.000,0.677,66.1224,-1.5541,63
2026-04-24,16:16:52,14831,1,0.0000,-0.0098,0.0256,0.7538,2.9693,0,1.0000,0,0,24.9674,0.4247,107.2223,1.0622,167.5832,0.000,0.000,0.674,66.1440,-1.7672,63
2026-04-24,16:16:52,14867,1,0.0000,-0.0213,0.0286,0.8406,2.9694,0,1.0000,0,0,24.9593,-0.0354,108.3691,26.3091,167.5773,0.000,0.000,0.670,65.7057,-2.2831,63
2026-04-24,16:16:52,14903,1,0.0000,-0.0089,0.0279,0.8196,2.9694,0,1.0000,0,0,24.9347,-0.4377,109.0229,20.8077,167.6050,0.000,0.000,0.667,65.3201,-2.9726,63
2026-04-24,16:16:52,14939,1,0.0000,-0.0019,0.0279,0.8196,2.9694,0,1.0000,0,0,24.9618,0.7082,109.0521,8.5438,167.6117,0.000,0.000,0.664,64.8153,-4.1045,63
2026-04-24,16:16:52,14975,1,0.0000,0.0101,0.0269,0.7923,2.9694,0,1.0000,0,0,24.9611,0.0265,108.8216,-3.6219,167.6218,0.000,0.000,0.661,64.6172,-4.9225,63
2026-04-24,16:16:52,15011,1,0.0000,-0.0053,0.0275,0.8096,2.9694,0,1.0000,0,0,24.9633,0.1768,108.1278,-14.7517,167.6129,0.000,0.000,0.658,64.8622,-5.8206,63
2026-04-24,16:16:52,15047,1,0.0000,0.0054,0.0269,0.7910,2.9694,0,1.0000,0,0,24.9240,-1.0135,107.4794,-19.4108,167.6284,0.000,0.000,0.654,65.3191,-6.2892,63
2026-04-24,16:16:52,15083,1,0.0000,0.0005,0.0273,0.8035,2.9694,0,1.0000,0,0,24.9431,0.5398,106.3663,-31.0978,167.6239,0.000,0.000,0.651,65.8691,-6.5447,63
2026-04-24,16:16:52,15119,1,0.0000,0.0042,0.0276,0.8121,2.9694,0,1.0000,0,0,24.9538,0.4363,105.3085,-28.6011,167.6351,0.000,0.000,0.648,66.2870,-6.3564,63
2026-04-24,16:16:52,15156,1,0.0000,-0.0057,0.0278,0.8162,2.9695,0,1.0000,0,0,24.9257,-0.2938,105.5972,-3.8701,167.6394,0.000,0.000,0.645,66.4613,-6.1838,63
2026-04-24,16:16:53,15644,1,0.0000,-0.0068,0.0283,0.8321,2.9695,0,1.0000,0,0,24.9570,0.6772,105.7258,-0.2761,167.6422,0.000,0.000,0.642,66.6994,-6.2305,63
2026-04-24,16:16:53,15645,1,0.0000,0.0021,0.0285,0.8394,2.9695,0,1.0000,0,0,24.9249,-0.1925,105.3644,-3.8574,167.6422,0.000,0.000,0.639,67.0483,-6.6284,63
2026-04-24,16:16:53,15647,1,0.0000,-0.0038,0.0293,0.8621,2.9695,0,1.0000,0,0,24.9317,-0.0998,104.9638,-6.1088,167.6481,0.000,0.000,0.636,67.3282,-7.3928,63
2026-04-24,16:16:53,15647,1,0.0000,-0.0005,0.0292,0.8593,2.9695,0,1.0000,0,0,24.9357,0.0225,104.6919,-6.7149,167.6483,0.000,0.000,0.634,67.4508,-8.6419,63
2026-04-24,16:16:53,15648,1,0.0000,0.0025,0.0282,0.8280,2.9695,0,1.0000,0,0,24.9209,-0.3169,104.5469,-5.9499,167.6319,0.000,0.000,0.631,67.4728,-9.8038,63
2026-04-24,16:16:53,15648,1,0.0000,-0.0032,0.0292,0.8593,2.9695,0,1.0000,0,0,24.9249,0.0150,104.3170,-5.7718,167.6434,0.000,0.000,0.628,67.3434,-11.4342,63
2026-04-24,16:16:53,15649,1,0.0000,-0.0186,0.0293,0.8607,2.9695,0,1.0000,0,0,24.9384,0.2293,104.1444,-5.5839,167.6384,0.000,0.000,0.626,67.2230,-12.4254,63
2026-04-24,16:16:53,15650,1,0.0000,0.0119,0.0298,0.8779,2.9695,0,1.0000,0,0,24.9391,0.1668,104.0873,-4.3697,167.6466,0.000,0.000,0.623,67.0612,-13.0060,63
2026-04-24,16:16:53,15650,1,0.0000,0.0084,0.0290,0.8535,2.9695,0,1.0000,0,0,24.9426,0.1140,104.0601,-3.2046,167.6514,0.000,0.000,0.621,67.0202,-13.1471,63
2026-04-24,16:16:53,15651,1,0.0000,-0.0135,0.0309,0.9094,2.9696,0,1.0000,0,0,24.9317,0.0314,104.0011,-2.5477,167.6507,0.000,0.000,0.618,66.8680,-12.6189,63
2026-04-24,16:16:53,15652,1,0.0000,-0.0040,0.0308,0.9062,2.9696,0,1.0000,0,0,24.9272,-0.0495,103.8584,-3.0785,167.6646,0.000,0.000,0.615,66.6042,-11.4717,63
2026-04-24,16:16:53,15652,1,0.0000,-0.0077,0.0306,0.9009,2.9696,0,1.0000,0,0,24.9054,-0.1718,103.8182,-2.8188,167.6713,0.000,0.000,0.614,66.3763,-9.7053,63
2026-04-24,16:16:53,15654,1,0.0000,-0.0121,0.0317,0.9327,2.9696,0,1.0000,0,0,24.8990,-0.2622,103.8748,0.1920,167.6781,0.000,0.000,0.611,66.3967,-9.3062,63
2026-04-24,16:16:53,15694,1,0.0000,-0.0030,0.0312,0.9178,2.9696,0,1.0000,0,0,24.9235,0.2854,104.1302,1.4028,167.6605,0.000,0.000,0.607,66.4967,-9.0323,63
2026-04-24,16:16:53,15728,1,0.0000,-0.0123,0.0310,0.9131,2.9696,0,1.0000,0,0,24.9273,0.0958,103.3364,-17.1965,167.6453,0.000,0.000,0.604,66.5732,-9.1726,63
2026-04-24,16:16:53,15760,1,0.0000,0.0069,0.0286,0.8421,2.9696,0,1.0000,0,0,24.9277,0.2537,102.3736,-25.4605,167.6457,0.000,0.000,0.601,66.5117,-9.2547,63
2026-04-24,16:16:53,15793,1,0.0000,0.0140,0.0285,0.8391,2.9695,0,1.0000,0,0,24.9228,0.6817,101.7211,-22.5298,167.6546,0.000,0.000,0.598,66.1312,-9.4511,63
2026-04-24,16:16:53,15833,1,0.0000,0.0084,0.0303,0.8907,2.9695,0,1.0000,0,0,24.9136,-0.0138,101.2052,-19.1602,167.6589,0.000,0.000,0.594,65.0291,-9.8617,63
2026-04-24,16:16:53,15866,1,0.0000,0.0116,0.0288,0.8462,2.9695,0,1.0000,0,0,24.9172,-0.0973,101.0504,-8.2364,167.6642,0.000,0.000,0.590,63.9322,-10.5052,63
2026-04-24,16:16:53,15901,1,0.0000,0.0061,0.0274,0.8049,2.9695,0,1.0000,0,0,24.9285,0.1675,101.7216,11.1333,167.6267,0.000,0.000,0.587,62.4020,-11.4358,63
2026-04-24,16:16:53,15937,1,0.0000,0.0056,0.0279,0.8208,2.9694,0,1.0000,0,0,24.9131,1.1396,102.2040,16.1756,167.6182,0.000,0.000,0.584,61.0774,-12.1154,63
2026-04-24,16:16:53,15973,1,0.0000,0.0082,0.0266,0.7823,2.9694,0,1.0000,0,0,24.9183,-1.5949,103.0617,23.1783,167.6350,0.000,0.000,0.581,60.4283,-12.3585,63
2026-04-24,16:16:53,16009,1,0.0000,0.0078,0.0244,0.7165,2.9694,0,1.0000,0,0,24.9276,1.7936,103.7026,20.2861,167.6507,0.000,0.000,0.578,59.9546,-12.2131,63
2026-04-24,16:16:53,16045,1,0.0000,-0.0011,0.0265,0.7802,2.9693,0,1.0000,0,0,24.9056,-1.5541,103.8391,6.7678,167.6795,0.000,0.000,0.574,59.8755,-11.4050,63
2026-04-24,16:16:53,16081,1,0.0000,0.0182,0.0253,0.7430,2.9693,0,1.0000,0,0,24.9172,0.5476,103.7167,3.8115,167.6642,0.000,0.000,0.571,60.1518,-9.7936,63
2026-04-24,16:16:53,16117,1,0.0000,0.0084,0.0246,0.7244,2.9692,0,1.0000,0,0,24.8724,-1.4413,104.5969,18.9321,167.6267,0.000,0.000,0.568,60.6790,-7.7275,63
2026-04-24,16:16:54,16607,1,0.0000,-0.0012,0.0240,0.7065,2.9692,0,1.0000,0,0,24.8819,-0.3856,104.9776,14.8659,167.6324,0.000,0.000,0.565,61.2171,-5.9454,63
2026-04-24,16:16:54,16608,1,0.0000,0.0032,0.0236,0.6951,2.9692,0,1.0000,0,0,24.9005,0.3608,105.3814,12.7359,167.6355,0.000,0.000,0.562,61.7566,-5.0940,63
2026-04-24,16:16:54,16608,1,0.0000,0.0040,0.0236,0.6951,2.9692,0,1.0000,0,0,24.8797,-0.1461,105.6990,10.4768,167.6305,0.000,0.000,0.558,62.3325,-5.2588,63
2026-04-24,16:16:54,16609,1,0.0000,0.0099,0.0237,0.6967,2.9692,0,1.0000,0,0,24.8776,-0.0830,105.7852,7.9330,167.6326,0.000,0.000,0.556,62.9598,-6.3034,63
2026-04-24,16:16:54,16610,1,0.0000,-0.0069,0.0247,0.7252,2.9692,0,1.0000,0,0,24.8570,-0.3056,105.9009,6.5642,167.6327,0.000,0.000,0.554,63.3398,-7.3858,63
2026-04-24,16:16:54,16611,1,0.0000,0.0080,0.0240,0.7057,2.9692,0,1.0000,0,0,24.8786,0.1897,106.1489,6.2742,167.6247,0.000,0.000,0.550,63.7459,-8.9817,63
2026-04-24,16:16:54,16612,1,0.0000,0.0042,0.0237,0.6977,2.9693,0,1.0000,0,0,24.8797,0.2336,106.1404,3.7436,167.6088,0.000,0.000,0.547,64.1722,-10.0279,63
2026-04-24,16:16:54,16613,1,0.0000,-0.0075,0.0253,0.7430,2.9693,0,1.0000,0,0,24.8718,-0.0518,106.2135,3.2277,167.6053,0.000,0.000,0.545,64.6477,-10.8666,63
2026-04-24,16:16:54,16614,1,0.0000,-0.0166,0.0262,0.7704,2.9693,0,1.0000,0,0,24.8819,0.1692,106.0704,0.4615,167.6094,0.000,0.000,0.542,65.2820,-11.6548,63
2026-04-24,16:16:54,16614,1,0.0000,-0.0193,0.0294,0.8657,2.9694,0,1.0000,0,0,24.8625,-0.1583,105.7470,-2.8025,167.6379,0.000,0.000,0.538,66.3922,-12.5323,63
2026-04-24,16:16:54,16615,1,0.0000,0.0058,0.0273,0.8034,2.9694,0,1.0000,0,0,24.8904,0.1711,105.6070,-3.0093,167.6056,0.000,0.000,0.537,68.2616,-14.0594,63
2026-04-24,16:16:54,16616,1,0.0000,0.0040,0.0281,0.8267,2.9695,0,1.0000,0,0,24.9034,0.2116,105.4127,-3.5413,167.5965,0.000,0.000,0.535,69.2378,-15.1306,63
2026-04-24,16:16:54,16647,1,0.0000,-0.0027,0.0287,0.8449,2.9695,0,1.0000,0,0,24.9336,2.0401,104.6987,-14.8226,167.5926,0.000,0.000,0.532,69.6937,-16.0588,63
2026-04-24,16:16:54,16683,1,0.0000,-0.0000,0.0284,0.8349,2.9695,0,1.0000,0,0,24.9342,-0.1204,104.4026,-9.7853,167.5983,0.000,0.000,0.529,69.9910,-17.8698,63
2026-04-24,16:16:54,16718,1,0.0000,0.0107,0.0282,0.8292,2.9695,0,1.0000,0,0,24.9495,0.0166,104.3901,-6.0149,167.5703,0.000,0.000,0.526,70.3628,-20.4745,63
2026-04-24,16:16:54,16754,1,0.0000,-0.0057,0.0315,0.9264,2.9695,0,1.0000,0,0,24.9456,0.1087,103.5214,-17.6718,167.5190,0.000,0.000,0.522,70.6778,-22.7894,63
2026-04-24,16:16:54,16790,1,0.0000,-0.0078,0.0302,0.8892,2.9696,0,1.0000,0,0,24.9572,0.6107,103.4330,-9.7258,167.5707,0.000,0.000,0.519,71.1105,-25.9234,63
2026-04-24,16:16:54,16826,1,0.0000,0.0018,0.0314,0.9241,2.9696,0,1.0000,0,0,24.9631,0.5027,102.8844,-14.7876,167.5554,0.000,0.000,0.516,71.2625,-28.0443,63
2026-04-24,16:16:54,16862,1,0.0000,-0.0027,0.0311,0.9142,2.9696,0,1.0000,0,0,24.9615,-0.2905,101.7370,-28.8339,167.5640,0.000,0.000,0.513,71.3468,-30.3320,63
2026-04-24,16:16:54,16898,1,0.0000,-0.0078,0.0316,0.9295,2.9696,0,1.0000,0,0,24.9459,-0.5962,100.5168,-32.5879,167.5505,0.000,0.000,0.510,71.3932,-32.3474,63
2026-04-24,16:16:54,16934,1,0.0000,-0.0059,0.0320,0.9413,2.9697,0,1.0000,0,0,24.9609,0.2114,100.6773,-7.8335,167.5530,0.000,0.000,0.506,71.4605,-33.7026,63
2026-04-24,16:16:54,16970,1,0.0000,0.0049,0.0316,0.9294,2.9697,0,1.0000,0,0,24.9626,0.0373,100.3371,-11.1824,167.5632,0.000,0.000,0.503,71.6272,-35.0503,63
2026-04-24,16:16:54,17006,1,0.0000,0.0020,0.0315,0.9276,2.9697,0,1.0000,0,0,24.9686,0.3618,100.1457,-8.0714,167.5675,0.000,0.000,0.500,71.6636,-35.4833,63
2026-04-24,16:16:54,17042,1,0.0000,0.0045,0.0319,0.9395,2.9697,0,1.0000,0,0,24.9623,-0.6681,99.7964,-10.9256,167.5852,0.000,0.000,0.497,71.6596,-35.1569,63
2026-04-24,16:16:54,17078,1,0.0000,-0.0030,0.0321,0.9431,2.9697,0,1.0000,0,0,24.9643,0.2667,99.4067,-11.7114,167.5914,0.000,0.000,0.494,71.5853,-33.9654,63
2026-04-24,16:16:54,17114,1,0.0000,0.0043,0.0316,0.9301,2.9697,0,1.0000,0,0,24.9448,-0.3906,99.3357,-4.6694,167.5975,0.000,0.000,0.490,71.4987,-32.9756,63
2026-04-24,16:16:55,17602,1,0.0000,0.0120,0.0321,0.9431,2.9697,0,1.0000,0,0,24.9422,-0.1280,99.3675,-2.4280,167.6087,0.000,0.000,0.488,71.3822,-31.8285,63
2026-04-24,16:16:55,17604,1,0.0000,0.0013,0.0325,0.9561,2.9697,0,1.0000,0,0,24.9202,-0.3884,99.4241,-1.0910,167.6176,0.000,0.000,0.486,71.3639,-31.4531,63
2026-04-24,16:16:55,17605,1,0.0000,0.0139,0.0340,1.0004,2.9697,0,1.0000,0,0,24.9223,-0.1153,99.6201,1.1820,167.6199,0.000,0.000,0.483,71.3499,-31.3777,63
2026-04-24,16:16:55,17606,1,0.0000,0.0041,0.0319,0.9377,2.9697,0,1.0000,0,0,24.9200,-0.0550,99.8096,2.5536,167.6259,0.000,0.000,0.481,71.4491,-31.6706,63
2026-04-24,16:16:55,17607,1,0.0000,0.0025,0.0325,0.9562,2.9697,0,1.0000,0,0,24.9180,-0.1068,99.9182,2.4913,167.6211,0.000,0.000,0.478,71.4650,-31.9761,63
2026-04-24,16:16:55,17607,1,0.0000,-0.0048,0.0350,1.0291,2.9697,0,1.0000,0,0,24.9224,0.0667,99.8953,1.4521,167.6163,0.000,0.000,0.475,71.3716,-32.0789,63
2026-04-24,16:16:55,17608,1,0.0000,0.0007,0.0320,0.9413,2.9697,0,1.0000,0,0,24.9309,0.1047,99.7421,-0.5053,167.6164,0.000,0.000,0.473,71.1798,-31.6091,63
2026-04-24,16:16:55,17609,1,0.0000,0.0028,0.0314,0.9247,2.9697,0,1.0000,0,0,24.9221,-0.0138,99.3084,-4.4444,167.6304,0.000,0.000,0.470,70.9095,-30.7581,63
2026-04-24,16:16:55,17611,1,0.0000,0.0037,0.0321,0.9431,2.9697,0,1.0000,0,0,24.9251,-0.0120,98.8850,-7.1159,167.6346,0.000,0.000,0.467,70.6617,-30.0816,63
2026-04-24,16:16:55,17612,1,0.0000,-0.0037,0.0333,0.9801,2.9697,0,1.0000,0,0,24.9227,-0.0169,98.4395,-9.1422,167.6428,0.000,0.000,0.465,70.4092,-29.4563,63
2026-04-24,16:16:55,17612,1,0.0000,-0.0067,0.0333,0.9801,2.9697,0,1.0000,0,0,24.9032,-0.3780,98.1848,-8.6295,167.6308,0.000,0.000,0.462,70.3675,-29.3696,63
2026-04-24,16:16:55,17613,1,0.0000,-0.0049,0.0324,0.9515,2.9697,0,1.0000,0,0,24.9161,0.1058,98.1611,-6.2899,167.6434,0.000,0.000,0.460,70.6254,-29.3754,63
2026-04-24,16:16:55,17613,1,0.0000,0.0195,0.0311,0.9145,2.9697,0,1.0000,0,0,24.9131,-0.0029,98.0354,-5.5339,167.6381,0.000,0.000,0.458,70.7777,-29.3974,63
2026-04-24,16:16:55,17645,1,0.0000,0.0016,0.0323,0.9497,2.9697,0,1.0000,0,0,24.9067,-0.2179,97.8179,-3.5400,167.6346,0.000,0.000,0.454,70.8327,-29.3615,63
2026-04-24,16:16:55,17681,1,0.0000,0.0000,0.0338,0.9931,2.9697,0,1.0000,0,0,24.9100,0.8108,97.9963,0.1891,167.6249,0.000,0.000,0.451,70.9394,-29.4584,63
2026-04-24,16:16:55,17717,1,0.0000,-0.0070,0.0318,0.9358,2.9697,0,1.0000,0,0,24.9115,-0.3188,98.0870,3.4109,167.6229,0.000,0.000,0.448,71.1092,-29.7714,63
2026-04-24,16:16:55,17753,1,0.0000,-0.0040,0.0339,0.9977,2.9697,0,1.0000,0,0,24.9263,0.7429,98.5183,13.3473,167.6145,0.000,0.000,0.445,71.2643,-30.1868,63
2026-04-24,16:16:55,17789,1,0.0000,-0.0072,0.0341,1.0024,2.9697,0,1.0000,0,0,24.9181,-0.4192,99.5507,23.5607,167.6195,0.000,0.000,0.442,71.4682,-30.8043,63
2026-04-24,16:16:55,17825,1,0.0000,-0.0077,0.0354,1.0413,2.9698,0,1.0000,0,0,24.9523,0.7547,99.7475,9.9075,167.6234,0.000,0.000,0.438,71.6557,-31.2504,63
2026-04-24,16:16:55,17861,1,0.0000,-0.0115,0.0358,1.0516,2.9698,0,1.0000,0,0,24.9703,0.7007,99.4884,-2.6752,167.6170,0.000,0.000,0.435,71.8415,-31.7310,63
2026-04-24,16:16:55,17897,1,0.0000,-0.0075,0.0353,1.0375,2.9698,0,1.0000,0,0,24.9851,0.7259,99.1085,-7.8717,167.6157,0.000,0.000,0.432,71.9049,-32.2585,63
2026-04-24,16:16:55,17932,1,0.0000,-0.0032,0.0364,1.0700,2.9698,0,1.0000,0,0,24.9600,-0.1731,99.2185,0.8899,167.5984,0.000,0.000,0.429,71.9854,-32.8517,63
2026-04-24,16:16:55,17968,1,0.0000,-0.0016,0.0353,1.0369,2.9699,0,1.0000,0,0,24.9577,-0.1048,99.4090,5.0241,167.5873,0.000,0.000,0.426,72.1815,-33.8764,63
2026-04-24,16:16:55,18004,1,0.0000,0.0070,0.0351,1.0332,2.9699,0,1.0000,0,0,24.9546,0.2384,99.4152,0.2372,167.5851,0.000,0.000,0.422,72.3880,-34.7714,63
2026-04-24,16:16:55,18040,1,0.0000,-0.0104,0.0373,1.0972,2.9699,0,1.0000,0,0,24.9642,-0.4624,99.3613,-1.5178,167.5899,0.000,0.000,0.419,72.5662,-35.7255,63
2026-04-24,16:16:55,18076,1,0.0000,-0.0127,0.0382,1.1248,2.9699,0,1.0000,0,0,24.9717,0.2588,99.1136,-6.4784,167.5977,0.000,0.000,0.416,72.6779,-36.5005,63
2026-04-24,16:16:56,19015,1,0.0000,-0.0108,0.0372,1.0950,2.9699,0,1.0000,0,0,24.9695,0.0721,98.8301,-7.2294,167.5990,0.000,0.000,0.414,72.7370,-36.9039,63
2026-04-24,16:16:56,19016,1,0.0000,-0.0022,0.0364,1.0720,2.9699,0,1.0000,0,0,24.9748,0.0105,98.2772,-9.6478,167.6011,0.000,0.000,0.410,72.7744,-37.1654,63
2026-04-24,16:16:56,19018,1,0.0000,0.0009,0.0371,1.0917,2.9699,0,1.0000,0,0,24.9755,0.0339,97.5172,-12.6828,167.5954,0.000,0.000,0.407,72.7032,-37.1124,63
2026-04-24,16:16:56,19018,1,0.0000,-0.0019,0.0375,1.1030,2.9699,0,1.0000,0,0,24.9734,-0.0019,96.9332,-14.1887,167.5939,0.000,0.000,0.405,72.6856,-37.1458,63
2026-04-24,16:16:56,19019,1,0.0000,0.0025,0.0361,1.0607,2.9699,0,1.0000,0,0,24.9557,-0.2865,96.3649,-13.5093,167.6023,0.000,0.000,0.402,72.6794,-37.3862,63
2026-04-24,16:16:56,19020,1,0.0000,-0.0041,0.0367,1.0800,2.9699,0,1.0000,0,0,24.9751,0.2110,96.0143,-12.4823,167.6012,0.000,0.000,0.399,72.8133,-37.9901,63
2026-04-24,16:16:56,19020,1,0.0000,0.0086,0.0365,1.0744,2.9699,0,1.0000,0,0,24.9612,-0.1574,95.6212,-12.4112,167.5948,0.000,0.000,0.397,72.9081,-38.4854,63
2026-04-24,16:16:56,19021,1,0.0000,-0.0005,0.0379,1.1157,2.9699,0,1.0000,0,0,24.9578,-0.2155,95.1817,-11.4032,167.5966,0.000,0.000,0.394,73.0399,-39.0937,63
2026-04-24,16:16:56,19022,1,0.0000,-0.0074,0.0379,1.1133,2.9699,0,1.0000,0,0,24.9579,-0.0594,95.0125,-9.3964,167.5929,0.000,0.000,0.391,73.1248,-39.4977,63
2026-04-24,16:16:56,19024,1,0.0000,-0.0091,0.0379,1.1157,2.9700,0,1.0000,0,0,24.9368,-0.4389,95.1975,-3.6793,167.5634,0.000,0.000,0.388,73.2113,-39.8000,63
2026-04-24,16:16:56,19025,1,0.0000,0.0136,0.0365,1.0736,2.9700,0,1.0000,0,0,24.9746,0.1379,95.2326,-1.6550,167.4767,0.000,0.000,0.386,73.2467,-39.9002,63
2026-04-24,16:16:56,19025,1,0.0000,-0.0096,0.0384,1.1285,2.9700,0,1.0000,0,0,25.0257,0.9381,95.0722,-2.6326,167.2995,0.000,0.000,0.383,73.3032,-39.9532,63
2026-04-24,16:16:56,19026,1,0.0000,-0.0016,0.0389,1.1440,2.9700,0,1.0000,0,0,25.0901,1.2941,94.9812,-2.3017,167.1986,0.000,0.000,0.380,73.3425,-40.0505,63
2026-04-24,16:16:56,19026,1,0.0000,0.0051,0.0396,1.1649,2.9700,0,1.0000,0,0,25.0855,0.1613,94.6352,-4.3312,167.3017,0.000,0.000,0.377,73.4663,-40.2327,63
2026-04-24,16:16:56,19027,1,0.0000,0.0000,0.0383,1.1259,2.9700,0,1.0000,0,0,25.0719,-0.0613,94.4342,-4.8489,167.2983,0.000,0.000,0.374,73.6219,-40.6402,63
2026-04-24,16:16:56,19028,1,0.0000,0.0089,0.0383,1.1259,2.9700,0,1.0000,0,0,25.0629,-0.2060,94.1027,-6.1306,167.3465,0.000,0.000,0.371,73.6586,-40.8792,63
2026-04-24,16:16:56,19029,1,0.0000,-0.0034,0.0399,1.1727,2.9701,0,1.0000,0,0,25.0538,-0.2877,93.9023,-6.0788,167.3562,0.000,0.000,0.369,73.6579,-40.9785,63
2026-04-24,16:16:56,19029,1,0.0000,-0.0081,0.0404,1.1883,2.9701,0,1.0000,0,0,25.0539,-0.0478,93.6905,-6.1195,167.3917,0.000,0.000,0.366,73.8023,-41.4153,63
2026-04-24,16:16:56,19030,1,0.0000,0.0016,0.0391,1.1493,2.9700,0,1.0000,0,0,25.0464,-0.1345,93.3311,-7.0000,167.4071,0.000,0.000,0.363,73.9488,-41.9146,63
2026-04-24,16:16:56,19030,1,0.0000,-0.0044,0.0391,1.1493,2.9700,0,1.0000,0,0,25.0524,-0.0037,93.2207,-5.7661,167.4151,0.000,0.000,0.361,74.0331,-42.2814,63
2026-04-24,16:16:56,19031,1,0.0000,-0.0040,0.0391,1.1493,2.9700,0,1.0000,0,0,25.0393,-0.1603,93.2769,-3.3987,167.4271,0.000,0.000,0.358,74.1190,-42.6311,63
2026-04-24,16:16:56,19032,1,0.0000,0.0040,0.0402,1.1831,2.9700,0,1.0000,0,0,25.0269,-0.1580,93.6173,0.0699,167.4359,0.000,0.000,0.355,74.3975,-43.1727,63
2026-04-24,16:16:56,19033,1,0.0000,0.0067,0.0393,1.1545,2.9701,0,1.0000,0,0,25.0230,-0.1005,94.1771,8.2287,167.4657,0.000,0.000,0.353,74.4550,-43.1998,63
2026-04-24,16:16:56,19068,1,0.0000,0.0018,0.0398,1.1701,2.9701,0,1.0000,0,0,25.0042,-0.9481,94.6764,11.6647,167.5038,0.000,0.000,0.350,74.5471,-43.2706,63
2026-04-24,16:16:56,19104,1,0.0000,0.0018,0.0398,1.1701,2.9701,0,1.0000,0,0,25.0146,0.8029,94.9336,10.3382,167.5238,0.000,0.000,0.346,74.6705,-43.3847,63
2026-04-24,16:16:56,19140,1,0.0000,-0.0060,0.0396,1.1648,2.9701,0,1.0000,0,0,25.0198,0.2558,94.9941,2.5014,167.5319,0.000,0.000,0.343,74.8245,-43.7782,63
2026-04-24,16:16:57,19632,1,0.0000,-0.0033,0.0408,1.2011,2.9701,0,1.0000,0,0,25.0051,-0.1100,94.7239,-1.1814,167.5370,0.000,0.000,0.340,74.9643,-44.0532,63
2026-04-24,16:16:57,19633,1,0.0000,-0.0083,0.0416,1.2222,2.9701,0,1.0000,0,0,24.9941,-0.2501,94.4887,-2.9144,167.5435,0.000,0.000,0.338,75.0372,-44.2457,63
2026-04-24,16:16:57,19635,1,0.0000,-0.0034,0.0404,1.1886,2.9701,0,1.0000,0,0,24.9852,-0.2688,94.2584,-4.2082,167.5512,0.000,0.000,0.335,75.0622,-44.3344,63
2026-04-24,16:16:57,19635,1,0.0000,0.0062,0.0390,1.1466,2.9701,0,1.0000,0,0,24.9702,-0.3913,94.0816,-4.5075,167.5476,0.000,0.000,0.333,75.0544,-44.3544,63
2026-04-24,16:16:57,19636,1,0.0000,0.0075,0.0403,1.1857,2.9701,0,1.0000,0,0,24.9900,0.2322,94.1160,-2.6445,167.5653,0.000,0.000,0.330,75.0599,-44.4286,63
2026-04-24,16:16:57,19636,1,0.0000,0.0046,0.0400,1.1754,2.9701,0,1.0000,0,0,24.9784,-0.0672,94.2180,-0.7539,167.5851,0.000,0.000,0.327,75.0443,-44.3666,63
2026-04-24,16:16:57,19637,1,0.0000,0.0094,0.0399,1.1728,2.9701,0,1.0000,0,0,24.9960,0.2155,94.3129,0.4516,167.5824,0.000,0.000,0.324,75.0096,-44.4284,63
2026-04-24,16:16:57,19638,1,0.0000,-0.0013,0.0405,1.1910,2.9701,0,1.0000,0,0,24.9834,-0.1578,94.4125,1.2391,167.5911,0.000,0.000,0.322,75.0627,-44.7460,63
2026-04-24,16:16:57,19639,1,0.0000,0.0019,0.0393,1.1546,2.9701,0,1.0000,0,0,24.9995,0.1797,94.4916,1.5293,167.5988,0.000,0.000,0.319,75.1672,-45.1035,63
2026-04-24,16:16:57,19639,1,0.0000,0.0024,0.0397,1.1677,2.9701,0,1.0000,0,0,25.0055,0.2215,94.4944,0.9054,167.6111,0.000,0.000,0.316,75.2726,-45.3224,63
2026-04-24,16:16:57,19640,1,0.0000,0.0079,0.0400,1.1752,2.9701,0,1.0000,0,0,25.0063,0.1217,94.4425,0.1528,167.6170,0.000,0.000,0.314,75.3618,-45.3909,63
2026-04-24,16:16:57,19641,1,0.0000,0.0020,0.0401,1.1808,2.9701,0,1.0000,0,0,25.0038,0.0787,94.4614,0.1799,167.6153,0.000,0.000,0.313,75.3724,-45.2780,63
2026-04-24,16:16:57,19642,1,0.0000,-0.0046,0.0412,1.2118,2.9701,0,1.0000,0,0,25.0040,0.0975,94.4530,0.0923,167.6116,0.000,0.000,0.311,75.4006,-45.3876,63
2026-04-24,16:16:57,19669,1,-2.7120,-0.0091,0.0416,1.2223,2.9701,0,1.0000,-339,1,24.9906,-0.5707,94.3687,-2.3962,167.6322,0.000,0.000,0.308,75.4417,-45.7557,63
2026-04-24,16:16:57,19705,1,-2.7120,-0.2182,0.0322,0.9456,2.9710,0,1.0000,-339,1,24.9329,-1.1208,93.3998,-23.4858,167.6507,0.000,0.000,0.305,75.5141,-46.3686,63
2026-04-24,16:16:57,19741,1,-2.7120,-0.3735,0.0261,0.7690,2.9741,0,1.0000,-339,1,25.1318,7.3347,91.7458,-40.2216,167.6204,0.000,0.000,0.302,75.7243,-47.0399,63
2026-04-24,16:16:57,19777,1,-6.7760,-0.3398,0.0294,0.8643,2.9774,0,1.0000,-847,1,24.9408,-2.3003,92.1925,-1.5154,167.6422,0.000,0.000,0.298,76.1898,-47.8228,63
2026-04-24,16:16:57,19813,1,-6.7760,-0.2726,0.0282,0.8306,2.9801,0,1.0000,-847,1,25.0516,4.8132,92.7853,10.1622,167.6205,0.000,0.000,0.295,76.1951,-47.5799,63
,,19849,1,-6.7840,-0.1293,0.0213,0.6272,2.9808,0,1.0000,-848,1,24.8563,-10.1410,94.0288,31.8621,167.6576,0.000,0.000,0.292,75.5108,-45.9145,63
2026-04-24,16:16:57,19885,1,-6.7840,-0.3095,0.0318,0.9353,2.9829,0,1.0000,-848,1,25.2311,16.9841,95.8685,45.9312,167.6155,0.000,0.000,0.289,74.5196,-43.9219,63
2026-04-24,16:16:57,19921,1,-6.7840,-0.3711,0.0338,0.9949,2.9855,0,1.0000,-848,1,24.8679,-12.2266,95.4867,5.5959,167.6311,0.000,0.000,0.286,74.1881,-43.0862,63
2026-04-24,16:16:57,19957,1,-6.7840,-0.1044,0.0263,0.7721,2.9864,0,1.0000,-848,1,25.1598,0.7073,95.5132,6.0251,167.7027,0.000,0.000,0.282,74.0973,-42.5545,63
2026-04-24,16:16:57,19994,1,-6.7760,-0.3410,0.0206,0.6071,2.9888,0,1.0000,-847,1,25.1712,14.0284,96.6332,23.5080,167.6156,0.000,0.000,0.279,74.0841,-42.3686,63
2026-04-24,16:16:57,20030,1,-6.7760,-0.0311,0.0268,0.7881,2.9906,0,1.0000,-847,1,25.0249,-13.7654,95.5183,-20.1480,167.6308,0.000,0.000,0.276,73.9872,-41.5465,63
2026-04-24,16:16:57,20066,1,-6.7760,-0.0757,0.0140,0.4126,2.9912,0,1.0000,-847,1,25.1820,15.8269,93.4700,-48.9794,167.6049,0.000,0.000,0.273,73.8851,-40.9924,63
2026-04-24,16:16:57,20102,1,-6.7760,-0.0296,0.0132,0.3897,2.9912,0,1.0000,-847,1,24.9792,-14.5921,91.4387,-57.1999,167.6124,0.000,0.000,0.296,73.8522,-40.6389,63
2026-04-24,16:16:58,20599,1,-6.7760,-0.0260,0.0141,0.4152,2.9916,0,1.0000,-847,1,25.1186,-1.9163,90.7086,-41.4062,167.6169,0.000,0.000,0.328,73.8849,-40.4475,63
2026-04-24,16:16:58,20600,1,-6.7760,-0.0608,0.0227,0.6664,2.9921,0,1.0000,-847,1,25.0322,-2.1078,90.3891,-31.0924,167.5865,0.000,0.000,0.352,74.1755,-41.2214,63
2026-04-24,16:16:58,20600,1,-6.7760,-0.2549,0.0305,0.8981,2.9934,0,1.0000,-847,1,25.0492,-0.9241,90.2516,-22.2644,167.6020,0.000,0.000,0.376,74.6630,-42.3520,63
2026-04-24,16:16:58,20601,1,-6.7760,-0.4813,0.0387,1.1375,2.9960,0,1.0000,-847,1,25.0526,-0.1870,90.2493,-15.2474,167.5718,0.000,0.000,0.400,75.1560,-43.7642,63
2026-04-24,16:16:58,20603,1,-6.7760,-0.7831,0.0433,1.2732,3.0012,0,1.0000,-847,1,24.9751,-1.8776,90.1497,-9.8228,167.6040,0.000,0.000,0.432,75.6668,-44.8018,63
2026-04-24,16:16:58,20604,1,-6.7760,-0.7695,0.0279,0.8195,3.0063,0,1.0000,-847,1,25.0935,1.1486,90.2318,-5.8890,167.5993,0.000,0.000,0.456,75.9616,-44.8545,63
2026-04-24,16:16:58,20605,1,-6.7760,-0.4016,0.0388,1.1397,3.0116,0,1.0000,-847,1,25.0333,-0.0445,90.4934,-0.9776,167.5727,0.000,0.000,0.488,75.7337,-42.6024,63
2026-04-24,16:16:58,20606,1,-6.7760,-0.5170,0.0167,0.4900,3.0160,0,1.0000,-847,1,25.0201,-0.2052,90.7302,1.5817,167.5937,0.000,0.000,0.520,74.8422,-39.8807,63
2026-04-24,16:16:58,20606,1,-6.7760,-0.0527,0.0331,0.9735,3.0193,0,1.0000,-847,1,25.0125,-1.3955,90.7686,1.1241,167.5863,0.000,0.000,0.552,74.1191,-38.4523,63
2026-04-24,16:16:58,20607,1,-6.7760,-0.2974,0.0197,0.5790,3.0208,0,1.0000,-847,1,24.9707,-0.3720,90.6301,-0.5123,167.6045,0.000,0.000,0.576,73.8939,-39.3740,63
2026-04-24,16:16:58,20608,1,-6.7760,-0.2110,0.0332,0.9762,3.0229,0,1.0000,-847,1,25.1935,2.8420,90.1756,-2.7080,167.4665,0.000,0.000,0.600,74.8677,-44.2425,63
2026-04-24,16:16:58,20609,1,-6.7760,-0.2892,0.0337,0.9915,3.0270,0,1.0000,-847,1,25.1204,-0.0909,89.9661,-3.9557,167.4433,0.000,0.000,0.606,75.5907,-47.3298,63
2026-04-24,16:16:58,20638,1,-6.7760,-0.6497,0.0439,1.2908,3.0308,0,1.0000,-847,1,25.2496,0.6759,88.7132,-26.5953,167.5208,0.000,0.000,0.612,76.0599,-49.1714,63
2026-04-24,16:16:58,20675,1,-6.7760,-0.7946,0.0364,1.0698,3.0362,0,1.0000,-847,1,25.2051,0.0023,87.5186,-35.0518,167.4670,0.000,0.000,0.644,76.6098,-50.6718,63
2026-04-24,16:16:58,20712,1,-6.7760,-0.6340,0.0532,1.5638,3.0426,0,1.0000,-847,1,25.2596,3.0140,85.8652,-43.8013,167.5655,0.000,0.000,0.676,77.3362,-52.2877,63
2026-04-24,16:16:58,20749,1,-6.7760,-0.6898,0.0415,1.2202,3.0470,0,1.0000,-847,1,24.9579,-11.8280,84.4665,-45.0794,167.5831,0.000,0.000,0.708,77.3478,-52.2650,63
2026-04-24,16:16:58,20784,1,-6.7760,-0.7256,0.0177,0.5202,3.0527,0,1.0000,-847,1,25.3217,10.5203,83.0718,-43.8313,167.5194,0.000,0.000,0.740,77.1188,-52.0311,63
2026-04-24,16:16:58,20820,1,-6.7760,-0.1381,0.0351,1.0311,3.0553,0,1.0000,-847,1,24.9442,-16.3925,81.9399,-37.1182,167.5318,0.000,0.000,0.772,77.1213,-52.4773,63
2026-04-24,16:16:58,20856,1,-6.7760,-0.4626,0.0308,0.9052,3.0581,0,1.0000,-847,1,25.1866,16.4256,81.2368,-29.0947,167.5183,0.000,0.000,0.804,76.9587,-53.3272,63
2026-04-24,16:16:58,20893,1,-6.7760,-0.8626,0.0438,1.2880,3.0637,0,1.0000,-847,1,24.9864,-11.1798,80.2120,-29.8317,167.5469,0.000,0.000,0.836,76.9318,-54.0208,63
2026-04-24,16:16:58,20929,1,-6.7760,-0.8044,0.0201,0.5905,3.0703,0,1.0000,-847,1,25.2099,7.4990,79.0653,-35.0277,167.5771,0.000,0.000,0.868,77.8844,-56.7348,63
2026-04-24,16:16:58,20965,1,-6.7760,-0.3115,0.0466,1.3710,3.0744,0,1.0000,-847,1,25.2564,0.1659,78.0429,-32.0783,167.5456,0.000,0.000,0.900,78.9403,-59.5402,63
2026-04-24,16:16:58,21001,1,-6.7760,-0.5829,0.0443,1.3019,3.0781,0,1.0000,-847,1,26.2188,31.7607,76.8837,-36.9606,167.5528,0.000,0.000,0.932,78.4047,-58.7352,63
2026-04-24,16:16:58,21037,1,-6.7760,-0.7876,0.0323,0.9505,3.0836,0,1.0000,-847,1,26.6302,-0.0892,76.1588,-28.9802,167.5997,0.000,0.000,0.964,78.0313,-58.5277,63
2026-04-24,16:16:58,21073,1,-6.7760,-0.9480,0.0418,1.2282,3.0900,0,1.0000,-847,1,26.4076,-9.6653,76.4093,-2.4833,167.6654,0.000,0.000,0.996,78.4427,-59.5862,63
2026-04-24,16:16:59,21566,1,-6.7760,-0.9317,0.0442,1.3013,3.0961,0,1.0000,-847,1,25.6704,-17.8778,76.7930,2.0850,167.6834,0.000,0.000,1.000,79.0526,-61.0670,63
2026-04-24,16:16:59,21567,1,-6.7760,-0.9832,0.0415,1.2213,3.1030,0,1.0000,-847,1,25.1479,-15.4121,77.3255,6.5114,167.7025,0.024,0.000,1.000,79.2508,-61.3295,63
2026-04-24,16:16:59,21568,1,-6.7760,-0.6819,0.0451,1.3274,3.1079,0,1.0000,-847,1,24.9736,-7.4386,77.8251,8.6435,167.7323,0.088,0.000,1.000,79.0637,-60.9124,63
2026-04-24,16:16:59,21569,1,-6.7760,-0.7380,0.0299,0.8785,3.1126,0,1.0000,-847,1,25.3525,3.0386,78.2105,9.5346,167.7245,0.136,0.000,1.000,78.5476,-60.0401,63
2026-04-24,16:16:59,21569,1,-6.7760,-0.4611,0.0545,1.6044,3.1174,0,1.0000,-847,1,25.3775,1.9398,78.4629,8.8414,167.7067,0.112,0.000,1.000,78.1175,-59.5317,63
2026-04-24,16:16:59,21570,1,-6.7840,-0.4475,0.0454,1.3362,3.1212,0,1.0000,-848,1,25.1706,-3.2638,78.6468,7.1786,167.7391,0.080,0.000,1.000,78.2327,-60.5489,63
2026-04-24,16:16:59,21571,1,-6.7760,-0.7774,0.0478,1.4070,3.1251,0,1.0000,-847,1,24.9838,-4.6208,79.0090,8.3670,167.7110,0.056,0.000,1.000,78.3978,-61.5635,63
2026-04-24,16:16:59,21572,1,-6.7760,-0.7524,0.0307,0.9025,3.1304,0,1.0000,-847,1,24.8390,-4.6614,79.5659,11.0010,167.7525,0.032,0.000,1.000,79.0322,-63.4833,63
2026-04-24,16:16:59,21573,1,-6.7760,-0.8139,0.0466,1.3704,3.1367,0,1.0000,-847,1,24.6711,-4.7615,80.1850,13.4515,167.7390,0.008,0.000,1.000,79.7658,-65.3439,63
2026-04-24,16:16:59,21574,1,-6.7760,-0.8990,0.0328,0.9658,3.1444,0,1.0000,-847,1,24.5357,-3.3712,81.0360,16.1599,167.7616,0.000,0.000,1.000,79.9552,-66.1093,63
2026-04-24,16:16:59,21575,1,-6.7760,-0.6977,0.0537,1.5793,3.1505,0,1.0000,-847,1,24.5404,-1.6154,81.6435,16.5415,167.7624,0.000,0.000,1.000,79.2352,-64.8978,63
2026-04-24,16:16:59,21576,1,-6.7760,-0.7144,0.0493,1.4494,3.1537,0,1.0000,-847,1,24.4923,-2.1355,82.1915,15.7253,167.7710,0.000,0.000,1.000,78.8790,-64.3157,63
2026-04-24,16:16:59,21577,1,-6.7760,-0.7621,0.0317,0.9332,3.1630,0,1.0000,-847,1,24.3743,-3.0257,82.6635,15.6611,167.7871,0.000,0.000,1.000,78.4539,-63.6804,63
2026-04-24,16:16:59,21599,1,-6.7760,-0.8686,0.0463,1.3624,3.1718,0,1.0000,-847,1,24.3128,-10.7097,84.8039,49.2805,167.8487,0.000,0.000,1.000,79.0768,-65.0187,63
2026-04-24,16:16:59,21635,1,-6.7760,-0.8518,0.0449,1.3209,3.1783,0,1.0000,-847,1,23.7820,-6.7166,87.7614,81.5299,167.7758,0.040,0.000,1.000,79.3263,-65.5197,63
2026-04-24,16:16:59,21671,1,-6.7760,-0.2084,0.0371,1.0912,3.1803,0,1.0000,-847,1,23.4024,-28.7537,91.2833,100.6390,167.8349,0.104,0.000,1.000,79.0756,-65.1514,63
2026-04-24,16:16:59,21707,1,-6.7760,-0.5949,0.0408,1.2006,3.1838,0,1.0000,-847,1,23.5958,16.8108,95.0702,114.8494,167.7186,0.168,0.000,1.000,78.0385,-63.6143,63
2026-04-24,16:16:59,21743,1,-6.7760,-0.7572,0.0335,0.9853,3.1893,0,1.0000,-847,1,23.0210,-25.7381,98.4825,107.5591,167.7902,0.160,0.000,1.000,77.6680,-63.1550,63
2026-04-24,16:16:59,21779,1,-6.7760,-0.7724,0.0307,0.9034,3.1953,0,1.0000,-847,1,23.2666,5.5168,101.0221,88.9061,167.8219,0.200,0.000,1.000,78.1187,-64.1996,63
2026-04-24,16:16:59,21816,1,-6.7760,-0.8489,0.0454,1.3357,3.2017,0,1.0000,-847,1,22.7199,-14.7226,102.9694,71.6024,167.7587,0.240,0.000,1.000,78.6579,-65.3000,63
2026-04-24,16:16:59,21851,1,-6.7760,-0.8148,0.0344,1.0129,3.2080,0,1.0000,-847,1,22.7991,-4.7739,104.7173,61.8854,167.8368,0.256,0.000,1.000,78.4888,-64.8127,63
2026-04-24,16:16:59,21887,1,-6.7760,-0.3354,0.0315,0.9273,3.2112,0,1.0000,-847,1,22.4516,-12.7028,106.5333,55.9754,167.7574,0.296,0.000,1.000,78.1724,-63.9835,63
2026-04-24,16:16:59,21923,1,-6.7760,-0.7052,0.0368,1.0811,3.2162,0,1.0000,-847,1,22.5342,9.0336,108.4033,58.9438,167.7933,0.336,0.000,1.000,77.6814,-62.9515,63
2026-04-24,16:16:59,21959,1,-6.7760,-0.7526,0.0357,1.0486,3.2222,0,1.0000,-847,1,22.2865,-11.8607,110.0677,55.0609,167.7708,0.304,0.000,1.000,77.1907,-61.8128,63
2026-04-24,16:16:59,21995,1,-6.7760,-0.8245,0.0340,0.9985,3.2279,0,1.0000,-847,1,22.2820,3.2443,111.1291,40.1542,167.8361,0.344,0.000,1.000,77.2230,-61.6210,63
2026-04-24,16:17:00,22944,1,-6.7760,-0.8148,0.0425,1.2511,3.2331,0,1.0000,-847,1,22.2100,0.2347,111.3172,29.1915,167.8074,0.320,0.000,1.000,77.1863,-61.4455,63
2026-04-24,16:17:00,22945,1,-6.7760,-0.4806,0.0380,1.1162,3.2385,0,1.0000,-847,1,22.2258,0.6955,111.3792,18.0601,167.8226,0.288,0.000,1.000,76.1749,-59.3063,63
2026-04-24,16:17:00,22946,1,-6.7840,-0.2118,0.0245,0.7207,3.2406,0,1.0000,-848,1,22.1493,-1.7099,111.1928,8.9255,167.8046,0.256,0.000,1.000,75.1733,-57.4756,63
2026-04-24,16:17:00,22947,1,-6.7840,-0.5492,0.0370,1.0890,3.2446,0,1.0000,-848,1,22.1809,-0.0621,110.9250,2.9396,167.8029,0.224,0.000,1.000,74.1843,-55.6550,63
2026-04-24,16:17:00,22947,1,-6.7840,-0.6075,0.0252,0.7414,3.2486,0,1.0000,-848,1,22.1112,-0.9092,110.7198,-0.0238,167.7935,0.200,0.000,1.000,74.0334,-55.0216,63
2026-04-24,16:17:00,22948,1,-1.4880,-0.2929,0.0085,0.2497,3.2519,0,1.0000,-186,1,22.1144,-1.6042,110.5222,-2.1036,167.8202,0.176,0.000,0.999,74.1627,-54.6025,63
2026-04-24,16:17:00,22949,1,-1.4880,-0.0030,0.0220,0.6475,3.2532,0,1.0000,-186,1,22.0174,-1.8505,110.2818,-3.6485,167.8063,0.152,0.000,1.000,73.9354,-53.3552,63
2026-04-24,16:17:00,22951,1,-1.4880,-0.0757,0.0255,0.7504,3.2538,0,1.0000,-186,1,21.9868,-1.3928,109.8198,-6.8274,167.8145,0.128,0.000,1.000,73.1319,-51.5781,63
2026-04-24,16:17:00,22951,1,0.0000,-0.1906,0.0213,0.6264,3.2546,0,1.0000,0,1,22.0064,-0.0348,109.3910,-8.0827,167.8098,0.096,0.000,1.000,72.3570,-49.7738,63
2026-04-24,16:17:00,22952,1,0.0000,-0.0012,0.0268,0.7880,3.2549,0,1.0000,0,1,21.9294,-1.8238,109.1395,-7.7812,167.8044,0.072,0.000,1.000,72.2422,-49.3076,63
2026-04-24,16:17:00,22953,1,0.0000,0.0032,0.0276,0.8112,3.2549,0,1.0000,0,1,21.8495,-1.1228,108.9353,-6.2302,167.8024,0.040,0.000,1.000,72.0876,-48.8664,63
2026-04-24,16:17:00,22954,1,0.0000,-0.0046,0.0282,0.8290,3.2549,0,1.0000,0,1,21.7419,-2.5920,108.8049,-4.9101,167.8345,0.008,0.000,1.000,71.6837,-48.2513,63
2026-04-24,16:17:00,22954,1,0.0000,-0.0081,0.0270,0.7929,3.2549,0,1.0000,0,1,21.7165,-1.2349,108.7951,-3.4124,167.8311,0.000,0.000,1.000,71.5215,-47.7284,63
2026-04-24,16:17:00,22955,1,0.0000,-0.0070,0.0258,0.7594,3.2549,0,1.0000,0,1,21.7085,-0.7592,108.8733,-1.5303,167.8259,0.000,0.000,1.000,71.3937,-47.1148,63
2026-04-24,16:17:00,22956,1,0.0000,-0.0017,0.0254,0.7474,3.2549,0,1.0000,0,1,21.7150,-0.3173,109.0065,0.1298,167.8082,0.000,0.000,1.000,71.3374,-46.2440,63
2026-04-24,16:17:00,22957,1,0.0000,0.0022,0.0262,0.7698,3.2549,0,1.0000,0,1,21.6281,-1.5172,109.1346,1.3610,167.8139,0.000,0.000,0.999,71.4852,-45.6587,63
2026-04-24,16:17:00,22957,1,0.0000,-0.0049,0.0270,0.7953,3.2549,0,1.0000,0,1,21.6519,-0.1192,109.3162,2.4787,167.7995,0.000,0.000,0.996,71.8802,-45.0417,63
2026-04-24,16:17:00,22958,1,0.0000,0.0022,0.0282,0.8301,3.2549,0,1.0000,0,1,21.6237,-0.5208,109.4091,2.5029,167.7646,0.000,0.000,0.994,72.1674,-44.4241,63
2026-04-24,16:17:00,22959,1,0.0000,-0.0054,0.0262,0.7698,3.2549,0,1.0000,0,1,21.5909,-0.8105,109.5031,2.6213,167.7693,0.000,0.000,0.991,72.4103,-44.1432,63
2026-04-24,16:17:00,22960,1,0.0000,0.0050,0.0248,0.7284,3.2549,0,1.0000,0,1,21.5674,-0.7574,109.6239,2.9523,167.7655,0.000,0.000,0.989,72.5784,-43.9346,63
2026-04-24,16:17:00,22961,1,0.0000,-0.0021,0.0264,0.7753,3.2549,0,1.0000,0,1,21.5333,-0.7565,109.7347,2.8002,167.7708,0.000,0.000,0.986,72.9210,-44.2900,63
2026-04-24,16:17:00,22962,1,0.0000,-0.0122,0.0262,0.7698,3.2549,0,1.0000,0,1,21.5325,-0.1520,109.7558,2.1300,167.7863,0.000,0.000,0.983,73.1291,-44.7347,63
2026-04-24,16:17:00,22963,1,0.0000,-0.0040,0.0259,0.7618,3.2549,0,1.0000,0,0,21.4953,-0.0982,109.7642,1.4831,167.7714,0.000,0.000,0.981,73.6518,-46.0785,63
2026-04-24,16:17:00,22963,1,0.0000,-0.0182,0.0276,0.8112,3.2549,0,1.0000,0,0,21.4901,0.6382,109.7802,1.2760,167.7674,0.000,0.000,0.978,73.7925,-46.3723,63
2026-04-24,16:17:00,22995,1,0.0000,-0.0024,0.0273,0.8015,3.2549,0,1.0000,0,0,21.5177,-0.2026,109.8567,1.5700,167.7699,0.000,0.000,0.975,73.8789,-46.3459,63
2026-04-24,16:17:01,23480,1,0.0000,-0.0011,0.0268,0.7880,3.2549,0,1.0000,0,0,21.5283,0.2612,109.8122,0.3747,167.7528,0.000,0.000,0.973,73.9042,-45.7693,63
2026-04-24,16:17:01,23481,1,0.0000,-0.0001,0.0257,0.7570,3.2549,0,1.0000,0,0,21.5264,0.1020,109.7530,-0.3366,167.7767,0.000,0.000,0.970,73.9084,-45.2753,63
2026-04-24,16:17:01,23481,1,0.0000,0.0011,0.0257,0.7570,3.2549,0,1.0000,0,0,21.5161,-0.2342,109.6460,-1.2181,167.7799,0.000,0.000,0.968,73.7361,-44.3685,63
2026-04-24,16:17:01,23482,1,0.0000,-0.0011,0.0268,0.7880,3.2549,0,1.0000,0,0,21.5050,-0.2827,109.5653,-1.6094,167.7720,0.000,0.000,0.966,73.6227,-43.9153,63
2026-04-24,16:17:01,23482,1,0.0000,0.0122,0.0254,0.7467,3.2549,0,1.0000,0,0,21.5221,0.1434,109.5204,-1.5415,167.7841,0.000,0.000,0.963,73.6936,-43.8903,63
2026-04-24,16:17:01,23483,1,0.0000,-0.0077,0.0276,0.8118,3.2549,0,1.0000,0,0,21.5490,0.5236,109.5082,-1.1448,167.7885,0.000,0.000,0.961,73.9169,-44.1937,63
2026-04-24,16:17:01,23485,1,0.0000,0.0020,0.0267,0.7856,3.2549,0,1.0000,0,0,21.5241,-0.1489,109.5341,-0.5343,167.7987,0.000,0.000,0.958,74.1609,-44.4982,63
2026-04-24,16:17:01,23486,1,0.0000,-0.0120,0.0267,0.7850,3.2549,0,1.0000,0,0,21.5600,0.6119,109.5464,-0.1908,167.7961,0.000,0.000,0.955,74.4075,-44.0438,63
2026-04-24,16:17:01,23487,1,0.0000,0.0058,0.0255,0.7491,3.2549,0,1.0000,0,0,21.5608,0.2627,109.6397,0.7636,167.7792,0.000,0.000,0.953,74.5709,-43.1949,63
2026-04-24,16:17:01,23488,1,0.0000,-0.0041,0.0262,0.7698,3.2549,0,1.0000,0,0,21.5707,0.2644,109.7256,1.3116,167.7836,0.000,0.000,0.950,74.6259,-41.3255,63
2026-04-24,16:17:01,23488,1,0.0000,0.0028,0.0263,0.7722,3.2549,0,1.0000,0,0,21.6065,0.6917,109.8479,1.8577,167.7667,0.000,0.000,0.947,74.4885,-39.6233,63
2026-04-24,16:17:01,23489,1,0.0000,-0.0027,0.0274,0.8056,3.2549,0,1.0000,0,0,21.6146,0.3774,109.9161,1.7581,167.7359,0.000,0.000,0.945,74.9324,-38.9992,63
2026-04-24,16:17:01,23493,1,0.0000,-0.0075,0.0272,0.8008,3.2549,0,1.0000,0,0,21.6477,1.2515,110.0522,3.4844,167.7229,0.000,0.000,0.942,75.2616,-37.9803,63
2026-04-24,16:17:01,23529,1,0.0000,0.0017,0.0282,0.8294,3.2549,0,1.0000,0,0,21.6768,1.3609,110.3088,6.3162,167.6749,0.000,0.000,0.939,75.2146,-35.9850,63
2026-04-24,16:17:01,23566,1,0.0000,0.0007,0.0270,0.7936,3.2549,0,1.0000,0,0,21.7528,0.0539,110.5496,7.4054,167.6529,0.000,0.000,0.936,74.9748,-33.9138,63
2026-04-24,16:17:01,23601,1,0.0000,0.0006,0.0267,0.7849,3.2549,0,1.0000,0,0,21.8317,3.5569,110.6977,5.2848,167.6093,0.000,0.000,0.933,74.7378,-30.3376,63
2026-04-24,16:17:01,23637,1,0.0000,-0.0058,0.0276,0.8111,3.2549,0,1.0000,0,0,21.8588,0.4454,110.7238,3.4982,167.6136,0.000,0.000,0.930,74.2805,-25.0204,63
2026-04-24,16:17:01,23673,1,0.0000,0.0186,0.0247,0.7270,3.2548,0,1.0000,0,0,21.8873,1.1578,110.9794,6.9120,167.6354,0.000,0.000,0.926,73.9084,-19.9742,63
2026-04-24,16:17:01,23709,1,0.0000,0.0227,0.0193,0.5691,3.2546,0,1.0000,0,0,21.8413,-0.3700,111.1852,6.5723,167.7497,0.000,0.000,0.923,73.4526,-12.2480,63
2026-04-24,16:17:01,23745,1,0.0000,0.0246,0.0160,0.4705,3.2544,0,1.0000,0,0,21.8360,-0.7072,111.3996,6.0122,167.8298,0.000,0.000,0.920,73.2524,-5.5744,63
2026-04-24,16:17:01,23781,1,0.0000,0.0367,0.0112,0.3284,3.2542,0,1.0000,0,0,21.7584,-1.3575,111.3961,1.9561,167.9594,0.000,0.000,0.917,73.3708,4.4177,63
2026-04-24,16:17:01,23817,1,0.0000,0.0219,0.0089,0.2620,3.2540,0,1.0000,0,0,21.6724,-3.3004,111.0487,-8.9477,167.9830,0.000,0.000,0.914,73.2663,14.4880,63
2026-04-24,16:17:01,23853,1,0.0000,0.0314,0.0073,0.2157,3.2539,0,1.0000,0,0,21.6096,-0.2771,110.2792,-20.2306,168.0691,0.000,0.000,0.910,72.9275,23.6998,63
2026-04-24,16:17:01,23889,1,0.0000,-0.0009,0.0061,0.1781,3.2538,0,1.0000,0,0,21.5255,-2.4888,109.0845,-32.0623,168.3056,0.000,0.000,0.907,69.9415,27.0049,63
2026-04-24,16:17:01,23926,1,0.0000,0.0121,0.0064,0.1875,3.2538,0,1.0000,0,0,21.5677,1.2164,108.2873,-28.4051,168.3633,0.000,0.000,0.904,66.5620,25.1688,63
2026-04-24,16:17:01,23961,1,0.0000,-0.0014,0.0061,0.1781,3.2538,0,1.0000,0,0,21.5626,0.9525,107.5501,-27.2445,168.4010,0.000,0.000,0.901,61.8011,22.4858,63
2026-04-24,16:17:02,24451,1,0.0000,-0.0033,0.0061,0.1781,3.2538,0,1.0000,0,0,21.4780,-1.1667,107.5832,-15.9464,168.5965,0.000,0.000,0.898,56.4119,16.3099,63
2026-04-24,16:17:02,24452,1,0.0000,-0.0050,0.0057,0.1687,3.2538,0,1.0000,0,0,21.4255,-1.4209,107.6946,-9.8286,168.7599,0.000,0.000,0.895,52.3426,12.1140,63
2026-04-24,16:17:02,24452,1,0.0000,-0.0057,0.0064,0.1875,3.2538,0,1.0000,0,0,21.3457,-1.9122,107.6987,-6.6624,168.9106,0.000,0.000,0.893,48.2549,9.5731,63
2026-04-24,16:17:02,24453,1,0.0000,-0.0011,0.0070,0.2064,3.2538,0,1.0000,0,0,21.2561,-2.0165,107.5942,-5.0095,169.0916,0.000,0.000,0.890,44.7297,6.8987,63
2026-04-24,16:17:02,24455,1,0.0000,0.0039,0.0064,0.1873,3.2538,0,1.0000,0,0,21.1907,-2.0160,107.4600,-4.7310,169.2421,0.000,0.000,0.887,42.0275,5.3537,63
2026-04-24,16:17:02,24456,1,0.0000,0.0035,0.0057,0.1686,3.2538,0,1.0000,0,0,21.0973,-2.4514,107.3285,-4.4959,169.3927,0.000,0.000,0.885,40.3665,4.4311,63
2026-04-24,16:17:02,24457,1,0.0000,-0.0008,0.0048,0.1406,3.2538,0,1.0000,0,0,20.9945,-2.3781,107.1620,-4.2668,169.5745,0.000,0.000,0.882,38.7569,3.7152,63
2026-04-24,16:17:02,24458,1,0.0000,0.0031,0.0057,0.1686,3.2538,0,1.0000,0,0,20.9079,-2.5521,107.0508,-4.0328,169.6957,0.000,0.000,0.879,38.0822,3.0052,63
2026-04-24,16:17:02,24458,1,0.0000,-0.0049,0.0061,0.1782,3.2538,0,1.0000,0,0,20.8201,-2.6383,106.9603,-3.5968,169.8389,0.000,0.000,0.877,37.8892,2.8600,63
2026-04-24,16:17:02,24459,1,0.0000,0.0071,0.0054,0.1594,3.2538,0,1.0000,0,0,20.7392,-2.5409,106.7780,-4.3382,169.9850,0.000,0.000,0.874,37.9886,2.9193,63
2026-04-24,16:17:02,24459,1,0.0000,0.0076,0.0064,0.1880,3.2538,0,1.0000,0,0,20.6394,-2.5822,106.4663,-5.7718,170.1440,0.000,0.000,0.871,38.8817,3.0885,63
2026-04-24,16:17:02,24460,1,0.0000,-0.0092,0.0064,0.1876,3.2538,0,1.0000,0,0,20.4061,-2.7995,107.3391,-3.0696,170.6700,0.000,0.000,0.870,41.0770,2.7159,63
2026-04-24,16:17:02,24464,1,0.0000,-0.0057,0.0054,0.1597,3.2538,0,1.0000,0,0,20.3112,-2.0207,106.4115,-20.0396,170.8002,0.000,0.000,0.867,42.2060,3.2609,63
2026-04-24,16:17:02,24500,1,0.0000,-0.0015,0.0064,0.1875,3.2538,0,1.0000,0,0,20.2765,-0.8834,102.8806,-84.4001,170.6821,0.000,0.000,0.864,43.1080,4.4176,63
2026-04-24,16:17:02,24536,1,0.0000,-0.0086,0.0051,0.1501,3.2538,0,1.0000,0,0,20.2723,0.4689,99.5243,-98.9346,170.5849,0.000,0.000,0.861,43.5522,5.5749,63
2026-04-24,16:17:02,24572,1,0.0000,-0.0028,0.0057,0.1690,3.2538,0,1.0000,0,0,20.2127,-0.4111,96.9135,-92.2992,170.4834,0.000,0.000,0.858,44.1463,5.9395,63
2026-04-24,16:17:02,24608,1,0.0000,-0.0025,0.0054,0.1592,3.2538,0,1.0000,0,0,20.1576,-0.9283,94.1163,-93.4198,170.3772,0.000,0.000,0.854,45.4478,5.1397,63
2026-04-24,16:17:02,24644,1,0.0000,0.0066,0.0045,0.1309,3.2538,0,1.0000,0,0,20.1131,-0.4719,90.9969,-98.6846,170.2496,0.000,0.000,0.851,46.3065,3.8352,63
2026-04-24,16:17:02,24680,1,0.0000,0.0024,0.0054,0.1591,3.2538,0,1.0000,0,0,20.0597,-1.2735,87.5794,-106.5771,170.1291,0.000,0.000,0.848,49.1764,2.6484,63
2026-04-24,16:17:02,24716,1,0.0000,0.0086,0.0054,0.1594,3.2537,0,1.0000,0,0,20.0270,0.0283,83.9703,-114.6395,170.0481,0.000,0.000,0.845,50.8798,1.6499,63
2026-04-24,16:17:02,24752,1,0.0000,0.0090,0.0051,0.1500,3.2537,0,1.0000,0,0,19.9941,-0.3075,79.7557,-129.8228,169.9728,0.000,0.000,0.842,53.1866,0.1989,63
2026-04-24,16:17:02,24788,1,0.0000,-0.0191,0.0051,0.1501,3.2538,0,1.0000,0,0,19.9829,0.1491,75.4286,-135.7583,169.8741,0.000,0.000,0.838,55.5878,-1.7894,63
2026-04-24,16:17:02,24824,1,0.0000,-0.0005,0.0054,0.1590,3.2538,0,1.0000,0,0,19.9478,-0.3844,71.1535,-136.6275,169.8008,0.000,0.000,0.835,57.7203,-2.3305,63
2026-04-24,16:17:02,24860,1,0.0000,-0.0030,0.0051,0.1498,3.2538,0,1.0000,0,0,19.9152,-0.5016,66.3215,-149.5247,169.7309,0.000,0.000,0.832,61.1867,-3.2012,63
2026-04-24,16:17:02,24896,1,0.0000,-0.0112,0.0054,0.1593,3.2538,0,1.0000,0,0,19.8808,-0.3332,62.2188,-135.4007,169.6552,0.000,0.000,0.829,64.3043,-4.1896,63
2026-04-24,16:17:02,24932,1,0.0000,-0.0041,0.0054,0.1596,3.2537,0,1.0000,0,0,19.8474,-0.7204,59.1068,-112.7697,169.5614,0.000,0.000,0.826,69.1023,-7.1854,63
2026-04-24,16:17:03,25421,1,0.0000,0.0050,0.0054,0.1593,3.2537,0,1.0000,0,0,19.7622,-1.5802,58.1417,-76.7832,169.6528,0.000,0.000,0.822,73.8765,-13.5946,63
2026-04-24,16:17:03,25422,1,0.0000,-0.0023,0.0054,0.1596,3.2537,0,1.0000,0,0,19.6957,-1.7750,57.1359,-61.8897,169.7477,0.000,0.000,0.820,78.4717,-25.3813,63
2026-04-24,16:17:03,25423,1,0.0000,0.0018,0.0048,0.1407,3.2537,0,1.0000,0,0,19.6398,-1.3927,55.3378,-54.9807,169.8003,0.000,0.000,0.817,81.5305,-37.8467,63
2026-04-24,16:17:03,25423,1,0.0000,-0.0012,0.0041,0.1218,3.2537,0,1.0000,0,0,19.5996,-1.2478,53.8957,-51.4937,169.8251,0.000,0.000,0.814,84.9153,-56.7871,63
2026-04-24,16:17:03,25424,1,0.0000,0.0057,0.0048,0.1407,3.2537,0,1.0000,0,0,19.5889,-0.4935,51.6368,-51.5169,169.7954,0.000,0.000,0.811,88.2532,-78.5600,63
2026-04-24,16:17:03,25424,1,0.0000,0.0006,0.0051,0.1498,3.2537,0,1.0000,0,0,19.6085,0.1097,49.7842,-52.5631,169.7444,0.000,0.000,0.809,89.9579,-89.7216,63
2026-04-24,16:17:03,25426,1,0.0000,0.0044,0.0051,0.1498,3.2537,0,1.0000,0,0,19.6569,0.9546,47.7317,-56.2308,169.6241,0.000,0.000,0.806,91.4417,-99.7153,63
2026-04-24,16:17:03,25427,1,0.0000,-0.0089,0.0051,0.1502,3.2538,0,1.0000,0,0,19.7089,1.3373,45.5518,-59.7198,169.4687,0.000,0.000,0.804,93.5113,-115.3290,63
2026-04-24,16:17:03,25428,1,0.0000,-0.0049,0.0051,0.1498,3.2538,0,1.0000,0,0,19.7980,2.1239,43.4456,-59.8953,169.3183,0.000,0.000,0.802,94.7129,-126.5021,63
2026-04-24,16:17:03,25429,1,0.0000,-0.0044,0.0051,0.1505,3.2538,0,1.0000,0,0,19.9641,3.4191,40.8305,-61.1325,168.8745,0.000,0.000,0.798,96.0246,-141.7973,63
2026-04-24,16:17:03,25430,1,0.0000,-0.0016,0.0057,0.1689,3.2538,0,1.0000,0,0,20.0630,3.0102,38.4079,-63.8055,168.2510,0.000,0.000,0.796,95.6651,-151.0451,63
2026-04-24,16:17:03,25430,1,0.0000,-0.0042,0.0064,0.1876,3.2538,0,1.0000,0,0,20.1487,2.6947,36.2436,-61.4491,167.5258,0.000,0.000,0.795,93.5731,-153.1040,63
2026-04-24,16:17:03,25431,1,0.0000,0.0100,0.0048,0.1405,3.2538,0,1.0000,0,0,20.1662,1.7323,34.2430,-59.2299,167.1908,0.000,0.000,0.794,90.0800,-98.2115,63
2026-04-24,16:17:03,25462,1,0.0000,0.0070,0.0048,0.1409,3.2537,0,1.0000,0,0,20.2909,4.0218,32.5860,-47.4980,167.4619,0.000,0.000,0.790,86.2370,3.4381,63
2026-04-24,16:17:03,25498,1,0.0000,0.0044,0.0054,0.1589,3.2537,0,1.0000,0,0,20.4137,3.1848,33.2579,1.2773,167.8176,0.000,0.000,0.787,82.1115,3.3023,63
2026-04-24,16:17:03,25534,1,0.0000,-0.0049,0.0054,0.1593,3.2537,0,1.0000,0,0,20.4305,1.4259,35.1577,38.2023,167.9306,0.000,0.000,0.784,79.1029,3.2008,63
2026-04-24,16:17:03,25570,1,0.0000,0.0050,0.0041,0.1218,3.2537,0,1.0000,0,0,20.4366,0.1640,36.9593,49.0948,168.0756,0.000,0.000,0.781,75.4449,4.0005,63
2026-04-24,16:17:03,25606,1,0.0000,-0.0008,0.0051,0.1505,3.2537,0,1.0000,0,0,20.4060,0.0048,37.8670,33.9819,168.1906,0.000,0.000,0.778,72.4548,4.7221,63
2026-04-24,16:17:03,25641,1,0.0000,0.0061,0.0048,0.1407,3.2537,0,1.0000,0,0,20.3937,-0.2621,38.2871,18.3976,168.1769,0.000,0.000,0.774,70.4048,3.7848,63
2026-04-24,16:17:03,25677,1,0.0000,-0.0087,0.0048,0.1409,3.2538,0,1.0000,0,0,20.4685,2.6260,37.9004,-3.8954,167.7976,0.000,0.000,0.771,68.1165,3.0507,63
2026-04-24,16:17:03,25713,1,0.0000,-0.0120,0.0054,0.1594,3.2538,0,1.0000,0,0,20.6278,4.8605,36.7882,-23.5944,167.2520,0.000,0.000,0.768,66.5872,1.5578,63
2026-04-24,16:17:03,25749,1,0.0000,0.0041,0.0064,0.1874,3.2538,0,1.0000,0,0,20.9523,8.3181,35.3706,-33.8934,166.2293,0.000,0.000,0.765,64.5584,-2.1883,63
2026-04-24,16:17:03,25785,1,0.0000,0.0054,0.0057,0.1689,3.2538,0,1.0000,0,0,21.2860,8.6006,35.1134,-11.6310,165.8675,0.000,0.000,0.762,63.6483,-3.9445,63
2026-04-24,16:17:03,25821,1,0.0000,-0.0038,0.0051,0.1500,3.2538,0,1.0000,0,0,21.3638,1.0863,35.5879,13.2331,165.6342,0.000,0.000,0.758,62.4927,-6.7224,63
2026-04-24,16:17:03,25857,1,0.0000,-0.0113,0.0057,0.1687,3.2538,0,1.0000,0,0,21.4300,0.6673,37.7668,55.9280,165.8197,0.000,0.000,0.755,62.1939,-7.8290,63
2026-04-24,16:17:03,25893,1,0.0000,0.0085,0.0054,0.1594,3.2538,0,1.0000,0,0,21.3587,-2.4512,41.6562,104.4411,166.2190,0.000,0.000,0.752,62.2489,-9.5792,63
2026-04-24,16:17:04,26381,1,0.0000,0.0165,0.0045,0.1314,3.2537,0,1.0000,0,0,21.3462,-1.0881,44.2786,90.3153,166.3813,0.000,0.000,0.749,62.2188,-13.1841,63
2026-04-24,16:17:04,26382,1,0.0000,0.0018,0.0057,0.1686,3.2538,0,1.0000,0,0,21.4127,0.8748,46.9417,79.0094,166.3752,0.000,0.000,0.746,62.3161,-17.0502,63
2026-04-24,16:17:04,26383,1,0.0000,0.0023,0.0045,0.1310,3.2538,0,1.0000,0,0,21.4294,0.5806,48.7320,70.0109,166.1369,0.000,0.000,0.743,62.9324,-19.4131,63
2026-04-24,16:17:04,26383,1,0.0000,-0.0132,0.0077,0.2250,3.2538,0,1.0000,0,0,21.7467,6.3152,49.2550,52.0808,164.9482,0.000,0.000,0.741,63.9646,-21.0026,63
2026-04-24,16:17:04,26384,1,0.0000,0.0064,0.0064,0.1875,3.2538,0,1.0000,0,0,22.6826,17.0008,48.2890,22.1209,162.9670,0.000,0.000,0.738,67.4040,-24.4973,63
2026-04-24,16:17:04,26385,1,0.0000,-0.0135,0.0089,0.2623,3.2539,0,1.0000,0,0,23.7683,25.1322,46.1560,-4.0114,160.5405,0.000,0.000,0.735,69.9337,-27.5247,63
2026-04-24,16:17:04,26386,1,0.0000,-0.0158,0.0130,0.3833,3.2541,0,1.0000,0,0,25.4618,40.0895,43.3604,-28.8650,157.9832,0.000,0.000,0.759,74.0399,-33.5420,63
2026-04-24,16:17:04,26387,1,0.0000,-0.1247,0.0251,0.7376,3.2545,0,1.0000,0,0,27.3984,49.9335,41.2480,-38.7367,156.2388,0.000,0.000,0.783,77.1028,-40.1738,63
2026-04-24,16:17:04,26388,1,0.0000,-0.0032,0.0296,0.8711,3.2550,0,1.0000,0,0,29.0204,38.4254,43.4016,-1.8579,128.9455,0.000,0.000,0.815,79.2618,-47.0742,63
2026-04-24,16:17:04,26389,1,0.0000,0.0123,0.0265,0.7801,3.2550,0,1.0000,0,0,28.3006,1.4895,49.9621,62.6539,111.1798,0.000,0.000,0.839,79.1851,-48.9910,63
2026-04-24,16:17:04,26389,1,0.0000,0.0022,0.0286,0.8399,3.2550,0,1.0000,0,0,26.0517,-37.4227,58.4966,123.2303,115.8510,0.000,0.000,0.863,79.2254,-50.1436,63
2026-04-24,16:17:04,26390,1,0.0000,0.0052,0.0277,0.8138,3.2550,0,1.0000,0,0,24.9617,-33.1133,65.5722,124.1662,118.5193,0.000,0.000,0.871,80.6256,-54.3962,63
2026-04-24,16:17:04,26395,1,0.0000,0.0091,0.0292,0.8574,3.2551,0,1.0000,0,0,24.6282,-24.9769,73.3952,187.5159,121.8990,0.032,0.000,0.895,82.2016,-59.3593,63
2026-04-24,16:17:04,26431,1,0.0000,0.0054,0.0312,0.9187,3.2551,0,1.0000,0,0,24.4238,-9.9551,83.2433,261.0199,127.2130,0.096,0.000,0.927,83.4504,-64.2772,63
2026-04-24,16:17:04,26467,1,0.0000,0.0058,0.0309,0.9082,3.2551,0,1.0000,0,0,23.2884,-33.2946,90.6971,249.3808,132.3148,0.160,0.000,0.959,83.7480,-66.3802,63
2026-04-24,16:17:04,26503,1,0.0000,0.0059,0.0290,0.8539,3.2551,0,1.0000,0,0,22.7472,-26.2882,96.8511,215.9456,137.8790,0.224,0.000,0.991,84.2364,-68.8904,63
2026-04-24,16:17:04,26539,1,0.0000,-0.0061,0.0305,0.8966,3.2551,0,1.0000,0,0,21.7038,-24.6284,103.1018,206.8419,143.6563,0.288,0.000,1.000,84.8903,-71.7574,63
2026-04-24,16:17:04,26575,1,0.0000,0.0117,0.0295,0.8682,3.2551,0,1.0000,0,0,21.3133,-17.2733,109.0479,188.8372,147.7924,0.352,0.000,1.000,85.2407,-73.2190,63
2026-04-24,16:17:04,26611,1,0.0000,0.0048,0.0309,0.9100,3.2551,0,1.0000,0,0,20.9155,-11.5202,113.5612,154.3746,150.7615,0.416,0.000,1.000,85.3034,-73.8024,63
2026-04-24,16:17:04,26647,1,0.0000,0.0017,0.0291,0.8558,3.2551,0,1.0000,0,0,20.4706,-13.5057,116.6159,116.1268,152.9901,0.480,0.000,1.000,85.2656,-74.4982,63
2026-04-24,16:17:04,26683,1,0.0000,-0.0013,0.0306,0.9006,3.2551,0,1.0000,0,0,20.1965,-10.5320,118.9008,87.0652,155.1999,0.544,0.000,1.000,85.3218,-75.3493,63
2026-04-24,16:17:04,26719,1,0.0000,-0.0026,0.0309,0.9100,3.2551,0,1.0000,-203,0,19.9930,-5.3446,120.7865,69.0728,157.0967,0.608,0.000,1.000,86.0094,-78.0394,63
2026-04-24,16:17:04,26755,1,-7.2160,-0.0901,0.0277,0.8150,3.2554,0,1.0000,-902,1,19.6383,-13.8531,122.1308,52.3098,158.5220,0.672,0.000,1.000,86.8405,-80.6647,63
2026-04-24,16:17:04,26791,1,-7.2160,-0.4117,0.0284,0.8365,3.2573,0,1.0000,-902,1,19.4138,-6.7095,123.1608,38.7266,160.0609,0.664,0.000,1.000,88.1302,-84.4703,63
2026-04-24,16:17:04,26827,1,-7.3120,-0.5630,0.0402,1.1833,3.2610,0,1.0000,-914,1,19.1050,-13.5776,123.1725,11.4449,161.3127,0.680,0.000,1.000,88.9590,-86.8402,63
2026-04-24,16:17:04,26863,1,-7.3120,-0.4393,0.0179,0.5253,3.2649,0,1.0000,-914,1,19.1154,-1.2260,122.4054,-13.7297,162.1856,0.720,0.000,1.000,89.4204,-88.1904,63
2026-04-24,16:17:05,27825,1,-7.3120,-0.0742,0.0404,1.1876,3.2673,0,1.0000,-914,1,19.0200,-1.9061,121.6426,-15.6070,162.5364,0.712,0.000,1.000,89.3849,-87.9958,63
2026-04-24,16:17:05,27826,1,-7.3120,-0.1731,0.0198,0.5820,3.2686,0,1.0000,-914,1,18.9411,-1.2166,121.2592,-12.6479,163.0368,0.680,0.000,1.000,87.6287,-82.0268,63
2026-04-24,16:17:05,27827,1,-7.3120,-0.1858,0.0367,1.0796,3.2706,0,1.0000,-914,1,18.8170,-2.4356,120.9550,-11.5181,163.2794,0.656,0.000,1.000,86.5047,-78.2202,63
2026-04-24,16:17:05,27828,1,-7.3120,-0.3092,0.0329,0.9672,3.2720,0,1.0000,-914,1,18.6867,-3.3610,120.4311,-13.0550,163.5326,0.632,0.000,1.000,85.9822,-76.4040,63
2026-04-24,16:17:05,27828,1,-7.3200,-0.4125,0.0288,0.8460,3.2747,0,1.0000,-915,1,18.6782,-1.7935,120.0536,-12.3057,163.8584,0.608,0.000,1.000,86.3850,-77.4525,63
2026-04-24,16:17:05,27830,1,-7.3200,-0.6674,0.0322,0.9468,3.2787,0,1.0000,-915,1,18.4045,-5.2012,119.7984,-10.9293,164.0981,0.584,0.000,1.000,86.5115,-77.3852,63
2026-04-24,16:17:05,27831,1,-7.3200,-0.4752,0.0316,0.9287,3.2839,0,1.0000,-915,1,18.3684,-3.3700,119.3931,-10.3508,164.3951,0.552,0.000,1.000,86.8125,-77.4754,63
2026-04-24,16:17:05,27832,1,-7.3200,-0.1867,0.0511,1.5025,3.2856,0,1.0000,-915,1,18.4188,-0.5022,119.1789,-9.1122,164.5768,0.528,0.000,1.000,86.6469,-76.0118,63
2026-04-24,16:17:05,27833,1,-7.3200,-0.2734,0.0225,0.6626,3.2871,0,1.0000,-915,1,18.3573,-0.7690,119.0589,-6.5029,164.8730,0.496,0.000,1.000,85.3269,-69.8872,63
2026-04-24,16:17:05,27833,1,-7.3120,-0.5159,0.0382,1.1224,3.2913,0,1.0000,-914,1,18.3738,-0.3169,118.9194,-5.2617,165.0776,0.464,0.000,1.000,83.5957,-63.9049,63
2026-04-24,16:17:05,27834,1,-7.3120,-0.5919,0.0309,0.9081,3.2954,0,1.0000,-914,1,18.4185,1.1635,118.8448,-4.2927,165.2476,0.440,0.000,1.000,84.4807,-67.8071,63
2026-04-24,16:17:05,27835,1,-7.3120,-0.6614,0.0297,0.8749,3.2969,0,1.0000,-914,1,18.3409,0.4845,118.9237,-3.5881,165.3407,0.432,0.000,1.000,86.7033,-76.5607,63
2026-04-24,16:17:05,27836,1,-7.3120,-0.7403,0.0437,1.2859,3.3100,0,1.0000,-914,1,18.3885,0.4369,118.5908,-5.4026,165.4805,0.400,0.000,1.000,87.6893,-80.5064,63
2026-04-24,16:17:05,27837,1,-7.3120,-0.7469,0.0594,1.7482,3.3173,0,1.0000,-914,1,18.4942,1.9321,118.3002,-5.9157,165.6633,0.368,0.000,1.000,88.2892,-82.8852,63
2026-04-24,16:17:05,27838,1,-7.3120,-0.8095,0.0595,1.7490,3.3219,0,1.0000,-914,1,18.3321,-2.8062,118.0314,-6.6588,165.8043,0.344,0.000,1.000,88.2784,-82.7388,63
2026-04-24,16:17:05,27838,1,-7.3200,-0.7367,0.0424,1.2459,3.3273,0,1.0000,-915,1,18.6227,3.5888,117.7961,-6.8353,165.9089,0.320,0.000,1.000,87.9791,-81.4537,63
2026-04-24,16:17:05,27839,1,-7.3200,-0.8922,0.0546,1.6057,3.3352,0,1.0000,-915,1,18.5288,1.1769,117.5468,-6.1823,165.9973,0.288,0.000,1.000,87.7606,-80.4852,63
2026-04-24,16:17:05,27841,1,-7.3200,-0.8908,0.0524,1.5424,3.3418,0,1.0000,-915,1,18.4621,-1.0351,117.5223,-4.4450,166.1946,0.264,0.000,1.000,88.4088,-83.1885,63
2026-04-24,16:17:05,27842,1,-7.3200,-1.2158,0.0484,1.4239,3.3518,0,1.0000,-915,1,18.5803,1.7386,117.5790,-2.2252,166.2779,0.232,0.000,1.000,89.4777,-87.7638,63
2026-04-24,16:17:05,27843,1,-7.3200,-1.1982,0.0305,0.8980,3.3604,0,1.0000,-915,1,18.6474,1.7823,117.5616,-1.5815,166.4279,0.208,0.000,1.000,90.1866,-90.7960,63
2026-04-24,16:17:05,27843,1,-7.3120,-0.9461,0.0802,2.3591,3.3698,0,1.0000,-914,1,18.7427,1.9046,117.9663,2.8244,166.5626,0.176,0.000,1.000,91.7811,-97.4756,63
2026-04-24,16:17:05,27844,1,-7.3120,-0.9226,0.0518,1.5232,3.3759,0,1.0000,-914,1,18.8480,2.4278,118.4573,6.7397,166.6332,0.152,0.000,1.000,91.9795,-98.1637,63
2026-04-24,16:17:05,27844,1,-7.3200,-1.1338,0.0410,1.2063,3.3830,0,1.0000,-915,1,18.9433,2.6291,118.8955,8.7966,166.7787,0.128,0.000,1.000,91.4008,-95.5949,63
2026-04-24,16:17:05,27845,1,-7.3120,-1.1921,0.0373,1.0973,3.3856,0,1.0000,-914,1,19.2395,3.3957,119.1131,8.2434,166.7891,0.120,0.000,1.000,92.2337,-98.3361,63
2026-04-24,16:17:05,27846,1,-7.3200,-1.0181,0.0606,1.7816,3.4064,0,1.0000,-915,1,19.2685,-9.8558,119.8247,14.6576,166.8676,0.096,0.000,1.000,93.8622,-104.2959,63
2026-04-24,16:17:05,28340,1,-7.3200,-1.2196,0.0601,1.7677,3.4144,0,1.0000,-915,1,18.9255,-12.5871,120.6382,20.2399,166.9047,0.120,0.000,1.000,94.2694,-106.0922,63
2026-04-24,16:17:05,28341,1,-7.3200,-1.3072,0.0348,1.0229,3.4234,0,1.0000,-915,1,18.6740,-12.2361,121.1745,18.6055,167.0414,0.168,0.000,1.000,94.4831,-106.8398,63
2026-04-24,16:17:05,28342,1,-7.3200,-1.1058,0.0822,2.4180,3.4320,0,1.0000,-915,1,18.9371,0.2284,121.9402,19.7818,167.0173,0.216,0.000,1.000,94.9956,-107.9960,63
2026-04-24,16:17:05,28343,1,-7.3200,-1.2275,0.0767,2.2566,3.4422,0,1.0000,-915,1,19.0452,1.5726,122.6870,18.6628,167.0764,0.208,0.000,1.000,95.9379,-110.3354,63
2026-04-24,16:17:05,28343,1,-7.3200,-1.1545,0.0502,1.4758,3.4511,0,1.0000,-915,1,18.9170,-2.4321,123.2575,17.8727,167.1864,0.184,0.000,1.000,95.8258,-109.5275,63
2026-04-24,16:17:05,28344,1,-7.3120,-1.4549,0.0509,1.4957,3.4642,0,1.0000,-914,1,18.6092,-2.6284,123.8414,16.3220,167.2529,0.152,0.000,1.000,96.3204,-111.0582,63
2026-04-24,16:17:05,28345,1,-7.3200,-1.4364,0.0779,2.2918,3.4776,0,1.0000,-915,1,18.5344,-1.1398,123.8947,10.2760,167.2906,0.120,0.000,1.000,97.0193,-114.8785,63
2026-04-24,16:17:05,28346,1,-7.3200,-1.5488,0.0736,2.1652,3.4875,0,1.0000,-915,1,18.4686,-2.7665,123.9359,7.2706,167.3655,0.096,0.000,1.000,96.5564,-114.9223,63
2026-04-24,16:17:05,28347,1,-7.3200,-1.4600,0.0537,1.5787,3.4990,0,1.0000,-915,1,18.4233,-1.8556,123.8320,4.0706,167.3922,0.072,0.000,1.000,95.4628,-112.1709,63
2026-04-24,16:17:05,28347,1,-7.3200,-1.6503,0.0490,1.4423,3.5107,0,1.0000,-915,1,18.1714,-4.1760,123.5724,0.2690,167.4478,0.048,0.000,1.000,94.4407,-108.5362,63
2026-04-24,16:17:05,28348,1,-7.3200,-1.4159,0.0738,2.1716,3.5259,0,1.0000,-915,1,18.3140,0.3498,123.3709,-1.8587,167.4866,0.016,0.000,1.000,94.7538,-109.4925,63
2026-04-24,16:17:05,28349,1,-7.3200,-1.4234,0.0679,1.9958,3.5294,0,1.0000,-915,1,18.2476,-1.1224,123.2989,-2.3559,167.5010,0.008,0.000,1.000,94.9541,-110.1734,63
2026-04-24,16:17:05,28350,1,-7.3200,-1.6231,0.0768,2.2583,3.5502,0,1.0000,-915,1,18.0085,-2.3346,122.8370,-3.1153,167.4595,0.000,0.000,1.000,94.7930,-109.4003,63
2026-04-24,16:17:06,28376,1,-7.3200,-1.9462,0.0910,2.6754,3.5690,0,1.0000,-915,1,18.2618,-17.3120,122.9902,1.4089,167.4475,0.000,0.000,1.000,94.4269,-108.0903,63
2026-04-24,16:17:06,28412,1,-7.3200,-2.2595,0.0966,2.8398,3.5845,0,1.0000,-915,1,17.9912,-3.3222,123.2346,7.4405,167.5359,0.000,0.000,1.000,94.1528,-107.2793,63
2026-04-24,16:17:06,28448,1,-7.3200,-2.4219,0.0943,2.7742,3.6017,0,1.0000,-915,1,17.5221,-23.3044,123.8627,16.2157,167.6719,0.032,0.000,1.000,94.1744,-107.6841,63
2026-04-24,16:17:06,28484,1,-7.3200,-2.4544,0.0747,2.1963,3.6207,0,1.0000,-915,1,17.4432,-2.1466,125.1874,34.3813,167.7022,0.096,0.000,1.000,94.2913,-108.2045,63
2026-04-24,16:17:06,28520,1,-7.3200,-2.1893,0.0768,2.2576,3.6392,0,1.0000,-915,1,17.4688,7.4074,126.7322,44.1644,167.9318,0.136,0.000,1.000,94.9379,-110.2525,63
2026-04-24,16:17:06,28557,1,-7.3200,-2.3904,0.0687,2.0200,3.6573,0,1.0000,-915,1,16.8655,-11.8009,128.1578,42.3489,167.9016,0.200,0.000,1.000,95.5124,-111.7013,63
2026-04-24,16:17:06,28593,1,-7.3200,-2.1644,0.0802,2.3584,3.6745,0,1.0000,-915,1,17.0568,-6.9298,128.9784,30.0375,168.0204,0.192,0.000,1.000,95.5536,-111.2915,63
2026-04-24,16:17:06,28629,1,-7.3200,-2.0792,0.0920,2.7060,3.6903,0,1.0000,-915,1,16.4483,-11.7372,129.2517,15.0046,167.9973,0.232,0.000,1.000,95.2104,-109.4834,63
2026-04-24,16:17:06,28664,1,-7.3120,-1.8027,0.0769,2.2617,3.7039,0,1.0000,-914,1,16.5923,-11.4138,128.6299,-8.2852,168.0439,0.224,0.000,1.000,94.9309,-108.4303,63
2026-04-24,16:17:06,28701,1,-7.3120,-1.7700,0.0598,1.7595,3.7168,0,1.0000,-914,1,16.5174,-2.4828,127.7276,-22.4272,168.0427,0.240,0.000,1.000,94.5121,-106.9629,63
2026-04-24,16:17:06,28736,1,-7.3200,-1.7969,0.0583,1.7137,3.7310,0,1.0000,-915,1,16.4936,4.7915,126.6427,-29.4479,168.1051,0.208,0.000,1.000,94.5473,-106.9881,63
2026-04-24,16:17:06,28773,1,-7.3200,-1.2161,0.0779,2.2914,3.7411,0,1.0000,-915,1,16.3550,-9.3633,125.9863,-23.6414,168.1268,0.176,0.000,1.000,94.7756,-107.4309,63
2026-04-24,16:17:06,29267,1,-7.3120,-1.4193,0.0797,2.3443,3.7542,0,1.0000,-914,1,16.4418,-0.4474,125.6727,-17.1823,168.1037,0.144,0.000,1.000,95.0046,-107.8315,63
2026-04-24,16:17:06,29268,1,-7.3200,-1.6202,0.0594,1.7484,3.7649,0,1.0000,-915,1,16.0465,-8.4103,125.4024,-14.2102,168.1569,0.120,0.000,1.000,94.3222,-105.0405,63
2026-04-24,16:17:06,29269,1,-7.3200,-1.7991,0.0482,1.4173,3.7768,0,1.0000,-915,1,16.1876,-1.3875,125.4357,-9.4814,168.1030,0.096,0.000,1.000,94.0344,-103.9055,63
2026-04-24,16:17:06,29269,1,-7.3200,-1.5720,0.0695,2.0436,3.7904,0,1.0000,-915,1,15.9807,-3.4298,125.4414,-5.4290,168.1439,0.064,0.000,1.000,94.1799,-104.5169,63
2026-04-24,16:17:06,29270,1,-7.3200,-1.6136,0.0763,2.2431,3.8034,0,1.0000,-915,1,16.1531,0.5488,125.7020,-1.5406,168.1329,0.040,0.000,1.000,94.5750,-106.1872,63
2026-04-24,16:17:06,29271,1,-7.3200,-1.7301,0.0577,1.6966,3.8193,0,1.0000,-915,1,15.9970,-0.0604,125.9879,1.9644,168.1570,0.008,0.000,1.000,94.2863,-105.3037,63
2026-04-24,16:17:06,29271,1,-7.3200,-1.7706,0.0651,1.9138,3.8334,0,1.0000,-915,1,15.9604,-0.1596,126.1450,2.7629,168.1448,0.000,0.000,1.000,94.3284,-105.1498,63
2026-04-24,16:17:06,29272,1,-7.3200,-2.0511,0.0647,1.9030,3.8476,0,1.0000,-915,1,16.0245,1.1356,126.4963,5.3123,168.1321,0.000,0.000,1.000,94.9167,-106.5033,63
2026-04-24,16:17:06,29274,1,-7.3200,-1.8925,0.0541,1.5903,3.8666,0,1.0000,-915,1,16.1050,1.3027,126.6460,4.5677,168.1781,0.000,0.000,1.000,95.6591,-108.4906,63
2026-04-24,16:17:06,29275,1,-7.3200,-1.8703,0.0752,2.2128,3.8836,0,1.0000,-915,1,16.1780,2.0359,126.7184,3.2802,168.1377,0.000,0.000,0.997,96.1089,-109.9489,63
2026-04-24,16:17:06,29276,1,-7.3200,-2.0030,0.0546,1.6064,3.9010,0,1.0000,-915,1,16.0797,1.5652,126.7902,2.4807,168.0868,0.000,0.000,0.994,95.3259,-107.4680,63
2026-04-24,16:17:06,29277,1,-7.3200,-1.4600,0.0464,1.3660,3.9269,0,1.0000,-915,1,16.3277,5.2376,126.6806,0.2032,168.1230,0.000,0.000,0.991,94.8807,-105.5685,63
2026-04-24,16:17:06,29308,1,-7.3200,-1.3343,0.0453,1.3310,3.9375,0,1.0000,-915,1,16.1027,4.4454,125.4087,-27.6815,168.1826,0.000,0.000,0.988,94.8025,-104.9762,63
2026-04-24,16:17:06,29344,1,-7.3120,-1.4270,0.0599,1.7629,3.9483,0,1.0000,-914,1,16.3740,3.3061,123.8215,-42.3666,168.2102,0.000,0.000,0.985,94.9553,-105.1035,63
2026-04-24,16:17:07,29380,1,-7.3200,-1.5276,0.0561,1.6486,3.9594,0,1.0000,-915,1,16.7293,2.8749,122.5157,-41.1573,168.1302,0.000,0.000,1.000,95.6193,-106.8611,63
2026-04-24,16:17:07,29416,1,-7.3200,-1.2535,0.0527,1.5489,3.9695,0,1.0000,-915,1,16.9329,7.6107,120.9376,-48.0444,168.1320,0.000,0.000,1.000,96.7147,-109.5009,63
2026-04-24,16:17:07,29452,1,-7.3200,-1.3603,0.0566,1.6642,3.9801,0,1.0000,-915,1,16.9321,9.6604,120.1455,-30.5855,168.0869,0.000,0.000,1.000,97.7348,-111.8206,63
2026-04-24,16:17:07,29488,1,-7.3200,-1.2773,0.0625,1.8391,3.9906,0,1.0000,-915,1,17.2013,5.1160,120.3205,-5.7487,168.1054,0.000,0.000,1.000,99.3362,-115.0214,63
2026-04-24,16:17:07,29524,1,-7.3200,-1.1522,0.0568,1.6707,3.9996,0,1.0000,-915,1,17.3778,0.5583,120.9367,10.2743,168.0909,0.000,0.000,1.000,101.1345,-118.3785,63
2026-04-24,16:17:07,29560,1,-7.3200,-1.4296,0.0477,1.4022,4.0099,0,1.0000,-915,1,17.2565,3.4866,121.3419,12.0896,168.1356,0.000,0.000,1.000,103.7448,-122.9626,63
2026-04-24,16:17:07,29596,1,-7.3200,-0.7951,0.0650,1.9111,4.0184,0,1.0000,-915,1,17.7467,9.3949,121.6740,11.0422,168.0662,0.000,0.000,1.000,105.5647,-125.8677,63
2026-04-24,16:17:07,29633,1,-7.3200,-0.8491,0.0745,2.1912,4.0244,0,1.0000,-915,1,17.2744,-6.9446,122.0140,11.0558,168.1290,0.000,0.000,1.000,107.7846,-128.7255,63
2026-04-24,16:17:07,29669,1,-7.3200,-0.6527,0.0382,1.1245,4.0303,0,1.0000,-915,1,18.0083,11.3548,122.7831,19.1244,168.1035,0.000,0.000,1.000,108.8783,-129.5134,63
2026-04-24,16:17:07,29705,1,-7.3200,-0.9186,0.0484,1.4239,4.0375,0,1.0000,-915,1,17.5711,9.9767,123.8948,31.4297,168.0385,0.000,0.000,1.000,108.8298,-127.5887,63
2026-04-24,16:17:07,29741,1,-7.3200,-1.0207,0.0341,1.0026,4.0456,0,1.0000,-915,1,17.2331,-19.7766,125.3823,41.6416,168.2287,0.000,0.000,1.000,109.3981,-127.3797,63
2026-04-24,16:17:07,30235,1,-7.3200,-1.0292,0.0571,1.6779,4.0542,0,1.0000,-915,1,17.5502,-1.0131,126.1391,32.3311,168.1489,0.000,0.000,1.000,110.8300,-128.8717,63
2026-04-24,16:17:07,30236,1,-7.3200,-0.9929,0.0410,1.2067,4.0616,0,1.0000,-915,1,17.6479,1.0845,126.6152,26.7122,168.2008,0.000,0.000,1.000,112.2253,-131.2876,63
2026-04-24,16:17:07,30236,1,-7.3200,-1.2338,0.0472,1.3893,4.0703,0,1.0000,-915,1,17.4640,-1.8720,126.9525,21.1176,168.1871,0.000,0.000,1.000,113.0655,-132.8926,63
2026-04-24,16:17:07,30237,1,-7.3120,-1.1224,0.0592,1.7421,4.0814,0,1.0000,-914,1,17.4145,-1.3483,127.3168,16.1171,168.2317,0.000,0.000,1.000,114.3866,-134.6868,63
2026-04-24,16:17:07,30238,1,-7.3200,-0.9624,0.0817,2.4040,4.0877,0,1.0000,-915,1,17.4630,-0.5589,127.5138,12.8611,168.2133,0.000,0.000,1.000,115.1030,-135.1305,63
2026-04-24,16:17:07,30238,1,-7.3200,-0.9304,0.0603,1.7733,4.0939,0,1.0000,-915,1,17.8009,5.1958,127.6586,10.0155,168.1881,0.000,0.000,1.000,114.9808,-135.0577,63
2026-04-24,16:17:07,30239,1,-7.3200,-1.1703,0.0629,1.8495,4.1019,0,1.0000,-915,1,17.6453,-0.4052,127.6382,6.6551,168.1933,0.000,0.000,1.000,114.5379,-133.8540,63
2026-04-24,16:17:07,30241,1,-7.3200,-1.3334,0.0505,1.4854,4.1103,0,1.0000,-915,1,17.6486,-0.4258,127.5197,3.2913,168.1849,0.000,0.000,1.000,114.9081,-132.7263,63
2026-04-24,16:17:07,30242,1,-7.3200,-1.4859,0.0508,1.4931,4.1212,0,1.0000,-915,1,17.9423,5.8093,127.3329,0.4398,168.1846,0.000,0.000,1.000,117.1833,-133.2335,63
2026-04-24,16:17:07,30243,1,-7.3200,-1.6020,0.0806,2.3705,4.1327,0,1.0000,-915,1,17.7284,-1.0866,127.0667,-2.1428,168.2095,0.000,0.000,1.000,120.0622,-134.6259,63
2026-04-24,16:17:07,30243,1,-7.3200,-1.6564,0.0735,2.1632,4.1442,0,1.0000,-915,1,17.6939,-2.1775,126.7866,-4.0370,168.2399,0.000,0.000,1.000,121.6340,-135.3942,63
2026-04-24,16:17:07,30244,1,-7.3200,-1.6264,0.0495,1.4563,4.1560,0,1.0000,-915,1,17.7293,-0.6306,126.4216,-5.4198,168.2706,0.000,0.000,1.000,122.2824,-135.5695,63
2026-04-24,16:17:07,30249,1,-7.3200,-1.4279,0.0611,1.7982,4.1863,0,1.0000,-915,1,17.6910,-3.9965,125.9724,-11.6639,168.3371,0.000,0.000,1.000,121.9421,-134.6049,63
2026-04-24,16:17:07,30285,1,-7.3200,-1.4562,0.0542,1.5954,4.1984,0,1.0000,-915,1,17.2854,1.7285,125.5498,-12.3041,168.3656,0.048,0.000,1.000,119.0209,-131.6426,63
2026-04-24,16:17:07,30322,1,-7.3200,-1.2884,0.0487,1.4312,4.2100,0,1.0000,-915,1,17.2025,-1.9910,124.9043,-18.5850,168.4121,0.016,0.000,1.000,116.2425,-129.0163,63
2026-04-24,16:17:08,30357,1,-7.3200,-1.2667,0.0767,2.2550,4.2202,0,1.0000,-915,1,16.9660,-7.6524,124.0972,-22.6842,168.3133,0.000,0.000,1.000,114.6235,-126.9296,63
2026-04-24,16:17:08,30393,1,-7.3200,-1.0789,0.0633,1.8617,4.2291,0,1.0000,-915,1,17.1812,-1.4706,123.5887,-17.2004,168.3545,0.000,0.000,1.000,114.3266,-126.5897,63
2026-04-24,16:17:08,30429,1,-7.3200,-1.4360,0.0631,1.8557,4.2391,0,1.0000,-915,1,16.7834,-1.3921,124.2686,9.5629,168.1970,0.048,0.000,1.000,113.8256,-125.5233,63
2026-04-24,16:17:08,30466,1,-7.3200,-1.4996,0.0711,2.0908,4.2503,0,1.0000,-915,1,16.6401,-18.6492,125.5795,30.5714,168.3184,0.016,0.000,1.000,114.7084,-125.6894,63
2026-04-24,16:17:08,30501,1,-7.3200,-1.2135,0.0831,2.4443,4.2599,0,1.0000,-915,1,16.8034,4.7649,127.3323,46.8827,168.1992,0.008,0.000,1.000,115.3794,-125.9340,63
2026-04-24,16:17:08,30537,1,-7.3200,-1.3956,0.0744,2.1883,4.2701,0,1.0000,-915,1,16.5951,1.2377,128.7509,44.0084,168.1983,0.000,0.000,1.000,116.1624,-126.5379,63
2026-04-24,16:17:08,30573,1,-7.3200,-1.5576,0.0542,1.5931,4.2808,0,1.0000,-915,1,16.2441,-24.1715,129.5417,30.0882,168.2238,0.000,0.000,1.000,115.6786,-125.9492,63
2026-04-24,16:17:08,30609,1,-7.3200,-1.4149,0.0502,1.4767,4.2919,0,1.0000,-915,1,16.5087,8.3749,130.3008,25.3154,168.1831,0.016,0.000,1.000,115.3898,-125.3410,63
2026-04-24,16:17:08,30645,1,-7.3200,-1.5801,0.0463,1.3606,4.3042,0,1.0000,-915,1,16.3966,10.6624,130.4536,10.9331,168.2006,0.000,0.000,1.000,114.7502,-124.3675,63
2026-04-24,16:17:08,30681,1,-7.3200,-1.2746,0.0728,2.1415,4.3152,0,1.0000,-915,1,16.5788,-6.9950,130.4450,3.2998,168.2287,0.000,0.000,1.000,113.6762,-123.3900,63
2026-04-24,16:17:09,31618,1,-7.3200,-1.3689,0.0602,1.7712,4.3260,0,1.0000,-915,1,16.3465,-5.5814,130.5009,2.5606,168.2657,0.000,0.000,1.000,112.7185,-122.6104,63
2026-04-24,16:17:09,31620,1,-7.3200,-1.3159,0.0327,0.9603,4.3356,0,1.0000,-915,1,16.3411,-2.3138,130.3763,0.5563,168.2608,0.000,0.000,1.000,111.4117,-121.6595,63
2026-04-24,16:17:09,31621,1,-7.3200,-1.0161,0.0809,2.3805,4.3451,0,1.0000,-915,1,16.3643,0.0337,130.3134,-0.1294,168.2474,0.000,0.000,1.000,110.9861,-121.2694,63
2026-04-24,16:17:09,31622,1,-7.3200,-0.8841,0.0658,1.9341,4.3523,0,1.0000,-915,1,16.5282,1.7643,130.2074,-1.1133,168.2807,0.000,0.000,1.000,111.3232,-121.5454,63
2026-04-24,16:17:09,31623,1,-7.3200,-1.1873,0.0650,1.9105,4.3602,0,1.0000,-915,1,16.3839,-0.9994,129.9494,-3.3449,168.2178,0.000,0.000,1.000,111.6695,-121.8710,63
2026-04-24,16:17:09,31624,1,-7.3200,-1.3200,0.0456,1.3397,4.3689,0,1.0000,-915,1,15.9867,-8.5588,129.6257,-5.3644,168.3113,0.000,0.000,1.000,112.0309,-122.0327,63
2026-04-24,16:17:09,31624,1,-7.3200,-1.4797,0.0720,2.1182,4.3798,0,1.0000,-915,1,16.1491,1.7830,129.4630,-5.2831,168.2587,0.000,0.000,1.000,113.5146,-122.8594,63
2026-04-24,16:17:09,31625,1,-7.3200,-1.6293,0.0643,1.8909,4.3903,0,1.0000,-915,1,16.2698,1.5711,129.0757,-7.1515,168.2878,0.000,0.000,1.000,114.7487,-123.8101,63
2026-04-24,16:17:09,31626,1,-7.3200,-1.7633,0.0543,1.5966,4.4030,0,1.0000,-915,1,16.1424,-2.1545,128.7973,-7.3973,168.3077,0.000,0.000,1.000,114.7427,-123.8820,63
2026-04-24,16:17:09,31627,1,-7.3200,-1.4937,0.0552,1.6224,4.4148,0,1.0000,-915,1,15.9535,-3.7723,128.4088,-8.4421,168.2832,0.000,0.000,1.000,114.2713,-123.5535,63
2026-04-24,16:17:09,31627,1,-7.3200,-1.6083,0.0487,1.4335,4.4280,0,1.0000,-915,1,16.2750,4.6281,128.1725,-8.0243,168.2653,0.000,0.000,1.000,113.4245,-123.1144,63
2026-04-24,16:17:09,31628,1,-7.3200,-1.5791,0.0727,2.1380,4.4395,0,1.0000,-915,1,16.0837,-1.0803,127.8589,-7.8425,168.2846,0.000,0.000,1.000,110.7024,-121.0798,63
2026-04-24,16:17:09,31628,1,-7.3200,-1.6052,0.0605,1.7799,4.4631,0,1.0000,-915,1,15.9511,-3.5623,127.6650,-7.2372,168.2019,0.000,0.000,1.000,110.2108,-120.7977,63
2026-04-24,16:17:09,31629,1,-7.3200,-1.7176,0.0571,1.6786,4.4785,0,1.0000,-915,1,16.1322,1.2039,127.5956,-4.9009,168.2599,0.000,0.000,0.998,109.6011,-120.0723,63
2026-04-24,16:17:09,31631,1,-7.3200,-1.8263,0.0500,1.4720,4.4921,0,1.0000,-915,1,16.0701,0.2132,127.8785,-0.7582,168.2358,0.000,0.000,0.996,109.6767,-119.8723,63
2026-04-24,16:17:09,31632,1,-7.3200,-1.4740,0.0616,1.8121,4.5053,0,1.0000,-915,1,16.1844,2.0627,127.9645,0.2419,168.1947,0.000,0.000,0.994,110.1067,-120.1186,63
2026-04-24,16:17:09,31633,1,-7.3200,-1.6696,0.0548,1.6113,4.5184,0,1.0000,-915,1,16.1474,0.6300,128.2777,2.8615,168.2404,0.000,0.000,0.991,110.1499,-119.8071,63
2026-04-24,16:17:09,31633,1,-7.3200,-1.4173,0.0780,2.2929,4.5313,0,1.0000,-915,1,16.0761,-0.6220,128.3886,2.8957,168.1928,0.000,0.000,0.989,109.9462,-119.3437,63
2026-04-24,16:17:09,31634,1,-7.3200,-1.4622,0.0663,1.9513,4.5421,0,1.0000,-915,1,16.2253,2.3725,128.5070,2.9822,168.1704,0.000,0.000,0.986,109.7253,-118.8029,63
2026-04-24,16:17:09,31635,1,-7.3200,-1.5430,0.0553,1.6255,4.5533,0,1.0000,-915,1,16.2233,-0.7782,128.3432,0.4162,168.1610,0.000,0.000,0.984,109.5104,-118.3778,63
2026-04-24,16:17:09,31635,1,-7.3200,-1.6777,0.0499,1.4684,4.5664,0,1.0000,-915,1,16.2741,2.2731,128.1591,-1.2907,168.0915,0.000,0.000,0.982,109.3045,-118.0864,63
2026-04-24,16:17:09,31636,1,-7.3200,-1.5913,0.0684,2.0126,4.5792,0,1.0000,-915,1,16.1564,-1.7327,127.8361,-3.9982,168.1545,0.000,0.000,0.979,108.6475,-117.0845,63
2026-04-24,16:17:09,31637,1,-7.3200,-1.8620,0.0759,2.2327,4.5920,0,1.0000,-915,1,16.2212,0.6848,127.5255,-5.5672,168.0847,0.000,0.000,0.977,108.6713,-117.0946,63
2026-04-24,16:17:09,31637,1,-7.3200,-1.6710,0.0596,1.7541,4.5961,0,1.0000,-915,1,16.3115,2.7715,127.3685,-6.7830,168.1026,0.000,0.000,0.976,108.6713,-117.0946,63
2026-04-24,16:17:09,31638,1,-7.3200,-1.7157,0.0580,1.7052,4.6283,0,1.0000,-915,1,16.1628,3.6146,127.0906,-10.0624,168.2188,0.000,0.000,0.974,108.8793,-117.0663,63
2026-04-24,16:17:09,32122,1,-7.3200,-1.7030,0.0600,1.7639,4.6416,0,1.0000,-915,1,16.2368,2.1326,126.7830,-10.8463,168.2271,0.000,0.000,0.971,108.5119,-116.4579,63
2026-04-24,16:17:09,32123,1,-7.3200,-1.7389,0.0603,1.7732,4.6557,0,1.0000,-915,1,16.1655,0.1612,126.6389,-8.5799,168.2443,0.000,0.000,0.969,108.5676,-116.4530,63
2026-04-24,16:17:09,32124,1,-7.3200,-1.7155,0.0744,2.1879,4.6698,0,1.0000,-915,1,16.2502,1.8772,126.6014,-6.1767,168.2181,0.000,0.000,0.966,108.5676,-116.4530,63
2026-04-24,16:17:09,32126,1,-7.3200,-1.6644,0.0732,2.1537,4.6814,0,1.0000,-915,1,16.1871,-0.4577,126.7818,-2.5312,168.2263,0.000,0.000,0.964,108.8380,-116.4114,63
2026-04-24,16:17:09,32126,1,-7.3200,-1.6897,0.0561,1.6501,4.6933,0,1.0000,-915,1,16.2931,0.5297,126.9768,-0.0492,168.1910,0.000,0.000,0.962,108.2167,-115.5306,63
2026-04-24,16:17:09,32127,1,-7.3200,-1.5429,0.0526,1.5470,4.7053,0,1.0000,-915,1,16.4088,2.2702,127.2536,2.4870,168.2108,0.000,0.000,0.959,107.3125,-114.2353,63
2026-04-24,16:17:09,32128,1,-7.3200,-1.5945,0.0543,1.5960,4.7179,0,1.0000,-915,1,16.3551,0.6745,127.5906,4.7668,168.1961,0.000,0.000,0.957,107.3125,-114.2353,63
2026-04-24,16:17:09,32128,1,-7.3200,-1.5498,0.0622,1.8308,4.7308,0,1.0000,-915,1,16.3652,0.8693,127.8882,5.9037,168.1570,0.000,0.000,0.954,106.3489,-112.9981,63
2026-04-24,16:17:09,32129,1,-7.3200,-1.6955,0.0662,1.9468,4.7425,0,1.0000,-915,1,16.3546,0.3716,128.1261,6.2284,168.2074,0.000,0.000,0.952,105.6085,-112.0786,63
2026-04-24,16:17:09,32130,1,-7.3200,-1.7496,0.0512,1.5052,4.7547,0,1.0000,-915,1,16.3330,-1.2647,128.2262,4.9979,168.1837,0.000,0.000,0.950,105.1532,-111.5924,63
2026-04-24,16:17:09,32131,1,-7.3200,-1.3038,0.0481,1.4136,4.7650,0,1.0000,-915,1,16.4787,1.6615,128.2308,3.4434,168.1604,0.000,0.000,0.947,104.7362,-111.0763,63
2026-04-24,16:17:09,32131,1,-7.3200,-1.5019,0.0557,1.6373,4.7758,0,1.0000,-915,1,16.5554,1.2624,128.0869,1.7136,168.1132,0.000,0.000,0.945,103.8667,-109.5508,63
2026-04-24,16:17:09,32132,1,-7.3200,-1.6921,0.0501,1.4722,4.7993,0,1.0000,-915,1,16.8324,4.9958,127.8710,-0.8764,168.2015,0.000,0.000,0.942,101.9256,-105.8796,63
2026-04-24,16:17:09,32159,1,-7.3200,-1.3787,0.0478,1.4069,4.8114,0,1.0000,-915,1,16.4272,-11.7185,126.5395,-29.1274,168.0621,0.000,0.000,0.939,101.4941,-105.1335,63
2026-04-24,16:17:09,32195,1,-7.3200,-1.4955,0.0499,1.4680,4.8231,0,1.0000,-915,1,16.6123,14.2617,124.4360,-54.6686,167.9722,0.000,0.000,0.936,100.7718,-104.1446,63
2026-04-24,16:17:09,32231,1,-7.3200,-1.1981,0.0771,2.2690,4.8338,0,1.0000,-915,1,16.4850,-5.1755,122.6528,-53.4252,168.0271,0.000,0.000,0.950,100.4201,-103.6732,63
2026-04-24,16:17:09,32267,1,-7.3200,-1.2191,0.0574,1.6874,4.8426,0,1.0000,-915,1,16.3036,-4.5937,121.6620,-38.0951,168.0645,0.000,0.000,0.982,100.3352,-103.5411,63
2026-04-24,16:17:09,32303,1,-7.3200,-1.4607,0.0450,1.3233,4.8536,0,1.0000,-915,1,16.6048,13.8169,121.4436,-16.8251,168.0172,0.000,0.000,1.000,100.0515,-103.0611,63
2026-04-24,16:17:09,32340,1,-7.3200,-1.4395,0.0783,2.3027,4.8650,0,1.0000,-915,1,16.3044,-11.0872,121.8087,3.2829,168.0292,0.000,0.000,1.000,99.8031,-102.4883,63
2026-04-24,16:17:10,32377,1,-7.3200,-1.4751,0.0533,1.5688,4.8755,0,1.0000,-915,1,16.3354,-4.2224,123.2201,29.5531,168.0713,0.000,0.000,1.000,99.9530,-102.5241,63
2026-04-24,16:17:10,32413,1,-7.3200,-1.5125,0.0408,1.2004,4.8878,0,1.0000,-915,1,16.4169,5.2015,124.9735,45.4315,167.9443,0.000,0.000,1.000,98.8204,-101.0634,63
2026-04-24,16:17:10,32449,1,-7.3200,-1.2385,0.0660,1.9407,4.8985,0,1.0000,-915,1,16.3480,-1.6642,126.4458,45.5853,168.1060,0.000,0.000,1.000,97.4619,-99.4767,63
2026-04-24,16:17:10,32485,1,-7.3200,-1.4632,0.0498,1.4637,4.9085,0,1.0000,-915,1,16.1613,-4.3109,127.8125,43.2237,167.9964,0.000,0.000,1.000,96.2204,-98.1575,63
2026-04-24,16:17:10,32522,1,-7.3200,-1.5464,0.0512,1.5049,4.9202,0,1.0000,-915,1,16.4044,1.9551,128.7261,34.3717,167.9558,0.000,0.000,1.000,94.8547,-96.5299,63
2026-04-24,16:17:10,32557,1,-7.3200,-1.1816,0.0556,1.6349,4.9300,0,1.0000,-915,1,16.2449,0.3494,129.7424,32.7237,168.1012,0.000,0.000,1.000,93.3167,-94.6276,63
2026-04-24,16:17:10,33041,1,-7.3200,-1.3979,0.0481,1.4145,4.9386,0,1.0000,-915,1,16.1963,-0.6817,129.9804,24.6098,168.0977,0.000,0.000,1.000,92.5237,-93.6126,63
2026-04-24,16:17:10,33042,1,-7.3200,-1.1935,0.0405,1.1908,4.9475,0,1.0000,-915,1,16.1786,-1.3538,129.9007,15.9174,168.0396,0.000,0.000,1.000,91.8182,-92.6318,63
2026-04-24,16:17:10,33043,1,-7.3200,-1.1677,0.0555,1.6332,4.9570,0,1.0000,-915,1,16.3121,1.8328,129.9322,11.2085,168.0830,0.000,0.000,1.000,90.5969,-90.8772,63
2026-04-24,16:17:10,33044,1,-7.3200,-1.2714,0.0411,1.2086,4.9658,0,1.0000,-915,1,15.8929,-6.5719,129.9905,8.1493,168.1065,0.000,0.000,1.000,89.9204,-89.8820,63
2026-04-24,16:17:10,33045,1,-7.3200,-0.9002,0.0501,1.4725,4.9728,0,1.0000,-915,1,16.1325,1.4166,129.8844,4.4421,168.0647,0.000,0.000,1.000,89.1139,-88.6795,63
2026-04-24,16:17:10,33045,1,-7.3200,-0.7416,0.0411,1.2101,4.9789,0,1.0000,-915,1,16.2768,3.4527,129.6916,1.3602,168.1271,0.000,0.000,1.000,88.6370,-87.9796,63
2026-04-24,16:17:10,33046,1,-7.3200,-0.5902,0.0470,1.3824,4.9836,0,1.0000,-915,1,16.1907,-0.5420,129.3269,-2.3261,168.1270,0.000,0.000,1.000,87.6339,-86.5570,63
2026-04-24,16:17:10,33047,1,-7.3200,-0.7359,0.0373,1.0974,4.9890,0,1.0000,-915,1,16.2597,1.1461,129.0353,-4.0695,168.1119,0.000,0.000,1.000,86.4788,-85.0633,63
2026-04-24,16:17:10,33048,1,-7.3200,-0.7389,0.0430,1.2642,4.9947,0,1.0000,-915,1,16.2114,-0.1155,128.7298,-5.3703,168.1166,0.000,0.000,1.000,85.7210,-84.1817,63
2026-04-24,16:17:10,33048,1,-7.3200,-0.0217,0.0341,1.0015,4.9955,0,1.0000,-915,1,16.3031,0.1609,128.4382,-6.3131,168.1315,0.000,0.000,1.000,84.6572,-82.9173,63
2026-04-24,16:17:10,33049,1,-7.3200,-0.2607,0.0217,0.6381,4.9965,0,1.0000,-915,1,16.2833,0.3970,128.3238,-5.2753,168.1532,0.000,0.000,1.000,83.3859,-81.3974,63
2026-04-24,16:17:10,33050,1,-7.3200,-0.3665,0.0357,1.0511,4.9984,0,1.0000,-915,1,16.0407,-1.1233,127.9794,-5.4008,168.1272,0.000,0.000,1.000,81.6040,-79.2081,63
2026-04-24,16:17:10,33050,1,-7.3200,-0.2733,0.0220,0.6480,5.0037,0,1.0000,-915,1,15.9866,-1.8385,127.7025,-6.0614,168.1896,0.000,0.000,1.000,80.5599,-77.5367,63
2026-04-24,16:17:10,33078,1,-7.3200,-0.2030,0.0211,0.6202,5.0066,0,1.0000,-915,1,16.1112,3.8978,126.4228,-28.1986,168.0681,0.000,0.000,1.000,79.9684,-76.3558,63
2026-04-24,16:17:10,33114,1,-7.3200,-0.1824,0.0088,0.2601,5.0085,0,1.0000,-915,1,15.9477,5.1648,125.3817,-29.8026,168.0096,0.000,0.000,0.999,79.4352,-75.3437,63
2026-04-24,16:17:10,33150,1,-7.3200,-0.0455,0.0091,0.2677,5.0090,0,1.0000,-915,1,16.1977,-3.8732,124.3902,-31.2506,168.1537,0.000,0.000,0.999,78.8415,-74.1829,63
2026-04-24,16:17:10,33186,1,-7.3200,-0.0060,0.0151,0.4443,5.0091,0,1.0000,-915,1,16.2699,7.1423,123.4030,-32.2337,168.0978,0.000,0.000,1.000,78.4121,-73.3913,63
2026-04-24,16:17:10,33222,1,-4.8560,-0.0078,0.0155,0.4563,5.0091,0,1.0000,-607,1,16.0713,-5.3518,122.1846,-35.7407,168.1069,0.000,0.000,1.000,78.5571,-73.4507,63
2026-04-24,16:17:10,33258,1,-0.2800,0.0163,0.0148,0.4360,5.0091,0,1.0000,-35,1,16.3880,7.4488,121.0748,-35.1426,168.1001,0.000,0.000,1.000,78.7704,-73.6349,63
2026-04-24,16:17:10,33294,1,0.0000,-0.0042,0.0143,0.4194,5.0091,0,1.0000,0,1,16.3516,0.5276,120.2545,-27.4803,168.1319,0.000,0.000,1.000,78.7761,-73.6286,63
2026-04-24,16:17:10,33330,1,0.0000,-0.0017,0.0146,0.4296,5.0091,0,1.0000,0,1,16.3990,0.0861,119.6489,-22.5557,168.1581,0.000,0.000,1.000,78.6961,-73.3542,63
2026-04-24,16:17:11,33366,1,0.0000,-0.0083,0.0150,0.4399,5.0091,0,1.0000,0,1,16.4402,3.1080,119.0598,-19.9157,168.0760,0.000,0.000,1.000,78.8422,-73.3306,63
2026-04-24,16:17:11,33402,1,0.0000,-0.0073,0.0151,0.4440,5.0091,0,1.0000,0,1,16.5114,1.9860,118.3955,-20.9768,168.1463,0.000,0.000,1.000,78.8756,-73.1592,63
2026-04-24,16:17:11,33438,1,0.0000,0.0133,0.0136,0.3990,5.0091,0,1.0000,0,1,16.5559,1.5530,117.7548,-21.0715,168.1052,0.000,0.000,1.000,78.9077,-72.8617,63
2026-04-24,16:17:11,33474,1,0.0000,0.0052,0.0136,0.3990,5.0091,0,1.0000,0,1,16.5360,-0.1981,117.2048,-17.5987,168.1211,0.000,0.000,1.000,78.8293,-72.4114,63
2026-04-24,16:17:11,33959,1,0.0000,-0.0062,0.0146,0.4296,5.0091,0,1.0000,0,1,16.4613,-1.4106,117.1177,-12.8689,168.1116,0.000,0.000,1.000,78.8598,-72.0208,63
2026-04-24,16:17:11,33961,1,0.0000,0.0070,0.0133,0.3908,5.0091,0,1.0000,0,1,16.3932,-1.6743,117.0171,-9.7154,168.1063,0.000,0.000,1.000,79.0691,-71.7289,63
2026-04-24,16:17:11,33962,1,0.0000,-0.0119,0.0148,0.4359,5.0091,0,1.0000,0,1,16.4523,0.3747,116.7909,-7.9866,168.1281,0.000,0.000,1.000,79.3237,-71.5135,63
2026-04-24,16:17:11,33963,1,0.0000,0.0002,0.0143,0.4214,5.0091,0,1.0000,0,1,16.4501,0.1180,116.6340,-6.9571,168.1371,0.000,0.000,1.000,79.5325,-71.3373,63
2026-04-24,16:17:11,33963,1,0.0000,-0.0036,0.0136,0.4010,5.0091,0,1.0000,0,1,16.4327,-0.3156,116.5052,-5.8967,168.1338,0.000,0.000,1.000,79.7752,-71.4913,63
2026-04-24,16:17:11,33964,1,0.0000,0.0014,0.0122,0.3602,5.0091,0,1.0000,0,1,16.4379,0.0404,116.3785,-5.2237,168.1303,0.000,0.000,1.000,80.1096,-71.8756,63
2026-04-24,16:17:11,33965,1,0.0000,-0.0132,0.0154,0.4519,5.0091,0,1.0000,0,1,16.4839,0.9121,116.2381,-4.9281,168.1314,0.000,0.000,1.000,80.5079,-72.4549,63
2026-04-24,16:17:11,33966,1,0.0000,-0.0085,0.0148,0.4340,5.0091,0,1.0000,0,1,16.5226,0.9728,116.0671,-4.9828,168.1316,0.000,0.000,1.000,80.7369,-72.8466,63
2026-04-24,16:17:11,33967,1,0.0000,-0.0031,0.0127,0.3743,5.0091,0,1.0000,0,1,16.5640,1.1745,115.9950,-4.0794,168.1310,0.000,0.000,1.000,80.9941,-73.3302,63
2026-04-24,16:17:11,33968,1,0.0000,0.0099,0.0133,0.3908,5.0091,0,1.0000,0,1,16.6001,1.0311,115.9057,-3.6002,168.1347,0.000,0.000,1.000,81.1968,-73.7813,63
2026-04-24,16:17:11,33969,1,0.0000,-0.0045,0.0121,0.3558,5.0091,0,1.0000,0,1,16.6434,1.2868,115.8153,-3.3574,168.1266,0.000,0.000,1.000,81.3396,-74.1299,63
2026-04-24,16:17:11,33970,1,0.0000,-0.0047,0.0141,0.4156,5.0091,0,1.0000,0,0,16.7055,1.2286,115.7930,-2.5811,168.1361,0.000,0.000,1.000,81.4087,-74.3481,63
2026-04-24,16:17:11,33971,1,0.0000,0.0013,0.0122,0.3602,5.0091,0,1.0000,0,0,16.7180,0.8690,115.8142,-1.8608,168.1207,0.000,0.000,1.000,81.4620,-74.3401,63
2026-04-24,16:17:11,33993,1,0.0000,0.0003,0.0138,0.4073,5.0091,0,1.0000,0,0,16.7929,1.0146,116.0474,3.9180,168.1158,0.000,0.000,0.998,81.5051,-74.2704,63
2026-04-24,16:17:11,34029,1,0.0000,-0.0081,0.0136,0.3990,5.0091,0,1.0000,0,0,16.8993,4.5235,116.0887,2.2875,168.1161,0.000,0.000,0.994,81.6546,-74.3239,63
2026-04-24,16:17:11,34065,1,0.0000,0.0083,0.0134,0.3927,5.0091,0,1.0000,0,0,16.9179,0.4644,116.2493,3.8467,168.1287,0.000,0.000,0.991,81.6802,-74.2419,63
2026-04-24,16:17:11,34100,1,0.0000,0.0060,0.0132,0.3888,5.0091,0,1.0000,0,0,17.0576,4.0169,116.2962,2.1328,168.1114,0.000,0.000,0.988,81.6698,-74.1962,63
2026-04-24,16:17:11,34136,1,0.0000,-0.0186,0.0146,0.4293,5.0091,0,1.0000,0,0,17.0519,0.7803,116.1320,-4.2787,168.1066,0.000,0.000,0.985,81.7757,-74.4174,63
2026-04-24,16:17:11,34172,1,0.0000,-0.0040,0.0145,0.4257,5.0091,0,1.0000,0,0,17.1540,2.3804,115.7940,-7.5961,168.1073,0.000,0.000,0.982,81.7851,-74.4666,63
2026-04-24,16:17:11,34208,1,0.0000,-0.0068,0.0147,0.4335,5.0091,0,1.0000,0,0,17.1733,2.2344,115.7321,-4.0968,168.0768,0.000,0.000,0.978,81.8077,-74.5610,63
2026-04-24,16:17:11,34244,1,0.0000,-0.0008,0.0136,0.3990,5.0091,0,1.0000,0,0,17.2361,2.8610,115.5621,-5.3204,168.1006,0.000,0.000,0.975,81.8066,-74.6208,63
2026-04-24,16:17:11,34280,1,0.0000,0.0061,0.0119,0.3500,5.0091,0,1.0000,0,0,17.2795,1.1778,115.3662,-5.5617,168.0566,0.000,0.000,0.972,81.8140,-74.6545,63
2026-04-24,16:17:11,34316,1,0.0000,-0.0160,0.0148,0.4359,5.0091,0,1.0000,0,0,17.3042,2.4196,115.4119,-0.4791,168.0801,0.000,0.000,0.969,81.6541,-74.3679,63
2026-04-24,16:17:12,34352,1,0.0000,-0.0021,0.0134,0.3927,5.0091,0,1.0000,0,0,17.3183,0.2956,115.5419,2.3158,168.0888,0.000,0.000,0.966,81.5762,-74.2347,63
2026-04-24,16:17:12,34388,1,0.0000,-0.0003,0.0141,0.4135,5.0091,0,1.0000,0,0,17.3500,2.3041,115.6315,2.9592,168.0962,0.000,0.000,0.962,81.5158,-74.0995,63
2026-04-24,16:17:12,34425,1,0.0000,-0.0036,0.0151,0.4434,5.0091,0,1.0000,0,0,17.3490,-0.0508,115.7606,3.4526,168.0910,0.000,0.000,0.959,81.4460,-73.9637,63
2026-04-24,16:17:12,34915,1,0.0000,-0.0087,0.0150,0.4398,5.0091,0,1.0000,0,0,17.3565,0.1868,115.8568,3.3711,168.0950,0.000,0.000,0.957,81.4608,-73.9585,63
2026-04-24,16:17:12,34916,1,0.0000,-0.0022,0.0138,0.4073,5.0091,0,1.0000,0,0,17.3490,-0.0176,115.9408,3.0796,168.1057,0.000,0.000,0.954,81.5300,-74.0619,63
2026-04-24,16:17:12,34918,1,0.0000,0.0091,0.0121,0.3558,5.0091,0,1.0000,0,0,17.3571,0.0704,116.0255,2.6306,168.1167,0.000,0.000,0.951,81.5206,-74.0304,63
2026-04-24,16:17:12,34919,1,0.0000,-0.0056,0.0136,0.4010,5.0091,0,1.0000,0,0,17.3748,0.3633,116.0289,1.8180,168.1001,0.000,0.000,0.949,81.5468,-74.0831,63
2026-04-24,16:17:12,34920,1,0.0000,0.0084,0.0134,0.3947,5.0091,0,1.0000,0,0,17.3451,-0.3899,116.0559,1.4827,168.1133,0.000,0.000,0.946,81.5740,-74.1426,63
2026-04-24,16:17:12,34921,1,0.0000,0.0044,0.0135,0.3961,5.0091,0,1.0000,0,0,17.3473,-0.0029,115.9761,0.1108,168.1077,0.000,0.000,0.943,81.5478,-74.0685,63
2026-04-24,16:17:12,34921,1,0.0000,0.0027,0.0134,0.3947,5.0091,0,1.0000,0,0,17.3436,0.1310,115.8559,-1.0175,168.1153,0.000,0.000,0.940,81.6076,-74.1414,63
2026-04-24,16:17:12,34922,1,0.0000,-0.0025,0.0137,0.4029,5.0091,0,1.0000,0,0,17.3181,-0.3613,115.8469,-0.6818,168.1350,0.000,0.000,0.937,81.6057,-74.1040,63
2026-04-24,16:17:12,34922,1,0.0000,-0.0063,0.0141,0.4155,5.0091,0,1.0000,0,0,17.3230,-0.0746,115.8291,-0.6334,168.1451,0.000,0.000,0.934,81.5742,-73.9857,63
2026-04-24,16:17:12,34923,1,0.0000,0.0080,0.0127,0.3743,5.0091,0,1.0000,0,0,17.3164,-0.0232,115.8572,-0.0921,168.1282,0.000,0.000,0.931,81.6009,-74.0385,63
2026-04-24,16:17:12,34924,1,0.0000,0.0021,0.0143,0.4214,5.0091,0,1.0000,0,0,17.2931,-0.1727,115.9294,0.3592,168.1246,0.000,0.000,0.929,81.6719,-74.1695,63
2026-04-24,16:17:12,34925,1,0.0000,0.0024,0.0129,0.3786,5.0091,0,1.0000,0,0,17.2702,-0.3987,115.9240,0.2052,168.1351,0.000,0.000,0.926,81.6071,-74.0276,63
2026-04-24,16:17:12,34954,1,0.0000,-0.0092,0.0142,0.4174,5.0091,0,1.0000,0,0,17.3400,2.2673,115.7087,-4.8122,168.1621,0.000,0.000,0.923,81.5857,-74.0084,63
2026-04-24,16:17:12,34990,1,0.0000,0.0125,0.0137,0.4043,5.0091,0,1.0000,0,0,17.3411,-0.5469,115.4212,-7.3212,168.1514,0.000,0.000,0.920,81.5733,-74.0039,63
2026-04-24,16:17:12,35026,1,0.0000,0.0139,0.0118,0.3481,5.0091,0,1.0000,0,0,17.3904,1.3989,115.1730,-7.8004,168.1761,0.000,0.000,0.917,81.4442,-73.7333,63
2026-04-24,16:17:12,35062,1,0.0000,0.0077,0.0134,0.3927,5.0091,0,1.0000,0,0,17.3741,-0.4257,114.9517,-6.9227,168.1453,0.000,0.000,0.914,81.3999,-73.6428,63
2026-04-24,16:17:12,35098,1,0.0000,-0.0031,0.0140,0.4132,5.0091,0,1.0000,0,0,17.4041,1.4878,114.8116,-5.5428,168.1385,0.000,0.000,0.910,81.3411,-73.5400,63
2026-04-24,16:17:12,35134,1,0.0000,0.0006,0.0143,0.4194,5.0091,0,1.0000,0,0,17.4093,0.1753,114.9323,1.0075,168.1141,0.000,0.000,0.907,81.2096,-73.3156,63
2026-04-24,16:17:12,35170,1,0.0000,-0.0020,0.0148,0.4359,5.0091,0,1.0000,0,0,17.4183,0.8230,114.9615,0.8955,168.1054,0.000,0.000,0.904,80.8362,-72.6176,63
2026-04-24,16:17:12,35206,1,0.0000,-0.0120,0.0137,0.4033,5.0091,0,1.0000,0,0,17.4231,-0.4088,115.0765,2.7536,168.0879,0.000,0.000,0.901,80.4611,-71.8655,63
2026-04-24,16:17:12,35242,1,0.0000,0.0017,0.0141,0.4136,5.0091,0,1.0000,0,0,17.4290,0.6554,114.9365,-2.4247,168.0789,0.000,0.000,0.898,80.3378,-71.5651,63
2026-04-24,16:17:12,35278,1,0.0000,0.0103,0.0122,0.3602,5.0091,0,1.0000,0,0,17.4398,-0.1195,114.7717,-3.9087,168.0704,0.000,0.000,0.894,80.2062,-71.2023,63
2026-04-24,16:17:12,35314,1,0.0000,0.0077,0.0130,0.3825,5.0091,0,1.0000,0,0,17.4259,0.0938,114.8293,-0.5730,168.0672,0.000,0.000,0.891,80.0933,-70.9439,63
2026-04-24,16:17:12,35350,1,0.4000,0.1582,0.0355,1.0448,5.0088,0,1.0000,50,1,17.4947,3.8674,114.8027,-0.4538,168.0550,0.000,0.000,0.888,80.0207,-70.7909,63
2026-04-24,16:17:13,35386,1,0.4000,0.2942,0.0411,1.2088,5.0064,0,1.0000,50,1,17.3123,-7.1597,114.8708,2.5098,168.1116,0.000,0.000,0.885,79.8957,-70.6182,63
2026-04-24,16:17:13,35422,1,0.8320,0.3989,0.0322,0.9470,5.0032,0,1.0000,104,1,17.4673,1.4038,115.1539,4.9156,168.1288,0.000,0.000,0.882,79.4757,-70.1108,63
2026-04-24,16:17:14,36371,1,1.0640,1.0225,0.0625,1.8374,4.9976,0,1.0000,133,1,17.4759,1.4273,115.1534,2.9534,168.0974,0.000,0.000,0.878,79.0386,-69.7089,63
2026-04-24,16:17:14,36373,1,1.0640,1.1099,0.0468,1.3772,4.9875,0,1.0000,133,1,17.6544,4.2768,115.3023,3.3693,168.1352,0.000,0.000,0.875,78.1190,-68.6698,63
2026-04-24,16:17:14,36374,1,1.0720,1.0831,0.0564,1.6576,4.9784,0,1.0000,134,1,17.6432,-0.8236,115.4977,3.7816,168.1327,0.000,0.000,0.872,77.7047,-68.6006,63
2026-04-24,16:17:14,36375,1,1.0720,0.9280,0.0638,1.8779,4.9701,0,1.0000,134,1,17.6647,0.6088,115.6424,3.8388,168.1023,0.000,0.000,0.870,78.0022,-69.3159,63
2026-04-24,16:17:14,36376,1,1.0720,1.1114,0.0551,1.6209,4.9602,0,1.0000,134,1,17.6464,-1.0547,115.8016,3.7597,168.1438,0.000,0.000,0.866,78.5443,-70.2421,63
2026-04-24,16:17:14,36377,1,1.0400,1.0359,0.0589,1.7328,4.9510,0,1.0000,130,1,17.6276,-0.4594,116.1291,5.3854,168.1492,0.000,0.000,0.863,78.8180,-70.3319,63
2026-04-24,16:17:14,36377,1,1.0400,1.1017,0.0474,1.3932,4.9429,0,1.0000,130,1,17.4096,-3.5233,116.4975,7.3622,168.1156,0.000,0.000,0.861,78.9730,-70.1626,63
2026-04-24,16:17:14,36378,1,1.0400,1.0034,0.0565,1.6623,4.9339,0,1.0000,130,1,17.5673,0.7300,116.9910,9.0098,168.1523,0.000,0.000,0.858,78.9366,-69.4422,63
2026-04-24,16:17:14,36379,1,1.0400,1.0335,0.0487,1.4317,4.9261,0,1.0000,130,1,17.3629,-2.7469,117.5098,11.1500,168.1348,0.000,0.000,0.855,79.0547,-69.0102,63
2026-04-24,16:17:14,36380,1,1.0400,1.1586,0.0428,1.2603,4.9183,0,1.0000,130,1,17.3242,-2.4831,117.9241,11.4136,168.1766,0.000,0.000,0.853,79.3199,-69.1097,63
2026-04-24,16:17:14,36380,1,1.0160,1.0200,0.0392,1.1525,4.9107,0,1.0000,127,1,16.9782,-4.2826,118.6665,12.4180,168.1498,0.000,0.000,0.867,80.5045,-71.0101,63
2026-04-24,16:17:14,36381,1,1.0160,0.8497,0.0578,1.6992,4.8939,0,1.0000,127,1,17.1559,3.1232,119.4932,16.1485,168.1426,0.000,0.000,0.899,80.7472,-71.6891,63
2026-04-24,16:17:14,36382,1,1.0080,1.0895,0.0429,1.2613,4.8860,0,1.0000,126,1,16.9421,-4.4954,120.4888,21.8951,168.1437,0.000,0.000,0.931,80.7713,-72.1076,63
2026-04-24,16:17:14,36383,1,1.0080,0.9871,0.0491,1.4446,4.8767,0,1.0000,126,1,17.1683,1.9496,121.3433,21.2339,168.1810,0.000,0.000,0.963,80.6765,-72.1591,63
2026-04-24,16:17:14,36384,1,1.0080,1.0018,0.0428,1.2591,4.8678,0,1.0000,126,1,16.9951,-0.9979,122.2044,21.4381,168.1946,0.000,0.000,0.995,80.9238,-72.7037,63
2026-04-24,16:17:14,36384,1,1.0080,1.0147,0.0477,1.4037,4.8595,0,1.0000,126,1,17.1797,1.2452,122.9338,20.0651,168.2205,0.000,0.000,1.000,81.3855,-73.4652,63
2026-04-24,16:17:14,36385,1,1.0080,0.9877,0.0491,1.4438,4.8504,0,1.0000,126,1,17.2279,2.0742,123.5987,18.2940,168.2633,0.000,0.000,1.000,82.1647,-74.7383,63
2026-04-24,16:17:14,36386,1,1.0080,1.0300,0.0503,1.4781,4.8420,0,1.0000,126,1,16.9820,-3.9762,124.0134,15.0406,168.2550,0.000,0.000,1.000,82.9699,-76.0278,63
2026-04-24,16:17:14,36386,1,1.0080,0.9229,0.0543,1.5984,4.8329,0,1.0000,126,1,17.0837,0.9386,124.1832,10.4948,168.2607,0.000,0.000,1.000,83.7493,-77.3181,63
2026-04-24,16:17:14,36387,1,1.0080,1.1000,0.0436,1.2821,4.8242,0,1.0000,126,0,17.0566,0.0417,124.4372,8.8795,168.2270,0.000,0.000,1.000,84.2899,-78.2637,63
2026-04-24,16:17:14,36388,1,1.0080,0.9319,0.0584,1.7167,4.8159,0,1.0000,126,0,17.1910,1.9458,124.4254,5.1022,168.2356,0.000,0.000,1.000,84.7460,-79.1873,63
2026-04-24,16:17:14,36389,1,1.0080,0.9613,0.0569,1.6735,4.8138,0,1.0000,126,0,17.1488,1.2563,124.4969,4.6548,168.2534,0.000,0.000,1.000,84.7706,-79.2949,63
2026-04-24,16:17:14,36390,1,1.0080,1.0055,0.0522,1.5352,4.7966,0,1.0000,126,0,17.1332,-2.7695,124.4591,2.0594,168.2646,0.000,0.000,1.000,84.6953,-79.2661,63
2026-04-24,16:17:14,36415,1,1.0080,1.0303,0.0403,1.1857,4.7887,0,1.0000,126,0,17.0360,4.8166,124.1053,-8.6533,168.1873,0.000,0.000,1.000,84.1979,-78.3307,63
2026-04-24,16:17:14,36449,1,1.0080,1.0374,0.0416,1.2249,4.7818,0,1.0000,126,0,17.2454,-3.4031,123.1704,-24.4760,168.2637,0.000,0.000,1.000,83.5939,-77.0327,63
2026-04-24,16:17:14,36481,1,1.0080,1.0134,0.0389,1.1448,4.7744,0,1.0000,126,0,16.9815,0.3794,122.2243,-28.1737,168.1810,0.000,0.000,1.000,83.2138,-76.0147,63
2026-04-24,16:17:14,36969,1,1.0080,1.0695,0.0392,1.1542,4.7663,0,1.0000,126,0,17.0028,-0.4190,121.6682,-22.1395,168.2305,0.000,0.000,1.000,82.6143,-74.1915,63
2026-04-24,16:17:14,36970,1,1.0080,0.9746,0.0267,0.7850,4.7570,0,1.0000,126,0,17.0200,1.2333,121.3570,-16.3358,168.2623,0.000,0.000,1.000,82.0359,-72.1321,63
2026-04-24,16:17:14,36970,1,1.0080,1.0458,0.0292,0.8596,4.7488,0,1.0000,126,0,16.7277,-4.8423,121.0946,-12.2897,168.3138,0.000,0.000,1.000,81.9067,-70.3203,63
2026-04-24,16:17:14,36971,1,1.0080,0.9413,0.0381,1.1211,4.7399,0,1.0000,126,0,16.8606,0.4256,120.9672,-8.8865,168.4249,0.000,0.000,1.000,81.6202,-68.4634,63
2026-04-24,16:17:14,36971,1,1.0080,1.0870,0.0256,0.7524,4.7314,0,1.0000,126,0,16.6816,-2.0677,120.9306,-5.5825,168.4656,0.000,0.000,1.000,81.0176,-65.2540,63
2026-04-24,16:17:14,36972,1,1.0080,1.0521,0.0326,0.9601,4.7231,0,1.0000,126,0,16.7147,-0.7676,120.9744,-3.0537,168.5475,0.000,0.000,1.000,81.1638,-63.4865,63
2026-04-24,16:17:14,36973,1,1.4560,1.0367,0.0331,0.9748,4.7144,0,1.0000,182,1,16.5773,-1.8911,121.1110,-0.1614,168.5804,0.000,0.000,0.998,81.1691,-61.1225,63
2026-04-24,16:17:14,36974,1,1.4560,1.1591,0.0707,2.0799,4.7085,0,1.0000,182,1,16.3543,-5.3029,121.2298,1.0061,168.5660,0.000,0.000,0.996,81.7369,-56.9805,63
2026-04-24,16:17:14,36976,1,1.4560,1.2954,0.0669,1.9679,4.6948,0,1.0000,182,1,15.7172,-10.1000,121.0613,-1.1484,168.5063,0.032,0.000,1.000,81.5598,-43.9218,63
2026-04-24,16:17:14,36977,1,1.4560,1.4997,0.0555,1.6321,4.6821,0,1.0000,182,1,14.8883,-18.4326,120.6603,-4.5832,168.4812,0.096,0.000,1.000,81.6184,-12.0914,63
2026-04-24,16:17:14,36977,1,1.4560,1.4503,0.0700,2.0594,4.6732,0,1.0000,182,1,14.7925,-10.9170,120.7604,-3.5660,168.5234,0.128,0.000,1.000,80.0464,21.5803,63
2026-04-24,16:17:14,36983,1,1.4480,1.5528,0.0345,1.0146,4.6447,0,1.0000,181,1,15.1070,3.1669,120.3720,-11.2412,168.5866,0.176,0.000,1.000,78.8870,36.3467,63
2026-04-24,16:17:14,37018,1,1.4480,1.3656,0.0292,0.8599,4.6327,0,1.0000,181,1,16.0349,32.6914,118.3628,-46.9857,168.3661,0.144,0.000,1.000,78.3445,45.5235,63
2026-04-24,16:17:14,37054,1,1.4480,1.5360,0.0094,0.2777,4.6211,0,1.0000,181,1,17.0756,27.4946,116.0808,-62.9401,168.4522,0.112,0.000,0.998,78.3721,51.5827,63
2026-04-24,16:17:14,37090,1,2.5200,2.0191,0.0608,1.7877,4.6094,0,1.0000,315,1,18.0380,39.8050,114.0197,-65.1935,168.3562,0.080,0.000,1.000,76.9843,54.7659,63
2026-04-24,16:17:14,37126,1,2.5200,2.6146,0.0278,0.8180,4.5898,0,1.0000,315,1,18.1287,-2.7560,112.1223,-60.0206,168.2666,0.048,0.000,1.000,74.4838,53.0342,63
2026-04-24,16:17:14,37162,1,3.7040,2.5100,0.0303,0.8909,4.5701,0,1.0000,463,1,19.2291,28.2882,110.0831,-68.1960,168.3732,0.016,0.000,1.000,70.5788,50.9354,63
2026-04-24,16:17:14,37198,1,4.0880,4.0168,0.0719,2.1155,4.5444,0,1.0000,511,1,19.2999,11.8663,106.6884,-93.7931,168.3425,0.000,0.000,1.000,64.2092,46.2758,63
2026-04-24,16:17:14,37234,1,4.0880,4.0821,0.0815,2.3963,4.5140,0,1.0000,511,1,19.6363,19.9775,104.5755,-71.4337,167.9736,0.000,0.000,1.000,58.3827,43.3093,63
2026-04-24,16:17:14,37270,1,4.0800,4.3533,0.0441,1.2980,4.4811,0,1.0000,510,1,20.2959,16.8222,103.8217,-38.6055,168.2532,0.000,0.000,1.000,48.7975,40.0944,63
2026-04-24,16:17:14,37306,1,7.6720,5.8881,0.0998,2.9340,4.4437,0,1.0000,959,1,21.6625,41.4144,104.0764,-7.8109,168.3786,0.000,0.000,1.000,39.2254,38.4311,63
2026-04-24,16:17:14,37343,1,7.9760,8.2054,0.1011,2.9723,4.3855,0,1.0000,997,1,20.4231,-33.1503,104.6521,9.4335,168.1294,0.000,0.000,1.000,34.2113,37.5343,63
2026-04-24,16:17:15,37378,1,7.9920,8.4422,0.0334,0.9830,4.3214,0,1.0000,999,1,21.8410,36.3579,104.7608,2.5297,168.2107,0.000,0.000,1.000,31.6873,37.3201,63
2026-04-24,16:17:15,37414,1,7.9920,7.8939,0.0347,1.0193,4.2586,0,1.0000,999,1,20.4755,-22.3346,104.9161,6.7493,168.0401,0.000,0.000,1.000,29.0975,36.7499,63
2026-04-24,16:17:15,37450,1,7.9920,7.9372,0.0496,1.4595,4.1984,0,1.0000,999,1,21.2284,11.0559,105.4810,12.4105,167.9400,0.000,0.000,1.000,24.8591,35.3359,63
2026-04-24,16:17:15,37945,1,7.9920,7.8993,0.0573,1.6864,4.1313,0,1.0000,999,1,21.5516,11.3197,105.5903,8.5980,167.7872,0.000,0.000,1.000,21.6349,33.5586,63
2026-04-24,16:17:15,37945,1,7.9920,7.9586,0.0689,2.0276,4.0568,0,1.0000,999,1,21.4472,0.5724,105.4145,3.4706,167.5232,0.000,0.000,1.000,19.9344,32.4121,63
2026-04-24,16:17:15,37947,1,7.9920,7.9824,0.0654,1.9250,3.9992,0,1.0000,999,1,21.3208,-1.7040,104.9981,-1.6684,167.1134,0.000,0.000,1.000,19.9087,32.2793,63
2026-04-24,16:17:15,37947,1,7.9920,7.9479,0.0626,1.8405,3.9417,0,1.0000,999,1,21.2722,-1.1127,104.1675,-9.3629,166.3835,0.000,0.000,1.000,20.8333,33.0211,63
2026-04-24,16:17:15,37949,1,7.9920,7.9679,0.0882,2.5932,3.8689,0,1.0000,999,1,21.8562,8.3236,102.8858,-17.3819,165.8103,0.000,0.000,1.000,22.6202,34.9946,63
2026-04-24,16:17:15,37950,1,7.9920,7.9003,0.0936,2.7528,3.8071,0,1.0000,999,1,21.9626,5.1378,102.3304,-16.8273,165.4780,0.000,0.000,1.000,25.4202,38.5679,63
2026-04-24,16:17:15,37951,1,7.9920,7.9940,0.0869,2.5554,3.7390,0,1.0000,999,1,21.4757,-7.0109,102.1383,-11.6301,165.4068,0.000,0.000,1.000,29.0779,42.0030,63
2026-04-24,16:17:15,37952,1,7.9920,7.9785,0.0959,2.8200,3.6670,0,1.0000,999,1,20.8618,-10.6787,102.2657,-5.8951,165.4710,0.016,0.000,1.000,32.9435,45.3089,63
2026-04-24,16:17:15,37952,1,7.9920,7.9317,0.1148,3.3752,3.6097,0,1.0000,999,1,21.0802,-0.6001,102.1479,-5.1737,165.0548,0.040,0.000,1.000,37.6239,48.8803,63
2026-04-24,16:17:15,37953,1,7.9920,7.9954,0.0955,2.8099,3.5502,0,1.0000,999,1,21.2558,2.8006,101.5305,-9.4913,164.6735,0.016,0.000,1.000,41.6720,51.6073,63
2026-04-24,16:17:15,37954,1,7.9920,7.9362,0.1140,3.3516,3.4952,0,1.0000,999,1,20.9569,-4.2282,100.4546,-16.5376,164.1139,0.000,0.000,1.000,45.4656,53.7121,63
2026-04-24,16:17:15,37955,1,7.9920,7.9960,0.1220,3.5896,3.4766,0,1.0000,999,1,20.0996,-7.4574,98.6173,-18.9626,163.3999,0.000,0.000,1.000,47.7655,54.7737,63
2026-04-24,16:17:15,37958,1,7.9920,7.9712,0.1124,3.3047,3.3364,0,1.0000,999,1,19.8985,2.5528,97.9837,-13.9131,163.1240,0.000,0.000,1.000,50.1755,54.1373,63
2026-04-24,16:17:15,37995,1,7.9920,7.9882,0.1319,3.8783,3.2736,0,1.0000,999,1,20.8859,32.3929,97.2591,-19.8101,163.1747,0.000,0.000,1.000,47.2083,51.2559,63
2026-04-24,16:17:15,38030,1,7.9920,8.0528,0.1117,3.2840,3.2109,0,1.0000,999,1,22.2688,46.8953,95.5866,-38.2650,162.8152,0.000,0.000,1.000,44.0914,48.2047,63
2026-04-24,16:17:15,38066,1,7.9920,7.9758,0.1234,3.6301,3.1504,0,1.0000,999,1,22.9357,20.2694,93.5647,-49.6927,162.3329,0.000,0.000,1.000,40.5183,44.3685,63
2026-04-24,16:17:15,38103,1,7.9920,7.8554,0.1383,4.0664,3.0889,0,1.0000,999,1,23.1627,8.1092,91.4148,-55.1434,161.9645,0.000,0.000,1.000,38.6497,41.1020,63
2026-04-24,16:17:15,38138,1,7.9920,7.9374,0.1504,4.4223,3.0290,0,1.0000,999,1,23.2284,8.4019,89.2196,-58.3553,162.1982,0.000,0.000,1.000,39.2571,38.9332,63
2026-04-24,16:17:15,38174,1,7.9920,7.9360,0.1648,4.8485,2.9681,0,1.0000,999,1,24.3583,31.8538,87.4777,-51.2436,162.7204,0.000,0.000,1.000,39.1179,39.6050,63
2026-04-24,16:17:15,38210,1,7.9920,8.0408,0.1448,4.2587,2.9054,0,1.0000,999,1,25.8419,44.6240,86.0347,-45.4269,163.0453,0.000,0.000,1.000,36.2016,42.1549,63
2026-04-24,16:17:15,38246,1,7.9920,8.0918,0.1165,3.4267,2.8436,0,1.0000,999,1,26.1401,21.7537,84.2300,-50.5553,163.1007,0.000,0.000,1.000,35.0729,45.8630,63
2026-04-24,16:17:15,38282,1,7.9920,8.0045,0.1227,3.6075,2.7816,0,1.0000,999,1,26.7197,22.2899,81.9831,-59.4462,162.4938,0.000,0.000,1.000,35.0550,47.9729,63
2026-04-24,16:17:15,38318,1,-4.1440,2.5392,-0.2099,6.1744,2.7312,0,1.0000,-518,1,27.0871,24.0654,79.6280,-64.0927,155.6285,0.000,0.000,1.000,34.2997,46.0041,63
2026-04-24,16:17:16,38354,1,-4.1440,-0.2059,0.0170,0.5011,2.7364,0,1.0000,-518,1,31.1472,91.2322,77.8401,-54.7482,157.5935,0.000,0.000,1.000,37.5587,43.7576,63
2026-04-24,16:17:16,38391,1,-6.2000,-0.1101,-0.0009,0.0254,2.7363,0,1.0000,-775,1,33.0125,92.8239,77.2220,-28.7773,159.3112,0.000,0.000,0.998,40.5154,43.8305,63
2026-04-24,16:17:16,38427,1,-7.9600,-0.3192,0.0349,1.0279,2.7374,0,1.0000,-995,1,33.6388,-25.6708,76.9757,-16.9001,159.8033,0.000,0.000,1.000,41.6578,41.2805,63
2026-04-24,16:17:16,38922,1,-7.9600,-0.2483,0.0981,2.8856,2.7419,0,1.0000,-995,1,24.9152,-157.8791,70.6836,-70.6948,155.4445,0.016,0.000,1.000,35.3264,35.3006,63
2026-04-24,16:17:16,38924,1,-7.9840,0.0385,0.0204,0.6001,2.7416,0,1.0000,-998,1,24.1087,-52.8542,64.3027,-101.3058,126.8366,0.056,0.000,1.000,27.8133,30.9579,63
2026-04-24,16:17:16,38925,1,-7.9840,0.0072,0.0150,0.4406,2.7419,0,1.0000,-998,1,30.1288,82.6350,63.8983,-62.7396,102.5421,0.024,0.000,1.000,21.1418,27.1367,63
2026-04-24,16:17:16,38926,1,-7.9840,-0.1054,0.0228,0.6710,2.7423,0,1.0000,-998,1,35.3427,121.8617,66.8219,-14.2809,94.5943,0.000,0.000,1.000,19.8541,26.0858,63
2026-04-24,16:17:16,38927,1,-7.9840,-0.3421,0.0303,0.8925,2.7447,0,1.0000,-998,1,37.4923,64.9903,71.1262,33.9335,96.6542,0.000,0.000,1.000,18.0712,24.1549,63
2026-04-24,16:17:16,38927,1,-7.9840,-0.3445,0.0217,0.6390,2.7473,0,1.0000,-998,1,35.3995,-11.0642,73.3756,44.3423,102.5403,0.000,0.000,1.000,17.2240,22.0863,63
2026-04-24,16:17:16,38928,1,-7.9840,-0.0798,0.0257,0.7548,2.7489,0,1.0000,-998,1,31.0662,-79.0642,72.7726,24.1126,105.8757,0.000,0.000,1.000,16.3180,19.5191,63
2026-04-24,16:17:16,38930,1,-7.9840,-0.0248,0.0086,0.2519,2.7489,0,1.0000,-998,1,29.3729,-59.2776,70.7272,-2.7955,107.6867,0.000,0.000,0.999,16.1108,18.6882,63
2026-04-24,16:17:16,38931,1,-7.9840,-0.1015,0.0205,0.6035,2.7494,0,1.0000,-998,1,32.5119,34.8986,68.1991,-24.9736,109.3595,0.000,0.000,1.000,15.4344,18.5213,63
2026-04-24,16:17:16,38932,1,-7.9840,-0.4277,0.0406,1.1938,2.7515,0,1.0000,-998,1,36.0680,73.9028,66.7867,-30.2167,111.4188,0.000,0.000,1.000,15.7319,19.1884,63
2026-04-24,16:17:16,38932,1,-7.9840,-0.4929,0.0392,1.1536,2.7545,0,1.0000,-998,1,36.7291,40.0347,66.0207,-27.7525,114.2250,0.000,0.000,1.000,16.5094,20.2047,63
2026-04-24,16:17:16,38933,1,-7.9840,-0.6193,0.0382,1.1235,2.7568,0,1.0000,-998,1,33.3060,2.9982,65.3389,-24.2685,116.4684,0.000,0.000,1.000,16.9848,22.1161,63
2026-04-24,16:17:16,38933,1,-7.9840,-0.4919,0.0257,0.7546,2.7668,0,1.0000,-998,1,33.2301,4.4681,65.1465,-18.0691,119.4925,0.000,0.000,1.000,17.1976,24.0911,63
2026-04-24,16:17:16,38965,1,-7.9840,-0.5819,0.0316,0.9280,2.7708,0,1.0000,-998,1,36.1385,88.5273,65.2245,-6.3632,126.6551,0.000,0.000,1.000,17.9807,25.9120,63
2026-04-24,16:17:16,39001,1,-7.9840,-0.5975,0.0336,0.9884,2.7759,0,1.0000,-998,1,38.4345,69.5045,64.4314,-17.3024,132.0217,0.000,0.000,1.000,19.9154,28.1714,63
2026-04-24,16:17:16,39037,1,-7.9840,-0.4641,0.0466,1.3696,2.7805,0,1.0000,-998,1,39.6588,40.8947,63.0170,-33.3546,136.3006,0.000,0.000,1.000,20.8596,28.3274,63
2026-04-24,16:17:16,39073,1,-7.9840,-0.2768,0.0187,0.5513,2.7832,0,1.0000,-998,1,39.9214,18.3585,61.2432,-43.5282,140.0024,0.000,0.000,1.000,20.1807,27.1720,63
2026-04-24,16:17:16,39109,1,-7.9840,-0.0701,0.0329,0.9676,2.7850,0,1.0000,-998,1,41.4184,55.6452,59.7422,-41.4400,144.1318,0.000,0.000,1.000,18.5872,25.8346,63
2026-04-24,16:17:16,39145,1,-7.9840,-0.3519,0.0314,0.9239,2.7864,0,1.0000,-998,1,43.8210,85.1553,59.0359,-26.1435,148.0168,0.000,0.000,1.000,17.3952,25.2608,63
2026-04-24,16:17:16,39181,1,-7.9840,-0.4729,0.0245,0.7197,2.7897,0,1.0000,-998,1,46.6064,83.3325,58.5671,-17.8261,151.2563,0.000,0.000,1.000,15.5291,24.7564,63
2026-04-24,16:17:16,39218,1,-7.9840,-0.2261,0.0236,0.6951,2.7913,0,1.0000,-998,1,47.6696,30.1035,58.0412,-15.8995,153.7736,0.000,0.000,1.000,12.7850,23.6361,63
2026-04-24,16:17:16,39253,1,-7.9840,-0.1804,0.0131,0.3841,2.7934,0,1.0000,-998,1,47.9159,9.2343,57.4811,-15.9514,155.4354,0.000,0.000,1.000,11.7066,21.3490,63
2026-04-24,16:17:16,39289,1,-7.9840,-0.1026,0.0277,0.8136,2.7946,0,1.0000,-998,1,47.4731,-8.1687,56.3561,-26.8218,156.2732,0.000,0.000,1.000,11.8730,17.4294,63
2026-04-24,16:17:16,39326,1,-7.9840,-0.4897,0.0431,1.2677,2.7969,0,1.0000,-998,1,45.9875,-32.1916,54.4443,-43.4237,155.5961,0.000,0.000,1.000,13.3117,13.9496,63
2026-04-24,16:17:17,39362,1,-7.9840,-0.6113,0.0609,1.7912,2.8019,0,1.0000,-998,1,47.0698,56.9249,52.5049,-48.2882,140.9975,0.000,0.000,1.000,15.1275,12.3725,63
2026-04-24,16:17:17,40318,1,-7.9840,-0.7264,0.0501,1.4735,2.8080,0,1.0000,-998,1,49.0360,53.6743,51.0176,-43.6354,113.5530,0.000,0.000,1.000,15.1176,12.4750,63
2026-04-24,16:17:17,40319,1,-7.9840,-0.9119,0.0451,1.3263,2.8153,0,1.0000,-998,1,51.4504,55.3115,50.7414,-28.4397,89.5562,0.000,0.000,1.000,10.3676,14.7114,63
2026-04-24,16:17:17,40319,1,-7.9840,-0.5483,0.0292,0.8574,2.8199,0,1.0000,-998,1,52.3238,37.6964,50.8789,-18.0267,87.6804,0.000,0.000,1.000,3.8633,17.6122,63
2026-04-24,16:17:17,40320,1,-7.9840,-0.1509,0.0173,0.5074,2.8236,0,1.0000,-998,1,52.9603,26.2060,51.0071,-11.1559,92.7874,0.000,0.000,1.000,0.2043,19.5413,63
2026-04-24,16:17:17,40320,1,-7.9840,-0.0072,0.0095,0.2787,2.8237,0,1.0000,-998,1,53.3528,16.1025,50.9400,-7.3070,98.9549,0.000,0.000,0.997,-2.9627,20.8030,63
2026-04-24,16:17:17,40321,1,-7.9840,-0.0211,0.0102,0.2989,2.8237,0,1.0000,-998,1,53.8613,11.3206,50.6389,-7.3065,104.0539,0.000,0.000,0.994,-2.5069,19.6618,63
2026-04-24,16:17:17,40322,1,-7.9840,-0.3526,0.0473,1.3903,2.8255,0,1.0000,-998,1,51.6186,-36.7453,48.6065,-24.5316,105.0760,0.000,0.000,1.000,0.3783,17.7188,63
2026-04-24,16:17:17,40323,1,-7.9840,-0.4537,0.0654,1.9248,2.8286,0,1.0000,-998,1,50.6866,-28.1607,46.0032,-41.0797,96.2218,0.032,0.000,1.000,3.1581,15.3293,63
2026-04-24,16:17:17,40324,1,-7.9840,-0.4852,0.0617,1.8161,2.8322,0,1.0000,-998,1,53.4620,39.7150,44.2402,-44.0768,77.0948,0.056,0.000,1.000,5.4026,11.9293,63
2026-04-24,16:17:17,40326,1,-7.9840,-0.5590,0.0444,1.3054,2.8377,0,1.0000,-998,1,58.3789,89.2138,43.7735,-30.3636,53.8904,0.024,0.000,1.000,4.7377,9.3473,63
2026-04-24,16:17:17,40326,1,-7.9840,-0.7712,0.0376,1.1062,2.8431,0,1.0000,-998,1,58.8434,45.6738,43.9234,-19.3184,39.2104,0.000,0.000,1.000,0.3448,5.6665,63
2026-04-24,16:17:17,40327,1,-7.9840,-0.6583,0.0262,0.7698,2.8547,0,1.0000,-998,1,58.3232,12.9251,44.1827,-10.7752,33.3938,0.000,0.000,1.000,-2.3202,5.0627,63
2026-04-24,16:17:17,40328,1,-7.9840,-0.2758,0.0584,1.7182,2.8585,0,1.0000,-998,1,59.1077,19.4218,44.5703,-3.6460,35.0437,0.000,0.000,1.000,-4.3546,5.0771,63
2026-04-24,16:17:17,40329,1,-7.9840,-0.0289,0.0273,0.8031,2.8589,0,1.0000,-998,1,59.9189,22.3548,44.7740,-0.6118,42.9669,0.000,0.000,1.000,-6.6246,5.7227,63
2026-04-24,16:17:17,40329,1,-7.9840,-0.2625,0.0172,0.5067,2.8601,0,1.0000,-998,1,61.0378,29.5217,44.8802,0.6251,50.2979,0.000,0.000,1.000,-7.2529,6.9406,63
2026-04-24,16:17:17,40330,1,-7.9840,-0.2226,0.0357,1.0508,2.8619,0,1.0000,-998,1,61.4301,17.6633,44.6616,-1.7566,56.3530,0.000,0.000,1.000,-7.3502,8.1814,63
2026-04-24,16:17:17,40331,1,-7.9840,-0.3844,0.0420,1.2343,2.8644,0,1.0000,-998,1,60.9919,-1.4759,43.8149,-9.3136,60.7167,0.000,0.000,1.000,-6.5373,10.3245,63
2026-04-24,16:17:17,40331,1,-7.9840,-0.6502,0.0477,1.4024,2.8694,0,1.0000,-998,1,60.1103,-12.3417,41.8962,-23.6354,63.9793,0.000,0.000,1.000,-4.7371,11.2331,63
2026-04-24,16:17:17,40332,1,-7.9840,-0.8181,0.0426,1.2533,2.8750,0,1.0000,-998,1,61.2100,14.3245,40.2355,-30.1263,44.2605,0.000,0.000,1.000,-3.7171,11.0801,63
2026-04-24,16:17:17,40333,1,-7.9840,-0.9563,0.0341,1.0037,2.8838,0,1.0000,-998,1,64.0017,50.1814,39.3327,-26.3066,22.6359,0.000,0.000,1.000,-4.0338,11.0558,63
2026-04-24,16:17:17,40334,1,-7.9840,-0.6070,0.0602,1.7701,2.8896,0,1.0000,-998,1,64.9985,36.0154,39.0461,-20.5776,8.4131,0.000,0.000,1.000,-4.9369,10.7866,63
2026-04-24,16:17:17,40336,1,-7.9840,-0.4251,0.0259,0.7609,2.8924,0,1.0000,-998,1,64.4397,6.0855,38.9462,-14.9137,-3.5205,0.000,0.000,1.000,-6.5007,10.1259,63
2026-04-24,16:17:17,40337,1,-7.9840,-0.3309,0.0158,0.4642,2.8956,0,1.0000,-998,1,64.4749,3.8175,39.1147,-8.5874,-13.9601,0.000,0.000,1.000,-7.9594,9.1522,63
2026-04-24,16:17:17,40339,1,-7.9840,-0.0151,0.0291,0.8545,2.9019,0,1.0000,-998,1,64.9212,5.0669,39.3809,-4.9937,-6.7407,0.000,0.000,1.000,-8.6596,9.3829,63
2026-04-24,16:17:18,40361,1,-7.9840,-0.0445,0.0089,0.2620,2.9020,0,1.0000,-998,1,65.2033,18.4503,39.8289,7.0716,5.7578,0.000,0.000,0.999,-8.6393,9.0114,63
2026-04-24,16:17:18,40856,1,-7.9840,-0.0889,0.0245,0.7217,2.9022,0,1.0000,-998,1,65.2891,8.6089,39.5830,2.2065,14.4908,0.000,0.000,1.000,-7.2567,8.2324,63
2026-04-24,16:17:18,40857,1,-7.9840,-0.3171,0.0433,1.2733,2.9042,0,1.0000,-998,1,65.1902,2.3699,38.6773,-6.4303,21.1402,0.000,0.000,1.000,-5.6426,7.9494,63
2026-04-24,16:17:18,40857,1,-7.9840,-0.4319,0.0341,1.0038,2.9073,0,1.0000,-998,1,65.8401,13.4768,37.6878,-13.1553,2.4807,0.000,0.000,1.000,-5.1209,6.8177,63
2026-04-24,16:17:18,40859,1,-7.9840,-0.4372,0.0358,1.0525,2.9102,0,1.0000,-998,1,66.9903,25.9123,37.3427,-12.1623,-9.7232,0.000,0.000,1.000,-5.1858,5.8417,63
2026-04-24,16:17:18,40860,1,-7.9840,-0.1333,0.0153,0.4500,2.9124,0,1.0000,-998,1,68.1593,26.1525,37.4031,-6.4705,-23.9500,0.000,0.000,1.000,-6.2297,4.7914,63
2026-04-24,16:17:18,40861,1,-7.9840,-0.0076,0.0216,0.6347,2.9130,0,1.0000,-998,1,68.3376,12.0553,37.5892,-2.6667,-26.2313,0.000,0.000,1.000,-7.3470,4.0847,63
2026-04-24,16:17:18,40861,1,-7.9840,-0.0386,0.0173,0.5074,2.9134,0,1.0000,-998,1,67.6201,-7.7945,37.7903,0.2878,-31.3837,0.000,0.000,1.000,-7.7836,3.3589,63
2026-04-24,16:17:18,40862,1,-7.9840,-0.1012,0.0232,0.6829,2.9139,0,1.0000,-998,1,66.6073,-18.2007,37.8212,0.4446,-15.1565,0.000,0.000,1.000,-7.6332,2.7887,63
2026-04-24,16:17:18,40862,1,-7.9840,-0.0762,0.0131,0.3859,2.9142,0,1.0000,-998,1,65.8026,-20.4130,37.6602,-1.1586,-4.1198,0.000,0.000,1.000,-7.4819,2.4374,63
2026-04-24,16:17:18,40863,1,-7.9840,-0.0013,0.0168,0.4932,2.9146,0,1.0000,-998,1,65.3920,-15.6627,37.4313,-3.0989,-0.8424,0.000,0.000,1.000,-7.3967,1.7318,63
2026-04-24,16:17:18,40864,1,-7.9840,-0.0001,0.0117,0.3444,2.9147,0,1.0000,-998,1,65.2336,-7.0117,36.9671,-6.1433,4.8192,0.000,0.000,1.000,-8.0749,1.2696,63
2026-04-24,16:17:18,40865,1,-7.9840,-0.0015,0.0127,0.3733,2.9147,0,1.0000,-998,1,65.2905,-4.9624,35.9515,-7.9450,5.7899,0.000,0.000,1.000,-8.3927,1.5642,63
2026-04-24,16:17:18,40867,1,-7.9840,-0.0067,0.0124,0.3637,2.9147,0,1.0000,-998,1,65.2129,-5.6193,35.1694,-10.3788,16.6142,0.000,0.000,1.000,-8.1003,2.0005,63
2026-04-24,16:17:18,40903,1,-7.9840,-0.0016,0.0129,0.3793,2.9147,0,1.0000,-998,1,64.9862,-5.2766,34.4541,-15.6823,38.0199,0.000,0.000,1.000,-8.1443,2.4118,63
2026-04-24,16:17:18,40939,1,-7.9840,-0.0017,0.0124,0.3637,2.9147,0,1.0000,-998,1,64.6474,-10.7256,33.5282,-21.0974,56.0053,0.000,0.000,1.000,-8.4147,3.1717,63
2026-04-24,16:17:18,40976,1,-7.9840,0.0029,0.0129,0.3782,2.9147,0,1.0000,-998,1,64.0978,-15.3987,32.3259,-27.6346,70.6880,0.000,0.000,1.000,-8.4621,3.6082,63
2026-04-24,16:17:18,41012,1,-7.9840,-0.0202,0.0153,0.4493,2.9148,0,1.0000,-998,1,63.4893,-15.5680,30.9880,-32.8068,82.6723,0.000,0.000,1.000,-8.3348,4.3038,63
2026-04-24,16:17:18,41048,1,-7.9840,-0.1091,0.0153,0.4511,2.9152,0,1.0000,-998,1,63.1399,-2.3857,29.4362,-38.4895,71.2990,0.000,0.000,1.000,-7.8712,4.9067,63
2026-04-24,16:17:18,41084,1,-7.9840,-0.1177,0.0206,0.6058,2.9159,0,1.0000,-998,1,63.8119,26.4773,27.7891,-42.5125,29.0453,0.000,0.000,1.000,-7.5817,5.4254,63
2026-04-24,16:17:18,41120,1,-7.9840,-0.2707,0.0203,0.5978,2.9178,0,1.0000,-998,1,65.2451,41.1125,26.1416,-44.5818,-6.8763,0.000,0.000,1.000,-7.7586,5.8496,63
2026-04-24,16:17:18,41156,1,-7.9840,-0.2847,0.0220,0.6481,2.9204,0,1.0000,-998,1,66.2695,25.5269,24.3896,-47.8010,-3.1237,0.000,0.000,1.000,-8.4959,5.6854,63
2026-04-24,16:17:18,41193,1,-7.9840,-0.3473,0.0248,0.7296,2.9231,0,1.0000,-998,1,67.1577,22.9279,22.5777,-49.9846,-0.1110,0.000,0.000,1.000,-9.2246,5.4069,63
2026-04-24,16:17:18,41228,1,-7.9840,-0.4359,0.0143,0.4204,2.9264,0,1.0000,-998,1,67.8000,12.9028,20.6592,-53.3875,9.3970,0.000,0.000,1.000,-10.9758,5.2041,63
2026-04-24,16:17:18,41265,1,-7.9840,-0.0485,0.0240,0.7069,2.9274,0,1.0000,-998,1,67.1728,-19.2089,18.4150,-59.1534,28.9827,0.000,0.000,1.000,-12.0241,4.6409,63
2026-04-24,16:17:18,41301,1,-7.9840,-0.0712,0.0242,0.7125,2.9282,0,1.0000,-998,1,67.8689,19.1817,16.2379,-60.5028,39.6594,0.000,0.000,1.000,-13.4769,3.3897,63
2026-04-24,16:17:19,41802,1,-7.9840,-0.2802,0.0231,0.6788,2.9296,0,1.0000,-998,1,68.7169,20.4065,14.0585,-57.5465,44.1316,0.000,0.000,1.000,-13.5974,2.8024,63
2026-04-24,16:17:19,41803,1,-7.9840,-0.1454,0.0270,0.7935,2.9311,0,1.0000,-998,1,68.3632,0.8284,11.9359,-59.8126,45.9950,0.000,0.000,1.000,-13.0749,2.1853,63
2026-04-24,16:17:19,41804,1,-7.9840,-0.1489,0.0336,0.9893,2.9322,0,1.0000,-998,1,67.8287,-7.0168,9.4253,-64.1918,39.7890,0.000,0.000,1.000,-13.1669,2.4445,63
2026-04-24,16:17:19,41805,1,-7.9840,-0.1545,0.0060,0.1765,2.9330,0,1.0000,-998,1,68.7377,15.1963,7.5014,-62.6888,28.1961,0.000,0.000,0.999,-14.3323,2.3149,63
2026-04-24,16:17:19,41805,1,-7.9840,-0.1649,0.0238,0.7011,2.9339,0,1.0000,-998,1,71.5623,48.2593,5.9431,-51.2469,20.3201,0.000,0.000,1.000,-16.4047,1.5839,63
2026-04-24,16:17:19,41806,1,-7.9840,-0.2873,0.0209,0.6149,2.9358,0,1.0000,-998,1,72.6793,36.2451,5.2840,-40.9235,27.0636,0.000,0.000,1.000,-16.7104,1.5205,63
2026-04-24,16:17:19,41807,1,-7.9840,-0.2854,0.0250,0.7365,2.9383,0,1.0000,-998,1,72.3843,9.2120,4.8271,-31.7858,34.5008,0.000,0.000,1.000,-16.8420,0.6697,63
2026-04-24,16:17:19,41807,1,-7.9840,-0.5542,0.0290,0.8536,2.9429,0,1.0000,-998,1,71.8765,-3.2925,4.5784,-21.3525,44.7434,0.000,0.000,1.000,-16.9644,-0.9066,63
2026-04-24,16:17:19,41809,1,-7.9840,-0.2296,0.0287,0.8449,2.9452,0,1.0000,-998,1,72.2421,5.0025,4.4604,-15.6359,51.6228,0.000,0.000,1.000,-18.3665,-2.2454,63
2026-04-24,16:17:19,41810,1,-7.9840,-0.0004,0.0064,0.1896,2.9452,0,1.0000,-998,1,72.5524,7.5596,4.1463,-13.5298,58.0816,0.000,0.000,0.999,-20.6475,-3.5989,63
2026-04-24,16:17:19,41811,1,-7.9840,0.0095,0.0088,0.2576,2.9451,0,1.0000,-998,1,73.2403,15.9370,3.8729,-11.8184,64.2056,0.000,0.000,0.997,-22.6125,-3.7091,63
2026-04-24,16:17:19,41811,1,-7.9840,0.0095,0.0073,0.2138,2.9451,0,1.0000,-998,1,77.1163,30.7811,3.8328,-9.8007,67.3454,0.000,0.000,0.995,-24.1693,-0.3270,63
2026-04-24,16:17:19,41812,1,-7.9840,-0.0104,0.0102,0.3004,2.9452,0,1.0000,-998,1,76.7415,5.7657,2.3527,-18.6658,71.2717,0.000,0.000,1.000,-24.3920,2.8672,63
2026-04-24,16:17:19,41845,1,-7.9840,-0.0091,0.0107,0.3159,2.9452,0,1.0000,-998,1,73.2199,-99.1269,0.2520,-44.6271,84.0857,0.000,0.000,1.000,-23.8049,8.4177,63
2026-04-24,16:17:19,41881,1,-7.9840,0.0082,0.0098,0.2882,2.9452,0,1.0000,-998,1,70.4721,-94.1088,-1.3914,-45.2502,95.6646,0.000,0.000,0.997,-22.9753,9.5771,63
2026-04-24,16:17:19,41916,1,-7.9840,0.0126,0.0078,0.2281,2.9452,0,1.0000,-998,1,67.7936,-90.7952,-2.3864,-34.0810,106.7572,0.000,0.000,0.994,-22.2705,9.7596,63
2026-04-24,16:17:19,41952,1,-7.9840,0.0034,0.0098,0.2882,2.9452,0,1.0000,-998,1,64.9438,-94.4167,-2.6689,-17.5569,116.7387,0.000,0.000,0.990,-19.9829,9.1707,63
2026-04-24,16:17:19,41988,1,-7.9840,0.0092,0.0098,0.2882,2.9452,0,1.0000,-998,1,62.2483,-84.0260,-2.8581,-10.9635,124.8847,0.000,0.000,0.996,-18.1539,6.7912,63
2026-04-24,16:17:19,42024,1,-7.9840,0.0002,0.0096,0.2821,2.9452,0,1.0000,-998,1,59.9246,-74.3956,-2.9325,-6.3186,131.9854,0.000,0.000,0.993,-17.4214,5.6292,63
2026-04-24,16:17:19,42060,1,-7.9840,-0.0076,0.0091,0.2681,2.9452,0,1.0000,-998,1,58.3048,-52.9342,-2.8209,-0.8287,138.0128,0.000,0.000,0.990,-15.2123,2.0110,63
2026-04-24,16:17:19,42096,1,-7.9840,0.0024,0.0091,0.2681,2.9452,0,1.0000,-998,1,57.1066,-40.6055,-2.6422,1.7464,143.3419,0.000,0.000,0.986,-12.8460,-0.9924,63
2026-04-24,16:17:19,42132,1,-7.9840,0.0054,0.0073,0.2157,2.9452,0,1.0000,-998,1,56.0937,-36.5977,-2.3822,4.0997,148.0251,0.000,0.000,0.983,-11.6121,-2.5412,63
2026-04-24,16:17:19,42168,1,-7.9840,0.0003,0.0081,0.2389,2.9451,0,1.0000,-998,1,55.4198,-24.6166,-2.0004,7.5705,152.1648,0.000,0.000,0.980,-9.1110,-4.8863,63
2026-04-24,16:17:19,42204,1,-7.9840,0.0126,0.0094,0.2775,2.9451,0,1.0000,-998,1,54.7066,-29.8678,-1.4577,10.7822,155.7478,0.000,0.000,0.977,-6.5429,-7.0352,63
2026-04-24,16:17:19,42240,1,-7.9840,0.0159,0.0072,0.2117,2.9451,0,1.0000,-998,1,53.7439,-36.2301,-0.9147,11.9747,158.5613,0.000,0.000,0.974,-4.2152,-8.8421,63
2026-04-24,16:17:20,42736,1,-7.9840,0.0044,0.0054,0.1591,2.9450,0,1.0000,-998,1,54.2146,-3.4162,-0.1532,14.5209,160.1001,0.000,0.000,0.970,-2.5003,-10.4510,63
2026-04-24,16:17:20,42737,1,-7.9840,0.0029,0.0024,0.0710,2.9448,0,1.0000,-998,1,54.5693,4.3746,0.2347,12.1199,161.1227,0.000,0.000,0.967,-1.6106,-11.6917,63
2026-04-24,16:17:20,42738,1,-7.9840,0.0016,0.0038,0.1115,2.9448,0,1.0000,-998,1,54.8966,7.6282,0.2743,8.5960,161.6663,0.000,0.000,0.965,-1.1335,-12.0272,63
2026-04-24,16:17:20,42739,1,-7.9840,-0.0116,0.0028,0.0817,2.9448,0,1.0000,-998,1,55.0925,4.9737,0.2784,5.8389,162.1563,0.000,0.000,0.962,-0.0386,-13.1525,63
2026-04-24,16:17:20,42739,1,-7.9840,-0.0064,0.0029,0.0845,2.9448,0,1.0000,-998,1,54.1395,-15.1124,0.1858,3.0892,162.6978,0.000,0.000,0.960,3.2348,-14.5591,63
2026-04-24,16:17:20,42740,1,-7.9840,-0.0238,0.0037,0.1098,2.9449,0,1.0000,-998,1,52.6222,-34.8076,0.2234,2.5755,163.5125,0.000,0.000,0.958,5.5246,-15.7272,63
2026-04-24,16:17:20,42740,1,-7.9840,-0.0846,0.0177,0.5200,2.9454,0,1.0000,-998,1,45.2215,-138.4118,1.1660,10.6102,152.2753,0.000,0.000,0.972,10.6192,-17.8887,63
2026-04-24,16:17:20,42741,1,-7.9840,-0.0852,0.0104,0.3071,2.9459,0,1.0000,-998,1,37.5634,-173.8225,3.5404,28.6403,151.2931,0.000,0.000,0.996,13.7878,-18.8333,63
2026-04-24,16:17:20,42742,1,-7.9840,-0.0479,0.0075,0.2195,2.9462,0,1.0000,-998,1,36.8556,-57.8251,6.4970,43.8130,156.2278,0.000,0.000,0.999,16.9609,-20.6331,63
2026-04-24,16:17:20,42743,1,-7.9840,-0.0053,0.0143,0.4204,2.9463,0,1.0000,-998,1,39.4284,20.3132,7.1776,36.0834,157.3017,0.000,0.000,1.000,19.7663,-22.4585,63
2026-04-24,16:17:20,42743,1,-7.9840,0.0075,0.0112,0.3280,2.9463,0,1.0000,-998,1,42.4079,60.4320,6.5009,17.9516,157.1775,0.000,0.000,1.000,20.3024,-22.2030,63
2026-04-24,16:17:20,42744,1,-7.9840,0.0078,0.0131,0.3845,2.9463,0,1.0000,-998,1,46.3293,66.1826,5.8855,14.2260,156.1292,0.000,0.000,1.000,20.1049,-20.7570,63
2026-04-24,16:17:20,42746,1,-7.9840,0.0028,0.0126,0.3712,2.9463,0,1.0000,-998,1,47.3956,50.9831,4.1613,-0.1530,155.0522,0.000,0.000,1.000,19.3256,-19.7256,63
2026-04-24,16:17:20,42772,1,-7.9840,0.0050,0.0123,0.3631,2.9463,0,1.0000,-998,1,45.7023,-45.7729,1.9790,-34.8705,156.0047,0.000,0.000,1.000,16.4925,-19.7044,63
2026-04-24,16:17:20,42808,1,-7.9840,0.0111,0.0116,0.3412,2.9462,0,1.0000,-998,1,44.2035,-42.3240,0.6536,-34.3601,157.2899,0.000,0.000,1.000,14.8988,-20.1612,63
2026-04-24,16:17:20,42845,1,-7.9840,0.0045,0.0121,0.3558,2.9462,0,1.0000,-998,1,43.7968,-4.0242,0.0679,-20.5060,158.8525,0.000,0.000,1.000,13.5188,-21.5852,63
2026-04-24,16:17:20,42880,1,-7.9840,0.0124,0.0101,0.2969,2.9462,0,1.0000,-998,1,44.1062,5.4953,0.1672,-3.3511,160.4375,0.000,0.000,0.998,12.3282,-24.7117,63
2026-04-24,16:17:20,42916,1,-7.9840,0.0000,0.0083,0.2429,2.9461,0,1.0000,-998,1,44.7121,16.5709,0.5896,7.5640,162.1904,0.000,0.000,0.999,11.6434,-28.7968,63
2026-04-24,16:17:20,42952,1,-7.9840,0.0087,0.0080,0.2360,2.9460,0,1.0000,-998,1,45.5501,24.1550,1.5400,23.2615,163.3420,0.000,0.000,0.996,11.7049,-31.7447,63
2026-04-24,16:17:20,42988,1,-7.9840,0.0049,0.0076,0.2235,2.9460,0,1.0000,-998,1,46.3408,11.3024,2.5219,26.3589,164.4145,0.000,0.000,0.993,12.0212,-34.1447,63
2026-04-24,16:17:20,43024,1,-7.9840,0.0120,0.0075,0.2207,2.9459,0,1.0000,-998,1,46.6535,4.5142,3.0284,18.2772,165.3779,0.000,0.000,0.990,11.8684,-32.6435,63
2026-04-24,16:17:20,43060,1,-7.9840,0.0009,0.0061,0.1789,2.9459,0,1.0000,-998,1,46.4870,-17.1383,3.2937,10.5682,166.0915,0.000,0.000,0.986,12.2079,-30.9586,63
2026-04-24,16:17:20,43096,1,-7.9840,0.0255,0.0037,0.1081,2.9458,0,1.0000,-998,1,45.6921,-31.8647,3.3440,3.9022,166.7891,0.000,0.000,0.983,12.5509,-29.3770,63
2026-04-24,16:17:20,43132,1,-7.9840,0.0342,-0.0007,0.0215,2.9455,0,1.0000,-998,1,44.3455,-47.7261,3.3091,0.2602,167.2983,0.000,0.000,0.980,12.9916,-28.5443,63
2026-04-24,16:17:20,43168,1,-7.9840,-0.0044,-0.0028,0.0819,2.9455,0,1.0000,-998,1,42.7000,-52.0940,3.2466,-1.0440,167.8126,0.000,0.000,0.977,13.2730,-26.3054,63
2026-04-24,16:17:21,43662,1,-7.9840,0.0071,-0.0042,0.1247,2.9454,0,1.0000,-998,1,41.9628,-28.7446,3.2301,-0.7856,168.0413,0.000,0.000,0.974,13.2339,-24.2633,63
2026-04-24,16:17:21,43663,1,-7.9840,0.0058,-0.0026,0.0757,2.9454,0,1.0000,-998,1,41.2575,-20.4874,3.1872,-0.9053,168.2092,0.000,0.000,0.970,12.5940,-19.4404,63
2026-04-24,16:17:21,43663,1,-7.9840,-0.0083,-0.0032,0.0928,2.9454,0,1.0000,-998,1,40.7687,-17.6708,3.1521,-0.9682,168.3589,0.000,0.000,0.968,11.3558,-14.0092,63
2026-04-24,16:17:21,43664,1,-7.9840,-0.0085,-0.0031,0.0922,2.9454,0,1.0000,-998,1,40.3220,-15.0248,3.0853,-1.3012,168.4719,0.000,0.000,0.966,8.6208,-6.7497,63
2026-04-24,16:17:21,43665,1,-7.9840,-0.0007,-0.0039,0.1139,2.9454,0,1.0000,-998,1,39.7669,-13.5210,3.0075,-1.4975,168.6412,0.000,0.000,0.962,5.1594,0.9641,63
2026-04-24,16:17:21,43666,1,-7.9840,-0.0010,-0.0031,0.0916,2.9454,0,1.0000,-998,1,39.2504,-12.6441,2.9622,-1.3228,168.7941,0.000,0.000,0.959,1.5854,8.0174,63
2026-04-24,16:17:21,43667,1,-7.9840,0.0040,-0.0032,0.0929,2.9454,0,1.0000,-998,1,38.7638,-11.4513,2.9389,-1.0019,168.9180,0.000,0.000,0.956,-2.4747,16.5713,63
2026-04-24,16:17:21,43668,1,-7.9840,-0.0011,-0.0041,0.1197,2.9454,0,1.0000,-998,1,38.4234,-10.5589,2.9261,-0.8062,169.0083,0.000,0.000,0.954,-4.6275,21.0452,63
2026-04-24,16:17:21,43669,1,-7.9840,0.0041,-0.0046,0.1348,2.9454,0,1.0000,-998,1,38.1161,-9.5114,2.9104,-0.6816,169.0939,0.000,0.000,0.951,-5.4404,24.4583,63
2026-04-24,16:17:21,43669,1,-0.4080,0.0018,-0.0038,0.1132,2.9454,0,1.0000,-51,1,37.8104,-9.2267,2.9152,-0.4245,169.1653,0.000,0.000,0.949,-5.1608,26.5963,63
2026-04-24,16:17:21,43670,1,3.9680,0.0045,-0.0027,0.0800,2.9454,0,1.0000,496,1,37.2268,-15.5094,2.9144,-0.3006,169.2385,0.000,0.000,0.946,-3.9912,30.9570,63
2026-04-24,16:17:21,43670,1,4.0800,1.9824,0.1856,5.4586,2.9424,0,1.0000,510,1,37.1717,-11.8973,2.5530,-1.0984,169.0900,0.016,0.000,0.954,-3.3253,33.6178,63
2026-04-24,16:17:21,43674,1,4.0880,4.0139,0.0263,0.7733,2.8692,0,1.0000,511,1,36.7482,-15.1834,2.2621,-3.4915,168.7861,0.000,0.000,0.970,-3.0659,38.8002,63
2026-04-24,16:17:21,43710,1,4.0880,4.0164,0.0363,1.0667,2.8371,0,1.0000,511,1,34.8284,-59.8655,1.6834,-12.9701,168.6284,0.016,0.000,1.000,-1.4782,39.3731,63
2026-04-24,16:17:21,43747,1,4.0880,4.1987,0.0188,0.5533,2.8050,0,1.0000,511,1,32.5107,-58.2008,0.7272,-20.2223,168.3283,0.008,0.000,1.000,1.3249,37.4937,63
2026-04-24,16:17:21,43783,1,4.0880,4.1059,0.0138,0.4056,2.7732,0,1.0000,511,1,32.0574,2.6200,0.0654,-17.9377,168.1301,0.000,0.000,1.000,3.9055,37.4620,63
2026-04-24,16:17:21,43819,1,4.0880,4.1392,0.0078,0.2306,2.7417,0,1.0000,511,1,33.5499,42.3591,-0.1984,-10.2615,167.8816,0.000,0.000,0.999,6.4741,34.6088,63
2026-04-24,16:17:21,43855,1,4.1040,4.1388,0.0181,0.5310,2.7097,0,1.0000,513,1,35.6311,65.4653,-0.4115,-6.3566,167.4361,0.000,0.000,1.000,7.3706,30.7487,63
2026-04-24,16:17:21,43891,1,4.1040,4.1642,0.0178,0.5247,2.6785,0,1.0000,513,1,37.6698,60.8682,-0.4284,-1.6112,167.5240,0.000,0.000,1.000,7.9029,27.8076,63
2026-04-24,16:17:21,43927,1,0.1440,4.1216,0.0158,0.4655,2.6470,0,1.0000,18,1,39.8919,58.2716,-0.2540,3.3403,167.6563,0.000,0.000,1.000,8.3119,23.9525,63
2026-04-24,16:17:21,43963,1,0.1440,-1.0424,0.0039,0.1152,2.6355,0,1.0000,18,1,40.8332,12.5872,0.0861,7.5383,168.3563,0.000,0.000,0.999,8.6008,22.3834,63
2026-04-24,16:17:21,43999,1,0.1440,0.1445,0.0115,0.3395,2.6366,0,1.0000,18,1,41.5959,9.6631,0.4935,9.2370,168.5553,0.000,0.000,1.000,9.1086,20.7012,63
2026-04-24,16:17:21,44036,1,0.0000,0.1842,0.0151,0.4434,2.6357,0,1.0000,0,1,40.9829,-11.0785,0.6698,5.8693,168.9014,0.000,0.000,1.000,9.5195,17.7684,63
2026-04-24,16:17:21,44072,1,0.0000,-0.0518,0.0116,0.3416,2.6353,0,1.0000,0,1,40.7216,-36.3202,0.9332,5.8728,168.9364,0.000,0.000,1.000,9.4707,15.7635,63
2026-04-24,16:17:21,44108,1,0.0000,-0.0121,0.0114,0.3354,2.6353,0,1.0000,0,1,39.5237,-37.6010,0.9723,2.5329,169.1539,0.000,0.000,1.000,9.5275,13.1536,63
2026-04-24,16:17:21,44144,1,0.0000,-0.0111,0.0105,0.3087,2.6353,0,1.0000,0,1,36.9999,-89.9601,1.0025,1.2584,169.2460,0.000,0.000,1.000,9.8938,11.5816,63
2026-04-24,16:17:22,45094,1,0.0000,0.0047,0.0098,0.2870,2.6353,0,1.0000,0,1,36.1251,-41.9630,1.1127,1.8260,169.3088,0.000,0.000,0.998,10.5738,10.1130,63
2026-04-24,16:17:22,45096,1,0.0000,0.0016,0.0101,0.2971,2.6353,0,1.0000,0,1,35.2102,-32.7537,1.1578,1.6698,169.3641,0.000,0.000,0.995,11.0909,9.4460,63
2026-04-24,16:17:22,45097,1,0.0000,-0.0086,0.0096,0.2820,2.6353,0,1.0000,0,1,34.6309,-23.7784,1.2674,2.1311,169.3648,0.000,0.000,0.999,11.5603,9.3368,63
2026-04-24,16:17:22,45098,1,0.0000,-0.0090,0.0092,0.2712,2.6353,0,1.0000,0,1,33.9317,-20.5514,1.2922,1.6845,169.4459,0.000,0.000,0.999,11.7278,9.6106,63
2026-04-24,16:17:22,45099,1,0.0000,0.0042,0.0103,0.3036,2.6353,0,1.0000,0,1,33.3010,-20.0368,1.3844,1.9773,169.4387,0.000,0.000,1.000,11.0677,10.5109,63
2026-04-24,16:17:22,45100,1,-1.7760,-0.0106,0.0103,0.3036,2.6353,0,1.0000,-222,1,32.7710,-16.8831,1.4242,1.7338,169.5079,0.000,0.000,1.000,9.4032,11.4209,63
2026-04-24,16:17:22,45100,1,-7.9600,0.0002,0.0087,0.2553,2.6353,0,1.0000,-995,1,32.1584,-18.6925,1.5004,1.9054,169.5000,0.000,0.000,0.999,8.0553,12.1848,63
2026-04-24,16:17:22,45101,1,-7.9840,0.0146,0.0090,0.2646,2.6352,0,1.0000,-998,1,31.5682,-14.9782,1.5570,1.7109,169.5191,0.000,0.000,0.999,6.0463,13.6010,63
2026-04-24,16:17:22,45102,1,-7.9840,-0.0027,0.0103,0.3035,2.6353,0,1.0000,-998,1,30.3438,-24.8276,0.9161,-5.1823,168.9154,0.000,0.000,1.000,3.6051,16.0159,63
2026-04-24,16:17:22,45103,1,-7.9840,-0.0243,0.0136,0.4007,2.6354,0,1.0000,-998,1,26.1824,-91.7839,-2.4460,-38.2604,166.2825,0.000,0.000,1.000,2.0691,17.4267,63
2026-04-24,16:17:22,45103,1,-7.9840,0.0063,0.0131,0.3844,2.6354,0,1.0000,-998,1,18.3547,-152.6406,-11.2217,-107.3187,159.2583,0.000,0.000,1.000,-0.6998,19.4412,63
2026-04-24,16:17:22,45104,1,-7.9840,-0.0062,0.0131,0.3843,2.6354,0,1.0000,-998,1,9.8932,-157.6512,-24.6805,-127.4007,147.6097,0.000,0.000,1.000,-6.5546,22.1065,63
2026-04-24,16:17:22,45105,1,-7.9840,-0.0746,0.0195,0.5737,2.6359,0,1.0000,-998,1,13.3526,-5.7036,-32.1211,-151.9397,129.0224,0.000,0.000,1.000,-11.9475,24.1274,63
2026-04-24,16:17:22,45106,1,-7.9840,-0.1338,0.0207,0.6094,2.6377,0,1.0000,-998,1,20.4524,121.4365,-35.1449,-130.7060,102.8632,0.024,0.000,1.000,-15.4234,25.3375,63
2026-04-24,16:17:22,45107,1,-7.9840,0.0053,0.0194,0.5717,2.6391,0,1.0000,-998,1,27.6030,140.8811,-31.0461,-36.8349,79.4893,0.000,0.000,1.000,-19.6376,26.7372,63
2026-04-24,16:17:22,45108,1,-7.9840,-0.0053,0.0112,0.3301,2.6391,0,1.0000,-998,1,31.2604,99.5024,-23.5880,47.8720,88.4630,0.000,0.000,1.000,-24.0145,27.1511,63
2026-04-24,16:17:22,45109,1,-7.9840,-0.0180,0.0125,0.3666,2.6391,0,1.0000,-998,1,31.0364,36.2097,-17.8821,88.0677,95.4385,0.000,0.000,1.000,-25.5574,27.5293,63
2026-04-24,16:17:22,45110,1,-7.9840,-0.0779,0.0217,0.6385,2.6395,0,1.0000,-998,1,29.0441,-22.2602,-11.4287,120.5616,96.7272,0.000,0.000,1.000,-26.0134,27.1498,63
2026-04-24,16:17:22,45110,1,-7.9840,-0.1358,0.0167,0.4908,2.6402,0,1.0000,-998,1,24.5065,-88.7746,-5.5204,138.9742,104.9015,0.000,0.000,1.000,-25.7067,26.1161,63
2026-04-24,16:17:22,45111,1,-7.9840,-0.0787,0.0144,0.4232,2.6407,0,1.0000,-998,1,22.1722,-74.0938,-1.9634,127.2107,109.9280,0.000,0.000,1.000,-26.6876,25.7312,63
2026-04-24,16:17:22,45112,1,-7.9840,-0.0038,0.0115,0.3386,2.6408,0,1.0000,-998,1,23.8834,6.4167,-1.4394,91.3379,111.2296,0.000,0.000,1.000,-27.9328,25.7378,63
2026-04-24,16:17:22,45113,1,-7.9840,-0.0020,0.0091,0.2662,2.6407,0,1.0000,-998,1,28.7596,84.5711,-2.9027,48.4529,111.5167,0.000,0.000,0.998,-29.5793,26.2618,63
2026-04-24,16:17:22,45114,1,-7.9840,0.0169,0.0097,0.2855,2.6407,0,1.0000,-998,1,33.9927,123.7617,-4.9691,13.5605,111.9331,0.000,0.000,0.999,-30.4770,26.4152,63
2026-04-24,16:17:22,45114,1,-5.3040,0.0539,0.0053,0.1570,2.6405,0,1.0000,-663,1,40.2048,102.4812,-10.3267,-13.3551,110.4909,0.000,0.000,0.997,-31.5921,25.7564,63
2026-04-24,16:17:22,45115,1,0.0000,-0.0084,0.0050,0.1461,2.6405,0,1.0000,0,1,39.4199,13.6601,-9.6014,8.4672,114.8946,0.000,0.000,0.994,-30.4869,25.9544,63
2026-04-24,16:17:23,45608,1,0.0000,-0.0173,0.0095,0.2808,2.6406,0,1.0000,0,1,38.2931,-20.3334,-7.9546,28.4376,119.3086,0.000,0.000,0.992,-28.2686,26.3545,63
2026-04-24,16:17:23,45610,1,0.0000,0.0056,0.0095,0.2786,2.6407,0,1.0000,0,1,37.9434,-14.0507,-6.6962,31.0888,122.1359,0.000,0.000,0.998,-26.0167,26.5318,63
2026-04-24,16:17:23,45610,1,0.0000,0.0006,0.0091,0.2678,2.6407,0,1.0000,0,1,38.5622,8.7017,-5.6418,28.6955,125.1797,0.000,0.000,0.998,-22.0181,26.8816,63
2026-04-24,16:17:23,45611,1,0.0000,-0.0090,0.0095,0.2804,2.6407,0,1.0000,0,1,40.2844,33.0233,-5.1678,23.8691,127.0225,0.000,0.000,0.999,-19.5260,27.1556,63
2026-04-24,16:17:23,45612,1,0.0000,0.0056,0.0089,0.2604,2.6407,0,1.0000,0,1,41.5651,33.8711,-5.3645,14.3381,128.4511,0.000,0.000,0.997,-12.7464,27.8625,63
2026-04-24,16:17:23,45613,1,0.0000,0.0030,0.0092,0.2705,2.6407,0,1.0000,0,1,41.6312,14.0522,-5.9129,4.4356,129.9773,0.000,0.000,0.998,-8.8921,28.4120,63
2026-04-24,16:17:23,45613,1,0.0000,0.0086,0.0070,0.2051,2.6406,0,1.0000,0,1,40.9319,-5.5366,-6.1577,0.8952,131.6242,0.000,0.000,0.996,-4.2613,29.1285,63
2026-04-24,16:17:23,45614,1,0.0000,0.0089,0.0053,0.1569,2.6405,0,1.0000,0,1,40.0074,-16.7698,-5.3547,8.4264,134.1529,0.000,0.000,0.993,-0.2019,28.8991,63
2026-04-24,16:17:23,45615,1,0.0000,0.0008,0.0048,0.1407,2.6405,0,1.0000,0,1,39.0361,-20.2909,-3.7066,20.1475,136.7675,0.000,0.000,0.990,3.4519,27.7411,63
2026-04-24,16:17:23,45617,1,-4.5120,-0.0025,0.0037,0.1082,2.6404,0,1.0000,-564,1,38.3249,-21.2360,-2.1872,28.8079,138.5904,0.000,0.000,0.987,6.9415,26.5703,63
2026-04-24,16:17:23,45618,1,-4.5120,0.0052,0.0035,0.1031,2.6404,0,1.0000,-564,1,37.6534,-20.9658,-0.8179,33.0139,140.2857,0.000,0.000,0.985,9.1512,25.5031,63
2026-04-24,16:17:23,45618,1,-4.6160,0.0150,0.0024,0.0715,2.6403,0,1.0000,-577,1,37.0136,-16.2424,0.5074,31.6303,141.8741,0.000,0.000,0.982,13.2401,22.7497,63
2026-04-24,16:17:23,45619,1,-4.6560,0.0144,-0.0007,0.0216,2.6402,0,1.0000,-582,1,36.4135,-16.6719,1.8196,33.2556,143.3938,0.000,0.000,0.980,16.2910,19.6142,63
2026-04-24,16:17:23,45651,1,-4.6560,0.0020,-0.0011,0.0337,2.6402,0,1.0000,-582,1,34.9971,-40.9686,4.8029,70.3806,146.9914,0.000,0.000,0.977,18.4489,16.7274,63
2026-04-24,16:17:23,45687,1,-4.6560,0.0078,-0.0015,0.0446,2.6402,0,1.0000,-582,1,33.7800,-39.3475,7.3860,77.0109,150.0644,0.000,0.000,0.974,20.8216,14.1918,63
2026-04-24,16:17:23,45723,1,-4.6560,0.0004,-0.0011,0.0324,2.6401,0,1.0000,-582,1,32.7448,-33.3660,9.4258,68.0892,152.6941,0.000,0.000,0.970,22.5922,12.3710,63
2026-04-24,16:17:23,45759,1,-4.6560,0.0071,-0.0017,0.0493,2.6401,0,1.0000,-582,1,31.8629,-28.5197,10.7477,49.5988,154.9097,0.000,0.000,0.967,24.7365,10.1416,63
2026-04-24,16:17:23,45795,1,-4.6560,-0.0130,-0.0010,0.0294,2.6401,0,1.0000,-582,1,31.1167,-24.1758,11.5500,33.4184,156.8183,0.000,0.000,0.964,26.5511,7.6194,63
2026-04-24,16:17:23,45831,1,-4.6560,0.0057,-0.0017,0.0509,2.6401,0,1.0000,-582,1,30.4580,-21.2271,12.5795,35.3990,158.4309,0.000,0.000,0.961,27.7086,5.4897,63
2026-04-24,16:17:23,45867,1,-5.3440,0.0013,-0.0015,0.0447,2.6401,0,1.0000,-668,1,29.9066,-17.6171,14.5271,51.3188,159.8042,0.000,0.000,0.958,28.9517,2.7897,63
2026-04-24,16:17:23,45904,1,-7.9040,-0.0133,-0.0022,0.0647,2.6401,0,1.0000,-988,1,29.4267,-14.2771,16.2060,51.6949,161.0043,0.000,0.000,0.954,29.6324,0.8079,63
2026-04-24,16:17:23,45940,1,-3.1680,0.0137,-0.0018,0.0539,2.6401,0,1.0000,-396,1,29.0242,-13.1098,17.6048,45.4065,162.0390,0.000,0.000,0.951,30.1754,-1.8847,63
2026-04-24,16:17:23,45976,1,7.3520,5.0968,0.1419,4.1725,2.6273,0,1.0000,919,1,29.1608,17.4156,18.1111,27.2200,158.8679,0.032,0.000,0.966,30.1730,-4.2341,63
2026-04-24,16:17:23,46012,1,7.3520,7.4146,0.1257,3.6969,2.5701,0,1.0000,919,1,30.5798,-0.7380,12.8378,-76.0909,150.5920,0.024,0.000,0.998,28.5518,-0.8363,63
2026-04-24,16:17:23,46048,1,7.3520,8.1162,-0.0119,0.3512,2.5076,0,1.0000,919,1,33.5032,113.1608,13.5729,30.8988,122.9759,0.000,0.000,1.000,25.8410,-3.8977,63
2026-04-24,16:17:23,46085,1,7.9360,7.2804,0.0177,0.5198,2.4507,0,1.0000,992,1,32.9316,-68.8375,20.7134,188.3839,114.9825,0.000,0.000,1.000,21.3031,-3.8834,63
2026-04-24,16:17:24,46574,1,7.9360,8.0483,0.0494,1.4526,2.3841,0,1.0000,992,1,31.5506,-49.9373,25.8483,162.8213,92.1748,0.032,0.000,1.000,17.4165,2.7935,63
2026-04-24,16:17:24,46575,1,7.9360,8.0102,0.0202,0.5944,2.3239,0,1.0000,992,1,26.6718,-104.5198,34.4514,193.5007,91.0037,0.056,0.000,1.000,16.5342,1.8493,63
2026-04-24,16:17:24,46577,1,7.9360,7.9435,0.0118,0.3479,2.2533,0,1.0000,992,1,21.7313,-116.6774,47.3308,241.2376,86.1540,0.048,0.000,1.000,15.5307,1.5192,63
2026-04-24,16:17:24,46577,1,7.9360,7.9395,0.0203,0.5964,2.1989,0,1.0000,992,1,19.3610,-85.7722,57.5842,260.4866,93.7871,0.024,0.000,1.000,16.1817,4.3932,63
2026-04-24,16:17:24,46578,1,7.9360,7.9776,0.0116,0.3397,2.1429,0,1.0000,992,1,18.6426,-49.8973,66.2138,263.5140,101.0019,0.000,0.000,1.000,17.2316,6.3238,63
2026-04-24,16:17:24,46579,1,7.9440,7.9319,0.0170,0.4995,2.0813,0,1.0000,993,1,18.6018,-20.4059,74.6995,254.5583,107.8896,0.000,0.000,1.000,18.0504,8.6089,63
2026-04-24,16:17:24,46579,1,7.9440,7.9674,0.0192,0.5652,2.0264,0,1.0000,993,1,18.4321,-13.2953,80.6048,229.8520,113.8488,0.000,0.000,1.000,19.2197,10.2422,63
2026-04-24,16:17:24,46580,1,7.9440,7.9087,0.0230,0.6759,1.9685,0,1.0000,993,1,18.2225,-8.7465,84.8568,196.1378,119.0625,0.000,0.000,1.000,20.4256,11.1212,63
2026-04-24,16:17:24,46581,1,0.4080,4.3007,-0.3336,9.8105,1.9197,0,1.0000,51,1,18.2200,-4.2825,86.0244,144.3246,122.8454,0.048,0.000,1.000,21.4731,11.6206,63
2026-04-24,16:17:24,46582,1,0.4080,0.4813,0.0039,0.1141,1.9249,0,1.0000,51,1,18.3438,5.8002,85.8651,83.7337,128.2250,0.088,0.000,0.999,25.0844,12.2251,63
2026-04-24,16:17:24,46583,1,0.0000,0.2110,-0.0029,0.0844,1.9212,0,1.0000,0,1,17.6989,-10.3094,84.4681,43.7742,131.5682,0.064,0.000,0.999,25.6021,12.2964,63
2026-04-24,16:17:24,46586,1,0.0000,0.1344,0.0002,0.0062,1.9206,0,1.0000,0,1,17.0010,-10.6250,86.8573,35.0693,135.8761,0.048,0.000,0.999,25.6008,9.3201,63
2026-04-24,16:17:24,46587,1,0.0000,-0.0174,-0.0001,0.0028,1.9206,0,1.0000,0,1,16.7531,-9.7363,86.0419,20.1761,138.5782,0.032,0.000,0.998,25.0023,7.5424,63
2026-04-24,16:17:24,46612,1,3.6960,1.5212,0.1845,5.4275,1.9184,0,1.0000,462,1,16.2659,-36.7534,72.6799,-255.3822,144.0416,0.024,0.000,1.000,23.8595,5.0863,63
2026-04-24,16:17:24,46649,1,4.0240,4.1854,-0.0142,0.4181,1.8835,0,1.0000,503,1,17.9015,39.7626,59.3862,-361.1247,148.8842,0.016,0.000,1.000,22.2686,2.8134,63
2026-04-24,16:17:24,46685,1,4.0800,4.1643,0.0108,0.3185,1.8530,0,1.0000,510,1,17.2314,1.4723,47.4719,-376.4390,152.7799,0.000,0.000,1.000,19.7448,0.8025,63
2026-04-24,16:17:24,46721,1,4.0800,4.0785,0.0039,0.1138,1.8214,0,1.0000,510,1,18.3424,8.4937,36.6585,-358.9636,155.8545,0.000,0.000,0.999,17.3353,-0.5040,63
2026-04-24,16:17:24,46757,1,4.0800,4.0649,0.0041,0.1209,1.7901,0,1.0000,510,1,18.1184,17.7075,27.3950,-316.8506,158.5026,0.000,0.000,0.996,13.4616,-2.2100,63
2026-04-24,16:17:24,46793,1,4.0800,4.0774,0.0110,0.3244,1.7587,0,1.0000,510,1,18.5927,-4.1126,19.9865,-265.2618,160.2036,0.000,0.000,1.000,10.0549,-3.2682,63
2026-04-24,16:17:24,46829,1,4.0880,4.0761,0.0117,0.3434,1.7271,0,1.0000,511,1,19.1732,38.4208,14.3171,-211.2457,161.4285,0.000,0.000,1.000,5.0472,-4.1866,63
2026-04-24,16:17:24,46865,1,4.0880,4.0725,0.0134,0.3945,1.6960,0,1.0000,511,1,19.0403,-11.0150,9.3057,-177.4431,161.9392,0.000,0.000,1.000,1.0918,-4.0695,63
2026-04-24,16:17:24,46901,1,4.0880,4.1013,0.0076,0.2245,1.6643,0,1.0000,511,1,20.2241,39.8556,5.0401,-146.4224,162.9027,0.000,0.000,0.998,-4.0556,-3.7265,63
2026-04-24,16:17:24,46937,1,4.0880,4.0468,0.0078,0.2309,1.6331,0,1.0000,511,1,19.9834,-1.5626,1.7698,-116.8811,163.7923,0.000,0.000,0.998,-9.4056,-3.7962,63
2026-04-24,16:17:24,46973,1,4.0880,4.0854,0.0100,0.2934,1.6016,0,1.0000,511,1,20.9119,21.9991,-0.6639,-88.9393,164.2876,0.000,0.000,0.998,-13.2602,-2.9396,63
2026-04-24,16:17:24,47009,1,4.0880,4.0991,0.0150,0.4407,1.5699,0,1.0000,511,1,20.7418,6.6204,-2.3115,-64.1922,164.9311,0.000,0.000,1.000,-17.6332,-2.3719,63
2026-04-24,16:17:24,47045,1,4.0880,4.0873,0.0099,0.2909,1.5387,0,1.0000,511,1,21.2688,4.4775,-3.4742,-46.5057,165.2835,0.000,0.000,0.998,-20.5019,-1.9989,63
2026-04-24,16:17:25,47541,1,4.0880,4.1031,0.0147,0.4316,1.5096,0,1.0000,511,1,21.3002,0.9162,-4.0152,-35.4935,165.5302,0.000,0.000,1.000,-23.7367,-0.4327,63
2026-04-24,16:17:25,47542,1,4.0880,4.0752,0.0150,0.4404,1.4730,0,1.0000,511,1,21.3338,-0.5770,-4.5459,-26.6901,165.7530,0.000,0.000,1.000,-26.3810,0.6694,63
2026-04-24,16:17:25,47542,1,4.0880,4.0455,0.0130,0.3818,1.4368,0,1.0000,511,1,21.5367,3.6798,-5.1811,-21.9577,165.9734,0.000,0.000,1.000,-28.3275,2.0867,63
2026-04-24,16:17:25,47543,1,4.0880,4.1467,0.0031,0.0921,1.3993,0,1.0000,511,1,21.5096,1.5392,-5.5964,-17.2013,166.1753,0.000,0.000,0.998,-29.5352,3.7967,63
2026-04-24,16:17:25,47544,1,4.0880,4.1071,0.0079,0.2320,1.3643,0,1.0000,511,1,21.5127,-1.0364,-5.9652,-13.8686,166.3665,0.000,0.000,0.999,-29.8649,5.1188,63
2026-04-24,16:17:25,47546,1,4.0880,4.1269,0.0059,0.1727,1.3348,0,1.0000,511,1,21.6139,1.6592,-6.2526,-12.2108,166.5125,0.000,0.000,0.997,-29.4139,6.3194,63
2026-04-24,16:17:25,47547,1,4.0880,4.1007,0.0056,0.1657,1.2973,0,1.0000,511,1,21.5947,0.0658,-6.5952,-10.5713,166.6829,0.000,0.000,0.998,-28.2982,7.5108,63
2026-04-24,16:17:25,47548,1,4.0880,4.0753,0.0086,0.2542,1.2682,0,1.0000,511,1,21.7165,1.5095,-6.8547,-9.7324,166.7786,0.000,0.000,0.996,-26.8529,7.8076,63
2026-04-24,16:17:25,47548,1,4.0880,4.0898,0.0108,0.3188,1.2391,0,1.0000,511,1,21.7136,1.0232,-7.0938,-8.9006,166.8688,0.000,0.000,1.000,-24.0170,7.9122,63
2026-04-24,16:17:25,47549,1,4.0880,4.0823,0.0096,0.2812,1.2017,0,1.0000,511,1,21.7586,-0.3761,-7.4042,-8.4159,166.9760,0.000,0.000,0.998,-20.5344,7.0190,63
2026-04-24,16:17:25,47549,1,4.0880,4.0283,0.0109,0.3207,1.1660,0,1.0000,511,1,21.8353,1.0970,-7.6166,-6.8468,167.1124,0.000,0.000,1.000,-11.4478,5.6776,63
2026-04-24,16:17:25,47553,1,4.0880,4.1088,0.0099,0.2911,1.0956,0,1.0000,511,1,21.8650,-4.0433,-7.7424,-5.8141,167.1897,0.000,0.000,0.999,-6.3073,4.5373,63
2026-04-24,16:17:25,47589,1,4.0880,4.1450,0.0011,0.0311,1.0633,0,1.0000,511,1,22.0516,10.3402,-7.3717,7.1279,167.3883,0.000,0.000,0.999,-1.0338,3.6014,63
2026-04-24,16:17:25,47625,1,4.0880,4.1431,0.0013,0.0392,1.0322,0,1.0000,511,1,21.9847,-1.5515,-6.8837,10.9562,167.5236,0.000,0.000,0.999,2.7794,3.2022,63
2026-04-24,16:17:25,47661,1,4.0880,4.1218,0.0095,0.2781,1.0007,0,1.0000,511,1,22.1585,4.8984,-6.9529,1.1245,167.6323,0.000,0.000,0.999,7.7654,3.1558,63
2026-04-24,16:17:25,47697,1,4.0880,4.1269,0.0100,0.2927,0.9693,0,1.0000,511,1,22.1058,-1.2128,-7.2665,-4.9315,167.7317,0.000,0.000,0.996,12.2489,3.3396,63
2026-04-24,16:17:25,47733,1,4.0880,4.0954,0.0110,0.3236,0.9376,0,1.0000,511,1,22.2861,5.5044,-6.8240,8.6582,167.8042,0.000,0.000,0.993,15.2882,3.5504,63
2026-04-24,16:17:25,47769,1,4.0880,4.1273,0.0046,0.1355,0.9065,0,1.0000,511,1,22.3126,2.5198,-6.4138,10.2854,167.9147,0.000,0.000,0.990,18.9587,4.2956,63
2026-04-24,16:17:25,47805,1,4.0880,4.1143,0.0023,0.0678,0.8751,0,1.0000,511,1,22.2898,-5.8490,-6.2972,5.9106,167.9431,0.000,0.000,0.986,22.2435,5.2666,63
2026-04-24,16:17:25,47841,1,4.0880,4.0682,0.0082,0.2404,0.8437,0,1.0000,511,1,22.3739,7.5804,-6.3650,0.7414,168.0225,0.000,0.000,0.983,24.5392,5.9708,63
2026-04-24,16:17:25,47877,1,4.0880,4.0966,0.0136,0.4011,0.8123,0,1.0000,511,1,22.3288,-1.7963,-6.3744,0.7339,168.2133,0.000,0.000,0.980,27.1783,7.0931,63
2026-04-24,16:17:25,47913,1,4.0880,4.0491,0.0156,0.4580,0.7808,0,1.0000,511,1,22.2684,-3.0812,-6.1173,4.6995,168.5846,0.000,0.000,0.977,28.8581,8.2238,63
2026-04-24,16:17:25,47950,1,4.0880,4.1106,0.0046,0.1354,0.7484,0,1.0000,511,1,22.3047,3.1215,-5.7131,8.3618,168.9186,0.000,0.000,0.974,30.7307,9.6040,63
2026-04-24,16:17:25,47986,1,4.0880,4.0905,0.0078,0.2280,0.7167,0,1.0000,511,1,22.0883,-5.5847,-5.2003,12.5161,169.1875,0.000,0.000,0.970,32.2363,10.8360,63
2026-04-24,16:17:25,48022,1,4.0880,4.0632,0.0134,0.3948,0.6855,0,1.0000,511,1,22.0501,-1.2746,-4.7590,10.6945,169.3237,0.000,0.000,0.967,33.1564,11.4940,63
2026-04-24,16:17:25,48058,1,4.0880,4.1212,0.0097,0.2866,0.6541,0,1.0000,511,1,22.0887,-0.7241,-5.2129,-8.7241,169.3483,0.000,0.000,0.964,34.2620,12.4419,63
2026-04-24,16:17:26,48556,1,4.0880,4.0583,0.0062,0.1830,0.6262,0,1.0000,511,1,21.9717,-2.3467,-5.2350,-6.1477,169.5116,0.000,0.000,0.962,34.8447,12.9195,63
2026-04-24,16:17:26,48558,1,4.0880,4.0957,0.0104,0.3046,0.5877,0,1.0000,511,1,21.8382,-2.8229,-5.1238,-2.7578,169.6894,0.000,0.000,0.958,35.4930,13.6186,63
2026-04-24,16:17:26,48559,1,4.0880,4.0761,0.0162,0.4751,0.5579,0,1.0000,511,1,21.7874,-2.3748,-5.1012,-1.6926,169.7603,0.000,0.000,0.956,35.8081,14.2012,63
2026-04-24,16:17:26,48560,1,4.0880,4.0435,0.0106,0.3119,0.5201,0,1.0000,511,1,21.7212,-2.0457,-5.2644,-2.5838,169.7475,0.000,0.000,0.953,35.8010,14.7758,63
2026-04-24,16:17:26,48561,1,4.0800,4.1319,0.0036,0.1049,0.4839,0,1.0000,510,1,21.7284,-0.8639,-5.4628,-3.5177,169.7130,0.000,0.000,0.950,35.4356,15.1992,63
2026-04-24,16:17:26,48562,1,4.0800,4.1021,0.0107,0.3161,0.4555,0,1.0000,510,1,21.7637,-0.3055,-5.5985,-3.7235,169.6878,0.000,0.000,0.947,34.7955,15.5674,63
2026-04-24,16:17:26,48563,1,4.0800,4.1242,0.0109,0.3216,0.4253,0,1.0000,510,1,21.7284,-1.1316,-5.7830,-4.2769,169.6223,0.000,0.000,0.945,34.0180,15.6643,63
2026-04-24,16:17:26,48563,1,4.0880,4.1091,0.0078,0.2298,0.3886,0,1.0000,511,1,21.7996,0.5574,-6.0515,-5.1827,169.5750,0.000,0.000,0.942,32.6104,15.8521,63
2026-04-24,16:17:26,48565,1,4.0880,3.9374,0.0186,0.5463,0.3516,0,1.0000,511,1,21.7456,-0.5600,-5.8737,-0.7651,170.1622,0.000,0.000,0.938,30.6427,15.7773,63
2026-04-24,16:17:26,48566,1,4.0880,4.1456,0.0053,0.1561,0.3147,0,1.0000,511,1,21.5010,-3.0667,-4.9294,8.1847,170.6567,0.000,0.000,0.935,27.8870,15.4734,63
2026-04-24,16:17:26,48566,1,4.0880,4.1051,0.0095,0.2789,0.2847,0,1.0000,511,1,20.9854,-5.8111,-2.5351,15.3015,172.0112,0.000,0.000,0.933,19.6762,14.6521,63
2026-04-24,16:17:26,48567,1,4.0880,4.0434,0.0198,0.5812,0.2173,0,1.0000,511,1,20.6880,-6.0275,-1.5975,17.2327,172.5940,0.000,0.000,0.930,13.9690,13.6234,63
2026-04-24,16:17:26,48595,1,4.0880,4.0397,0.0134,0.3941,0.1853,0,1.0000,511,1,20.4989,-5.4558,-2.1493,-8.3874,172.5708,0.000,0.000,0.927,9.1972,13.3229,63
2026-04-24,16:17:26,48631,1,4.0880,4.0529,0.0126,0.3710,0.1540,0,1.0000,511,1,20.6630,7.4601,-2.3562,-9.8960,172.3021,0.000,0.000,0.924,2.4266,12.2196,63
2026-04-24,16:17:26,48667,1,4.0880,4.0906,0.0065,0.1922,0.1220,0,1.0000,511,1,20.5712,-5.5200,-2.4975,-8.4274,172.0391,0.000,0.000,0.921,-4.4550,10.6180,63
2026-04-24,16:17:26,48703,1,4.0880,4.0737,0.0128,0.3756,0.0910,0,1.0000,511,1,20.5902,-0.1824,-2.5209,-5.1296,171.7922,0.000,0.000,0.918,-9.5515,8.9877,63
2026-04-24,16:17:26,48739,1,4.0880,4.1086,0.0174,0.5112,0.0598,0,1.0000,511,1,20.7028,3.3664,-2.4323,-0.8953,171.5470,0.000,0.000,0.914,-14.3707,6.9599,63
2026-04-24,16:17:26,48775,1,4.0880,4.1041,0.0188,0.5538,0.0284,0,1.0000,511,1,20.9315,5.0565,-2.2808,1.5252,171.4702,0.000,0.000,0.911,-20.0906,3.6490,63
2026-04-24,16:17:26,48811,1,4.0880,4.1278,0.0125,0.3677,-0.0031,0,1.0000,511,1,21.0526,2.9355,-1.9173,6.5194,171.5002,0.000,0.000,0.908,-24.8156,-0.5316,63
2026-04-24,16:17:26,48847,1,4.0880,-1.0830,-0.0015,0.0433,-0.0143,0,1.0000,511,1,21.0354,-8.9045,-1.4731,8.6716,171.3115,0.000,0.000,0.905,-28.3206,-5.1653,63
2026-04-24,16:17:26,48883,1,4.0880,0.2267,-0.0212,0.6234,-0.0130,0,1.0000,511,1,21.6615,24.3200,-1.3806,3.9457,170.7484,0.000,0.000,0.902,-30.1521,-8.3460,63
2026-04-24,16:17:26,48919,1,4.0880,0.0958,-0.0116,0.3412,-0.0127,0,1.0000,511,1,21.0597,-7.5815,-1.4230,0.9531,156.9090,0.000,0.000,0.898,-31.7114,-12.6150,63
2026-04-24,16:17:26,48955,1,4.0880,0.0342,-0.0093,0.2739,-0.0127,0,1.0000,511,1,21.4289,-2.1633,-0.9754,8.1271,159.0968,0.000,0.000,0.895,-32.3505,-16.5033,63
2026-04-24,16:17:26,48991,1,4.0880,0.0009,-0.0065,0.1902,-0.0126,0,1.0000,511,1,21.3665,18.2945,-0.3867,12.7460,154.7382,0.000,0.000,0.892,-32.5445,-22.2800,63
2026-04-24,16:17:26,49027,1,4.0880,-0.0191,-0.0044,0.1288,-0.0126,0,1.0000,511,1,23.1366,37.2210,3.9216,96.8285,116.4618,0.000,0.000,0.889,-32.3260,-28.2957,63
2026-04-24,16:17:26,49063,1,0.0000,-0.0138,-0.0058,0.1700,-0.0125,0,1.0000,0,1,29.6036,126.3557,17.3558,261.5972,115.8006,0.000,0.000,0.886,-33.4256,-37.9123,63
2026-04-24,16:17:27,50024,1,0.0000,-0.0543,-0.0034,0.0996,-0.0125,0,1.0000,0,1,14.2541,-208.2224,23.1939,214.1048,103.4552,0.000,0.000,0.882,-30.4444,-38.8019,63
2026-04-24,16:17:27,50025,1,0.0000,-0.0707,-0.0011,0.0312,-0.0123,0,1.0000,0,1,7.9756,-183.7353,48.5549,364.1910,93.6642,0.000,0.000,0.879,-30.1134,-50.6610,63
2026-04-24,16:17:27,50025,1,0.0000,-0.0174,0.0096,0.2831,-0.0118,0,1.0000,0,1,1.9244,-182.3780,64.3064,393.8822,96.9465,0.000,0.000,0.877,-29.4823,-42.9131,63
2026-04-24,16:17:27,50026,1,0.0000,0.0924,0.0045,0.1317,-0.0121,0,1.0000,0,1,-2.2008,-124.0401,73.7621,317.7223,100.8621,0.000,0.000,0.874,-36.4332,-52.6058,63
2026-04-24,16:17:27,50028,1,0.0000,-0.0043,-0.0014,0.0401,-0.0123,0,1.0000,0,1,-4.0883,-65.6283,75.8397,208.3262,105.7277,0.000,0.000,0.870,-44.8834,-54.1147,63
2026-04-24,16:17:27,50030,1,0.0000,0.0071,-0.0006,0.0186,-0.0123,0,1.0000,0,1,-5.1939,-43.9073,75.5108,136.9935,109.2560,0.000,0.000,0.868,-47.1724,-52.6619,63
2026-04-24,16:17:27,50031,1,0.0000,-0.0026,-0.0010,0.0301,-0.0123,0,1.0000,0,1,-4.4994,-5.6876,73.3036,71.7611,112.1452,0.000,0.000,0.866,-47.6365,-49.8787,63
2026-04-24,16:17:27,50031,1,0.0000,-0.0106,-0.0003,0.0100,-0.0123,0,1.0000,0,1,-3.7772,11.2469,66.0212,-29.8292,115.5230,0.000,0.000,0.862,-51.8203,-53.3911,63
2026-04-24,16:17:27,50032,1,0.0000,0.0247,-0.0072,0.2128,-0.0126,0,1.0000,0,1,-3.7977,1.3937,59.6864,-79.6237,118.9848,0.000,0.000,0.860,-61.7114,-56.2832,63
2026-04-24,16:17:27,50032,1,0.0000,0.0046,-0.0038,0.1119,-0.0125,0,1.0000,0,1,-4.6187,-12.5306,54.2831,-106.0091,121.8508,0.000,0.000,0.858,-59.2857,-56.0420,63
2026-04-24,16:17:27,50033,1,0.0000,0.0046,-0.0053,0.1561,-0.0125,0,1.0000,0,1,-4.3337,-0.6312,49.7243,-116.2022,124.7306,0.000,0.000,0.855,-63.1525,-54.1706,63
2026-04-24,16:17:27,50034,1,0.0000,0.0112,-0.0044,0.1304,-0.0125,0,1.0000,0,1,-4.3991,-0.7765,42.0858,-119.2324,125.0099,0.000,0.000,0.854,-60.8190,-58.4979,63
2026-04-24,16:17:27,50035,1,0.0000,0.0037,-0.0057,0.1662,-0.0125,0,1.0000,0,1,-3.7253,12.8358,39.5423,-106.4375,127.4088,0.000,0.000,0.852,-60.1719,-57.3591,63
2026-04-24,16:17:27,50035,1,0.0000,-0.0017,-0.0050,0.1477,-0.0125,0,1.0000,0,1,-2.5039,21.9790,36.6530,-90.6835,130.5361,0.000,0.000,0.849,-58.3959,-59.0677,63
2026-04-24,16:17:27,50036,1,0.0000,-0.0016,-0.0040,0.1183,-0.0125,0,1.0000,0,1,-1.7524,23.5379,34.8966,-78.4864,132.7070,0.000,0.000,0.846,-62.0325,-65.7939,63
2026-04-24,16:17:27,50037,1,0.0000,-0.0033,-0.0030,0.0878,-0.0125,0,1.0000,0,0,-0.6696,23.7306,32.9090,-65.1509,135.3433,0.000,0.000,0.843,-61.0342,-61.9401,63
2026-04-24,16:17:27,50038,1,0.0000,-0.0104,-0.0033,0.0979,-0.0125,0,1.0000,0,0,-0.0080,19.1449,31.6566,-51.0222,137.9691,0.000,0.000,0.840,-59.7386,-62.8926,63
2026-04-24,16:17:27,50039,1,0.0000,0.0054,-0.0038,0.1127,-0.0125,0,1.0000,0,0,1.1817,25.4547,31.1349,-35.1614,140.5805,0.000,0.000,0.837,-60.7879,-63.5721,63
2026-04-24,16:17:27,50040,1,0.0000,0.0062,-0.0050,0.1459,-0.0125,0,1.0000,0,0,2.8272,39.2257,31.5111,-19.9574,142.4832,0.000,0.000,0.834,-61.6293,-64.4748,63
2026-04-24,16:17:27,50041,1,0.0000,0.0021,-0.0049,0.1440,-0.0125,0,1.0000,0,0,4.3137,34.1599,32.8465,0.9953,145.0036,0.000,0.000,0.831,-61.2118,-64.8439,63
2026-04-24,16:17:27,50042,1,0.0000,-0.0071,-0.0055,0.1608,-0.0125,0,1.0000,0,0,4.4485,11.3877,34.6743,17.5686,147.3911,0.000,0.000,0.828,-62.1136,-64.3809,63
2026-04-24,16:17:27,50042,1,0.0000,-0.0008,-0.0035,0.1016,-0.0125,0,1.0000,0,0,4.0342,-2.2833,36.0745,24.7607,148.9032,0.000,0.000,0.826,-61.3460,-64.5145,63
2026-04-24,16:17:27,50043,1,0.0000,0.0169,-0.0056,0.1662,-0.0125,0,1.0000,0,0,3.6959,-5.1148,37.1221,24.5023,150.3345,0.000,0.000,0.823,-61.4452,-64.7043,63
2026-04-24,16:17:27,50043,1,0.0000,0.0008,-0.0041,0.1220,-0.0125,0,1.0000,0,0,3.4310,-6.2753,37.7072,22.6537,151.2516,0.000,0.000,0.822,-60.7283,-64.0346,63
2026-04-24,16:17:27,50065,1,0.0000,0.0050,-0.0030,0.0897,-0.0125,0,1.0000,0,0,2.7824,-16.4078,39.5338,41.1265,154.6059,0.000,0.000,0.818,-60.1975,-63.3415,63
2026-04-24,16:17:28,50553,1,0.0000,0.0017,-0.0030,0.0886,-0.0125,0,1.0000,0,0,2.6522,-7.6162,40.2051,32.9808,156.0835,0.000,0.000,0.816,-59.5652,-62.9120,63
2026-04-24,16:17:28,50554,1,0.0000,-0.0032,-0.0035,0.1016,-0.0125,0,1.0000,0,0,2.9764,2.9888,40.6762,27.0157,157.1322,0.000,0.000,0.814,-59.0946,-62.4264,63
2026-04-24,16:17:28,50556,1,0.0000,-0.0009,-0.0033,0.0979,-0.0125,0,1.0000,0,0,3.5521,9.2429,41.1688,20.7036,158.3817,0.000,0.000,0.810,-58.5400,-62.0763,63
2026-04-24,16:17:28,50557,1,0.0000,-0.0006,-0.0028,0.0831,-0.0125,0,1.0000,0,0,3.7667,7.3531,41.4302,16.6128,159.2521,0.000,0.000,0.808,-58.4964,-62.0732,63
2026-04-24,16:17:28,50557,1,0.0000,0.0114,-0.0048,0.1423,-0.0125,0,1.0000,0,0,3.8741,4.1027,41.7017,12.5564,160.3775,0.000,0.000,0.805,-57.9030,-61.2395,63
2026-04-24,16:17:28,50558,1,0.0000,0.0004,-0.0050,0.1460,-0.0125,0,1.0000,0,0,3.8100,-0.4618,41.9339,9.7270,161.3772,0.000,0.000,0.802,-57.0536,-60.3612,63
2026-04-24,16:17:28,50558,1,0.0000,-0.0011,-0.0034,0.0997,-0.0125,0,1.0000,0,0,3.4375,-7.0373,42.0622,7.8590,162.0891,0.000,0.000,0.799,-56.5595,-59.6129,63
2026-04-24,16:17:28,50559,1,0.0000,0.0017,-0.0037,0.1090,-0.0125,0,1.0000,0,0,2.7936,-13.9551,42.1440,6.1131,162.7644,0.000,0.000,0.797,-56.0312,-59.2480,63
2026-04-24,16:17:28,50560,1,0.0000,0.0059,-0.0055,0.1617,-0.0125,0,1.0000,0,0,2.2455,-12.7207,42.2744,4.9299,163.6014,0.000,0.000,0.794,-55.6740,-58.8797,63
2026-04-24,16:17:28,50561,1,0.0000,0.0091,-0.0038,0.1118,-0.0125,0,1.0000,0,0,2.1725,-4.7858,42.4447,4.5986,164.3777,0.000,0.000,0.790,-55.0299,-58.3443,63
2026-04-24,16:17:28,50561,1,0.0000,0.0252,-0.0043,0.1255,-0.0125,0,1.0000,0,0,2.1029,-3.5349,42.5513,4.1765,164.9112,0.000,0.000,0.788,-54.4130,-57.6372,63
2026-04-24,16:17:28,50562,1,0.0000,-0.0015,-0.0033,0.0979,-0.0125,0,1.0000,0,0,1.7605,-3.8982,42.6007,3.4367,165.2344,0.000,0.000,0.786,-53.0945,-56.1481,63
2026-04-24,16:17:28,50590,1,0.0000,0.0025,-0.0027,0.0794,-0.0125,0,1.0000,0,0,1.6414,-3.7278,42.7732,4.6438,166.4422,0.000,0.000,0.783,-52.5835,-55.6725,63
2026-04-24,16:17:28,50626,1,0.0000,-0.0029,-0.0041,0.1220,-0.0125,0,1.0000,0,0,1.8015,3.3632,43.0175,6.2588,167.4640,0.000,0.000,0.780,-52.0504,-54.9678,63
2026-04-24,16:17:28,50662,1,0.0000,-0.0030,-0.0040,0.1182,-0.0125,0,1.0000,0,0,1.8691,-0.2960,43.0921,3.2126,168.3327,0.000,0.000,0.777,-51.1010,-54.0567,63
2026-04-24,16:17:28,50698,1,0.0000,-0.0134,-0.0042,0.1236,-0.0125,0,1.0000,0,0,1.7377,-5.9093,43.1502,2.4342,169.0891,0.000,0.000,0.774,-50.3774,-53.3175,63
2026-04-24,16:17:28,50734,1,0.0000,-0.0075,-0.0034,0.1008,-0.0125,0,1.0000,0,0,1.6238,-3.8566,43.3032,3.7915,169.7213,0.000,0.000,0.770,-49.7451,-52.8095,63
2026-04-24,16:17:28,50770,1,0.0000,-0.0088,-0.0032,0.0931,-0.0125,0,1.0000,0,0,1.6993,-0.9855,43.3939,2.8438,170.2792,0.000,0.000,0.767,-48.8926,-52.0770,63
2026-04-24,16:17:28,50806,1,0.0000,0.0115,-0.0040,0.1164,-0.0125,0,1.0000,0,0,1.5714,-6.4635,43.5358,3.9880,170.7484,0.000,0.000,0.764,-48.3206,-51.4634,63
2026-04-24,16:17:28,50842,1,0.0000,0.0098,-0.0051,0.1497,-0.0125,0,1.0000,0,0,1.1777,-13.1632,43.7792,6.4234,171.1586,0.000,0.000,0.761,-47.3328,-50.4343,63
2026-04-24,16:17:28,50878,1,0.0000,0.0125,-0.0026,0.0776,-0.0125,0,1.0000,0,0,0.8617,-10.9780,44.0427,7.4122,171.4967,0.000,0.000,0.758,-46.4236,-49.3859,63
2026-04-24,16:17:28,50914,1,0.0000,-0.0029,-0.0029,0.0859,-0.0125,0,1.0000,0,0,0.5347,-12.1532,44.2888,7.5140,171.8242,0.000,0.000,0.754,-45.6519,-48.8430,63
2026-04-24,16:17:28,50950,1,0.0000,0.0029,-0.0045,0.1325,-0.0125,0,1.0000,0,0,0.0531,-15.2618,44.6178,9.3009,172.0934,0.000,0.000,0.751,-44.6408,-48.1544,63
2026-04-24,16:17:28,50986,1,0.0000,-0.0070,-0.0024,0.0691,-0.0124,0,1.0000,0,0,-0.3219,-12.1233,45.0296,11.7876,172.4202,0.000,0.000,0.748,-44.1073,-47.5035,63
2026-04-24,16:17:28,51022,1,0.0000,0.0115,-0.0050,0.1481,-0.0124,0,1.0000,0,0,-0.7485,-12.9799,45.7028,17.1628,172.7541,0.000,0.000,0.745,-43.1541,-47.3515,63
2026-04-24,16:17:28,51058,1,0.0000,0.0013,-0.0037,0.1077,-0.0124,0,1.0000,0,0,-1.1076,-11.8140,46.3770,18.0839,172.9224,0.000,0.000,0.742,-42.2944,-46.5733,63
2026-04-24,16:17:29,51548,1,0.0000,-0.0026,-0.0032,0.0943,-0.0124,0,1.0000,0,0,-1.2701,-7.8282,46.8393,16.7413,172.9463,0.000,0.000,0.739,-42.4098,-45.5728,63
2026-04-24,16:17:29,51549,1,0.0000,0.0039,-0.0027,0.0792,-0.0124,0,1.0000,0,0,-1.4258,-4.7942,47.1379,12.6963,172.9533,0.000,0.000,0.736,-40.9225,-44.0211,63
2026-04-24,16:17:29,51550,1,0.0000,0.0059,-0.0046,0.1364,-0.0124,0,1.0000,0,0,-1.5243,-2.9031,47.0879,7.0705,172.9691,0.000,0.000,0.733,-40.8887,-42.6589,63
2026-04-24,16:17:29,51551,1,0.0000,-0.0005,-0.0032,0.0943,-0.0124,0,1.0000,0,0,-1.5828,-2.2912,47.0360,4.3275,173.0274,0.000,0.000,0.730,-40.5825,-42.0038,63
2026-04-24,16:17:29,51552,1,0.0000,-0.0101,-0.0021,0.0625,-0.0124,0,1.0000,0,0,-1.6575,-1.8956,46.9876,2.1318,173.0774,0.000,0.000,0.727,-40.6110,-42.0538,63
2026-04-24,16:17:29,51553,1,0.0000,0.0027,-0.0022,0.0657,-0.0124,0,1.0000,0,0,-1.7507,-1.9334,46.9241,0.6879,173.0877,0.000,0.000,0.724,-40.8306,-42.6227,63
2026-04-24,16:17:29,51553,1,0.0000,0.0038,-0.0023,0.0673,-0.0124,0,1.0000,0,0,-1.8285,-2.1589,46.8687,-0.0603,173.1268,0.000,0.000,0.722,-40.9005,-42.8780,63
2026-04-24,16:17:29,51554,1,0.0000,0.0028,-0.0023,0.0690,-0.0124,0,1.0000,0,0,-1.8779,-1.5349,46.8147,-0.5485,173.1658,0.000,0.000,0.718,-41.1715,-42.8034,63
2026-04-24,16:17:29,51555,1,0.0000,0.0019,-0.0040,0.1163,-0.0124,0,1.0000,0,0,-1.9265,-1.4544,46.8069,-0.4469,173.1901,0.000,0.000,0.716,-41.0021,-42.6099,63
2026-04-24,16:17:29,51556,1,0.0000,0.0065,-0.0029,0.0842,-0.0124,0,1.0000,0,0,-1.9731,-1.4770,46.7847,-0.5248,173.2147,0.000,0.000,0.714,-40.8528,-42.0895,63
2026-04-24,16:17:29,51558,1,0.0000,0.0033,-0.0025,0.0725,-0.0124,0,1.0000,0,0,-2.0232,-1.0274,46.7666,-0.4880,173.2367,0.000,0.000,0.710,-40.8545,-41.8883,63
2026-04-24,16:17:29,51564,1,0.0000,-0.0131,-0.0040,0.1164,-0.0124,0,1.0000,0,0,-2.0987,-2.0822,46.7344,-0.4378,173.2626,0.000,0.000,0.707,-41.1252,-42.3570,63
2026-04-24,16:17:29,51600,1,0.0000,-0.0145,-0.0026,0.0758,-0.0124,0,1.0000,0,0,-2.1953,-2.8681,46.6353,-2.6105,173.2975,0.000,0.000,0.704,-41.2369,-42.2928,63
2026-04-24,16:17:29,51636,1,0.0000,0.0031,-0.0020,0.0589,-0.0124,0,1.0000,0,0,-2.2658,-2.3952,46.5065,-3.4690,173.3638,0.000,0.000,0.701,-41.0071,-42.1986,63
2026-04-24,16:17:29,51673,1,0.0000,-0.0165,-0.0017,0.0488,-0.0124,0,1.0000,0,0,-2.3267,-2.0376,46.5374,-0.4615,173.3795,0.000,0.000,0.698,-40.9221,-42.1878,63
2026-04-24,16:17:29,51708,1,0.0000,0.0006,-0.0019,0.0572,-0.0124,0,1.0000,0,0,-2.3703,-2.0678,46.6664,2.6157,173.4297,0.000,0.000,0.694,-40.7787,-42.1302,63
2026-04-24,16:17:29,51744,1,0.0000,0.0023,-0.0040,0.1179,-0.0124,0,1.0000,0,0,-2.4019,-0.4026,46.7876,3.0807,173.4577,0.000,0.000,0.691,-40.9368,-42.2512,63
2026-04-24,16:17:29,51780,1,0.0000,0.0066,-0.0013,0.0370,-0.0124,0,1.0000,0,0,-2.4299,-1.0603,46.8580,2.5890,173.4627,0.000,0.000,0.688,-40.9079,-41.9766,63
2026-04-24,16:17:29,51816,1,0.0000,-0.0142,-0.0019,0.0572,-0.0124,0,1.0000,0,0,-2.4362,-0.2072,46.9436,2.5308,173.4852,0.000,0.000,0.685,-41.1056,-41.9741,63
2026-04-24,16:17:29,51851,1,0.0000,-0.0139,-0.0020,0.0589,-0.0124,0,1.0000,0,0,-2.4844,-1.0253,46.9645,1.2121,173.5088,0.000,0.000,0.682,-41.0137,-42.0720,63
2026-04-24,16:17:29,51887,1,0.0000,0.0088,-0.0032,0.0943,-0.0124,0,1.0000,0,0,-2.4866,-0.7033,47.0323,1.8499,173.5368,0.000,0.000,0.678,-41.1637,-41.9552,63
2026-04-24,16:17:29,51923,1,0.0000,0.0070,-0.0025,0.0741,-0.0124,0,1.0000,0,0,-2.5152,-0.6585,47.0725,1.0092,173.5207,0.000,0.000,0.675,-41.1320,-41.7357,63
2026-04-24,16:17:29,51958,1,0.0000,-0.0156,-0.0029,0.0842,-0.0124,0,1.0000,0,0,-2.5296,-0.4799,46.9919,-1.3996,173.5355,0.000,0.000,0.672,-41.2478,-41.7135,63
2026-04-24,16:17:29,51993,1,0.0000,-0.0044,-0.0023,0.0673,-0.0124,0,1.0000,0,0,-2.5350,-0.3591,46.9719,-0.5924,173.5432,0.000,0.000,0.669,-41.1082,-41.7948,63
2026-04-24,16:17:29,52029,1,0.0000,-0.0067,-0.0030,0.0875,-0.0124,0,1.0000,0,0,-2.5768,-1.1057,47.0749,1.7035,173.5501,0.000,0.000,0.666,-41.2683,-41.8578,63
2026-04-24,16:17:30,52513,1,0.0000,0.0105,-0.0026,0.0758,-0.0124,0,1.0000,0,0,-2.5730,-0.4329,47.1106,1.5146,173.5637,0.000,0.000,0.663,-41.2856,-41.9384,63
2026-04-24,16:17:30,52514,1,0.0000,0.0008,-0.0022,0.0640,-0.0124,0,1.0000,0,0,-2.5887,-0.2637,47.1423,1.2070,173.5502,0.000,0.000,0.660,-41.4139,-42.0468,63
2026-04-24,16:17:30,52515,1,0.0000,0.0048,-0.0013,0.0387,-0.0124,0,1.0000,0,0,-2.5947,-0.2572,47.1717,1.0981,173.5591,0.000,0.000,0.658,-41.4563,-42.1764,63
2026-04-24,16:17:30,52516,1,0.0000,0.0009,-0.0019,0.0572,-0.0124,0,1.0000,0,0,-2.5923,-0.1203,47.1849,0.8670,173.5549,0.000,0.000,0.655,-41.7538,-42.1941,63
2026-04-24,16:17:30,52517,1,0.0000,0.0094,-0.0017,0.0488,-0.0124,0,1.0000,0,0,-2.5906,-0.0540,47.1704,0.3816,173.5361,0.000,0.000,0.652,-41.7170,-42.2649,63
2026-04-24,16:17:30,52518,1,0.0000,0.0073,-0.0027,0.0791,-0.0124,0,1.0000,0,0,-2.5991,-0.1547,47.1894,0.4344,173.5491,0.000,0.000,0.650,-41.7453,-42.7828,63
2026-04-24,16:17:30,52519,1,0.0000,0.0140,-0.0033,0.0960,-0.0124,0,1.0000,0,0,-2.6185,-0.4174,47.1814,0.2152,173.5402,0.000,0.000,0.647,-41.9020,-43.2108,63
2026-04-24,16:17:30,52520,1,0.0000,0.0172,-0.0022,0.0657,-0.0124,0,1.0000,0,0,-2.6242,-0.2930,47.1503,-0.1388,173.5353,0.000,0.000,0.645,-42.4915,-43.1335,63
2026-04-24,16:17:30,52521,1,0.0000,-0.0036,-0.0017,0.0505,-0.0124,0,1.0000,0,0,-2.6260,-0.1178,47.0945,-0.6178,173.5389,0.000,0.000,0.642,-42.7975,-43.0167,63
2026-04-24,16:17:30,52522,1,0.0000,-0.0078,-0.0023,0.0673,-0.0124,0,1.0000,0,0,-2.6385,-0.2561,47.0462,-0.8860,173.5382,0.000,0.000,0.639,-42.6919,-43.4395,63
2026-04-24,16:17:30,52522,1,0.0000,-0.0006,-0.0029,0.0842,-0.0124,0,1.0000,0,0,-2.6339,0.0313,47.0178,-0.7777,173.5516,0.000,0.000,0.636,-42.8776,-43.3577,63
2026-04-24,16:17:30,52523,1,0.0000,-0.0006,-0.0029,0.0842,-0.0124,0,1.0000,0,0,-2.6370,0.0075,47.0293,-0.6559,173.5538,0.000,0.000,0.635,-42.2966,-42.9664,63
2026-04-24,16:17:30,52527,1,0.0000,0.0050,-0.0027,0.0791,-0.0124,0,1.0000,0,0,-2.6330,-0.0051,47.0064,-0.7379,173.5555,0.000,0.000,0.633,-42.5774,-42.8737,63
2026-04-24,16:17:30,52563,1,0.0000,-0.0075,-0.0026,0.0758,-0.0124,0,1.0000,0,0,-2.6369,-0.0434,47.0458,0.5289,173.5497,0.000,0.000,0.630,-42.5129,-42.9097,63
2026-04-24,16:17:30,52599,1,0.0000,-0.0028,-0.0026,0.0774,-0.0124,0,1.0000,0,0,-2.6204,0.0144,46.9941,-1.2738,173.5672,0.000,0.000,0.626,-42.4468,-43.1322,63
2026-04-24,16:17:30,52635,1,0.0000,-0.0020,-0.0027,0.0792,-0.0124,0,1.0000,0,0,-2.6219,0.5364,46.9433,-1.1170,173.5629,0.000,0.000,0.623,-42.5407,-42.9235,63
2026-04-24,16:17:30,52671,1,0.0000,0.0147,-0.0023,0.0674,-0.0124,0,1.0000,0,0,-2.6227,0.2091,47.0201,0.8904,173.5552,0.000,0.000,0.620,-42.4229,-42.7443,63
2026-04-24,16:17:30,52707,1,0.0000,-0.0075,-0.0027,0.0791,-0.0124,0,1.0000,0,0,-2.6019,0.0477,47.1256,2.3445,173.5521,0.000,0.000,0.617,-42.2451,-42.5696,63
2026-04-24,16:17:30,52742,1,0.0000,0.0102,-0.0030,0.0893,-0.0124,0,1.0000,0,0,-2.5999,0.9643,47.1903,1.9673,173.5572,0.000,0.000,0.614,-42.3763,-42.4259,63
2026-04-24,16:17:30,52778,1,0.0000,-0.0135,-0.0025,0.0741,-0.0124,0,1.0000,0,0,-2.6084,-0.7552,47.2362,1.7327,173.5659,0.000,0.000,0.610,-42.1897,-42.3061,63
2026-04-24,16:17:30,52814,1,0.0000,-0.0026,-0.0022,0.0640,-0.0124,0,1.0000,0,0,-2.5840,0.6712,47.3308,2.3802,173.5688,0.000,0.000,0.607,-42.3613,-42.3388,63
2026-04-24,16:17:30,52850,1,0.0000,-0.0000,-0.0013,0.0387,-0.0124,0,1.0000,0,0,-2.6052,-0.4163,47.3716,1.3939,173.5596,0.000,0.000,0.604,-42.3370,-42.3975,63
2026-04-24,16:17:30,52886,1,0.0000,-0.0035,-0.0021,0.0624,-0.0124,0,1.0000,0,0,-2.5875,0.6465,47.2285,-3.0490,173.5592,0.000,0.000,0.601,-42.3417,-42.2486,63
2026-04-24,16:17:30,52922,1,0.0000,-0.0034,-0.0028,0.0825,-0.0124,0,1.0000,0,0,-2.5919,0.2347,47.0662,-4.4903,173.5428,0.000,0.000,0.598,-42.2603,-42.1327,63
2026-04-24,16:17:30,52958,1,0.0000,-0.0018,-0.0026,0.0758,-0.0124,0,1.0000,0,0,-2.5747,0.8300,46.8655,-5.6640,173.5404,0.000,0.000,0.594,-42.2756,-42.1440,63
2026-04-24,16:17:31,53899,1,0.0000,-0.0114,-0.0033,0.0976,-0.0124,0,1.0000,0,0,-2.5813,0.2519,46.8238,-4.2760,173.5495,0.000,0.000,0.592,-42.3126,-42.1364,63
2026-04-24,16:17:31,53900,1,0.0000,0.0028,-0.0027,0.0791,-0.0124,0,1.0000,0,0,-2.5782,0.2794,46.7672,-3.0991,173.5403,0.000,0.000,0.589,-42.2714,-41.9586,63
2026-04-24,16:17:31,53900,1,0.0000,0.0022,-0.0023,0.0673,-0.0124,0,1.0000,0,0,-2.5817,0.0206,46.7374,-2.4013,173.5293,0.000,0.000,0.586,-42.3015,-41.8706,63
2026-04-24,16:17:31,53901,1,0.0000,0.0067,-0.0030,0.0875,-0.0124,0,1.0000,0,0,-2.5874,-0.0520,46.7095,-1.8982,173.5225,0.000,0.000,0.584,-42.2817,-41.8559,63
2026-04-24,16:17:31,53901,1,0.0000,-0.0132,-0.0022,0.0657,-0.0124,0,1.0000,0,0,-2.5825,0.0482,46.6900,-1.3170,173.5406,0.000,0.000,0.581,-42.3809,-41.8946,63
2026-04-24,16:17:31,53902,1,0.0000,0.0023,-0.0021,0.0623,-0.0124,0,1.0000,0,0,-2.5870,-0.0296,46.6889,-0.8016,173.5426,0.000,0.000,0.578,-42.3780,-41.8704,63
2026-04-24,16:17:31,53904,1,0.0000,-0.0040,-0.0026,0.0758,-0.0124,0,1.0000,0,0,-2.5935,-0.0745,46.6672,-0.7512,173.5270,0.000,0.000,0.575,-42.4494,-41.8211,63
2026-04-24,16:17:31,53905,1,0.0000,0.0065,-0.0029,0.0859,-0.0124,0,1.0000,0,0,-2.6054,-0.1859,46.6725,-0.4644,173.5320,0.000,0.000,0.573,-42.4402,-41.8297,63
2026-04-24,16:17:31,53906,1,0.0000,-0.0024,-0.0026,0.0758,-0.0124,0,1.0000,0,0,-2.6032,-0.0719,46.6717,-0.3195,173.5366,0.000,0.000,0.570,-42.4588,-41.8235,63
2026-04-24,16:17:31,53907,1,0.0000,-0.0077,-0.0033,0.0976,-0.0124,0,1.0000,0,0,-2.5915,0.1636,46.6914,0.0126,173.5438,0.000,0.000,0.567,-42.4893,-41.8089,63
2026-04-24,16:17:31,53907,1,0.0000,-0.0002,-0.0038,0.1130,-0.0124,0,1.0000,0,0,-2.5940,0.0240,46.7028,0.1222,173.5418,0.000,0.000,0.565,-42.4603,-41.8029,63
2026-04-24,16:17:31,53908,1,0.0000,-0.0028,-0.0023,0.0690,-0.0124,0,1.0000,0,0,-2.6121,-0.0690,46.7462,0.2077,173.5391,0.000,0.000,0.564,-42.4955,-41.7894,63
2026-04-24,16:17:31,53908,1,0.0000,-0.0039,-0.0035,0.1044,-0.0124,0,1.0000,0,0,-2.6263,-0.2459,46.7393,0.0521,173.5423,0.000,0.000,0.561,-42.5296,-41.7878,63
2026-04-24,16:17:31,53909,1,0.0000,0.0040,-0.0030,0.0875,-0.0124,0,1.0000,0,0,-2.6326,-0.2068,46.7218,-0.1262,173.5435,0.000,0.000,0.558,-42.5232,-41.7507,63
2026-04-24,16:17:31,53910,1,0.0000,-0.0061,-0.0020,0.0589,-0.0124,0,1.0000,0,0,-2.6361,-0.2179,46.6916,-0.3759,173.5615,0.000,0.000,0.556,-42.5715,-41.7783,63
2026-04-24,16:17:31,53911,1,0.0000,-0.0068,-0.0025,0.0741,-0.0124,0,1.0000,0,0,-2.6366,-0.1066,46.6736,-0.4243,173.5637,0.000,0.000,0.554,-42.6052,-41.7988,63
2026-04-24,16:17:31,53911,1,0.0000,0.0050,-0.0021,0.0606,-0.0124,0,1.0000,0,0,-2.6390,-0.0694,46.6846,-0.1707,173.5751,0.000,0.000,0.551,-42.5952,-41.7728,63
2026-04-24,16:17:31,53912,1,0.0000,-0.0048,-0.0020,0.0589,-0.0124,0,1.0000,0,0,-2.6362,-0.0121,46.6990,0.0003,173.5950,0.000,0.000,0.549,-42.6293,-41.7510,63
2026-04-24,16:17:31,53912,1,0.0000,-0.0074,-0.0025,0.0725,-0.0124,0,1.0000,0,0,-2.6307,0.0546,46.6894,-0.0901,173.5885,0.000,0.000,0.546,-42.6548,-41.7157,63
2026-04-24,16:17:31,53914,1,0.0000,0.0034,-0.0027,0.0791,-0.0124,0,1.0000,0,0,-2.6379,-0.1642,46.6665,-0.2829,173.6068,0.000,0.000,0.544,-42.6710,-41.6757,63
2026-04-24,16:17:31,53916,1,0.0000,0.0086,-0.0022,0.0657,-0.0124,0,1.0000,0,0,-2.6366,-0.0445,46.6176,-0.6324,173.6107,0.000,0.000,0.541,-42.6844,-41.6440,63
2026-04-24,16:17:31,53916,1,0.0000,0.0005,-0.0025,0.0724,-0.0124,0,1.0000,0,0,-2.6300,0.0948,46.5918,-0.6725,173.6020,0.000,0.000,0.538,-42.6859,-41.6101,63
2026-04-24,16:17:31,53917,1,0.0000,0.0025,-0.0026,0.0774,-0.0124,0,1.0000,0,0,-2.6428,-0.1477,46.5958,-0.4129,173.5974,0.000,0.000,0.536,-42.7208,-41.5964,63
2026-04-24,16:17:31,53918,1,0.0000,-0.0027,-0.0028,0.0825,-0.0124,0,1.0000,0,0,-2.6653,-0.1993,46.6229,-0.1923,173.6001,0.000,0.000,0.534,-42.7872,-41.5804,63
2026-04-24,16:17:31,53919,1,0.0000,-0.0097,-0.0016,0.0472,-0.0124,0,1.0000,0,0,-2.6566,0.0365,46.6403,-0.0266,173.6003,0.000,0.000,0.532,-42.8000,-41.5778,63
2026-04-24,16:17:32,54402,1,0.0000,-0.0020,-0.0018,0.0539,-0.0124,0,1.0000,0,0,-2.6575,0.0698,46.6955,0.8618,173.5933,0.000,0.000,0.530,-42.7972,-41.5467,63
2026-04-24,16:17:32,54403,1,0.0000,-0.0025,-0.0024,0.0708,-0.0124,0,1.0000,0,0,-2.6558,0.0445,46.7365,0.9928,173.5922,0.000,0.000,0.527,-42.8300,-41.5627,63
2026-04-24,16:17:32,54403,1,0.0000,-0.0012,-0.0040,0.1163,-0.0124,0,1.0000,0,0,-2.6602,-0.0705,46.8010,1.1977,173.6053,0.000,0.000,0.524,-42.8195,-41.5001,63
2026-04-24,16:17:32,54404,1,0.0000,-0.0125,-0.0027,0.0791,-0.0124,0,1.0000,0,0,-2.6447,0.2197,46.8354,1.0312,173.6133,0.000,0.000,0.521,-42.8538,-41.5085,63
2026-04-24,16:17:32,54405,1,0.0000,0.0076,-0.0029,0.0842,-0.0124,0,1.0000,0,0,-2.6552,-0.0673,46.8559,0.8867,173.6028,0.000,0.000,0.518,-42.8835,-41.5492,63
2026-04-24,16:17:32,54407,1,0.0000,0.0137,-0.0020,0.0589,-0.0124,0,1.0000,0,0,-2.6521,0.0317,46.8783,0.7419,173.6045,0.000,0.000,0.515,-42.9064,-41.6195,63
2026-04-24,16:17:32,54408,1,0.0000,0.0036,-0.0025,0.0741,-0.0124,0,1.0000,0,0,-2.6554,-0.0965,46.8854,0.5799,173.6105,0.000,0.000,0.513,-42.9584,-41.6532,63
2026-04-24,16:17:32,54409,1,0.0000,-0.0037,-0.0019,0.0572,-0.0124,0,1.0000,0,0,-2.6528,0.0391,46.9067,0.5956,173.6133,0.000,0.000,0.510,-42.9648,-41.6338,63
2026-04-24,16:17:32,54409,1,0.0000,-0.0093,-0.0035,0.1044,-0.0124,0,1.0000,0,0,-2.6598,-0.1144,46.9475,0.7574,173.6034,0.000,0.000,0.507,-42.9960,-41.5846,63
2026-04-24,16:17:32,54410,1,0.0000,0.0017,-0.0019,0.0572,-0.0124,0,1.0000,0,0,-2.6630,-0.0495,46.9982,1.0184,173.6098,0.000,0.000,0.505,-43.0103,-41.6006,63
2026-04-24,16:17:32,54410,1,0.0000,0.0013,-0.0026,0.0758,-0.0124,0,1.0000,0,0,-2.6537,0.1520,47.0472,1.1410,173.6151,0.000,0.000,0.502,-43.0438,-41.6212,63
2026-04-24,16:17:32,54411,1,0.0000,0.0069,-0.0020,0.0589,-0.0124,0,1.0000,0,0,-2.6620,0.0873,47.0968,1.1433,173.6183,0.000,0.000,0.501,-43.0807,-41.6475,63
2026-04-24,16:17:32,54412,1,0.0000,-0.0065,-0.0013,0.0371,-0.0124,0,1.0000,0,0,-2.6615,0.0495,47.1161,1.0083,173.6224,0.000,0.000,0.499,-43.0455,-41.6306,63
2026-04-24,16:17:32,54442,1,0.0000,0.0087,-0.0027,0.0808,-0.0124,0,1.0000,0,0,-2.6349,0.9083,47.1552,1.3431,173.6122,0.000,0.000,0.496,-43.0804,-41.5742,63
2026-04-24,16:17:32,54478,1,0.0000,-0.0028,-0.0030,0.0875,-0.0124,0,1.0000,0,0,-2.6390,0.2210,47.2908,3.2652,173.6102,0.000,0.000,0.493,-43.1091,-41.5576,63
2026-04-24,16:17:32,54514,1,0.0000,0.0203,-0.0020,0.0590,-0.0124,0,1.0000,0,0,-2.6468,-0.2875,47.3927,2.8189,173.6010,0.000,0.000,0.490,-43.1173,-41.5873,63
2026-04-24,16:17:32,54550,1,0.0000,0.0016,-0.0026,0.0758,-0.0124,0,1.0000,0,0,-2.6532,-0.0194,47.3909,0.7985,173.5950,0.000,0.000,0.486,-43.1278,-41.5841,63
2026-04-24,16:17:32,54586,1,0.0000,-0.0074,-0.0029,0.0842,-0.0124,0,1.0000,0,0,-2.6348,0.6373,47.3281,-0.9374,173.5844,0.000,0.000,0.483,-43.1073,-41.5875,63
2026-04-24,16:17:32,54622,1,0.0000,-0.0000,-0.0027,0.0808,-0.0124,0,1.0000,0,0,-2.6046,0.7102,47.2114,-3.1658,173.5725,0.000,0.000,0.480,-43.0975,-41.6083,63
2026-04-24,16:17:32,54658,1,0.0000,-0.0092,-0.0022,0.0657,-0.0124,0,1.0000,0,0,-2.6029,0.1231,47.1989,-0.8048,173.5744,0.000,0.000,0.477,-43.1025,-41.5802,63
2026-04-24,16:17:32,54694,1,0.0000,0.0034,-0.0023,0.0673,-0.0124,0,1.0000,0,0,-2.5958,0.5738,47.2364,0.0235,173.5580,0.000,0.000,0.474,-43.1193,-41.5410,63
2026-04-24,16:17:32,54730,1,0.0000,-0.0033,-0.0023,0.0673,-0.0124,0,1.0000,0,0,-2.5949,0.0998,47.2238,-0.1326,173.5482,0.000,0.000,0.470,-43.1373,-41.5105,63
2026-04-24,16:17:32,54766,1,0.0000,0.0008,-0.0016,0.0472,-0.0124,0,1.0000,0,0,-2.5902,0.4814,47.1943,-1.0431,173.5555,0.000,0.000,0.467,-43.1381,-41.4720,63
2026-04-24,16:17:32,54802,1,0.0000,0.0085,-0.0025,0.0724,-0.0124,0,1.0000,0,0,-2.5815,0.4576,47.0857,-2.3803,173.5450,0.000,0.000,0.464,-43.1868,-41.4549,63
2026-04-24,16:17:32,54838,1,0.0000,-0.0002,-0.0016,0.0472,-0.0124,0,1.0000,0,0,-2.5942,-0.2105,47.0502,-1.6183,173.5476,0.000,0.000,0.461,-43.1867,-41.3855,63
2026-04-24,16:17:32,54874,1,0.0000,-0.0003,-0.0049,0.1433,-0.0124,0,1.0000,0,0,-2.5922,-0.4138,47.0518,-0.6124,173.5502,0.000,0.000,0.458,-43.1748,-41.3463,63
2026-04-24,16:17:33,55362,1,0.0000,-0.0097,-0.0026,0.0774,-0.0124,0,1.0000,0,0,-2.6116,-0.5036,47.0280,-0.6092,173.5620,0.000,0.000,0.454,-43.1587,-41.3337,63
2026-04-24,16:17:33,55363,1,0.0000,0.0090,-0.0040,0.1162,-0.0124,0,1.0000,0,0,-2.6246,-0.4490,47.0004,-0.6795,173.5739,0.000,0.000,0.452,-43.1594,-41.3083,63
2026-04-24,16:17:33,55363,1,0.0000,-0.0071,-0.0026,0.0758,-0.0124,0,1.0000,0,0,-2.6315,-0.2102,46.9836,-0.5792,173.5793,0.000,0.000,0.449,-43.1458,-41.3098,63
2026-04-24,16:17:33,55364,1,0.0000,-0.0029,-0.0023,0.0673,-0.0124,0,1.0000,0,0,-2.6316,-0.0432,46.9696,-0.4744,173.5780,0.000,0.000,0.446,-43.1423,-41.2647,63
2026-04-24,16:17:33,55364,1,0.0000,0.0116,-0.0030,0.0876,-0.0124,0,1.0000,0,0,-2.6343,-0.0615,46.9576,-0.3964,173.5874,0.000,0.000,0.442,-43.1827,-41.2668,63
2026-04-24,16:17:33,55365,1,0.0000,-0.0014,-0.0030,0.0875,-0.0124,0,1.0000,0,0,-2.6288,0.0104,46.9487,-0.3574,173.5858,0.000,0.000,0.440,-43.2014,-41.2934,63
2026-04-24,16:17:33,55367,1,0.0000,0.0047,-0.0017,0.0505,-0.0124,0,1.0000,0,0,-2.6316,-0.0412,46.9281,-0.4396,173.5866,0.000,0.000,0.438,-43.2154,-41.3259,63
2026-04-24,16:17:33,55369,1,0.0000,-0.0019,-0.0027,0.0791,-0.0124,0,1.0000,0,0,-2.6267,0.0318,46.8833,-0.7408,173.5920,0.000,0.000,0.435,-43.2027,-41.3418,63
2026-04-24,16:17:33,55369,1,0.0000,-0.0108,-0.0020,0.0589,-0.0124,0,1.0000,0,0,-2.6251,0.0477,46.8430,-0.8783,173.5926,0.000,0.000,0.433,-43.2042,-41.3605,63
2026-04-24,16:17:33,55370,1,0.0000,-0.0077,-0.0028,0.0824,-0.0124,0,1.0000,0,0,-2.6320,-0.1810,46.8032,-0.9164,173.5949,0.000,0.000,0.430,-43.1700,-41.3653,63
2026-04-24,16:17:33,55370,1,0.0000,0.0136,-0.0031,0.0910,-0.0124,0,1.0000,0,0,-2.6419,-0.1398,46.8030,-0.6683,173.5883,0.000,0.000,0.426,-43.1763,-41.3853,63
2026-04-24,16:17:33,55375,1,0.0000,0.0030,-0.0025,0.0741,-0.0124,0,1.0000,0,0,-2.6390,0.1881,46.8205,-0.3121,173.5874,0.000,0.000,0.424,-43.1624,-41.4223,63
2026-04-24,16:17:33,55410,1,0.0000,-0.0066,-0.0044,0.1281,-0.0124,0,1.0000,0,0,-2.6292,0.4020,46.7546,-1.5812,173.6116,0.000,0.000,0.421,-43.1486,-41.4296,63
2026-04-24,16:17:33,55446,1,0.0000,0.0037,-0.0026,0.0758,-0.0124,0,1.0000,0,0,-2.6211,0.2182,46.6783,-2.4574,173.6042,0.000,0.000,0.418,-43.1596,-41.4307,63
2026-04-24,16:17:33,55482,1,0.0000,-0.0090,-0.0022,0.0640,-0.0124,0,1.0000,0,0,-2.6041,0.8201,46.6503,-1.4194,173.5992,0.000,0.000,0.414,-43.1573,-41.3811,63
2026-04-24,16:17:33,55518,1,0.0000,0.0089,-0.0025,0.0741,-0.0124,0,1.0000,0,0,-2.6022,0.5761,46.6372,-1.0069,173.6068,0.000,0.000,0.411,-43.1508,-41.3475,63
2026-04-24,16:17:33,55554,1,0.0000,-0.0015,-0.0029,0.0859,-0.0124,0,1.0000,0,0,-2.6003,0.2794,46.5550,-2.0527,173.5871,0.000,0.000,0.408,-43.1348,-41.2922,63
2026-04-24,16:17:33,55590,1,0.0000,-0.0050,-0.0029,0.0842,-0.0124,0,1.0000,0,0,-2.5836,0.5139,46.6051,0.6607,173.5837,0.000,0.000,0.405,-43.0709,-41.2622,63
2026-04-24,16:17:33,55626,1,0.0000,-0.0117,-0.0020,0.0589,-0.0124,0,1.0000,0,0,-2.5735,0.2213,46.6914,1.5793,173.5870,0.000,0.000,0.402,-43.0605,-41.2357,63
2026-04-24,16:17:33,55662,1,0.0000,-0.0088,-0.0023,0.0690,-0.0124,0,1.0000,0,0,-2.5761,0.3001,46.6095,-1.3524,173.5739,0.000,0.000,0.398,-43.0705,-41.2486,63
2026-04-24,16:17:33,55698,1,0.0000,0.0024,-0.0021,0.0623,-0.0124,0,1.0000,0,0,-2.5665,0.0587,46.5195,-2.2967,173.5728,0.000,0.000,0.395,-43.0632,-41.2332,63
2026-04-24,16:17:33,55734,1,0.0000,0.0017,-0.0026,0.0774,-0.0124,0,1.0000,0,0,-2.5584,0.3543,46.5039,-0.8060,173.5691,0.000,0.000,0.392,-43.0144,-41.2311,63
2026-04-24,16:17:33,55769,1,0.0000,-0.0022,-0.0026,0.0758,-0.0124,0,1.0000,0,0,-2.5589,0.2452,46.6306,2.1608,173.5571,0.000,0.000,0.389,-43.0162,-41.2010,63
2026-04-24,16:17:33,55805,1,0.0000,-0.0069,-0.0016,0.0472,-0.0124,0,1.0000,0,0,-2.5567,0.1410,46.5798,-0.7719,173.5640,0.000,0.000,0.386,-43.0708,-41.1799,63
2026-04-24,16:17:33,55840,1,0.0000,-0.0126,-0.0032,0.0927,-0.0124,0,1.0000,0,0,-2.5527,-0.0269,46.5656,-0.2741,173.5698,0.000,0.000,0.382,-43.0427,-41.2236,63
2026-04-24,16:17:33,56329,1,0.0000,0.0039,-0.0021,0.0623,-0.0124,0,1.0000,0,0,-2.5619,-0.1973,46.5997,0.1588,173.5919,0.000,0.000,0.379,-43.0409,-41.2735,63
2026-04-24,16:17:33,56330,1,0.0000,0.0088,-0.0012,0.0354,-0.0124,0,1.0000,0,0,-2.5678,-0.1894,46.6021,0.1211,173.5898,0.000,0.000,0.377,-43.0841,-41.2471,63
2026-04-24,16:17:33,56331,1,0.0000,0.0053,-0.0025,0.0724,-0.0124,0,1.0000,0,0,-2.5761,-0.1984,46.6233,0.2826,173.5870,0.000,0.000,0.374,-43.0465,-41.2198,63
2026-04-24,16:17:33,56332,1,0.0000,-0.0064,-0.0024,0.0706,-0.0124,0,1.0000,0,0,-2.5897,-0.3015,46.6545,0.4774,173.5845,0.000,0.000,0.371,-43.0039,-41.2178,63
2026-04-24,16:17:33,56333,1,0.0000,-0.0085,-0.0019,0.0572,-0.0124,0,1.0000,0,0,-2.5898,-0.1373,46.6941,0.7197,173.5815,0.000,0.000,0.369,-43.0286,-41.2208,63
2026-04-24,16:17:33,56333,1,0.0000,0.0006,-0.0022,0.0657,-0.0124,0,1.0000,0,0,-2.5968,-0.2059,46.7307,0.8327,173.5867,0.000,0.000,0.366,-43.0224,-41.2007,63
2026-04-24,16:17:33,56334,1,0.0000,-0.0012,-0.0026,0.0774,-0.0124,0,1.0000,0,0,-2.6035,-0.1940,46.7662,0.9020,173.5894,0.000,0.000,0.364,-43.0407,-41.2137,63
2026-04-24,16:17:33,56335,1,0.0000,0.0026,-0.0023,0.0673,-0.0124,0,1.0000,0,0,-2.6133,-0.3602,46.8012,0.8782,173.5892,0.000,0.000,0.361,-42.9924,-41.2121,63
2026-04-24,16:17:33,56336,1,0.0000,0.0175,-0.0022,0.0657,-0.0124,0,1.0000,0,0,-2.6179,-0.1932,46.8320,0.8200,173.5857,0.000,0.000,0.358,-43.0178,-41.2596,63
2026-04-24,16:17:33,56337,1,0.0000,-0.0090,-0.0021,0.0605,-0.0124,0,1.0000,0,0,-2.6368,-0.4404,46.8685,0.9170,173.5904,0.000,0.000,0.355,-42.9659,-41.2556,63
2026-04-24,16:17:33,56337,1,0.0000,-0.0016,-0.0026,0.0774,-0.0124,0,1.0000,0,0,-2.6275,-0.0723,46.9077,0.9920,173.6021,0.000,0.000,0.353,-42.9357,-41.1942,63
2026-04-24,16:17:33,56338,1,0.0000,0.0006,-0.0023,0.0673,-0.0124,0,1.0000,0,0,-2.6510,-0.2046,46.9388,0.9402,173.6162,0.000,0.000,0.351,-42.9149,-41.1836,63
2026-04-24,16:17:33,56338,1,0.0000,0.0054,-0.0020,0.0589,-0.0124,0,1.0000,0,0,-2.6590,-0.1990,46.9572,0.8733,173.6149,0.000,0.000,0.350,-42.9371,-41.2260,63
2026-04-24,16:17:34,56366,1,0.0000,-0.0088,-0.0033,0.0959,-0.0124,0,1.0000,0,0,-2.6401,0.8449,46.9694,0.5789,173.6037,0.000,0.000,0.346,-42.8937,-41.1960,63
2026-04-24,16:17:34,56402,1,0.0000,0.0012,-0.0017,0.0506,-0.0124,0,1.0000,0,0,-2.6238,0.4963,46.9734,0.1959,173.5887,0.000,0.000,0.343,-42.9109,-41.1476,63
2026-04-24,16:17:34,56438,1,0.0000,0.0070,-0.0019,0.0556,-0.0124,0,1.0000,0,0,-2.6214,-0.2658,46.9435,-0.9271,173.6037,0.000,0.000,0.340,-42.9150,-41.0883,63
2026-04-24,16:17:34,56473,1,0.0000,0.0072,-0.0032,0.0943,-0.0124,0,1.0000,0,0,-2.5925,0.6729,46.8411,-2.6743,173.5910,0.000,0.000,0.337,-42.8227,-41.1224,63
2026-04-24,16:17:34,56509,1,0.0000,0.0102,-0.0022,0.0640,-0.0124,0,1.0000,0,0,-2.5905,-0.0512,46.7022,-3.8904,173.5953,0.000,0.000,0.334,-42.8660,-41.1782,63
2026-04-24,16:17:34,56546,1,0.0000,0.0036,-0.0023,0.0690,-0.0124,0,1.0000,0,0,-2.5866,-0.3509,46.5674,-3.9606,173.6015,0.000,0.000,0.330,-42.8683,-41.2146,63
2026-04-24,16:17:34,56581,1,0.0000,0.0092,-0.0026,0.0774,-0.0124,0,1.0000,0,0,-2.5816,-0.1776,46.5074,-2.6147,173.5975,0.000,0.000,0.327,-42.8840,-41.2136,63
2026-04-24,16:17:34,56617,1,0.0000,-0.0028,-0.0018,0.0539,-0.0124,0,1.0000,0,0,-2.6054,-0.3684,46.5738,0.7829,173.5898,0.000,0.000,0.324,-42.8833,-41.1860,63
2026-04-24,16:17:34,56653,1,0.0000,0.0032,-0.0018,0.0539,-0.0124,0,1.0000,0,0,-2.6158,-0.2659,46.6844,2.0372,173.5815,0.000,0.000,0.321,-42.9125,-41.2133,63
2026-04-24,16:17:34,56689,1,0.0000,-0.0123,-0.0040,0.1180,-0.0124,0,1.0000,0,0,-2.6315,-0.5299,46.6951,0.8436,173.5675,0.000,0.000,0.318,-42.8790,-41.1890,63
2026-04-24,16:17:34,56726,1,0.0000,-0.0012,-0.0027,0.0807,-0.0124,0,1.0000,0,0,-2.6266,0.3810,46.7548,1.5165,173.5679,0.000,0.000,0.314,-42.8623,-41.1722,63
2026-04-24,16:17:34,56761,1,0.0000,-0.0042,-0.0019,0.0572,-0.0124,0,1.0000,0,0,-2.6470,-0.5182,46.7825,1.1118,173.5692,0.000,0.000,0.311,-42.8814,-41.2161,63
2026-04-24,16:17:34,56797,1,0.0000,0.0166,-0.0026,0.0775,-0.0124,0,1.0000,0,0,-2.6419,-0.3550,46.8134,0.8575,173.5691,0.000,0.000,0.308,-42.8848,-41.1916,63
2026-04-24,16:17:34,57289,1,0.0000,0.0023,-0.0026,0.0774,-0.0124,0,1.0000,0,0,-2.6288,0.0948,46.8180,0.6229,173.5789,0.000,0.000,0.306,-42.8662,-41.2048,63
2026-04-24,16:17:34,57290,1,0.0000,0.0027,-0.0012,0.0354,-0.0124,0,1.0000,0,0,-2.6470,-0.2163,46.8196,0.3826,173.5717,0.000,0.000,0.302,-42.9212,-41.1740,63
2026-04-24,16:17:34,57291,1,0.0000,0.0005,-0.0019,0.0572,-0.0124,0,1.0000,0,0,-2.6671,-0.3451,46.8304,0.3396,173.5736,0.000,0.000,0.299,-42.9230,-41.2134,63
2026-04-24,16:17:34,57291,1,0.0000,0.0011,-0.0015,0.0455,-0.0124,0,1.0000,0,0,-2.6768,-0.2914,46.8383,0.2675,173.5809,0.000,0.000,0.296,-42.8582,-41.1620,63
2026-04-24,16:17:34,57292,1,0.0000,0.0026,-0.0033,0.0960,-0.0124,0,1.0000,0,0,-2.6775,-0.1548,46.8386,0.1789,173.5823,0.000,0.000,0.294,-42.8791,-41.1725,63
2026-04-24,16:17:34,57292,1,0.0000,-0.0016,-0.0030,0.0892,-0.0124,0,1.0000,0,0,-2.6788,-0.0260,46.8235,-0.0154,173.5849,0.000,0.000,0.291,-42.8715,-41.2032,63
2026-04-24,16:17:34,57293,1,0.0000,-0.0093,-0.0018,0.0524,-0.0124,0,1.0000,0,0,-2.6762,0.0360,46.8145,-0.0988,173.5819,0.000,0.000,0.289,-42.9000,-41.2029,63
2026-04-24,16:17:34,57295,1,0.0000,0.0044,-0.0026,0.0758,-0.0124,0,1.0000,0,0,-2.6719,0.0987,46.7975,-0.2315,173.5913,0.000,0.000,0.286,-42.8889,-41.2018,63
2026-04-24,16:17:34,57296,1,0.0000,0.0128,-0.0023,0.0674,-0.0124,0,1.0000,0,0,-2.6796,-0.1363,46.7833,-0.2677,173.5937,0.000,0.000,0.283,-42.8210,-41.2048,63
2026-04-24,16:17:34,57297,1,0.0000,-0.0009,-0.0019,0.0556,-0.0124,0,1.0000,0,0,-2.6786,-0.0021,46.7724,-0.2860,173.6022,0.000,0.000,0.281,-42.8724,-41.2249,63
2026-04-24,16:17:34,57298,1,0.0000,0.0015,-0.0037,0.1095,-0.0124,0,1.0000,0,0,-2.6782,-0.0554,46.7501,-0.4056,173.6070,0.000,0.000,0.278,-42.8682,-41.2277,63
2026-04-24,16:17:34,57298,1,0.0000,0.0017,-0.0022,0.0640,-0.0124,0,1.0000,0,0,-2.6902,-0.1001,46.7710,-0.3077,173.6233,0.000,0.000,0.278,-42.8608,-41.1469,63
2026-04-24,16:17:34,57299,1,0.0000,0.0070,-0.0045,0.1330,-0.0124,0,1.0000,0,0,-2.6947,-0.1260,46.7621,-0.2930,173.6187,0.000,0.000,0.276,-42.9225,-41.1364,63
2026-04-24,16:17:34,57321,1,0.0000,-0.0117,-0.0015,0.0439,-0.0124,0,1.0000,0,0,-2.6864,-0.1706,46.7649,0.0259,173.6364,0.000,0.000,0.273,-42.9229,-41.2265,63
2026-04-24,16:17:35,57357,1,0.0000,0.0007,-0.0032,0.0943,-0.0124,0,1.0000,0,0,-2.6521,0.2184,46.8373,1.5704,173.6226,0.000,0.000,0.270,-42.8693,-41.2230,63
2026-04-24,16:17:35,57393,1,0.0000,0.0012,-0.0041,0.1213,-0.0124,0,1.0000,0,0,-2.6396,0.3212,46.8670,0.7679,173.6306,0.000,0.000,0.266,-42.9307,-41.2356,63
2026-04-24,16:17:35,57429,1,0.0000,-0.0028,-0.0027,0.0791,-0.0124,0,1.0000,0,0,-2.6081,0.8963,46.8035,-1.1534,173.6559,0.000,0.000,0.263,-41.4790,-41.0157,63
2026-04-24,16:17:35,57465,1,0.0000,-0.0131,-0.0023,0.0673,-0.0124,0,1.0000,0,0,-2.6063,0.0339,46.7041,-2.6319,173.6534,0.000,0.000,0.260,-41.3138,-41.0246,63
2026-04-24,16:17:35,57500,1,0.0000,0.0057,-0.0026,0.0774,-0.0124,0,1.0000,0,0,-2.6077,-0.0104,46.6176,-2.5165,173.6258,0.000,0.000,0.257,-43.3972,-43.6933,63
2026-04-24,16:17:35,57536,1,0.0000,0.0043,-0.0025,0.0741,-0.0124,0,1.0000,0,0,-2.5969,0.7506,46.5514,-2.0697,173.6005,0.000,0.000,0.254,-44.5314,-44.4785,63
2026-04-24,16:17:35,57572,1,0.0000,0.0025,-0.0030,0.0892,-0.0124,0,1.0000,0,0,-2.5994,-0.1104,46.5741,-0.3135,173.5955,0.000,0.000,0.250,-44.0017,-44.1326,63
2026-04-24,16:17:35,57608,1,0.0000,-0.0076,-0.0023,0.0673,-0.0124,0,1.0000,0,0,-2.5878,-0.1186,46.6599,1.5233,173.5853,0.000,0.000,0.247,-43.4942,-41.4301,63
2026-04-24,16:17:35,57644,1,0.0000,-0.0111,-0.0029,0.0859,-0.0124,0,1.0000,0,0,-2.6254,-1.5789,46.7280,1.7305,173.5904,0.000,0.000,0.244,-43.3469,-39.2222,63
2026-04-24,16:17:35,57681,1,0.0000,-0.0026,-0.0025,0.0741,-0.0124,0,1.0000,0,0,-2.5950,0.1396,46.6653,-0.6674,173.5910,0.000,0.000,0.241,-44.3352,-33.9497,63
2026-04-24,16:17:35,57716,1,0.0000,0.0098,-0.0024,0.0707,-0.0124,0,1.0000,0,0,-2.5990,0.7022,46.6558,-0.4607,173.6389,0.000,0.000,0.238,-46.1677,-33.5799,63
2026-04-24,16:17:35,57752,1,0.0000,-0.0091,-0.0026,0.0758,-0.0124,0,1.0000,0,0,-2.5561,-0.1113,46.6591,-0.3220,173.7252,0.000,0.000,0.234,-46.6344,-32.4859,63
2026-04-24,16:17:36,58696,1,0.0000,-0.0041,-0.0038,0.1118,-0.0124,0,1.0000,0,0,-2.5817,-0.4595,46.7011,0.2204,173.7112,0.000,0.000,0.231,-46.9134,-28.0114,63
2026-04-24,16:17:36,58698,1,0.0000,0.0023,-0.0015,0.0451,-0.0124,0,1.0000,0,0,-2.6134,-0.7700,46.6734,-0.1207,173.6885,0.000,0.000,0.229,-46.6003,-28.2834,63
2026-04-24,16:17:36,58699,1,0.0000,-0.0032,-0.0023,0.0673,-0.0124,0,1.0000,0,0,-2.6103,-0.2539,46.6441,-0.3563,173.6985,0.000,0.000,0.226,-46.7221,-23.1522,63
2026-04-24,16:17:36,58700,1,0.0000,-0.0065,-0.0015,0.0440,-0.0124,0,1.0000,0,0,-2.6563,-0.8090,46.6114,-0.5343,173.6758,0.000,0.000,0.223,-47.2119,-18.2614,63
2026-04-24,16:17:36,58700,1,0.0000,-0.0029,-0.0029,0.0843,-0.0124,0,1.0000,0,0,-2.6562,-0.6546,46.5974,-0.4421,173.6902,0.000,0.000,0.220,-42.9886,-19.4468,63
2026-04-24,16:17:36,58701,1,0.0000,0.0037,-0.0013,0.0371,-0.0124,0,1.0000,0,0,-2.6639,-0.2574,46.6130,-0.1568,173.6902,0.000,0.000,0.218,-41.0320,-22.2857,63
2026-04-24,16:17:36,58701,1,0.0000,-0.0053,-0.0006,0.0185,-0.0124,0,1.0000,0,0,-2.6907,-0.6325,46.6080,-0.1592,173.6913,0.000,0.000,0.215,-40.9974,-22.5803,63
2026-04-24,16:17:36,58702,1,0.0000,-0.0011,-0.0017,0.0504,-0.0124,0,1.0000,0,0,-2.6761,0.0329,46.6014,-0.1646,173.6818,0.000,0.000,0.213,-40.6534,-24.5320,63
2026-04-24,16:17:36,58703,1,0.0000,-0.0062,-0.0013,0.0371,-0.0124,0,1.0000,0,0,-2.6960,-0.3314,46.6360,0.2226,173.6783,0.000,0.000,0.210,-40.5685,-25.8497,63
2026-04-24,16:17:36,58704,1,0.0000,-0.0010,-0.0015,0.0456,-0.0124,0,1.0000,0,0,-2.6802,0.1254,46.6635,0.4160,173.6859,0.000,0.000,0.208,-41.2508,-26.5778,63
2026-04-24,16:17:36,58704,1,0.0000,-0.0017,-0.0017,0.0488,-0.0124,0,1.0000,0,0,-2.7029,-0.2276,46.6741,0.3743,173.6760,0.000,0.000,0.206,-41.5559,-25.6953,63
2026-04-24,16:17:36,58705,1,0.0000,-0.0037,-0.0013,0.0371,-0.0124,0,1.0000,0,0,-2.6862,0.1350,46.7069,0.3477,173.6873,0.000,0.000,0.203,-41.4239,-27.0335,63
2026-04-24,16:17:36,58705,1,0.0000,0.0137,-0.0024,0.0706,-0.0124,0,1.0000,0,0,-2.6990,-0.1671,46.7208,0.3752,173.6940,0.000,0.000,0.201,-42.8961,-28.9009,63
2026-04-24,16:17:36,58707,1,0.0000,0.0061,-0.0026,0.0758,-0.0124,0,1.0000,0,0,-2.7093,-0.3156,46.7546,0.5767,173.6840,0.000,0.000,0.198,-43.5490,-30.4161,63
2026-04-24,16:17:36,58708,1,0.0000,0.0005,-0.0018,0.0519,-0.0124,0,1.0000,0,0,-2.6830,0.4496,46.8218,0.9810,173.7062,0.000,0.000,0.195,-43.6180,-31.2700,63
2026-04-24,16:17:36,58709,1,0.0000,0.0002,-0.0017,0.0503,-0.0124,0,1.0000,0,0,-2.7101,-0.2618,46.8589,1.0178,173.7297,0.000,0.000,0.193,-43.9172,-32.0161,63
2026-04-24,16:17:36,58710,1,0.0000,-0.0025,-0.0012,0.0355,-0.0124,0,1.0000,0,0,-2.6903,0.1964,46.8916,1.0130,173.7242,0.000,0.000,0.190,-44.0728,-32.9881,63
2026-04-24,16:17:36,58711,1,0.0000,-0.0024,-0.0018,0.0542,-0.0123,0,1.0000,0,0,-2.7064,-0.0985,46.9574,1.2689,173.7731,0.000,0.000,0.187,-43.7659,-33.7788,63
2026-04-24,16:17:36,58711,1,0.0000,0.0030,-0.0021,0.0617,-0.0123,0,1.0000,0,0,-2.7699,-1.1016,47.0646,1.7298,173.7442,0.000,0.000,0.184,-37.1439,-30.5012,63
2026-04-24,16:17:36,58712,1,0.0000,-0.0013,-0.0008,0.0241,-0.0123,0,1.0000,0,0,-2.6978,0.7830,47.0552,1.0811,173.7392,0.000,0.000,0.182,-31.2421,-26.8098,63
2026-04-24,16:17:36,58712,1,0.0000,-0.0009,-0.0007,0.0216,-0.0123,0,1.0000,0,0,-2.7346,-0.0289,47.0338,0.5362,173.7563,0.000,0.000,0.179,-31.4745,-28.2900,63
2026-04-24,16:17:36,58713,1,0.0000,0.0091,-0.0015,0.0441,-0.0123,0,1.0000,0,0,-2.7523,-0.8583,47.0211,0.2238,173.7669,0.000,0.000,0.176,-32.6120,-30.4538,63
2026-04-24,16:17:36,58714,1,0.0000,-0.0004,-0.0013,0.0372,-0.0123,0,1.0000,0,0,-2.7386,0.0815,47.0636,0.3771,173.7392,0.000,0.000,0.173,-33.6624,-31.1242,63
2026-04-24,16:17:36,58714,1,0.0000,0.0064,-0.0002,0.0070,-0.0123,0,1.0000,0,0,-2.7648,-1.3918,47.0436,-0.2098,173.7348,0.000,0.000,0.170,-33.4121,-31.2654,63
2026-04-24,16:17:36,58743,1,0.0000,-0.0027,-0.0009,0.0271,-0.0123,0,1.0000,0,0,-2.6913,0.8364,46.9619,-1.7876,173.7350,0.000,0.000,0.167,-33.0505,-31.2962,63
2026-04-24,16:17:36,59235,1,0.0000,-0.0046,-0.0008,0.0230,-0.0123,0,1.0000,0,0,-2.7055,0.2183,46.9510,-1.1771,173.7238,0.000,0.000,0.164,-32.9684,-31.4697,63
2026-04-24,16:17:36,59237,1,0.0000,-0.0058,-0.0009,0.0271,-0.0123,0,1.0000,0,0,-2.7239,-0.3314,46.9748,-0.5605,173.7524,0.000,0.000,0.162,-31.5066,-31.0178,63
2026-04-24,16:17:36,59237,1,0.0000,0.0045,-0.0012,0.0357,-0.0123,0,1.0000,0,0,-2.7336,-0.5819,47.1529,1.4281,173.7933,0.000,0.000,0.158,-30.0834,-30.7204,63
2026-04-24,16:17:36,59238,1,0.0000,0.0000,-0.0009,0.0271,-0.0123,0,1.0000,0,0,-2.8074,-1.5332,47.2975,2.3605,173.7796,0.000,0.000,0.156,-29.8183,-30.8802,63
2026-04-24,16:17:36,59238,1,0.0000,0.0029,-0.0013,0.0371,-0.0123,0,1.0000,0,0,-2.8238,-0.8922,47.3681,2.2525,173.7676,0.000,0.000,0.154,-29.4091,-31.2465,63
2026-04-24,16:17:36,59239,1,0.0000,0.0004,-0.0009,0.0256,-0.0123,0,1.0000,0,0,-2.8504,-0.6097,47.3689,1.3169,173.7359,0.000,0.000,0.150,-29.6251,-32.1270,63
2026-04-24,16:17:36,59240,1,0.0000,0.0121,-0.0013,0.0386,-0.0123,0,1.0000,0,0,-2.8420,-0.0015,47.3098,0.2453,173.7396,0.000,0.000,0.147,-31.4852,-32.9463,63
2026-04-24,16:17:36,59241,1,0.0000,0.0004,-0.0004,0.0115,-0.0123,0,1.0000,0,0,-2.8520,-0.2208,47.2856,-0.0479,173.7407,0.000,0.000,0.145,-33.2365,-33.8449,63
2026-04-24,16:17:36,59243,1,0.0000,-0.0002,-0.0007,0.0215,-0.0123,0,1.0000,0,0,-2.8688,-0.4309,47.3125,0.2551,173.7349,0.000,0.000,0.142,-35.2438,-34.9692,63
2026-04-24,16:17:36,59244,1,0.0000,0.0136,-0.0010,0.0286,-0.0123,0,1.0000,0,0,-2.8550,0.0337,47.3540,0.5572,173.7353,0.000,0.000,0.139,-35.3590,-35.2769,63
2026-04-24,16:17:36,59244,1,0.0000,-0.0086,-0.0004,0.0115,-0.0123,0,1.0000,0,0,-2.8794,-0.4858,47.3518,0.3349,173.7330,0.000,0.000,0.137,-35.4046,-35.8260,63
2026-04-24,16:17:36,59245,1,0.0000,0.0011,-0.0014,0.0416,-0.0123,0,1.0000,0,0,-2.9086,-0.0584,47.3428,0.1024,173.7251,0.000,0.000,0.134,-36.9910,-36.7852,63
2026-04-24,16:17:36,59276,1,0.0000,-0.0016,-0.0019,0.0557,-0.0123,0,1.0000,0,0,-2.9233,-0.0724,47.2314,-2.0572,173.7197,0.000,0.000,0.131,-38.9760,-37.0950,63
2026-04-24,16:17:36,59312,1,0.0000,-0.0129,-0.0013,0.0386,-0.0123,0,1.0000,0,0,-2.8459,2.0331,47.1227,-2.9416,173.7198,0.000,0.000,0.128,-38.6396,-35.6219,63
2026-04-24,16:17:36,59348,1,0.0000,-0.0042,-0.0010,0.0286,-0.0123,0,1.0000,0,0,-2.8330,1.6752,47.0732,-2.0940,173.7301,0.000,0.000,0.125,-37.6283,-32.4182,63
2026-04-24,16:17:37,59384,1,0.0000,-0.0054,-0.0007,0.0201,-0.0123,0,1.0000,0,0,-2.7959,0.4825,47.0125,-1.9901,173.7565,0.000,0.000,0.122,-36.4252,-29.7883,63
2026-04-24,16:17:37,59420,1,0.0000,0.0020,-0.0005,0.0145,-0.0123,0,1.0000,0,0,-2.7505,2.5694,46.9855,-1.1828,173.7373,0.000,0.000,0.118,-35.1739,-28.5911,63
2026-04-24,16:17:37,59456,1,0.0000,0.0047,-0.0020,0.0602,-0.0123,0,1.0000,0,0,-2.7623,-0.2198,47.0543,1.3513,173.7321,0.000,0.000,0.115,-34.0972,-28.5269,63
2026-04-24,16:17:37,59492,1,0.0000,-0.0011,-0.0017,0.0487,-0.0123,0,1.0000,0,0,-2.7347,-0.2821,47.1376,1.6286,173.6896,0.000,0.000,0.112,-33.5690,-28.4939,63
2026-04-24,16:17:37,59528,1,0.0000,0.0044,-0.0006,0.0186,-0.0123,0,1.0000,0,0,-2.7033,1.3848,47.1454,0.9167,173.6848,0.000,0.000,0.109,-35.1610,-29.1498,63
2026-04-24,16:17:37,59563,1,0.0000,-0.0247,-0.0010,0.0286,-0.0123,0,1.0000,0,0,-2.7054,0.0905,47.0287,-2.0492,173.6875,0.000,0.000,0.106,-38.2711,-29.9237,63
2026-04-24,16:17:37,59600,1,0.0000,0.0055,-0.0010,0.0286,-0.0123,0,1.0000,0,0,-2.6739,0.5376,47.0688,0.3874,173.6865,0.000,0.000,0.102,-44.3099,-31.7970,63
2026-04-24,16:17:37,59635,1,0.0000,-0.0037,-0.0012,0.0357,-0.0123,0,1.0000,0,0,-2.6865,0.5260,47.1360,1.2414,173.6818,0.000,0.000,0.099,-49.7223,-34.4083,63
2026-04-24,16:17:37,59670,1,0.0000,0.0009,-0.0002,0.0045,-0.0123,0,1.0000,0,0,-2.6758,0.7072,47.1384,0.2356,173.6834,0.000,0.000,0.096,-52.3131,-36.9941,63
2026-04-24,16:17:37,59707,1,0.0000,0.0044,-0.0008,0.0241,-0.0123,0,1.0000,0,0,-2.6905,-0.4717,47.1093,-0.2509,173.6468,0.000,0.000,0.093,-52.4585,-37.9004,63
2026-04-24,16:17:37,59742,1,0.0000,-0.0029,-0.0006,0.0171,-0.0123,0,1.0000,0,0,-2.6620,0.9176,47.1656,0.8572,173.6442,0.000,0.000,0.090,-51.4816,-37.2233,63
2026-04-24,16:17:37,60229,1,0.0000,0.0078,-0.0013,0.0387,-0.0123,0,1.0000,0,0,-2.6821,-0.0818,47.2127,0.9914,173.6426,0.000,0.000,0.086,-46.4312,-35.3395,63
2026-04-24,16:17:37,60231,1,0.0000,-0.0013,-0.0003,0.0100,-0.0123,0,1.0000,0,0,-2.6694,0.0535,47.2422,0.8634,173.6587,0.000,0.000,0.083,-41.7521,-33.4193,63
2026-04-24,16:17:37,60232,1,0.0000,0.0083,-0.0013,0.0371,-0.0124,0,1.0000,0,0,-2.6762,-0.0219,47.2616,0.7817,173.6690,0.000,0.000,0.081,-39.3127,-32.1215,63
2026-04-24,16:17:37,60233,1,0.0000,-0.0025,-0.0022,0.0657,-0.0123,0,1.0000,0,0,-2.6726,-0.0162,47.2824,0.7322,173.6552,0.000,0.000,0.078,-38.1361,-31.4258,63
2026-04-24,16:17:37,60233,1,0.0000,0.0034,-0.0009,0.0271,-0.0123,0,1.0000,0,0,-2.6713,0.1068,47.2820,0.4966,173.6536,0.000,0.000,0.076,-37.4548,-30.6841,63
2026-04-24,16:17:37,60234,1,0.0000,-0.0016,-0.0010,0.0286,-0.0123,0,1.0000,0,0,-2.6739,-0.0436,47.2938,0.4451,173.6477,0.000,0.000,0.074,-37.0140,-28.8103,63
2026-04-24,16:17:37,60234,1,0.0000,-0.0046,-0.0013,0.0386,-0.0123,0,1.0000,0,0,-2.6701,0.0238,47.3017,0.3775,173.6617,0.000,0.000,0.071,-38.5690,-29.4373,63
2026-04-24,16:17:37,60235,1,0.0000,0.0059,-0.0019,0.0572,-0.0123,0,1.0000,0,0,-2.6751,0.0290,47.2949,0.1609,173.6691,0.000,0.000,0.068,-45.4188,-33.0839,63
2026-04-24,16:17:37,60236,1,0.0000,-0.0114,-0.0007,0.0201,-0.0123,0,1.0000,0,0,-2.6768,-0.0661,47.2787,-0.0400,173.6836,0.000,0.000,0.066,-50.6359,-38.0126,63
2026-04-24,16:17:37,60237,1,0.0000,-0.0001,-0.0009,0.0256,-0.0123,0,1.0000,0,0,-2.6818,-0.0494,47.2672,-0.1352,173.6756,0.000,0.000,0.063,-52.7342,-41.1899,63
2026-04-24,16:17:37,60238,1,0.0000,0.0024,-0.0004,0.0116,-0.0123,0,1.0000,0,0,-2.7083,-0.4710,47.2254,-0.4911,173.6884,0.000,0.000,0.060,-53.8026,-43.6239,63
2026-04-24,16:17:37,60238,1,0.0000,-0.0008,-0.0015,0.0441,-0.0123,0,1.0000,0,0,-2.7218,-0.3360,47.2202,-0.4971,173.6909,0.000,0.000,0.058,-52.4020,-38.6165,63
2026-04-24,16:17:37,60248,1,0.0000,0.0079,-0.0019,0.0572,-0.0123,0,1.0000,0,0,-2.7147,-0.2672,47.1510,-2.0152,173.7015,0.000,0.000,0.056,-50.6814,-30.9085,63
2026-04-24,16:17:37,60284,1,0.0000,-0.0069,-0.0010,0.0301,-0.0123,0,1.0000,0,0,-2.7050,1.5339,47.0372,-2.8395,173.6723,0.000,0.000,0.053,-47.8263,-25.2590,63
2026-04-24,16:17:37,60320,1,0.0000,-0.0055,-0.0012,0.0356,-0.0123,0,1.0000,0,0,-2.6905,0.9829,47.0465,-0.7088,173.6917,0.000,0.000,0.050,-44.4451,-23.0765,63
2026-04-24,16:17:38,60356,1,0.0000,0.0049,-0.0004,0.0116,-0.0123,0,1.0000,0,0,-2.7037,-1.1136,47.1397,1.4677,173.6942,0.000,0.000,0.046,-43.4667,-23.7656,63
2026-04-24,16:17:38,60392,1,0.0000,0.0024,-0.0010,0.0301,-0.0123,0,1.0000,0,0,-2.6762,1.9004,47.1374,0.2461,173.6968,0.000,0.000,0.043,-43.7341,-24.8382,63
2026-04-24,16:17:38,60428,1,0.0000,-0.0059,-0.0006,0.0171,-0.0123,0,1.0000,0,0,-2.7026,-0.5628,47.1672,0.3690,173.6840,0.000,0.000,0.040,-43.6564,-25.2822,63
2026-04-24,16:17:38,60463,1,0.0000,0.0077,-0.0013,0.0371,-0.0124,0,1.0000,0,0,-2.6511,1.7264,47.0505,-2.2322,173.7056,0.000,0.000,0.037,-42.9199,-25.3203,63
2026-04-24,16:17:38,60499,1,0.0000,-0.0016,-0.0017,0.0502,-0.0123,0,1.0000,0,0,-2.6832,-0.0713,46.9725,-2.2597,173.6954,0.000,0.000,0.034,-41.8932,-25.1721,63
2026-04-24,16:17:38,60535,1,0.0000,0.0014,-0.0006,0.0171,-0.0123,0,1.0000,0,0,-2.6468,-0.1624,46.9199,-1.9002,173.7260,0.000,0.000,0.030,-41.4175,-26.1442,63
2026-04-24,16:17:38,60571,1,0.0000,-0.0047,-0.0008,0.0246,-0.0123,0,1.0000,0,0,-2.7113,0.9978,46.9048,-1.1468,173.7266,0.000,0.000,0.027,-38.3658,-21.5524,63
2026-04-24,16:17:38,60607,1,0.0000,0.0004,-0.0009,0.0256,-0.0123,0,1.0000,0,0,-2.7406,-3.3403,46.8805,-1.2804,173.7398,0.000,0.000,0.024,-37.1052,-21.8377,63
2026-04-24,16:17:38,60642,1,0.0000,-0.0065,-0.0010,0.0286,-0.0123,0,1.0000,0,0,-2.6257,5.9817,46.8613,-0.6649,173.7548,0.000,0.000,0.021,-36.5167,-23.3622,63
2026-04-24,16:17:38,60678,1,0.0000,-0.0114,-0.0011,0.0328,-0.0123,0,1.0000,0,0,-2.7614,-4.3949,46.9216,0.9859,173.7917,0.000,0.000,0.018,-36.6831,-25.9744,63
2026-04-24,16:17:38,61163,1,0.0000,-0.0061,-0.0004,0.0115,-0.0123,0,1.0000,0,0,-2.7445,-1.3543,47.0128,1.4527,173.7802,0.000,0.000,0.014,-35.5563,-26.3965,63
2026-04-24,16:17:38,61165,1,0.0000,-0.0190,-0.0004,0.0129,-0.0123,0,1.0000,0,0,-2.7768,-0.8611,47.0570,1.4296,173.7538,0.000,0.000,0.012,-34.1848,-26.3850,63
2026-04-24,16:17:38,61166,1,0.0000,-0.0027,-0.0007,0.0215,-0.0123,0,1.0000,0,0,-2.7840,-0.7480,47.1110,1.3911,173.7728,0.000,0.000,0.009,-33.0992,-26.1519,63
2026-04-24,16:17:38,61167,1,0.0000,0.0040,-0.0006,0.0186,-0.0123,0,1.0000,0,0,-2.7567,0.0963,47.2458,2.1872,173.8088,0.000,0.000,0.006,-32.4404,-26.2827,63
2026-04-24,16:17:38,61168,1,0.0000,0.0101,-0.0006,0.0171,-0.0123,0,1.0000,0,0,-2.8063,-0.6746,47.3803,2.8315,173.8284,0.000,0.000,0.004,-31.8092,-26.0840,63
2026-04-24,16:17:38,61168,1,0.0000,-0.0070,-0.0011,0.0314,-0.0123,0,1.0000,0,0,-2.8483,-1.3030,47.7060,4.7586,173.8710,0.000,0.000,0.001,-30.9068,-25.5134,63
2026-04-24,16:17:38,61169,1,0.0000,-0.0003,-0.0010,0.0286,-0.0123,0,1.0000,0,0,-2.8744,-0.8446,48.0032,6.0987,173.8403,0.000,0.000,0.000,-29.3620,-25.4106,63
2026-04-24,16:17:38,61170,1,0.0000,-0.0069,-0.0009,0.0258,-0.0123,0,1.0000,0,0,-2.9361,-1.3555,48.1198,5.1430,173.7888,0.000,0.000,0.000,-27.9829,-25.1158,63
2026-04-24,16:17:38,61170,1,0.0000,0.0012,0.0018,0.0542,-0.0123,0,1.0000,0,0,-2.9008,0.0072,48.1030,2.8928,173.8036,0.000,0.000,0.000,-27.2505,-25.9297,63
2026-04-24,16:17:38,61171,1,0.0000,-0.0056,-0.0010,0.0286,-0.0123,0,1.0000,0,0,-2.9268,-0.2771,48.1259,2.2100,173.7975,0.000,0.000,0.000,-26.8264,-26.3387,63
2026-04-24,16:17:38,61172,1,0.0000,-0.0114,-0.0003,0.0100,-0.0123,0,1.0000,0,0,-2.9310,-0.2229,48.2099,2.3137,173.8450,0.000,0.000,0.000,-26.6407,-26.9449,63
2026-04-24,16:17:38,61172,1,0.0000,0.0033,-0.0004,0.0114,-0.0123,0,1.0000,0,0,-3.0077,-0.5585,48.5158,2.7852,173.8641,0.000,0.000,0.000,-26.5984,-27.0718,63
2026-04-24,16:17:38,61173,1,0.0000,-0.0038,0.0000,0.0014,-0.0123,0,1.0000,0,0,-3.0378,-0.7134,48.4992,2.0418,173.8546,0.000,0.000,0.000,-26.6016,-28.7008,63
2026-04-24,16:17:38,61201,1,0.0000,0.0009,-0.0006,0.0172,-0.0123,0,1.0000,0,0,-2.9463,2.7118,48.4552,0.4860,173.9182,0.000,0.000,0.000,-26.7075,-29.1219,63
2026-04-24,16:17:38,61237,1,0.0000,-0.0005,-0.0010,0.0286,-0.0123,0,1.0000,0,0,-2.9304,1.5784,48.5122,1.0506,173.8337,0.000,0.000,0.000,-26.7323,-29.6319,63
2026-04-24,16:17:38,61273,1,0.0000,0.0055,0.0006,0.0186,-0.0123,0,1.0000,0,0,-2.8525,2.9927,48.4134,-1.5509,173.8963,0.000,0.000,0.000,-24.6520,-24.2432,63
2026-04-24,16:17:38,61309,1,0.0000,0.0045,-0.0004,0.0128,-0.0123,0,1.0000,0,0,-2.8395,1.9260,48.3053,-3.0988,173.8734,0.000,0.000,0.000,-25.0102,-25.0406,63
2026-04-24,16:17:38,61345,1,0.0000,-0.0076,0.0000,0.0000,-0.0123,0,1.0000,0,0,-2.8277,0.0657,48.2461,-2.0878,173.8222,0.000,0.000,0.000,-25.3152,-25.1687,63
2026-04-24,16:17:39,61381,1,0.0000,0.0031,-0.0007,0.0200,-0.0123,0,1.0000,0,0,-2.7316,2.3391,48.2091,-1.3129,173.8757,0.000,0.000,0.000,-25.6288,-25.3073,63
2026-04-24,16:17:39,61417,1,0.0000,-0.0032,0.0000,0.0014,-0.0123,0,1.0000,0,0,-2.7473,0.7415,48.1792,-1.3903,173.8865,0.000,0.000,0.000,-25.5013,-24.8627,63
2026-04-24,16:17:39,61453,1,0.0000,0.0015,-0.0004,0.0114,-0.0123,0,1.0000,0,0,-2.7158,0.1571,48.1767,-0.5614,173.8909,0.000,0.000,0.000,-25.3351,-24.8309,63
2026-04-24,16:17:39,61489,1,0.0000,0.0007,-0.0004,0.0114,-0.0123,0,1.0000,0,0,-2.7278,1.1889,48.1125,-2.0385,173.8827,0.000,0.000,0.000,-25.0671,-25.5149,63
2026-04-24,16:17:39,61525,1,0.0000,-0.0020,-0.0006,0.0172,-0.0123,0,1.0000,0,0,-2.7102,0.6283,47.9826,-3.1938,173.8432,0.000,0.000,0.000,-24.6066,-26.7070,63
2026-04-24,16:17:39,61561,1,0.0000,-0.0142,-0.0006,0.0186,-0.0123,0,1.0000,0,0,-2.6707,0.7690,47.9955,-0.6436,173.8381,0.000,0.000,0.000,-24.1882,-26.5831,63
2026-04-24,16:17:39,61597,1,0.0000,-0.0029,0.0007,0.0200,-0.0123,0,1.0000,0,0,-2.6803,1.6476,48.0374,0.3242,173.8459,0.000,0.000,0.000,-24.4465,-27.3107,63
2026-04-24,16:17:39,61633,1,0.0000,0.0020,0.0003,0.0086,-0.0123,0,1.0000,0,0,-2.6921,-0.7825,48.0088,-0.4938,173.8411,0.000,0.000,0.000,-24.4321,-27.4424,63
2026-04-24,16:17:39,62124,1,0.0000,-0.0039,-0.0007,0.0200,-0.0123,0,1.0000,0,0,-2.6669,0.2417,48.0231,-0.1547,173.8423,0.000,0.000,0.000,-24.2057,-26.8417,63
2026-04-24,16:17:39,62125,1,0.0000,0.0005,-0.0001,0.0028,-0.0123,0,1.0000,0,0,-2.6739,-0.0353,48.0420,0.0632,173.8431,0.000,0.000,0.000,-24.3622,-26.4491,63
2026-04-24,16:17:39,62127,1,0.0000,-0.0010,-0.0007,0.0200,-0.0123,0,1.0000,0,0,-2.6756,-0.0454,48.0406,0.0294,173.8512,0.000,0.000,0.000,-25.0392,-26.9041,63
2026-04-24,16:17:39,62128,1,0.0000,-0.0012,0.0003,0.0086,-0.0123,0,1.0000,0,0,-2.6799,-0.0065,48.0516,0.1172,173.8507,0.000,0.000,0.000,-25.3471,-27.4560,63
2026-04-24,16:17:39,62128,1,0.0000,-0.0048,-0.0003,0.0086,-0.0123,0,1.0000,0,0,-2.6616,0.3835,48.0438,0.0176,173.8597,0.000,0.000,0.000,-25.0914,-27.0666,63
2026-04-24,16:17:39,62129,1,0.0000,-0.0002,-0.0000,0.0000,-0.0122,0,1.0000,0,0,-2.6673,-0.0772,48.0563,0.1230,173.8544,0.000,0.000,0.000,-25.1542,-27.2932,63
2026-04-24,16:17:39,62129,1,0.0000,-0.0057,0.0016,0.0460,-0.0122,0,1.0000,0,0,-2.6664,0.1958,48.0670,0.1839,173.8600,0.000,0.000,0.000,-25.2990,-27.0173,63
2026-04-24,16:17:39,62130,1,0.0000,0.0025,0.0019,0.0547,-0.0122,0,1.0000,0,0,-2.6763,-0.3931,48.0742,0.1663,173.8741,0.000,0.000,0.000,-25.5925,-26.9646,63
2026-04-24,16:17:39,62131,1,0.0000,0.0025,0.0012,0.0349,-0.0122,0,1.0000,0,0,-2.6575,0.1251,48.0500,-0.1088,173.8819,0.000,0.000,0.000,-25.8613,-27.1708,63
2026-04-24,16:17:39,62132,1,0.0000,0.0050,-0.0003,0.0099,-0.0122,0,1.0000,0,0,-2.6937,-0.5721,48.0477,-0.0889,173.8727,0.000,0.000,0.000,-25.8649,-27.2908,63
2026-04-24,16:17:39,62133,1,0.0000,-0.0032,0.0034,0.1003,-0.0122,0,1.0000,0,0,-2.7277,-0.4979,48.0980,0.2062,173.8796,0.000,0.000,0.000,-25.6073,-26.5074,63
2026-04-24,16:17:39,62134,1,0.0000,0.0064,-0.0007,0.0211,-0.0122,0,1.0000,0,0,-2.7301,-0.1628,48.0471,-0.3484,173.8546,0.000,0.000,0.000,-26.1774,-26.5690,63
2026-04-24,16:17:39,62167,1,0.0000,0.0007,0.0024,0.0707,-0.0122,0,1.0000,0,0,-2.7192,1.7394,47.9621,-1.8954,173.8153,0.000,0.000,0.000,-27.0019,-25.9780,63
2026-04-24,16:17:39,62202,1,0.0000,0.0046,-0.0005,0.0137,-0.0122,0,1.0000,0,0,-2.7595,-1.8178,47.7425,-5.1847,173.7357,0.000,0.000,0.000,-26.6804,-25.5348,63
2026-04-24,16:17:39,62238,1,0.0000,0.0032,0.0000,0.0000,-0.0122,0,1.0000,0,0,-2.7206,1.3331,47.3416,-9.7473,173.4765,0.000,0.000,0.000,-26.2715,-23.1842,63
2026-04-24,16:17:39,62274,1,0.0000,0.0003,0.0004,0.0114,-0.0123,0,1.0000,0,0,-2.6633,3.8651,46.8071,-12.7586,173.3083,0.000,0.000,0.000,-26.6183,-24.8130,63
2026-04-24,16:17:39,62310,1,0.0000,-0.0008,0.0002,0.0072,-0.0123,0,1.0000,0,0,-2.4922,3.3981,46.3017,-12.1535,173.2505,0.000,0.000,0.000,-26.9359,-24.1196,63
2026-04-24,16:17:39,62346,1,0.0000,0.0096,-0.0007,0.0201,-0.0123,0,1.0000,0,0,-2.3235,5.1185,45.8868,-10.7211,173.3064,0.000,0.000,0.000,-27.0452,-24.1153,63
2026-04-24,16:17:40,62381,1,0.0000,0.0041,-0.0011,0.0327,-0.0123,0,1.0000,0,0,-2.2508,2.0086,45.5282,-9.1523,173.4127,0.000,0.000,0.000,-27.0708,-24.0200,63
2026-04-24,16:17:40,62418,1,0.0000,-0.0034,-0.0004,0.0115,-0.0123,0,1.0000,0,0,-2.1939,0.9048,45.3547,-4.7965,173.6218,0.000,0.000,0.000,-26.9207,-23.5780,63
2026-04-24,16:17:40,62453,1,0.0000,-0.0101,-0.0013,0.0386,-0.0123,0,1.0000,0,0,-2.2410,-1.6092,45.4649,1.6430,173.8225,0.000,0.000,0.000,-26.7759,-23.4196,63
2026-04-24,16:17:40,62489,1,0.0000,-0.0048,-0.0002,0.0056,-0.0123,0,1.0000,0,0,-2.3140,-3.0381,45.7657,6.3721,173.7930,0.000,0.000,0.000,-26.6199,-23.5278,63
2026-04-24,16:17:40,62525,1,0.0000,-0.0054,-0.0012,0.0357,-0.0123,0,1.0000,0,0,-2.3582,-0.6504,45.9046,4.5278,173.7431,0.000,0.000,0.000,-26.5872,-23.7714,63
2026-04-24,16:17:40,62561,1,0.0000,-0.0013,0.0000,0.0000,-0.0123,0,1.0000,0,0,-2.4099,-1.8896,45.8875,1.0549,173.6895,0.000,0.000,0.000,-26.6504,-23.9121,63
2026-04-24,16:17:40,62597,1,0.0000,-0.0141,-0.0000,0.0000,-0.0123,0,1.0000,0,0,-2.4309,-0.4232,45.8478,-0.3197,173.6829,0.000,0.000,0.000,-26.7881,-24.0901,63
2026-04-24,16:17:40,62633,1,0.0000,-0.0045,-0.0008,0.0242,-0.0123,0,1.0000,0,0,-2.4657,-1.5826,45.7822,-1.6640,173.6160,0.000,0.000,0.000,-26.8456,-24.0580,63
2026-04-24,16:17:41,63573,1,0.0000,-0.0018,-0.0015,0.0431,-0.0123,0,1.0000,0,0,-2.4734,-0.6904,45.7524,-1.3006,173.6189,0.000,0.000,0.000,-26.8082,-23.6485,63
2026-04-24,16:17:41,63575,1,0.0000,-0.0050,0.0001,0.0029,-0.0123,0,1.0000,0,0,-2.5134,-0.7999,45.7515,-0.7765,173.6213,0.000,0.000,0.000,-26.8945,-23.9319,63
2026-04-24,16:17:41,63576,1,0.0000,0.0076,0.0001,0.0015,-0.0123,0,1.0000,0,0,-2.5357,-0.8454,45.7532,-0.5175,173.6090,0.000,0.000,0.000,-26.8996,-23.6929,63
2026-04-24,16:17:41,63577,1,0.0000,-0.0076,-0.0003,0.0100,-0.0123,0,1.0000,0,0,-2.5256,0.0801,45.7620,-0.2629,173.6222,0.000,0.000,0.000,-26.9026,-24.0877,63
2026-04-24,16:17:41,63578,1,0.0000,0.0066,-0.0018,0.0516,-0.0123,0,1.0000,0,0,-2.5537,-0.4982,45.8038,0.2081,173.6123,0.000,0.000,0.000,-26.9338,-24.2089,63
2026-04-24,16:17:41,63579,1,0.0000,0.0098,-0.0006,0.0171,-0.0123,0,1.0000,0,0,-2.5639,-0.5698,45.8257,0.3284,173.6070,0.000,0.000,0.000,-26.9840,-24.2037,63
2026-04-24,16:17:41,63579,1,0.0000,-0.0055,-0.0004,0.0115,-0.0123,0,1.0000,0,0,-2.5578,0.0478,45.8542,0.4532,173.6190,0.000,0.000,0.000,-27.0241,-24.0892,63
2026-04-24,16:17:41,63580,1,0.0000,-0.0069,0.0000,0.0014,-0.0123,0,1.0000,0,0,-2.5809,-0.2109,45.8706,0.4275,173.6037,0.000,0.000,0.000,-27.0652,-24.2078,63
2026-04-24,16:17:41,63581,1,0.0000,0.0032,-0.0010,0.0286,-0.0123,0,1.0000,0,0,-2.6127,-0.6396,45.8780,0.3297,173.5878,0.000,0.000,0.000,-27.0856,-24.2617,63
2026-04-24,16:17:41,63582,1,0.0000,0.0097,-0.0003,0.0085,-0.0123,0,1.0000,0,0,-2.5962,0.0153,45.8588,0.0397,173.5827,0.000,0.000,0.000,-27.1295,-24.3961,63
2026-04-24,16:17:41,63582,1,0.0000,0.0067,-0.0009,0.0271,-0.0123,0,1.0000,0,0,-2.6070,-0.0731,45.8666,0.0277,173.5679,0.000,0.000,0.000,-27.1194,-24.5030,63
2026-04-24,16:17:41,63583,1,0.0000,0.0045,-0.0006,0.0186,-0.0123,0,1.0000,0,0,-2.6178,-0.2083,45.8453,-0.1913,173.5655,0.000,0.000,0.000,-27.1057,-24.3048,63
2026-04-24,16:17:41,63583,1,0.0000,0.0089,-0.0009,0.0271,-0.0123,0,1.0000,0,0,-2.6089,0.0931,45.8279,-0.2984,173.5699,0.000,0.000,0.000,-27.0890,-24.3322,63
2026-04-24,16:17:41,63584,1,0.0000,0.0018,-0.0006,0.0186,-0.0123,0,1.0000,0,0,-2.6206,-0.1368,45.7879,-0.5901,173.5672,0.000,0.000,0.000,-27.0799,-24.3729,63
2026-04-24,16:17:41,63585,1,0.0000,0.0003,-0.0025,0.0728,-0.0123,0,1.0000,0,0,-2.6327,-0.2774,45.7483,-0.7111,173.5672,0.000,0.000,0.000,-27.0663,-24.3441,63
2026-04-24,16:17:41,63587,1,0.0000,0.0108,-0.0013,0.0371,-0.0123,0,1.0000,0,0,-2.6468,-0.2869,45.7213,-0.6749,173.5601,0.000,0.000,0.000,-27.0909,-24.4547,63
2026-04-24,16:17:41,63588,1,0.0000,-0.0006,-0.0011,0.0315,-0.0123,0,1.0000,0,0,-2.6623,-0.2710,45.6867,-0.7353,173.5548,0.000,0.000,0.000,-27.0964,-24.5041,63
2026-04-24,16:17:41,63588,1,0.0000,0.0098,-0.0007,0.0215,-0.0123,0,1.0000,0,0,-2.6861,-0.6030,45.6344,-0.9912,173.5453,0.000,0.000,0.000,-27.0835,-24.4196,63
2026-04-24,16:17:41,63589,1,0.0000,-0.0025,-0.0009,0.0257,-0.0123,0,1.0000,0,0,-2.6916,-0.3113,45.5518,-1.3845,173.5448,0.000,0.000,0.000,-27.0941,-24.3539,63
2026-04-24,16:17:41,63589,1,0.0000,-0.0007,-0.0007,0.0215,-0.0123,0,1.0000,0,0,-2.6888,-0.0878,45.5088,-1.2030,173.5375,0.000,0.000,0.000,-27.0688,-24.4490,63
2026-04-24,16:17:41,63590,1,0.0000,-0.0134,-0.0006,0.0172,-0.0123,0,1.0000,0,0,-2.6951,-0.1596,45.4978,-0.9231,173.5520,0.000,0.000,0.000,-27.0789,-24.4965,63
2026-04-24,16:17:41,63591,1,0.0000,-0.0025,-0.0010,0.0301,-0.0123,0,1.0000,0,0,-2.7260,-0.2879,45.4948,-0.7068,173.5571,0.000,0.000,0.000,-27.1082,-24.4891,63
2026-04-24,16:17:41,63594,1,0.0000,-0.0104,-0.0012,0.0357,-0.0123,0,1.0000,0,0,-2.7321,-0.2251,45.4159,-1.9099,173.5456,0.000,0.000,0.000,-27.1355,-24.4923,63
2026-04-24,16:17:41,63630,1,0.0000,0.0036,-0.0015,0.0431,-0.0123,0,1.0000,0,0,-2.7412,-0.3013,45.3249,-2.3123,173.5330,0.000,0.000,0.000,-27.1571,-24.5255,63
2026-04-24,16:17:41,63666,1,0.0000,-0.0105,-0.0006,0.0171,-0.0123,0,1.0000,0,0,-2.7257,0.6981,45.3448,-0.2026,173.5162,0.000,0.000,0.000,-27.1521,-24.5825,63
2026-04-24,16:17:41,64154,1,0.0000,-0.0054,-0.0010,0.0286,-0.0123,0,1.0000,0,0,-2.7304,0.3108,45.3764,0.2894,173.5162,0.000,0.000,0.000,-27.1664,-24.6208,63
2026-04-24,16:17:41,64156,1,0.0000,-0.0075,-0.0006,0.0186,-0.0123,0,1.0000,0,0,-2.7339,0.0265,45.3851,0.2655,173.5211,0.000,0.000,0.000,-27.1857,-24.6446,63
2026-04-24,16:17:41,64157,1,0.0000,-0.0060,-0.0011,0.0315,-0.0123,0,1.0000,0,0,-2.7412,-0.0638,45.3953,0.2690,173.5256,0.000,0.000,0.000,-27.1759,-24.6001,63
2026-04-24,16:17:41,64158,1,0.0000,0.0021,-0.0006,0.0186,-0.0123,0,1.0000,0,0,-2.7593,-0.3471,45.4022,0.2516,173.5219,0.000,0.000,0.000,-27.1888,-24.5650,63
2026-04-24,16:17:41,64159,1,0.0000,-0.0127,-0.0012,0.0357,-0.0123,0,1.0000,0,0,-2.7524,-0.0458,45.4135,0.2607,173.5205,0.000,0.000,0.000,-27.2040,-24.6589,63
2026-04-24,16:17:41,64159,1,0.0000,-0.0010,-0.0013,0.0386,-0.0123,0,1.0000,0,0,-2.7604,-0.1779,45.4039,0.0889,173.5102,0.000,0.000,0.000,-27.2241,-24.6922,63
2026-04-24,16:17:41,64160,1,0.0000,0.0044,-0.0016,0.0457,-0.0123,0,1.0000,0,0,-2.7710,-0.2243,45.3638,-0.3023,173.4989,0.000,0.000,0.000,-27.2531,-24.6777,63
2026-04-24,16:17:41,64161,1,0.0000,-0.0079,-0.0007,0.0200,-0.0123,0,1.0000,0,0,-2.7806,-0.2495,45.3538,-0.2871,173.4898,0.000,0.000,0.000,-27.3069,-24.6614,63
2026-04-24,16:17:41,64162,1,0.0000,0.0048,-0.0010,0.0301,-0.0123,0,1.0000,0,0,-2.7851,-0.1138,45.3565,-0.1654,173.4862,0.000,0.000,0.000,-27.3373,-24.6877,63
2026-04-24,16:17:41,64162,1,0.0000,-0.0141,-0.0006,0.0186,-0.0123,0,1.0000,0,0,-2.7868,-0.1267,45.3756,0.0785,173.4892,0.000,0.000,0.000,-27.3823,-24.6612,63
2026-04-24,16:17:41,64163,1,0.0000,-0.0084,-0.0014,0.0401,-0.0123,0,1.0000,0,0,-2.8095,-0.2283,45.4085,0.2447,173.4744,0.000,0.000,0.000,-27.4135,-24.6773,63
2026-04-24,16:17:41,64163,1,0.0000,0.0004,-0.0004,0.0115,-0.0123,0,1.0000,0,0,-2.8000,0.0148,45.4210,0.2785,173.4843,0.000,0.000,0.000,-27.4520,-24.6868,63
2026-04-24,16:17:41,64191,1,0.0000,-0.0013,-0.0013,0.0372,-0.0123,0,1.0000,0,0,-2.7756,0.8932,45.4398,0.4768,173.4887,0.000,0.000,0.000,-27.4397,-24.6874,63
2026-04-24,16:17:41,64227,1,0.0000,0.0025,-0.0009,0.0271,-0.0123,0,1.0000,0,0,-2.7744,0.0046,45.5142,1.4158,173.4727,0.000,0.000,0.000,-27.4854,-24.6916,63
2026-04-24,16:17:41,64264,1,0.0000,0.0041,-0.0006,0.0186,-0.0123,0,1.0000,0,0,-2.7593,0.8551,45.5914,2.2899,173.4665,0.000,0.000,0.000,-27.5046,-24.7155,63
2026-04-24,16:17:41,64299,1,0.0000,-0.0129,-0.0009,0.0257,-0.0123,0,1.0000,0,0,-2.7837,-0.8596,45.6822,2.6337,173.4705,0.000,0.000,0.000,-27.5128,-24.6986,63
2026-04-24,16:17:41,64335,1,0.0000,0.0013,-0.0003,0.0085,-0.0123,0,1.0000,0,0,-2.7640,0.1483,45.7452,1.7430,173.4533,0.000,0.000,0.000,-27.5137,-24.7081,63
2026-04-24,16:17:42,64372,1,0.0000,0.0045,-0.0014,0.0401,-0.0123,0,1.0000,0,0,-2.7544,-0.1769,45.6469,-1.5963,173.4575,0.000,0.000,0.000,-27.5010,-24.7098,63
2026-04-24,16:17:42,64407,1,0.0000,-0.0027,-0.0002,0.0071,-0.0123,0,1.0000,0,0,-2.7652,-0.2294,45.6262,-0.7227,173.4509,0.000,0.000,0.000,-27.5135,-24.7086,63
2026-04-24,16:17:42,64443,1,0.0000,0.0067,-0.0008,0.0230,-0.0123,0,1.0000,0,0,-2.7470,0.3419,45.6031,-0.9013,173.4532,0.000,0.000,0.000,-27.5208,-24.7191,63
2026-04-24,16:17:42,64479,1,0.0000,0.0094,-0.0006,0.0186,-0.0123,0,1.0000,0,0,-2.7339,0.9214,45.6430,0.6724,173.4420,0.000,0.000,0.000,-27.5071,-24.7659,63
2026-04-24,16:17:42,64515,1,0.0000,-0.0026,0.0000,0.0015,-0.0123,0,1.0000,0,0,-2.7434,-0.3226,45.6604,0.4664,173.4376,0.000,0.000,0.000,-27.4727,-24.6515,63
2026-04-24,16:17:42,64551,1,0.0000,0.0049,-0.0003,0.0100,-0.0123,0,1.0000,0,0,-2.7442,0.0862,45.5325,-2.7539,173.4488,0.000,0.000,0.000,-27.4815,-24.6078,63
2026-04-24,16:17:42,64587,1,0.0000,0.0104,-0.0008,0.0241,-0.0123,0,1.0000,0,0,-2.7475,-0.1043,45.4448,-2.5491,173.4485,0.000,0.000,0.000,-27.4493,-24.6154,63
2026-04-24,16:17:42,64622,1,0.0000,0.0047,-0.0013,0.0386,-0.0123,0,1.0000,0,0,-2.7406,0.4563,45.4842,-0.1527,173.4452,0.000,0.000,0.000,-27.4413,-24.6360,63
2026-04-24,16:17:42,64658,1,0.0000,0.0066,0.0003,0.0085,-0.0123,0,1.0000,0,0,-2.7409,0.5005,45.5260,0.7044,173.4562,0.000,0.000,0.000,-27.4461,-24.6376,63
2026-04-24,16:17:42,65149,1,0.0000,-0.0037,-0.0004,0.0115,-0.0123,0,1.0000,0,0,-2.7443,0.1455,45.5517,0.7310,173.4571,0.000,0.000,0.000,-27.4319,-24.5985,63
2026-04-24,16:17:42,65150,1,0.0000,-0.0040,-0.0003,0.0100,-0.0123,0,1.0000,0,0,-2.7574,-0.2003,45.6154,1.0457,173.4661,0.000,0.000,0.000,-27.4604,-24.5811,63
2026-04-24,16:17:42,65151,1,0.0000,0.0051,-0.0014,0.0416,-0.0123,0,1.0000,0,0,-2.7702,-0.3311,45.6576,1.0943,173.4726,0.000,0.000,0.000,-27.4574,-24.6197,63
2026-04-24,16:17:42,65152,1,0.0000,-0.0002,-0.0013,0.0372,-0.0123,0,1.0000,0,0,-2.7826,-0.3295,45.6803,0.9598,173.4890,0.000,0.000,0.000,-27.4669,-24.6572,63
2026-04-24,16:17:42,65152,1,0.0000,0.0011,-0.0007,0.0215,-0.0123,0,1.0000,0,0,-2.7880,-0.1614,45.6842,0.5995,173.4825,0.000,0.000,0.000,-27.5195,-24.6900,63
2026-04-24,16:17:42,65153,1,0.0000,0.0089,-0.0010,0.0286,-0.0123,0,1.0000,0,0,-2.7813,0.0662,45.6449,0.0329,173.4743,0.000,0.000,0.000,-27.5817,-24.7759,63
2026-04-24,16:17:42,65154,1,0.0000,0.0057,-0.0008,0.0242,-0.0123,0,1.0000,0,0,-2.7812,0.0803,45.5866,-0.5512,173.4713,0.000,0.000,0.000,-27.5930,-24.7410,63
2026-04-24,16:17:42,65155,1,0.0000,0.0018,-0.0007,0.0200,-0.0123,0,1.0000,0,0,-2.7775,0.1076,45.5446,-0.7677,173.4636,0.000,0.000,0.000,-27.5624,-24.6358,63
2026-04-24,16:17:42,65156,1,0.0000,0.0008,-0.0007,0.0201,-0.0123,0,1.0000,0,0,-2.7904,-0.1331,45.5152,-0.7797,173.4639,0.000,0.000,0.000,-27.5513,-24.6162,63
2026-04-24,16:17:42,65157,1,0.0000,0.0046,-0.0011,0.0316,-0.0123,0,1.0000,0,0,-2.7846,-0.0503,45.4933,-0.6714,173.4729,0.000,0.000,0.000,-27.5508,-24.6465,63
2026-04-24,16:17:42,65158,1,0.0000,-0.0001,-0.0013,0.0386,-0.0123,0,1.0000,0,0,-2.7792,0.0508,45.4768,-0.6039,173.4702,0.000,0.000,0.000,-27.5450,-24.6769,63
2026-04-24,16:17:42,65158,1,0.0000,-0.0001,-0.0013,0.0386,-0.0123,0,1.0000,0,0,-2.7843,0.0117,45.5024,-0.4675,173.4755,0.000,0.000,0.000,-27.5319,-24.7262,63
2026-04-24,16:17:42,65159,1,0.0000,0.0011,-0.0009,0.0257,-0.0123,0,1.0000,0,0,-2.7989,-0.5174,45.5110,-0.1230,173.4778,0.000,0.000,0.000,-27.5400,-24.7673,63
2026-04-24,16:17:42,65188,1,0.0000,0.0002,-0.0006,0.0171,-0.0123,0,1.0000,0,0,-2.7706,0.8073,45.5845,1.4942,173.4951,0.000,0.000,0.000,-27.5290,-24.8477,63
2026-04-24,16:17:42,65221,1,0.0000,-0.0071,-0.0010,0.0286,-0.0123,0,1.0000,0,0,-2.7654,0.3024,45.5650,0.0588,173.4998,0.000,0.000,0.000,-27.5456,-24.8961,63
2026-04-24,16:17:42,65257,1,0.0000,0.0024,-0.0012,0.0357,-0.0123,0,1.0000,0,0,-2.7371,0.8008,45.5801,0.7421,173.4971,0.000,0.000,0.000,-27.5311,-24.8909,63
2026-04-24,16:17:42,65298,1,0.0000,0.0006,0.0001,0.0015,-0.0123,0,1.0000,0,0,-2.7387,0.4371,45.6302,0.8901,173.4818,0.000,0.000,0.000,-27.4866,-24.8290,63
2026-04-24,16:17:42,65330,1,0.0000,-0.0103,-0.0010,0.0286,-0.0123,0,1.0000,0,0,-2.7182,0.7237,45.7581,3.0192,173.4880,0.000,0.000,0.000,-27.4927,-24.8057,63
2026-04-24,16:17:43,65370,1,0.0000,0.0020,-0.0013,0.0371,-0.0123,0,1.0000,0,0,-2.7123,0.0806,45.7660,0.4357,173.4882,0.000,0.000,0.000,-27.4785,-24.8248,63
2026-04-24,16:17:43,65403,1,0.0000,-0.0071,-0.0003,0.0086,-0.0123,0,1.0000,0,0,-2.7022,-0.0968,45.6046,-3.4688,173.4930,0.000,0.000,0.000,-27.4572,-24.7577,63
2026-04-24,16:17:43,65436,1,0.0000,-0.0049,-0.0010,0.0286,-0.0123,0,1.0000,0,0,-2.7043,-0.5577,45.5053,-3.0201,173.4766,0.000,0.000,0.000,-27.4529,-24.7045,63
2026-04-24,16:17:43,65469,1,0.0000,-0.0023,-0.0006,0.0186,-0.0123,0,1.0000,0,0,-2.7088,-0.4851,45.5862,0.5424,173.4812,0.000,0.000,0.000,-27.4897,-24.7070,63
2026-04-24,16:17:43,65509,1,0.0000,0.0042,-0.0013,0.0372,-0.0123,0,1.0000,0,0,-2.6973,0.1740,45.4690,-2.7144,173.4791,0.000,0.000,0.000,-27.4931,-24.7132,63
2026-04-24,16:17:43,65542,1,0.0000,-0.0038,-0.0013,0.0386,-0.0123,0,1.0000,0,0,-2.7148,-0.8451,45.3274,-3.5925,173.4747,0.000,0.000,0.000,-27.5297,-24.7163,63
2026-04-24,16:17:43,65582,1,0.0000,0.0017,-0.0002,0.0071,-0.0123,0,1.0000,0,0,-2.7123,0.0548,45.2277,-3.0909,173.4595,0.000,0.000,0.000,-27.5485,-24.8165,63
2026-04-24,16:17:43,65615,1,0.0000,-0.0049,-0.0013,0.0372,-0.0123,0,1.0000,0,0,-2.7271,-0.4044,45.0836,-4.3896,173.4663,0.000,0.000,0.000,-27.6115,-24.8170,63
2026-04-24,16:17:43,66096,1,0.0000,-0.0017,-0.0006,0.0186,-0.0123,0,1.0000,0,0,-2.7292,-0.1858,45.0730,-2.8201,173.4668,0.000,0.000,0.000,-27.6317,-24.8130,63
2026-04-24,16:17:43,66098,1,0.0000,-0.0129,-0.0006,0.0186,-0.0123,0,1.0000,0,0,-2.7365,-0.1391,45.0754,-1.6662,173.4714,0.000,0.000,0.000,-27.6722,-24.8249,63
2026-04-24,16:17:43,66099,1,0.0000,-0.0031,-0.0006,0.0186,-0.0123,0,1.0000,0,0,-2.7434,-0.1230,45.0779,-0.9885,173.4742,0.000,0.000,0.000,-27.6896,-24.7838,63
2026-04-24,16:17:43,66100,1,0.0000,-0.0196,-0.0000,0.0014,-0.0123,0,1.0000,0,0,-2.7452,-0.0698,45.0503,-0.8407,173.4857,0.000,0.000,0.000,-27.7253,-24.8188,63
2026-04-24,16:17:43,66100,1,0.0000,-0.0023,-0.0012,0.0357,-0.0123,0,1.0000,0,0,-2.7431,0.0824,45.0698,-0.3036,173.4786,0.000,0.000,0.000,-27.7805,-24.8809,63
2026-04-24,16:17:43,66101,1,0.0000,0.0064,-0.0003,0.0100,-0.0123,0,1.0000,0,0,-2.7467,-0.0994,45.0851,-0.0380,173.4795,0.000,0.000,0.000,-27.8391,-24.8825,63
2026-04-24,16:17:43,66101,1,0.0000,-0.0005,-0.0013,0.0386,-0.0123,0,1.0000,0,0,-2.7427,0.0550,45.1282,0.4053,173.4637,0.000,0.000,0.000,-27.8777,-24.9538,63
2026-04-24,16:17:43,66102,1,0.0000,0.0090,-0.0009,0.0271,-0.0123,0,1.0000,0,0,-2.7500,-0.1041,45.1567,0.4939,173.4730,0.000,0.000,0.000,-27.9501,-25.0411,63
2026-04-24,16:17:43,66103,1,0.0000,0.0008,-0.0014,0.0416,-0.0123,0,1.0000,0,0,-2.7471,0.0689,45.1754,0.4845,173.4704,0.000,0.000,0.000,-27.9832,-24.8810,63
2026-04-24,16:17:43,66104,1,0.0000,-0.0014,-0.0021,0.0617,-0.0123,0,1.0000,0,0,-2.7425,0.1254,45.2090,0.6393,173.4663,0.000,0.000,0.000,-28.0178,-24.9194,63
2026-04-24,16:17:43,66105,1,0.0000,-0.0117,-0.0007,0.0200,-0.0123,0,1.0000,0,0,-2.7525,0.0427,45.2327,0.6208,173.4641,0.000,0.000,0.000,-28.0379,-24.9772,63
2026-04-24,16:17:43,66106,1,0.0000,0.0127,-0.0004,0.0130,-0.0123,0,1.0000,0,0,-2.7480,0.1020,45.2571,0.6628,173.4711,0.000,0.000,0.000,-28.0526,-24.9031,63
2026-04-24,16:17:43,66133,1,0.0000,0.0070,-0.0007,0.0201,-0.0123,0,1.0000,0,0,-2.7467,0.3123,45.2345,-0.4008,173.4649,0.000,0.000,0.000,-28.0604,-24.9864,63
2026-04-24,16:17:43,66169,1,0.0000,-0.0052,-0.0010,0.0286,-0.0123,0,1.0000,0,0,-2.7510,-0.1285,45.2827,0.7633,173.4604,0.000,0.000,0.000,-28.0986,-25.0962,63
2026-04-24,16:17:43,66205,1,0.0000,0.0047,-0.0004,0.0115,-0.0123,0,1.0000,0,0,-2.7618,-0.2159,45.2615,-0.0399,173.4699,0.000,0.000,0.000,-28.2014,-25.1650,63
2026-04-24,16:17:43,66241,1,0.0000,0.0014,-0.0013,0.0386,-0.0123,0,1.0000,0,0,-2.7469,0.0508,45.3804,2.3730,173.4731,0.000,0.000,0.000,-28.3360,-25.0401,63
2026-04-24,16:17:43,66277,1,0.0000,0.0010,-0.0013,0.0386,-0.0123,0,1.0000,0,0,-2.7337,0.8188,45.3705,0.2980,173.4573,0.000,0.000,0.000,-28.4125,-25.0400,63
2026-04-24,16:17:43,66313,1,0.0000,0.0092,-0.0014,0.0417,-0.0123,0,1.0000,0,0,-2.7309,-0.3683,45.3082,-1.0610,173.4604,0.000,0.000,0.000,-28.4164,-25.0524,63
2026-04-24,16:17:43,66349,1,0.0000,-0.0155,-0.0022,0.0657,-0.0123,0,1.0000,0,0,-2.7272,0.2801,45.2901,-0.9645,173.4532,0.000,0.000,0.000,-28.4837,-25.3269,63
2026-04-24,16:17:44,66385,1,0.0000,0.0012,-0.0014,0.0402,-0.0124,0,1.0000,0,0,-2.7243,0.7668,45.3031,-0.2060,173.4681,0.000,0.000,0.000,-28.5255,-25.4224,63
2026-04-24,16:17:44,66421,1,0.0000,0.0082,-0.0009,0.0255,-0.0124,0,1.0000,0,0,-2.7240,-0.2757,45.3045,0.1006,173.4695,0.000,0.000,0.000,-28.5600,-25.4407,63
2026-04-24,16:17:44,66457,1,0.0000,-0.0003,-0.0017,0.0503,-0.0124,0,1.0000,0,0,-2.7046,0.7479,45.2662,-0.9615,173.4712,0.000,0.000,0.000,-28.5367,-25.3422,63
2026-04-24,16:17:44,66493,1,0.0000,-0.0148,-0.0023,0.0673,-0.0123,0,1.0000,0,0,-2.7005,0.8829,45.2319,-0.9164,173.4834,0.000,0.000,0.000,-28.5139,-25.3506,63
2026-04-24,16:17:44,66529,1,0.0000,-0.0027,-0.0013,0.0387,-0.0123,0,1.0000,0,0,-2.6933,0.4312,45.2234,-0.6745,173.4755,0.000,0.000,0.000,-28.4410,-25.2809,63
2026-04-24,16:17:44,66565,1,0.0000,0.0059,-0.0013,0.0387,-0.0124,0,1.0000,0,0,-2.6915,0.1666,45.1578,-1.6407,173.4648,0.000,0.000,0.000,-28.4086,-25.1692,63
2026-04-24,16:17:45,67504,1,0.0000,0.0154,-0.0015,0.0440,-0.0124,0,1.0000,0,0,-2.6968,0.0381,45.1500,-1.1931,173.4688,0.000,0.000,0.000,-28.3875,-25.1147,63
2026-04-24,16:17:45,67506,1,0.0000,-0.0047,-0.0017,0.0487,-0.0124,0,1.0000,0,0,-2.7030,-0.1384,45.1512,-0.8043,173.4690,0.000,0.000,0.000,-28.2983,-25.1367,63
2026-04-24,16:17:45,67507,1,0.0000,0.0016,-0.0013,0.0387,-0.0124,0,1.0000,0,0,-2.6986,0.0546,45.1526,-0.4653,173.4676,0.000,0.000,0.000,-28.2155,-25.1602,63
2026-04-24,16:17:45,67508,1,0.0000,0.0040,-0.0017,0.0510,-0.0124,0,1.0000,0,0,-2.7085,-0.1255,45.1656,-0.1915,173.4626,0.000,0.000,0.000,-28.1581,-25.0716,63
2026-04-24,16:17:45,67508,1,0.0000,0.0023,-0.0011,0.0325,-0.0124,0,1.0000,0,0,-2.7186,-0.2503,45.2171,0.4171,173.4602,0.000,0.000,0.000,-28.1188,-25.0104,63
2026-04-24,16:17:45,67509,1,0.0000,-0.0081,-0.0010,0.0286,-0.0123,0,1.0000,0,0,-2.7105,0.0656,45.2799,0.8831,173.4552,0.000,0.000,0.000,-28.1107,-25.0647,63
2026-04-24,16:17:45,67509,1,0.0000,0.0058,-0.0014,0.0402,-0.0124,0,1.0000,0,0,-2.7032,0.1793,45.3197,0.9837,173.4544,0.000,0.000,0.000,-28.0536,-25.0379,63
2026-04-24,16:17:45,67510,1,0.0000,0.0004,-0.0013,0.0387,-0.0123,0,1.0000,0,0,-2.7130,-0.1323,45.3652,1.1065,173.4634,0.000,0.000,0.000,-28.0270,-25.0954,63
2026-04-24,16:17:45,67511,1,0.0000,0.0064,-0.0019,0.0572,-0.0124,0,1.0000,0,0,-2.7201,-0.1699,45.3918,1.0093,173.4706,0.000,0.000,0.000,-28.0056,-25.0826,63
2026-04-24,16:17:45,67512,1,0.0000,-0.0010,-0.0008,0.0231,-0.0123,0,1.0000,0,0,-2.7196,-0.0414,45.4209,0.8731,173.4613,0.000,0.000,0.000,-27.9410,-24.9414,63
2026-04-24,16:17:45,67512,1,0.0000,0.0075,-0.0013,0.0371,-0.0124,0,1.0000,0,0,-2.7294,-0.1563,45.4400,0.7827,173.4604,0.000,0.000,0.000,-27.9138,-24.8762,63
2026-04-24,16:17:45,67513,1,0.0000,0.0011,-0.0010,0.0301,-0.0124,0,1.0000,0,0,-2.7342,-0.0940,45.4870,0.7477,173.4714,0.000,0.000,0.000,-27.9076,-24.8787,63
2026-04-24,16:17:45,67513,1,0.0000,-0.0038,-0.0018,0.0542,-0.0123,0,1.0000,0,0,-2.7355,-0.0052,45.5286,0.8452,173.4790,0.000,0.000,0.000,-27.9092,-24.9984,63
2026-04-24,16:17:45,67514,1,0.0000,0.0028,-0.0014,0.0402,-0.0124,0,1.0000,0,0,-2.7420,-0.0202,45.5499,0.7619,173.4869,0.000,0.000,0.000,-27.9067,-25.0229,63
2026-04-24,16:17:45,67515,1,0.0000,-0.0049,-0.0019,0.0572,-0.0123,0,1.0000,0,0,-2.7430,-0.0231,45.5585,0.6039,173.4868,0.000,0.000,0.000,-27.9186,-25.0733,63
2026-04-24,16:17:45,67517,1,0.0000,-0.0027,-0.0022,0.0642,-0.0123,0,1.0000,0,0,-2.7463,-0.1373,45.5690,0.4682,173.4844,0.000,0.000,0.000,-27.9092,-25.0776,63
2026-04-24,16:17:45,67518,1,0.0000,0.0109,-0.0009,0.0271,-0.0124,0,1.0000,0,0,-2.7425,-0.0050,45.5779,0.4086,173.4926,0.000,0.000,0.000,-27.8841,-25.0552,63
2026-04-24,16:17:45,67519,1,0.0000,0.0187,-0.0013,0.0387,-0.0124,0,1.0000,0,0,-2.7494,-0.1093,45.5705,0.1691,173.4957,0.000,0.000,0.000,-27.8229,-24.9785,63
2026-04-24,16:17:45,67519,1,0.0000,-0.0108,-0.0010,0.0286,-0.0123,0,1.0000,0,0,-2.7424,0.0664,45.5367,-0.2267,173.4955,0.000,0.000,0.000,-27.7772,-24.8953,63
2026-04-24,16:17:45,67520,1,0.0000,0.0018,-0.0012,0.0356,-0.0124,0,1.0000,0,0,-2.7348,0.1277,45.4872,-0.6068,173.4897,0.000,0.000,0.000,-27.7357,-24.8492,63
2026-04-24,16:17:45,67520,1,0.0000,-0.0016,-0.0014,0.0417,-0.0124,0,1.0000,0,0,-2.7313,0.0358,45.4713,-0.5654,173.4887,0.000,0.000,0.000,-27.7117,-24.8029,63
2026-04-24,16:17:45,67521,1,0.0000,-0.0044,-0.0014,0.0417,-0.0123,0,1.0000,0,0,-2.7390,-0.1628,45.4913,-0.1422,173.5006,0.000,0.000,0.000,-27.6871,-24.8330,63
2026-04-24,16:17:45,67522,1,0.0000,0.0025,-0.0016,0.0472,-0.0124,0,1.0000,0,0,-2.7598,-0.1240,45.5161,-0.0212,173.5082,0.000,0.000,0.000,-27.7287,-24.9206,63
2026-04-24,16:17:45,67523,1,0.0000,0.0058,-0.0009,0.0271,-0.0124,0,1.0000,0,0,-2.7604,-0.0240,45.5025,-0.3180,173.5025,0.000,0.000,0.000,-27.7211,-24.8859,63
2026-04-24,16:17:45,67552,1,0.0000,0.0050,-0.0017,0.0487,-0.0124,0,1.0000,0,0,-2.7525,0.2024,45.4509,-1.0261,173.4769,0.000,0.000,0.000,-27.6887,-24.7950,63
2026-04-24,16:17:45,67588,1,0.0000,0.0021,-0.0012,0.0356,-0.0124,0,1.0000,0,0,-2.7383,0.6943,45.3936,-1.6583,173.4706,0.000,0.000,0.000,-27.6612,-24.7844,63
2026-04-24,16:17:45,68073,1,0.0000,-0.0024,-0.0018,0.0542,-0.0123,0,1.0000,0,0,-2.7392,0.2727,45.3919,-1.1479,173.4679,0.000,0.000,0.000,-27.6531,-24.7802,63
2026-04-24,16:17:45,68074,1,0.0000,-0.0008,-0.0010,0.0286,-0.0123,0,1.0000,0,0,-2.7351,0.1745,45.3682,-0.9217,173.4741,0.000,0.000,0.000,-27.6473,-24.7858,63
2026-04-24,16:17:45,68074,1,0.0000,-0.0044,-0.0014,0.0417,-0.0123,0,1.0000,0,0,-2.7228,0.3089,45.3752,-0.4732,173.4914,0.000,0.000,0.000,-27.6387,-24.7750,63
2026-04-24,16:17:45,68075,1,0.0000,-0.0000,-0.0014,0.0417,-0.0124,0,1.0000,0,0,-2.7195,0.2091,45.3920,-0.1742,173.4817,0.000,0.000,0.000,-27.6452,-24.8006,63
2026-04-24,16:17:45,68076,1,0.0000,0.0056,-0.0016,0.0472,-0.0123,0,1.0000,0,0,-2.7151,0.2082,45.3973,-0.0724,173.4743,0.000,0.000,0.000,-27.6467,-24.8373,63
2026-04-24,16:17:45,68078,1,0.0000,0.0050,-0.0016,0.0456,-0.0124,0,1.0000,0,0,-2.7184,0.0342,45.4080,0.0575,173.4924,0.000,0.000,0.000,-27.6223,-24.8669,63
2026-04-24,16:17:45,68079,1,0.0000,0.0104,-0.0012,0.0356,-0.0124,0,1.0000,0,0,-2.7268,-0.1482,45.3969,-0.0770,173.5001,0.000,0.000,0.000,-27.5524,-24.8376,63
2026-04-24,16:17:45,68080,1,0.0000,-0.0030,-0.0010,0.0286,-0.0123,0,1.0000,0,0,-2.7361,-0.2234,45.3765,-0.2444,173.4927,0.000,0.000,0.000,-27.4915,-24.8428,63
2026-04-24,16:17:45,68080,1,0.0000,-0.0004,-0.0014,0.0417,-0.0123,0,1.0000,0,0,-2.7334,0.0166,45.3438,-0.4808,173.4843,0.000,0.000,0.000,-27.5070,-24.8822,63
2026-04-24,16:17:45,68081,1,0.0000,-0.0069,-0.0012,0.0341,-0.0123,0,1.0000,0,0,-2.7359,-0.0211,45.3322,-0.4283,173.4792,0.000,0.000,0.000,-27.5005,-24.9600,63
2026-04-24,16:17:45,68081,1,0.0000,0.0003,-0.0014,0.0402,-0.0124,0,1.0000,0,0,-2.7468,-0.1871,45.3303,-0.3068,173.4843,0.000,0.000,0.000,-27.4998,-24.9293,63
2026-04-24,16:17:45,68082,1,0.0000,0.0004,-0.0019,0.0572,-0.0124,0,1.0000,0,0,-2.7562,-0.1466,45.3742,-0.1460,173.5020,0.000,0.000,0.000,-27.4752,-24.8185,63
2026-04-24,16:17:45,68083,1,0.0000,0.0166,-0.0013,0.0387,-0.0124,0,1.0000,0,0,-2.7546,-0.0710,45.4015,0.0555,173.5053,0.000,0.000,0.000,-27.5071,-24.8611,63
2026-04-24,16:17:45,68113,1,0.0000,-0.0024,-0.0006,0.0186,-0.0123,0,1.0000,0,0,-2.7469,0.3018,45.4175,0.1972,173.5015,0.000,0.000,0.000,-27.4736,-24.8773,63
2026-04-24,16:17:45,68149,1,0.0000,0.0009,-0.0013,0.0387,-0.0123,0,1.0000,0,0,-2.7654,-0.5267,45.4892,1.7911,173.4898,0.000,0.000,0.000,-27.4454,-24.8397,63
2026-04-24,16:17:45,68185,1,0.0000,-0.0028,-0.0020,0.0587,-0.0123,0,1.0000,0,0,-2.7361,0.8252,45.5353,1.1139,173.4776,0.000,0.000,0.000,-27.4589,-24.8106,63
2026-04-24,16:17:45,68220,1,0.0000,-0.0053,-0.0016,0.0457,-0.0123,0,1.0000,0,0,-2.7233,0.9177,45.4956,-0.6187,173.4749,0.000,0.000,0.000,-27.4691,-24.8000,63
2026-04-24,16:17:45,68256,1,0.0000,0.0004,-0.0010,0.0286,-0.0124,0,1.0000,0,0,-2.7123,0.6008,45.4709,-0.7093,173.4701,0.000,0.000,0.000,-27.4517,-24.7584,63
2026-04-24,16:17:45,68292,1,0.0000,0.0054,-0.0017,0.0487,-0.0124,0,1.0000,0,0,-2.7153,0.5844,45.4564,-0.4473,173.4658,0.000,0.000,0.000,-27.4574,-24.7533,63
2026-04-24,16:17:45,68328,1,0.0000,-0.0023,0.0001,0.0015,-0.0123,0,1.0000,0,0,-2.7179,0.2780,45.5504,1.7227,173.4696,0.000,0.000,0.000,-27.4971,-24.7965,63
2026-04-24,16:17:46,68364,1,0.0000,0.0061,-0.0016,0.0456,-0.0124,0,1.0000,0,0,-2.7041,0.4779,45.4730,-1.6237,173.4567,0.000,0.000,0.000,-27.4881,-24.8039,63
2026-04-24,16:17:46,68400,1,0.0000,0.0049,-0.0006,0.0186,-0.0124,0,1.0000,0,0,-2.6938,0.3192,45.2299,-5.8328,173.4656,0.000,0.000,0.000,-27.5059,-24.7280,63
2026-04-24,16:17:46,68436,1,0.0000,-0.0028,-0.0018,0.0542,-0.0123,0,1.0000,0,0,-2.6775,0.4692,45.0037,-6.5770,173.4601,0.000,0.000,0.000,-27.5316,-24.6988,63
2026-04-24,16:17:46,68473,1,0.0000,0.0061,-0.0017,0.0502,-0.0123,0,1.0000,0,0,-2.6904,-0.3994,44.9021,-4.2862,173.4572,0.000,0.000,0.000,-27.4963,-24.6870,63
2026-04-24,16:17:46,68508,1,0.0000,-0.0176,-0.0009,0.0256,-0.0123,0,1.0000,0,0,-2.7006,-0.3845,44.9044,-1.5258,173.4586,0.000,0.000,0.000,-27.4905,-24.6552,63
2026-04-24,16:17:46,68994,1,0.0000,-0.0029,-0.0007,0.0201,-0.0123,0,1.0000,0,0,-2.7059,-0.2630,44.9011,-1.0735,173.4584,0.000,0.000,0.000,-27.4983,-24.6934,63
2026-04-24,16:17:46,68996,1,0.0000,0.0041,-0.0014,0.0417,-0.0124,0,1.0000,0,0,-2.7136,-0.2017,44.9069,-0.5538,173.4678,0.000,0.000,0.000,-27.4992,-24.7448,63
2026-04-24,16:17:46,68998,1,0.0000,0.0040,-0.0020,0.0588,-0.0124,0,1.0000,0,0,-2.7221,-0.2498,44.9284,-0.1835,173.4740,0.000,0.000,0.000,-27.4771,-24.7837,63
2026-04-24,16:17:46,68998,1,0.0000,0.0024,-0.0012,0.0341,-0.0123,0,1.0000,0,0,-2.7274,-0.1881,44.9386,-0.0265,173.4835,0.000,0.000,0.000,-27.4564,-24.7770,63
2026-04-24,16:17:46,68999,1,0.0000,0.0022,-0.0013,0.0387,-0.0123,0,1.0000,0,0,-2.7250,0.0084,44.9575,0.1608,173.4883,0.000,0.000,0.000,-27.4567,-24.8007,63
2026-04-24,16:17:46,69000,1,0.0000,0.0041,-0.0013,0.0387,-0.0124,0,1.0000,0,0,-2.7257,-0.0449,44.9849,0.3788,173.4902,0.000,0.000,0.000,-27.4482,-24.8351,63
2026-04-24,16:17:46,69000,1,0.0000,-0.0035,-0.0014,0.0426,-0.0123,0,1.0000,0,0,-2.7364,-0.1970,45.0393,0.7803,173.4846,0.000,0.000,0.000,-27.4591,-24.8306,63
2026-04-24,16:17:46,69001,1,0.0000,-0.0066,-0.0002,0.0055,-0.0123,0,1.0000,0,0,-2.7417,-0.0924,45.1334,1.3661,173.4839,0.000,0.000,0.000,-27.4265,-24.8558,63
2026-04-24,16:17:46,69001,1,0.0000,0.0068,-0.0006,0.0170,-0.0124,0,1.0000,0,0,-2.7426,-0.1004,45.2295,1.7024,173.4912,0.000,0.000,0.000,-27.4693,-24.9028,63
2026-04-24,16:17:46,69002,1,0.0000,-0.0077,-0.0012,0.0356,-0.0123,0,1.0000,0,0,-2.7491,-0.2334,45.3005,1.8337,173.4921,0.000,0.000,0.000,-27.4527,-24.9125,63
2026-04-24,16:17:46,69003,1,0.0000,0.0112,-0.0016,0.0472,-0.0124,0,1.0000,0,0,-2.7579,-0.0621,45.4184,1.8494,173.4831,0.000,0.000,0.000,-27.4402,-24.9505,63
2026-04-24,16:17:46,69003,1,0.0000,-0.0115,-0.0017,0.0512,-0.0123,0,1.0000,0,0,-2.7619,-0.0979,45.4615,1.7469,173.4819,0.000,0.000,0.000,-27.4504,-24.9400,63
2026-04-24,16:17:46,69032,1,0.0000,-0.0006,-0.0013,0.0371,-0.0123,0,1.0000,0,0,-2.7657,-0.1743,45.5669,2.6949,173.4828,0.000,0.000,0.000,-27.4247,-24.9363,63
2026-04-24,16:17:46,69068,1,0.0000,0.0181,-0.0012,0.0340,-0.0124,0,1.0000,0,0,-2.7479,0.8127,45.6079,1.3540,173.4539,0.000,0.000,0.000,-27.4355,-24.9324,63
2026-04-24,16:17:46,69104,1,0.0000,0.0004,-0.0015,0.0432,-0.0124,0,1.0000,0,0,-2.7475,0.1897,45.6192,0.6616,173.4708,0.000,0.000,0.000,-27.4436,-24.9155,63
2026-04-24,16:17:46,69140,1,0.0000,0.0048,-0.0014,0.0417,-0.0124,0,1.0000,0,0,-2.7287,0.6204,45.5705,-1.0480,173.4978,0.000,0.000,0.000,-27.4310,-24.9125,63
2026-04-24,16:17:46,69176,1,0.0000,0.0056,-0.0013,0.0371,-0.0124,0,1.0000,0,0,-2.7182,0.5877,45.4266,-3.6471,173.5049,0.000,0.000,0.000,-27.4414,-24.8687,63
2026-04-24,16:17:46,69212,1,0.0000,0.0104,-0.0013,0.0387,-0.0124,0,1.0000,0,0,-2.7242,0.4171,45.2850,-4.0691,173.5005,0.000,0.000,0.000,-27.4267,-24.8600,63
2026-04-24,16:17:46,69248,1,0.0000,-0.0049,-0.0016,0.0472,-0.0123,0,1.0000,0,0,-2.7421,-0.0912,45.2561,-1.8049,173.4915,0.000,0.000,0.000,-27.4435,-24.8539,63
2026-04-24,16:17:46,69284,1,0.0000,0.0023,-0.0015,0.0441,-0.0123,0,1.0000,0,0,-2.7437,-0.3015,45.2946,-0.1241,173.4887,0.000,0.000,0.000,-27.4496,-24.8518,63
2026-04-24,16:17:46,69320,1,0.0000,0.0079,-0.0013,0.0387,-0.0124,0,1.0000,0,0,-2.7385,0.4054,45.2725,-0.5808,173.4692,0.000,0.000,0.000,-27.4533,-24.8404,63
2026-04-24,16:17:47,69356,1,0.0000,-0.0056,-0.0017,0.0487,-0.0123,0,1.0000,0,0,-2.7398,-0.1529,45.2063,-1.6686,173.4633,0.000,0.000,0.000,-27.4647,-24.8424,63
2026-04-24,16:17:47,69391,1,0.0000,0.0005,-0.0006,0.0186,-0.0124,0,1.0000,0,0,-2.7224,0.7769,45.0363,-4.1383,173.4518,0.000,0.000,0.000,-27.4688,-24.8339,63
2026-04-24,16:17:47,69427,1,0.0000,-0.0033,-0.0012,0.0356,-0.0123,0,1.0000,0,0,-2.7065,-0.1123,44.9438,-3.1654,173.4530,0.000,0.000,0.000,-27.4745,-24.8289,63
2026-04-24,16:17:47,69462,1,0.0000,0.0076,-0.0019,0.0557,-0.0123,0,1.0000,0,0,-2.6980,0.1159,44.8410,-3.4066,173.4355,0.000,0.000,0.000,-27.4806,-24.8268,63
2026-04-24,16:17:47,69949,1,0.0000,-0.0161,-0.0022,0.0657,-0.0123,0,1.0000,0,0,-2.7201,-0.4053,44.8387,-2.0554,173.4372,0.000,0.000,0.000,-27.4847,-24.8183,63
2026-04-24,16:17:47,69951,1,0.0000,-0.0076,-0.0014,0.0417,-0.0123,0,1.0000,0,0,-2.7284,-0.2303,44.8745,-0.8795,173.4413,0.000,0.000,0.000,-27.4904,-24.8132,63
2026-04-24,16:17:47,69952,1,0.0000,-0.0072,-0.0013,0.0371,-0.0123,0,1.0000,0,0,-2.7237,0.0519,44.9379,0.0737,173.4308,0.000,0.000,0.000,-27.4945,-24.8047,63
2026-04-24,16:17:47,69953,1,0.0000,0.0013,-0.0019,0.0557,-0.0123,0,1.0000,0,0,-2.7298,-0.0951,44.9943,0.5950,173.4291,0.000,0.000,0.000,-27.4998,-24.8088,63
2026-04-24,16:17:47,69954,1,0.0000,-0.0052,-0.0014,0.0402,-0.0123,0,1.0000,0,0,-2.7356,-0.1494,45.0665,1.0939,173.4314,0.000,0.000,0.000,-27.5059,-24.8067,63
2026-04-24,16:17:47,69954,1,0.0000,-0.0017,-0.0015,0.0441,-0.0123,0,1.0000,0,0,-2.7493,-0.1973,45.1600,1.5264,173.4406,0.000,0.000,0.000,-27.5067,-24.8375,63
2026-04-24,16:17:47,69955,1,0.0000,-0.0092,-0.0013,0.0371,-0.0123,0,1.0000,0,0,-2.7525,-0.1464,45.2237,1.5187,173.4366,0.000,0.000,0.000,-27.4710,-24.8438,63
2026-04-24,16:17:47,69955,1,0.0000,-0.0026,-0.0006,0.0186,-0.0123,0,1.0000,0,0,-2.7522,-0.0154,45.2733,1.5055,173.4460,0.000,0.000,0.000,-27.4863,-24.8591,63
2026-04-24,16:17:47,69957,1,0.0000,0.0021,-0.0006,0.0170,-0.0124,0,1.0000,0,0,-2.7643,-0.2770,45.3599,1.7179,173.4526,0.000,0.000,0.000,-27.4716,-24.8545,63
2026-04-24,16:17:47,69957,1,0.0000,-0.0057,-0.0013,0.0371,-0.0123,0,1.0000,0,0,-2.7607,-0.1612,45.4187,1.7453,173.4505,0.000,0.000,0.000,-27.4963,-24.8279,63
2026-04-24,16:17:47,69958,1,0.0000,-0.0043,-0.0013,0.0386,-0.0123,0,1.0000,0,0,-2.7831,-0.2299,45.4980,1.6055,173.4600,0.000,0.000,0.000,-27.5060,-24.8315,63
2026-04-24,16:17:47,69958,1,0.0000,-0.0059,-0.0008,0.0231,-0.0123,0,1.0000,0,0,-2.7810,-0.1542,45.5137,1.3489,173.4637,0.000,0.000,0.000,-27.5011,-24.8672,63
2026-04-24,16:17:47,69987,1,0.0000,0.0021,-0.0016,0.0472,-0.0124,0,1.0000,0,0,-2.7659,0.5052,45.4425,-1.1186,173.4523,0.000,0.000,0.000,-27.4817,-24.8398,63
2026-04-24,16:17:47,70023,1,0.0000,-0.0048,-0.0008,0.0231,-0.0123,0,1.0000,0,0,-2.7532,0.5127,45.3738,-1.8266,173.4259,0.000,0.000,0.000,-27.4735,-24.8568,63
2026-04-24,16:17:47,70059,1,0.0000,-0.0024,-0.0019,0.0557,-0.0123,0,1.0000,0,0,-2.7447,0.2729,45.2127,-3.8873,173.4411,0.000,0.000,0.000,-27.4666,-24.8493,63
2026-04-24,16:17:47,70095,1,0.0000,-0.0140,-0.0019,0.0557,-0.0123,0,1.0000,0,0,-2.7374,0.4579,45.1867,-1.7959,173.4528,0.000,0.000,0.000,-27.4584,-24.8456,63
2026-04-24,16:17:47,70131,1,0.0000,0.0028,-0.0004,0.0116,-0.0123,0,1.0000,0,0,-2.7166,0.6739,45.1977,-0.2312,173.4480,0.000,0.000,0.000,-27.4743,-24.8668,63
2026-04-24,16:17:47,70167,1,0.0000,0.0074,-0.0010,0.0302,-0.0124,0,1.0000,0,0,-2.7237,-0.1037,45.3203,2.2146,173.4478,0.000,0.000,0.000,-27.4658,-24.8807,63
2026-04-24,16:17:47,70203,1,0.0000,0.0051,-0.0016,0.0472,-0.0123,0,1.0000,0,0,-2.7248,0.2559,45.4653,3.6552,173.4408,0.000,0.000,0.000,-27.4719,-24.9155,63
2026-04-24,16:17:47,70238,1,0.0000,-0.0006,-0.0012,0.0356,-0.0123,0,1.0000,0,0,-2.7264,-0.1280,45.4600,0.6395,173.4465,0.000,0.000,0.000,-27.4548,-24.9186,63
2026-04-24,16:17:47,70274,1,0.0000,0.0011,-0.0013,0.0387,-0.0123,0,1.0000,0,0,-2.7407,-0.4066,45.4159,-0.7827,173.4454,0.000,0.000,0.000,-27.4208,-24.9072,63
2026-04-24,16:17:47,70310,1,0.0000,0.0046,-0.0016,0.0472,-0.0123,0,1.0000,0,0,-2.7239,0.6655,45.3417,-1.8864,173.4475,0.000,0.000,0.000,-27.4360,-24.9183,63
2026-04-24,16:17:47,70346,1,0.0000,-0.0006,-0.0018,0.0517,-0.0123,0,1.0000,0,0,-2.7375,-0.3067,45.3674,-0.1739,173.4452,0.000,0.000,0.000,-27.3650,-24.9587,63
2026-04-24,16:17:48,70381,1,0.0000,0.0073,-0.0012,0.0356,-0.0124,0,1.0000,0,0,-2.7281,0.6767,45.3021,-1.7746,173.4536,0.000,0.000,0.000,-27.3594,-24.9674,63
2026-04-24,16:17:48,70417,1,0.0000,-0.0022,-0.0001,0.0015,-0.0123,0,1.0000,0,0,-2.7499,-0.3600,45.2951,-0.5503,173.4441,0.000,0.000,0.000,-27.3629,-24.9530,63
2026-04-24,16:17:48,70902,1,0.0000,-0.0000,-0.0014,0.0402,-0.0123,0,1.0000,0,0,-2.7619,-0.3450,45.3204,-0.1298,173.4404,0.000,0.000,0.000,-27.3593,-25.0259,63
2026-04-24,16:17:48,70903,1,0.0000,-0.0082,-0.0006,0.0171,-0.0123,0,1.0000,0,0,-2.7750,-0.3354,45.3269,-0.0213,173.4545,0.000,0.000,0.000,-27.3270,-25.0753,63
2026-04-24,16:17:48,70903,1,0.0000,0.0113,-0.0011,0.0317,-0.0124,0,1.0000,0,0,-2.7685,0.0679,45.3470,0.1749,173.4653,0.000,0.000,0.000,-27.3126,-25.0116,63
2026-04-24,16:17:48,70904,1,0.0000,0.0058,-0.0006,0.0170,-0.0124,0,1.0000,0,0,-2.7762,-0.0963,45.3736,0.3533,173.4699,0.000,0.000,0.000,-27.3457,-24.9929,63
2026-04-24,16:17:48,70904,1,0.0000,0.0062,-0.0014,0.0402,-0.0123,0,1.0000,0,0,-2.7821,-0.1171,45.3981,0.4589,173.4712,0.000,0.000,0.000,-27.4012,-25.0175,63
2026-04-24,16:17:48,70905,1,0.0000,-0.0022,-0.0013,0.0386,-0.0123,0,1.0000,0,0,-2.7873,-0.1224,45.4254,0.5718,173.4814,0.000,0.000,0.000,-27.4366,-24.9870,63
2026-04-24,16:17:48,70907,1,0.0000,-0.0066,-0.0009,0.0256,-0.0123,0,1.0000,0,0,-2.7977,-0.1939,45.4592,0.7147,173.4829,0.000,0.000,0.000,-27.4601,-24.9854,63
2026-04-24,16:17:48,70908,1,0.0000,-0.0073,-0.0006,0.0186,-0.0123,0,1.0000,0,0,-2.7981,-0.0110,45.4938,0.7487,173.4770,0.000,0.000,0.000,-27.4548,-24.9395,63
2026-04-24,16:17:48,70909,1,0.0000,0.0003,-0.0010,0.0286,-0.0123,0,1.0000,0,0,-2.8050,-0.1041,45.5067,0.5713,173.4693,0.000,0.000,0.000,-27.4174,-24.8846,63
2026-04-24,16:17:48,70909,1,0.0000,-0.0033,-0.0016,0.0457,-0.0123,0,1.0000,0,0,-2.7996,0.0877,45.5104,0.3653,173.4567,0.000,0.000,0.000,-27.4177,-24.9087,63
2026-04-24,16:17:48,70910,1,0.0000,0.0017,-0.0009,0.0256,-0.0123,0,1.0000,0,0,-2.8109,0.1045,45.5224,0.2878,173.4693,0.000,0.000,0.000,-27.4682,-24.8939,63
2026-04-24,16:17:48,70915,1,0.0000,-0.0096,-0.0007,0.0216,-0.0123,0,1.0000,0,0,-2.8168,-0.1547,45.5074,-0.1002,173.4743,0.000,0.000,0.000,-27.5058,-24.8732,63
