Date,Time,Timestamp_ms,Kite_ID,Commanded_Vel_rps,Actual_Vel_rps,Torque_Nm,Tension_N,Line_Length_m,Target_Enabled,Target_Length_m,Remote_Joy,Remote_Active,Pitch_deg,Pitch_Vel_dps,Yaw_deg,Yaw_Vel_dps,Roll_deg,Dive_Conf,AWW_Conf,AF_Conf,Kite_Pitch_deg,Kite_Roll_deg,Kite_IMU_Battery
2026-05-05,15:13:50,0,1,-7.9840,-2.6240,0.0763,2.2437,2.3179,0,12.5202,-998,1,11.9999,-0.6427,107.2217,-8.6028,168.6461,0.000,0.000,0.498,0.0000,0.0000,0
2026-05-05,15:13:50,2,1,-7.9840,-2.3988,0.0806,2.3698,2.3413,0,12.5202,-998,1,12.2376,4.0169,107.2801,-4.5927,168.6319,0.000,0.000,0.494,0.0000,0.0000,0
2026-05-05,15:13:50,3,1,-7.9840,-2.4580,0.0677,1.9921,2.3589,0,12.5202,-998,1,12.1859,1.1024,107.6025,0.0501,168.5542,0.000,0.000,0.492,0.0000,0.0000,0
2026-05-05,15:13:50,4,1,-7.9840,-2.4648,0.0755,2.2201,2.3814,0,12.5202,-998,1,11.9902,-2.1459,107.8932,2.4886,168.4689,0.000,0.000,0.489,0.0000,0.0000,0
2026-05-05,15:13:50,4,1,-7.9840,-2.2616,0.0749,2.2026,2.3984,0,12.5202,-998,1,11.8774,-2.6695,107.9489,2.2073,168.5643,0.000,0.000,0.486,0.0000,0.0000,0
2026-05-05,15:13:50,5,1,-7.9840,-2.0986,0.0600,1.7635,2.4136,0,12.5202,-998,1,11.6507,-4.8799,108.0232,2.2447,168.5847,0.000,0.000,0.484,0.0000,0.0000,0
2026-05-05,15:13:50,5,1,-7.9840,-1.5457,0.0910,2.6758,2.4274,0,12.5202,-998,1,11.6415,-2.0337,108.1767,3.0027,168.5304,0.000,0.000,0.482,0.0000,0.0000,0
2026-05-05,15:13:50,6,1,-7.9840,-1.5367,0.0785,2.3098,2.4405,0,12.5202,-998,1,11.8709,2.0099,108.3867,3.8357,168.3524,0.000,0.000,0.478,0.0000,0.0000,0
2026-05-05,15:13:50,7,1,-7.9840,-1.7512,0.0597,1.7559,2.4550,0,12.5202,-998,1,11.7752,-2.0966,108.5555,3.7281,168.1457,0.000,0.000,0.475,0.0000,0.0000,0
2026-05-05,15:13:50,8,1,-7.9840,-1.8596,0.0507,1.4905,2.4668,0,12.5202,-998,1,11.4579,-6.6969,108.3855,0.8919,168.2105,0.000,0.000,0.473,0.0000,0.0000,0
2026-05-05,15:13:50,8,1,-7.9840,-1.0937,0.0687,2.0205,2.4784,0,12.5202,-998,1,11.4073,-4.1374,108.1832,-1.2555,168.3639,0.000,0.000,0.470,0.0000,0.0000,0
2026-05-05,15:13:50,9,1,-7.9840,-1.3728,0.0644,1.8927,2.4873,0,12.5202,-998,1,11.2639,-3.4938,108.2239,-0.4529,168.1863,0.000,0.000,0.467,0.0000,0.0000,0
2026-05-05,15:13:50,10,1,-7.9840,-1.4476,0.0440,1.2944,2.4969,0,12.5202,-998,1,10.9415,-7.6332,108.1019,-1.5561,168.0707,0.000,0.000,0.465,0.0000,0.0000,0
2026-05-05,15:13:50,11,1,-7.9840,-1.3299,0.0541,1.5904,2.5069,0,12.5202,-998,1,10.9688,-2.3377,107.9081,-2.9600,168.1999,0.000,0.000,0.462,0.0000,0.0000,0
2026-05-05,15:13:50,13,1,-7.9840,-1.5322,0.0526,1.5476,2.5174,0,12.5202,-998,1,11.1269,1.3001,107.7484,-3.5073,168.3535,0.000,0.000,0.460,0.0000,0.0000,0
2026-05-05,15:13:50,14,1,-7.9840,-1.0568,0.0751,2.2100,2.5299,0,12.5202,-998,1,11.4736,6.1936,107.7050,-2.4106,168.2189,0.000,0.000,0.457,0.0000,0.0000,0
2026-05-05,15:13:50,14,1,-7.9840,-0.8423,0.0565,1.6608,2.5366,0,12.5202,-998,1,11.4428,1.9132,107.7010,-1.7003,167.9163,0.000,0.000,0.454,0.0000,0.0000,0
2026-05-05,15:13:50,15,1,-7.9840,-1.2218,0.0456,1.3410,2.5464,0,12.5202,-998,1,11.3048,-2.0712,107.5907,-2.0939,167.7495,0.000,0.000,0.451,0.0000,0.0000,0
2026-05-05,15:13:50,15,1,-7.9840,-1.3269,0.0394,1.1596,2.5549,0,12.5202,-998,1,11.2953,-0.6646,107.2489,-4.7483,167.8891,0.000,0.000,0.449,0.0000,0.0000,0
2026-05-05,15:13:50,16,1,-7.9840,-1.1340,0.0688,2.0234,2.5628,0,12.5202,-998,1,11.5051,3.3714,106.8678,-6.8520,168.0083,0.000,0.000,0.446,0.0000,0.0000,0
2026-05-05,15:13:50,17,1,-7.9840,-1.2818,0.0563,1.6552,2.5733,0,12.5202,-998,1,11.6341,2.1334,106.8741,-3.8567,167.8899,0.000,0.000,0.443,0.0000,0.0000,0
2026-05-05,15:13:50,17,1,-7.9840,-1.2803,0.0405,1.1918,2.5828,0,12.5202,-998,1,11.5127,-1.0420,106.8416,-3.1475,167.6493,0.000,0.000,0.441,0.0000,0.0000,0
2026-05-05,15:13:50,18,1,-7.9840,-0.9432,0.0700,2.0585,2.5913,0,12.5202,-998,1,11.6335,1.6865,106.5561,-4.8619,167.6937,0.000,0.000,0.438,0.0000,0.0000,0
2026-05-05,15:13:50,19,1,-7.9840,-0.8992,0.0524,1.5409,2.5989,0,12.5202,-998,1,12.1657,10.2335,105.9838,-8.4034,167.7917,0.000,0.000,0.435,0.0000,0.0000,0
2026-05-05,15:13:50,19,1,-7.9840,-1.2572,0.0665,1.9551,2.6067,0,12.5202,-998,1,12.3771,6.7810,106.0584,-4.9513,167.7690,0.000,0.000,0.433,0.0000,0.0000,0
2026-05-05,15:13:50,20,1,-7.9840,-1.2579,0.0526,1.5474,2.6156,0,12.5202,-998,1,12.2294,0.0937,106.0010,-4.0761,167.6073,0.000,0.000,0.430,0.0000,0.0000,0
2026-05-05,15:13:50,22,1,-7.9840,-1.5977,0.0612,1.8009,2.6259,0,12.5202,-998,1,12.2327,0.3121,105.7705,-5.1114,167.6689,0.000,0.000,0.428,0.0000,0.0000,0
2026-05-05,15:13:50,23,1,-7.9840,-1.6431,0.0674,1.9823,2.6378,0,12.5202,-998,1,12.3662,2.1261,105.3327,-7.4889,167.8319,0.000,0.000,0.426,0.0000,0.0000,0
2026-05-05,15:13:50,24,1,-7.9840,-1.5668,0.0815,2.3969,2.6523,0,12.5202,-998,1,12.5567,3.3196,105.2747,-4.7481,167.8625,0.000,0.000,0.431,0.0000,0.0000,0
2026-05-05,15:13:50,24,1,-7.9840,-1.4232,0.0643,1.8924,2.6623,0,12.5202,-998,1,12.7293,4.3691,105.3883,-2.1831,167.6626,0.000,0.000,0.455,0.0000,0.0000,0
2026-05-05,15:13:50,25,1,-7.9840,-1.5883,0.0673,1.9799,2.6738,0,12.5202,-998,1,12.8373,4.1412,105.4268,-1.1350,167.5204,0.000,0.000,0.479,0.0000,0.0000,0
2026-05-05,15:13:50,26,1,-7.9840,-1.8416,0.0650,1.9130,2.6859,0,12.5202,-998,1,12.7302,-0.1358,105.3902,-1.1227,167.6319,0.000,0.000,0.486,0.0000,0.0000,0
2026-05-05,15:13:50,26,1,-7.9840,-1.8532,0.0792,2.3292,2.7027,0,12.5202,-998,1,12.6797,-0.6256,105.2690,-1.8348,167.9075,0.000,0.000,0.482,0.0000,0.0000,0
2026-05-05,15:13:50,27,1,-7.9840,-1.8917,0.0748,2.2008,2.7152,0,12.5202,-998,1,12.6739,-0.4659,105.1702,-2.1680,167.9674,0.000,0.000,0.480,0.0000,0.0000,0
2026-05-05,15:13:50,28,1,-7.9840,-1.9645,0.0624,1.8346,2.7286,0,12.5202,-998,1,12.5837,-1.8512,105.1925,-1.2584,167.8748,0.000,0.000,0.478,0.0000,0.0000,0
2026-05-05,15:13:50,28,1,-7.9840,-2.0361,0.0628,1.8461,2.7433,0,12.5202,-998,1,12.5780,-0.9048,105.1842,-0.9629,167.7865,0.000,0.000,0.475,0.0000,0.0000,0
2026-05-05,15:13:50,29,1,-7.9840,-1.8892,0.0554,1.6305,2.7565,0,12.5202,-998,1,12.7031,1.7828,105.1948,-0.5558,167.8620,0.000,0.000,0.473,0.0000,0.0000,0
2026-05-05,15:13:50,29,1,-7.9840,-1.4812,0.0641,1.8864,2.7678,0,12.5202,-998,1,13.0436,6.0338,105.2173,-0.1916,167.8720,0.000,0.000,0.470,0.0000,0.0000,0
2026-05-05,15:13:50,30,1,-7.9840,-1.6001,0.0580,1.7050,2.7792,0,12.5202,-998,1,13.1066,3.9177,105.3537,1.2255,167.7800,0.000,0.000,0.468,0.0000,0.0000,0
2026-05-05,15:13:50,31,1,-7.9840,-1.1901,0.0865,2.5443,2.7904,0,12.5202,-998,1,13.0669,1.6345,105.4389,1.5466,167.7477,0.000,0.000,0.466,0.0000,0.0000,0
2026-05-05,15:13:50,32,1,-7.9840,-1.0190,0.0824,2.4233,2.7982,0,12.5202,-998,1,13.1566,2.9159,105.3733,0.5603,167.8958,0.000,0.000,0.463,0.0000,0.0000,0
2026-05-05,15:13:50,33,1,-7.9840,-1.1546,0.0756,2.2231,2.8065,0,12.5202,-998,1,13.3334,3.9423,105.5028,1.5442,167.8311,0.000,0.000,0.461,0.0000,0.0000,0
2026-05-05,15:13:50,34,1,-7.9840,-1.3879,0.0612,1.7990,2.8154,0,12.5202,-998,1,13.0318,-4.1580,105.6347,2.3134,167.7587,0.000,0.000,0.458,0.0000,0.0000,0
2026-05-05,15:13:50,35,1,-7.9840,-1.4509,0.0490,1.4398,2.8267,0,12.5202,-998,1,12.6722,-6.8760,105.8421,3.4216,167.8980,0.000,0.000,0.456,0.0000,0.0000,0
2026-05-05,15:13:50,35,1,-7.9840,-1.4809,0.0653,1.9195,2.8408,0,12.5202,-998,1,12.6608,-1.6393,106.2552,5.9872,168.1995,0.000,0.000,0.453,0.0000,0.0000,0
2026-05-05,15:13:50,36,1,-7.9840,-1.6863,0.0696,2.0475,2.8521,0,12.5202,-998,1,12.7884,1.3279,106.7333,8.5531,168.0082,0.000,0.000,0.450,0.0000,0.0000,0
2026-05-05,15:13:50,36,1,-7.9840,-1.7571,0.0741,2.1791,2.8680,0,12.5202,-998,1,12.7231,-1.2421,107.1596,8.9599,167.5829,0.000,0.000,0.447,0.0000,0.0000,0
2026-05-05,15:13:50,37,1,-7.9840,-1.7366,0.0506,1.4894,2.8795,0,12.5202,-998,1,12.6558,-1.6792,107.3327,7.7134,167.5868,0.000,0.000,0.445,0.0000,0.0000,0
2026-05-05,15:13:50,38,1,-7.9840,-1.4989,0.0478,1.4052,2.8903,0,12.5202,-998,1,12.7673,0.9771,107.4828,6.6811,167.7793,0.000,0.000,0.442,0.0000,0.0000,0
2026-05-05,15:13:50,39,1,-7.9840,-1.4663,0.0647,1.9023,2.9024,0,12.5202,-998,1,12.7479,0.4852,107.5859,5.6282,167.9954,0.000,0.000,0.440,0.0000,0.0000,0
2026-05-05,15:13:50,39,1,-7.9840,-1.6719,0.0602,1.7701,2.9131,0,12.5202,-998,1,12.5815,-3.3134,107.7749,5.6532,167.9503,0.000,0.000,0.438,0.0000,0.0000,0
2026-05-05,15:13:50,65,1,-7.9840,-1.7158,0.0598,1.7590,2.9257,0,12.5202,-998,1,12.5712,-1.7102,107.8440,4.4277,167.8702,0.000,0.000,0.435,0.0000,0.0000,0
2026-05-05,15:13:50,66,1,-7.9840,-1.6406,0.0675,1.9845,2.9401,0,12.5202,-998,1,12.8446,4.3223,107.7007,1.2656,167.8760,0.000,0.000,0.432,0.0000,0.0000,0
2026-05-05,15:13:50,67,1,-7.9840,-1.6427,0.0519,1.5257,2.9517,0,12.5202,-998,1,12.7927,0.3453,107.6805,0.6779,167.8752,0.000,0.000,0.430,0.0000,0.0000,0
2026-05-05,15:13:50,68,1,-7.9840,-1.6789,0.0528,1.5523,2.9674,0,12.5202,-998,1,12.5491,-3.1934,107.6659,0.1804,167.8180,0.000,0.000,0.426,0.0000,0.0000,0
2026-05-05,15:13:50,69,1,-7.9840,-1.7598,0.0585,1.7204,2.9832,0,12.5202,-998,1,12.5085,-0.6784,107.5145,-1.3432,167.8639,0.000,0.000,0.423,0.0000,0.0000,0
2026-05-05,15:13:50,70,1,-7.9840,-1.7161,0.0381,1.1210,2.9965,0,12.5202,-998,1,12.4505,-1.6019,107.5920,-0.0503,167.8572,0.000,0.000,0.421,0.0000,0.0000,0
2026-05-05,15:13:50,70,1,-7.9840,-1.2127,0.0965,2.8377,3.0102,0,12.5202,-998,1,12.5295,1.7615,107.6659,0.4933,167.6718,0.000,0.000,0.418,0.0000,0.0000,0
2026-05-05,15:13:50,71,1,-7.9840,-1.2499,0.0836,2.4579,3.0195,0,12.5202,-998,1,12.5498,1.1076,107.7051,0.7585,167.6031,0.000,0.000,0.415,0.0000,0.0000,0
2026-05-05,15:13:50,71,1,-7.9840,-1.4889,0.0698,2.0526,3.0325,0,12.5202,-998,1,12.2942,-5.5538,107.8102,1.3987,167.6743,0.000,0.000,0.412,0.0000,0.0000,0
2026-05-05,15:13:50,72,1,-7.9840,-1.5781,0.0439,1.2903,3.0432,0,12.5202,-998,1,11.9091,-8.7154,107.8212,1.0119,167.9291,0.000,0.000,0.410,0.0000,0.0000,0
2026-05-05,15:13:50,73,1,-7.9840,-1.3725,0.0721,2.1207,3.0544,0,12.5202,-998,1,11.7290,-6.8437,107.4960,-2.4547,168.1081,0.016,0.000,0.407,0.0000,0.0000,0
2026-05-05,15:13:50,74,1,-7.9840,-1.5192,0.0616,1.8117,3.0677,0,12.5202,-998,1,11.7020,-1.8926,107.4701,-1.2567,168.2402,0.056,0.000,0.404,0.0000,0.0000,0
2026-05-05,15:13:50,74,1,-7.9840,-1.7057,0.0701,2.0629,3.0801,0,12.5202,-998,1,11.6368,-2.2220,107.6846,0.8928,167.9297,0.032,0.000,0.402,0.0000,0.0000,0
2026-05-05,15:13:50,75,1,-7.9840,-2.0517,0.0647,1.9022,3.4557,0,12.5202,-998,1,11.7546,-11.8239,109.3914,6.3759,167.9592,0.000,0.000,0.340,0.0000,0.0000,0
2026-05-05,15:13:50,75,1,-7.9840,-2.0878,0.0626,1.8398,3.4701,0,12.5202,-998,1,11.2738,-10.8050,109.7523,8.4799,168.1943,0.048,0.000,0.338,0.0000,0.0000,0
2026-05-05,15:13:50,85,1,-7.9840,-2.2214,0.0823,2.4218,3.4912,0,12.5202,-998,1,11.2209,-4.4937,109.7612,4.3200,168.4286,0.096,0.000,0.335,0.0000,0.0000,0
2026-05-05,15:13:50,120,1,-7.9840,-2.3245,0.0757,2.2253,3.5079,0,12.5202,-998,1,11.0773,-13.2118,109.9087,4.5449,168.2888,0.112,0.000,0.332,0.0000,0.0000,0
2026-05-05,15:13:50,156,1,-7.9840,-2.1861,0.0891,2.6219,3.5255,0,12.5202,-998,1,10.9501,-3.3638,110.3089,8.1847,168.0436,0.176,0.000,0.329,0.0000,0.0000,0
2026-05-05,15:13:50,191,1,-7.9840,-2.1653,0.0771,2.2665,3.5405,0,12.5202,-998,1,11.4126,10.4778,110.0451,-2.1874,168.0020,0.144,0.000,0.326,0.0000,0.0000,0
2026-05-05,15:13:50,227,1,-7.9840,-2.0710,0.0923,2.7135,3.5568,0,12.5202,-998,1,11.4061,3.5845,109.7192,-7.1716,168.0006,0.112,0.000,0.322,0.0000,0.0000,0
2026-05-05,15:13:50,263,1,-7.9840,-2.0362,0.0784,2.3051,3.5714,0,12.5202,-998,1,11.6250,3.3633,109.0125,-15.9788,168.0647,0.080,0.000,0.319,0.0000,0.0000,0
2026-05-05,15:13:50,299,1,-7.9840,-2.1376,0.0724,2.1289,3.5873,0,12.5202,-998,1,11.0826,-17.2042,109.0522,-4.7837,168.0471,0.072,0.000,0.316,0.0000,0.0000,0
2026-05-05,15:13:50,335,1,-7.9840,-1.8207,0.0887,2.6096,3.6028,0,12.5202,-998,1,10.9804,7.9186,109.2222,1.9300,168.2095,0.136,0.000,0.313,0.0000,0.0000,0
2026-05-05,15:13:50,371,1,-7.9840,-1.9919,0.0839,2.4691,3.6173,0,12.5202,-998,1,11.2098,5.2542,109.4880,6.8144,168.4741,0.128,0.000,0.310,0.0000,0.0000,0
2026-05-05,15:13:50,406,1,-7.9840,-2.2370,0.0734,2.1578,3.6326,0,12.5202,-998,1,10.6423,-23.9569,109.9519,12.2593,168.2736,0.120,0.000,0.306,0.0000,0.0000,0
2026-05-05,15:13:50,441,1,-7.9840,-1.9522,0.0962,2.8289,3.6485,0,12.5202,-998,1,10.4439,3.5947,110.4841,14.1964,168.2971,0.184,0.000,0.303,0.0000,0.0000,0
2026-05-05,15:13:50,476,1,-7.9840,-2.0190,0.0920,2.7059,3.6628,0,12.5202,-998,1,10.5696,3.6820,110.6116,11.1777,168.3163,0.208,0.000,0.310,0.0000,0.0000,0
2026-05-05,15:13:50,511,1,-7.9840,-2.1665,0.0722,2.1229,3.6778,0,12.5202,-998,1,10.2905,-15.9577,111.1507,14.9883,168.2434,0.200,0.000,0.306,0.0000,0.0000,0
2026-05-05,15:13:50,548,1,-7.9840,-2.1382,0.0874,2.5709,3.6948,0,12.5202,-998,1,9.8202,-7.5395,111.5290,12.2640,168.2997,0.264,0.000,0.338,0.0000,0.0000,0
2026-05-05,15:13:50,583,1,-7.9840,-2.1337,0.0732,2.1536,3.7109,0,12.5202,-998,1,9.9358,5.7107,111.7400,7.8853,168.6523,0.328,0.000,0.370,0.0000,0.0000,0
2026-05-05,15:13:50,618,1,-7.9840,-1.9890,0.0703,2.0689,3.7271,0,12.5202,-998,1,9.6625,1.5036,111.9617,6.4906,168.7086,0.392,0.000,0.402,0.0000,0.0000,0
2026-05-05,15:13:50,654,1,-7.9840,-1.9198,0.0754,2.2174,3.7433,0,12.5202,-998,1,9.9216,12.5127,111.8823,-0.8829,168.5205,0.360,0.000,0.434,0.0000,0.0000,0
2026-05-05,15:13:50,690,1,-7.9840,-2.0907,0.0566,1.6638,3.7593,0,12.5202,-998,1,9.9656,4.8692,111.4689,-8.6571,168.2303,0.328,0.000,0.466,0.0000,0.0000,0
2026-05-05,15:13:50,725,1,-7.9840,-1.8650,0.0793,2.3310,3.7745,0,12.5202,-998,1,10.3383,17.4397,111.1166,-10.2039,168.1001,0.296,0.000,0.498,0.0000,0.0000,0
2026-05-05,15:13:50,760,1,-7.9840,-1.9735,0.0784,2.3046,3.7900,0,12.5202,-998,1,10.7797,8.9816,110.9894,-4.5150,168.1596,0.264,0.000,0.530,0.0000,0.0000,0
2026-05-05,15:13:51,796,1,-7.9840,-2.1405,0.0624,1.8363,3.8064,0,12.5202,-998,1,10.0382,-25.7322,111.0693,-0.1192,168.0722,0.232,0.000,0.536,0.0000,0.0000,0
2026-05-05,15:13:51,831,1,-7.9840,-1.9660,0.0714,2.1004,3.8222,0,12.5202,-998,1,9.2971,-17.1128,111.0648,1.2573,168.3945,0.296,0.000,0.533,0.0000,0.0000,0
2026-05-05,15:13:51,867,1,-7.9840,-2.0473,0.0575,1.6906,3.8380,0,12.5202,-998,1,8.9262,-14.8122,110.8229,-4.7758,169.0151,0.360,0.000,0.530,0.0000,0.0000,0
2026-05-05,15:13:51,902,1,-7.9840,-1.9017,0.0651,1.9152,3.8535,0,12.5202,-998,1,8.8293,-0.8710,110.5299,-8.2077,169.1879,0.424,0.000,0.526,0.0000,0.0000,0
2026-05-05,15:13:51,937,1,-7.9840,-1.9253,0.0420,1.2368,3.8685,0,12.5202,-998,1,8.4688,-10.9033,110.6198,-0.9613,168.9302,0.488,0.000,0.541,0.0000,0.0000,0
2026-05-05,15:13:51,972,1,-7.9840,-1.3373,0.0862,2.5357,3.8805,0,12.5202,-998,1,9.4143,35.8193,110.6520,1.9614,168.5297,0.480,0.000,0.573,0.0000,0.0000,0
2026-05-05,15:13:51,1008,1,-7.9840,-1.5055,0.0747,2.1957,3.8914,0,12.5202,-998,1,10.3128,22.6646,111.1954,12.3952,168.0344,0.448,0.000,0.596,0.0000,0.0000,0
2026-05-05,15:13:51,1044,1,-7.9840,-1.7214,0.0562,1.6523,3.9038,0,12.5202,-998,1,10.1341,-16.2075,112.1153,24.1026,167.8173,0.416,0.000,0.619,0.0000,0.0000,0
2026-05-05,15:13:51,1080,1,-7.9840,-1.6627,0.0627,1.8444,3.9165,0,12.5202,-998,1,9.5652,-12.7858,112.9916,25.4577,168.2343,0.384,0.000,0.651,0.0000,0.0000,0
2026-05-05,15:13:51,1115,1,-7.9840,-1.7417,0.0518,1.5247,3.9291,0,12.5202,-998,1,9.7114,5.0151,112.8619,4.4830,168.9044,0.352,0.000,0.683,0.0000,0.0000,0
2026-05-05,15:13:51,1150,1,-7.9840,-1.6689,0.0583,1.7154,3.9423,0,12.5202,-998,1,9.9320,12.6532,112.6087,-3.1197,168.8861,0.320,0.000,0.715,0.0000,0.0000,0
2026-05-05,15:13:51,1186,1,-7.9840,-1.7577,0.0552,1.6243,3.9567,0,12.5202,-998,1,9.7727,-5.5639,112.3568,-7.1883,168.2332,0.288,0.000,0.747,0.0000,0.0000,0
2026-05-05,15:13:51,1222,1,-7.9840,-1.5957,0.0767,2.2560,3.9703,0,12.5202,-998,1,9.9306,15.9390,111.8764,-12.2991,168.1345,0.256,0.000,0.753,0.0000,0.0000,0
2026-05-05,15:13:51,1257,1,-7.9840,-1.8200,0.0720,2.1162,3.9834,0,12.5202,-998,1,10.2785,3.2799,111.5671,-10.2764,168.4768,0.224,0.000,0.750,0.0000,0.0000,0
2026-05-05,15:13:51,1292,1,-7.9840,-2.0431,0.0703,2.0674,3.9975,0,12.5202,-998,1,9.8261,-16.6350,111.1821,-10.9952,168.4921,0.192,0.000,0.746,0.0000,0.0000,0
2026-05-05,15:13:51,1327,1,-7.9840,-2.0583,0.0769,2.2617,4.0116,0,12.5202,-998,1,9.6185,-10.5768,111.0213,-7.1826,168.5061,0.184,0.000,0.743,0.0000,0.0000,0
2026-05-05,15:13:51,1362,1,-7.9840,-2.1018,0.0922,2.7123,4.0270,0,12.5202,-998,1,9.5721,-0.0199,111.0638,-1.6440,168.5433,0.248,0.000,0.740,0.0000,0.0000,0
2026-05-05,15:13:51,1397,1,-7.9840,-2.1992,0.0950,2.7943,4.0418,0,12.5202,-998,1,9.7396,5.7287,111.1288,0.3604,168.5093,0.224,0.000,0.738,0.0000,0.0000,0
2026-05-05,15:13:51,1433,1,-7.9840,-2.3341,0.0909,2.6746,4.0585,0,12.5202,-998,1,9.9429,-2.1871,111.4578,6.4273,168.2016,0.192,0.000,0.734,0.0000,0.0000,0
2026-05-05,15:13:51,1469,1,-7.9840,-2.3492,0.0912,2.6816,4.0763,0,12.5202,-998,1,9.5589,-10.8870,111.7804,9.0796,168.0813,0.160,0.000,0.731,0.0000,0.0000,0
2026-05-05,15:13:51,1505,1,-7.9840,-2.4009,0.0834,2.4517,4.0938,0,12.5202,-998,1,9.4412,-4.0108,111.7806,4.1972,168.3380,0.128,0.000,0.728,0.0000,0.0000,0
2026-05-05,15:13:51,1540,1,-7.9840,-2.4179,0.0677,1.9915,4.1121,0,12.5202,-998,1,9.1842,-7.1700,112.0033,5.2333,168.8667,0.168,0.000,0.725,0.0000,0.0000,0
2026-05-05,15:13:51,1576,1,-7.9840,-2.4980,0.0850,2.4996,4.1312,0,12.5202,-998,1,9.3092,13.0932,112.1574,6.4219,168.9285,0.184,0.000,0.722,0.0000,0.0000,0
2026-05-05,15:13:51,1612,1,-7.9840,-2.7134,0.0875,2.5731,4.1512,0,12.5202,-998,1,9.4182,-3.7464,112.6927,11.7967,168.5090,0.152,0.000,0.718,0.0000,0.0000,0
2026-05-05,15:13:51,1647,1,-7.9840,-2.2883,0.1033,3.0385,4.1704,0,12.5202,-998,1,9.3317,8.1228,112.4414,-3.5270,168.2488,0.120,0.000,0.715,0.0000,0.0000,0
2026-05-05,15:13:51,1683,1,-7.9840,-2.2860,0.1030,3.0286,4.1884,0,12.5202,-998,1,10.0962,21.6171,112.0902,-5.7498,168.3371,0.088,0.000,0.712,0.0000,0.0000,0
2026-05-05,15:13:51,1719,1,-7.9840,-2.4418,0.0771,2.2682,4.2074,0,12.5202,-998,1,9.9930,-8.1014,111.8708,-7.3522,168.3798,0.056,0.000,0.709,0.0000,0.0000,0
2026-05-05,15:13:51,1756,1,-7.9840,-2.6850,0.0825,2.4263,4.2279,0,12.5202,-998,1,9.1652,-21.9477,112.0585,3.3305,168.3835,0.048,0.000,0.706,0.0000,0.0000,0
2026-05-05,15:13:52,1791,1,-7.9840,-2.5132,0.0773,2.2728,4.2465,0,12.5202,-998,1,8.5023,-22.3143,112.3136,5.3918,168.6382,0.112,0.000,0.702,0.0000,0.0000,0
2026-05-05,15:13:52,1827,1,-7.9840,-2.2742,0.0748,2.2007,4.2657,0,12.5202,-998,1,8.3315,-2.6418,112.1673,-0.2607,169.1240,0.176,0.000,0.699,0.0000,0.0000,0
2026-05-05,15:13:52,1863,1,-7.9840,-2.4845,0.0660,1.9406,4.2846,0,12.5202,-998,1,7.8584,-15.6725,112.5346,8.0588,169.2268,0.240,0.000,0.696,0.0000,0.0000,0
2026-05-05,15:13:52,1899,1,-7.9840,-2.3029,0.0777,2.2843,4.3018,0,12.5202,-998,1,7.8156,-4.1300,112.6256,4.9755,168.9121,0.304,0.000,0.693,0.0000,0.0000,0
2026-05-05,15:13:52,1934,1,-7.9840,-2.2777,0.0854,2.5109,4.3188,0,12.5202,-998,1,8.1099,11.2586,112.9384,7.9586,168.7332,0.296,0.000,0.707,0.0000,0.0000,0
2026-05-05,15:13:52,1969,1,-7.9840,-2.1526,0.0793,2.3322,4.3340,0,12.5202,-998,1,9.1653,28.2409,113.1916,8.3799,168.5611,0.264,0.000,0.704,0.0000,0.0000,0
2026-05-05,15:13:52,2004,1,-7.9840,-2.2555,0.0807,2.3737,4.3504,0,12.5202,-998,1,9.6344,13.9860,113.4883,7.4141,168.1845,0.232,0.000,0.701,0.0000,0.0000,0
2026-05-05,15:13:52,2040,1,-7.9840,-1.9623,0.0853,2.5091,4.3666,0,12.5202,-998,1,9.8842,14.8165,113.4937,2.4212,168.0124,0.200,0.000,0.733,0.0000,0.0000,0
2026-05-05,15:13:52,2075,1,-7.9840,-2.2211,0.0928,2.7284,4.3826,0,12.5202,-998,1,10.2700,12.7071,113.3942,-1.5441,168.1203,0.168,0.000,0.765,0.0000,0.0000,0
2026-05-05,15:13:52,2111,1,-7.9840,-2.3133,0.0736,2.1646,4.4000,0,12.5202,-998,1,9.9351,-10.3032,113.4780,3.0509,168.1716,0.136,0.000,0.797,0.0000,0.0000,0
2026-05-05,15:13:52,2146,1,-7.9840,-2.3711,0.0710,2.0889,4.4181,0,12.5202,-998,1,9.0895,-19.4321,113.2412,-5.4107,168.3977,0.176,0.000,0.811,0.0000,0.0000,0
2026-05-05,15:13:52,2182,1,-7.9840,-2.6014,0.0873,2.5665,4.4376,0,12.5202,-998,1,8.5785,-11.3539,113.3674,1.8153,168.7559,0.240,0.000,0.808,0.0000,0.0000,0
2026-05-05,15:13:52,2218,1,-7.9840,-2.8095,0.0797,2.3444,4.4588,0,12.5202,-998,1,8.1255,-13.7443,113.3855,-0.0220,169.0040,0.304,0.000,0.805,0.0000,0.0000,0
2026-05-05,15:13:52,2254,1,-7.9840,-2.4080,0.0941,2.7668,4.4790,0,12.5202,-998,1,8.3979,20.1777,112.7781,-13.9451,168.8968,0.368,0.000,0.802,0.0000,0.0000,0
2026-05-05,15:13:52,2290,1,-7.9840,-2.6729,0.1074,3.1601,4.4994,0,12.5202,-998,1,9.1762,19.2353,112.4387,-10.0789,168.5386,0.336,0.000,0.816,0.0000,0.0000,0
2026-05-05,15:13:52,2327,1,-7.9840,-2.7764,0.0990,2.9103,4.5208,0,12.5202,-998,1,9.2464,0.3480,112.6205,-2.2268,168.3376,0.312,0.000,0.840,0.0000,0.0000,0
2026-05-05,15:13:52,2363,1,-7.9840,-2.9041,0.0740,2.1758,4.5427,0,12.5202,-998,1,8.4273,-24.1385,113.3907,15.6519,168.4122,0.304,0.000,0.837,0.0000,0.0000,0
2026-05-05,15:13:52,2399,1,-7.9840,-2.8126,0.1063,3.1257,4.5639,0,12.5202,-998,1,8.5627,5.4637,114.2457,22.6720,168.6939,0.344,0.000,0.834,0.0000,0.0000,0
2026-05-05,15:13:52,2435,1,-7.9840,-2.8530,0.0951,2.7982,4.5858,0,12.5202,-998,1,8.6796,3.1783,114.6735,17.0497,169.1174,0.312,0.000,0.857,0.0000,0.0000,0
2026-05-05,15:13:52,2470,1,-7.9840,-3.0805,0.0826,2.4281,4.6082,0,12.5202,-998,1,8.2760,-18.9602,114.6928,5.6996,168.8516,0.280,0.000,0.889,0.0000,0.0000,0
2026-05-05,15:13:52,2506,1,-7.9840,-2.8354,0.0999,2.9392,4.6301,0,12.5202,-998,1,7.6934,-14.4484,114.7156,2.5366,168.8035,0.344,0.000,0.921,0.0000,0.0000,0
2026-05-05,15:13:52,2541,1,-7.9840,-2.9312,0.0968,2.8481,4.6520,0,12.5202,-998,1,7.8742,2.0851,115.0012,8.2919,168.9675,0.384,0.000,0.953,0.0000,0.0000,0
2026-05-05,15:13:52,2576,1,-7.9840,-3.0561,0.0805,2.3673,4.6745,0,12.5202,-998,1,7.8809,-4.9165,115.4631,12.6525,169.0303,0.352,0.000,0.985,0.0000,0.0000,0
2026-05-05,15:13:52,2612,1,-7.9840,-2.6073,0.1077,3.1681,4.6963,0,12.5202,-998,1,8.0898,20.4986,115.5789,5.4829,168.6913,0.344,0.000,1.000,0.0000,0.0000,0
2026-05-05,15:13:52,2648,1,-7.9840,-2.7659,0.1139,3.3500,4.7174,0,12.5202,-998,1,8.9256,25.1581,115.4569,1.1703,168.6215,0.312,0.000,1.000,0.0000,0.0000,0
2026-05-05,15:13:52,2684,1,-7.9840,-2.8046,0.0801,2.3567,4.7389,0,12.5202,-998,1,8.4443,-18.0849,115.8588,9.6048,168.4658,0.280,0.000,1.000,0.0000,0.0000,0
2026-05-05,15:13:52,2720,1,-7.9840,-2.8004,0.0945,2.7795,4.7603,0,12.5202,-998,1,7.7425,-20.4277,116.4826,16.0766,168.6883,0.296,0.000,1.000,0.0000,0.0000,0
2026-05-05,15:13:52,2755,1,-7.9840,-2.8765,0.0821,2.4140,4.7822,0,12.5202,-998,1,7.4502,-12.0787,117.0966,17.3584,169.1259,0.360,0.000,1.000,0.0000,0.0000,0
2026-05-05,15:13:53,2791,1,-7.9840,-2.9186,0.0872,2.5655,4.8045,0,12.5202,-998,1,7.3907,-5.6197,117.7132,18.8880,169.2566,0.424,0.000,1.000,0.0000,0.0000,0
2026-05-05,15:13:53,2827,1,-7.9840,-3.0720,0.0823,2.4209,4.8277,0,12.5202,-998,1,7.3920,-5.6887,117.9889,11.1153,169.0356,0.416,0.000,1.000,0.0000,0.0000,0
2026-05-05,15:13:53,2863,1,-7.9840,-2.9530,0.0884,2.6002,4.8504,0,12.5202,-998,1,7.5475,6.0880,117.3061,-12.3199,168.8323,0.384,0.000,1.000,0.0000,0.0000,0
2026-05-05,15:13:53,2899,1,-7.9840,-3.0448,0.0867,2.5489,4.8742,0,12.5202,-998,1,7.8794,7.2379,115.8337,-36.0391,168.7134,0.352,0.000,1.000,0.0000,0.0000,0
2026-05-05,15:13:53,2935,1,-7.9840,-3.1869,0.1008,2.9640,4.8973,0,12.5202,-998,1,8.5195,24.9709,114.7673,-31.9012,168.7919,0.320,0.000,1.000,0.0000,0.0000,0
2026-05-05,15:13:53,2970,1,-7.9840,-3.2931,0.1056,3.1048,4.9215,0,12.5202,-998,1,9.1380,21.4827,114.6418,-13.1660,168.5417,0.288,0.000,1.000,0.0000,0.0000,0
2026-05-05,15:13:53,3006,1,-7.9840,-3.4521,0.0943,2.7729,4.9476,0,12.5202,-998,1,9.2734,-0.6078,114.4428,-7.7253,168.3648,0.256,0.000,1.000,0.0000,0.0000,0
2026-05-05,15:13:53,3041,1,-7.9840,-3.1458,0.1080,3.1760,4.9721,0,12.5202,-998,1,9.0245,-2.6604,114.2628,-8.0494,168.3012,0.224,0.000,1.000,0.0000,0.0000,0
2026-05-05,15:13:53,3077,1,-7.9840,-3.2660,0.1086,3.1935,4.9973,0,12.5202,-998,1,9.2664,-0.8166,113.9247,-8.5317,168.5822,0.192,0.000,1.000,0.0000,0.0000,0
2026-05-05,15:13:53,3113,1,-7.9840,-3.5575,0.0984,2.8930,5.0238,0,12.5202,-998,1,8.8284,-20.4040,113.9046,-3.7212,168.7928,0.160,0.000,1.000,0.0000,0.0000,0
2026-05-05,15:13:53,3149,1,-7.9840,-3.3263,0.1088,3.2006,5.0499,0,12.5202,-998,1,8.5479,-8.5550,114.0554,1.4972,168.9046,0.200,0.000,1.000,0.0000,0.0000,0
2026-05-05,15:13:53,3185,1,-7.9840,-3.5091,0.1115,3.2798,5.0766,0,12.5202,-998,1,8.5226,-0.0380,114.1159,3.6664,169.1020,0.240,0.000,1.000,0.0000,0.0000,0
2026-05-05,15:13:53,3221,1,-7.9840,-3.6483,0.1078,3.1697,5.1043,0,12.5202,-998,1,8.4978,-3.6707,114.4239,7.3855,169.0617,0.208,0.000,1.000,0.0000,0.0000,0
2026-05-05,15:13:53,3261,1,-7.9840,-3.8329,0.0967,2.8446,5.1364,0,12.5202,-998,1,8.2480,-6.0882,114.6664,7.9320,169.0946,0.184,0.000,0.998,0.0000,0.0000,0
2026-05-05,15:13:53,3296,1,-7.9840,-3.6848,0.1045,3.0738,5.1639,0,12.5202,-998,1,8.0339,-8.5660,115.2290,14.8364,169.1734,0.152,0.000,0.995,0.0000,0.0000,0
2026-05-05,15:13:53,3332,1,-7.9840,-3.4928,0.0964,2.8360,5.1918,0,12.5202,-998,1,7.2993,-20.2780,115.7206,15.0946,169.3480,0.216,0.000,0.992,0.0000,0.0000,0
2026-05-05,15:13:53,3368,1,-7.9840,-3.2860,0.0993,2.9198,5.2175,0,12.5202,-998,1,6.6087,-20.9821,116.1354,14.3596,169.5223,0.280,0.000,1.000,0.0000,0.0000,0
2026-05-05,15:13:53,3404,1,-7.9840,-3.0657,0.0893,2.6258,5.2428,0,12.5202,-998,1,5.9267,-19.0972,116.4204,9.5524,169.6620,0.344,0.000,1.000,0.0000,0.0000,0
2026-05-05,15:13:53,3440,1,-7.9840,-3.0264,0.0975,2.8682,5.2667,0,12.5202,-998,1,5.3859,-9.1684,116.4920,6.0365,169.6030,0.408,0.000,1.000,0.0000,0.0000,0
2026-05-05,15:13:53,3476,1,-7.9840,-2.8187,0.0922,2.7111,5.2883,0,12.5202,-998,1,5.6316,11.5775,117.1157,16.4597,169.5636,0.472,0.000,1.000,0.0000,0.0000,0
2026-05-05,15:13:53,3511,1,-7.9840,-2.9896,0.0707,2.0806,5.3101,0,12.5202,-998,1,5.2794,-15.0801,117.7665,18.2218,169.4252,0.464,0.000,1.000,0.0000,0.0000,0
2026-05-05,15:13:53,3547,1,-7.9840,-2.5561,0.0989,2.9088,5.3293,0,12.5202,-998,1,6.0087,15.6980,118.2301,15.2422,169.3178,0.432,0.000,1.000,0.0000,0.0000,0
2026-05-05,15:13:53,3583,1,-7.9840,-2.4285,0.0543,1.5981,5.3483,0,12.5202,-998,1,5.9674,-5.4947,118.0634,0.9604,169.1171,0.400,0.000,1.000,0.0000,0.0000,0
2026-05-05,15:13:53,3619,1,-7.9840,-1.7672,0.0733,2.1556,5.3639,0,12.5202,-998,1,6.3624,11.9543,117.7854,-5.6179,168.9447,0.368,0.000,1.000,0.0000,0.0000,0
2026-05-05,15:13:53,3655,1,-7.9840,-1.7399,0.0377,1.1097,5.3781,0,12.5202,-998,1,5.9341,-18.5986,117.5664,-6.6006,168.9075,0.336,0.000,1.000,0.0000,0.0000,0
2026-05-05,15:13:53,3691,1,-7.9840,-1.0616,0.0646,1.9005,5.3881,0,12.5202,-998,1,6.0297,4.8325,117.2470,-9.3397,168.9252,0.304,0.000,1.000,0.0000,0.0000,0
2026-05-05,15:13:53,3727,1,-7.9840,-0.9156,0.0501,1.4743,5.3956,0,12.5202,-998,1,5.7966,-9.0873,116.9006,-10.1313,168.9145,0.272,0.000,1.000,0.0000,0.0000,0
2026-05-05,15:13:53,3763,1,-7.9840,-0.8000,0.0346,1.0180,5.4009,0,12.5202,-998,1,5.7603,0.1602,116.6404,-9.9286,168.7669,0.240,0.000,1.000,0.0000,0.0000,0
2026-05-05,15:13:54,3799,1,-7.9840,-0.1142,0.0350,1.0295,5.4046,0,12.5202,-998,1,6.6673,37.6139,116.2471,-12.0079,168.3381,0.208,0.000,1.000,0.0000,0.0000,0
2026-05-05,15:13:54,3835,1,-4.8480,-0.0740,0.0090,0.2649,5.4049,0,12.5202,-606,1,8.3342,48.0855,115.5207,-19.3320,167.6820,0.176,0.000,0.999,0.0000,0.0000,0
2026-05-05,15:13:54,3871,1,-1.7920,0.0019,0.0153,0.4487,5.4050,0,12.5202,-224,1,9.1596,19.3726,114.5576,-27.2485,167.3722,0.144,0.000,1.000,0.0000,0.0000,0
2026-05-05,15:13:54,3907,1,-1.1040,0.0003,0.0134,0.3929,5.4050,0,12.5202,-90,1,8.6123,-19.6462,113.3889,-33.6735,167.6798,0.112,0.000,1.000,0.0000,0.0000,0
2026-05-05,15:13:54,3943,1,-0.4320,0.0008,0.0129,0.3789,5.4049,0,12.5202,-54,1,7.8736,-22.8160,112.3895,-32.3521,168.1847,0.080,0.000,1.000,0.0000,0.0000,0
2026-05-05,15:13:54,3979,1,-0.1680,0.0096,0.0093,0.2738,5.4048,0,12.5202,-21,1,7.7311,-2.1237,111.4793,-30.0342,168.3279,0.048,0.000,0.998,0.0000,0.0000,0
2026-05-05,15:13:54,4014,1,0.0000,0.0246,0.0047,0.1385,5.4046,0,12.5202,0,1,8.1304,13.8533,110.9612,-20.4368,168.0772,0.016,0.000,0.995,0.0000,0.0000,0
2026-05-05,15:13:54,4050,1,0.0000,0.0076,0.0055,0.1616,5.4046,0,12.5202,0,1,8.5040,9.6476,110.6988,-12.9615,167.8989,0.000,0.000,0.992,0.0000,0.0000,0
2026-05-05,15:13:54,4086,1,0.0000,-0.0019,0.0067,0.1982,5.4046,0,12.5202,0,1,8.3855,-4.9538,110.4020,-10.4673,168.0455,0.000,0.000,0.989,0.0000,0.0000,0
2026-05-05,15:13:54,4123,1,0.0000,0.0023,0.0056,0.1651,5.4046,0,12.5202,0,1,7.9799,-11.1862,110.1079,-9.8963,168.2020,0.000,0.000,0.986,0.0000,0.0000,0
2026-05-05,15:13:54,4158,1,0.0000,-0.0162,0.0079,0.2320,5.4047,0,12.5202,0,1,7.8027,-4.3456,109.8700,-8.1073,168.1966,0.000,0.000,0.982,0.0000,0.0000,0
2026-05-05,15:13:54,4197,1,0.0000,-0.0144,0.0116,0.3400,5.4049,0,12.5202,0,1,7.7594,-2.2050,109.7485,-7.2138,168.1612,0.000,0.000,0.998,0.0000,0.0000,0
2026-05-05,15:13:54,4233,1,0.0000,-0.0032,0.0122,0.3589,5.4049,0,12.5202,0,1,7.6366,-5.4132,109.3765,-10.1585,168.2181,0.000,0.000,1.000,0.0000,0.0000,0
2026-05-05,15:13:54,4269,1,0.0000,0.0066,0.0125,0.3666,5.4049,0,12.5202,0,1,7.4696,-4.7848,109.1433,-8.0338,168.2630,0.000,0.000,1.000,0.0000,0.0000,0
2026-05-05,15:13:54,4305,1,0.0000,0.0033,0.0128,0.3767,5.4049,0,12.5202,0,1,7.5527,2.6080,108.9330,-6.8744,168.2409,0.000,0.000,1.000,0.0000,0.0000,0
2026-05-05,15:13:54,4341,1,0.0000,-0.0139,0.0129,0.3782,5.4049,0,12.5202,0,1,7.6767,2.8632,108.7486,-6.5823,168.2100,0.000,0.000,1.000,0.0000,0.0000,0
2026-05-05,15:13:54,4376,1,0.0000,-0.0000,0.0118,0.3469,5.4049,0,12.5202,0,1,7.4696,-7.5016,108.4686,-8.0743,168.2305,0.000,0.000,1.000,0.0000,0.0000,0
2026-05-05,15:13:54,4411,1,0.0000,0.0010,0.0123,0.3611,5.4049,0,12.5202,0,1,7.3383,-2.6261,108.2627,-6.9773,168.3124,0.000,0.000,1.000,0.0000,0.0000,0
2026-05-05,15:13:54,4447,1,0.0000,0.0002,0.0130,0.3831,5.4049,0,12.5202,0,1,7.4325,3.6122,108.0584,-6.6006,168.3151,0.000,0.000,1.000,0.0000,0.0000,0
2026-05-05,15:13:54,4482,1,0.0000,0.0028,0.0136,0.4005,5.4049,0,12.5202,0,1,7.4760,0.4238,107.8357,-6.7197,168.2556,0.000,0.000,1.000,0.0000,0.0000,0
2026-05-05,15:13:54,4517,1,0.0000,0.0097,0.0116,0.3412,5.4049,0,12.5202,0,1,7.3877,-1.9450,107.7742,-3.7584,168.2931,0.000,0.000,1.000,0.0000,0.0000,0
2026-05-05,15:13:54,4553,1,0.0000,-0.0056,0.0138,0.4047,5.4049,0,12.5202,0,1,7.4382,2.0398,107.6501,-4.0691,168.3427,0.000,0.000,0.997,0.0000,0.0000,0
2026-05-05,15:13:54,4588,1,0.0000,-0.0071,0.0121,0.3570,5.4049,0,12.5202,0,1,7.5604,3.8168,107.6219,-1.8262,168.3331,0.000,0.000,0.994,0.0000,0.0000,0
2026-05-05,15:13:54,4623,1,0.0000,0.0040,0.0133,0.3915,5.4049,0,12.5202,0,1,7.6164,1.1917,107.8236,4.3656,168.2999,0.000,0.000,0.990,0.0000,0.0000,0
2026-05-05,15:13:54,4658,1,0.0000,-0.0023,0.0136,0.4006,5.4050,0,12.5202,0,0,7.5789,-1.5197,108.0467,5.8614,168.3120,0.000,0.000,0.987,0.0000,0.0000,0
2026-05-05,15:13:54,4693,1,0.0000,-0.0234,0.0168,0.4946,5.4051,0,12.5202,0,0,7.6140,1.0193,108.2734,6.5182,168.3475,0.000,0.000,0.984,0.0000,0.0000,0
2026-05-05,15:13:54,4728,1,0.0000,-0.0480,0.0220,0.6473,5.4053,0,12.5202,0,0,7.6060,0.0533,108.3511,3.4609,168.3153,0.000,0.000,0.981,0.0000,0.0000,0
2026-05-05,15:13:54,4764,1,0.0000,-0.0317,0.0277,0.8149,5.4056,0,12.5202,0,0,7.4864,-3.3670,108.2116,-1.4468,168.2463,0.000,0.000,0.978,0.0000,0.0000,0
2026-05-05,15:13:55,4800,1,0.0000,0.0034,0.0251,0.7375,5.4056,0,12.5202,0,0,7.3573,-4.1892,108.2540,0.8683,168.2935,0.000,0.000,0.974,0.0000,0.0000,0
2026-05-05,15:13:55,4835,1,0.0000,0.0237,0.0252,0.7419,5.4056,0,12.5202,0,0,7.2942,-1.9175,108.4459,4.7332,168.3838,0.000,0.000,0.971,0.0000,0.0000,0
2026-05-05,15:13:55,4870,1,0.0000,-0.0112,0.0267,0.7844,5.4056,0,12.5202,0,0,7.3179,0.9284,108.8300,9.5476,168.4116,0.000,0.000,0.968,0.0000,0.0000,0
2026-05-05,15:13:55,4905,1,0.0000,0.0057,0.0257,0.7556,5.4056,0,12.5202,0,0,7.4364,4.2562,109.0349,6.9185,168.3594,0.000,0.000,0.965,0.0000,0.0000,0
2026-05-05,15:13:55,4940,1,0.0000,0.0058,0.0248,0.7287,5.4056,0,12.5202,0,0,7.5635,3.6267,109.1773,5.7606,168.3447,0.000,0.000,0.962,0.0000,0.0000,0
2026-05-05,15:13:55,4975,1,0.0000,-0.0009,0.0244,0.7184,5.4056,0,12.5202,0,0,7.5871,0.6373,109.2456,2.6712,168.3839,0.000,0.000,0.958,0.0000,0.0000,0
2026-05-05,15:13:55,5010,1,0.0000,0.0090,0.0223,0.6568,5.4054,0,12.5202,0,0,7.6362,1.8920,109.1950,0.1130,168.4170,0.000,0.000,0.955,0.0000,0.0000,0
2026-05-05,15:13:55,5045,1,0.0000,0.0002,0.0217,0.6397,5.4054,0,12.5202,0,0,7.7371,2.7397,109.1912,0.0431,168.3844,0.000,0.000,0.952,0.0000,0.0000,0
2026-05-05,15:13:55,5081,1,0.0000,0.0045,0.0207,0.6086,5.4054,0,12.5202,0,0,7.8016,1.1309,109.3465,3.2764,168.3440,0.000,0.000,0.949,0.0000,0.0000,0
2026-05-05,15:13:55,5116,1,0.0000,0.0006,0.0216,0.6346,5.4054,0,12.5202,0,0,7.8468,1.1386,109.2915,-0.3350,168.3523,0.000,0.000,0.946,0.0000,0.0000,0
2026-05-05,15:13:55,5149,1,0.0000,0.0112,0.0200,0.5893,5.4054,0,12.5202,0,0,7.8485,0.6859,109.2840,-0.3270,168.3297,0.000,0.000,0.944,0.0000,0.0000,0
2026-05-05,15:13:55,5184,1,0.0000,-0.0050,0.0226,0.6651,5.4054,0,12.5202,0,0,7.7469,-2.0384,109.0909,-4.1459,168.3262,0.000,0.000,0.941,0.0000,0.0000,0
2026-05-05,15:13:55,5219,1,0.0000,0.0055,0.0214,0.6301,5.4054,0,12.5202,0,0,7.8075,2.1187,108.9580,-4.3255,168.3211,0.000,0.000,0.938,0.0000,0.0000,0
2026-05-05,15:13:55,5254,1,0.0000,0.0033,0.0215,0.6322,5.4054,0,12.5202,0,0,7.7771,-2.2361,108.7347,-5.9086,168.3075,0.000,0.000,0.934,0.0000,0.0000,0
2026-05-05,15:13:55,5289,1,0.0000,0.0042,0.0220,0.6482,5.4054,0,12.5202,0,0,7.5985,-4.5112,108.6240,-4.3451,168.3407,0.000,0.000,0.931,0.0000,0.0000,0
2026-05-05,15:13:55,5324,1,0.0000,0.0060,0.0217,0.6384,5.4054,0,12.5202,0,0,7.6562,1.9626,108.5264,-3.6117,168.3573,0.000,0.000,0.928,0.0000,0.0000,0
2026-05-05,15:13:55,5359,1,0.0000,-0.0012,0.0225,0.6619,5.4054,0,12.5202,0,0,7.6191,-2.9974,108.3955,-3.7189,168.3305,0.000,0.000,0.925,0.0000,0.0000,0
2026-05-05,15:13:55,5394,1,0.0000,0.0111,0.0206,0.6046,5.4054,0,12.5202,0,0,7.5375,-2.4369,108.4392,-0.8834,168.3207,0.000,0.000,0.922,0.0000,0.0000,0
2026-05-05,15:13:55,5429,1,0.0000,0.0020,0.0212,0.6238,5.4054,0,12.5202,0,0,7.6344,4.1461,108.4796,0.7753,168.3462,0.000,0.000,0.918,0.0000,0.0000,0
2026-05-05,15:13:55,5464,1,0.0000,0.0082,0.0220,0.6463,5.4054,0,12.5202,0,0,7.7719,3.1079,108.4738,0.1618,168.3423,0.000,0.000,0.915,0.0000,0.0000,0
2026-05-05,15:13:55,5499,1,0.0000,0.0010,0.0207,0.6098,5.4054,0,12.5202,0,0,7.7688,0.1717,108.5279,1.2964,168.3146,0.000,0.000,0.912,0.0000,0.0000,0
2026-05-05,15:13:55,5534,1,0.0000,-0.0057,0.0232,0.6834,5.4054,0,12.5202,0,0,7.8473,3.0524,108.6796,3.6752,168.3135,0.000,0.000,0.909,0.0000,0.0000,0
2026-05-05,15:13:55,5570,1,0.0000,-0.0233,0.0254,0.7462,5.4056,0,12.5202,0,0,7.8794,-0.6135,108.8494,4.7922,168.3096,0.000,0.000,0.906,0.0000,0.0000,0
2026-05-05,15:13:55,5605,1,0.0000,-0.0362,0.0291,0.8554,5.4058,0,12.5202,0,0,7.7658,-3.5532,109.1234,7.5022,168.3053,0.000,0.000,0.902,0.0000,0.0000,0
2026-05-05,15:13:55,5640,1,0.0000,-0.0313,0.0362,1.0639,5.4061,0,12.5202,0,0,7.7393,-1.1752,109.4813,10.0912,168.3220,0.000,0.000,0.899,0.0000,0.0000,0
2026-05-05,15:13:55,5676,1,0.0000,-0.0272,0.0394,1.1583,5.4062,0,12.5202,0,0,7.7317,-0.7475,109.8810,11.5510,168.3278,0.000,0.000,0.896,0.0000,0.0000,0
2026-05-05,15:13:55,5711,1,0.0000,0.0006,0.0381,1.1206,5.4063,0,12.5202,0,0,7.5163,-7.2144,110.2673,12.5035,168.3210,0.000,0.000,0.893,0.0000,0.0000,0
2026-05-05,15:13:55,5746,1,0.0000,0.0107,0.0371,1.0923,5.4062,0,12.5202,0,0,7.3040,-8.3591,110.9313,18.2239,168.3719,0.000,0.000,0.890,0.0000,0.0000,0
2026-05-05,15:13:56,5781,1,0.0000,-0.0343,0.0407,1.1972,5.4063,0,12.5202,0,0,7.5794,12.4177,111.4878,17.4801,168.4308,0.000,0.000,0.886,0.0000,0.0000,0
2026-05-05,15:13:56,5816,1,0.0000,-0.0252,0.0476,1.3997,5.4067,0,12.5202,0,0,8.0911,14.3757,111.9557,16.0400,168.0277,0.000,0.000,0.883,0.0000,0.0000,0
2026-05-05,15:13:56,5851,1,0.0000,-0.0623,0.0527,1.5499,5.4069,0,12.5202,0,0,8.0269,-2.0366,112.8466,25.2890,168.0877,0.000,0.000,0.898,0.0000,0.0000,0
2026-05-05,15:13:56,5886,1,0.0000,-0.0929,0.0648,1.9044,5.4075,0,12.5202,0,0,8.1081,1.7645,113.9086,30.4783,168.1179,0.000,0.000,0.930,0.0000,0.0000,0
2026-05-05,15:13:56,5921,1,0.0000,-0.0657,0.0721,2.1199,5.4079,0,12.5202,0,0,8.1506,1.1145,114.6772,26.2587,167.8669,0.000,0.000,0.962,0.0000,0.0000,0
2026-05-05,15:13:56,5956,1,0.0000,-0.0423,0.0769,2.2612,5.4082,0,12.5202,0,0,8.1056,-0.0686,115.4589,26.6569,168.2328,0.000,0.000,0.994,0.0000,0.0000,0
2026-05-05,15:13:56,5991,1,0.0000,0.0133,0.0782,2.2996,5.4084,0,12.5202,0,0,7.9533,-7.3738,116.4037,28.4353,168.2479,0.000,0.000,1.000,0.0000,0.0000,0
2026-05-05,15:13:56,6026,1,0.0000,-0.0009,0.0773,2.2737,5.4084,0,12.5202,0,0,7.2560,-23.8182,117.0423,22.6045,168.3500,0.032,0.000,1.000,0.0000,0.0000,0
2026-05-05,15:13:56,6061,1,0.0000,-0.0006,0.0771,2.2687,5.4084,0,12.5202,0,0,6.6602,-15.7904,117.5769,19.0678,168.7155,0.096,0.000,1.000,0.0000,0.0000,0
2026-05-05,15:13:56,6099,1,0.0000,0.0037,0.0771,2.2684,5.4084,0,12.5202,0,0,6.5160,-8.7012,117.8309,15.9021,168.7325,0.144,0.000,1.000,0.0000,0.0000,0
2026-05-05,15:13:56,6135,1,0.0000,0.0119,0.0759,2.2319,5.4084,0,12.5202,0,0,6.3779,-4.2045,118.3151,15.3754,168.5364,0.208,0.000,1.000,0.0000,0.0000,0
2026-05-05,15:13:56,6171,1,0.0000,0.0156,0.0750,2.2058,5.4083,0,12.5202,0,0,6.4008,0.2725,118.7606,14.8586,168.3261,0.272,0.000,1.000,0.0000,0.0000,0
2026-05-05,15:13:56,6206,1,0.0000,0.0674,0.0669,1.9672,5.4079,0,12.5202,0,0,6.4418,2.4016,119.0648,10.3875,168.3445,0.240,0.000,1.000,0.0000,0.0000,0
2026-05-05,15:13:56,6241,1,0.0000,0.0369,0.0623,1.8335,5.4076,0,12.5202,0,0,6.7424,10.1333,119.1311,5.5236,168.3995,0.208,0.000,1.000,0.0000,0.0000,0
2026-05-05,15:13:56,6276,1,0.0000,0.0590,0.0532,1.5641,5.4072,0,12.5202,0,0,7.0272,8.7628,119.2337,3.4658,168.2997,0.176,0.000,1.000,0.0000,0.0000,0
2026-05-05,15:13:56,6311,1,0.0000,0.0058,0.0517,1.5211,5.4070,0,12.5202,0,0,7.2624,9.6672,119.2198,0.5525,168.1297,0.144,0.000,1.000,0.0000,0.0000,0
2026-05-05,15:13:56,6346,1,0.0000,-0.0001,0.0513,1.5087,5.4070,0,12.5202,0,0,7.4643,3.3550,119.0801,-2.4658,168.1027,0.112,0.000,1.000,0.0000,0.0000,0
2026-05-05,15:13:56,6381,1,0.0000,0.0262,0.0485,1.4275,5.4069,0,12.5202,0,0,7.1172,-12.8039,118.9049,-4.3152,168.1941,0.080,0.000,1.000,0.0000,0.0000,0
2026-05-05,15:13:56,6416,1,0.0000,0.0079,0.0453,1.3331,5.4067,0,12.5202,0,0,6.8483,-6.7550,118.8310,-3.2082,168.3769,0.048,0.000,1.000,0.0000,0.0000,0
2026-05-05,15:13:56,6451,1,0.0000,0.0582,0.0385,1.1335,5.4065,0,12.5202,0,0,6.7976,-2.4488,118.6389,-5.4127,168.4398,0.016,0.000,1.000,0.0000,0.0000,0
2026-05-05,15:13:56,6486,1,0.0000,0.0558,0.0306,0.9004,5.4060,0,12.5202,0,0,6.6455,-4.9246,118.2435,-10.4921,168.4027,0.000,0.000,1.000,0.0000,0.0000,0
2026-05-05,15:13:56,6521,1,0.0000,0.0816,0.0201,0.5922,5.4055,0,12.5202,0,0,6.4046,-6.7210,117.6752,-16.5893,168.3472,0.000,0.000,1.000,0.0000,0.0000,0
2026-05-05,15:13:56,6556,1,0.0000,0.0665,0.0102,0.3014,5.4049,0,12.5202,0,0,6.5353,5.2888,116.6407,-27.6354,168.3562,0.000,0.000,1.000,0.0000,0.0000,0
2026-05-05,15:13:56,6591,1,0.0000,0.0764,0.0023,0.0685,5.4045,0,12.5202,0,0,6.9131,11.9396,115.3733,-36.0047,168.3641,0.000,0.000,0.997,0.0000,0.0000,0
2026-05-05,15:13:56,6626,1,0.0000,0.0028,-0.0099,0.2900,5.4037,0,12.5202,0,0,7.2391,9.7468,114.0198,-40.2219,168.3091,0.000,0.000,0.999,0.0000,0.0000,0
2026-05-05,15:13:56,6661,1,0.0000,-0.0110,-0.0071,0.2079,5.4038,0,12.5202,0,0,7.2797,0.4871,113.1304,-31.7431,168.2579,0.000,0.000,0.996,0.0000,0.0000,0
2026-05-05,15:13:56,6697,1,0.0000,-0.0036,-0.0087,0.2555,5.4038,0,12.5202,0,0,7.2618,-0.8741,112.5109,-23.1553,168.2779,0.000,0.000,0.993,0.0000,0.0000,0
2026-05-05,15:13:56,6732,1,0.0000,0.0047,-0.0087,0.2571,5.4038,0,12.5202,0,0,7.1212,-2.9208,112.3127,-11.6579,168.3036,0.000,0.000,0.990,0.0000,0.0000,0
2026-05-05,15:13:56,6767,1,0.0000,-0.0060,-0.0080,0.2361,5.4038,0,12.5202,0,0,7.1890,1.5915,112.1889,-7.0906,168.2998,0.000,0.000,0.986,0.0000,0.0000,0
2026-05-05,15:13:57,6803,1,0.0000,-0.0138,-0.0075,0.2213,5.4038,0,12.5202,0,0,7.2360,0.3057,112.1379,-3.0568,168.2811,0.000,0.000,0.983,0.0000,0.0000,0
2026-05-05,15:13:57,6838,1,0.0000,-0.0024,-0.0084,0.2482,5.4038,0,12.5202,0,0,7.1574,-2.1310,112.2919,2.3691,168.2824,0.000,0.000,0.980,0.0000,0.0000,0
2026-05-05,15:13:57,6873,1,0.0000,-0.0051,-0.0089,0.2615,5.4038,0,12.5202,0,0,7.1279,-0.0039,112.5395,5.8677,168.2954,0.000,0.000,0.977,0.0000,0.0000,0
2026-05-05,15:13:57,6908,1,0.0000,0.0068,-0.0106,0.3110,5.4038,0,12.5202,0,0,7.1555,0.4052,112.6389,3.6354,168.2924,0.000,0.000,0.982,0.0000,0.0000,0
2026-05-05,15:13:57,6943,1,0.0000,-0.0043,-0.0084,0.2466,5.4038,0,12.5202,0,0,7.1127,-1.0787,112.7220,2.9137,168.2804,0.000,0.000,0.979,0.0000,0.0000,0
2026-05-05,15:13:57,6978,1,0.0000,0.0060,-0.0096,0.2811,5.4038,0,12.5202,0,0,7.0645,-2.2478,112.7896,2.7136,168.2837,0.000,0.000,0.976,0.0000,0.0000,0
2026-05-05,15:13:57,7013,1,0.0000,-0.0056,-0.0071,0.2080,5.4038,0,12.5202,0,0,7.1279,2.0039,112.9507,4.2720,168.2808,0.000,0.000,0.982,0.0000,0.0000,0
2026-05-05,15:13:57,7047,1,0.0000,-0.0018,-0.0084,0.2482,5.4038,0,12.5202,0,0,7.2074,2.2885,113.0150,3.5565,168.2392,0.000,0.000,0.979,0.0000,0.0000,0
2026-05-05,15:13:57,7082,1,0.0000,-0.0068,-0.0087,0.2570,5.4038,0,12.5202,0,0,7.1889,0.1209,113.0807,2.3974,168.2500,0.000,0.000,0.976,0.0000,0.0000,0
2026-05-05,15:13:57,7118,1,0.0000,-0.0076,-0.0068,0.2003,5.4038,0,12.5202,0,0,7.0460,-2.9878,113.0394,-0.3457,168.2767,0.000,0.000,0.973,0.0000,0.0000,0
2026-05-05,15:13:57,7153,1,0.0000,-0.0020,-0.0079,0.2334,5.4038,0,12.5202,0,0,6.9595,-2.3368,112.8968,-3.2237,168.2771,0.000,0.000,0.970,0.0000,0.0000,0
2026-05-05,15:13:57,7188,1,0.0000,-0.0137,-0.0061,0.1794,5.4039,0,12.5202,0,0,7.3107,14.8874,112.7643,-4.1332,168.2688,0.000,0.000,0.966,0.0000,0.0000,0
2026-05-05,15:13:57,7223,1,0.0000,-0.1214,0.0069,0.2036,5.4045,0,12.5202,0,0,7.3844,-0.2815,112.7178,-2.2093,168.2715,0.000,0.000,0.963,0.0000,0.0000,0
2026-05-05,15:13:57,7258,1,0.0000,-0.0242,0.0082,0.2401,5.4046,0,12.5202,0,0,7.0860,-7.5968,112.6298,-3.2651,168.2821,0.000,0.000,0.960,0.0000,0.0000,0
2026-05-05,15:13:57,7293,1,0.0000,-0.0609,0.0174,0.5107,5.4051,0,12.5202,0,0,7.0186,-0.6960,112.2533,-9.1619,168.2789,0.000,0.000,0.957,0.0000,0.0000,0
2026-05-05,15:13:57,7328,1,0.0000,-0.0039,0.0229,0.6748,5.4054,0,12.5202,0,0,7.0238,-3.0952,111.7947,-12.9825,168.2729,0.000,0.000,0.954,0.0000,0.0000,0
2026-05-05,15:13:57,7363,1,0.0000,-0.0004,0.0221,0.6515,5.4054,0,12.5202,0,0,6.6674,-10.8753,111.4121,-11.7228,168.3202,0.000,0.000,0.950,0.0000,0.0000,0
2026-05-05,15:13:57,7398,1,0.0000,-0.0012,0.0200,0.5877,5.4054,0,12.5202,0,0,6.6290,0.0268,111.0984,-10.6091,168.3870,0.000,0.000,0.947,0.0000,0.0000,0
2026-05-05,15:13:57,7433,1,0.0000,0.0000,0.0198,0.5820,5.4053,0,12.5202,0,0,6.8624,9.2202,110.8322,-9.5303,168.4087,0.000,0.000,0.944,0.0000,0.0000,0
2026-05-05,15:13:57,7468,1,0.0000,0.0035,0.0192,0.5647,5.4053,0,12.5202,0,0,6.9923,0.7650,110.4331,-11.7493,168.3291,0.000,0.000,0.941,0.0000,0.0000,0
2026-05-05,15:13:57,7503,1,0.0000,0.0527,0.0106,0.3116,5.4050,0,12.5202,0,0,6.6591,-9.9483,110.0343,-12.0824,168.2844,0.000,0.000,0.938,0.0000,0.0000,0
2026-05-05,15:13:57,7538,1,0.0000,0.0171,0.0109,0.3211,5.4049,0,12.5202,0,0,6.6316,0.0301,109.8527,-7.5495,168.3585,0.000,0.000,0.934,0.0000,0.0000,0
2026-05-05,15:13:57,7573,1,0.0000,0.0169,0.0088,0.2598,5.4048,0,12.5202,0,0,6.9086,7.9444,109.5767,-8.6710,168.3842,0.000,0.000,0.931,0.0000,0.0000,0
2026-05-05,15:13:57,7608,1,0.0000,0.0101,0.0071,0.2090,5.4047,0,12.5202,0,0,7.0264,1.8456,109.2831,-9.2362,168.3174,0.000,0.000,0.928,0.0000,0.0000,0
2026-05-05,15:13:57,7643,1,0.0000,0.0058,0.0073,0.2142,5.4046,0,12.5202,0,0,6.8552,-4.9352,109.0697,-6.9011,168.2821,0.000,0.000,0.925,0.0000,0.0000,0
2026-05-05,15:13:57,7678,1,0.0000,0.0037,0.0064,0.1893,5.4046,0,12.5202,0,0,6.7855,-1.1620,109.1438,-0.7748,168.3318,0.000,0.000,0.922,0.0000,0.0000,0
2026-05-05,15:13:57,7713,1,0.0000,0.0119,0.0035,0.1033,5.4045,0,12.5202,0,0,6.9240,4.1806,109.2000,0.6935,168.3356,0.000,0.000,0.918,0.0000,0.0000,0
2026-05-05,15:13:57,7748,1,0.0000,0.0348,-0.0023,0.0689,5.4043,0,12.5202,0,0,6.9639,0.2595,109.2803,1.7092,168.2951,0.000,0.000,0.915,0.0000,0.0000,0
2026-05-05,15:13:58,7783,1,0.0000,0.0452,-0.0062,0.1836,5.4039,0,12.5202,0,0,6.8716,-2.5454,109.3095,1.5977,168.2907,0.000,0.000,0.912,0.0000,0.0000,0
2026-05-05,15:13:58,7818,1,0.0000,0.0105,-0.0063,0.1857,5.4039,0,12.5202,0,0,6.9017,1.0039,109.5909,6.7875,168.3472,0.000,0.000,0.909,0.0000,0.0000,0
2026-05-05,15:13:58,7853,1,0.0000,0.0116,-0.0056,0.1648,5.4039,0,12.5202,0,0,6.9929,2.4204,109.9401,9.4375,168.3236,0.000,0.000,0.906,0.0000,0.0000,0
2026-05-05,15:13:58,7888,1,0.0000,-0.0033,-0.0068,0.2003,5.4039,0,12.5202,0,0,6.9647,-1.5834,110.2361,9.3225,168.2854,0.000,0.000,0.902,0.0000,0.0000,0
2026-05-05,15:13:58,7923,1,0.0000,-0.0015,-0.0058,0.1711,5.4039,0,12.5202,0,0,6.9093,-1.0169,110.5744,10.4936,168.3110,0.000,0.000,0.899,0.0000,0.0000,0
2026-05-05,15:13:58,7958,1,0.0000,0.0040,-0.0057,0.1690,5.4039,0,12.5202,0,0,6.9585,1.7101,110.9677,11.4538,168.3582,0.000,0.000,0.896,0.0000,0.0000,0
2026-05-05,15:13:58,7993,1,0.0000,0.0132,-0.0052,0.1523,5.4039,0,12.5202,0,0,6.9998,1.4089,111.0876,9.0043,168.3051,0.000,0.000,0.894,0.0000,0.0000,0
2026-05-05,15:13:58,8028,1,0.0000,-0.0047,-0.0060,0.1774,5.4039,0,12.5202,0,0,6.8474,-4.4477,111.3802,9.0897,168.2820,0.000,0.000,0.890,0.0000,0.0000,0
2026-05-05,15:13:58,8063,1,0.0000,-0.0034,-0.0053,0.1564,5.4040,0,12.5202,0,0,6.9355,4.2419,111.6238,7.8023,168.3240,0.000,0.000,0.887,0.0000,0.0000,0
2026-05-05,15:13:58,8098,1,0.0000,-0.0114,-0.0042,0.1233,5.4040,0,12.5202,0,0,7.1443,8.4496,111.6505,2.5168,168.3370,0.000,0.000,0.884,0.0000,0.0000,0
2026-05-05,15:13:58,8134,1,0.0000,-0.1380,0.0228,0.6695,5.4051,0,12.5202,0,0,6.4913,-24.2724,111.1685,-9.3237,168.3406,0.000,0.000,0.881,0.0000,0.0000,0
2026-05-05,15:13:58,8169,1,0.0000,-0.0308,0.0273,0.8026,5.4056,0,12.5202,0,0,4.1260,-63.4998,110.1727,-23.1666,168.2565,0.032,0.000,0.878,0.0000,0.0000,0
2026-05-05,15:13:58,8204,1,0.0000,-0.0028,0.0264,0.7771,5.4057,0,12.5202,0,0,3.1429,-14.2766,109.1212,-28.9393,168.3496,0.000,0.000,0.874,0.0000,0.0000,0
2026-05-05,15:13:58,8239,1,0.0000,-0.0000,0.0257,0.7568,5.4056,0,12.5202,0,0,5.2343,62.2879,108.0455,-33.6428,168.5333,0.000,0.000,0.880,0.0000,0.0000,0
2026-05-05,15:13:58,8274,1,0.0000,0.0088,0.0248,0.7300,5.4056,0,12.5202,0,0,7.5786,63.4678,106.8174,-37.3508,168.5194,0.000,0.000,0.912,0.0000,0.0000,0
2026-05-05,15:13:58,8309,1,0.0000,-0.0067,0.0254,0.7468,5.4056,0,12.5202,0,0,8.2945,20.2143,105.7449,-34.2260,168.3064,0.000,0.000,0.944,0.0000,0.0000,0
2026-05-05,15:13:58,8344,1,0.0000,0.0302,0.0220,0.6473,5.4055,0,12.5202,0,0,8.0959,-4.8143,105.1613,-23.5315,168.2776,0.000,0.000,0.976,0.0000,0.0000,0
2026-05-05,15:13:58,8379,1,0.0000,0.0106,0.0191,0.5619,5.4053,0,12.5202,0,0,8.3565,9.9439,104.8829,-13.2701,168.4509,0.000,0.000,1.000,0.0000,0.0000,0
2026-05-05,15:13:58,8414,1,0.0000,-0.0002,0.0210,0.6177,5.4053,0,12.5202,0,0,8.7565,10.6787,104.8644,-5.0370,168.4397,0.000,0.000,1.000,0.0000,0.0000,0
2026-05-05,15:13:58,8450,1,0.0000,-0.0163,0.0207,0.6095,5.4054,0,12.5202,0,0,8.6746,-2.0638,104.8736,-1.4494,168.2777,0.000,0.000,1.000,0.0000,0.0000,0
2026-05-05,15:13:58,8485,1,0.0000,-0.0114,0.0223,0.6558,5.4054,0,12.5202,0,0,8.2364,-13.1440,104.8283,-1.1509,168.3089,0.000,0.000,1.000,0.0000,0.0000,0
2026-05-05,15:13:58,8520,1,0.0000,0.0039,0.0219,0.6451,5.4054,0,12.5202,0,0,7.7479,-10.5900,104.5779,-5.9059,168.4675,0.000,0.000,1.000,0.0000,0.0000,0
2026-05-05,15:13:58,8555,1,0.0000,0.0075,0.0195,0.5746,5.4054,0,12.5202,0,0,8.2156,15.6330,104.0676,-13.2624,168.4967,0.000,0.000,1.000,0.0000,0.0000,0
2026-05-05,15:13:58,8590,1,0.0000,0.0407,0.0149,0.4392,5.4052,0,12.5202,0,0,9.4691,37.5263,103.5424,-15.6871,168.3672,0.000,0.000,1.000,0.0000,0.0000,0
2026-05-05,15:13:58,8625,1,0.0000,0.0703,0.0053,0.1553,5.4047,0,12.5202,0,0,10.9951,41.9081,103.2220,-12.2250,168.2283,0.000,0.000,0.998,0.0000,0.0000,0
2026-05-05,15:13:58,8660,1,0.0000,0.1423,-0.0045,0.1312,5.4041,0,12.5202,0,0,11.6139,9.9555,103.2560,-3.0728,168.2792,0.000,0.000,0.994,0.0000,0.0000,0
2026-05-05,15:13:58,8695,1,0.0000,-0.0966,-0.0022,0.0661,5.4041,0,12.5202,0,0,10.8620,-24.7240,103.8203,11.8911,168.3949,0.000,0.000,0.998,0.0000,0.0000,0
2026-05-05,15:13:58,8730,1,0.0000,0.0109,0.0020,0.0584,5.4044,0,12.5202,0,0,9.3860,-48.5616,104.7264,23.3180,168.3117,0.000,0.000,0.994,0.0000,0.0000,0
2026-05-05,15:13:58,8765,1,0.0000,0.1007,-0.0080,0.2358,5.4039,0,12.5202,0,0,8.7874,-13.7791,105.7448,28.1193,168.3456,0.000,0.000,0.991,0.0000,0.0000,0
2026-05-05,15:13:59,8800,1,0.0000,0.0125,-0.0082,0.2421,5.4038,0,12.5202,0,0,9.3011,11.2924,106.6253,28.2086,168.3698,0.000,0.000,0.997,0.0000,0.0000,0
2026-05-05,15:13:59,8835,1,0.0000,0.0056,-0.0082,0.2421,5.4038,0,12.5202,0,0,9.2978,-0.2791,107.5475,29.0341,168.3535,0.000,0.000,0.994,0.0000,0.0000,0
2026-05-05,15:13:59,8870,1,0.0000,-0.0108,-0.0072,0.2126,5.4039,0,12.5202,0,0,8.9177,-14.1905,108.6010,32.0210,168.3169,0.000,0.000,0.990,0.0000,0.0000,0
2026-05-05,15:13:59,8908,1,0.0000,-0.0083,-0.0045,0.1320,5.4040,0,12.5202,0,0,8.6146,-12.6721,109.0920,27.5615,168.2840,0.000,0.000,0.988,0.0000,0.0000,0
2026-05-05,15:13:59,8944,1,0.0000,0.0047,-0.0055,0.1608,5.4040,0,12.5202,0,0,8.2358,-11.2862,109.8559,24.9346,168.3189,0.000,0.000,0.985,0.0000,0.0000,0
2026-05-05,15:13:59,8979,1,0.0000,0.0060,-0.0050,0.1481,5.4040,0,12.5202,0,0,8.1395,-2.6063,110.2434,16.1724,168.3169,0.000,0.000,0.982,0.0000,0.0000,0
2026-05-05,15:13:59,9014,1,0.0000,-0.0115,-0.0030,0.0897,5.4040,0,12.5202,0,0,7.9128,-8.6004,110.3932,8.7006,168.2547,0.000,0.000,0.978,0.0000,0.0000,0
2026-05-05,15:13:59,9050,1,0.0000,-0.0321,0.0032,0.0956,5.4044,0,12.5202,0,0,6.4678,-42.1538,110.0427,-4.5343,167.9125,0.000,0.000,0.975,0.0000,0.0000,0
2026-05-05,15:13:59,9086,1,0.0000,0.0040,0.0015,0.0448,5.4044,0,12.5202,0,0,4.8669,-35.1302,108.8367,-24.5848,167.7953,0.000,0.000,0.972,0.0000,0.0000,0
2026-05-05,15:13:59,9122,1,0.0000,0.0026,0.0020,0.0584,5.4044,0,12.5202,0,0,5.8234,36.3665,107.2815,-39.4730,167.8551,0.000,0.000,0.969,0.0000,0.0000,0
2026-05-05,15:13:59,9158,1,0.0000,0.0122,0.0019,0.0555,5.4044,0,12.5202,0,0,7.4775,47.0415,105.2550,-54.0338,167.8445,0.000,0.000,0.966,0.0000,0.0000,0
2026-05-05,15:13:59,9193,1,0.0000,0.0134,0.0008,0.0241,5.4043,0,12.5202,0,0,8.6319,32.8279,103.9641,-43.7570,168.2917,0.000,0.000,0.962,0.0000,0.0000,0
2026-05-05,15:13:59,9228,1,0.0000,0.0357,-0.0074,0.2170,5.4039,0,12.5202,0,0,10.0819,41.1132,103.4171,-26.5622,168.2787,0.000,0.000,0.959,0.0000,0.0000,0
2026-05-05,15:13:59,9263,1,0.0000,-0.0048,-0.0060,0.1753,5.4040,0,12.5202,0,0,10.8536,12.8472,103.2707,-11.9366,168.2657,0.000,0.000,0.956,0.0000,0.0000,0
2026-05-05,15:13:59,9298,1,0.0000,-0.0436,-0.0040,0.1169,5.4041,0,12.5202,0,0,9.8683,-27.5490,103.3879,-1.4838,167.9014,0.000,0.000,0.953,0.0000,0.0000,0
2026-05-05,15:13:59,9333,1,0.0000,-0.2342,0.0292,0.8591,5.4052,0,12.5202,0,0,7.6397,-72.8760,100.7243,-58.0081,164.5026,0.016,0.000,0.967,0.0000,0.0000,0
2026-05-05,15:13:59,9368,1,0.0000,-0.3527,0.0794,2.3339,5.4075,0,12.5202,0,0,1.5784,-174.0206,90.1202,-218.5378,158.1216,0.080,0.000,0.982,0.0000,0.0000,0
2026-05-05,15:13:59,9403,1,0.0000,-0.1372,0.1090,3.2067,5.4097,0,12.5202,0,0,0.8700,38.1403,83.4208,-167.6541,115.0006,0.144,0.000,0.978,0.0000,0.0000,0
2026-05-05,15:13:59,9438,1,0.0000,0.0359,0.1018,2.9939,5.4098,0,12.5202,0,0,7.9743,181.3928,89.9192,66.7058,83.8642,0.160,0.000,0.993,0.0000,0.0000,0
2026-05-05,15:13:59,9473,1,0.0000,0.2067,0.0745,2.1915,5.4088,0,12.5202,0,0,8.2945,-19.0757,93.4411,69.2359,96.3341,0.128,0.000,1.000,0.0000,0.0000,0
2026-05-05,15:13:59,9508,1,0.0000,0.0022,0.0686,2.0175,5.4079,0,12.5202,0,0,3.4344,-127.4434,89.8684,-48.6328,103.4017,0.144,0.000,0.998,0.0000,0.0000,0
2026-05-05,15:13:59,9544,1,0.0000,-0.0128,0.0693,2.0384,5.4079,0,12.5202,0,0,3.2734,20.7087,85.0668,-100.4469,109.6619,0.208,0.000,0.995,0.0000,0.0000,0
2026-05-05,15:13:59,9579,1,0.0000,-0.0353,0.0738,2.1715,5.4082,0,12.5202,0,0,5.6346,55.2920,83.0285,-67.3675,84.9877,0.224,0.000,1.000,0.0000,0.0000,0
2026-05-05,15:13:59,9614,1,0.0000,-0.0154,0.0770,2.2644,5.4083,0,12.5202,0,0,6.9397,56.7267,82.9637,-24.8083,73.4804,0.192,0.000,1.000,0.0000,0.0000,0
2026-05-05,15:13:59,9649,1,0.0000,-0.1214,0.0915,2.6911,5.4088,0,12.5202,0,0,9.6906,90.3155,82.6085,-16.7923,88.2125,0.160,0.000,1.000,0.0000,0.0000,0
2026-05-05,15:13:59,9684,1,0.0000,-0.1569,0.1163,3.4212,5.4101,0,12.5202,0,0,12.1881,86.2326,81.2519,-34.3049,98.5404,0.128,0.000,1.000,0.0000,0.0000,0
2026-05-05,15:13:59,9719,1,0.0000,-0.0251,0.1244,3.6579,5.4108,0,12.5202,0,0,15.6886,113.7306,79.0467,-53.8786,107.8315,0.096,0.000,1.000,0.0000,0.0000,0
2026-05-05,15:13:59,9754,1,0.0000,0.0450,0.1171,3.4452,5.4107,0,12.5202,0,0,17.5454,44.1865,76.8575,-61.6569,117.2073,0.064,0.000,1.000,0.0000,0.0000,0
2026-05-05,15:14:00,9789,1,0.0000,0.1405,0.0964,2.8354,5.4098,0,12.5202,0,0,17.1537,-12.0747,75.2390,-51.6392,125.8148,0.032,0.000,1.000,0.0000,0.0000,0
2026-05-05,15:14:00,9827,1,0.0000,0.0322,0.0841,2.4743,5.4089,0,12.5202,0,0,16.9152,-18.9029,74.7792,-39.0860,128.6905,0.008,0.000,1.000,0.0000,0.0000,0
2026-05-05,15:14:00,9863,1,0.0000,-0.0697,0.0960,2.8243,5.4092,0,12.5202,0,0,16.1991,-16.4983,73.0382,-48.0718,132.3056,0.000,0.000,1.000,0.0000,0.0000,0
2026-05-05,15:14:00,9898,1,0.0000,-0.3189,0.1371,4.0331,5.4107,0,12.5202,0,0,16.6678,29.5254,70.0593,-70.9796,135.9038,0.000,0.000,1.000,0.0000,0.0000,0
2026-05-05,15:14:00,9933,1,0.0000,-0.2045,0.1603,4.7136,5.4123,0,12.5202,0,0,19.2780,76.7028,68.0611,-57.6098,94.9979,0.000,0.000,1.000,0.0000,0.0000,0
2026-05-05,15:14:00,9968,1,0.0000,0.0199,0.1664,4.8938,5.4132,0,12.5202,0,0,20.8610,45.1152,67.7846,-25.1764,81.7123,0.000,0.000,1.000,0.0000,0.0000,0
2026-05-05,15:14:00,10003,1,0.0000,0.0244,0.1622,4.7698,5.4131,0,12.5202,0,0,21.3672,14.2925,66.9450,-26.8003,94.0456,0.000,0.000,1.000,0.0000,0.0000,0
2026-05-05,15:14:00,10038,1,0.0000,0.2275,0.1349,3.9674,5.4120,0,12.5202,0,0,21.0465,-14.0534,65.7231,-31.5373,104.7397,0.000,0.000,1.000,0.0000,0.0000,0
2026-05-05,15:14:00,10074,1,0.0000,0.0522,0.1177,3.4627,5.4107,0,12.5202,0,0,19.9512,-35.6690,64.9974,-24.9694,113.6193,0.016,0.000,1.000,0.0000,0.0000,0
2026-05-05,15:14:00,10109,1,0.0000,0.0113,0.1197,3.5200,5.4106,0,12.5202,0,0,18.5876,-41.2119,63.7544,-33.9721,120.4628,0.080,0.000,1.000,0.0000,0.0000,0
2026-05-05,15:14:00,10144,1,0.0000,0.0316,0.1156,3.4006,5.4105,0,12.5202,0,0,17.5152,-27.9249,61.9923,-44.4337,126.3866,0.144,0.000,1.000,0.0000,0.0000,0
2026-05-05,15:14:00,10179,1,0.0000,0.0621,0.1078,3.1703,5.4102,0,12.5202,0,0,17.2823,-7.9745,60.5748,-40.0277,132.4284,0.208,0.000,1.000,0.0000,0.0000,0
2026-05-05,15:14:00,10214,1,0.0000,0.1553,0.0857,2.5206,5.4092,0,12.5202,0,0,17.0150,-8.6255,60.3272,-16.1555,138.3924,0.272,0.000,1.000,0.0000,0.0000,0
2026-05-05,15:14:00,10249,1,0.0000,0.0615,0.0663,1.9486,5.4079,0,12.5202,0,0,17.1010,2.6057,60.6113,0.3552,142.7584,0.336,0.000,1.000,0.0000,0.0000,0
2026-05-05,15:14:00,10285,1,0.0000,0.0948,0.0457,1.3431,5.4070,0,12.5202,0,0,18.3647,47.0190,60.9776,7.7117,146.6487,0.328,0.000,1.000,0.0000,0.0000,0
2026-05-05,15:14:00,10320,1,0.0000,0.0703,0.0348,1.0228,5.4063,0,12.5202,0,0,22.3413,129.8678,61.0960,5.0234,137.2066,0.296,0.000,1.000,0.0000,0.0000,0
2026-05-05,15:14:00,10355,1,0.0000,0.0991,0.0171,0.5042,5.4055,0,12.5202,0,0,27.1495,148.6473,61.1692,3.0869,91.0632,0.264,0.000,1.000,0.0000,0.0000,0
2026-05-05,15:14:00,10390,1,0.0000,0.0451,0.0147,0.4328,5.4051,0,12.5202,0,0,29.7541,66.2842,61.1835,0.9403,51.3787,0.232,0.000,1.000,0.0000,0.0000,0
2026-05-05,15:14:00,10425,1,0.0000,-0.0025,0.0146,0.4290,5.4050,0,12.5202,0,0,30.4302,11.4221,61.2755,0.4915,69.3332,0.200,0.000,1.000,0.0000,0.0000,0
2026-05-05,15:14:00,10460,1,0.0000,-0.0876,0.0250,0.7361,5.4053,0,12.5202,0,0,28.4409,-85.5878,60.8737,-9.8765,83.1752,0.168,0.000,1.000,0.0000,0.0000,0
2026-05-05,15:14:00,10495,1,0.0000,0.0050,0.0303,0.8910,5.4058,0,12.5202,0,0,20.9504,-216.0752,59.7299,-24.4524,95.2504,0.232,0.000,1.000,0.0000,0.0000,0
2026-05-05,15:14:00,10530,1,0.0000,0.0030,0.0284,0.8360,5.4058,0,12.5202,0,0,16.0516,-93.0031,58.3431,-34.7879,105.5845,0.296,0.000,1.000,0.0000,0.0000,0
2026-05-05,15:14:00,10565,1,0.0000,-0.0074,0.0285,0.8375,5.4058,0,12.5202,0,0,20.1463,133.4304,57.1182,-33.7222,88.0015,0.360,0.000,1.000,0.0000,0.0000,0
2026-05-05,15:14:00,10601,1,0.0000,0.0243,0.0251,0.7375,5.4057,0,12.5202,0,0,26.3582,171.1478,57.1098,-11.8615,61.8554,0.328,0.000,1.000,0.0000,0.0000,0
2026-05-05,15:14:00,10636,1,0.0000,0.0108,0.0245,0.7215,5.4056,0,12.5202,0,0,30.2995,102.2107,57.1264,-4.8701,78.1410,0.296,0.000,1.000,0.0000,0.0000,0
2026-05-05,15:14:00,10671,1,0.0000,0.0004,0.0229,0.6750,5.4055,0,12.5202,0,0,30.6505,-3.2221,57.2110,-0.6677,91.8736,0.264,0.000,1.000,0.0000,0.0000,0
2026-05-05,15:14:00,10706,1,0.0000,-0.0017,0.0233,0.6862,5.4055,0,12.5202,0,0,28.2622,-75.4910,57.1204,-1.9531,103.4728,0.232,0.000,1.000,0.0000,0.0000,0
2026-05-05,15:14:00,10745,1,0.0000,-0.0123,0.0259,0.7618,5.4055,0,12.5202,0,0,25.5259,-73.8091,56.8514,-3.3072,108.6040,0.208,0.000,1.000,0.0000,0.0000,0
2026-05-05,15:14:01,10780,1,0.0000,-0.0077,0.0254,0.7467,5.4055,0,12.5202,0,0,23.5665,-45.3603,56.6407,-4.9676,117.8440,0.176,0.000,1.000,0.0000,0.0000,0
2026-05-05,15:14:01,10815,1,0.0000,-0.0119,0.0242,0.7105,5.4056,0,12.5202,0,0,23.7076,14.1386,56.3072,-8.1034,126.0146,0.144,0.000,1.000,0.0000,0.0000,0
2026-05-05,15:14:01,10850,1,0.0000,0.0065,0.0230,0.6758,5.4055,0,12.5202,0,0,25.0190,38.9594,56.0995,-7.0684,132.7015,0.112,0.000,1.000,0.0000,0.0000,0
2026-05-05,15:14:01,10885,1,0.0000,0.0051,0.0229,0.6742,5.4056,0,12.5202,0,0,25.9338,24.7710,55.8905,-7.2228,138.1283,0.080,0.000,1.000,0.0000,0.0000,0
2026-05-05,15:14:01,10920,1,0.0000,0.0091,0.0236,0.6931,5.4056,0,12.5202,0,0,26.2925,12.8289,55.4914,-10.5706,142.8184,0.048,0.000,1.000,0.0000,0.0000,0
2026-05-05,15:14:01,10955,1,0.0000,0.0088,0.0243,0.7159,5.4056,0,12.5202,0,0,26.8209,17.9727,55.1883,-9.7537,147.0303,0.016,0.000,1.000,0.0000,0.0000,0
2026-05-05,15:14:01,10990,1,0.0000,-0.0013,0.0244,0.7176,5.4055,0,12.5202,0,0,27.4682,20.4425,55.0494,-5.9610,150.6201,0.000,0.000,1.000,0.0000,0.0000,0
2026-05-05,15:14:01,11025,1,0.0000,-0.0041,0.0232,0.6812,5.4055,0,12.5202,0,0,28.0419,17.6184,54.9703,-3.9137,153.5282,0.000,0.000,1.000,0.0000,0.0000,0
2026-05-05,15:14:01,11060,1,0.0000,0.0063,0.0225,0.6622,5.4055,0,12.5202,0,0,28.5893,16.7127,54.9237,-2.4562,155.9359,0.000,0.000,1.000,0.0000,0.0000,0
2026-05-05,15:14:01,11095,1,0.0000,0.0143,0.0203,0.5961,5.4054,0,12.5202,0,0,29.3962,23.7807,54.8512,-2.4209,158.0751,0.000,0.000,1.000,0.0000,0.0000,0
2026-05-05,15:14:01,11130,1,0.0000,0.0240,0.0161,0.4725,5.4052,0,12.5202,0,0,30.5532,31.9125,54.8500,-0.9923,159.8823,0.000,0.000,1.000,0.0000,0.0000,0
2026-05-05,15:14:01,11165,1,0.0000,0.0346,0.0107,0.3155,5.4049,0,12.5202,0,0,31.7542,29.5088,55.1129,4.8570,161.5403,0.000,0.000,1.000,0.0000,0.0000,0
2026-05-05,15:14:01,11200,1,0.0000,0.0258,0.0084,0.2474,5.4048,0,12.5202,0,0,32.8779,26.9959,55.6641,12.6395,162.8340,0.000,0.000,0.999,0.0000,0.0000,0
2026-05-05,15:14:01,11235,1,0.0000,0.0084,0.0084,0.2473,5.4047,0,12.5202,0,0,33.9890,21.0058,56.4639,19.9516,163.9194,0.000,0.000,0.996,0.0000,0.0000,0
2026-05-05,15:14:01,11270,1,0.0000,0.0015,0.0076,0.2244,5.4047,0,12.5202,0,0,34.2592,-8.1668,57.4864,27.2456,164.8372,0.000,0.000,0.993,0.0000,0.0000,0
2026-05-05,15:14:01,11305,1,0.0000,0.0143,0.0063,0.1865,5.4046,0,12.5202,0,0,33.0978,-48.9725,58.7440,34.9944,165.6319,0.000,0.000,0.990,0.0000,0.0000,0
2026-05-05,15:14:01,11340,1,0.0000,0.0697,-0.0021,0.0618,5.4043,0,12.5202,0,0,30.9783,-72.9517,60.0544,39.1809,166.3114,0.000,0.000,0.986,0.0000,0.0000,0
2026-05-05,15:14:01,11375,1,0.0000,-0.0145,-0.0065,0.1899,5.4039,0,12.5202,0,0,28.6049,-77.2909,61.5902,45.9037,166.8894,0.000,0.000,0.983,0.0000,0.0000,0
2026-05-05,15:14:01,11411,1,0.0000,0.0052,-0.0055,0.1627,5.4039,0,12.5202,0,0,26.5400,-69.2824,63.3296,51.7837,167.3814,0.000,0.000,0.980,0.0000,0.0000,0
2026-05-05,15:14:01,11446,1,0.0000,-0.0013,-0.0052,0.1523,5.4039,0,12.5202,0,0,24.7406,-59.8249,64.8928,49.8223,167.8143,0.000,0.000,0.977,0.0000,0.0000,0
2026-05-05,15:14:01,11481,1,0.0000,-0.0079,-0.0066,0.1940,5.4039,0,12.5202,0,0,23.1103,-54.7647,66.2507,45.2075,168.1565,0.000,0.000,0.974,0.0000,0.0000,0
2026-05-05,15:14:01,11516,1,-2.6080,-0.0065,-0.0062,0.1815,5.4039,0,12.5202,-326,1,21.7527,-45.5925,67.4329,40.0369,168.4371,0.000,0.000,0.970,0.0000,0.0000,0
2026-05-05,15:14:01,11551,1,-2.6080,0.0002,-0.0067,0.1983,5.4039,0,12.5202,-326,1,20.4928,-43.6336,68.5458,37.0367,168.6990,0.000,0.000,0.967,0.0000,0.0000,0
2026-05-05,15:14:01,11586,1,-2.6080,0.0003,-0.0065,0.1899,5.4039,0,12.5202,-326,1,19.2395,-43.5166,69.5859,34.1447,168.9254,0.000,0.000,0.964,0.0000,0.0000,0
2026-05-05,15:14:01,11621,1,-6.1920,0.0001,-0.0067,0.1982,5.4039,0,12.5202,-774,1,17.7597,-47.4138,70.5032,30.7539,169.1102,0.000,0.000,0.961,0.0000,0.0000,0
2026-05-05,15:14:01,11655,1,-7.9680,0.0034,-0.0063,0.1857,5.4039,0,12.5202,-996,1,17.4335,-30.8542,70.6840,25.0265,169.1087,0.000,0.000,0.959,0.0000,0.0000,0
2026-05-05,15:14:01,11691,1,-7.9680,-0.0003,-0.0060,0.1774,5.4039,0,12.5202,-996,1,16.2880,-35.7019,71.3942,23.4408,169.2712,0.000,0.000,0.956,0.0000,0.0000,0
2026-05-05,15:14:01,11727,1,-7.9840,-0.0003,-0.0060,0.1773,5.4039,0,12.5202,-998,1,15.2960,-31.5618,72.0807,22.3846,169.4331,0.000,0.000,0.953,0.0000,0.0000,0
2026-05-05,15:14:01,11764,1,-7.9840,0.0002,-0.0063,0.1857,5.4039,0,12.5202,-998,1,14.4509,-26.9728,72.7015,20.2359,169.5504,0.000,0.000,0.950,0.0000,0.0000,0
2026-05-05,15:14:02,11799,1,-7.9840,-0.0112,-0.0049,0.1440,5.4039,0,12.5202,-998,1,13.6553,-25.0323,73.1890,16.6585,169.6519,0.000,0.000,0.946,0.0000,0.0000,0
2026-05-05,15:14:02,11834,1,-7.9840,-0.0017,-0.0052,0.1544,5.4039,0,12.5202,-998,1,12.7030,-30.6042,73.3913,9.3744,169.7445,0.000,0.000,0.943,0.0000,0.0000,0
2026-05-05,15:14:02,11869,1,-7.9840,-0.0134,-0.0052,0.1522,5.4040,0,12.5202,-998,1,11.0665,-48.7066,73.2712,1.1126,169.8540,0.000,0.000,0.940,0.0000,0.0000,0
2026-05-05,15:14:02,11905,1,-7.9840,-0.0129,-0.0042,0.1249,5.4040,0,12.5202,-998,1,8.1023,-82.7940,72.9416,-5.6959,170.2006,0.000,0.000,0.937,0.0000,0.0000,0
2026-05-05,15:14:02,11941,1,-7.9840,-0.0345,-0.0037,0.1094,5.4041,0,12.5202,-998,1,3.2003,-143.5640,72.4067,-12.3333,171.1774,0.000,0.000,0.934,0.0000,0.0000,0
2026-05-05,15:14:02,11976,1,-7.9840,-0.0837,0.0080,0.2345,5.4046,0,12.5202,-998,1,-5.4440,-242.4406,72.0711,-13.2321,133.1510,0.000,0.000,0.930,0.0000,0.0000,0
2026-05-05,15:14:02,12012,1,-7.9840,-0.3094,0.0429,1.2625,5.4060,0,12.5202,-998,1,-16.6256,-261.0744,72.9031,2.3837,92.8599,0.032,0.000,0.927,0.0000,0.0000,0
2026-05-05,15:14:02,12048,1,-7.9840,-0.5153,0.0796,2.3408,5.4098,0,12.5202,-998,1,-17.5435,28.5840,72.8396,-19.1511,95.7615,0.096,0.000,0.924,0.0000,0.0000,0
2026-05-05,15:14:02,12083,1,-7.9840,-0.6135,0.0820,2.4111,5.4140,0,12.5202,-998,1,-3.1460,438.2668,67.6976,-120.5812,94.9347,0.112,0.000,0.921,0.0000,0.0000,0
2026-05-05,15:14:02,12118,1,-7.9840,-0.7623,0.0734,2.1576,5.4193,0,12.5202,-998,1,6.7563,249.5699,60.3748,-187.6957,102.0411,0.080,0.000,0.935,0.0000,0.0000,0
2026-05-05,15:14:02,12154,1,-7.9840,-1.0560,0.0577,1.6958,5.4259,0,12.5202,-998,1,5.6374,-7.2866,54.5542,-171.6771,72.0384,0.048,0.000,0.967,0.0000,0.0000,0
2026-05-05,15:14:02,12189,1,-7.9840,-1.1865,0.0490,1.4418,5.4352,0,12.5202,-998,1,10.0482,201.8050,52.4418,-99.7489,40.4735,0.016,0.000,0.999,0.0000,0.0000,0
2026-05-05,15:14:02,12225,1,-7.9840,-1.4597,0.0658,1.9350,5.4458,0,12.5202,-998,1,19.6776,284.6525,52.2386,-44.8958,49.7051,0.000,0.000,1.000,0.0000,0.0000,0
2026-05-05,15:14:02,12261,1,-7.9840,-1.4888,0.0440,1.2934,5.4566,0,12.5202,-998,1,25.7728,169.3277,51.6715,-34.4964,67.9701,0.000,0.000,1.000,0.0000,0.0000,0
2026-05-05,15:14:02,12296,1,-7.9840,-1.0649,0.0437,1.2849,5.4654,0,12.5202,-998,1,28.2141,91.2467,49.6773,-55.0740,82.3856,0.000,0.000,1.000,0.0000,0.0000,0
2026-05-05,15:14:02,12332,1,-7.9840,-0.8184,0.0568,1.6712,5.4731,0,12.5202,-998,1,30.9289,103.5085,47.7025,-57.5320,96.1063,0.000,0.000,1.000,0.0000,0.0000,0
2026-05-05,15:14:02,12368,1,-7.9840,-0.9286,0.0515,1.5143,5.4796,0,12.5202,-998,1,34.1822,100.6661,46.4753,-44.7367,107.5607,0.000,0.000,1.000,0.0000,0.0000,0
2026-05-05,15:14:02,12403,1,-7.9840,-1.0706,0.0493,1.4501,5.4870,0,12.5202,-998,1,36.4031,69.3231,45.8838,-28.5100,117.9369,0.000,0.000,1.000,0.0000,0.0000,0
2026-05-05,15:14:02,12439,1,-7.9840,-1.2684,0.0604,1.7757,5.4962,0,12.5202,-998,1,37.9635,46.3568,45.9758,-10.0685,127.9602,0.000,0.000,1.000,0.0000,0.0000,0
2026-05-05,15:14:02,12474,1,-7.9840,-1.4663,0.0581,1.7076,5.5068,0,12.5202,-998,1,39.2071,50.0633,46.0750,-5.3414,136.0950,0.000,0.000,1.000,0.0000,0.0000,0
2026-05-05,15:14:02,12509,1,-7.9840,-1.5683,0.0525,1.5448,5.5183,0,12.5202,-998,1,41.2733,66.1139,45.9795,-6.7425,141.6951,0.000,0.000,1.000,0.0000,0.0000,0
2026-05-05,15:14:02,12550,1,-7.9840,-1.2207,0.0431,1.2671,5.5295,0,12.5202,-998,1,42.0624,43.0531,46.2635,-6.2071,144.6599,0.000,0.000,1.000,0.0000,0.0000,0
2026-05-05,15:14:02,12586,1,-7.9840,-1.3124,0.0563,1.6562,5.5400,0,12.5202,-998,1,43.5772,45.1619,45.4675,-19.1836,148.9209,0.000,0.000,1.000,0.0000,0.0000,0
2026-05-05,15:14:02,12621,1,-7.9840,-1.2147,0.0774,2.2759,5.5496,0,12.5202,-998,1,44.7695,35.4105,44.8759,-19.8164,153.1320,0.000,0.000,1.000,0.0000,0.0000,0
2026-05-05,15:14:02,12656,1,-7.9840,-0.9702,0.0631,1.8562,5.5579,0,12.5202,-998,1,45.0167,13.7887,44.5818,-14.2193,157.4616,0.000,0.000,1.000,0.0000,0.0000,0
2026-05-05,15:14:02,12691,1,-7.9840,-1.4202,0.0618,1.8182,5.5671,0,12.5202,-998,1,45.9815,34.7733,44.5111,-9.3297,160.4396,0.000,0.000,1.000,0.0000,0.0000,0
2026-05-05,15:14:02,12726,1,-7.9840,-1.6579,0.0603,1.7743,5.5785,0,12.5202,-998,1,46.8758,22.9812,44.1689,-13.6758,162.0802,0.000,0.000,1.000,0.0000,0.0000,0
2026-05-05,15:14:02,12761,1,-7.9840,-1.7506,0.0724,2.1299,5.5920,0,12.5202,-998,1,47.6186,26.2169,43.2901,-23.9894,163.4822,0.000,0.000,1.000,0.0000,0.0000,0
2026-05-05,15:14:03,12796,1,-7.9840,-1.9174,0.0601,1.7667,5.6061,0,12.5202,-998,1,48.5583,33.2984,42.5100,-26.0107,164.9725,0.000,0.000,1.000,0.0000,0.0000,0
2026-05-05,15:14:03,12832,1,-7.9840,-2.0053,0.0690,2.0290,5.6219,0,12.5202,-998,1,49.1710,23.3054,41.8343,-25.4513,166.3512,0.000,0.000,1.000,0.0000,0.0000,0
2026-05-05,15:14:03,12868,1,-7.9840,-2.1434,0.0665,1.9559,5.6385,0,12.5202,-998,1,49.7451,20.6410,41.0894,-26.1783,167.6356,0.000,0.000,1.000,0.0000,0.0000,0
2026-05-05,15:14:03,12903,1,-7.9840,-2.1864,0.0574,1.6891,5.6553,0,12.5202,-998,1,50.0423,10.6258,40.2949,-26.8886,168.4419,0.000,0.000,1.000,0.0000,0.0000,0
2026-05-05,15:14:03,12939,1,-7.9840,-1.6662,0.0366,1.0770,5.6692,0,12.5202,-998,1,50.5102,20.9676,39.5098,-27.5172,168.7825,0.000,0.000,1.000,0.0000,0.0000,0
2026-05-05,15:14:03,12975,1,-7.9840,-0.8470,0.0420,1.2344,5.6779,0,12.5202,-998,1,51.5853,30.8787,38.7860,-25.6868,168.9533,0.000,0.000,1.000,0.0000,0.0000,0
2026-05-05,15:14:03,13010,1,-7.9840,-0.6021,0.0516,1.5187,5.6842,0,12.5202,-998,1,52.1944,16.3233,37.8997,-28.0762,169.1414,0.000,0.000,1.000,0.0000,0.0000,0
2026-05-05,15:14:03,13046,1,-7.9840,-0.8153,0.0510,1.4991,5.6896,0,12.5202,-998,1,52.0069,-3.9984,37.1219,-26.3842,169.3939,0.000,0.000,1.000,0.0000,0.0000,0
2026-05-05,15:14:03,13082,1,-7.9840,-1.0090,0.0433,1.2727,5.6969,0,12.5202,-998,1,51.7504,-7.5189,36.4539,-24.7572,169.6933,0.000,0.000,1.000,0.0000,0.0000,0
2026-05-05,15:14:03,13117,1,-7.9840,-1.4271,0.0609,1.7903,5.7062,0,12.5202,-998,1,51.2326,-12.8412,35.6220,-26.6362,169.4794,0.000,0.000,1.000,0.0000,0.0000,0
2026-05-05,15:14:03,13153,1,-7.9840,-1.4446,0.0487,1.4315,5.7171,0,12.5202,-998,1,51.2006,8.9663,34.7754,-26.2028,169.3226,0.000,0.000,1.000,0.0000,0.0000,0
2026-05-05,15:14:03,13189,1,-7.9840,-1.3403,0.0322,0.9468,5.7275,0,12.5202,-998,1,51.9283,22.0552,34.1534,-21.9022,169.0099,0.000,0.000,1.000,0.0000,0.0000,0
2026-05-05,15:14:03,13225,1,-7.9840,-0.8281,0.0550,1.6163,5.7351,0,12.5202,-998,1,52.4863,16.9529,33.6568,-18.2541,168.7160,0.000,0.000,1.000,0.0000,0.0000,0
2026-05-05,15:14:03,13260,1,-7.9840,-0.8378,0.0204,0.5988,5.7417,0,12.5202,-998,1,52.7780,9.0974,33.2620,-14.2737,168.4651,0.000,0.000,1.000,0.0000,0.0000,0
2026-05-05,15:14:03,13295,1,-7.9840,-0.2548,0.0330,0.9701,5.7451,0,12.5202,-998,1,52.8938,2.3354,33.0324,-9.8593,168.5587,0.000,0.000,1.000,0.0000,0.0000,0
2026-05-05,15:14:03,13330,1,-7.9840,-0.5848,0.0315,0.9274,5.7488,0,12.5202,-998,1,53.5733,22.8802,32.8210,-7.9240,168.3626,0.000,0.000,1.000,0.0000,0.0000,0
2026-05-05,15:14:03,13366,1,-7.9840,-0.3640,0.0203,0.5984,5.7530,0,12.5202,-998,1,55.4011,49.6878,32.8914,-1.5683,167.9159,0.000,0.000,1.000,0.0000,0.0000,0
2026-05-05,15:14:03,13401,1,-7.9840,-0.0043,0.0222,0.6519,5.7546,0,12.5202,-998,1,55.2688,-18.1732,32.8473,-2.2934,168.0593,0.000,0.000,1.000,0.0000,0.0000,0
2026-05-05,15:14:03,13436,1,-7.9840,-0.0074,0.0163,0.4781,5.7550,0,12.5202,-998,1,54.4748,-19.5147,32.8368,-1.5310,168.0678,0.000,0.000,1.000,0.0000,0.0000,0
2026-05-05,15:14:03,13472,1,-7.9840,-0.0127,0.0155,0.4546,5.7550,0,12.5202,-998,1,53.6962,-22.5394,32.9988,2.4352,168.0927,0.000,0.000,1.000,0.0000,0.0000,0
2026-05-05,15:14:03,13507,1,-7.9840,-0.1584,0.0220,0.6482,5.7556,0,12.5202,-998,1,53.2358,-11.3291,33.1796,4.6174,168.3457,0.000,0.000,1.000,0.0000,0.0000,0
2026-05-05,15:14:03,13543,1,-7.9840,-0.3051,0.0150,0.4413,5.7578,0,12.5202,-998,1,53.1759,-4.8607,33.5922,10.2094,168.6335,0.000,0.000,1.000,0.0000,0.0000,0
2026-05-05,15:14:03,13579,1,-7.9840,-0.1569,0.0404,1.1887,5.7596,0,12.5202,-998,1,52.3378,-30.5156,34.0613,11.4970,169.3691,0.064,0.000,1.000,0.0000,0.0000,0
2026-05-05,15:14:03,13614,1,-7.9840,-0.4727,0.0467,1.3724,5.7619,0,12.5202,-998,1,50.9972,-30.5762,34.1318,3.8415,170.1268,0.128,0.000,1.000,0.0000,0.0000,0
2026-05-05,15:14:03,13649,1,-7.9840,-0.6640,0.0448,1.3186,5.7661,0,12.5202,-998,1,51.3397,12.0271,34.1902,1.3066,170.0209,0.192,0.000,1.000,0.0000,0.0000,0
2026-05-05,15:14:03,13686,1,-7.9840,-0.7510,0.0292,0.8591,5.7719,0,12.5202,-998,1,51.7952,13.8159,33.8608,-7.3301,169.6677,0.208,0.000,1.000,0.0000,0.0000,0
2026-05-05,15:14:03,13722,1,-7.9840,-0.8427,0.0521,1.5326,5.7784,0,12.5202,-998,1,51.9314,1.4562,33.3781,-13.0103,169.6599,0.176,0.000,1.000,0.0000,0.0000,0
2026-05-05,15:14:03,13757,1,-7.9840,-0.9863,0.0591,1.7389,5.7858,0,12.5202,-998,1,51.5856,-6.4587,32.9367,-14.3594,170.0005,0.144,0.000,1.000,0.0000,0.0000,0
2026-05-05,15:14:04,13793,1,-7.9840,-1.3206,0.0612,1.8008,5.7946,0,12.5202,-998,1,51.3730,0.7869,32.4784,-15.8337,170.0637,0.112,0.000,1.000,0.0000,0.0000,0
2026-05-05,15:14:04,13828,1,-7.9840,-1.2792,0.0333,0.9805,5.8046,0,12.5202,-998,1,51.8261,15.2180,31.7141,-22.0566,169.5801,0.080,0.000,1.000,0.0000,0.0000,0
2026-05-05,15:14:04,13864,1,-7.9840,-0.8123,0.0411,1.2078,5.8121,0,12.5202,-998,1,52.9873,31.3456,31.0215,-22.1580,169.2410,0.048,0.000,1.000,0.0000,0.0000,0
2026-05-05,15:14:04,13900,1,-7.9840,-0.5326,0.0340,0.9994,5.8180,0,12.5202,-998,1,54.0940,26.9379,30.4517,-19.9316,168.8373,0.016,0.000,1.000,0.0000,0.0000,0
2026-05-05,15:14:04,13936,1,-7.9840,-0.4816,0.0378,1.1105,5.8222,0,12.5202,-998,1,53.9323,-7.0592,29.9352,-17.8514,168.6876,0.000,0.000,1.000,0.0000,0.0000,0
2026-05-05,15:14:04,13972,1,-7.9840,-0.7134,0.0384,1.1307,5.8270,0,12.5202,-998,1,53.4186,-16.9663,29.5548,-14.2802,168.9121,0.000,0.000,1.000,0.0000,0.0000,0
2026-05-05,15:14:04,14008,1,-7.9840,-0.5268,0.0259,0.7622,5.8322,0,12.5202,-998,1,53.2072,-8.4669,29.3974,-9.0163,169.0640,0.000,0.000,1.000,0.0000,0.0000,0
2026-05-05,15:14:04,14044,1,-7.9840,-0.2192,0.0259,0.7630,5.8336,0,12.5202,-998,1,52.9415,-6.9773,29.1003,-10.0215,169.2895,0.040,0.000,1.000,0.0000,0.0000,0
2026-05-05,15:14:04,14079,1,-7.9840,-0.4791,0.0255,0.7497,5.8365,0,12.5202,-998,1,52.9467,-0.8273,28.9949,-5.6113,169.0651,0.008,0.000,1.000,0.0000,0.0000,0
2026-05-05,15:14:04,14115,1,-7.9840,-0.6728,0.0366,1.0761,5.8406,0,12.5202,-998,1,52.6063,-8.4841,28.9393,-4.7144,169.3165,0.032,0.000,1.000,0.0000,0.0000,0
2026-05-05,15:14:04,14151,1,-7.9840,-0.8696,0.0403,1.1858,5.8467,0,12.5202,-998,1,51.5657,-35.1097,28.5974,-10.0025,169.9581,0.096,0.000,1.000,0.0000,0.0000,0
2026-05-05,15:14:04,14186,1,-7.9840,-1.0864,0.0525,1.5445,5.8542,0,12.5202,-998,1,49.7259,-37.1444,27.8846,-18.0354,169.8163,0.160,0.000,1.000,0.0000,0.0000,0
2026-05-05,15:14:04,14222,1,-7.9840,-0.9492,0.0275,0.8090,5.8624,0,12.5202,-998,1,51.0904,49.4633,27.3191,-18.6357,168.5649,0.200,0.000,1.000,0.0000,0.0000,0
2026-05-05,15:14:04,14258,1,-7.9840,-0.1252,0.0426,1.2537,5.8669,0,12.5202,-998,1,52.7030,38.7315,26.6402,-20.9230,168.2926,0.168,0.000,1.000,0.0000,0.0000,0
2026-05-05,15:14:04,14293,1,-7.9840,-0.4556,0.0473,1.3910,5.8696,0,12.5202,-998,1,53.1712,16.7797,25.7275,-26.1791,168.2216,0.136,0.000,1.000,0.0000,0.0000,0
2026-05-05,15:14:04,14331,1,-7.9840,-0.6675,0.0462,1.3592,5.8744,0,12.5202,-998,1,53.3839,10.3417,25.3490,-21.8847,168.0257,0.112,0.000,1.000,0.0000,0.0000,0
2026-05-05,15:14:04,14367,1,-7.9840,-0.5634,0.0210,0.6184,5.8789,0,12.5202,-998,1,53.6284,2.2249,24.7542,-19.8100,167.9119,0.080,0.000,1.000,0.0000,0.0000,0
2026-05-05,15:14:04,14403,1,-7.9840,-0.1206,0.0264,0.7760,5.8799,0,12.5202,-998,1,53.9130,16.4953,24.2757,-16.1579,167.9010,0.048,0.000,1.000,0.0000,0.0000,0
2026-05-05,15:14:04,14438,1,-7.9840,-0.3263,0.0197,0.5798,5.8823,0,12.5202,-998,1,54.8634,27.6782,24.0297,-10.7085,167.4919,0.016,0.000,1.000,0.0000,0.0000,0
2026-05-05,15:14:04,14473,1,-7.9840,-0.0719,0.0318,0.9365,5.8842,0,12.5202,-998,1,55.6254,15.6021,23.8838,-7.5924,167.3040,0.000,0.000,1.000,0.0000,0.0000,0
2026-05-05,15:14:04,14509,1,-7.9840,-0.3517,0.0283,0.8319,5.8856,0,12.5202,-998,1,55.6105,2.3609,23.6200,-7.7786,167.4395,0.000,0.000,1.000,0.0000,0.0000,0
2026-05-05,15:14:04,14545,1,-7.9840,-0.5501,0.0281,0.8269,5.8893,0,12.5202,-998,1,55.6439,0.1696,23.5318,-4.5194,167.3986,0.000,0.000,1.000,0.0000,0.0000,0
2026-05-05,15:14:04,14581,1,-7.9840,-0.1314,0.0172,0.5069,5.8924,0,12.5202,-998,1,55.3831,-14.7802,23.5351,-1.7811,167.3262,0.000,0.000,1.000,0.0000,0.0000,0
2026-05-05,15:14:04,14617,1,-7.9840,-0.1628,0.0410,1.2052,5.8941,0,12.5202,-998,1,53.6432,-53.8587,23.3666,-3.8700,167.3215,0.048,0.000,1.000,0.0000,0.0000,0
2026-05-05,15:14:04,14652,1,-7.9840,-0.3157,0.0336,0.9889,5.8956,0,12.5202,-998,1,51.2757,-60.8431,22.8998,-10.2209,167.3280,0.112,0.000,1.000,0.0000,0.0000,0
2026-05-05,15:14:04,14688,1,-7.9840,-0.7608,0.0604,1.7754,5.9004,0,12.5202,-998,1,51.3397,22.9797,22.5042,-10.3997,167.2619,0.176,0.000,1.000,0.0000,0.0000,0
2026-05-05,15:14:04,14724,1,-7.9840,-0.7936,0.0603,1.7732,5.9065,0,12.5202,-998,1,53.3484,57.2678,22.3099,-7.7096,167.1772,0.168,0.000,1.000,0.0000,0.0000,0
2026-05-05,15:14:04,14759,1,-7.9840,-1.0965,0.0500,1.4704,5.9132,0,12.5202,-998,1,54.5145,38.0523,22.0018,-9.2420,167.0429,0.136,0.000,1.000,0.0000,0.0000,0
2026-05-05,15:14:05,14794,1,-7.9840,-1.2818,0.0457,1.3446,5.9225,0,12.5202,-998,1,55.3012,30.2337,21.7040,-9.4844,166.8732,0.104,0.000,1.000,0.0000,0.0000,0
2026-05-05,15:14:05,14830,1,-7.9840,-0.8736,0.0465,1.3684,5.9312,0,12.5202,-998,1,55.9111,17.8432,21.4481,-8.7724,166.9802,0.072,0.000,1.000,0.0000,0.0000,0
2026-05-05,15:14:05,14865,1,-7.9840,-0.9605,0.0254,0.7478,5.9383,0,12.5202,-998,1,57.0942,34.1514,21.2451,-6.9984,166.8725,0.040,0.000,1.000,0.0000,0.0000,0
2026-05-05,15:14:05,14900,1,-7.9840,-0.5074,0.0293,0.8630,5.9427,0,12.5202,-998,1,57.7558,18.6852,21.1078,-5.3818,166.7189,0.008,0.000,1.000,0.0000,0.0000,0
2026-05-05,15:14:05,14936,1,-7.9840,-0.6965,0.0367,1.0792,5.9478,0,12.5202,-998,1,58.3735,21.0544,21.0904,-2.1450,166.5304,0.000,0.000,1.000,0.0000,0.0000,0
2026-05-05,15:14:05,14971,1,-7.9840,-0.6137,0.0381,1.1208,5.9529,0,12.5202,-998,1,58.6337,1.6927,21.0973,-0.7749,166.7651,0.000,0.000,1.000,0.0000,0.0000,0
2026-05-05,15:14:05,15006,1,-7.9840,-0.2974,0.0480,1.4123,5.9563,0,12.5202,-998,1,58.1537,-16.4827,21.0589,-1.0062,167.4419,0.000,0.000,1.000,0.0000,0.0000,0
2026-05-05,15:14:05,15042,1,-7.9840,-0.3506,0.0442,1.2986,5.9585,0,12.5202,-998,1,57.0404,-25.7240,21.1526,1.3334,168.6480,0.032,0.000,1.000,0.0000,0.0000,0
2026-05-05,15:14:05,15078,1,-7.9840,-0.6865,0.0509,1.4961,5.9628,0,12.5202,-998,1,57.4310,20.0468,21.4413,4.8784,169.2849,0.072,0.000,1.000,0.0000,0.0000,0
2026-05-05,15:14:05,15113,1,-7.9840,-0.7152,0.0355,1.0442,5.9683,0,12.5202,-998,1,58.1333,22.4178,21.4476,0.0772,169.0536,0.040,0.000,1.000,0.0000,0.0000,0
2026-05-05,15:14:05,15148,1,-7.9840,-0.5487,0.0413,1.2143,5.9735,0,12.5202,-998,1,58.9979,25.8449,20.9435,-10.6218,168.1702,0.008,0.000,1.000,0.0000,0.0000,0
2026-05-05,15:14:05,15183,1,-7.9840,-0.7779,0.0326,0.9586,5.9785,0,12.5202,-998,1,60.2174,41.2670,20.5680,-11.3249,167.7417,0.000,0.000,1.000,0.0000,0.0000,0
2026-05-05,15:14:05,15218,1,-7.9840,-0.7134,0.0180,0.5303,5.9842,0,12.5202,-998,1,61.6309,33.3728,20.3895,-7.6552,167.6366,0.000,0.000,1.000,0.0000,0.0000,0
2026-05-05,15:14:05,15258,1,-7.9840,-0.1281,0.0256,0.7543,5.9863,0,12.5202,-998,1,60.9784,-9.8804,20.2949,-6.9257,167.9384,0.000,0.000,1.000,0.0000,0.0000,0
2026-05-05,15:14:05,15294,1,-7.9840,-0.3394,0.0253,0.7430,5.9887,0,12.5202,-998,1,60.8060,-0.8643,20.0993,-6.4684,167.2408,0.000,0.000,1.000,0.0000,0.0000,0
2026-05-05,15:14:05,15330,1,-7.9840,-0.1440,0.0414,1.2185,5.9909,0,12.5202,-998,1,61.0493,-3.8648,19.9383,-5.9048,167.1555,0.000,0.000,1.000,0.0000,0.0000,0
2026-05-05,15:14:05,15365,1,-7.9840,-0.1549,0.0219,0.6452,5.9916,0,12.5202,-998,1,61.0790,10.0735,19.6332,-8.4057,167.1177,0.000,0.000,1.000,0.0000,0.0000,0
2026-05-05,15:14:05,15401,1,-7.9840,-0.2388,0.0159,0.4673,5.9936,0,12.5202,-998,1,62.4929,45.9360,19.5891,-3.6094,166.7318,0.000,0.000,1.000,0.0000,0.0000,0
2026-05-05,15:14:05,15437,1,-7.9840,-0.0246,0.0191,0.5606,5.9944,0,12.5202,-998,1,65.0134,60.1255,20.0751,7.8047,166.5399,0.000,0.000,1.000,0.0000,0.0000,0
2026-05-05,15:14:05,15473,1,-7.9840,0.0099,0.0187,0.5514,5.9949,0,12.5202,-998,1,67.5120,65.5628,20.9849,21.0384,166.6337,0.000,0.000,1.000,0.0000,0.0000,0
2026-05-05,15:14:05,15508,1,-7.9840,-0.0010,0.0142,0.4167,5.9951,0,12.5202,-998,1,70.1047,47.6299,22.4408,35.7307,166.7451,0.000,0.000,1.000,0.0000,0.0000,0
2026-05-05,15:14:05,15544,1,-7.9840,-0.0053,0.0152,0.4475,5.9952,0,12.5202,-998,1,70.6435,-22.0536,24.4037,51.1580,166.7425,0.000,0.000,1.000,0.0000,0.0000,0
2026-05-05,15:14:05,15579,1,-7.9840,-0.0234,0.0159,0.4687,5.9953,0,12.5202,-998,1,68.0953,-104.3885,26.8979,69.0279,166.9888,0.000,0.000,1.000,0.0000,0.0000,0
2026-05-05,15:14:05,15614,1,-7.9840,-0.0040,0.0143,0.4202,5.9953,0,12.5202,-998,1,62.9119,-172.8584,29.7096,83.3121,167.2591,0.000,0.000,1.000,0.0000,0.0000,0
2026-05-05,15:14:05,15650,1,-7.9840,-0.0529,0.0143,0.4204,5.9954,0,12.5202,-998,1,56.6413,-197.0717,32.6944,91.7302,167.5903,0.000,0.000,1.000,0.0000,0.0000,0
2026-05-05,15:14:05,15685,1,-7.9840,-0.0207,0.0117,0.3446,5.9957,0,12.5202,-998,1,50.2950,-186.6131,35.0372,78.9402,167.6159,0.000,0.000,1.000,0.0000,0.0000,0
2026-05-05,15:14:05,15721,1,-7.9840,-0.0264,0.0117,0.3455,5.9959,0,12.5202,-998,1,45.4747,-131.4146,36.2412,51.5447,167.6897,0.000,0.000,1.000,0.0000,0.0000,0
2026-05-05,15:14:05,15757,1,-7.9840,-0.0313,0.0123,0.3629,5.9961,0,12.5202,-998,1,42.8723,-63.9506,36.4126,21.3114,167.5932,0.000,0.000,1.000,0.0000,0.0000,0
2026-05-05,15:14:06,15792,1,-7.9840,0.0015,0.0152,0.4467,5.9961,0,12.5202,-998,1,42.7871,10.3097,35.8200,-5.1550,167.4474,0.000,0.000,1.000,0.0000,0.0000,0
2026-05-05,15:14:06,15828,1,-7.9840,0.0032,0.0136,0.4002,5.9961,0,12.5202,-998,1,44.4789,50.5667,34.8631,-22.0559,167.3032,0.000,0.000,1.000,0.0000,0.0000,0
2026-05-05,15:14:06,15864,1,-7.9840,-0.0037,0.0142,0.4188,5.9961,0,12.5202,-998,1,46.8295,66.7616,33.8311,-29.5699,167.2182,0.000,0.000,1.000,0.0000,0.0000,0
2026-05-05,15:14:06,15900,1,-7.9840,-0.0041,0.0136,0.4015,5.9961,0,12.5202,-998,1,48.9757,52.1007,33.1799,-23.7425,167.2874,0.000,0.000,1.000,0.0000,0.0000,0
2026-05-05,15:14:06,15936,1,-7.9840,-0.0072,0.0136,0.4014,5.9961,0,12.5202,-998,1,50.2496,24.6707,32.9819,-12.4398,167.3562,0.000,0.000,1.000,0.0000,0.0000,0
2026-05-05,15:14:06,15972,1,-7.9840,0.0106,0.0121,0.3553,5.9961,0,12.5202,-998,1,50.8680,3.8703,33.2571,0.9371,167.3630,0.000,0.000,1.000,0.0000,0.0000,0
2026-05-05,15:14:06,16008,1,-7.9840,0.0070,0.0133,0.3913,5.9961,0,12.5202,-998,1,50.9881,-11.7700,34.3608,24.0567,167.4832,0.000,0.000,1.000,0.0000,0.0000,0
2026-05-05,15:14:06,16044,1,-7.9840,0.0038,0.0118,0.3459,5.9960,0,12.5202,-998,1,50.5959,-28.4240,36.5330,52.6672,167.5328,0.000,0.000,1.000,0.0000,0.0000,0
2026-05-05,15:14:06,16079,1,-7.9840,-0.0084,0.0136,0.4008,5.9961,0,12.5202,-998,1,49.3555,-53.7846,39.4143,78.6737,167.5593,0.000,0.000,1.000,0.0000,0.0000,0
2026-05-05,15:14:06,16115,1,-7.9840,0.0048,0.0130,0.3819,5.9960,0,12.5202,-998,1,46.8546,-90.2773,43.0720,102.3411,167.6524,0.000,0.000,1.000,0.0000,0.0000,0
2026-05-05,15:14:06,16151,1,-7.9840,-0.0096,0.0130,0.3816,5.9961,0,12.5202,-998,1,42.9536,-127.4483,47.1041,119.1536,167.7476,0.000,0.000,1.000,0.0000,0.0000,0
2026-05-05,15:14:06,16193,1,-7.9840,-0.0168,0.0148,0.4366,5.9961,0,12.5202,-998,1,38.7335,-131.1062,48.5950,99.9067,167.8920,0.000,0.000,1.000,0.0000,0.0000,0
2026-05-05,15:14:06,16228,1,-7.9840,-0.0012,0.0130,0.3818,5.9961,0,12.5202,-998,1,33.6618,-138.4225,51.0468,84.3241,167.9143,0.000,0.000,1.000,0.0000,0.0000,0
2026-05-05,15:14:06,16264,1,-7.9840,-0.0163,0.0133,0.3920,5.9961,0,12.5202,-998,1,30.0180,-93.8113,51.9884,47.5794,167.9763,0.000,0.000,1.000,0.0000,0.0000,0
2026-05-05,15:14:06,16300,1,-7.9840,0.0060,0.0142,0.4181,5.9961,0,12.5202,-998,1,28.4294,-28.0149,51.1914,-0.9771,167.9392,0.000,0.000,1.000,0.0000,0.0000,0
2026-05-05,15:14:06,16336,1,-7.9840,0.0049,0.0133,0.3921,5.9961,0,12.5202,-998,1,29.1957,33.8611,49.1622,-42.7984,167.8243,0.000,0.000,1.000,0.0000,0.0000,0
2026-05-05,15:14:06,16372,1,-7.9840,-0.0269,0.0118,0.3473,5.9962,0,12.5202,-998,1,30.6964,52.2093,46.7859,-63.6918,167.7833,0.000,0.000,1.000,0.0000,0.0000,0
2026-05-05,15:14:06,16407,1,-7.9840,-0.0031,0.0148,0.4363,5.9962,0,12.5202,-998,1,32.3761,52.8872,44.3025,-73.8505,167.7335,0.000,0.000,1.000,0.0000,0.0000,0
2026-05-05,15:14:06,16443,1,-2.4240,0.0105,0.0142,0.4182,5.9962,0,12.5202,-303,1,34.0400,48.8081,41.8292,-72.2867,167.6882,0.000,0.000,1.000,0.0000,0.0000,0
2026-05-05,15:14:06,16478,1,-0.4080,0.0162,0.0127,0.3737,5.9962,0,12.5202,-51,1,35.9167,57.5040,39.6957,-69.1962,167.6709,0.000,0.000,1.000,0.0000,0.0000,0
2026-05-05,15:14:06,16513,1,-0.2800,0.0027,0.0142,0.4188,5.9962,0,12.5202,-35,1,37.5180,46.5595,38.0431,-58.4068,167.7225,0.000,0.000,1.000,0.0000,0.0000,0
2026-05-05,15:14:06,16549,1,-0.2480,-0.0031,0.0146,0.4289,5.9962,0,12.5202,-31,1,38.4208,23.4667,36.8211,-45.9881,167.7106,0.000,0.000,1.000,0.0000,0.0000,0
2026-05-05,15:14:06,16585,1,-0.2480,-0.0090,0.0139,0.4094,5.9962,0,12.5202,-31,1,38.7342,8.3090,35.9383,-33.5453,167.7362,0.000,0.000,1.000,0.0000,0.0000,0
2026-05-05,15:14:06,16620,1,-0.2480,0.0007,0.0145,0.4276,5.9962,0,12.5202,-31,1,38.9066,4.7346,35.3988,-22.4793,167.7705,0.000,0.000,1.000,0.0000,0.0000,0
2026-05-05,15:14:06,16656,1,-0.2400,0.0058,0.0152,0.4464,5.9962,0,12.5202,-30,1,39.1396,7.0595,35.1108,-13.8032,167.7636,0.000,0.000,1.000,0.0000,0.0000,0
2026-05-05,15:14:06,16691,1,-0.2400,0.0118,0.0130,0.3819,5.9962,0,12.5202,-30,1,39.4456,7.9788,35.0618,-5.0996,167.7556,0.000,0.000,1.000,0.0000,0.0000,0
2026-05-05,15:14:06,16726,1,-0.2400,0.0098,0.0142,0.4188,5.9962,0,12.5202,-30,1,39.6996,4.6000,35.1777,0.5540,167.7794,0.000,0.000,1.000,0.0000,0.0000,0
2026-05-05,15:14:06,16762,1,-0.2480,-0.0005,0.0152,0.4464,5.9962,0,12.5202,-31,1,39.8079,0.0971,35.5224,7.4829,167.7889,0.000,0.000,1.000,0.0000,0.0000,0
2026-05-05,15:14:07,16798,1,-0.2480,0.0088,0.0142,0.4188,5.9962,0,12.5202,-31,1,39.7003,-6.9995,35.8871,9.7668,167.8233,0.000,0.000,1.000,0.0000,0.0000,0
2026-05-05,15:14:07,16834,1,-0.2480,-0.0064,0.0143,0.4194,5.9962,0,12.5202,-31,1,39.2715,-16.2660,36.1622,9.3018,167.8557,0.000,0.000,1.000,0.0000,0.0000,0
2026-05-05,15:14:07,16869,1,-0.2400,0.0021,0.0155,0.4564,5.9962,0,12.5202,-30,1,38.6850,-17.7856,36.7258,15.3217,167.8430,0.000,0.000,1.000,0.0000,0.0000,0
2026-05-05,15:14:07,16904,1,-0.2400,0.0033,0.0136,0.4013,5.9962,0,12.5202,-30,1,38.0236,-22.0797,37.1965,14.8247,167.8572,0.000,0.000,1.000,0.0000,0.0000,0
2026-05-05,15:14:07,16940,1,-0.2480,-0.0073,0.0161,0.4739,5.9963,0,12.5202,-31,1,36.7058,-40.0894,37.5571,12.6094,167.8625,0.000,0.000,1.000,0.0000,0.0000,0
2026-05-05,15:14:07,16977,1,-0.2480,-0.0621,0.0199,0.5865,5.9967,0,12.5202,-31,1,33.8798,-83.1449,37.2591,-1.6437,167.6979,0.000,0.000,1.000,0.0000,0.0000,0
2026-05-05,15:14:07,17012,1,-0.2480,-0.3253,0.0276,0.8125,5.9981,0,12.5202,-31,1,29.3229,-131.2145,35.7710,-30.9429,167.1143,0.016,0.000,1.000,0.0000,0.0000,0
2026-05-05,15:14:07,17047,1,0.0000,-0.4231,0.0461,1.3553,6.0006,0,12.5202,0,1,26.0033,-51.3680,33.1894,-60.4631,165.2168,0.080,0.000,1.000,0.0000,0.0000,0
2026-05-05,15:14:07,17083,1,0.0000,-0.1456,0.0716,2.1071,6.0027,0,12.5202,0,1,32.1928,226.0832,30.9730,-60.2546,156.2868,0.120,0.000,1.000,0.0000,0.0000,0
2026-05-05,15:14:07,17122,1,0.0000,0.0198,0.0701,2.0612,6.0030,0,12.5202,0,1,37.4478,173.2072,30.4920,-41.7628,156.6263,0.096,0.000,1.000,0.0000,0.0000,0
2026-05-05,15:14:07,17157,1,0.0000,0.0885,0.0603,1.7737,6.0027,0,12.5202,0,1,40.0185,68.1423,30.0377,-24.7508,158.6673,0.064,0.000,1.000,0.0000,0.0000,0
2026-05-05,15:14:07,17192,1,0.0000,0.0624,0.0487,1.4309,6.0019,0,12.5202,0,1,40.6888,28.2787,29.4280,-20.8280,160.0503,0.032,0.000,1.000,0.0000,0.0000,0
2026-05-05,15:14:07,17227,1,0.0000,-0.0148,0.0480,1.4128,6.0018,0,12.5202,0,1,41.3601,27.2666,28.7959,-19.7469,160.5876,0.000,0.000,1.000,0.0000,0.0000,0
2026-05-05,15:14:07,17262,1,0.0000,0.0379,0.0439,1.2912,6.0016,0,12.5202,0,1,42.5771,48.9812,28.2517,-16.4651,160.6741,0.000,0.000,1.000,0.0000,0.0000,0
2026-05-05,15:14:07,17297,1,0.0000,0.0330,0.0423,1.2441,6.0015,0,12.5202,0,1,44.1961,48.2915,27.8665,-12.9205,160.7014,0.000,0.000,1.000,0.0000,0.0000,0
2026-05-05,15:14:07,17332,1,0.0000,-0.0041,0.0428,1.2603,6.0015,0,12.5202,0,1,45.3012,36.1896,27.4492,-11.6490,160.7829,0.000,0.000,1.000,0.0000,0.0000,0
2026-05-05,15:14:07,17367,1,0.0000,-0.0065,0.0430,1.2657,6.0015,0,12.5202,0,1,45.8517,13.7202,26.9472,-12.6203,160.2040,0.000,0.000,1.000,0.0000,0.0000,0
2026-05-05,15:14:07,17402,1,0.0000,-0.0585,0.0509,1.4978,6.0018,0,12.5202,0,1,44.9300,-21.6745,26.2736,-15.1917,159.5602,0.000,0.000,1.000,0.0000,0.0000,0
2026-05-05,15:14:07,17437,1,0.0000,-0.0645,0.0568,1.6691,6.0021,0,12.5202,0,1,45.1595,26.5298,25.8377,-10.1244,159.4301,0.000,0.000,1.000,0.0000,0.0000,0
2026-05-05,15:14:07,17472,1,0.0000,-0.0425,0.0640,1.8831,6.0025,0,12.5202,0,1,47.5648,71.2279,26.0239,2.5498,160.1241,0.000,0.000,1.000,0.0000,0.0000,0
2026-05-05,15:14:07,17507,1,0.0000,-0.0026,0.0639,1.8802,6.0026,0,12.5202,0,1,49.2334,50.6839,26.3776,9.6009,160.7687,0.000,0.000,1.000,0.0000,0.0000,0
2026-05-05,15:14:07,17543,1,0.0000,0.0057,0.0630,1.8525,6.0026,0,12.5202,0,1,50.4246,38.7177,26.8503,14.2238,161.2426,0.000,0.000,1.000,0.0000,0.0000,0
2026-05-05,15:14:07,17578,1,0.0000,0.0088,0.0625,1.8390,6.0026,0,12.5202,0,1,51.6481,39.5939,27.2056,12.7570,161.3409,0.000,0.000,1.000,0.0000,0.0000,0
2026-05-05,15:14:07,17613,1,0.0000,0.0060,0.0609,1.7916,6.0025,0,12.5202,0,1,52.7182,33.4083,27.3404,8.1498,161.0104,0.000,0.000,1.000,0.0000,0.0000,0
2026-05-05,15:14:07,17649,1,0.0000,0.0010,0.0605,1.7782,6.0025,0,12.5202,0,1,53.5542,23.5106,27.2669,3.3494,160.1935,0.000,0.000,1.000,0.0000,0.0000,0
2026-05-05,15:14:07,17684,1,0.0000,-0.0122,0.0620,1.8223,6.0025,0,12.5202,0,0,54.1999,20.1968,27.0883,0.0248,159.4055,0.000,0.000,1.000,0.0000,0.0000,0
2026-05-05,15:14:07,17719,1,0.0000,-0.0118,0.0623,1.8325,6.0025,0,12.5202,0,0,54.7434,15.7304,27.0782,2.6943,159.0441,0.000,0.000,1.000,0.0000,0.0000,0
2026-05-05,15:14:07,17754,1,0.0000,-0.0846,0.0736,2.1657,6.0029,0,12.5202,0,0,54.9874,5.9226,27.2144,6.1899,158.4668,0.000,0.000,1.000,0.0000,0.0000,0
2026-05-05,15:14:08,17789,1,0.0000,-0.0470,0.0814,2.3941,6.0034,0,12.5202,0,0,55.0169,4.1627,27.1771,4.5454,157.7107,0.000,0.000,1.000,0.0000,0.0000,0
2026-05-05,15:14:08,17824,1,0.0000,0.0159,0.0793,2.3310,6.0035,0,12.5202,0,0,55.5955,18.5515,27.5387,12.5848,158.0137,0.000,0.000,1.000,0.0000,0.0000,0
2026-05-05,15:14:08,17859,1,0.0000,0.0925,0.0708,2.0820,6.0032,0,12.5202,0,0,56.0321,12.7131,28.4679,25.7889,132.2852,0.000,0.000,1.000,0.0000,0.0000,0
2026-05-05,15:14:08,17894,1,0.0000,0.2492,0.0389,1.1455,6.0019,0,12.5202,0,0,57.3837,41.9155,29.9891,39.7033,125.7889,0.000,0.000,1.000,0.0000,0.0000,0
2026-05-05,15:14:08,17929,1,0.0000,-0.0017,0.0381,1.1212,6.0012,0,12.5202,0,0,58.7863,28.7946,31.4423,42.8157,131.9002,0.000,0.000,1.000,0.0000,0.0000,0
2026-05-05,15:14:08,17965,1,0.0000,-0.0843,0.0493,1.4504,6.0016,0,12.5202,0,0,56.4936,-80.5199,32.1365,28.5177,135.3729,0.000,0.000,1.000,0.0000,0.0000,0
2026-05-05,15:14:08,18000,1,0.0000,-0.3380,0.1007,2.9622,6.0036,0,12.5202,0,0,52.1153,-92.6750,30.4184,-21.7572,132.5849,0.064,0.000,1.000,0.0000,0.0000,0
2026-05-05,15:14:08,18039,1,0.0000,0.0180,0.0872,2.5640,6.0040,0,12.5202,0,0,53.7219,29.6861,28.2317,-21.8209,111.1243,0.112,0.000,1.000,0.0000,0.0000,0
2026-05-05,15:14:08,18074,1,0.0000,0.0958,0.0764,2.2475,6.0035,0,12.5202,0,0,56.5848,51.8277,30.4741,39.9846,89.5809,0.128,0.000,1.000,0.0000,0.0000,0
2026-05-05,15:14:08,18109,1,0.0000,0.0274,0.0699,2.0550,6.0030,0,12.5202,0,0,55.3913,-48.9292,32.2322,47.1996,101.6473,0.096,0.000,1.000,0.0000,0.0000,0
2026-05-05,15:14:08,18144,1,0.0000,-0.0003,0.0700,2.0577,6.0029,0,12.5202,0,0,52.9000,-59.4996,33.0903,34.0347,111.1868,0.160,0.000,1.000,0.0000,0.0000,0
2026-05-05,15:14:08,18180,1,0.0000,0.0171,0.0702,2.0654,6.0030,0,12.5202,0,0,53.3973,51.6810,33.5574,23.3190,117.7870,0.224,0.000,1.000,0.0000,0.0000,0
2026-05-05,15:14:08,18215,1,0.0000,0.0259,0.0679,1.9969,6.0029,0,12.5202,0,0,57.6757,126.9011,34.2606,23.0179,106.4443,0.192,0.000,1.000,0.0000,0.0000,0
2026-05-05,15:14:08,18250,1,0.0000,0.0282,0.0610,1.7947,6.0025,0,12.5202,0,0,60.4874,68.8892,35.0214,22.3418,116.0976,0.160,0.000,1.000,0.0000,0.0000,0
2026-05-05,15:14:08,18285,1,0.0000,0.0818,0.0514,1.5110,6.0021,0,12.5202,0,0,60.5519,-11.5336,35.5466,17.4379,123.8040,0.128,0.000,1.000,0.0000,0.0000,0
2026-05-05,15:14:08,18320,1,0.0000,-0.0066,0.0491,1.4454,6.0018,0,12.5202,0,0,58.2190,-74.2133,35.6773,8.6983,130.4435,0.096,0.000,1.000,0.0000,0.0000,0
2026-05-05,15:14:08,18355,1,0.0000,-0.0825,0.0592,1.7406,6.0022,0,12.5202,0,0,54.8445,-83.0637,35.3457,-2.5760,136.4425,0.160,0.000,1.000,0.0000,0.0000,0
2026-05-05,15:14:08,18390,1,0.0000,-0.0254,0.0658,1.9351,6.0026,0,12.5202,0,0,56.3982,79.2636,35.1743,-2.3499,134.4462,0.224,0.000,1.000,0.0000,0.0000,0
2026-05-05,15:14:08,18425,1,0.0000,0.0171,0.0624,1.8356,6.0026,0,12.5202,0,0,60.5033,115.1716,35.5736,6.8762,139.2807,0.192,0.000,1.000,0.0000,0.0000,0
2026-05-05,15:14:08,18461,1,0.0000,0.0866,0.0549,1.6139,6.0023,0,12.5202,0,0,62.6049,49.8339,35.8938,7.2814,143.8380,0.160,0.000,1.000,0.0000,0.0000,0
2026-05-05,15:14:08,18496,1,0.0000,0.0952,0.0329,0.9685,6.0013,0,12.5202,0,0,63.2610,14.6831,36.0769,5.8625,147.7033,0.128,0.000,1.000,0.0000,0.0000,0
2026-05-05,15:14:08,18531,1,0.0000,0.0216,0.0334,0.9822,6.0010,0,12.5202,0,0,63.1012,-10.2781,36.3771,8.0728,149.3496,0.096,0.000,1.000,0.0000,0.0000,0
2026-05-05,15:14:08,18566,1,0.0000,-0.0053,0.0337,0.9912,6.0009,0,12.5202,0,0,62.8251,-11.4702,36.7510,10.2531,151.2841,0.064,0.000,1.000,0.0000,0.0000,0
2026-05-05,15:14:08,18601,1,0.0000,-0.0014,0.0315,0.9278,6.0009,0,12.5202,0,0,62.2880,-17.2275,37.1387,11.7998,114.9576,0.032,0.000,1.000,0.0000,0.0000,0
2026-05-05,15:14:08,18636,1,0.0000,-0.0013,0.0325,0.9556,6.0009,0,12.5202,0,0,61.6411,-21.1049,37.5809,13.1854,111.1541,0.096,0.000,1.000,0.0000,0.0000,0
2026-05-05,15:14:08,18671,1,0.0000,-0.0197,0.0334,0.9822,6.0010,0,12.5202,0,0,60.2379,-44.2968,37.9080,11.5728,119.0185,0.160,0.000,1.000,0.0000,0.0000,0
2026-05-05,15:14:08,18706,1,-2.3280,-0.0108,0.0300,0.8815,6.0011,0,12.5202,-291,1,58.8358,-36.2402,38.1938,10.1961,126.1111,0.224,0.000,1.000,0.0000,0.0000,0
2026-05-05,15:14:08,18742,1,-3.9840,-0.2231,0.0134,0.3945,6.0020,0,12.5202,-498,1,58.8624,2.3306,38.4102,7.8605,132.1297,0.192,0.000,1.000,0.0000,0.0000,0
2026-05-05,15:14:08,18778,1,-4.0800,-0.1217,0.0304,0.8928,6.0032,0,12.5202,-510,1,59.4654,22.4935,38.2948,-0.1717,137.8814,0.232,0.000,1.000,0.0000,0.0000,0
2026-05-05,15:14:09,18813,1,-4.0880,-0.3401,0.0219,0.6432,6.0050,0,12.5202,-511,1,59.9155,10.1031,38.0913,-3.9621,142.8820,0.200,0.000,1.000,0.0000,0.0000,0
2026-05-05,15:14:09,18849,1,-4.0800,-0.3548,0.0270,0.7939,6.0077,0,12.5202,-510,1,59.9641,-0.9700,38.0545,-2.3033,146.6882,0.168,0.000,1.000,0.0000,0.0000,0
2026-05-05,15:14:09,18885,1,-4.2160,-0.6492,0.0294,0.8654,6.0121,0,12.5202,-527,1,60.5681,18.5606,38.0032,-2.0906,149.8484,0.136,0.000,1.000,0.0000,0.0000,0
2026-05-05,15:14:09,18920,1,-4.2160,-0.0852,0.0203,0.5975,6.0150,0,12.5202,-527,1,60.9695,2.8946,38.0721,0.1561,153.0900,0.104,0.000,1.000,0.0000,0.0000,0
2026-05-05,15:14:09,18953,1,-4.2160,-0.1933,0.0155,0.4551,6.0157,0,12.5202,-527,1,61.0410,2.4560,38.1142,0.3766,153.8651,0.088,0.000,1.000,0.0000,0.0000,0
2026-05-05,15:14:09,18989,1,-6.0880,-0.0385,0.0115,0.3374,6.0160,0,12.5202,-761,1,61.5208,20.2299,38.2095,1.7994,156.3295,0.056,0.000,1.000,0.0000,0.0000,0
2026-05-05,15:14:09,19025,1,-6.0880,-0.0021,0.0142,0.4188,6.0160,0,12.5202,-761,1,62.5229,24.0639,38.5431,7.2219,151.4267,0.024,0.000,1.000,0.0000,0.0000,0
2026-05-05,15:14:09,19061,1,-6.0880,-0.0053,0.0148,0.4364,6.0160,0,12.5202,-761,1,62.7291,-12.3511,39.0376,11.4337,152.0515,0.000,0.000,1.000,0.0000,0.0000,0
2026-05-05,15:14:09,19097,1,-6.9760,-0.0935,0.0195,0.5728,6.0163,0,12.5202,-872,1,60.1183,-90.5972,39.1015,5.0300,153.5346,0.000,0.000,1.000,0.0000,0.0000,0
2026-05-05,15:14:09,19132,1,-6.9760,-0.2160,0.0223,0.6568,6.0171,0,12.5202,-872,1,55.0892,-153.4633,38.7570,-3.8775,155.9253,0.000,0.000,1.000,0.0000,0.0000,0
2026-05-05,15:14:09,19167,1,-6.9760,-0.3887,0.0480,1.4108,6.0199,0,12.5202,-872,1,49.6714,-129.1878,37.4076,-26.9113,156.4588,0.064,0.000,1.000,0.0000,0.0000,0
2026-05-05,15:14:09,19203,1,-6.9680,-0.6991,0.0736,2.1648,6.0247,0,12.5202,-871,1,51.1770,68.2843,35.3274,-42.3859,113.9540,0.128,0.000,1.000,0.0000,0.0000,0
2026-05-05,15:14:09,19239,1,-6.9680,-0.6082,0.0459,1.3491,6.0294,0,12.5202,-871,1,57.4943,169.1080,35.1156,-13.0159,73.1210,0.120,0.000,1.000,0.0000,0.0000,0
2026-05-05,15:14:09,19274,1,-6.9680,-0.6748,0.0518,1.5225,6.0345,0,12.5202,-871,1,60.0025,47.3301,36.5212,21.7111,74.5449,0.088,0.000,1.000,0.0000,0.0000,0
2026-05-05,15:14:09,19310,1,-6.9760,-0.8129,0.0457,1.3429,6.0399,0,12.5202,-872,1,57.2806,-80.5453,36.8764,14.4169,87.1737,0.056,0.000,1.000,0.0000,0.0000,0
2026-05-05,15:14:09,19345,1,-6.9760,-0.9562,0.0398,1.1705,6.0471,0,12.5202,-872,1,54.7863,-54.7690,36.8737,6.7696,98.4184,0.096,0.000,1.000,0.0000,0.0000,0
2026-05-05,15:14:09,19380,1,-6.9760,-1.2432,0.0535,1.5726,6.0559,0,12.5202,-872,1,56.3236,55.6527,37.1438,8.7080,75.9885,0.136,0.000,1.000,0.0000,0.0000,0
2026-05-05,15:14:09,19416,1,-6.9760,-1.2181,0.0465,1.3682,6.0652,0,12.5202,-872,1,58.4617,58.8220,37.4293,8.4304,39.1932,0.104,0.000,1.000,0.0000,0.0000,0
2026-05-05,15:14:09,19451,1,-6.9760,-0.8792,0.0546,1.6046,6.0718,0,12.5202,-872,1,59.0443,14.5374,37.6201,6.1206,40.6936,0.072,0.000,1.000,0.0000,0.0000,0
2026-05-05,15:14:09,19486,1,-6.9760,-0.8016,0.0334,0.9819,6.0780,0,12.5202,-872,1,58.8907,-2.8880,37.6891,3.2434,58.6422,0.040,0.000,1.000,0.0000,0.0000,0
2026-05-05,15:14:09,19522,1,-6.9760,-0.3318,0.0297,0.8731,6.0806,0,12.5202,-872,1,58.9519,7.2686,37.6953,1.4966,73.7406,0.008,0.000,1.000,0.0000,0.0000,0
2026-05-05,15:14:09,19557,1,-6.9760,-0.5130,0.0202,0.5935,6.0842,0,12.5202,-872,1,60.1022,42.4268,37.7775,2.0953,88.6266,0.000,0.000,1.000,0.0000,0.0000,0
2026-05-05,15:14:09,19592,1,-6.9760,-0.3994,0.0353,1.0372,6.0872,0,12.5202,-872,1,61.6797,36.3268,38.0282,5.3646,88.9036,0.000,0.000,1.000,0.0000,0.0000,0
2026-05-05,15:14:09,19628,1,-6.9760,-0.3070,0.0279,0.8208,6.0902,0,12.5202,-872,1,62.0063,5.8470,38.2292,5.2682,100.2764,0.000,0.000,1.000,0.0000,0.0000,0
2026-05-05,15:14:09,19664,1,-6.9760,0.0744,0.0038,0.1103,6.0901,0,12.5202,-872,1,63.0532,36.0589,38.4536,6.0426,109.7456,0.000,0.000,0.998,0.0000,0.0000,0
2026-05-05,15:14:09,19700,1,-6.9760,0.0392,0.0021,0.0629,6.0898,0,12.5202,-872,1,67.3410,122.5814,39.2819,18.5938,85.5859,0.000,0.000,0.994,0.0000,0.0000,0
2026-05-05,15:14:09,19736,1,-6.9760,-0.0029,0.0029,0.0839,6.0898,0,12.5202,-872,1,73.2959,139.9520,40.9212,36.8748,98.3830,0.000,0.000,0.991,0.0000,0.0000,0
2026-05-05,15:14:09,19772,1,-6.9760,-0.0059,0.0027,0.0791,6.0898,0,12.5202,-872,1,77.3804,66.9056,43.4280,60.2431,108.5137,0.000,0.000,0.988,0.0000,0.0000,0
2026-05-05,15:14:10,19808,1,-6.9760,-0.0070,0.0039,0.1151,6.0900,0,12.5202,-872,1,76.8246,-87.2451,46.3262,76.4507,117.3391,0.000,0.000,0.985,0.0000,0.0000,0
2026-05-05,15:14:10,19843,1,-6.9760,0.0011,0.0057,0.1680,6.0900,0,12.5202,-872,1,68.0955,-308.6727,48.8682,78.5571,125.1232,0.000,0.000,0.982,0.0000,0.0000,0
2026-05-05,15:14:10,19882,1,-6.9760,0.0089,0.0039,0.1159,6.0900,0,12.5202,-872,1,54.0038,-427.5968,48.7561,58.3494,128.8877,0.000,0.000,0.979,0.0000,0.0000,0
2026-05-05,15:14:10,19917,1,-6.9760,-0.0763,0.0134,0.3945,6.0903,0,12.5202,-872,1,33.6248,-595.1529,48.8505,24.5323,134.6892,0.000,0.000,0.985,0.0000,0.0000,0
2026-05-05,15:14:10,19953,1,-6.9760,-0.5041,0.0623,1.8312,6.0923,0,12.5202,-872,1,5.8203,-778.3682,46.2867,-32.9534,125.9279,0.048,0.000,1.000,0.0000,0.0000,0
2026-05-05,15:14:10,19988,1,-6.9760,-0.1563,0.0486,1.4291,6.0954,0,12.5202,-872,1,1.2148,-26.4960,45.7557,-15.8195,104.9868,0.112,0.000,0.997,0.0000,0.0000,0
2026-05-05,15:14:10,20023,1,-6.9760,0.0567,0.0152,0.4471,6.0955,0,12.5202,-872,1,22.9860,649.4612,46.6775,6.9376,92.8691,0.080,0.000,1.000,0.0000,0.0000,0
2026-05-05,15:14:10,20058,1,-6.9760,-0.2749,0.0349,1.0266,6.0964,0,12.5202,-872,1,40.4449,423.2727,46.8248,-1.7074,103.1657,0.048,0.000,1.000,0.0000,0.0000,0
2026-05-05,15:14:10,20093,1,-6.9760,-0.3066,0.0402,1.1824,6.0994,0,12.5202,-872,1,41.8151,-1.1108,45.4828,-30.0504,112.6479,0.016,0.000,1.000,0.0000,0.0000,0
2026-05-05,15:14:10,20129,1,-6.9840,-0.3481,0.0295,0.8690,6.1019,0,12.5202,-873,1,38.1088,-83.1311,44.3444,-31.8405,121.5097,0.000,0.000,1.000,0.0000,0.0000,0
2026-05-05,15:14:10,20164,1,-6.9840,-0.2014,0.0362,1.0632,6.1031,0,12.5202,-873,1,36.7577,-28.8641,43.3309,-30.4490,128.4806,0.000,0.000,1.000,0.0000,0.0000,0
2026-05-05,15:14:10,20199,1,-6.9840,-0.3474,0.0198,0.5824,6.1052,0,12.5202,-873,1,38.2739,80.3377,42.6234,-23.0475,134.8560,0.000,0.000,1.000,0.0000,0.0000,0
2026-05-05,15:14:10,20235,1,-6.9760,-0.0321,0.0178,0.5225,6.1064,0,12.5202,-872,1,42.9596,135.8698,42.4865,-10.8464,139.7380,0.000,0.000,1.000,0.0000,0.0000,0
2026-05-05,15:14:10,20271,1,-6.9760,-0.2974,0.0331,0.9726,6.1080,0,12.5202,-872,1,46.1888,86.1742,42.2316,-10.1913,144.0244,0.000,0.000,1.000,0.0000,0.0000,0
2026-05-05,15:14:10,20306,1,-6.9760,-0.6104,0.0447,1.3157,6.1113,0,12.5202,-872,1,46.1479,-8.7726,41.1550,-26.6146,145.4497,0.000,0.000,1.000,0.0000,0.0000,0
2026-05-05,15:14:10,20342,1,-6.9760,-0.9672,0.0849,2.4960,6.1179,0,12.5202,-872,1,44.4273,-35.8336,38.3085,-60.7233,144.6281,0.000,0.000,1.000,0.0000,0.0000,0
2026-05-05,15:14:10,20378,1,-6.9760,-1.0053,0.0798,2.3479,6.1251,0,12.5202,-872,1,46.1462,68.5736,36.5297,-45.6230,102.0261,0.000,0.000,1.000,0.0000,0.0000,0
2026-05-05,15:14:10,20414,1,-6.9760,-1.2322,0.0804,2.3652,6.1340,0,12.5202,-872,1,49.0910,82.0868,37.3858,3.0488,81.8803,0.000,0.000,1.000,0.0000,0.0000,0
2026-05-05,15:14:10,20450,1,-6.9760,-1.3404,0.0432,1.2698,6.1431,0,12.5202,-872,1,50.7171,40.5022,38.2471,17.1823,94.8155,0.000,0.000,1.000,0.0000,0.0000,0
2026-05-05,15:14:10,20485,1,-6.9760,-1.2192,0.0451,1.3258,6.1526,0,12.5202,-872,1,50.8142,6.2349,38.7704,16.5573,105.9578,0.000,0.000,1.000,0.0000,0.0000,0
2026-05-05,15:14:10,20521,1,-6.9760,-1.2121,0.0679,1.9963,6.1625,0,12.5202,-872,1,51.2854,21.0234,39.0710,12.2509,115.6855,0.000,0.000,1.000,0.0000,0.0000,0
2026-05-05,15:14:10,20557,1,-6.9760,-1.2287,0.0401,1.1806,6.1713,0,12.5202,-872,1,52.0848,22.4790,39.2596,8.0793,123.9057,0.000,0.000,1.000,0.0000,0.0000,0
2026-05-05,15:14:10,20593,1,-6.9760,-1.1532,0.0504,1.4815,6.1806,0,12.5202,-872,1,52.5876,14.7260,39.4765,7.4446,130.8209,0.000,0.000,1.000,0.0000,0.0000,0
2026-05-05,15:14:10,20630,1,-6.9760,-0.7225,0.0638,1.8769,6.1881,0,12.5202,-872,1,53.0738,11.8601,39.6403,5.4992,136.7519,0.000,0.000,1.000,0.0000,0.0000,0
2026-05-05,15:14:10,20665,1,-6.9760,-0.7667,0.0518,1.5221,6.1933,0,12.5202,-872,1,53.4482,14.0779,39.7457,4.0739,142.0017,0.000,0.000,1.000,0.0000,0.0000,0
2026-05-05,15:14:10,20701,1,-6.9760,-0.5676,0.0136,0.4006,6.1987,0,12.5202,-872,1,54.4103,28.3953,39.9572,5.7229,146.2109,0.000,0.000,1.000,0.0000,0.0000,0
2026-05-05,15:14:10,20737,1,-6.9760,-0.0909,0.0283,0.8334,6.1999,0,12.5202,-872,1,54.5518,-5.9343,40.0247,2.9297,149.4507,0.000,0.000,1.000,0.0000,0.0000,0
2026-05-05,15:14:10,20773,1,-6.9760,-0.4492,0.0441,1.2956,6.2027,0,12.5202,-872,1,53.4565,-30.3642,39.8181,-2.0188,151.5195,0.000,0.000,1.000,0.0000,0.0000,0
2026-05-05,15:14:11,20814,1,-6.9760,-0.8740,0.0857,2.5195,6.2087,0,12.5202,-872,1,51.9464,-37.1507,38.1861,-17.5612,149.9123,0.048,0.000,1.000,0.0000,0.0000,0
2026-05-05,15:14:11,20849,1,-6.9760,-0.8462,0.0909,2.6735,6.2155,0,12.5202,-872,1,51.4927,3.8377,36.4789,-33.6587,129.6701,0.112,0.000,1.000,0.0000,0.0000,0
2026-05-05,15:14:11,20884,1,-6.9760,-1.0691,0.0896,2.6358,6.2228,0,12.5202,-872,1,53.0840,42.4041,36.7570,-0.7978,85.0730,0.104,0.000,1.000,0.0000,0.0000,0
2026-05-05,15:14:11,20919,1,-6.9760,-0.9955,0.0441,1.2975,6.2307,0,12.5202,-872,1,54.3194,27.4623,37.8263,19.7809,97.5685,0.072,0.000,1.000,0.0000,0.0000,0
2026-05-05,15:14:11,20955,1,-6.9760,-1.0810,0.0558,1.6423,6.2393,0,12.5202,-872,1,54.4417,1.6529,38.3006,15.0829,108.4512,0.040,0.000,1.000,0.0000,0.0000,0
2026-05-05,15:14:11,20990,1,-6.9760,-1.2705,0.0425,1.2500,6.2480,0,12.5202,-872,1,54.2442,-0.2099,38.3319,6.0415,118.1620,0.008,0.000,1.000,0.0000,0.0000,0
2026-05-05,15:14:11,21025,1,-6.9760,-1.2918,0.0519,1.5270,6.2578,0,12.5202,-872,1,54.7512,17.9944,38.3744,3.1408,126.2829,0.000,0.000,1.000,0.0000,0.0000,0
2026-05-05,15:14:11,21061,1,-6.9760,-1.1512,0.0645,1.8976,6.2674,0,12.5202,-872,1,54.7722,-2.4205,38.3279,-0.2691,132.8013,0.000,0.000,1.000,0.0000,0.0000,0
2026-05-05,15:14:11,21097,1,-6.9760,-1.0875,0.0488,1.4347,6.2760,0,12.5202,-872,1,54.3937,-9.8833,38.1208,-4.2218,138.4605,0.000,0.000,1.000,0.0000,0.0000,0
2026-05-05,15:14:11,21133,1,-6.9760,-1.5613,0.0586,1.7241,6.2868,0,12.5202,-872,1,54.3820,6.3283,38.0662,-1.8413,143.3076,0.000,0.000,1.000,0.0000,0.0000,0
2026-05-05,15:14:11,21168,1,-6.9760,-1.3585,0.0820,2.4127,6.2976,0,12.5202,-872,1,54.6731,4.8161,38.1547,1.1263,147.6455,0.000,0.000,1.000,0.0000,0.0000,0
2026-05-05,15:14:11,21203,1,-6.9760,-1.0849,0.0645,1.8976,6.3065,0,12.5202,-872,1,53.9384,-20.7522,38.1044,-0.2974,151.2602,0.000,0.000,1.000,0.0000,0.0000,0
2026-05-05,15:14:11,21238,1,-6.9760,-1.6541,0.0868,2.5518,6.3174,0,12.5202,-872,1,53.6872,1.9637,37.9988,-1.9801,154.1562,0.064,0.000,1.000,0.0000,0.0000,0
2026-05-05,15:14:11,21274,1,-6.9760,-1.8043,0.0799,2.3501,6.3300,0,12.5202,-872,1,54.2616,21.2686,37.9026,-2.3642,156.6861,0.032,0.000,1.000,0.0000,0.0000,0
2026-05-05,15:14:11,21310,1,-6.9760,-1.9350,0.0718,2.1126,6.3442,0,12.5202,-872,1,55.0609,25.8061,37.7667,-4.0979,158.9102,0.000,0.000,1.000,0.0000,0.0000,0
2026-05-05,15:14:11,21345,1,-6.9760,-2.1160,0.0636,1.8705,6.3599,0,12.5202,-872,1,55.8073,21.1696,37.5934,-4.6653,160.7361,0.000,0.000,1.000,0.0000,0.0000,0
2026-05-05,15:14:11,21381,1,-6.9760,-1.8078,0.0544,1.5989,6.3733,0,12.5202,-872,1,55.7532,-0.5413,37.2778,-8.2892,162.4188,0.000,0.000,1.000,0.0000,0.0000,0
2026-05-05,15:14:11,21416,1,-6.9760,-1.7254,0.0506,1.4883,6.3864,0,12.5202,-872,1,55.9251,9.8738,37.0157,-7.5838,163.7934,0.000,0.000,1.000,0.0000,0.0000,0
2026-05-05,15:14:11,21452,1,-6.9760,-1.7398,0.0897,2.6385,6.4000,0,12.5202,-872,1,55.4443,-14.4316,36.6598,-9.8016,165.1960,0.000,0.000,1.000,0.0000,0.0000,0
2026-05-05,15:14:11,21488,1,-6.9760,-1.9824,0.1137,3.3429,6.4155,0,12.5202,-872,1,55.8300,34.3642,36.2500,-10.5329,166.2917,0.000,0.000,1.000,0.0000,0.0000,0
2026-05-05,15:14:11,21523,1,-6.9760,-2.1825,0.1279,3.7613,6.4323,0,12.5202,-872,1,57.7148,47.2605,36.1099,-6.4111,160.9451,0.000,0.000,1.000,0.0000,0.0000,0
2026-05-05,15:14:11,21559,1,-6.9760,-2.2878,0.1089,3.2043,6.4499,0,12.5202,-872,1,58.4458,26.8616,35.9753,-4.9482,162.6744,0.000,0.000,1.000,0.0000,0.0000,0
2026-05-05,15:14:11,21595,1,-6.9760,-2.5693,0.0996,2.9282,6.4690,0,12.5202,-872,1,59.1150,24.2105,35.8797,-3.6186,163.8508,0.000,0.000,1.000,0.0000,0.0000,0
2026-05-05,15:14:11,21630,1,-6.9760,-2.7923,0.0927,2.7257,6.4890,0,12.5202,-872,1,59.9335,27.1761,35.8138,-2.6621,165.2369,0.000,0.000,1.000,0.0000,0.0000,0
2026-05-05,15:14:11,21665,1,-6.9760,-2.5972,0.0674,1.9831,6.5095,0,12.5202,-872,1,60.4629,23.4965,35.6312,-4.8913,160.6551,0.000,0.000,1.000,0.0000,0.0000,0
2026-05-05,15:14:11,21701,1,-6.9760,-2.5138,0.0991,2.9159,6.5292,0,12.5202,-872,1,60.7821,13.2068,35.3518,-7.5312,143.8510,0.000,0.000,1.000,0.0000,0.0000,0
2026-05-05,15:14:11,21740,1,-6.9760,-2.8579,0.1312,3.8585,6.5519,0,12.5202,-872,1,59.8500,0.6958,35.3340,-5.1790,126.5245,0.000,0.000,1.000,0.0000,0.0000,0
2026-05-05,15:14:11,21776,1,-6.9760,-2.9588,0.1564,4.5987,6.5747,0,12.5202,-872,1,60.9948,44.5779,35.5451,1.5058,129.0642,0.000,0.000,1.000,0.0000,0.0000,0
2026-05-05,15:14:12,21811,1,-6.9760,-2.9755,0.1397,4.1089,6.5967,0,12.5202,-872,1,61.7874,21.9179,35.7748,3.3379,136.6066,0.000,0.000,1.000,0.0000,0.0000,0
2026-05-05,15:14:12,21847,1,-6.9760,-3.2239,0.1120,3.2933,6.6204,0,12.5202,-872,1,62.4239,23.8523,35.8282,0.2976,142.6164,0.000,0.000,1.000,0.0000,0.0000,0
2026-05-05,15:14:12,21883,1,-6.9760,-3.2439,0.1118,3.2869,6.6457,0,12.5202,-872,1,63.3007,28.9384,35.8011,-1.6639,148.5143,0.000,0.000,1.000,0.0000,0.0000,0
2026-05-05,15:14:12,21918,1,-6.9760,-3.3395,0.1043,3.0665,6.6704,0,12.5202,-872,1,63.8837,29.4609,35.7321,-2.7690,147.5545,0.000,0.000,1.000,0.0000,0.0000,0
2026-05-05,15:14:12,21954,1,-6.9760,-3.0279,0.0963,2.8309,6.6954,0,12.5202,-872,1,65.3552,48.0317,35.8617,0.3382,152.7105,0.000,0.000,1.000,0.0000,0.0000,0
2026-05-05,15:14:12,21990,1,-6.9760,-3.1197,0.1307,3.8433,6.7189,0,12.5202,-872,1,65.6403,7.7680,36.0225,1.3071,150.9304,0.000,0.000,1.000,0.0000,0.0000,0
2026-05-05,15:14:12,22025,1,-6.9760,-2.8200,0.1087,3.1977,6.7399,0,12.5202,-872,1,65.5282,3.9904,36.1231,0.3346,156.7110,0.000,0.000,1.000,0.0000,0.0000,0
2026-05-05,15:14:12,22061,1,-6.9760,-3.2062,0.1210,3.5589,6.7633,0,12.5202,-872,1,66.5822,37.3787,36.1574,-1.6997,160.5809,0.000,0.000,1.000,0.0000,0.0000,0
2026-05-05,15:14:12,22097,1,-6.9760,-3.3219,0.1106,3.2539,6.7881,0,12.5202,-872,1,67.2949,23.8605,35.9365,-7.9310,163.5140,0.000,0.000,1.000,0.0000,0.0000,0
2026-05-05,15:14:12,22132,1,-6.9760,-3.3371,0.0869,2.5567,6.8134,0,12.5202,-872,1,68.3286,34.3394,35.5536,-11.5767,165.4414,0.000,0.000,1.000,0.0000,0.0000,0
2026-05-05,15:14:12,22168,1,-6.9840,-2.9524,0.0724,2.1302,6.8368,0,12.5202,-873,1,69.3875,31.5559,35.2575,-11.4611,166.6866,0.000,0.000,1.000,0.0000,0.0000,0
2026-05-05,15:14:12,22203,1,-6.9760,-2.4715,0.0714,2.0986,6.8565,0,12.5202,-872,1,69.7693,14.1987,35.1377,-7.6977,162.6706,0.000,0.000,1.000,0.0000,0.0000,0
2026-05-05,15:14:12,22239,1,-6.9760,-2.6047,0.1016,2.9894,6.8762,0,12.5202,-872,1,69.9176,3.6354,35.1699,-3.4585,159.5303,0.000,0.000,1.000,0.0000,0.0000,0
2026-05-05,15:14:12,22274,1,-6.9760,-2.9745,0.1149,3.3781,6.8980,0,12.5202,-872,1,69.6747,-4.3054,35.1520,-4.2032,163.4465,0.000,0.000,1.000,0.0000,0.0000,0
2026-05-05,15:14:12,22310,1,-6.9760,-3.0001,0.1116,3.2824,6.9212,0,12.5202,-872,1,69.7294,3.7220,34.8965,-9.3159,164.6387,0.000,0.000,1.000,0.0000,0.0000,0
2026-05-05,15:14:12,22346,1,-6.9760,-3.3369,0.1072,3.1525,6.9457,0,12.5202,-872,1,69.8916,5.6190,34.2664,-17.1221,164.8157,0.000,0.000,1.000,0.0000,0.0000,0
2026-05-05,15:14:12,22381,1,-6.9760,-3.5155,0.0907,2.6679,6.9716,0,12.5202,-872,1,70.2405,10.8391,33.5011,-21.3653,165.4407,0.000,0.000,1.000,0.0000,0.0000,0
2026-05-05,15:14:12,22417,1,-6.9760,-3.2930,0.0890,2.6181,6.9973,0,12.5202,-872,1,70.5916,10.1971,32.9340,-18.9124,166.4477,0.000,0.000,1.000,0.0000,0.0000,0
2026-05-05,15:14:12,22452,1,-6.9760,-3.1889,0.0984,2.8946,7.0218,0,12.5202,-872,1,70.7179,6.5644,32.5763,-13.9655,167.3780,0.000,0.000,1.000,0.0000,0.0000,0
2026-05-05,15:14:12,22488,1,-6.9760,-3.2268,0.0975,2.8681,7.0466,0,12.5202,-872,1,70.8083,4.1246,32.3673,-9.6298,167.7405,0.000,0.000,1.000,0.0000,0.0000,0
2026-05-05,15:14:12,22524,1,-6.9760,-3.2561,0.1049,3.0845,7.0719,0,12.5202,-872,1,70.7336,-0.7462,32.1935,-7.4838,167.7976,0.000,0.000,1.000,0.0000,0.0000,0
2026-05-05,15:14:12,22559,1,-6.9760,-2.9931,0.0761,2.2393,7.0941,0,12.5202,-872,1,71.0012,11.5645,32.0156,-6.4777,167.2183,0.000,0.000,1.000,0.0000,0.0000,0
2026-05-05,15:14:12,22595,1,-6.9760,-2.4979,0.0770,2.2647,7.1136,0,12.5202,-872,1,71.6127,14.8787,31.9050,-4.5456,167.2428,0.000,0.000,1.000,0.0000,0.0000,0
2026-05-05,15:14:12,22630,1,-6.9760,-2.3095,0.0857,2.5214,7.1306,0,12.5202,-872,1,71.6698,-2.5261,31.8427,-3.2238,167.5471,0.000,0.000,1.000,0.0000,0.0000,0
2026-05-05,15:14:12,22665,1,-6.9760,-2.4408,0.0963,2.8329,7.1483,0,12.5202,-872,1,71.6391,-1.7963,31.8546,-2.1339,167.7927,0.000,0.000,1.000,0.0000,0.0000,0
2026-05-05,15:14:12,22701,1,-6.9840,-2.5089,0.0819,2.4086,7.1677,0,12.5202,-873,1,71.3794,-8.8824,31.6533,-5.3376,167.8930,0.000,0.000,1.000,0.0000,0.0000,0
2026-05-05,15:14:12,22736,1,-6.9840,-2.6362,0.0736,2.1633,7.1878,0,12.5202,-873,1,71.5295,8.1404,31.5437,-3.7791,167.4344,0.000,0.000,1.000,0.0000,0.0000,0
2026-05-05,15:14:12,22771,1,-6.9840,-2.3805,0.0777,2.2860,7.2044,0,12.5202,-873,1,71.9823,11.2591,31.4515,-3.6489,167.3732,0.000,0.000,1.000,0.0000,0.0000,0
2026-05-05,15:14:13,22807,1,-6.9840,-2.3113,0.0795,2.3374,7.2217,0,12.5202,-873,1,71.8440,-4.1975,31.3750,-3.0994,167.3682,0.000,0.000,1.000,0.0000,0.0000,0
2026-05-05,15:14:13,22843,1,-6.9760,-2.0678,0.0522,1.5353,7.2388,0,12.5202,-872,1,71.6542,-6.1158,31.2451,-3.4816,167.9602,0.000,0.000,1.000,0.0000,0.0000,0
2026-05-05,15:14:13,22879,1,-6.9760,-1.6293,0.0707,2.0795,7.2537,0,12.5202,-872,1,71.4965,-2.8461,31.2458,-1.2625,168.3617,0.000,0.000,1.000,0.0000,0.0000,0
2026-05-05,15:14:13,22915,1,-6.9760,-1.8795,0.0706,2.0769,7.2683,0,12.5202,-872,1,71.3578,-5.6222,31.3329,1.1780,168.5072,0.000,0.000,1.000,0.0000,0.0000,0
2026-05-05,15:14:13,22950,1,-6.9760,-2.1920,0.0651,1.9142,7.2838,0,12.5202,-872,1,71.4618,1.8245,31.5264,4.2191,168.5236,0.000,0.000,1.000,0.0000,0.0000,0
2026-05-05,15:14:13,22986,1,-6.9760,-2.0138,0.0642,1.8879,7.3005,0,12.5202,-872,1,71.6499,0.4324,31.7497,5.3788,168.4999,0.000,0.000,1.000,0.0000,0.0000,0
2026-05-05,15:14:13,23021,1,-6.9760,-1.8024,0.0752,2.2130,7.3157,0,12.5202,-872,1,71.3236,-10.3894,31.7924,2.3558,168.7545,0.000,0.000,0.998,0.0000,0.0000,0
2026-05-05,15:14:13,23057,1,-6.9760,-1.9842,0.0695,2.0442,7.3308,0,12.5202,-872,1,70.9493,-11.7621,31.7253,-0.3611,168.9212,0.048,0.000,0.994,0.0000,0.0000,0
2026-05-05,15:14:13,23093,1,-6.9840,-2.2271,0.0659,1.9392,7.3481,0,12.5202,-873,1,70.9025,-2.0600,31.6886,-1.0947,168.9506,0.112,0.000,0.991,0.0000,0.0000,0
2026-05-05,15:14:13,23129,1,-6.9760,-2.3078,0.0654,1.9232,7.3657,0,12.5202,-872,1,70.9714,-3.9497,31.6436,-1.7656,168.4967,0.104,0.000,0.988,0.0000,0.0000,0
2026-05-05,15:14:13,23165,1,-6.9760,-2.4181,0.0890,2.6187,7.3838,0,12.5202,-872,1,70.4818,-15.2172,31.5543,-2.4524,168.7611,0.144,0.000,0.985,0.0000,0.0000,0
2026-05-05,15:14:13,23200,1,-6.9760,-2.5749,0.0830,2.4397,7.4023,0,12.5202,-872,1,70.0527,-11.7400,31.6122,0.4848,169.1035,0.208,0.000,0.982,0.0000,0.0000,0
2026-05-05,15:14:13,23235,1,-6.9760,-2.3574,0.0858,2.5235,7.4212,0,12.5202,-872,1,70.2692,1.2940,31.8959,5.9797,169.0288,0.272,0.000,0.978,0.0000,0.0000,0
2026-05-05,15:14:13,23270,1,-6.9760,-2.3443,0.0701,2.0617,7.4383,0,12.5202,-872,1,70.2541,-7.5309,32.1733,7.2419,168.8278,0.240,0.000,0.975,0.0000,0.0000,0
2026-05-05,15:14:13,23305,1,-6.9760,-2.4343,0.0630,1.8515,7.4568,0,12.5202,-872,1,69.4928,-28.0669,32.3752,6.4744,168.6629,0.304,0.000,0.972,0.0000,0.0000,0
2026-05-05,15:14:13,23341,1,-6.9760,-2.2703,0.0966,2.8410,7.4739,0,12.5202,-872,1,68.8921,-21.1794,32.5424,5.7850,168.6491,0.368,0.000,0.969,0.0000,0.0000,0
2026-05-05,15:14:13,23376,1,-6.9760,-2.5163,0.0964,2.8357,7.4920,0,12.5202,-872,1,68.1636,-25.2639,32.7400,6.1155,168.3269,0.432,0.000,0.992,0.0000,0.0000,0
2026-05-05,15:14:13,23411,1,-6.9760,-2.8365,0.1012,2.9755,7.5116,0,12.5202,-872,1,67.6990,-12.7320,32.9264,5.8757,168.6433,0.496,0.000,1.000,0.0000,0.0000,0
2026-05-05,15:14:13,23446,1,-6.9760,-3.1218,0.1174,3.4528,7.5339,0,12.5202,-872,1,67.5989,-5.0120,33.1481,6.5450,168.7648,0.560,0.000,1.000,0.0000,0.0000,0
2026-05-05,15:14:13,23481,1,-6.9760,-3.2154,0.1241,3.6502,7.5581,0,12.5202,-872,1,67.2882,-13.4735,33.4613,8.3631,169.0352,0.624,0.000,1.000,0.0000,0.0000,0
2026-05-05,15:14:13,23518,1,-6.9840,-3.3753,0.1062,3.1225,7.5839,0,12.5202,-873,1,67.0771,-9.3887,33.7341,7.9925,169.4170,0.688,0.000,1.000,0.0000,0.0000,0
2026-05-05,15:14:13,23553,1,-6.9840,-3.3511,0.0854,2.5123,7.6098,0,12.5202,-873,1,67.1167,-10.0509,33.9526,6.2400,169.8385,0.752,0.000,1.000,0.0000,0.0000,0
2026-05-05,15:14:13,23593,1,-6.9760,-3.0551,0.0877,2.5797,7.6360,0,12.5202,-872,1,66.9260,-7.1850,34.1108,4.5455,170.1043,0.800,0.000,1.000,0.0000,0.0000,0
2026-05-05,15:14:13,23628,1,-6.9760,-3.2583,0.0996,2.9294,7.6597,0,12.5202,-872,1,67.0290,0.6035,34.0680,0.0790,169.5648,0.792,0.000,1.000,0.0000,0.0000,0
2026-05-05,15:14:13,23663,1,-6.9760,-3.4533,0.1069,3.1449,7.6856,0,12.5202,-872,1,66.7387,-13.4312,33.8977,-3.5390,169.2594,0.760,0.000,1.000,0.0000,0.0000,0
2026-05-05,15:14:13,23699,1,-6.9760,-3.6933,0.1253,3.6845,7.7134,0,12.5202,-872,1,66.0032,-27.0691,33.7887,-3.1400,169.1571,0.824,0.000,1.000,0.0000,0.0000,0
2026-05-05,15:14:13,23735,1,-6.9760,-3.7210,0.0945,2.7797,7.7419,0,12.5202,-872,1,65.4104,-20.9894,33.9136,1.6049,169.1532,0.888,0.000,1.000,0.0000,0.0000,0
2026-05-05,15:14:13,23771,1,-6.9760,-3.4956,0.0921,2.7079,7.7683,0,12.5202,-872,1,64.8901,-18.0116,34.0598,3.1271,169.4711,0.952,0.000,1.000,0.0000,0.0000,0
2026-05-05,15:14:14,23807,1,-6.9760,-3.3724,0.0934,2.7456,7.7943,0,12.5202,-872,1,64.8868,-1.1530,34.1320,2.6411,169.3889,1.000,0.000,1.000,0.0000,0.0000,0
2026-05-05,15:14:14,23842,1,-6.9760,-3.5106,0.0991,2.9150,7.8201,0,12.5202,-872,1,64.9861,-0.1511,34.2076,1.9380,169.1569,0.992,0.000,1.000,0.0000,0.0000,0
2026-05-05,15:14:14,23878,1,-6.9760,-3.8939,0.1236,3.6342,7.8488,0,12.5202,-872,1,64.9352,-1.6791,34.1831,-0.3299,169.4106,0.960,0.000,1.000,0.0000,0.0000,0
2026-05-05,15:14:14,23914,1,-6.9760,-4.0224,0.1417,4.1669,7.8787,0,12.5202,-872,1,64.5075,-15.7037,34.2394,0.4626,169.5093,0.976,0.000,1.000,0.0000,0.0000,0
2026-05-05,15:14:14,23949,1,-6.9760,-4.0887,0.1217,3.5807,7.9096,0,12.5202,-872,1,64.0365,-18.0314,34.2906,0.6147,169.3296,1.000,0.000,1.000,0.0000,0.0000,0
2026-05-05,15:14:14,23985,1,-6.9760,-3.6998,0.1140,3.3533,7.9401,0,12.5202,-872,1,63.5466,-21.6420,34.3118,0.5409,169.4524,1.000,0.000,1.000,0.0000,0.0000,0
2026-05-05,15:14:14,24020,1,-6.9760,-3.1190,0.1026,3.0165,7.9655,0,12.5202,-872,1,62.8728,-29.0513,34.4112,1.6797,169.6178,1.000,0.000,1.000,0.0000,0.0000,0
2026-05-05,15:14:14,24055,1,-6.9760,-2.6600,0.1149,3.3795,7.9866,0,12.5202,-872,1,62.4472,-7.4773,34.3760,-0.3280,169.1525,1.000,0.000,1.000,0.0000,0.0000,0
2026-05-05,15:14:14,24090,1,-6.9760,-2.9170,0.1424,4.1875,8.0073,0,12.5202,-872,1,62.8084,20.9985,34.2089,-3.1309,167.6890,0.992,0.000,1.000,0.0000,0.0000,0
2026-05-05,15:14:14,24125,1,-6.9760,-2.9551,0.1515,4.4551,8.0298,0,12.5202,-872,1,63.7626,23.4490,34.1435,-1.9817,166.8525,0.960,0.000,1.000,0.0000,0.0000,0
2026-05-05,15:14:14,24161,1,-6.9760,-2.9467,0.1151,3.3845,8.0515,0,12.5202,-872,1,63.6535,-10.0169,34.1922,-0.2295,167.4854,0.928,0.000,1.000,0.0000,0.0000,0
2026-05-05,15:14:14,24197,1,-6.9760,-3.2522,0.0842,2.4760,8.0755,0,12.5202,-872,1,62.6134,-37.4566,34.3143,2.3297,168.3428,0.944,0.000,1.000,0.0000,0.0000,0
2026-05-05,15:14:14,24233,1,-6.9760,-2.8988,0.0673,1.9797,8.0988,0,12.5202,-872,1,61.2151,-41.8871,34.4552,3.6554,168.8165,1.000,0.000,1.000,0.0000,0.0000,0
2026-05-05,15:14:14,24268,1,-6.9760,-2.5091,0.1041,3.0612,8.1175,0,12.5202,-872,1,60.9625,3.2704,34.5925,4.2720,168.4913,1.000,0.000,1.000,0.0000,0.0000,0
2026-05-05,15:14:14,24304,1,-6.9760,-2.6795,0.1055,3.1015,8.1373,0,12.5202,-872,1,62.3674,44.5336,34.8384,6.5430,166.7387,0.984,0.000,1.000,0.0000,0.0000,0
2026-05-05,15:14:14,24340,1,-6.9760,-2.9000,0.0983,2.8906,8.1592,0,12.5202,-872,1,62.9023,12.7113,35.0730,6.9173,166.0815,0.952,0.000,1.000,0.0000,0.0000,0
2026-05-05,15:14:14,24375,1,-6.9760,-3.1933,0.1070,3.1457,8.1820,0,12.5202,-872,1,62.4179,-16.7261,35.1790,4.4069,166.7100,0.920,0.000,1.000,0.0000,0.0000,0
2026-05-05,15:14:14,24411,1,-6.9760,-3.3644,0.0998,2.9366,8.2074,0,12.5202,-872,1,61.4766,-33.6007,35.3082,4.3137,167.4443,0.936,0.000,1.000,0.0000,0.0000,0
2026-05-05,15:14:14,24447,1,-6.9760,-3.4835,0.1085,3.1912,8.2344,0,12.5202,-872,1,60.5885,-27.5142,35.3920,3.0085,167.8248,1.000,0.000,1.000,0.0000,0.0000,0
2026-05-05,15:14:14,24482,1,-6.9760,-3.6119,0.0928,2.7302,8.2611,0,12.5202,-872,1,60.2125,-11.2682,35.4270,1.8854,167.8352,1.000,0.000,1.000,0.0000,0.0000,0
2026-05-05,15:14:14,24522,1,-6.9760,-3.5064,0.1188,3.4943,8.2903,0,12.5202,-872,1,60.4870,6.5348,35.3766,0.9090,167.5984,1.000,0.000,1.000,0.0000,0.0000,0
2026-05-05,15:14:14,24557,1,-6.9760,-3.8528,0.1373,4.0379,8.3184,0,12.5202,-872,1,61.1190,19.6032,35.3339,-0.6598,167.0508,0.976,0.000,1.000,0.0000,0.0000,0
2026-05-05,15:14:14,24593,1,-6.9760,-4.0433,0.1443,4.2429,8.3486,0,12.5202,-872,1,61.2718,2.9724,35.3035,-0.3004,166.7158,0.944,0.000,1.000,0.0000,0.0000,0
2026-05-05,15:14:14,24629,1,-6.9760,-4.0231,0.1220,3.5897,8.3793,0,12.5202,-872,1,60.9894,-10.4821,35.4534,3.3328,167.0187,0.912,0.000,1.000,0.0000,0.0000,0
2026-05-05,15:14:14,24664,1,-6.9760,-3.9294,0.1038,3.0520,8.4095,0,12.5202,-872,1,60.3483,-24.5205,35.6905,5.9882,167.4742,0.952,0.000,1.000,0.0000,0.0000,0
2026-05-05,15:14:14,24699,1,-6.9760,-3.7237,0.1284,3.7755,8.4383,0,12.5202,-872,1,59.0910,-40.3055,35.6195,0.4575,167.0518,1.000,0.000,1.000,0.0000,0.0000,0
2026-05-05,15:14:14,24735,1,-6.9840,-4.0903,0.1663,4.8922,8.4681,0,12.5202,-873,1,59.3291,21.8891,35.1020,-9.0514,166.1617,1.000,0.000,1.000,0.0000,0.0000,0
2026-05-05,15:14:14,24770,1,-6.9840,-4.0599,0.1736,5.1048,8.4992,0,12.5202,-873,1,61.2803,51.4250,35.0874,-1.9455,165.6708,0.976,0.000,1.000,0.0000,0.0000,0
2026-05-05,15:14:15,24806,1,-6.9840,-4.0417,0.1290,3.7932,8.5304,0,12.5202,-873,1,61.2248,-9.7331,35.3741,5.4623,165.9918,0.944,0.000,1.000,0.0000,0.0000,0
2026-05-05,15:14:15,24841,1,-6.9760,-4.3765,0.1263,3.7145,8.5624,0,12.5202,-872,1,60.2020,-38.1031,35.6970,8.4790,166.6664,0.936,0.000,1.000,0.0000,0.0000,0
2026-05-05,15:14:15,24877,1,-6.9760,-4.5791,0.1253,3.6850,8.5959,0,12.5202,-872,1,58.6926,-39.3071,35.8482,6.0036,167.4324,1.000,0.000,1.000,0.0000,0.0000,0
2026-05-05,15:14:15,24912,1,-6.9760,-4.5220,0.1417,4.1662,8.6300,0,12.5202,-872,1,58.3948,-1.5727,35.7695,0.8255,167.2297,1.000,0.000,1.000,0.0000,0.0000,0
2026-05-05,15:14:15,24947,1,-6.9760,-4.5921,0.1339,3.9385,8.6644,0,12.5202,-872,1,59.2571,23.2560,35.8242,1.5199,166.7836,0.992,0.000,1.000,0.0000,0.0000,0
2026-05-05,15:14:15,24982,1,-6.9760,-4.2365,0.1479,4.3487,8.6977,0,12.5202,-872,1,59.9489,18.9316,35.7922,-0.5103,166.4435,0.960,0.000,1.000,0.0000,0.0000,0
2026-05-05,15:14:15,25018,1,-6.9760,-4.4360,0.1542,4.5344,8.7307,0,12.5202,-872,1,60.2575,9.0104,35.6030,-3.0193,165.6847,0.928,0.000,1.000,0.0000,0.0000,0
2026-05-05,15:14:15,25054,1,-6.9760,-4.6146,0.1507,4.4319,8.7656,0,12.5202,-872,1,60.0391,-5.8160,35.5864,-0.0212,159.2751,0.896,0.000,1.000,0.0000,0.0000,0
2026-05-05,15:14:15,25090,1,-6.9840,-4.7485,0.1374,4.0412,8.8017,0,12.5202,-873,1,59.1571,-30.4589,35.8616,5.7879,161.1049,0.888,0.000,0.999,0.0000,0.0000,0
2026-05-05,15:14:15,25126,1,-6.9760,-4.9115,0.1422,4.1819,8.8390,0,12.5202,-872,1,58.6924,-17.5583,36.0793,6.4113,162.6673,0.952,0.000,0.999,0.0000,0.0000,0
2026-05-05,15:14:15,25162,1,-6.9760,-4.7277,0.1335,3.9256,8.8759,0,12.5202,-872,1,58.7067,1.8979,36.2492,5.4783,163.4349,1.000,0.000,1.000,0.0000,0.0000,0
2026-05-05,15:14:15,25197,1,-6.9760,-4.5998,0.1222,3.5953,8.9098,0,12.5202,-872,1,59.5073,24.4913,36.2373,1.4704,163.6669,0.976,0.000,0.999,0.0000,0.0000,0
2026-05-05,15:14:15,25233,1,-6.9760,-4.4965,0.1396,4.1073,8.9444,0,12.5202,-872,1,60.1062,15.9167,36.2072,-0.1137,164.3368,0.944,0.000,0.999,0.0000,0.0000,0
2026-05-05,15:14:15,25269,1,-6.9760,-4.2856,0.1133,3.3335,8.9773,0,12.5202,-872,1,60.0797,-5.9545,36.2101,0.2927,165.0524,0.912,0.000,0.996,0.0000,0.0000,0
2026-05-05,15:14:15,25304,1,-6.9760,-3.7954,0.1114,3.2760,9.0081,0,12.5202,-872,1,59.3461,-22.4589,36.1859,-0.3444,165.5212,0.904,0.000,0.993,0.0000,0.0000,0
2026-05-05,15:14:15,25340,1,-6.9840,-3.6088,0.1144,3.3641,9.0365,0,12.5202,-873,1,59.2599,-1.1173,36.2426,1.6117,165.9264,0.968,0.000,0.999,0.0000,0.0000,0
2026-05-05,15:14:15,25375,1,-6.9840,-3.7608,0.1010,2.9715,9.0637,0,12.5202,-873,1,59.7459,15.8092,36.3441,2.9175,165.6945,0.936,0.000,1.000,0.0000,0.0000,0
2026-05-05,15:14:15,25410,1,-6.9840,-3.7633,0.1069,3.1447,9.0917,0,12.5202,-873,1,60.0595,6.6689,36.3439,0.7133,165.4835,0.904,0.000,0.997,0.0000,0.0000,0
2026-05-05,15:14:15,25451,1,-6.9840,-3.9543,0.1006,2.9598,9.1252,0,12.5202,-873,1,60.2642,0.6924,36.1037,-1.7145,165.1216,0.880,0.000,0.994,0.0000,0.0000,0
2026-05-05,15:14:15,25486,1,-6.9840,-3.2969,0.0945,2.7799,9.1507,0,12.5202,-873,1,59.8109,-12.9737,35.9639,-2.5158,165.2870,0.848,0.000,0.991,0.0000,0.0000,0
2026-05-05,15:14:15,25522,1,-6.9840,-3.4068,0.0968,2.8483,9.1771,0,12.5202,-873,1,59.8258,-0.3771,36.0831,2.6702,165.7054,0.816,0.000,0.988,0.0000,0.0000,0
2026-05-05,15:14:15,25558,1,-6.9760,-3.3330,0.0960,2.8227,9.2031,0,12.5202,-872,1,60.1324,8.5624,36.3101,5.6914,165.9582,0.784,0.000,0.985,0.0000,0.0000,0
2026-05-05,15:14:15,25593,1,-6.9760,-3.2908,0.1002,2.9456,9.2280,0,12.5202,-872,1,60.2445,5.1185,36.4603,5.3977,166.0857,0.752,0.000,0.982,0.0000,0.0000,0
2026-05-05,15:14:15,25628,1,-6.9760,-3.5222,0.1081,3.1784,9.2539,0,12.5202,-872,1,59.9900,-11.8723,36.6385,6.3601,166.2717,0.720,0.000,0.978,0.0000,0.0000,0
2026-05-05,15:14:15,25663,1,-6.9840,-3.8220,0.1120,3.2927,9.2817,0,12.5202,-873,1,59.4569,-18.7541,36.8641,6.7239,166.6191,0.736,0.000,0.975,0.0000,0.0000,0
2026-05-05,15:14:15,25698,1,-6.9840,-3.5966,0.0939,2.7629,9.3092,0,12.5202,-873,1,59.0036,-9.3533,37.0527,6.3099,167.2585,0.800,0.000,0.972,0.0000,0.0000,0
2026-05-05,15:14:15,25733,1,-6.9840,-2.7692,0.0870,2.5576,9.3335,0,12.5202,-873,1,59.5365,15.4155,37.2759,6.4651,167.4004,0.840,0.000,0.969,0.0000,0.0000,0
2026-05-05,15:14:15,25769,1,-6.9760,-2.8216,0.1174,3.4526,9.3558,0,12.5202,-872,1,59.8401,10.2091,37.3845,4.1798,167.2882,0.808,0.000,0.966,0.0000,0.0000,0
2026-05-05,15:14:16,25804,1,-6.9760,-2.9242,0.1251,3.6800,9.3763,0,12.5202,-872,1,59.6820,-9.7607,37.2378,-1.5198,166.7021,0.776,0.000,0.962,0.0000,0.0000,0
2026-05-05,15:14:16,25839,1,-6.9760,-3.2897,0.1576,4.6339,9.4002,0,12.5202,-872,1,58.8500,-21.7378,36.9172,-5.6592,166.4392,0.792,0.000,0.986,0.0000,0.0000,0
2026-05-05,15:14:16,25875,1,-6.9760,-3.1656,0.1483,4.3624,9.4247,0,12.5202,-872,1,58.8857,-5.6685,37.1128,3.0556,167.4127,0.856,0.000,1.000,0.0000,0.0000,0
2026-05-05,15:14:16,25910,1,-6.9840,-3.3937,0.1298,3.8181,9.4497,0,12.5202,-873,1,58.4599,-15.5601,37.4660,7.8376,167.9515,0.920,0.000,1.000,0.0000,0.0000,0
2026-05-05,15:14:16,25946,1,-6.9760,-3.5800,0.0843,2.4802,9.4760,0,12.5202,-872,1,57.8169,-22.8092,37.7427,8.1114,168.1254,0.984,0.000,1.000,0.0000,0.0000,0
2026-05-05,15:14:16,25981,1,-6.9760,-3.0630,0.1160,3.4103,9.5004,0,12.5202,-872,1,58.1389,17.5722,37.8392,4.6572,167.9541,1.000,0.000,1.000,0.0000,0.0000,0
2026-05-05,15:14:16,26017,1,-6.9760,-3.5940,0.1478,4.3459,9.5263,0,12.5202,-872,1,59.3161,40.4214,37.7955,1.2509,167.6050,0.968,0.000,1.000,0.0000,0.0000,0
2026-05-05,15:14:16,26053,1,-6.9760,-3.4687,0.1123,3.3016,9.5530,0,12.5202,-872,1,59.2014,-8.9593,37.8222,0.6461,168.0101,0.936,0.000,1.000,0.0000,0.0000,0
2026-05-05,15:14:16,26089,1,-6.9760,-3.8045,0.1050,3.0880,9.5813,0,12.5202,-872,1,58.1342,-29.5364,37.8692,1.4557,168.4880,0.928,0.000,1.000,0.0000,0.0000,0
2026-05-05,15:14:16,26124,1,-6.9760,-3.4130,0.1102,3.2399,9.6091,0,12.5202,-872,1,57.7891,-3.7691,37.9506,2.0092,168.3822,0.992,0.000,1.000,0.0000,0.0000,0
2026-05-05,15:14:16,26159,1,-6.9760,-3.6777,0.1172,3.4479,9.6359,0,12.5202,-872,1,58.3587,20.2200,37.9793,1.3903,167.9513,0.984,0.000,1.000,0.0000,0.0000,0
2026-05-05,15:14:16,26195,1,-6.9840,-3.9797,0.1218,3.5836,9.6660,0,12.5202,-873,1,59.0160,13.7059,37.9886,0.7448,167.9781,0.952,0.000,1.000,0.0000,0.0000,0
2026-05-05,15:14:16,26232,1,-6.9760,-4.2266,0.1213,3.5669,9.6973,0,12.5202,-872,1,58.8122,-9.5113,37.9537,-0.4429,168.5377,0.920,0.000,0.997,0.0000,0.0000,0
2026-05-05,15:14:16,26267,1,-6.9760,-4.3749,0.1149,3.3780,9.7308,0,12.5202,-872,1,58.3449,-14.5383,37.9007,-1.2343,168.8889,0.888,0.000,0.994,0.0000,0.0000,0
2026-05-05,15:14:16,26302,1,-6.9760,-4.3420,0.1141,3.3572,9.7634,0,12.5202,-872,1,58.1029,-5.9396,37.8819,-0.8353,169.0121,0.928,0.000,0.990,0.0000,0.0000,0
2026-05-05,15:14:16,26337,1,-6.9760,-4.0709,0.1283,3.7727,9.7951,0,12.5202,-872,1,58.4035,11.5333,37.8898,-0.3302,168.9460,0.920,0.000,0.987,0.0000,0.0000,0
2026-05-05,15:14:16,26375,1,-6.9840,-4.2015,0.1297,3.8155,9.8261,0,12.5202,-873,1,58.4483,6.0630,37.8827,-0.2242,168.9771,0.896,0.000,0.985,0.0000,0.0000,0
2026-05-05,15:14:16,26410,1,-6.9760,-4.3555,0.1194,3.5128,9.8607,0,12.5202,-872,1,58.1889,-9.4333,37.9091,0.3198,169.1800,0.864,0.000,0.982,0.0000,0.0000,0
2026-05-05,15:14:16,26446,1,-6.9760,-4.3307,0.1188,3.4946,9.8948,0,12.5202,-872,1,57.9900,-1.0188,38.0353,2.6718,169.3699,0.832,0.000,0.978,0.0000,0.0000,0
2026-05-05,15:14:16,26481,1,-6.9760,-4.2598,0.1184,3.4813,9.9274,0,12.5202,-872,1,58.3738,16.4681,38.1740,3.7381,169.3483,0.800,0.000,0.975,0.0000,0.0000,0
2026-05-05,15:14:16,26516,1,-6.9760,-4.5538,0.1218,3.5816,9.9605,0,12.5202,-872,1,58.8525,13.7983,38.1893,0.9096,169.3672,0.768,0.000,0.972,0.0000,0.0000,0
2026-05-05,15:14:16,26551,1,-6.9760,-4.8621,0.1370,4.0288,9.9960,0,12.5202,-872,1,58.7687,-0.8948,37.9977,-3.9139,169.3175,0.736,0.000,0.969,0.0000,0.0000,0
2026-05-05,15:14:16,26587,1,-6.9760,-5.0024,0.1428,4.2009,10.0334,0,12.5202,-872,1,58.6092,-5.1363,37.8557,-3.5958,169.6588,0.704,0.000,0.966,0.0000,0.0000,0
2026-05-05,15:14:16,26622,1,-6.9760,-5.0156,0.1237,3.6383,10.0712,0,12.5202,-872,1,58.1845,-12.1584,37.8020,-2.9323,170.1157,0.696,0.000,0.962,0.0000,0.0000,0
2026-05-05,15:14:16,26657,1,-6.9760,-4.7293,0.1241,3.6509,10.1063,0,12.5202,-872,1,58.2100,5.0709,38.0064,2.9909,165.0049,0.736,0.000,0.959,0.0000,0.0000,0
2026-05-05,15:14:16,26693,1,-6.9760,-4.2561,0.1205,3.5430,10.1387,0,12.5202,-872,1,58.7518,16.8655,38.3070,4.8357,165.6257,0.704,0.000,0.956,0.0000,0.0000,0
2026-05-05,15:14:16,26728,1,-6.9760,-4.4064,0.1169,3.4383,10.1716,0,12.5202,-872,1,58.9897,8.9800,38.0915,-4.0639,165.7358,0.672,0.000,0.953,0.0000,0.0000,0
2026-05-05,15:14:16,26764,1,-6.9760,-4.6255,0.1422,4.1827,10.2069,0,12.5202,-872,1,58.8912,-6.0261,37.6374,-10.6758,166.1793,0.640,0.000,0.950,0.0000,0.0000,0
2026-05-05,15:14:17,26800,1,-6.9840,-4.9197,0.1563,4.5965,10.2436,0,12.5202,-873,1,58.6026,-5.6044,37.2912,-10.5296,167.0770,0.608,0.000,0.946,0.0000,0.0000,0
2026-05-05,15:14:17,26836,1,-6.9760,-5.0057,0.1579,4.6435,10.2819,0,12.5202,-872,1,58.5420,-2.1092,37.2050,-5.5985,167.9121,0.576,0.000,0.943,0.0000,0.0000,0
2026-05-05,15:14:17,26872,1,-6.9760,-5.0558,0.1223,3.5970,10.3215,0,12.5202,-872,1,58.2835,-7.0499,37.2838,-1.0576,168.8426,0.544,0.000,0.940,0.0000,0.0000,0
2026-05-05,15:14:17,26908,1,-6.9760,-3.8081,0.1176,3.4589,10.3556,0,12.5202,-872,1,57.9793,-8.1841,37.3877,0.5740,169.3136,0.608,0.000,0.937,0.0000,0.0000,0
2026-05-05,15:14:17,26943,1,-6.9760,-3.7125,0.1271,3.7389,10.3845,0,12.5202,-872,1,58.7801,19.4975,37.3186,-1.8809,169.4673,0.600,0.000,0.960,0.0000,0.0000,0
2026-05-05,15:14:17,26979,1,-6.9760,-3.9903,0.1419,4.1749,10.4129,0,12.5202,-872,1,59.7324,28.6987,37.3016,-1.6320,170.1616,0.568,0.000,0.992,0.0000,0.0000,0
2026-05-05,15:14:17,27014,1,-6.9760,-4.1418,0.1651,4.8567,10.4440,0,12.5202,-872,1,59.6873,-3.2679,37.3747,-0.9498,170.4325,0.536,0.000,1.000,0.0000,0.0000,0
2026-05-05,15:14:17,27050,1,-6.9760,-4.1401,0.1560,4.5890,10.4757,0,12.5202,-872,1,59.1773,-16.4374,37.1429,-5.8120,170.1378,0.504,0.000,1.000,0.0000,0.0000,0
2026-05-05,15:14:17,27086,1,-6.9840,-4.2301,0.1173,3.4499,10.5084,0,12.5202,-873,1,58.7020,-17.4975,36.8594,-7.9940,170.3258,0.520,0.000,1.000,0.0000,0.0000,0
2026-05-05,15:14:17,27122,1,-6.9840,-4.1110,0.1081,3.1791,10.5408,0,12.5202,-873,1,58.3001,-15.4239,36.7449,-5.3563,170.6816,0.584,0.000,1.000,0.0000,0.0000,0
2026-05-05,15:14:17,27157,1,-6.9840,-3.8955,0.1079,3.1721,10.5706,0,12.5202,-873,1,58.9482,30.2579,36.7154,-2.9288,170.8823,0.624,0.000,1.000,0.0000,0.0000,0
2026-05-05,15:14:17,27192,1,-6.9840,-3.9430,0.1137,3.3448,10.6004,0,12.5202,-873,1,60.4471,43.5850,36.9494,2.6894,170.5825,0.592,0.000,1.000,0.0000,0.0000,0
2026-05-05,15:14:17,27228,1,-6.9760,-4.1301,0.1144,3.3654,10.6313,0,12.5202,-872,1,60.4865,-3.7061,36.9012,-2.5962,170.3347,0.560,0.000,1.000,0.0000,0.0000,0
2026-05-05,15:14:17,27264,1,-6.9840,-4.2769,0.1119,3.2923,10.6639,0,12.5202,-873,1,59.4154,-36.2268,36.5390,-8.8355,170.4656,0.528,0.000,1.000,0.0000,0.0000,0
2026-05-05,15:14:17,27298,1,-6.9840,-3.7729,0.1069,3.1430,10.6943,0,12.5202,-873,1,59.0030,-22.0425,36.4644,-6.7876,170.6060,0.576,0.000,1.000,0.0000,0.0000,0
2026-05-05,15:14:17,27333,1,-6.9840,-3.6510,0.1175,3.4569,10.7223,0,12.5202,-873,1,59.1082,5.8110,36.2606,-6.4786,170.8101,0.640,0.000,1.000,0.0000,0.0000,0
2026-05-05,15:14:17,27368,1,-6.9840,-3.6296,0.1000,2.9417,10.7493,0,12.5202,-873,1,60.0330,24.1512,36.2918,-2.2563,170.4352,0.608,0.000,1.000,0.0000,0.0000,0
2026-05-05,15:14:17,27403,1,-6.9760,-3.3173,0.1044,3.0699,10.7758,0,12.5202,-872,1,60.1076,0.5752,36.3044,-1.5206,170.0570,0.576,0.000,1.000,0.0000,0.0000,0
2026-05-05,15:14:17,27439,1,-6.9760,-3.0082,0.0855,2.5141,10.7999,0,12.5202,-872,1,59.8297,-9.0258,36.1297,-4.8273,169.9323,0.544,0.000,1.000,0.0000,0.0000,0
2026-05-05,15:14:17,27474,1,-6.9760,-2.5568,0.0905,2.6617,10.8212,0,12.5202,-872,1,59.9233,3.9456,35.8253,-8.4415,170.0291,0.512,0.000,1.000,0.0000,0.0000,0
2026-05-05,15:14:17,27510,1,-6.9760,-1.7076,0.0538,1.5823,10.8343,0,12.5202,-872,1,60.4500,13.2364,35.5066,-9.9598,169.6848,0.480,0.000,1.000,0.0000,0.0000,0
2026-05-05,15:14:17,27546,1,-6.9760,-1.2425,0.0683,2.0091,10.8438,0,12.5202,-872,1,60.6601,6.0346,35.1748,-11.0202,169.4561,0.448,0.000,1.000,0.0000,0.0000,0
2026-05-05,15:14:17,27582,1,-6.9760,-1.1803,0.0585,1.7206,10.8527,0,12.5202,-872,1,60.2766,-15.8600,34.9660,-8.2820,169.3655,0.416,0.000,1.000,0.0000,0.0000,0
2026-05-05,15:14:17,27618,1,-6.9760,-1.6799,0.0860,2.5284,10.8641,0,12.5202,-872,1,59.2616,-32.1675,34.9667,-3.0051,169.4709,0.456,0.000,1.000,0.0000,0.0000,0
2026-05-05,15:14:17,27653,1,-6.9760,-1.7902,0.0773,2.2729,10.8765,0,12.5202,-872,1,58.2947,-23.9326,35.1715,3.2000,169.9138,0.520,0.000,1.000,0.0000,0.0000,0
2026-05-05,15:14:17,27689,1,-6.9760,-1.9847,0.0667,1.9617,10.8908,0,12.5202,-872,1,58.2340,-1.0713,35.4724,5.9803,170.1851,0.584,0.000,1.000,0.0000,0.0000,0
2026-05-05,15:14:17,27725,1,-6.9760,-2.1416,0.0549,1.6136,10.9067,0,12.5202,-872,1,58.5957,12.2387,35.6020,3.7597,169.8939,0.624,0.000,1.000,0.0000,0.0000,0
2026-05-05,15:14:17,27760,1,-6.9760,-1.6721,0.0594,1.7463,10.9195,0,12.5202,-872,1,59.0437,7.0051,35.7593,4.0496,169.9081,0.592,0.000,1.000,0.0000,0.0000,0
2026-05-05,15:14:18,27796,1,-6.9760,-1.8301,0.0528,1.5523,10.9334,0,12.5202,-872,1,59.2711,5.6693,35.8999,3.3971,169.9778,0.560,0.000,1.000,0.0000,0.0000,0
2026-05-05,15:14:18,27832,1,-6.9760,-1.6073,0.0487,1.4337,10.9470,0,12.5202,-872,1,59.2958,-5.6229,36.0855,3.9796,170.4637,0.528,0.000,1.000,0.0000,0.0000,0
2026-05-05,15:14:18,27867,1,-6.9760,-1.5734,0.0728,2.1408,10.9599,0,12.5202,-872,1,58.7370,-14.2514,36.3878,6.6517,170.8955,0.520,0.000,1.000,0.0000,0.0000,0
2026-05-05,15:14:18,27904,1,-6.9760,-1.8587,0.0689,2.0257,10.9730,0,12.5202,-872,1,58.2599,-13.5804,36.6298,5.3905,170.8206,0.584,0.000,1.000,0.0000,0.0000,0
2026-05-05,15:14:18,27939,1,-6.9760,-1.9051,0.0967,2.8439,10.9878,0,12.5202,-872,1,57.9118,-11.0530,36.5769,-0.1736,170.7777,0.648,0.000,1.000,0.0000,0.0000,0
2026-05-05,15:14:18,27975,1,-6.9760,-2.2061,0.1182,3.4760,11.0027,0,12.5202,-872,1,57.3936,-16.5151,36.5561,-1.3455,171.2274,0.712,0.000,1.000,0.0000,0.0000,0
2026-05-05,15:14:18,28011,1,-6.9760,-2.3252,0.1326,3.8998,11.0194,0,12.5202,-872,1,56.8083,-14.2912,36.6415,-0.4140,172.1217,0.776,0.000,1.000,0.0000,0.0000,0
2026-05-05,15:14:18,28047,1,-6.9760,-2.4286,0.1249,3.6723,11.0373,0,12.5202,-872,1,56.2999,-16.3277,36.5826,-3.6806,172.1221,0.840,0.000,1.000,0.0000,0.0000,0
2026-05-05,15:14:18,28082,1,-6.9760,-2.6273,0.1210,3.5581,11.0565,0,12.5202,-872,1,56.3513,6.7439,36.2091,-9.7183,171.8956,0.904,0.000,1.000,0.0000,0.0000,0
2026-05-05,15:14:18,28117,1,-6.9760,-2.9718,0.1284,3.7758,11.0779,0,12.5202,-872,1,56.8093,13.7441,36.1990,-4.4031,172.7139,0.896,0.000,1.000,0.0000,0.0000,0
2026-05-05,15:14:18,28152,1,-6.9760,-3.1878,0.1297,3.8142,11.1008,0,12.5202,-872,1,56.9088,-2.5164,36.4555,1.3160,173.6121,0.864,0.000,1.000,0.0000,0.0000,0
2026-05-05,15:14:18,28191,1,-6.9760,-3.4656,0.1347,3.9604,11.1292,0,12.5202,-872,1,56.6917,-15.2890,37.0338,1.9419,174.3638,0.840,0.000,1.000,0.0000,0.0000,0
2026-05-05,15:14:18,28227,1,-6.9760,-3.6030,0.1204,3.5415,11.1557,0,12.5202,-872,1,56.1092,-18.7227,36.6733,-9.5259,173.8667,0.880,0.000,1.000,0.0000,0.0000,0
2026-05-05,15:14:18,28263,1,-6.9760,-3.7385,0.1016,2.9891,11.1838,0,12.5202,-872,1,55.9580,2.8024,35.9666,-19.1480,173.2997,0.944,0.000,1.000,0.0000,0.0000,0
2026-05-05,15:14:18,28299,1,-6.9760,-3.2896,0.0999,2.9377,11.2115,0,12.5202,-872,1,56.0657,4.6718,35.3235,-20.7004,173.0203,0.984,0.000,1.000,0.0000,0.0000,0
2026-05-05,15:14:18,28335,1,-6.9760,-3.5640,0.0982,2.8896,11.2384,0,12.5202,-872,1,55.9192,-7.2286,34.8206,-19.1088,173.1179,0.952,0.000,1.000,0.0000,0.0000,0
2026-05-05,15:14:18,28370,1,-6.9760,-3.4318,0.0984,2.8928,11.2651,0,12.5202,-872,1,55.8293,-3.2429,34.4664,-15.2661,173.3744,0.920,0.000,1.000,0.0000,0.0000,0
2026-05-05,15:14:18,28406,1,-6.9760,-3.0901,0.1066,3.1343,11.2901,0,12.5202,-872,1,55.3493,-16.2714,34.0400,-16.3149,173.5156,0.984,0.000,1.000,0.0000,0.0000,0
2026-05-05,15:14:18,28442,1,-6.9760,-3.1552,0.1010,2.9697,11.3141,0,12.5202,-872,1,54.7495,-23.8640,33.7767,-12.9200,173.2021,1.000,0.000,1.000,0.0000,0.0000,0
2026-05-05,15:14:18,28478,1,-6.9760,-3.4519,0.0972,2.8594,11.3397,0,12.5202,-872,1,54.2386,-17.8532,33.4544,-12.4290,172.6430,1.000,0.000,1.000,0.0000,0.0000,0
2026-05-05,15:14:18,28515,1,-6.9760,-3.2134,0.0916,2.6936,11.3642,0,12.5202,-872,1,54.1009,-6.1244,33.0591,-13.4266,172.2985,1.000,0.000,1.000,0.0000,0.0000,0
2026-05-05,15:14:18,28550,1,-6.9760,-3.3135,0.0814,2.3948,11.3898,0,12.5202,-872,1,53.8531,-6.9186,32.7428,-12.2774,172.0448,1.000,0.000,1.000,0.0000,0.0000,0
2026-05-05,15:14:18,28585,1,-6.9760,-3.0312,0.1018,2.9932,11.4127,0,12.5202,-872,1,53.5330,-13.0140,32.4716,-10.8740,171.7636,1.000,0.000,1.000,0.0000,0.0000,0
2026-05-05,15:14:18,28621,1,-6.9760,-3.0712,0.0981,2.8862,11.4368,0,12.5202,-872,1,53.0753,-16.1731,32.0587,-14.2018,171.2483,1.000,0.000,1.000,0.0000,0.0000,0
2026-05-05,15:14:18,28657,1,-6.9760,-3.3592,0.0962,2.8305,11.4616,0,12.5202,-872,1,52.7739,-8.0498,31.4633,-17.6528,170.8452,1.000,0.000,1.000,0.0000,0.0000,0
2026-05-05,15:14:18,28693,1,-6.9760,-3.2629,0.0838,2.4659,11.4864,0,12.5202,-872,1,52.6415,-2.8508,31.0663,-14.5098,170.6612,1.000,0.000,1.000,0.0000,0.0000,0
2026-05-05,15:14:18,28728,1,-6.9760,-3.0596,0.0965,2.8396,11.5098,0,12.5202,-872,1,52.3222,-7.7705,30.7779,-11.2993,170.6427,1.000,0.000,1.000,0.0000,0.0000,0
2026-05-05,15:14:18,28764,1,-6.9760,-3.2701,0.1153,3.3906,11.5344,0,12.5202,-872,1,52.0777,-7.5841,30.7198,-6.0550,170.8360,1.000,0.000,1.000,0.0000,0.0000,0
2026-05-05,15:14:19,28800,1,-6.9760,-3.2895,0.1094,3.2187,11.5602,0,12.5202,-872,1,51.4468,-18.8181,30.8449,-1.0627,171.1633,1.000,0.000,1.000,0.0000,0.0000,0
2026-05-05,15:14:19,28836,1,-6.9760,-3.5392,0.1003,2.9494,11.5865,0,12.5202,-872,1,50.8892,-17.4038,30.8160,-3.3869,170.9540,1.000,0.000,1.000,0.0000,0.0000,0
2026-05-05,15:14:19,28871,1,-6.9760,-2.8737,0.0917,2.6976,11.6110,0,12.5202,-872,1,51.4187,17.3826,30.2954,-13.0493,170.1301,0.992,0.000,1.000,0.0000,0.0000,0
2026-05-05,15:14:19,28906,1,-6.9760,-2.6154,0.1024,3.0125,11.6322,0,12.5202,-872,1,51.7187,5.7489,29.6846,-16.9958,169.6059,0.960,0.000,1.000,0.0000,0.0000,0
2026-05-05,15:14:19,28943,1,-6.9760,-2.7335,0.1122,3.2997,11.6528,0,12.5202,-872,1,51.2204,-16.0562,29.3074,-13.6682,169.9787,0.928,0.000,1.000,0.0000,0.0000,0
2026-05-05,15:14:19,28978,1,-6.9760,-2.9755,0.1239,3.6429,11.6746,0,12.5202,-872,1,50.0846,-31.9441,29.1550,-9.2334,170.9409,0.992,0.000,1.000,0.0000,0.0000,0
2026-05-05,15:14:19,29013,1,-6.9760,-2.9952,0.1060,3.1190,11.6974,0,12.5202,-872,1,49.3561,-20.8553,28.8651,-11.1983,171.0352,1.000,0.000,1.000,0.0000,0.0000,0
2026-05-05,15:14:19,29050,1,-6.9760,-3.1532,0.0906,2.6639,11.7215,0,12.5202,-872,1,49.5508,11.4640,28.1355,-19.0716,170.1846,1.000,0.000,1.000,0.0000,0.0000,0
2026-05-05,15:14:19,29088,1,-6.9760,-2.9844,0.0848,2.4932,11.7460,0,12.5202,-872,1,50.0417,11.4781,27.7819,-18.5147,169.6410,0.984,0.000,1.000,0.0000,0.0000,0
2026-05-05,15:14:19,29124,1,-6.9760,-3.2406,0.1002,2.9478,11.7696,0,12.5202,-872,1,49.8475,-10.1993,27.0563,-21.1057,169.1454,0.952,0.000,1.000,0.0000,0.0000,0
2026-05-05,15:14:19,29160,1,-6.9760,-3.3055,0.0924,2.7179,11.7953,0,12.5202,-872,1,48.9215,-29.3350,26.6593,-15.0521,169.4882,0.992,0.000,1.000,0.0000,0.0000,0
2026-05-05,15:14:19,29196,1,-6.9760,-2.8454,0.0956,2.8126,11.8192,0,12.5202,-872,1,48.6632,-8.4118,26.3962,-11.3141,169.9114,1.000,0.000,1.000,0.0000,0.0000,0
2026-05-05,15:14:19,29232,1,-6.9840,-3.2246,0.1011,2.9735,11.8425,0,12.5202,-873,1,48.8551,12.2179,26.1427,-10.5991,169.4024,0.992,0.000,1.000,0.0000,0.0000,0
2026-05-05,15:14:19,29268,1,-6.9760,-3.0979,0.0891,2.6208,11.8670,0,12.5202,-872,1,48.6684,-3.5291,25.6280,-14.5247,168.7280,0.960,0.000,1.000,0.0000,0.0000,0
2026-05-05,15:14:19,29304,1,-6.9760,-2.9996,0.0871,2.5612,11.8907,0,12.5202,-872,1,48.5148,-4.1607,25.1067,-15.8052,168.5916,0.928,0.000,1.000,0.0000,0.0000,0
2026-05-05,15:14:19,29340,1,-6.9760,-2.6872,0.0717,2.1101,11.9114,0,12.5202,-872,1,48.6634,4.2630,24.6071,-15.4632,168.5459,0.896,0.000,1.000,0.0000,0.0000,0
2026-05-05,15:14:19,29375,1,-6.9760,-2.5649,0.0792,2.3293,11.9311,0,12.5202,-872,1,48.8163,6.5538,24.3627,-10.2545,168.3776,0.864,0.000,1.000,0.0000,0.0000,0
2026-05-05,15:14:19,29410,1,-6.9760,-2.8072,0.1034,3.0406,11.9516,0,12.5202,-872,1,48.7443,-4.6140,24.2842,-4.8057,168.0527,0.832,0.000,1.000,0.0000,0.0000,0
2026-05-05,15:14:19,29446,1,-6.9760,-2.8415,0.1047,3.0779,11.9727,0,12.5202,-872,1,47.9518,-21.4475,24.2783,-1.5014,168.1221,0.848,0.000,1.000,0.0000,0.0000,0
2026-05-05,15:14:19,29482,1,-6.9760,-3.1110,0.1132,3.3298,11.9960,0,12.5202,-872,1,47.8238,4.1209,24.2429,-0.9443,168.1427,0.912,0.000,1.000,0.0000,0.0000,0
2026-05-05,15:14:19,29517,1,-6.9760,-3.1410,0.0809,2.3798,12.0193,0,12.5202,-872,1,48.1040,10.3448,24.0367,-5.0944,168.0204,0.904,0.000,1.000,0.0000,0.0000,0
2026-05-05,15:14:19,29553,1,-6.9760,-2.8886,0.0823,2.4197,12.0423,0,12.5202,-872,1,48.5755,15.6644,23.8625,-5.3664,167.7334,0.872,0.000,1.000,0.0000,0.0000,0
2026-05-05,15:14:19,29588,1,-6.9760,-2.3463,0.0809,2.3782,12.0628,0,12.5202,-872,1,49.0819,14.0867,23.6718,-5.4165,167.4898,0.840,0.000,1.000,0.0000,0.0000,0
2026-05-05,15:14:19,29623,1,-6.9760,-2.6345,0.0735,2.1630,12.0816,0,12.5202,-872,1,49.0834,-0.2612,23.4523,-6.5443,167.3928,0.808,0.000,1.000,0.0000,0.0000,0
2026-05-05,15:14:19,29659,1,-6.9760,-2.9351,0.1116,3.2824,12.1027,0,12.5202,-872,1,49.1790,2.1025,23.2081,-7.0070,167.0285,0.776,0.000,1.000,0.0000,0.0000,0
2026-05-05,15:14:19,29694,1,-6.9760,-3.0395,0.1325,3.8961,12.1253,0,12.5202,-872,1,48.7102,-6.0782,22.9191,-7.0197,166.8032,0.744,0.000,1.000,0.0000,0.0000,0
2026-05-05,15:14:19,29730,1,-6.9760,-3.2634,0.1378,4.0516,12.1494,0,12.5202,-872,1,48.6933,5.1626,22.6662,-6.7617,166.4467,0.712,0.000,1.000,0.0000,0.0000,0
2026-05-05,15:14:19,29766,1,-6.9760,-3.2170,0.1101,3.2372,12.1740,0,12.5202,-872,1,48.8519,7.7637,22.5920,-2.7686,166.4076,0.680,0.000,1.000,0.0000,0.0000,0
2026-05-05,15:14:20,29801,1,-6.9760,-3.2354,0.0948,2.7870,12.1989,0,12.5202,-872,1,49.6723,27.0021,22.6458,0.4070,166.4492,0.648,0.000,1.000,0.0000,0.0000,0
2026-05-05,15:14:20,29837,1,-6.9760,-2.9592,0.0948,2.7871,12.2205,0,12.5202,-872,1,50.3592,16.3249,22.7006,2.2510,165.6733,0.616,0.000,1.000,0.0000,0.0000,0
2026-05-05,15:14:20,29873,1,-6.9760,-3.4688,0.1479,4.3505,12.2462,0,12.5202,-872,1,50.1397,-3.5860,22.6805,1.5853,164.4708,0.584,0.000,1.000,0.0000,0.0000,0
2026-05-05,15:14:20,29908,1,-6.9760,-3.4694,0.1590,4.6758,12.2723,0,12.5202,-872,1,49.5068,-11.4166,22.4145,-2.6468,164.2278,0.552,0.000,1.000,0.0000,0.0000,0
2026-05-05,15:14:20,29944,1,-6.9760,-3.3504,0.1107,3.2553,12.2981,0,12.5202,-872,1,49.3427,-6.9912,22.6025,3.4563,165.2913,0.520,0.000,1.000,0.0000,0.0000,0
2026-05-05,15:14:20,29983,1,-6.9840,-3.3809,0.0998,2.9351,12.3276,0,12.5202,-873,1,50.1818,14.5444,22.5447,2.9140,165.3887,0.496,0.000,1.000,0.0000,0.0000,0
2026-05-05,15:14:20,30019,1,-6.9840,-3.3156,0.1020,3.0001,12.3518,0,12.5202,-873,1,51.0270,18.4054,22.8619,8.4441,164.8227,0.464,0.000,1.000,0.0000,0.0000,0
2026-05-05,15:14:20,30055,1,-6.9840,-3.7164,0.1221,3.5900,12.3795,0,12.5202,-873,1,51.2504,5.3747,23.1842,9.0643,163.3853,0.432,0.000,1.000,0.0000,0.0000,0
2026-05-05,15:14:20,30091,1,-6.9760,-3.8828,0.1209,3.5559,12.4088,0,12.5202,-872,1,50.9548,-12.1042,23.0869,2.9517,163.1504,0.400,0.000,1.000,0.0000,0.0000,0
2026-05-05,15:14:20,30127,1,-6.9760,-4.0601,0.1140,3.3522,12.4394,0,12.5202,-872,1,50.8544,-2.5069,23.0312,2.8221,164.5155,0.368,0.000,1.000,0.0000,0.0000,0
2026-05-05,15:14:20,30163,1,-6.9760,-3.4724,0.1115,3.2798,12.4686,0,12.5202,-872,1,51.1002,13.9638,23.6511,14.7030,165.6136,0.336,0.000,1.000,0.0000,0.0000,0
2026-05-05,15:14:20,30198,1,-6.9760,-3.0754,0.0923,2.7143,12.4933,0,12.5202,-872,1,51.7679,20.6039,24.3322,18.5824,164.8122,0.304,0.000,1.000,0.0000,0.0000,0
2026-05-05,15:14:20,30234,1,-6.9760,-3.1946,0.1039,3.0550,12.5175,0,12.5202,-872,1,52.5139,18.8264,24.6990,14.1191,163.9765,0.272,0.000,1.000,0.0000,0.0000,0
2026-05-05,15:14:20,30270,1,-6.9760,-3.1496,0.1073,3.1568,12.5403,0,12.5202,-872,1,52.4131,-5.6626,24.6948,5.4330,163.9948,0.240,0.000,1.000,0.0000,0.0000,0
2026-05-05,15:14:20,30306,1,-6.9760,-3.3884,0.1301,3.8254,12.5661,0,12.5202,-872,1,51.9066,-14.2785,24.7302,4.9917,164.6359,0.208,0.000,1.000,0.0000,0.0000,0
2026-05-05,15:14:20,30342,1,-6.9760,-3.6019,0.1420,4.1758,12.5934,0,12.5202,-872,1,51.7531,-9.5614,25.2489,13.3084,165.2156,0.176,0.000,1.000,0.0000,0.0000,0
2026-05-05,15:14:20,30378,1,-6.9840,-3.6088,0.1033,3.0374,12.6206,0,12.5202,-873,1,52.1601,8.6524,25.8576,17.2824,165.6151,0.144,0.000,1.000,0.0000,0.0000,0
2026-05-05,15:14:20,30413,1,-6.9840,-3.6837,0.0962,2.8291,12.6483,0,12.5202,-873,1,52.9598,28.1356,26.3029,14.9936,165.5984,0.112,0.000,1.000,0.0000,0.0000,0
2026-05-05,15:14:20,30448,1,-6.9840,-3.1598,0.0912,2.6837,12.6747,0,12.5202,-873,1,53.4986,15.6578,26.6498,12.8923,165.6621,0.080,0.000,1.000,0.0000,0.0000,0
2026-05-05,15:14:20,30484,1,-6.9840,-3.1082,0.1044,3.0710,12.6992,0,12.5202,-873,1,53.6199,3.6917,26.9648,10.9951,165.5250,0.048,0.000,1.000,0.0000,0.0000,0
2026-05-05,15:14:20,30520,1,-6.9840,-3.3832,0.1153,3.3921,12.7242,0,12.5202,-873,1,53.3989,-6.8291,26.7891,0.6251,165.3535,0.016,0.000,1.000,0.0000,0.0000,0
2026-05-05,15:14:20,30556,1,-6.9760,-3.6446,0.1331,3.9148,12.7517,0,12.5202,-872,1,52.8178,-15.7414,26.4340,-5.9354,165.4778,0.000,0.000,1.000,0.0000,0.0000,0
2026-05-05,15:14:20,30592,1,-6.9760,-3.8564,0.1400,4.1171,12.7809,0,12.5202,-872,1,53.2207,24.8601,26.2566,-4.1199,165.4234,0.000,0.000,1.000,0.0000,0.0000,0
2026-05-05,15:14:20,30627,1,-6.9760,-3.9583,0.1293,3.8042,12.8102,0,12.5202,-872,1,53.4148,11.3578,26.2051,-2.1611,165.4870,0.000,0.000,1.000,0.0000,0.0000,0
2026-05-05,15:14:20,30663,1,-5.8320,-4.1237,0.1013,2.9807,12.8416,0,12.5202,-729,1,53.6425,11.8497,26.4119,4.2453,165.9139,0.000,0.000,1.000,0.0000,0.0000,0
2026-05-05,15:14:20,30699,1,-5.8320,-3.8105,0.1166,3.4304,12.8711,0,12.5202,-729,1,53.9433,5.3384,26.6847,7.2489,165.7677,0.000,0.000,1.000,0.0000,0.0000,0
2026-05-05,15:14:20,30735,1,-5.8320,-4.1074,0.1158,3.4058,12.9019,0,12.5202,-729,1,54.2169,5.2499,26.8436,5.8660,165.3932,0.000,0.000,1.000,0.0000,0.0000,0
2026-05-05,15:14:20,30771,1,0.0000,-4.1678,0.1238,3.6412,12.9344,0,12.5202,0,1,54.3173,3.6912,26.8032,2.0768,164.9820,0.000,0.000,1.000,0.0000,0.0000,0
2026-05-05,15:14:21,30806,1,0.0000,0.1152,0.2046,6.0164,12.9401,0,12.5202,0,1,53.5824,-6.1554,26.6643,0.2428,164.8291,0.000,0.000,1.000,0.0000,0.0000,0
2026-05-05,15:14:21,30841,1,0.0000,-0.0603,0.2139,6.2903,12.9402,0,12.5202,0,1,55.0626,31.3398,27.3266,14.5810,164.8936,0.000,0.000,1.000,0.0000,0.0000,0
2026-05-05,15:14:21,30877,1,0.0000,0.0891,0.1972,5.7996,12.9397,0,12.5202,0,1,54.7683,-5.1084,27.7309,13.1658,165.3399,0.000,0.000,1.000,0.0000,0.0000,0
2026-05-05,15:14:21,30916,1,0.0000,0.0123,0.1932,5.6833,12.9393,0,12.5202,0,1,54.9321,5.8560,27.6254,8.7101,165.4256,0.000,0.000,1.000,0.0000,0.0000,0
2026-05-05,15:14:21,30951,1,0.0000,0.1206,0.1762,5.1834,12.9387,0,12.5202,0,1,55.4128,14.8150,27.9474,9.6907,165.7757,0.000,0.000,1.000,0.0000,0.0000,0
2026-05-05,15:14:21,30987,1,0.0000,0.0333,0.1791,5.2679,12.9386,0,12.5202,0,1,55.8635,17.1738,27.8870,1.6209,164.9889,0.000,0.000,1.000,0.0000,0.0000,0
2026-05-05,15:14:21,31022,1,0.0000,-0.0190,0.1827,5.3740,12.9386,0,12.5202,0,1,56.4204,14.6434,27.6728,-3.5187,164.6137,0.000,0.000,1.000,0.0000,0.0000,0
2026-05-05,15:14:21,31057,1,0.0000,-0.0416,0.1853,5.4503,12.9387,0,12.5202,0,1,56.0406,-8.8795,27.3239,-7.8852,165.0772,0.000,0.000,1.000,0.0000,0.0000,0
,,31092,1,0.0000,-0.0005,0.1868,5.4941,12.9389,0,12.5202,0,1,56.0864,6.9958,27.1230,-6.2057,165.9397,0.000,0.000,1.000,0.0000,0.0000,0
2026-05-05,15:14:21,31128,1,0.0000,0.0068,0.1874,5.5128,12.9389,0,12.5202,0,1,56.6093,17.6798,27.0296,-3.8984,166.2041,0.000,0.000,1.000,0.0000,0.0000,0
2026-05-05,15:14:21,31164,1,0.0000,-0.0001,0.1862,5.4756,12.9389,0,12.5202,0,1,57.1910,20.8825,26.9646,-2.7763,165.9066,0.000,0.000,1.000,0.0000,0.0000,0
2026-05-05,15:14:21,31199,1,0.0000,0.0034,0.1862,5.4771,12.9389,0,12.5202,0,1,57.5594,12.4857,26.7671,-4.8909,166.0354,0.000,0.000,1.000,0.0000,0.0000,0
2026-05-05,15:14:21,31234,1,0.0000,-0.0008,0.1849,5.4384,12.9387,0,12.5202,0,1,57.8477,8.8318,26.6099,-4.7820,166.7113,0.000,0.000,1.000,0.0000,0.0000,0
2026-05-05,15:14:21,31270,1,0.0000,-0.0057,0.1798,5.2879,12.9385,0,12.5202,0,1,58.1812,10.8221,26.4678,-4.7459,166.9026,0.000,0.000,1.000,0.0000,0.0000,0
2026-05-05,15:14:21,31305,1,0.0000,-0.0176,0.1817,5.3442,12.9385,0,12.5202,0,1,58.2456,4.6850,26.2390,-6.3360,166.5691,0.000,0.000,1.000,0.0000,0.0000,0
2026-05-05,15:14:21,31340,1,0.0000,-0.0264,0.1880,5.5299,12.9389,0,12.5202,0,1,58.5248,15.6415,26.0208,-6.1458,166.6092,0.000,0.000,1.000,0.0000,0.0000,0
2026-05-05,15:14:21,31376,1,0.0000,0.1147,0.1737,5.1096,12.9384,0,12.5202,0,1,58.5750,-2.2812,25.9179,-4.6108,167.1020,0.000,0.000,1.000,0.0000,0.0000,0
2026-05-05,15:14:21,31411,1,0.0000,0.2513,0.1428,4.2001,12.9372,0,12.5202,0,0,58.8441,11.5734,25.6823,-6.6565,167.6955,0.000,0.000,1.000,0.0000,0.0000,0
2026-05-05,15:14:21,31446,1,0.0000,-0.0262,0.1383,4.0671,12.9363,0,12.5202,0,0,60.0322,38.3662,25.4801,-6.4751,167.3145,0.000,0.000,1.000,0.0000,0.0000,0
2026-05-05,15:14:21,31482,1,0.0000,-0.0725,0.1497,4.4035,12.9366,0,12.5202,0,0,60.8272,19.0507,25.3953,-4.4910,166.9706,0.000,0.000,1.000,0.0000,0.0000,0
2026-05-05,15:14:21,31517,1,0.0000,-0.0166,0.1493,4.3910,12.9369,0,12.5202,0,0,60.2886,-17.9825,25.2904,-4.1165,167.5268,0.000,0.000,1.000,0.0000,0.0000,0
2026-05-05,15:14:21,31552,1,0.0000,0.0259,0.1457,4.2863,12.9368,0,12.5202,0,0,60.0102,-0.0647,25.1117,-5.0170,168.2342,0.000,0.000,1.000,0.0000,0.0000,0
2026-05-05,15:14:21,31587,1,0.0000,0.0226,0.1401,4.1218,12.9365,0,12.5202,0,0,60.4919,18.8414,24.9904,-4.5485,168.1983,0.000,0.000,1.000,0.0000,0.0000,0
2026-05-05,15:14:21,31622,1,0.0000,0.0233,0.1356,3.9896,12.9362,0,12.5202,0,0,61.5364,33.7913,24.8868,-3.9264,167.3633,0.000,0.000,1.000,0.0000,0.0000,0
2026-05-05,15:14:21,31657,1,0.0000,0.0524,0.1276,3.7535,12.9358,0,12.5202,0,0,62.2809,20.0302,24.7341,-4.5121,166.9932,0.000,0.000,1.000,0.0000,0.0000,0
2026-05-05,15:14:21,31692,1,0.0000,0.1082,0.1107,3.2562,12.9351,0,12.5202,0,0,62.4614,2.4939,24.6821,-2.7567,167.4300,0.000,0.000,1.000,0.0000,0.0000,0
2026-05-05,15:14:21,31727,1,0.0000,0.0010,0.1107,3.2546,12.9348,0,12.5202,0,0,62.3784,0.6000,24.7434,0.2428,167.8055,0.000,0.000,1.000,0.0000,0.0000,0
2026-05-05,15:14:21,31762,1,0.0000,-0.0276,0.1164,3.4225,12.9351,0,12.5202,0,0,62.3959,-0.3275,24.8012,0.9222,167.9450,0.000,0.000,1.000,0.0000,0.0000,0
2026-05-05,15:14:22,31797,1,0.0000,-0.0393,0.1260,3.7054,12.9355,0,12.5202,0,0,62.0824,-9.3409,25.0452,5.0317,168.4671,0.000,0.000,1.000,0.0000,0.0000,0
2026-05-05,15:14:22,31836,1,0.0000,-0.0096,0.1281,3.7682,12.9357,0,12.5202,0,0,61.9368,-1.8346,25.2859,4.6898,169.0654,0.000,0.000,1.000,0.0000,0.0000,0
2026-05-05,15:14:22,31872,1,0.0000,0.0364,0.1208,3.5539,12.9355,0,12.5202,0,0,61.9931,3.6416,25.3458,2.0505,169.2732,0.000,0.000,1.000,0.0000,0.0000,0
2026-05-05,15:14:22,31907,1,0.0000,0.0261,0.1221,3.5922,12.9354,0,12.5202,0,0,62.4955,17.2636,25.3588,0.4325,168.8489,0.000,0.000,1.000,0.0000,0.0000,0
2026-05-05,15:14:22,31942,1,0.0000,-0.0007,0.1219,3.5851,12.9354,0,12.5202,0,0,62.8962,8.7009,25.2593,-2.7958,168.7176,0.000,0.000,1.000,0.0000,0.0000,0
2026-05-05,15:14:22,31977,1,0.0000,0.0057,0.1216,3.5760,12.9354,0,12.5202,0,0,62.8449,-2.7354,25.0412,-6.2828,168.8839,0.000,0.000,1.000,0.0000,0.0000,0
2026-05-05,15:14:22,32012,1,0.0000,0.0978,0.1078,3.1719,12.9349,0,12.5202,0,0,62.8267,0.0354,24.7390,-8.5821,169.0151,0.000,0.000,1.000,0.0000,0.0000,0
2026-05-05,15:14:22,32047,1,0.0000,0.1111,0.0953,2.8027,12.9343,0,12.5202,0,0,62.9991,4.4825,24.6069,-5.7667,168.7484,0.000,0.000,1.000,0.0000,0.0000,0
2026-05-05,15:14:22,32082,1,0.0000,0.0027,0.0953,2.8019,12.9340,0,12.5202,0,0,63.1774,3.2164,24.5427,-3.7584,168.4916,0.000,0.000,1.000,0.0000,0.0000,0
2026-05-05,15:14:22,32117,1,0.0000,-0.0123,0.0978,2.8774,12.9341,0,12.5202,0,0,62.9260,-7.3476,24.4008,-4.5906,168.5488,0.000,0.000,1.000,0.0000,0.0000,0
2026-05-05,15:14:22,32152,1,0.0000,-0.0555,0.1048,3.0813,12.9344,0,12.5202,0,0,62.5322,-11.8179,24.3744,-2.3938,169.1733,0.016,0.000,1.000,0.0000,0.0000,0
2026-05-05,15:14:22,32187,1,0.0000,-0.0578,0.1150,3.3835,12.9349,0,12.5202,0,0,62.1881,-10.9991,24.5439,1.9979,170.1814,0.080,0.000,1.000,0.0000,0.0000,0
2026-05-05,15:14:22,32222,1,0.0000,0.0051,0.1123,3.3021,12.9350,0,12.5202,0,0,61.8833,-8.8532,24.7055,2.1075,170.4463,0.144,0.000,0.997,0.0000,0.0000,0
2026-05-05,15:14:22,32257,1,0.0000,0.0217,0.1086,3.1953,12.9349,0,12.5202,0,0,61.8833,1.6208,24.4665,-5.4046,169.4686,0.208,0.000,0.994,0.0000,0.0000,0
2026-05-05,15:14:22,32292,1,0.0000,0.1091,0.0952,2.8000,12.9343,0,12.5202,0,0,62.5949,18.6123,24.0966,-9.6482,168.8446,0.176,0.000,0.990,0.0000,0.0000,0
2026-05-05,15:14:22,32327,1,0.0000,-0.0277,0.0994,2.9243,12.9342,0,12.5202,0,0,62.6748,-6.3317,23.7488,-10.7213,168.5809,0.144,0.000,0.987,0.0000,0.0000,0
2026-05-05,15:14:22,32362,1,0.0000,-0.0681,0.1089,3.2035,12.9345,0,12.5202,0,0,62.0778,-15.9211,23.4602,-9.2000,168.3916,0.112,0.000,0.984,0.0000,0.0000,0
2026-05-05,15:14:22,32398,1,0.0000,-0.0354,0.1199,3.5255,12.9352,0,12.5202,0,0,61.4651,-21.7513,23.3939,-4.5460,168.6530,0.176,0.000,0.981,0.0000,0.0000,0
2026-05-05,15:14:22,32433,1,0.0000,-0.0048,0.1190,3.5006,12.9353,0,12.5202,0,0,61.0124,-12.1672,23.4282,-1.3156,169.1590,0.240,0.000,0.978,0.0000,0.0000,0
2026-05-05,15:14:22,32468,1,0.0000,-0.0337,0.1230,3.6169,12.9353,0,12.5202,0,0,61.0526,1.0093,23.4392,-1.4403,168.8810,0.304,0.000,0.974,0.0000,0.0000,0
2026-05-05,15:14:22,32504,1,0.0000,0.0191,0.1219,3.5863,12.9354,0,12.5202,0,0,60.8605,-8.0734,23.0810,-8.7064,168.1904,0.368,0.000,0.971,0.0000,0.0000,0
2026-05-05,15:14:22,32539,1,0.0000,-0.0147,0.1217,3.5792,12.9354,0,12.5202,0,0,60.6760,-5.5273,22.6141,-12.4627,168.1020,0.432,0.000,1.000,0.0000,0.0000,0
2026-05-05,15:14:22,32574,1,0.0000,-0.0177,0.1237,3.6370,12.9354,0,12.5202,0,0,60.7334,2.4902,22.3346,-10.1337,168.2830,0.448,0.000,1.000,0.0000,0.0000,0
2026-05-05,15:14:22,32609,1,0.0000,-0.0870,0.1362,4.0051,12.9360,0,12.5202,0,0,60.6180,-6.6123,22.2633,-4.7702,168.6148,0.416,0.000,1.000,0.0000,0.0000,0
2026-05-05,15:14:22,32644,1,0.0000,-0.0104,0.1382,4.0658,12.9363,0,12.5202,0,0,60.2863,-9.9998,22.3163,-1.6983,168.9763,0.432,0.000,1.000,0.0000,0.0000,0
2026-05-05,15:14:22,32679,1,0.0000,-0.0126,0.1396,4.1068,12.9363,0,12.5202,0,0,59.9405,-10.9222,22.0637,-7.1635,168.6423,0.496,0.000,1.000,0.0000,0.0000,0
2026-05-05,15:14:22,32714,1,0.0000,0.0090,0.1386,4.0762,12.9363,0,12.5202,0,0,59.9794,-0.5274,21.6524,-10.3787,168.4358,0.536,0.000,1.000,0.0000,0.0000,0
2026-05-05,15:14:22,32755,1,0.0000,0.0026,0.1370,4.0281,12.9363,0,12.5202,0,0,59.9528,-0.7648,21.5167,-8.6603,168.1338,0.512,0.000,1.000,0.0000,0.0000,0
2026-05-05,15:14:23,32790,1,0.0000,-0.0194,0.1405,4.1337,12.9363,0,12.5202,0,0,59.9690,0.9399,21.2247,-8.7837,168.0517,0.480,0.000,1.000,0.0000,0.0000,0
2026-05-05,15:14:23,32825,1,0.0000,-0.0032,0.1388,4.0817,12.9363,0,12.5202,0,0,59.8122,-5.8662,21.1377,-5.2061,168.4377,0.448,0.000,1.000,0.0000,0.0000,0
2026-05-05,15:14:23,32860,1,0.0000,-0.0113,0.1396,4.1068,12.9363,0,12.5202,0,0,59.8158,0.4920,21.1241,-2.1491,168.9284,0.416,0.000,1.000,0.0000,0.0000,0
2026-05-05,15:14:23,32895,1,0.0000,-0.0332,0.1443,4.2437,12.9366,0,12.5202,0,0,59.8134,-0.4589,21.1182,-2.0932,168.7957,0.384,0.000,1.000,0.0000,0.0000,0
2026-05-05,15:14:23,32930,1,0.0000,-0.0034,0.1459,4.2898,12.9367,0,12.5202,0,0,59.4988,-10.2551,20.8425,-7.1543,168.3235,0.352,0.000,1.000,0.0000,0.0000,0
2026-05-05,15:14:23,32965,1,0.0000,0.0190,0.1428,4.1986,12.9366,0,12.5202,0,0,59.3565,-2.1749,20.4004,-11.6085,168.1168,0.368,0.000,1.000,0.0000,0.0000,0
2026-05-05,15:14:23,33000,1,0.0000,-0.0049,0.1434,4.2168,12.9366,0,12.5202,0,0,59.5786,7.7912,20.0395,-11.3419,167.9649,0.336,0.000,1.000,0.0000,0.0000,0
2026-05-05,15:14:23,33035,1,0.0000,-0.0170,0.1456,4.2825,12.9366,0,12.5202,0,0,59.5327,-2.6447,19.6801,-11.4534,167.7163,0.304,0.000,1.000,0.0000,0.0000,0
2026-05-05,15:14:23,33070,1,0.0000,-0.0013,0.1454,4.2769,12.9366,0,12.5202,0,0,59.3218,-5.2918,19.2972,-11.5991,167.6351,0.272,0.000,1.000,0.0000,0.0000,0
2026-05-05,15:14:23,33105,1,0.0000,0.0166,0.1443,4.2448,12.9366,0,12.5202,0,0,59.2330,-1.7139,19.1388,-7.1343,167.8162,0.240,0.000,1.000,0.0000,0.0000,0
2026-05-05,15:14:23,33140,1,0.0000,0.0385,0.1346,3.9581,12.9362,0,12.5202,0,0,59.4227,8.3843,18.9943,-5.5172,167.6162,0.208,0.000,1.000,0.0000,0.0000,0
2026-05-05,15:14:23,33175,1,0.0000,-0.0016,0.1352,3.9774,12.9361,0,12.5202,0,0,59.8921,13.7726,18.8784,-4.2126,167.2522,0.176,0.000,1.000,0.0000,0.0000,0
2026-05-05,15:14:23,33210,1,0.0000,-0.0034,0.1378,4.0517,12.9362,0,12.5202,0,0,59.8720,-2.6403,18.7503,-4.0898,167.0636,0.144,0.000,0.997,0.0000,0.0000,0
2026-05-05,15:14:23,33245,1,0.0000,0.0050,0.1357,3.9905,12.9362,0,12.5202,0,0,59.5540,-8.1182,18.6724,-2.7684,167.2218,0.112,0.000,0.994,0.0000,0.0000,0
2026-05-05,15:14:23,33280,1,0.0000,0.0124,0.1352,3.9774,12.9362,0,12.5202,0,0,59.6899,5.1702,18.7081,-0.3983,167.2762,0.080,0.000,0.990,0.0000,0.0000,0
2026-05-05,15:14:23,33315,1,0.0000,0.0238,0.1333,3.9215,12.9360,0,12.5202,0,0,59.8730,4.7474,18.7310,0.4603,167.0227,0.048,0.000,0.987,0.0000,0.0000,0
2026-05-05,15:14:23,33350,1,0.0000,-0.0010,0.1320,3.8831,12.9360,0,12.5202,0,0,59.9008,0.6127,18.7698,1.0593,166.8043,0.016,0.000,0.984,0.0000,0.0000,0
2026-05-05,15:14:23,33385,1,0.0000,0.0076,0.1293,3.8016,12.9358,0,12.5202,0,0,59.8727,0.1954,18.8717,2.6416,166.9251,0.000,0.000,0.981,0.0000,0.0000,0
2026-05-05,15:14:23,33421,1,0.0000,0.0088,0.1295,3.8080,12.9358,0,12.5202,0,0,59.9175,-0.6992,19.1276,6.1758,167.0062,0.000,0.000,0.978,0.0000,0.0000,0
2026-05-05,15:14:23,33456,1,0.0000,0.0181,0.1244,3.6588,12.9357,0,12.5202,0,0,59.9008,1.5808,19.3021,5.4940,166.9082,0.000,0.000,0.974,0.0000,0.0000,0
2026-05-05,15:14:23,33491,1,0.0000,-0.0039,0.1279,3.7625,12.9357,0,12.5202,0,0,60.0256,2.8018,19.3911,3.7631,166.6916,0.000,0.000,0.971,0.0000,0.0000,0
2026-05-05,15:14:23,33526,1,0.0000,-0.0494,0.1320,3.8826,12.9359,0,12.5202,0,0,59.8320,-5.0938,19.4823,3.2380,166.8800,0.000,0.000,0.968,0.0000,0.0000,0
2026-05-05,15:14:23,33561,1,0.0000,-0.0231,0.1365,4.0134,12.9361,0,12.5202,0,0,59.7142,-2.4504,19.3623,-1.5793,166.9472,0.000,0.000,0.965,0.0000,0.0000,0
2026-05-05,15:14:23,33596,1,0.0000,0.0068,0.1370,4.0300,12.9362,0,12.5202,0,0,59.6881,1.2069,19.2058,-3.3414,166.9398,0.000,0.000,0.962,0.0000,0.0000,0
2026-05-05,15:14:23,33632,1,0.0000,-0.0010,0.1362,4.0058,12.9362,0,12.5202,0,0,59.8790,5.5523,19.2408,-0.3998,166.8969,0.000,0.000,0.958,0.0000,0.0000,0
2026-05-05,15:14:23,33671,1,0.0000,0.0293,0.1305,3.8370,12.9359,0,12.5202,0,0,60.0416,6.5566,19.2199,-0.3588,166.6322,0.000,0.000,0.956,0.0000,0.0000,0
2026-05-05,15:14:23,33707,1,0.0000,-0.0220,0.1326,3.8996,12.9360,0,12.5202,0,0,60.3463,9.7861,19.1508,-1.3022,166.2783,0.000,0.000,0.953,0.0000,0.0000,0
2026-05-05,15:14:23,33742,1,0.0000,-0.0227,0.1383,4.0671,12.9362,0,12.5202,0,0,60.4674,0.8506,18.9988,-3.4552,165.9195,0.000,0.000,0.950,0.0000,0.0000,0
2026-05-05,15:14:23,33777,1,0.0000,0.0085,0.1369,4.0259,12.9362,0,12.5202,0,0,60.1164,-8.9799,18.8698,-2.9814,166.1531,0.000,0.000,0.946,0.0000,0.0000,0
2026-05-05,15:14:24,33812,1,0.0000,0.0096,0.1369,4.0267,12.9362,0,12.5202,0,0,60.0743,2.6364,18.8584,-1.3664,166.2564,0.000,0.000,0.943,0.0000,0.0000,0
2026-05-05,15:14:24,33847,1,0.0000,0.0028,0.1381,4.0622,12.9362,0,12.5202,0,0,60.4810,10.6538,18.7870,-1.7514,166.0674,0.000,0.000,0.940,0.0000,0.0000,0
2026-05-05,15:14:24,33882,1,0.0000,-0.0080,0.1379,4.0566,12.9362,0,12.5202,0,0,60.6998,5.8791,18.7499,-1.0948,165.9162,0.000,0.000,0.937,0.0000,0.0000,0
2026-05-05,15:14:24,33917,1,0.0000,0.0096,0.1332,3.9180,12.9362,0,12.5202,0,0,60.6845,-0.4541,18.7811,0.4999,165.8984,0.000,0.000,0.934,0.0000,0.0000,0
2026-05-05,15:14:24,33952,1,0.0000,0.0239,0.1329,3.9099,12.9361,0,12.5202,0,0,60.7698,3.6996,18.7986,0.8269,165.9353,0.000,0.000,0.930,0.0000,0.0000,0
2026-05-05,15:14:24,33987,1,0.0000,0.0116,0.1321,3.8841,12.9360,0,12.5202,0,0,61.1023,10.2517,18.8169,0.9026,165.6911,0.000,0.000,0.927,0.0000,0.0000,0
2026-05-05,15:14:24,34022,1,0.0000,-0.0098,0.1347,3.9618,12.9361,0,12.5202,0,0,61.3509,6.6153,18.7787,0.0201,165.1670,0.000,0.000,0.924,0.0000,0.0000,0
2026-05-05,15:14:24,34057,1,0.0000,-0.0008,0.1378,4.0517,12.9362,0,12.5202,0,0,61.1945,-5.9512,18.8015,1.3181,165.0685,0.000,0.000,0.921,0.0000,0.0000,0
2026-05-05,15:14:24,34092,1,0.0000,0.0174,0.1350,3.9705,12.9362,0,12.5202,0,0,61.0710,-2.3394,18.9959,4.9870,165.7676,0.000,0.000,0.918,0.0000,0.0000,0
2026-05-05,15:14:24,34127,1,0.0000,-0.0106,0.1373,4.0372,12.9362,0,12.5202,0,0,61.2901,9.0871,19.3049,8.1452,165.8627,0.000,0.000,0.914,0.0000,0.0000,0
2026-05-05,15:14:24,34162,1,0.0000,-0.0008,0.1366,4.0172,12.9362,0,12.5202,0,0,61.6201,8.7634,19.5020,6.8813,165.5668,0.000,0.000,0.911,0.0000,0.0000,0
2026-05-05,15:14:24,34197,1,0.0000,0.0072,0.1375,4.0448,12.9363,0,12.5202,0,0,61.5902,-2.6395,19.6100,4.6718,165.4838,0.000,0.000,0.908,0.0000,0.0000,0
2026-05-05,15:14:24,34232,1,0.0000,-0.0030,0.1374,4.0404,12.9363,0,12.5202,0,0,61.3361,-6.8225,19.6581,2.7595,165.7533,0.000,0.000,0.905,0.0000,0.0000,0
2026-05-05,15:14:24,34267,1,0.0000,-0.0046,0.1361,4.0019,12.9362,0,12.5202,0,0,61.3680,3.1381,19.6753,1.4507,165.8100,0.000,0.000,0.902,0.0000,0.0000,0
2026-05-05,15:14:24,34302,1,0.0000,0.0114,0.1317,3.8725,12.9360,0,12.5202,0,0,61.6294,8.2285,19.7422,2.1551,165.5712,0.000,0.000,0.898,0.0000,0.0000,0
2026-05-05,15:14:24,34337,1,0.0000,0.0022,0.1327,3.9022,12.9360,0,12.5202,0,0,61.9082,8.2569,19.7237,0.2207,165.4073,0.000,0.000,0.895,0.0000,0.0000,0
2026-05-05,15:14:24,34372,1,0.0000,-0.0341,0.1416,4.1643,12.9363,0,12.5202,0,0,61.9282,-0.0932,19.6781,-0.5272,165.4658,0.000,0.000,0.892,0.0000,0.0000,0
2026-05-05,15:14:24,34407,1,0.0000,-0.0024,0.1430,4.2060,12.9365,0,12.5202,0,0,61.4556,-13.6234,19.7312,1.3411,165.8972,0.000,0.000,0.889,0.0000,0.0000,0
2026-05-05,15:14:24,34443,1,0.0000,0.0274,0.1389,4.0854,12.9364,0,12.5202,0,0,61.4102,0.2555,19.8702,3.4905,166.1466,0.000,0.000,0.886,0.0000,0.0000,0
2026-05-05,15:14:24,34478,1,0.0000,-0.0041,0.1394,4.1013,12.9363,0,12.5202,0,0,61.7921,12.1810,20.0014,3.6701,165.8432,0.000,0.000,0.882,0.0000,0.0000,0
2026-05-05,15:14:24,34513,1,0.0000,-0.0114,0.1408,4.1424,12.9364,0,12.5202,0,0,62.1292,8.4042,20.0225,1.7373,165.4117,0.000,0.000,0.879,0.0000,0.0000,0
2026-05-05,15:14:24,34549,1,0.0000,-0.0061,0.1414,4.1583,12.9365,0,12.5202,0,0,61.8861,-9.1507,19.9687,0.1811,165.3563,0.000,0.000,0.876,0.0000,0.0000,0
2026-05-05,15:14:24,34587,1,0.0000,0.0067,0.1396,4.1061,12.9364,0,12.5202,0,0,61.7868,-4.2216,19.9365,0.9756,165.3762,0.000,0.000,0.874,0.0000,0.0000,0
2026-05-05,15:14:24,34623,1,0.0000,0.0190,0.1382,4.0644,12.9363,0,12.5202,0,0,62.1045,8.6479,20.1430,4.6935,165.4805,0.000,0.000,0.870,0.0000,0.0000,0
2026-05-05,15:14:24,34658,1,0.0000,0.0117,0.1385,4.0748,12.9363,0,12.5202,0,0,62.2887,5.1710,20.3697,6.1336,165.3011,0.000,0.000,0.867,0.0000,0.0000,0
2026-05-05,15:14:24,34693,1,0.0000,0.0010,0.1391,4.0912,12.9363,0,12.5202,0,0,62.1227,-4.3525,20.4830,4.5979,165.5497,0.000,0.000,0.864,0.0000,0.0000,0
2026-05-05,15:14:24,34728,1,0.0000,0.0012,0.1382,4.0647,12.9363,0,12.5202,0,0,62.0850,-0.4541,20.5701,3.4064,165.8580,0.000,0.000,0.861,0.0000,0.0000,0
2026-05-05,15:14:24,34763,1,0.0000,-0.0089,0.1379,4.0553,12.9363,0,12.5202,0,0,62.2258,4.6696,20.6929,3.9510,165.8525,0.000,0.000,0.858,0.0000,0.0000,0
2026-05-05,15:14:25,34798,1,0.0000,0.0058,0.1382,4.0658,12.9363,0,12.5202,0,0,62.2426,-0.8282,20.7872,3.3661,165.7847,0.000,0.000,0.854,0.0000,0.0000,0
2026-05-05,15:14:25,34833,1,0.0000,0.0075,0.1393,4.0963,12.9363,0,12.5202,0,0,62.1865,-2.5385,20.9075,3.7813,165.9515,0.000,0.000,0.851,0.0000,0.0000,0
2026-05-05,15:14:25,34869,1,0.0000,0.0153,0.1372,4.0343,12.9363,0,12.5202,0,0,62.0728,-1.9548,21.1112,5.8259,166.3368,0.000,0.000,0.848,0.0000,0.0000,0
2026-05-05,15:14:25,34904,1,0.0000,0.0117,0.1370,4.0307,12.9362,0,12.5202,0,0,62.1993,4.4372,21.3611,7.0640,166.2617,0.000,0.000,0.845,0.0000,0.0000,0
2026-05-05,15:14:25,34939,1,0.0000,0.0058,0.1347,3.9623,12.9361,0,12.5202,0,0,62.3650,4.1538,21.5291,5.7686,166.1171,0.000,0.000,0.842,0.0000,0.0000,0
2026-05-05,15:14:25,34975,1,0.0000,0.0409,0.1289,3.7908,12.9360,0,12.5202,0,0,62.3651,-0.0633,21.6018,3.7629,166.2390,0.000,0.000,0.838,0.0000,0.0000,0
2026-05-05,15:14:25,35010,1,0.0000,-0.0023,0.1299,3.8199,12.9359,0,12.5202,0,0,62.4112,2.7450,21.7309,4.0800,166.4096,0.000,0.000,0.835,0.0000,0.0000,0
2026-05-05,15:14:25,35045,1,0.0000,-0.0035,0.1302,3.8305,12.9358,0,12.5202,0,0,62.4486,1.7497,21.8627,4.1115,166.3945,0.000,0.000,0.832,0.0000,0.0000,0
2026-05-05,15:14:25,35080,1,0.0000,-0.0181,0.1292,3.8012,12.9359,0,12.5202,0,0,62.4688,0.1624,21.9881,3.9592,166.3903,0.000,0.000,0.829,0.0000,0.0000,0
2026-05-05,15:14:25,35116,1,0.0000,-0.0276,0.1358,3.9937,12.9361,0,12.5202,0,0,62.4729,-1.5742,21.9183,-0.2265,166.3607,0.000,0.000,0.826,0.0000,0.0000,0
2026-05-05,15:14:25,35151,1,0.0000,-0.0230,0.1402,4.1223,12.9363,0,12.5202,0,0,62.1663,-8.6294,21.9011,-0.4548,166.4737,0.000,0.000,0.822,0.0000,0.0000,0
2026-05-05,15:14:25,35186,1,0.0000,0.0080,0.1400,4.1162,12.9364,0,12.5202,0,0,62.1258,-0.7280,21.8769,-0.5564,166.7177,0.000,0.000,0.819,0.0000,0.0000,0
2026-05-05,15:14:25,35221,1,0.0000,0.0102,0.1391,4.0905,12.9364,0,12.5202,0,0,62.1381,1.2893,21.8981,0.4654,166.8027,0.000,0.000,0.816,0.0000,0.0000,0
2026-05-05,15:14:25,35256,1,0.0000,-0.0029,0.1372,4.0348,12.9363,0,12.5202,0,0,62.3020,6.4552,22.0333,2.9797,166.6678,0.000,0.000,0.813,0.0000,0.0000,0
2026-05-05,15:14:25,35291,1,0.0000,-0.0175,0.1430,4.2055,12.9365,0,12.5202,0,0,62.4572,2.6866,22.2061,4.4011,166.4375,0.000,0.000,0.810,0.0000,0.0000,0
2026-05-05,15:14:25,35326,1,0.0000,-0.0725,0.1500,4.4118,12.9368,0,12.5202,0,0,61.9373,-17.2621,22.1763,0.6888,166.5225,0.000,0.000,0.806,0.0000,0.0000,0
2026-05-05,15:14:25,35361,1,0.0000,-0.0003,0.1476,4.3401,12.9368,0,12.5202,0,0,61.7156,-2.2217,22.0241,-2.6670,166.8378,0.064,0.000,0.803,0.0000,0.0000,0
2026-05-05,15:14:25,35396,1,0.0000,-0.0150,0.1529,4.4958,12.9370,0,12.5202,0,0,62.0156,11.5368,21.8839,-3.9839,166.8535,0.056,0.000,0.800,0.0000,0.0000,0
2026-05-05,15:14:25,35432,1,0.0000,0.0035,0.1517,4.4605,12.9370,0,12.5202,0,0,62.0945,2.7434,21.6529,-6.2520,166.7290,0.024,0.000,0.797,0.0000,0.0000,0
2026-05-05,15:14:25,35468,1,0.0000,0.0692,0.1434,4.2174,12.9367,0,12.5202,0,0,62.1073,0.7252,21.4987,-4.9955,166.7146,0.000,0.000,0.794,0.0000,0.0000,0
2026-05-05,15:14:25,35506,1,0.0000,0.0252,0.1318,3.8766,12.9361,0,12.5202,0,0,62.2785,5.3940,21.4747,-3.5750,166.8198,0.000,0.000,0.791,0.0000,0.0000,0
2026-05-05,15:14:25,35541,1,0.0000,-0.0191,0.1359,3.9963,12.9361,0,12.5202,0,0,62.6789,13.0590,21.4479,-1.5807,166.6570,0.000,0.000,0.788,0.0000,0.0000,0
2026-05-05,15:14:25,35577,1,0.0000,-0.0552,0.1423,4.1862,12.9363,0,12.5202,0,0,62.7913,1.6237,21.4882,0.2028,166.4756,0.000,0.000,0.785,0.0000,0.0000,0
2026-05-05,15:14:25,35612,1,0.0000,-0.0173,0.1428,4.2003,12.9365,0,12.5202,0,0,62.4831,-10.3092,21.4668,-0.3993,166.7240,0.000,0.000,0.782,0.0000,0.0000,0
2026-05-05,15:14:25,35647,1,0.0000,-0.0141,0.1463,4.3028,12.9366,0,12.5202,0,0,62.1924,-5.5343,21.4700,0.1217,166.9884,0.000,0.000,0.778,0.0000,0.0000,0
2026-05-05,15:14:25,35682,1,0.0000,0.0131,0.1427,4.1967,12.9366,0,12.5202,0,0,62.4393,4.4606,21.5074,0.4998,166.8499,0.000,0.000,0.775,0.0000,0.0000,0
2026-05-05,15:14:25,35717,1,0.0000,0.0827,0.1319,3.8808,12.9362,0,12.5202,0,0,62.8639,14.2116,21.4788,-0.4402,166.5832,0.000,0.000,0.772,0.0000,0.0000,0
2026-05-05,15:14:25,35752,1,0.0000,0.0189,0.1309,3.8493,12.9359,0,12.5202,0,0,63.3390,11.7723,21.4917,0.1264,166.6302,0.000,0.000,0.769,0.0000,0.0000,0
2026-05-05,15:14:26,35787,1,0.0000,-0.0027,0.1296,3.8129,12.9358,0,12.5202,0,0,63.3259,0.2595,21.4714,-0.6045,166.7063,0.000,0.000,0.766,0.0000,0.0000,0
2026-05-05,15:14:26,35822,1,0.0000,-0.1150,0.1421,4.1802,12.9362,0,12.5202,0,0,63.1177,-9.1635,21.3338,-2.8033,166.5369,0.000,0.000,0.762,0.0000,0.0000,0
2026-05-05,15:14:26,35857,1,0.0000,-0.0683,0.1512,4.4460,12.9368,0,12.5202,0,0,62.3809,-18.8831,21.1313,-4.8777,166.3547,0.032,0.000,0.759,0.0000,0.0000,0
2026-05-05,15:14:26,35892,1,0.0000,0.0180,0.1493,4.3926,12.9369,0,12.5202,0,0,62.2918,-3.5250,21.0369,-3.2010,166.6712,0.096,0.000,0.756,0.0000,0.0000,0
2026-05-05,15:14:26,35927,1,0.0000,0.0571,0.1422,4.1812,12.9366,0,12.5202,0,0,62.5214,10.5708,20.8832,-4.4488,166.7013,0.112,0.000,0.753,0.0000,0.0000,0
2026-05-05,15:14:26,35962,1,0.0000,-0.0077,0.1416,4.1635,12.9365,0,12.5202,0,0,63.1391,19.3874,20.7351,-4.4387,165.7735,0.080,0.000,0.750,0.0000,0.0000,0
2026-05-05,15:14:26,35997,1,0.0000,-0.0911,0.1573,4.6253,12.9370,0,12.5202,0,0,63.4936,7.2532,20.4373,-7.3386,164.7094,0.048,0.000,0.746,0.0000,0.0000,0
2026-05-05,15:14:26,36032,1,0.0000,-0.0896,0.1754,5.1598,12.9380,0,12.5202,0,0,62.8608,-20.4942,20.2754,-4.7355,165.4096,0.016,0.000,0.743,0.0000,0.0000,0
2026-05-05,15:14:26,36067,1,0.0000,0.0196,0.1692,4.9775,12.9380,0,12.5202,0,0,62.6729,1.1200,20.4410,2.3866,166.4442,0.032,0.000,0.740,0.0000,0.0000,0
2026-05-05,15:14:26,36102,1,0.0000,-0.0833,0.1798,5.2879,12.9383,0,12.5202,0,0,63.2563,17.7101,20.6666,5.2007,166.0645,0.000,0.000,0.737,0.0000,0.0000,0
2026-05-05,15:14:26,36137,1,0.0000,0.0263,0.1814,5.3355,12.9388,0,12.5202,0,0,63.4672,4.4222,20.7881,4.3611,165.0035,0.000,0.000,0.769,0.0000,0.0000,0
2026-05-05,15:14:26,36172,1,0.0000,0.0859,0.1732,5.0953,12.9384,0,12.5202,0,0,63.1123,-8.0835,20.8830,3.6472,165.3592,0.000,0.000,0.801,0.0000,0.0000,0
2026-05-05,15:14:26,36207,1,0.0000,0.0904,0.1630,4.7952,12.9378,0,12.5202,0,0,63.2753,8.6791,20.8877,1.7336,165.9419,0.000,0.000,0.798,0.0000,0.0000,0
2026-05-05,15:14:26,36242,1,0.0000,0.0816,0.1476,4.3416,12.9370,0,12.5202,0,0,63.7984,15.6871,20.9885,2.8714,165.7619,0.000,0.000,0.794,0.0000,0.0000,0
2026-05-05,15:14:26,36277,1,0.0000,-0.0976,0.1608,4.7282,12.9372,0,12.5202,0,0,63.6292,-6.2737,21.0036,1.2604,164.9899,0.000,0.000,0.791,0.0000,0.0000,0
2026-05-05,15:14:26,36312,1,0.0000,-0.0378,0.1709,5.0261,12.9379,0,12.5202,0,0,63.3012,-7.0033,20.8306,-2.5120,164.7882,0.000,0.000,0.788,0.0000,0.0000,0
2026-05-05,15:14:26,36347,1,0.0000,-0.0010,0.1693,4.9806,12.9379,0,12.5202,0,0,63.3255,-0.2522,20.8080,-0.8517,165.5949,0.000,0.000,0.785,0.0000,0.0000,0
2026-05-05,15:14:26,36382,1,0.0000,-0.0000,0.1694,4.9817,12.9380,0,12.5202,0,0,63.7477,16.6056,20.8775,1.7384,165.5441,0.000,0.000,0.782,0.0000,0.0000,0
2026-05-05,15:14:26,36417,1,0.0000,0.0391,0.1669,4.9083,12.9379,0,12.5202,0,0,63.9299,10.1693,20.8661,1.1326,165.1350,0.000,0.000,0.779,0.0000,0.0000,0
2026-05-05,15:14:26,36452,1,0.0000,0.1565,0.1433,4.2149,12.9369,0,12.5202,0,0,64.2244,11.4028,20.9145,1.5740,165.2955,0.000,0.000,0.776,0.0000,0.0000,0
2026-05-05,15:14:26,36487,1,0.0000,-0.0055,0.1503,4.4195,12.9369,0,12.5202,0,0,64.4452,5.9139,20.8583,-0.3969,165.1853,0.000,0.000,0.773,0.0000,0.0000,0
2026-05-05,15:14:26,36522,1,0.0000,-0.0274,0.1540,4.5295,12.9371,0,12.5202,0,0,64.2563,-3.2029,20.7260,-2.1507,164.6228,0.000,0.000,0.770,0.0000,0.0000,0
2026-05-05,15:14:26,36557,1,0.0000,-0.0500,0.1581,4.6499,12.9372,0,12.5202,0,0,64.4717,9.2535,20.6416,-1.6559,164.1944,0.000,0.000,0.766,0.0000,0.0000,0
2026-05-05,15:14:26,36593,1,0.0000,0.0007,0.1581,4.6505,12.9374,0,12.5202,0,0,64.7538,12.7930,20.6786,1.2516,164.8405,0.000,0.000,0.763,0.0000,0.0000,0
2026-05-05,15:14:26,36628,1,0.0000,0.1237,0.1472,4.3293,12.9371,0,12.5202,0,0,65.1932,12.9404,21.0512,8.0926,165.5083,0.000,0.000,0.760,0.0000,0.0000,0
2026-05-05,15:14:26,36663,1,0.0000,0.0812,0.1359,3.9963,12.9364,0,12.5202,0,0,65.6990,17.2101,21.3924,9.8439,165.2896,0.000,0.000,0.757,0.0000,0.0000,0
2026-05-05,15:14:26,36698,1,0.0000,-0.0432,0.1470,4.3227,12.9366,0,12.5202,0,0,66.1764,11.0926,21.4879,4.8412,164.7322,0.000,0.000,0.754,0.0000,0.0000,0
2026-05-05,15:14:26,36733,1,0.0000,-0.0555,0.1563,4.5976,12.9371,0,12.5202,0,0,65.6387,-15.3622,21.3431,-1.0072,164.3849,0.000,0.000,0.750,0.0000,0.0000,0
2026-05-05,15:14:26,36768,1,0.0000,-0.0046,0.1631,4.7975,12.9375,0,12.5202,0,0,65.6400,6.1901,21.1450,-3.1872,164.5337,0.000,0.000,0.747,0.0000,0.0000,0
2026-05-05,15:14:27,36803,1,0.0000,0.0379,0.1564,4.5990,12.9374,0,12.5202,0,0,66.2297,18.9179,21.2817,2.5386,165.5864,0.000,0.000,0.744,0.0000,0.0000,0
2026-05-05,15:14:27,36838,1,0.0000,0.1543,0.1341,3.9431,12.9365,0,12.5202,0,0,67.0153,26.1198,21.5243,5.6177,165.3239,0.000,0.000,0.741,0.0000,0.0000,0
2026-05-05,15:14:27,36874,1,0.0000,-0.0712,0.1450,4.2633,12.9364,0,12.5202,0,0,67.6697,21.3037,21.6400,4.2365,165.1152,0.000,0.000,0.764,0.0000,0.0000,0
2026-05-05,15:14:27,36909,1,0.0000,-0.0097,0.1501,4.4153,12.9369,0,12.5202,0,0,67.5981,-4.2557,21.7202,3.1793,165.3946,0.000,0.000,0.796,0.0000,0.0000,0
2026-05-05,15:14:27,36944,1,0.0000,-0.0667,0.1622,4.7708,12.9374,0,12.5202,0,0,66.6725,-21.4011,21.6595,-0.1089,166.0010,0.000,0.000,0.828,0.0000,0.0000,0
2026-05-05,15:14:27,36979,1,0.0000,-0.0833,0.1704,5.0121,12.9377,0,12.5202,0,0,67.3847,29.9597,21.6265,-0.2037,166.0396,0.000,0.000,0.825,0.0000,0.0000,0
2026-05-05,15:14:27,37014,1,0.0000,-0.0389,0.1786,5.2534,12.9383,0,12.5202,0,0,68.1180,23.1555,21.6679,0.7457,165.5865,0.000,0.000,0.857,0.0000,0.0000,0
2026-05-05,15:14:27,37049,1,0.0000,0.0638,0.1692,4.9757,12.9382,0,12.5202,0,0,68.3177,6.2886,21.6780,0.3782,165.6047,0.000,0.000,0.889,0.0000,0.0000,0
2026-05-05,15:14:27,37084,1,0.0000,0.2689,0.1392,4.0932,12.9371,0,12.5202,0,0,68.5134,9.2815,21.6125,-1.3192,166.1054,0.000,0.000,0.921,0.0000,0.0000,0
2026-05-05,15:14:27,37120,1,0.0000,-0.0071,0.1344,3.9518,12.9361,0,12.5202,0,0,69.0890,18.5894,21.5653,-1.2691,166.0039,0.000,0.000,0.953,0.0000,0.0000,0
2026-05-05,15:14:27,37155,1,0.0000,-0.0163,0.1354,3.9809,12.9361,0,12.5202,0,0,69.5268,11.5082,21.6177,0.7574,165.4602,0.000,0.000,0.985,0.0000,0.0000,0
2026-05-05,15:14:27,37190,1,0.0000,0.0400,0.1303,3.8334,12.9360,0,12.5202,0,0,69.5239,-1.5596,21.7118,2.1414,165.9106,0.000,0.000,1.000,0.0000,0.0000,0
2026-05-05,15:14:27,37225,1,0.0000,0.0702,0.1212,3.5646,12.9355,0,12.5202,0,0,69.5406,2.5359,21.7964,2.4378,166.3244,0.000,0.000,1.000,0.0000,0.0000,0
2026-05-05,15:14:27,37260,1,0.0000,0.0325,0.1113,3.2730,12.9349,0,12.5202,0,0,69.9465,12.9450,21.8605,2.1746,166.1084,0.000,0.000,1.000,0.0000,0.0000,0
2026-05-05,15:14:27,37295,1,0.0000,-0.0094,0.1127,3.3140,12.9348,0,12.5202,0,0,70.3077,10.1301,21.9659,3.0260,165.8710,0.000,0.000,1.000,0.0000,0.0000,0
2026-05-05,15:14:27,37333,1,0.0000,-0.0028,0.1113,3.2745,12.9349,0,12.5202,0,0,70.2279,-0.7434,22.0187,2.6602,165.9763,0.000,0.000,1.000,0.0000,0.0000,0
2026-05-05,15:14:27,37369,1,0.0000,0.1439,0.0971,2.8571,12.9345,0,12.5202,0,0,70.0795,-2.0882,22.1097,2.7672,166.3333,0.000,0.000,1.000,0.0000,0.0000,0
2026-05-05,15:14:27,37404,1,0.0000,0.0859,0.0751,2.2098,12.9331,0,12.5202,0,0,70.5880,17.0042,22.2332,3.6307,166.2424,0.000,0.000,1.000,0.0000,0.0000,0
2026-05-05,15:14:27,37440,1,0.0000,0.0527,0.0657,1.9336,12.9326,0,12.5202,0,0,71.2444,15.7542,22.3377,3.1273,165.9102,0.000,0.000,1.000,0.0000,0.0000,0
2026-05-05,15:14:27,37475,1,0.0000,-0.0832,0.0794,2.3357,12.9329,0,12.5202,0,0,70.9227,-10.6945,22.3960,2.1944,165.9002,0.000,0.000,1.000,0.0000,0.0000,0
2026-05-05,15:14:27,37510,1,0.0000,-0.0687,0.0940,2.7655,12.9338,0,12.5202,0,0,70.2322,-21.1404,22.3089,-1.0529,166.1256,0.016,0.000,1.000,0.0000,0.0000,0
2026-05-05,15:14:27,37545,1,0.0000,-0.0006,0.0934,2.7464,12.9339,0,12.5202,0,0,69.6538,-14.3989,22.2886,-0.5134,166.2788,0.080,0.000,1.000,0.0000,0.0000,0
2026-05-05,15:14:27,37580,1,0.0000,0.0076,0.0931,2.7374,12.9339,0,12.5202,0,0,69.8755,12.1627,22.3247,0.6844,166.0999,0.144,0.000,1.000,0.0000,0.0000,0
2026-05-05,15:14:27,37615,1,0.0000,0.0079,0.0921,2.7100,12.9338,0,12.5202,0,0,70.3020,12.0782,22.3146,-0.0229,165.9336,0.112,0.000,1.000,0.0000,0.0000,0
2026-05-05,15:14:27,37650,1,0.0000,0.0513,0.0857,2.5217,12.9336,0,12.5202,0,0,70.8023,16.7560,22.3561,0.8566,166.0320,0.080,0.000,1.000,0.0000,0.0000,0
2026-05-05,15:14:27,37685,1,0.0000,0.0526,0.0772,2.2703,12.9332,0,12.5202,0,0,71.3603,14.4865,22.4140,1.1579,166.1097,0.048,0.000,1.000,0.0000,0.0000,0
2026-05-05,15:14:27,37720,1,0.0000,-0.0076,0.0784,2.3047,12.9331,0,12.5202,0,0,71.4848,0.3454,22.4269,0.6021,166.2597,0.016,0.000,1.000,0.0000,0.0000,0
2026-05-05,15:14:27,37756,1,0.0000,-0.0129,0.0796,2.3422,12.9331,0,12.5202,0,0,71.3566,-2.8459,22.4512,0.6253,166.3151,0.000,0.000,1.000,0.0000,0.0000,0
2026-05-05,15:14:28,37791,1,0.0000,-0.0354,0.0828,2.4355,12.9333,0,12.5202,0,0,71.1493,-5.9651,22.5182,1.7290,166.4710,0.000,0.000,0.999,0.0000,0.0000,0
2026-05-05,15:14:28,37826,1,0.0000,0.0020,0.0817,2.4019,12.9333,0,12.5202,0,0,70.8808,-8.4164,22.6659,3.7528,166.5638,0.000,0.000,0.996,0.0000,0.0000,0
2026-05-05,15:14:28,37861,1,0.0000,0.0000,0.0826,2.4297,12.9333,0,12.5202,0,0,70.7971,-1.8712,22.7879,3.7234,166.4466,0.000,0.000,0.993,0.0000,0.0000,0
2026-05-05,15:14:28,37896,1,0.0000,0.0062,0.0814,2.3950,12.9332,0,12.5202,0,0,70.7820,-0.4734,22.8474,2.4704,166.4525,0.000,0.000,0.990,0.0000,0.0000,0
2026-05-05,15:14:28,37932,1,0.0000,-0.0140,0.0820,2.4130,12.9332,0,12.5202,0,0,70.7704,-0.0359,22.8492,0.6499,166.2836,0.000,0.000,0.986,0.0000,0.0000,0
2026-05-05,15:14:28,37967,1,0.0000,-0.0859,0.0931,2.7395,12.9337,0,12.5202,0,0,70.4505,-12.2896,22.6925,-2.9957,165.6281,0.000,0.000,0.983,0.0000,0.0000,0
2026-05-05,15:14:28,38002,1,0.0000,-0.0629,0.1033,3.0383,12.9343,0,12.5202,0,0,69.9713,-10.4193,22.4834,-4.5896,164.9981,0.064,0.000,0.980,0.0000,0.0000,0
2026-05-05,15:14:28,38037,1,0.0000,-0.0055,0.0998,2.9349,12.9343,0,12.5202,0,0,70.0548,3.5914,22.3789,-2.8434,165.3426,0.104,0.000,0.977,0.0000,0.0000,0
2026-05-05,15:14:28,38072,1,0.0000,0.0002,0.0997,2.9312,12.9343,0,12.5202,0,0,70.3380,8.4986,22.4943,1.7301,165.8001,0.072,0.000,0.974,0.0000,0.0000,0
2026-05-05,15:14:28,38107,1,0.0000,0.0031,0.1002,2.9485,12.9343,0,12.5202,0,0,70.5334,5.8144,22.6417,3.3757,165.6034,0.040,0.000,0.970,0.0000,0.0000,0
2026-05-05,15:14:28,38142,1,0.0000,-0.0205,0.1021,3.0038,12.9343,0,12.5202,0,0,70.6410,3.7914,22.7692,3.7367,165.7868,0.008,0.000,0.967,0.0000,0.0000,0
2026-05-05,15:14:28,38177,1,0.0000,-0.1826,0.1252,3.6832,12.9352,0,12.5202,0,0,70.7234,1.3382,22.8481,2.9277,165.9409,0.000,0.000,0.964,0.0000,0.0000,0
2026-05-05,15:14:28,38212,1,0.0000,-0.0198,0.1325,3.8972,12.9359,0,12.5202,0,0,70.5378,-5.9683,22.8983,1.9948,166.1898,0.000,0.000,0.961,0.0000,0.0000,0
2026-05-05,15:14:28,38251,1,0.0000,0.0636,0.1230,3.6165,12.9357,0,12.5202,0,0,70.5466,0.3675,22.9312,1.7949,166.2548,0.000,0.000,0.958,0.0000,0.0000,0
2026-05-05,15:14:28,38287,1,0.0000,0.1077,0.1089,3.2041,12.9350,0,12.5202,0,0,70.9134,9.8215,23.0068,1.9210,166.2083,0.000,0.000,0.955,0.0000,0.0000,0
2026-05-05,15:14:28,38322,1,0.0000,0.0034,0.1072,3.1540,12.9346,0,12.5202,0,0,71.1496,7.6924,22.9752,0.0753,165.8845,0.000,0.000,0.952,0.0000,0.0000,0
2026-05-05,15:14:28,38358,1,0.0000,-0.0083,0.1073,3.1572,12.9346,0,12.5202,0,0,71.1234,-1.6658,22.9349,-0.6254,166.0641,0.000,0.000,0.949,0.0000,0.0000,0
2026-05-05,15:14:28,38393,1,0.0000,-0.0109,0.1075,3.1622,12.9347,0,12.5202,0,0,70.9242,-5.4643,22.9006,-0.8475,166.4219,0.000,0.000,0.946,0.0000,0.0000,0
2026-05-05,15:14:28,38428,1,0.0000,-0.0039,0.1073,3.1572,12.9346,0,12.5202,0,0,70.7925,-2.9026,22.9585,1.0204,166.4143,0.000,0.000,0.942,0.0000,0.0000,0
2026-05-05,15:14:28,38463,1,0.0000,0.0017,0.1076,3.1654,12.9346,0,12.5202,0,0,70.8568,3.3745,22.9938,1.0441,166.2272,0.000,0.000,0.939,0.0000,0.0000,0
2026-05-05,15:14:28,38498,1,0.0000,-0.0067,0.1086,3.1931,12.9346,0,12.5202,0,0,70.9305,2.0820,23.0361,1.2060,166.2784,0.000,0.000,0.936,0.0000,0.0000,0
2026-05-05,15:14:28,38533,1,0.0000,0.0610,0.0974,2.8648,12.9343,0,12.5202,0,0,70.9761,2.7035,23.1245,2.3348,166.5499,0.000,0.000,0.933,0.0000,0.0000,0
2026-05-05,15:14:28,38568,1,0.0000,0.0988,0.0828,2.4358,12.9336,0,12.5202,0,0,71.2761,9.9564,23.2564,3.4697,166.5515,0.000,0.000,0.930,0.0000,0.0000,0
2026-05-05,15:14:28,38603,1,0.0000,0.0637,0.0759,2.2314,12.9332,0,12.5202,0,0,71.5505,8.5131,23.4184,4.4119,166.2944,0.000,0.000,0.926,0.0000,0.0000,0
2026-05-05,15:14:28,38638,1,0.0000,0.0870,0.0640,1.8827,12.9324,0,12.5202,0,0,71.8490,5.9728,23.5242,3.3407,166.2844,0.000,0.000,0.923,0.0000,0.0000,0
2026-05-05,15:14:28,38673,1,0.0000,-0.0561,0.0715,2.1042,12.9326,0,12.5202,0,0,71.5541,-9.2479,23.4732,0.0001,166.4443,0.000,0.000,0.938,0.0000,0.0000,0
2026-05-05,15:14:28,38708,1,0.0000,-0.1306,0.0895,2.6332,12.9333,0,12.5202,0,0,71.0429,-15.4356,23.3727,-2.0401,166.6864,0.016,0.000,0.934,0.0000,0.0000,0
2026-05-05,15:14:28,38743,1,0.0000,-0.0004,0.0877,2.5787,12.9336,0,12.5202,0,0,70.6525,-10.8774,23.2888,-2.2376,167.0099,0.080,0.000,0.931,0.0000,0.0000,0
2026-05-05,15:14:28,38778,1,0.0000,-0.0195,0.0904,2.6574,12.9337,0,12.5202,0,0,70.4078,-5.4619,23.2040,-2.2153,166.4718,0.144,0.000,0.928,0.0000,0.0000,0
2026-05-05,15:14:29,38813,1,0.0000,-0.0086,0.0900,2.6482,12.9337,0,12.5202,0,0,70.6440,9.6156,23.2257,0.0857,166.3790,0.160,0.000,0.925,0.0000,0.0000,0
2026-05-05,15:14:29,38848,1,0.0000,0.0016,0.0903,2.6556,12.9337,0,12.5202,0,0,70.8824,7.8614,23.3261,1.9339,166.8409,0.128,0.000,0.922,0.0000,0.0000,0
2026-05-05,15:14:29,38883,1,0.0000,0.0072,0.0897,2.6397,12.9337,0,12.5202,0,0,71.0861,6.0933,23.4009,2.2488,166.8762,0.096,0.000,0.918,0.0000,0.0000,0
2026-05-05,15:14:29,38918,1,0.0000,0.0029,0.0900,2.6482,12.9337,0,12.5202,0,0,71.1405,0.7791,23.4389,1.3774,166.5225,0.064,0.000,0.915,0.0000,0.0000,0
2026-05-05,15:14:29,38953,1,0.0000,0.0078,0.0882,2.5951,12.9336,0,12.5202,0,0,71.1413,1.2339,23.4227,0.0766,166.3908,0.032,0.000,0.912,0.0000,0.0000,0
2026-05-05,15:14:29,38988,1,0.0000,0.0154,0.0853,2.5083,12.9335,0,12.5202,0,0,71.2975,6.3053,23.3914,-0.7072,166.4407,0.000,0.000,0.909,0.0000,0.0000,0
2026-05-05,15:14:29,39023,1,0.0000,0.0567,0.0727,2.1373,12.9330,0,12.5202,0,0,71.6092,8.1604,23.2988,-2.2737,166.4845,0.000,0.000,0.906,0.0000,0.0000,0
2026-05-05,15:14:29,39059,1,0.0000,-0.0000,0.0740,2.1753,12.9329,0,12.5202,0,0,71.5596,-0.9986,23.1779,-3.5431,166.3958,0.000,0.000,0.902,0.0000,0.0000,0
2026-05-05,15:14:29,39094,1,0.0000,0.0035,0.0750,2.2047,12.9329,0,12.5202,0,0,71.5192,-1.6334,22.9957,-5.0362,166.4209,0.000,0.000,0.899,0.0000,0.0000,0
2026-05-05,15:14:29,39130,1,0.0000,0.0115,0.0742,2.1832,12.9329,0,12.5202,0,0,71.4236,-2.7367,22.8410,-4.7811,166.5994,0.000,0.000,0.896,0.0000,0.0000,0
2026-05-05,15:14:29,39169,1,0.0000,-0.0029,0.0762,2.2422,12.9329,0,12.5202,0,0,71.2913,-5.2525,22.7847,-3.9702,166.5834,0.000,0.000,0.894,0.0000,0.0000,0
2026-05-05,15:14:29,39205,1,0.0000,0.0063,0.0745,2.1909,12.9329,0,12.5202,0,0,71.3109,1.6499,22.7007,-2.9189,166.5426,0.000,0.000,0.890,0.0000,0.0000,0
2026-05-05,15:14:29,39240,1,0.0000,0.0218,0.0717,2.1098,12.9328,0,12.5202,0,0,71.3090,0.8776,22.7301,-0.1416,166.5738,0.000,0.000,0.887,0.0000,0.0000,0
2026-05-05,15:14:29,39275,1,0.0000,0.0124,0.0685,2.0152,12.9327,0,12.5202,0,0,71.4567,4.6181,22.7631,0.3187,166.5903,0.000,0.000,0.884,0.0000,0.0000,0
2026-05-05,15:14:29,39310,1,0.0000,0.0676,0.0594,1.7461,12.9323,0,12.5202,0,0,71.6419,6.3629,22.7024,-1.1291,166.6384,0.000,0.000,0.881,0.0000,0.0000,0
2026-05-05,15:14:29,39345,1,0.0000,0.0650,0.0499,1.4681,12.9317,0,12.5202,0,0,71.8607,6.1260,22.6821,-0.9736,166.4052,0.000,0.000,0.878,0.0000,0.0000,0
2026-05-05,15:14:29,39380,1,0.0000,0.0400,0.0459,1.3507,12.9315,0,12.5202,0,0,72.1018,7.7826,22.6757,-0.4761,166.4230,0.000,0.000,0.874,0.0000,0.0000,0
2026-05-05,15:14:29,39415,1,0.0000,0.0222,0.0435,1.2805,12.9312,0,12.5202,0,0,72.6313,16.3863,22.6673,-0.5749,166.3458,0.000,0.000,0.871,0.0000,0.0000,0
2026-05-05,15:14:29,39450,1,0.0000,0.0191,0.0393,1.1572,12.9311,0,12.5202,0,0,73.3266,17.2436,22.7296,0.7946,166.2553,0.000,0.000,0.877,0.0000,0.0000,0
2026-05-05,15:14:29,39485,1,0.0000,0.0075,0.0388,1.1411,12.9310,0,12.5202,0,0,73.4389,-2.5520,22.8174,1.7932,166.3648,0.000,0.000,0.909,0.0000,0.0000,0
2026-05-05,15:14:29,39520,1,0.0000,0.0137,0.0383,1.1277,12.9309,0,12.5202,0,0,72.9412,-19.7026,22.8364,0.5742,166.5313,0.000,0.000,0.941,0.0000,0.0000,0
2026-05-05,15:14:29,39555,1,0.0000,-0.0026,0.0385,1.1331,12.9309,0,12.5202,0,0,72.1051,-26.1337,22.7622,-1.2930,166.6334,0.048,0.000,0.973,0.0000,0.0000,0
2026-05-05,15:14:29,39590,1,0.0000,0.0036,0.0374,1.1004,12.9309,0,12.5202,0,0,71.4987,-19.3380,22.7519,-0.5662,166.5951,0.112,0.000,0.987,0.0000,0.0000,0
2026-05-05,15:14:29,39625,1,0.0000,0.0001,0.0394,1.1586,12.9310,0,12.5202,0,0,70.9474,-18.0478,22.7827,0.5786,166.6180,0.176,0.000,0.984,0.0000,0.0000,0
2026-05-05,15:14:29,39661,1,0.0000,-0.0022,0.0395,1.1632,12.9310,0,12.5202,0,0,70.4992,-14.3833,22.8426,1.3345,166.7883,0.240,0.000,0.981,0.0000,0.0000,0
2026-05-05,15:14:29,39696,1,0.0000,-0.0022,0.0397,1.1690,12.9310,0,12.5202,0,0,70.1261,-12.1578,22.8621,0.9092,166.8393,0.304,0.000,0.978,0.0000,0.0000,0
2026-05-05,15:14:29,39731,1,0.0000,0.0017,0.0386,1.1353,12.9310,0,12.5202,0,0,69.7939,-10.9527,22.8515,-0.0415,166.7687,0.368,0.000,0.974,0.0000,0.0000,0
2026-05-05,15:14:29,39766,1,0.0000,-0.0099,0.0404,1.1869,12.9310,0,12.5202,0,0,69.4119,-12.6171,22.7971,-1.2169,166.8459,0.432,0.000,0.971,0.0000,0.0000,0
2026-05-05,15:14:30,39801,1,0.0000,0.0067,0.0418,1.2298,12.9311,0,12.5202,0,0,69.1591,-7.2231,22.7241,-1.8802,166.9755,0.496,0.000,0.968,0.0000,0.0000,0
2026-05-05,15:14:30,39836,1,0.0000,-0.0046,0.0404,1.1870,12.9311,0,12.5202,0,0,69.0183,-4.5866,22.6836,-1.5039,166.9337,0.560,0.000,0.965,0.0000,0.0000,0
2026-05-05,15:14:30,39872,1,0.0000,-0.0057,0.0404,1.1887,12.9311,0,12.5202,0,0,68.8845,-4.7662,22.6968,-0.1352,166.9243,0.624,0.000,0.962,0.0000,0.0000,0
2026-05-05,15:14:30,39907,1,0.0000,0.0044,0.0395,1.1611,12.9310,0,12.5202,0,0,68.8215,-1.7152,22.7568,1.1097,166.9724,0.664,0.000,0.958,0.0000,0.0000,0
2026-05-05,15:14:30,39942,1,0.0000,-0.0043,0.0401,1.1792,12.9310,0,12.5202,0,0,68.8144,-0.5698,22.7270,-0.4658,166.8894,0.632,0.000,0.955,0.0000,0.0000,0
2026-05-05,15:14:30,39977,1,0.0000,0.0017,0.0388,1.1421,12.9310,0,12.5202,0,0,68.8891,1.7190,22.7593,0.6013,166.9017,0.600,0.000,0.952,0.0000,0.0000,0
2026-05-05,15:14:30,40012,1,0.0000,0.0047,0.0390,1.1479,12.9310,0,12.5202,0,0,68.9593,0.7908,22.8536,2.1407,166.9663,0.568,0.000,0.949,0.0000,0.0000,0
2026-05-05,15:14:30,40047,1,0.0000,-0.0044,0.0414,1.2183,12.9310,0,12.5202,0,0,68.9115,-4.0342,22.8925,1.1985,166.9991,0.536,0.000,0.946,0.0000,0.0000,0
2026-05-05,15:14:30,40080,1,0.0000,-0.0013,0.0415,1.2202,12.9311,0,12.5202,0,0,68.8888,-2.5631,22.9015,0.9942,167.0170,0.520,0.000,0.944,0.0000,0.0000,0
2026-05-05,15:14:30,40115,1,0.0000,-0.0070,0.0419,1.2336,12.9312,0,12.5202,0,0,68.6066,-8.4767,22.8955,0.1691,167.2782,0.488,0.000,0.941,0.0000,0.0000,0
2026-05-05,15:14:30,40150,1,0.0000,-0.0131,0.0441,1.2968,12.9312,0,12.5202,0,0,68.3310,-8.0302,22.9589,1.3678,167.9587,0.528,0.000,0.938,0.0000,0.0000,0
2026-05-05,15:14:30,40186,1,0.0000,-0.0219,0.0453,1.3336,12.9313,0,12.5202,0,0,68.0229,-9.1548,23.2610,5.9303,169.2878,0.592,0.000,0.934,0.0000,0.0000,0
2026-05-05,15:14:30,40221,1,0.0000,-0.0086,0.0452,1.3283,12.9313,0,12.5202,0,0,67.8027,-5.7995,23.4570,4.6536,169.5154,0.656,0.000,0.931,0.0000,0.0000,0
2026-05-05,15:14:30,40256,1,0.0000,-0.0008,0.0448,1.3179,12.9313,0,12.5202,0,0,67.6998,-3.9833,23.4620,0.9349,169.3041,0.720,0.000,0.928,0.0000,0.0000,0
2026-05-05,15:14:30,40291,1,0.0000,0.0007,0.0441,1.2969,12.9313,0,12.5202,0,0,67.5717,-3.8389,23.2422,-4.9337,168.6458,0.784,0.000,0.925,0.0000,0.0000,0
2026-05-05,15:14:30,40326,1,0.0000,-0.0172,0.0480,1.4126,12.9314,0,12.5202,0,0,67.5185,-1.5044,22.8772,-9.2483,168.3686,0.752,0.000,0.922,0.0000,0.0000,0
2026-05-05,15:14:30,40361,1,0.0000,-0.0008,0.0475,1.3971,12.9314,0,12.5202,0,0,67.4256,-3.4005,22.6181,-8.2979,168.1716,0.720,0.000,0.918,0.0000,0.0000,0
2026-05-05,15:14:30,40396,1,0.0000,0.0060,0.0457,1.3445,12.9314,0,12.5202,0,0,67.3878,-0.3563,22.4429,-6.5170,167.9171,0.688,0.000,0.915,0.0000,0.0000,0
2026-05-05,15:14:30,40432,1,0.0000,0.0027,0.0464,1.3652,12.9314,0,12.5202,0,0,67.3186,-2.5006,22.2987,-5.3895,167.6798,0.656,0.000,0.912,0.0000,0.0000,0
2026-05-05,15:14:30,40467,1,0.0000,-0.0097,0.0472,1.3871,12.9314,0,12.5202,0,0,67.2572,-1.8908,22.1694,-4.4749,167.4507,0.624,0.000,0.909,0.0000,0.0000,0
2026-05-05,15:14:30,40502,1,0.0000,0.0099,0.0472,1.3870,12.9314,0,12.5202,0,0,67.1048,-4.1527,22.0850,-3.3205,167.4810,0.592,0.000,0.906,0.0000,0.0000,0
2026-05-05,15:14:30,40537,1,0.0000,0.0035,0.0475,1.3978,12.9314,0,12.5202,0,0,67.2751,6.4095,21.9732,-3.5349,167.4903,0.560,0.000,0.902,0.0000,0.0000,0
2026-05-05,15:14:30,40572,1,0.0000,0.0215,0.0432,1.2706,12.9313,0,12.5202,0,0,67.6171,9.3433,21.9112,-2.4611,167.4429,0.528,0.000,0.899,0.0000,0.0000,0
2026-05-05,15:14:30,40607,1,0.0000,-0.0154,0.0464,1.3652,12.9313,0,12.5202,0,0,67.6379,-1.6590,21.8732,-1.9827,167.5990,0.496,0.000,0.896,0.0000,0.0000,0
2026-05-05,15:14:30,40642,1,0.0000,0.0010,0.0459,1.3493,12.9314,0,12.5202,0,0,67.3899,-9.4708,21.8459,-1.0703,167.3967,0.464,0.000,0.893,0.0000,0.0000,0
2026-05-05,15:14:30,40677,1,0.0000,-0.0029,0.0464,1.3652,12.9314,0,12.5202,0,0,67.0783,-7.9422,21.7965,-1.7634,167.2666,0.456,0.000,0.890,0.0000,0.0000,0
2026-05-05,15:14:30,40712,1,0.0000,-0.0021,0.0479,1.4081,12.9314,0,12.5202,0,0,67.0249,-1.4466,21.6968,-2.8032,167.3781,0.472,0.000,0.886,0.0000,0.0000,0
2026-05-05,15:14:30,40747,1,0.0000,0.0025,0.0468,1.3766,12.9314,0,12.5202,0,0,67.0119,-0.8399,21.6553,-1.7105,167.4507,0.440,0.000,0.883,0.0000,0.0000,0
2026-05-05,15:14:31,40782,1,0.0000,-0.0027,0.0484,1.4236,12.9314,0,12.5202,0,0,67.0470,0.7228,21.6873,-0.0826,167.6408,0.408,0.000,0.880,0.0000,0.0000,0
2026-05-05,15:14:31,40817,1,0.0000,0.0026,0.0471,1.3866,12.9314,0,12.5202,0,0,67.0299,-1.5524,21.8863,3.7411,167.9781,0.376,0.000,0.877,0.0000,0.0000,0
2026-05-05,15:14:31,40852,1,0.0000,0.0178,0.0473,1.3911,12.9314,0,12.5202,0,0,66.8651,-4.7586,21.9979,2.8525,167.9869,0.344,0.000,0.874,0.0000,0.0000,0
2026-05-05,15:14:31,40887,1,0.0000,-0.0004,0.0470,1.3816,12.9314,0,12.5202,0,0,67.0941,7.7248,22.0364,1.3883,167.9818,0.312,0.000,0.870,0.0000,0.0000,0
2026-05-05,15:14:31,40922,1,0.0000,-0.0067,0.0462,1.3601,12.9314,0,12.5202,0,0,67.5720,10.3797,22.0193,-0.4228,167.8364,0.280,0.000,0.867,0.0000,0.0000,0
2026-05-05,15:14:31,40957,1,0.0000,0.0052,0.0464,1.3648,12.9314,0,12.5202,0,0,67.3708,-10.6305,21.9090,-2.8143,167.8004,0.248,0.000,0.864,0.0000,0.0000,0
2026-05-05,15:14:31,40991,1,0.0000,0.0008,0.0462,1.3601,12.9314,0,12.5202,0,0,67.1949,-7.7797,21.8894,-2.1539,167.8078,0.224,0.000,0.862,0.0000,0.0000,0
2026-05-05,15:14:31,41026,1,0.0000,-0.0113,0.0484,1.4249,12.9315,0,12.5202,0,0,66.8819,-8.9672,21.8452,-1.6893,167.6452,0.240,0.000,0.858,0.0000,0.0000,0
2026-05-05,15:14:31,41061,1,0.0000,-0.0389,0.0544,1.6012,12.9317,0,12.5202,0,0,66.5050,-13.5452,21.7679,-2.3045,167.4527,0.304,0.000,0.855,0.0000,0.0000,0
2026-05-05,15:14:31,41096,1,0.0000,-0.0761,0.0673,1.9798,12.9323,0,12.5202,0,0,65.9167,-17.0370,21.7124,-1.7324,167.4120,0.368,0.000,0.852,0.0000,0.0000,0
2026-05-05,15:14:31,41132,1,0.0000,0.0055,0.0674,1.9833,12.9326,0,12.5202,0,0,65.6065,-11.5592,21.7122,-0.6564,167.3889,0.432,0.000,0.849,0.0000,0.0000,0
2026-05-05,15:14:31,41167,1,0.0000,0.0500,0.0630,1.8539,12.9324,0,12.5202,0,0,65.6117,2.7492,21.7686,1.3121,167.3052,0.496,0.000,0.846,0.0000,0.0000,0
2026-05-05,15:14:31,41203,1,0.0000,0.0301,0.0597,1.7563,12.9321,0,12.5202,0,0,66.0214,9.8675,21.9393,3.6704,167.0527,0.488,0.000,0.842,0.0000,0.0000,0
2026-05-05,15:14:31,41238,1,0.0000,0.0525,0.0536,1.5750,12.9319,0,12.5202,0,0,66.4142,11.5177,22.0144,2.4551,167.0020,0.456,0.000,0.839,0.0000,0.0000,0
2026-05-05,15:14:31,41273,1,0.0000,-0.0041,0.0534,1.5713,12.9317,0,12.5202,0,0,66.5553,-3.3747,22.0541,1.4479,167.1043,0.424,0.000,0.836,0.0000,0.0000,0
2026-05-05,15:14:31,41309,1,0.0000,-0.1228,0.0700,2.0588,12.9322,0,12.5202,0,0,65.3799,-35.7134,22.0380,0.0394,167.2938,0.440,0.000,0.833,0.0000,0.0000,0
2026-05-05,15:14:31,41344,1,0.0000,-0.0854,0.0809,2.3808,12.9330,0,12.5202,0,0,64.6653,-16.0830,22.0504,0.6814,167.3654,0.504,0.000,0.830,0.0000,0.0000,0
2026-05-05,15:14:31,41380,1,0.0000,-0.0015,0.0797,2.3454,12.9332,0,12.5202,0,0,64.5847,-4.2714,22.2086,3.2446,167.5682,0.568,0.000,0.826,0.0000,0.0000,0
2026-05-05,15:14:31,41415,1,0.0000,0.0076,0.0780,2.2948,12.9331,0,12.5202,0,0,64.5229,-0.8637,22.3966,4.6867,167.5953,0.632,0.000,0.823,0.0000,0.0000,0
2026-05-05,15:14:31,41450,1,0.0000,0.0173,0.0741,2.1790,12.9329,0,12.5202,0,0,64.7276,4.7675,22.5672,4.8836,167.3191,0.624,0.000,0.820,0.0000,0.0000,0
2026-05-05,15:14:31,41485,1,0.0000,-0.0106,0.0760,2.2366,12.9329,0,12.5202,0,0,64.6850,-2.7099,22.6303,2.7954,167.1794,0.592,0.000,0.817,0.0000,0.0000,0
2026-05-05,15:14:31,41520,1,0.0000,-0.0084,0.0750,2.2067,12.9329,0,12.5202,0,0,64.4841,-6.9668,22.6748,2.0327,167.1301,0.560,0.000,0.814,0.0000,0.0000,0
2026-05-05,15:14:31,41555,1,0.0000,0.0082,0.0733,2.1553,12.9329,0,12.5202,0,0,64.5394,1.8275,22.7331,1.7472,167.0977,0.528,0.000,0.810,0.0000,0.0000,0
2026-05-05,15:14:31,41590,1,0.0000,0.0294,0.0724,2.1298,12.9328,0,12.5202,0,0,64.6674,2.1288,22.8094,2.1082,167.0735,0.496,0.000,0.807,0.0000,0.0000,0
2026-05-05,15:14:31,41625,1,0.0000,0.1193,0.0559,1.6434,12.9322,0,12.5202,0,0,64.9128,7.3809,22.8992,2.3209,166.9898,0.464,0.000,0.804,0.0000,0.0000,0
2026-05-05,15:14:31,41660,1,0.0000,0.0187,0.0526,1.5473,12.9317,0,12.5202,0,0,65.2284,5.8163,22.9381,1.2990,166.8799,0.432,0.000,0.801,0.0000,0.0000,0
2026-05-05,15:14:31,41695,1,0.0000,-0.0093,0.0516,1.5173,12.9317,0,12.5202,0,0,65.0851,-10.8694,22.9344,0.0438,166.9131,0.400,0.000,0.798,0.0000,0.0000,0
2026-05-05,15:14:31,41731,1,0.0000,-0.0343,0.0583,1.7150,12.9319,0,12.5202,0,0,64.3160,-14.5389,22.8552,-1.1825,166.7350,0.440,0.000,0.794,0.0000,0.0000,0
2026-05-05,15:14:31,41766,1,0.0000,-0.0908,0.0719,2.1159,12.9325,0,12.5202,0,0,63.4897,-21.6684,22.8409,-0.1526,166.6894,0.504,0.000,0.791,0.0000,0.0000,0
2026-05-05,15:14:32,41801,1,0.0000,-0.0375,0.0773,2.2723,12.9329,0,12.5202,0,0,63.1902,-10.2954,22.9366,1.9213,166.8328,0.568,0.000,0.788,0.0000,0.0000,0
2026-05-05,15:14:32,41836,1,0.0000,-0.0065,0.0783,2.3037,12.9330,0,12.5202,0,0,62.7379,-13.6583,22.9866,1.8628,166.8925,0.632,0.000,0.785,0.0000,0.0000,0
2026-05-05,15:14:32,41871,1,0.0000,0.0176,0.0756,2.2243,12.9330,0,12.5202,0,0,62.7105,-1.3850,23.1219,3.6774,166.8560,0.696,0.000,0.782,0.0000,0.0000,0
2026-05-05,15:14:32,41905,1,0.0000,0.2382,0.0447,1.3140,12.9319,0,12.5202,0,0,63.2650,10.9436,23.2811,4.1165,166.8347,0.720,0.000,0.788,0.0000,0.0000,0
2026-05-05,15:14:32,41940,1,0.0000,-0.0227,0.0459,1.3494,12.9313,0,12.5202,0,0,64.0737,15.0814,23.5054,5.2058,166.6690,0.688,0.000,0.820,0.0000,0.0000,0
2026-05-05,15:14:32,41975,1,0.0000,-0.2156,0.0707,2.0796,12.9321,0,12.5202,0,0,62.4213,-58.7866,23.3586,-1.4736,166.5399,0.680,0.000,0.852,0.0000,0.0000,0
2026-05-05,15:14:32,42010,1,0.0000,-0.1242,0.1051,3.0911,12.9342,0,12.5202,0,0,60.7977,-26.2467,23.1089,-3.9307,166.6349,0.744,0.000,0.884,0.0000,0.0000,0
2026-05-05,15:14:32,42045,1,0.0000,0.0084,0.0986,2.8987,12.9342,0,12.5202,0,0,61.4936,11.0402,23.2978,2.8142,166.8528,0.808,0.000,0.916,0.0000,0.0000,0
2026-05-05,15:14:32,42080,1,0.0000,0.0775,0.0838,2.4642,12.9336,0,12.5202,0,0,61.8338,12.2780,23.5808,6.5490,166.9888,0.824,0.000,0.948,0.0000,0.0000,0
2026-05-05,15:14:32,42115,1,0.0000,0.0088,0.0838,2.4643,12.9334,0,12.5202,0,0,62.5569,24.0184,23.6988,4.5008,166.2285,0.792,0.000,0.980,0.0000,0.0000,0
2026-05-05,15:14:32,42150,1,0.0000,0.0190,0.0823,2.4214,12.9334,0,12.5202,0,0,63.4820,26.9761,23.7131,1.7869,165.4791,0.760,0.000,1.000,0.0000,0.0000,0
2026-05-05,15:14:32,42185,1,0.0000,0.0625,0.0769,2.2606,12.9332,0,12.5202,0,0,64.1091,13.1504,23.6635,-0.0044,164.9411,0.728,0.000,1.000,0.0000,0.0000,0
2026-05-05,15:14:32,42221,1,0.0000,0.1473,0.0552,1.6223,12.9322,0,12.5202,0,0,64.4323,4.7682,23.7517,3.1531,165.2218,0.696,0.000,1.000,0.0000,0.0000,0
2026-05-05,15:14:32,42256,1,0.0000,0.0184,0.0457,1.3450,12.9314,0,12.5202,0,0,64.3142,-8.1976,24.1486,9.1244,165.4701,0.664,0.000,1.000,0.0000,0.0000,0
2026-05-05,15:14:32,42291,1,0.0000,-0.0218,0.0486,1.4291,12.9315,0,12.5202,0,0,63.4386,-28.5767,24.3741,7.4864,165.2455,0.656,0.000,1.000,0.0000,0.0000,0
2026-05-05,15:14:32,42326,1,0.0000,-0.0378,0.0532,1.5653,12.9317,0,12.5202,0,0,62.2728,-35.4732,24.3890,3.3882,164.8314,0.720,0.000,1.000,0.0000,0.0000,0
2026-05-05,15:14:32,42361,1,0.0000,-0.0393,0.0580,1.7045,12.9319,0,12.5202,0,0,61.4529,-24.8242,24.2925,0.6939,164.3653,0.784,0.000,1.000,0.0000,0.0000,0
2026-05-05,15:14:32,42396,1,0.0000,-0.1319,0.0766,2.2528,12.9326,0,12.5202,0,0,60.7781,-17.6673,24.2742,1.1774,164.1012,0.848,0.000,1.000,0.0000,0.0000,0
2026-05-05,15:14:32,42432,1,0.0000,-0.0000,0.0839,2.4681,12.9333,0,12.5202,0,0,60.9101,3.0199,24.5213,7.0919,164.7361,0.912,0.000,1.000,0.0000,0.0000,0
2026-05-05,15:14:32,42467,1,0.0000,0.0255,0.0781,2.2966,12.9332,0,12.5202,0,0,61.1543,8.0670,25.0963,14.1341,165.4287,0.952,0.000,1.000,0.0000,0.0000,0
2026-05-05,15:14:32,42502,1,0.0000,0.0177,0.0734,2.1586,12.9328,0,12.5202,0,0,61.4966,6.2978,25.5512,13.8490,165.5642,0.920,0.000,1.000,0.0000,0.0000,0
2026-05-05,15:14:32,42538,1,0.0000,-0.0730,0.0818,2.4059,12.9331,0,12.5202,0,0,61.3440,-4.1589,25.8250,10.4947,165.0804,0.888,0.000,1.000,0.0000,0.0000,0
2026-05-05,15:14:32,42573,1,0.0000,-0.0768,0.0943,2.7747,12.9337,0,12.5202,0,0,61.0641,-10.6406,25.9249,6.3759,164.6088,0.856,0.000,1.000,0.0000,0.0000,0
2026-05-05,15:14:32,42608,1,0.0000,-0.0010,0.0946,2.7825,12.9339,0,12.5202,0,0,60.5198,-18.4130,25.9945,4.7938,164.5009,0.896,0.000,1.000,0.0000,0.0000,0
2026-05-05,15:14:32,42644,1,0.0000,-0.0186,0.0978,2.8752,12.9341,0,12.5202,0,0,60.1553,-5.9390,26.3548,10.3634,165.2362,0.960,0.000,1.000,0.0000,0.0000,0
2026-05-05,15:14:32,42679,1,0.0000,-0.0506,0.1023,3.0097,12.9343,0,12.5202,0,0,60.5648,11.9201,26.7929,12.5407,165.4204,0.976,0.000,1.000,0.0000,0.0000,0
2026-05-05,15:14:32,42714,1,0.0000,-0.0833,0.1179,3.4681,12.9350,0,12.5202,0,0,60.5781,-1.0728,27.1567,11.9841,165.6109,0.944,0.000,1.000,0.0000,0.0000,0
2026-05-05,15:14:32,42749,1,0.0000,-0.0424,0.1210,3.5589,12.9352,0,12.5202,0,0,60.4682,-2.1938,27.5223,11.7568,165.9446,0.912,0.000,1.000,0.0000,0.0000,0
2026-05-05,15:14:33,42784,1,0.0000,0.0138,0.1196,3.5167,12.9353,0,12.5202,0,0,60.4271,-1.0032,27.7953,9.7969,166.2060,0.880,0.000,1.000,0.0000,0.0000,0
2026-05-05,15:14:33,42819,1,0.0000,0.0811,0.1078,3.1717,12.9349,0,12.5202,0,0,60.6520,3.7842,27.9188,7.9241,166.2179,0.856,0.000,1.000,0.0000,0.0000,0
2026-05-05,15:14:33,42855,1,0.0000,0.0318,0.1019,2.9983,12.9345,0,12.5202,0,0,60.9527,7.0151,28.2091,8.5749,166.0401,0.824,0.000,1.000,0.0000,0.0000,0
2026-05-05,15:14:33,42890,1,0.0000,-0.0017,0.1033,3.0377,12.9345,0,12.5202,0,0,60.9665,-1.5660,28.4188,7.4781,166.0799,0.792,0.000,1.000,0.0000,0.0000,0
2026-05-05,15:14:33,42925,1,0.0000,-0.0794,0.1134,3.3360,12.9348,0,12.5202,0,0,60.8607,-4.9289,28.5096,4.6669,165.6727,0.760,0.000,1.000,0.0000,0.0000,0
2026-05-05,15:14:33,42960,1,0.0000,-0.1285,0.1354,3.9827,12.9358,0,12.5202,0,0,60.4316,-10.1515,28.5737,4.1329,165.6783,0.728,0.000,1.000,0.0000,0.0000,0
2026-05-05,15:14:33,42995,1,0.0000,0.0024,0.1348,3.9649,12.9361,0,12.5202,0,0,60.3103,-0.2658,28.6689,3.6704,166.0176,0.792,0.000,1.000,0.0000,0.0000,0
2026-05-05,15:14:33,43030,1,0.0000,0.0268,0.1314,3.8648,12.9360,0,12.5202,0,0,60.5052,8.1100,28.8211,4.3844,166.3425,0.760,0.000,1.000,0.0000,0.0000,0
2026-05-05,15:14:33,43065,1,0.0000,0.0277,0.1298,3.8180,12.9359,0,12.5202,0,0,60.9296,13.2425,28.9214,3.6132,166.3780,0.728,0.000,1.000,0.0000,0.0000,0
2026-05-05,15:14:33,43100,1,0.0000,-0.0085,0.1297,3.8138,12.9358,0,12.5202,0,0,61.2193,5.3580,29.0569,3.9699,166.3120,0.696,0.000,1.000,0.0000,0.0000,0
2026-05-05,15:14:33,43136,1,0.0000,-0.0163,0.1324,3.8951,12.9359,0,12.5202,0,0,61.2243,1.2275,29.0959,2.5826,166.2791,0.664,0.000,1.000,0.0000,0.0000,0
2026-05-05,15:14:33,43171,1,0.0000,-0.0844,0.1427,4.1958,12.9363,0,12.5202,0,0,60.8808,-12.6137,29.0401,-0.3532,166.2774,0.632,0.000,1.000,0.0000,0.0000,0
2026-05-05,15:14:33,43206,1,0.0000,0.0046,0.1401,4.1218,12.9364,0,12.5202,0,0,60.6949,-5.3131,29.0464,0.4409,166.7317,0.600,0.000,1.000,0.0000,0.0000,0
2026-05-05,15:14:33,43241,1,0.0000,-0.0121,0.1401,4.1218,12.9364,0,12.5202,0,0,60.6975,2.0531,29.1084,1.5939,166.8901,0.568,0.000,1.000,0.0000,0.0000,0
2026-05-05,15:14:33,43276,1,0.0000,-0.0083,0.1376,4.0469,12.9362,0,12.5202,0,0,60.8458,4.1065,29.1976,2.3257,166.9035,0.536,0.000,0.998,0.0000,0.0000,0
2026-05-05,15:14:33,43311,1,0.0000,-0.1437,0.1539,4.5272,12.9367,0,12.5202,0,0,61.1840,9.3068,29.2060,0.9459,167.0410,0.504,0.000,0.995,0.0000,0.0000,0
2026-05-05,15:14:33,43346,1,0.0000,-0.1528,0.1785,5.2507,12.9380,0,12.5202,0,0,60.9509,-6.7695,29.0196,-3.7400,167.4249,0.472,0.000,1.000,0.0000,0.0000,0
2026-05-05,15:14:33,43381,1,0.0000,0.0421,0.1772,5.2121,12.9385,0,12.5202,0,0,60.4374,-14.9225,28.8151,-4.9612,166.8969,0.464,0.000,1.000,0.0000,0.0000,0
2026-05-05,15:14:33,43416,1,0.0000,0.0291,0.1710,5.0288,12.9381,0,12.5202,0,0,60.0068,-10.6101,28.6819,-4.7988,167.3127,0.528,0.000,1.000,0.0000,0.0000,0
2026-05-05,15:14:33,43452,1,0.0000,-0.0348,0.1782,5.2399,12.9383,0,12.5202,0,0,60.9348,28.8711,28.5489,-4.2826,167.9394,0.520,0.000,1.000,0.0000,0.0000,0
2026-05-05,15:14:33,43487,1,0.0000,0.0183,0.1802,5.3006,12.9386,0,12.5202,0,0,61.4493,11.5802,28.5215,-1.9041,167.8126,0.488,0.000,1.000,0.0000,0.0000,0
2026-05-05,15:14:33,43522,1,0.0000,0.1218,0.1700,5.0011,12.9382,0,12.5202,0,0,61.0115,-16.0875,28.6353,0.9197,167.7646,0.456,0.000,1.000,0.0000,0.0000,0
2026-05-05,15:14:33,43558,1,0.0000,0.0432,0.1625,4.7807,12.9376,0,12.5202,0,0,60.6246,-4.7378,28.4603,-3.7190,168.0842,0.472,0.000,1.000,0.0000,0.0000,0
2026-05-05,15:14:33,43593,1,0.0000,-0.0974,0.1743,5.1255,12.9379,0,12.5202,0,0,61.3166,19.0376,28.2013,-6.5803,168.6650,0.440,0.000,0.998,0.0000,0.0000,0
2026-05-05,15:14:33,43628,1,0.0000,-0.0169,0.1845,5.4268,12.9388,0,12.5202,0,0,61.6225,12.0902,28.1634,-2.5816,168.8478,0.408,0.000,1.000,0.0000,0.0000,0
2026-05-05,15:14:33,43664,1,0.0000,0.0461,0.1792,5.2713,12.9387,0,12.5202,0,0,61.1287,-20.0794,28.4591,3.6405,169.3364,0.376,0.000,0.999,0.0000,0.0000,0
2026-05-05,15:14:33,43699,1,0.0000,0.1848,0.1556,4.5770,12.9377,0,12.5202,0,0,60.8712,-4.0168,28.4255,-1.3785,169.3904,0.392,0.000,0.996,0.0000,0.0000,0
2026-05-05,15:14:33,43735,1,0.0000,0.0215,0.1516,4.4589,12.9371,0,12.5202,0,0,61.1888,12.1651,28.0012,-9.3412,169.9367,0.360,0.000,0.993,0.0000,0.0000,0
2026-05-05,15:14:33,43771,1,0.0000,-0.0488,0.1591,4.6793,12.9372,0,12.5202,0,0,61.7622,15.0556,27.6615,-10.3575,169.1118,0.328,0.000,0.990,0.0000,0.0000,0
2026-05-05,15:14:34,43806,1,0.0000,-0.0857,0.1730,5.0894,12.9380,0,12.5202,0,0,61.8277,6.3218,27.4655,-7.9503,168.7490,0.296,0.000,0.986,0.0000,0.0000,0
2026-05-05,15:14:34,43841,1,0.0000,0.0047,0.1735,5.1041,12.9382,0,12.5202,0,0,61.6283,-6.5823,27.3440,-6.3246,169.1728,0.264,0.000,0.983,0.0000,0.0000,0
2026-05-05,15:14:34,43876,1,0.0000,0.1096,0.1590,4.6776,12.9377,0,12.5202,0,0,61.3111,-6.6201,27.0517,-8.7641,169.7902,0.232,0.000,0.980,0.0000,0.0000,0
2026-05-05,15:14:34,43911,1,0.0000,0.1957,0.1283,3.7733,12.9362,0,12.5202,0,0,61.4907,4.2173,26.8003,-8.4857,170.2315,0.200,0.000,0.986,0.0000,0.0000,0
2026-05-05,15:14:34,43946,1,0.0000,-0.0460,0.1390,4.0880,12.9363,0,12.5202,0,0,61.9974,20.5832,26.7164,-4.8057,169.7992,0.168,0.000,1.000,0.0000,0.0000,0
2026-05-05,15:14:34,43981,1,0.0000,-0.0318,0.1428,4.2003,12.9365,0,12.5202,0,0,62.3303,4.5128,26.8222,-1.0364,168.8051,0.136,0.000,1.000,0.0000,0.0000,0
2026-05-05,15:14:34,44016,1,0.0000,-0.0243,0.1459,4.2912,12.9366,0,12.5202,0,0,61.8004,-16.9634,26.6743,-4.3407,169.0666,0.104,0.000,1.000,0.0000,0.0000,0
2026-05-05,15:14:34,44051,1,0.0000,0.0020,0.1436,4.2226,12.9366,0,12.5202,0,0,61.2889,-15.1512,26.3389,-8.9143,169.7972,0.120,0.000,1.000,0.0000,0.0000,0
2026-05-05,15:14:34,44086,1,0.0000,-0.0120,0.1436,4.2222,12.9366,0,12.5202,0,0,61.1752,-4.0268,25.9964,-10.6712,170.2578,0.184,0.000,1.000,0.0000,0.0000,0
2026-05-05,15:14:34,44121,1,0.0000,0.0106,0.1419,4.1743,12.9365,0,12.5202,0,0,61.5134,10.9364,25.8003,-7.9432,169.7913,0.176,0.000,1.000,0.0000,0.0000,0
2026-05-05,15:14:34,44156,1,0.0000,0.0273,0.1336,3.9308,12.9361,0,12.5202,0,0,62.0947,16.1285,25.7209,-5.4855,168.8789,0.144,0.000,1.000,0.0000,0.0000,0
2026-05-05,15:14:34,44191,1,0.0000,0.0181,0.1309,3.8493,12.9359,0,12.5202,0,0,62.1552,-2.8609,25.5288,-6.5764,169.1682,0.112,0.000,1.000,0.0000,0.0000,0
2026-05-05,15:14:34,44226,1,0.0000,-0.0067,0.1337,3.9328,12.9360,0,12.5202,0,0,61.8817,-7.3992,25.3851,-4.7527,169.6323,0.080,0.000,1.000,0.0000,0.0000,0
2026-05-05,15:14:34,44261,1,0.0000,0.0035,0.1329,3.9101,12.9360,0,12.5202,0,0,61.6872,-6.4478,25.4753,-0.5815,169.9137,0.048,0.000,1.000,0.0000,0.0000,0
2026-05-05,15:14:34,44296,1,0.0000,0.0019,0.1325,3.8979,12.9360,0,12.5202,0,0,61.4855,-7.1429,25.4110,-2.4627,169.5130,0.016,0.000,0.997,0.0000,0.0000,0
2026-05-05,15:14:34,44331,1,0.0000,-0.0149,0.1349,3.9678,12.9360,0,12.5202,0,0,61.4270,-0.9214,25.1216,-7.3905,169.2326,0.000,0.000,0.994,0.0000,0.0000,0
2026-05-05,15:14:34,44366,1,0.0000,-0.0133,0.1377,4.0503,12.9362,0,12.5202,0,0,61.3841,-3.5147,24.8184,-8.8723,169.5525,0.000,0.000,0.990,0.0000,0.0000,0
2026-05-05,15:14:34,44401,1,0.0000,0.0115,0.1333,3.9209,12.9362,0,12.5202,0,0,60.9797,-13.2638,24.7064,-6.2860,170.0997,0.032,0.000,0.987,0.0000,0.0000,0
2026-05-05,15:14:34,44436,1,0.0000,0.0427,0.1301,3.8274,12.9360,0,12.5202,0,0,60.9452,2.5902,24.4696,-8.2628,169.8085,0.096,0.000,0.984,0.0000,0.0000,0
2026-05-05,15:14:34,44471,1,0.0000,0.0925,0.1183,3.4790,12.9355,0,12.5202,0,0,61.3717,10.3058,24.1182,-10.5572,169.1225,0.064,0.000,0.981,0.0000,0.0000,0
2026-05-05,15:14:34,44506,1,0.0000,0.0547,0.1115,3.2791,12.9350,0,12.5202,0,0,61.3988,-0.2904,23.7579,-10.8892,168.4148,0.032,0.000,0.978,0.0000,0.0000,0
2026-05-05,15:14:34,44541,1,0.0000,-0.0188,0.1131,3.3251,12.9349,0,12.5202,0,0,61.1479,-7.9203,23.5738,-7.1829,168.1931,0.000,0.000,1.000,0.0000,0.0000,0
2026-05-05,15:14:34,44576,1,0.0000,-0.0498,0.1182,3.4757,12.9351,0,12.5202,0,0,60.9099,-8.4010,23.5294,-3.4967,168.5376,0.000,0.000,1.000,0.0000,0.0000,0
2026-05-05,15:14:34,44611,1,0.0000,-0.0005,0.1226,3.6058,12.9355,0,12.5202,0,0,60.4744,-13.7741,23.5555,-0.9305,169.0455,0.064,0.000,1.000,0.0000,0.0000,0
2026-05-05,15:14:34,44649,1,0.0000,0.0357,0.1179,3.4674,12.9353,0,12.5202,0,0,60.2726,-8.4506,23.8165,1.1261,169.4575,0.112,0.000,0.998,0.0000,0.0000,0
2026-05-05,15:14:34,44685,1,0.0000,0.0889,0.1067,3.1394,12.9348,0,12.5202,0,0,60.3548,4.7796,23.7540,-1.9456,168.7342,0.152,0.000,0.994,0.0000,0.0000,0
2026-05-05,15:14:34,44720,1,0.0000,0.0610,0.0970,2.8529,12.9342,0,12.5202,0,0,60.7017,9.4935,23.6010,-3.6674,168.2760,0.120,0.000,1.000,0.0000,0.0000,0
2026-05-05,15:14:34,44755,1,0.0000,0.0903,0.0825,2.4268,12.9336,0,12.5202,0,0,61.0548,8.6046,23.5638,-2.1068,168.0989,0.088,0.000,1.000,0.0000,0.0000,0
2026-05-05,15:14:35,44791,1,0.0000,0.0483,0.0733,2.1571,12.9330,0,12.5202,0,0,61.2779,0.6738,23.5359,-1.9495,167.9768,0.056,0.000,1.000,0.0000,0.0000,0
2026-05-05,15:14:35,44826,1,0.0000,-0.0052,0.0750,2.2072,12.9329,0,12.5202,0,0,60.7092,-17.1525,23.3271,-5.1622,167.8089,0.024,0.000,1.000,0.0000,0.0000,0
2026-05-05,15:14:35,44861,1,0.0000,-0.0693,0.0845,2.4851,12.9332,0,12.5202,0,0,60.0618,-19.1808,23.1168,-5.9522,167.6808,0.088,0.000,1.000,0.0000,0.0000,0
2026-05-05,15:14:35,44897,1,0.0000,-0.0280,0.0892,2.6237,12.9335,0,12.5202,0,0,59.5451,-15.9019,22.9504,-5.3802,167.7390,0.152,0.000,1.000,0.0000,0.0000,0
2026-05-05,15:14:35,44933,1,0.0000,0.0119,0.0880,2.5868,12.9336,0,12.5202,0,0,59.1277,-9.9491,22.8352,-3.9159,167.8362,0.216,0.000,1.000,0.0000,0.0000,0
2026-05-05,15:14:35,44968,1,0.0000,0.0016,0.0883,2.5962,12.9336,0,12.5202,0,0,59.1704,-0.0010,22.8766,-0.6171,167.5008,0.280,0.000,1.000,0.0000,0.0000,0
2026-05-05,15:14:35,45004,1,0.0000,-0.0114,0.0898,2.6418,12.9336,0,12.5202,0,0,59.2055,0.0901,22.9044,0.2587,167.2561,0.296,0.000,1.000,0.0000,0.0000,0
2026-05-05,15:14:35,45039,1,0.0000,0.0013,0.0894,2.6298,12.9336,0,12.5202,0,0,59.1069,-2.3653,22.9301,0.5437,167.2709,0.264,0.000,1.000,0.0000,0.0000,0
2026-05-05,15:14:35,45074,1,0.0000,0.0147,0.0864,2.5424,12.9336,0,12.5202,0,0,59.1809,2.5900,22.9478,0.5783,167.2330,0.232,0.000,0.998,0.0000,0.0000,0
2026-05-05,15:14:35,45109,1,0.0000,0.0523,0.0808,2.3778,12.9333,0,12.5202,0,0,59.3980,4.5011,22.9739,0.3254,167.2064,0.200,0.000,0.994,0.0000,0.0000,0
2026-05-05,15:14:35,45144,1,0.0000,0.1141,0.0642,1.8892,12.9327,0,12.5202,0,0,59.6129,5.3205,22.9601,-0.1370,167.0873,0.168,0.000,0.991,0.0000,0.0000,0
2026-05-05,15:14:35,45179,1,0.0000,0.0261,0.0570,1.6758,12.9320,0,12.5202,0,0,59.8897,3.5802,22.9221,-1.4882,167.0025,0.136,0.000,0.988,0.0000,0.0000,0
2026-05-05,15:14:35,45214,1,0.0000,-0.1088,0.0705,2.0731,12.9323,0,12.5202,0,0,59.2064,-22.5509,22.6352,-6.6787,166.9326,0.104,0.000,0.985,0.0000,0.0000,0
2026-05-05,15:14:35,45249,1,0.0000,-0.2312,0.1039,3.0561,12.9338,0,12.5202,0,0,58.1298,-30.3479,22.3265,-8.1287,167.0860,0.168,0.000,0.990,0.0000,0.0000,0
2026-05-05,15:14:35,45284,1,0.0000,-0.0448,0.1066,3.1343,12.9345,0,12.5202,0,0,57.3847,-19.8424,22.2116,-4.4803,167.2064,0.232,0.000,1.000,0.0000,0.0000,0
2026-05-05,15:14:35,45319,1,0.0000,0.0014,0.1078,3.1720,12.9347,0,12.5202,0,0,57.3343,2.0750,22.2465,-0.5506,166.9101,0.296,0.000,1.000,0.0000,0.0000,0
2026-05-05,15:14:35,45354,1,0.0000,0.0244,0.1070,3.1474,12.9346,0,12.5202,0,0,57.6312,11.0819,22.3158,1.5109,166.9317,0.336,0.000,1.000,0.0000,0.0000,0
2026-05-05,15:14:35,45389,1,0.0000,0.0401,0.1015,2.9857,12.9344,0,12.5202,0,0,58.2440,17.7169,22.4778,3.6302,166.9642,0.304,0.000,1.000,0.0000,0.0000,0
2026-05-05,15:14:35,45424,1,0.0000,-0.0021,0.1007,2.9607,12.9343,0,12.5202,0,0,58.6543,7.8523,22.5873,2.9934,166.7747,0.272,0.000,1.000,0.0000,0.0000,0
2026-05-05,15:14:35,45459,1,0.0000,0.0097,0.0998,2.9357,12.9342,0,12.5202,0,0,58.4011,-8.5701,22.6101,2.0580,166.8517,0.240,0.000,0.998,0.0000,0.0000,0
2026-05-05,15:14:35,45494,1,0.0000,0.0438,0.0947,2.7843,12.9341,0,12.5202,0,0,58.1340,-6.9826,22.6900,2.2782,166.9080,0.208,0.000,0.995,0.0000,0.0000,0
2026-05-05,15:14:35,45529,1,0.0000,0.0115,0.0937,2.7569,12.9340,0,12.5202,0,0,58.2631,3.5253,22.7146,1.2416,166.8103,0.176,0.000,0.992,0.0000,0.0000,0
2026-05-05,15:14:35,45567,1,0.0000,-0.0369,0.1010,2.9694,12.9342,0,12.5202,0,0,58.3679,3.1771,22.6671,0.4185,166.7077,0.152,0.000,0.990,0.0000,0.0000,0
2026-05-05,15:14:35,45603,1,0.0000,-0.1913,0.1265,3.7205,12.9351,0,12.5202,0,0,58.1294,-8.2847,22.6429,-0.0517,166.7510,0.120,0.000,0.986,0.0000,0.0000,0
2026-05-05,15:14:35,45638,1,0.0000,-0.0405,0.1385,4.0727,12.9362,0,12.5202,0,0,57.6073,-17.8865,22.6334,0.0833,166.5546,0.136,0.000,0.983,0.0000,0.0000,0
2026-05-05,15:14:35,45673,1,0.0000,-0.0484,0.1481,4.3547,12.9366,0,12.5202,0,0,57.2386,-6.9146,22.4699,-3.4491,166.7454,0.200,0.000,1.000,0.0000,0.0000,0
2026-05-05,15:14:35,45708,1,0.0000,-0.0242,0.1473,4.3327,12.9367,0,12.5202,0,0,57.5363,8.9245,22.0919,-8.8409,166.4149,0.216,0.000,1.000,0.0000,0.0000,0
2026-05-05,15:14:35,45743,1,0.0000,-0.0514,0.1562,4.5951,12.9371,0,12.5202,0,0,57.8554,9.7697,21.6624,-11.3806,165.9414,0.184,0.000,1.000,0.0000,0.0000,0
2026-05-05,15:14:35,45778,1,0.0000,-0.2414,0.1841,5.4140,12.9382,0,12.5202,0,0,57.8951,1.7079,21.3581,-9.0429,165.8795,0.152,0.000,1.000,0.0000,0.0000,0
2026-05-05,15:14:36,45814,1,0.0000,-0.0294,0.1933,5.6857,12.9391,0,12.5202,0,0,57.6967,-2.7702,21.3284,-2.8601,165.6556,0.120,0.000,1.000,0.0000,0.0000,0
2026-05-05,15:14:36,45849,1,0.0000,-0.0640,0.1991,5.8557,12.9394,0,12.5202,0,0,57.6156,-3.6221,21.3671,-0.0291,165.2099,0.088,0.000,1.000,0.0000,0.0000,0
2026-05-05,15:14:36,45884,1,0.0000,0.0454,0.1893,5.5662,12.9391,0,12.5202,0,0,57.3014,-10.0002,21.3783,0.7026,165.1348,0.056,0.000,1.000,0.0000,0.0000,0
2026-05-05,15:14:36,45920,1,0.0000,0.0260,0.1877,5.5196,12.9389,0,12.5202,0,0,57.2644,1.2163,21.4354,2.7344,166.0292,0.048,0.000,1.000,0.0000,0.0000,0
2026-05-05,15:14:36,45955,1,0.0000,-0.0582,0.1932,5.6836,12.9391,0,12.5202,0,0,57.3887,3.7436,21.5342,3.5207,166.1986,0.016,0.000,1.000,0.0000,0.0000,0
2026-05-05,15:14:36,45990,1,0.0000,-0.0131,0.1974,5.8053,12.9394,0,12.5202,0,0,57.8481,21.3010,21.7654,6.7831,164.8483,0.000,0.000,1.000,0.0000,0.0000,0
2026-05-05,15:14:36,46025,1,0.0000,0.0229,0.1942,5.7127,12.9393,0,12.5202,0,0,58.1569,7.9584,21.9905,6.9250,164.2565,0.000,0.000,1.000,0.0000,0.0000,0
2026-05-05,15:14:36,46060,1,0.0000,0.0616,0.1849,5.4381,12.9390,0,12.5202,0,0,58.4941,15.7568,22.1065,5.0840,165.0168,0.000,0.000,1.000,0.0000,0.0000,0
2026-05-05,15:14:36,46095,1,0.0000,-0.0146,0.1880,5.5297,12.9389,0,12.5202,0,0,59.1668,19.2576,22.1491,3.4285,165.9289,0.000,0.000,1.000,0.0000,0.0000,0
2026-05-05,15:14:36,46131,1,0.0000,0.0124,0.1849,5.4396,12.9389,0,12.5202,0,0,59.0719,-0.9631,22.2683,4.0081,165.4073,0.000,0.000,1.000,0.0000,0.0000,0
2026-05-05,15:14:36,46166,1,0.0000,-0.0046,0.1871,5.5029,12.9389,0,12.5202,0,0,59.2468,9.9347,22.2199,0.3649,164.4175,0.000,0.000,1.000,0.0000,0.0000,0
2026-05-05,15:14:36,46201,1,0.0000,-0.0317,0.1866,5.4883,12.9388,0,12.5202,0,0,59.9944,21.8340,21.9456,-5.2203,164.1554,0.000,0.000,1.000,0.0000,0.0000,0
2026-05-05,15:14:36,46236,1,0.0000,-0.0853,0.1951,5.7370,12.9391,0,12.5202,0,0,60.1604,6.7470,21.5823,-7.7758,163.9235,0.000,0.000,1.000,0.0000,0.0000,0
2026-05-05,15:14:36,46271,1,0.0000,0.0106,0.1951,5.7374,12.9394,0,12.5202,0,0,60.4651,9.8034,21.6583,0.0929,163.8931,0.000,0.000,1.000,0.0000,0.0000,0
2026-05-05,15:14:36,46306,1,0.0000,0.0432,0.1910,5.6168,12.9392,0,12.5202,0,0,60.4873,2.4695,21.9652,6.4138,164.4721,0.000,0.000,1.000,0.0000,0.0000,0
2026-05-05,15:14:36,46341,1,0.0000,0.1051,0.1718,5.0523,12.9383,0,12.5202,0,0,60.8400,14.4095,22.0927,5.0951,165.1702,0.000,0.000,1.000,0.0000,0.0000,0
2026-05-05,15:14:36,46376,1,0.0000,-0.0376,0.1821,5.3548,12.9385,0,12.5202,0,0,61.9332,32.1327,22.1341,3.1244,164.0025,0.000,0.000,1.000,0.0000,0.0000,0
2026-05-05,15:14:36,46411,1,0.0000,0.0043,0.1806,5.3119,12.9386,0,12.5202,0,0,62.0326,2.6815,22.0870,0.4647,162.8708,0.000,0.000,1.000,0.0000,0.0000,0
2026-05-05,15:14:36,46446,1,0.0000,-0.0121,0.1829,5.3787,12.9386,0,12.5202,0,0,62.4286,15.7645,22.0137,-0.1332,163.1472,0.000,0.000,1.000,0.0000,0.0000,0
2026-05-05,15:14:36,46485,1,0.0000,0.0030,0.1854,5.4523,12.9388,0,12.5202,0,0,62.5783,8.8227,21.9582,0.8957,163.1142,0.000,0.000,1.000,0.0000,0.0000,0
2026-05-05,15:14:36,46521,1,0.0000,0.0307,0.1810,5.3242,12.9386,0,12.5202,0,0,62.7217,5.8396,22.0685,2.8551,163.5523,0.000,0.000,1.000,0.0000,0.0000,0
2026-05-05,15:14:36,46556,1,0.0000,-0.0152,0.1795,5.2806,12.9384,0,12.5202,0,0,63.1057,12.4743,22.1147,2.3044,163.5841,0.000,0.000,1.000,0.0000,0.0000,0
2026-05-05,15:14:36,46591,1,0.0000,-0.0070,0.1792,5.2698,12.9385,0,12.5202,0,0,63.6007,17.9650,22.1285,1.7400,162.8911,0.000,0.000,1.000,0.0000,0.0000,0
2026-05-05,15:14:36,46626,1,0.0000,0.0197,0.1753,5.1561,12.9384,0,12.5202,0,0,63.9499,5.5055,22.3096,4.6501,162.6308,0.000,0.000,1.000,0.0000,0.0000,0
2026-05-05,15:14:36,46661,1,0.0000,0.0081,0.1769,5.2033,12.9384,0,12.5202,0,0,64.1941,8.2398,22.4712,5.5372,162.7281,0.000,0.000,1.000,0.0000,0.0000,0
2026-05-05,15:14:36,46696,1,0.0000,-0.0046,0.1771,5.2089,12.9384,0,12.5202,0,0,64.2969,4.1602,22.6633,6.7079,163.0847,0.000,0.000,1.000,0.0000,0.0000,0
2026-05-05,15:14:36,46731,1,0.0000,0.0286,0.1700,5.0010,12.9381,0,12.5202,0,0,64.4741,6.9925,22.9361,8.5748,163.8324,0.000,0.000,1.000,0.0000,0.0000,0
2026-05-05,15:14:36,46766,1,0.0000,-0.0073,0.1700,5.0006,12.9379,0,12.5202,0,0,64.8445,13.1712,23.2154,8.6111,163.7458,0.000,0.000,1.000,0.0000,0.0000,0
2026-05-05,15:14:37,46801,1,0.0000,-0.0483,0.1749,5.1437,12.9381,0,12.5202,0,0,65.2453,15.1965,23.2813,4.8863,163.2589,0.000,0.000,1.000,0.0000,0.0000,0
2026-05-05,15:14:37,46837,1,0.0000,0.0012,0.1751,5.1506,12.9383,0,12.5202,0,0,65.4121,2.0669,23.3915,4.9463,163.3772,0.000,0.000,1.000,0.0000,0.0000,0
2026-05-05,15:14:37,46872,1,0.0000,0.0315,0.1769,5.2023,12.9383,0,12.5202,0,0,65.2634,-1.0147,23.5619,5.8019,164.2249,0.000,0.000,1.000,0.0000,0.0000,0
2026-05-05,15:14:37,46907,1,0.0000,0.0049,0.1744,5.1304,12.9383,0,12.5202,0,0,65.5570,12.1381,23.8138,7.3724,164.6632,0.000,0.000,1.000,0.0000,0.0000,0
2026-05-05,15:14:37,46943,1,0.0000,-0.0092,0.1765,5.1926,12.9383,0,12.5202,0,0,66.1182,15.5343,24.0230,7.2125,164.1512,0.000,0.000,1.000,0.0000,0.0000,0
2026-05-05,15:14:37,46978,1,0.0000,0.0051,0.1763,5.1867,12.9383,0,12.5202,0,0,66.3228,7.2459,24.1546,5.5242,163.5479,0.000,0.000,1.000,0.0000,0.0000,0
2026-05-05,15:14:37,47013,1,0.0000,-0.0274,0.1788,5.2602,12.9385,0,12.5202,0,0,66.3961,1.5533,24.1566,2.7024,163.5888,0.000,0.000,1.000,0.0000,0.0000,0
2026-05-05,15:14:37,47049,1,0.0000,-0.0261,0.1796,5.2833,12.9385,0,12.5202,0,0,66.7263,9.1351,24.2798,4.6254,164.3603,0.000,0.000,1.000,0.0000,0.0000,0
2026-05-05,15:14:37,47084,1,0.0000,0.0009,0.1793,5.2721,12.9385,0,12.5202,0,0,66.7668,2.4983,24.5462,7.4991,164.2632,0.000,0.000,1.000,0.0000,0.0000,0
2026-05-05,15:14:37,47119,1,0.0000,0.0006,0.1792,5.2710,12.9385,0,12.5202,0,0,66.8604,5.9086,24.8306,8.2621,163.7570,0.000,0.000,1.000,0.0000,0.0000,0
2026-05-05,15:14:37,47154,1,0.0000,0.0014,0.1787,5.2568,12.9385,0,12.5202,0,0,66.9067,4.0022,25.0158,7.5356,163.3997,0.000,0.000,0.998,0.0000,0.0000,0
2026-05-05,15:14:37,47189,1,0.0000,0.0135,0.1777,5.2254,12.9384,0,12.5202,0,0,66.9882,-1.3270,25.2013,6.3880,162.8883,0.000,0.000,0.995,0.0000,0.0000,0
2026-05-05,15:14:37,47224,1,0.0000,0.0186,0.1743,5.1268,12.9383,0,12.5202,0,0,66.5521,-11.3930,25.0986,0.0593,150.3801,0.000,0.000,0.992,0.0000,0.0000,0
2026-05-05,15:14:37,47259,1,0.0000,-0.0075,0.1762,5.1828,12.9383,0,12.5202,0,0,66.4736,-0.2366,24.9083,-2.6153,108.0791,0.000,0.000,0.989,0.0000,0.0000,0
2026-05-05,15:14:37,47295,1,0.0000,0.0111,0.1754,5.1597,12.9383,0,12.5202,0,0,66.6770,13.3617,25.0445,2.1683,115.1255,0.000,0.000,0.986,0.0000,0.0000,0
2026-05-05,15:14:37,47330,1,0.0000,0.1797,0.1481,4.3559,12.9373,0,12.5202,0,0,67.1450,10.7731,25.2086,4.0232,118.9950,0.000,0.000,0.982,0.0000,0.0000,0
2026-05-05,15:14:37,47365,1,0.0000,-0.0176,0.1488,4.3768,12.9368,0,12.5202,0,0,67.6835,16.0425,25.2460,2.1125,124.1220,0.000,0.000,0.988,0.0000,0.0000,0
2026-05-05,15:14:37,47406,1,0.0000,-0.1503,0.1649,4.8499,12.9373,0,12.5202,0,0,67.1824,-4.2483,24.9096,-2.0445,113.7665,0.000,0.000,1.000,0.0000,0.0000,0
2026-05-05,15:14:37,47441,1,0.0000,0.0026,0.1718,5.0544,12.9381,0,12.5202,0,0,67.6145,24.7251,24.8203,-0.4715,77.8310,0.000,0.000,0.997,0.0000,0.0000,0
2026-05-05,15:14:37,47476,1,0.0000,0.0542,0.1643,4.8325,12.9378,0,12.5202,0,0,67.9003,4.2816,25.1052,5.1830,90.6372,0.000,0.000,0.994,0.0000,0.0000,0
2026-05-05,15:14:37,47511,1,0.0000,0.1414,0.1368,4.0244,12.9366,0,12.5202,0,0,68.1695,13.7892,25.1821,3.1818,101.8821,0.000,0.000,0.990,0.0000,0.0000,0
2026-05-05,15:14:37,47546,1,0.0000,0.0276,0.1382,4.0648,12.9363,0,12.5202,0,0,69.1384,31.3862,25.2690,3.2237,111.7376,0.000,0.000,1.000,0.0000,0.0000,0
2026-05-05,15:14:37,47581,1,0.0000,0.0494,0.1259,3.7038,12.9358,0,12.5202,0,0,69.8790,23.2987,25.4370,4.5342,120.1209,0.000,0.000,1.000,0.0000,0.0000,0
2026-05-05,15:14:37,47616,1,0.0000,0.0711,0.1151,3.3857,12.9353,0,12.5202,0,0,70.1883,11.8170,25.6016,4.7849,126.9710,0.000,0.000,1.000,0.0000,0.0000,0
2026-05-05,15:14:37,47651,1,0.0000,0.0437,0.1149,3.3799,12.9351,0,12.5202,0,0,70.8771,22.1586,25.8458,6.9286,134.3151,0.000,0.000,1.000,0.0000,0.0000,0
2026-05-05,15:14:37,47686,1,0.0000,-0.0156,0.1182,3.4758,12.9351,0,12.5202,0,0,71.1196,4.4188,26.1111,7.7210,121.1588,0.000,0.000,1.000,0.0000,0.0000,0
2026-05-05,15:14:37,47721,1,0.0000,-0.0294,0.1203,3.5385,12.9352,0,12.5202,0,0,70.4561,-18.4584,26.3473,7.0848,126.7432,0.000,0.000,1.000,0.0000,0.0000,0
2026-05-05,15:14:37,47757,1,0.0000,-0.0022,0.1203,3.5385,12.9352,0,12.5202,0,0,69.7818,-17.3890,26.3871,3.6869,130.0753,0.032,0.000,1.000,0.0000,0.0000,0
2026-05-05,15:14:38,47792,1,0.0000,0.0027,0.1188,3.4949,12.9352,0,12.5202,0,0,70.2584,16.8678,26.5010,3.8063,132.7368,0.048,0.000,1.000,0.0000,0.0000,0
2026-05-05,15:14:38,47827,1,0.0000,0.0213,0.1167,3.4338,12.9352,0,12.5202,0,0,70.7597,14.4910,26.5656,2.7518,136.9795,0.016,0.000,1.000,0.0000,0.0000,0
2026-05-05,15:14:38,47863,1,0.0000,-0.0018,0.1182,3.4758,12.9351,0,12.5202,0,0,71.1363,15.4681,26.5602,1.0795,140.5618,0.000,0.000,1.000,0.0000,0.0000,0
2026-05-05,15:14:38,47898,1,0.0000,-0.0015,0.1171,3.4432,12.9351,0,12.5202,0,0,72.0544,29.3977,26.5525,0.3544,145.3820,0.000,0.000,1.000,0.0000,0.0000,0
2026-05-05,15:14:38,47934,1,0.0000,0.0833,0.1073,3.1555,12.9349,0,12.5202,0,0,72.3994,5.6025,26.6438,1.9876,98.7360,0.000,0.000,1.000,0.0000,0.0000,0
2026-05-05,15:14:38,47969,1,0.0000,0.1496,0.0844,2.4817,12.9338,0,12.5202,0,0,72.0920,-11.0490,26.9606,6.6715,60.1967,0.000,0.000,1.000,0.0000,0.0000,0
2026-05-05,15:14:38,48004,1,0.0000,0.0420,0.0817,2.4033,12.9334,0,12.5202,0,0,71.3509,-30.3553,27.7016,15.1893,79.7205,0.016,0.000,1.000,0.0000,0.0000,0
2026-05-05,15:14:38,48039,1,0.0000,-0.0009,0.0837,2.4620,12.9333,0,12.5202,0,0,69.8294,-46.5369,28.0786,9.0889,96.2177,0.080,0.000,1.000,0.0000,0.0000,0
2026-05-05,15:14:38,48075,1,0.0000,0.0364,0.0786,2.3118,12.9332,0,12.5202,0,0,68.8285,-24.5403,27.7513,-6.9897,83.7963,0.144,0.000,1.000,0.0000,0.0000,0
2026-05-05,15:14:38,48110,1,0.0000,0.0200,0.0772,2.2706,12.9330,0,12.5202,0,0,68.4634,-7.4122,26.8808,-21.6587,73.9283,0.208,0.000,1.000,0.0000,0.0000,0
2026-05-05,15:14:38,48145,1,0.0000,-0.0022,0.0784,2.3047,12.9331,0,12.5202,0,0,68.3171,-1.5061,25.7722,-31.8085,89.3903,0.272,0.000,1.000,0.0000,0.0000,0
2026-05-05,15:14:38,48181,1,0.0000,0.0080,0.0771,2.2688,12.9331,0,12.5202,0,0,68.4591,13.2234,24.5006,-38.2067,99.3090,0.312,0.000,1.000,0.0000,0.0000,0
2026-05-05,15:14:38,48216,1,0.0000,0.0345,0.0735,2.1611,12.9329,0,12.5202,0,0,69.9876,56.2917,23.4004,-36.2415,91.4894,0.280,0.000,1.000,0.0000,0.0000,0
2026-05-05,15:14:38,48251,1,0.0000,0.0746,0.0617,1.8152,12.9324,0,12.5202,0,0,71.3538,34.8265,22.6343,-29.7859,101.6508,0.248,0.000,1.000,0.0000,0.0000,0
2026-05-05,15:14:38,48286,1,0.0000,0.0432,0.0527,1.5501,12.9319,0,12.5202,0,0,71.2504,-6.7016,21.8676,-28.6386,111.4672,0.216,0.000,1.000,0.0000,0.0000,0
2026-05-05,15:14:38,48325,1,0.0000,-0.0087,0.0568,1.6711,12.9318,0,12.5202,0,0,70.9287,-3.4149,21.1916,-32.4087,115.0476,0.192,0.000,1.000,0.0000,0.0000,0
2026-05-05,15:14:38,48360,1,0.0000,0.0091,0.0545,1.6025,12.9318,0,12.5202,0,0,71.7036,30.1068,18.7428,-60.6399,119.5556,0.160,0.000,1.000,0.0000,0.0000,0
2026-05-05,15:14:38,48395,1,0.0000,0.0128,0.0528,1.5533,12.9317,0,12.5202,0,0,73.0183,47.0968,16.4152,-65.7954,121.3935,0.128,0.000,1.000,0.0000,0.0000,0
2026-05-05,15:14:38,48430,1,0.0000,-0.0148,0.0550,1.6175,12.9318,0,12.5202,0,0,73.7863,5.6742,14.2933,-63.6126,120.2050,0.096,0.000,1.000,0.0000,0.0000,0
2026-05-05,15:14:38,48465,1,0.0000,-0.1569,0.0742,2.1814,12.9325,0,12.5202,0,0,72.7954,-41.9580,11.7850,-67.5867,114.6270,0.064,0.000,1.000,0.0000,0.0000,0
2026-05-05,15:14:38,48500,1,0.0000,-0.1366,0.0992,2.9189,12.9339,0,12.5202,0,0,71.3318,-44.1627,9.6421,-55.0964,96.3265,0.128,0.000,1.000,0.0000,0.0000,0
2026-05-05,15:14:38,48536,1,0.0000,0.0034,0.0959,2.8219,12.9341,0,12.5202,0,0,70.0234,-30.7842,10.2654,6.7288,54.1519,0.192,0.000,1.000,0.0000,0.0000,0
2026-05-05,15:14:38,48571,1,0.0000,0.0090,0.0962,2.8303,12.9341,0,12.5202,0,0,68.8871,-33.3654,13.9421,81.3708,32.9690,0.256,0.000,1.000,0.0000,0.0000,0
2026-05-05,15:14:38,48606,1,0.0000,0.0300,0.0909,2.6740,12.9338,0,12.5202,0,0,69.1714,18.9448,18.7052,122.7273,16.3530,0.320,0.000,1.000,0.0000,0.0000,0
2026-05-05,15:14:38,48641,1,0.0000,0.1481,0.0741,2.1787,12.9332,0,12.5202,0,0,70.0995,-44.8330,22.9834,125.3050,27.6579,0.312,0.000,1.000,0.0000,0.0000,0
2026-05-05,15:14:38,48676,1,0.0000,-0.0419,0.0783,2.3021,12.9329,0,12.5202,0,0,68.4586,-131.7287,23.7883,57.6855,17.0785,0.304,0.000,1.000,0.0000,0.0000,0
2026-05-05,15:14:38,48711,1,0.0000,-0.2559,0.1185,3.4863,12.9345,0,12.5202,0,0,63.3586,-99.1078,23.4737,21.2530,-9.7091,0.368,0.000,1.000,0.0000,0.0000,0
2026-05-05,15:14:38,48746,1,0.0000,-0.1046,0.1346,3.9578,12.9358,0,12.5202,0,0,65.5199,63.0909,25.2496,45.5626,2.4236,0.432,0.000,1.000,0.0000,0.0000,0
2026-05-05,15:14:39,48782,1,0.0000,0.0175,0.1285,3.7808,12.9358,0,12.5202,0,0,65.8089,-13.9096,26.8456,46.5242,27.0091,0.496,0.000,1.000,0.0000,0.0000,0
2026-05-05,15:14:39,48817,1,0.0000,0.0207,0.1219,3.5847,12.9355,0,12.5202,0,0,65.1076,-4.2032,27.6734,33.3778,48.5241,0.560,0.000,1.000,0.0000,0.0000,0
2026-05-05,15:14:39,48852,1,0.0000,0.0189,0.1220,3.5889,12.9354,0,12.5202,0,0,66.6881,52.2078,28.4178,27.2090,65.0016,0.552,0.000,1.000,0.0000,0.0000,0
2026-05-05,15:14:39,48888,1,0.0000,0.0004,0.1220,3.5888,12.9354,0,12.5202,0,0,68.9040,69.6296,29.0240,22.5030,53.8605,0.520,0.000,1.000,0.0000,0.0000,0
2026-05-05,15:14:39,48923,1,0.0000,-0.0015,0.1216,3.5760,12.9354,0,12.5202,0,0,70.6838,58.2404,29.3377,14.2864,21.0462,0.488,0.000,1.000,0.0000,0.0000,0
2026-05-05,15:14:39,48958,1,0.0000,0.0013,0.1220,3.5895,12.9354,0,12.5202,0,0,72.5123,58.0318,29.4532,8.5769,-8.0995,0.456,0.000,1.000,0.0000,0.0000,0
2026-05-05,15:14:39,48993,1,0.0000,0.0011,0.1224,3.5991,12.9354,0,12.5202,0,0,72.6105,-5.1602,29.6421,7.6476,-33.4488,0.424,0.000,1.000,0.0000,0.0000,0
2026-05-05,15:14:39,49028,1,0.0000,-0.0091,0.1238,3.6398,12.9354,0,12.5202,0,0,71.8708,-17.0993,29.5953,2.6022,-55.9772,0.392,0.000,1.000,0.0000,0.0000,0
2026-05-05,15:14:39,49063,1,0.0000,-0.0091,0.1223,3.5959,12.9354,0,12.5202,0,0,72.3478,18.4818,29.8523,7.8374,-29.1494,0.360,0.000,1.000,0.0000,0.0000,0
2026-05-05,15:14:39,49098,1,0.0000,-0.0150,0.1210,3.5580,12.9354,0,12.5202,0,0,72.8030,10.2730,30.3889,13.4743,-0.5308,0.328,0.000,1.000,0.0000,0.0000,0
2026-05-05,15:14:39,49134,1,0.0000,-0.0001,0.1206,3.5484,12.9354,0,12.5202,0,0,72.5412,-8.9093,30.7752,12.5580,25.5085,0.296,0.000,1.000,0.0000,0.0000,0
2026-05-05,15:14:39,49169,1,0.0000,0.0012,0.1213,3.5689,12.9354,0,12.5202,0,0,72.4317,-0.4139,30.9848,9.1058,46.5683,0.264,0.000,1.000,0.0000,0.0000,0
2026-05-05,15:14:39,49204,1,0.0000,0.0016,0.1202,3.5350,12.9354,0,12.5202,0,0,72.8710,13.2011,31.1439,7.1767,44.4935,0.232,0.000,1.000,0.0000,0.0000,0
2026-05-05,15:14:39,49243,1,0.0000,0.1264,0.1093,3.2158,12.9351,0,12.5202,0,0,73.2666,13.1319,30.9665,4.2334,27.5563,0.208,0.000,1.000,0.0000,0.0000,0
2026-05-05,15:14:39,49278,1,0.0000,-0.0097,0.0962,2.8292,12.9341,0,12.5202,0,0,73.6620,11.7155,31.0253,3.7244,-1.8765,0.176,0.000,1.000,0.0000,0.0000,0
2026-05-05,15:14:39,49313,1,0.0000,0.0329,0.0931,2.7388,12.9340,0,12.5202,0,0,73.8142,2.5535,31.3603,8.8518,-1.6275,0.144,0.000,1.000,0.0000,0.0000,0
2026-05-05,15:14:39,49348,1,0.0000,-0.0372,0.0918,2.7015,12.9337,0,12.5202,0,0,73.1600,-30.2767,31.7607,10.4664,21.2293,0.112,0.000,1.000,0.0000,0.0000,0
2026-05-05,15:14:39,49383,1,0.0000,-0.1056,0.1050,3.0887,12.9342,0,12.5202,0,0,71.5694,-45.0799,31.7581,3.6411,38.9912,0.176,0.000,1.000,0.0000,0.0000,0
2026-05-05,15:14:39,49418,1,0.0000,-0.0669,0.1174,3.4533,12.9350,0,12.5202,0,0,71.2472,-4.9387,31.6355,-0.0094,54.1881,0.240,0.000,1.000,0.0000,0.0000,0
2026-05-05,15:14:39,49453,1,0.0000,0.0168,0.1135,3.3370,12.9350,0,12.5202,0,0,71.6572,8.9515,31.2628,-6.6408,40.1191,0.304,0.000,1.000,0.0000,0.0000,0
2026-05-05,15:14:39,49488,1,0.0000,0.0409,0.1090,3.2053,12.9349,0,12.5202,0,0,71.3896,-7.9539,30.9078,-6.7454,11.8986,0.368,0.000,1.000,0.0000,0.0000,0
2026-05-05,15:14:39,49523,1,0.0000,0.1042,0.0900,2.6471,12.9340,0,12.5202,0,0,71.3408,-5.9887,31.3241,6.6539,-13.5812,0.432,0.000,1.000,0.0000,0.0000,0
2026-05-05,15:14:39,49558,1,0.0000,-0.0084,0.0931,2.7375,12.9338,0,12.5202,0,0,70.9487,-7.7788,31.6581,8.7931,-35.1620,0.496,0.000,1.000,0.0000,0.0000,0
2026-05-05,15:14:39,49593,1,0.0000,0.0020,0.0934,2.7464,12.9339,0,12.5202,0,0,71.2409,10.4609,31.9599,9.1089,-53.2664,0.512,0.000,1.000,0.0000,0.0000,0
2026-05-05,15:14:39,49628,1,0.0000,0.0040,0.0928,2.7281,12.9339,0,12.5202,0,0,71.7489,14.5935,32.2452,8.2791,-67.3808,0.480,0.000,1.000,0.0000,0.0000,0
2026-05-05,15:14:39,49663,1,0.0000,-0.0111,0.0946,2.7828,12.9339,0,12.5202,0,0,72.3152,15.9445,32.5417,8.2731,-56.3040,0.448,0.000,1.000,0.0000,0.0000,0
2026-05-05,15:14:39,49698,1,0.0000,-0.0214,0.0985,2.8959,12.9341,0,12.5202,0,0,71.9461,-15.4838,32.6451,4.6157,-24.8154,0.416,0.000,1.000,0.0000,0.0000,0
2026-05-05,15:14:39,49734,1,0.0000,0.0202,0.0956,2.8118,12.9341,0,12.5202,0,0,71.1598,-26.7071,32.6178,1.0749,0.4482,0.432,0.000,1.000,0.0000,0.0000,0
2026-05-05,15:14:39,49769,1,0.0000,0.0531,0.0887,2.6102,12.9338,0,12.5202,0,0,70.8464,-8.1204,32.6718,1.5686,23.0912,0.496,0.000,1.000,0.0000,0.0000,0
2026-05-05,15:14:40,49805,1,0.0000,0.0418,0.0852,2.5054,12.9336,0,12.5202,0,0,70.7855,-6.2363,32.6032,-0.7727,45.2445,0.560,0.000,1.000,0.0000,0.0000,0
2026-05-05,15:14:40,49840,1,0.0000,-0.0208,0.0862,2.5352,12.9335,0,12.5202,0,0,70.0937,-31.0130,32.5942,-0.4402,64.4247,0.624,0.000,1.000,0.0000,0.0000,0
2026-05-05,15:14:40,49875,1,0.0000,-0.0419,0.0901,2.6500,12.9337,0,12.5202,0,0,68.0570,-66.2979,32.3330,-5.1945,79.1089,0.688,0.000,1.000,0.0000,0.0000,0
2026-05-05,15:14:40,49910,1,0.0000,-0.0122,0.0946,2.7827,12.9339,0,12.5202,0,0,66.6465,-37.3913,32.0081,-6.9226,90.5343,0.752,0.000,1.000,0.0000,0.0000,0
2026-05-05,15:14:40,49945,1,0.0000,0.0325,0.0891,2.6195,12.9338,0,12.5202,0,0,67.1309,21.2098,31.9710,-1.6487,88.1811,0.816,0.000,1.000,0.0000,0.0000,0
2026-05-05,15:14:40,49980,1,0.0000,0.0553,0.0805,2.3671,12.9334,0,12.5202,0,0,68.7145,48.1321,32.0947,2.3426,56.0453,0.808,0.000,1.000,0.0000,0.0000,0
2026-05-05,15:14:40,50016,1,0.0000,0.0565,0.0724,2.1291,12.9330,0,12.5202,0,0,69.4841,32.6239,32.2750,5.4878,38.7898,0.776,0.000,1.000,0.0000,0.0000,0
2026-05-05,15:14:40,50051,1,0.0000,0.0006,0.0714,2.1012,12.9328,0,12.5202,0,0,71.9265,68.1163,32.7749,11.8162,13.2014,0.744,0.000,1.000,0.0000,0.0000,0
2026-05-05,15:14:40,50087,1,0.0000,-0.1216,0.0888,2.6115,12.9333,0,12.5202,0,0,72.0631,-21.9739,32.9478,5.5403,5.4604,0.712,0.000,1.000,0.0000,0.0000,0
2026-05-05,15:14:40,50122,1,0.0000,0.0028,0.0931,2.7372,12.9339,0,12.5202,0,0,69.5047,-67.9639,32.1195,-13.1855,-23.2182,0.728,0.000,1.000,0.0000,0.0000,0
2026-05-05,15:14:40,50160,1,0.0000,0.1324,0.0779,2.2900,12.9334,0,12.5202,0,0,69.8576,-4.9576,31.6419,-8.5100,-36.0496,0.776,0.000,1.000,0.0000,0.0000,0
2026-05-05,15:14:40,50196,1,0.0000,0.2774,0.0400,1.1751,12.9317,0,12.5202,0,0,71.3324,33.2109,32.6467,17.5678,-36.2890,0.792,0.000,1.000,0.0000,0.0000,0
2026-05-05,15:14:40,50231,1,0.0000,-0.0278,0.0508,1.4929,12.9315,0,12.5202,0,0,71.2295,-21.0344,33.5120,21.5913,-7.1457,0.760,0.000,1.000,0.0000,0.0000,0
2026-05-05,15:14:40,50267,1,0.0000,-0.1551,0.0734,2.1596,12.9323,0,12.5202,0,0,68.3715,-85.5152,33.7420,11.2092,17.2685,0.800,0.000,1.000,0.0000,0.0000,0
2026-05-05,15:14:40,50302,1,0.0000,-0.0961,0.0944,2.7751,12.9337,0,12.5202,0,0,67.8335,4.1504,33.7693,5.2177,37.0489,0.864,0.000,1.000,0.0000,0.0000,0
2026-05-05,15:14:40,50337,1,0.0000,0.0088,0.0906,2.6654,12.9337,0,12.5202,0,0,69.5924,45.1118,33.7917,2.7807,53.8014,0.880,0.000,1.000,0.0000,0.0000,0
2026-05-05,15:14:40,50372,1,0.0000,0.0069,0.0891,2.6200,12.9338,0,12.5202,0,0,70.0212,6.3674,33.5431,-2.0695,36.0182,0.848,0.000,1.000,0.0000,0.0000,0
2026-05-05,15:14:40,50407,1,0.0000,0.0287,0.0882,2.5929,12.9337,0,12.5202,0,0,69.5067,-12.2230,33.6855,4.8562,4.1329,0.816,0.000,1.000,0.0000,0.0000,0
2026-05-05,15:14:40,50442,1,0.0000,-0.0040,0.0888,2.6127,12.9337,0,12.5202,0,0,68.9725,-25.8396,34.6485,21.0349,21.7047,0.808,0.000,1.000,0.0000,0.0000,0
2026-05-05,15:14:40,50477,1,0.0000,0.0026,0.0882,2.5946,12.9336,0,12.5202,0,0,67.7258,-42.4070,35.2941,19.1150,41.2404,0.872,0.000,1.000,0.0000,0.0000,0
2026-05-05,15:14:40,50512,1,0.0000,0.0047,0.0870,2.5599,12.9336,0,12.5202,0,0,66.0450,-53.9796,35.4520,9.7103,58.9835,0.936,0.000,1.000,0.0000,0.0000,0
2026-05-05,15:14:40,50547,1,0.0000,-0.0032,0.0877,2.5807,12.9336,0,12.5202,0,0,64.8526,-33.9533,35.3147,1.3902,55.4052,1.000,0.000,1.000,0.0000,0.0000,0
2026-05-05,15:14:40,50582,1,0.0000,-0.0741,0.0971,2.8553,12.9339,0,12.5202,0,0,64.5346,-3.3595,35.1643,-1.7983,21.3836,1.000,0.000,1.000,0.0000,0.0000,0
2026-05-05,15:14:40,50617,1,0.0000,-0.1130,0.1112,3.2717,12.9346,0,12.5202,0,0,66.0725,57.3543,35.0589,-1.7678,-6.2144,0.992,0.000,1.000,0.0000,0.0000,0
2026-05-05,15:14:40,50652,1,0.0000,-0.1224,0.1233,3.6274,12.9352,0,12.5202,0,0,67.5803,49.0212,35.0195,-0.1390,-11.7496,0.960,0.000,1.000,0.0000,0.0000,0
2026-05-05,15:14:40,50687,1,0.0000,0.0070,0.1218,3.5819,12.9354,0,12.5202,0,0,68.5395,21.6420,35.8280,15.2486,7.7981,0.928,0.000,1.000,0.0000,0.0000,0
2026-05-05,15:14:40,50722,1,0.0000,0.0659,0.1122,3.2989,12.9351,0,12.5202,0,0,66.6523,-49.0660,35.5409,-0.5886,-15.1394,0.896,0.000,1.000,0.0000,0.0000,0
2026-05-05,15:14:40,50757,1,0.0000,-0.0280,0.1135,3.3379,12.9348,0,12.5202,0,0,68.4262,51.4838,35.7860,5.6073,0.6392,0.888,0.000,1.000,0.0000,0.0000,0
2026-05-05,15:14:41,50792,1,0.0000,-0.0330,0.1161,3.4140,12.9350,0,12.5202,0,0,68.7233,6.1104,35.8581,2.5737,6.8578,0.856,0.000,1.000,0.0000,0.0000,0
2026-05-05,15:14:41,50827,1,0.0000,-0.1140,0.1301,3.8258,12.9356,0,12.5202,0,0,68.6449,-3.9683,35.7543,-0.7362,31.4972,0.824,0.000,1.000,0.0000,0.0000,0
2026-05-05,15:14:41,50862,1,0.0000,-0.0265,0.1352,3.9768,12.9360,0,12.5202,0,0,68.1520,-20.5149,35.6600,-1.8305,46.7413,0.792,0.000,1.000,0.0000,0.0000,0
2026-05-05,15:14:41,50897,1,0.0000,0.0343,0.1308,3.8456,12.9360,0,12.5202,0,0,66.4790,-58.2826,35.6516,-0.7671,65.6431,0.832,0.000,1.000,0.0000,0.0000,0
2026-05-05,15:14:41,50932,1,0.0000,0.2356,0.0995,2.9254,12.9349,0,12.5202,0,0,64.7559,-57.2601,35.6836,0.7519,82.2523,0.896,0.000,1.000,0.0000,0.0000,0
2026-05-05,15:14:41,50967,1,0.0000,0.2485,0.0582,1.7126,12.9327,0,12.5202,0,0,63.7369,-38.2022,35.7649,1.4886,96.2831,0.960,0.000,1.000,0.0000,0.0000,0
2026-05-05,15:14:41,51002,1,0.0000,0.0799,0.0441,1.2976,12.9314,0,12.5202,0,0,62.8615,-41.9725,35.7167,-1.3748,108.0645,1.000,0.000,1.000,0.0000,0.0000,0
2026-05-05,15:14:41,51037,1,0.0000,-0.0089,0.0495,1.4551,12.9315,0,12.5202,0,0,60.7383,-79.0187,35.4411,-6.9708,117.5392,1.000,0.000,1.000,0.0000,0.0000,0
2026-05-05,15:14:41,51075,1,0.0000,-0.0291,0.0511,1.5034,12.9315,0,12.5202,0,0,58.2336,-86.4423,34.8300,-11.8902,114.9813,1.000,0.000,1.000,0.0000,0.0000,0
2026-05-05,15:14:41,51111,1,0.0000,-0.1992,0.0772,2.2716,12.9325,0,12.5202,0,0,55.4174,-52.3188,33.8337,-22.2411,72.7026,1.000,0.000,1.000,0.0000,0.0000,0
2026-05-05,15:14:41,51147,1,0.0000,-0.0727,0.0903,2.6549,12.9335,0,12.5202,0,0,55.2397,12.7132,33.1289,-19.0979,51.0531,1.000,0.000,1.000,0.0000,0.0000,0
2026-05-05,15:14:41,51182,1,0.0000,-0.0045,0.0949,2.7922,12.9340,0,12.5202,0,0,57.7671,81.2130,32.9572,-10.0802,30.6952,0.984,0.000,1.000,0.0000,0.0000,0
2026-05-05,15:14:41,51217,1,0.0000,0.0169,0.0931,2.7375,12.9339,0,12.5202,0,0,61.5948,125.4548,32.9715,-3.3708,14.7572,0.952,0.000,1.000,0.0000,0.0000,0
2026-05-05,15:14:41,51253,1,0.0000,0.0582,0.0839,2.4665,12.9336,0,12.5202,0,0,64.4856,81.4297,33.2602,3.6532,37.1658,0.920,0.000,1.000,0.0000,0.0000,0
2026-05-05,15:14:41,51288,1,0.0000,0.0151,0.0754,2.2179,12.9331,0,12.5202,0,0,65.9193,32.9226,33.4005,2.6717,43.5457,0.888,0.000,1.000,0.0000,0.0000,0
2026-05-05,15:14:41,51323,1,0.0000,0.0246,0.0725,2.1313,12.9329,0,12.5202,0,0,65.3717,-25.4664,33.1946,-3.9111,10.7225,0.856,0.000,1.000,0.0000,0.0000,0
2026-05-05,15:14:41,51358,1,0.0000,0.0097,0.0754,2.2167,12.9329,0,12.5202,0,0,63.8102,-44.2262,32.9115,-6.8228,-16.4999,0.824,0.000,1.000,0.0000,0.0000,0
2026-05-05,15:14:41,51393,1,0.0000,-0.0136,0.0782,2.3002,12.9330,0,12.5202,0,0,62.9424,-25.2185,32.9485,-1.7574,-39.5888,0.888,0.000,1.000,0.0000,0.0000,0
2026-05-05,15:14:41,51428,1,0.0000,-0.0096,0.0776,2.2822,12.9330,0,12.5202,0,0,62.7482,-1.0994,33.0075,-0.3531,-59.5071,0.952,0.000,1.000,0.0000,0.0000,0
2026-05-05,15:14:41,51463,1,0.0000,-0.0598,0.0897,2.6369,12.9335,0,12.5202,0,0,63.0315,14.0850,32.8925,-2.8890,-76.2678,0.992,0.000,1.000,0.0000,0.0000,0
2026-05-05,15:14:41,51498,1,0.0000,-0.3360,0.1347,3.9603,12.9351,0,12.5202,0,0,63.4045,18.2172,32.6456,-6.2659,-90.9031,0.960,0.000,1.000,0.0000,0.0000,0
2026-05-05,15:14:41,51533,1,0.0000,-0.2698,0.1770,5.2073,12.9376,0,12.5202,0,0,64.3107,36.2416,32.2929,-9.1926,-102.9658,0.928,0.000,1.000,0.0000,0.0000,0
2026-05-05,15:14:41,51568,1,0.0000,-0.1463,0.2161,6.3572,12.9400,0,12.5202,0,0,65.1048,25.4915,31.9569,-9.7781,-111.9654,0.896,0.000,1.000,0.0000,0.0000,0
2026-05-05,15:14:41,51603,1,0.0000,-0.0581,0.2190,6.4400,12.9405,0,12.5202,0,0,65.3603,11.1258,31.7180,-8.0585,-119.8791,0.864,0.000,1.000,0.0000,0.0000,0
2026-05-05,15:14:41,51638,1,0.0000,0.0128,0.2147,6.3141,12.9404,0,12.5202,0,0,65.3794,-3.9072,31.6042,-5.2981,-127.2041,0.832,0.000,1.000,0.0000,0.0000,0
2026-05-05,15:14:41,51673,1,0.0000,0.0336,0.2084,6.1293,12.9402,0,12.5202,0,0,64.5423,-25.7818,31.6145,-2.0419,-100.2571,0.800,0.000,1.000,0.0000,0.0000,0
2026-05-05,15:14:41,51708,1,0.0000,-0.0452,0.2093,6.1557,12.9399,0,12.5202,0,0,63.6303,-26.3873,31.4789,-4.0769,-59.2690,0.864,0.000,1.000,0.0000,0.0000,0
2026-05-05,15:14:41,51743,1,0.0000,-0.2261,0.2504,7.3636,12.9417,0,12.5202,0,0,63.7033,19.4726,31.0405,-9.5226,-50.4642,0.928,0.000,1.000,0.0000,0.0000,0
2026-05-05,15:14:41,51778,1,0.0000,0.0152,0.2392,7.0351,12.9418,0,12.5202,0,0,65.3031,42.4096,30.8482,-6.6717,-65.5787,0.896,0.000,1.000,0.0000,0.0000,0
2026-05-05,15:14:42,51813,1,0.0000,0.1881,0.2155,6.3387,12.9410,0,12.5202,0,0,66.2014,32.6646,30.7377,-4.3430,-80.3373,0.864,0.000,1.000,0.0000,0.0000,0
2026-05-05,15:14:42,51848,1,0.0000,0.5555,0.1488,4.3771,12.9383,0,12.5202,0,0,66.8824,22.0659,30.6646,-3.1898,-94.6289,0.832,0.000,1.000,0.0000,0.0000,0
2026-05-05,15:14:42,51883,1,0.0000,0.3967,0.0920,2.7046,12.9349,0,12.5202,0,0,67.7634,28.7570,30.5808,-2.9059,-100.8158,0.800,0.000,1.000,0.0000,0.0000,0
2026-05-05,15:14:42,51918,1,0.0000,-0.1694,0.1070,3.1462,12.9342,0,12.5202,0,0,68.0061,4.7057,30.3631,-5.8425,-111.0201,0.768,0.000,1.000,0.0000,0.0000,0
2026-05-05,15:14:42,51953,1,0.0000,-0.3203,0.1741,5.1214,12.9373,0,12.5202,0,0,67.1204,-17.4629,29.8993,-10.4167,-110.1383,0.736,0.000,1.000,0.0000,0.0000,0
2026-05-05,15:14:42,51991,1,0.0000,0.0176,0.1744,5.1304,12.9383,0,12.5202,0,0,67.5268,26.5923,29.8101,-6.5692,-102.5887,0.712,0.000,1.000,0.0000,0.0000,0
2026-05-05,15:14:42,52026,1,0.0000,0.3733,0.1279,3.7605,12.9368,0,12.5202,0,0,69.2597,46.4300,29.6804,-5.4886,-81.6238,0.680,0.000,1.000,0.0000,0.0000,0
2026-05-05,15:14:42,52062,1,0.0000,0.1002,0.1111,3.2663,12.9351,0,12.5202,0,0,70.1805,22.3717,29.6675,-2.0458,-94.2290,0.648,0.000,1.000,0.0000,0.0000,0
2026-05-05,15:14:42,52097,1,0.0000,0.0353,0.1064,3.1299,12.9347,0,12.5202,0,0,70.1993,-0.3718,29.7407,0.3387,-105.0021,0.616,0.000,1.000,0.0000,0.0000,0
2026-05-05,15:14:42,52132,1,0.0000,0.1508,0.0898,2.6407,12.9342,0,12.5202,0,0,70.8633,26.2809,29.8040,1.2290,-114.4430,0.584,0.000,1.000,0.0000,0.0000,0
2026-05-05,15:14:42,52168,1,0.0000,0.2898,0.0503,1.4784,12.9324,0,12.5202,0,0,72.2041,46.9894,29.8786,1.5331,-122.7473,0.552,0.000,1.000,0.0000,0.0000,0
2026-05-05,15:14:42,52203,1,0.0000,0.0101,0.0388,1.1411,12.9310,0,12.5202,0,0,74.0436,58.9315,29.8316,-0.7014,-126.8235,0.520,0.000,1.000,0.0000,0.0000,0
2026-05-05,15:14:42,52238,1,0.0000,-0.0128,0.0410,1.2050,12.9310,0,12.5202,0,0,75.4488,32.6542,29.8391,-0.6660,-131.6564,0.488,0.000,1.000,0.0000,0.0000,0
2026-05-05,15:14:42,52273,1,0.0000,-0.0523,0.0475,1.3966,12.9313,0,12.5202,0,0,74.9715,-16.0013,29.7298,-2.9054,-137.0717,0.456,0.000,1.000,0.0000,0.0000,0
2026-05-05,15:14:42,52308,1,0.0000,0.0020,0.0502,1.4776,12.9316,0,12.5202,0,0,73.8865,-29.9309,29.6812,-2.3406,-141.1443,0.424,0.000,1.000,0.0000,0.0000,0
2026-05-05,15:14:42,52343,1,0.0000,-0.0539,0.0564,1.6586,12.9318,0,12.5202,0,0,72.7917,-31.9678,29.6235,-2.4985,-144.4624,0.488,0.000,1.000,0.0000,0.0000,0
2026-05-05,15:14:42,52378,1,0.0000,-0.0140,0.0584,1.7162,12.9320,0,12.5202,0,0,72.1262,-10.3079,29.4397,-5.2023,-147.0975,0.552,0.000,1.000,0.0000,0.0000,0
2026-05-05,15:14:42,52413,1,0.0000,0.0871,0.0471,1.3844,12.9317,0,12.5202,0,0,73.4372,40.8698,29.2323,-6.2671,-149.1861,0.568,0.000,1.000,0.0000,0.0000,0
2026-05-05,15:14:42,52448,1,0.0000,0.0247,0.0411,1.2089,12.9312,0,12.5202,0,0,74.9738,46.6637,29.0347,-6.3463,-151.1743,0.536,0.000,1.000,0.0000,0.0000,0
2026-05-05,15:14:42,52483,1,0.0000,0.0099,0.0411,1.2087,12.9311,0,12.5202,0,0,76.2498,37.9147,28.9295,-4.7714,-152.7024,0.504,0.000,1.000,0.0000,0.0000,0
2026-05-05,15:14:42,52518,1,0.0000,0.0008,0.0413,1.2145,12.9311,0,12.5202,0,0,77.2005,26.1688,28.8447,-3.6701,-154.7191,0.472,0.000,1.000,0.0000,0.0000,0
2026-05-05,15:14:42,52553,1,0.0000,0.0055,0.0409,1.2032,12.9311,0,12.5202,0,0,77.5805,6.0582,28.8547,-1.3758,-156.8052,0.440,0.000,1.000,0.0000,0.0000,0
2026-05-05,15:14:42,52588,1,0.0000,0.0120,0.0409,1.2031,12.9311,0,12.5202,0,0,77.2684,-14.5496,28.8856,-0.3132,-158.5452,0.408,0.000,1.000,0.0000,0.0000,0
2026-05-05,15:14:42,52623,1,0.0000,-0.0093,0.0407,1.1967,12.9311,0,12.5202,0,0,76.6531,-16.5587,28.8941,-0.2350,-160.0595,0.376,0.000,1.000,0.0000,0.0000,0
2026-05-05,15:14:42,52658,1,0.0000,0.0048,0.0409,1.2032,12.9311,0,12.5202,0,0,76.3157,-10.4738,28.9598,0.7661,-161.3130,0.440,0.000,1.000,0.0000,0.0000,0
2026-05-05,15:14:42,52693,1,0.0000,-0.0012,0.0415,1.2193,12.9311,0,12.5202,0,0,76.1476,-6.0052,28.9502,-0.2352,-162.2594,0.504,0.000,1.000,0.0000,0.0000,0
2026-05-05,15:14:42,52729,1,0.0000,0.0000,0.0408,1.1999,12.9311,0,12.5202,0,0,75.9218,-7.7930,29.0252,1.1176,-163.0549,0.568,0.000,1.000,0.0000,0.0000,0
2026-05-05,15:14:42,52764,1,0.0000,-0.0039,0.0404,1.1869,12.9311,0,12.5202,0,0,75.7710,-4.1312,29.0646,0.6851,-164.0197,0.632,0.000,1.000,0.0000,0.0000,0
2026-05-05,15:14:43,52799,1,0.0000,0.0008,0.0395,1.1621,12.9310,0,12.5202,0,0,75.8175,0.3804,29.1119,0.8760,-164.6795,0.648,0.000,1.000,0.0000,0.0000,0
2026-05-05,15:14:43,52835,1,0.0000,-0.0054,0.0390,1.1458,12.9310,0,12.5202,0,0,75.7970,-2.9765,29.1141,-0.2556,-165.3194,0.616,0.000,0.998,0.0000,0.0000,0
2026-05-05,15:14:43,52870,1,0.0000,-0.0076,0.0401,1.1794,12.9310,0,12.5202,0,0,75.4972,-9.4545,29.1416,0.2341,-165.7307,0.608,0.000,0.994,0.0000,0.0000,0
2026-05-05,15:14:43,52908,1,0.0000,0.0012,0.0393,1.1573,12.9310,0,12.5202,0,0,75.2987,-9.0606,29.3712,1.9127,-165.0730,0.656,0.000,0.992,0.0000,0.0000,0
2026-05-05,15:14:43,52944,1,0.0000,-0.0099,0.0428,1.2587,12.9311,0,12.5202,0,0,74.9493,-10.7787,29.5514,3.3410,-164.0692,0.720,0.000,0.989,0.0000,0.0000,0
2026-05-05,15:14:43,52980,1,0.0000,-0.0176,0.0446,1.3128,12.9313,0,12.5202,0,0,74.6046,-11.1279,29.8209,5.1387,-163.1691,0.784,0.000,0.986,0.0000,0.0000,0
2026-05-05,15:14:43,53015,1,0.0000,0.0037,0.0446,1.3126,12.9313,0,12.5202,0,0,74.3984,-4.0246,29.9945,3.5083,-163.2975,0.848,0.000,0.982,0.0000,0.0000,0
2026-05-05,15:14:43,53050,1,0.0000,0.0191,0.0427,1.2551,12.9313,0,12.5202,0,0,74.3705,-0.0634,29.8776,-2.6570,-111.1420,0.912,0.000,0.979,0.0000,0.0000,0
2026-05-05,15:14:43,53086,1,0.0000,0.0004,0.0432,1.2713,12.9312,0,12.5202,0,0,74.5217,5.5884,29.4174,-11.1620,-81.6655,0.880,0.000,0.976,0.0000,0.0000,0
2026-05-05,15:14:43,53121,1,0.0000,0.0111,0.0420,1.2341,12.9312,0,12.5202,0,0,74.6837,4.1670,28.8132,-15.8200,-95.3632,0.848,0.000,0.973,0.0000,0.0000,0
2026-05-05,15:14:43,53156,1,0.0000,0.0001,0.0428,1.2597,12.9312,0,12.5202,0,0,74.7215,0.6793,28.4030,-13.7287,-106.6794,0.816,0.000,0.970,0.0000,0.0000,0
2026-05-05,15:14:43,53192,1,0.0000,0.0013,0.0446,1.3129,12.9313,0,12.5202,0,0,74.6289,-3.1877,28.2395,-8.5319,-115.4866,0.784,0.000,0.966,0.0000,0.0000,0
2026-05-05,15:14:43,53227,1,0.0000,-0.0075,0.0457,1.3442,12.9313,0,12.5202,0,0,74.4559,-5.0439,28.2123,-4.1355,-122.1952,0.752,0.000,0.963,0.0000,0.0000,0
2026-05-05,15:14:43,53262,1,0.0000,-0.0025,0.0473,1.3916,12.9314,0,12.5202,0,0,74.3223,-3.3251,28.3312,-0.0978,-127.8293,0.720,0.000,0.960,0.0000,0.0000,0
2026-05-05,15:14:43,53297,1,0.0000,-0.0097,0.0503,1.4789,12.9315,0,12.5202,0,0,74.3114,0.4237,28.4031,-0.2126,-133.1155,0.688,0.000,0.957,0.0000,0.0000,0
2026-05-05,15:14:43,53332,1,0.0000,-0.0095,0.0499,1.4689,12.9315,0,12.5202,0,0,74.4073,3.4097,28.3003,-3.9917,-104.5265,0.656,0.000,0.954,0.0000,0.0000,0
2026-05-05,15:14:43,53368,1,0.0000,-0.0078,0.0486,1.4308,12.9315,0,12.5202,0,0,74.5050,2.9200,28.0213,-8.6509,-61.4120,0.624,0.000,0.950,0.0000,0.0000,0
2026-05-05,15:14:43,53403,1,0.0000,0.0110,0.0474,1.3934,12.9315,0,12.5202,0,0,74.8243,12.9758,27.5063,-14.0191,-25.8888,0.592,0.000,0.947,0.0000,0.0000,0
2026-05-05,15:14:43,53438,1,0.0000,0.0213,0.0450,1.3231,12.9313,0,12.5202,0,0,75.5904,24.1183,27.0442,-14.5638,-47.9557,0.560,0.000,0.944,0.0000,0.0000,0
2026-05-05,15:14:43,53473,1,0.0000,0.0011,0.0439,1.2916,12.9313,0,12.5202,0,0,76.3198,16.6864,26.6548,-13.2409,-66.8542,0.528,0.000,0.941,0.0000,0.0000,0
2026-05-05,15:14:43,53508,1,0.0000,-0.0249,0.0485,1.4279,12.9314,0,12.5202,0,0,75.9040,-15.2596,26.3851,-10.1124,-82.9854,0.496,0.000,0.938,0.0000,0.0000,0
2026-05-05,15:14:43,53543,1,0.0000,-0.0212,0.0486,1.4286,12.9314,0,12.5202,0,0,75.3316,-19.5107,26.4155,-3.1634,-95.8512,0.488,0.000,0.934,0.0000,0.0000,0
2026-05-05,15:14:43,53578,1,0.0000,-0.0435,0.0539,1.5847,12.9317,0,12.5202,0,0,74.7728,-18.0965,26.7350,4.4128,-105.0031,0.552,0.000,0.931,0.0000,0.0000,0
2026-05-05,15:14:43,53613,1,0.0000,-0.0881,0.0684,2.0107,12.9323,0,12.5202,0,0,74.1085,-19.8731,27.2001,9.0672,-105.3235,0.616,0.000,0.928,0.0000,0.0000,0
2026-05-05,15:14:43,53648,1,0.0000,-0.0196,0.0776,2.2821,12.9329,0,12.5202,0,0,73.8410,-10.0284,27.5520,7.5075,-80.1709,0.680,0.000,0.934,0.0000,0.0000,0
2026-05-05,15:14:43,53683,1,0.0000,-0.0109,0.0772,2.2706,12.9330,0,12.5202,0,0,73.6828,-3.2628,27.2753,-5.3509,-42.8705,0.744,0.000,0.966,0.0000,0.0000,0
2026-05-05,15:14:43,53718,1,0.0000,0.0134,0.0756,2.2247,12.9330,0,12.5202,0,0,74.0106,10.9489,26.5427,-16.6520,-38.3435,0.760,0.000,0.998,0.0000,0.0000,0
2026-05-05,15:14:43,53753,1,0.0000,0.0679,0.0669,1.9676,12.9327,0,12.5202,0,0,74.6098,17.1215,25.9916,-17.1280,-52.6210,0.728,0.000,1.000,0.0000,0.0000,0
2026-05-05,15:14:44,53788,1,0.0000,0.1206,0.0528,1.5541,12.9321,0,12.5202,0,0,75.3569,20.2608,25.5683,-14.6570,-37.8889,0.696,0.000,1.000,0.0000,0.0000,0
2026-05-05,15:14:44,53826,1,0.0000,0.0627,0.0423,1.2442,12.9313,0,12.5202,0,0,76.2009,15.7343,25.5037,-11.0487,-21.2161,0.672,0.000,1.000,0.0000,0.0000,0
2026-05-05,15:14:44,53862,1,0.0000,-0.0022,0.0437,1.2866,12.9312,0,12.5202,0,0,76.2548,-7.2173,25.2998,-8.3822,-18.2316,0.640,0.000,1.000,0.0000,0.0000,0
2026-05-05,15:14:44,53897,1,0.0000,-0.0908,0.0544,1.5987,12.9316,0,12.5202,0,0,74.7817,-47.3635,25.0745,-7.6483,4.6922,0.656,0.000,1.000,0.0000,0.0000,0
2026-05-05,15:14:44,53932,1,0.0000,-0.2080,0.0840,2.4708,12.9328,0,12.5202,0,0,73.0497,-46.2959,24.9518,-4.6954,23.9888,0.720,0.000,1.000,0.0000,0.0000,0
2026-05-05,15:14:44,53967,1,0.0000,-0.0586,0.0949,2.7924,12.9338,0,12.5202,0,0,72.2978,-20.9842,25.2083,3.2540,1.2601,0.784,0.000,1.000,0.0000,0.0000,0
2026-05-05,15:14:44,54003,1,0.0000,-0.0075,0.0924,2.7189,12.9339,0,12.5202,0,0,72.0835,0.1509,25.4402,4.3149,-10.4822,0.848,0.000,1.000,0.0000,0.0000,0
2026-05-05,15:14:44,54038,1,0.0000,0.0179,0.0900,2.6472,12.9338,0,12.5202,0,0,72.5675,14.7263,25.3015,-2.2496,16.7240,0.912,0.000,1.000,0.0000,0.0000,0
2026-05-05,15:14:44,54073,1,0.0000,0.0261,0.0873,2.5687,12.9336,0,12.5202,0,0,73.2723,20.2092,25.0436,-6.2875,40.0813,0.880,0.000,1.000,0.0000,0.0000,0
2026-05-05,15:14:44,54109,1,0.0000,0.0237,0.0821,2.4151,12.9334,0,12.5202,0,0,73.8535,14.0283,24.7639,-8.3537,60.1700,0.848,0.000,1.000,0.0000,0.0000,0
2026-05-05,15:14:44,54144,1,0.0000,0.0491,0.0771,2.2674,12.9332,0,12.5202,0,0,74.0205,3.0958,24.4649,-9.0884,77.7233,0.816,0.000,1.000,0.0000,0.0000,0
2026-05-05,15:14:44,54179,1,0.0000,0.0371,0.0717,2.1076,12.9328,0,12.5202,0,0,73.7409,-13.3758,24.2552,-7.6709,85.9494,0.784,0.000,1.000,0.0000,0.0000,0
2026-05-05,15:14:44,54215,1,0.0000,0.0082,0.0748,2.2008,12.9329,0,12.5202,0,0,73.4099,-7.5615,24.1446,-4.4999,67.2409,0.752,0.000,1.000,0.0000,0.0000,0
2026-05-05,15:14:44,54250,1,0.0000,-0.0284,0.0774,2.2760,12.9330,0,12.5202,0,0,73.0707,-10.4238,24.0886,-3.0471,83.3601,0.816,0.000,1.000,0.0000,0.0000,0
2026-05-05,15:14:44,54285,1,0.0000,-0.1397,0.1002,2.9461,12.9339,0,12.5202,0,0,72.4706,-20.9419,24.1725,1.3337,63.7432,0.880,0.000,1.000,0.0000,0.0000,0
2026-05-05,15:14:44,54320,1,0.0000,0.0097,0.0975,2.8673,12.9342,0,12.5202,0,0,72.2818,-0.3420,24.5733,8.0619,55.7845,0.944,0.000,1.000,0.0000,0.0000,0
2026-05-05,15:14:44,54355,1,0.0000,0.0803,0.0887,2.6100,12.9339,0,12.5202,0,0,72.1455,-3.8238,24.7076,4.3529,72.9057,1.000,0.000,1.000,0.0000,0.0000,0
2026-05-05,15:14:44,54390,1,0.0000,0.0052,0.0815,2.3970,12.9333,0,12.5202,0,0,72.1447,-2.4880,24.6149,-0.5819,35.4996,0.992,0.000,1.000,0.0000,0.0000,0
2026-05-05,15:14:44,54425,1,0.0000,-0.1442,0.1011,2.9734,12.9339,0,12.5202,0,0,72.4686,10.0174,24.4971,-2.6968,4.1118,0.960,0.000,0.997,0.0000,0.0000,0
2026-05-05,15:14:44,54460,1,0.0000,-0.2114,0.1318,3.8775,12.9354,0,12.5202,0,0,72.3880,-8.2725,24.6932,3.0565,18.2053,0.928,0.000,1.000,0.0000,0.0000,0
2026-05-05,15:14:44,54495,1,0.0000,-0.0513,0.1381,4.0613,12.9361,0,12.5202,0,0,71.6422,-21.0763,25.0616,6.7223,43.0193,0.944,0.000,1.000,0.0000,0.0000,0
2026-05-05,15:14:44,54530,1,0.0000,0.0050,0.1348,3.9635,12.9361,0,12.5202,0,0,71.3557,-6.5625,24.9985,-1.1346,62.6740,1.000,0.000,1.000,0.0000,0.0000,0
2026-05-05,15:14:44,54565,1,0.0000,0.1525,0.1179,3.4687,12.9356,0,12.5202,0,0,71.8526,16.7648,24.4393,-11.4347,33.3170,0.984,0.000,1.000,0.0000,0.0000,0
2026-05-05,15:14:44,54600,1,0.0000,0.2157,0.0848,2.4934,12.9340,0,12.5202,0,0,72.5208,17.2490,24.1136,-10.8181,41.8673,0.952,0.000,1.000,0.0000,0.0000,0
2026-05-05,15:14:44,54635,1,0.0000,-0.0256,0.0931,2.7375,12.9337,0,12.5202,0,0,72.7524,0.8366,23.8622,-9.2714,60.9456,0.920,0.000,1.000,0.0000,0.0000,0
2026-05-05,15:14:44,54670,1,0.0000,-0.1398,0.1108,3.2590,12.9345,0,12.5202,0,0,72.7210,-1.0648,23.6367,-7.7173,77.0484,0.888,0.000,1.000,0.0000,0.0000,0
2026-05-05,15:14:44,54705,1,0.0000,-0.0377,0.1190,3.4994,12.9352,0,12.5202,0,0,71.9884,-27.0349,23.4578,-6.4731,90.8976,0.880,0.000,1.000,0.0000,0.0000,0
2026-05-05,15:14:44,54743,1,0.0000,0.0636,0.1100,3.2352,12.9349,0,12.5202,0,0,71.6336,-16.7500,23.3468,-5.3721,81.8192,0.928,0.000,1.000,0.0000,0.0000,0
2026-05-05,15:14:44,54778,1,0.0000,0.1297,0.0856,2.5182,12.9338,0,12.5202,0,0,71.5703,2.4269,23.2012,-4.5616,44.0724,0.992,0.000,1.000,0.0000,0.0000,0
2026-05-05,15:14:45,54813,1,0.0000,0.1336,0.0728,2.1413,12.9331,0,12.5202,0,0,72.3522,24.3061,23.2126,-1.5185,44.7231,0.976,0.000,1.000,0.0000,0.0000,0
2026-05-05,15:14:45,54848,1,0.0000,0.1984,0.0453,1.3330,12.9318,0,12.5202,0,0,73.5709,33.7569,23.2958,0.5369,62.2294,0.944,0.000,1.000,0.0000,0.0000,0
2026-05-05,15:14:45,54883,1,0.0000,0.0329,0.0436,1.2812,12.9313,0,12.5202,0,0,74.5328,21.2946,23.3001,-0.3115,77.6640,0.912,0.000,1.000,0.0000,0.0000,0
2026-05-05,15:14:45,54918,1,0.0000,-0.0092,0.0445,1.3074,12.9313,0,12.5202,0,0,73.9610,-32.8278,23.2091,-2.3574,92.1964,0.880,0.000,1.000,0.0000,0.0000,0
2026-05-05,15:14:45,54953,1,0.0000,0.0000,0.0459,1.3493,12.9313,0,12.5202,0,0,72.0066,-56.3084,23.1748,-0.6925,104.7960,0.920,0.000,1.000,0.0000,0.0000,0
2026-05-05,15:14:45,54988,1,0.0000,0.0107,0.0436,1.2812,12.9313,0,12.5202,0,0,70.7761,-38.5852,23.2992,1.9669,115.2090,0.984,0.000,1.000,0.0000,0.0000,0
2026-05-05,15:14:45,55023,1,0.0000,0.0277,0.0407,1.1963,12.9312,0,12.5202,0,0,70.4664,-9.2437,23.2661,0.1479,124.1493,1.000,0.000,1.000,0.0000,0.0000,0
2026-05-05,15:14:45,55058,1,0.0000,0.0319,0.0360,1.0585,12.9309,0,12.5202,0,0,70.7712,9.0532,23.2941,0.3384,131.1710,1.000,0.000,1.000,0.0000,0.0000,0
2026-05-05,15:14:45,55093,1,0.0000,0.0169,0.0317,0.9327,12.9307,0,12.5202,0,0,71.7767,26.5912,23.3104,0.0889,136.5216,0.976,0.000,1.000,0.0000,0.0000,0
2026-05-05,15:14:45,55129,1,0.0000,0.0069,0.0302,0.8873,12.9306,0,12.5202,0,0,73.2092,31.3582,23.4463,2.9385,141.5334,0.944,0.000,1.000,0.0000,0.0000,0
2026-05-05,15:14:45,55164,1,0.0000,0.0095,0.0305,0.8977,12.9305,0,12.5202,0,0,73.7008,4.6570,23.8029,8.2825,145.8420,0.912,0.000,1.000,0.0000,0.0000,0
2026-05-05,15:14:45,55199,1,0.0000,-0.0045,0.0292,0.8593,12.9305,0,12.5202,0,0,73.3369,-26.5987,24.3120,13.8641,149.3350,0.880,0.000,1.000,0.0000,0.0000,0
2026-05-05,15:14:45,55234,1,0.0000,-0.0076,0.0291,0.8557,12.9305,0,12.5202,0,0,71.5765,-68.0029,25.1525,22.7653,152.4392,0.896,0.000,1.000,0.0000,0.0000,0
2026-05-05,15:14:45,55269,1,0.0000,0.0068,0.0283,0.8319,12.9304,0,12.5202,0,0,68.7342,-90.7228,26.1350,28.6264,155.2905,0.960,0.000,1.000,0.0000,0.0000,0
2026-05-05,15:14:45,55304,1,0.0000,-0.0067,0.0299,0.8800,12.9304,0,12.5202,0,0,66.4369,-74.0779,27.1181,30.7190,157.8888,1.000,0.000,1.000,0.0000,0.0000,0
2026-05-05,15:14:45,55340,1,0.0000,0.0030,0.0282,0.8286,12.9304,0,12.5202,0,0,64.5267,-61.3191,28.0274,29.6855,159.9681,1.000,0.000,1.000,0.0000,0.0000,0
2026-05-05,15:14:45,55375,1,0.0000,0.0363,0.0218,0.6426,12.9302,0,12.5202,0,0,63.2380,-41.2181,28.7589,25.8159,161.6823,0.984,0.000,1.000,0.0000,0.0000,0
2026-05-05,15:14:45,55411,1,0.0000,0.0250,0.0196,0.5779,12.9300,0,12.5202,0,0,62.6204,-23.6884,29.5079,24.5949,163.3119,0.952,0.000,1.000,0.0000,0.0000,0
2026-05-05,15:14:45,55446,1,0.0000,0.0316,0.0147,0.4311,12.9298,0,12.5202,0,0,62.3304,-15.0295,30.3279,25.7667,164.6768,0.920,0.000,1.000,0.0000,0.0000,0
2026-05-05,15:14:45,55481,1,0.0000,0.0432,0.0091,0.2663,12.9295,0,12.5202,0,0,62.3505,-6.4745,31.2462,27.9781,165.6248,0.888,0.000,0.998,0.0000,0.0000,0
2026-05-05,15:14:45,55516,1,0.0000,0.0135,0.0068,0.2012,12.9293,0,12.5202,0,0,62.5155,-5.7305,32.2829,30.9778,166.1765,0.856,0.000,0.995,0.0000,0.0000,0
2026-05-05,15:14:45,55551,1,0.0000,0.0055,0.0059,0.1735,12.9292,0,12.5202,0,0,62.2905,-20.8750,33.2147,30.6255,166.5954,0.824,0.000,0.992,0.0000,0.0000,0
2026-05-05,15:14:45,55586,1,0.0000,0.0070,0.0059,0.1735,12.9292,0,12.5202,0,0,61.3077,-42.2814,34.4623,37.5302,167.0018,0.792,0.000,0.989,0.0000,0.0000,0
2026-05-05,15:14:45,55621,1,0.0000,0.0215,0.0037,0.1096,12.9291,0,12.5202,0,0,59.8329,-55.9106,36.0453,46.8954,167.4946,0.760,0.000,0.986,0.0000,0.0000,0
2026-05-05,15:14:45,55659,1,0.0000,-0.0002,0.0018,0.0539,12.9290,0,12.5202,0,0,59.7417,-47.8417,36.7394,42.7629,167.5109,0.736,0.000,0.983,0.0000,0.0000,0
2026-05-05,15:14:45,55695,1,0.0000,-0.0064,0.0016,0.0473,12.9290,0,12.5202,0,0,57.5198,-76.1481,38.6671,56.1495,167.9985,0.704,0.000,0.980,0.0000,0.0000,0
2026-05-05,15:14:45,55730,1,0.0000,-0.0115,0.0025,0.0721,12.9290,0,12.5202,0,0,55.1635,-80.2490,40.7161,62.4659,168.4165,0.672,0.000,0.977,0.0000,0.0000,0
2026-05-05,15:14:45,55765,1,0.0000,-0.0049,-0.0003,0.0094,12.9290,0,12.5202,0,0,52.7789,-80.1266,42.7436,64.5779,168.8936,0.640,0.000,0.974,0.0000,0.0000,0
2026-05-05,15:14:46,55800,1,0.0000,0.0010,0.0018,0.0534,12.9290,0,12.5202,0,0,50.3734,-80.1428,44.8390,66.5606,169.2963,0.608,0.000,0.970,0.0000,0.0000,0
2026-05-05,15:14:46,55835,1,0.0000,-0.0003,0.0010,0.0286,12.9290,0,12.5202,0,0,48.0426,-75.2485,46.7685,64.1640,169.8006,0.576,0.000,0.967,0.0000,0.0000,0
2026-05-05,15:14:46,55871,1,0.0000,-0.0002,0.0018,0.0539,12.9290,0,12.5202,0,0,45.8868,-69.1558,48.3974,56.2379,170.3611,0.544,0.000,0.964,0.0000,0.0000,0
2026-05-05,15:14:46,55906,1,0.0000,0.0013,0.0019,0.0545,12.9290,0,12.5202,0,0,43.9744,-59.0990,49.7609,47.8892,170.8431,0.512,0.000,0.961,0.0000,0.0000,0
2026-05-05,15:14:46,55941,1,0.0000,-0.0047,0.0026,0.0762,12.9290,0,12.5202,0,0,42.1715,-57.4396,50.8939,40.1470,171.1945,0.480,0.000,0.958,0.0000,0.0000,0
2026-05-05,15:14:46,55976,1,0.0000,-0.0139,0.0025,0.0733,12.9290,0,12.5202,0,0,40.2065,-59.6269,51.5490,26.8100,171.4813,0.448,0.000,0.954,0.0000,0.0000,0
2026-05-05,15:14:46,56011,1,0.0000,-0.0129,0.0034,0.1009,12.9291,0,12.5202,0,0,37.8864,-69.3023,51.7444,13.7388,171.7365,0.416,0.000,0.951,0.0000,0.0000,0
2026-05-05,15:14:46,56046,1,0.0000,-0.0150,0.0066,0.1946,12.9292,0,12.5202,0,0,35.3190,-68.2931,51.4295,-1.6869,171.9983,0.384,0.000,0.948,0.0000,0.0000,0
2026-05-05,15:14:46,56081,1,0.0000,-0.0233,0.0086,0.2516,12.9293,0,12.5202,0,0,33.2911,-48.8293,50.5083,-19.6179,172.4585,0.352,0.000,0.945,0.0000,0.0000,0
2026-05-05,15:14:46,56116,1,0.0000,-0.0221,0.0097,0.2843,12.9294,0,12.5202,0,0,32.7686,1.3400,49.1542,-34.1567,172.8123,0.320,0.000,0.942,0.0000,0.0000,0
2026-05-05,15:14:46,56152,1,0.0000,-0.0381,0.0164,0.4826,12.9296,0,12.5202,0,0,34.1795,58.2829,47.6165,-42.6523,173.0618,0.288,0.000,0.965,0.0000,0.0000,0
2026-05-05,15:14:46,56187,1,0.0000,-0.0417,0.0218,0.6407,12.9300,0,12.5202,0,0,36.8290,86.8221,46.0872,-46.1966,173.3277,0.256,0.000,0.997,0.0000,0.0000,0
2026-05-05,15:14:46,56222,1,0.0000,-0.0694,0.0331,0.9726,12.9304,0,12.5202,0,0,38.9893,67.5037,44.5887,-47.1186,173.5410,0.224,0.000,1.000,0.0000,0.0000,0
2026-05-05,15:14:46,56258,1,0.0000,-0.0360,0.0379,1.1141,12.9308,0,12.5202,0,0,40.1598,38.6036,43.0897,-47.5049,173.5907,0.192,0.000,1.000,0.0000,0.0000,0
2026-05-05,15:14:46,56293,1,0.0000,-0.0220,0.0401,1.1793,12.9310,0,12.5202,0,0,40.6493,23.0896,41.5302,-48.4084,173.7439,0.160,0.000,1.000,0.0000,0.0000,0
2026-05-05,15:14:46,56328,1,0.0000,-0.0181,0.0418,1.2296,12.9312,0,12.5202,0,0,41.5825,41.6732,39.9841,-47.9868,173.8712,0.128,0.000,1.000,0.0000,0.0000,0
2026-05-05,15:14:46,56364,1,0.0000,-0.0290,0.0478,1.4071,12.9314,0,12.5202,0,0,43.5853,71.1909,38.7446,-41.9876,174.2696,0.096,0.000,1.000,0.0000,0.0000,0
2026-05-05,15:14:46,56399,1,0.0000,-0.0202,0.0506,1.4881,12.9316,0,12.5202,0,0,45.3933,57.2357,37.7716,-34.9088,174.7036,0.064,0.000,1.000,0.0000,0.0000,0
2026-05-05,15:14:46,56434,1,0.0000,-0.0321,0.0534,1.5711,12.9317,0,12.5202,0,0,46.7675,45.3298,37.1303,-26.1029,175.5152,0.032,0.000,1.000,0.0000,0.0000,0
2026-05-05,15:14:46,56469,1,0.0000,-0.0072,0.0535,1.5746,12.9317,0,12.5202,0,0,47.9600,39.8820,36.4181,-25.2214,175.3310,0.000,0.000,1.000,0.0000,0.0000,0
2026-05-05,15:14:46,56504,1,0.0000,-0.0162,0.0550,1.6172,12.9318,0,12.5202,0,0,49.0370,34.6065,35.6651,-24.3020,175.0151,0.000,0.000,1.000,0.0000,0.0000,0
2026-05-05,15:14:46,56539,1,0.0000,0.0063,0.0546,1.6064,12.9318,0,12.5202,0,0,50.1204,36.1443,35.0181,-21.8502,174.8388,0.000,0.000,1.000,0.0000,0.0000,0
2026-05-05,15:14:46,56577,1,0.0000,0.0075,0.0527,1.5504,12.9318,0,12.5202,0,0,51.0131,33.8440,34.8334,-16.6774,174.8378,0.000,0.000,1.000,0.0000,0.0000,0
2026-05-05,15:14:46,56613,1,0.0000,-0.0043,0.0521,1.5324,12.9317,0,12.5202,0,0,52.0272,28.4454,34.5522,-11.8516,174.7460,0.000,0.000,1.000,0.0000,0.0000,0
2026-05-05,15:14:46,56648,1,0.0000,-0.0020,0.0534,1.5698,12.9317,0,12.5202,0,0,52.4455,13.7202,34.3001,-9.0461,174.4661,0.000,0.000,1.000,0.0000,0.0000,0
2026-05-05,15:14:46,56683,1,0.0000,-0.0250,0.0560,1.6462,12.9318,0,12.5202,0,0,52.6933,6.3342,34.3081,-2.9833,174.5385,0.000,0.000,1.000,0.0000,0.0000,0
2026-05-05,15:14:46,56718,1,0.0000,-0.1462,0.0774,2.2775,12.9327,0,12.5202,0,0,52.3629,-6.9786,34.3737,0.1865,175.0273,0.000,0.000,1.000,0.0000,0.0000,0
2026-05-05,15:14:46,56753,1,0.0000,-0.1133,0.0996,2.9282,12.9339,0,12.5202,0,0,52.0945,-3.1808,34.5090,2.2983,175.4250,0.000,0.000,1.000,0.0000,0.0000,0
2026-05-05,15:14:47,56788,1,0.0000,-0.0446,0.1020,3.0004,12.9342,0,12.5202,0,0,52.2160,7.5871,34.6151,2.3867,175.5189,0.000,0.000,1.000,0.0000,0.0000,0
2026-05-05,15:14:47,56823,1,0.0000,0.0022,0.1058,3.1120,12.9346,0,12.5202,0,0,52.7177,13.7533,34.6530,0.9739,175.2590,0.000,0.000,1.000,0.0000,0.0000,0
2026-05-05,15:14:47,56858,1,0.0000,0.0109,0.1047,3.0801,12.9345,0,12.5202,0,0,52.9090,7.0854,34.5382,-2.0042,175.2624,0.000,0.000,1.000,0.0000,0.0000,0
2026-05-05,15:14:47,56893,1,0.0000,-0.0101,0.1033,3.0390,12.9344,0,12.5202,0,0,53.3409,13.5719,34.4348,-2.8259,175.4204,0.000,0.000,1.000,0.0000,0.0000,0
2026-05-05,15:14:47,56928,1,0.0000,0.0131,0.1029,3.0271,12.9344,0,12.5202,0,0,54.0171,22.5763,34.3498,-2.8360,175.2570,0.000,0.000,1.000,0.0000,0.0000,0
2026-05-05,15:14:47,56963,1,0.0000,0.0037,0.1023,3.0078,12.9344,0,12.5202,0,0,54.6606,20.2362,34.3127,-1.7795,174.5871,0.000,0.000,1.000,0.0000,0.0000,0
2026-05-05,15:14:47,56998,1,0.0000,-0.0429,0.1098,3.2291,12.9346,0,12.5202,0,0,54.8996,6.5236,34.3692,0.6674,174.2824,0.000,0.000,1.000,0.0000,0.0000,0
2026-05-05,15:14:47,57033,1,0.0000,-0.0903,0.1230,3.6187,12.9352,0,12.5202,0,0,54.8636,0.2747,34.4264,1.3224,174.4814,0.000,0.000,1.000,0.0000,0.0000,0
2026-05-05,15:14:47,57068,1,0.0000,-0.0770,0.1329,3.9091,12.9357,0,12.5202,0,0,54.8759,1.2413,34.3963,-0.4812,174.9211,0.000,0.000,1.000,0.0000,0.0000,0
2026-05-05,15:14:47,57103,1,0.0000,0.0144,0.1323,3.8901,12.9360,0,12.5202,0,0,54.8934,-1.7392,34.3328,-1.6631,175.0260,0.000,0.000,1.000,0.0000,0.0000,0
2026-05-05,15:14:47,57139,1,0.0000,0.0531,0.1245,3.6617,12.9357,0,12.5202,0,0,54.6605,-6.1792,34.2242,-2.9467,174.7894,0.000,0.000,1.000,0.0000,0.0000,0
2026-05-05,15:14:47,57174,1,0.0000,0.2073,0.0857,2.5202,12.9340,0,12.5202,0,0,55.0097,11.6786,34.0749,-4.0570,175.0756,0.000,0.000,1.000,0.0000,0.0000,0
2026-05-05,15:14:47,57210,1,-1.2880,-0.0226,0.0764,2.2484,12.9336,0,12.5202,-161,1,55.6254,21.8314,33.9634,-3.1811,142.3765,0.000,0.000,1.000,0.0000,0.0000,0
2026-05-05,15:14:47,57245,1,-2.1360,-0.4369,0.0767,2.2551,12.9354,0,12.5202,-267,1,56.3675,19.9104,33.8811,-2.9120,145.9394,0.000,0.000,1.000,0.0000,0.0000,0
2026-05-05,15:14:47,57281,1,-2.3840,-0.6738,0.0906,2.6649,12.9404,0,12.5202,-298,1,56.2345,-3.5057,33.8493,-2.0238,148.2153,0.000,0.000,1.000,0.0000,0.0000,0
2026-05-05,15:14:47,57317,1,-2.5840,-0.7380,0.0625,1.8389,12.9454,0,12.5202,-323,1,55.8596,-9.9903,33.6126,-5.5713,151.7086,0.000,0.000,1.000,0.0000,0.0000,0
2026-05-05,15:14:47,57352,1,-2.5840,-1.1376,0.0605,1.7802,12.9528,0,12.5202,-323,1,55.4189,-11.8594,33.2608,-9.1053,102.6958,0.032,0.000,1.000,0.0000,0.0000,0
2026-05-05,15:14:47,57388,1,-2.7840,-1.3936,0.0546,1.6070,12.9625,0,12.5202,-348,1,55.2362,-5.6281,32.9500,-8.6245,61.0065,0.096,0.000,1.000,0.0000,0.0000,0
2026-05-05,15:14:47,57424,1,-2.7840,-1.5376,0.0564,1.6578,12.9748,0,12.5202,-348,1,55.4375,7.1041,32.9842,-2.4300,77.1625,0.112,0.000,1.000,0.0000,0.0000,0
2026-05-05,15:14:47,57459,1,-2.7840,-1.6740,0.0739,2.1728,12.9872,0,12.5202,-348,1,55.9313,18.8194,32.9447,-2.2939,90.3103,0.080,0.000,1.000,0.0000,0.0000,0
2026-05-05,15:14:47,57500,1,-2.7920,-1.8042,0.0733,2.1571,13.0021,0,12.5202,-349,1,56.2128,10.7566,32.8464,-2.5129,96.4765,0.056,0.000,1.000,0.0000,0.0000,0
2026-05-05,15:14:47,57535,1,-2.7920,-1.8147,0.0804,2.3653,13.0155,0,12.5202,-349,1,55.9799,-6.9270,32.8058,-1.3171,108.3083,0.024,0.000,1.000,0.0000,0.0000,0
2026-05-05,15:14:47,57571,1,-2.7920,-1.4346,0.0807,2.3726,13.0271,0,12.5202,-349,1,55.7603,-6.5195,32.8304,0.3119,91.6582,0.000,0.000,1.000,0.0000,0.0000,0
2026-05-05,15:14:47,57606,1,-2.7360,-0.9093,0.0359,1.0568,13.0350,0,12.5202,-342,1,55.7004,0.6921,32.8969,1.3392,98.0726,0.000,0.000,1.000,0.0000,0.0000,0
2026-05-05,15:14:47,57642,1,-2.7360,-0.9883,0.0825,2.4275,13.0432,0,12.5202,-342,1,55.8885,4.8078,32.9303,0.8237,108.9945,0.000,0.000,1.000,0.0000,0.0000,0
2026-05-05,15:14:47,57678,1,-2.7360,-0.9115,0.0705,2.0741,13.0506,0,12.5202,-342,1,55.8733,0.9335,32.9181,-0.6026,117.6006,0.000,0.000,1.000,0.0000,0.0000,0
2026-05-05,15:14:47,57714,1,-2.6880,-1.3699,0.0746,2.1934,13.0598,0,12.5202,-336,1,55.6221,-7.2269,32.7679,-3.0904,125.8599,0.000,0.000,1.000,0.0000,0.0000,0
2026-05-05,15:14:47,57750,1,-2.6880,-1.4738,0.0567,1.6673,13.0703,0,12.5202,-336,1,55.4908,-3.6542,32.6742,-2.5744,93.0456,0.000,0.000,0.997,0.0000,0.0000,0
2026-05-05,15:14:48,57785,1,-2.6880,-1.6805,0.0477,1.4040,13.0830,0,12.5202,-336,1,55.3893,-3.5992,32.6921,-0.4583,93.0356,0.000,0.000,0.994,0.0000,0.0000,0
2026-05-05,15:14:48,57821,1,-2.6880,-1.4451,0.0596,1.7528,13.0955,0,12.5202,-336,1,55.4951,6.2923,32.7398,0.7668,104.5167,0.000,0.000,0.990,0.0000,0.0000,0
2026-05-05,15:14:48,57856,1,-2.6880,-1.5354,0.0589,1.7323,13.1071,0,12.5202,-336,1,55.8785,11.2526,32.8127,1.8991,114.2921,0.000,0.000,0.987,0.0000,0.0000,0
2026-05-05,15:14:48,57892,1,-2.6880,-0.9702,0.0761,2.2375,13.1171,0,12.5202,-336,1,56.6912,25.6634,32.8494,1.0689,123.1007,0.000,0.000,0.984,0.0000,0.0000,0
2026-05-05,15:14:48,57928,1,-2.6880,-0.8591,0.0548,1.6126,13.1226,0,12.5202,-336,1,56.6751,-2.0752,32.7951,-1.0646,131.0408,0.000,0.000,0.981,0.0000,0.0000,0
2026-05-05,15:14:48,57964,1,-2.6880,-0.8040,0.0440,1.2955,13.1286,0,12.5202,-336,1,56.3874,-8.2711,32.7965,-0.3805,137.3282,0.000,0.000,0.978,0.0000,0.0000,0
2026-05-05,15:14:48,58000,1,-2.6880,-0.8310,0.0502,1.4764,13.1340,0,12.5202,-336,1,56.2452,-1.8626,32.7715,-0.7651,142.7230,0.000,0.000,0.974,0.0000,0.0000,0
2026-05-05,15:14:48,58036,1,-2.6880,-0.8277,0.0376,1.1069,13.1410,0,12.5202,-336,1,56.2213,-3.0585,32.9331,3.5202,147.3114,0.000,0.000,0.971,0.0000,0.0000,0
2026-05-05,15:14:48,58071,1,-2.6880,-0.4938,0.0453,1.3310,13.1467,0,12.5202,-336,1,56.0473,-4.3317,33.0724,3.7606,151.0774,0.000,0.000,0.968,0.0000,0.0000,0
2026-05-05,15:14:48,58107,1,-2.7120,-0.7176,0.0334,0.9817,13.1515,0,12.5202,-339,1,56.4487,15.9963,33.1271,2.7224,154.6507,0.000,0.000,0.965,0.0000,0.0000,0
2026-05-05,15:14:48,58143,1,-2.7120,-0.4582,0.0165,0.4866,13.1566,0,12.5202,-339,1,57.8219,31.8786,33.2372,2.6858,157.8062,0.000,0.000,0.962,0.0000,0.0000,0
2026-05-05,15:14:48,58178,1,-2.7120,-0.1079,0.0211,0.6215,13.1583,0,12.5202,-339,1,57.3026,-26.4304,33.3419,2.3344,159.9210,0.000,0.000,0.976,0.0000,0.0000,0
2026-05-05,15:14:48,58214,1,-2.7280,-0.2719,0.0260,0.7660,13.1602,0,12.5202,-341,1,56.1319,-30.4638,33.3324,1.2788,161.2471,0.000,0.000,1.000,0.0000,0.0000,0
2026-05-05,15:14:48,58249,1,-2.7280,-0.2183,0.0421,1.2384,13.1621,0,12.5202,-341,1,56.0336,-7.5427,33.6391,7.1074,163.4933,0.032,0.000,1.000,0.0000,0.0000,0
2026-05-05,15:14:48,58285,1,-2.7280,-0.1283,0.0251,0.7384,13.1634,0,12.5202,-341,1,55.5052,-16.2890,33.8203,6.0482,165.5532,0.072,0.000,1.000,0.0000,0.0000,0
2026-05-05,15:14:48,58321,1,-2.7280,-0.4152,0.0295,0.8664,13.1660,0,12.5202,-341,1,55.1378,-13.2534,33.9835,5.2260,166.2933,0.088,0.000,1.000,0.0000,0.0000,0
2026-05-05,15:14:48,58356,1,-2.7280,-0.6068,0.0251,0.7382,13.1701,0,12.5202,-341,1,54.8446,-12.8546,34.1610,5.1017,167.2398,0.128,0.000,1.000,0.0000,0.0000,0
2026-05-05,15:14:48,58391,1,-2.7280,-0.6043,0.0369,1.0861,13.1746,0,12.5202,-341,1,53.6052,-37.8153,34.0580,-0.0944,168.3285,0.192,0.000,1.000,0.0000,0.0000,0
2026-05-05,15:14:48,58426,1,-2.7200,-0.8433,0.0470,1.3810,13.1803,0,12.5202,-340,1,52.8400,-23.7882,33.9670,-0.6359,168.4827,0.240,0.000,1.000,0.0000,0.0000,0
2026-05-05,15:14:48,58462,1,-2.6720,-0.8743,0.0301,0.8856,13.1871,0,12.5202,-334,1,53.2059,5.8103,34.0706,1.7347,169.6037,0.304,0.000,1.000,0.0000,0.0000,0
2026-05-05,15:14:48,58498,1,-2.6640,-0.7283,0.0512,1.5057,13.1935,0,12.5202,-333,1,53.3101,3.1837,34.0538,0.4551,164.3779,0.344,0.000,1.000,0.0000,0.0000,0
2026-05-05,15:14:48,58534,1,-2.6560,-0.9230,0.0451,1.3268,13.2000,0,12.5202,-332,1,53.4011,4.6339,34.1642,2.3564,165.2968,0.312,0.000,1.000,0.0000,0.0000,0
2026-05-05,15:14:48,58570,1,-2.6560,-0.5652,0.0553,1.6273,13.2059,0,12.5202,-332,1,53.8918,13.6435,34.3376,3.9511,166.0649,0.280,0.000,1.000,0.0000,0.0000,0
2026-05-05,15:14:48,58605,1,-2.6560,-0.5730,0.0388,1.1408,13.2092,0,12.5202,-332,1,54.1288,8.0177,34.3409,1.7193,167.7186,0.248,0.000,1.000,0.0000,0.0000,0
2026-05-05,15:14:48,58641,1,-2.6160,-0.7294,0.0254,0.7462,13.2143,0,12.5202,-327,1,54.4859,12.6323,34.4754,2.9993,168.6373,0.216,0.000,0.997,0.0000,0.0000,0
2026-05-05,15:14:48,58676,1,-2.6160,-0.4779,0.0208,0.6111,13.2181,0,12.5202,-327,1,54.5465,-6.0270,34.6971,4.9177,169.3886,0.184,0.000,0.994,0.0000,0.0000,0
2026-05-05,15:14:48,58712,1,-2.6160,-0.4634,0.0490,1.4424,13.2214,0,12.5202,-327,1,53.4704,-31.3061,34.8991,5.9116,170.6108,0.176,0.000,0.990,0.0000,0.0000,0
2026-05-05,15:14:48,58748,1,-2.5760,-0.6721,0.0490,1.4423,13.2255,0,12.5202,-322,1,53.0025,-10.4893,35.2341,6.9319,171.5009,0.240,0.000,0.987,0.0000,0.0000,0
2026-05-05,15:14:49,58783,1,-2.5760,-0.7425,0.0382,1.1249,13.2313,0,12.5202,-322,1,52.9643,0.3691,35.0839,-1.3630,172.1265,0.304,0.000,1.000,0.0000,0.0000,0
2026-05-05,15:14:49,58819,1,-2.5520,-0.5888,0.0454,1.3367,13.2371,0,12.5202,-319,1,53.1452,2.8521,34.9247,-3.7222,172.5530,0.296,0.000,1.000,0.0000,0.0000,0
2026-05-05,15:14:49,58855,1,-2.3680,-0.7905,0.0388,1.1425,13.2424,0,12.5202,-296,1,53.2810,5.5910,34.8643,-3.1518,172.0084,0.264,0.000,0.997,0.0000,0.0000,0
2026-05-05,15:14:49,58890,1,-2.3680,-0.5141,0.0217,0.6390,13.2481,0,12.5202,-296,1,54.5654,38.8049,34.7492,-3.4630,172.1197,0.232,0.000,0.994,0.0000,0.0000,0
2026-05-05,15:14:49,58926,1,-2.3600,-0.1409,0.0158,0.4637,13.2489,0,12.5202,-192,1,54.9267,6.2678,34.6147,-4.8995,172.5703,0.200,0.000,0.990,0.0000,0.0000,0
2026-05-05,15:14:49,58962,1,-1.5360,-0.0442,0.0108,0.3183,13.2491,0,12.5202,-192,1,54.6906,-8.4723,34.5482,-2.9431,172.3950,0.168,0.000,1.000,0.0000,0.0000,0
2026-05-05,15:14:49,58997,1,-1.5360,-0.1580,0.0193,0.5662,13.2496,0,12.5202,-192,1,53.8596,-29.2329,34.4347,-3.9052,172.5078,0.136,0.000,0.999,0.0000,0.0000,0
2026-05-05,15:14:49,59033,1,0.0000,-0.4151,0.0382,1.1243,13.2522,0,12.5202,0,1,52.4005,-42.4099,34.3885,-1.0297,172.8361,0.176,0.000,0.996,0.0000,0.0000,0
2026-05-05,15:14:49,59068,1,0.0000,-0.1105,0.0610,1.7934,13.2541,0,12.5202,0,1,51.1426,-32.4842,34.8110,8.5366,173.8317,0.240,0.000,1.000,0.0000,0.0000,0
2026-05-05,15:14:49,59104,1,0.0000,-0.0111,0.0588,1.7280,13.2543,0,12.5202,0,1,50.8535,-1.4316,35.4311,13.8561,175.1990,0.304,0.000,1.000,0.0000,0.0000,0
2026-05-05,15:14:49,59139,1,0.0000,0.0049,0.0584,1.7187,13.2542,0,12.5202,0,1,51.3015,13.1696,35.5703,4.0969,175.1112,0.368,0.000,1.000,0.0000,0.0000,0
2026-05-05,15:14:49,59174,1,0.0000,0.0004,0.0578,1.7008,13.2542,0,12.5202,0,1,51.8482,17.8229,34.9137,-12.6127,174.5135,0.336,0.000,1.000,0.0000,0.0000,0
2026-05-05,15:14:49,59210,1,0.0000,0.0062,0.0572,1.6827,13.2541,0,12.5202,0,1,52.3944,16.7667,34.1980,-19.1947,174.0522,0.304,0.000,1.000,0.0000,0.0000,0
2026-05-05,15:14:49,59246,1,0.0000,0.0100,0.0557,1.6376,13.2541,0,12.5202,0,1,53.0604,21.5355,33.5625,-20.0374,173.4985,0.272,0.000,1.000,0.0000,0.0000,0
2026-05-05,15:14:49,59281,1,0.0000,0.0096,0.0544,1.6004,13.2541,0,12.5202,0,1,53.9951,24.7402,33.0796,-16.9180,173.7080,0.240,0.000,1.000,0.0000,0.0000,0
2026-05-05,15:14:49,59316,1,0.0000,0.0060,0.0535,1.5743,13.2540,0,12.5202,0,1,54.1410,-1.0374,32.7855,-12.1625,173.7810,0.208,0.000,1.000,0.0000,0.0000,0
2026-05-05,15:14:49,59351,1,0.0000,0.0216,0.0526,1.5477,13.2540,0,12.5202,0,1,54.0407,-2.4320,32.7130,-9.0304,173.6059,0.184,0.000,1.000,0.0000,0.0000,0
2026-05-05,15:14:49,59386,1,0.0000,-0.0044,0.0538,1.5835,13.2540,0,12.5202,0,1,53.8476,-4.1587,32.5641,-5.9246,173.3817,0.152,0.000,1.000,0.0000,0.0000,0
2026-05-05,15:14:49,59421,1,0.0000,0.0037,0.0533,1.5664,13.2539,0,12.5202,0,1,53.8229,-2.4190,32.5468,-2.5694,173.2951,0.120,0.000,1.000,0.0000,0.0000,0
2026-05-05,15:14:49,59456,1,0.0000,0.0157,0.0482,1.4172,13.2538,0,12.5202,0,1,53.7440,-2.4444,32.5329,-1.2001,173.1741,0.088,0.000,1.000,0.0000,0.0000,0
2026-05-05,15:14:49,59491,1,0.0000,0.0153,0.0482,1.4189,13.2537,0,12.5202,0,1,53.9368,3.8486,32.6449,1.9141,173.2293,0.056,0.000,1.000,0.0000,0.0000,0
2026-05-05,15:14:49,59526,1,0.0000,-0.0158,0.0488,1.4348,13.2537,0,12.5202,0,1,53.5603,-16.3061,32.8132,4.2002,173.5053,0.024,0.000,0.997,0.0000,0.0000,0
2026-05-05,15:14:49,59561,1,0.0000,-0.1026,0.0631,1.8553,13.2542,0,12.5202,0,1,51.8260,-52.4673,33.4764,15.0346,147.2432,0.088,0.000,0.994,0.0000,0.0000,0
2026-05-05,15:14:49,59596,1,0.0000,-0.0812,0.0740,2.1757,13.2548,0,12.5202,0,1,50.5972,-23.8346,34.7633,28.1402,134.5602,0.152,0.000,1.000,0.0000,0.0000,0
2026-05-05,15:14:49,59631,1,0.0000,-0.1163,0.0909,2.6736,13.2556,0,12.5202,0,1,50.7876,2.7208,35.2852,14.7374,140.9282,0.216,0.000,1.000,0.0000,0.0000,0
2026-05-05,15:14:49,59666,1,0.0000,0.0152,0.0867,2.5504,13.2558,0,12.5202,0,0,50.8349,1.9917,34.4326,-14.9017,145.3336,0.280,0.000,1.000,0.0000,0.0000,0
2026-05-05,15:14:49,59701,1,0.0000,0.0272,0.0860,2.5304,13.2557,0,12.5202,0,0,51.4387,21.6223,33.1251,-31.9284,148.9860,0.272,0.000,1.000,0.0000,0.0000,0
2026-05-05,15:14:49,59737,1,0.0000,0.0768,0.0746,2.1945,13.2553,0,12.5202,0,0,52.7488,37.9909,31.9929,-34.0634,152.1309,0.240,0.000,1.000,0.0000,0.0000,0
2026-05-05,15:14:49,59772,1,0.0000,0.0593,0.0664,1.9527,13.2548,0,12.5202,0,0,53.6347,21.0278,31.1142,-29.6137,154.7776,0.208,0.000,1.000,0.0000,0.0000,0
2026-05-05,15:14:50,59807,1,0.0000,0.0547,0.0601,1.7673,13.2545,0,12.5202,0,0,53.7298,0.1159,30.4865,-23.3909,157.0665,0.176,0.000,1.000,0.0000,0.0000,0
2026-05-05,15:14:50,59843,1,0.0000,0.0110,0.0566,1.6646,13.2542,0,12.5202,0,0,53.9922,6.4242,30.0436,-16.8320,159.5635,0.144,0.000,1.000,0.0000,0.0000,0
2026-05-05,15:14:50,59878,1,0.0000,0.0005,0.0578,1.7006,13.2541,0,12.5202,0,0,53.7811,-11.5718,29.8964,-8.8533,161.7162,0.112,0.000,1.000,0.0000,0.0000,0
2026-05-05,15:14:50,59913,1,0.0000,-0.0058,0.0578,1.7005,13.2542,0,12.5202,0,0,52.8765,-27.7805,29.9666,-1.3641,163.3206,0.128,0.000,1.000,0.0000,0.0000,0
2026-05-05,15:14:50,59949,1,0.0000,-0.0188,0.0612,1.8011,13.2543,0,12.5202,0,0,52.0581,-24.3847,30.2779,5.0273,165.0050,0.192,0.000,1.000,0.0000,0.0000,0
2026-05-05,15:14:50,59984,1,0.0000,-0.0040,0.0591,1.7371,13.2543,0,12.5202,0,0,51.7912,-7.1560,30.6337,7.3387,166.8199,0.256,0.000,1.000,0.0000,0.0000,0
2026-05-05,15:14:50,60019,1,0.0000,-0.0107,0.0609,1.7918,13.2543,0,12.5202,0,0,51.5833,-8.8035,30.7968,4.6425,168.3709,0.320,0.000,1.000,0.0000,0.0000,0
2026-05-05,15:14:50,60054,1,0.0000,-0.0026,0.0603,1.7739,13.2543,0,12.5202,0,0,51.0357,-16.8603,30.9201,2.2559,169.1385,0.384,0.000,1.000,0.0000,0.0000,0
2026-05-05,15:14:50,60089,1,0.0000,0.0165,0.0584,1.7187,13.2543,0,12.5202,0,0,50.8400,-3.4443,30.7605,-4.0403,169.1978,0.448,0.000,1.000,0.0000,0.0000,0
2026-05-05,15:14:50,60124,1,0.0000,0.0396,0.0553,1.6279,13.2541,0,12.5202,0,0,51.4248,16.5808,30.2643,-11.7316,169.1364,0.464,0.000,1.000,0.0000,0.0000,0
2026-05-05,15:14:50,60159,1,0.0000,0.0150,0.0499,1.4682,13.2538,0,12.5202,0,0,52.4998,28.1594,30.0072,-9.3198,169.5302,0.432,0.000,1.000,0.0000,0.0000,0
2026-05-05,15:14:50,60194,1,0.0000,0.0041,0.0494,1.4518,13.2538,0,12.5202,0,0,52.5821,-8.6189,29.9644,-4.7894,169.7625,0.400,0.000,1.000,0.0000,0.0000,0
2026-05-05,15:14:50,60229,1,0.0000,-0.0112,0.0503,1.4794,13.2538,0,12.5202,0,0,51.1934,-39.6529,29.8333,-4.1056,169.7729,0.416,0.000,1.000,0.0000,0.0000,0
2026-05-05,15:14:50,60268,1,0.0000,0.0052,0.0500,1.4700,13.2538,0,12.5202,0,0,50.8516,-19.7052,29.8323,-2.2127,169.8896,0.464,0.000,1.000,0.0000,0.0000,0
2026-05-05,15:14:50,60303,1,0.0000,-0.0132,0.0515,1.5140,13.2538,0,12.5202,0,0,50.6127,-9.1077,29.9061,0.8694,170.2402,0.528,0.000,0.998,0.0000,0.0000,0
2026-05-05,15:14:50,60338,1,0.0000,-0.0129,0.0509,1.4967,13.2538,0,12.5202,0,0,50.0610,-18.7604,30.0638,3.2739,170.4312,0.592,0.000,0.994,0.0000,0.0000,0
2026-05-05,15:14:50,60373,1,0.0000,-0.0504,0.0585,1.7197,13.2541,0,12.5202,0,0,48.7799,-41.6415,30.2644,5.2478,171.0966,0.656,0.000,0.991,0.0000,0.0000,0
2026-05-05,15:14:50,60408,1,0.0000,-0.0527,0.0667,1.9628,13.2545,0,12.5202,0,0,47.0586,-44.7250,30.7635,11.2741,172.7367,0.720,0.000,1.000,0.0000,0.0000,0
2026-05-05,15:14:50,60443,1,0.0000,-0.0459,0.0731,2.1511,13.2549,0,12.5202,0,0,46.8966,3.9510,31.4151,14.2784,173.7159,0.784,0.000,1.000,0.0000,0.0000,0
2026-05-05,15:14:50,60478,1,0.0000,-0.0209,0.0777,2.2843,13.2552,0,12.5202,0,0,47.3244,11.9051,31.2602,-1.7129,173.1936,0.848,0.000,1.000,0.0000,0.0000,0
2026-05-05,15:14:50,60513,1,0.0000,0.0081,0.0754,2.2166,13.2551,0,12.5202,0,0,47.7389,12.8942,30.2193,-22.7609,172.1576,0.816,0.000,1.000,0.0000,0.0000,0
2026-05-05,15:14:50,60548,1,0.0000,-0.0043,0.0748,2.1989,13.2551,0,12.5202,0,0,48.2669,17.8480,29.2084,-28.2500,171.6855,0.784,0.000,1.000,0.0000,0.0000,0
2026-05-05,15:14:50,60583,1,0.0000,0.0145,0.0738,2.1710,13.2550,0,12.5202,0,0,48.8819,18.8174,28.3517,-26.9744,171.2914,0.752,0.000,1.000,0.0000,0.0000,0
2026-05-05,15:14:50,60618,1,0.0000,0.0518,0.0639,1.8799,13.2546,0,12.5202,0,0,49.6149,20.2364,27.7862,-20.6727,171.1997,0.720,0.000,1.000,0.0000,0.0000,0
2026-05-05,15:14:50,60653,1,0.0000,0.0324,0.0597,1.7560,13.2543,0,12.5202,0,0,49.9410,6.1773,27.4225,-15.0542,171.2392,0.688,0.000,1.000,0.0000,0.0000,0
2026-05-05,15:14:50,60688,1,0.0000,0.0433,0.0526,1.5464,13.2540,0,12.5202,0,0,49.9468,-1.8322,27.1467,-10.4827,171.1069,0.656,0.000,1.000,0.0000,0.0000,0
2026-05-05,15:14:50,60723,1,0.0000,-0.0067,0.0535,1.5747,13.2540,0,12.5202,0,0,49.7338,-8.8650,27.1669,-3.6363,170.8656,0.624,0.000,1.000,0.0000,0.0000,0
2026-05-05,15:14:50,60758,1,0.0000,-0.0262,0.0557,1.6380,13.2541,0,12.5202,0,0,49.2240,-18.2935,27.0189,-4.3608,170.7240,0.616,0.000,1.000,0.0000,0.0000,0
2026-05-05,15:14:51,60793,1,0.0000,-0.0284,0.0591,1.7370,13.2542,0,12.5202,0,0,48.4077,-23.3096,26.8921,-3.9452,170.7363,0.680,0.000,1.000,0.0000,0.0000,0
2026-05-05,15:14:51,60828,1,0.0000,-0.0301,0.0666,1.9586,13.2546,0,12.5202,0,0,47.5898,-22.4484,26.8425,-2.2753,171.0195,0.744,0.000,1.000,0.0000,0.0000,0
2026-05-05,15:14:51,60864,1,0.0000,0.0009,0.0668,1.9638,13.2547,0,12.5202,0,0,47.2121,-5.0384,26.8972,0.5159,171.1026,0.808,0.000,1.000,0.0000,0.0000,0
2026-05-05,15:14:51,60899,1,-0.2800,-0.0032,0.0674,1.9829,13.2547,0,12.5202,-35,1,47.5812,10.1665,27.0100,1.9748,170.9603,0.848,0.000,1.000,0.0000,0.0000,0
2026-05-05,15:14:51,60936,1,-0.9600,-0.0669,0.0501,1.4743,13.2548,0,12.5202,-120,1,47.7819,6.3167,26.8892,-2.0771,170.6658,0.816,0.000,1.000,0.0000,0.0000,0
2026-05-05,15:14:51,60972,1,-3.3680,-0.3954,0.0426,1.2528,13.2570,0,12.5202,-421,1,48.3554,20.1058,26.7239,-3.6878,170.3968,0.784,0.000,1.000,0.0000,0.0000,0
2026-05-05,15:14:51,61007,1,-6.4720,-0.6330,0.0349,1.0277,13.2611,0,12.5202,-809,1,49.3133,26.0639,26.9054,2.5289,170.4744,0.752,0.000,1.000,0.0000,0.0000,0
2026-05-05,15:14:51,61043,1,-7.4400,-0.2727,0.0462,1.3598,13.2654,0,12.5202,-930,1,49.4678,-1.2699,27.0849,4.7184,170.5677,0.720,0.000,1.000,0.0000,0.0000,0
2026-05-05,15:14:51,61079,1,-7.7360,-0.2658,0.0220,0.6485,13.2663,0,12.5202,-967,1,48.9297,-16.5095,27.1634,2.8249,170.4564,0.688,0.000,1.000,0.0000,0.0000,0
2026-05-05,15:14:51,61115,1,-7.7360,-0.2341,0.0234,0.6884,13.2683,0,12.5202,-967,1,49.4881,19.8381,27.1761,1.1004,170.2780,0.656,0.000,1.000,0.0000,0.0000,0
2026-05-05,15:14:51,61151,1,-7.7360,-0.1918,0.0287,0.8454,13.2695,0,12.5202,-967,1,50.3478,14.8101,27.3321,4.0165,170.4109,0.624,0.000,1.000,0.0000,0.0000,0
2026-05-05,15:14:51,61191,1,-7.9840,-0.4185,0.0284,0.8346,13.2719,0,12.5202,-998,1,49.9409,-14.8457,27.5166,5.1276,170.2722,0.600,0.000,1.000,0.0000,0.0000,0
2026-05-05,15:14:51,61227,1,-7.9840,-0.4408,0.0427,1.2558,13.2745,0,12.5202,-998,1,48.8243,-28.3836,27.6162,3.4948,170.2623,0.616,0.000,1.000,0.0000,0.0000,0
2026-05-05,15:14:51,61263,1,-7.9840,-0.5037,0.0222,0.6522,13.2778,0,12.5202,-998,1,48.2942,-13.7091,27.8402,6.5444,170.4641,0.632,0.000,1.000,0.0000,0.0000,0
2026-05-05,15:14:51,61298,1,-7.9840,-0.3917,0.0249,0.7318,13.2809,0,12.5202,-998,1,47.9858,-12.0456,28.0562,6.2514,170.4812,0.648,0.000,1.000,0.0000,0.0000,0
2026-05-05,15:14:51,61334,1,-7.9840,-0.5817,0.0334,0.9825,13.2849,0,12.5202,-998,1,47.4339,-17.1282,28.2791,7.0682,170.3415,0.712,0.000,1.000,0.0000,0.0000,0
2026-05-05,15:14:51,61370,1,-7.9840,-0.8103,0.0359,1.0568,13.2908,0,12.5202,-998,1,47.1868,-4.7359,28.4876,6.7033,170.3146,0.776,0.000,1.000,0.0000,0.0000,0
2026-05-05,15:14:51,61406,1,-7.9840,-0.6493,0.0494,1.4540,13.2965,0,12.5202,-998,1,47.0792,-6.5033,28.5891,4.2815,170.6622,0.816,0.000,1.000,0.0000,0.0000,0
2026-05-05,15:14:51,61442,1,-7.9840,-0.7648,0.0534,1.5702,13.3018,0,12.5202,-998,1,46.2273,-22.6324,28.7169,4.0238,170.7659,0.880,0.000,1.000,0.0000,0.0000,0
2026-05-05,15:14:51,61478,1,-7.9840,-0.8331,0.0458,1.3474,13.3085,0,12.5202,-998,1,46.0914,-2.5287,28.8730,3.6663,170.6308,0.944,0.000,1.000,0.0000,0.0000,0
2026-05-05,15:14:51,61514,1,-7.9840,-1.2704,0.0500,1.4713,13.3170,0,12.5202,-998,1,46.5063,12.9582,28.7740,-0.8378,170.5756,0.960,0.000,1.000,0.0000,0.0000,0
2026-05-05,15:14:51,61549,1,-7.9840,-1.3071,0.0304,0.8936,13.3269,0,12.5202,-998,1,46.6982,7.3363,28.7853,0.2134,170.5316,0.928,0.000,1.000,0.0000,0.0000,0
2026-05-05,15:14:51,61585,1,-7.9840,-0.8245,0.0715,2.1031,13.3349,0,12.5202,-998,1,46.6291,-1.0357,28.7752,-0.8675,170.7199,0.896,0.000,1.000,0.0000,0.0000,0
2026-05-05,15:14:51,61621,1,-7.9840,-0.8939,0.0406,1.1941,13.3411,0,12.5202,-998,1,46.3942,-8.4509,28.6024,-4.6299,170.6237,0.864,0.000,1.000,0.0000,0.0000,0
2026-05-05,15:14:51,61656,1,-7.9840,-1.0388,0.0416,1.2247,13.3490,0,12.5202,-998,1,46.8530,17.1816,28.3319,-6.9103,170.5436,0.832,0.000,1.000,0.0000,0.0000,0
2026-05-05,15:14:51,61693,1,-7.9840,-1.0133,0.0272,0.8002,13.3571,0,12.5202,-998,1,47.7108,17.3347,28.3890,-1.2792,170.5253,0.800,0.000,1.000,0.0000,0.0000,0
2026-05-05,15:14:51,61728,1,-7.9840,-0.6911,0.0493,1.4505,13.3623,0,12.5202,-998,1,47.2401,-16.9540,28.2772,-2.7823,170.3530,0.768,0.000,0.998,0.0000,0.0000,0
2026-05-05,15:14:51,61763,1,-7.9840,-0.7895,0.0418,1.2308,13.3682,0,12.5202,-998,1,46.7566,-12.4469,28.2545,-1.6398,170.0992,0.784,0.000,0.995,0.0000,0.0000,0
2026-05-05,15:14:52,61800,1,-7.9840,-0.6529,0.0547,1.6080,13.3744,0,12.5202,-998,1,46.9529,1.5536,28.0608,-4.8464,170.3341,0.776,0.000,0.992,0.0000,0.0000,0
2026-05-05,15:14:52,61836,1,-7.9840,-0.7680,0.0538,1.5834,13.3797,0,12.5202,-998,1,46.3996,-14.3467,27.7846,-6.8451,170.3787,0.792,0.000,0.989,0.0000,0.0000,0
2026-05-05,15:14:52,61871,1,-7.9840,-0.8083,0.0369,1.0840,13.3860,0,12.5202,-998,1,46.2659,-3.7805,27.6421,-5.4846,170.0780,0.856,0.000,0.986,0.0000,0.0000,0
2026-05-05,15:14:52,61906,1,-7.9840,-0.8557,0.0461,1.3556,13.3930,0,12.5202,-998,1,46.4439,2.6917,27.4488,-6.1587,170.1055,0.848,0.000,0.982,0.0000,0.0000,0
2026-05-05,15:14:52,61942,1,-7.9840,-0.9789,0.0384,1.1290,13.4006,0,12.5202,-998,1,46.4614,1.5640,27.4305,-1.7812,170.1767,0.816,0.000,0.979,0.0000,0.0000,0
2026-05-05,15:14:52,61977,1,-7.9840,-0.8210,0.0527,1.5503,13.4080,0,12.5202,-998,1,46.3789,-6.2768,27.6317,3.7772,170.0581,0.784,0.000,0.976,0.0000,0.0000,0
2026-05-05,15:14:52,62012,1,-7.9840,-0.9529,0.0464,1.3637,13.4148,0,12.5202,-998,1,46.1340,-4.9287,27.7306,3.0784,170.0639,0.752,0.000,0.973,0.0000,0.0000,0
2026-05-05,15:14:52,62047,1,-7.9840,-0.7894,0.0585,1.7210,13.4218,0,12.5202,-998,1,46.4220,10.5296,27.7329,0.9798,170.1172,0.720,0.000,0.970,0.0000,0.0000,0
2026-05-05,15:14:52,62088,1,-7.9840,-0.7441,0.0402,1.1827,13.4283,0,12.5202,-998,1,46.6216,6.3269,27.7317,0.3870,170.1000,0.696,0.000,0.967,0.0000,0.0000,0
2026-05-05,15:14:52,62123,1,-0.2867,-0.7511,0.0481,1.4156,13.4340,0,12.5202,-998,0,46.7188,2.2565,27.8271,2.0174,169.9789,0.664,0.000,0.964,0.0000,0.0000,0
2026-05-05,15:14:52,62158,1,-0.2867,-0.3450,0.0486,1.4298,13.4366,0,12.5202,-998,0,46.7040,-2.4541,28.0277,4.9756,170.0276,0.632,0.000,0.961,0.0000,0.0000,0
2026-05-05,15:14:52,62194,1,-0.2867,-0.3169,0.0523,1.5382,13.4391,0,12.5202,-998,0,46.4744,-7.5772,28.1112,2.9845,170.0509,0.600,0.000,0.958,0.0000,0.0000,0
2026-05-05,15:14:52,62229,1,-0.2867,-0.3858,0.0618,1.8169,13.4415,0,12.5202,-998,0,46.3519,-2.3556,28.0260,-0.4597,170.0910,0.568,0.000,0.954,0.0000,0.0000,0
2026-05-05,15:14:52,62264,1,-0.2867,-0.2499,0.0583,1.7151,13.4438,0,12.5202,-998,0,46.1083,-10.4796,27.9531,-1.9664,170.1911,0.536,0.000,0.951,0.0000,0.0000,0
2026-05-05,15:14:52,62300,1,-0.2867,-0.2827,0.0607,1.7839,13.4461,0,12.5202,-998,0,45.6240,-11.3641,27.8121,-3.3760,170.2316,0.600,0.000,0.948,0.0000,0.0000,0
2026-05-05,15:14:52,62336,1,-0.2867,-0.3399,0.0754,2.2169,13.4489,0,12.5202,-998,0,45.5020,-3.6434,27.8276,-1.0642,170.4299,0.664,0.000,0.945,0.0000,0.0000,0
2026-05-05,15:14:52,62371,1,-0.2867,-0.3723,0.0914,2.6868,13.4517,0,12.5202,-998,0,45.4345,0.0799,27.6572,-4.6245,170.5516,0.680,0.000,0.942,0.0000,0.0000,0
2026-05-05,15:14:52,62407,1,-0.2867,-0.3446,0.0978,2.8767,13.4544,0,12.5202,-998,0,45.7506,8.7927,27.4760,-5.3542,170.4816,0.648,0.000,0.965,0.0000,0.0000,0
2026-05-05,15:14:52,62443,1,-0.2867,-0.3658,0.1040,3.0578,13.4569,0,12.5202,-998,0,45.9655,6.9262,27.1845,-8.2288,170.3341,0.616,0.000,0.997,0.0000,0.0000,0
2026-05-05,15:14:52,62478,1,-0.2867,-0.0983,0.0801,2.3557,13.4585,0,12.5202,-998,0,46.1774,6.5663,26.9567,-6.9750,170.2135,0.584,0.000,1.000,0.0000,0.0000,0
2026-05-05,15:14:52,62514,1,-0.2867,-0.1830,0.0762,2.2424,13.4603,0,12.5202,-998,0,46.4664,9.0608,27.0517,0.1155,170.2402,0.552,0.000,1.000,0.0000,0.0000,0
2026-05-05,15:14:52,62549,1,-7.9840,-0.3557,0.0756,2.2226,13.4619,0,12.5202,-998,1,46.7443,4.0551,27.3006,4.9072,170.3981,0.520,0.000,1.000,0.0000,0.0000,0
2026-05-05,15:14:52,62585,1,-7.9840,-0.5229,0.1450,4.2657,13.4733,0,12.5202,-998,1,47.0071,4.7236,27.4966,5.6649,170.4908,0.488,0.000,1.000,0.0000,0.0000,0
2026-05-05,15:14:52,62621,1,-7.9840,-0.2075,0.1149,3.3797,13.4746,0,12.5202,-998,1,46.2663,-14.1683,27.5790,2.3249,171.0067,0.456,0.000,1.000,0.0000,0.0000,0
2026-05-05,15:14:52,62656,1,-7.9840,-0.3962,0.0907,2.6666,13.4772,0,12.5202,-998,1,45.9469,-14.4742,27.2115,-8.0898,170.3366,0.472,0.000,1.000,0.0000,0.0000,0
2026-05-05,15:14:52,62691,1,-7.9840,-0.6576,0.0596,1.7523,13.4810,0,12.5202,-998,1,46.1190,7.0932,26.8008,-11.3631,170.3883,0.512,0.000,1.000,0.0000,0.0000,0
2026-05-05,15:14:52,62726,1,-7.9840,-1.2614,0.0823,2.4197,13.4888,0,12.5202,-998,1,47.0921,30.5297,26.3374,-12.7743,170.7686,0.480,0.000,1.000,0.0000,0.0000,0
2026-05-05,15:14:52,62762,1,-7.9840,-1.4835,0.0950,2.7951,13.4993,0,12.5202,-998,1,47.4592,8.3649,26.0931,-9.1842,170.3343,0.448,0.000,1.000,0.0000,0.0000,0
2026-05-05,15:14:53,62798,1,-7.9840,-1.5887,0.1036,3.0468,13.5114,0,12.5202,-998,1,46.5871,-36.2289,26.0743,-3.5824,169.8074,0.416,0.000,1.000,0.0000,0.0000,0
2026-05-05,15:14:53,62833,1,-7.9840,-1.7092,0.0933,2.7447,13.5245,0,12.5202,-998,1,45.5062,-26.6805,26.0690,-0.8452,169.8794,0.480,0.000,1.000,0.0000,0.0000,0
2026-05-05,15:14:53,62869,1,-7.9840,-1.9726,0.0880,2.5893,13.5394,0,12.5202,-998,1,46.2346,32.2531,26.1594,1.7712,170.5445,0.520,0.000,1.000,0.0000,0.0000,0
2026-05-05,15:14:53,62905,1,-7.9840,-2.2236,0.0664,1.9515,13.5560,0,12.5202,-998,1,47.5096,34.6651,26.2471,2.4754,170.7774,0.488,0.000,1.000,0.0000,0.0000,0
2026-05-05,15:14:53,62942,1,-7.9840,-1.9694,0.0544,1.5989,13.5729,0,12.5202,-998,1,47.8811,4.7722,26.3799,3.3059,170.2829,0.456,0.000,1.000,0.0000,0.0000,0
2026-05-05,15:14:53,62977,1,-7.9840,-1.6538,0.0622,1.8290,13.5880,0,12.5202,-998,1,47.6033,-7.2119,26.2730,-1.4351,169.9143,0.424,0.000,1.000,0.0000,0.0000,0
2026-05-05,15:14:53,63013,1,-7.9840,-1.9740,0.0717,2.1098,13.6029,0,12.5202,-998,1,47.3569,-5.9904,26.1466,-2.0689,169.8824,0.400,0.000,1.000,0.0000,0.0000,0
2026-05-05,15:14:53,63048,1,-7.9840,-2.2472,0.0751,2.2082,13.6193,0,12.5202,-998,1,47.4086,-2.8388,26.0253,-3.3877,170.1194,0.368,0.000,1.000,0.0000,0.0000,0
2026-05-05,15:14:53,63083,1,-7.9840,-2.5132,0.0808,2.3762,13.6376,0,12.5202,-998,1,46.9888,-10.2096,25.8594,-4.8759,170.2180,0.360,0.000,0.999,0.0000,0.0000,0
2026-05-05,15:14:53,63119,1,-7.9840,-2.6375,0.0860,2.5286,13.6577,0,12.5202,-998,1,47.0997,10.5111,25.6761,-4.5546,170.1956,0.376,0.000,0.996,0.0000,0.0000,0
2026-05-05,15:14:53,63155,1,-7.9840,-2.4161,0.0838,2.4647,13.6749,0,12.5202,-998,1,47.3777,11.4858,25.5236,-4.8133,170.0902,0.344,0.000,0.993,0.0000,0.0000,0
2026-05-05,15:14:53,63191,1,-7.9840,-2.5576,0.0781,2.2982,13.6940,0,12.5202,-998,1,47.5000,2.8756,25.5236,-1.7341,169.8665,0.312,0.000,0.990,0.0000,0.0000,0
2026-05-05,15:14:53,63227,1,-7.9840,-2.6121,0.0648,1.9057,13.7142,0,12.5202,-998,1,47.4883,1.5038,25.4540,-2.4140,169.7785,0.280,0.000,0.986,0.0000,0.0000,0
2026-05-05,15:14:53,63263,1,-7.9840,-2.3260,0.0943,2.7741,13.7326,0,12.5202,-998,1,47.9857,16.3311,25.1723,-6.2726,169.9195,0.248,0.000,0.983,0.0000,0.0000,0
2026-05-05,15:14:53,63299,1,-7.9840,-2.6669,0.0948,2.7890,13.7512,0,12.5202,-998,1,48.3192,9.4190,25.2384,-0.5839,169.8571,0.216,0.000,0.980,0.0000,0.0000,0
2026-05-05,15:14:53,63334,1,-7.9840,-2.7298,0.0844,2.4825,13.7716,0,12.5202,-998,1,47.8989,-15.8210,25.2875,0.7097,169.6447,0.184,0.000,0.977,0.0000,0.0000,0
2026-05-05,15:14:53,63370,1,-7.9840,-3.0330,0.0858,2.5240,13.7944,0,12.5202,-998,1,47.8344,8.8347,25.2678,0.0444,169.8397,0.152,0.000,0.974,0.0000,0.0000,0
2026-05-05,15:14:53,63406,1,-7.9840,-2.3953,0.0756,2.2236,13.8155,0,12.5202,-998,1,48.5487,20.6023,25.2624,-0.3999,169.9431,0.120,0.000,0.970,0.0000,0.0000,0
2026-05-05,15:14:53,63441,1,-7.9840,-2.2689,0.0854,2.5105,13.8339,0,12.5202,-998,1,48.6263,3.0970,25.2492,-0.1070,169.9645,0.088,0.000,0.967,0.0000,0.0000,0
2026-05-05,15:14:53,63477,1,-7.9840,-2.6988,0.1106,3.2537,13.8535,0,12.5202,-998,1,48.5495,-1.4480,25.0781,-3.6165,169.8001,0.056,0.000,0.964,0.0000,0.0000,0
2026-05-05,15:14:53,63513,1,-7.9840,-2.8081,0.1183,3.4805,13.8749,0,12.5202,-998,1,47.8840,-21.1751,24.9884,-2.9562,169.6125,0.024,0.000,0.970,0.0000,0.0000,0
2026-05-05,15:14:53,63549,1,-7.9840,-2.7202,0.0777,2.2848,13.8960,0,12.5202,-998,1,47.2596,-13.5242,24.9688,-1.2435,169.6980,0.088,0.000,1.000,0.0000,0.0000,0
2026-05-05,15:14:53,63584,1,-7.9840,-2.2176,0.0666,1.9577,13.9152,0,12.5202,-998,1,48.0017,27.8459,25.0727,1.6601,169.9439,0.104,0.000,1.000,0.0000,0.0000,0
2026-05-05,15:14:53,63620,1,-7.9840,-1.7401,0.0618,1.8173,13.9304,0,12.5202,-998,1,49.4036,37.5413,25.0024,-0.6074,169.7680,0.072,0.000,1.000,0.0000,0.0000,0
2026-05-05,15:14:53,63656,1,-7.9840,-1.9111,0.1032,3.0344,13.9450,0,12.5202,-998,1,49.6032,3.6659,24.7991,-2.8761,169.2448,0.040,0.000,1.000,0.0000,0.0000,0
2026-05-05,15:14:53,63692,1,-7.9840,-1.8744,0.1200,3.5291,13.9587,0,12.5202,-998,1,48.4992,-32.2849,25.0058,3.5059,168.9610,0.008,0.000,1.000,0.0000,0.0000,0
2026-05-05,15:14:53,63728,1,-7.9840,-1.8844,0.1068,3.1416,13.9730,0,12.5202,-998,1,47.5204,-30.1974,25.0717,2.4845,168.9553,0.072,0.000,1.000,0.0000,0.0000,0
2026-05-05,15:14:53,63764,1,-7.9840,-1.9669,0.0737,2.1686,13.9879,0,12.5202,-998,1,47.4939,2.4328,25.0289,-0.0419,169.7232,0.136,0.000,1.000,0.0000,0.0000,0
2026-05-05,15:14:54,63799,1,-7.9840,-2.3992,0.0738,2.1710,14.0047,0,12.5202,-998,1,48.6364,37.2049,25.0420,0.6453,170.8277,0.128,0.000,1.000,0.0000,0.0000,0
2026-05-05,15:14:54,63835,1,-7.9840,-2.4417,0.0807,2.3726,14.0226,0,12.5202,-998,1,49.5753,24.0463,25.1128,1.0741,170.4245,0.096,0.000,1.000,0.0000,0.0000,0
2026-05-05,15:14:54,63871,1,-7.9840,-2.5637,0.0721,2.1203,14.0419,0,12.5202,-998,1,49.3018,-12.9204,25.2234,2.6972,169.4662,0.064,0.000,1.000,0.0000,0.0000,0
2026-05-05,15:14:54,63906,1,-7.9840,-1.6421,0.0719,2.1144,14.0584,0,12.5202,-998,1,49.5266,-3.0182,25.2656,2.0016,169.2505,0.040,0.000,1.000,0.0000,0.0000,0
2026-05-05,15:14:54,63942,1,-7.9840,-1.9474,0.0675,1.9866,14.0725,0,12.5202,-998,1,49.4790,4.7157,24.9879,-3.5665,169.7314,0.008,0.000,1.000,0.0000,0.0000,0
2026-05-05,15:14:54,63978,1,-7.9840,-1.8859,0.0712,2.0943,14.0879,0,12.5202,-998,1,49.7781,6.0815,25.1071,1.8569,170.2325,0.000,0.000,1.000,0.0000,0.0000,0
2026-05-05,15:14:54,64014,1,-7.9840,-2.2289,0.0914,2.6883,14.1040,0,12.5202,-998,1,49.0582,-23.1809,25.4244,6.7870,170.3823,0.016,0.000,1.000,0.0000,0.0000,0
2026-05-05,15:14:54,64049,1,-7.9840,-2.2867,0.0879,2.5846,14.1215,0,12.5202,-998,1,48.3815,-14.4817,25.6631,7.2803,170.3288,0.080,0.000,1.000,0.0000,0.0000,0
2026-05-05,15:14:54,64085,1,-0.4320,-1.6898,0.1005,2.9550,14.1387,0,12.5202,-54,1,48.7560,16.4257,25.9248,7.9150,170.0497,0.120,0.000,1.000,0.0000,0.0000,0
2026-05-05,15:14:54,64121,1,0.0000,-0.0150,0.1174,3.4537,14.1422,0,12.5202,0,1,49.0154,7.4550,25.9424,2.7594,169.9311,0.088,0.000,1.000,0.0000,0.0000,0
2026-05-05,15:14:54,64156,1,0.0000,0.0138,0.1154,3.3937,14.1422,0,12.5202,0,1,48.8553,-7.4655,26.0141,2.5613,169.9222,0.056,0.000,1.000,0.0000,0.0000,0
2026-05-05,15:14:54,64191,1,0.0000,0.0151,0.1150,3.3824,14.1421,0,12.5202,0,1,48.7793,-0.6256,26.0956,2.1894,170.1882,0.024,0.000,1.000,0.0000,0.0000,0
2026-05-05,15:14:54,64227,1,0.0000,-0.0730,0.1241,3.6510,14.1423,0,12.5202,0,1,49.2876,16.1843,26.0544,0.0520,170.5234,0.000,0.000,1.000,0.0000,0.0000,0
2026-05-05,15:14:54,64263,1,0.0000,-0.0416,0.1320,3.8813,14.1428,0,12.5202,0,1,49.1312,-10.6930,26.1050,1.1135,170.1481,0.000,0.000,1.000,0.0000,0.0000,0
2026-05-05,15:14:54,64298,1,0.0000,0.0178,0.1254,3.6882,14.1426,0,12.5202,0,1,48.3133,-21.9667,26.1036,0.0786,169.8065,0.032,0.000,1.000,0.0000,0.0000,0
2026-05-05,15:14:54,64334,1,0.0000,0.0057,0.1209,3.5551,14.1424,0,12.5202,0,1,48.6983,18.5883,26.0873,0.0374,170.2034,0.072,0.000,1.000,0.0000,0.0000,0
2026-05-05,15:14:54,64370,1,0.0000,-0.0083,0.1200,3.5286,14.1422,0,12.5202,0,1,49.7990,28.9638,26.2081,2.4285,170.6677,0.040,0.000,1.000,0.0000,0.0000,0
2026-05-05,15:14:54,64405,1,0.0000,-0.0084,0.1198,3.5224,14.1423,0,12.5202,0,1,49.5122,-12.8635,26.2126,0.4934,170.3728,0.008,0.000,0.998,0.0000,0.0000,0
2026-05-05,15:14:54,64441,1,0.0000,0.0092,0.1188,3.4929,14.1423,0,12.5202,0,1,48.7075,-22.6124,26.1894,-0.5760,170.0603,0.016,0.000,0.995,0.0000,0.0000,0
2026-05-05,15:14:54,64476,1,0.0000,-0.0043,0.1178,3.4658,14.1422,0,12.5202,0,1,48.6468,2.0011,26.1979,0.3219,170.1948,0.080,0.000,0.992,0.0000,0.0000,0
2026-05-05,15:14:54,64511,1,0.0000,0.0097,0.1174,3.4520,14.1421,0,12.5202,0,1,49.2229,14.6186,26.1641,-0.5723,170.5210,0.048,0.000,0.989,0.0000,0.0000,0
2026-05-05,15:14:54,64547,1,0.0000,0.0084,0.1175,3.4567,14.1421,0,12.5202,0,1,49.2760,-0.4817,26.2373,1.3997,170.4250,0.016,0.000,0.986,0.0000,0.0000,0
2026-05-05,15:14:54,64582,1,0.0000,0.0031,0.1173,3.4491,14.1421,0,12.5202,0,1,49.1630,-1.2869,26.2620,0.7305,170.2281,0.000,0.000,0.982,0.0000,0.0000,0
2026-05-05,15:14:54,64617,1,0.0000,0.0053,0.1176,3.4582,14.1421,0,12.5202,0,1,49.2889,5.2918,26.3032,1.1237,170.2428,0.000,0.000,0.979,0.0000,0.0000,0
2026-05-05,15:14:54,64653,1,0.0000,-0.0015,0.1173,3.4491,14.1421,0,12.5202,0,1,49.4595,3.1515,26.4257,2.6824,170.5193,0.000,0.000,0.976,0.0000,0.0000,0
2026-05-05,15:14:54,64688,1,0.0000,0.0109,0.1152,3.3895,14.1421,0,12.5202,0,1,49.1720,-9.1929,26.4117,-0.2565,170.6676,0.000,0.000,0.973,0.0000,0.0000,0
2026-05-05,15:14:54,64723,1,0.0000,-0.0047,0.1154,3.3929,14.1421,0,12.5202,0,1,49.3050,9.6701,26.3084,-2.4749,170.7569,0.000,0.000,0.970,0.0000,0.0000,0
2026-05-05,15:14:54,64759,1,0.0000,-0.0218,0.1207,3.5512,14.1422,0,12.5202,0,0,49.6278,8.4861,26.2501,-1.9610,170.8094,0.000,0.000,0.966,0.0000,0.0000,0
2026-05-05,15:14:55,64794,1,0.0000,-0.0104,0.1266,3.7230,14.1426,0,12.5202,0,0,49.2695,-14.7421,26.3402,0.7556,170.6734,0.000,0.000,0.963,0.0000,0.0000,0
2026-05-05,15:14:55,64833,1,0.0000,0.0286,0.1237,3.6380,14.1426,0,12.5202,0,0,49.0507,-9.1195,26.3317,-0.3638,170.6325,0.000,0.000,0.961,0.0000,0.0000,0
2026-05-05,15:14:55,64868,1,0.0000,0.0340,0.1189,3.4967,14.1423,0,12.5202,0,0,49.5434,18.6379,26.1016,-5.0756,170.9067,0.000,0.000,0.958,0.0000,0.0000,0
2026-05-05,15:14:55,64903,1,0.0000,0.0307,0.1082,3.1819,14.1417,0,12.5202,0,0,50.3429,21.8023,25.9784,-3.8839,170.9597,0.000,0.000,0.954,0.0000,0.0000,0
2026-05-05,15:14:55,64938,1,0.0000,-0.1020,0.1210,3.5583,14.1421,0,12.5202,0,0,50.4726,2.5358,25.8349,-4.5091,170.5028,0.000,0.000,0.951,0.0000,0.0000,0
2026-05-05,15:14:55,64974,1,0.0000,-0.2387,0.1539,4.5268,14.1434,0,12.5202,0,0,49.7225,-22.2752,25.6395,-5.5942,169.9856,0.000,0.000,0.948,0.0000,0.0000,0
2026-05-05,15:14:55,65009,1,0.0000,0.0341,0.1547,4.5489,14.1441,0,12.5202,0,0,48.9974,-18.6345,25.3018,-8.9634,169.7168,0.064,0.000,0.945,0.0000,0.0000,0
2026-05-05,15:14:55,65044,1,0.0000,0.0545,0.1491,4.3859,14.1440,0,12.5202,0,0,48.9290,0.4983,24.8043,-13.8471,170.1055,0.128,0.000,0.968,0.0000,0.0000,0
2026-05-05,15:14:55,65079,1,0.0000,-0.0308,0.1543,4.5397,14.1440,0,12.5202,0,0,50.0128,35.7309,24.2360,-16.1571,170.8393,0.120,0.000,1.000,0.0000,0.0000,0
2026-05-05,15:14:55,65114,1,0.0000,-0.0463,0.1614,4.7471,14.1443,0,12.5202,0,0,50.6423,13.4516,23.8939,-12.3895,170.5377,0.088,0.000,1.000,0.0000,0.0000,0
2026-05-05,15:14:55,65149,1,0.0000,0.0513,0.1537,4.5212,14.1442,0,12.5202,0,0,49.5172,-40.5856,23.6092,-10.3590,169.7876,0.056,0.000,1.000,0.0000,0.0000,0
2026-05-05,15:14:55,65184,1,0.0000,0.2373,0.1215,3.5744,14.1431,0,12.5202,0,0,48.6287,-17.9090,23.3949,-7.8650,169.5493,0.120,0.000,1.000,0.0000,0.0000,0
2026-05-05,15:14:55,65219,1,0.0000,-0.0157,0.1105,3.2500,14.1418,0,12.5202,0,0,50.0004,49.1969,23.2297,-5.7403,170.5309,0.136,0.000,1.000,0.0000,0.0000,0
2026-05-05,15:14:55,65254,1,0.0000,-0.3855,0.1572,4.6231,14.1431,0,12.5202,0,0,51.7191,53.8878,23.2447,-0.9320,171.0761,0.104,0.000,1.000,0.0000,0.0000,0
2026-05-05,15:14:55,65289,1,0.0000,-0.2076,0.1914,5.6300,14.1456,0,12.5202,0,0,51.4902,-18.9325,23.4689,3.4046,170.2849,0.072,0.000,1.000,0.0000,0.0000,0
2026-05-05,15:14:55,65324,1,0.0000,0.0017,0.1901,5.5903,14.1461,0,12.5202,0,0,48.9712,-78.8982,23.0134,-8.7371,169.5392,0.088,0.000,1.000,0.0000,0.0000,0
2026-05-05,15:14:55,65359,1,0.0000,0.0730,0.1802,5.2991,14.1457,0,12.5202,0,0,48.2422,-35.1360,22.6110,-11.9162,169.2160,0.152,0.000,1.000,0.0000,0.0000,0
2026-05-05,15:14:55,65394,1,0.0000,0.1600,0.1567,4.6084,14.1446,0,12.5202,0,0,48.0223,-0.8105,22.0707,-14.9731,162.9274,0.216,0.000,1.000,0.0000,0.0000,0
2026-05-05,15:14:55,65429,1,0.0000,0.0147,0.1574,4.6288,14.1443,0,12.5202,0,0,49.5304,54.3355,21.6438,-13.0851,112.8762,0.232,0.000,1.000,0.0000,0.0000,0
2026-05-05,15:14:55,65464,1,0.0000,-0.0299,0.1621,4.7671,14.1445,0,12.5202,0,0,51.3120,51.2544,21.6086,-5.2691,103.3606,0.200,0.000,1.000,0.0000,0.0000,0
2026-05-05,15:14:55,65499,1,0.0000,0.0063,0.1596,4.6941,14.1444,0,12.5202,0,0,51.0201,-15.0007,21.5693,-3.5446,112.0806,0.168,0.000,1.000,0.0000,0.0000,0
2026-05-05,15:14:55,65534,1,0.0000,-0.0412,0.1670,4.9121,14.1447,0,12.5202,0,0,49.9349,-29.4782,21.3543,-5.7718,119.4151,0.136,0.000,1.000,0.0000,0.0000,0
2026-05-05,15:14:55,65569,1,0.0000,-0.0624,0.1733,5.0966,14.1450,0,12.5202,0,0,50.3034,19.1213,21.0500,-7.9484,125.9190,0.152,0.000,1.000,0.0000,0.0000,0
2026-05-05,15:14:55,65604,1,0.0000,-0.0733,0.1839,5.4101,14.1455,0,12.5202,0,0,51.3398,30.9898,20.7482,-8.6409,132.4805,0.120,0.000,1.000,0.0000,0.0000,0
2026-05-05,15:14:55,65639,1,0.0000,-0.0470,0.1943,5.7134,14.1460,0,12.5202,0,0,51.6166,7.2345,20.4124,-9.7929,138.4211,0.088,0.000,1.000,0.0000,0.0000,0
2026-05-05,15:14:55,65674,1,0.0000,0.0233,0.1897,5.5807,14.1461,0,12.5202,0,0,51.5488,-1.6859,20.1698,-8.0465,143.4669,0.056,0.000,1.000,0.0000,0.0000,0
2026-05-05,15:14:55,65709,1,0.0000,0.0029,0.1885,5.5451,14.1460,0,12.5202,0,0,51.1688,-9.7653,20.0079,-6.2565,147.8671,0.024,0.000,1.000,0.0000,0.0000,0
2026-05-05,15:14:55,65747,1,0.0000,-0.0231,0.1925,5.6628,14.1460,0,12.5202,0,0,50.9737,0.0556,19.8579,-5.8200,150.0128,0.000,0.000,1.000,0.0000,0.0000,0
2026-05-05,15:14:56,65783,1,0.0000,-0.0076,0.1909,5.6155,14.1461,0,12.5202,0,0,51.8335,29.9187,19.6514,-6.0644,153.4023,0.000,0.000,1.000,0.0000,0.0000,0
2026-05-05,15:14:56,65818,1,0.0000,0.0188,0.1892,5.5654,14.1460,0,12.5202,0,0,52.0387,6.8200,19.4947,-5.7179,155.3788,0.000,0.000,1.000,0.0000,0.0000,0
2026-05-05,15:14:56,65853,1,0.0000,-0.0044,0.1876,5.5183,14.1458,0,12.5202,0,0,52.0310,5.9176,19.1859,-8.5490,156.8553,0.000,0.000,1.000,0.0000,0.0000,0
2026-05-05,15:14:56,65889,1,0.0000,-0.0015,0.1851,5.4432,14.1458,0,12.5202,0,0,52.7137,28.9288,18.8234,-10.1605,158.3329,0.000,0.000,1.000,0.0000,0.0000,0
2026-05-05,15:14:56,65924,1,0.0000,-0.0015,0.1869,5.4971,14.1458,0,12.5202,0,0,53.5485,20.8541,18.5065,-10.0438,159.6736,0.000,0.000,1.000,0.0000,0.0000,0
2026-05-05,15:14:56,65959,1,0.0000,0.0704,0.1789,5.2616,14.1456,0,12.5202,0,0,53.3233,-8.0637,18.1855,-10.1047,161.0277,0.000,0.000,1.000,0.0000,0.0000,0
2026-05-05,15:14:56,65994,1,0.0000,0.0735,0.1574,4.6303,14.1445,0,12.5202,0,0,53.5909,14.5403,17.8606,-9.6808,162.9211,0.000,0.000,1.000,0.0000,0.0000,0
2026-05-05,15:14:56,66029,1,0.0000,0.0023,0.1599,4.7020,14.1444,0,12.5202,0,0,54.6640,34.4647,17.7686,-5.0277,164.8016,0.000,0.000,1.000,0.0000,0.0000,0
2026-05-05,15:14:56,66064,1,0.0000,-0.0121,0.1629,4.7905,14.1445,0,12.5202,0,0,55.4099,21.4851,17.6963,-3.1856,165.5180,0.000,0.000,1.000,0.0000,0.0000,0
2026-05-05,15:14:56,66099,1,0.0000,0.0147,0.1612,4.7415,14.1445,0,12.5202,0,0,54.9431,-20.0961,17.7146,-0.7932,165.3939,0.000,0.000,1.000,0.0000,0.0000,0
2026-05-05,15:14:56,66134,1,0.0000,0.0705,0.1502,4.4165,14.1442,0,12.5202,0,0,54.6240,-1.5844,17.6882,-0.6615,165.4613,0.000,0.000,1.000,0.0000,0.0000,0
2026-05-05,15:14:56,66169,1,0.0000,0.0009,0.1527,4.4919,14.1440,0,12.5202,0,0,55.9797,45.0401,17.7308,1.3895,166.4286,0.000,0.000,1.000,0.0000,0.0000,0
2026-05-05,15:14:56,66204,1,0.0000,-0.1011,0.1629,4.7925,14.1443,0,12.5202,0,0,57.0103,28.8628,17.8140,2.8728,166.7291,0.000,0.000,1.000,0.0000,0.0000,0
2026-05-05,15:14:56,66239,1,0.0000,-0.1424,0.1879,5.5265,14.1455,0,12.5202,0,0,56.8353,-6.2744,17.8291,2.1124,166.2580,0.000,0.000,1.000,0.0000,0.0000,0
2026-05-05,15:14:56,66274,1,0.0000,0.0248,0.1869,5.4963,14.1459,0,12.5202,0,0,55.8241,-30.5366,17.8860,1.9692,166.4494,0.000,0.000,1.000,0.0000,0.0000,0
2026-05-05,15:14:56,66309,1,0.0000,0.2832,0.1537,4.5217,14.1449,0,12.5202,0,0,55.1729,-15.2323,17.8954,0.8280,167.2485,0.064,0.000,1.000,0.0000,0.0000,0
2026-05-05,15:14:56,66344,1,0.0000,-0.0256,0.1515,4.4556,14.1439,0,12.5202,0,0,56.2878,45.0944,17.8855,0.4431,128.7608,0.080,0.000,1.000,0.0000,0.0000,0
2026-05-05,15:14:56,66379,1,0.0000,-0.0618,0.1590,4.6752,14.1442,0,12.5202,0,0,58.6824,69.0972,18.0958,4.6439,110.9427,0.048,0.000,1.000,0.0000,0.0000,0
2026-05-05,15:14:56,66414,1,0.0000,-0.1402,0.1811,5.3269,14.1451,0,12.5202,0,0,58.2641,-22.3684,18.2647,4.2186,118.6912,0.016,0.000,1.000,0.0000,0.0000,0
2026-05-05,15:14:56,66449,1,0.0000,-0.0680,0.1919,5.6438,14.1460,0,12.5202,0,0,56.1732,-51.8100,18.0664,-2.2954,125.0051,0.032,0.000,1.000,0.0000,0.0000,0
2026-05-05,15:14:56,66484,1,0.0000,0.1371,0.1751,5.1487,14.1456,0,12.5202,0,0,56.2059,0.6793,17.9475,-2.7642,130.7190,0.096,0.000,1.000,0.0000,0.0000,0
2026-05-05,15:14:56,66519,1,0.0000,0.1149,0.1591,4.6799,14.1447,0,12.5202,0,0,57.4304,46.5473,17.7992,-4.2805,123.4032,0.112,0.000,1.000,0.0000,0.0000,0
2026-05-05,15:14:56,66554,1,0.0000,-0.0207,0.1649,4.8489,14.1446,0,12.5202,0,0,59.6655,64.4084,17.7287,-2.2183,79.9197,0.080,0.000,1.000,0.0000,0.0000,0
2026-05-05,15:14:56,66589,1,0.0000,0.0129,0.1635,4.8075,14.1446,0,12.5202,0,0,59.2938,-19.3852,17.8201,0.7717,93.5686,0.048,0.000,1.000,0.0000,0.0000,0
2026-05-05,15:14:56,66624,1,0.0000,0.0608,0.1530,4.4997,14.1442,0,12.5202,0,0,58.0825,-30.0911,17.7995,-0.3953,104.4585,0.016,0.000,1.000,0.0000,0.0000,0
2026-05-05,15:14:56,66659,1,0.0000,0.0050,0.1556,4.5756,14.1442,0,12.5202,0,0,58.2128,-8.7085,17.7418,-0.8286,108.2493,0.064,0.000,1.000,0.0000,0.0000,0
2026-05-05,15:14:56,66694,1,0.0000,0.0033,0.1552,4.5648,14.1442,0,12.5202,0,0,59.8833,48.3553,17.7040,-0.8332,117.3009,0.032,0.000,1.000,0.0000,0.0000,0
2026-05-05,15:14:56,66729,1,0.0000,0.0013,0.1561,4.5926,14.1442,0,12.5202,0,0,59.8629,-8.6182,17.7844,1.4129,124.6562,0.000,0.000,1.000,0.0000,0.0000,0
2026-05-05,15:14:56,66764,1,0.0000,0.0194,0.1547,4.5487,14.1442,0,12.5202,0,0,59.1703,-16.5966,17.8606,2.2983,131.3274,0.000,0.000,1.000,0.0000,0.0000,0
2026-05-05,15:14:57,66799,1,0.0000,0.0938,0.1426,4.1954,14.1437,0,12.5202,0,0,59.7204,20.8377,17.9136,2.0325,137.9882,0.000,0.000,1.000,0.0000,0.0000,0
2026-05-05,15:14:57,66834,1,0.0000,0.1495,0.1239,3.6448,14.1429,0,12.5202,0,0,60.8240,30.7095,18.0308,3.2317,143.4775,0.000,0.000,1.000,0.0000,0.0000,0
2026-05-05,15:14:57,66869,1,0.0000,0.0750,0.1055,3.1031,14.1417,0,12.5202,0,0,61.0897,7.0957,18.2142,4.8467,147.0679,0.000,0.000,1.000,0.0000,0.0000,0
2026-05-05,15:14:57,66904,1,0.0000,-0.0267,0.1117,3.2867,14.1418,0,12.5202,0,0,60.9764,-1.4226,18.4243,5.5799,149.8918,0.000,0.000,1.000,0.0000,0.0000,0
2026-05-05,15:14:57,66939,1,0.0000,-0.0337,0.1154,3.3948,14.1420,0,12.5202,0,0,61.1992,6.7914,18.5303,4.3795,152.7378,0.000,0.000,1.000,0.0000,0.0000,0
2026-05-05,15:14:57,66974,1,0.0000,-0.0454,0.1228,3.6115,14.1423,0,12.5202,0,0,60.9737,-7.7252,18.6033,2.9982,155.4870,0.000,0.000,1.000,0.0000,0.0000,0
2026-05-05,15:14:57,67010,1,0.0000,-0.0103,0.1210,3.5591,14.1424,0,12.5202,0,0,60.7117,-4.2699,18.6413,2.1121,157.9688,0.000,0.000,1.000,0.0000,0.0000,0
2026-05-05,15:14:57,67045,1,0.0000,0.0038,0.1210,3.5592,14.1424,0,12.5202,0,0,61.1016,14.2502,18.8410,4.9331,160.1837,0.000,0.000,1.000,0.0000,0.0000,0
2026-05-05,15:14:57,67080,1,0.0000,0.0002,0.1202,3.5365,14.1424,0,12.5202,0,0,61.6576,14.9218,18.8926,2.2987,161.5222,0.000,0.000,1.000,0.0000,0.0000,0
2026-05-05,15:14:57,67116,1,0.0000,-0.0012,0.1202,3.5362,14.1423,0,12.5202,0,0,61.6228,-1.9790,18.8823,0.5688,162.2995,0.000,0.000,1.000,0.0000,0.0000,0
2026-05-05,15:14:57,67151,1,0.0000,0.0331,0.1135,3.3375,14.1420,0,12.5202,0,0,61.6448,3.6014,18.8826,0.2108,163.2791,0.000,0.000,1.000,0.0000,0.0000,0
2026-05-05,15:14:57,67186,1,0.0000,0.0110,0.1124,3.3046,14.1419,0,12.5202,0,0,62.1956,18.1325,18.8007,-1.6140,164.6014,0.000,0.000,1.000,0.0000,0.0000,0
2026-05-05,15:14:57,67221,1,0.0000,-0.0125,0.1147,3.3746,14.1420,0,12.5202,0,0,62.4283,3.9250,18.7658,-1.0285,165.6804,0.000,0.000,1.000,0.0000,0.0000,0
2026-05-05,15:14:57,67256,1,0.0000,-0.0002,0.1168,3.4360,14.1421,0,12.5202,0,0,62.0905,-9.3968,18.7571,-0.7616,166.3436,0.000,0.000,1.000,0.0000,0.0000,0
2026-05-05,15:14:57,67291,1,0.0000,-0.0353,0.1198,3.5242,14.1422,0,12.5202,0,0,61.7127,-8.6206,18.6443,-2.8108,166.7824,0.000,0.000,0.997,0.0000,0.0000,0
2026-05-05,15:14:57,67327,1,1.5760,0.0191,0.1163,3.4191,14.1422,0,12.5202,197,1,62.0165,10.5631,18.5072,-3.6946,167.2053,0.000,0.000,0.994,0.0000,0.0000,0
2026-05-05,15:14:57,67362,1,1.5760,1.6073,0.1657,4.8721,14.1359,0,12.5202,197,1,62.2388,6.0238,18.4179,-3.1889,167.7502,0.000,0.000,1.000,0.0000,0.0000,0
2026-05-05,15:14:57,67397,1,1.5760,1.4836,0.1727,5.0785,14.1243,0,12.5202,197,1,62.2503,-1.0740,18.3298,-2.6198,168.1144,0.000,0.000,1.000,0.0000,0.0000,0
2026-05-05,15:14:57,67432,1,2.4320,1.5718,0.1644,4.8349,14.1123,0,12.5202,304,1,62.0790,1.1000,18.2142,-3.7678,168.2313,0.000,0.000,1.000,0.0000,0.0000,0
2026-05-05,15:14:57,67468,1,2.4320,2.3656,0.1990,5.8518,14.0952,0,12.5202,304,1,61.9994,3.2602,17.9950,-5.7463,168.9048,0.000,0.000,1.000,0.0000,0.0000,0
2026-05-05,15:14:57,67503,1,2.4320,2.3977,0.1881,5.5312,14.0769,0,12.5202,304,1,62.4675,10.4972,17.8241,-5.3850,168.9545,0.000,0.000,1.000,0.0000,0.0000,0
2026-05-05,15:14:57,67538,1,3.7680,2.3858,0.1899,5.5867,14.0583,0,12.5202,471,1,62.4347,6.6144,17.7349,-4.0276,169.1514,0.000,0.000,1.000,0.0000,0.0000,0
2026-05-05,15:14:57,67576,1,3.7680,3.8397,0.2078,6.1125,14.0286,0,12.5202,471,1,62.4386,7.4037,18.2211,4.4659,169.7157,0.000,0.000,1.000,0.0000,0.0000,0
2026-05-05,15:14:57,67612,1,3.7680,3.6876,0.2104,6.1886,14.0006,0,12.5202,471,1,62.6069,-2.4640,18.6126,8.0201,170.0083,0.000,0.000,1.000,0.0000,0.0000,0
2026-05-05,15:14:57,67647,1,3.7840,3.7240,0.2239,6.5841,13.9722,0,12.5202,473,1,62.3732,-6.9952,18.4793,-0.0866,169.8048,0.000,0.000,1.000,0.0000,0.0000,0
2026-05-05,15:14:57,67683,1,3.7760,3.7566,0.2138,6.2876,13.9432,0,12.5202,472,1,62.6224,13.9911,18.1868,-5.8534,170.0250,0.000,0.000,1.000,0.0000,0.0000,0
2026-05-05,15:14:57,67718,1,3.7760,3.7130,0.2272,6.6828,13.9154,0,12.5202,472,1,63.3511,21.4476,17.9103,-7.5796,170.1332,0.000,0.000,1.000,0.0000,0.0000,0
2026-05-05,15:14:57,67753,1,3.7760,3.8155,0.2174,6.3934,13.8871,0,12.5202,472,1,63.2916,-2.4194,17.6272,-8.6784,169.8850,0.000,0.000,1.000,0.0000,0.0000,0
2026-05-05,15:14:58,67789,1,3.7760,3.7194,0.2226,6.5465,13.8583,0,12.5202,472,1,63.1448,3.3026,17.2836,-10.2631,169.8713,0.000,0.000,1.000,0.0000,0.0000,0
2026-05-05,15:14:58,67825,1,3.7760,3.5661,0.2635,7.7498,13.8308,0,12.5202,472,1,63.6540,19.1327,16.9641,-9.6493,169.9904,0.000,0.000,1.000,0.0000,0.0000,0
2026-05-05,15:14:58,67860,1,3.7760,3.4757,0.2879,8.4674,13.8033,0,12.5202,472,1,64.0653,6.9619,16.6827,-9.5720,170.5770,0.000,0.000,1.000,0.0000,0.0000,0
2026-05-05,15:14:58,67895,1,3.7760,3.9822,0.2618,7.6995,13.7757,0,12.5202,472,1,63.9318,4.4232,16.3740,-9.3761,170.0921,0.000,0.000,1.000,0.0000,0.0000,0
2026-05-05,15:14:58,67931,1,3.7840,4.3754,0.2001,5.8846,13.7440,0,12.5202,473,1,63.1036,-20.6426,16.1849,-6.9718,170.0366,0.016,0.000,1.000,0.0000,0.0000,0
2026-05-05,15:14:58,67967,1,4.0880,3.7814,0.2488,7.3172,13.7143,0,12.5202,511,1,63.8638,30.8269,16.0465,-5.3807,144.6202,0.032,0.000,1.000,0.0000,0.0000,0
2026-05-05,15:14:58,68002,1,4.0880,3.6833,0.3286,9.6643,13.6878,0,12.5202,511,1,65.6446,66.0662,15.8955,-4.1143,112.8227,0.000,0.000,1.000,0.0000,0.0000,0
2026-05-05,15:14:58,68038,1,4.0880,4.3496,0.2984,8.7756,13.6565,0,12.5202,511,1,65.2886,-21.8677,15.9878,-0.9108,120.8293,0.000,0.000,1.000,0.0000,0.0000,0
2026-05-05,15:14:58,68074,1,4.0880,4.6211,0.2284,6.7170,13.6218,0,12.5202,511,1,63.9621,-41.3191,15.6427,-8.0283,126.9180,0.016,0.000,1.000,0.0000,0.0000,0
2026-05-05,15:14:58,68110,1,4.0880,3.9965,0.2298,6.7575,13.5892,0,12.5202,511,1,63.3889,-8.4641,15.1674,-12.6295,133.6916,0.080,0.000,1.000,0.0000,0.0000,0
2026-05-05,15:14:58,68146,1,4.0880,3.8247,0.2559,7.5254,13.5586,0,12.5202,511,1,64.8785,50.3788,14.6779,-13.6382,95.8360,0.072,0.000,1.000,0.0000,0.0000,0
2026-05-05,15:14:58,68182,1,4.0880,3.9559,0.3046,8.9584,13.5299,0,12.5202,511,1,66.6571,46.3406,14.4840,-8.4661,78.4948,0.040,0.000,1.000,0.0000,0.0000,0
2026-05-05,15:14:58,68217,1,4.0880,4.1869,0.3023,8.8921,13.4998,0,12.5202,511,1,65.7392,-27.4634,14.3496,-6.1866,91.4351,0.008,0.000,1.000,0.0000,0.0000,0
2026-05-05,15:14:58,68252,1,4.0880,4.5740,0.2285,6.7217,13.4664,0,12.5202,511,1,64.2471,-45.2742,14.1568,-6.2498,102.3403,0.032,0.000,1.000,0.0000,0.0000,0
2026-05-05,15:14:58,68288,1,4.0880,4.2083,0.2176,6.4011,13.4334,0,12.5202,511,1,63.8238,0.7494,13.8864,-7.8963,112.4301,0.096,0.000,1.000,0.0000,0.0000,0
2026-05-05,15:14:58,68323,1,4.0880,4.0441,0.2326,6.8402,13.4032,0,12.5202,511,1,65.7468,57.5195,13.5044,-10.3720,92.9208,0.088,0.000,1.000,0.0000,0.0000,0
2026-05-05,15:14:58,68358,1,4.0960,3.8598,0.2634,7.7479,13.3737,0,12.5202,512,1,67.9379,61.1902,13.2736,-7.9102,69.2828,0.056,0.000,1.000,0.0000,0.0000,0
2026-05-05,15:14:58,68394,1,4.0880,4.1019,0.2542,7.4767,13.3426,0,12.5202,511,1,66.5517,-48.8760,13.2281,-4.5764,84.1391,0.024,0.000,1.000,0.0000,0.0000,0
2026-05-05,15:14:58,68430,1,4.0880,4.2133,0.2294,6.7482,13.3109,0,12.5202,511,1,65.4666,-23.8379,13.0841,-4.4441,96.8594,0.064,0.000,1.000,0.0000,0.0000,0
2026-05-05,15:14:58,68465,1,4.0880,4.3236,0.1893,5.5689,13.2781,0,12.5202,511,1,66.8746,51.5248,12.9798,-3.4686,106.9953,0.080,0.000,1.000,0.0000,0.0000,0
2026-05-05,15:14:58,68498,1,4.0880,4.2354,0.1869,5.4962,13.2582,0,12.5202,511,1,67.4190,36.1682,12.9218,-3.1227,108.8184,0.064,0.000,1.000,0.0000,0.0000,0
2026-05-05,15:14:58,68533,1,4.0880,3.9695,0.2116,6.2238,13.2185,0,12.5202,511,1,68.0524,1.7836,12.9962,0.2248,117.3717,0.032,0.000,1.000,0.0000,0.0000,0
2026-05-05,15:14:58,68569,1,4.0880,4.0784,0.2038,5.9948,13.1873,0,12.5202,511,1,67.2402,-19.4735,12.8637,-3.3524,125.0362,0.000,0.000,1.000,0.0000,0.0000,0
2026-05-05,15:14:58,68604,1,4.0880,4.2854,0.1796,5.2826,13.1564,0,12.5202,511,1,67.9200,27.5286,12.7018,-4.2316,118.3305,0.000,0.000,1.000,0.0000,0.0000,0
2026-05-05,15:14:58,68639,1,4.0880,4.1175,0.1756,5.1649,13.1249,0,12.5202,511,1,69.6099,48.5529,12.6212,-2.9130,113.1021,0.000,0.000,1.000,0.0000,0.0000,0
2026-05-05,15:14:58,68675,1,4.0880,4.2034,0.1674,4.9244,13.0927,0,12.5202,511,1,69.9221,6.3801,12.6551,-0.4133,120.7723,0.000,0.000,1.000,0.0000,0.0000,0
2026-05-05,15:14:58,68710,1,4.0880,4.1203,0.1645,4.8381,13.0619,0,12.5202,511,1,69.7422,3.7003,12.6340,-0.8589,127.6364,0.000,0.000,1.000,0.0000,0.0000,0
2026-05-05,15:14:58,68745,1,4.0880,4.3126,0.1446,4.2528,13.0308,0,12.5202,511,1,70.4116,22.1329,12.5327,-2.5895,133.8324,0.000,0.000,1.000,0.0000,0.0000,0
2026-05-05,15:14:59,68781,1,4.0880,4.0916,0.1529,4.4978,12.9996,0,12.5202,511,1,71.0307,16.8307,12.4433,-2.4244,133.2217,0.000,0.000,1.000,0.0000,0.0000,0
2026-05-05,15:14:59,68816,1,4.0880,4.0177,0.1709,5.0268,12.9698,0,12.5202,511,1,71.0300,-1.3883,12.4769,0.1251,139.1276,0.000,0.000,1.000,0.0000,0.0000,0
2026-05-05,15:14:59,68852,1,4.0880,4.2902,0.1523,4.4801,12.9382,0,12.5202,511,1,70.8965,-2.0973,12.6162,2.7091,143.4723,0.000,0.000,1.000,0.0000,0.0000,0
2026-05-05,15:14:59,68888,1,4.0880,4.2934,0.1174,3.4517,12.9050,0,12.5202,511,1,71.2694,14.8811,12.7222,3.0493,146.5436,0.000,0.000,1.000,0.0000,0.0000,0
2026-05-05,15:14:59,68923,1,4.0880,4.2029,0.1002,2.9471,12.8730,0,12.5202,511,1,72.3011,31.6571,12.8299,3.3410,149.4596,0.000,0.000,1.000,0.0000,0.0000,0
2026-05-05,15:14:59,68959,1,4.0880,3.9555,0.1100,3.2359,12.8417,0,12.5202,511,1,72.8343,10.1617,12.9010,2.3481,152.6232,0.000,0.000,1.000,0.0000,0.0000,0
2026-05-05,15:14:59,68995,1,4.0880,3.9695,0.1152,3.3887,12.8107,0,12.5202,511,1,72.3816,-10.9686,12.9092,0.7639,155.6654,0.000,0.000,1.000,0.0000,0.0000,0
2026-05-05,15:14:59,69030,1,4.0880,4.0719,0.1219,3.5859,12.7807,0,12.5202,511,1,72.1013,-6.3011,12.9922,2.2372,158.0270,0.000,0.000,1.000,0.0000,0.0000,0
2026-05-05,15:14:59,69066,1,4.0880,4.1182,0.1045,3.0732,12.7489,0,12.5202,511,1,72.0302,-0.3384,13.0748,2.1307,159.5078,0.000,0.000,1.000,0.0000,0.0000,0
2026-05-05,15:14:59,69102,1,4.0880,4.0226,0.1107,3.2570,12.7175,0,12.5202,511,1,72.1030,3.4313,13.0205,-0.5457,160.6936,0.000,0.000,1.000,0.0000,0.0000,0
2026-05-05,15:14:59,69138,1,4.0880,4.0974,0.1063,3.1258,12.6864,0,12.5202,511,1,72.1409,2.8325,12.9682,-0.9485,161.7938,0.000,0.000,1.000,0.0000,0.0000,0
2026-05-05,15:14:59,69173,1,4.0880,4.1338,0.0971,2.8572,12.6545,0,12.5202,511,1,72.4169,6.8582,13.0360,1.0482,163.0667,0.000,0.000,1.000,0.0000,0.0000,0
2026-05-05,15:14:59,69208,1,4.0880,4.0946,0.0906,2.6641,12.6235,0,12.5202,511,1,72.6686,6.1810,13.1147,1.6905,164.0783,0.000,0.000,1.000,0.0000,0.0000,0
2026-05-05,15:14:59,69244,1,4.0880,4.0097,0.0917,2.6980,12.5920,0,12.5202,511,1,72.7523,-2.5112,13.2548,3.3772,164.8972,0.000,0.000,1.000,0.0000,0.0000,0
2026-05-05,15:14:59,69280,1,4.0880,4.0472,0.0826,2.4302,12.5606,0,12.5202,511,1,72.3969,-14.5791,13.3671,3.1528,165.5222,0.000,0.000,1.000,0.0000,0.0000,0
2026-05-05,15:14:59,69315,1,4.0880,4.0183,0.0909,2.6740,12.5306,0,12.5202,511,1,71.9611,-13.9165,13.4042,1.5550,165.9558,0.064,0.000,1.000,0.0000,0.0000,0
2026-05-05,15:14:59,69351,1,4.0880,3.9750,0.0999,2.9392,12.4994,0,12.5202,511,1,71.7006,-9.3095,13.4042,0.6579,166.5434,0.128,0.000,1.000,0.0000,0.0000,0
2026-05-05,15:14:59,69387,1,4.0880,3.9510,0.1172,3.4473,12.4687,0,12.5202,511,1,71.3151,-14.4051,13.4170,0.3606,167.1868,0.192,0.000,1.000,0.0000,0.0000,0
2026-05-05,15:14:59,69426,1,4.0880,4.0672,0.1230,3.6164,12.4345,0,12.5202,511,1,71.1426,-9.8069,13.4953,1.2574,167.4432,0.240,0.000,1.000,0.0000,0.0000,0
2026-05-05,15:14:59,69462,1,4.0880,4.2004,0.1122,3.2988,12.4037,0,12.5202,511,1,70.9189,-4.7943,13.5921,2.2114,167.5337,0.304,0.000,1.000,0.0000,0.0000,0
2026-05-05,15:14:59,69498,1,4.0880,4.1779,0.0988,2.9065,12.3718,0,12.5202,511,1,70.8156,-2.6449,13.5791,0.2379,167.4163,0.368,0.000,1.000,0.0000,0.0000,0
2026-05-05,15:14:59,69533,1,4.0880,4.1095,0.1049,3.0859,12.3408,0,12.5202,511,1,70.9957,3.0000,13.6424,1.4304,167.6343,0.360,0.000,1.000,0.0000,0.0000,0
2026-05-05,15:14:59,69569,1,4.0880,4.1629,0.1015,2.9866,12.3091,0,12.5202,511,1,71.2259,5.6611,13.7679,3.2462,168.0526,0.328,0.000,0.998,0.0000,0.0000,0
2026-05-05,15:14:59,69605,1,4.0960,4.0653,0.1007,2.9605,12.2770,0,12.5202,512,1,71.2856,-2.1580,13.9671,4.7365,168.2371,0.296,0.000,0.995,0.0000,0.0000,0
2026-05-05,15:14:59,69641,1,4.0960,4.0145,0.1140,3.3529,12.2467,0,12.5202,512,1,70.8099,-9.8074,14.0785,3.6749,168.7440,0.264,0.000,0.992,0.0000,0.0000,0
2026-05-05,15:14:59,69677,1,4.0880,4.0278,0.1239,3.6429,12.2158,0,12.5202,511,1,70.3460,-16.2322,14.2897,5.5447,169.5367,0.328,0.000,0.989,0.0000,0.0000,0
2026-05-05,15:14:59,69713,1,4.0880,4.0685,0.1232,3.6250,12.1844,0,12.5202,511,1,69.6925,-19.8340,14.5896,7.1042,170.1858,0.392,0.000,1.000,0.0000,0.0000,0
2026-05-05,15:14:59,69749,1,4.0880,4.0487,0.1266,3.7240,12.1536,0,12.5202,511,1,69.4468,-2.8047,14.7382,3.9971,170.5740,0.456,0.000,1.000,0.0000,0.0000,0
2026-05-05,15:15:00,69785,1,4.0880,4.1708,0.1235,3.6324,12.1216,0,12.5202,511,1,69.2755,-6.0948,14.5588,-3.2209,170.0614,0.520,0.000,1.000,0.0000,0.0000,0
2026-05-05,15:15:00,69820,1,4.0880,4.0722,0.1276,3.7530,12.0911,0,12.5202,511,1,69.1596,-4.4206,14.2686,-7.2493,169.8402,0.584,0.000,1.000,0.0000,0.0000,0
2026-05-05,15:15:00,69856,1,4.0880,4.0340,0.1265,3.7194,12.0596,0,12.5202,511,1,69.0401,-2.7773,13.9242,-9.7000,169.8877,0.648,0.000,1.000,0.0000,0.0000,0
2026-05-05,15:15:00,69892,1,4.0880,4.1809,0.1113,3.2736,12.0284,0,12.5202,511,1,69.0970,-0.1595,13.7179,-7.6200,169.5843,0.616,0.000,1.000,0.0000,0.0000,0
2026-05-05,15:15:00,69927,1,4.0880,4.1675,0.1028,3.0237,11.9969,0,12.5202,511,1,69.1565,0.7772,13.6291,-4.6991,169.2329,0.584,0.000,1.000,0.0000,0.0000,0
2026-05-05,15:15:00,69962,1,4.0880,4.0055,0.1175,3.4550,11.9664,0,12.5202,511,1,69.1191,-0.3613,13.5181,-3.8826,169.4050,0.552,0.000,0.999,0.0000,0.0000,0
2026-05-05,15:15:00,69997,1,4.0880,3.9338,0.1390,4.0889,11.9363,0,12.5202,511,1,68.9723,-7.7579,13.4750,-2.1634,170.0284,0.520,0.000,1.000,0.0000,0.0000,0
2026-05-05,15:15:00,70033,1,4.0880,4.0227,0.1485,4.3685,11.9062,0,12.5202,511,1,68.4717,-15.7055,13.6121,1.1177,170.9010,0.536,0.000,1.000,0.0000,0.0000,0
2026-05-05,15:15:00,70069,1,4.0880,4.1494,0.1360,4.0005,11.8748,0,12.5202,511,1,68.0360,-11.9008,13.6100,-1.2139,170.7627,0.600,0.000,1.000,0.0000,0.0000,0
2026-05-05,15:15:00,70105,1,4.0880,4.0676,0.1277,3.7565,11.8426,0,12.5202,511,1,68.1578,5.0125,13.2851,-7.5651,169.5286,0.664,0.000,1.000,0.0000,0.0000,0
2026-05-05,15:15:00,70140,1,4.0880,4.1213,0.1209,3.5573,11.8122,0,12.5202,511,1,68.3530,4.2959,12.9699,-9.1327,169.0468,0.632,0.000,1.000,0.0000,0.0000,0
2026-05-05,15:15:00,70175,1,4.0880,4.1522,0.1208,3.5528,11.7809,0,12.5202,511,1,68.3424,-2.6087,12.7155,-8.5245,169.1855,0.600,0.000,0.999,0.0000,0.0000,0
2026-05-05,15:15:00,70211,1,4.1040,4.1554,0.1169,3.4389,11.7492,0,12.5202,513,1,68.2678,-1.0919,12.4643,-7.7416,169.3013,0.568,0.000,0.996,0.0000,0.0000,0
2026-05-05,15:15:00,70246,1,4.1040,4.1932,0.1084,3.1897,11.7186,0,12.5202,513,1,68.3271,0.4116,12.3663,-4.3868,168.9006,0.536,0.000,1.000,0.0000,0.0000,0
2026-05-05,15:15:00,70281,1,4.1040,4.1832,0.0993,2.9205,11.6871,0,12.5202,513,1,68.3208,1.6047,12.4184,-0.3885,168.6161,0.504,0.000,1.000,0.0000,0.0000,0
2026-05-05,15:15:00,70317,1,4.0880,4.1072,0.0995,2.9271,11.6559,0,12.5202,511,1,68.3425,2.2580,12.5028,1.3197,168.6896,0.472,0.000,1.000,0.0000,0.0000,0
2026-05-05,15:15:00,70355,1,4.0880,4.0437,0.1192,3.5048,11.6227,0,12.5202,511,1,68.3067,-0.6808,12.4766,0.1349,168.7334,0.448,0.000,0.998,0.0000,0.0000,0
2026-05-05,15:15:00,70391,1,4.0880,4.0379,0.1299,3.8215,11.5924,0,12.5202,511,1,68.1062,-4.3402,12.3922,-1.4629,168.7164,0.416,0.000,0.995,0.0000,0.0000,0
2026-05-05,15:15:00,70427,1,4.0960,4.0932,0.1263,3.7154,11.5610,0,12.5202,512,1,67.9487,-5.8993,12.3905,-0.4512,168.4006,0.384,0.000,0.992,0.0000,0.0000,0
2026-05-05,15:15:00,70462,1,4.0960,4.1116,0.1147,3.3741,11.5299,0,12.5202,512,1,67.8926,-1.2454,12.3547,-1.1048,167.8655,0.352,0.000,0.989,0.0000,0.0000,0
2026-05-05,15:15:00,70499,1,4.0880,4.1229,0.1046,3.0768,11.4982,0,12.5202,511,1,67.9112,2.8479,12.2779,-2.0468,168.0044,0.320,0.000,0.986,0.0000,0.0000,0
2026-05-05,15:15:00,70534,1,4.0880,4.0976,0.0981,2.8844,11.4666,0,12.5202,511,1,68.1020,7.6113,12.1690,-3.0290,168.3505,0.288,0.000,0.982,0.0000,0.0000,0
2026-05-05,15:15:00,70569,1,4.0880,4.0639,0.0944,2.7763,11.4356,0,12.5202,511,1,68.6459,14.7150,12.0447,-3.6400,168.3395,0.256,0.000,0.979,0.0000,0.0000,0
2026-05-05,15:15:00,70604,1,4.0880,3.9984,0.0952,2.8001,11.4050,0,12.5202,511,1,68.6537,-1.9605,12.0426,-1.3094,168.2231,0.224,0.000,0.976,0.0000,0.0000,0
2026-05-05,15:15:00,70639,1,4.0880,4.0789,0.0952,2.8006,11.3747,0,12.5202,511,1,68.2299,-14.7724,12.1053,0.8731,168.0546,0.192,0.000,0.973,0.0000,0.0000,0
2026-05-05,15:15:00,70675,1,4.0880,4.0795,0.1083,3.1856,11.3435,0,12.5202,511,1,67.8229,-12.1194,12.1502,1.2989,168.1411,0.232,0.000,0.970,0.0000,0.0000,0
2026-05-05,15:15:00,70710,1,4.0880,3.9578,0.1145,3.3663,11.3127,0,12.5202,511,1,67.7853,-1.1444,12.2550,2.6560,168.1028,0.296,0.000,0.966,0.0000,0.0000,0
2026-05-05,15:15:00,70746,1,4.0880,4.0367,0.1096,3.2237,11.2815,0,12.5202,511,1,67.6963,-4.6788,12.3348,2.4117,168.2546,0.264,0.000,0.963,0.0000,0.0000,0
2026-05-05,15:15:01,70782,1,4.0880,4.1056,0.1002,2.9463,11.2498,0,12.5202,511,1,67.3335,-9.1410,12.2944,-0.0356,168.1537,0.304,0.000,0.960,0.0000,0.0000,0
2026-05-05,15:15:01,70817,1,4.0880,4.1210,0.0920,2.7064,11.2185,0,12.5202,511,1,67.3327,0.2203,12.2907,0.0341,167.9337,0.368,0.000,0.957,0.0000,0.0000,0
2026-05-05,15:15:01,70853,1,4.0880,4.0584,0.0880,2.5872,11.1875,0,12.5202,511,1,67.6216,6.6906,12.3428,1.1813,167.8229,0.336,0.000,0.954,0.0000,0.0000,0
2026-05-05,15:15:01,70888,1,4.0880,4.0499,0.0860,2.5287,11.1568,0,12.5202,511,1,67.6709,-2.4836,12.4849,3.1524,167.8903,0.304,0.000,0.950,0.0000,0.0000,0
2026-05-05,15:15:01,70923,1,4.0880,4.0558,0.0929,2.7323,11.1263,0,12.5202,511,1,67.2482,-12.9621,12.6198,3.5779,168.1263,0.272,0.000,0.947,0.0000,0.0000,0
2026-05-05,15:15:01,70959,1,4.0880,3.9686,0.1097,3.2275,11.0959,0,12.5202,511,1,66.8743,-12.0391,12.6179,1.2488,168.0772,0.336,0.000,0.944,0.0000,0.0000,0
2026-05-05,15:15:01,70994,1,4.0880,3.9385,0.1219,3.5842,11.0656,0,12.5202,511,1,66.4140,-14.2728,12.6326,0.6251,168.0390,0.400,0.000,0.941,0.0000,0.0000,0
2026-05-05,15:15:01,71029,1,4.0880,3.9995,0.1325,3.8961,11.0358,0,12.5202,511,1,66.0426,-6.4916,12.4634,-3.7400,168.2672,0.464,0.000,0.938,0.0000,0.0000,0
2026-05-05,15:15:01,71064,1,4.0880,4.0436,0.1370,4.0282,11.0053,0,12.5202,511,1,66.0618,0.2626,12.2395,-5.8591,168.3624,0.528,0.000,0.970,0.0000,0.0000,0
2026-05-05,15:15:01,71099,1,4.0880,4.0393,0.1411,4.1493,10.9748,0,12.5202,511,1,66.2095,2.5972,12.0836,-5.0334,168.1949,0.520,0.000,1.000,0.0000,0.0000,0
2026-05-05,15:15:01,71135,1,4.0960,4.0735,0.1302,3.8286,10.9434,0,12.5202,512,1,66.1843,-2.0162,12.0532,-2.5724,168.2094,0.488,0.000,1.000,0.0000,0.0000,0
2026-05-05,15:15:01,71171,1,4.0960,4.1478,0.1248,3.6718,10.9117,0,12.5202,512,1,66.1491,1.4549,12.0019,-1.9628,168.0617,0.456,0.000,1.000,0.0000,0.0000,0
2026-05-05,15:15:01,71207,1,4.0960,4.2014,0.1182,3.4768,10.8797,0,12.5202,512,1,66.2446,2.4442,12.0008,-0.2399,167.9731,0.424,0.000,1.000,0.0000,0.0000,0
2026-05-05,15:15:01,71244,1,4.0880,4.1009,0.1143,3.3623,10.8473,0,12.5202,511,1,66.3976,4.5843,12.0296,0.2555,168.1938,0.392,0.000,0.998,0.0000,0.0000,0
2026-05-05,15:15:01,71283,1,4.0880,4.0228,0.1382,4.0662,10.8143,0,12.5202,511,1,66.3592,-2.4088,12.0457,0.2754,168.4475,0.368,0.000,0.995,0.0000,0.0000,0
2026-05-05,15:15:01,71318,1,4.0880,4.0282,0.1445,4.2502,10.7838,0,12.5202,511,1,66.0304,-11.6520,12.0196,-0.7797,169.0227,0.336,0.000,0.992,0.0000,0.0000,0
2026-05-05,15:15:01,71354,1,4.0880,4.2189,0.1293,3.8026,10.7521,0,12.5202,511,1,65.8533,-2.7111,12.0382,-0.2040,168.7953,0.328,0.000,0.989,0.0000,0.0000,0
2026-05-05,15:15:01,71389,1,4.0880,4.0878,0.1302,3.8285,10.7213,0,12.5202,511,1,66.2328,12.0903,12.0545,-0.1297,168.5491,0.296,0.000,0.986,0.0000,0.0000,0
2026-05-05,15:15:01,71425,1,4.0880,4.0402,0.1340,3.9419,10.6898,0,12.5202,511,1,66.3820,2.6076,11.9860,-1.9080,168.6001,0.264,0.000,0.982,0.0000,0.0000,0
2026-05-05,15:15:01,71461,1,4.0880,4.0278,0.1367,4.0212,10.6589,0,12.5202,511,1,66.2370,-1.9129,11.9457,-1.3149,169.1561,0.232,0.000,0.979,0.0000,0.0000,0
2026-05-05,15:15:01,71496,1,4.0880,4.0055,0.1441,4.2385,10.6287,0,12.5202,511,1,65.9489,-7.4753,12.0474,1.2408,170.0850,0.200,0.000,0.976,0.0000,0.0000,0
2026-05-05,15:15:01,71532,1,4.0880,4.1052,0.1440,4.2351,10.5978,0,12.5202,511,1,65.8843,3.5369,12.1648,1.8942,170.4748,0.168,0.000,0.973,0.0000,0.0000,0
2026-05-05,15:15:01,71568,1,4.0880,4.1705,0.1339,3.9378,10.5656,0,12.5202,511,1,65.8566,-1.2968,11.9547,-5.0590,169.4439,0.136,0.000,0.970,0.0000,0.0000,0
2026-05-05,15:15:01,71604,1,4.0880,4.1102,0.1272,3.7424,10.5335,0,12.5202,511,1,66.2837,13.8746,11.5160,-10.4976,168.6290,0.104,0.000,0.966,0.0000,0.0000,0
2026-05-05,15:15:01,71640,1,4.0880,4.2089,0.1053,3.0983,10.5014,0,12.5202,511,1,66.7178,13.2651,11.2347,-9.1799,168.6396,0.072,0.000,0.963,0.0000,0.0000,0
2026-05-05,15:15:01,71675,1,4.0880,4.0315,0.1118,3.2871,10.4708,0,12.5202,511,1,66.7242,-0.8909,11.0092,-8.3211,169.0769,0.040,0.000,0.960,0.0000,0.0000,0
2026-05-05,15:15:01,71710,1,4.0880,3.8769,0.1471,4.3277,10.4414,0,12.5202,511,1,66.6141,-7.9081,10.7497,-8.1384,169.6538,0.008,0.000,0.957,0.0000,0.0000,0
2026-05-05,15:15:01,71747,1,4.0880,4.0821,0.1478,4.3464,10.4102,0,12.5202,511,1,66.2512,-5.4378,10.6219,-5.4409,169.9827,0.000,0.000,0.954,0.0000,0.0000,0
2026-05-05,15:15:02,71783,1,4.0880,4.1983,0.1283,3.7734,10.3782,0,12.5202,511,1,66.2339,-1.6051,10.5947,-3.6945,169.3680,0.000,0.000,0.950,0.0000,0.0000,0
2026-05-05,15:15:02,71819,1,4.0880,4.1952,0.1249,3.6747,10.3459,0,12.5202,511,1,66.6377,12.9254,10.1985,-10.1082,168.0833,0.000,0.000,0.947,0.0000,0.0000,0
2026-05-05,15:15:02,71854,1,4.0880,4.1780,0.1180,3.4716,10.3150,0,12.5202,511,1,66.9833,9.1935,9.7982,-11.4159,168.0035,0.000,0.000,0.944,0.0000,0.0000,0
2026-05-05,15:15:02,71889,1,4.0880,4.1426,0.1142,3.3579,10.2843,0,12.5202,511,1,67.0362,3.3491,9.5791,-8.1222,168.3197,0.000,0.000,0.976,0.0000,0.0000,0
2026-05-05,15:15:02,71925,1,4.0880,4.1585,0.1029,3.0274,10.2524,0,12.5202,511,1,67.2089,8.7069,9.4446,-5.8870,168.3425,0.000,0.000,1.000,0.0000,0.0000,0
2026-05-05,15:15:02,71960,1,4.0880,4.1373,0.1099,3.2335,10.2222,0,12.5202,511,1,67.4126,4.7591,9.3293,-4.2354,168.0899,0.000,0.000,1.000,0.0000,0.0000,0
2026-05-05,15:15:02,71995,1,4.0880,4.1379,0.1160,3.4113,10.1919,0,12.5202,511,1,67.2643,-5.4667,9.2719,-2.8242,168.0849,0.000,0.000,1.000,0.0000,0.0000,0
2026-05-05,15:15:02,72031,1,4.0880,4.0714,0.1228,3.6120,10.1609,0,12.5202,511,0,67.1343,-0.9980,9.2139,-2.3355,168.3270,0.000,0.000,1.000,0.0000,0.0000,0
2026-05-05,15:15:02,72066,1,4.0880,4.1118,0.1255,3.6917,10.1304,0,12.5202,511,0,67.1699,4.3031,9.2241,-0.8765,168.5508,0.000,0.000,0.998,0.0000,0.0000,0
2026-05-05,15:15:02,72101,1,4.0880,4.2559,0.1059,3.1134,10.0995,0,12.5202,511,0,67.1657,2.2785,9.2680,-0.0114,168.1014,0.000,0.000,0.994,0.0000,0.0000,0
2026-05-05,15:15:02,72136,1,4.0880,4.1968,0.0843,2.4801,10.0679,0,12.5202,511,0,67.3562,8.4141,9.2828,0.1786,167.3803,0.000,0.000,0.991,0.0000,0.0000,0
2026-05-05,15:15:02,72171,1,4.0880,4.0620,0.0888,2.6105,10.0373,0,12.5202,511,0,67.6312,9.4393,9.2146,-1.4339,167.1604,0.000,0.000,1.000,0.0000,0.0000,0
2026-05-05,15:15:02,72206,1,4.0880,4.1086,0.0880,2.5889,10.0068,0,12.5202,511,0,67.6570,3.4959,9.1747,-1.3371,167.1836,0.000,0.000,1.000,0.0000,0.0000,0
2026-05-05,15:15:02,72241,1,4.0880,4.0704,0.0937,2.7560,9.9765,0,12.5202,511,0,67.4260,-2.7578,9.0504,-3.0453,167.4362,0.000,0.000,1.000,0.0000,0.0000,0
2026-05-05,15:15:02,72276,1,4.0880,4.0629,0.1106,3.2525,9.9466,0,12.5202,511,0,67.2984,-1.8099,8.9097,-4.1028,167.5626,0.000,0.000,0.997,0.0000,0.0000,0
2026-05-05,15:15:02,72311,1,4.0880,4.1723,0.1015,2.9867,9.9159,0,12.5202,511,0,67.2076,-6.5067,8.8169,-3.3964,166.8570,0.000,0.000,0.994,0.0000,0.0000,0
2026-05-05,15:15:02,72347,1,4.0880,4.1803,0.0956,2.8126,9.8842,0,12.5202,511,0,67.1574,-1.3248,8.6872,-4.0285,166.5458,0.000,0.000,0.990,0.0000,0.0000,0
2026-05-05,15:15:02,72382,1,4.0880,4.0727,0.1013,2.9801,9.8535,0,12.5202,511,0,67.5487,11.6938,8.5909,-3.0500,166.3959,0.000,0.000,0.987,0.0000,0.0000,0
2026-05-05,15:15:02,72417,1,4.0880,4.1464,0.0960,2.8233,9.8227,0,12.5202,511,0,67.6106,-0.1148,8.4904,-3.4873,166.8554,0.000,0.000,0.984,0.0000,0.0000,0
2026-05-05,15:15:02,72452,1,4.0880,4.1674,0.0912,2.6814,9.7918,0,12.5202,511,0,67.6252,-1.8238,8.3486,-4.2621,166.9781,0.000,0.000,0.981,0.0000,0.0000,0
2026-05-05,15:15:02,72487,1,4.0880,4.1255,0.0904,2.6599,9.7609,0,12.5202,511,0,67.7141,0.1155,8.1488,-5.7586,166.7744,0.000,0.000,0.978,0.0000,0.0000,0
2026-05-05,15:15:02,72522,1,4.0880,4.0023,0.1083,3.1847,9.7311,0,12.5202,511,0,67.6813,-4.4733,7.9545,-5.6712,166.9654,0.000,0.000,0.974,0.0000,0.0000,0
2026-05-05,15:15:02,72557,1,4.0880,3.9969,0.1155,3.3985,9.7013,0,12.5202,511,1,67.0731,-21.2173,7.8566,-3.7990,167.2005,0.032,0.000,0.971,0.0000,0.0000,0
2026-05-05,15:15:02,72592,1,4.0880,4.0127,0.1277,3.7558,9.6715,0,12.5202,511,1,66.4168,-13.1265,7.7884,-2.5982,166.9369,0.096,0.000,0.986,0.0000,0.0000,0
2026-05-05,15:15:02,72627,1,4.0880,4.1030,0.1283,3.7739,9.6412,0,12.5202,511,1,66.7781,12.3230,7.7907,-0.4995,166.1494,0.136,0.000,1.000,0.0000,0.0000,0
2026-05-05,15:15:02,72662,1,4.0880,4.2491,0.1072,3.1539,9.6095,0,12.5202,511,1,67.1006,9.0197,7.8545,1.2425,165.6689,0.104,0.000,1.000,0.0000,0.0000,0
2026-05-05,15:15:02,72698,1,4.0880,4.2203,0.0990,2.9111,9.5777,0,12.5202,511,1,67.6851,18.6759,7.8850,0.7952,165.7380,0.072,0.000,1.000,0.0000,0.0000,0
2026-05-05,15:15:02,72733,1,4.0880,4.1007,0.0876,2.5755,9.5460,0,12.5202,511,1,68.2262,13.1476,7.8880,0.2545,166.1669,0.040,0.000,1.000,0.0000,0.0000,0
2026-05-05,15:15:02,72769,1,4.0960,3.8508,0.1151,3.3846,9.5154,0,12.5202,512,1,68.0168,-6.2886,7.9345,1.1175,166.8907,0.008,0.000,1.000,0.0000,0.0000,0
2026-05-05,15:15:03,72804,1,4.0960,3.8259,0.1530,4.4992,9.4872,0,12.5202,512,1,66.8146,-35.3063,7.8793,-0.5759,167.4047,0.032,0.000,1.000,0.0000,0.0000,0
2026-05-05,15:15:03,72840,1,4.0960,4.1067,0.1578,4.6411,9.4566,0,12.5202,512,1,66.0864,-9.4917,7.8298,-0.3798,167.0216,0.096,0.000,1.000,0.0000,0.0000,0
2026-05-05,15:15:03,72875,1,4.0880,4.2074,0.1476,4.3397,9.4252,0,12.5202,511,1,67.0251,25.4659,7.9722,2.6049,165.2289,0.112,0.000,1.000,0.0000,0.0000,0
2026-05-05,15:15:03,72910,1,4.0880,4.1486,0.1306,3.8415,9.3940,0,12.5202,511,1,67.8757,22.3278,8.0245,1.5648,164.1514,0.080,0.000,1.000,0.0000,0.0000,0
2026-05-05,15:15:03,72946,1,4.0880,4.1758,0.1194,3.5109,9.3623,0,12.5202,511,1,68.1788,8.3951,7.8816,-2.0021,164.9793,0.048,0.000,1.000,0.0000,0.0000,0
2026-05-05,15:15:03,72982,1,4.0960,4.1252,0.1101,3.2371,9.3307,0,12.5202,512,1,68.1708,5.6577,7.8068,-2.3281,166.3481,0.016,0.000,1.000,0.0000,0.0000,0
2026-05-05,15:15:03,73018,1,0.2880,1.1644,-0.0253,0.7453,9.3055,0,12.5202,36,1,68.9907,32.2009,7.7391,-2.1208,160.1814,0.000,0.000,1.000,0.0000,0.0000,0
2026-05-05,15:15:03,73054,1,0.0000,-0.0651,0.0375,1.1042,9.3056,0,12.5202,0,1,72.0074,75.4560,8.0430,4.5812,159.3193,0.000,0.000,1.000,0.0000,0.0000,0
2026-05-05,15:15:03,73089,1,0.0000,-0.3428,0.0850,2.5011,9.3073,0,12.5202,0,1,70.5460,-71.0770,8.0061,-0.5115,160.5107,0.000,0.000,1.000,0.0000,0.0000,0
2026-05-05,15:15:03,73128,1,0.0000,0.0118,0.0950,2.7947,9.3088,0,12.5202,0,1,66.8895,-71.1415,7.4208,-5.1674,161.7395,0.032,0.000,1.000,0.0000,0.0000,0
2026-05-05,15:15:03,73163,1,0.0000,-0.0373,0.0992,2.9185,9.3089,0,12.5202,0,1,67.4551,19.9483,7.5401,1.1913,162.7072,0.096,0.000,1.000,0.0000,0.0000,0
2026-05-05,15:15:03,73199,1,0.0000,-0.0679,0.1061,3.1194,9.3092,0,12.5202,0,1,68.9690,50.4546,7.6500,2.7852,160.5421,0.088,0.000,1.000,0.0000,0.0000,0
2026-05-05,15:15:03,73235,1,0.0000,0.0147,0.1006,2.9582,9.3092,0,12.5202,0,1,69.5097,12.4065,7.8300,4.7338,160.9330,0.056,0.000,1.000,0.0000,0.0000,0
2026-05-05,15:15:03,73270,1,0.0000,0.0466,0.0926,2.7246,9.3088,0,12.5202,0,1,69.2412,-11.2417,8.0647,5.8338,162.1295,0.024,0.000,1.000,0.0000,0.0000,0
2026-05-05,15:15:03,73306,1,0.0000,0.0129,0.0926,2.7246,9.3087,0,12.5202,0,1,69.1759,4.9517,8.0984,3.1825,162.8221,0.000,0.000,1.000,0.0000,0.0000,0
2026-05-05,15:15:03,73341,1,0.0000,-0.0034,0.0926,2.7231,9.3087,0,12.5202,0,1,69.8867,16.8550,8.1948,3.2486,163.4760,0.000,0.000,1.000,0.0000,0.0000,0
2026-05-05,15:15:03,73376,1,0.0000,-0.0170,0.0912,2.6836,9.3087,0,12.5202,0,1,69.5087,-14.3381,8.3574,4.6400,164.4044,0.000,0.000,0.999,0.0000,0.0000,0
2026-05-05,15:15:03,73411,1,0.0000,0.0206,0.0885,2.6031,9.3086,0,12.5202,0,1,69.3816,1.9644,8.5692,5.9465,164.3316,0.000,0.000,0.996,0.0000,0.0000,0
2026-05-05,15:15:03,73446,1,0.0000,-0.0070,0.0912,2.6810,9.3086,0,12.5202,0,1,69.7972,10.5941,8.7182,4.9144,164.0959,0.000,0.000,0.993,0.0000,0.0000,0
2026-05-05,15:15:03,73481,1,0.0000,-0.0277,0.0952,2.7988,9.3087,0,12.5202,0,1,69.5324,-9.6811,8.7742,3.0138,164.9260,0.000,0.000,0.990,0.0000,0.0000,0
2026-05-05,15:15:03,73516,1,0.0000,-0.0017,0.0930,2.7362,9.3087,0,12.5202,0,1,69.1259,-9.7617,8.8146,1.8087,165.5790,0.032,0.000,0.986,0.0000,0.0000,0
2026-05-05,15:15:03,73551,1,0.0000,0.0103,0.0924,2.7174,9.3086,0,12.5202,0,1,69.3617,8.5473,8.8394,1.1168,165.4342,0.024,0.000,0.983,0.0000,0.0000,0
2026-05-05,15:15:03,73586,1,0.0000,-0.0410,0.0960,2.8238,9.3088,0,12.5202,0,1,69.6506,7.4970,8.9100,1.8709,165.4040,0.000,0.000,0.980,0.0000,0.0000,0
2026-05-05,15:15:03,73621,1,0.0000,-0.0465,0.1082,3.1818,9.3094,0,12.5202,0,1,69.3279,-12.9783,8.9050,0.4978,166.2502,0.000,0.000,0.977,0.0000,0.0000,0
2026-05-05,15:15:03,73656,1,0.0000,0.0021,0.1082,3.1812,9.3096,0,12.5202,0,0,68.7614,-12.3401,8.9545,1.0748,166.8853,0.048,0.000,0.974,0.0000,0.0000,0
2026-05-05,15:15:03,73692,1,0.0000,0.0075,0.1080,3.1768,9.3095,0,12.5202,0,0,68.9784,7.3091,8.9194,-0.7283,166.5156,0.064,0.000,0.970,0.0000,0.0000,0
2026-05-05,15:15:03,73727,1,0.0000,-0.0019,0.1086,3.1949,9.3095,0,12.5202,0,0,69.1324,4.4295,8.9311,-0.3325,166.5955,0.032,0.000,0.967,0.0000,0.0000,0
2026-05-05,15:15:03,73762,1,0.0000,-0.0478,0.1125,3.3102,9.3096,0,12.5202,0,0,69.1194,-0.3886,9.0609,2.0418,161.5019,0.000,0.000,0.964,0.0000,0.0000,0
2026-05-05,15:15:04,73797,1,0.0000,-0.0648,0.1239,3.6455,9.3102,0,12.5202,0,0,69.0354,-3.5647,9.4393,7.1133,112.6476,0.000,0.000,0.961,0.0000,0.0000,0
2026-05-05,15:15:04,73832,1,0.0000,-0.0541,0.1327,3.9030,9.3106,0,12.5202,0,0,68.7603,-9.5391,9.8947,8.1587,117.6224,0.000,0.000,0.958,0.0000,0.0000,0
2026-05-05,15:15:04,73867,1,0.0000,-0.0175,0.1347,3.9631,9.3108,0,12.5202,0,0,68.4035,-9.2507,9.4988,-8.9770,124.4706,0.048,0.000,0.954,0.0000,0.0000,0
2026-05-05,15:15:04,73902,1,0.0000,-0.0204,0.1365,4.0160,9.3109,0,12.5202,0,0,68.2452,-3.0907,8.3481,-27.5616,129.1003,0.112,0.000,0.978,0.0000,0.0000,0
2026-05-05,15:15:04,73937,1,0.0000,0.0016,0.1353,3.9799,9.3109,0,12.5202,0,0,67.9886,-9.4275,7.1532,-34.0344,134.5215,0.176,0.000,1.000,0.0000,0.0000,0
2026-05-05,15:15:04,73973,1,0.0000,-0.0435,0.1405,4.1327,9.3111,0,12.5202,0,0,67.7156,-5.2971,6.1250,-33.4755,139.7473,0.240,0.000,1.000,0.0000,0.0000,0
2026-05-05,15:15:04,74008,1,0.0000,-0.0145,0.1383,4.0685,9.3111,0,12.5202,0,0,67.9130,4.7554,5.2727,-29.8093,144.4407,0.232,0.000,1.000,0.0000,0.0000,0
2026-05-05,15:15:04,74043,1,0.0000,-0.0130,0.1398,4.1126,9.3111,0,12.5202,0,0,68.1903,8.7546,4.5638,-25.6462,149.2382,0.200,0.000,1.000,0.0000,0.0000,0
2026-05-05,15:15:04,74082,1,0.0000,0.0062,0.1367,4.0191,9.3110,0,12.5202,0,0,68.1007,0.5733,4.6467,-18.6367,151.7222,0.176,0.000,1.000,0.0000,0.0000,0
2026-05-05,15:15:04,74118,1,0.0000,0.0413,0.1321,3.8845,9.3109,0,12.5202,0,0,68.1087,2.3769,4.0107,-21.0611,154.0505,0.144,0.000,1.000,0.0000,0.0000,0
2026-05-05,15:15:04,74153,1,0.0000,-0.0087,0.1343,3.9500,9.3109,0,12.5202,0,0,68.2999,5.7201,3.2244,-24.3952,155.3130,0.112,0.000,1.000,0.0000,0.0000,0
2026-05-05,15:15:04,74188,1,0.0000,-0.1281,0.1502,4.4175,9.3114,0,12.5202,0,0,68.2117,-1.5338,2.4666,-24.5450,158.0687,0.080,0.000,1.000,0.0000,0.0000,0
2026-05-05,15:15:04,74223,1,0.0000,-0.0303,0.1562,4.5939,9.3120,0,12.5202,0,0,68.2524,1.2754,1.9163,-20.6481,160.9028,0.048,0.000,1.000,0.0000,0.0000,0
2026-05-05,15:15:04,74258,1,0.0000,0.0412,0.1497,4.4024,9.3119,0,12.5202,0,0,68.4241,7.3419,1.3483,-20.2940,161.0237,0.016,0.000,1.000,0.0000,0.0000,0
2026-05-05,15:15:04,74293,1,0.0000,0.1759,0.1301,3.8265,9.3112,0,12.5202,0,0,68.5298,0.0825,0.5831,-23.3986,160.1725,0.000,0.000,1.000,0.0000,0.0000,0
2026-05-05,15:15:04,74328,1,0.0000,0.1251,0.1093,3.2137,9.3098,0,12.5202,0,0,68.4751,-3.9925,-0.1128,-22.4359,159.8824,0.000,0.000,1.000,0.0000,0.0000,0
2026-05-05,15:15:04,74363,1,0.0000,0.0100,0.1148,3.3765,9.3098,0,12.5202,0,0,68.5855,7.3894,-0.6313,-18.0427,161.1821,0.000,0.000,1.000,0.0000,0.0000,0
2026-05-05,15:15:04,74398,1,0.0000,-0.1094,0.1311,3.8555,9.3104,0,12.5202,0,0,68.8520,7.3322,-0.7071,-8.0701,124.3854,0.000,0.000,1.000,0.0000,0.0000,0
2026-05-05,15:15:04,74433,1,0.0000,-0.0636,0.1430,4.2050,9.3112,0,12.5202,0,0,68.7895,-4.8088,-0.5205,-0.8291,101.9417,0.000,0.000,1.000,0.0000,0.0000,0
2026-05-05,15:15:04,74468,1,0.0000,0.0129,0.1403,4.1263,9.3112,0,12.5202,0,0,68.6849,-5.4558,-0.4549,-1.7198,111.2554,0.000,0.000,1.000,0.0000,0.0000,0
2026-05-05,15:15:04,74503,1,0.0000,0.0187,0.1332,3.9187,9.3109,0,12.5202,0,0,68.5538,-6.4419,-1.0425,-14.4658,116.9162,0.000,0.000,1.000,0.0000,0.0000,0
2026-05-05,15:15:04,74538,1,0.0000,0.0048,0.1353,3.9781,9.3109,0,12.5202,0,0,68.2027,-13.1154,-1.9006,-22.4644,123.1707,0.032,0.000,1.000,0.0000,0.0000,0
2026-05-05,15:15:04,74573,1,0.0000,0.2098,0.1101,3.2383,9.3101,0,12.5202,0,0,68.2536,0.1691,-2.5086,-20.1510,129.2670,0.096,0.000,1.000,0.0000,0.0000,0
2026-05-05,15:15:04,74608,1,0.0000,-0.0114,0.1092,3.2115,9.3094,0,12.5202,0,0,68.2870,-6.5222,-2.8892,-15.6132,134.3203,0.064,0.000,1.000,0.0000,0.0000,0
2026-05-05,15:15:04,74643,1,0.0000,-0.2567,0.1416,4.1653,9.3106,0,12.5202,0,0,68.0056,2.6444,-3.2777,-14.1295,133.6581,0.080,0.000,1.000,0.0000,0.0000,0
2026-05-05,15:15:04,74678,1,0.0000,-0.2751,0.1954,5.7472,9.3135,0,12.5202,0,0,68.5569,7.5446,-3.2410,-4.2668,91.8739,0.048,0.000,1.000,0.0000,0.0000,0
2026-05-05,15:15:04,74714,1,0.0000,0.0708,0.1867,5.4912,9.3139,0,12.5202,0,0,68.7170,6.5237,-2.6905,6.2450,79.8111,0.016,0.000,1.000,0.0000,0.0000,0
2026-05-05,15:15:04,74749,1,0.0000,0.2480,0.1506,4.4287,9.3124,0,12.5202,0,0,68.8117,-3.4631,-2.6972,-0.1945,90.2441,0.000,0.000,1.000,0.0000,0.0000,0
2026-05-05,15:15:05,74784,1,0.0000,0.0302,0.1546,4.5483,9.3121,0,12.5202,0,0,67.9511,-34.1805,-3.0823,-8.8586,99.6391,0.032,0.000,1.000,0.0000,0.0000,0
2026-05-05,15:15:05,74819,1,0.0000,-0.0156,0.1567,4.6092,9.3120,0,12.5202,0,0,66.7546,-37.0929,-3.5175,-12.3675,109.2277,0.096,0.000,1.000,0.0000,0.0000,0
2026-05-05,15:15:05,74854,1,0.0000,-0.0920,0.1649,4.8488,9.3123,0,12.5202,0,0,66.0062,-22.1277,-3.7257,-9.0754,118.4405,0.160,0.000,1.000,0.0000,0.0000,0
2026-05-05,15:15:05,74889,1,0.0000,-0.0593,0.1709,5.0256,9.3127,0,12.5202,0,0,65.5800,-12.4232,-3.6837,-3.8616,126.4048,0.224,0.000,1.000,0.0000,0.0000,0
2026-05-05,15:15:05,74924,1,0.0000,-0.0042,0.1717,5.0505,9.3129,0,12.5202,0,0,65.3559,-9.6989,-3.5500,-0.3694,132.9276,0.288,0.000,1.000,0.0000,0.0000,0
2026-05-05,15:15:05,74959,1,0.0000,0.0963,0.1552,4.5636,9.3123,0,12.5202,0,0,64.7473,-19.1652,-3.7067,-5.0574,136.9310,0.352,0.000,1.000,0.0000,0.0000,0
2026-05-05,15:15:05,74998,1,0.0000,0.1556,0.1273,3.7440,9.3109,0,12.5202,0,0,64.9334,-20.2641,-3.6704,-5.6745,138.8283,0.400,0.000,1.000,0.0000,0.0000,0
2026-05-05,15:15:05,75033,1,0.0000,0.0048,0.1304,3.8342,9.3107,0,12.5202,0,0,63.5175,-40.4580,-4.0600,-10.9603,142.9181,0.464,0.000,1.000,0.0000,0.0000,0
2026-05-05,15:15:05,75068,1,0.0000,-0.1195,0.1518,4.4651,9.3115,0,12.5202,0,0,63.1142,-14.1220,-4.2633,-9.6391,147.3764,0.528,0.000,1.000,0.0000,0.0000,0
2026-05-05,15:15:05,75104,1,0.0000,0.1999,0.1245,3.6607,9.3109,0,12.5202,0,0,63.2137,0.1158,-4.6840,-14.9278,149.8088,0.592,0.000,1.000,0.0000,0.0000,0
2026-05-05,15:15:05,75139,1,0.0000,0.2568,0.0749,2.2021,9.3085,0,12.5202,0,0,63.4478,-1.5756,-5.2945,-18.1690,150.6166,0.656,0.000,1.000,0.0000,0.0000,0
2026-05-05,15:15:05,75174,1,0.0000,-0.1411,0.0920,2.7070,9.3082,0,12.5202,0,0,62.2412,-63.1842,-6.0175,-22.7903,151.8192,0.720,0.000,1.000,0.0000,0.0000,0
2026-05-05,15:15:05,75209,1,0.0000,-0.3024,0.1395,4.1036,9.3104,0,12.5202,0,0,58.6375,-72.7377,-7.3793,-34.7039,141.1030,0.784,0.000,1.000,0.0000,0.0000,0
2026-05-05,15:15:05,75244,1,0.0000,-0.1248,0.1571,4.6196,9.3117,0,12.5202,0,0,60.4356,78.6050,-7.8500,-18.9421,107.7226,0.848,0.000,1.000,0.0000,0.0000,0
2026-05-05,15:15:05,75279,1,0.0000,0.0693,0.1452,4.2695,9.3117,0,12.5202,0,0,63.6958,61.6575,-7.3924,0.2226,93.4010,0.816,0.000,1.000,0.0000,0.0000,0
2026-05-05,15:15:05,75315,1,0.0000,0.0725,0.1359,3.9962,9.3112,0,12.5202,0,0,61.8774,-55.0502,-7.5857,-6.7102,103.7134,0.784,0.000,1.000,0.0000,0.0000,0
2026-05-05,15:15:05,75350,1,0.0000,-0.0167,0.1360,4.0004,9.3110,0,12.5202,0,0,61.1449,-12.5304,-8.2502,-15.2636,112.2791,0.824,0.000,1.000,0.0000,0.0000,0
2026-05-05,15:15:05,75386,1,0.0000,-0.0773,0.1475,4.3385,9.3114,0,12.5202,0,0,60.8252,-15.5331,-8.4538,-10.2550,121.1540,0.888,0.000,1.000,0.0000,0.0000,0
2026-05-05,15:15:05,75421,1,0.0000,0.0239,0.1500,4.4128,9.3118,0,12.5202,0,0,60.2457,-20.2993,-8.5648,-7.1182,127.9053,0.952,0.000,1.000,0.0000,0.0000,0
2026-05-05,15:15:05,75456,1,0.0000,0.2161,0.1242,3.6517,9.3110,0,12.5202,0,0,59.6078,-27.9168,-8.7504,-7.3971,132.5221,1.000,0.000,1.000,0.0000,0.0000,0
2026-05-05,15:15:05,75491,1,0.0000,0.1094,0.1017,2.9919,9.3094,0,12.5202,0,0,57.8603,-60.2541,-9.0159,-8.5999,136.6398,1.000,0.000,1.000,0.0000,0.0000,0
2026-05-05,15:15:05,75526,1,0.0000,-0.0212,0.1058,3.1126,9.3094,0,12.5202,0,0,55.6346,-70.3705,-9.2765,-9.0119,140.2663,1.000,0.000,1.000,0.0000,0.0000,0
2026-05-05,15:15:05,75561,1,0.0000,-0.1435,0.1294,3.8064,9.3103,0,12.5202,0,0,53.8705,-46.7902,-9.6127,-10.6761,143.9694,1.000,0.000,1.000,0.0000,0.0000,0
2026-05-05,15:15:05,75596,1,0.0000,0.0095,0.1273,3.7439,9.3105,0,12.5202,0,0,54.2084,11.8808,-9.7776,-7.2284,147.9424,1.000,0.000,1.000,0.0000,0.0000,0
2026-05-05,15:15:05,75631,1,0.0000,0.1539,0.1118,3.2885,9.3101,0,12.5202,0,0,54.3775,-3.3135,-9.6641,-1.3703,150.7433,1.000,0.000,1.000,0.0000,0.0000,0
2026-05-05,15:15:05,75666,1,0.0000,0.0737,0.0988,2.9063,9.3092,0,12.5202,0,0,53.7539,-23.4068,-9.8604,-5.8527,151.7515,1.000,0.000,1.000,0.0000,0.0000,0
2026-05-05,15:15:05,75701,1,0.0000,-0.0099,0.0990,2.9111,9.3089,0,12.5202,0,0,52.8083,-35.2145,-10.3116,-11.5419,152.8638,1.000,0.000,1.000,0.0000,0.0000,0
2026-05-05,15:15:05,75736,1,0.0000,-0.0126,0.0996,2.9285,9.3090,0,12.5202,0,0,51.6597,-28.1469,-10.7829,-12.7754,154.6849,1.000,0.000,1.000,0.0000,0.0000,0
2026-05-05,15:15:05,75771,1,0.0000,0.0117,0.0963,2.8323,9.3089,0,12.5202,0,0,51.5716,-2.2226,-10.9217,-7.0233,156.7921,1.000,0.000,1.000,0.0000,0.0000,0
2026-05-05,15:15:06,75806,1,0.0000,0.0047,0.0964,2.8361,9.3089,0,12.5202,0,0,52.2699,25.0187,-10.9085,-2.8322,158.2329,0.992,0.000,1.000,0.0000,0.0000,0
2026-05-05,15:15:06,75841,1,0.0000,0.0160,0.0969,2.8495,9.3089,0,12.5202,0,0,53.4455,38.5830,-11.1051,-5.9188,158.9169,0.960,0.000,1.000,0.0000,0.0000,0
2026-05-05,15:15:06,75876,1,0.0000,0.0033,0.0962,2.8294,9.3089,0,12.5202,0,0,54.8624,44.5215,-11.4188,-7.9284,161.0265,0.928,0.000,1.000,0.0000,0.0000,0
2026-05-05,15:15:06,75912,1,0.0000,0.0071,0.0958,2.8172,9.3088,0,12.5202,0,0,55.4393,27.2629,-11.4344,-5.5484,161.6192,0.904,0.000,1.000,0.0000,0.0000,0
2026-05-05,15:15:06,75948,1,0.0000,0.0227,0.0930,2.7348,9.3088,0,12.5202,0,0,55.4447,-1.3980,-11.5574,-4.5676,162.0372,0.872,0.000,1.000,0.0000,0.0000,0
2026-05-05,15:15:06,75983,1,0.0000,0.0761,0.0825,2.4253,9.3083,0,12.5202,0,0,55.0611,-15.5329,-11.5843,-2.3058,161.8148,0.840,0.000,1.000,0.0000,0.0000,0
2026-05-05,15:15:06,76019,1,0.0000,0.0260,0.0791,2.3259,9.3080,0,12.5202,0,0,54.2839,-32.0163,-11.5093,0.3326,161.8248,0.856,0.000,1.000,0.0000,0.0000,0
2026-05-05,15:15:06,76054,1,0.0000,-0.0001,0.0799,2.3507,9.3080,0,12.5202,0,0,52.7149,-51.4454,-11.4048,2.1489,161.9388,0.920,0.000,1.000,0.0000,0.0000,0
2026-05-05,15:15:06,76089,1,0.0000,0.0248,0.0770,2.2634,9.3079,0,12.5202,0,0,51.7674,-25.3325,-11.3080,2.8664,162.1894,0.984,0.000,1.000,0.0000,0.0000,0
2026-05-05,15:15:06,76125,1,0.0000,0.0223,0.0750,2.2071,9.3077,0,12.5202,0,0,51.4562,-7.2001,-11.2664,1.8527,162.4165,1.000,0.000,1.000,0.0000,0.0000,0
2026-05-05,15:15:06,76160,1,0.0000,-0.0041,0.0733,2.1554,9.3078,0,12.5202,0,0,51.4142,-2.4023,-11.2932,0.0744,162.1440,1.000,0.000,1.000,0.0000,0.0000,0
2026-05-05,15:15:06,76195,1,0.0000,-0.0066,0.0757,2.2278,9.3078,0,12.5202,0,0,51.2953,-4.0817,-11.4970,-3.6822,163.0171,1.000,0.000,1.000,0.0000,0.0000,0
2026-05-05,15:15:06,76231,1,0.0000,-0.0055,0.0761,2.2374,9.3078,0,12.5202,0,0,51.2329,-2.7110,-11.4082,1.4245,163.6686,1.000,0.000,1.000,0.0000,0.0000,0
2026-05-05,15:15:06,76266,1,0.0000,0.0018,0.0758,2.2288,9.3078,0,12.5202,0,0,51.0282,-8.0550,-11.2726,3.0390,163.0777,1.000,0.000,1.000,0.0000,0.0000,0
2026-05-05,15:15:06,76301,1,0.0000,-0.0014,0.0761,2.2383,9.3078,0,12.5202,0,0,50.3721,-21.9046,-11.2680,0.9429,163.2017,1.000,0.000,1.000,0.0000,0.0000,0
2026-05-05,15:15:06,76336,1,0.0000,-0.0039,0.0760,2.2355,9.3078,0,12.5202,0,0,49.6492,-21.7487,-11.3538,-0.8391,163.2005,1.000,0.000,1.000,0.0000,0.0000,0
2026-05-05,15:15:06,76371,1,0.0000,0.0017,0.0755,2.2220,9.3077,0,12.5202,0,0,49.2415,-11.7606,-11.3703,-0.5723,162.8948,1.000,0.000,1.000,0.0000,0.0000,0
2026-05-05,15:15:06,76406,1,0.0000,-0.0011,0.0748,2.2002,9.3078,0,12.5202,0,0,49.2844,2.9998,-11.5850,-4.4756,162.7240,1.000,0.000,1.000,0.0000,0.0000,0
2026-05-05,15:15:06,76441,1,0.0000,0.0131,0.0760,2.2338,9.3077,0,12.5202,0,0,49.7398,14.9135,-11.8423,-5.6255,162.5448,0.976,0.000,1.000,0.0000,0.0000,0
2026-05-05,15:15:06,76476,1,0.0000,-0.0075,0.0764,2.2469,9.3077,0,12.5202,0,0,50.1605,13.0566,-11.9574,-3.4621,162.5879,0.944,0.000,1.000,0.0000,0.0000,0
2026-05-05,15:15:06,76511,1,0.0000,0.0064,0.0751,2.2088,9.3078,0,12.5202,0,0,50.4243,7.4910,-11.9764,-0.6478,162.6507,0.912,0.000,0.998,0.0000,0.0000,0
2026-05-05,15:15:06,76547,1,0.0000,-0.0203,0.0774,2.2778,9.3078,0,12.5202,0,0,50.2828,-6.0298,-11.9169,1.8916,162.5673,0.880,0.000,0.994,0.0000,0.0000,0
2026-05-05,15:15:06,76582,1,0.0000,-0.0235,0.0805,2.3672,9.3079,0,12.5202,0,0,49.9510,-6.7772,-11.8524,2.7983,162.3719,0.848,0.000,0.991,0.0000,0.0000,0
2026-05-05,15:15:06,76617,1,0.0000,-0.0341,0.0853,2.5089,9.3081,0,12.5202,0,0,50.1228,7.2028,-11.8249,2.3089,162.1592,0.816,0.000,0.988,0.0000,0.0000,0
2026-05-05,15:15:06,76652,1,0.0000,-0.0138,0.0863,2.5386,9.3083,0,12.5202,0,0,50.4085,9.3014,-11.7238,3.3954,161.9871,0.784,0.000,0.985,0.0000,0.0000,0
2026-05-05,15:15:06,76687,1,0.0000,0.0075,0.0866,2.5464,9.3083,0,12.5202,0,0,50.4583,-1.1430,-11.7023,2.0620,162.3690,0.752,0.000,0.982,0.0000,0.0000,0
2026-05-05,15:15:06,76722,1,0.0000,0.0152,0.0835,2.4568,9.3083,0,12.5202,0,0,50.3169,-4.3591,-11.5193,5.4789,162.3941,0.720,0.000,0.978,0.0000,0.0000,0
2026-05-05,15:15:06,76757,1,0.0000,0.0105,0.0833,2.4490,9.3082,0,12.5202,0,0,50.2018,-3.9586,-11.1479,9.4121,162.0127,0.688,0.000,0.975,0.0000,0.0000,0
2026-05-05,15:15:07,76792,1,0.0000,-0.0156,0.0863,2.5381,9.3083,0,12.5202,0,0,50.0329,-4.3183,-10.9562,7.1083,161.7696,0.656,0.000,0.972,0.0000,0.0000,0
2026-05-05,15:15:07,76831,1,0.0000,0.0199,0.0890,2.6181,9.3085,0,12.5202,0,0,49.9747,5.5025,-11.3047,2.6171,161.6311,0.632,0.000,0.970,0.0000,0.0000,0
2026-05-05,15:15:07,76866,1,0.0000,-0.0633,0.0960,2.8237,9.3087,0,12.5202,0,0,50.6128,16.9759,-11.0535,6.8353,162.4178,0.600,0.000,0.966,0.0000,0.0000,0
2026-05-05,15:15:07,76901,1,0.0000,-0.1476,0.1156,3.3999,9.3095,0,12.5202,0,0,50.9439,12.8442,-10.8583,6.1023,162.3803,0.568,0.000,0.963,0.0000,0.0000,0
2026-05-05,15:15:07,76936,1,0.0000,0.0248,0.1108,3.2585,9.3097,0,12.5202,0,0,51.5365,18.7784,-10.8995,2.2573,163.0231,0.536,0.000,0.960,0.0000,0.0000,0
2026-05-05,15:15:07,76971,1,0.0000,0.1040,0.0962,2.8309,9.3091,0,12.5202,0,0,51.7230,1.6963,-10.5638,7.5418,163.1216,0.504,0.000,0.957,0.0000,0.0000,0
2026-05-05,15:15:07,77006,1,0.0000,0.1086,0.0802,2.3598,9.3083,0,12.5202,0,0,51.5724,-11.5369,-10.1954,9.6911,162.1397,0.472,0.000,0.954,0.0000,0.0000,0
2026-05-05,15:15:07,77041,1,0.0000,-0.0490,0.0855,2.5152,9.3082,0,12.5202,0,0,50.5365,-39.0645,-10.1195,4.2124,161.5314,0.488,0.000,0.950,0.0000,0.0000,0
2026-05-05,15:15:07,77076,1,0.0000,-0.0326,0.0964,2.8340,9.3088,0,12.5202,0,0,48.7999,-39.0449,-10.7817,-10.9480,161.2472,0.552,0.000,0.947,0.0000,0.0000,0
2026-05-05,15:15:07,77111,1,0.0000,-0.0373,0.1031,3.0320,9.3092,0,12.5202,0,0,49.7462,37.4754,-11.1808,-8.5305,128.6169,0.616,0.000,0.979,0.0000,0.0000,0
2026-05-05,15:15:07,77147,1,0.0000,-0.0257,0.1066,3.1357,9.3093,0,12.5202,0,0,51.3326,44.7659,-10.7584,5.3238,134.5387,0.584,0.000,0.985,0.0000,0.0000,0
2026-05-05,15:15:07,77182,1,0.0000,-0.0001,0.1063,3.1260,9.3094,0,12.5202,0,0,52.2140,24.0752,-10.4970,7.0009,139.0244,0.552,0.000,0.999,0.0000,0.0000,0
2026-05-05,15:15:07,77217,1,0.0000,0.0080,0.1050,3.0879,9.3094,0,12.5202,0,0,52.3997,4.4623,-10.4292,4.1602,142.6575,0.520,0.000,1.000,0.0000,0.0000,0
2026-05-05,15:15:07,77253,1,0.0000,0.0284,0.1026,3.0170,9.3093,0,12.5202,0,0,52.0678,-12.6540,-10.2019,6.3535,145.4419,0.488,0.000,1.000,0.0000,0.0000,0
2026-05-05,15:15:07,77288,1,0.0000,0.0197,0.0962,2.8288,9.3090,0,12.5202,0,0,51.5470,-16.6188,-9.9515,7.2612,147.3623,0.456,0.000,0.998,0.0000,0.0000,0
2026-05-05,15:15:07,77323,1,0.0000,0.0575,0.0899,2.6445,9.3087,0,12.5202,0,0,51.2235,-10.3723,-9.7530,6.4124,149.1641,0.520,0.000,0.994,0.0000,0.0000,0
2026-05-05,15:15:07,77358,1,0.0000,-0.0222,0.0949,2.7914,9.3087,0,12.5202,0,0,51.0376,-4.1349,-9.8854,-0.1781,150.5548,0.584,0.000,0.991,0.0000,0.0000,0
2026-05-05,15:15:07,77393,1,0.0000,-0.0534,0.1027,3.0216,9.3090,0,12.5202,0,0,51.2922,12.5927,-10.2799,-6.7763,151.7908,0.600,0.000,0.988,0.0000,0.0000,0
2026-05-05,15:15:07,77428,1,0.0000,-0.0442,0.1082,3.1815,9.3094,0,12.5202,0,0,52.1466,30.5697,-10.4995,-3.7313,154.4863,0.568,0.000,0.985,0.0000,0.0000,0
2026-05-05,15:15:07,77463,1,0.0000,-0.0064,0.1094,3.2188,9.3095,0,12.5202,0,0,53.2845,33.6214,-9.9014,12.7629,157.1683,0.536,0.000,0.982,0.0000,0.0000,0
2026-05-05,15:15:07,77498,1,0.0000,-0.0026,0.1091,3.2083,9.3095,0,12.5202,0,0,53.7753,15.2988,-9.1938,17.9621,158.0231,0.504,0.000,0.978,0.0000,0.0000,0
2026-05-05,15:15:07,77533,1,0.0000,0.0066,0.1081,3.1800,9.3095,0,12.5202,0,0,53.7124,-5.7120,-8.7619,14.9088,158.5502,0.472,0.000,1.000,0.0000,0.0000,0
2026-05-05,15:15:07,77568,1,0.0000,0.0755,0.0996,2.9297,9.3092,0,12.5202,0,0,53.0415,-21.0876,-8.4390,11.7148,158.8388,0.440,0.000,1.000,0.0000,0.0000,0
2026-05-05,15:15:07,77603,1,0.0000,0.0067,0.0979,2.8804,9.3089,0,12.5202,0,0,52.4102,-22.4939,-8.2091,8.3356,158.4629,0.480,0.000,1.000,0.0000,0.0000,0
2026-05-05,15:15:07,77638,1,0.0000,-0.1180,0.1126,3.3110,9.3094,0,12.5202,0,0,51.6863,-19.2525,-8.3256,0.7070,158.1043,0.544,0.000,1.000,0.0000,0.0000,0
2026-05-05,15:15:07,77673,1,0.0000,-0.0005,0.1168,3.4339,9.3099,0,12.5202,0,0,51.4773,3.3547,-8.7007,-5.2687,152.2867,0.608,0.000,1.000,0.0000,0.0000,0
2026-05-05,15:15:07,77708,1,0.0000,0.0187,0.1135,3.3393,9.3099,0,12.5202,0,0,52.8269,42.6850,-8.4180,5.3431,130.1246,0.600,0.000,1.000,0.0000,0.0000,0
2026-05-05,15:15:07,77743,1,0.0000,0.0595,0.1035,3.0443,9.3094,0,12.5202,0,0,53.5619,29.6866,-8.1658,5.8610,131.7950,0.576,0.000,1.000,0.0000,0.0000,0
2026-05-05,15:15:07,77778,1,0.0000,0.0149,0.1036,3.0465,9.3093,0,12.5202,0,0,53.8330,5.8919,-7.9154,6.9991,136.0308,0.544,0.000,1.000,0.0000,0.0000,0
2026-05-05,15:15:08,77813,1,0.0000,-0.0120,0.1047,3.0795,9.3093,0,12.5202,0,0,53.7086,-1.5096,-7.8064,4.9048,140.5519,0.512,0.000,1.000,0.0000,0.0000,0
2026-05-05,15:15:08,77848,1,0.0000,-0.0024,0.1061,3.1192,9.3093,0,12.5202,0,0,53.7170,4.3428,-7.7149,3.3821,144.1301,0.480,0.000,0.999,0.0000,0.0000,0
2026-05-05,15:15:08,77883,1,0.0000,0.0450,0.1000,2.9413,9.3091,0,12.5202,0,0,54.2332,15.1571,-7.6255,3.3546,146.7096,0.448,0.000,0.996,0.0000,0.0000,0
2026-05-05,15:15:08,77918,1,0.0000,0.0162,0.0912,2.6815,9.3086,0,12.5202,0,0,54.8345,15.7297,-7.4313,4.9623,148.9317,0.416,0.000,1.000,0.0000,0.0000,0
2026-05-05,15:15:08,77953,1,0.0000,0.0224,0.0874,2.5702,9.3085,0,12.5202,0,0,55.1473,6.8604,-7.1967,6.7280,151.0624,0.384,0.000,1.000,0.0000,0.0000,0
2026-05-05,15:15:08,77988,1,0.0000,0.0958,0.0738,2.1705,9.3079,0,12.5202,0,0,55.3567,5.5844,-6.8509,9.2525,153.0256,0.352,0.000,1.000,0.0000,0.0000,0
2026-05-05,15:15:08,78023,1,0.0000,0.0244,0.0705,2.0734,9.3075,0,12.5202,0,0,55.5433,3.8914,-6.6648,6.8064,154.5361,0.320,0.000,1.000,0.0000,0.0000,0
2026-05-05,15:15:08,78058,1,0.0000,-0.0037,0.0690,2.0280,9.3074,0,12.5202,0,0,55.6850,2.9257,-6.5073,5.5884,155.9795,0.288,0.000,1.000,0.0000,0.0000,0
2026-05-05,15:15:08,78093,1,0.0000,-0.0163,0.0714,2.1009,9.3075,0,12.5202,0,0,55.6483,-0.5540,-6.4137,4.1752,157.3819,0.256,0.000,1.000,0.0000,0.0000,0
2026-05-05,15:15:08,78128,1,0.0000,-0.0614,0.0794,2.3365,9.3078,0,12.5202,0,0,55.3593,-7.9125,-6.5543,-1.2496,158.1916,0.224,0.000,1.000,0.0000,0.0000,0
2026-05-05,15:15:08,78163,1,0.0000,-0.1210,0.0980,2.8834,9.3086,0,12.5202,0,0,55.0311,-6.2897,-6.8553,-5.1802,158.8516,0.192,0.000,1.000,0.0000,0.0000,0
2026-05-05,15:15:08,78198,1,0.0000,-0.0575,0.1093,3.2132,9.3094,0,12.5202,0,0,55.1779,7.4869,-6.9385,-1.9561,159.4141,0.160,0.000,1.000,0.0000,0.0000,0
2026-05-05,15:15:08,78233,1,0.0000,0.0124,0.1059,3.1148,9.3094,0,12.5202,0,0,55.2438,-4.4862,-6.7678,3.1583,159.6749,0.128,0.000,1.000,0.0000,0.0000,0
2026-05-05,15:15:08,78268,1,0.0000,0.1026,0.0945,2.7807,9.3090,0,12.5202,0,0,54.9898,-8.6683,-6.5298,6.2784,159.3189,0.096,0.000,1.000,0.0000,0.0000,0
2026-05-05,15:15:08,78303,1,0.0000,0.2324,0.0635,1.8688,9.3077,0,12.5202,0,0,55.2598,3.2828,-6.0988,10.6812,158.6045,0.064,0.000,1.000,0.0000,0.0000,0
2026-05-05,15:15:08,78338,1,0.0000,0.0302,0.0566,1.6658,9.3068,0,12.5202,0,0,56.1855,20.6853,-5.5298,14.4900,157.9023,0.032,0.000,1.000,0.0000,0.0000,0
2026-05-05,15:15:08,78373,1,0.0000,-0.0324,0.0579,1.7032,9.3068,0,12.5202,0,0,56.1765,-19.1541,-5.2178,10.7393,158.6823,0.000,0.000,1.000,0.0000,0.0000,0
2026-05-05,15:15:08,78408,1,0.0000,-0.1150,0.0730,2.1467,9.3073,0,12.5202,0,0,52.2089,-125.1133,-5.8718,-9.5632,160.0166,0.048,0.000,1.000,0.0000,0.0000,0
2026-05-05,15:15:08,78443,1,0.0000,-0.2773,0.1109,3.2619,9.3090,0,12.5202,0,0,48.9335,-53.5822,-7.5126,-31.0036,131.2630,0.112,0.000,1.000,0.0000,0.0000,0
2026-05-05,15:15:08,78479,1,0.0000,0.0144,0.1092,3.2113,9.3096,0,12.5202,0,0,52.0682,121.0977,-7.2037,1.2314,94.7223,0.176,0.000,1.000,0.0000,0.0000,0
2026-05-05,15:15:08,78514,1,0.0000,0.1466,0.0893,2.6262,9.3089,0,12.5202,0,0,56.7503,107.6630,-5.3872,34.8844,99.2060,0.144,0.000,1.000,0.0000,0.0000,0
2026-05-05,15:15:08,78549,1,0.0000,0.1146,0.0700,2.0594,9.3077,0,12.5202,0,0,57.1799,-5.6298,-4.1398,34.7854,107.4405,0.112,0.000,1.000,0.0000,0.0000,0
2026-05-05,15:15:08,78585,1,0.0000,0.0061,0.0692,2.0366,9.3074,0,12.5202,0,0,54.7805,-76.4397,-3.7646,19.4264,114.8175,0.104,0.000,1.000,0.0000,0.0000,0
2026-05-05,15:15:08,78620,1,0.0000,0.0547,0.0621,1.8260,9.3071,0,12.5202,0,0,53.0648,-49.8490,-3.4634,13.6118,121.6378,0.168,0.000,1.000,0.0000,0.0000,0
2026-05-05,15:15:08,78659,1,0.0000,-0.0034,0.0601,1.7687,9.3070,0,12.5202,0,0,52.9209,-18.2296,-3.4111,9.7692,124.5905,0.216,0.000,1.000,0.0000,0.0000,0
2026-05-05,15:15:08,78694,1,0.0000,-0.0073,0.0614,1.8050,9.3070,0,12.5202,0,0,52.7542,-4.9703,-3.6045,-0.3761,130.1394,0.280,0.000,1.000,0.0000,0.0000,0
2026-05-05,15:15:08,78729,1,0.0000,-0.0161,0.0628,1.8471,9.3071,0,12.5202,0,0,52.8225,6.7920,-4.4512,-14.9464,135.0930,0.344,0.000,1.000,0.0000,0.0000,0
2026-05-05,15:15:08,78764,1,0.0000,-0.0691,0.0736,2.1636,9.3075,0,12.5202,0,0,53.2950,17.4604,-5.4975,-21.8265,139.0173,0.336,0.000,1.000,0.0000,0.0000,0
2026-05-05,15:15:09,78799,1,0.0000,-0.1472,0.0929,2.7331,9.3083,0,12.5202,0,0,53.8717,19.0664,-5.6237,-3.8455,89.6416,0.304,0.000,1.000,0.0000,0.0000,0
2026-05-05,15:15:09,78834,1,0.0000,-0.0618,0.0998,2.9358,9.3090,0,12.5202,0,0,53.7124,-8.8772,-4.1968,29.3909,82.7535,0.272,0.000,1.000,0.0000,0.0000,0
2026-05-05,15:15:09,78869,1,0.0000,-0.0479,0.1073,3.1565,9.3093,0,12.5202,0,0,52.9225,-21.5748,-2.8132,37.6809,94.0969,0.264,0.000,1.000,0.0000,0.0000,0
2026-05-05,15:15:09,78904,1,0.0000,-0.0024,0.1050,3.0877,9.3093,0,12.5202,0,0,52.6898,-6.4018,-1.9248,31.2651,102.5781,0.328,0.000,1.000,0.0000,0.0000,0
2026-05-05,15:15:09,78939,1,0.0000,0.0641,0.0966,2.8403,9.3091,0,12.5202,0,0,52.6254,-3.2083,-1.3034,24.5993,109.6083,0.392,0.000,1.000,0.0000,0.0000,0
2026-05-05,15:15:09,78974,1,0.0000,0.1083,0.0799,2.3513,9.3083,0,12.5202,0,0,50.9365,-18.5397,-0.2813,31.6092,115.8358,0.432,0.000,1.000,0.0000,0.0000,0
2026-05-05,15:15:09,79009,1,0.0000,0.0087,0.0758,2.2288,9.3078,0,12.5202,0,0,48.2558,-69.3108,1.0339,36.3507,120.5534,0.496,0.000,1.000,0.0000,0.0000,0
2026-05-05,15:15:09,79044,1,0.0000,-0.0454,0.0803,2.3620,9.3079,0,12.5202,0,0,46.5188,-42.9582,0.9300,7.7035,126.0992,0.560,0.000,1.000,0.0000,0.0000,0
2026-05-05,15:15:09,79079,1,0.0000,-0.2032,0.1077,3.1689,9.3089,0,12.5202,0,0,45.1162,-36.0131,-1.9840,-50.4029,90.9542,0.624,0.000,1.000,0.0000,0.0000,0
2026-05-05,15:15:09,79114,1,0.0000,0.0029,0.1115,3.2803,9.3097,0,12.5202,0,0,44.5540,-0.6277,-3.7016,-38.6496,58.6466,0.688,0.000,1.000,0.0000,0.0000,0
2026-05-05,15:15:09,79150,1,0.0000,0.0296,0.1088,3.2008,9.3096,0,12.5202,0,0,47.1514,67.8146,-0.3751,55.6811,41.4434,0.704,0.000,1.000,0.0000,0.0000,0
2026-05-05,15:15:09,79185,1,0.0000,0.0497,0.1019,2.9959,9.3093,0,12.5202,0,0,46.7015,-23.4653,4.2749,102.3781,60.8760,0.672,0.000,1.000,0.0000,0.0000,0
2026-05-05,15:15:09,79220,1,0.0000,0.0804,0.0924,2.7191,9.3089,0,12.5202,0,0,46.0697,-6.3157,4.2414,24.5086,74.2456,0.688,0.000,1.000,0.0000,0.0000,0
2026-05-05,15:15:09,79255,1,0.0000,0.1434,0.0696,2.0458,9.3078,0,12.5202,0,0,47.7123,54.8155,0.6225,-58.0592,57.9591,0.656,0.000,1.000,0.0000,0.0000,0
2026-05-05,15:15:09,79290,1,0.0000,0.0020,0.0711,2.0926,9.3076,0,12.5202,0,0,49.6103,56.2027,-1.3813,-49.7314,21.3687,0.624,0.000,1.000,0.0000,0.0000,0
2026-05-05,15:15:09,79325,1,0.0000,-0.0046,0.0728,2.1424,9.3076,0,12.5202,0,0,51.7051,72.2076,-0.1147,11.3733,6.8624,0.592,0.000,1.000,0.0000,0.0000,0
2026-05-05,15:15:09,79360,1,0.0000,0.0004,0.0728,2.1411,9.3076,0,12.5202,0,0,53.6763,58.5273,1.4288,33.5379,31.5009,0.560,0.000,1.000,0.0000,0.0000,0
2026-05-05,15:15:09,79396,1,0.0000,-0.0627,0.0802,2.3586,9.3078,0,12.5202,0,0,54.6603,29.0307,2.4759,32.9311,52.2084,0.528,0.000,1.000,0.0000,0.0000,0
2026-05-05,15:15:09,79432,1,0.0000,-0.0770,0.0881,2.5920,9.3083,0,12.5202,0,0,54.6662,-3.8063,3.3978,30.0633,69.3655,0.496,0.000,1.000,0.0000,0.0000,0
2026-05-05,15:15:09,79467,1,0.0000,-0.0140,0.0936,2.7536,9.3087,0,12.5202,0,0,53.7579,-27.3456,4.1506,25.9498,84.2190,0.464,0.000,1.000,0.0000,0.0000,0
2026-05-05,15:15:09,79503,1,0.0000,0.0016,0.0958,2.8167,9.3088,0,12.5202,0,0,53.3211,-7.5242,4.6974,20.3572,96.7927,0.480,0.000,1.000,0.0000,0.0000,0
2026-05-05,15:15:09,79538,1,0.0000,-0.0250,0.0984,2.8943,9.3089,0,12.5202,0,0,53.9017,23.0604,4.9723,12.9770,107.2772,0.448,0.000,1.000,0.0000,0.0000,0
2026-05-05,15:15:09,79576,1,0.0000,-0.0956,0.1113,3.2726,9.3095,0,12.5202,0,0,54.2894,23.3739,4.9336,9.2249,111.8430,0.424,0.000,1.000,0.0000,0.0000,0
2026-05-05,15:15:09,79612,1,0.0000,-0.0424,0.1176,3.4600,9.3099,0,12.5202,0,0,54.5259,3.9483,5.0108,5.4125,119.8121,0.392,0.000,1.000,0.0000,0.0000,0
2026-05-05,15:15:09,79648,1,0.0000,-0.0363,0.1257,3.6963,9.3103,0,12.5202,0,0,54.2027,-6.1265,4.7764,-1.6444,126.1069,0.360,0.000,1.000,0.0000,0.0000,0
2026-05-05,15:15:09,79683,1,0.0000,0.0050,0.1256,3.6928,9.3105,0,12.5202,0,0,54.3133,3.9566,4.6360,-1.6861,132.2608,0.328,0.000,1.000,0.0000,0.0000,0
2026-05-05,15:15:09,79718,1,0.0000,0.0505,0.1217,3.5807,9.3103,0,12.5202,0,0,55.0684,25.4178,4.6918,1.4689,137.8921,0.296,0.000,1.000,0.0000,0.0000,0
2026-05-05,15:15:09,79753,1,0.0000,-0.0530,0.1265,3.7202,9.3104,0,12.5202,0,0,55.5692,14.2229,4.6814,0.9311,142.0066,0.264,0.000,1.000,0.0000,0.0000,0
2026-05-05,15:15:10,79788,1,0.0000,-0.0868,0.1378,4.0525,9.3108,0,12.5202,0,0,55.7022,9.9919,4.4734,-2.3004,145.1794,0.232,0.000,1.000,0.0000,0.0000,0
2026-05-05,15:15:10,79823,1,0.0000,-0.2088,0.1656,4.8716,9.3120,0,12.5202,0,0,55.8764,2.6746,4.5013,2.0410,148.5700,0.200,0.000,1.000,0.0000,0.0000,0
2026-05-05,15:15:10,79858,1,0.0000,-0.0341,0.1663,4.8917,9.3125,0,12.5202,0,0,55.9374,9.4787,4.8365,8.7670,151.3229,0.168,0.000,1.000,0.0000,0.0000,0
2026-05-05,15:15:10,79893,1,0.0000,0.0270,0.1642,4.8294,9.3125,0,12.5202,0,0,57.0173,27.8628,5.1803,11.6540,153.4515,0.136,0.000,1.000,0.0000,0.0000,0
2026-05-05,15:15:10,79928,1,0.0000,0.0374,0.1611,4.7380,9.3124,0,12.5202,0,0,57.5916,21.9527,5.6929,16.3361,155.2494,0.104,0.000,1.000,0.0000,0.0000,0
2026-05-05,15:15:10,79963,1,0.0000,-0.0214,0.1620,4.7654,9.3123,0,12.5202,0,0,58.0771,16.3930,6.3101,19.3548,156.9662,0.072,0.000,1.000,0.0000,0.0000,0
2026-05-05,15:15:10,79998,1,0.0000,-0.2396,0.1920,5.6457,9.3133,0,12.5202,0,0,57.7221,0.0356,6.4826,11.8942,157.5890,0.040,0.000,1.000,0.0000,0.0000,0
2026-05-05,15:15:10,80033,1,0.0000,-0.1364,0.2264,6.6600,9.3155,0,12.5202,0,0,59.0150,36.9800,6.8423,15.0774,132.2507,0.008,0.000,1.000,0.0000,0.0000,0
2026-05-05,15:15:10,80068,1,0.0000,0.0478,0.2173,6.3917,9.3154,0,12.5202,0,0,58.7549,-7.4450,7.9207,28.4324,138.1830,0.000,0.000,1.000,0.0000,0.0000,0
2026-05-05,15:15:10,80103,1,0.0000,0.4696,0.1583,4.6552,9.3134,0,12.5202,0,0,58.9306,11.5145,8.9421,30.6757,142.2388,0.000,0.000,1.000,0.0000,0.0000,0
2026-05-05,15:15:10,80138,1,0.0000,0.2900,0.1032,3.0349,9.3100,0,12.5202,0,0,60.1858,40.7283,9.4869,21.8425,145.5468,0.000,0.000,1.000,0.0000,0.0000,0
2026-05-05,15:15:10,80173,1,0.0000,-0.1932,0.1334,3.9230,9.3102,0,12.5202,0,0,61.5949,34.9268,9.6123,11.5481,148.3643,0.000,0.000,1.000,0.0000,0.0000,0
2026-05-05,15:15:10,80208,1,0.0000,-0.2580,0.1700,4.9997,9.3121,0,12.5202,0,0,61.1174,-14.8741,9.3942,2.0361,150.1988,0.000,0.000,1.000,0.0000,0.0000,0
2026-05-05,15:15:10,80243,1,0.0000,0.0010,0.1626,4.7834,9.3124,0,12.5202,0,0,60.3386,-17.2656,9.7153,10.7424,153.1127,0.000,0.000,1.000,0.0000,0.0000,0
2026-05-05,15:15:10,80278,1,0.0000,0.0942,0.1495,4.3979,9.3120,0,12.5202,0,0,61.4158,36.3362,10.7115,24.1320,156.5356,0.000,0.000,1.000,0.0000,0.0000,0
2026-05-05,15:15:10,80313,1,0.0000,0.2263,0.1200,3.5303,9.3107,0,12.5202,0,0,62.5632,34.4288,11.4416,23.2883,118.6626,0.000,0.000,1.000,0.0000,0.0000,0
2026-05-05,15:15:10,80348,1,0.0000,0.0379,0.1068,3.1414,9.3095,0,12.5202,0,0,63.2387,18.7032,12.0378,21.2280,126.7196,0.000,0.000,1.000,0.0000,0.0000,0
2026-05-05,15:15:10,80383,1,0.0000,0.1147,0.0928,2.7291,9.3090,0,12.5202,0,0,63.5169,7.1916,12.9007,25.3042,133.0170,0.000,0.000,1.000,0.0000,0.0000,0
2026-05-05,15:15:10,80418,1,0.0000,0.0400,0.0888,2.6106,9.3085,0,12.5202,0,0,63.6695,6.3210,13.4899,20.4573,138.8026,0.000,0.000,1.000,0.0000,0.0000,0
2026-05-05,15:15:10,80453,1,0.0000,0.0075,0.0853,2.5083,9.3083,0,12.5202,0,0,64.0461,10.9368,13.9140,17.0892,143.8513,0.000,0.000,1.000,0.0000,0.0000,0
2026-05-05,15:15:10,80488,1,0.0000,-0.0437,0.0897,2.6387,9.3084,0,12.5202,0,0,63.9959,-4.5088,14.5384,19.2841,147.7401,0.000,0.000,1.000,0.0000,0.0000,0
2026-05-05,15:15:10,80523,1,0.0000,-0.1718,0.1143,3.3607,9.3094,0,12.5202,0,0,63.1300,-17.3384,14.3598,11.6512,148.5595,0.000,0.000,1.000,0.0000,0.0000,0
2026-05-05,15:15:10,80558,1,0.0000,-0.0057,0.1151,3.3866,9.3098,0,12.5202,0,0,62.7881,1.8582,14.5508,9.4802,151.7379,0.048,0.000,1.000,0.0000,0.0000,0
2026-05-05,15:15:10,80593,1,0.0000,0.0123,0.1121,3.2985,9.3097,0,12.5202,0,0,63.4958,19.8273,14.9927,13.4105,149.0116,0.016,0.000,1.000,0.0000,0.0000,0
2026-05-05,15:15:10,80629,1,0.0000,0.0557,0.1038,3.0522,9.3094,0,12.5202,0,0,64.2878,24.0043,15.6078,17.2087,153.2074,0.000,0.000,1.000,0.0000,0.0000,0
2026-05-05,15:15:10,80664,1,0.0000,0.0069,0.1022,3.0061,9.3092,0,12.5202,0,0,64.7294,10.8059,16.2123,18.5173,156.5828,0.000,0.000,1.000,0.0000,0.0000,0
2026-05-05,15:15:10,80699,1,0.0000,0.0338,0.0972,2.8599,9.3090,0,12.5202,0,0,64.6262,-3.1053,16.8135,18.9489,159.0489,0.000,0.000,1.000,0.0000,0.0000,0
2026-05-05,15:15:10,80735,1,0.0000,0.1390,0.0766,2.2527,9.3082,0,12.5202,0,0,64.8884,9.5286,17.4433,19.3141,161.2630,0.000,0.000,1.000,0.0000,0.0000,0
2026-05-05,15:15:10,80770,1,0.0000,-0.0163,0.0773,2.2727,9.3077,0,12.5202,0,0,65.2308,3.8502,17.8485,14.4265,163.2049,0.000,0.000,1.000,0.0000,0.0000,0
2026-05-05,15:15:11,80805,1,0.0000,-0.0496,0.0821,2.4144,9.3080,0,12.5202,0,0,65.0237,-7.4998,17.9840,8.0022,165.2269,0.000,0.000,1.000,0.0000,0.0000,0
2026-05-05,15:15:11,80840,1,0.0000,-0.1109,0.0969,2.8501,9.3085,0,12.5202,0,0,64.0896,-32.7043,18.0556,5.3075,166.2660,0.032,0.000,1.000,0.0000,0.0000,0
2026-05-05,15:15:11,80875,1,0.0000,-0.0721,0.1084,3.1878,9.3094,0,12.5202,0,0,62.8019,-31.9734,18.1345,4.3862,166.5086,0.096,0.000,1.000,0.0000,0.0000,0
2026-05-05,15:15:11,80910,1,0.0000,0.0022,0.1077,3.1665,9.3095,0,12.5202,0,0,63.3382,17.4494,18.2533,4.8527,167.1745,0.160,0.000,1.000,0.0000,0.0000,0
2026-05-05,15:15:11,80945,1,0.0000,-0.0017,0.1079,3.1725,9.3095,0,12.5202,0,0,63.7995,13.0798,18.4447,6.3994,127.8312,0.152,0.000,1.000,0.0000,0.0000,0
2026-05-05,15:15:11,80980,1,0.0000,0.0048,0.1074,3.1592,9.3094,0,12.5202,0,0,64.1440,9.7257,18.8697,11.2193,122.6157,0.120,0.000,1.000,0.0000,0.0000,0
2026-05-05,15:15:11,81015,1,0.0000,0.0697,0.1010,2.9698,9.3092,0,12.5202,0,0,64.3397,6.0397,19.2258,10.7116,130.3442,0.088,0.000,1.000,0.0000,0.0000,0
2026-05-05,15:15:11,81050,1,0.0000,0.1082,0.0874,2.5706,9.3086,0,12.5202,0,0,64.7783,13.9572,19.4488,8.3797,136.8505,0.056,0.000,1.000,0.0000,0.0000,0
2026-05-05,15:15:11,81085,1,0.0000,0.0549,0.0812,2.3880,9.3081,0,12.5202,0,0,65.2426,11.7360,19.7039,8.1447,142.8393,0.024,0.000,1.000,0.0000,0.0000,0
2026-05-05,15:15:11,81120,1,0.0000,-0.0028,0.0825,2.4270,9.3081,0,12.5202,0,0,65.1579,-5.1455,19.8225,5.1540,147.7229,0.000,0.000,1.000,0.0000,0.0000,0
2026-05-05,15:15:11,81156,1,0.0000,-0.0843,0.0922,2.7113,9.3084,0,12.5202,0,0,64.8222,-11.3808,19.8472,2.3300,151.4858,0.000,0.000,1.000,0.0000,0.0000,0
2026-05-05,15:15:11,81191,1,0.0000,-0.0791,0.1013,2.9800,9.3089,0,12.5202,0,0,64.2235,-18.3770,19.8013,0.3368,154.5116,0.032,0.000,1.000,0.0000,0.0000,0
2026-05-05,15:15:11,81226,1,0.0000,-0.0467,0.1079,3.1733,9.3093,0,12.5202,0,0,63.8474,-6.1992,19.7073,-0.6518,157.2461,0.096,0.000,1.000,0.0000,0.0000,0
2026-05-05,15:15:11,81261,1,0.0000,-0.0373,0.1140,3.3520,9.3097,0,12.5202,0,0,64.1726,9.5072,19.7893,2.3206,159.9977,0.112,0.000,1.000,0.0000,0.0000,0
2026-05-05,15:15:11,81296,1,0.0000,-0.0040,0.1148,3.3759,9.3098,0,12.5202,0,0,64.1118,-2.4236,19.9723,4.9460,162.4493,0.080,0.000,1.000,0.0000,0.0000,0
2026-05-05,15:15:11,81331,1,0.0000,0.0178,0.1134,3.3353,9.3098,0,12.5202,0,0,63.9881,-2.1252,20.2228,6.9719,164.4485,0.048,0.000,1.000,0.0000,0.0000,0
2026-05-05,15:15:11,81366,1,0.0000,0.0612,0.1040,3.0574,9.3095,0,12.5202,0,0,64.1560,6.5450,20.4444,6.9472,166.1696,0.016,0.000,1.000,0.0000,0.0000,0
2026-05-05,15:15:11,81401,1,0.0000,0.0835,0.0935,2.7504,9.3089,0,12.5202,0,0,64.5636,13.3074,20.7475,8.5999,167.7899,0.000,0.000,1.000,0.0000,0.0000,0
2026-05-05,15:15:11,81440,1,0.0000,0.0066,0.0906,2.6634,9.3086,0,12.5202,0,0,64.7691,4.7822,20.8992,7.2697,168.4434,0.000,0.000,1.000,0.0000,0.0000,0
2026-05-05,15:15:11,81475,1,0.0000,-0.1570,0.1095,3.2192,9.3092,0,12.5202,0,0,64.2903,-18.7073,21.0739,5.9694,169.7200,0.000,0.000,1.000,0.0000,0.0000,0
2026-05-05,15:15:11,81511,1,0.0000,-0.0982,0.1259,3.7016,9.3101,0,12.5202,0,0,62.8145,-41.6527,21.0176,1.1463,170.7938,0.048,0.000,1.000,0.0000,0.0000,0
2026-05-05,15:15:11,81546,1,0.0000,-0.2547,0.1601,4.7095,9.3115,0,12.5202,0,0,62.9156,20.8398,20.8997,-1.5947,171.5327,0.112,0.000,1.000,0.0000,0.0000,0
2026-05-05,15:15:11,81581,1,0.0000,0.0206,0.1626,4.7834,9.3124,0,12.5202,0,0,64.0318,26.3197,20.7464,-4.0883,172.3688,0.104,0.000,1.000,0.0000,0.0000,0
2026-05-05,15:15:11,81616,1,0.0000,0.1183,0.1471,4.3254,9.3120,0,12.5202,0,0,64.5463,17.4744,20.5534,-5.5257,173.1678,0.072,0.000,1.000,0.0000,0.0000,0
2026-05-05,15:15:11,81651,1,0.0000,0.2224,0.1140,3.3526,9.3105,0,12.5202,0,0,65.3095,24.3827,20.3322,-6.8843,173.3356,0.040,0.000,1.000,0.0000,0.0000,0
2026-05-05,15:15:11,81686,1,0.0000,0.0143,0.1076,3.1650,9.3095,0,12.5202,0,0,65.8801,14.8093,20.0539,-7.7458,159.8698,0.008,0.000,1.000,0.0000,0.0000,0
2026-05-05,15:15:11,81721,1,0.0000,-0.0648,0.1107,3.2562,9.3095,0,12.5202,0,0,65.9082,-2.3096,20.0281,-3.2097,156.4443,0.000,0.000,1.000,0.0000,0.0000,0
2026-05-05,15:15:11,81756,1,0.0000,-0.1578,0.1271,3.7370,9.3101,0,12.5202,0,0,65.7577,-6.8706,20.1486,1.3118,159.7997,0.000,0.000,1.000,0.0000,0.0000,0
2026-05-05,15:15:12,81792,1,0.0000,-0.0046,0.1269,3.7327,9.3105,0,12.5202,0,0,65.1936,-13.8843,20.1596,0.0794,162.2816,0.000,0.000,1.000,0.0000,0.0000,0
2026-05-05,15:15:12,81827,1,0.0000,0.0192,0.1250,3.6765,9.3104,0,12.5202,0,0,65.2371,5.8753,19.9977,-3.6262,163.9931,0.040,0.000,1.000,0.0000,0.0000,0
2026-05-05,15:15:12,81862,1,0.0000,0.0450,0.1180,3.4700,9.3101,0,12.5202,0,0,65.8507,17.2143,19.8227,-4.7112,151.7108,0.008,0.000,0.999,0.0000,0.0000,0
2026-05-05,15:15:12,81897,1,0.0000,-0.0055,0.1179,3.4669,9.3100,0,12.5202,0,0,65.8889,-1.0086,19.7145,-3.9396,129.6059,0.000,0.000,0.996,0.0000,0.0000,0
2026-05-05,15:15:12,81932,1,0.0000,-0.0015,0.1157,3.4026,9.3099,0,12.5202,0,0,65.7692,-0.1978,19.6427,-2.7266,136.2288,0.000,0.000,0.993,0.0000,0.0000,0
2026-05-05,15:15:12,81967,1,0.0000,-0.0188,0.1198,3.5249,9.3100,0,12.5202,0,0,65.9150,3.5458,19.6740,-0.3033,128.0942,0.000,0.000,0.990,0.0000,0.0000,0
2026-05-05,15:15:12,82002,1,0.0000,0.0058,0.1202,3.5367,9.3102,0,12.5202,0,0,65.7003,-5.5730,19.7489,1.3740,89.6494,0.000,0.000,0.986,0.0000,0.0000,0
2026-05-05,15:15:12,82037,1,0.0000,0.0156,0.1208,3.5528,9.3102,0,12.5202,0,0,65.6174,-0.0150,19.7708,0.3918,102.2233,0.000,0.000,0.983,0.0000,0.0000,0
2026-05-05,15:15:12,82072,1,0.0000,0.0052,0.1204,3.5425,9.3101,0,12.5202,0,0,65.9325,10.5229,19.7071,-1.3012,112.9642,0.000,0.000,0.980,0.0000,0.0000,0
2026-05-05,15:15:12,82107,1,0.0000,0.0053,0.1188,3.4949,9.3101,0,12.5202,0,0,66.1220,6.0594,19.6200,-2.0702,69.5547,0.000,0.000,0.977,0.0000,0.0000,0
2026-05-05,15:15:12,82142,1,0.0000,-0.0016,0.1207,3.5502,9.3102,0,12.5202,0,0,65.8252,-8.0348,19.5836,-1.5289,79.1583,0.000,0.000,0.974,0.0000,0.0000,0
2026-05-05,15:15:12,82177,1,0.0000,-0.0038,0.1224,3.5990,9.3102,0,12.5202,0,0,65.6821,-2.4677,19.4599,-3.2317,93.1802,0.000,0.000,0.970,0.0000,0.0000,0
2026-05-05,15:15:12,82212,1,0.0000,0.0627,0.1150,3.3824,9.3100,0,12.5202,0,0,65.8772,6.3268,19.2596,-5.2962,99.0441,0.000,0.000,0.967,0.0000,0.0000,0
2026-05-05,15:15:12,82247,1,0.0000,0.0898,0.1049,3.0867,9.3096,0,12.5202,0,0,66.2559,11.9248,19.1674,-3.3733,104.4339,0.000,0.000,0.964,0.0000,0.0000,0
2026-05-05,15:15:12,82282,1,0.0000,-0.0655,0.1138,3.3480,9.3096,0,12.5202,0,0,66.5544,8.6946,19.0976,-2.9505,115.1545,0.000,0.000,0.961,0.0000,0.0000,0
2026-05-05,15:15:12,82317,1,0.0000,-0.0646,0.1227,3.6084,9.3100,0,12.5202,0,0,65.8559,-23.2232,18.9245,-4.4985,124.5379,0.000,0.000,0.958,0.0000,0.0000,0
2026-05-05,15:15:12,82352,1,0.0000,-0.0045,0.1287,3.7848,9.3105,0,12.5202,0,0,65.1345,-8.8887,18.7028,-5.9118,132.1324,0.064,0.000,0.954,0.0000,0.0000,0
2026-05-05,15:15:12,82387,1,0.0000,0.0281,0.1269,3.7312,9.3105,0,12.5202,0,0,66.0205,25.6195,18.5499,-5.1588,138.6742,0.056,0.000,0.951,0.0000,0.0000,0
2026-05-05,15:15:12,82422,1,0.0000,0.0630,0.1172,3.4473,9.3101,0,12.5202,0,0,66.6268,15.2753,18.4076,-4.8764,111.6109,0.024,0.000,0.948,0.0000,0.0000,0
2026-05-05,15:15:12,82457,1,0.0000,-0.0016,0.1141,3.3556,9.3098,0,12.5202,0,0,66.9495,10.0958,18.2869,-4.1727,108.7788,0.000,0.000,0.945,0.0000,0.0000,0
2026-05-05,15:15:12,82492,1,0.0000,0.0068,0.1113,3.2730,9.3097,0,12.5202,0,0,67.2454,10.1209,18.1955,-3.4053,118.7421,0.000,0.000,0.942,0.0000,0.0000,0
2026-05-05,15:15:12,82527,1,0.0000,0.0046,0.1123,3.3033,9.3097,0,12.5202,0,0,67.3442,3.7032,18.1132,-2.8760,113.5141,0.000,0.000,0.938,0.0000,0.0000,0
2026-05-05,15:15:12,82562,1,0.0000,-0.0197,0.1143,3.3604,9.3098,0,12.5202,0,0,67.2691,-2.1304,18.0786,-1.5839,116.6257,0.000,0.000,0.935,0.0000,0.0000,0
2026-05-05,15:15:12,82597,1,0.0000,-0.0297,0.1191,3.5040,9.3101,0,12.5202,0,0,67.0456,-5.3235,18.0960,-0.2942,125.4486,0.000,0.000,0.932,0.0000,0.0000,0
2026-05-05,15:15:12,82632,1,0.0000,-0.0031,0.1195,3.5159,9.3101,0,12.5202,0,0,67.1138,4.2350,18.0440,-1.0389,126.5153,0.000,0.000,0.929,0.0000,0.0000,0
2026-05-05,15:15:12,82667,1,0.0000,0.1055,0.1054,3.1010,9.3096,0,12.5202,0,0,67.4183,12.3479,18.0640,-0.0486,133.8231,0.000,0.000,0.926,0.0000,0.0000,0
2026-05-05,15:15:12,82702,1,0.0000,0.0980,0.0910,2.6779,9.3088,0,12.5202,0,0,68.3154,27.4392,18.1277,1.4889,132.9973,0.000,0.000,0.922,0.0000,0.0000,0
2026-05-05,15:15:12,82737,1,0.0000,-0.0001,0.0917,2.6959,9.3086,0,12.5202,0,0,68.8912,12.0146,18.2962,3.7950,100.5342,0.000,0.000,0.928,0.0000,0.0000,0
2026-05-05,15:15:12,82772,1,0.0000,-0.0805,0.1025,3.0146,9.3090,0,12.5202,0,0,68.6083,-8.8440,18.4554,4.7484,111.9230,0.000,0.000,0.960,0.0000,0.0000,0
2026-05-05,15:15:13,82807,1,0.0000,0.0031,0.1049,3.0857,9.3093,0,12.5202,0,0,67.9151,-19.1810,18.5487,3.6337,121.1836,0.000,0.000,0.957,0.0000,0.0000,0
2026-05-05,15:15:13,82842,1,0.0000,0.0021,0.1048,3.0816,9.3093,0,12.5202,0,0,68.0252,9.1141,18.5499,1.3669,115.4347,0.040,0.000,0.954,0.0000,0.0000,0
2026-05-05,15:15:13,82877,1,0.0000,-0.0275,0.1085,3.1923,9.3094,0,12.5202,0,0,68.6268,14.3281,18.5739,1.0315,78.8036,0.008,0.000,0.950,0.0000,0.0000,0
2026-05-05,15:15:13,82912,1,0.0000,-0.0004,0.1071,3.1500,9.3095,0,12.5202,0,0,68.4881,-4.2231,18.5522,-0.3404,93.3061,0.000,0.000,0.947,0.0000,0.0000,0
2026-05-05,15:15:13,82947,1,0.0000,0.0233,0.1045,3.0731,9.3093,0,12.5202,0,0,68.5311,3.6042,18.4387,-2.5531,105.2151,0.000,0.000,0.944,0.0000,0.0000,0
2026-05-05,15:15:13,82982,1,0.0000,0.1271,0.0857,2.5206,9.3086,0,12.5202,0,0,69.3062,26.0473,18.3878,-1.7755,101.8391,0.000,0.000,0.941,0.0000,0.0000,0
2026-05-05,15:15:13,83017,1,0.0000,0.0187,0.0809,2.3798,9.3081,0,12.5202,0,0,70.1904,20.6874,18.4795,1.3847,67.2475,0.000,0.000,0.938,0.0000,0.0000,0
2026-05-05,15:15:13,83052,1,0.0000,-0.0379,0.0878,2.5817,9.3083,0,12.5202,0,0,69.8041,-14.1776,18.6558,4.1426,83.3130,0.000,0.000,0.934,0.0000,0.0000,0
2026-05-05,15:15:13,83087,1,0.0000,-0.0909,0.1034,3.0420,9.3090,0,12.5202,0,0,68.9397,-26.7275,18.7117,2.4457,96.7432,0.016,0.000,0.931,0.0000,0.0000,0
2026-05-05,15:15:13,83122,1,0.0000,-0.0743,0.1131,3.3254,9.3096,0,12.5202,0,0,67.9564,-23.7936,18.5310,-2.4096,107.8453,0.080,0.000,0.928,0.0000,0.0000,0
2026-05-05,15:15:13,83159,1,0.0000,-0.0106,0.1153,3.3917,9.3099,0,12.5202,0,0,68.3663,18.1428,18.2730,-4.7777,90.1873,0.144,0.000,0.925,0.0000,0.0000,0
2026-05-05,15:15:13,83194,1,0.0000,0.0229,0.1125,3.3093,9.3098,0,12.5202,0,0,68.6971,10.1432,18.1491,-3.4746,83.2130,0.112,0.000,0.922,0.0000,0.0000,0
2026-05-05,15:15:13,83229,1,0.0000,0.0558,0.1039,3.0565,9.3094,0,12.5202,0,0,69.1782,14.1360,18.1447,-0.7375,96.9970,0.080,0.000,0.918,0.0000,0.0000,0
2026-05-05,15:15:13,83270,1,0.0000,0.0281,0.0952,2.7986,9.3089,0,12.5202,0,0,69.6072,10.1660,18.1490,0.5832,102.9316,0.056,0.000,0.916,0.0000,0.0000,0
2026-05-05,15:15:13,83305,1,0.0000,-0.0200,0.0966,2.8425,9.3089,0,12.5202,0,0,69.5078,-2.6931,18.3114,3.8243,107.4754,0.024,0.000,0.913,0.0000,0.0000,0
2026-05-05,15:15:13,83340,1,0.0000,-0.0866,0.1063,3.1257,9.3092,0,12.5202,0,0,69.2912,-8.4526,18.4471,4.5170,116.8321,0.000,0.000,0.910,0.0000,0.0000,0
2026-05-05,15:15:13,83375,1,0.0000,0.0204,0.1058,3.1107,9.3094,0,12.5202,0,0,69.0442,-4.3010,18.4975,3.7034,124.8164,0.000,0.000,0.906,0.0000,0.0000,0
2026-05-05,15:15:13,83410,1,0.0000,0.0005,0.1063,3.1279,9.3094,0,12.5202,0,0,69.0776,3.0886,18.7206,7.0417,84.9494,0.000,0.000,0.903,0.0000,0.0000,0
2026-05-05,15:15:13,83445,1,0.0000,0.0185,0.1041,3.0606,9.3093,0,12.5202,0,0,69.1511,1.7450,19.0799,10.7959,45.1464,0.000,0.000,0.900,0.0000,0.0000,0
2026-05-05,15:15:13,83480,1,0.0000,0.0748,0.0956,2.8117,9.3090,0,12.5202,0,0,69.2995,4.6138,19.5383,13.4175,11.2064,0.000,0.000,0.897,0.0000,0.0000,0
2026-05-05,15:15:13,83515,1,0.0000,0.0837,0.0819,2.4091,9.3083,0,12.5202,0,0,69.7728,14.4729,20.0694,15.7615,35.9515,0.000,0.000,0.894,0.0000,0.0000,0
2026-05-05,15:15:13,83550,1,0.0000,0.0258,0.0742,2.1812,9.3077,0,12.5202,0,0,70.1994,8.9761,20.4929,13.9595,56.7262,0.000,0.000,0.890,0.0000,0.0000,0
2026-05-05,15:15:13,83585,1,0.0000,-0.0322,0.0777,2.2841,9.3078,0,12.5202,0,0,69.7935,-17.4329,20.6735,8.9006,74.1356,0.000,0.000,0.922,0.0000,0.0000,0
2026-05-05,15:15:13,83620,1,0.0000,-0.0227,0.0787,2.3151,9.3079,0,12.5202,0,0,69.1932,-20.3558,20.8412,7.4766,88.8260,0.032,0.000,0.954,0.0000,0.0000,0
2026-05-05,15:15:13,83655,1,0.0000,-0.0047,0.0790,2.3229,9.3080,0,12.5202,0,0,68.6640,-15.1369,20.9769,6.2375,101.1030,0.096,0.000,0.986,0.0000,0.0000,0
2026-05-05,15:15:13,83690,1,0.0000,0.0038,0.0794,2.3340,9.3080,0,12.5202,0,0,68.5502,-3.7396,21.2495,9.5092,58.6234,0.160,0.000,1.000,0.0000,0.0000,0
2026-05-05,15:15:13,83725,1,0.0000,0.0192,0.0776,2.2827,9.3079,0,12.5202,0,0,68.4008,-4.3237,21.6452,12.1432,22.5993,0.224,0.000,1.000,0.0000,0.0000,0
2026-05-05,15:15:13,83760,1,0.0000,0.0763,0.0679,1.9959,9.3076,0,12.5202,0,0,68.6679,9.2245,22.1653,15.3294,-7.7723,0.240,0.000,1.000,0.0000,0.0000,0
2026-05-05,15:15:14,83795,1,0.0000,0.0534,0.0612,1.7996,9.3071,0,12.5202,0,0,69.5395,25.0805,22.7737,17.6976,-33.4384,0.208,0.000,1.000,0.0000,0.0000,0
2026-05-05,15:15:14,83830,1,0.0000,0.0077,0.0581,1.7083,9.3069,0,12.5202,0,0,70.2386,13.6437,23.3032,16.4448,-34.2917,0.176,0.000,1.000,0.0000,0.0000,0
2026-05-05,15:15:14,83865,1,0.0000,0.0035,0.0586,1.7245,9.3069,0,12.5202,0,0,69.6490,-25.7745,23.6101,11.4837,-2.9885,0.144,0.000,1.000,0.0000,0.0000,0
2026-05-05,15:15:14,83900,1,0.0000,0.0774,0.0499,1.4672,9.3066,0,12.5202,0,0,68.9129,-18.6228,23.7406,7.1125,23.5996,0.184,0.000,1.000,0.0000,0.0000,0
2026-05-05,15:15:14,83935,1,0.0000,0.1198,0.0348,1.0241,9.3059,0,12.5202,0,0,69.5289,18.9203,23.9576,7.0655,18.8334,0.224,0.000,1.000,0.0000,0.0000,0
2026-05-05,15:15:14,83970,1,0.0000,0.0849,0.0248,0.7309,9.3052,0,12.5202,0,0,71.1321,43.8031,24.3930,11.2526,-10.5386,0.192,0.000,1.000,0.0000,0.0000,0
2026-05-05,15:15:14,84006,1,0.0000,0.0034,0.0247,0.7265,9.3051,0,12.5202,0,0,72.9826,35.9431,25.1336,18.0894,-1.6243,0.160,0.000,1.000,0.0000,0.0000,0
2026-05-05,15:15:14,84041,1,0.0000,-0.0565,0.0360,1.0578,9.3053,0,12.5202,0,0,71.5438,-74.2172,25.7406,17.2920,24.2773,0.128,0.000,1.000,0.0000,0.0000,0
2026-05-05,15:15:14,84076,1,0.0000,-0.0784,0.0441,1.2963,9.3059,0,12.5202,0,0,65.3221,-198.0759,25.5575,2.6464,45.8906,0.192,0.000,1.000,0.0000,0.0000,0
2026-05-05,15:15:14,84111,1,0.0000,-0.1138,0.0587,1.7265,9.3066,0,12.5202,0,0,58.0874,-194.7534,24.6176,-15.0043,64.0680,0.256,0.000,1.000,0.0000,0.0000,0
2026-05-05,15:15:14,84146,1,0.0000,-0.0434,0.0677,1.9917,9.3073,0,12.5202,0,0,56.7037,-8.4848,23.8994,-15.2444,34.4272,0.320,0.000,1.000,0.0000,0.0000,0
2026-05-05,15:15:14,84181,1,0.0000,-0.0047,0.0659,1.9370,9.3072,0,12.5202,0,0,60.7854,129.7439,24.2917,5.2836,11.6009,0.384,0.000,1.000,0.0000,0.0000,0
2026-05-05,15:15:14,84221,1,0.0000,0.0181,0.0619,1.8207,9.3071,0,12.5202,0,0,64.9726,97.9505,25.2288,13.8306,17.8856,0.360,0.000,1.000,0.0000,0.0000,0
2026-05-05,15:15:14,84257,1,0.0000,-0.0077,0.0635,1.8664,9.3071,0,12.5202,0,0,65.2212,-11.3928,25.9822,18.3833,41.3041,0.328,0.000,1.000,0.0000,0.0000,0
2026-05-05,15:15:14,84292,1,0.0000,0.0051,0.0626,1.8405,9.3071,0,12.5202,0,0,63.4489,-46.3813,26.4396,15.8682,61.5344,0.320,0.000,1.000,0.0000,0.0000,0
2026-05-05,15:15:14,84327,1,0.0000,0.0595,0.0547,1.6093,9.3068,0,12.5202,0,0,63.0886,-11.7606,26.9846,17.0240,72.0825,0.384,0.000,1.000,0.0000,0.0000,0
2026-05-05,15:15:14,84362,1,0.0000,0.0190,0.0537,1.5796,9.3067,0,12.5202,0,0,62.8687,-12.4188,27.4848,15.9507,87.9179,0.448,0.000,1.000,0.0000,0.0000,0
2026-05-05,15:15:14,84397,1,0.0000,-0.0147,0.0585,1.7212,9.3067,0,12.5202,0,0,61.9701,-28.9270,27.8279,12.3431,101.3544,0.512,0.000,1.000,0.0000,0.0000,0
2026-05-05,15:15:14,84432,1,0.0000,-0.0837,0.0693,2.0377,9.3072,0,12.5202,0,0,60.7453,-40.7008,28.0510,8.6084,112.3861,0.576,0.000,1.000,0.0000,0.0000,0
2026-05-05,15:15:14,84467,1,0.0000,-0.1132,0.0839,2.4684,9.3079,0,12.5202,0,0,58.8673,-50.7745,27.8121,-1.3500,121.6237,0.640,0.000,1.000,0.0000,0.0000,0
2026-05-05,15:15:14,84502,1,0.0000,-0.1217,0.1052,3.0935,9.3090,0,12.5202,0,0,58.7587,9.5740,27.6418,-2.0664,89.1368,0.704,0.000,1.000,0.0000,0.0000,0
2026-05-05,15:15:14,84537,1,0.0000,0.0094,0.1024,3.0129,9.3092,0,12.5202,0,0,59.6952,23.7823,28.0559,8.8234,56.3190,0.744,0.000,1.000,0.0000,0.0000,0
2026-05-05,15:15:14,84572,1,0.0000,0.0486,0.0957,2.8159,9.3091,0,12.5202,0,0,60.4124,20.5117,28.6617,15.1444,61.4962,0.712,0.000,1.000,0.0000,0.0000,0
2026-05-05,15:15:14,84607,1,0.0000,0.0414,0.0903,2.6547,9.3087,0,12.5202,0,0,60.9649,14.7126,29.2192,16.4021,79.0119,0.680,0.000,1.000,0.0000,0.0000,0
2026-05-05,15:15:14,84642,1,0.0000,0.0397,0.0869,2.5552,9.3085,0,12.5202,0,0,61.0086,-0.0929,29.6855,15.1232,93.8279,0.648,0.000,1.000,0.0000,0.0000,0
2026-05-05,15:15:14,84677,1,0.0000,0.0088,0.0841,2.4746,9.3083,0,12.5202,0,0,60.8526,-3.8773,29.9940,11.2799,106.3835,0.616,0.000,1.000,0.0000,0.0000,0
2026-05-05,15:15:14,84712,1,0.0000,-0.1049,0.0983,2.8920,9.3087,0,12.5202,0,0,60.5152,-13.4345,30.0819,5.6511,117.0569,0.584,0.000,1.000,0.0000,0.0000,0
2026-05-05,15:15:14,84747,1,0.0000,-0.1076,0.1150,3.3824,9.3096,0,12.5202,0,0,59.5767,-24.8128,30.0512,1.8390,126.1931,0.624,0.000,1.000,0.0000,0.0000,0
2026-05-05,15:15:15,84782,1,0.0000,0.0070,0.1130,3.3250,9.3097,0,12.5202,0,0,59.5625,5.0680,30.1054,2.0975,120.9224,0.688,0.000,1.000,0.0000,0.0000,0
2026-05-05,15:15:15,84817,1,0.0000,0.0353,0.1092,3.2117,9.3096,0,12.5202,0,0,60.1153,16.6135,30.1479,1.4231,122.5249,0.680,0.000,1.000,0.0000,0.0000,0
2026-05-05,15:15:15,84852,1,0.0000,0.1532,0.0888,2.6131,9.3089,0,12.5202,0,0,60.8770,25.4012,30.1505,0.4108,84.6460,0.648,0.000,1.000,0.0000,0.0000,0
2026-05-05,15:15:15,84887,1,0.0000,0.1401,0.0701,2.0607,9.3078,0,12.5202,0,0,61.8997,28.8373,30.2339,1.5822,85.9917,0.616,0.000,1.000,0.0000,0.0000,0
2026-05-05,15:15:15,84923,1,0.0000,0.0760,0.0628,1.8458,9.3073,0,12.5202,0,0,62.4404,13.4807,30.2773,0.7826,85.8203,0.584,0.000,1.000,0.0000,0.0000,0
2026-05-05,15:15:15,84958,1,0.0000,-0.0042,0.0637,1.8747,9.3071,0,12.5202,0,0,62.4401,-4.7746,30.1912,-2.0763,93.3935,0.552,0.000,1.000,0.0000,0.0000,0
2026-05-05,15:15:15,84993,1,0.0000,-0.0238,0.0647,1.9022,9.3071,0,12.5202,0,0,61.5404,-29.0262,29.8648,-7.6287,105.8611,0.520,0.000,1.000,0.0000,0.0000,0
2026-05-05,15:15:15,85029,1,0.0000,-0.0684,0.0741,2.1807,9.3075,0,12.5202,0,0,59.8518,-50.1795,29.4734,-10.0818,116.5820,0.584,0.000,1.000,0.0000,0.0000,0
2026-05-05,15:15:15,85064,1,0.0000,-0.1044,0.0882,2.5934,9.3082,0,12.5202,0,0,58.3272,-34.8534,29.1142,-10.2721,118.8222,0.648,0.000,1.000,0.0000,0.0000,0
2026-05-05,15:15:15,85099,1,0.0000,-0.0397,0.0966,2.8401,9.3088,0,12.5202,0,0,58.7955,26.5229,28.9154,-6.8185,86.9981,0.712,0.000,1.000,0.0000,0.0000,0
2026-05-05,15:15:15,85134,1,0.0000,0.0041,0.0948,2.7882,9.3088,0,12.5202,0,0,59.3822,21.4208,28.9596,-4.1625,71.3890,0.712,0.000,1.000,0.0000,0.0000,0
2026-05-05,15:15:15,85169,1,0.0000,0.0162,0.0943,2.7737,9.3088,0,12.5202,0,0,60.1921,23.5424,29.1213,1.8136,68.2831,0.680,0.000,1.000,0.0000,0.0000,0
2026-05-05,15:15:15,85204,1,0.0000,0.0460,0.0906,2.6658,9.3086,0,12.5202,0,0,60.8611,21.4879,29.3162,4.4643,84.7986,0.648,0.000,1.000,0.0000,0.0000,0
2026-05-05,15:15:15,85240,1,0.0000,0.1333,0.0713,2.0958,9.3079,0,12.5202,0,0,61.7013,25.3540,29.4954,4.6740,98.8086,0.616,0.000,1.000,0.0000,0.0000,0
2026-05-05,15:15:15,85275,1,0.0000,0.0726,0.0621,1.8273,9.3072,0,12.5202,0,0,62.6737,28.2617,29.5870,3.0096,84.0344,0.584,0.000,1.000,0.0000,0.0000,0
2026-05-05,15:15:15,85310,1,0.0000,0.0938,0.0517,1.5214,9.3067,0,12.5202,0,0,63.7362,30.1070,29.5989,0.9029,91.4780,0.552,0.000,1.000,0.0000,0.0000,0
2026-05-05,15:15:15,85345,1,0.0000,0.0245,0.0468,1.3754,9.3063,0,12.5202,0,0,64.5969,18.2294,29.6860,1.4506,104.4368,0.520,0.000,1.000,0.0000,0.0000,0
2026-05-05,15:15:15,85380,1,0.0000,0.0005,0.0486,1.4295,9.3063,0,12.5202,0,0,63.9424,-29.7370,29.6911,0.1403,115.3442,0.488,0.000,1.000,0.0000,0.0000,0
2026-05-05,15:15:15,85415,1,0.0000,-0.0144,0.0499,1.4686,9.3064,0,12.5202,0,0,62.6291,-39.0231,29.5541,-2.8192,124.7507,0.528,0.000,1.000,0.0000,0.0000,0
2026-05-05,15:15:15,85450,1,0.0000,-0.0252,0.0537,1.5789,9.3065,0,12.5202,0,0,61.1799,-47.3386,29.6228,0.5906,92.6815,0.592,0.000,1.000,0.0000,0.0000,0
2026-05-05,15:15:15,85485,1,0.0000,-0.0708,0.0621,1.8275,9.3069,0,12.5202,0,0,58.9763,-65.3200,30.0781,7.9042,53.8063,0.656,0.000,1.000,0.0000,0.0000,0
2026-05-05,15:15:15,85520,1,0.0000,-0.0463,0.0714,2.1003,9.3074,0,12.5202,0,0,57.1172,-44.5975,30.4844,9.0368,21.1177,0.720,0.000,1.000,0.0000,0.0000,0
2026-05-05,15:15:15,85555,1,0.0000,0.0351,0.0665,1.9554,9.3074,0,12.5202,0,0,58.0107,37.1335,30.7994,6.4558,44.7360,0.784,0.000,1.000,0.0000,0.0000,0
2026-05-05,15:15:15,85590,1,0.0000,0.0161,0.0583,1.7160,9.3069,0,12.5202,0,0,60.2850,65.7655,30.2613,-11.3392,62.8329,0.776,0.000,1.000,0.0000,0.0000,0
2026-05-05,15:15:15,85625,1,0.0000,-0.0989,0.0708,2.0835,9.3072,0,12.5202,0,0,60.7816,5.9745,29.2971,-23.0024,52.8863,0.744,0.000,1.000,0.0000,0.0000,0
2026-05-05,15:15:15,85660,1,0.0000,-0.0548,0.0790,2.3235,9.3078,0,12.5202,0,0,59.7558,-27.2894,28.5027,-23.7933,18.6575,0.712,0.000,1.000,0.0000,0.0000,0
2026-05-05,15:15:15,85695,1,0.0000,0.0042,0.0785,2.3091,9.3079,0,12.5202,0,0,59.3607,-4.0333,28.2282,-14.2845,36.8269,0.752,0.000,1.000,0.0000,0.0000,0
2026-05-05,15:15:15,85730,1,0.0000,0.0342,0.0735,2.1620,9.3078,0,12.5202,0,0,60.4123,32.7327,27.9932,-11.6312,57.4998,0.720,0.000,1.000,0.0000,0.0000,0
2026-05-05,15:15:15,85765,1,0.0000,0.0118,0.0697,2.0490,9.3075,0,12.5202,0,0,61.4575,29.1174,27.3971,-16.2996,41.1778,0.688,0.000,1.000,0.0000,0.0000,0
2026-05-05,15:15:16,85800,1,0.0000,0.0344,0.0684,2.0103,9.3074,0,12.5202,0,0,62.3014,23.5605,26.9750,-14.4372,55.0029,0.656,0.000,1.000,0.0000,0.0000,0
2026-05-05,15:15:16,85835,1,0.0000,0.0222,0.0652,1.9188,9.3072,0,12.5202,0,0,62.9654,16.6676,26.6707,-11.6393,72.8022,0.624,0.000,1.000,0.0000,0.0000,0
2026-05-05,15:15:16,85870,1,0.0000,0.0166,0.0618,1.8187,9.3071,0,12.5202,0,0,62.9868,-4.2643,26.3693,-10.2925,67.5546,0.592,0.000,1.000,0.0000,0.0000,0
2026-05-05,15:15:16,85905,1,0.0000,0.0190,0.0607,1.7861,9.3070,0,12.5202,0,0,62.5275,-13.6888,26.2138,-6.5746,64.9933,0.560,0.000,1.000,0.0000,0.0000,0
2026-05-05,15:15:16,85940,1,0.0000,-0.0011,0.0600,1.7655,9.3070,0,12.5202,0,0,62.1467,-10.8039,26.1533,-3.7401,81.3275,0.552,0.000,1.000,0.0000,0.0000,0
2026-05-05,15:15:16,85975,1,0.0000,-0.0004,0.0626,1.8398,9.3070,0,12.5202,0,0,61.8379,-11.2158,26.1131,-2.0569,95.3250,0.616,0.000,1.000,0.0000,0.0000,0
2026-05-05,15:15:16,86010,1,0.0000,-0.0996,0.0751,2.2093,9.3075,0,12.5202,0,0,60.7227,-39.2995,26.0004,-2.9956,100.6184,0.680,0.000,1.000,0.0000,0.0000,0
2026-05-05,15:15:16,86049,1,0.0000,-0.1947,0.1015,2.9852,9.3087,0,12.5202,0,0,58.4748,-48.5952,25.8426,-3.0101,106.9529,0.728,0.000,1.000,0.0000,0.0000,0
2026-05-05,15:15:16,86084,1,0.0000,-0.0537,0.1143,3.3626,9.3097,0,12.5202,0,0,58.8989,31.1870,26.0780,4.3383,98.4655,0.792,0.000,1.000,0.0000,0.0000,0
2026-05-05,15:15:16,86119,1,0.0000,-0.0060,0.1126,3.3108,9.3097,0,12.5202,0,0,59.9791,28.5150,26.3083,4.8176,109.2576,0.784,0.000,1.000,0.0000,0.0000,0
2026-05-05,15:15:16,86155,1,0.0000,0.0694,0.1058,3.1125,9.3095,0,12.5202,0,0,60.7599,25.7437,26.1722,-1.1707,118.9663,0.752,0.000,1.000,0.0000,0.0000,0
2026-05-05,15:15:16,86190,1,0.0000,0.0814,0.0931,2.7394,9.3089,0,12.5202,0,0,61.7311,27.3131,26.1301,-1.3438,127.8429,0.720,0.000,1.000,0.0000,0.0000,0
2026-05-05,15:15:16,86225,1,0.0000,0.0247,0.0923,2.7158,9.3087,0,12.5202,0,0,62.0437,8.8629,26.1184,-0.6229,135.2755,0.688,0.000,1.000,0.0000,0.0000,0
2026-05-05,15:15:16,86261,1,0.0000,0.0020,0.0911,2.6788,9.3086,0,12.5202,0,0,61.8500,-4.2935,26.1694,0.8779,141.1673,0.656,0.000,1.000,0.0000,0.0000,0
2026-05-05,15:15:16,86296,1,0.0000,-0.0100,0.0930,2.7349,9.3087,0,12.5202,0,0,61.8170,0.6478,26.1449,-0.2580,146.2780,0.624,0.000,1.000,0.0000,0.0000,0
2026-05-05,15:15:16,86331,1,0.0000,-0.0213,0.0942,2.7697,9.3087,0,12.5202,0,0,61.7996,-2.0378,26.0958,-0.9010,150.9380,0.592,0.000,1.000,0.0000,0.0000,0
2026-05-05,15:15:16,86367,1,0.0000,-0.0701,0.1028,3.0249,9.3090,0,12.5202,0,0,61.4185,-11.1904,26.0146,-2.0285,154.6383,0.560,0.000,0.998,0.0000,0.0000,0
2026-05-05,15:15:16,86402,1,0.0000,-0.0469,0.1113,3.2730,9.3096,0,12.5202,0,0,61.1655,-1.2343,25.8157,-4.7391,157.6322,0.600,0.000,0.994,0.0000,0.0000,0
2026-05-05,15:15:16,86437,1,0.0000,0.0113,0.1097,3.2252,9.3096,0,12.5202,0,0,61.4799,7.6087,25.6065,-5.6605,160.1418,0.568,0.000,0.991,0.0000,0.0000,0
2026-05-05,15:15:16,86473,1,0.0000,0.0232,0.1084,3.1879,9.3095,0,12.5202,0,0,61.7890,11.6737,25.4280,-5.4422,162.4053,0.536,0.000,0.988,0.0000,0.0000,0
2026-05-05,15:15:16,86508,1,0.0000,0.0345,0.1077,3.1680,9.3095,0,12.5202,0,0,62.2049,12.2260,25.3186,-3.5883,164.6376,0.504,0.000,0.985,0.0000,0.0000,0
2026-05-05,15:15:16,86543,1,0.0000,0.0589,0.0999,2.9375,9.3092,0,12.5202,0,0,62.3431,4.9327,25.2742,-2.2810,166.4642,0.472,0.000,0.982,0.0000,0.0000,0
2026-05-05,15:15:16,86578,1,0.0000,0.1304,0.0789,2.3217,9.3083,0,12.5202,0,0,62.8544,17.6191,25.2257,-1.6893,167.8934,0.440,0.000,0.978,0.0000,0.0000,0
2026-05-05,15:15:16,86613,1,0.0000,-0.0038,0.0715,2.1027,9.3075,0,12.5202,0,0,63.5831,16.0871,25.1262,-3.2547,169.1706,0.408,0.000,1.000,0.0000,0.0000,0
2026-05-05,15:15:16,86648,1,0.0000,-0.1436,0.0914,2.6890,9.3082,0,12.5202,0,0,62.8257,-23.5342,24.7441,-8.8244,130.3453,0.376,0.000,1.000,0.0000,0.0000,0
2026-05-05,15:15:16,86683,1,0.0000,-0.1319,0.1169,3.4396,9.3096,0,12.5202,0,0,61.6058,-30.2595,24.3861,-9.4738,85.9875,0.416,0.000,1.000,0.0000,0.0000,0
2026-05-05,15:15:16,86718,1,0.0000,0.0105,0.1137,3.3455,9.3098,0,12.5202,0,0,61.9419,21.4397,24.3092,-4.0263,73.6419,0.480,0.000,1.000,0.0000,0.0000,0
2026-05-05,15:15:16,86753,1,0.0000,0.0645,0.1057,3.1100,9.3096,0,12.5202,0,0,62.7756,24.2615,24.3363,-1.4815,87.2048,0.448,0.000,1.000,0.0000,0.0000,0
2026-05-05,15:15:17,86788,1,0.0000,0.0958,0.0928,2.7294,9.3089,0,12.5202,0,0,63.5930,23.1346,24.3306,-0.4824,79.4374,0.416,0.000,1.000,0.0000,0.0000,0
2026-05-05,15:15:17,86823,1,0.0000,0.0589,0.0840,2.4709,9.3083,0,12.5202,0,0,64.1476,16.0717,24.3101,-0.5505,41.3940,0.384,0.000,1.000,0.0000,0.0000,0
2026-05-05,15:15:17,86858,1,0.0000,0.0063,0.0844,2.4825,9.3082,0,12.5202,0,0,64.5499,9.9368,24.2388,-1.6253,29.4752,0.352,0.000,1.000,0.0000,0.0000,0
2026-05-05,15:15:17,86893,1,0.0000,0.0007,0.0844,2.4811,9.3082,0,12.5202,0,0,64.3485,-7.1696,24.1534,-1.5819,50.8043,0.320,0.000,1.000,0.0000,0.0000,0
2026-05-05,15:15:17,86928,1,0.0000,-0.0045,0.0840,2.4706,9.3082,0,12.5202,0,0,64.1460,-3.3668,24.3023,2.7677,69.3418,0.288,0.000,1.000,0.0000,0.0000,0
2026-05-05,15:15:17,86967,1,0.0000,-0.0259,0.0887,2.6077,9.3083,0,12.5202,0,0,64.1502,0.5901,24.3296,2.4047,56.8868,0.264,0.000,1.000,0.0000,0.0000,0
2026-05-05,15:15:17,87002,1,0.0000,0.0021,0.0863,2.5386,9.3083,0,12.5202,0,0,64.1964,-0.4077,24.4281,2.9305,42.8620,0.232,0.000,1.000,0.0000,0.0000,0
2026-05-05,15:15:17,87037,1,0.0000,0.0053,0.0857,2.5202,9.3083,0,12.5202,0,0,64.0824,-4.0030,24.5085,2.6047,62.4618,0.200,0.000,0.997,0.0000,0.0000,0
2026-05-05,15:15:17,87072,1,0.0000,0.0369,0.0800,2.3520,9.3081,0,12.5202,0,0,64.1899,3.9612,24.5528,1.8060,79.4793,0.168,0.000,0.994,0.0000,0.0000,0
2026-05-05,15:15:17,87107,1,0.0000,0.0648,0.0714,2.0991,9.3077,0,12.5202,0,0,64.4530,9.4266,24.5530,0.3721,47.5639,0.136,0.000,0.990,0.0000,0.0000,0
2026-05-05,15:15:17,87142,1,0.0000,0.0527,0.0600,1.7633,9.3071,0,12.5202,0,0,65.2784,25.3427,24.4332,-2.3476,14.9047,0.104,0.000,0.987,0.0000,0.0000,0
2026-05-05,15:15:17,87177,1,0.0000,-0.0086,0.0627,1.8433,9.3070,0,12.5202,0,0,65.9299,14.2845,24.4928,0.3144,-6.4943,0.072,0.000,1.000,0.0000,0.0000,0
2026-05-05,15:15:17,87212,1,0.0000,0.0078,0.0613,1.8035,9.3070,0,12.5202,0,0,65.5479,-15.0850,24.5273,0.3691,-25.8970,0.040,0.000,1.000,0.0000,0.0000,0
2026-05-05,15:15:17,87247,1,0.0000,0.0171,0.0546,1.6063,9.3069,0,12.5202,0,0,64.9357,-23.9200,24.4451,-1.9905,-48.0618,0.032,0.000,1.000,0.0000,0.0000,0
2026-05-05,15:15:17,87283,1,0.0000,-0.0043,0.0590,1.7360,9.3069,0,12.5202,0,0,64.1097,-29.7906,24.6299,4.0300,-34.0760,0.096,0.000,1.000,0.0000,0.0000,0
2026-05-05,15:15:17,87318,1,0.0000,-0.0472,0.0678,1.9931,9.3072,0,12.5202,0,0,62.5430,-49.5830,24.9619,6.8453,-5.5552,0.160,0.000,1.000,0.0000,0.0000,0
2026-05-05,15:15:17,87353,1,0.0000,-0.0371,0.0736,2.1635,9.3075,0,12.5202,0,0,60.7816,-40.4692,24.7440,-2.1371,17.6450,0.224,0.000,1.000,0.0000,0.0000,0
2026-05-05,15:15:17,87389,1,0.0000,0.0029,0.0719,2.1140,9.3076,0,12.5202,0,0,61.4435,31.8841,24.5436,-3.4022,39.1887,0.288,0.000,1.000,0.0000,0.0000,0
2026-05-05,15:15:17,87424,1,0.0000,-0.0098,0.0728,2.1399,9.3076,0,12.5202,0,0,62.6157,31.5933,24.4782,-2.0533,7.6553,0.280,0.000,1.000,0.0000,0.0000,0
2026-05-05,15:15:17,87459,1,0.0000,0.0128,0.0715,2.1026,9.3075,0,12.5202,0,0,63.2006,15.2840,24.5594,1.1979,-18.6401,0.248,0.000,0.998,0.0000,0.0000,0
2026-05-05,15:15:17,87495,1,0.0000,0.0069,0.0686,2.0186,9.3074,0,12.5202,0,0,63.6914,12.9064,24.8323,5.5130,-14.8916,0.216,0.000,0.995,0.0000,0.0000,0
2026-05-05,15:15:17,87530,1,0.0000,0.0352,0.0649,1.9101,9.3072,0,12.5202,0,0,64.1164,13.0822,25.0223,5.4434,12.4744,0.184,0.000,0.992,0.0000,0.0000,0
2026-05-05,15:15:17,87565,1,0.0000,0.0207,0.0601,1.7672,9.3070,0,12.5202,0,0,64.7156,16.7926,25.1634,4.4930,35.6456,0.152,0.000,0.989,0.0000,0.0000,0
2026-05-05,15:15:17,87600,1,0.0000,0.0371,0.0553,1.6252,9.3067,0,12.5202,0,0,65.3000,15.2297,25.1793,1.4155,56.5478,0.120,0.000,0.986,0.0000,0.0000,0
2026-05-05,15:15:17,87635,1,0.0000,0.0604,0.0459,1.3513,9.3063,0,12.5202,0,0,65.8228,3.8923,25.2770,2.3746,21.1804,0.088,0.000,1.000,0.0000,0.0000,0
2026-05-05,15:15:17,87670,1,0.0000,0.0019,0.0455,1.3368,9.3061,0,12.5202,0,0,66.4553,5.3853,25.4941,4.9850,31.6283,0.056,0.000,1.000,0.0000,0.0000,0
2026-05-05,15:15:17,87705,1,0.0000,0.0117,0.0430,1.2662,9.3061,0,12.5202,0,0,65.6925,-31.6877,25.7112,5.9315,52.5752,0.024,0.000,1.000,0.0000,0.0000,0
2026-05-05,15:15:17,87740,1,0.0000,-0.0141,0.0466,1.3696,9.3061,0,12.5202,0,0,64.3384,-42.5306,25.9351,6.6344,70.3466,0.088,0.000,1.000,0.0000,0.0000,0
2026-05-05,15:15:17,87775,1,0.0000,-0.0045,0.0472,1.3873,9.3061,0,12.5202,0,0,62.8562,-48.2164,26.0210,4.0080,86.0623,0.152,0.000,1.000,0.0000,0.0000,0
2026-05-05,15:15:18,87810,1,0.0000,-0.0545,0.0541,1.5915,9.3064,0,12.5202,0,0,60.6125,-68.7034,25.9396,-0.1823,99.5809,0.216,0.000,1.000,0.0000,0.0000,0
2026-05-05,15:15:18,87845,1,0.0000,-0.0765,0.0654,1.9240,9.3070,0,12.5202,0,0,58.0436,-71.4166,25.7768,-2.7275,110.8809,0.280,0.000,1.000,0.0000,0.0000,0
2026-05-05,15:15:18,87880,1,0.0000,-0.0231,0.0696,2.0460,9.3073,0,12.5202,0,0,57.0422,-11.1412,25.5849,-3.7937,120.5921,0.344,0.000,1.000,0.0000,0.0000,0
2026-05-05,15:15:18,87919,1,0.0000,-0.0127,0.0728,2.1397,9.3075,0,12.5202,0,0,57.5925,23.4226,25.5987,-0.8311,125.0806,0.392,0.000,1.000,0.0000,0.0000,0
2026-05-05,15:15:18,87955,1,0.0000,-0.0113,0.0734,2.1586,9.3076,0,12.5202,0,0,58.9477,35.0253,25.7693,2.6485,132.7384,0.408,0.000,1.000,0.0000,0.0000,0
2026-05-05,15:15:18,87990,1,0.0000,0.0051,0.0731,2.1493,9.3076,0,12.5202,0,0,59.7004,24.5664,25.7909,1.1388,139.2102,0.376,0.000,1.000,0.0000,0.0000,0
2026-05-05,15:15:18,88025,1,0.0000,0.0212,0.0711,2.0920,9.3075,0,12.5202,0,0,60.6081,30.4943,25.7865,0.4405,144.8307,0.344,0.000,1.000,0.0000,0.0000,0
2026-05-05,15:15:18,88060,1,0.0000,-0.0059,0.0706,2.0751,9.3075,0,12.5202,0,0,61.4726,24.4876,25.7446,-0.9148,149.5196,0.312,0.000,1.000,0.0000,0.0000,0
2026-05-05,15:15:18,88095,1,0.0000,0.0032,0.0708,2.0832,9.3075,0,12.5202,0,0,61.8702,11.1502,25.6543,-2.2972,153.2651,0.280,0.000,1.000,0.0000,0.0000,0
2026-05-05,15:15:18,88130,1,0.0000,-0.0021,0.0708,2.0836,9.3075,0,12.5202,0,0,62.0607,8.1048,25.5266,-3.3283,156.5883,0.248,0.000,1.000,0.0000,0.0000,0
2026-05-05,15:15:18,88165,1,0.0000,0.0038,0.0702,2.0650,9.3075,0,12.5202,0,0,62.4850,13.0389,25.4488,-2.6289,159.7176,0.216,0.000,1.000,0.0000,0.0000,0
2026-05-05,15:15:18,88200,1,0.0000,-0.0182,0.0724,2.1296,9.3075,0,12.5202,0,0,62.8037,8.8363,25.3638,-2.6573,162.1842,0.184,0.000,1.000,0.0000,0.0000,0
2026-05-05,15:15:18,88235,1,0.0000,-0.0686,0.0792,2.3299,9.3078,0,12.5202,0,0,62.4108,-12.9172,25.2831,-2.4699,163.8740,0.152,0.000,1.000,0.0000,0.0000,0
2026-05-05,15:15:18,88270,1,0.0000,-0.1762,0.1069,3.1450,9.3089,0,12.5202,0,0,61.3772,-25.6425,25.1236,-3.6776,165.3066,0.168,0.000,1.000,0.0000,0.0000,0
2026-05-05,15:15:18,88305,1,0.0000,-0.0137,0.1090,3.2069,9.3095,0,12.5202,0,0,61.6094,19.8810,24.9353,-4.0882,166.8151,0.208,0.000,1.000,0.0000,0.0000,0
2026-05-05,15:15:18,88340,1,0.0000,0.0087,0.1047,3.0792,9.3094,0,12.5202,0,0,62.6086,26.0194,24.9700,0.0340,154.7697,0.176,0.000,1.000,0.0000,0.0000,0
2026-05-05,15:15:18,88375,1,0.0000,0.1741,0.0826,2.4285,9.3086,0,12.5202,0,0,63.6226,33.3655,25.1413,4.0666,104.6054,0.144,0.000,1.000,0.0000,0.0000,0
2026-05-05,15:15:18,88411,1,0.0000,0.0565,0.0713,2.0966,9.3076,0,12.5202,0,0,64.8026,31.3863,25.4309,6.9479,96.2946,0.112,0.000,1.000,0.0000,0.0000,0
2026-05-05,15:15:18,88446,1,0.0000,-0.0773,0.0773,2.2748,9.3078,0,12.5202,0,0,64.7404,-3.9014,25.4709,3.0131,107.8783,0.080,0.000,1.000,0.0000,0.0000,0
2026-05-05,15:15:18,88481,1,0.0000,-0.1675,0.1064,3.1285,9.3090,0,12.5202,0,0,63.2358,-44.7613,25.2405,-3.6228,117.4618,0.072,0.000,1.000,0.0000,0.0000,0
2026-05-05,15:15:18,88517,1,0.0000,-0.0867,0.1201,3.5335,9.3099,0,12.5202,0,0,61.8935,-21.2021,24.7619,-9.4635,105.1871,0.136,0.000,1.000,0.0000,0.0000,0
2026-05-05,15:15:18,88552,1,0.0000,-0.0444,0.1261,3.7092,9.3103,0,12.5202,0,0,63.7952,58.1861,24.5615,-6.6531,65.0602,0.152,0.000,1.000,0.0000,0.0000,0
2026-05-05,15:15:18,88587,1,0.0000,-0.0042,0.1247,3.6680,9.3104,0,12.5202,0,0,64.6737,26.5256,24.4911,-3.5986,56.1763,0.120,0.000,1.000,0.0000,0.0000,0
2026-05-05,15:15:18,88623,1,0.0000,0.1172,0.1100,3.2343,9.3099,0,12.5202,0,0,65.2037,19.0640,24.4796,-1.4899,73.8391,0.088,0.000,1.000,0.0000,0.0000,0
2026-05-05,15:15:18,88658,1,0.0000,0.0841,0.0983,2.8906,9.3092,0,12.5202,0,0,66.1756,31.8445,24.4593,-1.0545,55.0948,0.056,0.000,1.000,0.0000,0.0000,0
2026-05-05,15:15:18,88693,1,0.0000,-0.0005,0.0996,2.9284,9.3090,0,12.5202,0,0,67.1745,30.2141,24.4418,-0.1660,27.5233,0.024,0.000,1.000,0.0000,0.0000,0
2026-05-05,15:15:18,88729,1,0.0000,0.0109,0.0969,2.8495,9.3089,0,12.5202,0,0,67.2975,3.2713,24.5795,2.8156,49.3201,0.000,0.000,1.000,0.0000,0.0000,0
2026-05-05,15:15:18,88764,1,0.0000,0.0053,0.0984,2.8940,9.3090,0,12.5202,0,0,67.2732,0.4444,24.7062,3.6162,68.2227,0.000,0.000,1.000,0.0000,0.0000,0
2026-05-05,15:15:19,88799,1,0.0000,-0.0811,0.1109,3.2612,9.3094,0,12.5202,0,0,67.0086,-6.2198,24.6190,-0.2998,77.8810,0.000,0.000,1.000,0.0000,0.0000,0
2026-05-05,15:15:19,88837,1,0.0000,-0.0466,0.1145,3.3669,9.3097,0,12.5202,0,0,66.8542,4.8911,24.4856,-0.7227,85.0332,0.000,0.000,1.000,0.0000,0.0000,0
2026-05-05,15:15:19,88873,1,0.0000,0.0081,0.1166,3.4293,9.3100,0,12.5202,0,0,67.4037,19.6292,24.4101,-1.4165,52.1751,0.000,0.000,1.000,0.0000,0.0000,0
2026-05-05,15:15:19,88908,1,0.0000,0.0221,0.1135,3.3391,9.3099,0,12.5202,0,0,67.8445,11.3762,24.2960,-2.3891,18.7941,0.000,0.000,1.000,0.0000,0.0000,0
2026-05-05,15:15:19,88944,1,0.0000,0.0343,0.1102,3.2416,9.3097,0,12.5202,0,0,68.1896,13.1658,24.1617,-3.0864,-9.1333,0.000,0.000,1.000,0.0000,0.0000,0
2026-05-05,15:15:19,88979,1,0.0000,0.0003,0.1127,3.3150,9.3097,0,12.5202,0,0,68.6150,13.1298,24.2534,1.2441,-13.7076,0.000,0.000,1.000,0.0000,0.0000,0
2026-05-05,15:15:19,89014,1,0.0000,-0.0358,0.1213,3.5676,9.3101,0,12.5202,0,0,68.9047,10.9550,24.3721,2.7841,12.4931,0.000,0.000,1.000,0.0000,0.0000,0
2026-05-05,15:15:19,89049,1,0.0000,-0.0105,0.1206,3.5482,9.3101,0,12.5202,0,0,69.1048,8.4938,24.4143,1.9462,35.8327,0.000,0.000,1.000,0.0000,0.0000,0
2026-05-05,15:15:19,89084,1,0.0000,0.0126,0.1188,3.4941,9.3101,0,12.5202,0,0,69.5124,12.8005,24.4194,1.0197,4.9013,0.000,0.000,1.000,0.0000,0.0000,0
2026-05-05,15:15:19,89119,1,0.0000,-0.0251,0.1196,3.5189,9.3100,0,12.5202,0,0,69.5210,2.8039,24.5270,2.9059,-21.0085,0.000,0.000,1.000,0.0000,0.0000,0
2026-05-05,15:15:19,89154,1,0.0000,0.0226,0.1132,3.3288,9.3099,0,12.5202,0,0,69.7037,6.3910,24.6381,2.6800,-16.9577,0.000,0.000,1.000,0.0000,0.0000,0
2026-05-05,15:15:19,89189,1,0.0000,0.0030,0.1144,3.3656,9.3098,0,12.5202,0,0,69.5751,-0.1333,24.5703,-0.4615,11.4427,0.000,0.000,0.998,0.0000,0.0000,0
2026-05-05,15:15:19,89224,1,0.0000,-0.0513,0.1218,3.5824,9.3100,0,12.5202,0,0,69.6012,3.3649,24.3802,-3.8380,28.9919,0.000,0.000,0.995,0.0000,0.0000,0
2026-05-05,15:15:19,89259,1,0.0000,-0.0121,0.1218,3.5816,9.3102,0,12.5202,0,0,70.0371,13.7044,24.2523,-3.6821,48.4507,0.000,0.000,0.992,0.0000,0.0000,0
2026-05-05,15:15:19,89294,1,0.0000,0.0601,0.1139,3.3499,9.3099,0,12.5202,0,0,70.7396,17.7132,24.0799,-4.5868,23.1367,0.000,0.000,0.989,0.0000,0.0000,0
2026-05-05,15:15:19,89329,1,0.0000,0.0068,0.1108,3.2585,9.3097,0,12.5202,0,0,70.3360,-14.9072,23.9078,-4.3693,-1.4024,0.000,0.000,0.986,0.0000,0.0000,0
2026-05-05,15:15:19,89364,1,0.0000,0.0175,0.1096,3.2229,9.3096,0,12.5202,0,0,69.7125,-22.7005,24.0446,1.3100,0.0045,0.016,0.000,0.982,0.0000,0.0000,0
2026-05-05,15:15:19,89399,1,0.0000,0.0444,0.1045,3.0738,9.3094,0,12.5202,0,0,69.6268,2.8073,24.1027,1.1225,23.0468,0.080,0.000,0.979,0.0000,0.0000,0
2026-05-05,15:15:19,89434,1,0.0000,0.1015,0.0919,2.7018,9.3089,0,12.5202,0,0,70.7873,42.2813,24.0329,-0.6818,43.2588,0.048,0.000,0.976,0.0000,0.0000,0
2026-05-05,15:15:19,89469,1,0.0000,-0.0020,0.0926,2.7248,9.3086,0,12.5202,0,0,71.5930,40.9414,24.0786,0.7990,42.5665,0.016,0.000,0.973,0.0000,0.0000,0
2026-05-05,15:15:19,89504,1,0.0000,-0.0261,0.0944,2.7756,9.3087,0,12.5202,0,0,71.2028,-10.1696,23.8020,-5.4494,34.7724,0.000,0.000,0.996,0.0000,0.0000,0
2026-05-05,15:15:19,89539,1,0.0000,-0.0380,0.0982,2.8873,9.3089,0,12.5202,0,0,69.1531,-57.3118,23.4631,-7.5311,8.3005,0.032,0.000,0.998,0.0000,0.0000,0
2026-05-05,15:15:19,89574,1,0.0000,0.0178,0.0952,2.8013,9.3089,0,12.5202,0,0,69.1193,10.9358,23.4892,-1.7274,8.9667,0.096,0.000,1.000,0.0000,0.0000,0
2026-05-05,15:15:19,89609,1,0.0000,0.0163,0.0944,2.7757,9.3088,0,12.5202,0,0,70.3468,39.4418,23.5472,-0.0163,28.3415,0.088,0.000,0.997,0.0000,0.0000,0
2026-05-05,15:15:19,89645,1,0.0000,0.0737,0.0835,2.4567,9.3083,0,12.5202,0,0,71.4112,30.4842,23.5095,-0.4484,1.3502,0.056,0.000,0.994,0.0000,0.0000,0
2026-05-05,15:15:19,89680,1,0.0000,0.0931,0.0675,1.9862,9.3075,0,12.5202,0,0,72.3442,28.5880,23.7441,4.8174,-22.3524,0.024,0.000,1.000,0.0000,0.0000,0
2026-05-05,15:15:19,89715,1,0.0000,0.0305,0.0655,1.9277,9.3073,0,12.5202,0,0,73.2677,25.3294,24.0875,7.9424,-5.6992,0.000,0.000,1.000,0.0000,0.0000,0
2026-05-05,15:15:19,89750,1,0.0000,-0.0078,0.0650,1.9107,9.3072,0,12.5202,0,0,73.4466,1.4843,24.1967,4.2114,19.9164,0.000,0.000,1.000,0.0000,0.0000,0
2026-05-05,15:15:20,89788,1,0.0000,-0.0726,0.0751,2.2079,9.3075,0,12.5202,0,0,72.2893,-21.5697,23.9506,-0.2992,31.8334,0.000,0.000,1.000,0.0000,0.0000,0
2026-05-05,15:15:20,89824,1,0.0000,-0.0520,0.0794,2.3356,9.3079,0,12.5202,0,0,71.7437,-5.6651,23.7095,-3.8816,1.6731,0.000,0.000,1.000,0.0000,0.0000,0
2026-05-05,15:15:20,89859,1,0.0000,0.0045,0.0806,2.3717,9.3080,0,12.5202,0,0,72.2461,18.3931,23.6548,-2.2683,-22.1175,0.000,0.000,1.000,0.0000,0.0000,0
2026-05-05,15:15:20,89894,1,0.0000,-0.0042,0.0817,2.4025,9.3080,0,12.5202,0,0,73.0939,28.1844,23.6858,-0.1995,-43.7865,0.000,0.000,0.999,0.0000,0.0000,0
2026-05-05,15:15:20,89929,1,0.0000,0.0008,0.0786,2.3117,9.3080,0,12.5202,0,0,73.8771,23.5958,23.7030,0.0933,-17.3531,0.000,0.000,0.996,0.0000,0.0000,0
2026-05-05,15:15:20,89965,1,0.0000,0.0487,0.0741,2.1803,9.3078,0,12.5202,0,0,74.6107,24.3445,23.6672,-0.7750,-9.3926,0.000,0.000,1.000,0.0000,0.0000,0
2026-05-05,15:15:20,90000,1,0.0000,0.0368,0.0684,2.0108,9.3074,0,12.5202,0,0,75.3232,20.6425,23.6589,-0.3614,-32.9736,0.000,0.000,1.000,0.0000,0.0000,0
2026-05-05,15:15:20,90035,1,0.0000,-0.0043,0.0677,1.9915,9.3073,0,12.5202,0,0,75.6574,7.6243,23.6461,-0.7631,-32.9744,0.000,0.000,1.000,0.0000,0.0000,0
2026-05-05,15:15:20,90070,1,0.0000,-0.0197,0.0699,2.0556,9.3074,0,12.5202,0,0,75.4200,-6.4167,23.4939,-3.4832,-8.9653,0.000,0.000,1.000,0.0000,0.0000,0
2026-05-05,15:15:20,90105,1,0.0000,-0.0159,0.0755,2.2192,9.3077,0,12.5202,0,0,74.6716,-18.8793,23.2893,-5.0108,-33.6481,0.000,0.000,1.000,0.0000,0.0000,0
2026-05-05,15:15:20,90140,1,0.0000,0.0041,0.0755,2.2213,9.3078,0,12.5202,0,0,74.5449,4.5309,23.1679,-3.7323,-54.2025,0.064,0.000,0.999,0.0000,0.0000,0
2026-05-05,15:15:20,90175,1,0.0000,-0.0036,0.0757,2.2278,9.3078,0,12.5202,0,0,75.2517,19.9101,23.1225,-2.1975,-70.5543,0.032,0.000,0.996,0.0000,0.0000,0
2026-05-05,15:15:20,90210,1,0.0000,0.0077,0.0747,2.1968,9.3077,0,12.5202,0,0,75.9365,21.1216,23.0399,-2.7256,-83.6803,0.000,0.000,0.993,0.0000,0.0000,0
2026-05-05,15:15:20,90245,1,0.0000,0.0293,0.0694,2.0397,9.3076,0,12.5202,0,0,76.4626,15.0856,22.9193,-3.5383,-58.0483,0.000,0.000,0.990,0.0000,0.0000,0
2026-05-05,15:15:20,90280,1,0.0000,0.0171,0.0699,2.0569,9.3075,0,12.5202,0,0,76.6545,6.2217,22.7947,-3.7585,-26.8129,0.000,0.000,0.986,0.0000,0.0000,0
2026-05-05,15:15:20,90315,1,0.0000,0.0016,0.0711,2.0909,9.3075,0,12.5202,0,0,77.0260,11.6012,22.5761,-5.4207,-2.4113,0.000,0.000,0.992,0.0000,0.0000,0
2026-05-05,15:15:20,90350,1,0.0000,0.0054,0.0709,2.0844,9.3075,0,12.5202,0,0,76.4966,-24.2769,22.3228,-6.4574,-14.6925,0.000,0.000,0.999,0.0000,0.0000,0
2026-05-05,15:15:20,90385,1,0.0000,0.0303,0.0677,1.9919,9.3074,0,12.5202,0,0,75.5380,-24.8784,22.1209,-6.0509,-35.4624,0.048,0.000,0.996,0.0000,0.0000,0
2026-05-05,15:15:20,90420,1,0.0000,0.0053,0.0668,1.9642,9.3073,0,12.5202,0,0,76.0398,21.6118,21.9335,-5.8199,-53.5080,0.088,0.000,0.993,0.0000,0.0000,0
2026-05-05,15:15:20,90455,1,0.0000,-0.0085,0.0689,2.0279,9.3074,0,12.5202,0,0,76.6345,15.6306,21.7071,-6.1447,-66.8747,0.056,0.000,0.990,0.0000,0.0000,0
2026-05-05,15:15:20,90490,1,0.0000,0.0058,0.0699,2.0551,9.3074,0,12.5202,0,0,76.4349,-8.0518,21.6267,-3.4636,-77.5624,0.024,0.000,0.986,0.0000,0.0000,0
2026-05-05,15:15:20,90525,1,0.0000,0.0311,0.0668,1.9640,9.3073,0,12.5202,0,0,76.4735,6.9132,21.5871,-2.1724,-86.4691,0.000,0.000,0.983,0.0000,0.0000,0
2026-05-05,15:15:20,90560,1,0.0000,0.0228,0.0625,1.8377,9.3071,0,12.5202,0,0,77.2398,22.1609,21.5419,-2.1695,-94.1493,0.000,0.000,0.980,0.0000,0.0000,0
2026-05-05,15:15:20,90595,1,0.0000,0.0280,0.0571,1.6797,9.3069,0,12.5202,0,0,77.8905,22.0453,21.5366,-0.9299,-103.4481,0.000,0.000,0.977,0.0000,0.0000,0
2026-05-05,15:15:20,90630,1,0.0000,0.0044,0.0572,1.6812,9.3067,0,12.5202,0,0,78.4943,10.2407,21.6347,0.8106,-64.4742,0.000,0.000,0.991,0.0000,0.0000,0
2026-05-05,15:15:20,90666,1,0.0000,-0.0359,0.0596,1.7541,9.3068,0,12.5202,0,0,77.4796,-42.1904,21.5755,-1.7865,-31.4778,0.000,0.000,1.000,0.0000,0.0000,0
2026-05-05,15:15:20,90699,1,0.0000,-0.0596,0.0675,1.9847,9.3071,0,12.5202,0,0,76.1392,-41.4608,21.2517,-3.5473,-30.2931,0.032,0.000,0.998,0.0000,0.0000,0
2026-05-05,15:15:20,90734,1,0.0000,0.0013,0.0680,2.0007,9.3073,0,12.5202,0,0,74.1000,-42.8538,20.8324,-8.1646,-47.4965,0.096,0.000,1.000,0.0000,0.0000,0
2026-05-05,15:15:20,90769,1,0.0000,-0.0035,0.0674,1.9825,9.3074,0,12.5202,0,0,73.7436,-4.9415,20.7003,-4.6099,-52.7047,0.160,0.000,1.000,0.0000,0.0000,0
2026-05-05,15:15:21,90804,1,0.0000,0.0020,0.0683,2.0096,9.3074,0,12.5202,0,0,74.8809,33.5082,20.9007,2.5048,-59.7925,0.200,0.000,1.000,0.0000,0.0000,0
2026-05-05,15:15:21,90839,1,0.0000,0.0034,0.0674,1.9826,9.3074,0,12.5202,0,0,75.7797,24.5838,21.0937,3.7733,-71.2169,0.168,0.000,1.000,0.0000,0.0000,0
2026-05-05,15:15:21,90875,1,0.0000,0.0338,0.0637,1.8735,9.3073,0,12.5202,0,0,76.4467,20.4829,21.1956,2.6534,-83.8506,0.136,0.000,0.998,0.0000,0.0000,0
2026-05-05,15:15:21,90910,1,0.0000,0.0453,0.0594,1.7485,9.3070,0,12.5202,0,0,77.0602,14.4960,21.3931,4.3693,-89.6827,0.104,0.000,0.994,0.0000,0.0000,0
2026-05-05,15:15:21,90945,1,0.0000,0.0025,0.0608,1.7876,9.3070,0,12.5202,0,0,77.5198,7.7268,21.6468,5.8199,-52.0910,0.072,0.000,0.991,0.0000,0.0000,0
2026-05-05,15:15:21,90980,1,0.0000,-0.0108,0.0620,1.8239,9.3070,0,12.5202,0,0,77.2156,-9.2985,21.7561,3.6622,-20.9519,0.040,0.000,0.988,0.0000,0.0000,0
2026-05-05,15:15:21,91015,1,0.0000,0.0048,0.0611,1.7963,9.3070,0,12.5202,0,0,77.0403,-0.5746,21.7021,0.3155,4.7050,0.008,0.000,0.985,0.0000,0.0000,0
2026-05-05,15:15:21,91050,1,0.0000,-0.0150,0.0631,1.8570,9.3071,0,12.5202,0,0,77.2579,9.8615,21.6412,-0.8499,28.8662,0.000,0.000,0.982,0.0000,0.0000,0
2026-05-05,15:15:21,91085,1,0.0000,-0.0073,0.0632,1.8585,9.3071,0,12.5202,0,0,77.1416,-7.3964,21.5434,-2.4038,-0.4266,0.000,0.000,0.978,0.0000,0.0000,0
2026-05-05,15:15:21,91120,1,0.0000,-0.0056,0.0644,1.8948,9.3071,0,12.5202,0,0,76.8013,-9.7673,21.4809,-1.7967,-22.1949,0.000,0.000,0.975,0.0000,0.0000,0
2026-05-05,15:15:21,91155,1,0.0000,-0.0437,0.0690,2.0284,9.3073,0,12.5202,0,0,76.8507,0.4216,21.5445,0.6864,-42.6503,0.000,0.000,0.972,0.0000,0.0000,0
2026-05-05,15:15:21,91191,1,0.0000,-0.0501,0.0775,2.2797,9.3077,0,12.5202,0,0,76.3128,-13.5136,21.8310,5.4211,-8.8617,0.032,0.000,0.969,0.0000,0.0000,0
2026-05-05,15:15:21,91226,1,0.0000,-0.0133,0.0797,2.3427,9.3079,0,12.5202,0,0,76.5458,15.0323,22.0693,5.5201,0.3442,0.048,0.000,0.966,0.0000,0.0000,0
2026-05-05,15:15:21,91261,1,0.0000,0.0404,0.0747,2.1984,9.3077,0,12.5202,0,0,77.3087,20.7863,22.0516,0.2247,-22.7120,0.016,0.000,0.962,0.0000,0.0000,0
2026-05-05,15:15:21,91296,1,0.0000,0.0414,0.0680,2.0009,9.3074,0,12.5202,0,0,78.0202,24.1746,21.7467,-6.3916,-43.0592,0.000,0.000,0.959,0.0000,0.0000,0
2026-05-05,15:15:21,91331,1,0.0000,0.0181,0.0643,1.8908,9.3072,0,12.5202,0,0,78.8695,21.9252,21.4722,-8.1931,-12.7410,0.000,0.000,0.956,0.0000,0.0000,0
2026-05-05,15:15:21,91366,1,0.0000,0.0116,0.0637,1.8737,9.3072,0,12.5202,0,0,79.2377,8.4223,21.1306,-10.0126,0.7807,0.000,0.000,0.953,0.0000,0.0000,0
2026-05-05,15:15:21,91401,1,0.0000,-0.0012,0.0637,1.8737,9.3072,0,12.5202,0,0,78.6031,-21.7832,20.8019,-10.2212,-22.7397,0.000,0.000,0.950,0.0000,0.0000,0
2026-05-05,15:15:21,91436,1,0.0000,-0.0249,0.0693,2.0375,9.3073,0,12.5202,0,0,77.9288,-19.6075,20.5494,-8.5175,-41.3614,0.032,0.000,0.946,0.0000,0.0000,0
2026-05-05,15:15:21,91471,1,0.0000,-0.0041,0.0711,2.0916,9.3075,0,12.5202,0,0,77.4969,-10.0477,20.5963,-2.3151,-58.8171,0.096,0.000,0.943,0.0000,0.0000,0
2026-05-05,15:15:21,91506,1,0.0000,-0.0137,0.0734,2.1581,9.3076,0,12.5202,0,0,77.5028,-0.4500,20.8434,2.9475,-40.4500,0.160,0.000,0.940,0.0000,0.0000,0
2026-05-05,15:15:21,91541,1,0.0000,-0.0057,0.0718,2.1118,9.3076,0,12.5202,0,0,77.7632,11.3564,20.9419,1.0369,-7.2391,0.152,0.000,0.937,0.0000,0.0000,0
2026-05-05,15:15:21,91576,1,0.0000,0.0081,0.0700,2.0581,9.3075,0,12.5202,0,0,78.6720,27.1797,20.5374,-9.2195,19.8587,0.120,0.000,0.934,0.0000,0.0000,0
2026-05-05,15:15:21,91614,1,0.0000,0.0126,0.0699,2.0562,9.3075,0,12.5202,0,0,79.1630,14.5633,20.2789,-10.9078,31.9924,0.096,0.000,0.931,0.0000,0.0000,0
2026-05-05,15:15:21,91650,1,0.0000,0.0094,0.0680,2.0007,9.3074,0,12.5202,0,0,79.2090,-0.1010,19.6874,-15.8351,19.4912,0.064,0.000,0.928,0.0000,0.0000,0
2026-05-05,15:15:21,91685,1,0.0000,0.0122,0.0668,1.9643,9.3073,0,12.5202,0,0,79.0702,-2.7083,19.1863,-15.8332,-8.6546,0.032,0.000,0.925,0.0000,0.0000,0
2026-05-05,15:15:21,91720,1,0.0000,0.0000,0.0686,2.0190,9.3074,0,12.5202,0,0,78.9506,-4.8925,18.8695,-11.7599,-32.0279,0.000,0.000,0.922,0.0000,0.0000,0
2026-05-05,15:15:21,91755,1,0.0000,-0.0134,0.0687,2.0217,9.3075,0,12.5202,0,0,78.6261,-9.6193,18.7602,-6.8614,-32.0065,0.000,0.000,0.918,0.0000,0.0000,0
2026-05-05,15:15:22,91791,1,0.0000,0.0022,0.0702,2.0657,9.3075,0,12.5202,0,0,78.5643,-1.0019,18.7062,-4.4750,-45.5226,0.000,0.000,0.915,0.0000,0.0000,0
2026-05-05,15:15:22,91827,1,0.0000,-0.0008,0.0703,2.0663,9.3075,0,12.5202,0,0,78.6477,0.7828,18.5218,-6.5621,-49.6305,0.000,0.000,0.912,0.0000,0.0000,0
2026-05-05,15:15:22,91862,1,0.0000,0.0180,0.0671,1.9736,9.3073,0,12.5202,0,0,78.6485,0.7648,18.1479,-10.4590,-17.5511,0.000,0.000,0.909,0.0000,0.0000,0
2026-05-05,15:15:22,91898,1,0.0000,0.0099,0.0646,1.9012,9.3072,0,12.5202,0,0,78.9965,7.3114,17.7342,-12.5092,9.4621,0.000,0.000,0.906,0.0000,0.0000,0
2026-05-05,15:15:22,91933,1,0.0000,-0.0058,0.0653,1.9200,9.3072,0,12.5202,0,0,78.8791,-5.5195,17.3121,-12.8588,-5.3359,0.000,0.000,0.902,0.0000,0.0000,0
2026-05-05,15:15:22,91968,1,0.0000,0.0008,0.0643,1.8923,9.3072,0,12.5202,0,0,78.5153,-11.6568,16.9654,-11.4891,-29.7077,0.000,0.000,0.899,0.0000,0.0000,0
2026-05-05,15:15:22,92003,1,0.0000,-0.0009,0.0649,1.9099,9.3072,0,12.5202,0,0,78.3156,-6.1900,16.7930,-7.8030,-10.8121,0.064,0.000,0.896,0.0000,0.0000,0
2026-05-05,15:15:22,92038,1,0.0000,-0.0018,0.0659,1.9378,9.3072,0,12.5202,0,0,78.3438,2.6981,16.6528,-6.0084,16.6972,0.080,0.000,0.893,0.0000,0.0000,0
2026-05-05,15:15:22,92073,1,0.0000,0.0361,0.0583,1.7135,9.3069,0,12.5202,0,0,78.8165,12.9736,16.4790,-5.6872,13.1057,0.048,0.000,0.890,0.0000,0.0000,0
2026-05-05,15:15:22,92108,1,0.0000,0.0518,0.0495,1.4569,9.3065,0,12.5202,0,0,79.5437,19.9455,16.3385,-5.2552,12.0795,0.016,0.000,0.886,0.0000,0.0000,0
2026-05-05,15:15:22,92143,1,0.0000,0.0058,0.0474,1.3954,9.3063,0,12.5202,0,0,80.1969,13.3391,16.1704,-5.6303,36.6764,0.000,0.000,0.910,0.0000,0.0000,0
2026-05-05,15:15:22,92178,1,0.0000,0.0029,0.0480,1.4121,9.3063,0,12.5202,0,0,79.8106,-19.3904,16.0494,-4.5103,24.7074,0.000,0.000,0.942,0.0000,0.0000,0
2026-05-05,15:15:22,92213,1,0.0000,-0.0090,0.0501,1.4745,9.3064,0,12.5202,0,0,78.6219,-34.7440,15.9323,-3.9866,0.9180,0.048,0.000,0.974,0.0000,0.0000,0
2026-05-05,15:15:22,92248,1,0.0000,-0.0111,0.0536,1.5779,9.3065,0,12.5202,0,0,77.7526,-25.8114,15.8580,-3.1060,27.2547,0.112,0.000,1.000,0.0000,0.0000,0
2026-05-05,15:15:22,92283,1,0.0000,-0.0048,0.0520,1.5305,9.3065,0,12.5202,0,0,77.3108,-13.8406,15.7129,-4.1622,49.5941,0.176,0.000,1.000,0.0000,0.0000,0
2026-05-05,15:15:22,92318,1,0.0000,0.0075,0.0524,1.5421,9.3065,0,12.5202,0,0,76.9420,-12.1925,15.6072,-3.6153,62.0457,0.240,0.000,1.000,0.0000,0.0000,0
2026-05-05,15:15:22,92353,1,0.0000,-0.0021,0.0524,1.5421,9.3065,0,12.5202,0,0,76.6480,-9.3476,15.5499,-2.6510,79.1321,0.304,0.000,1.000,0.0000,0.0000,0
2026-05-05,15:15:22,92388,1,0.0000,-0.0084,0.0513,1.5090,9.3065,0,12.5202,0,0,76.3249,-10.5802,15.4937,-1.8109,93.3750,0.368,0.000,1.000,0.0000,0.0000,0
2026-05-05,15:15:22,92423,1,0.0000,0.0172,0.0497,1.4625,9.3064,0,12.5202,0,0,76.1688,-5.1176,15.4987,-0.3708,105.5572,0.432,0.000,1.000,0.0000,0.0000,0
2026-05-05,15:15:22,92458,1,0.0000,0.0044,0.0496,1.4586,9.3064,0,12.5202,0,0,76.1112,-2.8174,15.5328,0.5209,116.4682,0.496,0.000,1.000,0.0000,0.0000,0
2026-05-05,15:15:22,92493,1,0.0000,-0.0077,0.0499,1.4666,9.3064,0,12.5202,0,0,75.9434,-7.3974,15.5365,0.1610,125.4000,0.560,0.000,1.000,0.0000,0.0000,0
2026-05-05,15:15:22,92531,1,0.0000,-0.0103,0.0507,1.4923,9.3064,0,12.5202,0,0,75.8128,-6.3153,15.5304,0.1600,108.7375,0.608,0.000,0.999,0.0000,0.0000,0
2026-05-05,15:15:22,92567,1,0.0000,0.0094,0.0484,1.4247,9.3064,0,12.5202,0,0,75.6910,-3.4146,15.5447,0.2325,80.2802,0.672,0.000,0.996,0.0000,0.0000,0
2026-05-05,15:15:22,92602,1,0.0000,-0.0049,0.0492,1.4485,9.3064,0,12.5202,0,0,75.5599,-4.7242,15.5841,0.8957,94.5701,0.640,0.000,0.993,0.0000,0.0000,0
2026-05-05,15:15:22,92637,1,0.0000,-0.0069,0.0501,1.4726,9.3064,0,12.5202,0,0,75.3110,-7.8673,15.5958,0.3885,86.2802,0.680,0.000,0.990,0.0000,0.0000,0
2026-05-05,15:15:22,92672,1,0.0000,0.0046,0.0490,1.4408,9.3064,0,12.5202,0,0,75.1543,-4.3572,15.5830,-0.0541,80.9809,0.744,0.000,0.986,0.0000,0.0000,0
2026-05-05,15:15:22,92707,1,0.0000,0.0007,0.0497,1.4605,9.3064,0,12.5202,0,0,75.1294,-1.4702,15.6167,0.7688,95.0608,0.736,0.000,0.983,0.0000,0.0000,0
2026-05-05,15:15:22,92742,1,0.0000,-0.0068,0.0505,1.4863,9.3064,0,12.5202,0,0,75.0161,-3.8421,15.6878,1.5861,107.3558,0.704,0.000,0.980,0.0000,0.0000,0
2026-05-05,15:15:22,92777,1,0.0000,0.0151,0.0477,1.4031,9.3064,0,12.5202,0,0,75.0303,1.5795,15.7143,0.9199,90.8152,0.672,0.000,0.977,0.0000,0.0000,0
2026-05-05,15:15:23,92812,1,0.0000,0.0046,0.0506,1.4882,9.3064,0,12.5202,0,0,75.3479,8.0510,15.7072,-0.0844,103.1330,0.640,0.000,0.974,0.0000,0.0000,0
2026-05-05,15:15:23,92847,1,0.0000,0.0084,0.0488,1.4368,9.3064,0,12.5202,0,0,75.3952,-2.2768,15.6820,-0.9098,113.6012,0.608,0.000,0.970,0.0000,0.0000,0
2026-05-05,15:15:23,92882,1,0.0000,0.0136,0.0482,1.4189,9.3063,0,12.5202,0,0,75.2223,-6.2761,15.6885,-0.1528,109.0893,0.576,0.000,0.967,0.0000,0.0000,0
2026-05-05,15:15:23,92917,1,0.0000,0.0157,0.0473,1.3899,9.3063,0,12.5202,0,0,75.1344,-3.8776,15.7515,1.1533,119.3441,0.544,0.000,0.964,0.0000,0.0000,0
2026-05-05,15:15:23,92952,1,0.0000,0.0125,0.0454,1.3344,9.3062,0,12.5202,0,0,75.0112,-5.3074,15.8552,2.4881,127.6950,0.512,0.000,0.961,0.0000,0.0000,0
2026-05-05,15:15:23,92987,1,0.0000,-0.0060,0.0463,1.3620,9.3061,0,12.5202,0,0,74.8913,-5.3641,15.9049,1.5906,135.1125,0.480,0.000,0.958,0.0000,0.0000,0
2026-05-05,15:15:23,93023,1,0.0000,-0.0021,0.0435,1.2789,9.3061,0,12.5202,0,0,74.6710,-10.9359,15.9231,0.7015,141.4210,0.496,0.000,0.954,0.0000,0.0000,0
2026-05-05,15:15:23,93058,1,0.0000,0.0031,0.0443,1.3037,9.3061,0,12.5202,0,0,74.1071,-17.6479,15.9181,0.2026,146.4052,0.560,0.000,0.951,0.0000,0.0000,0
2026-05-05,15:15:23,93093,1,0.0000,-0.0080,0.0455,1.3369,9.3061,0,12.5202,0,0,73.5836,-15.9669,15.9983,1.7286,150.4549,0.624,0.000,0.948,0.0000,0.0000,0
2026-05-05,15:15:23,93129,1,0.0000,-0.0121,0.0447,1.3141,9.3061,0,12.5202,0,0,73.4146,-6.1436,16.0456,1.3555,154.0085,0.688,0.000,0.945,0.0000,0.0000,0
2026-05-05,15:15:23,93165,1,0.0000,0.0010,0.0451,1.3265,9.3061,0,12.5202,0,0,73.2025,-8.3724,16.1019,2.0128,157.3627,0.752,0.000,0.942,0.0000,0.0000,0
2026-05-05,15:15:23,93200,1,0.0000,0.0028,0.0442,1.2991,9.3061,0,12.5202,0,0,72.9117,-8.3546,16.2645,3.9300,159.9068,0.816,0.000,0.938,0.0000,0.0000,0
2026-05-05,15:15:23,93235,1,0.0000,0.0055,0.0447,1.3141,9.3061,0,12.5202,0,0,72.9538,2.1614,16.4016,4.1544,155.4019,0.880,0.000,0.935,0.0000,0.0000,0
2026-05-05,15:15:23,93270,1,0.0000,0.0341,0.0388,1.1418,9.3059,0,12.5202,0,0,73.3835,12.4524,16.5301,4.1099,131.5647,0.848,0.000,0.932,0.0000,0.0000,0
2026-05-05,15:15:23,93305,1,0.0000,0.0274,0.0363,1.0691,9.3057,0,12.5202,0,0,74.1660,21.0258,16.8513,7.9645,138.5957,0.816,0.000,0.929,0.0000,0.0000,0
2026-05-05,15:15:23,93341,1,0.0000,0.0076,0.0326,0.9574,9.3055,0,12.5202,0,0,74.9359,13.9934,17.1897,8.7312,144.0645,0.784,0.000,0.926,0.0000,0.0000,0
2026-05-05,15:15:23,93376,1,0.0000,0.0049,0.0325,0.9562,9.3055,0,12.5202,0,0,74.7933,-14.4289,17.3571,5.6775,148.7173,0.752,0.000,0.922,0.0000,0.0000,0
2026-05-05,15:15:23,93411,1,0.0000,0.0031,0.0322,0.9485,9.3055,0,12.5202,0,0,73.4176,-50.7253,17.4649,3.8440,152.4486,0.768,0.000,0.919,0.0000,0.0000,0
2026-05-05,15:15:23,93446,1,0.0000,0.0096,0.0333,0.9808,9.3055,0,12.5202,0,0,71.8007,-49.3291,17.4873,2.0002,155.6473,0.832,0.000,0.916,0.0000,0.0000,0
2026-05-05,15:15:23,93485,1,0.0000,-0.0121,0.0345,1.0146,9.3055,0,12.5202,0,0,71.0131,-34.1329,17.4905,1.8820,157.2221,0.880,0.000,0.922,0.0000,0.0000,0
2026-05-05,15:15:23,93521,1,0.0000,0.0045,0.0331,0.9732,9.3055,0,12.5202,0,0,70.2453,-24.7978,17.6076,3.1488,160.0748,0.944,0.000,0.954,0.0000,0.0000,0
2026-05-05,15:15:23,93556,1,0.0000,-0.0001,0.0338,0.9939,9.3055,0,12.5202,0,0,69.4584,-26.6146,17.6514,1.7204,162.2995,1.000,0.000,0.986,0.0000,0.0000,0
2026-05-05,15:15:23,93591,1,0.0000,-0.0463,0.0404,1.1893,9.3057,0,12.5202,0,0,68.0184,-46.9642,17.5896,-0.7688,164.0958,1.000,0.000,1.000,0.0000,0.0000,0
2026-05-05,15:15:23,93626,1,0.0000,-0.0462,0.0465,1.3674,9.3061,0,12.5202,0,0,66.0678,-54.8792,17.3873,-4.0200,165.6620,1.000,0.000,1.000,0.0000,0.0000,0
2026-05-05,15:15:23,93661,1,0.0000,-0.0574,0.0533,1.5678,9.3064,0,12.5202,0,0,64.7431,-32.1033,17.1348,-5.8360,167.0134,1.000,0.000,1.000,0.0000,0.0000,0
2026-05-05,15:15:23,93696,1,0.0000,-0.0335,0.0578,1.7006,9.3067,0,12.5202,0,0,64.8719,14.5984,16.9668,-4.8804,168.6015,1.000,0.000,1.000,0.0000,0.0000,0
2026-05-05,15:15:23,93731,1,0.0000,-0.0157,0.0593,1.7445,9.3069,0,12.5202,0,0,66.1898,36.9832,16.9580,-1.6219,144.5345,0.984,0.000,1.000,0.0000,0.0000,0
2026-05-05,15:15:23,93766,1,0.0000,-0.0073,0.0608,1.7876,9.3069,0,12.5202,0,0,66.9286,22.7863,17.0696,1.5940,149.2224,0.952,0.000,1.000,0.0000,0.0000,0
2026-05-05,15:15:24,93801,1,0.0000,-0.0049,0.0597,1.7548,9.3069,0,12.5202,0,0,67.5003,19.0818,17.1332,1.7299,153.1427,0.920,0.000,1.000,0.0000,0.0000,0
2026-05-05,15:15:24,93836,1,0.0000,0.0007,0.0595,1.7513,9.3069,0,12.5202,0,0,68.1081,19.9054,17.1809,1.6546,156.5948,0.888,0.000,1.000,0.0000,0.0000,0
2026-05-05,15:15:24,93871,1,0.0000,0.0234,0.0575,1.6902,9.3069,0,12.5202,0,0,69.0473,30.5910,17.2900,3.0137,159.5961,0.856,0.000,1.000,0.0000,0.0000,0
2026-05-05,15:15:24,93906,1,0.0000,0.0146,0.0554,1.6284,9.3066,0,12.5202,0,0,70.3472,36.1996,17.5320,5.6531,162.0241,0.824,0.000,1.000,0.0000,0.0000,0
2026-05-05,15:15:24,93942,1,0.0000,0.0079,0.0542,1.5931,9.3066,0,12.5202,0,0,70.5852,-5.3331,17.7357,5.2263,164.2160,0.792,0.000,1.000,0.0000,0.0000,0
2026-05-05,15:15:24,93977,1,0.0000,-0.0861,0.0660,1.9406,9.3070,0,12.5202,0,0,69.1522,-45.5837,17.8168,3.7715,126.0846,0.784,0.000,1.000,0.0000,0.0000,0
2026-05-05,15:15:24,94013,1,0.0000,-0.0348,0.0729,2.1451,9.3075,0,12.5202,0,0,67.0697,-54.3372,18.4314,12.7623,83.3543,0.848,0.000,1.000,0.0000,0.0000,0
2026-05-05,15:15:24,94048,1,0.0000,-0.0487,0.0797,2.3428,9.3079,0,12.5202,0,0,66.9031,8.1059,19.3246,19.5747,68.4772,0.912,0.000,1.000,0.0000,0.0000,0
2026-05-05,15:15:24,94083,1,0.0000,-0.0039,0.0810,2.3830,9.3080,0,12.5202,0,0,67.8407,25.1667,19.7174,10.5867,85.3421,0.928,0.000,1.000,0.0000,0.0000,0
2026-05-05,15:15:24,94118,1,0.0000,-0.0055,0.0814,2.3928,9.3081,0,12.5202,0,0,68.2718,12.3656,18.9919,-14.3615,96.8983,0.896,0.000,1.000,0.0000,0.0000,0
2026-05-05,15:15:24,94153,1,0.0000,0.0019,0.0802,2.3598,9.3080,0,12.5202,0,0,68.6433,11.9265,17.6581,-32.6225,107.6443,0.864,0.000,1.000,0.0000,0.0000,0
2026-05-05,15:15:24,94188,1,0.0000,0.0003,0.0798,2.3469,9.3080,0,12.5202,0,0,69.0964,13.8998,16.4997,-35.1180,117.8194,0.832,0.000,1.000,0.0000,0.0000,0
2026-05-05,15:15:24,94223,1,0.0000,0.0094,0.0796,2.3424,9.3080,0,12.5202,0,0,69.4766,10.6288,15.5443,-31.6257,126.6256,0.800,0.000,1.000,0.0000,0.0000,0
2026-05-05,15:15:24,94258,1,0.0000,-0.0069,0.0812,2.3897,9.3080,0,12.5202,0,0,69.5637,2.8698,14.9500,-23.2943,134.0889,0.768,0.000,1.000,0.0000,0.0000,0
2026-05-05,15:15:24,94293,1,0.0000,0.0987,0.0698,2.0526,9.3077,0,12.5202,0,0,70.2279,23.7102,14.5614,-16.6609,139.6402,0.736,0.000,1.000,0.0000,0.0000,0
2026-05-05,15:15:24,94328,1,0.0000,0.0321,0.0594,1.7473,9.3070,0,12.5202,0,0,71.8149,43.6652,14.1693,-14.3966,143.9778,0.704,0.000,1.000,0.0000,0.0000,0
2026-05-05,15:15:24,94363,1,0.0000,0.0006,0.0614,1.8057,9.3070,0,12.5202,0,0,72.1598,-1.8611,13.8985,-11.3392,148.4957,0.672,0.000,1.000,0.0000,0.0000,0
2026-05-05,15:15:24,94401,1,0.0000,-0.0495,0.0662,1.9478,9.3072,0,12.5202,0,0,71.3667,-28.5608,13.9245,-7.4382,130.1688,0.648,0.000,1.000,0.0000,0.0000,0
2026-05-05,15:15:24,94437,1,0.0000,-0.0641,0.0746,2.1938,9.3076,0,12.5202,0,0,69.2638,-60.4881,14.3231,4.5849,86.5943,0.688,0.000,1.000,0.0000,0.0000,0
2026-05-05,15:15:24,94472,1,0.0000,-0.0330,0.0834,2.4533,9.3081,0,12.5202,0,0,68.1561,-19.3767,15.3214,18.2086,65.4216,0.752,0.000,1.000,0.0000,0.0000,0
2026-05-05,15:15:24,94507,1,0.0000,0.0191,0.0806,2.3701,9.3080,0,12.5202,0,0,68.4030,6.0411,15.7898,9.5159,81.9888,0.816,0.000,1.000,0.0000,0.0000,0
2026-05-05,15:15:24,94542,1,0.0000,0.0524,0.0731,2.1496,9.3077,0,12.5202,0,0,68.9438,11.6154,14.8565,-19.7182,92.5754,0.856,0.000,1.000,0.0000,0.0000,0
2026-05-05,15:15:24,94577,1,0.0000,-0.0001,0.0718,2.1109,9.3076,0,12.5202,0,0,68.9440,-6.4816,13.1522,-41.2011,104.0236,0.824,0.000,1.000,0.0000,0.0000,0
2026-05-05,15:15:24,94612,1,0.0000,0.0354,0.0693,2.0389,9.3075,0,12.5202,0,0,68.5116,-13.8518,11.7231,-43.2674,114.4570,0.816,0.000,1.000,0.0000,0.0000,0
2026-05-05,15:15:24,94647,1,0.0000,-0.0111,0.0690,2.0287,9.3074,0,12.5202,0,0,68.0394,-14.7725,10.5220,-39.7586,122.2985,0.880,0.000,1.000,0.0000,0.0000,0
2026-05-05,15:15:24,94682,1,0.0000,-0.0007,0.0693,2.0372,9.3074,0,12.5202,0,0,67.8303,-7.4376,9.4369,-35.8736,129.4486,0.944,0.000,1.000,0.0000,0.0000,0
2026-05-05,15:15:24,94717,1,0.0000,-0.0005,0.0699,2.0555,9.3074,0,12.5202,0,0,67.5975,-7.0229,8.6139,-28.8864,135.8941,1.000,0.000,1.000,0.0000,0.0000,0
2026-05-05,15:15:24,94752,1,0.0000,0.0407,0.0659,1.9369,9.3073,0,12.5202,0,0,67.5992,-0.1042,8.1114,-20.2184,140.7708,1.000,0.000,1.000,0.0000,0.0000,0
2026-05-05,15:15:25,94787,1,0.0000,0.0100,0.0650,1.9107,9.3072,0,12.5202,0,0,67.8579,6.8014,7.8178,-13.1784,144.5690,0.968,0.000,1.000,0.0000,0.0000,0
2026-05-05,15:15:25,94822,1,0.0000,0.0558,0.0575,1.6923,9.3068,0,12.5202,0,0,68.5052,17.2107,7.6649,-7.8561,148.1087,0.936,0.000,1.000,0.0000,0.0000,0
2026-05-05,15:15:25,94857,1,0.0000,0.1159,0.0392,1.1527,9.3061,0,12.5202,0,0,69.8773,38.3698,7.6636,-3.2504,151.3513,0.904,0.000,1.000,0.0000,0.0000,0
2026-05-05,15:15:25,94892,1,0.0000,0.0459,0.0321,0.9427,9.3056,0,12.5202,0,0,71.4301,34.6625,7.7774,0.1030,154.0215,0.872,0.000,1.000,0.0000,0.0000,0
2026-05-05,15:15:25,94927,1,0.0000,-0.0011,0.0340,1.0014,9.3055,0,12.5202,0,0,71.8320,-5.9748,7.8861,0.8221,156.1883,0.840,0.000,1.000,0.0000,0.0000,0
2026-05-05,15:15:25,94963,1,0.0000,-0.0171,0.0346,1.0169,9.3056,0,12.5202,0,0,69.8598,-79.5153,7.8017,-2.5055,158.1997,0.832,0.000,1.000,0.0000,0.0000,0
2026-05-05,15:15:25,94998,1,0.0000,-0.0232,0.0380,1.1172,9.3057,0,12.5202,0,0,65.6203,-126.9517,7.4390,-8.4404,159.9951,0.896,0.000,1.000,0.0000,0.0000,0
2026-05-05,15:15:25,95033,1,0.0000,-0.0559,0.0457,1.3443,9.3060,0,12.5202,0,0,60.6148,-147.2924,6.7995,-14.8775,161.5366,0.960,0.000,1.000,0.0000,0.0000,0
2026-05-05,15:15:25,95069,1,0.0000,-0.0447,0.0530,1.5598,9.3064,0,12.5202,0,0,57.5323,-64.6770,6.2348,-14.5996,162.6050,1.000,0.000,1.000,0.0000,0.0000,0
2026-05-05,15:15:25,95104,1,0.0000,-0.0308,0.0573,1.6863,9.3068,0,12.5202,0,0,59.2514,58.3999,6.1839,-5.1456,162.7525,1.000,0.000,1.000,0.0000,0.0000,0
2026-05-05,15:15:25,95140,1,0.0000,-0.0009,0.0579,1.7020,9.3068,0,12.5202,0,0,61.5405,62.5313,6.3805,1.6910,163.1132,0.984,0.000,1.000,0.0000,0.0000,0
2026-05-05,15:15:25,95175,1,0.0800,-0.0120,0.0590,1.7358,9.3068,0,12.5202,10,1,62.6664,24.4861,6.5613,3.3506,164.2554,0.952,0.000,1.000,0.0000,0.0000,0
2026-05-05,15:15:25,95211,1,2.1040,0.8890,0.0970,2.8516,9.3044,0,12.5202,263,1,62.1645,-17.3030,6.5722,1.0433,165.0698,0.920,0.000,1.000,0.0000,0.0000,0
2026-05-05,15:15:25,95247,1,3.9040,3.3142,0.1332,3.9179,9.2861,0,12.5202,488,1,60.1674,-53.5525,6.4703,-1.9136,160.4163,0.936,0.000,1.000,0.0000,0.0000,0
2026-05-05,15:15:25,95283,1,4.0800,4.1691,0.1249,3.6745,9.2568,0,12.5202,510,1,60.7816,27.8667,6.5696,0.4142,161.4940,1.000,0.000,1.000,0.0000,0.0000,0
2026-05-05,15:15:25,95322,1,4.0880,4.2744,0.0807,2.3727,9.2207,0,12.5202,511,1,62.4683,41.6815,6.6499,-1.1136,161.5343,0.976,0.000,1.000,0.0000,0.0000,0
2026-05-05,15:15:25,95358,1,4.0880,3.9532,0.0906,2.6654,9.1889,0,12.5202,511,1,63.0508,7.0147,6.2254,-9.5627,162.9957,0.944,0.000,1.000,0.0000,0.0000,0
2026-05-05,15:15:25,95394,1,4.0880,3.7656,0.1492,4.3890,9.1606,0,12.5202,511,1,61.5794,-41.4849,5.7193,-13.3432,164.6086,0.936,0.000,1.000,0.0000,0.0000,0
2026-05-05,15:15:25,95429,1,4.0880,3.9319,0.1718,5.0532,9.1314,0,12.5202,511,1,61.0744,-7.0484,5.4410,-9.4691,165.1074,1.000,0.000,1.000,0.0000,0.0000,0
2026-05-05,15:15:25,95465,1,4.0880,4.1191,0.1698,4.9941,9.0998,0,12.5202,511,1,61.3478,14.1511,5.4456,-4.0843,165.5632,0.992,0.000,1.000,0.0000,0.0000,0
2026-05-05,15:15:25,95501,1,4.0880,4.1135,0.1601,4.7088,9.0684,0,12.5202,511,1,62.4663,36.0752,5.1692,-7.3649,166.1662,0.960,0.000,1.000,0.0000,0.0000,0
2026-05-05,15:15:25,95536,1,4.0880,4.2827,0.1329,3.9076,9.0367,0,12.5202,511,1,63.4559,25.2761,4.9710,-6.8778,166.5117,0.928,0.000,1.000,0.0000,0.0000,0
2026-05-05,15:15:25,95571,1,4.0880,4.2276,0.0987,2.9027,9.0046,0,12.5202,511,1,63.6650,2.9822,4.7868,-6.8100,166.6697,0.896,0.000,1.000,0.0000,0.0000,0
2026-05-05,15:15:25,95607,1,4.0880,4.0367,0.1121,3.2979,8.9730,0,12.5202,511,1,63.4658,-6.1477,4.5671,-6.7716,167.3226,0.864,0.000,1.000,0.0000,0.0000,0
2026-05-05,15:15:25,95643,1,4.0880,3.8136,0.1535,4.5150,8.9437,0,12.5202,511,1,62.6967,-18.2274,4.3379,-6.6278,168.8746,0.832,0.000,1.000,0.0000,0.0000,0
2026-05-05,15:15:25,95678,1,4.0880,4.0025,0.1619,4.7616,8.9140,0,12.5202,511,1,62.3063,-9.8117,4.6407,3.7510,170.7394,0.896,0.000,1.000,0.0000,0.0000,0
2026-05-05,15:15:25,95714,1,4.0880,4.2234,0.1464,4.3064,8.8825,0,12.5202,511,1,62.1564,-0.0830,4.9664,4.4808,170.3372,0.960,0.000,1.000,0.0000,0.0000,0
2026-05-05,15:15:25,95749,1,4.0880,4.3359,0.1264,3.7165,8.8505,0,12.5202,511,1,63.0305,29.2447,4.5194,-8.7253,168.7628,0.952,0.000,1.000,0.0000,0.0000,0
2026-05-05,15:15:26,95785,1,4.0880,4.2857,0.0925,2.7213,8.8176,0,12.5202,511,1,64.0207,26.3569,3.9668,-13.8946,169.1847,0.920,0.000,1.000,0.0000,0.0000,0
2026-05-05,15:15:26,95821,1,4.0960,4.1564,0.0845,2.4845,8.7856,0,12.5202,512,1,64.2500,1.0624,3.5819,-13.0064,168.9011,0.888,0.000,1.000,0.0000,0.0000,0
2026-05-05,15:15:26,95856,1,4.0960,4.0882,0.0914,2.6885,8.7552,0,12.5202,512,1,63.9779,-6.5142,3.1110,-14.1863,168.6666,0.856,0.000,1.000,0.0000,0.0000,0
2026-05-05,15:15:26,95892,1,4.0880,4.1511,0.1002,2.9469,8.7239,0,12.5202,511,1,63.9246,-3.3126,2.7923,-11.1976,168.7864,0.824,0.000,1.000,0.0000,0.0000,0
2026-05-05,15:15:26,95928,1,4.0880,3.9675,0.1197,3.5194,8.6927,0,12.5202,511,1,63.7977,-4.3575,2.6018,-8.0706,168.7323,0.792,0.000,1.000,0.0000,0.0000,0
2026-05-05,15:15:26,95964,1,4.0880,4.0473,0.1183,3.4804,8.6617,0,12.5202,511,1,63.6882,-3.5807,2.6215,-2.1824,169.1939,0.760,0.000,1.000,0.0000,0.0000,0
2026-05-05,15:15:26,95999,1,4.0880,4.0361,0.1260,3.7067,8.6313,0,12.5202,511,1,63.5328,-2.2726,2.8658,3.9828,169.6447,0.728,0.000,1.000,0.0000,0.0000,0
2026-05-05,15:15:26,96034,1,4.0880,4.0776,0.1301,3.8276,8.6012,0,12.5202,511,1,63.6632,5.9147,3.1784,6.6357,169.8817,0.696,0.000,1.000,0.0000,0.0000,0
2026-05-05,15:15:26,96069,1,4.0880,4.1267,0.1192,3.5053,8.5702,0,12.5202,511,1,63.8210,5.0046,3.0368,-2.1074,169.1481,0.664,0.000,1.000,0.0000,0.0000,0
2026-05-05,15:15:26,96104,1,1.8560,4.1032,0.1071,3.1492,8.5389,0,12.5202,232,1,63.9501,4.1926,2.5510,-10.9467,168.6996,0.632,0.000,1.000,0.0000,0.0000,0
2026-05-05,15:15:26,96140,1,1.6400,1.8086,0.0574,1.6873,8.5206,0,12.5202,205,1,65.4736,47.8777,2.3197,-8.2780,168.0790,0.600,0.000,1.000,0.0000,0.0000,0
2026-05-05,15:15:26,96176,1,1.5120,1.2594,0.0745,2.1918,8.5087,0,12.5202,189,1,66.4160,8.9644,2.1319,-8.1496,168.0341,0.568,0.000,1.000,0.0000,0.0000,0
2026-05-05,15:15:26,96212,1,1.5040,1.4363,0.0874,2.5718,8.4984,0,12.5202,188,1,64.0048,-71.4817,1.5778,-13.8945,168.4701,0.560,0.000,1.000,0.0000,0.0000,0
2026-05-05,15:15:26,96252,1,1.5040,1.5142,0.0936,2.7543,8.4860,0,12.5202,188,1,62.6947,-37.9835,1.4986,-9.2433,169.0620,0.608,0.000,1.000,0.0000,0.0000,0
2026-05-05,15:15:26,96288,1,1.5040,1.4927,0.1069,3.1431,8.4752,0,12.5202,188,1,63.3012,21.1510,1.6189,-2.3451,170.1025,0.672,0.000,1.000,0.0000,0.0000,0
2026-05-05,15:15:26,96324,1,1.5040,1.4635,0.1060,3.1167,8.4635,0,12.5202,188,1,63.7742,9.4338,1.5444,-4.4497,169.9543,0.664,0.000,1.000,0.0000,0.0000,0
2026-05-05,15:15:26,96359,1,1.5040,1.4842,0.0993,2.9213,8.4520,0,12.5202,188,1,63.7012,-1.4200,1.2084,-8.7626,168.8925,0.632,0.000,1.000,0.0000,0.0000,0
2026-05-05,15:15:26,96395,1,1.5040,1.7028,0.0790,2.3246,8.4400,0,12.5202,188,1,63.8394,1.4007,0.8238,-11.3580,168.3202,0.600,0.000,1.000,0.0000,0.0000,0
2026-05-05,15:15:26,96431,1,1.5040,1.6179,0.0763,2.2450,8.4279,0,12.5202,188,1,64.1625,10.8879,0.5313,-9.6639,168.5791,0.568,0.000,1.000,0.0000,0.0000,0
2026-05-05,15:15:26,96466,1,1.5040,1.4626,0.0714,2.1006,8.4162,0,12.5202,188,1,64.9496,24.0855,0.4420,-5.1507,168.2796,0.536,0.000,1.000,0.0000,0.0000,0
2026-05-05,15:15:26,96502,1,1.5040,1.4398,0.0653,1.9196,8.4041,0,12.5202,188,1,65.6411,15.3242,0.3994,-3.0277,167.9796,0.504,0.000,1.000,0.0000,0.0000,0
2026-05-05,15:15:26,96538,1,1.5040,1.4400,0.0776,2.2822,8.3931,0,12.5202,188,1,64.9103,-28.4094,0.2672,-6.0484,168.6331,0.472,0.000,1.000,0.0000,0.0000,0
2026-05-05,15:15:26,96574,1,1.5040,1.3636,0.1074,3.1594,8.3834,0,12.5202,188,1,63.7412,-34.9909,-0.0395,-7.8257,170.4072,0.512,0.000,1.000,0.0000,0.0000,0
2026-05-05,15:15:26,96609,1,1.5040,1.3466,0.1182,3.4771,8.3723,0,12.5202,188,1,63.0792,-17.2645,0.4994,6.1272,172.8640,0.576,0.000,1.000,0.0000,0.0000,0
2026-05-05,15:15:26,96645,1,1.5040,1.4684,0.1181,3.4727,8.3610,0,12.5202,188,1,62.6614,-11.8926,1.0996,9.3521,172.9161,0.640,0.000,1.000,0.0000,0.0000,0
2026-05-05,15:15:26,96680,1,1.5040,1.5837,0.1177,3.4619,8.3503,0,12.5202,188,1,62.4561,-6.0213,0.5429,-10.8933,170.5586,0.704,0.000,1.000,0.0000,0.0000,0
2026-05-05,15:15:26,96715,1,1.5120,1.4770,0.1232,3.6244,8.3390,0,12.5202,189,1,62.5464,-0.2329,-0.4154,-23.2970,169.8333,0.768,0.000,1.000,0.0000,0.0000,0
2026-05-05,15:15:26,96751,1,1.5120,1.4424,0.1231,3.6208,8.3272,0,12.5202,189,1,62.6485,4.2765,-1.1481,-23.3247,169.4349,0.784,0.000,1.000,0.0000,0.0000,0
2026-05-05,15:15:27,96786,1,1.5120,1.7674,0.0791,2.3260,8.3145,0,12.5202,189,1,63.0305,11.0934,-1.7400,-19.8031,168.5746,0.752,0.000,1.000,0.0000,0.0000,0
2026-05-05,15:15:27,96821,1,1.5040,1.7577,0.0533,1.5689,8.3016,0,12.5202,188,1,64.0002,25.4011,-2.1016,-14.5061,168.0319,0.720,0.000,1.000,0.0000,0.0000,0
2026-05-05,15:15:27,96856,1,1.5040,1.5197,0.0639,1.8807,8.2904,0,12.5202,188,1,64.6514,9.4145,-2.3579,-11.2335,167.9038,0.688,0.000,1.000,0.0000,0.0000,0
2026-05-05,15:15:27,96891,1,1.5040,1.4404,0.0712,2.0949,8.2793,0,12.5202,188,1,63.6938,-35.1190,-2.5471,-7.7773,167.7525,0.656,0.000,1.000,0.0000,0.0000,0
2026-05-05,15:15:27,96927,1,0.8160,1.3154,0.0807,2.3743,8.2682,0,12.5202,102,1,62.2341,-44.0085,-2.6168,-3.8831,168.0161,0.720,0.000,1.000,0.0000,0.0000,0
2026-05-05,15:15:27,96962,1,0.8160,0.6360,0.0977,2.8721,8.2617,0,12.5202,102,1,60.6532,-47.7964,-2.5589,-1.0839,169.5815,0.784,0.000,1.000,0.0000,0.0000,0
2026-05-05,15:15:27,96997,1,0.8160,0.7667,0.1149,3.3801,8.2568,0,12.5202,102,1,59.4767,-27.0895,-2.1947,5.4470,171.4709,0.848,0.000,1.000,0.0000,0.0000,0
2026-05-05,15:15:27,97033,1,0.8160,0.8445,0.1213,3.5668,8.2511,0,12.5202,102,1,59.5546,-1.3334,-1.9817,1.8145,170.4060,0.912,0.000,1.000,0.0000,0.0000,0
2026-05-05,15:15:27,97068,1,0.8160,1.0288,0.0892,2.6240,8.2437,0,12.5202,102,1,59.6236,-0.3685,-2.7127,-15.4818,168.5797,0.976,0.000,1.000,0.0000,0.0000,0
2026-05-05,15:15:27,97103,1,0.8160,0.6618,0.1078,3.1708,8.2379,0,12.5202,102,1,59.9185,10.4075,-3.5275,-21.6233,168.3766,0.984,0.000,1.000,0.0000,0.0000,0
2026-05-05,15:15:27,97138,1,0.8160,0.8722,0.0998,2.9360,8.2318,0,12.5202,102,1,59.9827,1.3847,-4.1847,-20.6873,168.3095,0.952,0.000,1.000,0.0000,0.0000,0
2026-05-05,15:15:27,97177,1,0.8160,0.8208,0.0918,2.6996,8.2243,0,12.5202,102,1,59.7979,-6.5609,-4.4549,-16.8878,167.8234,0.928,0.000,1.000,0.0000,0.0000,0
2026-05-05,15:15:27,97213,1,0.8160,0.9632,0.0809,2.3795,8.2180,0,12.5202,102,1,59.6585,-1.9549,-4.8084,-12.6951,166.9775,0.896,0.000,1.000,0.0000,0.0000,0
2026-05-05,15:15:27,97249,1,0.8160,0.9062,0.0645,1.8965,8.2107,0,12.5202,102,1,59.9644,9.7737,-4.9555,-7.2669,166.7847,0.864,0.000,1.000,0.0000,0.0000,0
2026-05-05,15:15:27,97285,1,0.8160,0.7854,0.0759,2.2313,8.2047,0,12.5202,102,1,60.5692,15.2502,-4.9637,-2.7542,166.7088,0.832,0.000,1.000,0.0000,0.0000,0
2026-05-05,15:15:27,97321,1,0.8160,0.7780,0.0745,2.1917,8.1983,0,12.5202,102,1,60.2065,-17.8667,-5.1016,-4.4280,166.5060,0.800,0.000,1.000,0.0000,0.0000,0
2026-05-05,15:15:27,97357,1,0.8160,0.6049,0.1044,3.0714,8.1931,0,12.5202,102,1,58.8091,-39.1730,-5.4526,-8.5057,166.4117,0.840,0.000,1.000,0.0000,0.0000,0
2026-05-05,15:15:27,97393,1,0.8160,0.7471,0.1173,3.4491,8.1879,0,12.5202,102,1,58.0816,-15.8772,-5.6778,-6.4241,166.1895,0.904,0.000,1.000,0.0000,0.0000,0
2026-05-05,15:15:27,97429,1,0.8160,0.8513,0.1097,3.2268,8.1817,0,12.5202,102,1,58.4578,12.0443,-5.6402,-1.1871,165.5922,0.968,0.000,1.000,0.0000,0.0000,0
2026-05-05,15:15:27,97465,1,0.8160,0.6410,0.1324,3.8947,8.1760,0,12.5202,102,1,58.7452,10.4020,-5.6322,-0.2277,165.7850,0.960,0.000,1.000,0.0000,0.0000,0
2026-05-05,15:15:27,97500,1,0.8160,0.9127,0.1133,3.3334,8.1695,0,12.5202,102,1,59.0959,10.4607,-5.7063,-1.7002,165.8844,0.928,0.000,1.000,0.0000,0.0000,0
2026-05-05,15:15:27,97536,1,0.8160,0.8867,0.0975,2.8684,8.1623,0,12.5202,102,1,59.3886,10.4437,-5.7449,-1.3280,165.6812,0.896,0.000,1.000,0.0000,0.0000,0
2026-05-05,15:15:27,97572,1,0.8160,0.9268,0.0867,2.5486,8.1556,0,12.5202,103,1,59.8473,12.9097,-5.6884,0.7843,165.5812,0.864,0.000,1.000,0.0000,0.0000,0
2026-05-05,15:15:27,97607,1,0.8240,0.8556,0.0803,2.3623,8.1488,0,12.5202,103,1,59.9646,3.4449,-5.6903,-0.0832,165.5446,0.832,0.000,1.000,0.0000,0.0000,0
2026-05-05,15:15:27,97642,1,0.8240,0.7810,0.0977,2.8730,8.1434,0,12.5202,103,1,59.8652,-2.5371,-5.7500,-1.1247,165.3891,0.800,0.000,1.000,0.0000,0.0000,0
2026-05-05,15:15:27,97677,1,0.8240,0.7632,0.1037,3.0494,8.1376,0,12.5202,103,1,59.1972,-22.3740,-5.9285,-4.2218,165.3994,0.792,0.000,1.000,0.0000,0.0000,0
2026-05-05,15:15:27,97712,1,0.8240,0.6196,0.1296,3.8116,8.1324,0,12.5202,103,1,58.1178,-24.1916,-6.9518,-22.6116,165.5804,0.856,0.000,1.000,0.0000,0.0000,0
2026-05-05,15:15:27,97748,1,0.8240,0.7968,0.1422,4.1835,8.1272,0,12.5202,103,1,58.6558,23.1954,-7.4717,-16.9178,165.1136,0.896,0.000,1.000,0.0000,0.0000,0
2026-05-05,15:15:28,97784,1,0.8240,0.8922,0.1322,3.8868,8.1208,0,12.5202,103,1,59.2189,18.3075,-7.4889,-5.8560,164.7237,0.864,0.000,1.000,0.0000,0.0000,0
2026-05-05,15:15:28,97819,1,0.8240,0.7595,0.1371,4.0325,8.1145,0,12.5202,103,1,59.5371,10.6647,-7.2813,2.4787,165.0142,0.832,0.000,1.000,0.0000,0.0000,0
2026-05-05,15:15:28,97854,1,0.8240,0.9997,0.1118,3.2880,8.1074,0,12.5202,103,1,60.0550,21.0280,-7.1512,3.4879,164.6711,0.800,0.000,1.000,0.0000,0.0000,0
2026-05-05,15:15:28,97889,1,0.8240,0.7746,0.1112,3.2705,8.1007,0,12.5202,103,1,60.6809,18.2060,-7.0203,3.8121,164.7115,0.768,0.000,1.000,0.0000,0.0000,0
2026-05-05,15:15:28,97924,1,0.8240,0.7425,0.1323,3.8920,8.0958,0,12.5202,103,1,60.8668,3.7825,-6.9100,4.0620,164.9206,0.736,0.000,1.000,0.0000,0.0000,0
2026-05-05,15:15:28,97960,1,0.8160,0.7927,0.1351,3.9743,8.0896,0,12.5202,102,1,60.5025,-4.6625,-6.7606,4.7592,164.9246,0.704,0.000,1.000,0.0000,0.0000,0
2026-05-05,15:15:28,97995,1,0.8240,0.7913,0.1434,4.2167,8.0839,0,12.5202,103,1,60.7423,5.6252,-6.5725,5.3687,164.7642,0.672,0.000,1.000,0.0000,0.0000,0
2026-05-05,15:15:28,98031,1,0.8240,1.0106,0.1205,3.5444,8.0769,0,12.5202,103,1,61.2926,16.2557,-6.5291,2.7636,164.6145,0.640,0.000,1.000,0.0000,0.0000,0
2026-05-05,15:15:28,98067,1,0.8240,0.7241,0.1245,3.6621,8.0701,0,12.5202,103,1,61.5424,6.1078,-6.5829,-0.2799,164.7435,0.608,0.000,1.000,0.0000,0.0000,0
2026-05-05,15:15:28,98108,1,0.8240,0.9697,0.1061,3.1194,8.0625,0,12.5202,103,1,61.5877,2.7028,-6.6104,-0.6415,164.6058,0.584,0.000,1.000,0.0000,0.0000,0
2026-05-05,15:15:28,98144,1,0.8240,0.7160,0.1104,3.2469,8.0557,0,12.5202,103,1,61.8523,11.4563,-6.6863,-1.7669,164.7331,0.552,0.000,1.000,0.0000,0.0000,0
2026-05-05,15:15:28,98180,1,0.8240,0.7054,0.1241,3.6498,8.0502,0,12.5202,103,1,61.9728,-1.8208,-6.7032,-1.1002,165.0553,0.520,0.000,1.000,0.0000,0.0000,0
2026-05-05,15:15:28,98215,1,0.8240,0.7423,0.1410,4.1477,8.0450,0,12.5202,103,1,61.0033,-19.5376,-6.7992,-1.9551,165.1455,0.512,0.000,1.000,0.0000,0.0000,0
2026-05-05,15:15:28,98251,1,0.8240,0.7109,0.1480,4.3516,8.0392,0,12.5202,103,1,61.4079,14.7587,-6.7718,0.1661,164.4643,0.528,0.000,1.000,0.0000,0.0000,0
2026-05-05,15:15:28,98286,1,0.8240,0.9419,0.1289,3.7909,8.0323,0,12.5202,103,1,62.0109,24.6475,-6.7367,0.8305,164.3028,0.496,0.000,1.000,0.0000,0.0000,0
2026-05-05,15:15:28,98321,1,0.8240,0.8580,0.1252,3.6829,8.0257,0,12.5202,103,1,62.7612,18.5818,-6.6344,2.1621,164.9419,0.464,0.000,0.997,0.0000,0.0000,0
2026-05-05,15:15:28,98357,1,0.8240,0.9465,0.1150,3.3824,8.0193,0,12.5202,103,1,62.8502,3.9768,-6.5843,1.5233,164.6889,0.432,0.000,0.994,0.0000,0.0000,0
2026-05-05,15:15:28,98392,1,0.8160,0.9156,0.0988,2.9064,8.0120,0,12.5202,102,1,63.2629,15.2987,-6.6346,-0.1488,164.3060,0.400,0.000,1.000,0.0000,0.0000,0
2026-05-05,15:15:28,98428,1,0.8240,0.8683,0.1124,3.3047,8.0062,0,12.5202,103,1,63.7943,15.5629,-6.6142,0.5065,164.5418,0.368,0.000,1.000,0.0000,0.0000,0
2026-05-05,15:15:28,98464,1,0.8240,0.9921,0.0884,2.6005,7.9991,0,12.5202,103,1,64.1525,10.2362,-6.3840,5.1221,164.6998,0.336,0.000,1.000,0.0000,0.0000,0
2026-05-05,15:15:28,98499,1,0.8240,0.6678,0.1042,3.0661,7.9930,0,12.5202,103,1,64.3998,7.4125,-6.1131,7.0505,164.4030,0.304,0.000,1.000,0.0000,0.0000,0
2026-05-05,15:15:28,98534,1,0.8240,0.9497,0.0869,2.5546,7.9865,0,12.5202,103,1,64.5581,8.9849,-6.0281,3.9527,164.6505,0.272,0.000,1.000,0.0000,0.0000,0
2026-05-05,15:15:28,98569,1,0.8240,0.6980,0.0968,2.8467,7.9801,0,12.5202,103,1,64.7449,2.7045,-6.0904,0.1018,164.8826,0.240,0.000,1.000,0.0000,0.0000,0
2026-05-05,15:15:28,98605,1,0.8240,0.7266,0.1120,3.2950,7.9749,0,12.5202,103,1,64.3237,-12.1579,-6.1610,-1.3077,164.7028,0.208,0.000,1.000,0.0000,0.0000,0
2026-05-05,15:15:28,98641,1,0.8240,0.9169,0.1001,2.9439,7.9684,0,12.5202,103,1,63.9333,-8.4025,-6.2324,-1.8950,164.5034,0.224,0.000,1.000,0.0000,0.0000,0
2026-05-05,15:15:28,98677,1,0.8240,0.6907,0.1103,3.2452,7.9621,0,12.5202,103,1,64.2715,10.4249,-6.2979,-1.7297,164.4859,0.216,0.000,1.000,0.0000,0.0000,0
2026-05-05,15:15:28,98712,1,0.8240,0.8973,0.0948,2.7884,7.9555,0,12.5202,103,1,64.7224,13.6196,-6.3132,-0.8196,164.3653,0.184,0.000,0.998,0.0000,0.0000,0
2026-05-05,15:15:28,98747,1,0.8240,0.8019,0.0961,2.8273,7.9490,0,12.5202,103,1,64.8432,2.6227,-6.3293,-0.5272,164.5965,0.152,0.000,0.995,0.0000,0.0000,0
2026-05-05,15:15:29,98783,1,0.8240,0.9334,0.0815,2.3983,7.9425,0,12.5202,103,1,65.0124,5.3301,-6.2165,2.3239,164.2708,0.120,0.000,0.992,0.0000,0.0000,0
2026-05-05,15:15:29,98818,1,0.8240,0.8552,0.0762,2.2404,7.9358,0,12.5202,103,1,65.3379,9.2900,-6.0877,3.1803,164.4666,0.088,0.000,1.000,0.0000,0.0000,0
2026-05-05,15:15:29,98854,1,0.8240,0.8746,0.0818,2.4068,7.9297,0,12.5202,103,1,65.7154,9.4484,-6.0555,1.4944,164.5507,0.056,0.000,1.000,0.0000,0.0000,0
2026-05-05,15:15:29,98890,1,0.8240,0.8067,0.0819,2.4083,7.9233,0,12.5202,103,1,65.6899,-1.6475,-6.1095,-0.8419,164.6461,0.024,0.000,1.000,0.0000,0.0000,0
2026-05-05,15:15:29,98925,1,0.8240,0.6860,0.1025,3.0135,7.9180,0,12.5202,103,1,65.6027,-3.0292,-6.1708,-1.4464,164.8570,0.000,0.000,0.999,0.0000,0.0000,0
2026-05-05,15:15:29,98960,1,0.8240,0.8957,0.0941,2.7669,7.9119,0,12.5202,103,1,65.1339,-13.9478,-6.1219,0.5404,165.0155,0.000,0.000,0.996,0.0000,0.0000,0
2026-05-05,15:15:29,98996,1,0.8240,0.8842,0.0852,2.5054,7.9049,0,12.5202,103,1,64.9686,-3.7598,-5.9276,3.6493,164.9573,0.064,0.000,0.993,0.0000,0.0000,0
2026-05-05,15:15:29,99031,1,0.8240,0.7886,0.1080,3.1763,7.8998,0,12.5202,103,1,64.9999,-0.9110,-5.8254,3.2679,165.1581,0.088,0.000,0.990,0.0000,0.0000,0
2026-05-05,15:15:29,99068,1,0.8160,0.9904,0.0840,2.4707,7.8927,0,12.5202,102,1,65.0246,0.0014,-6.0210,-3.1712,165.3218,0.056,0.000,0.987,0.0000,0.0000,0
2026-05-05,15:15:29,99103,1,0.8240,0.6170,0.1072,3.1529,7.8866,0,12.5202,103,1,64.9442,-3.9494,-6.1100,-2.9834,165.3129,0.024,0.000,0.984,0.0000,0.0000,0
2026-05-05,15:15:29,99140,1,0.8240,0.7389,0.1128,3.3167,7.8811,0,12.5202,103,1,64.9847,-0.9872,-6.0821,-0.6282,166.2421,0.000,0.000,0.981,0.0000,0.0000,0
2026-05-05,15:15:29,99175,1,0.8240,0.8193,0.1161,3.4138,7.8751,0,12.5202,103,1,64.5007,-14.5413,-5.9370,1.5235,167.9729,0.016,0.000,0.978,0.0000,0.0000,0
2026-05-05,15:15:29,99210,1,0.8240,0.7267,0.1399,4.1159,7.8700,0,12.5202,103,1,64.1996,-10.9924,-5.7110,3.2529,168.5451,0.080,0.000,0.974,0.0000,0.0000,0
2026-05-05,15:15:29,99245,1,0.8240,0.8888,0.1368,4.0222,7.8641,0,12.5202,103,1,64.1667,-1.8127,-5.8092,-2.6803,168.0861,0.144,0.000,1.000,0.0000,0.0000,0
2026-05-05,15:15:29,99281,1,0.8320,0.8818,0.1221,3.5923,7.8571,0,12.5202,104,1,64.1541,-1.1297,-6.1936,-9.9911,167.4023,0.112,0.000,1.000,0.0000,0.0000,0
2026-05-05,15:15:29,99316,1,0.8320,0.8767,0.1179,3.4677,7.8505,0,12.5202,104,1,64.2647,6.8250,-6.7475,-14.5968,166.6286,0.080,0.000,1.000,0.0000,0.0000,0
2026-05-05,15:15:29,99351,1,0.8320,0.8542,0.1181,3.4749,7.8441,0,12.5202,104,1,64.6812,10.2630,-6.9973,-9.9428,166.7412,0.048,0.000,0.997,0.0000,0.0000,0
2026-05-05,15:15:29,99386,1,0.8240,0.7480,0.1418,4.1710,7.8389,0,12.5202,103,1,64.4516,-7.3760,-7.0364,-5.0214,167.7634,0.016,0.000,0.994,0.0000,0.0000,0
2026-05-05,15:15:29,99421,1,0.8240,0.7693,0.1448,4.2593,7.8330,0,12.5202,103,1,63.9080,-15.4127,-7.0224,-2.7225,169.0548,0.016,0.000,1.000,0.0000,0.0000,0
2026-05-05,15:15:29,99456,1,0.8240,0.6491,0.1638,4.8181,7.8275,0,12.5202,103,1,63.5037,-4.6521,-6.9241,-0.5096,169.9547,0.080,0.000,1.000,0.0000,0.0000,0
2026-05-05,15:15:29,99491,1,0.8240,0.8134,0.1742,5.1221,7.8223,0,12.5202,103,1,63.7108,4.7875,-6.9102,-1.1595,169.9385,0.096,0.000,1.000,0.0000,0.0000,0
2026-05-05,15:15:29,99527,1,0.8240,1.0549,0.1382,4.0643,7.8149,0,12.5202,103,1,63.6712,0.8128,-7.1287,-7.0729,168.8129,0.064,0.000,1.000,0.0000,0.0000,0
2026-05-05,15:15:29,99562,1,0.8240,1.0553,0.1152,3.3885,7.8074,0,12.5202,103,1,64.1498,17.8453,-7.7615,-16.2703,167.0896,0.032,0.000,1.000,0.0000,0.0000,0
2026-05-05,15:15:29,99598,1,0.8240,1.2331,0.0545,1.6039,7.7982,0,12.5202,103,1,65.1467,30.2130,-8.4783,-19.7562,166.6021,0.000,0.000,1.000,0.0000,0.0000,0
2026-05-05,15:15:29,99634,1,0.8240,0.5566,0.1008,2.9638,7.7926,0,12.5202,103,1,65.4714,-2.7581,-9.0365,-18.7688,166.5334,0.000,0.000,1.000,0.0000,0.0000,0
2026-05-05,15:15:29,99670,1,0.8240,0.4895,0.1576,4.6357,7.7892,0,12.5202,103,1,63.0662,-60.3834,-9.3571,-12.4458,154.6658,0.032,0.000,1.000,0.0000,0.0000,0
2026-05-05,15:15:29,99706,1,0.8240,0.7855,0.1623,4.7731,7.7839,0,12.5202,103,1,62.8340,2.9488,-8.5993,9.2360,134.3656,0.096,0.000,1.000,0.0000,0.0000,0
2026-05-05,15:15:29,99741,1,0.8240,0.9420,0.1571,4.6220,7.7778,0,12.5202,103,1,63.1534,5.0551,-8.2635,5.1733,137.2964,0.160,0.000,1.000,0.0000,0.0000,0
2026-05-05,15:15:29,99776,1,0.8240,1.2146,0.0945,2.7790,7.7692,0,12.5202,103,1,63.6908,22.1275,-9.1531,-16.7087,140.2806,0.128,0.000,1.000,0.0000,0.0000,0
2026-05-05,15:15:30,99812,1,0.8240,0.8607,0.0923,2.7160,7.7617,0,12.5202,103,1,64.4180,20.1071,-9.8932,-20.5200,144.1047,0.096,0.000,1.000,0.0000,0.0000,0
2026-05-05,15:15:30,99847,1,0.8240,0.9933,0.0667,1.9626,7.7546,0,12.5202,103,1,64.6138,4.0328,-10.3158,-15.5395,146.6475,0.064,0.000,1.000,0.0000,0.0000,0
2026-05-05,15:15:30,99883,1,0.8240,0.5921,0.0940,2.7634,7.7487,0,12.5202,103,1,64.5421,-0.2414,-10.7477,-14.3993,148.8291,0.032,0.000,1.000,0.0000,0.0000,0
2026-05-05,15:15:30,99918,1,0.8240,0.4200,0.1374,4.0413,7.7443,0,12.5202,103,1,63.5150,-31.5674,-11.3504,-17.5522,151.3619,0.024,0.000,1.000,0.0000,0.0000,0
2026-05-05,15:15:30,99957,1,0.8240,0.7637,0.1498,4.4052,7.7392,0,12.5202,103,1,62.6042,-10.1176,-11.7404,-15.1033,151.6673,0.072,0.000,1.000,0.0000,0.0000,0
2026-05-05,15:15:30,99992,1,0.8240,0.8929,0.1357,3.9906,7.7324,0,12.5202,103,1,63.2575,14.6722,-11.9473,-9.6454,152.8596,0.112,0.000,1.000,0.0000,0.0000,0
2026-05-05,15:15:30,100028,1,0.8240,1.0696,0.0939,2.7610,7.7245,0,12.5202,103,1,64.0352,28.7831,-12.0758,-5.5286,154.1856,0.080,0.000,1.000,0.0000,0.0000,0
2026-05-05,15:15:30,100063,1,0.8240,0.6336,0.1171,3.4442,7.7183,0,12.5202,103,1,64.8582,21.0146,-12.0707,-1.7621,155.2261,0.048,0.000,1.000,0.0000,0.0000,0
2026-05-05,15:15:30,100099,1,0.8160,0.6767,0.1338,3.9340,7.7130,0,12.5202,102,1,63.7640,-37.4749,-12.3356,-6.6767,156.1082,0.016,0.000,1.000,0.0000,0.0000,0
2026-05-05,15:15:30,100133,1,0.8240,0.5916,0.1539,4.5258,7.7078,0,12.5202,103,1,62.2138,-29.4445,-12.8871,-12.6084,156.8121,0.080,0.000,1.000,0.0000,0.0000,0
2026-05-05,15:15:30,100169,1,0.8240,0.6173,0.1845,5.4275,7.7032,0,12.5202,103,1,63.6459,49.8052,-13.0517,-6.5094,155.8317,0.096,0.000,1.000,0.0000,0.0000,0
2026-05-05,15:15:30,100205,1,0.8240,0.9497,0.1674,4.9232,7.6968,0,12.5202,103,1,64.7862,34.4471,-12.9575,0.1914,155.8125,0.064,0.000,1.000,0.0000,0.0000,0
2026-05-05,15:15:30,100240,1,0.8240,0.8114,0.1633,4.8023,7.6900,0,12.5202,103,1,65.3427,16.4686,-12.9692,-0.3838,156.0336,0.032,0.000,1.000,0.0000,0.0000,0
2026-05-05,15:15:30,100275,1,0.8240,0.8891,0.1597,4.6973,7.6839,0,12.5202,103,1,65.4253,1.6649,-13.1066,-2.6776,156.1326,0.000,0.000,1.000,0.0000,0.0000,0
2026-05-05,15:15:30,100310,1,0.8240,0.9642,0.1412,4.1527,7.6769,0,12.5202,103,1,65.5185,13.4456,-13.4212,-6.3521,155.6856,0.000,0.000,1.000,0.0000,0.0000,0
2026-05-05,15:15:30,100345,1,0.8240,0.6753,0.1721,5.0627,7.6718,0,12.5202,103,1,66.1356,18.9530,-13.6417,-5.5821,154.7964,0.000,0.000,1.000,0.0000,0.0000,0
2026-05-05,15:15:30,100380,1,0.8240,0.8508,0.1639,4.8197,7.6655,0,12.5202,103,1,66.1651,1.7549,-13.8319,-4.5913,153.7754,0.000,0.000,1.000,0.0000,0.0000,0
2026-05-05,15:15:30,100416,1,0.8240,0.6184,0.1863,5.4807,7.6598,0,12.5202,103,1,66.4399,20.6922,-14.1562,-6.5108,151.3974,0.000,0.000,1.000,0.0000,0.0000,0
2026-05-05,15:15:30,100452,1,0.8240,0.8169,0.1858,5.4637,7.6540,0,12.5202,103,1,67.1228,22.6426,-14.3417,-3.3816,150.3581,0.000,0.000,1.000,0.0000,0.0000,0
2026-05-05,15:15:30,100488,1,0.8240,0.9220,0.1643,4.8317,7.6469,0,12.5202,103,1,67.6155,20.2421,-14.3589,1.0093,150.4544,0.000,0.000,1.000,0.0000,0.0000,0
2026-05-05,15:15:30,100523,1,0.8240,0.8286,0.1780,5.2343,7.6411,0,12.5202,103,1,68.4710,27.7562,-14.1050,6.9980,149.8460,0.000,0.000,1.000,0.0000,0.0000,0
2026-05-05,15:15:30,100558,1,0.8240,0.8236,0.1710,5.0295,7.6346,0,12.5202,103,1,69.0966,22.3871,-13.7129,11.5993,149.1351,0.000,0.000,1.000,0.0000,0.0000,0
2026-05-05,15:15:30,100593,1,0.8240,0.7615,0.1641,4.8254,7.6279,0,12.5202,103,1,69.7426,30.0638,-13.3883,12.1324,147.8520,0.000,0.000,1.000,0.0000,0.0000,0
2026-05-05,15:15:30,100629,1,0.8240,0.9053,0.1633,4.8015,7.6219,0,12.5202,103,1,71.2089,44.4482,-13.0880,12.0948,144.2261,0.000,0.000,1.000,0.0000,0.0000,0
2026-05-05,15:15:30,100664,1,0.8240,0.8226,0.1700,4.9997,7.6159,0,12.5202,103,1,71.4286,13.2090,-12.9861,8.3300,141.4984,0.000,0.000,1.000,0.0000,0.0000,0
2026-05-05,15:15:30,100700,1,0.8160,0.8330,0.1846,5.4291,7.6103,0,12.5202,102,1,72.9292,56.4021,-12.8194,9.9214,133.0507,0.000,0.000,1.000,0.0000,0.0000,0
2026-05-05,15:15:30,100736,1,0.8080,0.8998,0.1755,5.1612,7.6039,0,12.5202,101,1,74.2383,38.6233,-12.3312,17.2331,130.9110,0.000,0.000,1.000,0.0000,0.0000,0
2026-05-05,15:15:30,100771,1,0.8080,0.8488,0.1659,4.8795,7.5972,0,12.5202,101,1,75.4814,45.7980,-11.5860,24.9271,116.2066,0.000,0.000,1.000,0.0000,0.0000,0
2026-05-05,15:15:31,100807,1,0.8240,1.0867,0.1314,3.8658,7.5897,0,12.5202,103,1,76.7533,41.9843,-10.4407,36.4650,86.4765,0.000,0.000,1.000,0.0000,0.0000,0
2026-05-05,15:15:31,100843,1,0.8240,0.8247,0.1278,3.7589,7.5825,0,12.5202,103,1,77.6652,32.2479,-8.9113,47.7290,56.1213,0.000,0.000,1.000,0.0000,0.0000,0
2026-05-05,15:15:31,100881,1,0.8240,0.6480,0.1542,4.5358,7.5770,0,12.5202,103,1,78.0638,21.9135,-8.5547,41.5691,58.9238,0.000,0.000,1.000,0.0000,0.0000,0
2026-05-05,15:15:31,100916,1,0.8240,0.6018,0.1860,5.4716,7.5723,0,12.5202,103,1,79.1128,36.3914,-6.7235,55.8567,66.9292,0.000,0.000,1.000,0.0000,0.0000,0
2026-05-05,15:15:31,100952,1,0.8240,0.8382,0.1808,5.3177,7.5663,0,12.5202,103,1,80.8036,49.1041,-4.7374,65.5457,31.1520,0.000,0.000,1.000,0.0000,0.0000,0
2026-05-05,15:15:31,100987,1,0.8240,1.2309,0.1212,3.5647,7.5579,0,12.5202,103,1,81.6552,13.7130,-2.2307,77.2883,-2.9891,0.000,0.000,1.000,0.0000,0.0000,0
2026-05-05,15:15:31,101023,1,0.8240,0.4056,0.1619,4.7627,7.5515,0,12.5202,103,1,80.9705,-21.4187,0.4925,81.9975,-30.6089,0.000,0.000,1.000,0.0000,0.0000,0
2026-05-05,15:15:31,101058,1,0.8240,0.3727,0.2295,6.7513,7.5488,0,12.5202,103,1,80.9683,10.4011,3.2139,86.3287,-30.3318,0.000,0.000,1.000,0.0000,0.0000,0
2026-05-05,15:15:31,101093,1,0.8240,0.8252,0.2390,7.0293,7.5444,0,12.5202,103,1,81.7555,19.9508,5.7208,83.4629,-31.6273,0.000,0.000,1.000,0.0000,0.0000,0
2026-05-05,15:15:31,101128,1,0.8240,1.1513,0.1784,5.2467,7.5359,0,12.5202,103,1,82.1706,9.1517,8.2850,82.1934,-52.4750,0.000,0.000,1.000,0.0000,0.0000,0
2026-05-05,15:15:31,101164,1,0.8240,1.1436,0.1302,3.8283,7.5269,0,12.5202,103,1,82.3368,1.2353,11.0331,86.2584,-69.7366,0.000,0.000,1.000,0.0000,0.0000,0
2026-05-05,15:15:31,101199,1,0.8240,0.4783,0.1791,5.2689,7.5216,0,12.5202,103,1,82.3944,1.7419,13.3597,77.5241,-59.8563,0.000,0.000,1.000,0.0000,0.0000,0
2026-05-05,15:15:31,101235,1,0.8240,0.5533,0.2239,6.5855,7.5179,0,12.5202,103,1,82.8348,10.4663,14.8080,57.9727,-30.9328,0.000,0.000,1.000,0.0000,0.0000,0
2026-05-05,15:15:31,101270,1,0.8240,0.9202,0.2021,5.9450,7.5116,0,12.5202,103,1,82.2163,-29.3665,15.5478,38.5831,-32.2566,0.000,0.000,1.000,0.0000,0.0000,0
2026-05-05,15:15:31,101305,1,0.8240,0.9695,0.1808,5.3179,7.5044,0,12.5202,103,1,80.8405,-43.6098,16.9316,46.1674,-52.8226,0.064,0.000,1.000,0.0000,0.0000,0
2026-05-05,15:15:31,101341,1,0.8240,0.8126,0.1692,4.9758,7.4970,0,12.5202,103,1,80.6323,-7.7221,19.1906,63.0434,-68.8379,0.128,0.000,1.000,0.0000,0.0000,0
2026-05-05,15:15:31,101377,1,0.8240,0.5058,0.2055,6.0447,7.4918,0,12.5202,103,1,80.5820,-7.9721,21.0335,58.9222,-45.1009,0.192,0.000,1.000,0.0000,0.0000,0
2026-05-05,15:15:31,101413,1,0.8240,0.8815,0.2129,6.2626,7.4868,0,12.5202,103,1,80.2065,-22.3821,22.0630,42.5777,-35.2956,0.256,0.000,1.000,0.0000,0.0000,0
2026-05-05,15:15:31,101449,1,0.8240,1.0859,0.1716,5.0470,7.4790,0,12.5202,103,1,79.2023,-35.7816,22.7917,32.7351,-56.7544,0.320,0.000,1.000,0.0000,0.0000,0
2026-05-05,15:15:31,101484,1,0.8240,0.9023,0.1642,4.8302,7.4719,0,12.5202,103,1,78.5243,-22.9964,24.1140,39.5800,-72.7484,0.384,0.000,1.000,0.0000,0.0000,0
2026-05-05,15:15:31,101520,1,0.8240,0.8917,0.1516,4.4581,7.4650,0,12.5202,103,1,78.1170,-18.9574,25.4871,40.8619,-67.4869,0.448,0.000,1.000,0.0000,0.0000,0
2026-05-05,15:15:31,101556,1,0.8240,0.7026,0.1696,4.9890,7.4591,0,12.5202,103,1,77.4911,-22.7544,26.3203,31.6122,-52.7784,0.512,0.000,1.000,0.0000,0.0000,0
2026-05-05,15:15:31,101591,1,0.8240,1.0207,0.1261,3.7082,7.4513,0,12.5202,103,1,76.9472,-23.6978,26.9365,24.6379,-71.3920,0.576,0.000,1.000,0.0000,0.0000,0
2026-05-05,15:15:31,101627,1,0.8240,0.6343,0.1393,4.0958,7.4448,0,12.5202,103,1,76.1610,-29.7553,27.5925,22.8618,-87.0140,0.640,0.000,1.000,0.0000,0.0000,0
2026-05-05,15:15:31,101662,1,0.8240,0.5968,0.1800,5.2944,7.4406,0,12.5202,103,1,75.4170,-24.9352,28.2804,22.5935,-54.2484,0.704,0.000,1.000,0.0000,0.0000,0
2026-05-05,15:15:31,101697,1,0.8240,0.8305,0.1732,5.0953,7.4348,0,12.5202,103,1,74.4062,-39.1593,28.6502,15.8949,-35.0156,0.768,0.000,1.000,0.0000,0.0000,0
2026-05-05,15:15:31,101733,1,0.8240,0.7938,0.1643,4.8324,7.4281,0,12.5202,103,1,73.1032,-43.5867,29.0401,15.6080,-55.5256,0.832,0.000,1.000,0.0000,0.0000,0
2026-05-05,15:15:31,101769,1,0.8160,0.9498,0.1397,4.1079,7.4206,0,12.5202,102,1,72.4708,-27.0555,29.8227,20.6055,-73.0406,0.896,0.000,1.000,0.0000,0.0000,0
2026-05-05,15:15:32,101807,1,0.8160,0.6827,0.1452,4.2703,7.4140,0,12.5202,102,1,72.3247,-17.0573,30.1923,17.3135,-81.2942,0.944,0.000,1.000,0.0000,0.0000,0
2026-05-05,15:15:32,101843,1,0.8240,1.1536,0.1013,2.9803,7.4062,0,12.5202,103,1,71.7138,-21.4639,30.8284,18.7831,-95.2168,1.000,0.000,1.000,0.0000,0.0000,0
2026-05-05,15:15:32,101878,1,0.8240,1.0289,0.0610,1.7936,7.3976,0,12.5202,103,1,71.9161,2.9273,31.4852,19.9452,-106.7788,1.000,0.000,1.000,0.0000,0.0000,0
2026-05-05,15:15:32,101913,1,0.8240,1.0526,0.0263,0.7725,7.3895,0,12.5202,103,1,73.1993,26.3508,32.2588,21.7796,-96.4831,0.984,0.000,1.000,0.0000,0.0000,0
2026-05-05,15:15:32,101948,1,0.8160,0.6689,0.0516,1.5180,7.3838,0,12.5202,102,1,73.0345,-20.8794,32.9509,20.6132,-55.7283,0.952,0.000,1.000,0.0000,0.0000,0
2026-05-05,15:15:32,101984,1,0.8160,0.8045,0.0513,1.5082,7.3780,0,12.5202,102,1,70.5531,-96.3225,33.4626,17.1023,-34.1412,0.992,0.000,1.000,0.0000,0.0000,0
2026-05-05,15:15:32,102019,1,0.8160,0.8900,0.0438,1.2896,7.3715,0,12.5202,102,1,66.5145,-121.8094,33.6822,10.6849,-41.6411,1.000,0.000,1.000,0.0000,0.0000,0
2026-05-05,15:15:32,102054,1,0.8240,0.6756,0.0752,2.2125,7.3666,0,12.5202,103,1,63.6524,-78.7285,33.8377,7.8930,-8.7877,1.000,0.000,1.000,0.0000,0.0000,0
2026-05-05,15:15:32,102089,1,0.8240,0.9101,0.0639,1.8806,7.3604,0,12.5202,103,1,62.6426,-25.4399,34.0813,8.1329,-27.6221,1.000,0.000,1.000,0.0000,0.0000,0
2026-05-05,15:15:32,102124,1,0.8240,0.8851,0.0445,1.3092,7.3533,0,12.5202,103,1,62.7827,5.3137,34.5816,15.2062,-49.4515,1.000,0.000,1.000,0.0000,0.0000,0
2026-05-05,15:15:32,102159,1,0.8160,0.8183,0.0545,1.6044,7.3474,0,12.5202,102,1,63.6194,13.5284,35.6309,24.5907,-40.8218,1.000,0.000,1.000,0.0000,0.0000,0
2026-05-05,15:15:32,102195,1,0.8240,0.9461,0.0420,1.2347,7.3407,0,12.5202,103,1,62.7366,-36.1578,36.1300,17.8929,-8.4370,1.000,0.000,1.000,0.0000,0.0000,0
2026-05-05,15:15:32,102231,1,0.8240,0.8197,0.0497,1.4612,7.3345,0,12.5202,103,1,61.7603,-28.6521,36.4275,12.1395,-21.2162,1.000,0.000,1.000,0.0000,0.0000,0
2026-05-05,15:15:32,102267,1,0.8240,0.9327,0.0358,1.0531,7.3277,0,12.5202,103,1,61.4612,-15.4120,36.7109,9.6936,-44.6410,1.000,0.000,1.000,0.0000,0.0000,0
2026-05-05,15:15:32,102302,1,0.8240,0.6672,0.0490,1.4408,7.3216,0,12.5202,103,1,61.1296,-10.0832,37.0263,9.9473,-11.4973,1.000,0.000,1.000,0.0000,0.0000,0
2026-05-05,15:15:32,102338,1,0.8240,0.8557,0.0368,1.0830,7.3151,0,12.5202,103,1,61.3391,-2.5635,37.4786,12.2319,-3.9994,1.000,0.000,1.000,0.0000,0.0000,0
2026-05-05,15:15:32,102374,1,0.8240,0.8248,0.0309,0.9099,7.3083,0,12.5202,103,1,61.0151,-16.7432,37.9711,13.7103,-16.2077,1.000,0.000,1.000,0.0000,0.0000,0
2026-05-05,15:15:32,102409,1,0.8240,0.8858,0.0298,0.8763,7.3023,0,12.5202,103,1,60.9577,-11.1762,38.5637,16.1002,-0.0455,1.000,0.000,1.000,0.0000,0.0000,0
2026-05-05,15:15:32,102445,1,0.8240,0.8433,0.0234,0.6873,7.2956,0,12.5202,103,1,60.3318,-31.2317,39.0437,14.7996,26.3418,0.968,0.000,1.000,0.0000,0.0000,0
2026-05-05,15:15:32,102481,1,0.8240,0.7324,0.0400,1.1768,7.2899,0,12.5202,103,1,59.3132,-42.3018,39.6114,16.6816,49.0945,1.000,0.000,1.000,0.0000,0.0000,0
2026-05-05,15:15:32,102516,1,0.8240,0.9549,0.0239,0.7024,7.2833,0,12.5202,103,1,57.0343,-78.8816,40.2196,18.0962,68.2301,0.992,0.000,1.000,0.0000,0.0000,0
2026-05-05,15:15:32,102551,1,0.8240,0.7246,0.0353,1.0381,7.2771,0,12.5202,103,1,54.6886,-69.7905,40.8768,20.2003,84.4644,1.000,0.000,1.000,0.0000,0.0000,0
2026-05-05,15:15:32,102587,1,0.8240,0.8224,0.0376,1.1044,7.2714,0,12.5202,103,1,52.5672,-73.4056,41.4038,17.5270,98.5283,1.000,0.000,1.000,0.0000,0.0000,0
2026-05-05,15:15:32,102623,1,0.8240,0.8579,0.0348,1.0242,7.2649,0,12.5202,103,1,48.7219,-114.4997,41.5454,9.3239,110.5234,1.000,0.000,1.000,0.0000,0.0000,0
2026-05-05,15:15:32,102659,1,0.8240,0.6250,0.0714,2.0995,7.2599,0,12.5202,103,1,45.8305,-68.6541,41.5073,3.1425,99.8848,1.000,0.000,1.000,0.0000,0.0000,0
2026-05-05,15:15:32,102696,1,0.8240,0.8596,0.0633,1.8620,7.2537,0,12.5202,103,1,45.5516,6.5276,41.5100,1.2480,58.8040,1.000,0.000,1.000,0.0000,0.0000,0
2026-05-05,15:15:32,102731,1,0.8240,0.8495,0.0575,1.6910,7.2471,0,12.5202,103,1,46.1593,15.2075,41.7206,2.7432,52.2874,1.000,0.000,1.000,0.0000,0.0000,0
2026-05-05,15:15:32,102767,1,0.8240,0.8860,0.0562,1.6525,7.2409,0,12.5202,103,1,48.0824,49.0743,41.7467,-0.1664,50.3229,0.984,0.000,1.000,0.0000,0.0000,0
2026-05-05,15:15:33,102802,1,0.8240,0.9378,0.0440,1.2954,7.2341,0,12.5202,103,1,48.7511,17.3428,41.5851,-4.2318,50.8062,0.952,0.000,1.000,0.0000,0.0000,0
2026-05-05,15:15:33,102837,1,0.8240,0.7910,0.0599,1.7624,7.2283,0,12.5202,103,1,49.0248,10.4289,41.5284,-3.3744,70.2943,0.920,0.000,1.000,0.0000,0.0000,0
2026-05-05,15:15:33,102873,1,0.8240,0.8941,0.0526,1.5458,7.2220,0,12.5202,103,1,49.2613,8.2019,41.5168,-2.0490,73.7750,0.888,0.000,1.000,0.0000,0.0000,0
2026-05-05,15:15:33,102908,1,0.8240,0.7399,0.0565,1.6628,7.2156,0,12.5202,103,1,49.5189,7.9242,41.3750,-5.0223,89.4481,0.856,0.000,1.000,0.0000,0.0000,0
2026-05-05,15:15:33,102943,1,0.8240,0.8738,0.0464,1.3647,7.2092,0,12.5202,103,1,49.9860,14.8208,41.0718,-8.5262,102.6307,0.824,0.000,1.000,0.0000,0.0000,0
2026-05-05,15:15:33,102979,1,0.8240,0.8444,0.0376,1.1052,7.2024,0,12.5202,103,1,50.4496,12.1899,40.7448,-9.7076,100.6774,0.792,0.000,1.000,0.0000,0.0000,0
2026-05-05,15:15:33,103015,1,0.8240,0.8850,0.0393,1.1549,7.1963,0,12.5202,103,1,51.3934,27.8987,40.6036,-6.2668,105.1922,0.760,0.000,1.000,0.0000,0.0000,0
2026-05-05,15:15:33,103051,1,0.8240,0.8737,0.0251,0.7389,7.1892,0,12.5202,103,1,52.4964,25.3254,40.7834,0.7755,116.2504,0.728,0.000,1.000,0.0000,0.0000,0
2026-05-05,15:15:33,103087,1,0.8240,0.7252,0.0421,1.2394,7.1834,0,12.5202,103,1,53.0314,7.6373,41.0565,5.2433,125.5461,0.696,0.000,1.000,0.0000,0.0000,0
2026-05-05,15:15:33,103123,1,0.8240,0.8596,0.0335,0.9856,7.1768,0,12.5202,103,1,51.6210,-55.4203,41.3817,7.6518,126.5488,0.688,0.000,1.000,0.0000,0.0000,0
2026-05-05,15:15:33,103159,1,0.8320,0.6845,0.0523,1.5368,7.1709,0,12.5202,104,1,48.4898,-88.4494,41.7748,9.5707,122.2987,0.752,0.000,1.000,0.0000,0.0000,0
2026-05-05,15:15:33,103195,1,0.8320,0.7889,0.0637,1.8728,7.1656,0,12.5202,104,1,45.7437,-75.6573,42.1186,8.5312,125.6222,0.816,0.000,1.000,0.0000,0.0000,0
2026-05-05,15:15:33,103230,1,0.8320,0.9166,0.0532,1.5634,7.1592,0,12.5202,104,1,44.1323,-30.3832,42.3141,5.1510,134.4946,0.880,0.000,1.000,0.0000,0.0000,0
2026-05-05,15:15:33,103267,1,0.8320,0.7184,0.0714,2.0995,7.1532,0,12.5202,104,1,46.0645,60.6883,42.1213,-3.8056,140.9191,0.944,0.000,1.000,0.0000,0.0000,0
2026-05-05,15:15:33,103302,1,0.8320,0.8971,0.0576,1.6954,7.1465,0,12.5202,104,1,48.2635,59.9389,41.4110,-16.8894,132.6572,0.912,0.000,1.000,0.0000,0.0000,0
2026-05-05,15:15:33,103337,1,0.8320,0.8078,0.0592,1.7425,7.1401,0,12.5202,104,1,48.9853,20.2964,40.6068,-22.2213,139.3586,0.880,0.000,1.000,0.0000,0.0000,0
2026-05-05,15:15:33,103372,1,0.8320,0.8412,0.0691,2.0323,7.1346,0,12.5202,104,1,49.4714,17.6105,40.0448,-18.9495,138.1253,0.848,0.000,1.000,0.0000,0.0000,0
2026-05-05,15:15:33,103407,1,0.8320,0.8674,0.0641,1.8852,7.1281,0,12.5202,104,1,49.4685,1.1907,39.6797,-14.0170,90.9408,0.816,0.000,1.000,0.0000,0.0000,0
2026-05-05,15:15:33,103443,1,0.8320,0.7862,0.0770,2.2647,7.1222,0,12.5202,104,1,49.5322,3.5697,39.6355,-6.3900,98.2250,0.784,0.000,1.000,0.0000,0.0000,0
2026-05-05,15:15:33,103479,1,0.8320,0.8665,0.0731,2.1496,7.1158,0,12.5202,104,1,49.8285,12.0533,39.5974,-4.4289,96.5127,0.752,0.000,1.000,0.0000,0.0000,0
2026-05-05,15:15:33,103514,1,0.8320,0.7998,0.0743,2.1855,7.1095,0,12.5202,104,1,50.3336,14.3650,39.4873,-4.4626,109.0060,0.720,0.000,1.000,0.0000,0.0000,0
2026-05-05,15:15:33,103549,1,0.8320,0.8909,0.0693,2.0381,7.1032,0,12.5202,104,1,50.6984,11.8643,39.2930,-6.1327,119.1395,0.688,0.000,1.000,0.0000,0.0000,0
2026-05-05,15:15:33,103584,1,0.8320,0.9348,0.0559,1.6428,7.0962,0,12.5202,104,1,50.9518,8.1315,39.0369,-7.0733,93.7899,0.656,0.000,1.000,0.0000,0.0000,0
2026-05-05,15:15:33,103620,1,0.8320,0.8670,0.0591,1.7394,7.0900,0,12.5202,104,1,51.5187,16.6417,38.9324,-4.6174,100.1423,0.624,0.000,1.000,0.0000,0.0000,0
2026-05-05,15:15:33,103659,1,0.8320,0.9005,0.0434,1.2752,7.0823,0,12.5202,104,1,52.1589,14.6354,39.0822,-1.8727,106.1576,0.600,0.000,1.000,0.0000,0.0000,0
2026-05-05,15:15:33,103695,1,0.8320,0.7787,0.0552,1.6227,7.0763,0,12.5202,104,1,52.9340,21.1923,39.1391,-0.1924,116.6736,0.568,0.000,1.000,0.0000,0.0000,0
2026-05-05,15:15:33,103731,1,0.8320,0.9044,0.0434,1.2766,7.0695,0,12.5202,104,1,52.6846,-14.7898,39.2847,3.0887,125.9545,0.536,0.000,1.000,0.0000,0.0000,0
2026-05-05,15:15:33,103766,1,0.8320,0.6875,0.0591,1.7375,7.0636,0,12.5202,104,1,51.9853,-20.3090,39.5967,7.2573,113.3889,0.528,0.000,1.000,0.0000,0.0000,0
2026-05-05,15:15:34,103802,1,0.8320,0.8060,0.0639,1.8793,7.0579,0,12.5202,104,1,51.1852,-27.3967,39.8654,6.9717,103.5169,0.592,0.000,1.000,0.0000,0.0000,0
2026-05-05,15:15:34,103837,1,0.8320,0.9184,0.0544,1.6009,7.0515,0,12.5202,104,1,49.8294,-33.1140,40.1395,7.2585,115.1459,0.656,0.000,1.000,0.0000,0.0000,0
2026-05-05,15:15:34,103873,1,0.8320,0.8150,0.0689,2.0268,7.0454,0,12.5202,104,1,50.5798,26.3576,40.2617,3.2276,124.3892,0.720,0.000,1.000,0.0000,0.0000,0
2026-05-05,15:15:34,103909,1,0.8320,0.8809,0.0597,1.7557,7.0387,0,12.5202,104,1,51.2862,18.6555,40.0017,-4.5422,132.5111,0.688,0.000,1.000,0.0000,0.0000,0
2026-05-05,15:15:34,103944,1,0.8320,0.7217,0.0675,1.9865,7.0327,0,12.5202,104,1,51.4271,1.9174,39.8500,-4.8554,139.4578,0.656,0.000,0.998,0.0000,0.0000,0
2026-05-05,15:15:34,103980,1,0.8320,0.9186,0.0686,2.0175,7.0268,0,12.5202,104,1,51.2041,-2.6284,39.6417,-7.1591,124.3755,0.624,0.000,0.994,0.0000,0.0000,0
2026-05-05,15:15:34,104017,1,0.8320,0.8989,0.0576,1.6942,7.0195,0,12.5202,104,1,51.6176,17.8019,39.3734,-8.2374,86.4568,0.592,0.000,0.991,0.0000,0.0000,0
2026-05-05,15:15:34,104052,1,0.8320,0.8326,0.0631,1.8557,7.0135,0,12.5202,104,1,52.2029,17.4206,39.2600,-5.3884,99.9388,0.560,0.000,0.988,0.0000,0.0000,0
2026-05-05,15:15:34,104087,1,0.8320,0.8757,0.0506,1.4879,7.0067,0,12.5202,104,1,52.5695,6.9082,39.1560,-4.9577,111.7632,0.528,0.000,0.985,0.0000,0.0000,0
2026-05-05,15:15:34,104122,1,0.8320,0.7387,0.0623,1.8313,7.0008,0,12.5202,104,1,52.6843,3.4054,39.0375,-4.8464,109.2656,0.496,0.000,0.982,0.0000,0.0000,0
2026-05-05,15:15:34,104157,1,0.8320,0.8874,0.0468,1.3779,6.9941,0,12.5202,104,1,52.9240,4.7911,38.8728,-5.3752,119.5179,0.464,0.000,0.978,0.0000,0.0000,0
2026-05-05,15:15:34,104192,1,0.8320,0.7897,0.0497,1.4632,6.9877,0,12.5202,104,1,52.9005,-0.4291,38.8756,-2.0251,128.4549,0.432,0.000,0.975,0.0000,0.0000,0
2026-05-05,15:15:34,104228,1,0.8320,0.8206,0.0544,1.6009,6.9818,0,12.5202,104,1,52.6968,-8.0931,38.9477,0.4145,121.9499,0.400,0.000,0.972,0.0000,0.0000,0
2026-05-05,15:15:34,104263,1,0.8320,0.7832,0.0620,1.8234,6.9758,0,12.5202,104,1,51.9817,-21.4075,39.3020,6.8386,91.8141,0.416,0.000,0.969,0.0000,0.0000,0
2026-05-05,15:15:34,104298,1,0.8320,0.7758,0.0708,2.0814,6.9700,0,12.5202,104,1,51.7037,-6.1958,39.6636,7.4511,105.0525,0.480,0.000,0.966,0.0000,0.0000,0
2026-05-05,15:15:34,104333,1,0.8320,0.9052,0.0586,1.7222,6.9635,0,12.5202,104,1,51.9550,9.5346,39.5427,-1.3612,115.9564,0.520,0.000,0.962,0.0000,0.0000,0
2026-05-05,15:15:34,104368,1,0.8320,0.7043,0.0736,2.1649,6.9576,0,12.5202,104,1,52.0953,2.2870,39.2737,-6.2116,125.1582,0.488,0.000,0.959,0.0000,0.0000,0
2026-05-05,15:15:34,104403,1,0.8160,0.8843,0.0736,2.1642,6.9517,0,12.5202,102,1,51.9370,-1.6148,38.9892,-8.5041,133.0258,0.456,0.000,0.956,0.0000,0.0000,0
2026-05-05,15:15:34,104439,1,0.8160,0.8875,0.0619,1.8212,6.9450,0,12.5202,102,1,52.0930,3.4048,38.7665,-7.9404,126.1590,0.424,0.000,0.953,0.0000,0.0000,0
2026-05-05,15:15:34,104474,1,0.8160,0.6375,0.0897,2.6371,6.9397,0,12.5202,102,1,52.1406,-0.8196,38.5265,-8.8966,134.1996,0.392,0.000,0.950,0.0000,0.0000,0
2026-05-05,15:15:34,104509,1,0.0000,0.4566,0.0539,1.5860,6.9343,0,12.5202,0,1,51.6362,-13.3339,38.3563,-6.7990,128.6118,0.360,0.000,0.946,0.0000,0.0000,0
2026-05-05,15:15:34,104545,1,0.0000,0.0013,0.0679,1.9972,6.9342,0,12.5202,0,1,51.6322,4.0562,38.4192,-2.6030,136.6251,0.328,0.000,0.943,0.0000,0.0000,0
2026-05-05,15:15:34,104584,1,0.0000,-0.0102,0.0682,2.0063,6.9342,0,12.5202,0,1,51.6812,2.2829,38.7008,0.4643,139.4969,0.304,0.000,0.941,0.0000,0.0000,0
2026-05-05,15:15:34,104620,1,0.0000,0.0050,0.0688,2.0236,6.9342,0,12.5202,0,1,51.8463,2.7925,38.6408,-2.4334,145.1395,0.272,0.000,0.938,0.0000,0.0000,0
2026-05-05,15:15:34,104656,1,0.0000,0.0313,0.0641,1.8848,6.9341,0,12.5202,0,1,52.1032,11.7127,38.3026,-9.0991,149.7467,0.240,0.000,0.934,0.0000,0.0000,0
2026-05-05,15:15:34,104692,1,0.0000,0.0494,0.0596,1.7526,6.9339,0,12.5202,0,1,52.7542,20.0569,37.8675,-11.7468,153.9948,0.208,0.000,0.931,0.0000,0.0000,0
2026-05-05,15:15:34,104728,1,0.0000,0.0104,0.0570,1.6756,6.9336,0,12.5202,0,1,53.2420,11.6144,37.6010,-9.5231,157.4516,0.176,0.000,0.928,0.0000,0.0000,0
2026-05-05,15:15:34,104763,1,0.0000,-0.0143,0.0586,1.7228,6.9336,0,12.5202,0,1,53.0517,-5.2347,37.5325,-4.9073,153.7414,0.144,0.000,0.925,0.0000,0.0000,0
2026-05-05,15:15:35,104799,1,0.0000,-0.0494,0.0649,1.9084,6.9339,0,12.5202,0,1,52.2286,-25.2196,37.6417,-1.0410,111.9926,0.136,0.000,0.922,0.0000,0.0000,0
2026-05-05,15:15:35,104835,1,0.0000,-0.0359,0.0693,2.0378,6.9342,0,12.5202,0,1,51.4279,-14.5188,37.7643,-0.3370,122.6394,0.200,0.000,0.918,0.0000,0.0000,0
2026-05-05,15:15:35,104870,1,0.0000,-0.0346,0.0746,2.1949,6.9345,0,12.5202,0,1,51.9881,20.8933,37.5788,-5.6688,130.7786,0.240,0.000,0.915,0.0000,0.0000,0
2026-05-05,15:15:35,104905,1,0.0000,-0.0062,0.0759,2.2335,6.9346,0,12.5202,0,1,52.5538,15.2777,37.0728,-13.1674,137.2633,0.208,0.000,0.912,0.0000,0.0000,0
2026-05-05,15:15:35,104940,1,0.0000,0.0139,0.0747,2.1965,6.9346,0,12.5202,0,1,52.7003,6.6184,36.4373,-17.6230,142.9575,0.176,0.000,0.909,0.0000,0.0000,0
2026-05-05,15:15:35,104975,1,0.0000,0.0161,0.0730,2.1474,6.9344,0,12.5202,0,1,53.3871,23.2412,35.9193,-16.4114,148.1992,0.144,0.000,0.906,0.0000,0.0000,0
2026-05-05,15:15:35,105010,1,0.0000,0.0299,0.0666,1.9587,6.9342,0,12.5202,0,1,54.2561,25.3350,35.6378,-11.5852,152.4825,0.112,0.000,0.911,0.0000,0.0000,0
2026-05-05,15:15:35,105045,1,0.0000,0.0128,0.0640,1.8826,6.9340,0,12.5202,0,1,54.7362,11.8284,35.5118,-7.1948,156.1573,0.080,0.000,0.943,0.0000,0.0000,0
2026-05-05,15:15:35,105080,1,0.0000,-0.0184,0.0654,1.9234,6.9340,0,12.5202,0,1,54.5591,-5.8593,35.3802,-5.7046,138.8154,0.048,0.000,0.975,0.0000,0.0000,0
2026-05-05,15:15:35,105115,1,0.0000,-0.0116,0.0660,1.9421,6.9341,0,12.5202,0,0,54.3287,-5.8780,35.5023,-0.5310,132.7954,0.016,0.000,1.000,0.0000,0.0000,0
2026-05-05,15:15:35,105150,1,0.0000,-0.0045,0.0669,1.9665,6.9342,0,12.5202,0,0,54.2281,-2.4589,35.7414,3.3167,139.9820,0.000,0.000,1.000,0.0000,0.0000,0
2026-05-05,15:15:35,105185,1,0.0000,0.0014,0.0688,2.0224,6.9342,0,12.5202,0,0,54.1829,-1.0515,35.7900,0.2758,145.6528,0.000,0.000,0.998,0.0000,0.0000,0
2026-05-05,15:15:35,105220,1,0.0000,0.0171,0.0666,1.9586,6.9342,0,12.5202,0,0,54.1828,0.3562,35.4615,-7.3133,150.1903,0.000,0.000,0.995,0.0000,0.0000,0
2026-05-05,15:15:35,105255,1,0.0000,0.0227,0.0617,1.8135,6.9340,0,12.5202,0,0,54.5291,12.1559,35.0309,-11.2915,153.9709,0.000,0.000,0.992,0.0000,0.0000,0
2026-05-05,15:15:35,105290,1,0.0000,0.0352,0.0575,1.6902,6.9337,0,12.5202,0,0,55.1378,17.3383,34.7422,-9.8105,157.2593,0.000,0.000,0.989,0.0000,0.0000,0
2026-05-05,15:15:35,105325,1,0.0000,-0.0056,0.0591,1.7383,6.9337,0,12.5202,0,0,55.2130,-2.7182,34.5042,-8.6741,160.2838,0.000,0.000,0.986,0.0000,0.0000,0
2026-05-05,15:15:35,105361,1,0.0000,-0.0516,0.0655,1.9277,6.9339,0,12.5202,0,0,54.4329,-26.7614,34.5665,-1.4542,116.6586,0.000,0.000,0.982,0.0000,0.0000,0
2026-05-05,15:15:35,105396,1,0.0000,-0.0646,0.0770,2.2638,6.9345,0,12.5202,0,0,52.9754,-37.8974,35.2837,11.5981,108.4547,0.064,0.000,0.979,0.0000,0.0000,0
2026-05-05,15:15:35,105432,1,0.0000,-0.0636,0.0869,2.5558,6.9350,0,12.5202,0,0,52.8529,8.1791,35.7098,7.6494,118.3729,0.128,0.000,0.994,0.0000,0.0000,0
2026-05-05,15:15:35,105467,1,0.0000,0.0081,0.0868,2.5541,6.9352,0,12.5202,0,0,53.3824,15.1790,34.8697,-16.4995,125.6379,0.144,0.000,1.000,0.0000,0.0000,0
2026-05-05,15:15:35,105505,1,0.0000,0.0068,0.0866,2.5480,6.9352,0,12.5202,0,0,53.5433,12.3912,34.3750,-18.1038,129.0837,0.120,0.000,1.000,0.0000,0.0000,0
2026-05-05,15:15:35,105541,1,0.0000,-0.0083,0.0859,2.5266,6.9352,0,12.5202,0,0,54.2312,25.3634,33.4870,-24.4227,135.7529,0.088,0.000,1.000,0.0000,0.0000,0
2026-05-05,15:15:35,105576,1,0.0000,0.0027,0.0871,2.5620,6.9352,0,12.5202,0,0,54.7317,10.4080,32.6554,-25.3511,95.1303,0.056,0.000,1.000,0.0000,0.0000,0
2026-05-05,15:15:35,105611,1,0.0000,0.0036,0.0857,2.5206,6.9351,0,12.5202,0,0,54.5284,-4.3505,32.0394,-21.5125,88.4098,0.024,0.000,1.000,0.0000,0.0000,0
2026-05-05,15:15:35,105646,1,0.0000,0.0024,0.0852,2.5065,6.9351,0,12.5202,0,0,54.9805,15.6097,31.5056,-18.2894,101.2714,0.000,0.000,1.000,0.0000,0.0000,0
2026-05-05,15:15:35,105681,1,0.0000,-0.0543,0.0920,2.7051,6.9353,0,12.5202,0,0,54.9566,-2.4710,31.1620,-13.0462,112.6146,0.000,0.000,1.000,0.0000,0.0000,0
2026-05-05,15:15:35,105717,1,0.0000,-0.0558,0.1002,2.9483,6.9358,0,12.5202,0,0,54.3207,-14.4883,30.9494,-9.3201,122.3006,0.000,0.000,1.000,0.0000,0.0000,0
2026-05-05,15:15:35,105752,1,0.0000,0.0067,0.1037,3.0502,6.9361,0,12.5202,0,0,54.4659,6.8085,30.6760,-9.8851,130.0325,0.000,0.000,1.000,0.0000,0.0000,0
2026-05-05,15:15:36,105787,1,0.0000,0.0092,0.1017,2.9906,6.9360,0,12.5202,0,0,54.9576,19.2168,30.1504,-14.4894,136.2186,0.000,0.000,1.000,0.0000,0.0000,0
2026-05-05,15:15:36,105823,1,0.0000,0.0309,0.0963,2.8322,6.9358,0,12.5202,0,0,55.7399,22.1397,29.7122,-13.8128,141.9647,0.000,0.000,1.000,0.0000,0.0000,0
2026-05-05,15:15:36,105858,1,0.0000,0.0547,0.0868,2.5539,6.9353,0,12.5202,0,0,55.8330,3.7173,29.4830,-9.0261,146.8691,0.000,0.000,1.000,0.0000,0.0000,0
2026-05-05,15:15:36,105893,1,0.0000,-0.0405,0.0914,2.6883,6.9354,0,12.5202,0,0,56.0408,6.2114,29.3803,-5.1739,151.2577,0.000,0.000,1.000,0.0000,0.0000,0
2026-05-05,15:15:36,105928,1,0.0000,-0.0701,0.1004,2.9534,6.9357,0,12.5202,0,0,55.3041,-21.1243,29.2602,-4.3938,154.9683,0.000,0.000,1.000,0.0000,0.0000,0
2026-05-05,15:15:36,105963,1,0.0000,-0.0795,0.1140,3.3528,6.9365,0,12.5202,0,0,55.1238,4.8534,29.0713,-5.8408,158.0583,0.024,0.000,1.000,0.0000,0.0000,0
2026-05-05,15:15:36,105998,1,0.0000,-0.0290,0.1182,3.4757,6.9368,0,12.5202,0,0,55.9643,23.7074,28.8622,-6.9242,160.9321,0.000,0.000,1.000,0.0000,0.0000,0
2026-05-05,15:15:36,106033,1,0.0000,0.0055,0.1157,3.4027,6.9368,0,12.5202,0,0,56.4824,13.7054,28.4661,-10.8645,163.0066,0.000,0.000,1.000,0.0000,0.0000,0
2026-05-05,15:15:36,106068,1,0.0000,0.0389,0.1100,3.2347,6.9366,0,12.5202,0,0,56.7971,12.1191,27.9773,-14.1764,164.5586,0.000,0.000,1.000,0.0000,0.0000,0
2026-05-05,15:15:36,106103,1,0.0000,0.0308,0.1033,3.0379,6.9362,0,12.5202,0,0,57.4539,23.2224,27.4920,-14.5109,166.1840,0.000,0.000,1.000,0.0000,0.0000,0
2026-05-05,15:15:36,106138,1,0.0000,-0.0159,0.1085,3.1915,6.9362,0,12.5202,0,0,58.0526,15.2658,27.2340,-10.2342,167.9419,0.000,0.000,1.000,0.0000,0.0000,0
2026-05-05,15:15:36,106173,1,0.0000,-0.0345,0.1093,3.2149,6.9363,0,12.5202,0,0,57.6167,-15.9360,27.2628,-3.3913,169.6692,0.000,0.000,1.000,0.0000,0.0000,0
2026-05-05,15:15:36,106208,1,0.0000,-0.1506,0.1325,3.8971,6.9372,0,12.5202,0,0,56.5289,-25.4856,27.2447,-2.6248,171.7285,0.032,0.000,1.000,0.0000,0.0000,0
2026-05-05,15:15:36,106243,1,0.0000,-0.0913,0.1475,4.3378,6.9382,0,12.5202,0,0,56.9146,24.0335,27.0331,-6.6144,172.1071,0.072,0.000,1.000,0.0000,0.0000,0
2026-05-05,15:15:36,106278,1,0.0000,0.0379,0.1412,4.1523,6.9382,0,12.5202,0,0,57.8229,22.6944,26.5221,-13.1808,171.8528,0.040,0.000,1.000,0.0000,0.0000,0
2026-05-05,15:15:36,106313,1,0.0000,0.1448,0.1221,3.5906,6.9375,0,12.5202,0,0,58.3513,19.1129,25.8713,-18.2404,172.2995,0.008,0.000,1.000,0.0000,0.0000,0
2026-05-05,15:15:36,106348,1,0.0000,0.0312,0.1165,3.4277,6.9369,0,12.5202,0,0,59.3606,29.6457,25.3137,-17.3523,172.9650,0.000,0.000,1.000,0.0000,0.0000,0
2026-05-05,15:15:36,106383,1,0.0000,0.0034,0.1169,3.4391,6.9368,0,12.5202,0,0,59.6164,5.7326,24.9963,-12.4737,173.4502,0.000,0.000,1.000,0.0000,0.0000,0
2026-05-05,15:15:36,106418,1,0.0000,0.0167,0.1148,3.3764,6.9367,0,12.5202,0,0,59.5283,0.8281,25.0489,-8.0567,173.8264,0.000,0.000,1.000,0.0000,0.0000,0
2026-05-05,15:15:36,106453,1,0.0000,0.0204,0.1130,3.3242,6.9366,0,12.5202,0,0,59.6231,4.8196,24.7452,-9.5300,174.4233,0.000,0.000,1.000,0.0000,0.0000,0
2026-05-05,15:15:36,106488,1,0.0000,-0.0455,0.1194,3.5120,6.9368,0,12.5202,0,0,59.1920,-12.2039,24.5469,-7.7271,149.4934,0.000,0.000,1.000,0.0000,0.0000,0
2026-05-05,15:15:36,106523,1,0.0000,-0.0843,0.1258,3.7008,6.9371,0,12.5202,0,0,59.1664,5.8822,24.5692,-2.9274,154.3657,0.000,0.000,1.000,0.0000,0.0000,0
2026-05-05,15:15:36,106558,1,0.0000,0.0305,0.1197,3.5218,6.9371,0,12.5202,0,0,59.7854,18.1135,24.3768,-7.1679,156.9388,0.000,0.000,1.000,0.0000,0.0000,0
2026-05-05,15:15:36,106593,1,0.0000,0.0215,0.1150,3.3832,6.9368,0,12.5202,0,0,60.7500,32.7702,23.6675,-17.1222,159.2246,0.000,0.000,1.000,0.0000,0.0000,0
2026-05-05,15:15:36,106628,1,0.0000,0.0022,0.1160,3.4131,6.9367,0,12.5202,0,0,61.5508,22.3586,22.9830,-19.7253,161.8640,0.000,0.000,1.000,0.0000,0.0000,0
2026-05-05,15:15:36,106663,1,0.0000,-0.0078,0.1166,3.4305,6.9368,0,12.5202,0,0,61.5778,0.1712,22.5454,-16.1438,164.4337,0.000,0.000,1.000,0.0000,0.0000,0
2026-05-05,15:15:36,106698,1,0.0000,0.0143,0.1175,3.4566,6.9368,0,12.5202,0,0,61.6101,7.6460,22.2298,-13.0847,166.7661,0.000,0.000,1.000,0.0000,0.0000,0
2026-05-05,15:15:36,106733,1,0.0000,0.0186,0.1137,3.3431,6.9367,0,12.5202,0,0,62.2891,20.8690,21.8399,-13.6201,167.3926,0.000,0.000,1.000,0.0000,0.0000,0
2026-05-05,15:15:36,106768,1,0.0000,-0.0211,0.1158,3.4047,6.9367,0,12.5202,0,0,62.7846,11.0321,21.3342,-14.7479,161.7011,0.000,0.000,1.000,0.0000,0.0000,0
2026-05-05,15:15:37,106803,1,0.0000,-0.0466,0.1221,3.5914,6.9370,0,12.5202,0,0,62.0400,-19.0779,21.1660,-8.9205,125.1606,0.000,0.000,1.000,0.0000,0.0000,0
2026-05-05,15:15:37,106838,1,0.0000,-0.0207,0.1256,3.6935,6.9373,0,12.5202,0,0,62.2979,15.2819,21.2501,-2.8799,127.7676,0.000,0.000,1.000,0.0000,0.0000,0
2026-05-05,15:15:37,106873,1,0.0000,0.0013,0.1239,3.6429,6.9372,0,12.5202,0,0,62.9498,22.2333,20.9784,-8.6180,134.1669,0.000,0.000,1.000,0.0000,0.0000,0
2026-05-05,15:15:37,106908,1,0.0000,0.0765,0.1153,3.3918,6.9369,0,12.5202,0,0,63.6345,22.6641,20.2695,-18.0522,139.2938,0.000,0.000,1.000,0.0000,0.0000,0
2026-05-05,15:15:37,106943,1,0.0000,0.0048,0.1109,3.2612,6.9365,0,12.5202,0,0,64.3017,16.9829,19.5515,-20.9483,144.2615,0.000,0.000,1.000,0.0000,0.0000,0
2026-05-05,15:15:37,106978,1,0.0000,-0.0578,0.1191,3.5029,6.9368,0,12.5202,0,0,64.2942,-1.6462,19.1052,-15.9713,96.9218,0.000,0.000,1.000,0.0000,0.0000,0
2026-05-05,15:15:37,107013,1,0.0000,-0.0805,0.1337,3.9318,6.9374,0,12.5202,0,0,63.4870,-19.2580,19.2508,-3.6881,58.1116,0.000,0.000,1.000,0.0000,0.0000,0
2026-05-05,15:15:37,107049,1,0.0000,-0.0164,0.1349,3.9688,6.9377,0,12.5202,0,0,63.7456,6.1293,19.5432,0.9928,71.0707,0.000,0.000,1.000,0.0000,0.0000,0
2026-05-05,15:15:37,107084,1,0.0000,-0.0028,0.1356,3.9891,6.9378,0,12.5202,0,0,64.2804,15.6119,19.1241,-11.1209,85.0990,0.000,0.000,1.000,0.0000,0.0000,0
2026-05-05,15:15:37,107119,1,0.0000,0.0654,0.1245,3.6607,6.9374,0,12.5202,0,0,64.6705,13.7784,18.0541,-26.2364,96.7514,0.000,0.000,1.000,0.0000,0.0000,0
2026-05-05,15:15:37,107155,1,0.0000,0.0031,0.1223,3.5963,6.9372,0,12.5202,0,0,65.1858,15.7179,17.1466,-27.3128,108.1383,0.000,0.000,1.000,0.0000,0.0000,0
2026-05-05,15:15:37,107191,1,0.0000,0.0259,0.1197,3.5211,6.9371,0,12.5202,0,0,65.3488,4.6121,16.5083,-22.9984,118.8316,0.000,0.000,1.000,0.0000,0.0000,0
2026-05-05,15:15:37,107226,1,0.0000,-0.0215,0.1190,3.5011,6.9369,0,12.5202,0,0,65.2053,-5.1404,16.0264,-18.0914,100.6911,0.000,0.000,1.000,0.0000,0.0000,0
2026-05-05,15:15:37,107262,1,0.0000,-0.0577,0.1280,3.7653,6.9373,0,12.5202,0,0,64.6412,-6.9986,15.9679,-9.3727,75.0639,0.000,0.000,1.000,0.0000,0.0000,0
2026-05-05,15:15:37,107297,1,0.0000,-0.1224,0.1440,4.2340,6.9380,0,12.5202,0,0,65.2097,18.7498,15.9393,-6.7499,91.0573,0.000,0.000,1.000,0.0000,0.0000,0
2026-05-05,15:15:37,107335,1,0.0000,0.0082,0.1444,4.2476,6.9383,0,12.5202,0,0,65.4131,13.2235,15.8426,-10.8427,97.1634,0.000,0.000,1.000,0.0000,0.0000,0
2026-05-05,15:15:37,107370,1,0.0000,0.1684,0.1280,3.7634,6.9378,0,12.5202,0,0,66.0749,21.3925,14.5818,-29.8048,106.7516,0.000,0.000,1.000,0.0000,0.0000,0
2026-05-05,15:15:37,107405,1,0.0000,0.1134,0.1066,3.1344,6.9365,0,12.5202,0,0,66.9394,27.2158,13.5270,-31.7312,115.4024,0.000,0.000,1.000,0.0000,0.0000,0
2026-05-05,15:15:37,107441,1,0.0000,-0.0100,0.1070,3.1464,6.9363,0,12.5202,0,0,67.4967,18.7011,12.5895,-30.3814,110.1438,0.000,0.000,1.000,0.0000,0.0000,0
2026-05-05,15:15:37,107476,1,0.0000,-0.0313,0.1161,3.4157,6.9367,0,12.5202,0,0,67.4197,-6.0417,11.8664,-25.4111,68.2783,0.000,0.000,1.000,0.0000,0.0000,0
2026-05-05,15:15:37,107511,1,0.0000,-0.0077,0.1218,3.5834,6.9370,0,12.5202,0,0,66.9925,-5.6994,11.6379,-14.3325,60.2951,0.000,0.000,1.000,0.0000,0.0000,0
2026-05-05,15:15:37,107546,1,0.0000,0.0184,0.1184,3.4830,6.9369,0,12.5202,0,0,67.2840,7.1429,11.4476,-11.4473,75.9647,0.000,0.000,1.000,0.0000,0.0000,0
2026-05-05,15:15:37,107581,1,0.0000,0.0076,0.1184,3.4827,6.9369,0,12.5202,0,0,67.5923,9.5618,10.6967,-20.6679,87.6864,0.000,0.000,1.000,0.0000,0.0000,0
2026-05-05,15:15:37,107616,1,0.0000,0.0292,0.1123,3.3040,6.9367,0,12.5202,0,0,67.8725,7.4581,9.8396,-24.4239,99.9266,0.000,0.000,1.000,0.0000,0.0000,0
2026-05-05,15:15:37,107651,1,0.0000,0.0540,0.1083,3.1850,6.9365,0,12.5202,0,0,68.3903,17.2405,9.1343,-22.9219,110.9491,0.000,0.000,1.000,0.0000,0.0000,0
2026-05-05,15:15:37,107686,1,0.0000,0.0084,0.1095,3.2209,6.9364,0,12.5202,0,0,68.9623,17.3096,8.5405,-19.9315,120.1087,0.000,0.000,1.000,0.0000,0.0000,0
2026-05-05,15:15:37,107721,1,0.0000,-0.0095,0.1107,3.2570,6.9364,0,12.5202,0,0,69.2301,6.7066,8.1677,-14.3781,128.4323,0.000,0.000,1.000,0.0000,0.0000,0
2026-05-05,15:15:37,107756,1,0.0000,0.0237,0.1078,3.1703,6.9364,0,12.5202,0,0,69.2536,1.9208,8.1243,-6.9588,134.9888,0.000,0.000,1.000,0.0000,0.0000,0
2026-05-05,15:15:38,107791,1,0.0000,0.0977,0.0953,2.8030,6.9359,0,12.5202,0,0,69.6163,10.6771,7.9694,-6.8945,138.9636,0.000,0.000,1.000,0.0000,0.0000,0
2026-05-05,15:15:38,107826,1,0.0000,0.0913,0.0847,2.4919,6.9353,0,12.5202,0,0,69.9577,9.7220,7.5007,-12.0625,143.0725,0.000,0.000,1.000,0.0000,0.0000,0
2026-05-05,15:15:38,107861,1,0.0000,0.1127,0.0655,1.9269,6.9344,0,12.5202,0,0,70.1854,7.1660,7.2202,-9.6997,147.5699,0.000,0.000,1.000,0.0000,0.0000,0
2026-05-05,15:15:38,107896,1,0.0000,0.0908,0.0550,1.6190,6.9337,0,12.5202,0,0,70.7963,16.7719,7.1196,-5.4353,150.6215,0.000,0.000,1.000,0.0000,0.0000,0
2026-05-05,15:15:38,107931,1,0.0000,0.0549,0.0433,1.2736,6.9329,0,12.5202,0,0,71.2477,5.9108,7.1710,-0.8885,152.8640,0.000,0.000,1.000,0.0000,0.0000,0
2026-05-05,15:15:38,107966,1,0.0000,-0.0718,0.0527,1.5509,6.9332,0,12.5202,0,0,70.1365,-35.5695,7.1680,-0.5054,155.7580,0.016,0.000,1.000,0.0000,0.0000,0
2026-05-05,15:15:38,108001,1,0.0000,-0.1392,0.0735,2.1611,6.9341,0,12.5202,0,0,68.3079,-55.2468,7.3971,4.9151,119.0710,0.080,0.000,1.000,0.0000,0.0000,0
2026-05-05,15:15:38,108036,1,0.0000,-0.0358,0.0732,2.1533,6.9345,0,12.5202,0,0,67.4306,-14.9352,8.2044,17.1323,104.1484,0.144,0.000,1.000,0.0000,0.0000,0
2026-05-05,15:15:38,108072,1,0.0000,0.0130,0.0727,2.1374,6.9345,0,12.5202,0,0,67.8122,6.5031,8.9286,15.3789,113.3364,0.208,0.000,1.000,0.0000,0.0000,0
2026-05-05,15:15:38,108107,1,0.0000,-0.0030,0.0712,2.0949,6.9344,0,12.5202,0,0,68.2642,11.8441,8.4152,-7.1350,119.5253,0.224,0.000,1.000,0.0000,0.0000,0
2026-05-05,15:15:38,108142,1,0.0000,-0.0030,0.0707,2.0794,6.9343,0,12.5202,0,0,68.2048,-6.5833,7.5816,-19.9082,126.8067,0.192,0.000,1.000,0.0000,0.0000,0
2026-05-05,15:15:38,108178,1,0.0000,0.0071,0.0696,2.0477,6.9343,0,12.5202,0,0,68.0205,-6.9849,6.8223,-22.3197,133.4914,0.160,0.000,1.000,0.0000,0.0000,0
2026-05-05,15:15:38,108213,1,0.0000,0.0518,0.0600,1.7639,6.9340,0,12.5202,0,0,68.0396,2.9764,6.2225,-19.8203,138.4118,0.128,0.000,1.000,0.0000,0.0000,0
2026-05-05,15:15:38,108253,1,0.0000,0.0935,0.0473,1.3917,6.9334,0,12.5202,0,0,68.8407,14.7711,6.1126,-14.6853,140.2708,0.104,0.000,1.000,0.0000,0.0000,0
2026-05-05,15:15:38,108288,1,0.0000,0.0724,0.0373,1.0972,6.9328,0,12.5202,0,0,69.5205,14.1069,5.8035,-12.0209,144.3258,0.072,0.000,1.000,0.0000,0.0000,0
2026-05-05,15:15:38,108323,1,0.0000,0.1039,0.0201,0.5913,6.9319,0,12.5202,0,0,70.2298,11.2665,5.6291,-8.0191,147.9444,0.040,0.000,1.000,0.0000,0.0000,0
2026-05-05,15:15:38,108358,1,0.0000,-0.0152,0.0226,0.6642,6.9317,0,12.5202,0,0,71.5895,27.0998,5.6938,-2.1934,150.6182,0.008,0.000,1.000,0.0000,0.0000,0
2026-05-05,15:15:38,108393,1,0.0000,0.0195,0.0207,0.6102,6.9317,0,12.5202,0,0,71.5723,-16.6816,5.7888,0.2284,153.1217,0.000,0.000,1.000,0.0000,0.0000,0
2026-05-05,15:15:38,108428,1,0.0000,-0.0020,0.0210,0.6183,6.9317,0,12.5202,0,0,69.6398,-70.9218,5.7191,-2.2393,155.4891,0.000,0.000,1.000,0.0000,0.0000,0
2026-05-05,15:15:38,108463,1,0.0000,-0.0229,0.0244,0.7184,6.9318,0,12.5202,0,0,66.3352,-106.0524,5.3801,-8.0420,157.2984,0.000,0.000,1.000,0.0000,0.0000,0
2026-05-05,15:15:38,108498,1,-4.0800,-0.0188,0.0294,0.8652,6.9321,0,12.5202,-510,1,62.0127,-124.5592,4.7354,-15.1989,158.8885,0.048,0.000,1.000,0.0000,0.0000,0
2026-05-05,15:15:38,108534,1,-4.0880,-0.2445,0.0224,0.6587,6.9330,0,12.5202,-511,1,60.2269,-25.7389,4.2363,-13.3221,160.3207,0.016,0.000,1.000,0.0000,0.0000,0
2026-05-05,15:15:38,108569,1,-4.0880,-0.3794,0.0197,0.5801,6.9358,0,12.5202,-511,1,62.3958,63.6870,4.3102,-2.7411,160.1680,0.008,0.000,1.000,0.0000,0.0000,0
2026-05-05,15:15:38,108604,1,-4.0880,-0.2755,0.0244,0.7165,6.9382,0,12.5202,-511,1,64.5956,58.1586,4.4395,0.9205,161.0428,0.000,0.000,1.000,0.0000,0.0000,0
2026-05-05,15:15:38,108640,1,-4.0880,-0.5657,0.0371,1.0912,6.9418,0,12.5202,-511,1,65.5177,17.3824,4.6354,3.6100,162.4857,0.000,0.000,1.000,0.0000,0.0000,0
2026-05-05,15:15:38,108676,1,-4.0880,-0.2334,0.0268,0.7874,6.9454,0,12.5202,-511,1,64.9680,-29.5131,4.6714,0.7996,163.1273,0.000,0.000,1.000,0.0000,0.0000,0
2026-05-05,15:15:38,108711,1,-4.0800,-0.0703,0.0246,0.7239,6.9465,0,12.5202,-510,1,63.7298,-34.8357,4.5796,-0.8541,163.5336,0.008,0.000,1.000,0.0000,0.0000,0
2026-05-05,15:15:38,108746,1,-4.0800,-0.0630,0.0207,0.6095,6.9470,0,12.5202,-510,1,63.1430,-19.8469,4.6393,0.9923,164.1555,0.000,0.000,1.000,0.0000,0.0000,0
2026-05-05,15:15:39,108781,1,-4.0800,-0.0481,0.0189,0.5548,6.9472,0,12.5202,-510,1,62.7466,-11.4875,4.6010,-0.7048,164.6879,0.000,0.000,1.000,0.0000,0.0000,0
2026-05-05,15:15:39,108816,1,-4.0880,-0.0271,0.0167,0.4908,6.9473,0,12.5202,-511,1,62.3375,-14.7171,4.5471,-1.4085,165.3766,0.000,0.000,1.000,0.0000,0.0000,0
2026-05-05,15:15:39,108852,1,-4.0880,-0.3201,0.0306,0.8999,6.9485,0,12.5202,-511,1,61.4694,-29.5623,4.4912,-1.7573,165.9871,0.016,0.000,1.000,0.0000,0.0000,0
2026-05-05,15:15:39,108888,1,-4.0800,-0.6077,0.0550,1.6177,6.9524,0,12.5202,-510,1,59.7251,-52.8040,4.3369,-3.3819,166.7502,0.080,0.000,1.000,0.0000,0.0000,0
2026-05-05,15:15:39,108923,1,-4.0800,-0.7830,0.0673,1.9787,6.9578,0,12.5202,-510,1,58.6663,-16.8071,4.2051,-4.1293,167.0522,0.144,0.000,1.000,0.0000,0.0000,0
2026-05-05,15:15:39,108959,1,-4.0800,-0.7796,0.0334,0.9829,6.9633,0,12.5202,-510,1,59.7851,34.9665,4.0872,-4.1851,165.8942,0.208,0.000,1.000,0.0000,0.0000,0
2026-05-05,15:15:39,108995,1,-4.0880,-0.6414,0.0418,1.2288,6.9693,0,12.5202,-511,1,61.1738,33.5067,4.0849,-1.8287,165.6021,0.176,0.000,1.000,0.0000,0.0000,0
2026-05-05,15:15:39,109031,1,-4.0880,-0.8073,0.0290,0.8516,6.9753,0,12.5202,-511,1,61.6996,11.6795,4.1107,-0.5343,166.4008,0.144,0.000,1.000,0.0000,0.0000,0
2026-05-05,15:15:39,109067,1,-4.0880,-0.3793,0.0349,1.0277,6.9796,0,12.5202,-511,1,61.4990,-11.5690,4.1254,-0.7904,166.8509,0.112,0.000,1.000,0.0000,0.0000,0
2026-05-05,15:15:39,109102,1,-4.0880,-0.7140,0.0414,1.2185,6.9840,0,12.5202,-511,1,60.8341,-18.2794,3.7481,-8.2809,166.8184,0.080,0.000,1.000,0.0000,0.0000,0
2026-05-05,15:15:39,109138,1,-4.0880,-0.8532,0.0414,1.2172,6.9903,0,12.5202,-511,1,60.4773,-13.0991,3.3976,-9.9268,166.5621,0.144,0.000,1.000,0.0000,0.0000,0
2026-05-05,15:15:39,109177,1,-4.0880,-0.9288,0.0519,1.5265,6.9981,0,12.5202,-511,1,60.4549,-3.3877,3.2595,-7.6517,166.4031,0.192,0.000,1.000,0.0000,0.0000,0
2026-05-05,15:15:39,109212,1,-4.0880,-1.0288,0.0571,1.6781,7.0053,0,12.5202,-511,1,60.1993,-6.9153,3.1105,-5.4292,166.9911,0.256,0.000,1.000,0.0000,0.0000,0
2026-05-05,15:15:39,109248,1,-4.0800,-1.3018,0.0629,1.8510,7.0137,0,12.5202,-510,1,59.9141,-3.7088,3.1232,-1.2563,167.3996,0.320,0.000,1.000,0.0000,0.0000,0
2026-05-05,15:15:39,109284,1,-4.0880,-1.2242,0.0474,1.3938,7.0237,0,12.5202,-511,1,60.0585,5.6596,3.1055,-1.2645,166.8208,0.336,0.000,1.000,0.0000,0.0000,0
2026-05-05,15:15:39,109319,1,-4.0880,-1.5511,0.0559,1.6440,7.0347,0,12.5202,-511,1,60.1506,1.1837,3.0126,-2.5761,166.4437,0.304,0.000,1.000,0.0000,0.0000,0
2026-05-05,15:15:39,109354,1,-4.0880,-1.1392,0.0799,2.3511,7.0447,0,12.5202,-511,1,60.2391,2.4983,2.6903,-7.5078,166.5531,0.272,0.000,1.000,0.0000,0.0000,0
2026-05-05,15:15:39,109389,1,-4.0880,-0.9410,0.0657,1.9332,7.0517,0,12.5202,-511,1,60.4339,4.7753,2.2872,-10.1294,166.2300,0.240,0.000,1.000,0.0000,0.0000,0
2026-05-05,15:15:39,109425,1,-4.0880,-0.9840,0.0560,1.6474,7.0588,0,12.5202,-511,1,60.5046,0.5369,2.0122,-7.2112,165.5316,0.208,0.000,1.000,0.0000,0.0000,0
2026-05-05,15:15:39,109461,1,-4.0880,-1.1938,0.0643,1.8914,7.0671,0,12.5202,-511,1,60.5810,3.6986,2.0362,-0.8344,164.8511,0.176,0.000,1.000,0.0000,0.0000,0
2026-05-05,15:15:39,109496,1,-4.0880,-1.4743,0.0660,1.9421,7.0768,0,12.5202,-511,1,60.5047,-1.5688,2.0049,0.1276,164.7777,0.144,0.000,1.000,0.0000,0.0000,0
2026-05-05,15:15:39,109532,1,-4.0640,-1.4548,0.0416,1.2225,7.0879,0,12.5202,-508,1,60.4120,-2.3390,2.2896,7.7946,165.2305,0.112,0.000,0.999,0.0000,0.0000,0
2026-05-05,15:15:39,109567,1,-4.0640,-1.2845,0.0592,1.7419,7.0977,0,12.5202,-508,1,60.6706,10.7011,2.9226,16.0986,165.4099,0.080,0.000,0.996,0.0000,0.0000,0
2026-05-05,15:15:39,109602,1,-4.0640,-1.6044,0.0637,1.8744,7.1085,0,12.5202,-508,1,60.9285,5.4061,3.5704,18.6015,165.7486,0.048,0.000,0.993,0.0000,0.0000,0
2026-05-05,15:15:39,109638,1,-4.0960,-1.8543,0.0611,1.7981,7.1215,0,12.5202,-512,1,60.6874,-3.2648,4.0834,17.2070,166.3581,0.016,0.000,0.990,0.0000,0.0000,0
2026-05-05,15:15:39,109674,1,-4.0960,-1.9630,0.0593,1.7443,7.1363,0,12.5202,-512,1,60.6509,2.7859,4.5356,15.0396,166.1931,0.000,0.000,0.986,0.0000,0.0000,0
2026-05-05,15:15:39,109710,1,-4.0880,-1.8904,0.0431,1.2678,7.1510,0,12.5202,-511,1,61.0612,10.7322,4.8957,12.8288,166.1222,0.000,0.000,0.983,0.0000,0.0000,0
2026-05-05,15:15:39,109747,1,-4.0880,-1.0526,0.0362,1.0650,7.1612,0,12.5202,-511,1,61.3839,10.6100,5.2384,11.1754,166.4913,0.000,0.000,1.000,0.0000,0.0000,0
2026-05-05,15:15:40,109782,1,-4.0880,-0.9142,0.0496,1.4597,7.1692,0,12.5202,-511,1,61.7765,10.8408,5.3957,6.6768,166.9345,0.000,0.000,1.000,0.0000,0.0000,0
2026-05-05,15:15:40,109818,1,-4.0880,-0.9540,0.0292,0.8590,7.1768,0,12.5202,-511,1,62.4674,16.0237,5.4797,3.4493,166.8110,0.000,0.000,1.000,0.0000,0.0000,0
2026-05-05,15:15:40,109854,1,-4.0880,-0.7907,0.0380,1.1182,7.1818,0,12.5202,-511,1,62.3464,-2.4774,5.5232,2.5169,166.9414,0.000,0.000,1.000,0.0000,0.0000,0
2026-05-05,15:15:40,109889,1,-4.0880,-0.8883,0.0405,1.1907,7.1881,0,12.5202,-511,1,61.8513,-13.4952,5.6264,3.1483,167.4284,0.000,0.000,1.000,0.0000,0.0000,0
2026-05-05,15:15:40,109925,1,-4.0880,-0.8813,0.0614,1.8070,7.1951,0,12.5202,-511,1,61.3432,-20.3326,5.5808,-0.4464,167.4581,0.032,0.000,1.000,0.0000,0.0000,0
2026-05-05,15:15:40,109960,1,-4.0880,-1.0835,0.0776,2.2836,7.2023,0,12.5202,-511,1,60.0066,-33.7035,5.2864,-5.7583,167.8263,0.096,0.000,1.000,0.0000,0.0000,0
2026-05-05,15:15:40,109995,1,-4.0880,-1.2379,0.0765,2.2507,7.2104,0,12.5202,-511,1,60.0023,6.7396,5.1502,-4.0842,168.2479,0.160,0.000,1.000,0.0000,0.0000,0
2026-05-05,15:15:40,110031,1,-4.0880,-1.3773,0.0809,2.3781,7.2209,0,12.5202,-511,1,60.7384,20.2683,5.2208,-0.1469,167.6701,0.176,0.000,1.000,0.0000,0.0000,0
2026-05-05,15:15:40,110066,1,-4.0880,-1.6685,0.0732,2.1531,7.2326,0,12.5202,-511,1,61.3649,17.7767,5.3663,2.9154,167.3255,0.144,0.000,1.000,0.0000,0.0000,0
2026-05-05,15:15:40,110105,1,-4.0880,-1.8463,0.0531,1.5615,7.2465,0,12.5202,-511,1,62.0681,20.5071,5.5423,4.0550,167.2826,0.120,0.000,1.000,0.0000,0.0000,0
2026-05-05,15:15:40,110140,1,-4.0880,-1.3640,0.0581,1.7089,7.2573,0,12.5202,-511,1,62.4432,10.4441,5.7100,4.4930,167.5241,0.088,0.000,1.000,0.0000,0.0000,0
2026-05-05,15:15:40,110176,1,-4.0880,-0.9579,0.0557,1.6390,7.2652,0,12.5202,-511,1,62.4661,-3.1089,5.6815,1.0325,168.2201,0.056,0.000,1.000,0.0000,0.0000,0
2026-05-05,15:15:40,110212,1,-4.0880,-1.1964,0.0660,1.9420,7.2736,0,12.5202,-511,1,62.0153,-14.3526,5.7483,1.8753,168.6280,0.024,0.000,1.000,0.0000,0.0000,0
2026-05-05,15:15:40,110247,1,-4.0800,-1.1257,0.0702,2.0648,7.2826,0,12.5202,-510,1,61.0384,-28.0000,5.7972,0.9076,168.2873,0.064,0.000,1.000,0.0000,0.0000,0
2026-05-05,15:15:40,110282,1,-4.0800,-1.4531,0.0651,1.9156,7.2925,0,12.5202,-510,1,61.0750,8.1204,5.6684,-1.9610,167.7078,0.128,0.000,1.000,0.0000,0.0000,0
2026-05-05,15:15:40,110318,1,-4.0800,-1.4840,0.0536,1.5757,7.3038,0,12.5202,-510,1,61.8813,21.6148,5.5796,-2.6150,167.2372,0.120,0.000,0.999,0.0000,0.0000,0
2026-05-05,15:15:40,110354,1,-4.0880,-1.1302,0.0497,1.4610,7.3136,0,12.5202,-511,1,62.2162,12.6099,5.4633,-3.0382,167.7891,0.088,0.000,0.996,0.0000,0.0000,0
2026-05-05,15:15:40,110389,1,-4.0880,-1.3367,0.0451,1.3276,7.3235,0,12.5202,-511,1,62.5526,12.4951,5.4778,-0.7745,168.2002,0.056,0.000,0.993,0.0000,0.0000,0
2026-05-05,15:15:40,110425,1,-4.0880,-0.7468,0.0684,2.0123,7.3315,0,12.5202,-511,1,62.9788,3.2635,5.5021,-0.4990,167.4491,0.024,0.000,1.000,0.0000,0.0000,0
2026-05-05,15:15:40,110461,1,-4.0880,-0.6256,0.0558,1.6413,7.3355,0,12.5202,-511,1,62.4421,-11.0391,5.4092,-1.4220,167.6908,0.000,0.000,0.998,0.0000,0.0000,0
2026-05-05,15:15:40,110497,1,-4.0880,-0.8006,0.0492,1.4476,7.3410,0,12.5202,-511,1,62.0908,-14.0717,5.5079,0.9941,161.9086,0.016,0.000,0.995,0.0000,0.0000,0
2026-05-05,15:15:40,110533,1,-4.0880,-1.3030,0.0688,2.0229,7.3491,0,12.5202,-511,1,61.7642,-6.1970,5.4150,-1.7674,162.4432,0.080,0.000,0.992,0.0000,0.0000,0
2026-05-05,15:15:40,110569,1,-4.0880,-1.1429,0.0520,1.5280,7.3590,0,12.5202,-511,1,61.5274,1.8502,5.1787,-4.7547,162.8464,0.144,0.000,0.989,0.0000,0.0000,0
2026-05-05,15:15:40,110604,1,-4.0880,-1.2811,0.0552,1.6249,7.3687,0,12.5202,-511,1,62.3908,27.6529,5.2553,0.1551,163.6399,0.112,0.000,0.986,0.0000,0.0000,0
2026-05-05,15:15:40,110639,1,-4.0880,-0.9312,0.0617,1.8151,7.3771,0,12.5202,-511,1,63.3410,20.3676,5.5047,7.7175,163.8862,0.080,0.000,0.982,0.0000,0.0000,0
2026-05-05,15:15:40,110675,1,-4.0880,-0.4270,0.0479,1.4091,7.3805,0,12.5202,-511,1,63.1972,1.6261,6.1181,14.2279,165.3214,0.048,0.000,0.979,0.0000,0.0000,0
2026-05-05,15:15:40,110711,1,-4.0880,-0.6976,0.0438,1.2884,7.3850,0,12.5202,-511,1,63.2501,1.6800,6.3295,8.2457,166.0107,0.016,0.000,0.976,0.0000,0.0000,0
2026-05-05,15:15:40,110746,1,-4.0880,-0.8746,0.0374,1.0997,7.3911,0,12.5202,-511,1,63.0721,-3.4147,6.0967,-2.3139,165.2800,0.000,0.000,0.973,0.0000,0.0000,0
2026-05-05,15:15:41,110781,1,-4.0880,-1.0822,0.0560,1.6480,7.3981,0,12.5202,-511,1,62.6924,-11.1924,5.7406,-7.7015,165.8581,0.000,0.000,0.970,0.0000,0.0000,0
2026-05-05,15:15:41,110816,1,-4.0880,-1.2303,0.0594,1.7458,7.4070,0,12.5202,-511,1,61.8349,-26.5205,5.3979,-9.7629,166.9756,0.048,0.000,0.966,0.0000,0.0000,0
2026-05-05,15:15:41,110851,1,-4.0880,-1.5001,0.0705,2.0735,7.4179,0,12.5202,-511,1,61.5502,3.7318,4.9285,-12.3633,166.5536,0.112,0.000,0.963,0.0000,0.0000,0
2026-05-05,15:15:41,110887,1,-4.0880,-1.5915,0.0573,1.6859,7.4294,0,12.5202,-511,1,62.8185,40.3119,4.7726,-6.8838,165.4980,0.104,0.000,0.960,0.0000,0.0000,0
2026-05-05,15:15:41,110922,1,-4.0880,-1.4322,0.0591,1.7396,7.4403,0,12.5202,-511,1,63.8419,29.6149,4.6943,-4.2805,165.8906,0.072,0.000,0.966,0.0000,0.0000,0
2026-05-05,15:15:41,110958,1,-0.2640,-1.0584,0.0563,1.6557,7.4489,0,12.5202,-33,1,64.0110,10.7626,4.4774,-6.0038,166.8985,0.040,0.000,0.998,0.0000,0.0000,0
2026-05-05,15:15:41,110993,1,0.0000,-0.1963,0.0660,1.9420,7.4522,0,12.5202,0,1,63.9025,2.1092,4.3438,-4.2363,167.2671,0.008,0.000,1.000,0.0000,0.0000,0
2026-05-05,15:15:41,111029,1,0.0000,0.0936,0.0601,1.7664,7.4519,0,12.5202,0,1,64.1824,6.9259,4.4127,-2.1862,166.9040,0.000,0.000,1.000,0.0000,0.0000,0
2026-05-05,15:15:41,111064,1,0.0000,0.0382,0.0500,1.4700,7.4513,0,12.5202,0,1,64.9590,18.3751,4.5876,2.4703,166.1797,0.000,0.000,1.000,0.0000,0.0000,0
2026-05-05,15:15:41,111099,1,0.0000,0.0078,0.0523,1.5392,7.4513,0,12.5202,0,1,65.2682,11.4326,4.6027,1.0998,167.2554,0.000,0.000,1.000,0.0000,0.0000,0
2026-05-05,15:15:41,111134,1,0.0000,0.1376,0.0371,1.0917,7.4508,0,12.5202,0,1,65.6235,18.1514,4.6728,2.0825,168.1522,0.000,0.000,1.000,0.0000,0.0000,0
2026-05-05,15:15:41,111169,1,0.0000,0.3059,-0.0005,0.0140,7.4489,0,12.5202,0,1,68.6844,97.7425,4.9972,6.8611,165.8253,0.000,0.000,0.998,0.0000,0.0000,0
2026-05-05,15:15:41,111205,1,0.0000,-0.0329,-0.0027,0.0799,7.4483,0,12.5202,0,1,73.6489,132.2368,5.4522,10.1431,164.3893,0.000,0.000,0.998,0.0000,0.0000,0
2026-05-05,15:15:41,111240,1,0.0000,-0.0286,-0.0034,0.0993,7.4483,0,12.5202,0,1,77.4773,86.9243,6.1323,15.3937,165.5450,0.000,0.000,0.995,0.0000,0.0000,0
2026-05-05,15:15:41,111276,1,0.0000,-0.0468,0.0019,0.0567,7.4485,0,12.5202,0,1,76.6133,-78.4537,6.7734,15.3551,166.0990,0.000,0.000,0.992,0.0000,0.0000,0
2026-05-05,15:15:41,111311,1,0.0000,-0.0149,0.0070,0.2065,7.4488,0,12.5202,0,1,66.4546,-328.3987,6.2581,-6.1990,166.4975,0.000,0.000,0.989,0.0000,0.0000,0
2026-05-05,15:15:41,111347,1,0.0000,-0.0910,0.0167,0.4924,7.4491,0,12.5202,0,1,51.7696,-414.5139,4.4265,-35.0828,166.6105,0.000,0.000,1.000,0.0000,0.0000,0
2026-05-05,15:15:41,111383,1,0.0000,-0.3022,0.0641,1.8862,7.4511,0,12.5202,0,1,40.4745,-283.8940,2.4985,-43.7769,156.5986,0.048,0.000,1.000,0.0000,0.0000,0
2026-05-05,15:15:41,111418,1,0.0000,0.0451,0.0565,1.6632,7.4516,0,12.5202,0,1,37.7789,-6.4405,2.6194,-7.7827,131.6830,0.112,0.000,1.000,0.0000,0.0000,0
2026-05-05,15:15:41,111453,1,0.0000,0.1127,0.0300,0.8814,7.4504,0,12.5202,0,1,49.5888,354.1008,4.0975,25.0325,118.5315,0.152,0.000,1.000,0.0000,0.0000,0
2026-05-05,15:15:41,111488,1,0.0000,-0.0565,0.0424,1.2462,7.4506,0,12.5202,0,1,58.5382,222.8974,5.2338,28.1724,125.5728,0.120,0.000,1.000,0.0000,0.0000,0
2026-05-05,15:15:41,111523,1,0.0000,-0.0047,0.0424,1.2459,7.4507,0,12.5202,0,1,58.7861,-12.6812,5.2835,8.7728,131.8683,0.088,0.000,1.000,0.0000,0.0000,0
2026-05-05,15:15:41,111559,1,0.0000,0.0093,0.0414,1.2186,7.4507,0,12.5202,0,1,55.8196,-66.5392,4.6997,-7.1648,136.3454,0.056,0.000,1.000,0.0000,0.0000,0
2026-05-05,15:15:41,111594,1,0.0000,-0.0048,0.0390,1.1458,7.4506,0,12.5202,0,1,55.6047,15.8960,4.2284,-10.1853,139.0692,0.024,0.000,1.000,0.0000,0.0000,0
2026-05-05,15:15:41,111629,1,0.0000,0.0017,0.0414,1.2187,7.4507,0,12.5202,0,1,58.3432,92.5089,4.0678,-5.3380,142.9068,0.000,0.000,1.000,0.0000,0.0000,0
2026-05-05,15:15:41,111665,1,0.0000,-0.0089,0.0430,1.2641,7.4507,0,12.5202,0,0,61.3183,88.4976,3.9247,-3.4755,145.6385,0.000,0.000,1.000,0.0000,0.0000,0
2026-05-05,15:15:41,111700,1,0.0000,0.0010,0.0433,1.2732,7.4508,0,12.5202,0,0,63.3569,55.3388,3.9280,0.6739,147.9507,0.000,0.000,1.000,0.0000,0.0000,0
2026-05-05,15:15:41,111735,1,0.0000,0.0339,0.0402,1.1822,7.4507,0,12.5202,0,0,63.9218,15.8890,4.3954,10.5383,150.4329,0.000,0.000,1.000,0.0000,0.0000,0
2026-05-05,15:15:41,111771,1,0.0000,0.0061,0.0374,1.1002,7.4506,0,12.5202,0,0,64.4792,17.1133,5.0368,16.7984,153.0859,0.000,0.000,1.000,0.0000,0.0000,0
2026-05-05,15:15:42,111807,1,0.0000,-0.0174,0.0411,1.2095,7.4506,0,12.5202,0,0,64.7697,7.6076,5.5269,16.1243,155.5302,0.000,0.000,1.000,0.0000,0.0000,0
2026-05-05,15:15:42,111842,1,0.0000,-0.0852,0.0514,1.5132,7.4510,0,12.5202,0,0,64.0069,-22.9427,5.5708,6.7377,156.6204,0.000,0.000,1.000,0.0000,0.0000,0
2026-05-05,15:15:42,111877,1,0.0000,-0.2079,0.0798,2.3475,7.4523,0,12.5202,0,0,63.6267,-3.3489,5.4128,1.4529,156.2610,0.000,0.000,1.000,0.0000,0.0000,0
2026-05-05,15:15:42,111912,1,0.0000,-0.0520,0.0901,2.6514,7.4532,0,12.5202,0,0,64.3622,25.9986,5.3971,2.8318,154.9799,0.000,0.000,1.000,0.0000,0.0000,0
2026-05-05,15:15:42,111945,1,0.0000,-0.0017,0.0887,2.6097,7.4532,0,12.5202,0,0,64.8085,20.6527,4.8719,-1.4676,153.9619,0.000,0.000,1.000,0.0000,0.0000,0
2026-05-05,15:15:42,111981,1,0.0000,0.0015,0.0876,2.5779,7.4532,0,12.5202,0,0,65.1998,13.2739,5.8579,21.8725,103.2737,0.000,0.000,1.000,0.0000,0.0000,0
2026-05-05,15:15:42,112016,1,0.0000,0.0007,0.0875,2.5727,7.4532,0,12.5202,0,0,65.8041,18.8788,7.0728,32.8370,113.1832,0.000,0.000,1.000,0.0000,0.0000,0
2026-05-05,15:15:42,112051,1,0.0000,-0.0015,0.0880,2.5884,7.4532,0,12.5202,0,0,66.0391,5.6301,8.0014,30.9742,120.1272,0.000,0.000,1.000,0.0000,0.0000,0
2026-05-05,15:15:42,112086,1,0.0000,-0.1139,0.1020,3.0007,7.4536,0,12.5202,0,0,65.6644,-11.1790,8.5662,23.6681,125.4036,0.000,0.000,1.000,0.0000,0.0000,0
2026-05-05,15:15:42,112121,1,0.0000,-0.3795,0.1578,4.6424,7.4559,0,12.5202,0,0,65.5436,6.7935,8.8595,16.7425,129.1264,0.000,0.000,1.000,0.0000,0.0000,0
2026-05-05,15:15:42,112156,1,0.0000,-0.1853,0.1824,5.3642,7.4578,0,12.5202,0,0,66.4831,25.6941,8.9842,11.7781,132.6967,0.000,0.000,1.000,0.0000,0.0000,0
2026-05-05,15:15:42,112191,1,0.0000,0.1312,0.1630,4.7938,7.4576,0,12.5202,0,0,66.6499,6.5882,9.6714,21.3882,84.7986,0.000,0.000,1.000,0.0000,0.0000,0
2026-05-05,15:15:42,112226,1,0.0000,0.2820,0.1218,3.5834,7.4557,0,12.5202,0,0,67.2054,17.1719,10.8339,31.8716,78.7180,0.000,0.000,1.000,0.0000,0.0000,0
2026-05-05,15:15:42,112261,1,0.0000,0.0435,0.1156,3.4014,7.4548,0,12.5202,0,0,68.2529,34.6479,11.6826,29.4783,90.6166,0.000,0.000,1.000,0.0000,0.0000,0
2026-05-05,15:15:42,112296,1,0.0000,-0.0769,0.1266,3.7236,7.4551,0,12.5202,0,0,68.5091,1.8089,12.1387,21.6621,98.9693,0.000,0.000,1.000,0.0000,0.0000,0
2026-05-05,15:15:42,112331,1,0.0000,-0.1933,0.1642,4.8302,7.4566,0,12.5202,0,0,67.5525,-23.9715,12.0514,9.2551,105.1916,0.000,0.000,1.000,0.0000,0.0000,0
2026-05-05,15:15:42,112366,1,0.0000,-0.0078,0.1648,4.8465,7.4573,0,12.5202,0,0,67.7672,7.3198,12.3199,14.3015,73.1775,0.000,0.000,1.000,0.0000,0.0000,0
2026-05-05,15:15:42,112401,1,0.0000,0.1039,0.1508,4.4344,7.4568,0,12.5202,0,0,67.8445,1.8514,13.6101,34.4746,36.4238,0.000,0.000,1.000,0.0000,0.0000,0
2026-05-05,15:15:42,112436,1,0.0000,0.1081,0.1327,3.9028,7.4558,0,12.5202,0,0,68.2194,12.5857,15.3457,47.8733,12.0396,0.000,0.000,1.000,0.0000,0.0000,0
2026-05-05,15:15:42,112471,1,0.0000,-0.0042,0.1379,4.0564,7.4558,0,12.5202,0,0,68.6567,13.4074,16.7236,44.6326,34.3122,0.000,0.000,1.000,0.0000,0.0000,0
2026-05-05,15:15:42,112506,1,0.0000,0.0023,0.1354,3.9835,7.4557,0,12.5202,0,0,68.8727,8.0816,17.4185,30.9598,51.6867,0.000,0.000,1.000,0.0000,0.0000,0
2026-05-05,15:15:42,112541,1,0.0000,0.0564,0.1311,3.8550,7.4556,0,12.5202,0,0,69.2995,9.8884,17.9105,23.4372,27.7443,0.000,0.000,1.000,0.0000,0.0000,0
2026-05-05,15:15:42,112576,1,0.0000,-0.0110,0.1284,3.7754,7.4554,0,12.5202,0,0,69.4793,2.9971,18.5301,23.0956,-4.0363,0.000,0.000,1.000,0.0000,0.0000,0
2026-05-05,15:15:42,112611,1,0.0000,-0.0026,0.1277,3.7572,7.4553,0,12.5202,0,0,69.4922,1.6284,19.3998,27.8553,-10.2104,0.000,0.000,1.000,0.0000,0.0000,0
2026-05-05,15:15:42,112646,1,0.0000,-0.0205,0.1312,3.8598,7.4554,0,12.5202,0,0,69.6853,6.1632,20.3210,29.5979,15.8101,0.000,0.000,1.000,0.0000,0.0000,0
2026-05-05,15:15:42,112681,1,0.0000,0.0020,0.1383,4.0674,7.4559,0,12.5202,0,0,69.8753,0.3744,20.9144,24.5277,36.8916,0.000,0.000,1.000,0.0000,0.0000,0
2026-05-05,15:15:42,112716,1,0.0000,0.0335,0.1326,3.9013,7.4557,0,12.5202,0,0,69.7161,-5.6899,21.4927,23.4784,16.0483,0.000,0.000,1.000,0.0000,0.0000,0
2026-05-05,15:15:42,112751,1,0.0000,0.1205,0.1117,3.2843,7.4548,0,12.5202,0,0,69.5657,-9.1658,22.6912,34.2605,-11.8728,0.000,0.000,1.000,0.0000,0.0000,0
2026-05-05,15:15:43,112787,1,0.0000,0.0224,0.1064,3.1298,7.4542,0,12.5202,0,0,69.2987,-5.2096,24.0532,40.0450,-22.4228,0.048,0.000,1.000,0.0000,0.0000,0
2026-05-05,15:15:43,112822,1,0.0000,-0.0297,0.1138,3.3473,7.4544,0,12.5202,0,0,69.1975,-1.6604,25.0511,34.3578,3.7789,0.088,0.000,1.000,0.0000,0.0000,0
2026-05-05,15:15:43,112861,1,0.0000,-0.1376,0.1346,3.9601,7.4553,0,12.5202,0,0,69.2572,-6.2506,24.4323,18.5478,13.8331,0.064,0.000,1.000,0.0000,0.0000,0
2026-05-05,15:15:43,112896,1,0.0000,-0.0876,0.1475,4.3375,7.4561,0,12.5202,0,0,69.0868,-7.4786,24.3848,10.7116,-10.7776,0.032,0.000,1.000,0.0000,0.0000,0
2026-05-05,15:15:43,112931,1,0.0000,-0.0627,0.1592,4.6837,7.4568,0,12.5202,0,0,68.5203,-16.7193,24.9698,19.3488,-35.4638,0.096,0.000,1.000,0.0000,0.0000,0
2026-05-05,15:15:43,112966,1,0.0000,0.2782,0.1271,3.7376,7.4561,0,12.5202,0,0,68.3678,-8.7158,26.2919,34.0809,-49.0652,0.160,0.000,1.000,0.0000,0.0000,0
2026-05-05,15:15:43,113001,1,0.0000,0.6807,0.0311,0.9151,7.4519,0,12.5202,0,0,69.4938,39.3581,27.7547,41.4982,-67.1530,0.176,0.000,1.000,0.0000,0.0000,0
2026-05-05,15:15:43,113036,1,0.0000,0.0605,0.0014,0.0419,7.4489,0,12.5202,0,0,72.4823,67.1823,29.3787,45.8763,-75.4237,0.144,0.000,0.998,0.0000,0.0000,0
2026-05-05,15:15:43,113071,1,0.0000,-0.9161,0.1307,3.8429,7.4531,0,12.5202,0,0,64.6291,-278.5257,29.2526,10.6035,-40.4608,0.160,0.000,1.000,0.0000,0.0000,0
2026-05-05,15:15:43,113106,1,0.0000,-0.4815,0.2091,6.1487,7.4585,0,12.5202,0,0,52.6756,-310.0548,26.9802,-34.1481,-32.7214,0.224,0.000,1.000,0.0000,0.0000,0
2026-05-05,15:15:43,113141,1,0.0000,0.1807,0.1622,4.7718,7.4576,0,12.5202,0,0,59.3230,137.1029,27.3067,1.3211,-50.6293,0.288,0.000,1.000,0.0000,0.0000,0
2026-05-05,15:15:43,113176,1,0.0000,0.5706,0.0736,2.1641,7.4539,0,12.5202,0,0,57.7381,-84.7666,29.1240,34.4747,-68.7353,0.352,0.000,1.000,0.0000,0.0000,0
2026-05-05,15:15:43,113212,1,0.0000,0.1388,0.0530,1.5596,7.4517,0,12.5202,0,1,54.2685,-80.3139,30.1220,31.8529,-44.6795,0.416,0.000,1.000,0.0000,0.0000,0
2026-05-05,15:15:43,113248,1,1.7120,1.1096,0.1205,3.5447,7.4488,0,12.5202,380,1,54.2938,5.0525,30.7512,24.3388,-25.4891,0.480,0.000,1.000,0.0000,0.0000,0
2026-05-05,15:15:43,113284,1,3.8400,3.0722,0.1295,3.8096,7.4325,0,12.5202,480,1,55.2104,45.3508,31.1762,19.4433,-31.1176,0.520,0.000,1.000,0.0000,0.0000,0
2026-05-05,15:15:43,113320,1,4.0320,4.1417,0.1241,3.6494,7.4021,0,12.5202,504,1,59.2461,144.9934,31.9210,22.4478,-13.8433,0.488,0.000,1.000,0.0000,0.0000,0
2026-05-05,15:15:43,113355,1,4.0320,3.8804,0.1312,3.8599,7.3722,0,12.5202,504,1,62.6098,62.2178,32.6700,21.4662,-31.8612,0.456,0.000,1.000,0.0000,0.0000,0
2026-05-05,15:15:43,113390,1,4.0320,4.0574,0.1264,3.7185,7.3420,0,12.5202,504,1,59.4437,-111.4036,32.6591,6.5849,-53.9930,0.424,0.000,1.000,0.0000,0.0000,0
2026-05-05,15:15:43,113426,1,4.0880,4.0891,0.1241,3.6512,7.3108,0,12.5202,511,1,56.2245,-61.1567,32.4721,0.9287,-58.5816,0.488,0.000,1.000,0.0000,0.0000,0
2026-05-05,15:15:43,113461,1,4.0880,3.9937,0.1405,4.1320,7.2810,0,12.5202,511,1,59.1973,94.8105,32.5773,2.9029,-44.1884,0.528,0.000,1.000,0.0000,0.0000,0
2026-05-05,15:15:43,113496,1,4.0880,4.0103,0.1468,4.3191,7.2508,0,12.5202,511,1,62.1145,77.8438,32.6347,1.7218,-30.4056,0.496,0.000,1.000,0.0000,0.0000,0
2026-05-05,15:15:43,113532,1,4.0880,4.2573,0.1292,3.8006,7.2186,0,12.5202,511,1,62.7795,16.0374,32.4678,-1.0713,-46.7613,0.464,0.000,1.000,0.0000,0.0000,0
2026-05-05,15:15:43,113567,1,4.0880,4.2258,0.1189,3.4985,7.1870,0,12.5202,511,1,62.0930,-25.6541,32.8002,7.1161,-59.3707,0.432,0.000,1.000,0.0000,0.0000,0
2026-05-05,15:15:43,113603,1,4.0880,4.2116,0.0942,2.7701,7.1548,0,12.5202,511,1,61.6264,-16.7531,33.1957,10.0746,-76.8926,0.400,0.000,1.000,0.0000,0.0000,0
2026-05-05,15:15:43,113639,1,4.0880,4.1824,0.0806,2.3696,7.1225,0,12.5202,511,1,61.6926,6.3654,33.4575,8.5184,-91.9324,0.368,0.000,1.000,0.0000,0.0000,0
2026-05-05,15:15:43,113674,1,4.0880,4.0699,0.0831,2.4439,7.0922,0,12.5202,511,1,62.6947,30.1777,33.6757,7.3559,-64.7834,0.336,0.000,1.000,0.0000,0.0000,0
2026-05-05,15:15:43,113709,1,4.0880,3.9464,0.1120,3.2946,7.0624,0,12.5202,511,1,62.9725,7.3432,33.7022,2.7882,-30.0295,0.304,0.000,1.000,0.0000,0.0000,0
2026-05-05,15:15:43,113745,1,4.0960,3.9350,0.1504,4.4228,7.0328,0,12.5202,512,1,62.7105,-8.7485,32.8433,-14.5797,-2.2734,0.272,0.000,1.000,0.0000,0.0000,0
2026-05-05,15:15:44,113785,1,4.0880,3.9705,0.1715,5.0452,6.9991,0,12.5202,511,1,62.6916,-19.5161,31.4028,-17.7099,-11.9123,0.248,0.000,1.000,0.0000,0.0000,0
2026-05-05,15:15:44,113821,1,4.0880,4.1154,0.1617,4.7554,6.9676,0,12.5202,511,1,61.3344,-37.9877,32.0862,10.4107,-21.6826,0.312,0.000,1.000,0.0000,0.0000,0
2026-05-05,15:15:44,113856,1,4.0880,4.2267,0.1361,4.0040,6.9360,0,12.5202,511,1,60.6458,-19.9820,32.7812,17.2598,-25.8839,0.376,0.000,1.000,0.0000,0.0000,0
2026-05-05,15:15:44,113892,1,4.0880,4.0822,0.1263,3.7154,6.9040,0,12.5202,511,1,60.4920,-5.1615,33.2893,16.1390,-34.6887,0.440,0.000,1.000,0.0000,0.0000,0
2026-05-05,15:15:44,113928,1,4.0960,3.9594,0.1468,4.3166,6.8737,0,12.5202,512,1,60.2832,-6.2384,33.6909,14.0468,-49.9754,0.504,0.000,1.000,0.0000,0.0000,0
2026-05-05,15:15:44,113963,1,4.0880,4.2187,0.1312,3.8579,6.8425,0,12.5202,511,1,60.1960,-3.7329,34.0145,11.7385,-62.4874,0.568,0.000,1.000,0.0000,0.0000,0
2026-05-05,15:15:44,113998,1,4.0880,4.0979,0.1304,3.8350,6.8108,0,12.5202,511,1,59.4916,-27.9163,34.2638,8.9053,-59.8705,0.632,0.000,1.000,0.0000,0.0000,0
2026-05-05,15:15:44,114034,1,4.0880,3.9187,0.1585,4.6607,6.7807,0,12.5202,511,1,58.4526,-27.8903,34.2017,1.8516,-30.9074,0.696,0.000,1.000,0.0000,0.0000,0
2026-05-05,15:15:44,114069,1,4.0880,4.0414,0.1615,4.7495,6.7511,0,12.5202,511,1,59.0369,37.6524,33.8513,-5.0536,-8.1802,0.760,0.000,1.000,0.0000,0.0000,0
2026-05-05,15:15:44,114105,1,4.0880,3.9889,0.1680,4.9422,6.7195,0,12.5202,511,1,60.0977,16.1920,33.5455,-6.1525,-21.8621,0.728,0.000,1.000,0.0000,0.0000,0
2026-05-05,15:15:44,114141,1,2.6960,3.4323,0.1047,3.0793,6.6897,0,12.5202,337,1,58.8937,-36.5162,33.3474,-4.7782,-45.1241,0.696,0.000,1.000,0.0000,0.0000,0
2026-05-05,15:15:44,114176,1,2.6960,2.7666,0.1346,3.9588,6.6697,0,12.5202,337,1,58.5032,-2.1792,33.4837,1.3591,-57.4232,0.760,0.000,1.000,0.0000,0.0000,0
2026-05-05,15:15:44,114211,1,2.6960,2.7332,0.1302,3.8299,6.6487,0,12.5202,337,1,59.0992,20.8157,33.6427,3.4924,-75.2067,0.752,0.000,1.000,0.0000,0.0000,0
2026-05-05,15:15:44,114247,1,0.0000,0.6109,0.0249,0.7321,6.6332,0,12.5202,0,1,60.0240,37.4618,33.7371,3.3149,-69.9597,0.720,0.000,1.000,0.0000,0.0000,0
2026-05-05,15:15:44,114282,1,0.0000,-0.0227,0.0588,1.7289,6.6333,0,12.5202,0,1,61.1303,23.4930,33.9076,3.7819,-85.9510,0.688,0.000,1.000,0.0000,0.0000,0
2026-05-05,15:15:44,114318,1,0.0000,-0.0505,0.0660,1.9402,6.6337,0,12.5202,0,1,58.7649,-77.4692,33.5244,-7.4191,-46.7223,0.680,0.000,1.000,0.0000,0.0000,0
2026-05-05,15:15:44,114353,1,0.0000,0.0233,0.0638,1.8755,6.6337,0,12.5202,0,1,58.0477,18.7173,32.8958,-13.5000,-58.5521,0.744,0.000,1.000,0.0000,0.0000,0
2026-05-05,15:15:44,114389,1,0.0000,0.1272,0.0442,1.2992,6.6330,0,12.5202,0,1,61.5436,100.5977,32.9852,-3.3470,-74.1691,0.736,0.000,1.000,0.0000,0.0000,0
2026-05-05,15:15:44,114425,1,0.0000,-0.0110,0.0488,1.4367,6.6327,0,12.5202,0,1,64.4520,61.8002,33.2161,1.2854,-75.4024,0.704,0.000,1.000,0.0000,0.0000,0
2026-05-05,15:15:44,114461,1,0.0000,0.1194,0.0347,1.0207,6.6324,0,12.5202,0,1,64.4189,-3.5587,33.1217,-2.4267,-38.0470,0.672,0.000,1.000,0.0000,0.0000,0
2026-05-05,15:15:44,114496,1,0.0000,0.0447,0.0238,0.7011,6.6316,0,12.5202,0,1,64.2258,-5.7356,33.0706,-1.5307,-26.9305,0.640,0.000,1.000,0.0000,0.0000,0
2026-05-05,15:15:44,114533,1,0.0000,-0.0088,0.0263,0.7734,6.6316,0,12.5202,0,1,64.0438,-13.9040,33.3653,5.2248,-49.0268,0.608,0.000,1.000,0.0000,0.0000,0
2026-05-05,15:15:44,114568,1,0.0000,-0.0217,0.0275,0.8096,6.6317,0,12.5202,0,1,62.7171,-50.4263,33.6576,7.0098,-27.6907,0.600,0.000,1.000,0.0000,0.0000,0
2026-05-05,15:15:44,114603,1,0.0000,-0.0058,0.0266,0.7813,6.6317,0,12.5202,0,1,61.2064,-41.7953,33.8820,7.0455,2.8746,0.592,0.000,1.000,0.0000,0.0000,0
2026-05-05,15:15:44,114639,1,0.0000,0.0008,0.0248,0.7279,6.6316,0,12.5202,0,1,60.4767,-25.7087,34.0980,6.9268,-5.0244,0.584,0.000,1.000,0.0000,0.0000,0
2026-05-05,15:15:44,114674,1,0.0000,0.0157,0.0251,0.7378,6.6316,0,12.5202,0,1,60.1192,-12.9731,34.4217,9.1787,-16.6596,0.552,0.000,1.000,0.0000,0.0000,0
2026-05-05,15:15:44,114713,1,0.0000,0.0135,0.0219,0.6450,6.6315,0,12.5202,0,1,60.7743,5.1292,34.7034,9.0756,-8.6532,0.528,0.000,1.000,0.0000,0.0000,0
2026-05-05,15:15:44,114748,1,0.0000,0.0060,0.0222,0.6542,6.6314,0,12.5202,0,1,61.0597,1.6982,35.1081,11.6716,-19.4964,0.496,0.000,1.000,0.0000,0.0000,0
2026-05-05,15:15:45,114784,1,0.0000,-0.0061,0.0219,0.6454,6.6314,0,12.5202,0,1,60.5284,-43.4495,36.2118,25.5986,-10.6178,0.464,0.000,1.000,0.0000,0.0000,0
2026-05-05,15:15:45,114819,1,0.0000,0.0212,0.0185,0.5451,6.6313,0,12.5202,0,1,59.3786,-68.4452,37.5212,32.0610,-6.0242,0.432,0.000,1.000,0.0000,0.0000,0
2026-05-05,15:15:45,114854,1,0.0000,0.0118,0.0195,0.5748,6.6313,0,12.5202,0,1,57.1645,-73.8618,38.2521,22.9410,-29.7566,0.400,0.000,1.000,0.0000,0.0000,0
2026-05-05,15:15:45,114889,1,0.0000,0.0038,0.0196,0.5757,6.6313,0,12.5202,0,1,55.2458,-55.6965,38.9440,21.6045,-29.9472,0.368,0.000,1.000,0.0000,0.0000,0
2026-05-05,15:15:45,114924,1,0.0000,0.0064,0.0201,0.5921,6.6313,0,12.5202,0,1,54.1030,-36.8977,40.5346,36.4756,-4.0066,0.336,0.000,1.000,0.0000,0.0000,0
2026-05-05,15:15:45,114959,1,0.0000,-0.0332,0.0242,0.7106,6.6314,0,12.5202,0,0,51.6052,-82.7497,41.8971,34.7683,-27.2769,0.304,0.000,1.000,0.0000,0.0000,0
2026-05-05,15:15:45,114994,1,0.0000,0.0089,0.0223,0.6555,6.6315,0,12.5202,0,0,47.2399,-128.8093,42.7566,24.9442,-32.8888,0.272,0.000,1.000,0.0000,0.0000,0
2026-05-05,15:15:45,115029,1,0.0000,-0.0003,0.0235,0.6918,6.6315,0,12.5202,0,0,43.3239,-90.7731,43.1827,12.1674,1.5803,0.240,0.000,1.000,0.0000,0.0000,0
2026-05-05,15:15:45,115064,1,0.0000,-0.0416,0.0306,0.9003,6.6317,0,12.5202,0,0,43.8766,55.1431,42.6193,-12.1990,27.7085,0.232,0.000,1.000,0.0000,0.0000,0
2026-05-05,15:15:45,115099,1,0.0000,-0.0531,0.0470,1.3811,6.6326,0,12.5202,0,0,48.9982,152.3305,40.9058,-41.3809,39.7486,0.248,0.000,1.000,0.0000,0.0000,0
2026-05-05,15:15:45,115134,1,0.0000,-0.0201,0.0479,1.4098,6.6328,0,12.5202,0,0,53.0663,111.8647,39.1762,-49.5772,6.7991,0.216,0.000,1.000,0.0000,0.0000,0
2026-05-05,15:15:45,115169,1,0.0000,0.0059,0.0467,1.3729,6.6328,0,12.5202,0,0,54.6366,40.9544,37.8132,-45.5331,19.7374,0.184,0.000,1.000,0.0000,0.0000,0
2026-05-05,15:15:45,115205,1,0.0000,-0.0005,0.0479,1.4077,6.6328,0,12.5202,0,0,54.9759,15.0008,36.6430,-40.2916,29.3878,0.152,0.000,1.000,0.0000,0.0000,0
2026-05-05,15:15:45,115241,1,0.0000,-0.0050,0.0478,1.4054,6.6328,0,12.5202,0,0,55.5075,15.7650,35.6984,-33.2495,10.9258,0.120,0.000,1.000,0.0000,0.0000,0
2026-05-05,15:15:45,115276,1,0.0000,-0.0144,0.0503,1.4809,6.6329,0,12.5202,0,0,55.7408,7.2758,35.1240,-23.1917,-17.1666,0.088,0.000,1.000,0.0000,0.0000,0
2026-05-05,15:15:45,115311,1,0.0000,-0.0701,0.0559,1.6454,6.6331,0,12.5202,0,0,55.9036,6.5413,34.8415,-14.2864,-40.9642,0.056,0.000,1.000,0.0000,0.0000,0
2026-05-05,15:15:45,115347,1,0.0000,-0.0705,0.0692,2.0341,6.6337,0,12.5202,0,0,56.0043,4.0581,34.7014,-8.7354,-60.9352,0.024,0.000,1.000,0.0000,0.0000,0
2026-05-05,15:15:45,115383,1,0.0240,-0.0179,0.0719,2.1138,6.6339,0,12.5202,3,1,56.1366,4.6402,34.6916,-4.6641,-50.1676,0.000,0.000,1.000,0.0000,0.0000,0
2026-05-05,15:15:45,115418,1,0.0240,0.0056,0.0744,2.1889,6.6339,0,12.5202,3,1,56.3730,9.8038,34.5628,-5.2492,-15.5337,0.000,0.000,1.000,0.0000,0.0000,0
2026-05-05,15:15:45,115453,1,4.0400,0.0401,0.0731,2.1488,6.6337,0,12.5202,505,1,56.6468,10.1178,34.1013,-11.7261,-0.7170,0.000,0.000,1.000,0.0000,0.0000,0
2026-05-05,15:15:45,115489,1,4.0400,3.9699,0.1848,5.4364,6.6164,0,12.5202,505,1,55.1653,-49.0460,33.7837,-10.2482,-25.7971,0.000,0.000,1.000,0.0000,0.0000,0
2026-05-05,15:15:45,115524,1,4.0400,3.9511,0.1877,5.5199,6.5862,0,12.5202,505,1,55.3994,35.0152,34.0171,0.1589,-26.9992,0.064,0.000,1.000,0.0000,0.0000,0
2026-05-05,15:15:45,115561,1,4.0880,4.0859,0.1831,5.3855,6.5551,0,12.5202,511,1,56.8063,20.8429,34.1939,0.8261,2.8546,0.032,0.000,1.000,0.0000,0.0000,0
2026-05-05,15:15:45,115596,1,4.0880,4.0887,0.1687,4.9622,6.5235,0,12.5202,511,1,56.7560,7.6476,33.7610,-8.6686,8.2923,0.000,0.000,1.000,0.0000,0.0000,0
2026-05-05,15:15:45,115635,1,4.0880,4.2421,0.1403,4.1250,6.4880,0,12.5202,511,1,57.0509,15.1470,33.7702,-5.3143,-5.6564,0.000,0.000,1.000,0.0000,0.0000,0
2026-05-05,15:15:45,115671,1,4.0880,4.1543,0.1300,3.8222,6.4559,0,12.5202,511,1,57.5433,13.2254,33.9851,1.5450,-30.3564,0.000,0.000,1.000,0.0000,0.0000,0
2026-05-05,15:15:45,115706,1,4.0880,4.0094,0.1408,4.1403,6.4256,0,12.5202,511,1,57.8805,11.9831,34.3579,6.4118,-17.3814,0.000,0.000,1.000,0.0000,0.0000,0
2026-05-05,15:15:45,115741,1,4.0880,4.0130,0.1445,4.2512,6.3954,0,12.5202,511,1,58.2161,14.2568,34.3803,0.7340,11.6576,0.000,0.000,1.000,0.0000,0.0000,0
2026-05-05,15:15:45,115777,1,4.0880,3.9629,0.1614,4.7457,6.3646,0,12.5202,511,1,58.9520,24.1494,34.0687,-6.8565,35.4641,0.000,0.000,1.000,0.0000,0.0000,0
2026-05-05,15:15:46,115812,1,4.0880,4.1347,0.1584,4.6582,6.3343,0,12.5202,511,1,59.2114,6.7575,33.4603,-14.6122,35.8436,0.000,0.000,1.000,0.0000,0.0000,0
2026-05-05,15:15:46,115847,1,4.0880,4.2873,0.1398,4.1125,6.3028,0,12.5202,511,1,58.7646,-15.4538,32.9753,-14.7869,36.0562,0.000,0.000,1.000,0.0000,0.0000,0
2026-05-05,15:15:46,115883,1,4.0880,4.3387,0.1042,3.0638,6.2698,0,12.5202,511,1,59.4076,24.1018,32.6635,-11.1019,4.4766,0.000,0.000,1.000,0.0000,0.0000,0
2026-05-05,15:15:46,115918,1,4.0880,4.0627,0.1031,3.0332,6.2387,0,12.5202,511,1,60.2978,29.3030,32.5776,-6.0459,17.3021,0.000,0.000,1.000,0.0000,0.0000,0
2026-05-05,15:15:46,115953,1,4.0880,4.1261,0.0948,2.7872,6.2078,0,12.5202,511,1,60.8474,12.6936,32.3455,-6.7756,40.7634,0.000,0.000,1.000,0.0000,0.0000,0
2026-05-05,15:15:46,115989,1,4.0880,3.9851,0.1142,3.3589,6.1771,0,12.5202,511,1,60.4419,-13.0434,32.1750,-5.6181,14.1900,0.000,0.000,1.000,0.0000,0.0000,0
2026-05-05,15:15:46,116025,1,4.0880,4.0444,0.1272,3.7415,6.1468,0,12.5202,511,1,60.2768,-1.7867,32.0424,-4.0215,-7.3933,0.000,0.000,1.000,0.0000,0.0000,0
2026-05-05,15:15:46,116061,1,4.0880,4.0483,0.1342,3.9456,6.1156,0,12.5202,511,1,60.4360,6.0726,31.9833,-2.6706,19.7564,0.000,0.000,1.000,0.0000,0.0000,0
2026-05-05,15:15:46,116096,1,4.0880,4.0716,0.1355,3.9859,6.0849,0,12.5202,511,1,60.6703,6.7186,31.8010,-4.6167,43.0409,0.000,0.000,1.000,0.0000,0.0000,0
2026-05-05,15:15:46,116131,1,4.0880,4.0293,0.1521,4.4734,6.0554,0,12.5202,511,1,60.9230,7.4170,31.6388,-4.5611,10.0165,0.000,0.000,1.000,0.0000,0.0000,0
2026-05-05,15:15:46,116168,1,4.0880,4.1262,0.1457,4.2854,6.0238,0,12.5202,511,1,60.7463,-3.7916,31.5688,-3.2757,15.7962,0.000,0.000,1.000,0.0000,0.0000,0
2026-05-05,15:15:46,116203,1,4.0880,3.9944,0.1654,4.8633,5.9927,0,12.5202,511,1,60.9224,3.6565,31.4008,-4.5025,39.9269,0.000,0.000,1.000,0.0000,0.0000,0
2026-05-05,15:15:46,116239,1,4.0880,3.8677,0.1931,5.6784,5.9627,0,12.5202,511,1,60.2467,-18.1285,31.3129,-2.6683,46.6549,0.000,0.000,1.000,0.0000,0.0000,0
2026-05-05,15:15:46,116274,1,4.1120,3.9099,0.2261,6.6487,5.9340,0,12.5202,514,1,59.7450,-12.5607,31.3254,-0.6159,53.8288,0.064,0.000,1.000,0.0000,0.0000,0
2026-05-05,15:15:46,116310,1,4.1120,4.1953,0.2246,6.6072,5.9031,0,12.5202,514,1,59.5366,-1.2227,31.1542,-3.4467,51.2351,0.128,0.000,1.000,0.0000,0.0000,0
2026-05-05,15:15:46,116345,1,4.1120,4.4129,0.1892,5.5652,5.8711,0,12.5202,514,1,60.1459,19.8631,31.0193,-3.7745,43.8411,0.120,0.000,1.000,0.0000,0.0000,0
2026-05-05,15:15:46,116380,1,4.1040,4.5379,0.1150,3.3825,5.8367,0,12.5202,513,1,61.0373,30.4598,30.7155,-7.1914,57.0397,0.088,0.000,1.000,0.0000,0.0000,0
2026-05-05,15:15:46,116416,1,4.1040,3.8546,0.1383,4.0677,5.8043,0,12.5202,513,1,61.5054,12.3111,30.3039,-9.9378,67.5171,0.056,0.000,1.000,0.0000,0.0000,0
2026-05-05,15:15:46,116452,1,4.1040,3.0799,0.2857,8.4024,5.7781,0,12.5202,513,1,59.0468,-50.8615,29.4827,-18.3858,69.1564,0.072,0.000,1.000,0.0000,0.0000,0
2026-05-05,15:15:46,116488,1,4.1040,4.0531,0.2905,8.5443,5.7505,0,12.5202,513,1,61.1973,67.1853,29.3713,-5.5463,42.1375,0.088,0.000,1.000,0.0000,0.0000,0
2026-05-05,15:15:46,116523,1,4.1040,4.5873,0.2416,7.1055,5.7180,0,12.5202,513,1,61.3816,-2.5128,29.8942,7.0603,10.7214,0.056,0.000,1.000,0.0000,0.0000,0
2026-05-05,15:15:46,116559,1,4.1040,4.7705,0.1158,3.4057,5.6802,0,12.5202,513,1,61.5094,4.8113,30.2674,8.1517,14.5963,0.032,0.000,1.000,0.0000,0.0000,0
2026-05-05,15:15:46,116594,1,4.1120,4.2608,0.0915,2.6903,5.6467,0,12.5202,514,1,63.1750,40.2205,30.3881,4.0695,38.6803,0.000,0.000,1.000,0.0000,0.0000,0
2026-05-05,15:15:46,116629,1,4.1120,3.7372,0.1361,4.0036,5.6175,0,12.5202,514,1,63.1498,-15.0483,30.1347,-4.1492,19.3620,0.000,0.000,1.000,0.0000,0.0000,0
2026-05-05,15:15:46,116665,1,4.1120,3.2148,0.2678,7.8751,5.5916,0,12.5202,514,1,59.9961,-70.0196,29.9081,-5.9258,-7.3686,0.032,0.000,1.000,0.0000,0.0000,0
2026-05-05,15:15:46,116701,1,4.1040,3.9994,0.3008,8.8481,5.5636,0,12.5202,513,1,61.7961,87.3358,29.7269,-7.6689,2.5292,0.072,0.000,1.000,0.0000,0.0000,0
2026-05-05,15:15:46,116736,1,4.1040,4.7834,0.2108,6.1998,5.5309,0,12.5202,513,1,64.7610,57.0926,29.4072,-10.0091,-9.0795,0.040,0.000,1.000,0.0000,0.0000,0
2026-05-05,15:15:46,116772,1,4.1040,4.6088,0.1200,3.5293,5.4932,0,12.5202,513,1,64.5776,6.7847,28.7840,-16.3129,-20.5717,0.008,0.000,1.000,0.0000,0.0000,0
2026-05-05,15:15:47,116807,1,4.0960,3.8828,0.1615,4.7486,5.4625,0,12.5202,512,1,64.3027,-8.0928,28.3917,-12.6866,-21.4709,0.000,0.000,1.000,0.0000,0.0000,0
2026-05-05,15:15:47,116843,1,4.0960,3.7595,0.2129,6.2616,5.4346,0,12.5202,512,1,63.9884,18.0005,28.2911,-7.7490,7.7048,0.000,0.000,1.000,0.0000,0.0000,0
2026-05-05,15:15:47,116879,1,4.1040,4.1681,0.2027,5.9604,5.4034,0,12.5202,513,1,66.2973,56.8113,28.1183,-8.0244,-8.1077,0.000,0.000,1.000,0.0000,0.0000,0
2026-05-05,15:15:47,116915,1,4.1120,4.3437,0.1792,5.2708,5.3707,0,12.5202,514,1,66.7746,19.7540,27.6818,-12.3641,-31.4771,0.000,0.000,1.000,0.0000,0.0000,0
2026-05-05,15:15:47,116951,1,4.1120,4.3738,0.1377,4.0511,5.3376,0,12.5202,514,1,67.6838,35.4236,27.4954,-8.7271,-7.2377,0.000,0.000,1.000,0.0000,0.0000,0
2026-05-05,15:15:47,116988,1,4.1120,4.3049,0.1349,3.9682,5.3048,0,12.5202,514,1,68.9603,38.0319,27.1298,-12.3126,5.7720,0.000,0.000,1.000,0.0000,0.0000,0
2026-05-05,15:15:47,117023,1,4.1120,3.9035,0.1687,4.9627,5.2741,0,12.5202,514,1,68.8073,-6.7857,26.5071,-16.6446,-19.2287,0.000,0.000,1.000,0.0000,0.0000,0
2026-05-05,15:15:47,117058,1,4.1120,3.8550,0.2069,6.0839,5.2457,0,12.5202,514,1,67.7120,-23.6947,25.9864,-16.5813,-40.6072,0.000,0.000,1.000,0.0000,0.0000,0
2026-05-05,15:15:47,117094,1,4.1040,4.1006,0.2151,6.3253,5.2152,0,12.5202,513,1,69.2819,65.9345,25.6965,-12.4439,-46.7827,0.000,0.000,1.000,0.0000,0.0000,0
2026-05-05,15:15:47,117130,1,4.1040,4.3315,0.2057,6.0509,5.1832,0,12.5202,513,1,70.8956,37.5929,25.3998,-13.0138,-13.0874,0.000,0.000,1.000,0.0000,0.0000,0
2026-05-05,15:15:47,117166,1,4.1040,4.2684,0.1656,4.8707,5.1498,0,12.5202,513,1,71.6958,25.3901,24.7071,-19.8253,14.8979,0.000,0.000,1.000,0.0000,0.0000,0
2026-05-05,15:15:47,117202,1,4.1040,3.8017,0.1936,5.6943,5.1188,0,12.5202,513,1,71.7675,0.8741,23.9911,-22.2226,0.3872,0.000,0.000,1.000,0.0000,0.0000,0
2026-05-05,15:15:47,117238,1,4.1040,3.8663,0.2158,6.3477,5.0886,0,12.5202,513,1,71.8615,13.8586,23.5090,-17.8428,-20.6103,0.000,0.000,1.000,0.0000,0.0000,0
2026-05-05,15:15:47,117273,1,4.1040,4.0584,0.2285,6.7210,5.0588,0,12.5202,513,1,72.7608,27.7420,23.3173,-11.9312,-26.0798,0.000,0.000,1.000,0.0000,0.0000,0
2026-05-05,15:15:47,117308,1,4.1040,4.2089,0.2066,6.0756,5.0267,0,12.5202,513,1,73.7110,29.3441,22.7838,-16.7465,4.3781,0.000,0.000,1.000,0.0000,0.0000,0
2026-05-05,15:15:47,117344,1,4.1040,4.1688,0.1966,5.7815,4.9949,0,12.5202,513,1,74.0434,12.0262,21.7605,-27.9244,21.9697,0.000,0.000,1.000,0.0000,0.0000,0
2026-05-05,15:15:47,117379,1,4.1040,4.1497,0.1868,5.4927,4.9636,0,12.5202,513,1,74.2321,13.0349,20.5629,-33.7475,32.5934,0.000,0.000,1.000,0.0000,0.0000,0
2026-05-05,15:15:47,117415,1,4.0960,4.0845,0.1878,5.5245,4.9322,0,12.5202,512,1,75.0283,28.9468,19.6727,-29.1255,3.4098,0.000,0.000,1.000,0.0000,0.0000,0
2026-05-05,15:15:47,117451,1,4.0960,3.9735,0.1880,5.5309,4.9008,0,12.5202,512,1,75.1595,0.3726,18.9769,-24.6196,-20.0770,0.000,0.000,1.000,0.0000,0.0000,0
2026-05-05,15:15:47,117486,1,4.0960,3.9169,0.2312,6.8006,4.8722,0,12.5202,512,1,74.6760,-4.8274,19.2059,-14.6604,-22.9139,0.000,0.000,1.000,0.0000,0.0000,0
2026-05-05,15:15:47,117521,1,4.0960,4.1885,0.1990,5.8519,4.8402,0,12.5202,512,1,76.0905,39.2815,18.9312,-12.3188,-7.1802,0.000,0.000,1.000,0.0000,0.0000,0
2026-05-05,15:15:47,117557,1,4.0960,4.3923,0.1572,4.6243,4.8070,0,12.5202,512,1,77.2556,36.2902,18.2424,-21.3336,15.5475,0.000,0.000,1.000,0.0000,0.0000,0
2026-05-05,15:15:47,117593,1,4.0960,4.2174,0.1330,3.9109,4.7741,0,12.5202,512,1,77.8524,20.9963,17.0692,-32.4847,29.6677,0.000,0.000,1.000,0.0000,0.0000,0
2026-05-05,15:15:47,117629,1,4.0960,3.8658,0.1675,4.9271,4.7436,0,12.5202,512,1,77.5736,-11.5505,15.8729,-35.8059,7.2902,0.000,0.000,1.000,0.0000,0.0000,0
2026-05-05,15:15:47,117664,1,4.0960,3.8199,0.2234,6.5704,4.7154,0,12.5202,512,1,76.4407,-23.4457,14.9853,-30.6442,-10.0283,0.000,0.000,1.000,0.0000,0.0000,0
2026-05-05,15:15:47,117700,1,4.0960,4.0967,0.2278,6.7013,4.6851,0,12.5202,512,1,77.6191,41.4331,14.6679,-19.4832,-14.9067,0.000,0.000,1.000,0.0000,0.0000,0
2026-05-05,15:15:47,117735,1,4.0960,4.3550,0.1800,5.2947,4.6522,0,12.5202,512,1,79.2794,42.1074,14.4620,-14.4326,-11.9711,0.000,0.000,1.000,0.0000,0.0000,0
2026-05-05,15:15:47,117771,1,4.0960,4.2299,0.1591,4.6782,4.6197,0,12.5202,512,1,79.7441,12.9292,14.0331,-19.4361,20.2467,0.000,0.000,1.000,0.0000,0.0000,0
2026-05-05,15:15:48,117807,1,4.0960,4.1074,0.1645,4.8389,4.5879,0,12.5202,512,1,79.5536,-12.4377,12.9249,-34.9745,43.7385,0.000,0.000,1.000,0.0000,0.0000,0
2026-05-05,15:15:48,117843,1,4.0960,4.0717,0.1688,4.9653,4.5567,0,12.5202,512,1,79.2574,-5.1060,11.0894,-53.9924,60.5824,0.000,0.000,1.000,0.0000,0.0000,0
2026-05-05,15:15:48,117879,1,4.0960,4.0188,0.1818,5.3479,4.5256,0,12.5202,512,1,79.3371,-2.4470,8.7759,-68.9366,73.4909,0.000,0.000,1.000,0.0000,0.0000,0
2026-05-05,15:15:48,117915,1,4.0960,3.9971,0.1983,5.8318,4.4951,0,12.5202,512,1,79.2302,11.1373,6.1952,-77.0809,84.9636,0.000,0.000,1.000,0.0000,0.0000,0
2026-05-05,15:15:48,117950,1,4.0960,4.1960,0.1836,5.4008,4.4643,0,12.5202,512,1,79.3965,-3.0962,4.0963,-70.0589,94.8181,0.000,0.000,1.000,0.0000,0.0000,0
2026-05-05,15:15:48,117985,1,4.0960,4.2669,0.1463,4.3024,4.4324,0,12.5202,512,1,79.0572,-3.8793,2.0543,-65.9310,102.5035,0.000,0.000,1.000,0.0000,0.0000,0
2026-05-05,15:15:48,118021,1,4.0960,4.1412,0.1452,4.2707,4.4004,0,12.5202,512,1,79.1176,-2.3736,0.5265,-53.4869,74.3988,0.000,0.000,1.000,0.0000,0.0000,0
2026-05-05,15:15:48,118056,1,4.0960,3.9276,0.1627,4.7854,4.3697,0,12.5202,512,1,79.1643,8.3300,-0.5669,-40.4065,50.3703,0.000,0.000,1.000,0.0000,0.0000,0
2026-05-05,15:15:48,118092,1,4.0960,3.8431,0.2025,5.9571,4.3404,0,12.5202,512,1,79.8195,16.0355,-1.1763,-26.3646,63.5302,0.000,0.000,1.000,0.0000,0.0000,0
2026-05-05,15:15:48,118128,1,4.0960,4.1151,0.2014,5.9229,4.3095,0,12.5202,512,1,79.7844,-2.5413,-1.6224,-18.5989,76.3325,0.000,0.000,1.000,0.0000,0.0000,0
2026-05-05,15:15:48,118163,1,4.0960,4.4090,0.1594,4.6887,4.2774,0,12.5202,512,1,79.6602,-4.0878,-2.0156,-14.5496,87.7567,0.000,0.000,1.000,0.0000,0.0000,0
2026-05-05,15:15:48,118198,1,4.0960,4.1307,0.1545,4.5450,4.2455,0,12.5202,512,1,79.9310,12.4633,-2.3250,-11.2017,91.7880,0.000,0.000,1.000,0.0000,0.0000,0
2026-05-05,15:15:48,118233,1,4.1040,3.9484,0.1699,4.9982,4.2151,0,12.5202,513,1,80.3130,10.1652,-2.5145,-7.6680,90.3420,0.000,0.000,1.000,0.0000,0.0000,0
2026-05-05,15:15:48,118269,1,4.0960,3.9412,0.1957,5.7562,4.1853,0,12.5202,512,1,80.3247,-1.9065,-2.6749,-6.1818,100.9616,0.000,0.000,1.000,0.0000,0.0000,0
2026-05-05,15:15:48,118304,1,4.0960,4.0587,0.2066,6.0775,4.1553,0,12.5202,512,1,80.0090,-11.3082,-2.8209,-5.0945,108.1588,0.000,0.000,1.000,0.0000,0.0000,0
2026-05-05,15:15:48,118340,1,4.0960,4.1597,0.1846,5.4292,4.1230,0,12.5202,512,1,79.4579,-16.8157,-2.9189,-3.8944,114.5689,0.048,0.000,1.000,0.0000,0.0000,0
2026-05-05,15:15:48,118376,1,4.0960,4.2180,0.1614,4.7484,4.0911,0,12.5202,512,1,79.4267,-2.7114,-2.9956,-2.9144,120.1048,0.112,0.000,1.000,0.0000,0.0000,0
2026-05-05,15:15:48,118413,1,4.1040,4.0386,0.1730,5.0876,4.0610,0,12.5202,513,1,79.3550,-2.2490,-3.0488,-2.4261,109.2992,0.160,0.000,1.000,0.0000,0.0000,0
2026-05-05,15:15:48,118449,1,4.1040,4.0852,0.2034,5.9813,4.0287,0,12.5202,513,1,79.2054,-3.3428,-3.0415,-0.9004,103.1754,0.128,0.000,1.000,0.0000,0.0000,0
2026-05-05,15:15:48,118484,1,4.1040,4.1706,0.2001,5.8857,3.9978,0,12.5202,513,1,79.0213,-7.9269,-3.1059,-1.4964,109.8770,0.096,0.000,1.000,0.0000,0.0000,0
2026-05-05,15:15:48,118520,1,4.0960,4.1175,0.2065,6.0730,3.9668,0,12.5202,512,1,78.9256,2.6818,-3.1681,-1.6104,110.0557,0.064,0.000,1.000,0.0000,0.0000,0
2026-05-05,15:15:48,118556,1,4.1040,4.2297,0.1856,5.4593,3.9348,0,12.5202,513,1,79.1036,6.5327,-3.1305,0.4412,117.7032,0.032,0.000,1.000,0.0000,0.0000,0
2026-05-05,15:15:48,118592,1,4.0960,4.0166,0.1899,5.5864,3.9029,0,12.5202,512,1,78.9666,-5.9560,-3.1233,0.2456,123.2441,0.000,0.000,1.000,0.0000,0.0000,0
2026-05-05,15:15:48,118628,1,4.1040,3.9894,0.2081,6.1208,3.8725,0,12.5202,513,1,78.9895,0.1925,-3.1193,0.5381,121.5996,0.000,0.000,1.000,0.0000,0.0000,0
2026-05-05,15:15:48,118664,1,4.1040,4.1340,0.2157,6.3436,3.8414,0,12.5202,513,1,78.9938,-7.6581,-3.0991,0.5474,117.7769,0.000,0.000,1.000,0.0000,0.0000,0
2026-05-05,15:15:48,118700,1,4.1040,4.1783,0.2062,6.0661,3.8091,0,12.5202,513,1,79.1357,5.7855,-3.1737,-1.4076,116.8314,0.000,0.000,1.000,0.0000,0.0000,0
2026-05-05,15:15:48,118735,1,4.1040,4.1751,0.1997,5.8735,3.7784,0,12.5202,513,1,79.3586,10.7885,-3.2398,-1.8096,115.5340,0.000,0.000,1.000,0.0000,0.0000,0
2026-05-05,15:15:48,118770,1,4.1040,4.1249,0.1918,5.6399,3.7471,0,12.5202,513,1,79.6403,10.2689,-3.2577,-0.6997,120.7344,0.000,0.000,1.000,0.0000,0.0000,0
2026-05-05,15:15:49,118806,1,4.0960,3.9341,0.2058,6.0533,3.7160,0,12.5202,512,1,79.7782,7.8822,-3.2137,0.7296,119.2731,0.000,0.000,1.000,0.0000,0.0000,0
2026-05-05,15:15:49,118842,1,4.0960,4.0093,0.2020,5.9419,3.6850,0,12.5202,512,1,79.8167,0.4607,-3.1646,1.4435,111.5796,0.000,0.000,0.998,0.0000,0.0000,0
2026-05-05,15:15:49,118877,1,4.0960,4.0434,0.2034,5.9838,3.6546,0,12.5202,512,1,79.8454,3.1936,-3.1581,0.4709,117.3938,0.000,0.000,0.994,0.0000,0.0000,0
2026-05-05,15:15:49,118912,1,4.0960,4.1581,0.1945,5.7208,3.6237,0,12.5202,512,1,79.9606,8.3389,-3.2681,-2.0121,122.0317,0.000,0.000,0.991,0.0000,0.0000,0
2026-05-05,15:15:49,118947,1,4.1040,4.0956,0.2018,5.9349,3.5924,0,12.5202,513,1,80.1457,7.2447,-3.4034,-3.4563,120.0311,0.000,0.000,0.988,0.0000,0.0000,0
2026-05-05,15:15:49,118983,1,4.1040,4.3497,0.1624,4.7752,3.5600,0,12.5202,513,1,80.1316,1.0240,-3.5697,-4.5010,124.5703,0.000,0.000,0.985,0.0000,0.0000,0
2026-05-05,15:15:49,119019,1,4.1040,4.2002,0.1442,4.2406,3.5274,0,12.5202,513,1,80.3478,4.4545,-3.6799,-3.4832,127.9128,0.000,0.000,1.000,0.0000,0.0000,0
2026-05-05,15:15:49,119055,1,4.0960,3.9861,0.1552,4.5633,3.4959,0,12.5202,512,1,80.1878,-5.0527,-3.7077,-1.8670,132.3931,0.000,0.000,1.000,0.0000,0.0000,0
2026-05-05,15:15:49,119090,1,4.0960,4.0589,0.1571,4.6218,3.4657,0,12.5202,512,1,80.3055,11.1345,-3.7002,-0.0679,127.9393,0.000,0.000,1.000,0.0000,0.0000,0
2026-05-05,15:15:49,119125,1,4.0960,4.0517,0.1662,4.8877,3.4353,0,12.5202,512,1,80.4600,1.9653,-3.5649,2.9691,122.9725,0.000,0.000,1.000,0.0000,0.0000,0
2026-05-05,15:15:49,119161,1,4.0960,4.2200,0.1600,4.7066,3.4037,0,12.5202,512,1,80.7612,11.1693,-3.3233,6.1643,127.0249,0.000,0.000,1.000,0.0000,0.0000,0
2026-05-05,15:15:49,119196,1,4.0960,4.1753,0.1496,4.4003,3.3720,0,12.5202,512,1,81.6454,30.5665,-3.1038,5.9851,128.9772,0.000,0.000,1.000,0.0000,0.0000,0
2026-05-05,15:15:49,119232,1,4.0960,4.1303,0.1407,4.1375,3.3403,0,12.5202,512,1,82.9723,32.9658,-2.9794,4.1564,132.4436,0.000,0.000,1.000,0.0000,0.0000,0
2026-05-05,15:15:49,119268,1,4.0960,4.0803,0.1400,4.1182,3.3090,0,12.5202,512,1,83.1076,-7.0161,-2.8953,2.6914,136.6176,0.000,0.000,1.000,0.0000,0.0000,0
2026-05-05,15:15:49,119303,1,4.0960,4.0144,0.1653,4.8619,3.2793,0,12.5202,512,1,82.6606,-6.4667,-2.8996,0.6392,139.2661,0.000,0.000,1.000,0.0000,0.0000,0
2026-05-05,15:15:49,119343,1,4.1040,4.0244,0.1769,5.2029,3.2451,0,12.5202,513,1,83.3316,4.4689,-2.7686,1.3286,140.8048,0.000,0.000,1.000,0.0000,0.0000,0
2026-05-05,15:15:49,119378,1,4.1040,3.9402,0.2039,5.9964,3.2153,0,12.5202,513,1,82.8829,-18.6730,-2.7482,0.5990,143.8074,0.000,0.000,1.000,0.0000,0.0000,0
2026-05-05,15:15:49,119413,1,4.1040,3.9824,0.2100,6.1751,3.1855,0,12.5202,513,1,82.0283,-30.6249,-2.6781,1.3229,146.2513,0.064,0.000,1.000,0.0000,0.0000,0
2026-05-05,15:15:49,119449,1,4.1040,4.1309,0.2134,6.2765,3.1540,0,12.5202,513,1,81.1351,-28.1926,-2.7276,-0.7381,147.1800,0.128,0.000,1.000,0.0000,0.0000,0
2026-05-05,15:15:49,119485,1,4.1040,4.1122,0.2148,6.3183,3.1225,0,12.5202,513,1,80.5069,-18.8247,-2.8062,-1.9347,142.5473,0.192,0.000,1.000,0.0000,0.0000,0
2026-05-05,15:15:49,119520,1,4.1040,3.9834,0.2252,6.6237,3.0922,0,12.5202,513,1,80.0380,-15.2535,-2.8250,-1.1703,145.6303,0.256,0.000,1.000,0.0000,0.0000,0
2026-05-05,15:15:49,119555,1,4.1040,4.1372,0.2215,6.5134,3.0615,0,12.5202,513,1,79.7355,-4.6563,-2.6840,2.4738,147.3058,0.320,0.000,1.000,0.0000,0.0000,0
2026-05-05,15:15:49,119590,1,4.1040,4.1279,0.2169,6.3791,3.0310,0,12.5202,513,1,79.6137,-9.5943,-2.5066,3.8524,147.8073,0.384,0.000,1.000,0.0000,0.0000,0
2026-05-05,15:15:49,119625,1,4.1040,4.1291,0.2222,6.5355,3.0004,0,12.5202,513,1,78.9901,-16.1687,-2.4465,2.5846,143.4538,0.448,0.000,1.000,0.0000,0.0000,0
2026-05-05,15:15:49,119660,1,4.0960,4.0385,0.2376,6.9888,2.9699,0,12.5202,512,1,78.9427,-0.4559,-2.3358,3.2669,147.5400,0.512,0.000,1.000,0.0000,0.0000,0
2026-05-05,15:15:49,119696,1,4.0960,4.0867,0.2368,6.9648,2.9390,0,12.5202,512,1,78.6541,-13.8684,-1.8607,9.4573,146.2381,0.576,0.000,1.000,0.0000,0.0000,0
2026-05-05,15:15:49,119731,1,4.0960,4.2011,0.2009,5.9097,2.9072,0,12.5202,512,1,77.8096,-24.0114,-1.5731,6.7512,147.4301,0.640,0.000,1.000,0.0000,0.0000,0
2026-05-05,15:15:49,119766,1,4.1040,4.1935,0.1897,5.5798,2.8757,0,12.5202,513,1,77.4931,-4.3415,-1.8705,-4.2504,148.3728,0.704,0.000,1.000,0.0000,0.0000,0
2026-05-05,15:15:50,119802,1,4.0960,4.1285,0.2010,5.9112,2.8448,0,12.5202,512,1,77.3935,-4.0177,-2.2961,-10.2673,151.2164,0.768,0.000,1.000,0.0000,0.0000,0
2026-05-05,15:15:50,119837,1,4.1040,4.0350,0.2108,6.2014,2.8142,0,12.5202,513,1,77.3123,-2.1367,-2.5977,-10.0780,152.1812,0.832,0.000,1.000,0.0000,0.0000,0
2026-05-05,15:15:50,119873,1,4.0960,4.0390,0.2190,6.4408,2.7831,0,12.5202,512,1,77.0395,-14.7822,-2.8637,-9.4119,152.9287,0.896,0.000,1.000,0.0000,0.0000,0
2026-05-05,15:15:50,119908,1,4.0960,4.2038,0.2042,6.0057,2.7518,0,12.5202,512,1,76.7472,-8.7455,-3.2052,-10.5566,153.8627,0.960,0.000,1.000,0.0000,0.0000,0
2026-05-05,15:15:50,119943,1,4.0960,4.1391,0.1907,5.6091,2.7204,0,12.5202,512,1,76.3877,-12.7060,-3.5465,-10.7973,154.3839,1.000,0.000,1.000,0.0000,0.0000,0
2026-05-05,15:15:50,119979,1,4.0960,4.1494,0.1903,5.5971,2.6893,0,12.5202,512,1,76.2702,-3.6443,-3.8448,-9.4977,155.1376,1.000,0.000,1.000,0.0000,0.0000,0
2026-05-05,15:15:50,120014,1,4.0960,4.1492,0.1694,4.9812,2.6577,0,12.5202,512,1,75.9709,-17.1163,-3.9657,-5.9407,155.7618,1.000,0.000,1.000,0.0000,0.0000,0
2026-05-05,15:15:50,120049,1,4.0960,4.1817,0.1645,4.8392,2.6272,0,12.5202,512,1,75.5065,-14.8013,-4.0262,-3.0146,156.0524,1.000,0.000,1.000,0.0000,0.0000,0
2026-05-05,15:15:50,120085,1,4.0960,4.2009,0.1612,4.7414,2.5952,0,12.5202,512,1,75.0188,-16.6673,-4.0255,-1.1464,156.9491,1.000,0.000,1.000,0.0000,0.0000,0
2026-05-05,15:15:50,120120,1,4.0960,4.2293,0.1499,4.4096,2.5638,0,12.5202,512,1,74.7844,-7.6743,-4.0680,-1.3592,157.1565,1.000,0.000,1.000,0.0000,0.0000,0
2026-05-05,15:15:50,120156,1,4.0960,4.0871,0.1577,4.6376,2.5326,0,12.5202,512,1,74.7268,-1.1356,-4.2542,-4.4633,157.2415,1.000,0.000,1.000,0.0000,0.0000,0
2026-05-05,15:15:50,120192,1,4.1120,4.0899,0.1691,4.9739,2.5017,0,12.5202,514,1,73.5472,-33.8847,-4.8086,-13.2260,156.2831,1.000,0.000,1.000,0.0000,0.0000,0
2026-05-05,15:15:50,120227,1,4.1120,4.2110,0.1637,4.8140,2.4709,0,12.5202,514,1,73.8161,4.8855,-5.5087,-16.9327,153.2175,1.000,0.000,1.000,0.0000,0.0000,0
2026-05-05,15:15:50,120267,1,4.1040,4.2212,0.1364,4.0129,2.4348,0,12.5202,513,1,73.0565,-15.3649,-6.2798,-17.2437,151.9291,1.000,0.000,1.000,0.0000,0.0000,0
2026-05-05,15:15:50,120302,1,4.0960,4.0234,0.1246,3.6633,2.4031,0,12.5202,512,1,72.2827,-20.9362,-6.3968,-5.7993,146.7411,1.000,0.000,1.000,0.0000,0.0000,0
2026-05-05,15:15:50,120338,1,4.1040,3.6177,0.2123,6.2455,2.3749,0,12.5202,513,1,72.4768,22.0620,-6.0399,7.5235,134.9135,0.992,0.000,1.000,0.0000,0.0000,0
2026-05-05,15:15:50,120374,1,4.1040,3.9653,0.2262,6.6516,2.3449,0,12.5202,513,1,73.7271,29.4650,-5.1179,22.1218,121.2218,0.960,0.000,1.000,0.0000,0.0000,0
2026-05-05,15:15:50,120409,1,4.1040,4.2186,0.2197,6.4604,2.3145,0,12.5202,513,1,74.4565,29.5641,-4.2874,24.1385,124.6383,0.928,0.000,1.000,0.0000,0.0000,0
2026-05-05,15:15:50,120444,1,4.1040,4.1190,0.2122,6.2400,2.2831,0,12.5202,513,1,75.4459,24.1793,-3.6261,21.7210,116.3651,0.896,0.000,1.000,0.0000,0.0000,0
2026-05-05,15:15:50,120480,1,4.0960,4.0525,0.2244,6.6014,2.2523,0,12.5202,512,1,75.7737,1.0724,-3.0449,18.7590,117.1949,0.864,0.000,1.000,0.0000,0.0000,0
2026-05-05,15:15:50,120515,1,4.0960,4.2441,0.1914,5.6290,2.2207,0,12.5202,512,1,75.9387,8.4800,-2.6162,15.4404,122.0359,0.832,0.000,1.000,0.0000,0.0000,0
2026-05-05,15:15:50,120550,1,4.0960,4.2438,0.1624,4.7751,2.1881,0,12.5202,512,1,76.7933,17.7720,-2.0402,16.8975,126.7772,0.800,0.000,1.000,0.0000,0.0000,0
2026-05-05,15:15:50,120586,1,4.0800,4.1405,0.1508,4.4340,2.1561,0,12.5202,510,1,76.4823,-4.9424,-1.6872,12.6132,133.4756,0.768,0.000,1.000,0.0000,0.0000,0
2026-05-05,15:15:50,120621,1,4.0960,3.7444,0.1969,5.7901,2.1266,0,12.5202,512,1,75.9489,-17.7321,-1.1345,15.2548,102.9628,0.736,0.000,1.000,0.0000,0.0000,0
2026-05-05,15:15:50,120656,1,4.1040,4.0933,0.2031,5.9744,2.0968,0,12.5202,513,1,75.6319,-8.0723,-0.4332,17.4925,102.2137,0.776,0.000,1.000,0.0000,0.0000,0
2026-05-05,15:15:50,120692,1,4.0960,4.3134,0.1658,4.8762,2.0644,0,12.5202,512,1,75.1742,-19.0343,-0.2386,6.2768,109.6992,0.840,0.000,1.000,0.0000,0.0000,0
2026-05-05,15:15:50,120727,1,4.0960,4.4682,0.0958,2.8174,2.0307,0,12.5202,512,1,74.7067,-14.5491,-0.9885,-14.0051,115.8649,0.904,0.000,1.000,0.0000,0.0000,0
2026-05-05,15:15:50,120762,1,4.0960,3.8276,0.1324,3.8950,1.9997,0,12.5202,512,1,74.8117,4.0254,-1.8383,-21.5976,117.1570,0.968,0.000,1.000,0.0000,0.0000,0
2026-05-05,15:15:51,120798,1,4.0960,4.0744,0.1339,3.9385,1.9696,0,12.5202,512,1,75.1591,6.3169,-2.3996,-18.6848,112.0297,0.960,0.000,1.000,0.0000,0.0000,0
2026-05-05,15:15:51,120833,1,4.0960,4.3294,0.1110,3.2643,1.9381,0,12.5202,512,1,74.8093,-15.1421,-2.8386,-15.9318,117.2729,0.928,0.000,1.000,0.0000,0.0000,0
2026-05-05,15:15:51,120868,1,4.0960,4.1752,0.0973,2.8627,1.9061,0,12.5202,512,1,74.5105,-5.9260,-3.2425,-13.6838,122.8687,0.968,0.000,1.000,0.0000,0.0000,0
2026-05-05,15:15:51,120904,1,4.1040,4.1901,0.0703,2.0663,1.8735,0,12.5202,513,1,74.9447,14.3934,-3.6220,-12.2878,116.5627,0.960,0.000,1.000,0.0000,0.0000,0
2026-05-05,15:15:51,120940,1,4.1040,4.3620,0.0529,1.5564,1.8413,0,12.5202,513,1,75.7947,24.6810,-3.8861,-9.8084,115.9059,0.928,0.000,1.000,0.0000,0.0000,0
2026-05-05,15:15:51,120976,1,4.0960,4.1723,0.0249,0.7323,1.8080,0,12.5202,512,1,77.2903,40.6803,-3.9007,-4.3452,115.0458,0.896,0.000,1.000,0.0000,0.0000,0
2026-05-05,15:15:51,121012,1,4.1040,3.8651,0.0593,1.7442,1.7777,0,12.5202,513,1,76.8000,-43.7764,-3.9374,-3.7372,122.4868,0.864,0.000,1.000,0.0000,0.0000,0
2026-05-05,15:15:51,121048,1,4.0960,4.0297,0.0801,2.3571,1.7477,0,12.5202,512,1,73.2800,-91.7183,-4.3846,-9.8424,129.1919,0.904,0.000,1.000,0.0000,0.0000,0
2026-05-05,15:15:51,121084,1,4.1040,4.1716,0.0688,2.0232,1.7163,0,12.5202,513,1,72.7639,2.1063,-4.6280,-6.9182,127.9707,0.968,0.000,1.000,0.0000,0.0000,0
2026-05-05,15:15:51,121120,1,4.1040,4.1619,0.0677,1.9900,1.6843,0,12.5202,513,1,74.4514,42.4842,-4.4920,0.1427,131.2159,0.992,0.000,1.000,0.0000,0.0000,0
2026-05-05,15:15:51,121155,1,4.1040,4.1688,0.0607,1.7855,1.6528,0,12.5202,513,1,75.1010,10.2605,-4.3242,2.6745,123.5837,0.960,0.000,1.000,0.0000,0.0000,0
2026-05-05,15:15:51,121192,1,4.0960,4.2329,0.0434,1.2764,1.6176,0,12.5202,512,1,75.0718,1.3407,-4.2712,2.1852,125.5965,0.936,0.000,1.000,0.0000,0.0000,0
2026-05-05,15:15:51,121227,1,4.0960,4.0574,0.0479,1.4074,1.5895,0,12.5202,512,1,74.1790,-27.0059,-4.4630,-3.1324,130.1296,0.928,0.000,1.000,0.0000,0.0000,0
2026-05-05,15:15:51,121262,1,4.0960,4.1810,0.0317,0.9329,1.5583,0,12.5202,512,1,72.9988,-54.1318,-4.6655,-5.2859,134.9801,0.992,0.000,1.000,0.0000,0.0000,0
2026-05-05,15:15:51,121298,1,4.0960,4.0570,0.0469,1.3794,1.5280,0,12.5202,512,1,71.3001,-43.8528,-5.0629,-9.0614,139.5007,1.000,0.000,1.000,0.0000,0.0000,0
2026-05-05,15:15:51,121333,1,4.0960,3.9829,0.0671,1.9734,1.4978,0,12.5202,512,1,70.2225,-19.3848,-5.3429,-7.7548,142.2719,1.000,0.000,1.000,0.0000,0.0000,0
2026-05-05,15:15:51,121368,1,4.0960,4.0209,0.0785,2.3082,1.4677,0,12.5202,512,1,71.1009,31.7101,-5.3177,-1.5846,143.0238,1.000,0.000,1.000,0.0000,0.0000,0
2026-05-05,15:15:51,121403,1,4.0960,3.8569,0.0923,2.7159,1.4372,0,12.5202,512,1,71.6214,6.2915,-5.2935,-0.6297,144.1351,0.968,0.000,1.000,0.0000,0.0000,0
2026-05-05,15:15:51,121438,1,4.0960,3.8873,0.1316,3.8700,1.4088,0,12.5202,512,1,70.9148,-16.9455,-6.0465,-14.9185,141.2059,0.936,0.000,1.000,0.0000,0.0000,0
2026-05-05,15:15:51,121473,1,4.0960,3.8915,0.1598,4.7007,1.3793,0,12.5202,512,1,71.3176,22.7914,-7.1214,-23.2099,136.6718,0.952,0.000,1.000,0.0000,0.0000,0
2026-05-05,15:15:51,121509,1,4.0960,4.0988,0.1612,4.7415,1.3488,0,12.5202,512,1,72.4876,29.7047,-7.5210,-10.0856,128.9143,0.920,0.000,1.000,0.0000,0.0000,0
2026-05-05,15:15:51,121545,1,4.0960,4.2298,0.1341,3.9453,1.3164,0,12.5202,512,1,73.4703,26.0718,-7.0119,10.9550,111.4685,0.888,0.000,1.000,0.0000,0.0000,0
2026-05-05,15:15:51,121580,1,4.0960,4.1564,0.1212,3.5651,1.2847,0,12.5202,512,1,74.2084,19.6610,-6.0050,26.7685,115.9379,0.856,0.000,1.000,0.0000,0.0000,0
2026-05-05,15:15:51,121616,1,4.1040,3.9558,0.1612,4.7416,1.2549,0,12.5202,513,1,74.6911,15.1204,-5.2264,27.9125,115.3471,0.824,0.000,1.000,0.0000,0.0000,0
2026-05-05,15:15:51,121653,1,4.0960,4.1186,0.1488,4.3752,1.2235,0,12.5202,512,1,75.8688,31.6970,-4.6896,26.8959,113.2202,0.792,0.000,1.000,0.0000,0.0000,0
2026-05-05,15:15:51,121688,1,4.0960,4.1210,0.1487,4.3747,1.1916,0,12.5202,512,1,76.5204,9.8444,-3.9695,32.1473,114.7303,0.760,0.000,1.000,0.0000,0.0000,0
2026-05-05,15:15:51,121724,1,4.0960,4.1511,0.1522,4.4752,1.1602,0,12.5202,512,1,77.0010,15.3210,-2.3188,51.8460,66.5372,0.728,0.000,1.000,0.0000,0.0000,0
2026-05-05,15:15:51,121760,1,4.0960,4.4349,0.1081,3.1804,1.1274,0,12.5202,512,1,77.7840,15.6912,0.3414,71.7017,26.8613,0.696,0.000,1.000,0.0000,0.0000,0
2026-05-05,15:15:52,121796,1,4.0960,4.0732,0.1038,3.0528,1.0951,0,12.5202,512,1,77.4964,-18.9903,3.1604,86.4752,44.8857,0.664,0.000,1.000,0.0000,0.0000,0
2026-05-05,15:15:52,121831,1,4.1040,3.8302,0.1521,4.4727,1.0661,0,12.5202,513,1,76.5658,-23.6781,5.4941,81.1808,58.1148,0.680,0.000,1.000,0.0000,0.0000,0
2026-05-05,15:15:52,121867,1,4.1040,4.1901,0.1461,4.2959,1.0354,0,12.5202,513,1,76.4190,-6.4898,7.5277,75.6430,56.5833,0.744,0.000,1.000,0.0000,0.0000,0
2026-05-05,15:15:52,121903,1,4.0960,4.3817,0.1102,3.2399,1.0020,0,12.5202,512,1,76.5108,-7.9587,10.0375,83.9248,19.4860,0.808,0.000,1.000,0.0000,0.0000,0
2026-05-05,15:15:52,121939,1,4.0960,3.9496,0.1144,3.3658,0.9698,0,12.5202,512,1,75.9461,-30.1592,12.8807,91.2700,-4.8627,0.872,0.000,0.997,0.0000,0.0000,0
2026-05-05,15:15:52,121975,1,4.0960,4.1632,0.1097,3.2270,0.9386,0,12.5202,512,1,75.0792,-18.9858,15.5369,89.0145,19.8317,0.936,0.000,0.994,0.0000,0.0000,0
2026-05-05,15:15:52,122011,1,4.1040,4.1397,0.1016,2.9871,0.9069,0,12.5202,513,1,76.1407,23.4121,17.6820,77.4617,26.3555,0.976,0.000,0.990,0.0000,0.0000,0
2026-05-05,15:15:52,122047,1,4.1040,4.1329,0.1001,2.9444,0.8746,0,12.5202,513,1,76.5758,-2.8587,19.5347,69.2890,-6.8945,0.944,0.000,0.987,0.0000,0.0000,0
2026-05-05,15:15:52,122082,1,4.1040,4.1403,0.0850,2.5006,0.8433,0,12.5202,513,1,75.7349,-36.5975,21.6521,69.7643,-14.2412,0.960,0.000,0.984,0.0000,0.0000,0
2026-05-05,15:15:52,122118,1,4.0960,4.1049,0.0750,2.2062,0.8119,0,12.5202,512,1,75.9797,-13.3872,21.9723,50.6253,-25.4343,1.000,0.000,0.982,0.0000,0.0000,0
2026-05-05,15:15:52,122153,1,4.0960,4.1247,0.0618,1.8179,0.7805,0,12.5202,512,1,74.4845,-47.2434,24.0737,63.2289,3.2390,1.000,0.000,0.978,0.0000,0.0000,0
2026-05-05,15:15:52,122189,1,4.0960,4.1989,0.0597,1.7560,0.7482,0,12.5202,512,1,73.4860,-40.5983,25.9253,62.0729,0.2618,1.000,0.000,0.975,0.0000,0.0000,0
2026-05-05,15:15:52,122224,1,4.1040,4.2223,0.0452,1.3283,0.7163,0,12.5202,513,1,72.8850,-26.5531,27.7381,58.2833,-27.0924,1.000,0.000,0.972,0.0000,0.0000,0
2026-05-05,15:15:52,122260,1,4.1040,4.1522,0.0345,1.0155,0.6849,0,12.5202,513,1,72.6351,-20.1876,29.8326,63.6913,-49.7745,1.000,0.000,0.969,0.0000,0.0000,0
2026-05-05,15:15:52,122295,1,4.1040,4.1880,0.0206,0.6052,0.6535,0,12.5202,513,1,72.0942,-27.9669,31.9663,65.5891,-22.4745,0.992,0.000,0.966,0.0000,0.0000,0
2026-05-05,15:15:52,122330,1,4.0960,4.1787,0.0121,0.3546,0.6225,0,12.5202,512,1,71.7081,-19.8812,34.1147,65.5863,0.1744,0.992,0.000,0.962,0.0000,0.0000,0
2026-05-05,15:15:52,122365,1,4.0960,4.1183,0.0086,0.2540,0.5919,0,12.5202,512,1,71.6938,-22.8876,36.3302,67.6910,13.3715,0.960,0.000,0.959,0.0000,0.0000,0
2026-05-05,15:15:52,122401,1,4.0960,4.1015,0.0174,0.5107,0.5604,0,12.5202,512,1,70.7842,-57.0814,38.6053,67.9839,37.2600,0.928,0.000,0.956,0.0000,0.0000,0
2026-05-05,15:15:52,122437,1,4.0960,3.9739,0.0359,1.0559,0.5293,0,12.5202,512,1,67.1611,-145.3908,40.5600,61.1928,57.4737,0.920,0.000,0.953,0.0000,0.0000,0
2026-05-05,15:15:52,122472,1,4.0960,3.9875,0.0435,1.2799,0.4997,0,12.5202,512,1,58.0257,-291.5619,40.8102,26.7005,73.0020,0.984,0.000,0.950,0.0000,0.0000,0
2026-05-05,15:15:52,122508,1,4.0960,4.1059,0.0545,1.6040,0.4690,0,12.5202,512,1,42.7989,-428.6686,37.7290,-43.7515,83.7914,1.000,0.000,0.946,0.0000,0.0000,0
2026-05-05,15:15:52,122544,1,4.0960,4.0905,0.0615,1.8102,0.4372,0,12.5202,512,1,35.0255,-172.3172,33.9494,-72.1168,58.5871,1.000,0.000,0.943,0.0000,0.0000,0
2026-05-05,15:15:52,122580,1,4.0960,4.3040,0.0364,1.0718,0.4053,0,12.5202,512,1,38.3750,138.7844,33.3566,-22.4167,32.8293,1.000,0.000,0.940,0.0000,0.0000,0
2026-05-05,15:15:52,122616,1,4.0960,4.1487,0.0167,0.4920,0.3724,0,12.5202,512,1,48.4926,291.7682,35.7781,41.9777,19.2748,0.968,0.000,0.937,0.0000,0.0000,0
2026-05-05,15:15:52,122652,1,4.0960,3.9245,0.0462,1.3575,0.3417,0,12.5202,512,1,56.4547,182.6905,38.0601,55.0811,42.4990,0.936,0.000,0.934,0.0000,0.0000,0
2026-05-05,15:15:52,122687,1,4.0960,4.0884,0.0489,1.4371,0.3123,0,12.5202,512,1,55.2397,-72.7995,38.8784,33.2328,61.9509,0.904,0.000,0.930,0.0000,0.0000,0
2026-05-05,15:15:52,122722,1,4.1040,4.1296,0.0364,1.0718,0.2811,0,12.5202,513,1,49.3626,-173.0414,39.0226,15.8092,79.1327,0.920,0.000,0.927,0.0000,0.0000,0
2026-05-05,15:15:52,122758,1,4.0960,3.9620,0.0594,1.7475,0.2499,0,12.5202,512,1,44.6377,-124.3530,38.7733,2.0341,92.9118,0.984,0.000,0.924,0.0000,0.0000,0
2026-05-05,15:15:53,122794,1,4.1040,4.0818,0.0627,1.8455,0.2186,0,12.5202,513,1,44.5006,32.2717,37.7362,-16.2217,102.7429,1.000,0.000,0.921,0.0000,0.0000,0
2026-05-05,15:15:53,122830,1,4.0960,4.0723,0.0577,1.6971,0.1870,0,12.5202,512,1,48.3431,111.4251,36.9382,-17.2564,59.2651,0.984,0.000,0.918,0.0000,0.0000,0
2026-05-05,15:15:53,122866,1,4.1040,4.0100,0.0679,1.9964,0.1561,0,12.5202,513,1,51.8026,75.7498,36.3763,-14.3298,55.6518,0.952,0.000,0.914,0.0000,0.0000,0
2026-05-05,15:15:53,122902,1,4.0960,4.1248,0.0667,1.9604,0.1249,0,12.5202,512,1,50.9570,-44.1871,35.5768,-16.3868,58.1940,0.920,0.000,0.911,0.0000,0.0000,0
2026-05-05,15:15:53,122938,1,4.1040,4.2522,0.0454,1.3341,0.0929,0,12.5202,513,1,48.3944,-64.8600,35.4222,-2.8993,23.1699,0.936,0.000,0.908,0.0000,0.0000,0
2026-05-05,15:15:53,122973,1,4.0960,4.2471,0.0442,1.3003,0.0612,0,12.5202,512,1,48.8546,15.1182,36.4670,19.9230,6.3597,1.000,0.000,0.905,0.0000,0.0000,0
2026-05-05,15:15:53,123008,1,4.0960,4.2182,0.0151,0.4455,0.0291,0,12.5202,512,1,50.8934,53.6768,37.5838,29.0109,-7.7184,0.968,0.000,0.902,0.0000,0.0000,0
2026-05-05,15:15:53,123048,1,4.0960,4.0315,0.0368,1.0813,-0.0051,0,12.5202,512,1,53.5579,26.8907,38.5768,27.9833,6.5356,0.944,0.000,0.899,0.0000,0.0000,0
2026-05-05,15:15:53,123085,1,4.1040,-1.1282,0.0272,0.8008,-0.0160,0,12.5202,513,1,53.5887,-5.3000,39.7291,32.5528,11.7494,0.912,0.000,0.896,0.0000,0.0000,0
2026-05-05,15:15:53,123120,1,4.1040,0.2315,-0.0188,0.5533,-0.0156,0,12.5202,513,1,54.8333,6.3791,41.3738,43.2628,23.0978,0.880,0.000,0.893,0.0000,0.0000,0
2026-05-05,15:15:53,123155,1,4.1040,0.0216,-0.0060,0.1777,-0.0154,0,12.5202,513,1,55.8240,-2.2765,43.1798,50.4729,45.6468,0.848,0.000,0.890,0.0000,0.0000,0
2026-05-05,15:15:53,123191,1,4.0960,-0.0051,-0.0045,0.1323,-0.0155,0,12.5202,512,1,55.7686,-38.6226,45.2757,58.3809,64.8474,0.816,0.000,0.886,0.0000,0.0000,0
2026-05-05,15:15:53,123227,1,0.3600,0.0119,-0.0067,0.1977,-0.0155,0,12.5202,45,1,52.7089,-122.2480,47.4773,64.7554,81.2004,0.784,0.000,0.883,0.0000,0.0000,0
2026-05-05,15:15:53,123264,1,-0.0080,-0.0001,-0.0054,0.1584,-0.0155,0,12.5202,-1,1,47.2345,-184.7571,49.6123,66.1022,95.1383,0.752,0.000,0.880,0.0000,0.0000,0
2026-05-05,15:15:53,123299,1,0.0000,-0.0009,-0.0045,0.1323,-0.0155,0,12.5202,0,1,41.2765,-186.6572,51.6381,65.4217,107.2105,0.720,0.000,0.877,0.0000,0.0000,0
2026-05-05,15:15:53,123336,1,0.0000,0.0001,-0.0063,0.1846,-0.0155,0,12.5202,0,1,36.5655,-150.1842,53.5955,61.8135,117.3931,0.688,0.000,0.874,0.0000,0.0000,0
2026-05-05,15:15:53,123371,1,0.0000,-0.0533,-0.0031,0.0913,-0.0153,0,12.5202,0,1,30.4481,-219.3352,55.4118,59.3002,105.0213,0.656,0.000,0.870,0.0000,0.0000,0
2026-05-05,15:15:53,123407,1,0.0000,-0.0226,0.0051,0.1514,-0.0149,0,12.5202,0,1,8.6120,-638.1656,57.9626,70.6526,64.9158,0.624,0.000,0.867,0.0000,0.0000,0
2026-05-05,15:15:53,123442,1,0.0000,-0.4289,0.0512,1.5073,-0.0137,0,12.5202,0,1,-20.7418,-839.9981,62.6676,113.7119,46.7745,0.616,0.000,0.864,0.0000,0.0000,0
2026-05-05,15:15:53,123477,1,0.0000,0.0453,0.0590,1.7349,-0.0118,0,12.5202,0,1,-20.8765,128.4037,67.3477,100.7251,60.5376,0.680,0.000,0.861,0.0000,0.0000,0
2026-05-05,15:15:53,123512,1,0.0000,0.0486,0.0445,1.3076,-0.0126,0,12.5202,0,1,1.7195,618.2202,63.1698,-72.1796,67.6825,0.720,0.000,0.858,0.0000,0.0000,0
2026-05-05,15:15:53,123548,1,0.0000,0.0085,0.0481,1.4140,-0.0126,0,12.5202,0,1,9.6415,164.7596,52.4078,-225.1868,77.1596,0.688,0.000,0.854,0.0000,0.0000,0
2026-05-05,15:15:53,123584,1,0.0000,0.0404,0.0418,1.2304,-0.0128,0,12.5202,0,1,3.7390,-131.9489,46.7672,-167.1242,41.5027,0.656,0.000,0.851,0.0000,0.0000,0
2026-05-05,15:15:53,123619,1,0.0000,0.0280,0.0401,1.1789,-0.0129,0,12.5202,0,1,3.6790,81.4760,49.2068,-7.2301,25.8337,0.624,0.000,0.848,0.0000,0.0000,0
2026-05-05,15:15:53,123654,1,0.0000,0.0107,0.0289,0.8507,-0.0136,0,12.5202,0,1,17.5927,376.8956,54.6667,89.4204,41.3670,0.592,0.000,0.845,0.0000,0.0000,0
2026-05-05,15:15:53,123689,1,0.0000,0.0065,0.0309,0.9080,-0.0135,0,12.5202,0,1,27.0301,239.8541,56.5193,48.8800,59.7553,0.560,0.000,0.842,0.0000,0.0000,0
2026-05-05,15:15:53,123725,1,0.0000,0.0106,0.0300,0.8827,-0.0136,0,12.5202,0,1,27.6473,9.7160,53.9495,-38.3458,74.5629,0.528,0.000,0.838,0.0000,0.0000,0
2026-05-05,15:15:53,123760,1,0.0000,-0.0156,0.0291,0.8559,-0.0137,0,12.5202,0,1,26.7145,-10.1424,50.5615,-76.1573,67.7762,0.496,0.000,0.835,0.0000,0.0000,0
2026-05-05,15:15:54,123795,1,0.0000,0.0164,0.0271,0.7980,-0.0137,0,12.5202,0,1,27.3598,33.8161,49.4400,-40.4774,32.3568,0.464,0.000,0.832,0.0000,0.0000,0
2026-05-05,15:15:54,123830,1,0.0000,0.0211,0.0255,0.7507,-0.0137,0,12.5202,0,1,30.3330,94.4333,51.1374,17.8598,42.3245,0.432,0.000,0.829,0.0000,0.0000,0
2026-05-05,15:15:54,123865,1,0.0000,0.0117,0.0215,0.6332,-0.0140,0,12.5202,0,1,33.4610,79.7093,52.6855,32.6731,62.5303,0.400,0.000,0.826,0.0000,0.0000,0
2026-05-05,15:15:54,123900,1,0.0000,-0.0126,0.0230,0.6769,-0.0139,0,12.5202,0,0,34.2518,11.6178,53.7937,31.1470,79.2164,0.368,0.000,0.822,0.0000,0.0000,0
2026-05-05,15:15:54,123935,1,0.0000,-0.0036,0.0229,0.6730,-0.0139,0,12.5202,0,0,33.1278,-32.6410,54.6899,26.2230,93.6719,0.336,0.000,0.819,0.0000,0.0000,0
2026-05-05,15:15:54,123971,1,0.0000,-0.0095,0.0238,0.6988,-0.0139,0,12.5202,0,0,31.9919,-28.8640,55.1196,16.0843,105.8663,0.304,0.000,0.816,0.0000,0.0000,0
2026-05-05,15:15:54,124006,1,0.0000,-0.0033,0.0239,0.7037,-0.0139,0,12.5202,0,0,31.5560,-12.7439,55.8240,19.2108,116.7405,0.272,0.000,0.813,0.0000,0.0000,0
2026-05-05,15:15:54,124041,1,0.0000,0.0068,0.0222,0.6527,-0.0139,0,12.5202,0,0,31.2899,-7.4252,56.9166,25.6283,125.8913,0.240,0.000,0.810,0.0000,0.0000,0
2026-05-05,15:15:54,124077,1,-0.0160,-0.0026,0.0211,0.6198,-0.0139,0,12.5202,-2,1,31.0414,-6.7115,57.2303,10.5514,132.3327,0.208,0.000,0.806,0.0000,0.0000,0
2026-05-05,15:15:54,124112,1,-0.0160,-0.0038,0.0210,0.6162,-0.0139,0,12.5202,-2,1,30.8267,-6.0371,56.3208,-14.0221,137.5227,0.176,0.000,0.803,0.0000,0.0000,0
2026-05-05,15:15:54,124148,1,-0.0160,0.0038,0.0180,0.5303,-0.0139,0,12.5202,-2,1,30.1010,-20.4628,55.6457,-16.2031,142.6012,0.144,0.000,0.800,0.0000,0.0000,0
2026-05-05,15:15:54,124184,1,1.1840,-0.0063,0.0180,0.5309,-0.0139,0,12.5202,148,1,29.8430,2.0711,55.2492,-12.7955,147.2859,0.112,0.000,0.797,0.0000,0.0000,0
2026-05-05,15:15:54,124219,1,1.1840,0.0274,0.0152,0.4479,-0.0139,0,12.5202,148,1,30.8202,30.9157,54.8921,-11.1552,150.9613,0.080,0.000,0.794,0.0000,0.0000,0
2026-05-05,15:15:54,124255,1,1.1680,0.0266,0.0106,0.3128,-0.0142,0,12.5202,146,1,32.9162,62.2667,54.6544,-8.0474,153.7779,0.048,0.000,0.790,0.0000,0.0000,0
2026-05-05,15:15:54,124291,1,1.1680,0.0205,0.0039,0.1133,-0.0145,0,12.5202,146,1,35.6650,71.8841,54.7303,-1.0330,156.3333,0.016,0.000,0.787,0.0000,0.0000,0
2026-05-05,15:15:54,124326,1,1.1680,-0.0203,0.0055,0.1614,-0.0145,0,12.5202,146,1,37.3267,31.4872,55.2029,9.7183,158.4004,0.000,0.000,0.784,0.0000,0.0000,0
2026-05-05,15:15:54,124362,1,1.0640,-0.0127,0.0072,0.2121,-0.0144,0,12.5202,133,1,35.7085,-62.7407,55.5831,11.5336,160.0198,0.000,0.000,0.781,0.0000,0.0000,0
2026-05-05,15:15:54,124397,1,1.0640,-0.0118,0.0081,0.2394,-0.0144,0,12.5202,133,1,32.4405,-94.6764,55.6850,8.2884,161.3453,0.000,0.000,0.778,0.0000,0.0000,0
2026-05-05,15:15:54,124432,1,1.0640,-0.0000,0.0080,0.2338,-0.0144,0,12.5202,133,1,28.5832,-111.2381,55.0357,-6.9303,161.7873,0.000,0.000,0.774,0.0000,0.0000,0
2026-05-05,15:15:54,124468,1,1.0320,-0.0026,0.0085,0.2507,-0.0144,0,12.5202,129,1,25.8871,-62.3517,53.5628,-25.6154,161.7781,0.000,0.000,0.771,0.0000,0.0000,0
2026-05-05,15:15:54,124504,1,1.0320,-0.0056,0.0093,0.2731,-0.0143,0,12.5202,129,1,26.0961,20.8895,51.5867,-41.5434,161.3247,0.000,0.000,0.768,0.0000,0.0000,0
2026-05-05,15:15:54,124539,1,1.0320,-0.0139,0.0119,0.3503,-0.0142,0,12.5202,129,1,27.6911,51.8626,49.2766,-54.5148,160.3906,0.000,0.000,0.765,0.0000,0.0000,0
2026-05-05,15:15:54,124575,1,0.9360,-0.0073,0.0122,0.3589,-0.0142,0,12.5202,117,1,29.5274,51.7737,46.9035,-58.9207,159.9902,0.000,0.000,0.762,0.0000,0.0000,0
2026-05-05,15:15:54,124610,1,0.8880,0.0071,0.0117,0.3441,-0.0142,0,12.5202,111,1,30.7994,36.5579,45.0413,-50.1672,160.5322,0.000,0.000,0.758,0.0000,0.0000,0
2026-05-05,15:15:54,124646,1,0.8880,-0.0182,0.0120,0.3528,-0.0142,0,12.5202,111,1,31.7468,28.0376,44.1044,-27.0954,108.2817,0.000,0.000,0.755,0.0000,0.0000,0
2026-05-05,15:15:54,124682,1,0.8800,0.0033,0.0127,0.3722,-0.0141,0,12.5202,110,1,32.5691,23.8385,44.2137,-1.1059,64.8444,0.000,0.000,0.752,0.0000,0.0000,0
2026-05-05,15:15:54,124717,1,0.8800,-0.0060,0.0143,0.4202,-0.0141,0,12.5202,110,1,33.0633,16.2634,45.2469,21.7688,42.4994,0.000,0.000,0.749,0.0000,0.0000,0
2026-05-05,15:15:54,124753,1,0.8800,0.0051,0.0124,0.3648,-0.0141,0,12.5202,110,1,33.6487,18.5440,46.1879,26.0746,62.4312,0.000,0.000,0.746,0.0000,0.0000,0
2026-05-05,15:15:55,124789,1,0.8720,0.0036,0.0124,0.3633,-0.0141,0,12.5202,109,1,34.1289,12.6830,46.8191,21.4619,79.2245,0.000,0.000,0.742,0.0000,0.0000,0
2026-05-05,15:15:55,124825,1,0.8720,0.0037,0.0128,0.3753,-0.0141,0,12.5202,109,1,34.3960,8.4923,47.1442,14.3769,93.4129,0.000,0.000,0.739,0.0000,0.0000,0
2026-05-05,15:15:55,124860,1,0.8720,-0.0108,0.0136,0.3991,-0.0141,0,12.5202,109,1,35.0152,18.9701,47.3809,10.0670,105.6601,0.000,0.000,0.736,0.0000,0.0000,0
2026-05-05,15:15:55,124899,1,0.8720,0.0052,0.0126,0.3719,-0.0142,0,12.5202,109,1,36.3553,23.4049,47.5045,8.7545,110.8247,0.000,0.000,0.734,0.0000,0.0000,0
2026-05-05,15:15:55,124935,1,0.8720,0.0079,0.0104,0.3047,-0.0142,0,12.5202,109,1,37.0359,12.8453,47.9455,12.5571,120.3701,0.000,0.000,0.730,0.0000,0.0000,0
2026-05-05,15:15:55,124971,1,0.8720,0.0272,0.0077,0.2263,-0.0144,0,12.5202,109,1,37.5837,8.7259,48.6753,19.2378,128.8832,0.000,0.000,0.727,0.0000,0.0000,0
2026-05-05,15:15:55,125007,1,0.8800,-0.0049,0.0073,0.2155,-0.0144,0,12.5202,110,1,37.9636,-1.3996,49.5656,24.0570,135.8012,0.000,0.000,0.724,0.0000,0.0000,0
2026-05-05,15:15:55,125043,1,0.8720,0.0002,0.0073,0.2145,-0.0144,0,12.5202,109,1,37.4444,-25.9359,50.5130,27.2772,141.6197,0.000,0.000,0.721,0.0000,0.0000,0
2026-05-05,15:15:55,125078,1,0.8720,0.0016,0.0081,0.2378,-0.0144,0,12.5202,109,1,36.2161,-46.9402,51.5283,30.3068,146.6111,0.000,0.000,0.718,0.0000,0.0000,0
2026-05-05,15:15:55,125113,1,0.8720,-0.0007,0.0072,0.2105,-0.0144,0,12.5202,109,1,34.5030,-58.2540,52.5079,30.4876,150.8279,0.000,0.000,0.714,0.0000,0.0000,0
2026-05-05,15:15:55,125148,1,0.8720,0.0003,0.0056,0.1661,-0.0144,0,12.5202,109,1,32.8275,-53.4560,53.4783,30.6335,154.4881,0.000,0.000,0.711,0.0000,0.0000,0
2026-05-05,15:15:55,125184,1,0.8720,0.0052,0.0048,0.1413,-0.0145,0,12.5202,109,1,31.6342,-37.3132,54.4609,29.9598,157.5523,0.000,0.000,0.708,0.0000,0.0000,0
2026-05-05,15:15:55,125219,1,0.8720,0.0094,0.0034,0.0997,-0.0146,0,12.5202,109,1,31.0948,-22.5000,55.3952,29.3206,160.1419,0.000,0.000,0.705,0.0000,0.0000,0
2026-05-05,15:15:55,125254,1,0.8720,0.0011,0.0034,0.0997,-0.0146,0,12.5202,109,1,30.5539,-23.4719,56.2531,27.5213,162.3531,0.000,0.000,0.702,0.0000,0.0000,0
2026-05-05,15:15:55,125289,1,0.8880,0.0019,0.0036,0.1066,-0.0146,0,12.5202,111,1,29.7783,-30.1447,57.0708,25.6982,164.0981,0.000,0.000,0.698,0.0000,0.0000,0
2026-05-05,15:15:55,125324,1,0.8880,0.0076,0.0034,0.0997,-0.0146,0,12.5202,111,1,28.3715,-48.9500,57.7172,22.4363,165.6584,0.000,0.000,0.695,0.0000,0.0000,0
2026-05-05,15:15:55,125359,1,0.8880,-0.0150,0.0050,0.1479,-0.0146,0,12.5202,111,1,26.6449,-53.7339,58.3568,20.8461,166.9096,0.000,0.000,0.692,0.0000,0.0000,0
2026-05-05,15:15:55,125394,1,0.8960,-0.0118,0.0061,0.1790,-0.0145,0,12.5202,112,1,24.5706,-67.0885,58.4513,9.1924,167.5125,0.000,0.000,0.689,0.0000,0.0000,0
2026-05-05,15:15:55,125430,1,0.8960,-0.0218,0.0066,0.1951,-0.0144,0,12.5202,112,1,21.5333,-86.8739,57.5217,-12.8844,167.7180,0.000,0.000,0.686,0.0000,0.0000,0
2026-05-05,15:15:55,125466,1,0.8960,-0.0175,0.0082,0.2403,-0.0144,0,12.5202,112,1,18.5878,-74.7213,55.8304,-33.1480,167.7986,0.000,0.000,0.682,0.0000,0.0000,0
2026-05-05,15:15:55,125501,1,0.8960,-0.0076,0.0130,0.3835,-0.0142,0,12.5202,112,1,16.4269,-53.8786,53.7767,-48.6733,168.1642,0.000,0.000,0.679,0.0000,0.0000,0
2026-05-05,15:15:55,125536,1,0.8960,0.0015,0.0121,0.3556,-0.0141,0,12.5202,112,1,15.9399,5.6795,51.9593,-48.2961,128.5705,0.000,0.000,0.676,0.0000,0.0000,0
2026-05-05,15:15:55,125571,1,0.8960,-0.0097,0.0132,0.3886,-0.0141,0,12.5202,112,1,18.5559,87.8506,51.4738,-24.3259,83.6013,0.000,0.000,0.673,0.0000,0.0000,0
2026-05-05,15:15:55,125607,1,0.9040,0.0221,0.0114,0.3362,-0.0142,0,12.5202,113,1,22.2276,109.6388,51.5072,-9.5972,78.7721,0.000,0.000,0.670,0.0000,0.0000,0
2026-05-05,15:15:55,125643,1,0.8960,-0.0002,0.0088,0.2586,-0.0143,0,12.5202,112,1,26.4172,120.9051,51.4431,-7.0238,93.3513,0.000,0.000,0.666,0.0000,0.0000,0
2026-05-05,15:15:55,125678,1,0.9040,0.0014,0.0090,0.2650,-0.0144,0,12.5202,113,1,29.7546,88.6154,51.3235,-6.7066,105.6680,0.000,0.000,0.663,0.0000,0.0000,0
2026-05-05,15:15:55,125714,1,0.9040,-0.0032,0.0085,0.2506,-0.0144,0,12.5202,113,1,31.2464,31.6559,51.4342,-1.4091,116.1293,0.000,0.000,0.660,0.0000,0.0000,0
2026-05-05,15:15:55,125749,1,0.9040,0.0225,0.0051,0.1492,-0.0144,0,12.5202,113,1,31.5138,0.8784,51.7170,4.4765,125.0127,0.000,0.000,0.657,0.0000,0.0000,0
2026-05-05,15:15:56,125785,1,0.9040,0.0302,0.0030,0.0894,-0.0146,0,12.5202,113,1,31.6416,-2.3694,52.1245,9.5474,132.4189,0.000,0.000,0.654,0.0000,0.0000,0
2026-05-05,15:15:56,125826,1,0.8960,0.0085,0.0025,0.0721,-0.0146,0,12.5202,112,1,32.2799,-10.0764,52.5626,11.1643,135.7303,0.000,0.000,0.651,0.0000,0.0000,0
2026-05-05,15:15:56,125861,1,0.8960,0.0284,0.0003,0.0103,-0.0147,0,12.5202,112,1,31.0693,-41.8771,53.3514,20.3919,141.6270,0.000,0.000,0.648,0.0000,0.0000,0
2026-05-05,15:15:56,125897,1,0.8960,0.0128,-0.0005,0.0133,-0.0148,0,12.5202,112,1,29.8046,-45.8678,54.3841,28.2252,146.6069,0.000,0.000,0.645,0.0000,0.0000,0
2026-05-05,15:15:56,125933,1,0.8960,-0.0052,-0.0008,0.0235,-0.0148,0,12.5202,112,1,28.2815,-53.9075,55.5042,32.7141,150.8481,0.000,0.000,0.642,0.0000,0.0000,0
2026-05-05,15:15:56,125968,1,0.8960,-0.0003,-0.0008,0.0247,-0.0149,0,12.5202,112,1,26.5429,-57.1523,56.6473,35.0223,154.5078,0.000,0.000,0.638,0.0000,0.0000,0
2026-05-05,15:15:56,126004,1,0.8960,-0.0075,-0.0023,0.0669,-0.0149,0,12.5202,112,1,24.8871,-52.9629,57.6998,33.7721,157.6189,0.000,0.000,0.635,0.0000,0.0000,0
2026-05-05,15:15:56,126040,1,0.9040,0.0051,-0.0017,0.0495,-0.0149,0,12.5202,113,1,23.5484,-42.8107,58.7204,32.3341,160.2845,0.000,0.000,0.632,0.0000,0.0000,0
2026-05-05,15:15:56,126076,1,1.0000,0.0042,-0.0017,0.0510,-0.0149,0,12.5202,125,1,22.3468,-40.0204,59.5343,27.6478,162.5652,0.000,0.000,0.629,0.0000,0.0000,0
2026-05-05,15:15:56,126111,1,1.1200,-0.0056,0.0006,0.0175,-0.0149,0,12.5202,140,1,21.1484,-38.9406,60.2021,23.4868,164.6453,0.000,0.000,0.626,0.0000,0.0000,0
2026-05-05,15:15:56,126146,1,1.1200,0.0035,-0.0021,0.0612,-0.0149,0,12.5202,140,1,20.1142,-33.5213,60.9670,23.4989,166.5561,0.000,0.000,0.622,0.0000,0.0000,0
2026-05-05,15:15:56,126181,1,1.1200,0.0077,-0.0005,0.0160,-0.0149,0,12.5202,140,1,19.4708,-20.4742,61.6574,20.6253,167.6932,0.000,0.000,0.619,0.0000,0.0000,0
2026-05-05,15:15:56,126217,1,1.6400,-0.0000,-0.0012,0.0365,-0.0149,0,12.5202,205,1,18.7139,-26.0999,62.1761,17.2173,169.1915,0.000,0.000,0.616,0.0000,0.0000,0
2026-05-05,15:15:56,126253,1,1.6400,-0.0003,-0.0020,0.0583,-0.0149,0,12.5202,205,1,18.0497,-21.0251,62.9771,20.7569,170.3598,0.000,0.000,0.613,0.0000,0.0000,0
2026-05-05,15:15:56,126288,1,1.6400,0.0030,-0.0021,0.0626,-0.0149,0,12.5202,205,1,17.5861,-16.1747,63.5965,17.9998,171.1049,0.000,0.000,0.610,0.0000,0.0000,0
2026-05-05,15:15:56,126324,1,1.6800,-0.0040,-0.0013,0.0379,-0.0149,0,12.5202,210,1,16.9378,-20.1917,64.3263,20.0389,151.3152,0.000,0.000,0.606,0.0000,0.0000,0
2026-05-05,15:15:56,126359,1,1.6800,0.0015,-0.0008,0.0234,-0.0149,0,12.5202,210,1,16.0239,-24.8215,65.9076,36.1479,109.2228,0.000,0.000,0.603,0.0000,0.0000,0
2026-05-05,15:15:56,126395,1,1.6800,-0.0056,-0.0017,0.0493,-0.0148,0,12.5202,210,1,15.2883,-20.4810,68.1322,50.2895,73.9786,0.000,0.000,0.600,0.0000,0.0000,0
2026-05-05,15:15:56,126431,1,1.6560,0.0001,-0.0021,0.0613,-0.0148,0,12.5202,207,1,14.4549,-23.5038,70.9789,65.2820,63.6196,0.000,0.000,0.597,0.0000,0.0000,0
2026-05-05,15:15:56,126466,1,1.6560,0.0101,-0.0022,0.0655,-0.0148,0,12.5202,207,1,13.3328,-32.5081,74.0162,73.5831,75.7443,0.000,0.000,0.594,0.0000,0.0000,0
2026-05-05,15:15:56,126502,1,1.6560,0.0044,-0.0019,0.0553,-0.0148,0,12.5202,207,1,11.9081,-38.2528,77.3300,78.5656,92.3473,0.000,0.000,0.590,0.0000,0.0000,0
2026-05-05,15:15:56,126538,1,1.6480,-0.0069,0.0014,0.0397,-0.0148,0,12.5202,206,1,10.8257,-25.5907,80.5466,75.7550,105.9791,0.000,0.000,0.587,0.0000,0.0000,0
2026-05-05,15:15:56,126573,1,1.6480,0.0056,-0.0006,0.0174,-0.0148,0,12.5202,206,1,10.2593,-11.3346,82.8821,58.2213,116.8889,0.000,0.000,0.584,0.0000,0.0000,0
2026-05-05,15:15:56,126609,1,1.6480,0.0063,0.0005,0.0144,-0.0148,0,12.5202,206,1,10.5334,14.0874,83.8513,26.6485,124.9719,0.000,0.000,0.581,0.0000,0.0000,0
2026-05-05,15:15:56,126644,1,1.6480,-0.0005,-0.0020,0.0595,-0.0148,0,12.5202,206,1,11.4671,26.1072,83.0164,-16.5327,131.3751,0.000,0.000,0.578,0.0000,0.0000,0
2026-05-05,15:15:56,126679,1,1.6480,-0.0078,0.0020,0.0583,-0.0148,0,12.5202,206,1,11.2044,-5.1377,81.2794,-44.6981,136.8608,0.000,0.000,0.574,0.0000,0.0000,0
2026-05-05,15:15:56,126721,1,1.6400,-0.0120,0.0017,0.0514,-0.0147,0,12.5202,205,1,9.5131,-13.3825,79.8464,-50.8105,139.3528,0.000,0.000,0.572,0.0000,0.0000,0
2026-05-05,15:15:56,126756,1,1.6400,-0.0110,0.0025,0.0723,-0.0146,0,12.5202,205,1,10.0390,27.7076,77.1331,-71.0649,144.2869,0.000,0.000,0.569,0.0000,0.0000,0
2026-05-05,15:15:57,126791,1,1.6400,-0.0040,0.0054,0.1580,-0.0146,0,12.5202,205,1,11.4512,50.6065,74.8391,-71.9067,148.3623,0.000,0.000,0.566,0.0000,0.0000,0
2026-05-05,15:15:57,126827,1,1.6480,0.0109,0.0039,0.1135,-0.0146,0,12.5202,206,1,13.4374,64.2538,72.8167,-66.2562,151.7598,0.000,0.000,0.562,0.0000,0.0000,0
2026-05-05,15:15:57,126863,1,1.6880,0.0062,0.0032,0.0927,-0.0146,0,12.5202,211,1,15.2304,57.2065,71.0822,-58.8490,154.6116,0.000,0.000,0.559,0.0000,0.0000,0
2026-05-05,15:15:57,126899,1,1.7600,0.0174,0.0034,0.0997,-0.0146,0,12.5202,220,1,16.9115,49.8504,69.5129,-50.0470,156.9533,0.000,0.000,0.556,0.0000,0.0000,0
2026-05-05,15:15:57,126934,1,1.8480,0.0018,0.0040,0.1170,-0.0146,0,12.5202,231,1,18.5311,51.5595,68.2479,-42.6601,158.9253,0.000,0.000,0.553,0.0000,0.0000,0
2026-05-05,15:15:57,126969,1,1.8480,-0.0068,0.0034,0.0997,-0.0146,0,12.5202,231,1,20.3158,53.0228,67.2474,-34.5151,160.5730,0.000,0.000,0.550,0.0000,0.0000,0
2026-05-05,15:15:57,127004,1,1.8480,-0.0051,0.0029,0.0860,-0.0146,0,12.5202,231,1,21.5097,32.6808,66.6253,-23.3676,162.0543,0.000,0.000,0.546,0.0000,0.0000,0
2026-05-05,15:15:57,127039,1,2.8400,0.0204,0.0030,0.0892,-0.0147,0,12.5202,355,1,22.5144,29.9605,66.3559,-12.8613,163.2302,0.000,0.000,0.543,0.0000,0.0000,0
2026-05-05,15:15:57,127075,1,3.4080,-0.0077,0.0017,0.0514,-0.0147,0,12.5202,426,1,23.6221,27.0730,66.3251,-3.3576,164.1783,0.000,0.000,0.540,0.0000,0.0000,0
2026-05-05,15:15:57,127111,1,4.0000,0.0190,-0.0003,0.0103,-0.0148,0,12.5202,500,1,23.9571,3.5869,66.6139,7.6591,165.0424,0.000,0.000,0.537,0.0000,0.0000,0
2026-05-05,15:15:57,127147,1,4.0000,-0.0036,0.0005,0.0144,-0.0148,0,12.5202,500,1,23.8104,-9.5806,67.2684,18.1586,165.8665,0.000,0.000,0.534,0.0000,0.0000,0
2026-05-05,15:15:57,127183,1,4.0000,-0.0014,-0.0017,0.0510,-0.0148,0,12.5202,500,1,23.2620,-20.2740,68.2295,29.3154,166.5723,0.000,0.000,0.530,0.0000,0.0000,0
2026-05-05,15:15:57,127219,1,4.0000,-0.0015,-0.0023,0.0685,-0.0149,0,12.5202,500,1,22.6429,-19.8099,69.3615,35.7224,167.2539,0.000,0.000,0.527,0.0000,0.0000,0
2026-05-05,15:15:57,127255,1,5.8080,-0.0047,-0.0015,0.0451,-0.0149,0,12.5202,726,1,22.1024,-18.6994,70.4097,34.9018,167.8681,0.000,0.000,0.524,0.0000,0.0000,0
2026-05-05,15:15:57,127291,1,5.8080,0.0068,-0.0023,0.0670,-0.0149,0,12.5202,726,1,21.5594,-18.6597,71.2731,31.5522,168.3918,0.000,0.000,0.521,0.0000,0.0000,0
2026-05-05,15:15:57,127327,1,7.1040,0.0019,-0.0006,0.0175,-0.0149,0,12.5202,888,1,21.0458,-17.2920,72.0395,28.5692,168.9419,0.000,0.000,0.518,0.0000,0.0000,0
2026-05-05,15:15:57,127363,1,7.1040,0.0006,-0.0011,0.0320,-0.0149,0,12.5202,888,1,20.5479,-15.7870,72.9269,29.2390,169.4355,0.000,0.000,0.514,0.0000,0.0000,0
2026-05-05,15:15:57,127399,1,7.1040,0.0055,-0.0015,0.0451,-0.0149,0,12.5202,888,1,20.1137,-13.5428,73.7705,27.7843,169.8510,0.000,0.000,0.511,0.0000,0.0000,0
2026-05-05,15:15:57,127435,1,7.8240,0.0025,-0.0025,0.0728,-0.0149,0,12.5202,978,1,19.7575,-11.2088,74.3868,22.2774,170.2355,0.000,0.000,0.508,0.0000,0.0000,0
2026-05-05,15:15:57,127471,1,7.9920,0.0044,-0.0016,0.0481,-0.0149,0,12.5202,999,1,19.4575,-10.2767,74.8047,16.4356,170.5690,0.000,0.000,0.505,0.0000,0.0000,0
2026-05-05,15:15:57,127507,1,7.9920,-0.0020,-0.0015,0.0438,-0.0149,0,12.5202,999,1,19.1669,-9.7856,75.1188,12.1410,170.8836,0.000,0.000,0.502,0.0000,0.0000,0
2026-05-05,15:15:57,127543,1,7.9920,0.0032,-0.0001,0.0030,-0.0149,0,12.5202,999,1,18.9059,-8.7811,75.2986,8.0378,171.0968,0.000,0.000,0.498,0.0000,0.0000,0
2026-05-05,15:15:57,127578,1,7.9920,-0.0072,-0.0010,0.0306,-0.0149,0,12.5202,999,1,18.6532,-8.7095,75.5077,7.3022,171.3050,0.000,0.000,0.495,0.0000,0.0000,0
2026-05-05,15:15:57,127617,1,7.9920,0.0014,-0.0020,0.0596,-0.0149,0,12.5202,999,1,18.5944,-6.3338,75.6439,6.9729,171.3685,0.000,0.000,0.493,0.0000,0.0000,0
2026-05-05,15:15:57,127652,1,7.9920,-0.0015,-0.0011,0.0319,-0.0149,0,12.5202,999,1,18.3709,-7.4751,75.9726,8.9106,171.4893,0.000,0.000,0.490,0.0000,0.0000,0
2026-05-05,15:15:57,127688,1,7.9920,0.0046,-0.0012,0.0349,-0.0149,0,12.5202,999,1,18.2303,-5.0273,76.2606,8.9516,171.5726,0.000,0.000,0.486,0.0000,0.0000,0
2026-05-05,15:15:57,127723,1,7.9920,-0.0022,-0.0006,0.0191,-0.0149,0,12.5202,999,1,18.0906,-5.2282,76.5379,8.8417,171.7245,0.000,0.000,0.483,0.0000,0.0000,0
2026-05-05,15:15:57,127759,1,0.0880,0.0095,-0.0010,0.0305,-0.0149,0,12.5202,11,1,18.0600,-1.9441,76.8406,9.3200,171.8039,0.000,0.000,0.480,0.0000,0.0000,0
2026-05-05,15:15:58,127794,1,0.0880,-0.0065,-0.0020,0.0582,-0.0149,0,12.5202,11,1,17.9857,-3.8009,77.1139,8.7416,171.8669,0.000,0.000,0.477,0.0000,0.0000,0
2026-05-05,15:15:58,127829,1,0.0880,0.0025,-0.0024,0.0712,-0.0149,0,12.5202,11,1,17.8139,-5.6477,77.2111,4.7012,171.9182,0.000,0.000,0.474,0.0000,0.0000,0
2026-05-05,15:15:58,127865,1,0.0000,-0.0057,-0.0027,0.0786,-0.0149,0,12.5202,0,1,17.7010,-5.2137,77.2492,2.5773,171.9223,0.000,0.000,0.470,0.0000,0.0000,0
2026-05-05,15:15:58,127900,1,0.0000,0.0015,-0.0021,0.0627,-0.0149,0,12.5202,0,1,17.4947,-7.7367,77.3456,3.0627,171.8917,0.000,0.000,0.467,0.0000,0.0000,0
2026-05-05,15:15:58,127936,1,0.0000,0.0057,-0.0019,0.0565,-0.0149,0,12.5202,0,1,17.2622,-8.1634,77.3993,2.4146,171.9248,0.000,0.000,0.464,0.0000,0.0000,0
2026-05-05,15:15:58,127972,1,0.0000,0.0039,-0.0021,0.0627,-0.0149,0,12.5202,0,1,16.9873,-9.0353,77.5793,5.4040,171.9386,0.000,0.000,0.461,0.0000,0.0000,0
2026-05-05,15:15:58,128007,1,0.0000,-0.0044,-0.0026,0.0757,-0.0149,0,12.5202,0,1,16.7390,-7.8747,78.0008,10.6895,171.9779,0.000,0.000,0.458,0.0000,0.0000,0
2026-05-05,15:15:58,128042,1,0.0000,0.0056,-0.0018,0.0536,-0.0149,0,12.5202,0,1,16.5676,-5.9175,78.3609,11.0331,172.0088,0.000,0.000,0.454,0.0000,0.0000,0
2026-05-05,15:15:58,128078,1,0.0000,-0.0017,-0.0032,0.0932,-0.0149,0,12.5202,0,1,16.4289,-5.8388,78.6467,9.9270,171.9778,0.000,0.000,0.451,0.0000,0.0000,0
2026-05-05,15:15:58,128113,1,0.0000,-0.0043,-0.0020,0.0582,-0.0149,0,12.5202,0,1,16.2804,-5.1530,78.7937,6.7316,171.9106,0.000,0.000,0.448,0.0000,0.0000,0
2026-05-05,15:15:58,128149,1,0.0000,-0.0065,-0.0025,0.0729,-0.0149,0,12.5202,0,1,16.1648,-4.8715,78.8883,5.2412,171.8400,0.000,0.000,0.445,0.0000,0.0000,0
2026-05-05,15:15:58,128185,1,0.0000,-0.0234,0.0006,0.0184,-0.0148,0,12.5202,0,1,15.3930,-33.2136,77.8856,-19.2996,170.8300,0.000,0.000,0.442,0.0000,0.0000,0
2026-05-05,15:15:58,128220,1,0.0000,0.0261,-0.0061,0.1791,-0.0151,0,12.5202,0,1,15.4034,9.4017,76.8280,-22.0127,164.2398,0.000,0.000,0.438,0.0000,0.0000,0
2026-05-05,15:15:58,128255,1,0.0000,-0.0354,0.0091,0.2677,-0.0144,0,12.5202,0,1,15.7713,-1.9948,81.7882,99.6667,119.7609,0.000,0.000,0.435,0.0000,0.0000,0
2026-05-05,15:15:58,128290,1,0.0000,0.0020,0.0069,0.2028,-0.0145,0,12.5202,0,1,14.6620,-47.1176,91.6301,207.9760,117.1507,0.000,0.000,0.432,0.0000,0.0000,0
2026-05-05,15:15:58,128325,1,0.0000,-0.0954,0.0131,0.3860,-0.0143,0,12.5202,0,1,11.5547,-128.2684,100.8773,235.3088,100.4596,0.000,0.000,0.429,0.0000,0.0000,0
2026-05-05,15:15:58,128360,1,0.0000,-0.0191,0.0148,0.4366,-0.0140,0,12.5202,0,1,6.5104,-134.8480,108.5988,205.1411,108.1633,0.000,0.000,0.426,0.0000,0.0000,0
2026-05-05,15:15:58,128395,1,0.0000,0.0181,0.0135,0.3979,-0.0141,0,12.5202,0,1,5.0323,-34.4683,109.1091,62.3741,112.2984,0.000,0.000,0.422,0.0000,0.0000,0
2026-05-05,15:15:58,128430,1,0.0000,0.0021,0.0137,0.4037,-0.0141,0,12.5202,0,1,6.0908,26.6296,104.5078,-68.2143,116.7399,0.000,0.000,0.419,0.0000,0.0000,0
2026-05-05,15:15:58,128466,1,0.0000,0.0075,0.0103,0.3032,-0.0142,0,12.5202,0,0,6.1451,-2.1507,98.7191,-122.9262,123.0836,0.000,0.000,0.416,0.0000,0.0000,0
2026-05-05,15:15:58,128501,1,0.0000,0.0067,0.0111,0.3275,-0.0142,0,12.5202,0,0,7.1186,30.9591,93.7298,-127.8498,129.2672,0.000,0.000,0.413,0.0000,0.0000,0
2026-05-05,15:15:58,128535,1,0.0000,-0.0575,0.0166,0.4875,-0.0141,0,12.5202,0,0,8.8130,43.2217,87.3237,-144.5705,124.1773,0.000,0.000,0.410,0.0000,0.0000,0
2026-05-05,15:15:58,128570,1,0.0000,-0.0931,0.0381,1.1211,-0.0130,0,12.5202,0,0,9.0056,-5.2405,86.8621,-40.4888,85.6533,0.000,0.000,0.407,0.0000,0.0000,0
2026-05-05,15:15:58,128605,1,0.0000,-0.1329,0.0527,1.5486,-0.0124,0,12.5202,0,0,8.0194,-26.9757,91.6179,88.4885,48.6215,0.000,0.000,0.404,0.0000,0.0000,0
2026-05-05,15:15:58,128640,1,0.0000,-0.0924,0.0757,2.2273,-0.0109,0,12.5202,0,0,5.7823,-74.5250,96.4448,116.9336,59.9010,0.064,0.000,0.401,0.0000,0.0000,0
2026-05-05,15:15:58,128675,1,0.0000,0.0655,0.0643,1.8914,-0.0112,0,12.5202,0,0,1.8727,-100.0941,96.8824,50.6500,74.0872,0.128,0.000,0.398,0.0000,0.0000,0
2026-05-05,15:15:58,128710,1,0.0000,0.3196,0.0199,0.5852,-0.0129,0,12.5202,0,0,3.7272,80.1016,96.5384,13.5447,88.6271,0.168,0.000,0.394,0.0000,0.0000,0
2026-05-05,15:15:58,128745,1,0.0000,0.0153,0.0090,0.2649,-0.0142,0,12.5202,0,0,7.2464,90.1507,95.3000,-19.4872,101.3979,0.136,0.000,0.391,0.0000,0.0000,0
2026-05-05,15:15:59,128780,1,0.0000,0.0223,0.0060,0.1754,-0.0144,0,12.5202,0,0,9.1442,61.5606,94.0695,-31.1054,111.9529,0.104,0.000,0.388,0.0000,0.0000,0
2026-05-05,15:15:59,128815,1,0.0000,0.0311,0.0039,0.1133,-0.0145,0,12.5202,0,0,11.4354,61.1241,92.9338,-35.1427,121.0813,0.072,0.000,0.385,0.0000,0.0000,0
2026-05-05,15:15:59,128850,1,0.0000,0.0649,-0.0031,0.0913,-0.0150,0,12.5202,0,0,11.1859,-13.7194,92.0168,-29.9400,128.4829,0.040,0.000,0.382,0.0000,0.0000,0
2026-05-05,15:15:59,128885,1,0.0000,-0.0224,-0.0038,0.1115,-0.0150,0,12.5202,0,0,10.9126,0.0755,91.4183,-22.3740,134.7405,0.008,0.000,0.378,0.0000,0.0000,0
2026-05-05,15:15:59,128920,1,0.0000,-0.0101,-0.0043,0.1263,-0.0150,0,12.5202,0,0,11.2825,6.3714,91.1050,-14.0004,140.3855,0.000,0.000,0.375,0.0000,0.0000,0
2026-05-05,15:15:59,128955,1,0.0000,0.0085,-0.0033,0.0960,-0.0150,0,12.5202,0,0,10.8474,-12.7644,91.0337,-6.0497,144.8212,0.000,0.000,0.372,0.0000,0.0000,0
2026-05-05,15:15:59,128990,1,0.0000,-0.0056,-0.0027,0.0784,-0.0150,0,12.5202,0,0,10.9717,6.7683,90.9924,-2.7797,148.7809,0.000,0.000,0.369,0.0000,0.0000,0
2026-05-05,15:15:59,129025,1,0.0000,0.0058,-0.0028,0.0831,-0.0150,0,12.5202,0,0,11.1536,2.1625,91.2120,3.7460,152.3279,0.000,0.000,0.366,0.0000,0.0000,0
2026-05-05,15:15:59,129060,1,0.0000,0.0055,-0.0028,0.0831,-0.0149,0,12.5202,0,0,10.7606,-11.7730,91.3247,3.4666,155.2054,0.000,0.000,0.362,0.0000,0.0000,0
2026-05-05,15:15:59,129095,1,0.0000,-0.1136,0.0056,0.1653,-0.0146,0,12.5202,0,0,10.2324,-21.1804,91.6455,8.2717,158.2814,0.000,0.000,0.359,0.0000,0.0000,0
2026-05-05,15:15:59,129130,1,0.0000,0.0058,0.0068,0.2000,-0.0144,0,12.5202,0,0,7.8486,-59.9285,92.2327,11.2520,160.1640,0.000,0.000,0.356,0.0000,0.0000,0
2026-05-05,15:15:59,129166,1,0.0000,0.0027,0.0061,0.1783,-0.0145,0,12.5202,0,0,8.6748,35.4386,91.6881,-10.4150,161.2603,0.000,0.000,0.353,0.0000,0.0000,0
2026-05-05,15:15:59,129202,1,0.0000,0.0161,0.0049,0.1449,-0.0145,0,12.5202,0,0,10.6586,53.4986,90.4193,-28.4029,162.4321,0.000,0.000,0.350,0.0000,0.0000,0
2026-05-05,15:15:59,129237,1,0.0000,0.0093,0.0063,0.1857,-0.0145,0,12.5202,0,0,11.9780,33.1927,89.0556,-37.3390,163.0612,0.000,0.000,0.346,0.0000,0.0000,0
2026-05-05,15:15:59,129273,1,0.0000,-0.0045,0.0054,0.1577,-0.0145,0,12.5202,0,0,12.3409,9.1324,87.2793,-46.2744,163.8828,0.000,0.000,0.343,0.0000,0.0000,0
2026-05-05,15:15:59,129308,1,0.0000,-0.0116,0.0054,0.1583,-0.0145,0,12.5202,0,0,12.5163,5.1722,85.5466,-46.9205,164.8328,0.000,0.000,0.340,0.0000,0.0000,0
2026-05-05,15:15:59,129343,1,0.0000,0.0066,0.0036,0.1066,-0.0146,0,12.5202,0,0,12.7201,5.6988,84.3369,-36.1880,165.4388,0.000,0.000,0.337,0.0000,0.0000,0
2026-05-05,15:15:59,129378,1,0.0000,0.0087,0.0037,0.1101,-0.0146,0,12.5202,0,0,13.0330,8.7450,83.3088,-28.7023,165.8495,0.000,0.000,0.334,0.0000,0.0000,0
2026-05-05,15:15:59,129413,1,0.0000,0.0043,0.0041,0.1201,-0.0146,0,12.5202,0,0,13.1786,2.2627,82.0917,-30.5250,166.1552,0.000,0.000,0.330,0.0000,0.0000,0
2026-05-05,15:15:59,129449,1,0.0000,-0.0051,0.0053,0.1547,-0.0145,0,12.5202,0,0,13.2464,0.5935,78.6156,-51.8742,165.5690,0.000,0.000,0.328,0.0000,0.0000,0
2026-05-05,15:15:59,129484,1,0.0000,-0.0106,0.0069,0.2027,-0.0144,0,12.5202,0,0,12.8485,-7.6172,75.4018,-74.4736,164.5817,0.000,0.000,0.325,0.0000,0.0000,0
2026-05-05,15:15:59,129519,1,0.0000,0.0222,0.0111,0.3275,-0.0142,0,12.5202,0,0,12.6329,-10.3307,70.9059,-102.1237,163.7340,0.000,0.000,0.322,0.0000,0.0000,0
2026-05-05,15:15:59,129554,1,0.0000,-0.0324,0.0143,0.4216,-0.0141,0,12.5202,0,0,13.7049,27.9603,67.1941,-94.7352,157.4628,0.000,0.000,0.318,0.0000,0.0000,0
2026-05-05,15:15:59,129589,1,0.0000,-0.0047,0.0227,0.6669,-0.0137,0,12.5202,0,0,12.1885,-60.7743,64.6435,-69.0911,106.5731,0.000,0.000,0.315,0.0000,0.0000,0
2026-05-05,15:15:59,129624,1,0.0000,0.0162,0.0184,0.5408,-0.0137,0,12.5202,0,0,8.7995,-84.9969,64.4514,-18.0313,64.8208,0.000,0.000,0.312,0.0000,0.0000,0
2026-05-05,15:15:59,129659,1,0.0000,0.0100,0.0177,0.5195,-0.0138,0,12.5202,0,0,8.8964,17.9229,65.6663,19.5255,36.7757,0.000,0.000,0.309,0.0000,0.0000,0
2026-05-05,15:15:59,129694,1,0.0000,0.0292,0.0142,0.4167,-0.0140,0,12.5202,0,0,10.9797,60.9146,66.2797,16.7037,57.2410,0.000,0.000,0.306,0.0000,0.0000,0
2026-05-05,15:15:59,129730,1,0.0000,0.0082,0.0142,0.4168,-0.0140,0,12.5202,0,0,12.2079,36.5676,66.0765,-0.3747,74.5125,0.000,0.000,0.302,0.0000,0.0000,0
2026-05-05,15:15:59,129765,1,0.0000,-0.0023,0.0139,0.4099,-0.0140,0,12.5202,0,0,11.6101,-16.1878,65.1409,-19.1545,89.8789,0.000,0.000,0.299,0.0000,0.0000,0
2026-05-05,15:16:00,129800,1,0.0000,0.0032,0.0146,0.4283,-0.0140,0,12.5202,0,0,11.0976,-1.5447,64.3120,-23.1800,103.1718,0.000,0.000,0.296,0.0000,0.0000,0
2026-05-05,15:16:00,129835,1,0.0000,0.0221,0.0107,0.3154,-0.0141,0,12.5202,0,0,12.3910,49.5346,64.1006,-13.1831,73.8565,0.000,0.000,0.293,0.0000,0.0000,0
2026-05-05,15:16:00,129870,1,0.0000,0.0178,0.0095,0.2796,-0.0143,0,12.5202,0,0,14.5272,64.7425,64.3690,-2.5158,77.4181,0.000,0.000,0.290,0.0000,0.0000,0
2026-05-05,15:16:00,129905,1,0.0000,0.0077,0.0084,0.2482,-0.0143,0,12.5202,0,0,16.4969,58.7724,64.9806,7.2692,92.9751,0.000,0.000,0.286,0.0000,0.0000,0
2026-05-05,15:16:00,129940,1,0.0000,0.0024,0.0093,0.2730,-0.0143,0,12.5202,0,0,18.1008,42.5685,65.9604,17.2345,106.3791,0.000,0.000,0.283,0.0000,0.0000,0
2026-05-05,15:16:00,129975,1,0.0000,0.0002,0.0082,0.2426,-0.0143,0,12.5202,0,0,18.2194,0.7181,67.2812,26.8344,117.8038,0.000,0.000,0.280,0.0000,0.0000,0
2026-05-05,15:16:00,130010,1,0.0000,-0.0151,0.0086,0.2523,-0.0143,0,12.5202,0,0,17.0370,-35.6277,69.2904,43.4351,93.6848,0.000,0.000,0.277,0.0000,0.0000,0
2026-05-05,15:16:00,130045,1,0.0000,-0.0126,0.0099,0.2921,-0.0143,0,12.5202,0,0,14.6779,-67.7788,72.3373,67.1213,54.9613,0.000,0.000,0.274,0.0000,0.0000,0
2026-05-05,15:16:00,130080,1,0.0000,-0.0073,0.0111,0.3257,-0.0142,0,12.5202,0,0,12.4692,-52.1237,75.8811,80.6090,69.2468,0.000,0.000,0.270,0.0000,0.0000,0
2026-05-05,15:16:00,130115,1,0.0000,0.0002,0.0124,0.3633,-0.0141,0,12.5202,0,0,12.4806,9.8403,78.2710,59.8979,85.7180,0.000,0.000,0.267,0.0000,0.0000,0
2026-05-05,15:16:00,130150,1,0.0000,-0.0015,0.0127,0.3722,-0.0141,0,12.5202,0,0,13.6586,39.3981,78.3993,10.5783,98.3703,0.000,0.000,0.264,0.0000,0.0000,0
2026-05-05,15:16:00,130185,1,0.0000,-0.0123,0.0140,0.4111,-0.0141,0,12.5202,0,0,15.0405,42.9091,76.9478,-32.7110,108.9769,0.000,0.000,0.261,0.0000,0.0000,0
2026-05-05,15:16:00,130220,1,0.0000,0.0049,0.0140,0.4123,-0.0140,0,12.5202,0,0,16.1144,35.7047,75.2448,-49.0205,118.7222,0.000,0.000,0.258,0.0000,0.0000,0
2026-05-05,15:16:00,130255,1,0.0000,0.0051,0.0132,0.3885,-0.0140,0,12.5202,0,0,17.5639,44.8766,74.3932,-36.6706,127.6692,0.000,0.000,0.254,0.0000,0.0000,0
2026-05-05,15:16:00,130291,1,0.0000,-0.0020,0.0143,0.4216,-0.0141,0,12.5202,0,0,18.7702,34.5841,74.8239,-9.8686,135.3382,0.000,0.000,0.251,0.0000,0.0000,0
2026-05-05,15:16:00,130326,1,0.0000,0.0257,0.0112,0.3303,-0.0141,0,12.5202,0,0,19.9037,32.6112,75.6989,7.6455,140.9476,0.000,0.000,0.248,0.0000,0.0000,0
2026-05-05,15:16:00,130364,1,0.0000,0.0045,0.0091,0.2670,-0.0143,0,12.5202,0,0,21.2863,29.3554,77.1160,8.7640,143.2098,0.000,0.000,0.246,0.0000,0.0000,0
2026-05-05,15:16:00,130400,1,0.0000,-0.0017,0.0090,0.2644,-0.0143,0,12.5202,0,0,21.7964,8.1763,76.6580,-8.7414,146.7204,0.000,0.000,0.242,0.0000,0.0000,0
2026-05-05,15:16:00,130435,1,0.0000,-0.0133,0.0095,0.2795,-0.0143,0,12.5202,0,0,21.4644,-16.4873,76.9116,3.5818,150.6579,0.000,0.000,0.239,0.0000,0.0000,0
2026-05-05,15:16:00,130470,1,0.0000,-0.0119,0.0104,0.3067,-0.0143,0,12.5202,0,0,20.0714,-47.4442,79.3990,52.1769,108.4543,0.000,0.000,0.236,0.0000,0.0000,0
2026-05-05,15:16:00,130505,1,0.0000,-0.0064,0.0110,0.3233,-0.0143,0,12.5202,0,0,17.6771,-73.6530,85.1224,126.2628,67.1698,0.000,0.000,0.233,0.0000,0.0000,0
2026-05-05,15:16:00,130540,1,0.0000,-0.0080,0.0118,0.3484,-0.0142,0,12.5202,0,0,15.5576,-65.0878,92.2002,171.4497,59.3306,0.000,0.000,0.230,0.0000,0.0000,0
2026-05-05,15:16:00,130575,1,0.0000,-0.0151,0.0143,0.4216,-0.0141,0,12.5202,0,0,13.8788,-55.1697,99.0107,175.6927,76.6311,0.000,0.000,0.226,0.0000,0.0000,0
2026-05-05,15:16:00,130611,1,0.0000,0.0044,0.0139,0.4077,-0.0140,0,12.5202,0,0,12.0489,-60.7113,103.1831,117.7873,89.1731,0.000,0.000,0.223,0.0000,0.0000,0
2026-05-05,15:16:00,130646,1,0.0000,-0.0046,0.0152,0.4458,-0.0140,0,12.5202,0,0,10.1487,-50.9427,103.7893,45.1992,98.2628,0.000,0.000,0.220,0.0000,0.0000,0
2026-05-05,15:16:00,130681,1,0.0000,-0.0161,0.0134,0.3935,-0.0140,0,12.5202,0,0,9.7963,-14.3672,106.0089,58.9386,106.9258,0.000,0.000,0.217,0.0000,0.0000,0
2026-05-05,15:16:00,130716,1,0.0000,0.0103,0.0131,0.3842,-0.0141,0,12.5202,0,0,9.3879,-13.8068,104.9666,-14.2183,116.1583,0.000,0.000,0.214,0.0000,0.0000,0
2026-05-05,15:16:00,130751,1,0.0000,0.0199,0.0135,0.3961,-0.0141,0,12.5202,0,0,9.0359,-10.6221,96.0292,-186.1329,123.6354,0.000,0.000,0.210,0.0000,0.0000,0
2026-05-05,15:16:01,130786,1,0.0000,0.0034,0.0130,0.3828,-0.0141,0,12.5202,0,0,8.8434,-7.4974,84.7160,-304.2403,129.9081,0.000,0.000,0.207,0.0000,0.0000,0
2026-05-05,15:16:01,130821,1,0.0000,0.0057,0.0137,0.4037,-0.0141,0,12.5202,0,0,8.5608,-7.3249,71.8875,-366.0359,135.5923,0.000,0.000,0.204,0.0000,0.0000,0
2026-05-05,15:16:01,130856,1,0.0000,0.0165,0.0092,0.2716,-0.0142,0,12.5202,0,0,8.4945,-2.0185,62.0702,-325.9415,140.1614,0.000,0.000,0.201,0.0000,0.0000,0
2026-05-05,15:16:01,130891,1,0.0000,0.0034,0.0086,0.2524,-0.0143,0,12.5202,0,0,8.2561,-7.6637,50.3555,-360.7505,144.0626,0.000,0.000,0.198,0.0000,0.0000,0
2026-05-05,15:16:01,130926,1,0.0000,-0.0023,0.0108,0.3171,-0.0143,0,12.5202,0,0,8.1342,-2.2103,38.0289,-374.9458,147.4248,0.000,0.000,0.194,0.0000,0.0000,0
2026-05-05,15:16:01,130961,1,0.0000,-0.0110,0.0110,0.3234,-0.0143,0,12.5202,0,0,8.1861,2.0183,27.9275,-339.7968,150.2936,0.000,0.000,0.191,0.0000,0.0000,0
2026-05-05,15:16:01,130996,1,0.0000,0.0096,0.0100,0.2942,-0.0143,0,12.5202,0,0,8.2082,-0.0412,19.2094,-290.8515,152.8212,0.000,0.000,0.188,0.0000,0.0000,0
2026-05-05,15:16:01,131031,1,0.0000,-0.0010,0.0103,0.3025,-0.0142,0,12.5202,0,0,8.2038,-0.6905,12.9961,-231.8930,154.8512,0.000,0.000,0.185,0.0000,0.0000,0
2026-05-05,15:16:01,131066,1,0.0000,-0.0087,0.0109,0.3214,-0.0142,0,12.5202,0,0,8.1857,-0.0642,6.1555,-222.5043,156.5450,0.000,0.000,0.182,0.0000,0.0000,0
2026-05-05,15:16:01,131101,1,0.0000,-0.0078,0.0112,0.3294,-0.0142,0,12.5202,0,0,8.1214,-0.7279,1.9602,-150.6580,158.0800,0.000,0.000,0.178,0.0000,0.0000,0
2026-05-05,15:16:01,131136,1,0.0000,-0.0064,0.0116,0.3404,-0.0142,0,12.5202,0,0,8.1592,-0.6703,0.7057,-72.9805,159.2983,0.000,0.000,0.175,0.0000,0.0000,0
2026-05-05,15:16:01,131171,1,0.0000,0.0057,0.0108,0.3190,-0.0142,0,12.5202,0,0,8.1054,-2.1938,-0.0649,-48.4528,160.1956,0.000,0.000,0.172,0.0000,0.0000,0
2026-05-05,15:16:01,131206,1,0.0000,0.0022,0.0118,0.3484,-0.0142,0,12.5202,0,0,8.1804,2.0302,-2.7747,-83.3345,160.8820,0.000,0.000,0.169,0.0000,0.0000,0
2026-05-05,15:16:01,131241,1,0.0000,-0.0103,0.0118,0.3465,-0.0142,0,12.5202,0,0,8.1240,-3.1578,-7.6104,-127.5282,161.3762,0.000,0.000,0.166,0.0000,0.0000,0
2026-05-05,15:16:01,131279,1,0.0000,-0.0027,0.0115,0.3380,-0.0142,0,12.5202,0,0,8.3083,2.3811,-7.8378,-50.7549,161.4762,0.000,0.000,0.163,0.0000,0.0000,0
2026-05-05,15:16:01,131315,1,0.0000,-0.0078,0.0106,0.3129,-0.0142,0,12.5202,0,0,8.4637,2.6706,-2.0011,106.5244,161.8720,0.000,0.000,0.160,0.0000,0.0000,0
2026-05-05,15:16:01,131350,1,0.0000,0.0095,0.0098,0.2880,-0.0143,0,12.5202,0,0,8.6887,7.2350,5.3263,194.7927,162.3322,0.000,0.000,0.157,0.0000,0.0000,0
2026-05-05,15:16:01,131385,1,0.0000,0.0025,0.0105,0.3088,-0.0143,0,12.5202,0,0,9.1807,13.3038,15.2890,283.7659,163.0661,0.000,0.000,0.154,0.0000,0.0000,0
2026-05-05,15:16:01,131420,1,0.0000,0.0050,0.0088,0.2587,-0.0143,0,12.5202,0,0,9.3934,5.5204,27.5182,360.3309,163.9757,0.000,0.000,0.150,0.0000,0.0000,0
2026-05-05,15:16:01,131455,1,0.0000,-0.0079,0.0090,0.2648,-0.0143,0,12.5202,0,0,9.7371,9.8554,41.6320,417.3219,164.7990,0.000,0.000,0.147,0.0000,0.0000,0
2026-05-05,15:16:01,131490,1,0.0000,-0.0099,0.0104,0.3045,-0.0143,0,12.5202,0,0,9.9737,4.0454,54.4765,409.8860,165.6785,0.000,0.000,0.144,0.0000,0.0000,0
2026-05-05,15:16:01,131526,1,0.0000,-0.0022,0.0099,0.2921,-0.0143,0,12.5202,0,0,9.8090,-4.7210,66.4291,388.2711,166.1736,0.000,0.000,0.141,0.0000,0.0000,0
2026-05-05,15:16:01,131561,1,0.0000,-0.0054,0.0101,0.2963,-0.0143,0,12.5202,0,0,9.7298,-3.8570,76.3433,335.9799,166.3404,0.000,0.000,0.138,0.0000,0.0000,0
2026-05-05,15:16:01,131596,1,0.0000,-0.0041,0.0106,0.3109,-0.0143,0,12.5202,0,0,9.5787,-5.5418,84.4995,283.4768,166.5372,0.000,0.000,0.134,0.0000,0.0000,0
2026-05-05,15:16:01,131631,1,0.0000,0.0013,0.0111,0.3253,-0.0142,0,12.5202,0,0,9.2195,-17.8463,91.0747,230.3812,166.8519,0.000,0.000,0.131,0.0000,0.0000,0
2026-05-05,15:16:01,131666,1,0.0000,0.0078,0.0091,0.2671,-0.0143,0,12.5202,0,0,8.6512,-17.9209,96.9128,199.0038,167.5159,0.000,0.000,0.128,0.0000,0.0000,0
2026-05-05,15:16:01,131701,1,0.0000,0.0001,0.0108,0.3171,-0.0142,0,12.5202,0,0,7.9733,-21.3949,102.9428,187.2361,168.2365,0.000,0.000,0.125,0.0000,0.0000,0
2026-05-05,15:16:01,131736,1,0.0000,-0.0053,0.0109,0.3195,-0.0142,0,12.5202,0,0,7.2558,-22.2608,108.6552,178.5637,168.8894,0.000,0.000,0.122,0.0000,0.0000,0
2026-05-05,15:16:01,131771,1,0.0000,0.0085,0.0115,0.3380,-0.0142,0,12.5202,0,0,6.3748,-25.8219,113.5950,153.0047,169.0720,0.000,0.000,0.118,0.0000,0.0000,0
2026-05-05,15:16:02,131806,1,0.0000,-0.0078,0.0118,0.3484,-0.0142,0,12.5202,0,0,5.5435,-23.6440,112.9542,6.6401,168.3941,0.000,0.000,0.115,0.0000,0.0000,0
2026-05-05,15:16:02,131841,1,0.0000,-0.0068,0.0120,0.3528,-0.0142,0,12.5202,0,0,5.0348,-13.8354,98.3019,-315.7515,167.1030,0.000,0.000,0.112,0.0000,0.0000,0
2026-05-05,15:16:02,131877,1,0.0000,-0.0069,0.0115,0.3380,-0.0142,0,12.5202,0,0,4.9635,-1.0651,74.9406,-603.4152,166.1627,0.000,0.000,0.109,0.0000,0.0000,0
2026-05-05,15:16:02,131912,1,0.0000,0.0071,0.0106,0.3128,-0.0142,0,12.5202,0,0,4.9637,0.2718,50.2009,-714.9705,166.1968,0.000,0.000,0.106,0.0000,0.0000,0
2026-05-05,15:16:02,131947,1,0.0000,-0.0130,0.0121,0.3546,-0.0142,0,12.5202,0,0,4.9666,1.7011,28.8825,-690.8895,166.3546,0.000,0.000,0.102,0.0000,0.0000,0
2026-05-05,15:16:02,131982,1,0.0000,-0.0121,0.0117,0.3441,-0.0142,0,12.5202,0,0,5.1260,5.2346,10.5682,-615.4433,166.3939,0.000,0.000,0.099,0.0000,0.0000,0
2026-05-05,15:16:02,132017,1,0.0000,0.0014,0.0104,0.3067,-0.0142,0,12.5202,0,0,5.2320,3.0422,-5.2083,-535.9774,166.4725,0.000,0.000,0.096,0.0000,0.0000,0
2026-05-05,15:16:02,132052,1,0.0000,0.0052,0.0102,0.2986,-0.0142,0,12.5202,0,0,5.5168,10.7803,-17.0557,-419.7163,166.6003,0.000,0.000,0.093,0.0000,0.0000,0
2026-05-05,15:16:02,132087,1,0.0000,-0.0066,0.0118,0.3484,-0.0142,0,12.5202,0,0,5.7969,5.8250,-25.3835,-317.6601,166.7602,0.000,0.000,0.090,0.0000,0.0000,0
2026-05-05,15:16:02,132123,1,0.0000,0.0133,0.0100,0.2943,-0.0142,0,12.5202,0,0,5.5089,-8.9829,-32.1487,-249.8279,166.6088,0.000,0.048,0.086,0.0000,0.0000,0
2026-05-05,15:16:02,132158,1,0.0000,-0.0049,0.0123,0.3632,-0.0142,0,12.5202,0,0,5.2456,-8.2248,-39.3319,-235.3873,166.1095,0.000,0.112,0.083,0.0000,0.0000,0
2026-05-05,15:16:02,132197,1,0.0000,-0.0027,0.0120,0.3527,-0.0142,0,12.5202,0,0,5.0811,-6.0123,-42.9951,-202.4222,166.0923,0.000,0.160,0.081,0.0000,0.0000,0
2026-05-05,15:16:02,132233,1,0.0000,0.0016,0.0112,0.3294,-0.0142,0,12.5202,0,0,5.4696,15.9840,-46.4335,-134.0607,166.3775,0.000,0.224,0.078,0.0000,0.0000,0
2026-05-05,15:16:02,132269,1,0.0000,-0.0095,0.0118,0.3484,-0.0142,0,12.5202,0,0,5.8751,13.2678,-47.0823,-58.4096,166.7063,0.000,0.288,0.074,0.0000,0.0000,0
2026-05-05,15:16:02,132305,1,0.0000,0.0081,0.0116,0.3423,-0.0142,0,12.5202,0,0,5.9489,-6.9263,-48.5393,-56.5286,166.8238,0.000,0.352,0.071,0.0000,0.0000,0
2026-05-05,15:16:02,132341,1,0.0000,-0.0004,0.0131,0.3851,-0.0142,0,12.5202,0,0,5.7338,-5.3325,-51.5120,-77.3290,167.3386,0.000,0.416,0.068,0.0000,0.0000,0
2026-05-05,15:16:02,132376,1,0.0000,-0.0062,0.0119,0.3512,-0.0141,0,12.5202,0,0,5.3312,-11.1490,-51.9358,-35.5144,168.1429,0.000,0.480,0.065,0.0000,0.0000,0
2026-05-05,15:16:02,132411,1,0.0000,0.0033,0.0126,0.3710,-0.0142,0,12.5202,0,0,5.1643,-1.7336,-52.7171,-35.7163,167.5088,0.000,0.544,0.062,0.0000,0.0000,0
2026-05-05,15:16:02,132447,1,0.0000,-0.0068,0.0124,0.3650,-0.0142,0,12.5202,0,0,5.1533,-1.4762,-54.2362,-46.3275,166.1044,0.000,0.608,0.058,0.0000,0.0000,0
2026-05-05,15:16:02,132482,1,0.0000,-0.0051,0.0106,0.3110,-0.0142,0,12.5202,0,0,4.7586,-13.9535,-56.0971,-53.0470,166.0666,0.000,0.672,0.055,0.0000,0.0000,0
2026-05-05,15:16:02,132517,1,0.0000,0.0355,0.0085,0.2504,-0.0143,0,12.5202,0,0,4.5332,-4.3513,-57.0228,-34.7806,166.1945,0.000,0.736,0.052,0.0000,0.0000,0
2026-05-05,15:16:02,132552,1,0.0000,0.0007,0.0078,0.2300,-0.0144,0,12.5202,0,0,4.8302,10.1652,-56.9090,-9.8716,166.1717,0.000,0.800,0.049,0.0000,0.0000,0
2026-05-05,15:16:02,132587,1,0.0000,-0.0032,0.0057,0.1678,-0.0145,0,12.5202,0,0,4.8943,2.7281,-56.6551,0.9013,166.4298,0.000,0.864,0.046,0.0000,0.0000,0
2026-05-05,15:16:02,132622,1,0.0000,0.0170,0.0042,0.1237,-0.0146,0,12.5202,0,0,5.0345,5.3062,-57.2503,-14.0169,166.4978,0.000,0.928,0.042,0.0000,0.0000,0
2026-05-05,15:16:02,132657,1,0.0000,0.0081,0.0030,0.0894,-0.0146,0,12.5202,0,0,5.2485,5.9655,-58.1020,-23.0203,166.4698,0.000,0.992,0.039,0.0000,0.0000,0
2026-05-05,15:16:02,132692,1,0.0000,0.0112,0.0023,0.0687,-0.0147,0,12.5202,0,0,5.1942,-2.7012,-59.2520,-31.1192,166.4000,0.000,1.000,0.036,0.0000,0.0000,0
2026-05-05,15:16:02,132727,1,0.0000,-0.0063,0.0021,0.0617,-0.0147,0,12.5202,0,0,5.0675,-2.5983,-59.8178,-20.2359,166.3224,0.000,1.000,0.033,0.0000,0.0000,0
2026-05-05,15:16:02,132762,1,0.0000,0.0082,0.0032,0.0929,-0.0147,0,12.5202,0,0,5.1391,1.4548,-60.5642,-23.8804,166.3312,0.000,0.976,0.030,0.0000,0.0000,0
2026-05-05,15:16:03,132797,1,0.0000,-0.0032,0.0027,0.0790,-0.0147,0,12.5202,0,0,5.3723,8.9070,-61.5063,-28.0348,166.4833,0.000,0.944,0.026,0.0000,0.0000,0
2026-05-05,15:16:03,132832,1,0.0000,-0.0100,0.0028,0.0826,-0.0147,0,12.5202,0,0,5.7821,11.6346,-62.0330,-19.7200,166.6253,0.000,0.912,0.023,0.0000,0.0000,0
2026-05-05,15:16:03,132867,1,0.0000,0.0074,0.0006,0.0173,-0.0147,0,12.5202,0,0,5.7907,-0.9615,-61.6907,2.6452,166.6612,0.000,0.880,0.020,0.0000,0.0000,0
2026-05-05,15:16:03,132902,1,0.0000,0.0004,0.0021,0.0622,-0.0147,0,12.5202,0,0,5.6740,-3.2527,-60.8818,16.4202,166.4069,0.000,0.848,0.017,0.0000,0.0000,0
2026-05-05,15:16:03,132937,1,0.0000,0.0049,0.0020,0.0574,-0.0148,0,12.5202,0,0,5.5421,-4.2897,-60.4499,14.3363,166.2245,0.000,0.816,0.014,0.0000,0.0000,0
2026-05-05,15:16:03,132972,1,0.0000,-0.0046,-0.0008,0.0235,-0.0148,0,12.5202,0,0,5.3503,-5.4923,-59.4598,25.7520,166.2080,0.000,0.784,0.010,0.0000,0.0000,0
2026-05-05,15:16:03,133007,1,0.0000,0.0026,-0.0009,0.0264,-0.0148,0,12.5202,0,0,5.1878,-4.8988,-58.6060,23.7794,166.1068,0.000,0.752,0.007,0.0000,0.0000,0
2026-05-05,15:16:03,133042,1,0.0000,0.0054,0.0003,0.0102,-0.0148,0,12.5202,0,0,5.2638,2.6855,-59.0689,-2.9673,165.9941,0.000,0.720,0.004,0.0000,0.0000,0
2026-05-05,15:16:03,133077,1,0.0000,-0.0108,-0.0016,0.0481,-0.0148,0,12.5202,0,0,5.3658,2.6675,-59.1615,-2.7638,166.1440,0.000,0.688,0.001,0.0000,0.0000,0
2026-05-05,15:16:03,133115,1,0.0000,0.0011,-0.0003,0.0089,-0.0148,0,12.5202,0,0,5.3934,1.6639,-59.2559,-4.7676,166.0950,0.000,0.664,0.000,0.0000,0.0000,0
2026-05-05,15:16:03,133151,1,0.0000,0.0008,0.0006,0.0175,-0.0149,0,12.5202,0,0,5.4122,0.9253,-60.3728,-25.5223,165.9961,0.000,0.632,0.000,0.0000,0.0000,0
2026-05-05,15:16:03,133186,1,0.0000,0.0018,0.0001,0.0043,-0.0149,0,12.5202,0,0,5.4143,0.4529,-61.2587,-25.2634,166.0930,0.000,0.600,0.000,0.0000,0.0000,0
2026-05-05,15:16:03,133222,1,0.0000,-0.0025,-0.0022,0.0655,-0.0149,0,12.5202,0,0,5.5099,4.2730,-61.6970,-18.5133,166.1230,0.000,0.568,0.000,0.0000,0.0000,0
2026-05-05,15:16:03,133257,1,0.0000,0.0066,-0.0015,0.0436,-0.0149,0,12.5202,0,0,5.6191,2.8011,-62.0482,-15.7201,166.0739,0.000,0.536,0.000,0.0000,0.0000,0
2026-05-05,15:16:03,133292,1,0.0000,0.0045,-0.0016,0.0480,-0.0149,0,12.5202,0,0,5.4512,-3.2773,-62.8817,-22.4330,166.0560,0.000,0.504,0.000,0.0000,0.0000,0
2026-05-05,15:16:03,133327,1,0.0000,0.0423,0.0006,0.0173,-0.0148,0,12.5202,0,0,5.4123,-3.7891,-63.4949,-20.1670,166.0361,0.000,0.472,0.000,0.0000,0.0000,0
2026-05-05,15:16:03,133363,1,0.0000,-0.0155,-0.0023,0.0673,-0.0149,0,12.5202,0,0,5.4525,2.7455,-63.7244,-10.2296,166.0648,0.000,0.440,0.000,0.0000,0.0000,0
2026-05-05,15:16:03,133398,1,0.0000,-0.0064,-0.0022,0.0637,-0.0149,0,12.5202,0,0,5.7406,7.0074,-63.5067,0.9211,166.2153,0.000,0.408,0.000,0.0000,0.0000,0
2026-05-05,15:16:03,133433,1,0.0000,-0.0106,0.0018,0.0541,-0.0148,0,12.5202,0,0,5.1760,-22.9041,-62.6824,19.3721,166.4163,0.000,0.376,0.000,0.0000,0.0000,0
2026-05-05,15:16:03,133469,1,0.0000,-0.0027,0.0004,0.0116,-0.0149,0,12.5202,0,0,4.5058,-8.3795,-60.8166,48.3256,166.1459,0.000,0.344,0.000,0.0000,0.0000,0
2026-05-05,15:16:03,133504,1,0.0000,0.0046,-0.0027,0.0785,-0.0149,0,12.5202,0,0,5.3399,25.8766,-58.0791,72.3291,166.0722,0.000,0.312,0.000,0.0000,0.0000,0
2026-05-05,15:16:03,133539,1,0.0000,0.0017,-0.0029,0.0859,-0.0149,0,12.5202,0,0,5.9695,15.5432,-56.1949,60.2115,166.3107,0.000,0.280,0.000,0.0000,0.0000,0
2026-05-05,15:16:03,133574,1,0.0000,0.0033,-0.0016,0.0480,-0.0149,0,12.5202,0,0,6.1107,6.3608,-55.1948,40.8927,166.2334,0.000,0.248,0.000,0.0000,0.0000,0
2026-05-05,15:16:03,133609,1,0.0000,-0.0138,-0.0011,0.0321,-0.0149,0,12.5202,0,0,6.2848,5.0163,-54.1829,37.3752,166.1069,0.000,0.216,0.000,0.0000,0.0000,0
2026-05-05,15:16:03,133644,1,0.0000,0.0087,-0.0025,0.0729,-0.0149,0,12.5202,0,0,6.4347,5.3333,-53.0614,33.8352,166.1991,0.000,0.184,0.000,0.0000,0.0000,0
2026-05-05,15:16:03,133679,1,0.0000,0.0091,-0.0012,0.0361,-0.0149,0,12.5202,0,0,6.6099,5.1739,-52.2025,29.4984,166.1032,0.000,0.152,0.000,0.0000,0.0000,0
2026-05-05,15:16:03,133714,1,0.0000,0.0070,-0.0018,0.0526,-0.0149,0,12.5202,0,0,6.6611,1.4795,-51.9559,15.3369,166.0996,0.000,0.120,0.000,0.0000,0.0000,0
2026-05-05,15:16:03,133749,1,0.0000,-0.0076,-0.0028,0.0831,-0.0149,0,12.5202,0,0,6.7623,4.3355,-51.5480,15.3957,166.1369,0.000,0.088,0.000,0.0000,0.0000,0
2026-05-05,15:16:04,133784,1,0.0000,0.0030,-0.0030,0.0887,-0.0149,0,12.5202,0,0,7.0203,7.4038,-50.7051,23.1566,166.1680,0.000,0.056,0.000,0.0000,0.0000,0
2026-05-05,15:16:04,133819,1,0.0000,-0.0067,-0.0024,0.0711,-0.0149,0,12.5202,0,0,7.0590,0.9697,-49.3811,34.6545,166.2556,0.000,0.024,0.000,0.0000,0.0000,0
2026-05-05,15:16:04,133855,1,0.0000,0.0002,-0.0021,0.0628,-0.0149,0,12.5202,0,0,7.0279,-0.4493,-48.6052,27.9540,166.1305,0.000,0.000,0.000,0.0000,0.0000,0
2026-05-05,15:16:04,133890,1,0.0000,0.0024,-0.0035,0.1016,-0.0149,0,12.5202,0,0,7.0171,0.4195,-48.1902,19.1936,166.0869,0.000,0.000,0.000,0.0000,0.0000,0
2026-05-05,15:16:04,133925,1,0.0000,-0.0008,-0.0031,0.0905,-0.0149,0,12.5202,0,0,7.1416,3.8802,-47.3227,25.1936,166.1862,0.000,0.000,0.000,0.0000,0.0000,0
2026-05-05,15:16:04,133960,1,0.0000,0.0082,-0.0032,0.0933,-0.0150,0,12.5202,0,0,7.2231,2.6124,-47.2821,6.4041,166.2236,0.000,0.000,0.000,0.0000,0.0000,0
2026-05-05,15:16:04,133995,1,0.0000,0.0036,-0.0027,0.0785,-0.0150,0,12.5202,0,0,7.3356,3.3119,-47.9428,-11.2068,166.1845,0.000,0.000,0.000,0.0000,0.0000,0
2026-05-05,15:16:04,134036,1,0.0000,0.0045,-0.0039,0.1136,-0.0150,0,12.5202,0,0,7.2839,-1.5214,-48.2002,-11.1684,166.1461,0.000,0.000,0.000,0.0000,0.0000,0
2026-05-05,15:16:04,134071,1,0.0000,-0.0005,-0.0022,0.0656,-0.0150,0,12.5202,0,0,7.1911,-2.4279,-48.3636,-6.3958,166.0406,0.000,0.000,0.000,0.0000,0.0000,0
2026-05-05,15:16:04,134106,1,0.0000,0.0012,-0.0027,0.0785,-0.0149,0,12.5202,0,0,7.2025,0.0500,-48.8790,-12.3954,166.0598,0.000,0.000,0.000,0.0000,0.0000,0
2026-05-05,15:16:04,134141,1,0.0000,0.0042,-0.0037,0.1081,-0.0150,0,12.5202,0,0,7.4394,7.6441,-48.8525,-2.0541,166.1772,0.000,0.000,0.000,0.0000,0.0000,0
2026-05-05,15:16:04,134176,1,0.0000,-0.0067,-0.0032,0.0933,-0.0149,0,12.5202,0,0,7.5994,3.7409,-48.7666,0.1336,166.2804,0.000,0.000,0.000,0.0000,0.0000,0
2026-05-05,15:16:04,134211,1,0.0000,-0.0006,-0.0021,0.0609,-0.0149,0,12.5202,0,0,7.6069,0.0660,-48.0865,15.3305,166.2673,0.000,0.000,0.000,0.0000,0.0000,0
2026-05-05,15:16:04,134247,1,0.0000,-0.0013,-0.0022,0.0656,-0.0149,0,12.5202,0,0,7.5440,-1.9460,-47.1576,23.2186,166.2425,0.000,0.000,0.000,0.0000,0.0000,0
2026-05-05,15:16:04,134282,1,0.0000,0.0045,-0.0033,0.0960,-0.0150,0,12.5202,0,0,7.5372,0.3284,-46.8314,14.3581,166.2765,0.000,0.000,0.000,0.0000,0.0000,0
2026-05-05,15:16:04,134317,1,0.0000,0.0011,-0.0032,0.0933,-0.0150,0,12.5202,0,0,7.6119,2.3157,-45.9916,22.4715,166.3057,0.000,0.000,0.000,0.0000,0.0000,0
2026-05-05,15:16:04,134352,1,0.0000,0.0036,-0.0022,0.0637,-0.0150,0,12.5202,0,0,7.5635,-2.5494,-45.0801,26.6823,166.3032,0.000,0.000,0.000,0.0000,0.0000,0
2026-05-05,15:16:04,134387,1,0.0000,-0.0019,-0.0029,0.0859,-0.0150,0,12.5202,0,0,7.4419,-2.8873,-44.9332,10.2681,166.1994,0.000,0.000,0.000,0.0000,0.0000,0
2026-05-05,15:16:04,134422,1,0.0000,-0.0080,-0.0026,0.0775,-0.0149,0,12.5202,0,0,7.5035,1.2754,-44.9111,3.5690,166.2161,0.000,0.000,0.000,0.0000,0.0000,0
2026-05-05,15:16:04,134457,1,0.0000,0.0037,-0.0014,0.0406,-0.0150,0,12.5202,0,0,7.5551,1.6677,-45.7939,-16.7863,166.3310,0.000,0.000,0.000,0.0000,0.0000,0
2026-05-05,15:16:04,134492,1,0.0000,0.0153,-0.0035,0.1034,-0.0150,0,12.5202,0,0,7.6474,2.7054,-47.2585,-36.9889,166.3246,0.000,0.000,0.000,0.0000,0.0000,0
2026-05-05,15:16:04,134527,1,0.0000,-0.0023,-0.0031,0.0905,-0.0149,0,12.5202,0,0,7.5718,-3.1507,-48.7489,-43.6044,166.2914,0.000,0.000,0.000,0.0000,0.0000,0
2026-05-05,15:16:04,134562,1,0.0000,-0.0011,-0.0027,0.0785,-0.0149,0,12.5202,0,0,7.4807,-2.3249,-49.5948,-29.8449,166.2629,0.000,0.000,0.000,0.0000,0.0000,0
2026-05-05,15:16:04,134598,1,0.0000,0.0020,-0.0021,0.0609,-0.0150,0,12.5202,0,0,7.5141,0.3501,-50.1226,-22.5141,166.2426,0.000,0.000,0.000,0.0000,0.0000,0
2026-05-05,15:16:04,134633,1,0.0000,0.0082,-0.0033,0.0979,-0.0150,0,12.5202,0,0,7.4558,-2.0054,-50.4553,-14.7831,166.2529,0.000,0.000,0.000,0.0000,0.0000,0
2026-05-05,15:16:04,134668,1,0.0000,0.0022,-0.0028,0.0831,-0.0150,0,12.5202,0,0,7.4241,-0.6627,-50.6404,-9.7753,166.1826,0.000,0.000,0.000,0.0000,0.0000,0
2026-05-05,15:16:04,134703,1,0.0000,0.0007,-0.0027,0.0785,-0.0150,0,12.5202,0,0,7.4430,0.1230,-50.8512,-6.3230,166.1922,0.000,0.000,0.000,0.0000,0.0000,0
2026-05-05,15:16:04,134738,1,0.0000,0.0017,-0.0026,0.0757,-0.0150,0,12.5202,0,0,7.4949,2.0021,-50.8533,-2.5697,166.2514,0.000,0.000,0.000,0.0000,0.0000,0
2026-05-05,15:16:04,134773,1,0.0000,0.0024,-0.0027,0.0784,-0.0150,0,12.5202,0,0,7.4704,-1.1566,-51.3042,-11.5030,166.2436,0.000,0.000,0.000,0.0000,0.0000,0
2026-05-05,15:16:05,134808,1,0.0000,0.0099,-0.0031,0.0913,-0.0150,0,12.5202,0,0,7.4403,-0.6270,-51.5513,-8.7843,166.2105,0.000,0.000,0.000,0.0000,0.0000,0
2026-05-05,15:16:05,134843,1,0.0000,-0.0074,-0.0034,0.1006,-0.0149,0,12.5202,0,0,7.4850,1.5296,-51.5677,-2.4672,166.2620,0.000,0.000,0.000,0.0000,0.0000,0
2026-05-05,15:16:05,134878,1,0.0000,0.0042,-0.0027,0.0784,-0.0150,0,12.5202,0,0,7.5819,3.0187,-51.3290,4.8885,166.3208,0.000,0.000,0.000,0.0000,0.0000,0
2026-05-05,15:16:05,134913,1,0.0000,-0.0091,-0.0039,0.1136,-0.0149,0,12.5202,0,0,7.5481,-1.0552,-51.0731,7.2999,166.2987,0.000,0.000,0.000,0.0000,0.0000,0
2026-05-05,15:16:05,134952,1,0.0000,-0.0074,-0.0023,0.0683,-0.0150,0,12.5202,0,0,7.5095,-1.0401,-51.1294,2.8017,166.2281,0.000,0.000,0.000,0.0000,0.0000,0
2026-05-05,15:16:05,134988,1,0.0000,-0.0098,-0.0022,0.0656,-0.0149,0,12.5202,0,0,7.5489,1.8330,-50.9199,6.0420,166.2453,0.000,0.000,0.000,0.0000,0.0000,0
2026-05-05,15:16:05,135023,1,0.0000,0.0092,-0.0032,0.0933,-0.0150,0,12.5202,0,0,7.5485,-0.6292,-51.2188,-3.5750,166.2989,0.000,0.000,0.000,0.0000,0.0000,0
2026-05-05,15:16:05,135058,1,0.0000,0.0009,-0.0019,0.0554,-0.0150,0,12.5202,0,0,7.4241,-3.3806,-50.7269,9.2027,166.2706,0.000,0.000,0.000,0.0000,0.0000,0
2026-05-05,15:16:05,135093,1,0.0000,0.0083,-0.0030,0.0878,-0.0150,0,12.5202,0,0,7.4239,0.3813,-50.2594,12.7840,166.2231,0.000,0.000,0.000,0.0000,0.0000,0
2026-05-05,15:16:05,135128,1,0.0000,-0.0098,-0.0032,0.0951,-0.0149,0,12.5202,0,0,7.4635,1.0266,-49.8907,9.5773,166.3174,0.000,0.000,0.000,0.0000,0.0000,0
2026-05-05,15:16:05,135163,1,0.0000,0.0066,-0.0034,0.1015,-0.0150,0,12.5202,0,0,7.4838,0.3914,-49.3742,15.6227,166.3038,0.000,0.000,0.000,0.0000,0.0000,0
2026-05-05,15:16:05,135198,1,0.0000,-0.0078,-0.0043,0.1275,-0.0150,0,12.5202,0,0,7.5304,1.2928,-48.5419,22.9122,166.2674,0.000,0.000,0.000,0.0000,0.0000,0
2026-05-05,15:16:05,135233,1,0.0000,-0.0047,-0.0033,0.0960,-0.0150,0,12.5202,0,0,7.5850,2.1432,-48.2061,14.4697,166.3175,0.000,0.000,0.000,0.0000,0.0000,0
2026-05-05,15:16:05,135268,1,0.0000,-0.0051,-0.0023,0.0683,-0.0150,0,12.5202,0,0,7.5888,-0.7470,-48.1303,7.1073,166.3030,0.000,0.000,0.000,0.0000,0.0000,0
2026-05-05,15:16:05,135303,1,0.0000,0.0037,-0.0019,0.0554,-0.0150,0,12.5202,0,0,7.5102,-2.3638,-47.6797,10.9137,166.2198,0.000,0.000,0.000,0.0000,0.0000,0
2026-05-05,15:16:05,135338,1,0.0000,0.0012,-0.0027,0.0784,-0.0150,0,12.5202,0,0,7.4742,-1.1031,-47.3905,6.9107,166.2012,0.000,0.000,0.000,0.0000,0.0000,0
2026-05-05,15:16:05,135373,1,0.0000,0.0118,-0.0025,0.0730,-0.0150,0,12.5202,0,0,7.4674,-0.5071,-47.9803,-11.4307,166.2243,0.000,0.000,0.000,0.0000,0.0000,0
2026-05-05,15:16:05,135408,1,0.0000,0.0010,-0.0022,0.0656,-0.0150,0,12.5202,0,0,7.4261,-1.4004,-49.0916,-28.0067,166.2112,0.000,0.000,0.000,0.0000,0.0000,0
2026-05-05,15:16:05,135443,1,0.0000,-0.0045,-0.0037,0.1089,-0.0149,0,12.5202,0,0,7.4454,0.2045,-49.7951,-20.7287,166.1832,0.000,0.000,0.000,0.0000,0.0000,0
2026-05-05,15:16:05,135478,1,0.0000,0.0023,-0.0028,0.0812,-0.0150,0,12.5202,0,0,7.4316,-0.3068,-49.7751,-6.7193,166.2261,0.000,0.000,0.000,0.0000,0.0000,0
2026-05-05,15:16:05,135513,1,0.0000,-0.0036,-0.0021,0.0628,-0.0150,0,12.5202,0,0,7.4321,0.0374,-49.4242,3.8637,166.2086,0.000,0.000,0.000,0.0000,0.0000,0
2026-05-05,15:16:05,135548,1,0.0000,0.0124,-0.0017,0.0507,-0.0150,0,12.5202,0,0,7.4385,0.2250,-49.0331,10.2772,166.1977,0.000,0.000,0.000,0.0000,0.0000,0
2026-05-05,15:16:05,135583,1,0.0000,-0.0069,-0.0033,0.0960,-0.0150,0,12.5202,0,0,7.4148,-0.8624,-48.9100,5.4286,166.2311,0.000,0.000,0.000,0.0000,0.0000,0
2026-05-05,15:16:05,135619,1,0.0000,-0.0085,-0.0032,0.0933,-0.0149,0,12.5202,0,0,7.4098,-0.1755,-50.0732,-23.9632,166.2280,0.000,0.000,0.000,0.0000,0.0000,0
2026-05-05,15:16:05,135654,1,0.0000,0.0068,-0.0032,0.0952,-0.0150,0,12.5202,0,0,7.4006,-0.6034,-51.1821,-28.3052,166.2432,0.000,0.000,0.000,0.0000,0.0000,0
2026-05-05,15:16:05,135690,1,0.0000,-0.0006,-0.0027,0.0804,-0.0150,0,12.5202,0,0,7.4205,1.1695,-51.3896,-15.1802,166.2702,0.000,0.000,0.000,0.0000,0.0000,0
2026-05-05,15:16:05,135725,1,0.0000,-0.0004,-0.0027,0.0804,-0.0150,0,12.5202,0,0,7.4634,0.8406,-51.4285,-4.1916,166.2559,0.000,0.000,0.000,0.0000,0.0000,0
2026-05-05,15:16:05,135760,1,0.0000,-0.0059,-0.0030,0.0877,-0.0149,0,12.5202,0,0,7.3693,-3.4265,-51.2000,3.9984,166.2339,0.000,0.000,0.000,0.0000,0.0000,0
2026-05-05,15:16:06,135795,1,0.0000,-0.0014,-0.0022,0.0656,-0.0150,0,12.5202,0,0,7.2916,-1.9992,-50.3666,19.2712,166.1753,0.000,0.000,0.000,0.0000,0.0000,0
2026-05-05,15:16:06,135830,1,0.0000,-0.0044,-0.0035,0.1034,-0.0150,0,12.5202,0,0,7.2387,-1.0852,-49.6211,21.3303,166.1909,0.000,0.000,0.000,0.0000,0.0000,0
2026-05-05,15:16:06,135868,1,0.0000,-0.0084,-0.0035,0.1034,-0.0149,0,12.5202,0,0,7.2610,0.4865,-49.3909,16.7447,166.1929,0.000,0.000,0.000,0.0000,0.0000,0
2026-05-05,15:16:06,135904,1,0.0000,-0.0046,-0.0032,0.0933,-0.0150,0,12.5202,0,0,7.2564,-0.3814,-49.1749,9.8111,166.2120,0.000,0.000,0.000,0.0000,0.0000,0
2026-05-05,15:16:06,135939,1,0.0000,-0.0010,-0.0034,0.0988,-0.0150,0,12.5202,0,0,7.1934,-1.3226,-49.3654,-0.7702,166.1976,0.000,0.000,0.000,0.0000,0.0000,0
2026-05-05,15:16:06,135974,1,0.0000,-0.0031,-0.0032,0.0933,-0.0150,0,12.5202,0,0,7.3303,5.3165,-49.3993,1.6401,166.2273,0.000,0.000,0.000,0.0000,0.0000,0
2026-05-05,15:16:06,136009,1,0.0000,-0.0084,-0.0024,0.0711,-0.0149,0,12.5202,0,0,7.4491,2.5961,-49.4305,-0.0970,166.3328,0.000,0.000,0.000,0.0000,0.0000,0
2026-05-05,15:16:06,136044,1,0.0000,0.0011,-0.0053,0.1552,-0.0150,0,12.5202,0,0,7.3974,-1.4944,-49.4814,-2.4693,166.3203,0.000,0.000,0.000,0.0000,0.0000,0
2026-05-05,15:16:06,136079,1,0.0000,-0.0078,-0.0027,0.0803,-0.0150,0,12.5202,0,0,7.3316,-1.7261,-49.4283,1.5656,166.2197,0.000,0.000,0.000,0.0000,0.0000,0
2026-05-05,15:16:06,136114,1,0.0000,0.0020,-0.0024,0.0702,-0.0150,0,12.5202,0,0,7.3689,1.3926,-49.3308,1.6133,166.2631,0.000,0.000,0.000,0.0000,0.0000,0
2026-05-05,15:16:06,136149,1,0.0000,-0.0036,-0.0033,0.0960,-0.0150,0,12.5202,0,0,7.4685,2.7462,-49.2761,1.9286,166.3621,0.000,0.000,0.000,0.0000,0.0000,0
2026-05-05,15:16:06,136184,1,0.0000,-0.0006,-0.0030,0.0886,-0.0150,0,12.5202,0,0,7.5090,1.0608,-48.8376,10.8512,166.3725,0.000,0.000,0.000,0.0000,0.0000,0
2026-05-05,15:16:06,136219,1,0.0000,0.0011,-0.0034,0.1007,-0.0150,0,12.5202,0,0,7.4968,-0.2495,-48.0702,20.6592,166.3291,0.000,0.000,0.000,0.0000,0.0000,0
2026-05-05,15:16:06,136254,1,0.0000,-0.0037,-0.0022,0.0656,-0.0150,0,12.5202,0,0,7.4989,0.4399,-47.2067,22.6361,166.3241,0.000,0.000,0.000,0.0000,0.0000,0
2026-05-05,15:16:06,136289,1,0.0000,-0.0029,-0.0018,0.0527,-0.0150,0,12.5202,0,0,7.5424,0.7093,-47.8008,-5.3951,166.3446,0.000,0.000,0.000,0.0000,0.0000,0
2026-05-05,15:16:06,136324,1,0.0000,0.0077,-0.0030,0.0886,-0.0150,0,12.5202,0,0,7.5681,0.3706,-48.1816,-8.5887,166.3508,0.000,0.000,0.000,0.0000,0.0000,0
2026-05-05,15:16:06,136359,1,0.0000,0.0093,-0.0030,0.0886,-0.0150,0,12.5202,0,0,7.5893,1.1629,-48.6025,-12.4934,166.3279,0.000,0.000,0.000,0.0000,0.0000,0
2026-05-05,15:16:06,136394,1,0.0000,-0.0001,-0.0023,0.0675,-0.0150,0,12.5202,0,0,7.6681,2.5770,-49.6827,-26.9124,166.3594,0.000,0.000,0.000,0.0000,0.0000,0
2026-05-05,15:16:06,136429,1,0.0000,-0.0049,-0.0024,0.0711,-0.0150,0,12.5202,0,0,7.6543,-0.8513,-49.9319,-13.1410,166.3587,0.000,0.000,0.000,0.0000,0.0000,0
2026-05-05,15:16:06,136464,1,0.0000,-0.0015,-0.0035,0.1015,-0.0150,0,12.5202,0,0,7.6101,-1.2577,-50.2391,-11.3175,166.3061,0.000,0.000,0.000,0.0000,0.0000,0
2026-05-05,15:16:06,136499,1,0.0000,-0.0061,-0.0018,0.0526,-0.0150,0,12.5202,0,0,7.6152,-0.3196,-50.3550,-4.5687,166.2907,0.000,0.000,0.000,0.0000,0.0000,0
2026-05-05,15:16:06,136534,1,0.0000,-0.0004,-0.0033,0.0960,-0.0150,0,12.5202,0,0,7.5984,-0.6784,-49.8344,8.8968,166.3262,0.000,0.000,0.000,0.0000,0.0000,0
2026-05-05,15:16:06,136569,1,0.0000,0.0016,-0.0021,0.0628,-0.0150,0,12.5202,0,0,7.5698,-0.9129,-49.5484,7.7210,166.3053,0.000,0.000,0.000,0.0000,0.0000,0
2026-05-05,15:16:06,136604,1,0.0000,-0.0046,-0.0025,0.0738,-0.0150,0,12.5202,0,0,7.5622,-0.4863,-49.4685,4.0338,166.2760,0.000,0.000,0.000,0.0000,0.0000,0
2026-05-05,15:16:06,136639,1,0.0000,0.0087,-0.0030,0.0878,-0.0150,0,12.5202,0,0,7.5112,-1.4644,-49.4927,-0.1203,166.2688,0.000,0.000,0.000,0.0000,0.0000,0
2026-05-05,15:16:06,136674,1,0.0000,-0.0046,-0.0022,0.0656,-0.0150,0,12.5202,0,0,7.4951,-0.1521,-49.2181,5.8715,166.2417,0.000,0.000,0.000,0.0000,0.0000,0
2026-05-05,15:16:06,136709,1,0.0000,-0.0091,-0.0029,0.0859,-0.0150,0,12.5202,0,0,7.4703,-1.1223,-49.3331,-1.6621,166.2487,0.000,0.000,0.000,0.0000,0.0000,0
2026-05-05,15:16:06,136745,1,0.0000,-0.0038,-0.0034,0.1007,-0.0150,0,12.5202,0,0,7.4231,-0.9834,-49.9292,-12.0214,166.2226,0.000,0.000,0.000,0.0000,0.0000,0
2026-05-05,15:16:07,136783,1,0.0000,-0.0019,-0.0035,0.1034,-0.0150,0,12.5202,0,0,7.4382,-0.0024,-50.2906,-14.6283,166.2012,0.000,0.000,0.000,0.0000,0.0000,0
2026-05-05,15:16:07,136819,1,0.0000,-0.0018,-0.0028,0.0812,-0.0150,0,12.5202,0,0,7.4160,-1.1148,-51.1781,-21.6435,166.2231,0.000,0.000,0.000,0.0000,0.0000,0
2026-05-05,15:16:07,136854,1,0.0000,-0.0067,-0.0022,0.0637,-0.0150,0,12.5202,0,0,7.3486,-1.8491,-50.8880,-0.3474,166.1833,0.000,0.000,0.000,0.0000,0.0000,0
2026-05-05,15:16:07,136890,1,0.0000,0.0042,-0.0034,0.1007,-0.0150,0,12.5202,0,0,7.3533,0.2746,-50.7238,1.5243,166.1535,0.000,0.000,0.000,0.0000,0.0000,0
2026-05-05,15:16:07,136925,1,0.0000,0.0002,-0.0039,0.1136,-0.0150,0,12.5202,0,0,7.3434,-0.8715,-50.6198,3.6744,166.1864,0.000,0.000,0.000,0.0000,0.0000,0
2026-05-05,15:16:07,136960,1,0.0000,0.0026,-0.0019,0.0554,-0.0150,0,12.5202,0,0,7.3315,-0.1457,-50.1148,11.9540,166.1601,0.000,0.000,0.000,0.0000,0.0000,0
2026-05-05,15:16:07,136995,1,0.0000,0.0088,-0.0025,0.0730,-0.0150,0,12.5202,0,0,7.3692,1.1361,-50.2070,0.8328,166.1670,0.000,0.000,0.000,0.0000,0.0000,0
2026-05-05,15:16:07,137030,1,0.0000,0.0136,-0.0022,0.0635,-0.0150,0,12.5202,0,0,7.3470,-0.8413,-50.2732,-1.7652,166.1971,0.000,0.000,0.000,0.0000,0.0000,0
2026-05-05,15:16:07,137065,1,0.0000,0.0138,-0.0035,0.1034,-0.0150,0,12.5202,0,0,7.3471,0.1685,-50.9405,-15.7792,166.1633,0.000,0.000,0.000,0.0000,0.0000,0
2026-05-05,15:16:07,137100,1,0.0000,0.0095,-0.0037,0.1081,-0.0150,0,12.5202,0,0,7.3530,0.1321,-51.4563,-16.2225,166.1740,0.000,0.000,0.000,0.0000,0.0000,0
2026-05-05,15:16:07,137135,1,0.0000,0.0058,-0.0019,0.0554,-0.0150,0,12.5202,0,0,7.3533,0.5614,-52.1241,-20.3124,166.1857,0.000,0.000,0.000,0.0000,0.0000,0
2026-05-05,15:16:07,137170,1,0.0000,-0.0042,-0.0032,0.0933,-0.0150,0,12.5202,0,0,7.3510,-0.0464,-52.5648,-15.8223,166.1771,0.000,0.000,0.000,0.0000,0.0000,0
2026-05-05,15:16:07,137205,1,0.0000,-0.0030,-0.0033,0.0960,-0.0150,0,12.5202,0,0,7.3480,0.2260,-53.0055,-15.1713,166.1792,0.000,0.000,0.000,0.0000,0.0000,0
2026-05-05,15:16:07,137240,1,0.0000,-0.0003,-0.0023,0.0683,-0.0150,0,12.5202,0,0,7.3649,0.5079,-52.8315,1.2510,166.1815,0.000,0.000,0.000,0.0000,0.0000,0
2026-05-05,15:16:07,137275,1,0.0000,0.0029,-0.0028,0.0812,-0.0150,0,12.5202,0,0,7.3783,0.2167,-52.0466,14.5751,166.2144,0.000,0.000,0.000,0.0000,0.0000,0
2026-05-05,15:16:07,137310,1,0.0000,0.0025,-0.0031,0.0905,-0.0150,0,12.5202,0,0,7.3842,0.2301,-51.8403,8.5029,166.2195,0.000,0.000,0.000,0.0000,0.0000,0
2026-05-05,15:16:07,137345,1,0.0000,-0.0012,-0.0030,0.0886,-0.0150,0,12.5202,0,0,7.3837,-0.0138,-51.7532,4.9784,166.2204,0.000,0.000,0.000,0.0000,0.0000,0
2026-05-05,15:16:07,137380,1,0.0000,0.0016,-0.0039,0.1136,-0.0150,0,12.5202,0,0,7.3948,0.3661,-51.7499,2.4852,166.2197,0.000,0.000,0.000,0.0000,0.0000,0
2026-05-05,15:16:07,137415,1,0.0000,-0.0016,-0.0025,0.0730,-0.0150,0,12.5202,0,0,7.3686,-0.6291,-51.2582,11.3076,166.2279,0.000,0.000,0.000,0.0000,0.0000,0
2026-05-05,15:16:07,137450,1,0.0000,0.0074,-0.0026,0.0757,-0.0150,0,12.5202,0,0,7.3791,0.1333,-51.2418,4.1491,166.2335,0.000,0.000,0.000,0.0000,0.0000,0
2026-05-05,15:16:07,137485,1,0.0000,-0.0025,-0.0027,0.0785,-0.0150,0,12.5202,0,0,7.3654,-0.5928,-50.8648,9.9480,166.2114,0.000,0.000,0.000,0.0000,0.0000,0
2026-05-05,15:16:07,137520,1,0.0000,0.0084,-0.0030,0.0878,-0.0150,0,12.5202,0,0,7.3474,-0.4628,-50.2441,14.9182,166.2019,0.000,0.000,0.000,0.0000,0.0000,0
2026-05-05,15:16:07,137555,1,0.0000,0.0065,-0.0022,0.0656,-0.0150,0,12.5202,0,0,7.3574,0.3500,-50.3685,3.8772,166.2086,0.000,0.000,0.000,0.0000,0.0000,0
2026-05-05,15:16:07,137590,1,0.0000,-0.0061,-0.0023,0.0683,-0.0150,0,12.5202,0,0,7.3826,0.3582,-49.6813,16.6492,166.2187,0.000,0.000,0.000,0.0000,0.0000,0
2026-05-05,15:16:07,137625,1,0.0000,-0.0010,-0.0031,0.0905,-0.0150,0,12.5202,0,0,7.3606,-0.6390,-48.7219,24.9463,166.2056,0.000,0.000,0.000,0.0000,0.0000,0
2026-05-05,15:16:07,137660,1,0.0000,-0.0007,-0.0023,0.0683,-0.0150,0,12.5202,0,0,7.3783,0.8986,-48.3627,15.5554,166.2117,0.000,0.000,0.000,0.0000,0.0000,0
2026-05-05,15:16:07,137699,1,0.0000,0.0048,-0.0032,0.0952,-0.0150,0,12.5202,0,0,7.3861,0.8579,-48.3824,8.7575,166.2186,0.000,0.000,0.000,0.0000,0.0000,0
2026-05-05,15:16:07,137735,1,0.0000,0.0045,-0.0031,0.0905,-0.0150,0,12.5202,0,0,7.3889,0.3590,-48.3419,4.0731,166.2168,0.000,0.000,0.000,0.0000,0.0000,0
2026-05-05,15:16:07,137771,1,0.0000,-0.0000,-0.0023,0.0683,-0.0150,0,12.5202,0,0,7.3866,-0.5744,-48.3265,-0.5632,166.1972,0.000,0.000,0.000,0.0000,0.0000,0
2026-05-05,15:16:08,137806,1,0.0000,0.0087,-0.0023,0.0690,-0.0150,0,12.5202,0,0,7.3549,-1.0082,-48.7182,-7.3067,166.2482,0.000,0.000,0.000,0.0000,0.0000,0
2026-05-05,15:16:08,137841,1,0.0000,-0.0013,-0.0025,0.0730,-0.0150,0,12.5202,0,0,7.3916,0.5522,-49.0244,-10.3688,166.2177,0.000,0.000,0.000,0.0000,0.0000,0
2026-05-05,15:16:08,137876,1,0.0000,0.0018,-0.0027,0.0784,-0.0150,0,12.5202,0,0,7.3832,-0.5218,-49.7320,-18.9671,166.2504,0.000,0.000,0.000,0.0000,0.0000,0
2026-05-05,15:16:08,137911,1,0.0000,-0.0148,-0.0040,0.1191,-0.0150,0,12.5202,0,0,7.3696,0.1916,-49.8701,-8.2588,166.2319,0.000,0.000,0.000,0.0000,0.0000,0
2026-05-05,15:16:08,137946,1,0.0000,-0.0089,-0.0021,0.0609,-0.0150,0,12.5202,0,0,7.4036,0.8746,-49.9671,-3.7517,166.2689,0.000,0.000,0.000,0.0000,0.0000,0
2026-05-05,15:16:08,137982,1,0.0000,-0.0062,-0.0028,0.0831,-0.0150,0,12.5202,0,0,7.4018,0.2481,-50.0871,-3.9641,166.2595,0.000,0.000,0.000,0.0000,0.0000,0
2026-05-05,15:16:08,138017,1,0.0000,-0.0017,-0.0035,0.1015,-0.0150,0,12.5202,0,0,7.3783,-0.4411,-50.0557,-1.8077,166.2273,0.000,0.000,0.000,0.0000,0.0000,0
2026-05-05,15:16:08,138052,1,0.0000,0.0085,-0.0034,0.0987,-0.0150,0,12.5202,0,0,7.3909,0.5241,-49.6603,9.9610,166.2801,0.000,0.000,0.000,0.0000,0.0000,0
2026-05-05,15:16:08,138088,1,0.0000,0.0080,-0.0037,0.1081,-0.0150,0,12.5202,0,0,7.4126,0.3814,-48.9232,16.5487,166.2814,0.000,0.000,0.000,0.0000,0.0000,0
2026-05-05,15:16:08,138123,1,0.0000,-0.0025,-0.0034,0.1007,-0.0150,0,12.5202,0,0,7.3881,-0.8994,-48.9210,5.9002,166.2581,0.000,0.000,0.000,0.0000,0.0000,0
2026-05-05,15:16:08,138158,1,0.0000,0.0056,-0.0022,0.0656,-0.0150,0,12.5202,0,0,7.3752,-0.2907,-48.8904,2.6905,166.2721,0.000,0.000,0.000,0.0000,0.0000,0
2026-05-05,15:16:08,138193,1,0.0000,0.0085,-0.0039,0.1136,-0.0150,0,12.5202,0,0,7.3772,-0.1272,-48.8099,1.2674,166.2671,0.000,0.000,0.000,0.0000,0.0000,0
2026-05-05,15:16:08,138228,1,0.0000,0.0149,-0.0034,0.0987,-0.0150,0,12.5202,0,0,7.3692,-0.1733,-48.9796,-2.8258,166.2493,0.000,0.000,0.000,0.0000,0.0000,0
2026-05-05,15:16:08,138263,1,0.0000,-0.0019,-0.0037,0.1081,-0.0150,0,12.5202,0,0,7.3979,1.1707,-50.0117,-23.8365,166.2504,0.000,0.000,0.000,0.0000,0.0000,0
2026-05-05,15:16:08,138298,1,0.0000,-0.0016,-0.0032,0.0933,-0.0150,0,12.5202,0,0,7.3909,-0.4405,-50.4536,-16.7586,166.2755,0.000,0.000,0.000,0.0000,0.0000,0
2026-05-05,15:16:08,138333,1,0.0000,0.0052,-0.0021,0.0609,-0.0150,0,12.5202,0,0,7.3700,-0.5949,-50.8446,-13.0517,166.2368,0.000,0.000,0.000,0.0000,0.0000,0
2026-05-05,15:16:08,138368,1,0.0000,0.0134,-0.0032,0.0933,-0.0150,0,12.5202,0,0,7.3587,-0.3601,-50.7105,-1.0859,166.2510,0.000,0.000,0.000,0.0000,0.0000,0
2026-05-05,15:16:08,138403,1,0.0000,-0.0103,-0.0029,0.0859,-0.0150,0,12.5202,0,0,7.3760,0.4988,-50.8834,-4.8950,166.2547,0.000,0.000,0.000,0.0000,0.0000,0
2026-05-05,15:16:08,138438,1,0.0000,-0.0047,-0.0032,0.0933,-0.0150,0,12.5202,0,0,7.3814,-0.1509,-50.4523,7.7151,166.2686,0.000,0.000,0.000,0.0000,0.0000,0
2026-05-05,15:16:08,138473,1,0.0000,-0.0066,-0.0031,0.0914,-0.0149,0,12.5202,0,0,7.4214,1.3872,-50.4168,3.1643,166.2711,0.000,0.000,0.000,0.0000,0.0000,0
2026-05-05,15:16:08,138509,1,0.0000,-0.0010,-0.0019,0.0554,-0.0150,0,12.5202,0,0,7.4124,-0.1213,-50.4762,0.7070,166.2809,0.000,0.000,0.000,0.0000,0.0000,0
2026-05-05,15:16:08,138544,1,0.0000,-0.0022,-0.0032,0.0933,-0.0150,0,12.5202,0,0,7.3977,-0.2639,-50.8704,-8.0268,166.2792,0.000,0.000,0.000,0.0000,0.0000,0
2026-05-05,15:16:08,138579,1,0.0000,-0.0207,-0.0029,0.0859,-0.0149,0,12.5202,0,0,7.4206,0.7946,-50.4221,9.1344,166.2684,0.000,0.000,0.000,0.0000,0.0000,0
2026-05-05,15:16:08,138617,1,0.0000,-0.0024,-0.0021,0.0628,-0.0150,0,12.5202,0,0,7.4136,0.0768,-49.9370,12.4308,166.2534,0.000,0.000,0.000,0.0000,0.0000,0
2026-05-05,15:16:08,138653,1,0.0000,0.0082,-0.0033,0.0960,-0.0150,0,12.5202,0,0,7.4017,-0.3714,-49.6046,9.9652,166.2480,0.000,0.000,0.000,0.0000,0.0000,0
2026-05-05,15:16:08,138689,1,0.0000,-0.0017,-0.0027,0.0785,-0.0150,0,12.5202,0,0,7.4046,-0.1718,-49.8104,-1.2488,166.2464,0.000,0.000,0.000,0.0000,0.0000,0
2026-05-05,15:16:08,138724,1,0.0000,0.0017,-0.0027,0.0804,-0.0150,0,12.5202,0,0,7.4027,0.4322,-50.9341,-24.6882,166.2761,0.000,0.000,0.000,0.0000,0.0000,0
2026-05-05,15:16:08,138759,1,0.0000,-0.0062,-0.0026,0.0776,-0.0150,0,12.5202,0,0,7.4387,0.7257,-51.2211,-11.9431,166.2855,0.000,0.000,0.000,0.0000,0.0000,0
2026-05-05,15:16:09,138794,1,0.0000,-0.0014,-0.0030,0.0886,-0.0150,0,12.5202,0,0,7.4094,-1.1236,-51.4465,-10.2748,166.2901,0.000,0.000,0.000,0.0000,0.0000,0
2026-05-05,15:16:09,138829,1,0.0000,-0.0016,-0.0030,0.0886,-0.0150,0,12.5202,0,0,7.3666,-1.1033,-51.6513,-6.7645,166.2751,0.000,0.000,0.000,0.0000,0.0000,0
2026-05-05,15:16:09,138865,1,0.0000,0.0073,-0.0025,0.0730,-0.0150,0,12.5202,0,0,7.3733,0.3840,-52.0006,-10.2179,166.2713,0.000,0.000,0.000,0.0000,0.0000,0
2026-05-05,15:16:09,138900,1,0.0000,-0.0026,-0.0030,0.0886,-0.0150,0,12.5202,0,0,7.3856,0.1920,-52.1615,-4.3691,166.2933,0.000,0.000,0.000,0.0000,0.0000,0
2026-05-05,15:16:09,138935,1,0.0000,-0.0052,-0.0030,0.0878,-0.0150,0,12.5202,0,0,7.4071,0.8163,-51.4153,14.5045,166.2902,0.000,0.000,0.000,0.0000,0.0000,0
2026-05-05,15:16:09,138970,1,0.0000,-0.0076,-0.0032,0.0933,-0.0150,0,12.5202,0,0,7.4272,0.3439,-51.3890,2.9739,166.3072,0.000,0.000,0.000,0.0000,0.0000,0
2026-05-05,15:16:09,139005,1,0.0000,-0.0053,-0.0022,0.0656,-0.0150,0,12.5202,0,0,7.4117,-0.1515,-52.1472,-15.0949,166.2974,0.000,0.000,0.000,0.0000,0.0000,0
2026-05-05,15:16:09,139040,1,0.0000,0.0014,-0.0034,0.1007,-0.0150,0,12.5202,0,0,7.4220,0.0158,-52.2606,-5.2271,166.2817,0.000,0.000,0.000,0.0000,0.0000,0
2026-05-05,15:16:09,139075,1,0.0000,-0.0011,-0.0038,0.1108,-0.0150,0,12.5202,0,0,7.4101,-0.3915,-52.3973,-4.3722,166.2730,0.000,0.000,0.000,0.0000,0.0000,0
2026-05-05,15:16:09,139110,1,0.0000,-0.0010,-0.0027,0.0785,-0.0150,0,12.5202,0,0,7.3871,-0.3109,-52.6790,-7.0030,166.2598,0.000,0.000,0.000,0.0000,0.0000,0
2026-05-05,15:16:09,139145,1,0.0000,-0.0048,-0.0032,0.0933,-0.0150,0,12.5202,0,0,7.4214,0.5294,-53.6273,-22.0170,166.2742,0.000,0.000,0.000,0.0000,0.0000,0
2026-05-05,15:16:09,139181,1,0.0000,-0.0014,-0.0031,0.0905,-0.0149,0,12.5202,0,0,7.4476,1.1859,-54.0731,-17.1315,166.2845,0.000,0.000,0.000,0.0000,0.0000,0
2026-05-05,15:16:09,139217,1,0.0000,-0.0065,-0.0024,0.0711,-0.0150,0,12.5202,0,0,7.4419,-0.2035,-54.1892,-5.8981,166.2812,0.000,0.000,0.000,0.0000,0.0000,0
2026-05-05,15:16:09,139252,1,0.0000,0.0079,-0.0030,0.0878,-0.0150,0,12.5202,0,0,7.4849,1.4036,-53.2758,17.8703,166.2711,0.000,0.000,0.000,0.0000,0.0000,0
2026-05-05,15:16:09,139287,1,0.0000,0.0081,-0.0019,0.0554,-0.0150,0,12.5202,0,0,7.4702,-0.6253,-52.5025,22.6094,166.2917,0.000,0.000,0.000,0.0000,0.0000,0
2026-05-05,15:16:09,139322,1,0.0000,0.0017,-0.0028,0.0831,-0.0150,0,12.5202,0,0,7.4534,0.2390,-52.5047,2.6536,166.2700,0.000,0.000,0.000,0.0000,0.0000,0
2026-05-05,15:16:09,139357,1,0.0000,0.0063,-0.0021,0.0628,-0.0150,0,12.5202,0,0,7.5453,2.8599,-53.1165,-7.5272,166.2712,0.000,0.000,0.000,0.0000,0.0000,0
2026-05-05,15:16:09,139392,1,0.0000,-0.0035,-0.0045,0.1322,-0.0150,0,12.5202,0,0,7.5428,-0.6611,-52.4149,13.0317,166.3060,0.000,0.000,0.000,0.0000,0.0000,0
2026-05-05,15:16:09,139427,1,0.0000,0.0093,-0.0033,0.0960,-0.0150,0,12.5202,0,0,7.4942,-0.8608,-51.9470,12.2902,166.2599,0.000,0.000,0.000,0.0000,0.0000,0
2026-05-05,15:16:09,139462,1,0.0000,0.0039,-0.0039,0.1136,-0.0150,0,12.5202,0,0,7.5248,0.8443,-51.7640,9.0057,166.2522,0.000,0.000,0.000,0.0000,0.0000,0
2026-05-05,15:16:09,139497,1,0.0000,-0.0012,-0.0021,0.0609,-0.0150,0,12.5202,0,0,7.5390,0.0950,-51.2779,15.2146,166.3156,0.000,0.000,0.000,0.0000,0.0000,0
2026-05-05,15:16:09,139531,1,0.0000,-0.0055,-0.0032,0.0933,-0.0150,0,12.5202,0,0,7.5421,0.0361,-50.8186,14.9449,166.2731,0.000,0.000,0.000,0.0000,0.0000,0
2026-05-05,15:16:09,139566,1,0.0000,0.0019,-0.0027,0.0804,-0.0150,0,12.5202,0,0,7.5115,-0.5187,-50.2594,15.1157,166.2178,0.000,0.000,0.000,0.0000,0.0000,0
2026-05-05,15:16:09,139601,1,0.0000,0.0051,-0.0029,0.0851,-0.0150,0,12.5202,0,0,7.5319,1.3124,-50.3058,5.2019,166.2643,0.000,0.000,0.000,0.0000,0.0000,0
2026-05-05,15:16:09,139636,1,0.0000,0.0097,-0.0029,0.0859,-0.0150,0,12.5202,0,0,7.5327,-0.0899,-49.9743,9.1718,166.2849,0.000,0.000,0.000,0.0000,0.0000,0
2026-05-05,15:16:09,139671,1,0.0000,-0.0028,-0.0028,0.0831,-0.0150,0,12.5202,0,0,7.4844,-1.6295,-49.6516,7.6163,166.2371,0.000,0.000,0.000,0.0000,0.0000,0
2026-05-05,15:16:09,139706,1,0.0000,0.0044,-0.0030,0.0878,-0.0150,0,12.5202,0,0,7.4531,-0.5090,-50.5244,-17.0354,166.2248,0.000,0.000,0.000,0.0000,0.0000,0
2026-05-05,15:16:09,139741,1,0.0000,0.0033,-0.0032,0.0933,-0.0150,0,12.5202,0,0,7.4570,0.2157,-51.0277,-14.3065,166.2564,0.000,0.000,0.000,0.0000,0.0000,0
2026-05-05,15:16:09,139776,1,0.0000,-0.0021,-0.0029,0.0867,-0.0150,0,12.5202,0,0,7.4163,-0.6517,-51.3682,-12.7455,166.2594,0.000,0.000,0.000,0.0000,0.0000,0
2026-05-05,15:16:10,139811,1,0.0000,-0.0083,-0.0022,0.0637,-0.0149,0,12.5202,0,0,7.4950,2.9301,-51.4796,-4.9153,166.2675,0.000,0.000,0.000,0.0000,0.0000,0
2026-05-05,15:16:10,139846,1,0.0000,0.0017,-0.0037,0.1081,-0.0150,0,12.5202,0,0,7.5737,1.8803,-50.3136,21.5784,166.3321,0.000,0.000,0.000,0.0000,0.0000,0
2026-05-05,15:16:10,139881,1,0.0000,0.0025,-0.0051,0.1498,-0.0150,0,12.5202,0,0,7.5550,-0.8773,-49.8628,15.6936,166.3491,0.000,0.000,0.000,0.0000,0.0000,0
2026-05-05,15:16:10,139916,1,0.0000,0.0016,-0.0049,0.1452,-0.0150,0,12.5202,0,0,7.5241,-0.6496,-49.3375,17.6684,166.2978,0.000,0.000,0.000,0.0000,0.0000,0
2026-05-05,15:16:10,139951,1,0.0000,-0.0042,-0.0030,0.0886,-0.0150,0,12.5202,0,0,7.5286,0.0498,-48.6336,20.3726,166.3046,0.000,0.000,0.000,0.0000,0.0000,0
2026-05-05,15:16:10,139986,1,0.0000,0.0032,-0.0028,0.0831,-0.0150,0,12.5202,0,0,7.5306,0.5513,-48.4444,8.0711,166.3292,0.000,0.000,0.000,0.0000,0.0000,0
2026-05-05,15:16:10,140022,1,0.0000,0.0117,-0.0025,0.0730,-0.0150,0,12.5202,0,0,7.5531,0.5615,-48.7267,-1.4220,166.3055,0.000,0.000,0.000,0.0000,0.0000,0
2026-05-05,15:16:10,140057,1,0.0000,0.0020,-0.0034,0.0987,-0.0150,0,12.5202,0,0,7.5337,-0.5085,-48.8237,-2.7194,166.3356,0.000,0.000,0.000,0.0000,0.0000,0
2026-05-05,15:16:10,140092,1,0.0000,-0.0010,-0.0035,0.1034,-0.0150,0,12.5202,0,0,7.5283,-0.0127,-49.0491,-6.7792,166.3493,0.000,0.000,0.000,0.0000,0.0000,0
2026-05-05,15:16:10,140128,1,0.0000,0.0025,-0.0031,0.0905,-0.0150,0,12.5202,0,0,7.5587,1.0982,-49.1078,-3.1907,166.3374,0.000,0.000,0.000,0.0000,0.0000,0
2026-05-05,15:16:10,140163,1,0.0000,-0.0015,-0.0024,0.0702,-0.0150,0,12.5202,0,0,7.5252,-0.8589,-48.8593,4.9272,166.3442,0.000,0.000,0.000,0.0000,0.0000,0
2026-05-05,15:16:10,140198,1,0.0000,0.0031,-0.0038,0.1108,-0.0150,0,12.5202,0,0,7.5269,0.4313,-48.7246,4.4018,166.3317,0.000,0.000,0.000,0.0000,0.0000,0
2026-05-05,15:16:10,140233,1,0.0000,0.0056,-0.0027,0.0804,-0.0150,0,12.5202,0,0,7.5501,1.3657,-48.6545,2.4660,166.3409,0.000,0.000,0.000,0.0000,0.0000,0
2026-05-05,15:16:10,140268,1,0.0000,-0.0029,-0.0030,0.0877,-0.0150,0,12.5202,0,0,7.5507,0.3744,-48.7262,-0.4128,166.3365,0.000,0.000,0.000,0.0000,0.0000,0
2026-05-05,15:16:10,140303,1,0.0000,0.0006,-0.0027,0.0804,-0.0150,0,12.5202,0,0,7.5498,0.5333,-48.3943,8.4365,166.3304,0.000,0.000,0.000,0.0000,0.0000,0
2026-05-05,15:16:10,140338,1,0.0000,0.0076,-0.0037,0.1081,-0.0150,0,12.5202,0,0,7.5481,0.2830,-47.8379,13.5051,166.3316,0.000,0.000,0.000,0.0000,0.0000,0
2026-05-05,15:16:10,140373,1,0.0000,-0.0114,-0.0021,0.0609,-0.0149,0,12.5202,0,0,7.5659,0.0078,-47.9349,1.9042,166.3614,0.000,0.000,0.000,0.0000,0.0000,0
2026-05-05,15:16:10,140408,1,0.0000,-0.0064,-0.0024,0.0711,-0.0150,0,12.5202,0,0,7.5628,-0.5182,-48.0538,-0.5571,166.3419,0.000,0.000,0.000,0.0000,0.0000,0
2026-05-05,15:16:10,140446,1,0.0000,0.0004,-0.0023,0.0683,-0.0150,0,12.5202,0,0,7.5562,-0.3164,-47.9162,0.7691,166.3095,0.000,0.000,0.000,0.0000,0.0000,0
2026-05-05,15:16:10,140482,1,0.0000,-0.0011,-0.0031,0.0913,-0.0150,0,12.5202,0,0,7.5685,0.4804,-47.7112,4.1021,166.3219,0.000,0.000,0.000,0.0000,0.0000,0
2026-05-05,15:16:10,140517,1,0.0000,0.0043,-0.0030,0.0886,-0.0150,0,12.5202,0,0,7.5512,-0.5507,-47.9106,-2.7274,166.3134,0.000,0.000,0.000,0.0000,0.0000,0
2026-05-05,15:16:10,140552,1,0.0000,0.0107,-0.0029,0.0859,-0.0150,0,12.5202,0,0,7.5137,-1.2552,-48.4539,-12.3624,166.3064,0.000,0.000,0.000,0.0000,0.0000,0
2026-05-05,15:16:10,140587,1,0.0000,-0.0073,-0.0031,0.0905,-0.0150,0,12.5202,0,0,7.5108,0.0998,-48.8724,-13.2677,166.3031,0.000,0.000,0.000,0.0000,0.0000,0
2026-05-05,15:16:10,140622,1,0.0000,-0.0002,-0.0037,0.1081,-0.0150,0,12.5202,0,0,7.5108,-0.0281,-49.9088,-26.6841,166.3530,0.000,0.000,0.000,0.0000,0.0000,0
2026-05-05,15:16:10,140658,1,0.0000,-0.0022,-0.0026,0.0757,-0.0150,0,12.5202,0,0,7.5282,0.2902,-50.8223,-29.4436,166.3453,0.000,0.000,0.000,0.0000,0.0000,0
2026-05-05,15:16:10,140694,1,0.0000,0.0053,-0.0033,0.0979,-0.0150,0,12.5202,0,0,7.5388,-0.3472,-51.4896,-22.1037,166.3437,0.000,0.000,0.000,0.0000,0.0000,0
2026-05-05,15:16:10,140729,1,0.0000,-0.0013,-0.0027,0.0785,-0.0150,0,12.5202,0,0,7.5166,-0.5438,-51.7192,-13.0010,166.3301,0.000,0.000,0.000,0.0000,0.0000,0
2026-05-05,15:16:10,140764,1,0.0000,-0.0044,-0.0017,0.0508,-0.0150,0,12.5202,0,0,7.5625,1.4820,-51.6396,-2.0963,166.3261,0.000,0.000,0.000,0.0000,0.0000,0
2026-05-05,15:16:11,140799,1,0.0000,-0.0026,-0.0041,0.1210,-0.0150,0,12.5202,0,0,7.5655,-0.0911,-51.3033,6.2112,166.3434,0.000,0.000,0.000,0.0000,0.0000,0
2026-05-05,15:16:11,140834,1,0.0000,-0.0086,-0.0024,0.0711,-0.0150,0,12.5202,0,0,7.5223,-0.7314,-50.5304,17.3505,166.3177,0.000,0.000,0.000,0.0000,0.0000,0
2026-05-05,15:16:11,140869,1,0.0000,0.0128,-0.0043,0.1257,-0.0150,0,12.5202,0,0,7.5435,0.3441,-50.0185,18.6440,166.2803,0.000,0.000,0.000,0.0000,0.0000,0
2026-05-05,15:16:11,140904,1,0.0000,0.0036,-0.0024,0.0710,-0.0150,0,12.5202,0,0,7.5430,-0.0196,-49.4972,15.0006,166.3023,0.000,0.000,0.000,0.0000,0.0000,0
2026-05-05,15:16:11,140939,1,0.0000,-0.0106,-0.0008,0.0240,-0.0149,0,12.5202,0,0,7.5376,-0.2063,-49.5903,0.5381,166.2977,0.000,0.000,0.000,0.0000,0.0000,0
2026-05-05,15:16:11,140974,1,0.0000,0.0011,-0.0027,0.0804,-0.0150,0,12.5202,0,0,7.5073,-0.5598,-50.6310,-21.2052,166.2864,0.000,0.000,0.000,0.0000,0.0000,0
2026-05-05,15:16:11,141009,1,0.0000,0.0073,-0.0023,0.0683,-0.0150,0,12.5202,0,0,7.5219,0.1050,-51.6473,-27.0469,166.2940,0.000,0.000,0.000,0.0000,0.0000,0
2026-05-05,15:16:11,141045,1,0.0000,0.0043,-0.0025,0.0730,-0.0150,0,12.5202,0,0,7.5300,0.1818,-51.8230,-12.6155,166.2922,0.000,0.000,0.000,0.0000,0.0000,0
2026-05-05,15:16:11,141080,1,0.0000,-0.0016,-0.0027,0.0785,-0.0150,0,12.5202,0,0,7.4940,-1.1288,-51.4095,6.2367,166.2757,0.000,0.000,0.000,0.0000,0.0000,0
2026-05-05,15:16:11,141115,1,0.0000,-0.0022,-0.0032,0.0933,-0.0150,0,12.5202,0,0,7.4468,-1.0724,-50.7919,13.6545,166.2650,0.000,0.000,0.000,0.0000,0.0000,0
2026-05-05,15:16:11,141151,1,0.0000,0.0022,-0.0027,0.0785,-0.0150,0,12.5202,0,0,7.4707,0.9071,-51.0167,-2.5523,166.2740,0.000,0.000,0.000,0.0000,0.0000,0
2026-05-05,15:16:11,141186,1,0.0000,-0.0135,-0.0024,0.0702,-0.0149,0,12.5202,0,0,7.4879,0.7109,-51.4009,-7.2360,166.3060,0.000,0.000,0.000,0.0000,0.0000,0
2026-05-05,15:16:11,141221,1,0.0000,0.0021,-0.0029,0.0859,-0.0150,0,12.5202,0,0,7.5133,0.6370,-51.6608,-8.2135,166.3072,0.000,0.000,0.000,0.0000,0.0000,0
2026-05-05,15:16:11,141256,1,0.0000,-0.0063,-0.0027,0.0785,-0.0149,0,12.5202,0,0,7.5571,1.3321,-51.6628,-1.3579,166.2932,0.000,0.000,0.000,0.0000,0.0000,0
2026-05-05,15:16:11,141291,1,0.0000,-0.0040,-0.0028,0.0812,-0.0150,0,12.5202,0,0,7.5975,1.0440,-51.1770,9.5214,166.2460,0.000,0.000,0.000,0.0000,0.0000,0
2026-05-05,15:16:11,141326,1,0.0000,0.0204,-0.0020,0.0582,-0.0149,0,12.5202,0,0,7.5308,0.1761,-49.9364,30.9111,166.2555,0.000,0.000,0.000,0.0000,0.0000,0
2026-05-05,15:16:11,141364,1,0.0000,-0.0100,-0.0020,0.0582,-0.0149,0,12.5202,0,0,7.5847,0.4603,-49.0853,33.8239,166.2724,0.000,0.000,0.000,0.0000,0.0000,0
2026-05-05,15:16:11,141400,1,0.0000,-0.0258,-0.0021,0.0611,-0.0149,0,12.5202,0,0,7.3031,-11.1032,-48.4810,21.7832,165.3937,0.000,0.000,0.000,0.0000,0.0000,0
2026-05-05,15:16:11,141435,1,0.0000,0.0107,0.0021,0.0621,-0.0147,0,12.5202,0,0,4.0187,-101.1688,-53.2877,-81.8134,162.0854,0.000,0.000,0.000,0.0000,0.0000,0
2026-05-05,15:16:11,141471,1,0.0000,-0.0085,-0.0022,0.0641,-0.0149,0,12.5202,0,0,2.8765,-9.0932,-55.7230,-44.1054,161.3328,0.000,0.000,0.000,0.0000,0.0000,0
2026-05-05,15:16:11,141506,1,0.0000,0.0106,-0.0020,0.0598,-0.0149,0,12.5202,0,0,6.2470,100.6447,-51.6813,92.7962,161.4574,0.000,0.000,0.000,0.0000,0.0000,0
2026-05-05,15:16:11,141541,1,0.0000,-0.0016,-0.0038,0.1108,-0.0149,0,12.5202,0,0,10.6973,123.7017,-41.8330,255.9960,161.7449,0.000,0.000,0.000,0.0000,0.0000,0
2026-05-05,15:16:11,141576,1,0.0000,-0.0112,0.0003,0.0102,-0.0149,0,12.5202,0,0,14.0228,83.9971,-27.2435,408.1193,162.2014,0.000,0.000,0.000,0.0000,0.0000,0
2026-05-05,15:16:11,141611,1,0.0000,0.0002,-0.0021,0.0612,-0.0149,0,12.5202,0,0,14.4692,5.1072,-10.3475,504.8448,163.0655,0.000,0.000,0.000,0.0000,0.0000,0
2026-05-05,15:16:11,141646,1,0.0000,0.0016,-0.0018,0.0524,-0.0149,0,12.5202,0,0,13.9218,-13.6665,7.3659,551.1340,164.1990,0.000,0.000,0.000,0.0000,0.0000,0
2026-05-05,15:16:11,141682,1,0.0000,0.0017,-0.0018,0.0538,-0.0149,0,12.5202,0,0,13.7320,-7.8577,23.6589,537.4130,165.1557,0.000,0.000,0.000,0.0000,0.0000,0
2026-05-05,15:16:11,141717,1,0.0000,-0.0127,-0.0008,0.0247,-0.0149,0,12.5202,0,0,13.8207,1.3206,37.6673,479.1940,166.0204,0.000,0.000,0.000,0.0000,0.0000,0
2026-05-05,15:16:11,141752,1,0.0000,-0.0438,0.0019,0.0552,-0.0148,0,12.5202,0,0,12.7379,-50.4175,48.8410,398.1208,166.3919,0.000,0.032,0.000,0.0000,0.0000,0
2026-05-05,15:16:12,141788,1,0.0000,0.0015,0.0109,0.3214,-0.0141,0,12.5202,0,0,0.4198,-367.4359,55.3117,269.0377,166.6060,0.000,0.096,0.000,0.0000,0.0000,0
2026-05-05,15:16:12,141824,1,0.0000,-0.1406,0.0268,0.7870,-0.0138,0,12.5202,0,0,-16.0339,-391.0627,57.2812,145.7838,141.2646,0.000,0.160,0.000,0.0000,0.0000,0
2026-05-05,15:16:12,141859,1,0.0000,0.0304,0.0345,1.0140,-0.0129,0,12.5202,0,0,-18.4404,37.9832,59.6196,98.4287,116.6234,0.064,0.224,0.000,0.0000,0.0000,0
2026-05-05,15:16:12,141895,1,0.0000,0.0537,0.0170,0.4993,-0.0138,0,12.5202,0,0,0.5595,539.9206,60.5932,41.0197,113.2636,0.056,0.288,0.000,0.0000,0.0000,0
2026-05-05,15:16:12,141930,1,0.0000,-0.0164,0.0204,0.5985,-0.0137,0,12.5202,0,0,16.1037,421.7905,58.5073,-35.0683,120.2939,0.024,0.352,0.000,0.0000,0.0000,0
2026-05-05,15:16:12,141966,1,0.0000,0.0045,0.0184,0.5406,-0.0138,0,12.5202,0,0,21.0649,118.8753,55.6591,-71.3309,127.7638,0.000,0.416,0.000,0.0000,0.0000,0
2026-05-05,15:16:12,142001,1,0.0000,0.0590,0.0111,0.3272,-0.0140,0,12.5202,0,0,22.1074,54.1772,53.2109,-73.1582,134.2100,0.000,0.432,0.000,0.0000,0.0000,0
2026-05-05,15:16:12,142036,1,0.0000,0.0118,0.0108,0.3171,-0.0143,0,12.5202,0,0,24.5259,77.7260,51.6046,-57.4188,139.1741,0.000,0.400,0.000,0.0000,0.0000,0
2026-05-05,15:16:12,142072,1,0.0000,0.0258,0.0074,0.2170,-0.0143,0,12.5202,0,0,26.4784,59.5480,50.4046,-44.7706,143.5848,0.000,0.368,0.000,0.0000,0.0000,0
2026-05-05,15:16:12,142107,1,0.0000,-0.0157,0.0097,0.2841,-0.0143,0,12.5202,0,0,27.7751,34.5843,49.5701,-32.2080,148.2088,0.000,0.336,0.000,0.0000,0.0000,0
2026-05-05,15:16:12,142142,1,0.0000,0.0010,0.0088,0.2586,-0.0143,0,12.5202,0,0,28.5150,27.4311,48.7941,-25.8243,151.9699,0.000,0.304,0.000,0.0000,0.0000,0
2026-05-05,15:16:12,142177,1,0.0000,0.0006,0.0091,0.2690,-0.0144,0,12.5202,0,0,29.6875,37.3058,48.2306,-18.7397,154.4815,0.000,0.272,0.000,0.0000,0.0000,0
2026-05-05,15:16:12,142212,1,0.0000,-0.0060,0.0094,0.2778,-0.0143,0,12.5202,0,0,30.4091,21.5808,47.8326,-13.2785,156.5614,0.000,0.240,0.000,0.0000,0.0000,0
2026-05-05,15:16:12,142247,1,0.0000,-0.0029,0.0084,0.2466,-0.0143,0,12.5202,0,0,30.9895,17.9541,47.0294,-18.5842,158.1727,0.000,0.208,0.000,0.0000,0.0000,0
2026-05-05,15:16:12,142285,1,0.0000,-0.0074,0.0101,0.2985,-0.0143,0,12.5202,0,0,31.2616,9.1675,45.1229,-27.6989,157.5772,0.000,0.184,0.000,0.0000,0.0000,0
2026-05-05,15:16:12,142321,1,0.0000,-0.0663,0.0194,0.5719,-0.0140,0,12.5202,0,0,30.2082,-38.8367,42.5765,-53.4834,155.8183,0.000,0.152,0.000,0.0000,0.0000,0
2026-05-05,15:16:12,142356,1,0.0000,-0.1709,0.0425,1.2514,-0.0129,0,12.5202,0,0,27.7166,-56.0181,37.6225,-103.0330,151.5186,0.048,0.120,0.000,0.0000,0.0000,0
2026-05-05,15:16:12,142391,1,0.0000,-0.0765,0.0577,1.6971,-0.0119,0,12.5202,0,0,29.9979,75.4382,36.9456,-25.2763,103.5673,0.088,0.088,0.000,0.0000,0.0000,0
2026-05-05,15:16:12,142426,1,0.0000,-0.0159,0.0586,1.7238,-0.0118,0,12.5202,0,0,33.9948,96.9960,42.2576,98.0082,70.2622,0.056,0.056,0.000,0.0000,0.0000,0
2026-05-05,15:16:12,142461,1,0.0000,-0.0242,0.0612,1.8008,-0.0116,0,12.5202,0,0,31.9381,-79.5014,46.0071,105.1438,86.3241,0.024,0.024,0.000,0.0000,0.0000,0
2026-05-05,15:16:12,142496,1,0.0000,-0.0189,0.0656,1.9297,-0.0114,0,12.5202,0,0,26.8205,-134.9444,48.2104,83.4964,92.9171,0.064,0.000,0.000,0.0000,0.0000,0
2026-05-05,15:16:12,142531,1,0.0000,0.0049,0.0665,1.9557,-0.0113,0,12.5202,0,0,26.6070,13.0822,51.3085,92.0625,55.6934,0.128,0.000,0.000,0.0000,0.0000,0
2026-05-05,15:16:12,142566,1,0.0000,0.0135,0.0637,1.8747,-0.0113,0,12.5202,0,0,28.9447,67.9896,55.3133,105.8194,24.9039,0.168,0.000,0.000,0.0000,0.0000,0
2026-05-05,15:16:12,142601,1,0.0000,0.0078,0.0640,1.8836,-0.0114,0,12.5202,0,0,30.2889,38.9027,59.3425,107.3376,12.3389,0.136,0.000,0.000,0.0000,0.0000,0
2026-05-05,15:16:12,142636,1,0.0000,-0.0039,0.0643,1.8926,-0.0113,0,12.5202,0,0,30.2659,1.6470,62.2573,81.5761,38.4632,0.104,0.000,0.000,0.0000,0.0000,0
2026-05-05,15:16:12,142671,1,0.0000,0.0142,0.0638,1.8757,-0.0114,0,12.5202,0,0,30.4610,11.3729,62.3500,17.3222,57.8034,0.072,0.000,0.000,0.0000,0.0000,0
2026-05-05,15:16:12,142706,1,0.0000,0.0411,0.0562,1.6530,-0.0117,0,12.5202,0,0,32.1173,52.2150,59.7951,-50.0135,73.9056,0.040,0.000,0.000,0.0000,0.0000,0
2026-05-05,15:16:12,142741,1,0.0000,0.0866,0.0457,1.3435,-0.0121,0,12.5202,0,0,33.4660,36.0634,57.2325,-69.0031,89.1052,0.008,0.000,0.000,0.0000,0.0000,0
2026-05-05,15:16:12,142776,1,0.0000,0.1515,0.0252,0.7406,-0.0130,0,12.5202,0,0,33.9851,17.4436,55.5747,-59.3000,102.0282,0.000,0.000,0.000,0.0000,0.0000,0
2026-05-05,15:16:13,142811,1,0.0000,0.0806,0.0113,0.3328,-0.0140,0,12.5202,0,0,35.5854,54.9900,53.9728,-56.5662,111.4191,0.000,0.000,0.000,0.0000,0.0000,0
2026-05-05,15:16:13,142846,1,0.0000,0.0236,0.0116,0.3417,-0.0142,0,12.5202,0,0,38.7461,87.0469,51.9396,-61.6348,120.2202,0.000,0.000,0.000,0.0000,0.0000,0
2026-05-05,15:16:13,142881,1,0.0000,0.0084,0.0108,0.3179,-0.0142,0,12.5202,0,0,40.1752,24.6646,50.9447,-41.6125,127.8439,0.000,0.000,0.000,0.0000,0.0000,0
2026-05-05,15:16:13,142917,1,0.0000,0.0010,0.0107,0.3147,-0.0142,0,12.5202,0,0,38.6539,-59.4020,50.5414,-22.1318,134.2599,0.000,0.000,0.000,0.0000,0.0000,0
2026-05-05,15:16:13,142952,1,0.0000,0.0105,0.0101,0.2962,-0.0142,0,12.5202,0,0,36.3884,-62.1333,50.6701,-3.8364,139.8051,0.000,0.000,0.000,0.0000,0.0000,0
2026-05-05,15:16:13,142987,1,0.0000,-0.0118,0.0125,0.3676,-0.0142,0,12.5202,0,0,35.0615,-44.6111,51.1661,9.2034,144.4699,0.000,0.000,0.000,0.0000,0.0000,0
2026-05-05,15:16:13,143022,1,0.0000,-0.0072,0.0128,0.3754,-0.0141,0,12.5202,0,0,32.7833,-71.9863,51.6829,13.9345,148.3530,0.000,0.000,0.000,0.0000,0.0000,0
2026-05-05,15:16:13,143057,1,0.0000,-0.0203,0.0152,0.4471,-0.0140,0,12.5202,0,0,29.5662,-96.1233,51.6700,4.4972,151.8583,0.000,0.000,0.000,0.0000,0.0000,0
2026-05-05,15:16:13,143092,1,0.0000,-0.0398,0.0218,0.6405,-0.0138,0,12.5202,0,0,24.8072,-130.0024,50.7789,-17.0153,154.7071,0.000,0.000,0.000,0.0000,0.0000,0
