Date,Time,Timestamp_ms,Kite_ID,Commanded_Vel_rps,Actual_Vel_rps,Torque_Nm,Tension_N,Line_Length_m,Target_Enabled,Target_Length_m,Remote_Joy,Remote_Active,Pitch_deg,Pitch_Vel_dps,Yaw_deg,Yaw_Vel_dps,Roll_deg,Dive_Conf,AWW_Conf,AF_Conf,Kite_Pitch_deg,Kite_Roll_deg,Kite_IMU_Battery
2026-05-05,15:16:48,0,1,-7.7760,-2.3472,0.0689,2.0269,1.2508,0,12.5202,-972,1,14.1387,2.1505,89.1142,-1.3527,171.7713,0.976,0.000,0.528,0.0000,0.0000,0
2026-05-05,15:16:48,1,1,-7.7760,-2.3951,0.0684,2.0115,1.2667,0,12.5202,-972,1,14.0451,-0.5973,89.2128,0.0146,171.6167,0.952,0.000,0.552,0.0000,0.0000,0
2026-05-05,15:16:48,1,1,-7.7760,-2.2849,0.0700,2.0574,1.2822,0,12.5202,-972,1,14.1202,1.1026,89.3204,1.0843,171.5188,0.928,0.000,0.576,0.0000,0.0000,0
2026-05-05,15:16:48,2,1,-7.7760,-2.0918,0.0659,1.9382,1.3011,0,12.5202,-972,1,14.0981,-0.5785,89.5526,2.8234,171.5654,0.896,0.000,0.590,0.0000,0.0000,0
2026-05-05,15:16:48,2,1,-7.7760,-1.8943,0.0879,2.5861,1.3151,0,12.5202,-972,1,14.2360,2.4495,89.6593,2.9468,171.5655,0.872,0.000,0.597,0.0000,0.0000,0
2026-05-05,15:16:48,3,1,-7.7760,-1.8608,0.0741,2.1782,1.3275,0,12.5202,-972,1,14.2291,0.4460,89.7128,2.4738,171.5206,0.848,0.000,0.594,0.0000,0.0000,0
2026-05-05,15:16:48,4,1,-7.7760,-2.0288,0.0652,1.9172,1.3451,0,12.5202,-972,1,13.9562,-3.6753,89.8745,3.0401,171.4734,0.816,0.000,0.591,0.0000,0.0000,0
2026-05-05,15:16:48,5,1,-7.7760,-1.9358,0.0813,2.3921,1.3605,0,12.5202,-972,1,14.1002,1.1507,90.0133,3.3356,171.5837,0.792,0.000,0.589,0.0000,0.0000,0
2026-05-05,15:16:48,6,1,-7.7760,-1.9896,0.0722,2.1249,1.3731,0,12.5202,-972,1,14.1642,0.6725,90.2327,4.5075,171.5552,0.768,0.000,0.586,0.0000,0.0000,0
2026-05-05,15:16:48,7,1,-7.7760,-1.8966,0.0754,2.2190,1.3921,0,12.5202,-972,1,13.8478,-3.7596,90.3925,3.9399,171.4666,0.736,0.000,0.583,0.0000,0.0000,0
2026-05-05,15:16:48,8,1,-7.7760,-2.0080,0.0702,2.0661,1.4055,0,12.5202,-972,1,14.1318,2.9456,90.4007,2.8062,171.5204,0.712,0.000,0.581,0.0000,0.0000,0
2026-05-05,15:16:48,9,1,-7.7760,-1.5972,0.0731,2.1506,1.4228,0,12.5202,-972,1,13.9567,-1.6552,90.4142,1.7895,171.3645,0.680,0.000,0.578,0.0000,0.0000,0
2026-05-05,15:16:48,10,1,-7.7760,-1.8041,0.0688,2.0235,1.4343,0,12.5202,-972,1,13.8257,-2.9489,90.4266,1.3340,171.3407,0.656,0.000,0.575,0.0000,0.0000,0
2026-05-05,15:16:48,11,1,-7.7760,-1.8612,0.0512,1.5054,1.4469,0,12.5202,-972,1,13.7634,-2.4387,90.5035,1.6767,171.4130,0.632,0.000,0.573,0.0000,0.0000,0
2026-05-05,15:16:48,12,1,-7.7760,-1.6330,0.0626,1.8411,1.4585,0,12.5202,-972,1,13.9083,1.1400,90.6360,2.4237,171.3734,0.608,0.000,0.570,0.0000,0.0000,0
2026-05-05,15:16:48,12,1,-7.7760,-1.7415,0.0589,1.7322,1.4711,0,12.5202,-972,1,13.7660,-2.1231,90.8170,3.3996,171.2607,0.584,0.000,0.568,0.0000,0.0000,0
2026-05-05,15:16:48,13,1,-7.7760,-1.8577,0.0571,1.6798,1.4849,0,12.5202,-972,1,13.6426,-2.6542,90.9737,3.7895,171.2793,0.560,0.000,0.566,0.0000,0.0000,0
2026-05-05,15:16:48,13,1,-7.7760,-1.7838,0.0683,2.0086,1.4984,0,12.5202,-972,1,13.7044,0.1473,91.1164,3.9270,171.3940,0.536,0.000,0.563,0.0000,0.0000,0
2026-05-05,15:16:48,14,1,-7.7760,-1.3226,0.0731,2.1512,1.5132,0,12.5202,-972,1,13.6685,-0.8580,91.2943,4.0276,171.3359,0.504,0.000,0.560,0.0000,0.0000,0
2026-05-05,15:16:48,15,1,-7.7760,-1.4657,0.0644,1.8938,1.5222,0,12.5202,-972,1,13.5728,-2.2124,91.4790,4.5391,171.2251,0.480,0.000,0.558,0.0000,0.0000,0
2026-05-05,15:16:48,16,1,-7.7760,-1.5857,0.0409,1.2035,1.5360,0,12.5202,-972,1,13.4623,-1.7559,91.7243,4.8709,171.2670,0.448,0.000,0.554,0.0000,0.0000,0
2026-05-05,15:16:48,17,1,-7.7760,-1.0766,0.0603,1.7741,1.5452,0,12.5202,-972,1,13.6887,2.5730,91.8555,4.7334,171.3422,0.424,0.000,0.552,0.0000,0.0000,0
2026-05-05,15:16:48,18,1,-7.7760,-1.4812,0.0708,2.0838,1.5580,0,12.5202,-972,1,13.2460,-5.8683,92.1125,5.2115,171.1464,0.392,0.000,0.549,0.0000,0.0000,0
2026-05-05,15:16:48,19,1,-7.7760,-1.6802,0.0654,1.9248,1.5698,0,12.5202,-972,1,13.1944,-2.9822,92.2067,4.4071,171.2855,0.368,0.000,0.546,0.0000,0.0000,0
2026-05-05,15:16:48,19,1,-7.7760,-1.7028,0.0420,1.2343,1.5810,0,12.5202,-972,1,13.3530,1.6478,92.2660,3.5826,171.3165,0.344,0.000,0.544,0.0000,0.0000,0
2026-05-05,15:16:48,20,1,-7.7760,-1.0020,0.0586,1.7225,1.5897,0,12.5202,-972,1,13.3257,-0.9478,92.2688,2.4011,171.2009,0.320,0.000,0.542,0.0000,0.0000,0
2026-05-05,15:16:48,21,1,-7.7760,-1.3535,0.0584,1.7162,1.5981,0,12.5202,-972,1,12.8674,-8.0152,92.1501,0.4818,171.0616,0.296,0.000,0.539,0.0000,0.0000,0
2026-05-05,15:16:48,22,1,-7.7760,-1.2673,0.0296,0.8707,1.6077,0,12.5202,-972,1,12.9316,-1.6574,91.9751,-1.3842,171.2818,0.272,0.000,0.537,0.0000,0.0000,0
2026-05-05,15:16:48,22,1,-7.7760,-0.7792,0.0726,2.1350,1.6157,0,12.5202,-972,1,13.2517,3.9889,91.7880,-2.7193,171.3918,0.248,0.000,0.534,0.0000,0.0000,0
2026-05-05,15:16:48,23,1,-7.7760,-0.8641,0.0525,1.5437,1.6232,0,12.5202,-972,1,12.6342,-9.4589,91.6106,-3.2729,171.1003,0.216,0.000,0.531,0.0000,0.0000,0
2026-05-05,15:16:48,23,1,-7.7760,-1.1838,0.0633,1.8610,1.6310,0,12.5202,-972,1,12.5262,-5.2567,91.3803,-4.4224,171.1586,0.192,0.000,0.529,0.0000,0.0000,0
2026-05-05,15:16:48,24,1,-7.7760,-1.3304,0.0420,1.2348,1.6423,0,12.5202,-972,1,12.9802,4.6293,91.1346,-4.7973,171.4064,0.160,0.000,0.526,0.0000,0.0000,0
2026-05-05,15:16:48,25,1,-7.7760,-1.1822,0.0497,1.4623,1.6510,0,12.5202,-972,1,12.9181,0.5985,91.1104,-3.5133,171.2159,0.136,0.000,0.523,0.0000,0.0000,0
2026-05-05,15:16:48,27,1,-7.7760,-1.2657,0.0733,2.1573,1.6601,0,12.5202,-972,1,12.9910,2.0966,91.0295,-3.2321,171.0847,0.112,0.000,0.521,0.0000,0.0000,0
2026-05-05,15:16:48,27,1,-7.7760,-1.0327,0.0483,1.4220,1.6680,0,12.5202,-972,1,13.0207,1.1249,90.8001,-4.2835,171.1493,0.088,0.000,0.518,0.0000,0.0000,0
2026-05-05,15:16:48,28,1,-7.7760,-1.2367,0.0456,1.3425,1.6798,0,12.5202,-972,1,12.9455,0.3967,90.7185,-3.2378,171.3090,0.056,0.000,0.515,0.0000,0.0000,0
2026-05-05,15:16:48,29,1,-7.7760,-0.9287,0.0663,1.9512,1.6880,0,12.5202,-972,1,13.2196,4.9701,90.7789,-1.6615,171.3429,0.032,0.000,0.513,0.0000,0.0000,0
2026-05-05,15:16:48,29,1,-7.7760,-0.7557,0.0659,1.9389,1.6932,0,12.5202,-972,1,13.2899,2.1938,90.8151,-0.7048,171.1073,0.008,0.000,0.510,0.0000,0.0000,0
2026-05-05,15:16:48,30,1,-7.7760,-0.7903,0.0398,1.1720,1.6982,0,12.5202,-972,1,13.0233,-3.2717,90.8289,-0.3597,171.0201,0.000,0.000,0.508,0.0000,0.0000,0
2026-05-05,15:16:48,31,1,-7.7760,-1.1125,0.0449,1.3218,1.7054,0,12.5202,-972,1,13.1688,1.6284,90.7733,-0.7913,171.2892,0.000,0.000,0.506,0.0000,0.0000,0
2026-05-05,15:16:48,31,1,-7.7760,-1.0365,0.0218,0.6410,1.7136,0,12.5202,-972,1,13.4334,5.1705,90.7762,-0.3832,171.4548,0.000,0.000,0.503,0.0000,0.0000,0
2026-05-05,15:16:48,32,1,-7.7760,-0.4721,0.0667,1.9628,1.7192,0,12.5202,-972,1,13.4262,1.7835,90.8160,0.0930,171.1868,0.000,0.000,0.501,0.0000,0.0000,0
2026-05-05,15:16:48,33,1,-7.7760,-0.6662,0.0836,2.4601,1.7236,0,12.5202,-972,1,12.9826,-7.1455,90.7208,-0.8337,171.0219,0.000,0.000,0.498,0.0000,0.0000,0
2026-05-05,15:16:48,33,1,-7.7760,-0.6843,0.0466,1.3706,1.7290,0,12.5202,-972,1,12.8751,-2.7651,90.5071,-2.4511,171.3746,0.000,0.000,0.495,0.0000,0.0000,0
2026-05-05,15:16:48,34,1,-7.7760,-0.9877,0.0416,1.2237,1.7354,0,12.5202,-972,1,13.0670,2.0821,90.3998,-2.6030,171.5532,0.000,0.000,0.493,0.0000,0.0000,0
2026-05-05,15:16:48,35,1,-7.7760,-1.0584,0.0331,0.9741,1.7434,0,12.5202,-972,1,13.3956,6.6726,90.2392,-3.3342,171.3857,0.000,0.000,0.490,0.0000,0.0000,0
2026-05-05,15:16:48,36,1,-7.7760,-0.8820,0.0562,1.6539,1.7506,0,12.5202,-972,1,13.5833,5.6804,90.0201,-4.3840,171.0814,0.000,0.000,0.488,0.0000,0.0000,0
2026-05-05,15:16:48,38,1,-7.7760,-0.9406,0.0604,1.7774,1.7575,0,12.5202,-972,1,13.4765,0.4595,89.7683,-5.4428,171.0029,0.000,0.000,0.486,0.0000,0.0000,0
2026-05-05,15:16:48,39,1,-7.7760,-1.2446,0.0684,2.0106,1.7655,0,12.5202,-972,1,13.3010,-2.7602,89.5432,-5.7752,171.2132,0.000,0.000,0.483,0.0000,0.0000,0
2026-05-05,15:16:48,40,1,-7.7760,-1.3530,0.0580,1.7073,1.7775,0,12.5202,-972,1,13.2138,-2.7283,89.4760,-4.0634,171.5083,0.000,0.000,0.480,0.0000,0.0000,0
2026-05-05,15:16:48,41,1,-7.7760,-1.5390,0.0550,1.6184,1.7882,0,12.5202,-972,1,13.1524,-1.6277,89.4429,-3.0858,171.4216,0.000,0.000,0.478,0.0000,0.0000,0
2026-05-05,15:16:48,42,1,-7.7760,-1.4470,0.0673,1.9792,1.8031,0,12.5202,-972,1,13.5817,6.7450,89.3537,-2.7003,171.2230,0.000,0.000,0.474,0.0000,0.0000,0
2026-05-05,15:16:48,70,1,-7.7760,-1.7393,0.0747,2.1974,1.8141,0,12.5202,-972,1,13.5807,2.6761,89.2312,-3.0495,171.1226,0.000,0.000,0.472,0.0000,0.0000,0
2026-05-05,15:16:48,71,1,-7.7760,-1.7825,0.0603,1.7740,1.8265,0,12.5202,-972,1,13.5304,0.1752,89.0471,-3.7954,171.2413,0.000,0.000,0.470,0.0000,0.0000,0
2026-05-05,15:16:48,71,1,-7.7760,-1.9764,0.0667,1.9615,1.8409,0,12.5202,-972,1,13.7125,3.1687,88.8606,-4.3533,171.4353,0.000,0.000,0.467,0.0000,0.0000,0
2026-05-05,15:16:48,72,1,-7.7760,-2.1968,0.0620,1.8221,1.8600,0,12.5202,-972,1,13.8196,2.8295,88.6435,-4.6152,171.3655,0.000,0.000,0.464,0.0000,0.0000,0
2026-05-05,15:16:48,72,1,-7.7760,-1.9671,0.0687,2.0219,1.8738,0,12.5202,-972,1,13.8408,1.1620,88.5424,-4.0966,171.2241,0.000,0.000,0.462,0.0000,0.0000,0
2026-05-05,15:16:48,73,1,-7.7760,-1.9925,0.0758,2.2288,1.8923,0,12.5202,-972,1,13.9197,2.9324,88.4120,-3.6801,171.2285,0.000,0.000,0.458,0.0000,0.0000,0
2026-05-05,15:16:48,74,1,-7.7760,-1.9159,0.0697,2.0503,1.9053,0,12.5202,-972,1,14.0200,2.8355,88.2073,-4.4299,171.3196,0.000,0.000,0.456,0.0000,0.0000,0
2026-05-05,15:16:48,75,1,-7.7760,-1.9764,0.0579,1.7038,1.9187,0,12.5202,-972,1,13.9595,-0.1720,88.1173,-3.8071,171.3472,0.000,0.000,0.454,0.0000,0.0000,0
2026-05-05,15:16:48,76,1,-7.7760,-2.0026,0.0709,2.0840,1.9366,0,12.5202,-972,1,14.0575,1.0146,88.1101,-2.3554,171.3022,0.000,0.000,0.450,0.0000,0.0000,0
2026-05-05,15:16:48,77,1,-7.7760,-2.1205,0.0566,1.6655,1.9515,0,12.5202,-972,1,14.1427,1.6565,88.1623,-1.1438,171.2252,0.000,0.000,0.448,0.0000,0.0000,0
2026-05-05,15:16:48,78,1,-7.7760,-1.9574,0.0667,1.9610,1.9684,0,12.5202,-972,1,14.4160,4.5106,88.0980,-1.3617,171.2018,0.000,0.000,0.445,0.0000,0.0000,0
2026-05-05,15:16:48,78,1,-7.7760,-2.0468,0.0591,1.7369,1.9872,0,12.5202,-972,1,14.3697,0.4879,88.0036,-1.6605,171.2198,0.000,0.000,0.442,0.0000,0.0000,0
2026-05-05,15:16:48,79,1,-7.7760,-0.8123,0.0970,2.8523,2.2356,0,12.5202,-972,1,6.5128,-18.5898,91.9871,-78.7428,119.4479,0.328,0.000,0.794,0.0000,0.0000,0
2026-05-05,15:16:48,79,1,-7.7760,-1.0191,0.0739,2.1743,2.2412,0,12.5202,-972,1,7.5623,19.6274,90.2719,-80.2711,122.4532,0.360,0.000,0.810,0.0000,0.0000,0
2026-05-05,15:16:48,101,1,-7.7760,-1.3775,0.0455,1.3392,2.2510,0,12.5202,-972,1,10.8627,86.8930,86.1015,-117.0082,128.8112,0.352,0.000,0.842,0.0000,0.0000,0
2026-05-05,15:16:48,137,1,-7.7760,-1.1338,0.0704,2.0710,2.2604,0,12.5202,-972,1,10.9891,3.0160,81.0088,-145.5173,135.0497,0.320,0.000,0.874,0.0000,0.0000,0
2026-05-05,15:16:48,173,1,-7.7760,-1.3719,0.0443,1.3020,2.2693,0,12.5202,-972,1,11.5538,35.4639,75.9027,-152.9929,139.8058,0.288,0.000,0.906,0.0000,0.0000,0
2026-05-05,15:16:48,208,1,-7.7760,-1.0472,0.0194,0.5706,2.2781,0,12.5202,-972,1,14.7110,102.1729,71.6325,-137.1503,143.9326,0.256,0.000,0.938,0.0000,0.0000,0
2026-05-05,15:16:48,244,1,-7.7760,-0.0916,0.0251,0.7386,2.2813,0,12.5202,-972,1,16.8562,55.5577,68.5490,-110.2644,147.4427,0.224,0.000,0.970,0.0000,0.0000,0
2026-05-05,15:16:48,280,1,-7.7760,-0.7096,0.0529,1.5551,2.2852,0,12.5202,-972,1,16.2723,-9.6916,66.0990,-86.2619,150.6509,0.192,0.000,1.000,0.0000,0.0000,0
2026-05-05,15:16:48,316,1,-7.7760,-0.9427,0.0747,2.1963,2.2918,0,12.5202,-972,1,15.7823,-11.8085,63.4833,-81.6888,153.2962,0.160,0.000,1.000,0.0000,0.0000,0
2026-05-05,15:16:48,353,1,-7.7760,-1.3586,0.1158,3.4067,2.3010,0,12.5202,-972,1,14.8922,7.5745,60.8161,-80.1330,156.5535,0.128,0.000,1.000,0.0000,0.0000,0
2026-05-05,15:16:48,388,1,-7.7760,-1.3257,0.1239,3.6433,2.3114,0,12.5202,-972,1,17.2384,64.3286,58.5358,-75.6543,158.2087,0.096,0.000,1.000,0.0000,0.0000,0
2026-05-05,15:16:48,423,1,-7.7760,-1.5303,0.1261,3.7082,2.3227,0,12.5202,-972,1,17.9021,19.1305,55.7549,-84.9124,159.8811,0.064,0.000,1.000,0.0000,0.0000,0
2026-05-05,15:16:48,459,1,-7.7760,-1.6700,0.0912,2.6828,2.3348,0,12.5202,-972,1,19.1671,65.6787,52.6559,-92.4925,161.4380,0.032,0.000,1.000,0.0000,0.0000,0
2026-05-05,15:16:48,495,1,-7.7760,-1.8562,0.0654,1.9240,2.3476,0,12.5202,-972,1,22.2316,95.1127,49.9076,-88.0871,162.5822,0.000,0.000,1.000,0.0000,0.0000,0
2026-05-05,15:16:48,534,1,-7.7760,-2.1363,0.0665,1.9559,2.3632,0,12.5202,-972,1,22.9151,54.0363,48.4215,-74.9524,162.9665,0.000,0.000,1.000,0.0000,0.0000,0
2026-05-05,15:16:48,569,1,-7.7760,-1.7991,0.1052,3.0948,2.3768,0,12.5202,-972,1,21.8351,-28.1162,45.8717,-76.2933,163.5366,0.000,0.000,1.000,0.0000,0.0000,0
2026-05-05,15:16:48,604,1,-7.7760,-1.9265,0.1093,3.2143,2.3912,0,12.5202,-972,1,22.6506,51.5908,43.7196,-69.2639,163.5708,0.000,0.000,1.000,0.0000,0.0000,0
2026-05-05,15:16:48,639,1,-7.7760,-2.0363,0.0965,2.8371,2.4065,0,12.5202,-972,1,25.6883,90.9899,41.2100,-73.5125,163.1152,0.000,0.000,1.000,0.0000,0.0000,0
2026-05-05,15:16:48,674,1,-7.7760,-2.3460,0.0903,2.6545,2.4233,0,12.5202,-972,1,27.7646,64.7912,38.8274,-70.7213,163.3783,0.000,0.000,1.000,0.0000,0.0000,0
2026-05-05,15:16:48,710,1,-7.7760,-2.4838,0.0783,2.3021,2.4415,0,12.5202,-972,1,29.1110,53.3229,37.3797,-49.3307,164.1181,0.000,0.000,1.000,0.0000,0.0000,0
2026-05-05,15:16:48,745,1,-7.7760,-2.1976,0.0628,1.8484,2.4574,0,12.5202,-972,1,30.5219,48.0763,36.5744,-31.0735,164.8444,0.000,0.000,1.000,0.0000,0.0000,0
2026-05-05,15:16:48,781,1,-7.7760,-2.0361,0.0751,2.2093,2.4732,0,12.5202,-972,1,31.6250,39.3263,35.8317,-23.4262,164.9013,0.000,0.000,1.000,0.0000,0.0000,0
2026-05-05,15:16:49,816,1,-7.7760,-2.3859,0.0897,2.6375,2.4891,0,12.5202,-972,1,32.0859,20.6812,34.8480,-25.3600,164.4753,0.000,0.000,1.000,0.0000,0.0000,0
2026-05-05,15:16:49,851,1,-7.7760,-2.4770,0.0982,2.8881,2.5072,0,12.5202,-972,1,33.1532,44.7217,33.8670,-25.7364,164.5281,0.000,0.000,1.000,0.0000,0.0000,0
2026-05-05,15:16:49,887,1,-7.7760,-2.6183,0.0996,2.9285,2.5270,0,12.5202,-972,1,35.2904,69.8274,33.1928,-18.5936,164.8937,0.000,0.000,1.000,0.0000,0.0000,0
2026-05-05,15:16:49,922,1,-7.7760,-2.8170,0.0859,2.5253,2.5475,0,12.5202,-972,1,37.0038,54.4913,33.0422,-6.6956,165.2135,0.000,0.000,1.000,0.0000,0.0000,0
2026-05-05,15:16:49,957,1,-7.7760,-2.6545,0.0983,2.8920,2.5687,0,12.5202,-972,1,38.7819,59.8346,33.0740,0.6513,165.7089,0.000,0.000,1.000,0.0000,0.0000,0
2026-05-05,15:16:49,994,1,-7.7760,-2.4695,0.0621,1.8254,2.5882,0,12.5202,-972,1,40.2134,46.3062,33.1097,3.4526,166.3279,0.000,0.000,1.000,0.0000,0.0000,0
2026-05-05,15:16:49,1029,1,-7.7760,-2.0546,0.0616,1.8109,2.6049,0,12.5202,-972,1,41.3220,38.5699,33.2996,6.3493,166.7142,0.000,0.000,1.000,0.0000,0.0000,0
2026-05-05,15:16:49,1065,1,-7.7760,-2.2623,0.0889,2.6151,2.6218,0,12.5202,-972,1,41.5756,10.1739,33.3049,3.8188,166.4572,0.000,0.000,1.000,0.0000,0.0000,0
2026-05-05,15:16:49,1101,1,-7.7760,-2.4812,0.0931,2.7393,2.6402,0,12.5202,-972,1,41.8350,31.0351,33.1382,1.2062,166.5191,0.000,0.000,1.000,0.0000,0.0000,0
2026-05-05,15:16:49,1136,1,-7.7760,-2.6656,0.1049,3.0847,2.6599,0,12.5202,-972,1,43.3793,38.4252,33.5293,10.3903,167.5721,0.000,0.000,1.000,0.0000,0.0000,0
2026-05-05,15:16:49,1172,1,-7.7760,-2.7370,0.0780,2.2940,2.6806,0,12.5202,-972,1,44.6052,37.9895,34.1704,17.0904,136.3236,0.000,0.000,1.000,0.0000,0.0000,0
2026-05-05,15:16:49,1207,1,-7.7760,-2.5564,0.0790,2.3235,2.7009,0,12.5202,-972,1,45.7629,40.8452,34.5367,12.9837,142.2286,0.000,0.000,1.000,0.0000,0.0000,0
2026-05-05,15:16:49,1243,1,-7.7760,-2.5431,0.0963,2.8323,2.7208,0,12.5202,-972,1,46.9359,37.4986,34.7157,8.2129,146.6692,0.000,0.000,1.000,0.0000,0.0000,0
2026-05-05,15:16:49,1279,1,-7.7760,-2.4490,0.0629,1.8509,2.7396,0,12.5202,-972,1,47.5659,17.3863,34.9320,7.2683,150.0647,0.000,0.000,1.000,0.0000,0.0000,0
2026-05-05,15:16:49,1315,1,-7.7760,-2.2031,0.0811,2.3856,2.7575,0,12.5202,-972,1,48.1322,16.1436,35.1520,7.1087,119.8635,0.000,0.000,1.000,0.0000,0.0000,0
2026-05-05,15:16:49,1351,1,-7.7760,-2.5585,0.0996,2.9282,2.7762,0,12.5202,-972,1,48.4326,8.8437,35.9010,16.5942,103.8126,0.000,0.000,1.000,0.0000,0.0000,0
2026-05-05,15:16:49,1387,1,-7.7760,-2.6041,0.0750,2.2058,2.7955,0,12.5202,-972,1,48.9253,19.8915,36.6846,18.4102,115.2896,0.000,0.000,1.000,0.0000,0.0000,0
2026-05-05,15:16:49,1422,1,-7.7760,-1.8354,0.0596,1.7515,2.8128,0,12.5202,-972,1,50.3075,38.1032,36.8972,7.9313,123.7574,0.000,0.000,1.000,0.0000,0.0000,0
2026-05-05,15:16:49,1460,1,-7.7760,-1.2898,0.0565,1.6607,2.8264,0,12.5202,-972,1,51.2465,25.7932,36.8616,1.6432,127.5265,0.000,0.000,1.000,0.0000,0.0000,0
2026-05-05,15:16:49,1496,1,-7.7760,-0.8638,0.0553,1.6266,2.8351,0,12.5202,-972,1,51.4484,1.5496,36.8003,-0.0518,134.7109,0.000,0.000,1.000,0.0000,0.0000,0
2026-05-05,15:16:49,1531,1,-7.7760,-1.0841,0.0559,1.6449,2.8425,0,12.5202,-972,1,50.7457,-24.3842,37.5757,14.4339,108.0673,0.000,0.000,1.000,0.0000,0.0000,0
2026-05-05,15:16:49,1566,1,-7.7760,-1.5586,0.0870,2.5602,2.8531,0,12.5202,-972,1,49.9961,-19.4954,38.5737,20.4348,107.4125,0.048,0.000,1.000,0.0000,0.0000,0
2026-05-05,15:16:49,1602,1,-7.7760,-1.6149,0.0783,2.3026,2.8646,0,12.5202,-972,1,49.8563,-3.0826,38.5589,0.5683,116.8495,0.112,0.000,1.000,0.0000,0.0000,0
2026-05-05,15:16:49,1637,1,-7.7760,-1.7183,0.0626,1.8424,2.8774,0,12.5202,-972,1,50.5188,18.5283,37.3191,-25.7405,124.3088,0.128,0.000,1.000,0.0000,0.0000,0
2026-05-05,15:16:49,1673,1,-7.7760,-1.7958,0.0574,1.6868,2.8918,0,12.5202,-972,1,51.3399,22.0285,36.3949,-27.7232,130.9885,0.096,0.000,1.000,0.0000,0.0000,0
2026-05-05,15:16:49,1709,1,-7.7760,-1.6273,0.0460,1.3533,2.9047,0,12.5202,-972,1,51.2507,-10.1351,35.7860,-22.4679,137.0297,0.064,0.000,1.000,0.0000,0.0000,0
2026-05-05,15:16:49,1744,1,-7.7760,-1.1014,0.0534,1.5707,2.9154,0,12.5202,-972,1,51.0042,-7.5264,35.3903,-16.0057,142.3462,0.032,0.000,1.000,0.0000,0.0000,0
2026-05-05,15:16:49,1780,1,-7.7840,-0.4587,0.0627,1.8447,2.9220,0,12.5202,-973,1,51.6364,14.5900,35.2610,-8.4913,146.9482,0.000,0.000,1.000,0.0000,0.0000,0
2026-05-05,15:16:50,1816,1,-7.7760,-0.3080,0.0339,0.9978,2.9231,0,12.5202,-972,1,51.2612,-21.5647,35.2447,-3.5929,150.5143,0.000,0.000,1.000,0.0000,0.0000,0
2026-05-05,15:16:50,1851,1,-7.7760,-0.2852,0.0441,1.2965,2.9249,0,12.5202,-972,1,49.6252,-51.2491,35.8311,12.0198,154.1786,0.064,0.000,1.000,0.0000,0.0000,0
2026-05-05,15:16:50,1888,1,-7.7760,-0.7025,0.0780,2.2942,2.9296,0,12.5202,-972,1,47.7903,-56.1728,37.1256,28.1732,158.3365,0.128,0.000,1.000,0.0000,0.0000,0
2026-05-05,15:16:50,1923,1,-7.7760,-0.7397,0.0706,2.0766,2.9349,0,12.5202,-972,1,46.6457,-31.0831,38.3814,30.2154,161.1282,0.192,0.000,1.000,0.0000,0.0000,0
2026-05-05,15:16:50,1958,1,-7.7760,-0.9467,0.0683,2.0096,2.9418,0,12.5202,-972,1,46.3947,-8.6965,38.0846,2.4232,161.6194,0.256,0.000,1.000,0.0000,0.0000,0
2026-05-05,15:16:50,1993,1,-7.7760,-0.9824,0.0334,0.9820,2.9493,0,12.5202,-972,1,46.7820,7.1317,37.6207,-9.1031,162.7610,0.320,0.000,1.000,0.0000,0.0000,0
2026-05-05,15:16:50,2029,1,-7.7760,-0.6498,0.0556,1.6351,2.9562,0,12.5202,-972,1,46.6669,-7.2938,36.9306,-17.0196,163.6318,0.384,0.000,1.000,0.0000,0.0000,0
2026-05-05,15:16:50,2064,1,-7.7760,-0.8363,0.0454,1.3347,2.9620,0,12.5202,-972,1,45.7213,-32.9682,36.4907,-14.2636,164.5173,0.448,0.000,1.000,0.0000,0.0000,0
2026-05-05,15:16:50,2100,1,-7.7760,-0.6278,0.0594,1.7464,2.9679,0,12.5202,-972,1,45.2082,-11.7314,36.2999,-8.3843,165.1903,0.488,0.000,1.000,0.0000,0.0000,0
2026-05-05,15:16:50,2136,1,-7.7760,-0.6680,0.0516,1.5166,2.9719,0,12.5202,-972,1,45.3707,1.6059,35.9972,-8.4341,165.7462,0.552,0.000,1.000,0.0000,0.0000,0
2026-05-05,15:16:50,2171,1,-7.7760,-0.7213,0.0417,1.2259,2.9778,0,12.5202,-972,1,44.7617,-22.3040,35.9572,-2.2288,166.4930,0.616,0.000,1.000,0.0000,0.0000,0
2026-05-05,15:16:50,2207,1,-7.7760,-1.0329,0.0607,1.7854,2.9850,0,12.5202,-972,1,44.2875,-11.5073,36.2458,5.0471,167.1086,0.680,0.000,1.000,0.0000,0.0000,0
2026-05-05,15:16:50,2242,1,-7.7760,-1.0307,0.0529,1.5563,2.9927,0,12.5202,-972,1,44.3768,-0.0588,36.4644,6.6882,167.4609,0.744,0.000,1.000,0.0000,0.0000,0
2026-05-05,15:16:50,2277,1,-7.7760,-0.9173,0.0707,2.0789,3.0002,0,12.5202,-972,1,44.3663,-1.8632,36.6796,7.4386,167.6200,0.808,0.000,1.000,0.0000,0.0000,0
2026-05-05,15:16:50,2313,1,-7.7840,-0.8627,0.0591,1.7387,3.0065,0,12.5202,-973,1,44.0950,-11.2816,36.7778,5.3110,167.9245,0.824,0.000,1.000,0.0000,0.0000,0
2026-05-05,15:16:50,2349,1,-7.7840,-1.0140,0.0361,1.0617,3.0132,0,12.5202,-973,1,43.8452,-6.0423,36.9296,6.6328,168.1597,0.888,0.000,1.000,0.0000,0.0000,0
2026-05-05,15:16:50,2383,1,-7.7840,-1.1299,0.0639,1.8799,3.0211,0,12.5202,-973,1,43.9852,-1.4174,36.8723,4.2161,168.1889,0.936,0.000,1.000,0.0000,0.0000,0
2026-05-05,15:16:50,2419,1,-7.7760,-1.2317,0.0540,1.5892,3.0296,0,12.5202,-972,1,43.3392,-23.6401,37.5473,16.0453,168.6542,1.000,0.000,1.000,0.0000,0.0000,0
2026-05-05,15:16:50,2454,1,-7.7760,-1.3957,0.0454,1.3339,3.0397,0,12.5202,-972,1,42.8302,-10.7896,38.3069,21.3685,168.8866,1.000,0.000,1.000,0.0000,0.0000,0
2026-05-05,15:16:50,2489,1,-7.7760,-1.0974,0.0607,1.7841,3.0493,0,12.5202,-972,1,43.1345,6.9563,38.9570,20.5938,169.1369,0.992,0.000,1.000,0.0000,0.0000,0
2026-05-05,15:16:50,2525,1,-7.7760,-1.1973,0.0444,1.3064,3.0581,0,12.5202,-972,1,42.7306,-18.8355,38.9454,6.9755,168.8123,0.984,0.000,1.000,0.0000,0.0000,0
2026-05-05,15:16:50,2560,1,-7.7760,-1.4398,0.0565,1.6623,3.0685,0,12.5202,-972,1,42.5762,-1.2865,38.8996,3.0784,168.9003,1.000,0.000,1.000,0.0000,0.0000,0
2026-05-05,15:16:50,2595,1,-7.7760,-1.7179,0.0659,1.9395,3.0800,0,12.5202,-972,1,42.6595,2.8378,38.9032,1.4841,169.4898,0.984,0.000,1.000,0.0000,0.0000,0
2026-05-05,15:16:50,2631,1,-7.7760,-1.7217,0.0485,1.4272,3.0929,0,12.5202,-972,1,42.3082,-11.9912,38.9977,2.6422,169.8036,1.000,0.000,1.000,0.0000,0.0000,0
2026-05-05,15:16:50,2667,1,-7.7760,-1.4218,0.0498,1.4647,3.1044,0,12.5202,-972,1,42.2935,-3.2253,39.1202,3.1644,170.0568,0.992,0.000,1.000,0.0000,0.0000,0
2026-05-05,15:16:50,2703,1,-7.7760,-1.4973,0.0494,1.4540,3.1163,0,12.5202,-972,1,42.2321,-0.5372,39.3300,5.8169,170.2203,0.984,0.000,1.000,0.0000,0.0000,0
2026-05-05,15:16:50,2739,1,-7.7760,-1.0874,0.0722,2.1240,3.1267,0,12.5202,-972,1,42.4537,1.9903,39.6856,9.3626,170.2925,0.952,0.000,1.000,0.0000,0.0000,0
2026-05-05,15:16:50,2775,1,-7.7760,-1.0668,0.0402,1.1816,3.1345,0,12.5202,-972,1,41.9440,-16.1281,40.0084,10.2161,170.4330,0.944,0.000,1.000,0.0000,0.0000,0
2026-05-05,15:16:51,2810,1,-7.7760,-1.2004,0.0541,1.5900,3.1432,0,12.5202,-972,1,42.2346,8.9469,40.6394,16.7698,170.7144,0.984,0.000,1.000,0.0000,0.0000,0
2026-05-05,15:16:51,2845,1,-7.7760,-1.4388,0.0532,1.5635,3.1528,0,12.5202,-972,1,42.0394,-11.9560,41.3939,21.7367,170.8796,0.952,0.000,1.000,0.0000,0.0000,0
2026-05-05,15:16:51,2880,1,-7.7760,-1.4643,0.0571,1.6807,3.1640,0,12.5202,-972,1,41.0635,-31.2940,42.2506,25.3408,170.8227,1.000,0.000,1.000,0.0000,0.0000,0
2026-05-05,15:16:51,2915,1,-7.7760,-1.7933,0.0705,2.0736,3.1770,0,12.5202,-972,1,40.3989,-18.3833,43.0174,24.6577,170.9810,1.000,0.000,1.000,0.0000,0.0000,0
2026-05-05,15:16:51,2950,1,-7.7760,-1.9364,0.0637,1.8724,3.1906,0,12.5202,-972,1,40.4545,4.3597,43.8969,27.7084,171.3567,1.000,0.000,1.000,0.0000,0.0000,0
2026-05-05,15:16:51,2986,1,-7.7760,-1.5470,0.0838,2.4636,3.2035,0,12.5202,-972,1,40.9297,11.1074,44.7418,26.1045,171.4194,0.984,0.000,1.000,0.0000,0.0000,0
2026-05-05,15:16:51,3021,1,-7.7760,-1.4965,0.0552,1.6241,3.2139,0,12.5202,-972,1,40.4735,-20.9181,45.2732,18.8364,171.1996,0.952,0.000,1.000,0.0000,0.0000,0
2026-05-05,15:16:51,3056,1,-7.7760,-1.4561,0.0482,1.4173,3.2257,0,12.5202,-972,1,40.0196,-13.6353,45.3714,8.5783,171.0666,1.000,0.000,1.000,0.0000,0.0000,0
2026-05-05,15:16:51,3091,1,-7.7760,-1.2133,0.0623,1.8333,3.2363,0,12.5202,-972,1,40.1168,0.4476,45.6408,8.9890,171.3494,1.000,0.000,1.000,0.0000,0.0000,0
2026-05-05,15:16:51,3126,1,-7.7760,-0.7560,0.0585,1.7207,3.2440,0,12.5202,-972,1,39.8317,-10.1801,46.1089,12.3154,171.4609,1.000,0.000,1.000,0.0000,0.0000,0
2026-05-05,15:16:51,3162,1,-7.7760,-0.7883,0.0405,1.1911,3.2490,0,12.5202,-972,1,38.9958,-25.9350,46.3842,9.8181,171.1377,1.000,0.000,1.000,0.0000,0.0000,0
2026-05-05,15:16:51,3198,1,-7.7760,-0.8788,0.0324,0.9535,3.2556,0,12.5202,-972,1,38.6977,-4.2808,46.4936,6.1238,171.0260,1.000,0.000,1.000,0.0000,0.0000,0
2026-05-05,15:16:51,3234,1,-7.7760,-0.7544,0.0574,1.6871,3.2614,0,12.5202,-972,1,37.6450,-37.8062,46.5689,4.5362,170.9185,1.000,0.000,1.000,0.0000,0.0000,0
2026-05-05,15:16:51,3269,1,-7.7760,-0.8281,0.0466,1.3720,3.2677,0,12.5202,-972,1,36.1043,-35.5603,46.4809,0.3950,170.3988,1.000,0.000,1.000,0.0000,0.0000,0
2026-05-05,15:16:51,3307,1,-7.7760,-0.9412,0.0448,1.3174,3.2752,0,12.5202,-972,1,36.8277,8.9006,45.8559,-5.1270,169.8388,1.000,0.000,1.000,0.0000,0.0000,0
2026-05-05,15:16:51,3343,1,-7.7760,-0.7824,0.0310,0.9115,3.2810,0,12.5202,-972,1,37.3105,6.6878,45.4918,-5.3878,169.4069,1.000,0.000,1.000,0.0000,0.0000,0
2026-05-05,15:16:51,3379,1,-7.7760,-0.6456,0.0270,0.7940,3.2863,0,12.5202,-972,1,37.0099,-11.1391,45.3741,-1.7026,169.0968,0.968,0.000,1.000,0.0000,0.0000,0
2026-05-05,15:16:51,3415,1,-7.7760,-0.7622,0.0524,1.5421,3.2919,0,12.5202,-972,1,36.9544,-2.4599,45.2806,-0.1187,169.0833,0.984,0.000,1.000,0.0000,0.0000,0
2026-05-05,15:16:51,3451,1,-7.7760,-0.7832,0.0422,1.2423,3.2983,0,12.5202,-972,1,36.6406,-9.6538,45.0650,-1.5714,168.7186,0.976,0.000,1.000,0.0000,0.0000,0
2026-05-05,15:16:51,3486,1,-7.7760,-1.2659,0.0592,1.7424,3.3062,0,12.5202,-972,1,36.6194,-0.0610,44.7920,-3.4435,168.7166,0.992,0.000,1.000,0.0000,0.0000,0
2026-05-05,15:16:51,3522,1,-7.7760,-1.2071,0.0550,1.6162,3.3162,0,12.5202,-972,1,36.7846,2.0432,44.8692,3.3831,168.7404,0.960,0.000,1.000,0.0000,0.0000,0
2026-05-05,15:16:51,3558,1,-7.7760,-1.7499,0.0850,2.5014,3.3284,0,12.5202,-972,1,36.7600,1.6222,45.3019,12.8549,169.0874,0.928,0.000,1.000,0.0000,0.0000,0
2026-05-05,15:16:51,3593,1,-7.7760,-1.9086,0.0816,2.4012,3.3414,0,12.5202,-972,1,36.9269,3.9214,46.0347,20.3331,169.1807,0.896,0.000,1.000,0.0000,0.0000,0
2026-05-05,15:16:51,3629,1,-7.7760,-2.1584,0.0868,2.5518,3.3564,0,12.5202,-972,1,37.0779,5.2857,46.3683,15.4862,169.6135,0.864,0.000,1.000,0.0000,0.0000,0
2026-05-05,15:16:51,3664,1,-7.7760,-2.3282,0.0742,2.1823,3.3736,0,12.5202,-972,1,36.7826,-9.0917,46.6191,12.1739,170.0399,0.832,0.000,1.000,0.0000,0.0000,0
2026-05-05,15:16:51,3700,1,-7.7760,-1.5525,0.0806,2.3692,3.3892,0,12.5202,-972,1,37.1223,14.3063,47.0962,14.1602,170.4163,0.800,0.000,1.000,0.0000,0.0000,0
2026-05-05,15:16:51,3736,1,-7.7760,-1.3536,0.0783,2.3020,3.3994,0,12.5202,-972,1,37.5721,15.3245,47.2612,9.6510,170.5596,0.768,0.000,1.000,0.0000,0.0000,0
2026-05-05,15:16:51,3772,1,-7.7760,-0.9693,0.0247,0.7262,3.4071,0,12.5202,-972,1,37.6790,5.7617,47.4212,7.6085,170.4460,0.736,0.000,1.000,0.0000,0.0000,0
2026-05-05,15:16:52,3808,1,-7.7760,-0.5703,0.0482,1.4169,3.4121,0,12.5202,-972,1,37.8957,6.8662,47.4519,2.8853,170.3807,0.704,0.000,1.000,0.0000,0.0000,0
2026-05-05,15:16:52,3843,1,-7.7760,-0.9750,0.0669,1.9668,3.4182,0,12.5202,-972,1,37.3336,-18.9679,47.1317,-4.1724,170.2949,0.672,0.000,1.000,0.0000,0.0000,0
2026-05-05,15:16:52,3878,1,-7.7760,-1.2681,0.0877,2.5801,3.4262,0,12.5202,-972,1,35.6215,-40.5143,46.8056,-5.5281,170.6466,0.712,0.000,1.000,0.0000,0.0000,0
2026-05-05,15:16:52,3914,1,-7.7760,-1.3211,0.1021,3.0020,3.4369,0,12.5202,-972,1,36.6827,43.0746,46.8368,-1.3197,171.0409,0.752,0.000,1.000,0.0000,0.0000,0
2026-05-05,15:16:52,3949,1,-7.7760,-1.5042,0.0818,2.4059,3.4472,0,12.5202,-972,1,38.1024,35.0559,46.7962,-2.2717,171.9716,0.720,0.000,1.000,0.0000,0.0000,0
2026-05-05,15:16:52,3984,1,-7.7760,-1.6063,0.0469,1.3782,3.4587,0,12.5202,-972,1,38.4305,8.4840,46.4759,-7.8344,172.8941,0.688,0.000,1.000,0.0000,0.0000,0
2026-05-05,15:16:52,4019,1,-7.7760,-1.3398,0.0473,1.3916,3.4699,0,12.5202,-972,1,39.1770,29.5791,46.1291,-9.3366,173.0714,0.656,0.000,1.000,0.0000,0.0000,0
2026-05-05,15:16:52,4054,1,-7.7760,-1.4742,0.0574,1.6877,3.4811,0,12.5202,-972,1,40.1122,25.8122,46.2985,0.4821,172.7897,0.624,0.000,1.000,0.0000,0.0000,0
2026-05-05,15:16:52,4089,1,-7.7760,-1.3928,0.0673,1.9786,3.4917,0,12.5202,-972,1,40.7468,19.7334,46.8726,10.6856,172.7616,0.592,0.000,1.000,0.0000,0.0000,0
2026-05-05,15:16:52,4125,1,-7.7760,-1.3969,0.0431,1.2684,3.5015,0,12.5202,-972,1,41.2490,8.6546,47.3194,10.3646,173.4160,0.560,0.000,1.000,0.0000,0.0000,0
2026-05-05,15:16:52,4161,1,-7.7760,-1.1706,0.0565,1.6604,3.5114,0,12.5202,-972,1,40.7501,-17.9807,47.4557,5.7021,167.3159,0.528,0.000,1.000,0.0000,0.0000,0
2026-05-05,15:16:52,4197,1,-7.7760,-1.6086,0.0716,2.1073,3.5220,0,12.5202,-972,1,40.2891,-13.7165,48.3085,16.7694,163.3993,0.520,0.000,1.000,0.0000,0.0000,0
2026-05-05,15:16:52,4231,1,-7.7760,-1.5929,0.0678,1.9951,3.5337,0,12.5202,-972,1,39.9244,-11.5348,49.6687,23.8001,165.0074,0.568,0.000,1.000,0.0000,0.0000,0
2026-05-05,15:16:52,4266,1,-7.7760,-1.6660,0.0456,1.3419,3.5464,0,12.5202,-972,1,39.6958,-6.5149,49.3178,-2.2607,165.4310,0.632,0.000,1.000,0.0000,0.0000,0
2026-05-05,15:16:52,4302,1,-7.7760,-1.2177,0.0503,1.4788,3.5577,0,12.5202,-972,1,39.8999,6.3513,48.1364,-24.8402,166.4853,0.648,0.000,1.000,0.0000,0.0000,0
2026-05-05,15:16:52,4339,1,-7.7760,-1.0812,0.0593,1.7437,3.5670,0,12.5202,-972,1,40.0887,4.8728,47.1658,-27.6934,167.4203,0.616,0.000,1.000,0.0000,0.0000,0
2026-05-05,15:16:52,4375,1,-7.7760,-1.1093,0.0376,1.1050,3.5754,0,12.5202,-972,1,39.9890,-3.2378,46.8540,-15.8365,168.7419,0.584,0.000,1.000,0.0000,0.0000,0
2026-05-05,15:16:52,4412,1,-7.7760,-1.1516,0.0622,1.8302,3.5847,0,12.5202,-972,1,39.9777,2.5142,47.1302,-1.6201,170.5542,0.552,0.000,1.000,0.0000,0.0000,0
2026-05-05,15:16:52,4447,1,-7.7760,-1.3527,0.0527,1.5502,3.5942,0,12.5202,-972,1,39.5143,-14.6169,47.7080,6.3698,171.9842,0.520,0.000,1.000,0.0000,0.0000,0
2026-05-05,15:16:52,4483,1,-7.7760,-1.4677,0.0449,1.3206,3.6057,0,12.5202,-972,1,39.3269,-1.4568,47.5474,-6.2530,172.2342,0.584,0.000,0.998,0.0000,0.0000,0
2026-05-05,15:16:52,4519,1,-7.7760,-1.2950,0.0719,2.1159,3.6168,0,12.5202,-972,1,39.8274,13.6374,46.5306,-24.8957,172.2281,0.552,0.000,0.994,0.0000,0.0000,0
2026-05-05,15:16:52,4555,1,-7.7760,-1.4668,0.0609,1.7902,3.6266,0,12.5202,-972,1,39.6046,-10.2502,45.7746,-25.1667,172.7720,0.520,0.000,0.991,0.0000,0.0000,0
2026-05-05,15:16:52,4591,1,-7.7760,-1.4951,0.0430,1.2641,3.6385,0,12.5202,-972,1,40.1692,15.9805,45.5997,-15.7383,173.0070,0.488,0.000,0.997,0.0000,0.0000,0
2026-05-05,15:16:52,4627,1,-7.7760,-1.2702,0.0670,1.9695,3.6497,0,12.5202,-972,1,40.8685,9.8547,44.9442,-21.1483,173.1525,0.456,0.000,1.000,0.0000,0.0000,0
2026-05-05,15:16:52,4662,1,-7.7760,-1.4514,0.0600,1.7655,3.6594,0,12.5202,-972,1,39.8344,-36.2906,44.4672,-17.0225,172.9725,0.448,0.000,1.000,0.0000,0.0000,0
2026-05-05,15:16:52,4698,1,-7.7760,-1.4155,0.0417,1.2267,3.6701,0,12.5202,-972,1,39.7894,-0.0999,44.4878,-6.9297,172.6621,0.512,0.000,1.000,0.0000,0.0000,0
2026-05-05,15:16:52,4734,1,-7.7760,-0.9088,0.0483,1.4209,3.6778,0,12.5202,-972,1,39.6626,-12.0521,44.5759,-1.5923,172.7846,0.576,0.000,1.000,0.0000,0.0000,0
2026-05-05,15:16:52,4770,1,-7.7760,-0.7120,0.0603,1.7746,3.6842,0,12.5202,-972,1,38.7994,-21.1647,44.4003,-5.2828,172.4256,0.592,0.000,1.000,0.0000,0.0000,0
2026-05-05,15:16:53,4806,1,-7.7760,-0.5602,0.0482,1.4162,3.6880,0,12.5202,-972,1,38.4591,-13.7499,44.3974,-0.7841,172.7853,0.656,0.000,1.000,0.0000,0.0000,0
2026-05-05,15:16:53,4842,1,-7.7760,-0.8211,0.0548,1.6128,3.6939,0,12.5202,-972,1,37.3299,-33.1245,45.0642,11.8738,173.3089,0.720,0.000,1.000,0.0000,0.0000,0
2026-05-05,15:16:53,4878,1,-7.7760,-1.1557,0.0568,1.6697,3.7013,0,12.5202,-972,1,36.6954,-15.4375,45.7401,14.5909,173.4811,0.784,0.000,1.000,0.0000,0.0000,0
2026-05-05,15:16:53,4914,1,-7.7760,-1.2068,0.0517,1.5195,3.7111,0,12.5202,-972,1,36.5257,-1.9784,45.6256,-0.4104,173.0080,0.848,0.000,1.000,0.0000,0.0000,0
2026-05-05,15:16:53,4950,1,-7.7760,-1.1553,0.0696,2.0456,3.7209,0,12.5202,-972,1,36.5551,4.9943,44.6818,-20.4146,172.3709,0.912,0.000,1.000,0.0000,0.0000,0
2026-05-05,15:16:53,4986,1,-7.7760,-1.0711,0.0283,0.8331,3.7289,0,12.5202,-972,1,36.6939,5.6270,43.6642,-26.9332,172.0548,0.904,0.000,1.000,0.0000,0.0000,0
2026-05-05,15:16:53,5021,1,-7.7760,-0.5959,0.0380,1.1182,3.7345,0,12.5202,-972,1,37.2277,17.8262,43.2689,-17.5721,171.9286,0.872,0.000,1.000,0.0000,0.0000,0
2026-05-05,15:16:53,5057,1,-7.7760,-0.8365,0.0263,0.7747,3.7405,0,12.5202,-972,1,37.8375,16.6318,42.9226,-13.3163,171.7484,0.840,0.000,1.000,0.0000,0.0000,0
2026-05-05,15:16:53,5093,1,-7.7760,-0.4287,0.0313,0.9212,3.7444,0,12.5202,-972,1,37.6700,-10.9036,42.7374,-7.3301,171.8689,0.808,0.000,1.000,0.0000,0.0000,0
2026-05-05,15:16:53,5128,1,-7.7760,-0.5442,0.0258,0.7595,3.7482,0,12.5202,-972,1,37.2725,-6.7670,42.7948,-2.8485,171.5832,0.776,0.000,1.000,0.0000,0.0000,0
2026-05-05,15:16:53,5162,1,-7.7760,-0.3301,0.0277,0.8136,3.7499,0,12.5202,-972,1,37.9756,4.9777,42.8558,-1.8138,171.4827,0.760,0.000,1.000,0.0000,0.0000,0
2026-05-05,15:16:53,5198,1,-7.7760,-0.1075,0.0229,0.6733,3.7531,0,12.5202,-972,1,39.2520,32.1934,42.6889,-4.2393,171.3126,0.728,0.000,1.000,0.0000,0.0000,0
2026-05-05,15:16:53,5234,1,-7.7760,0.0522,0.0111,0.3256,3.7534,0,12.5202,-972,1,40.6115,34.4142,43.0803,6.9568,171.1554,0.696,0.000,1.000,0.0000,0.0000,0
2026-05-05,15:16:53,5270,1,-7.7760,-0.0013,0.0115,0.3389,3.7533,0,12.5202,-972,1,42.4759,41.0693,44.1293,23.6281,170.7398,0.664,0.000,1.000,0.0000,0.0000,0
2026-05-05,15:16:53,5306,1,-7.7760,0.0070,0.0108,0.3186,3.7533,0,12.5202,-972,1,44.0580,21.3997,46.0224,48.4233,170.8431,0.632,0.000,1.000,0.0000,0.0000,0
2026-05-05,15:16:53,5342,1,-7.7760,0.0009,0.0099,0.2911,3.7533,0,12.5202,-972,1,44.2534,-15.7554,49.2264,82.4632,170.6816,0.600,0.000,0.999,0.0000,0.0000,0
2026-05-05,15:16:53,5377,1,-7.7760,-0.0014,0.0102,0.3011,3.7532,0,12.5202,-972,1,43.1763,-51.5017,53.2533,113.0625,170.5960,0.568,0.000,1.000,0.0000,0.0000,0
2026-05-05,15:16:53,5413,1,-7.7760,0.0024,0.0109,0.3197,3.7532,0,12.5202,-972,1,40.5426,-97.1098,58.0916,140.0823,170.5778,0.536,0.000,1.000,0.0000,0.0000,0
2026-05-05,15:16:53,5449,1,-7.7760,0.0096,0.0090,0.2646,3.7532,0,12.5202,-972,1,36.9705,-116.1381,63.1459,153.5359,170.5681,0.504,0.000,0.999,0.0000,0.0000,0
2026-05-05,15:16:53,5485,1,-7.7760,0.0019,0.0102,0.3010,3.7532,0,12.5202,-972,1,33.7049,-104.2914,67.8674,150.5710,170.4933,0.472,0.000,1.000,0.0000,0.0000,0
2026-05-05,15:16:53,5520,1,-7.7760,-0.0033,0.0099,0.2916,3.7532,0,12.5202,-972,1,30.9815,-88.8886,72.1477,139.8399,170.4240,0.440,0.000,0.997,0.0000,0.0000,0
2026-05-05,15:16:53,5555,1,-7.7760,0.0022,0.0087,0.2557,3.7532,0,12.5202,-972,1,28.6550,-75.7618,75.7142,122.8373,170.4514,0.408,0.000,0.994,0.0000,0.0000,0
2026-05-05,15:16:53,5591,1,-7.7760,-0.0072,0.0096,0.2827,3.7532,0,12.5202,-972,1,26.9191,-58.4334,78.6604,102.9027,170.4654,0.376,0.000,0.990,0.0000,0.0000,0
2026-05-05,15:16:53,5626,1,-7.7760,0.0050,0.0090,0.2649,3.7532,0,12.5202,-972,1,25.4571,-49.8310,81.0897,85.3611,170.4081,0.344,0.000,0.987,0.0000,0.0000,0
2026-05-05,15:16:53,5662,1,-7.7760,-0.0011,0.0093,0.2738,3.7532,0,12.5202,-972,1,24.0534,-47.9197,83.1332,70.8786,170.3599,0.312,0.000,0.993,0.0000,0.0000,0
2026-05-05,15:16:53,5698,1,-7.7760,-0.0011,0.0090,0.2637,3.7532,0,12.5202,-972,1,22.5309,-49.6463,84.9318,60.2723,170.3857,0.280,0.000,0.990,0.0000,0.0000,0
2026-05-05,15:16:53,5734,1,-7.7760,0.0094,0.0090,0.2634,3.7532,0,12.5202,-972,1,21.1265,-45.2303,86.4154,51.6798,170.4112,0.248,0.000,0.986,0.0000,0.0000,0
2026-05-05,15:16:53,5770,1,-7.7760,-0.0050,0.0090,0.2637,3.7532,0,12.5202,-972,1,19.9237,-38.5448,87.6245,42.6987,170.3588,0.216,0.000,0.983,0.0000,0.0000,0
2026-05-05,15:16:54,5806,1,-7.7760,0.0021,0.0077,0.2274,3.7532,0,12.5202,-972,1,18.9564,-31.7882,88.4673,32.2693,170.3139,0.184,0.000,0.980,0.0000,0.0000,0
2026-05-05,15:16:54,5842,1,-7.7760,0.0023,0.0096,0.2823,3.7532,0,12.5202,-972,1,18.0771,-28.1885,89.1407,24.6766,170.3537,0.152,0.000,0.986,0.0000,0.0000,0
2026-05-05,15:16:54,5878,1,-7.7760,-0.0005,0.0083,0.2448,3.7532,0,12.5202,-972,1,17.3267,-24.6218,89.6905,19.9873,170.3585,0.120,0.000,0.982,0.0000,0.0000,0
2026-05-05,15:16:54,5914,1,-7.7760,0.0079,0.0081,0.2370,3.7532,0,12.5202,-972,1,16.7258,-20.0863,89.4988,2.2084,170.3242,0.088,0.000,0.979,0.0000,0.0000,0
2026-05-05,15:16:54,5950,1,-7.7760,-0.0007,0.0080,0.2363,3.7532,0,12.5202,-972,1,16.1402,-18.7467,89.5315,2.9859,170.3110,0.056,0.000,0.976,0.0000,0.0000,0
2026-05-05,15:16:54,5986,1,-7.7760,0.0106,0.0096,0.2819,3.7532,0,12.5202,-972,1,15.6962,-14.2699,90.0085,11.4419,170.3463,0.024,0.000,0.973,0.0000,0.0000,0
2026-05-05,15:16:54,6022,1,-7.7760,-0.0035,0.0096,0.2819,3.7532,0,12.5202,-972,1,15.2856,-13.7393,90.3550,10.2425,170.3675,0.000,0.000,0.970,0.0000,0.0000,0
2026-05-05,15:16:54,6058,1,-7.7760,0.0110,0.0083,0.2448,3.7532,0,12.5202,-972,1,14.9332,-11.6075,90.6958,11.4269,170.3183,0.000,0.000,0.966,0.0000,0.0000,0
2026-05-05,15:16:54,6097,1,-7.7760,0.0075,0.0090,0.2633,3.7532,0,12.5202,-972,1,14.7775,-8.6718,90.9147,10.3802,170.3024,0.000,0.000,0.964,0.0000,0.0000,0
2026-05-05,15:16:54,6132,1,-7.7760,0.0158,0.0090,0.2634,3.7532,0,12.5202,-972,1,14.4896,-9.8738,91.2098,9.6319,170.3527,0.000,0.000,0.970,0.0000,0.0000,0
2026-05-05,15:16:54,6168,1,-7.7760,0.0030,0.0081,0.2374,3.7532,0,12.5202,-972,1,14.2578,-7.9845,91.3006,4.5964,170.3664,0.000,0.000,0.966,0.0000,0.0000,0
2026-05-05,15:16:54,6204,1,-7.7760,-0.0091,0.0087,0.2548,3.7532,0,12.5202,-972,1,14.0832,-5.9197,91.1923,-0.5151,170.3413,0.000,0.000,0.963,0.0000,0.0000,0
2026-05-05,15:16:54,6240,1,-7.7760,-0.0082,0.0093,0.2734,3.7532,0,12.5202,-972,1,13.8696,-7.1134,91.2409,1.1976,170.3378,0.000,0.000,0.960,0.0000,0.0000,0
2026-05-05,15:16:54,6276,1,-7.7760,0.0043,0.0083,0.2456,3.7532,0,12.5202,-972,1,13.6848,-6.1438,91.3666,3.3883,170.3493,0.000,0.000,0.957,0.0000,0.0000,0
2026-05-05,15:16:54,6312,1,-7.7760,-0.0046,0.0105,0.3081,3.7532,0,12.5202,-972,1,13.5894,-3.4531,91.5845,6.0349,170.3719,0.000,0.000,0.971,0.0000,0.0000,0
2026-05-05,15:16:54,6348,1,-7.7760,-0.0006,0.0093,0.2743,3.7532,0,12.5202,-972,1,13.5306,-2.0433,91.7976,5.7628,170.3699,0.000,0.000,0.977,0.0000,0.0000,0
2026-05-05,15:16:54,6385,1,-7.7760,0.0101,0.0087,0.2556,3.7532,0,12.5202,-972,1,13.4466,-2.3563,91.9563,5.7768,170.3669,0.000,0.000,0.974,0.0000,0.0000,0
2026-05-05,15:16:54,6420,1,-7.7760,-0.0029,0.0086,0.2536,3.7532,0,12.5202,-972,1,13.4170,-0.7078,92.1516,5.3678,170.3649,0.000,0.000,0.970,0.0000,0.0000,0
2026-05-05,15:16:54,6456,1,-7.7760,0.0034,0.0083,0.2443,3.7532,0,12.5202,-972,1,13.3811,-1.4652,92.1859,2.7000,170.3815,0.000,0.000,0.967,0.0000,0.0000,0
2026-05-05,15:16:54,6492,1,-7.7760,0.0042,0.0086,0.2540,3.7532,0,12.5202,-972,1,13.3579,-0.8645,92.1310,-0.4817,170.3624,0.000,0.000,0.973,0.0000,0.0000,0
2026-05-05,15:16:54,6528,1,-7.7760,-0.0085,0.0090,0.2633,3.7532,0,12.5202,-972,1,13.3471,-0.4362,91.9603,-3.8555,170.3977,0.000,0.000,0.970,0.0000,0.0000,0
2026-05-05,15:16:54,6563,1,-4.6560,-0.0055,0.0086,0.2540,3.7532,0,12.5202,-582,1,13.3252,-1.5578,92.0758,2.3278,170.4006,0.000,0.000,0.966,0.0000,0.0000,0
2026-05-05,15:16:54,6599,1,-0.2960,0.0068,0.0077,0.2278,3.7532,0,12.5202,-37,1,13.2586,-1.7387,92.3864,6.6560,170.3797,0.000,0.000,0.963,0.0000,0.0000,0
2026-05-05,15:16:54,6635,1,0.0000,0.0125,0.0102,0.2990,3.7532,0,12.5202,0,1,13.2258,-1.3523,92.3915,2.2691,170.3215,0.000,0.000,0.960,0.0000,0.0000,0
2026-05-05,15:16:54,6671,1,0.0000,0.0023,0.0080,0.2363,3.7532,0,12.5202,0,1,13.1623,-2.1545,92.3582,-0.3027,170.3656,0.000,0.000,0.957,0.0000,0.0000,0
2026-05-05,15:16:54,6707,1,0.0000,-0.0148,0.0099,0.2904,3.7532,0,12.5202,0,1,13.1065,-1.3683,92.2490,-2.0659,170.3859,0.000,0.000,0.954,0.0000,0.0000,0
2026-05-05,15:16:54,6742,1,0.0000,-0.0101,0.0090,0.2637,3.7532,0,12.5202,0,1,13.0862,-0.7462,92.3417,1.5819,170.3666,0.000,0.000,0.950,0.0000,0.0000,0
2026-05-05,15:16:54,6778,1,0.0000,-0.0031,0.0084,0.2464,3.7532,0,12.5202,0,1,13.0078,-2.8529,92.3969,1.4832,170.3411,0.000,0.000,0.947,0.0000,0.0000,0
2026-05-05,15:16:55,6814,1,0.0000,0.0021,0.0090,0.2645,3.7532,0,12.5202,0,1,13.0151,0.2156,92.4012,1.2239,170.3286,0.000,0.000,0.944,0.0000,0.0000,0
2026-05-05,15:16:55,6850,1,0.0000,0.0158,0.0087,0.2552,3.7532,0,12.5202,0,1,13.0299,0.1945,92.4669,1.6874,170.3034,0.000,0.000,0.941,0.0000,0.0000,0
2026-05-05,15:16:55,6886,1,0.0000,-0.0139,0.0093,0.2734,3.7532,0,12.5202,0,1,12.9436,-2.6981,92.5558,2.7071,170.3517,0.000,0.000,0.938,0.0000,0.0000,0
2026-05-05,15:16:55,6921,1,0.0000,-0.0078,0.0087,0.2553,3.7532,0,12.5202,0,1,12.9705,1.2324,92.6943,3.0891,170.3322,0.000,0.000,0.934,0.0000,0.0000,0
2026-05-05,15:16:55,6956,1,0.0000,0.0042,0.0090,0.2633,3.7532,0,12.5202,0,1,12.8700,-4.3847,92.6995,0.8542,170.3055,0.000,0.000,0.931,0.0000,0.0000,0
2026-05-05,15:16:55,6991,1,0.0000,0.0017,0.0102,0.2992,3.7532,0,12.5202,0,1,12.6781,-4.0005,92.6405,-0.3974,170.3625,0.000,0.000,0.928,0.0000,0.0000,0
2026-05-05,15:16:55,7028,1,0.0000,-0.0074,0.0102,0.2995,3.7532,0,12.5202,0,1,12.3430,-9.6977,92.5510,-1.6582,170.3176,0.000,0.000,0.926,0.0000,0.0000,0
2026-05-05,15:16:55,7063,1,0.0000,-0.0163,0.0130,0.3810,3.7533,0,12.5202,0,1,10.0683,-77.2451,91.9067,-14.5084,170.0973,0.000,0.000,0.922,0.0000,0.0000,0
2026-05-05,15:16:55,7098,1,0.0000,-0.1153,0.0256,0.7530,3.7537,0,12.5202,0,1,0.0807,-323.3259,88.2821,-80.1304,168.6330,0.000,0.000,0.919,0.0000,0.0000,0
2026-05-05,15:16:55,7133,1,0.0000,-0.4898,0.0812,2.3869,3.7557,0,12.5202,0,1,-23.3439,-672.7275,80.9414,-167.3272,157.5507,0.064,0.000,0.916,0.0000,0.0000,0
2026-05-05,15:16:55,7168,1,0.0000,-0.1018,0.1078,3.1717,3.7582,0,12.5202,0,1,-25.8918,71.0895,75.9720,-153.2359,131.4637,0.128,0.000,0.913,0.0000,0.0000,0
2026-05-05,15:16:55,7204,1,0.0000,-0.2256,0.1331,3.9152,3.7592,0,12.5202,0,1,-1.8729,595.6981,73.4659,-118.3668,106.7813,0.144,0.000,0.910,0.0000,0.0000,0
2026-05-05,15:16:55,7239,1,0.0000,0.0364,0.1212,3.5640,3.7593,0,12.5202,0,0,-5.1579,-123.6407,67.1227,-181.3344,117.4373,0.112,0.000,0.906,0.0000,0.0000,0
2026-05-05,15:16:55,7274,1,0.0000,0.0658,0.1169,3.4370,3.7591,0,12.5202,0,0,-12.4617,-102.8426,58.6985,-230.8091,108.2095,0.128,0.000,0.903,0.0000,0.0000,0
2026-05-05,15:16:55,7310,1,0.0000,0.1080,0.0933,2.7455,3.7580,0,12.5202,0,0,4.7584,525.6559,53.0887,-195.7070,79.2466,0.120,0.000,0.900,0.0000,0.0000,0
2026-05-05,15:16:55,7345,1,0.0000,0.1167,0.0802,2.3602,3.7574,0,12.5202,0,0,15.0493,259.3224,48.2571,-170.8041,92.7908,0.088,0.000,0.932,0.0000,0.0000,0
2026-05-05,15:16:55,7380,1,0.0000,0.1724,0.0575,1.6914,3.7562,0,12.5202,0,0,14.5647,4.9877,43.2694,-159.9928,103.8465,0.056,0.000,0.964,0.0000,0.0000,0
2026-05-05,15:16:55,7416,1,0.0000,0.0164,0.0564,1.6591,3.7558,0,12.5202,0,0,16.3754,97.9580,39.2289,-136.0853,113.7729,0.024,0.000,0.996,0.0000,0.0000,0
2026-05-05,15:16:55,7451,1,0.0000,-0.0079,0.0571,1.6799,3.7557,0,12.5202,0,0,22.9234,215.2267,36.0923,-109.9548,76.8731,0.000,0.000,1.000,0.0000,0.0000,0
2026-05-05,15:16:55,7486,1,0.0000,-0.2136,0.0835,2.4548,3.7566,0,12.5202,0,0,27.5289,128.8487,34.0424,-79.2087,39.6037,0.000,0.000,1.000,0.0000,0.0000,0
2026-05-05,15:16:55,7521,1,0.0000,-0.2358,0.1334,3.9245,3.7592,0,12.5202,0,0,27.3005,6.5071,33.1599,-49.4988,49.4884,0.000,0.000,1.000,0.0000,0.0000,0
2026-05-05,15:16:55,7556,1,0.0000,-0.0652,0.1465,4.3093,3.7603,0,12.5202,0,0,30.0156,121.9734,31.7363,-50.7364,64.7473,0.000,0.000,1.000,0.0000,0.0000,0
2026-05-05,15:16:55,7591,1,0.0000,0.1492,0.1232,3.6234,3.7597,0,12.5202,0,0,35.9672,176.1206,29.5662,-62.2994,78.2596,0.000,0.000,1.000,0.0000,0.0000,0
2026-05-05,15:16:55,7626,1,0.0000,0.1421,0.0975,2.8666,3.7582,0,12.5202,0,0,39.4774,108.8450,27.5569,-62.8299,91.4243,0.000,0.000,1.000,0.0000,0.0000,0
2026-05-05,15:16:55,7661,1,0.0000,-0.0103,0.1005,2.9555,3.7581,0,12.5202,0,0,41.6881,72.9678,25.7614,-58.4126,103.3312,0.000,0.000,1.000,0.0000,0.0000,0
2026-05-05,15:16:55,7696,1,0.0000,-0.0032,0.0996,2.9282,3.7581,0,12.5202,0,0,43.6811,77.4461,24.1825,-52.1509,113.8470,0.000,0.000,1.000,0.0000,0.0000,0
2026-05-05,15:16:55,7731,1,0.0000,0.0167,0.0945,2.7784,3.7578,0,12.5202,0,0,46.6221,87.4876,22.9397,-43.3469,122.2002,0.000,0.000,1.000,0.0000,0.0000,0
2026-05-05,15:16:55,7766,1,0.0000,-0.0011,0.0964,2.8353,3.7578,0,12.5202,0,0,48.2626,47.8657,22.0562,-33.1571,130.8466,0.000,0.000,1.000,0.0000,0.0000,0
2026-05-05,15:16:55,7801,1,0.0000,0.0088,0.0966,2.8400,3.7579,0,12.5202,0,0,48.6950,31.4793,21.6835,-20.6213,139.2430,0.000,0.000,1.000,0.0000,0.0000,0
2026-05-05,15:16:56,7836,1,0.0000,-0.0055,0.0989,2.9101,3.7580,0,12.5202,0,0,50.8281,72.0927,21.2299,-19.5538,143.8246,0.000,0.000,1.000,0.0000,0.0000,0
2026-05-05,15:16:56,7871,1,0.0000,0.0083,0.0968,2.8474,3.7579,0,12.5202,0,0,53.0738,69.0948,20.0866,-31.4729,146.5114,0.000,0.000,1.000,0.0000,0.0000,0
2026-05-05,15:16:56,7906,1,0.0000,0.0315,0.0941,2.7684,3.7578,0,12.5202,0,0,54.4558,44.2459,18.8395,-36.7708,149.6134,0.000,0.000,1.000,0.0000,0.0000,0
2026-05-05,15:16:56,7945,1,0.0000,0.0148,0.0933,2.7431,3.7577,0,12.5202,0,0,55.0512,37.6192,18.3959,-30.3206,151.4824,0.000,0.000,1.000,0.0000,0.0000,0
2026-05-05,15:16:56,7980,1,0.0000,0.0335,0.0858,2.5236,3.7574,0,12.5202,0,0,56.4894,45.5035,17.5525,-27.9925,155.0314,0.000,0.000,1.000,0.0000,0.0000,0
2026-05-05,15:16:56,8015,1,0.0000,-0.0117,0.0873,2.5676,3.7574,0,12.5202,0,0,57.2426,20.3740,17.2278,-17.0325,125.5228,0.000,0.000,1.000,0.0000,0.0000,0
2026-05-05,15:16:56,8050,1,0.0000,-0.0200,0.0900,2.6461,3.7574,0,12.5202,0,0,57.2261,4.8476,17.4913,-3.2977,82.9786,0.000,0.000,1.000,0.0000,0.0000,0
2026-05-05,15:16:56,8085,1,0.0000,-0.0392,0.0965,2.8380,3.7577,0,12.5202,0,0,57.8247,27.7021,18.0788,6.3765,100.6049,0.000,0.000,1.000,0.0000,0.0000,0
2026-05-05,15:16:56,8120,1,0.0000,0.0052,0.0981,2.8852,3.7580,0,12.5202,0,0,58.5243,20.7598,18.2028,-2.0405,112.9519,0.000,0.000,1.000,0.0000,0.0000,0
2026-05-05,15:16:56,8155,1,0.0000,0.0187,0.0993,2.9192,3.7581,0,12.5202,0,0,59.0905,19.7484,17.0533,-29.0507,120.8785,0.000,0.000,1.000,0.0000,0.0000,0
2026-05-05,15:16:56,8190,1,0.0000,0.0060,0.0980,2.8831,3.7580,0,12.5202,0,0,59.8711,26.4187,14.9002,-55.9280,125.9476,0.000,0.000,1.000,0.0000,0.0000,0
2026-05-05,15:16:56,8225,1,0.0000,-0.0065,0.0975,2.8670,3.7579,0,12.5202,0,0,60.7761,30.6885,12.7206,-62.6272,132.3154,0.000,0.000,1.000,0.0000,0.0000,0
2026-05-05,15:16:56,8260,1,0.0000,0.0049,0.0983,2.8919,3.7580,0,12.5202,0,0,61.1543,9.8963,11.5552,-46.6950,88.5217,0.000,0.000,1.000,0.0000,0.0000,0
2026-05-05,15:16:56,8296,1,0.0000,0.0315,0.0947,2.7866,3.7579,0,12.5202,0,0,62.0168,33.0601,11.2879,-26.8232,91.4213,0.000,0.000,1.000,0.0000,0.0000,0
2026-05-05,15:16:56,8332,1,0.0000,0.0069,0.0922,2.7121,3.7576,0,12.5202,0,0,62.9374,19.7626,10.5366,-30.5290,103.4280,0.000,0.000,1.000,0.0000,0.0000,0
2026-05-05,15:16:56,8367,1,0.0000,-0.0551,0.1015,2.9858,3.7579,0,12.5202,0,0,62.7251,-1.4582,9.3902,-37.0789,116.1668,0.000,0.000,1.000,0.0000,0.0000,0
2026-05-05,15:16:56,8402,1,0.0000,-0.0116,0.1049,3.0852,3.7583,0,12.5202,0,0,62.3098,-9.8597,8.4651,-36.2514,127.4784,0.000,0.000,1.000,0.0000,0.0000,0
2026-05-05,15:16:56,8437,1,0.0000,-0.0057,0.1049,3.0840,3.7583,0,12.5202,0,0,62.6752,9.6097,7.0679,-45.7146,133.0220,0.000,0.000,1.000,0.0000,0.0000,0
2026-05-05,15:16:56,8472,1,0.0000,-0.0039,0.1046,3.0751,3.7583,0,12.5202,0,0,62.7742,-2.6798,5.0661,-59.2184,136.4265,0.000,0.000,1.000,0.0000,0.0000,0
2026-05-05,15:16:56,8507,1,0.0000,0.0289,0.1017,2.9926,3.7582,0,12.5202,0,0,62.3641,-14.1795,2.8780,-65.6193,140.0815,0.000,0.000,1.000,0.0000,0.0000,0
2026-05-05,15:16:56,8543,1,0.0000,0.0094,0.0953,2.8041,3.7578,0,12.5202,0,0,62.5389,-0.4634,1.1589,-58.3189,142.8314,0.016,0.000,1.000,0.0000,0.0000,0
2026-05-05,15:16:56,8578,1,0.0000,-0.0112,0.0957,2.8135,3.7578,0,12.5202,0,0,62.2673,-15.8230,-0.1023,-46.1851,146.3919,0.016,0.000,1.000,0.0000,0.0000,0
2026-05-05,15:16:56,8613,1,0.0000,-0.0153,0.0978,2.8764,3.7579,0,12.5202,0,0,61.9183,-8.2498,-0.6628,-28.2654,125.7700,0.080,0.000,1.000,0.0000,0.0000,0
2026-05-05,15:16:56,8648,1,0.0000,-0.0031,0.0984,2.8945,3.7579,0,12.5202,0,0,62.5234,18.5755,-0.6441,-12.8620,134.2604,0.096,0.000,1.000,0.0000,0.0000,0
2026-05-05,15:16:56,8683,1,0.0000,-0.0007,0.0981,2.8845,3.7579,0,12.5202,0,0,62.8626,0.0843,-0.9992,-15.7373,138.2672,0.064,0.000,1.000,0.0000,0.0000,0
2026-05-05,15:16:56,8718,1,0.0000,-0.0067,0.0972,2.8582,3.7579,0,12.5202,0,0,62.0393,-36.2329,-2.2078,-32.4211,141.4185,0.056,0.000,1.000,0.0000,0.0000,0
2026-05-05,15:16:56,8753,1,0.0000,-0.0071,0.0987,2.9035,3.7579,0,12.5202,0,0,60.3676,-52.4260,-3.4639,-36.9450,144.6161,0.120,0.000,1.000,0.0000,0.0000,0
2026-05-05,15:16:56,8788,1,0.0000,0.0658,0.0874,2.5716,3.7576,0,12.5202,0,0,59.4604,-26.8982,-4.4234,-32.1487,146.8259,0.184,0.000,1.000,0.0000,0.0000,0
2026-05-05,15:16:57,8823,1,0.0000,0.1677,0.0659,1.9390,3.7566,0,12.5202,0,0,59.6691,-0.0030,-5.0373,-24.1916,148.7232,0.248,0.000,1.000,0.0000,0.0000,0
2026-05-05,15:16:57,8861,1,0.0000,0.0053,0.0701,2.0630,3.7564,0,12.5202,0,0,59.8473,-16.5401,-5.3477,-21.7129,150.2493,0.296,0.000,1.000,0.0000,0.0000,0
2026-05-05,15:16:57,8897,1,0.0000,-0.0194,0.0725,2.1310,3.7565,0,12.5202,0,0,58.7542,-26.5309,-6.2118,-24.5031,153.9606,0.360,0.000,1.000,0.0000,0.0000,0
2026-05-05,15:16:57,8932,1,0.0000,-0.0329,0.0783,2.3026,3.7568,0,12.5202,0,0,58.7064,-5.2921,-6.3460,-11.0712,157.9076,0.424,0.000,1.000,0.0000,0.0000,0
2026-05-05,15:16:57,8967,1,0.0000,-0.0032,0.0777,2.2853,3.7569,0,12.5202,0,0,58.1360,-25.1327,-5.7423,5.1334,160.1583,0.488,0.000,1.000,0.0000,0.0000,0
2026-05-05,15:16:57,9002,1,0.0000,0.0622,0.0691,2.0314,3.7566,0,12.5202,0,0,57.2284,-34.4110,-5.9218,-6.0107,159.4361,0.552,0.000,1.000,0.0000,0.0000,0
2026-05-05,15:16:57,9037,1,0.0000,0.0818,0.0553,1.6254,3.7559,0,12.5202,0,0,56.0876,-48.4861,-6.7813,-20.6770,159.6024,0.616,0.000,1.000,0.0000,0.0000,0
2026-05-05,15:16:57,9072,1,0.0000,0.0346,0.0525,1.5435,3.7556,0,12.5202,0,0,54.4918,-53.3885,-7.7763,-27.6307,160.2652,0.680,0.000,1.000,0.0000,0.0000,0
2026-05-05,15:16:57,9107,1,0.0000,0.0016,0.0505,1.4860,3.7554,0,12.5202,0,0,53.4609,-31.6780,-8.6399,-27.3906,161.2725,0.744,0.000,1.000,0.0000,0.0000,0
2026-05-05,15:16:57,9142,1,0.0000,-0.0016,0.0517,1.5218,3.7554,0,12.5202,0,0,53.3864,-1.4396,-9.3376,-23.1063,162.8691,0.808,0.000,1.000,0.0000,0.0000,0
2026-05-05,15:16:57,9177,1,0.0000,0.0009,0.0509,1.4966,3.7554,0,12.5202,0,0,52.9759,-18.6049,-9.7907,-16.9638,163.9676,0.872,0.000,1.000,0.0000,0.0000,0
2026-05-05,15:16:57,9212,1,0.0000,-0.0020,0.0520,1.5285,3.7555,0,12.5202,0,0,52.1950,-28.5479,-10.0761,-12.6005,163.8082,0.936,0.000,1.000,0.0000,0.0000,0
2026-05-05,15:16:57,9247,1,0.0000,0.0124,0.0509,1.4962,3.7555,0,12.5202,0,0,51.1259,-40.5048,-10.3970,-11.5434,163.3260,1.000,0.000,1.000,0.0000,0.0000,0
2026-05-05,15:16:57,9282,1,0.0000,-0.0040,0.0518,1.5230,3.7555,0,12.5202,0,0,49.6294,-50.1764,-10.8218,-12.9794,163.3671,1.000,0.000,1.000,0.0000,0.0000,0
2026-05-05,15:16:57,9318,1,0.0000,0.0053,0.0520,1.5285,3.7554,0,12.5202,0,0,48.5351,-35.9768,-11.1724,-12.1068,163.6290,1.000,0.000,1.000,0.0000,0.0000,0
2026-05-05,15:16:57,9353,1,0.0000,0.0246,0.0486,1.4291,3.7554,0,12.5202,0,0,47.8883,-19.8087,-11.6176,-13.1102,163.9431,1.000,0.000,1.000,0.0000,0.0000,0
2026-05-05,15:16:57,9388,1,0.0000,0.0043,0.0495,1.4571,3.7554,0,12.5202,0,0,47.6330,-11.4502,-12.0037,-12.2523,164.5350,1.000,0.000,1.000,0.0000,0.0000,0
2026-05-05,15:16:57,9423,1,0.0000,-0.0004,0.0495,1.4551,3.7554,0,12.5202,0,0,47.0140,-24.0717,-12.2630,-10.2123,164.8633,1.000,0.000,1.000,0.0000,0.0000,0
2026-05-05,15:16:57,9459,1,0.0000,-0.0073,0.0514,1.5125,3.7554,0,12.5202,0,0,45.8464,-38.1107,-12.4968,-8.0012,164.8215,1.000,0.000,1.000,0.0000,0.0000,0
2026-05-05,15:16:57,9494,1,0.0000,-0.0009,0.0495,1.4549,3.7555,0,12.5202,0,0,44.6113,-40.7780,-12.5758,-3.9993,164.7419,1.000,0.000,1.000,0.0000,0.0000,0
2026-05-05,15:16:57,9529,1,0.0000,-0.0023,0.0521,1.5335,3.7555,0,12.5202,0,0,43.5772,-31.7120,-12.5727,-1.2174,164.5812,1.000,0.000,1.000,0.0000,0.0000,0
2026-05-05,15:16:57,9564,1,0.0000,-0.0182,0.0555,1.6328,3.7556,0,12.5202,0,0,42.9941,-18.1242,-12.6975,-3.2494,164.4084,1.000,0.000,1.000,0.0000,0.0000,0
2026-05-05,15:16:57,9599,1,0.0000,0.0122,0.0523,1.5383,3.7555,0,12.5202,0,0,42.6502,-12.3088,-13.2390,-12.0224,164.0061,1.000,0.000,1.000,0.0000,0.0000,0
2026-05-05,15:16:57,9634,1,0.0000,0.0128,0.0530,1.5595,3.7555,0,12.5202,0,0,42.4767,-6.4941,-14.1065,-20.7743,163.1861,1.000,0.000,1.000,0.0000,0.0000,0
2026-05-05,15:16:57,9670,1,0.0000,-0.0023,0.0527,1.5490,3.7555,0,12.5202,0,0,42.3200,-7.1530,-14.7279,-16.4334,162.8347,1.000,0.000,1.000,0.0000,0.0000,0
2026-05-05,15:16:57,9705,1,0.0000,-0.0067,0.0530,1.5591,3.7555,0,12.5202,0,0,42.1030,-7.7568,-14.8068,-5.1693,162.8920,1.000,0.000,1.000,0.0000,0.0000,0
2026-05-05,15:16:57,9740,1,0.0000,-0.0095,0.0552,1.6223,3.7556,0,12.5202,0,0,41.9418,-5.4837,-14.5595,5.2658,163.1160,1.000,0.000,1.000,0.0000,0.0000,0
2026-05-05,15:16:57,9778,1,0.0000,-0.0007,0.0546,1.6066,3.7556,0,12.5202,0,0,41.7704,-9.2739,-14.4372,7.8528,163.2013,1.000,0.000,1.000,0.0000,0.0000,0
2026-05-05,15:16:58,9813,1,0.0000,0.0093,0.0536,1.5751,3.7555,0,12.5202,0,0,41.3224,-13.0635,-13.7342,17.2923,163.4700,1.000,0.000,1.000,0.0000,0.0000,0
2026-05-05,15:16:58,9848,1,0.0000,0.0058,0.0523,1.5384,3.7555,0,12.5202,0,0,41.0969,-6.0963,-13.1814,16.8452,163.3796,1.000,0.000,1.000,0.0000,0.0000,0
2026-05-05,15:16:58,9883,1,0.0000,0.0016,0.0530,1.5594,3.7555,0,12.5202,0,0,41.0015,-3.3912,-12.9798,10.6121,163.1404,1.000,0.000,1.000,0.0000,0.0000,0
2026-05-05,15:16:58,9918,1,0.0000,-0.0057,0.0541,1.5907,3.7555,0,12.5202,0,0,40.9570,-0.9117,-13.0380,4.8053,162.7737,0.992,0.000,1.000,0.0000,0.0000,0
2026-05-05,15:16:58,9953,1,0.0000,-0.0095,0.0532,1.5646,3.7555,0,12.5202,0,0,40.9881,-1.7683,-12.8558,7.3746,162.5844,0.960,0.000,1.000,0.0000,0.0000,0
2026-05-05,15:16:58,9988,1,0.0000,0.0088,0.0516,1.5174,3.7555,0,12.5202,0,0,40.6853,-10.5839,-12.5939,9.6429,163.0117,0.952,0.000,1.000,0.0000,0.0000,0
2026-05-05,15:16:58,10023,1,0.0000,0.0008,0.0532,1.5646,3.7555,0,12.5202,0,0,40.5232,-4.5862,-12.1355,14.3179,163.1359,1.000,0.000,1.000,0.0000,0.0000,0
2026-05-05,15:16:58,10058,1,0.0000,0.0036,0.0532,1.5646,3.7556,0,12.5202,0,0,40.0244,-14.6518,-11.7196,14.2025,162.9796,1.000,0.000,1.000,0.0000,0.0000,0
2026-05-05,15:16:58,10093,1,0.0000,0.0111,0.0530,1.5594,3.7555,0,12.5202,0,0,39.8604,0.4582,-11.5566,10.3119,162.7209,1.000,0.000,1.000,0.0000,0.0000,0
2026-05-05,15:16:58,10128,1,0.0000,0.0065,0.0539,1.5856,3.7555,0,12.5202,0,0,40.2132,8.6198,-11.2587,11.3224,162.4114,0.976,0.000,1.000,0.0000,0.0000,0
2026-05-05,15:16:58,10163,1,0.0000,0.0045,0.0534,1.5698,3.7555,0,12.5202,0,0,40.3090,2.9985,-10.7306,17.1545,162.6029,0.944,0.000,1.000,0.0000,0.0000,0
2026-05-05,15:16:58,10198,1,0.0000,-0.0064,0.0534,1.5699,3.7555,0,12.5202,0,0,40.4104,3.7554,-10.0135,21.9341,162.7002,0.912,0.000,1.000,0.0000,0.0000,0
2026-05-05,15:16:58,10233,1,0.0000,0.0059,0.0532,1.5650,3.7555,0,12.5202,0,0,40.4945,5.5804,-9.4027,21.5964,162.8425,0.880,0.000,1.000,0.0000,0.0000,0
2026-05-05,15:16:58,10268,1,0.0000,-0.0087,0.0518,1.5225,3.7555,0,12.5202,0,0,40.9260,12.5945,-8.6613,24.1752,162.9389,0.848,0.000,1.000,0.0000,0.0000,0
2026-05-05,15:16:58,10303,1,0.0000,-0.0044,0.0523,1.5381,3.7555,0,12.5202,0,0,41.2974,12.9896,-7.9094,24.5073,162.7786,0.816,0.000,1.000,0.0000,0.0000,0
2026-05-05,15:16:58,10338,1,0.0000,-0.0057,0.0537,1.5805,3.7555,0,12.5202,0,0,41.3888,0.4328,-7.5254,17.5972,162.3213,0.784,0.000,1.000,0.0000,0.0000,0
2026-05-05,15:16:58,10373,1,0.0000,-0.0212,0.0570,1.6751,3.7556,0,12.5202,0,0,40.6509,-18.6885,-7.8382,2.0667,161.5999,0.752,0.000,1.000,0.0000,0.0000,0
2026-05-05,15:16:58,10408,1,0.0000,-0.0119,0.0563,1.6557,3.7557,0,12.5202,0,0,40.9299,18.3576,-7.7854,6.8515,161.4908,0.744,0.000,1.000,0.0000,0.0000,0
2026-05-05,15:16:58,10443,1,0.0000,0.0049,0.0554,1.6280,3.7557,0,12.5202,0,0,42.1253,32.9880,-6.7631,25.4820,161.9219,0.712,0.000,1.000,0.0000,0.0000,0
2026-05-05,15:16:58,10478,1,0.0000,0.0121,0.0538,1.5810,3.7557,0,12.5202,0,0,43.0061,24.6092,-5.4148,36.6290,162.3385,0.680,0.000,1.000,0.0000,0.0000,0
2026-05-05,15:16:58,10513,1,0.0000,0.0034,0.0545,1.6016,3.7556,0,12.5202,0,0,43.4876,14.1576,-4.5616,30.1696,162.0800,0.648,0.000,1.000,0.0000,0.0000,0
2026-05-05,15:16:58,10548,1,0.0000,-0.0081,0.0543,1.5962,3.7556,0,12.5202,0,0,43.9511,12.2662,-4.3730,16.4574,161.4961,0.616,0.000,1.000,0.0000,0.0000,0
2026-05-05,15:16:58,10584,1,0.0000,0.0034,0.0544,1.6014,3.7556,0,12.5202,0,0,44.2340,8.4055,-4.3257,10.9484,161.0862,0.584,0.000,1.000,0.0000,0.0000,0
2026-05-05,15:16:58,10619,1,0.0000,-0.0153,0.0555,1.6333,3.7556,0,12.5202,0,0,44.4216,5.9119,-3.6316,21.3930,161.2447,0.552,0.000,1.000,0.0000,0.0000,0
2026-05-05,15:16:58,10654,1,0.0000,-0.0117,0.0563,1.6573,3.7557,0,12.5202,0,0,44.0201,-14.7897,-2.7209,28.1610,161.5935,0.520,0.000,1.000,0.0000,0.0000,0
2026-05-05,15:16:58,10693,1,0.0000,-0.0635,0.0655,1.9275,3.7560,0,12.5202,0,0,43.0921,-14.3106,-2.8878,22.5710,161.2165,0.520,0.000,1.000,0.0000,0.0000,0
2026-05-05,15:16:58,10729,1,0.0000,-0.0222,0.0669,1.9673,3.7562,0,12.5202,0,0,43.6757,24.2340,-1.6769,35.9032,161.6560,0.512,0.000,1.000,0.0000,0.0000,0
2026-05-05,15:16:58,10764,1,0.0000,0.0021,0.0648,1.9065,3.7562,0,12.5202,0,0,44.2811,17.1916,-0.1284,45.1760,162.0642,0.480,0.000,1.000,0.0000,0.0000,0
2026-05-05,15:16:58,10799,1,0.0000,0.0012,0.0648,1.9065,3.7562,0,12.5202,0,0,44.6911,15.4213,1.2209,43.6922,162.3680,0.448,0.000,1.000,0.0000,0.0000,0
2026-05-05,15:16:59,10834,1,0.0000,0.0027,0.0649,1.9089,3.7562,0,12.5202,0,0,45.2735,18.0217,2.3610,39.2511,162.8524,0.416,0.000,1.000,0.0000,0.0000,0
2026-05-05,15:16:59,10869,1,0.0000,-0.0008,0.0651,1.9153,3.7562,0,12.5202,0,0,45.6739,11.6203,3.3316,34.5038,163.2452,0.384,0.000,1.000,0.0000,0.0000,0
2026-05-05,15:16:59,10904,1,0.0000,0.0182,0.0636,1.8714,3.7561,0,12.5202,0,0,45.9422,8.4690,4.3472,34.6650,163.7183,0.352,0.000,1.000,0.0000,0.0000,0
2026-05-05,15:16:59,10939,1,0.0000,0.0008,0.0651,1.9151,3.7561,0,12.5202,0,0,46.1003,5.0760,5.5176,35.9697,164.1482,0.320,0.000,1.000,0.0000,0.0000,0
2026-05-05,15:16:59,10974,1,0.0000,0.0019,0.0644,1.8942,3.7561,0,12.5202,0,0,45.9736,-2.3382,6.2817,28.1151,164.2110,0.288,0.000,1.000,0.0000,0.0000,0
2026-05-05,15:16:59,11009,1,0.0000,-0.0414,0.0694,2.0422,3.7562,0,12.5202,0,0,45.5286,-10.8823,6.6611,18.5336,164.0919,0.256,0.000,1.000,0.0000,0.0000,0
2026-05-05,15:16:59,11044,1,0.0000,-0.1567,0.0896,2.6351,3.7570,0,12.5202,0,0,45.4232,6.3085,6.7346,9.9467,164.1836,0.224,0.000,1.000,0.0000,0.0000,0
2026-05-05,15:16:59,11079,1,0.0000,0.0036,0.0975,2.8686,3.7579,0,12.5202,0,0,46.1617,20.6986,7.1729,13.9411,164.6268,0.192,0.000,1.000,0.0000,0.0000,0
2026-05-05,15:16:59,11114,1,0.0000,0.0213,0.0945,2.7797,3.7578,0,12.5202,0,0,46.5285,12.6260,7.9503,21.3792,164.8788,0.160,0.000,1.000,0.0000,0.0000,0
2026-05-05,15:16:59,11149,1,0.0000,-0.0011,0.0961,2.8254,3.7577,0,12.5202,0,0,47.1629,20.8853,8.8252,25.7479,164.9705,0.128,0.000,1.000,0.0000,0.0000,0
2026-05-05,15:16:59,11184,1,0.0000,0.0182,0.0922,2.7103,3.7577,0,12.5202,0,0,47.7268,14.2644,9.5818,24.3378,165.3128,0.096,0.000,1.000,0.0000,0.0000,0
2026-05-05,15:16:59,11219,1,0.0000,0.0533,0.0862,2.5366,3.7574,0,12.5202,0,0,47.9927,9.2919,10.1667,20.5158,165.8810,0.064,0.000,1.000,0.0000,0.0000,0
2026-05-05,15:16:59,11254,1,0.0000,-0.0130,0.0858,2.5224,3.7572,0,12.5202,0,0,48.5085,18.0250,10.5381,14.3077,165.8298,0.032,0.000,1.000,0.0000,0.0000,0
2026-05-05,15:16:59,11289,1,0.0000,-0.0275,0.0891,2.6215,3.7574,0,12.5202,0,0,48.0807,-15.6029,10.4730,3.6414,165.5871,0.000,0.000,1.000,0.0000,0.0000,0
2026-05-05,15:16:59,11324,1,0.0000,-0.0070,0.0953,2.8017,3.7577,0,12.5202,0,0,47.4975,-5.8447,10.1674,-3.0947,165.2778,0.000,0.000,1.000,0.0000,0.0000,0
2026-05-05,15:16:59,11359,1,0.0000,0.0057,0.0955,2.8094,3.7578,0,12.5202,0,0,48.4068,27.3167,10.2541,2.6483,165.1820,0.000,0.000,1.000,0.0000,0.0000,0
2026-05-05,15:16:59,11394,1,0.0000,-0.0529,0.1017,2.9923,3.7580,0,12.5202,0,0,48.6123,3.7107,10.6029,8.2744,165.4119,0.000,0.000,1.000,0.0000,0.0000,0
2026-05-05,15:16:59,11429,1,0.0000,0.0057,0.1036,3.0481,3.7583,0,12.5202,0,0,48.3703,0.9243,10.7119,5.8248,165.5705,0.000,0.000,1.000,0.0000,0.0000,0
2026-05-05,15:16:59,11464,1,0.0000,0.0025,0.1042,3.0659,3.7582,0,12.5202,0,0,49.1893,24.7538,10.9012,6.9018,165.2692,0.000,0.000,1.000,0.0000,0.0000,0
2026-05-05,15:16:59,11499,1,0.0000,0.0164,0.1014,2.9838,3.7582,0,12.5202,0,0,50.0956,26.1721,11.2253,9.5334,165.1176,0.000,0.000,1.000,0.0000,0.0000,0
2026-05-05,15:16:59,11534,1,0.0000,0.0122,0.0999,2.9374,3.7581,0,12.5202,0,0,50.4998,12.0358,11.4778,8.7429,165.0537,0.000,0.000,1.000,0.0000,0.0000,0
2026-05-05,15:16:59,11569,1,0.0000,0.0001,0.1002,2.9467,3.7580,0,12.5202,0,0,50.4800,-1.9397,11.5898,5.9496,165.0924,0.000,0.000,1.000,0.0000,0.0000,0
2026-05-05,15:16:59,11604,1,0.0000,-0.0084,0.1027,3.0191,3.7581,0,12.5202,0,0,49.6089,-16.8241,11.5264,2.3610,165.7750,0.000,0.000,1.000,0.0000,0.0000,0
2026-05-05,15:16:59,11645,1,0.0000,-0.0823,0.1119,3.2906,3.7584,0,12.5202,0,0,49.3103,5.1128,11.5240,3.7583,165.7764,0.032,0.000,1.000,0.0000,0.0000,0
2026-05-05,15:16:59,11680,1,0.0000,-0.0398,0.1178,3.4645,3.7588,0,12.5202,0,0,49.9685,18.1310,11.7803,6.4579,165.4499,0.000,0.000,1.000,0.0000,0.0000,0
2026-05-05,15:16:59,11716,1,0.0000,0.0118,0.1142,3.3597,3.7588,0,12.5202,0,0,50.6521,27.6085,11.8464,4.4472,164.7594,0.000,0.000,1.000,0.0000,0.0000,0
2026-05-05,15:16:59,11751,1,0.0000,0.0999,0.1019,2.9969,3.7584,0,12.5202,0,0,51.7435,38.5352,11.8861,3.1678,164.4886,0.000,0.000,1.000,0.0000,0.0000,0
2026-05-05,15:16:59,11787,1,0.0000,0.0344,0.0941,2.7674,3.7579,0,12.5202,0,0,52.9950,39.5414,12.0076,4.1723,164.8192,0.000,0.000,1.000,0.0000,0.0000,0
2026-05-05,15:17:00,11822,1,0.0000,0.1505,0.0733,2.1554,3.7571,0,12.5202,0,0,53.8722,29.1918,12.0489,2.9528,165.5796,0.000,0.000,1.000,0.0000,0.0000,0
2026-05-05,15:17:00,11857,1,0.0000,0.1643,0.0528,1.5533,3.7560,0,12.5202,0,0,54.6882,25.4253,12.1776,3.8431,166.1822,0.000,0.000,1.000,0.0000,0.0000,0
2026-05-05,15:17:00,11893,1,0.0000,0.0461,0.0523,1.5383,3.7555,0,12.5202,0,0,55.5377,28.1187,12.3779,5.6532,166.2628,0.000,0.000,1.000,0.0000,0.0000,0
2026-05-05,15:17:00,11928,1,0.0000,-0.0094,0.0516,1.5175,3.7554,0,12.5202,0,0,56.2313,15.1746,12.6732,7.6718,166.3042,0.000,0.000,1.000,0.0000,0.0000,0
2026-05-05,15:17:00,11963,1,0.0000,-0.0726,0.0618,1.8171,3.7558,0,12.5202,0,0,55.0710,-42.4618,12.6221,1.1828,166.4364,0.000,0.000,1.000,0.0000,0.0000,0
2026-05-05,15:17:00,11998,1,0.0000,-0.0083,0.0662,1.9474,3.7562,0,12.5202,0,0,53.3922,-23.2637,11.9983,-10.6095,166.3224,0.064,0.000,1.000,0.0000,0.0000,0
2026-05-05,15:17:00,12033,1,0.0000,0.0128,0.0642,1.8881,3.7561,0,12.5202,0,0,56.2105,79.9200,12.0355,-1.5898,166.2737,0.056,0.000,1.000,0.0000,0.0000,0
2026-05-05,15:17:00,12068,1,0.0000,0.0171,0.0584,1.7163,3.7559,0,12.5202,0,0,58.2005,54.0328,12.3493,5.0770,165.8668,0.024,0.000,1.000,0.0000,0.0000,0
2026-05-05,15:17:00,12103,1,0.0000,0.0293,0.0564,1.6598,3.7558,0,12.5202,0,0,58.7720,14.8769,12.4427,3.2904,166.3649,0.000,0.000,1.000,0.0000,0.0000,0
2026-05-05,15:17:00,12138,1,0.0000,0.0352,0.0516,1.5174,3.7556,0,12.5202,0,0,59.3997,19.7217,12.5414,3.5157,166.8201,0.000,0.000,1.000,0.0000,0.0000,0
2026-05-05,15:17:00,12173,1,0.0000,0.0191,0.0472,1.3879,3.7553,0,12.5202,0,0,60.2351,21.1416,12.9028,8.6592,166.7742,0.000,0.000,1.000,0.0000,0.0000,0
2026-05-05,15:17:00,12208,1,0.0000,0.0086,0.0484,1.4233,3.7553,0,12.5202,0,0,60.5981,5.2512,13.3010,10.5553,166.6958,0.000,0.000,1.000,0.0000,0.0000,0
2026-05-05,15:17:00,12243,1,0.0000,0.0031,0.0483,1.4194,3.7553,0,12.5202,0,0,60.6798,-3.5897,13.6578,11.1262,166.6286,0.000,0.000,1.000,0.0000,0.0000,0
2026-05-05,15:17:00,12278,1,0.0000,0.0239,0.0453,1.3333,3.7552,0,12.5202,0,0,60.2592,-17.6745,13.9624,10.4784,166.4106,0.000,0.000,1.000,0.0000,0.0000,0
2026-05-05,15:17:00,12313,1,0.0000,0.0066,0.0468,1.3754,3.7552,0,12.5202,0,0,59.6070,-22.4120,14.3126,11.8352,166.1480,0.048,0.000,1.000,0.0000,0.0000,0
2026-05-05,15:17:00,12349,1,0.0000,0.0034,0.0472,1.3873,3.7552,0,12.5202,0,0,59.0714,-20.0992,14.7394,13.9482,165.8711,0.112,0.000,1.000,0.0000,0.0000,0
2026-05-05,15:17:00,12384,1,0.0000,-0.0111,0.0473,1.3904,3.7552,0,12.5202,0,0,58.3855,-25.1097,15.2494,16.4723,165.7490,0.176,0.000,1.000,0.0000,0.0000,0
2026-05-05,15:17:00,12420,1,0.0000,-0.0163,0.0476,1.3995,3.7552,0,12.5202,0,0,57.4067,-29.6075,15.7400,16.4414,165.3670,0.240,0.000,1.000,0.0000,0.0000,0
2026-05-05,15:17:00,12455,1,0.0000,-0.0107,0.0495,1.4556,3.7553,0,12.5202,0,0,56.5086,-31.1624,16.1805,16.5072,164.9277,0.304,0.000,1.000,0.0000,0.0000,0
2026-05-05,15:17:00,12490,1,0.0000,-0.0418,0.0544,1.6011,3.7555,0,12.5202,0,0,55.4151,-32.6619,16.5308,15.0303,164.4393,0.368,0.000,1.000,0.0000,0.0000,0
2026-05-05,15:17:00,12525,1,0.0000,-0.0298,0.0577,1.6970,3.7557,0,12.5202,0,0,54.8519,-15.2403,16.9612,15.7696,164.6593,0.432,0.000,1.000,0.0000,0.0000,0
2026-05-05,15:17:00,12563,1,0.0000,-0.0159,0.0608,1.7896,3.7559,0,12.5202,0,0,54.7591,-8.1186,17.1213,16.3031,164.6422,0.480,0.000,1.000,0.0000,0.0000,0
2026-05-05,15:17:00,12599,1,0.0000,-0.0065,0.0592,1.7406,3.7559,0,12.5202,0,0,54.5360,-6.7157,18.0564,25.6004,165.0187,0.544,0.000,1.000,0.0000,0.0000,0
2026-05-05,15:17:00,12634,1,0.0000,0.0024,0.0608,1.7896,3.7559,0,12.5202,0,0,54.4486,-2.6729,18.7539,23.4160,165.0967,0.608,0.000,1.000,0.0000,0.0000,0
2026-05-05,15:17:00,12669,1,0.0000,-0.0323,0.0638,1.8754,3.7560,0,12.5202,0,0,54.4478,-1.3702,19.2506,19.9052,165.2442,0.672,0.000,1.000,0.0000,0.0000,0
2026-05-05,15:17:00,12704,1,0.0000,-0.0089,0.0648,1.9068,3.7561,0,12.5202,0,0,54.2732,-6.7024,19.8696,20.7223,165.5866,0.664,0.000,1.000,0.0000,0.0000,0
2026-05-05,15:17:00,12740,1,0.0000,0.0097,0.0625,1.8384,3.7561,0,12.5202,0,0,54.3873,3.7552,20.5690,22.4676,165.9050,0.656,0.000,1.000,0.0000,0.0000,0
2026-05-05,15:17:00,12775,1,0.0000,-0.0126,0.0636,1.8694,3.7561,0,12.5202,0,0,54.5118,0.3964,21.2463,21.9157,166.3081,0.624,0.000,1.000,0.0000,0.0000,0
2026-05-05,15:17:01,12810,1,0.0000,-0.0467,0.0679,1.9969,3.7562,0,12.5202,0,0,54.2340,-12.5813,21.6888,16.8443,166.4189,0.592,0.000,1.000,0.0000,0.0000,0
2026-05-05,15:17:01,12845,1,0.0000,-0.1928,0.0953,2.8040,3.7572,0,12.5202,0,0,53.3690,-25.9360,21.9267,11.5415,166.2491,0.632,0.000,1.000,0.0000,0.0000,0
2026-05-05,15:17:01,12880,1,0.0000,-0.0332,0.1005,2.9563,3.7580,0,12.5202,0,0,53.0013,-5.8976,22.1180,9.1811,166.5698,0.696,0.000,1.000,0.0000,0.0000,0
2026-05-05,15:17:01,12915,1,0.0000,-0.0106,0.1027,3.0192,3.7581,0,12.5202,0,0,53.3552,8.6952,22.5059,11.4259,167.1711,0.736,0.000,1.000,0.0000,0.0000,0
2026-05-05,15:17:01,12950,1,0.0000,-0.0017,0.1014,2.9831,3.7581,0,12.5202,0,0,53.1441,-6.4827,22.8126,10.6848,167.8004,0.704,0.000,1.000,0.0000,0.0000,0
2026-05-05,15:17:01,12985,1,0.0000,0.0134,0.0999,2.9373,3.7581,0,12.5202,0,0,53.0617,-3.3893,23.2411,12.7055,168.0265,0.672,0.000,1.000,0.0000,0.0000,0
2026-05-05,15:17:01,13020,1,0.0000,0.0812,0.0914,2.6868,3.7578,0,12.5202,0,0,53.3266,9.4316,23.6310,12.4340,168.4023,0.640,0.000,1.000,0.0000,0.0000,0
2026-05-05,15:17:01,13055,1,0.0000,0.1944,0.0659,1.9396,3.7567,0,12.5202,0,0,54.0516,23.7235,23.9080,9.7289,168.6851,0.608,0.000,1.000,0.0000,0.0000,0
2026-05-05,15:17:01,13090,1,0.0000,0.1193,0.0420,1.2362,3.7552,0,12.5202,0,0,55.3460,41.1951,24.2162,9.7462,168.8936,0.576,0.000,1.000,0.0000,0.0000,0
2026-05-05,15:17:01,13125,1,0.0000,-0.0203,0.0456,1.3424,3.7551,0,12.5202,0,0,56.2544,8.5333,24.7340,13.5601,169.0252,0.544,0.000,1.000,0.0000,0.0000,0
2026-05-05,15:17:01,13160,1,0.0000,-0.1287,0.0638,1.8768,3.7557,0,12.5202,0,0,52.7527,-119.2211,24.8533,7.0720,169.1581,0.560,0.000,1.000,0.0000,0.0000,0
2026-05-05,15:17:01,13195,1,0.0000,-0.0957,0.0753,2.2137,3.7565,0,12.5202,0,0,48.8794,-62.1503,24.6088,-0.6599,169.5145,0.624,0.000,1.000,0.0000,0.0000,0
2026-05-05,15:17:01,13230,1,0.0000,0.0194,0.0772,2.2712,3.7568,0,12.5202,0,0,53.3058,125.3476,24.8701,5.5258,169.9890,0.664,0.000,1.000,0.0000,0.0000,0
2026-05-05,15:17:01,13266,1,0.0000,0.0551,0.0687,2.0212,3.7565,0,12.5202,0,0,56.4612,76.9914,25.1562,5.9557,170.0182,0.632,0.000,1.000,0.0000,0.0000,0
2026-05-05,15:17:01,13301,1,0.0000,0.0075,0.0694,2.0423,3.7564,0,12.5202,0,0,56.0526,-24.2605,25.0829,-0.3821,169.8893,0.600,0.000,1.000,0.0000,0.0000,0
2026-05-05,15:17:01,13337,1,0.0000,-0.0019,0.0702,2.0658,3.7564,0,12.5202,0,0,55.0377,-18.7675,24.7290,-6.6665,169.7040,0.568,0.000,1.000,0.0000,0.0000,0
2026-05-05,15:17:01,13372,1,0.0000,0.0406,0.0655,1.9256,3.7563,0,12.5202,0,0,55.9324,24.6282,24.5457,-5.4618,169.8222,0.536,0.000,1.000,0.0000,0.0000,0
2026-05-05,15:17:01,13407,1,0.0000,0.0631,0.0569,1.6745,3.7559,0,12.5202,0,0,56.6142,16.6769,24.5611,-1.4677,169.8318,0.504,0.000,1.000,0.0000,0.0000,0
2026-05-05,15:17:01,13442,1,0.0000,0.0696,0.0475,1.3970,3.7555,0,12.5202,0,0,57.5973,27.7387,24.8763,6.0216,169.9474,0.472,0.000,1.000,0.0000,0.0000,0
2026-05-05,15:17:01,13481,1,0.0000,0.0437,0.0411,1.2080,3.7550,0,12.5202,0,0,59.5572,34.4325,25.4032,9.6982,170.0808,0.448,0.000,1.000,0.0000,0.0000,0
2026-05-05,15:17:01,13516,1,0.0000,0.0092,0.0386,1.1345,3.7548,0,12.5202,0,0,60.1174,1.2918,26.1306,17.6759,170.1290,0.416,0.000,1.000,0.0000,0.0000,0
2026-05-05,15:17:01,13552,1,0.0000,-0.0187,0.0414,1.2163,3.7548,0,12.5202,0,0,57.9965,-82.3055,26.8147,19.4525,170.0211,0.408,0.000,1.000,0.0000,0.0000,0
2026-05-05,15:17:01,13587,1,0.0000,-0.1164,0.0534,1.5709,3.7553,0,12.5202,0,0,52.4095,-173.6808,26.8831,8.8954,169.4885,0.472,0.000,1.000,0.0000,0.0000,0
2026-05-05,15:17:01,13622,1,0.0000,-0.1485,0.0727,2.1395,3.7562,0,12.5202,0,0,47.4608,-93.2014,26.2480,-6.1749,168.1550,0.536,0.000,1.000,0.0000,0.0000,0
2026-05-05,15:17:01,13658,1,0.0000,-0.2286,0.1104,3.2470,3.7580,0,12.5202,0,0,51.9824,137.5037,26.2617,2.1472,124.9892,0.600,0.000,1.000,0.0000,0.0000,0
2026-05-05,15:17:01,13693,1,0.0000,0.0169,0.1034,3.0399,3.7583,0,12.5202,0,0,54.4821,45.1639,27.0099,14.2801,119.7666,0.568,0.000,1.000,0.0000,0.0000,0
2026-05-05,15:17:01,13729,1,0.0000,0.0244,0.1021,3.0018,3.7582,0,12.5202,0,0,52.6484,-46.0626,26.9716,3.6344,127.2049,0.536,0.000,1.000,0.0000,0.0000,0
2026-05-05,15:17:01,13765,1,0.0000,0.0458,0.0943,2.7723,3.7579,0,12.5202,0,0,53.4279,36.0025,26.7727,-1.8019,133.5458,0.504,0.000,1.000,0.0000,0.0000,0
2026-05-05,15:17:01,13801,1,0.0000,0.0316,0.0909,2.6749,3.7576,0,12.5202,0,0,54.8410,34.9453,26.6777,-2.4576,139.3129,0.472,0.000,1.000,0.0000,0.0000,0
2026-05-05,15:17:02,13836,1,0.0000,0.0117,0.0875,2.5741,3.7575,0,12.5202,0,0,54.8031,-5.0994,26.6656,-1.2772,143.6681,0.440,0.000,1.000,0.0000,0.0000,0
2026-05-05,15:17:02,13871,1,0.0000,0.1526,0.0694,2.0406,3.7568,0,12.5202,0,0,54.8350,2.4041,26.6843,-0.1209,147.6784,0.408,0.000,1.000,0.0000,0.0000,0
2026-05-05,15:17:02,13906,1,0.0000,0.0815,0.0507,1.4912,3.7556,0,12.5202,0,0,55.1985,9.8515,26.7463,1.9152,151.3230,0.376,0.000,1.000,0.0000,0.0000,0
2026-05-05,15:17:02,13941,1,0.0000,-0.0370,0.0587,1.7278,3.7557,0,12.5202,0,0,54.6951,-20.1842,27.0559,7.0016,153.9465,0.344,0.000,1.000,0.0000,0.0000,0
2026-05-05,15:17:02,13976,1,0.0000,-0.0838,0.0733,2.1565,3.7563,0,12.5202,0,0,52.7313,-56.5490,27.0357,2.6376,155.8225,0.384,0.000,1.000,0.0000,0.0000,0
2026-05-05,15:17:02,14011,1,0.0000,-0.1390,0.0917,2.6970,3.7572,0,12.5202,0,0,52.3385,2.6050,26.7906,-3.1719,157.1879,0.448,0.000,1.000,0.0000,0.0000,0
2026-05-05,15:17:02,14046,1,0.0000,-0.0012,0.0936,2.7543,3.7577,0,12.5202,0,0,53.3862,23.6259,26.5227,-5.3718,159.3922,0.464,0.000,1.000,0.0000,0.0000,0
2026-05-05,15:17:02,14081,1,0.0000,0.0115,0.0920,2.7055,3.7576,0,12.5202,0,0,53.4584,2.1756,26.6271,1.0732,161.6215,0.432,0.000,1.000,0.0000,0.0000,0
2026-05-05,15:17:02,14116,1,0.0000,-0.0008,0.0921,2.7101,3.7576,0,12.5202,0,0,53.7246,11.0399,26.7481,2.8882,162.9814,0.400,0.000,1.000,0.0000,0.0000,0
2026-05-05,15:17:02,14151,1,0.0000,0.0287,0.0896,2.6343,3.7576,0,12.5202,0,0,54.2768,15.7894,26.8004,1.8229,164.0214,0.368,0.000,1.000,0.0000,0.0000,0
2026-05-05,15:17:02,14186,1,0.0000,0.0313,0.0857,2.5203,3.7573,0,12.5202,0,0,54.8158,15.8410,26.8604,1.9105,165.0294,0.336,0.000,0.999,0.0000,0.0000,0
2026-05-05,15:17:02,14221,1,0.0000,0.0362,0.0825,2.4270,3.7572,0,12.5202,0,0,55.0469,5.1860,26.8925,0.8948,166.0216,0.304,0.000,0.996,0.0000,0.0000,0
2026-05-05,15:17:02,14256,1,0.0000,-0.0039,0.0826,2.4290,3.7571,0,12.5202,0,0,55.0860,2.4275,26.9163,1.1806,166.8341,0.272,0.000,0.993,0.0000,0.0000,0
2026-05-05,15:17:02,14291,1,0.0000,-0.0107,0.0855,2.5144,3.7572,0,12.5202,0,0,54.9042,-4.4284,26.9378,0.7617,167.3839,0.240,0.000,0.990,0.0000,0.0000,0
2026-05-05,15:17:02,14326,1,0.0000,-0.0036,0.0829,2.4369,3.7572,0,12.5202,0,0,54.7538,-3.7142,26.9769,0.9537,167.8548,0.208,0.000,0.986,0.0000,0.0000,0
2026-05-05,15:17:02,14361,1,0.0000,-0.0336,0.0895,2.6312,3.7573,0,12.5202,0,0,54.4050,-10.0973,26.9234,-0.4623,168.4037,0.176,0.000,0.983,0.0000,0.0000,0
2026-05-05,15:17:02,14399,1,0.0000,-0.0695,0.0977,2.8735,3.7577,0,12.5202,0,0,53.9085,-7.8683,26.8429,-0.7841,168.6060,0.224,0.000,0.981,0.0000,0.0000,0
2026-05-05,15:17:02,14435,1,0.0000,-0.0083,0.0952,2.8001,3.7577,0,12.5202,0,0,54.1475,6.6359,26.8071,-0.8148,168.9783,0.216,0.000,0.978,0.0000,0.0000,0
2026-05-05,15:17:02,14470,1,0.0000,0.0394,0.0886,2.6067,3.7576,0,12.5202,0,0,54.5850,13.1710,26.8290,0.1218,169.3956,0.184,0.000,0.974,0.0000,0.0000,0
2026-05-05,15:17:02,14505,1,0.0000,0.0710,0.0812,2.3888,3.7573,0,12.5202,0,0,54.9012,10.6002,26.8447,0.5476,169.6604,0.152,0.000,0.971,0.0000,0.0000,0
2026-05-05,15:17:02,14540,1,0.0000,-0.0010,0.0810,2.3836,3.7570,0,12.5202,0,0,55.2067,9.1241,26.8316,-0.4997,169.8516,0.120,0.000,0.968,0.0000,0.0000,0
2026-05-05,15:17:02,14576,1,0.0000,-0.0242,0.0818,2.4058,3.7570,0,12.5202,0,0,55.2020,-2.2268,26.7269,-2.0923,169.9671,0.088,0.000,0.965,0.0000,0.0000,0
2026-05-05,15:17:02,14611,1,0.0000,-0.0342,0.0882,2.5937,3.7574,0,12.5202,0,0,54.5955,-15.4861,26.5692,-3.9225,170.1179,0.056,0.000,0.962,0.0000,0.0000,0
2026-05-05,15:17:02,14646,1,0.0000,0.0056,0.0878,2.5824,3.7574,0,12.5202,0,0,54.7352,9.4038,26.3455,-5.8807,170.4944,0.024,0.000,0.958,0.0000,0.0000,0
2026-05-05,15:17:02,14681,1,0.0000,0.0244,0.0855,2.5136,3.7573,0,12.5202,0,0,55.3148,16.3902,26.1417,-6.0108,170.8156,0.000,0.000,0.955,0.0000,0.0000,0
2026-05-05,15:17:02,14716,1,0.0000,-0.0012,0.0861,2.5333,3.7573,0,12.5202,0,0,55.5465,6.2323,25.9711,-5.6165,170.7135,0.000,0.000,0.952,0.0000,0.0000,0
2026-05-05,15:17:02,14751,1,0.0000,0.0313,0.0817,2.4032,3.7571,0,12.5202,0,0,55.6951,7.1355,25.9122,-3.2309,170.6691,0.000,0.000,0.949,0.0000,0.0000,0
2026-05-05,15:17:02,14787,1,0.0000,0.0057,0.0789,2.3205,3.7569,0,12.5202,0,0,56.1224,13.3445,25.8726,-1.9324,170.8972,0.000,0.000,0.946,0.0000,0.0000,0
2026-05-05,15:17:03,14822,1,0.0000,-0.0262,0.0820,2.4119,3.7570,0,12.5202,0,0,55.9379,-10.7436,25.7875,-2.4586,171.0164,0.000,0.000,0.942,0.0000,0.0000,0
2026-05-05,15:17:03,14857,1,0.0000,-0.0798,0.0931,2.7391,3.7575,0,12.5202,0,0,54.7211,-31.4290,25.5674,-5.1952,170.9704,0.032,0.000,0.939,0.0000,0.0000,0
2026-05-05,15:17:03,14892,1,0.0000,0.0146,0.0936,2.7544,3.7577,0,12.5202,0,0,55.1231,24.4010,25.3133,-6.5480,171.0405,0.072,0.000,0.936,0.0000,0.0000,0
2026-05-05,15:17:03,14927,1,0.0000,0.0322,0.0905,2.6618,3.7576,0,12.5202,0,0,56.0977,27.8401,25.2179,-4.1409,171.2484,0.040,0.000,0.933,0.0000,0.0000,0
2026-05-05,15:17:03,14962,1,0.0000,0.1497,0.0686,2.0167,3.7568,0,12.5202,0,0,57.1492,32.6180,25.2130,-1.6319,171.3911,0.008,0.000,0.930,0.0000,0.0000,0
2026-05-05,15:17:03,14997,1,0.0000,0.1226,0.0478,1.4071,3.7556,0,12.5202,0,0,58.2194,31.1335,25.2820,0.4537,171.3725,0.000,0.000,0.944,0.0000,0.0000,0
2026-05-05,15:17:03,15032,1,0.0000,-0.0044,0.0513,1.5084,3.7554,0,12.5202,0,0,58.6552,3.2363,25.4801,4.1773,171.1519,0.000,0.000,0.976,0.0000,0.0000,0
2026-05-05,15:17:03,15067,1,0.0000,-0.0438,0.0598,1.7600,3.7557,0,12.5202,0,0,56.6610,-66.3576,25.4518,0.4814,171.0234,0.016,0.000,1.000,0.0000,0.0000,0
2026-05-05,15:17:03,15102,1,0.0000,-0.0722,0.0723,2.1278,3.7564,0,12.5202,0,0,54.0906,-52.9456,25.0368,-7.2052,171.1585,0.080,0.000,1.000,0.0000,0.0000,0
2026-05-05,15:17:03,15137,1,0.0000,-0.0070,0.0754,2.2163,3.7568,0,12.5202,0,0,56.2838,68.2350,24.8892,-4.8916,165.2927,0.120,0.000,1.000,0.0000,0.0000,0
2026-05-05,15:17:03,15172,1,0.0000,-0.0110,0.0770,2.2643,3.7568,0,12.5202,0,0,57.8872,40.6137,24.8109,-3.9584,166.2968,0.088,0.000,1.000,0.0000,0.0000,0
2026-05-05,15:17:03,15207,1,0.0000,-0.0046,0.0773,2.2732,3.7568,0,12.5202,0,0,57.8708,0.0628,24.6236,-5.4786,166.6840,0.056,0.000,1.000,0.0000,0.0000,0
2026-05-05,15:17:03,15242,1,0.0000,0.0512,0.0705,2.0730,3.7566,0,12.5202,0,0,58.1995,13.5801,24.3615,-7.1598,167.4032,0.024,0.000,1.000,0.0000,0.0000,0
2026-05-05,15:17:03,15277,1,0.0000,0.1223,0.0534,1.5717,3.7559,0,12.5202,0,0,59.3966,38.7425,24.2747,-4.1322,168.5435,0.000,0.000,1.000,0.0000,0.0000,0
2026-05-05,15:17:03,15315,1,0.0000,0.0097,0.0523,1.5384,3.7556,0,12.5202,0,0,60.6464,33.4825,24.4691,-0.5342,168.6766,0.000,0.000,1.000,0.0000,0.0000,0
2026-05-05,15:17:03,15351,1,0.0000,0.0061,0.0516,1.5173,3.7555,0,12.5202,0,0,61.2299,9.8278,24.7141,4.2863,168.7648,0.000,0.000,1.000,0.0000,0.0000,0
2026-05-05,15:17:03,15386,1,0.0000,0.0127,0.0493,1.4495,3.7554,0,12.5202,0,0,60.7213,-19.5473,25.0443,8.3567,169.1206,0.000,0.000,1.000,0.0000,0.0000,0
2026-05-05,15:17:03,15421,1,0.0000,0.0020,0.0498,1.4651,3.7554,0,12.5202,0,0,60.0862,-20.2506,25.3429,8.9408,169.6617,0.016,0.000,1.000,0.0000,0.0000,0
2026-05-05,15:17:03,15456,1,0.0000,-0.0120,0.0523,1.5386,3.7555,0,12.5202,0,0,59.0317,-35.3638,25.6221,9.3436,169.9139,0.080,0.000,1.000,0.0000,0.0000,0
2026-05-05,15:17:03,15491,1,0.0000,-0.0139,0.0545,1.6019,3.7556,0,12.5202,0,0,57.7943,-29.5373,25.9548,10.3551,169.9910,0.144,0.000,1.000,0.0000,0.0000,0
2026-05-05,15:17:03,15526,1,0.0000,0.0087,0.0550,1.6171,3.7557,0,12.5202,0,0,58.1626,13.7285,26.2659,10.5133,170.1855,0.208,0.000,1.000,0.0000,0.0000,0
2026-05-05,15:17:03,15561,1,0.0000,0.0022,0.0550,1.6168,3.7556,0,12.5202,0,0,58.5276,11.2766,26.4983,7.6173,170.4689,0.224,0.000,1.000,0.0000,0.0000,0
2026-05-05,15:17:03,15596,1,0.0000,-0.0035,0.0555,1.6334,3.7556,0,12.5202,0,0,58.8747,10.4034,26.5228,3.0682,170.7375,0.192,0.000,1.000,0.0000,0.0000,0
2026-05-05,15:17:03,15631,1,0.0000,0.0124,0.0536,1.5757,3.7556,0,12.5202,0,0,59.0704,5.7716,26.5611,1.7092,170.8179,0.160,0.000,0.998,0.0000,0.0000,0
2026-05-05,15:17:03,15666,1,0.0000,0.0174,0.0523,1.5384,3.7556,0,12.5202,0,0,59.5274,15.7084,26.5634,0.5316,170.8547,0.128,0.000,0.995,0.0000,0.0000,0
2026-05-05,15:17:03,15701,1,0.0000,0.0025,0.0523,1.5384,3.7555,0,12.5202,0,0,60.2562,18.1434,26.6834,2.4266,170.9449,0.096,0.000,0.992,0.0000,0.0000,0
2026-05-05,15:17:03,15736,1,0.0000,0.0033,0.0509,1.4966,3.7555,0,12.5202,0,0,60.2315,-7.3420,26.7453,1.8126,171.0032,0.064,0.000,0.989,0.0000,0.0000,0
2026-05-05,15:17:03,15771,1,0.0000,-0.0026,0.0519,1.5278,3.7555,0,12.5202,0,0,59.5941,-17.6923,26.7747,1.0615,171.0688,0.032,0.000,0.986,0.0000,0.0000,0
2026-05-05,15:17:04,15807,1,0.0000,0.0007,0.0526,1.5481,3.7555,0,12.5202,0,0,59.2537,-9.8005,26.7741,0.4901,171.1218,0.096,0.000,0.982,0.0000,0.0000,0
2026-05-05,15:17:04,15842,1,0.0000,0.0041,0.0512,1.5071,3.7555,0,12.5202,0,0,59.0478,-7.7015,26.9170,3.2641,171.1054,0.160,0.000,0.979,0.0000,0.0000,0
2026-05-05,15:17:04,15877,1,0.0000,-0.0065,0.0519,1.5278,3.7555,0,12.5202,0,0,58.6790,-11.4745,27.0843,4.5894,171.0603,0.224,0.000,0.976,0.0000,0.0000,0
2026-05-05,15:17:04,15912,1,0.0000,0.0032,0.0516,1.5176,3.7555,0,12.5202,0,0,58.3380,-9.9796,27.2434,4.8039,171.1224,0.288,0.000,0.973,0.0000,0.0000,0
2026-05-05,15:17:04,15947,1,0.0000,-0.0092,0.0541,1.5908,3.7555,0,12.5202,0,0,58.1540,-6.2545,27.3416,3.6251,171.2121,0.352,0.000,0.970,0.0000,0.0000,0
2026-05-05,15:17:04,15982,1,0.0000,-0.0461,0.0581,1.7081,3.7557,0,12.5202,0,0,57.6460,-18.1513,27.4021,2.7660,171.1860,0.416,0.000,0.966,0.0000,0.0000,0
2026-05-05,15:17:04,16018,1,0.0000,-0.0188,0.0609,1.7918,3.7559,0,12.5202,0,0,56.8667,-18.3456,27.3888,0.6386,171.1649,0.480,0.000,0.963,0.0000,0.0000,0
2026-05-05,15:17:04,16053,1,0.0000,0.0073,0.0597,1.7550,3.7559,0,12.5202,0,0,57.1180,8.7093,27.3405,-0.4699,171.3118,0.544,0.000,0.960,0.0000,0.0000,0
2026-05-05,15:17:04,16088,1,0.0000,0.0003,0.0598,1.7595,3.7559,0,12.5202,0,0,57.3717,8.6937,27.2778,-1.7743,171.4095,0.536,0.000,0.957,0.0000,0.0000,0
2026-05-05,15:17:04,16123,1,0.0000,-0.0154,0.0613,1.8015,3.7559,0,12.5202,0,0,57.4198,-0.1387,27.0624,-5.2809,171.3240,0.504,0.000,0.954,0.0000,0.0000,0
2026-05-05,15:17:04,16158,1,0.0000,0.0031,0.0598,1.7582,3.7559,0,12.5202,0,0,57.4188,0.5821,26.8413,-6.3257,171.2604,0.472,0.000,0.950,0.0000,0.0000,0
2026-05-05,15:17:04,16193,1,0.0000,-0.0095,0.0615,1.8075,3.7559,0,12.5202,0,0,57.6297,6.6810,26.6947,-4.9437,171.3267,0.440,0.000,0.947,0.0000,0.0000,0
2026-05-05,15:17:04,16232,1,0.0000,0.0034,0.0607,1.7851,3.7559,0,12.5202,0,0,57.6328,0.9857,26.6465,-3.4878,171.2292,0.416,0.000,0.945,0.0000,0.0000,0
2026-05-05,15:17:04,16267,1,0.0000,-0.0018,0.0597,1.7566,3.7559,0,12.5202,0,0,57.6806,2.9365,26.5497,-3.2815,171.1602,0.384,0.000,0.942,0.0000,0.0000,0
2026-05-05,15:17:04,16302,1,0.0000,-0.0093,0.0622,1.8284,3.7560,0,12.5202,0,0,57.7383,-0.1408,26.3997,-4.1646,170.8660,0.352,0.000,0.938,0.0000,0.0000,0
2026-05-05,15:17:04,16337,1,0.0000,-0.0031,0.0614,1.8060,3.7559,0,12.5202,0,0,57.7779,3.5418,26.2163,-4.9916,170.3513,0.320,0.000,0.935,0.0000,0.0000,0
2026-05-05,15:17:04,16372,1,0.0000,-0.0080,0.0622,1.8284,3.7560,0,12.5202,0,0,57.8855,1.0084,25.9027,-7.3502,169.6280,0.288,0.000,0.932,0.0000,0.0000,0
2026-05-05,15:17:04,16407,1,0.0000,-0.0128,0.0618,1.8180,3.7560,0,12.5202,0,0,57.6818,-6.6353,25.7065,-5.0006,169.6433,0.256,0.000,0.929,0.0000,0.0000,0
2026-05-05,15:17:04,16442,1,0.0000,-0.0267,0.0633,1.8606,3.7560,0,12.5202,0,0,57.2124,-14.6280,25.6914,-1.3361,169.8686,0.248,0.000,0.926,0.0000,0.0000,0
2026-05-05,15:17:04,16477,1,0.0000,-0.0363,0.0674,1.9825,3.7563,0,12.5202,0,0,56.9219,-2.3363,25.6116,-1.4038,169.9633,0.312,0.000,0.922,0.0000,0.0000,0
2026-05-05,15:17:04,16512,1,0.0000,-0.0014,0.0673,1.9803,3.7563,0,12.5202,0,0,57.4182,12.9510,25.6938,1.6933,170.2204,0.304,0.000,0.919,0.0000,0.0000,0
2026-05-05,15:17:04,16547,1,0.0000,0.0057,0.0659,1.9384,3.7563,0,12.5202,0,0,57.8469,13.8127,25.8107,3.3053,170.5258,0.272,0.000,0.916,0.0000,0.0000,0
2026-05-05,15:17:04,16582,1,0.0000,0.0024,0.0660,1.9425,3.7562,0,12.5202,0,0,58.0785,7.1786,25.9609,4.1622,170.7229,0.240,0.000,0.913,0.0000,0.0000,0
2026-05-05,15:17:04,16617,1,0.0000,0.0044,0.0632,1.8589,3.7561,0,12.5202,0,0,58.3078,8.6143,26.0409,3.1248,170.7035,0.208,0.000,0.910,0.0000,0.0000,0
2026-05-05,15:17:04,16652,1,0.0000,-0.0159,0.0641,1.8839,3.7561,0,12.5202,0,0,58.5971,7.7220,26.1574,3.8016,170.4803,0.176,0.000,0.906,0.0000,0.0000,0
2026-05-05,15:17:04,16687,1,0.0000,-0.0277,0.0677,1.9916,3.7563,0,12.5202,0,0,58.3146,-9.2834,26.1164,0.9513,169.9108,0.144,0.000,0.903,0.0000,0.0000,0
2026-05-05,15:17:04,16722,1,0.0000,0.0080,0.0667,1.9605,3.7563,0,12.5202,0,0,58.4173,6.1305,25.9823,-1.4596,169.9614,0.112,0.000,0.900,0.0000,0.0000,0
2026-05-05,15:17:04,16757,1,0.0000,-0.0176,0.0672,1.9774,3.7563,0,12.5202,0,0,58.8966,15.0207,25.9660,0.0812,170.3085,0.080,0.000,0.897,0.0000,0.0000,0
2026-05-05,15:17:04,16792,1,0.0000,-0.0081,0.0670,1.9709,3.7563,0,12.5202,0,0,58.9458,0.9457,26.0732,2.9753,170.2165,0.048,0.000,0.894,0.0000,0.0000,0
2026-05-05,15:17:05,16827,1,0.0000,0.0061,0.0674,1.9812,3.7563,0,12.5202,0,0,58.9425,2.4381,26.2242,4.3331,170.1403,0.016,0.000,0.890,0.0000,0.0000,0
2026-05-05,15:17:05,16862,1,0.0000,0.0219,0.0657,1.9320,3.7562,0,12.5202,0,0,59.3818,15.0803,26.2385,1.9631,170.4937,0.000,0.000,0.887,0.0000,0.0000,0
2026-05-05,15:17:05,16897,1,0.0000,-0.0035,0.0654,1.9240,3.7562,0,12.5202,0,0,59.6761,5.5370,26.2917,2.6557,170.6904,0.000,0.000,0.884,0.0000,0.0000,0
2026-05-05,15:17:05,16932,1,0.0000,0.0082,0.0651,1.9136,3.7562,0,12.5202,0,0,59.5233,-5.1615,26.4188,3.6654,170.4241,0.000,0.000,0.881,0.0000,0.0000,0
2026-05-05,15:17:05,16967,1,0.0000,-0.0021,0.0656,1.9280,3.7562,0,12.5202,0,0,59.8048,11.0883,26.5263,4.2600,170.7491,0.000,0.000,0.878,0.0000,0.0000,0
2026-05-05,15:17:05,17002,1,0.0000,0.0025,0.0661,1.9448,3.7562,0,12.5202,0,0,59.9203,2.1407,26.6735,4.9776,170.8012,0.000,0.000,0.874,0.0000,0.0000,0
2026-05-05,15:17:05,17038,1,0.0000,0.0061,0.0653,1.9200,3.7562,0,12.5202,0,0,59.6913,-6.2691,26.8491,6.1271,170.8574,0.000,0.000,0.871,0.0000,0.0000,0
2026-05-05,15:17:05,17073,1,0.0000,-0.0028,0.0644,1.8944,3.7561,0,12.5202,0,0,60.0270,11.3125,27.0790,6.9314,171.2873,0.000,0.000,0.868,0.0000,0.0000,0
2026-05-05,15:17:05,17108,1,0.0000,-0.0003,0.0646,1.9008,3.7561,0,12.5202,0,0,60.0407,-0.6479,27.1933,4.9396,171.3051,0.000,0.000,0.865,0.0000,0.0000,0
2026-05-05,15:17:05,17144,1,0.0000,0.0038,0.0642,1.8881,3.7561,0,12.5202,0,0,59.8399,-4.6985,27.2262,2.7309,171.1649,0.000,0.000,0.862,0.0000,0.0000,0
2026-05-05,15:17:05,17182,1,0.0000,0.0159,0.0628,1.8485,3.7561,0,12.5202,0,0,59.9275,4.3739,27.1063,1.1411,171.0876,0.000,0.000,0.859,0.0000,0.0000,0
2026-05-05,15:17:05,17218,1,0.0000,-0.0065,0.0649,1.9090,3.7561,0,12.5202,0,0,59.8401,-4.6987,27.0149,-0.7845,170.9042,0.000,0.000,0.856,0.0000,0.0000,0
2026-05-05,15:17:05,17253,1,0.0000,0.0043,0.0650,1.9112,3.7561,0,12.5202,0,0,59.4006,-8.2325,26.9364,-1.0288,170.4864,0.016,0.000,0.853,0.0000,0.0000,0
2026-05-05,15:17:05,17288,1,0.0000,0.0180,0.0624,1.8338,3.7561,0,12.5202,0,0,59.9678,18.8897,26.9032,-0.2085,170.9550,0.000,0.000,0.850,0.0000,0.0000,0
2026-05-05,15:17:05,17324,1,0.0000,0.0469,0.0545,1.6019,3.7557,0,12.5202,0,0,60.7010,23.2541,27.0455,3.2859,171.6898,0.000,0.000,0.846,0.0000,0.0000,0
2026-05-05,15:17:05,17359,1,0.0000,-0.0025,0.0552,1.6226,3.7556,0,12.5202,0,0,61.3749,16.6417,27.4609,9.9198,171.9254,0.000,0.000,0.843,0.0000,0.0000,0
2026-05-05,15:17:05,17394,1,0.0000,0.0161,0.0545,1.6018,3.7556,0,12.5202,0,0,61.3156,-2.6180,27.8863,11.9466,171.6820,0.000,0.000,0.840,0.0000,0.0000,0
2026-05-05,15:17:05,17429,1,0.0000,-0.0005,0.0546,1.6070,3.7556,0,12.5202,0,0,61.2488,-2.6776,28.0566,7.8804,171.4023,0.000,0.000,0.837,0.0000,0.0000,0
2026-05-05,15:17:05,17464,1,0.0000,0.0087,0.0548,1.6121,3.7556,0,12.5202,0,0,61.2844,1.6352,28.1446,5.5034,171.1647,0.000,0.000,0.834,0.0000,0.0000,0
2026-05-05,15:17:05,17499,1,0.0000,-0.0071,0.0555,1.6331,3.7556,0,12.5202,0,0,61.3085,0.7823,28.3397,7.4213,171.1101,0.000,0.000,0.830,0.0000,0.0000,0
2026-05-05,15:17:05,17534,1,0.0000,0.0011,0.0550,1.6175,3.7557,0,12.5202,0,0,61.2498,-3.0519,28.7366,11.5750,171.2558,0.000,0.000,0.827,0.0000,0.0000,0
2026-05-05,15:17:05,17569,1,0.0000,0.0030,0.0552,1.6242,3.7557,0,12.5202,0,0,60.9440,-6.5165,29.1531,13.0210,171.5372,0.000,0.000,0.824,0.0000,0.0000,0
2026-05-05,15:17:05,17604,1,0.0000,-0.0009,0.0564,1.6600,3.7557,0,12.5202,0,0,60.9491,-2.1524,29.6120,14.1236,172.3579,0.000,0.000,0.821,0.0000,0.0000,0
2026-05-05,15:17:05,17639,1,0.0000,0.0023,0.0557,1.6380,3.7557,0,12.5202,0,0,61.0847,4.4142,30.0770,14.1467,172.8904,0.000,0.000,0.818,0.0000,0.0000,0
2026-05-05,15:17:05,17674,1,0.0000,0.0001,0.0561,1.6490,3.7557,0,12.5202,0,0,61.2481,4.0763,30.4516,12.6604,172.8531,0.000,0.000,0.814,0.0000,0.0000,0
2026-05-05,15:17:05,17709,1,0.0000,-0.0007,0.0555,1.6335,3.7557,0,12.5202,0,0,61.2500,0.1215,30.6832,8.9362,172.8206,0.000,0.000,0.811,0.0000,0.0000,0
2026-05-05,15:17:05,17744,1,0.0000,0.0102,0.0545,1.6015,3.7557,0,12.5202,0,0,61.1498,-3.1243,30.7545,4.4536,173.1427,0.000,0.000,0.808,0.0000,0.0000,0
2026-05-05,15:17:05,17779,1,0.0000,0.0020,0.0562,1.6540,3.7557,0,12.5202,0,0,61.0517,-2.1846,30.7660,1.8146,173.5656,0.000,0.000,0.805,0.0000,0.0000,0
2026-05-05,15:17:06,17814,1,0.0000,-0.0061,0.0559,1.6451,3.7557,0,12.5202,0,0,61.1377,2.1824,30.8047,1.5618,173.6468,0.000,0.000,0.802,0.0000,0.0000,0
2026-05-05,15:17:06,17849,1,0.0000,-0.0030,0.0566,1.6645,3.7557,0,12.5202,0,0,61.0851,-1.9633,30.8332,1.1205,173.4788,0.000,0.000,0.798,0.0000,0.0000,0
2026-05-05,15:17:06,17884,1,0.0000,-0.0142,0.0573,1.6865,3.7557,0,12.5202,0,0,61.3044,6.6876,30.8326,0.1151,173.7008,0.000,0.000,0.795,0.0000,0.0000,0
2026-05-05,15:17:06,17919,1,0.0000,-0.0014,0.0571,1.6804,3.7557,0,12.5202,0,0,61.3535,1.7845,30.8007,-0.5791,173.9473,0.000,0.000,0.792,0.0000,0.0000,0
2026-05-05,15:17:06,17955,1,0.0000,-0.0275,0.0606,1.7826,3.7559,0,12.5202,0,0,60.9426,-12.5785,30.8139,-0.0263,173.6460,0.000,0.000,0.789,0.0000,0.0000,0
2026-05-05,15:17:06,17990,1,0.0000,-0.0021,0.0617,1.8152,3.7559,0,12.5202,0,0,60.8681,-0.2208,30.8234,0.3113,173.8058,0.000,0.000,0.786,0.0000,0.0000,0
2026-05-05,15:17:06,18025,1,0.0000,0.0032,0.0595,1.7498,3.7559,0,12.5202,0,0,61.0314,3.9733,30.8630,0.8609,174.2153,0.000,0.000,0.782,0.0000,0.0000,0
2026-05-05,15:17:06,18061,1,0.0000,0.0252,0.0574,1.6883,3.7558,0,12.5202,0,0,60.9648,-2.1913,30.8417,-0.4653,174.0238,0.000,0.000,0.779,0.0000,0.0000,0
2026-05-05,15:17:06,18096,1,0.0000,0.0226,0.0563,1.6551,3.7557,0,12.5202,0,0,61.1773,6.8046,30.7586,-1.7585,173.9565,0.000,0.000,0.776,0.0000,0.0000,0
2026-05-05,15:17:06,18134,1,0.0000,0.0021,0.0563,1.6551,3.7557,0,12.5202,0,0,61.2493,2.6482,30.7046,-2.1835,173.9627,0.000,0.000,0.774,0.0000,0.0000,0
2026-05-05,15:17:06,18170,1,0.0000,-0.0008,0.0570,1.6761,3.7557,0,12.5202,0,0,61.0263,-6.3351,30.6372,-2.0027,173.8550,0.000,0.000,0.770,0.0000,0.0000,0
2026-05-05,15:17:06,18205,1,0.0000,0.0062,0.0558,1.6401,3.7557,0,12.5202,0,0,61.0417,1.6624,30.6458,-0.4983,174.0983,0.000,0.000,0.767,0.0000,0.0000,0
2026-05-05,15:17:06,18240,1,0.0000,0.0019,0.0561,1.6495,3.7557,0,12.5202,0,0,61.1944,1.5031,30.7635,2.3403,174.4723,0.000,0.000,0.764,0.0000,0.0000,0
2026-05-05,15:17:06,18276,1,0.0000,0.0016,0.0581,1.7075,3.7558,0,12.5202,0,0,60.9116,-8.1224,30.9450,4.0807,174.3295,0.000,0.000,0.761,0.0000,0.0000,0
2026-05-05,15:17:06,18311,1,0.0000,0.0132,0.0567,1.6663,3.7557,0,12.5202,0,0,60.8910,0.8063,31.0438,3.2162,174.5234,0.000,0.000,0.758,0.0000,0.0000,0
2026-05-05,15:17:06,18346,1,0.0000,-0.0083,0.0588,1.7293,3.7558,0,12.5202,0,0,60.8139,-4.6838,31.1523,3.3166,175.2250,0.000,0.000,0.754,0.0000,0.0000,0
2026-05-05,15:17:06,18381,1,0.0000,-0.0177,0.0614,1.8059,3.7560,0,12.5202,0,0,60.2408,-14.8513,31.5344,8.4037,176.3302,0.032,0.000,0.751,0.0000,0.0000,0
2026-05-05,15:17:06,18416,1,0.0000,-0.0073,0.0636,1.8702,3.7560,0,12.5202,0,0,60.1617,0.1044,31.9346,8.9394,177.3806,0.096,0.000,0.748,0.0000,0.0000,0
2026-05-05,15:17:06,18452,1,0.0000,-0.0097,0.0638,1.8779,3.7560,0,12.5202,0,0,60.4471,8.2021,31.9566,1.0887,177.3055,0.064,0.000,0.745,0.0000,0.0000,0
2026-05-05,15:17:06,18487,1,0.0000,0.0062,0.0623,1.8326,3.7560,0,12.5202,0,0,60.4165,1.0221,31.6112,-7.5475,176.5431,0.032,0.000,0.742,0.0000,0.0000,0
2026-05-05,15:17:06,18522,1,0.0000,0.0098,0.0616,1.8119,3.7560,0,12.5202,0,0,60.6049,9.1009,31.1311,-12.9494,175.9882,0.000,0.000,0.738,0.0000,0.0000,0
2026-05-05,15:17:06,18557,1,0.0000,0.0174,0.0561,1.6502,3.7558,0,12.5202,0,0,60.9314,9.5792,30.6107,-15.2228,175.7843,0.000,0.000,0.735,0.0000,0.0000,0
2026-05-05,15:17:06,18592,1,0.0000,-0.0217,0.0597,1.7549,3.7558,0,12.5202,0,0,61.0034,1.7830,30.3010,-11.6295,169.3718,0.000,0.000,0.732,0.0000,0.0000,0
2026-05-05,15:17:06,18627,1,0.0000,-0.0236,0.0624,1.8344,3.7559,0,12.5202,0,0,60.6384,-12.9072,30.4023,-2.8217,146.1606,0.000,0.000,0.729,0.0000,0.0000,0
2026-05-05,15:17:06,18662,1,0.0000,-0.0705,0.0707,2.0802,3.7563,0,12.5202,0,0,59.6179,-28.0013,30.6692,1.6649,152.5413,0.048,0.000,0.726,0.0000,0.0000,0
2026-05-05,15:17:06,18697,1,0.0000,-0.1401,0.0933,2.7428,3.7573,0,12.5202,0,0,59.1637,-2.2416,30.4814,-6.6147,156.2855,0.112,0.000,0.722,0.0000,0.0000,0
2026-05-05,15:17:06,18732,1,0.0000,0.0172,0.0910,2.6757,3.7576,0,12.5202,0,0,59.9916,22.0317,29.4699,-24.7388,157.1968,0.128,0.000,0.719,0.0000,0.0000,0
2026-05-05,15:17:06,18767,1,0.0000,0.0286,0.0865,2.5449,3.7574,0,12.5202,0,0,60.8620,27.4900,28.2366,-34.2574,159.2880,0.096,0.000,0.742,0.0000,0.0000,0
2026-05-05,15:17:06,18802,1,0.0000,0.0560,0.0793,2.3333,3.7570,0,12.5202,0,0,61.5274,20.5045,27.0668,-35.3808,161.3144,0.064,0.000,0.774,0.0000,0.0000,0
2026-05-05,15:17:07,18837,1,0.0000,0.0794,0.0664,1.9523,3.7565,0,12.5202,0,0,62.1100,17.4553,26.2563,-28.6325,163.0843,0.032,0.000,0.806,0.0000,0.0000,0
2026-05-05,15:17:07,18872,1,0.0000,0.0447,0.0560,1.6479,3.7558,0,12.5202,0,0,62.5752,12.4747,25.7361,-20.6358,164.4473,0.000,0.000,0.838,0.0000,0.0000,0
2026-05-05,15:17:07,18908,1,0.0000,-0.0132,0.0597,1.7570,3.7558,0,12.5202,0,0,62.5129,-2.1431,25.4205,-13.3909,165.9345,0.000,0.000,0.870,0.0000,0.0000,0
2026-05-05,15:17:07,18943,1,0.0000,0.0038,0.0593,1.7432,3.7559,0,12.5202,0,0,62.0967,-9.9618,25.5449,-1.8596,167.7764,0.000,0.000,0.902,0.0000,0.0000,0
2026-05-05,15:17:07,18978,1,0.0000,0.0025,0.0608,1.7896,3.7559,0,12.5202,0,0,62.0383,1.9547,25.7793,2.4271,169.1202,0.000,0.000,0.934,0.0000,0.0000,0
2026-05-05,15:17:07,19013,1,0.0000,0.0032,0.0591,1.7373,3.7559,0,12.5202,0,0,62.2193,3.3495,25.6393,-3.1013,169.1458,0.000,0.000,0.966,0.0000,0.0000,0
2026-05-05,15:17:07,19046,1,0.0000,0.0020,0.0595,1.7500,3.7559,0,12.5202,0,0,62.2190,1.8968,25.5473,-3.0599,169.1765,0.000,0.000,0.982,0.0000,0.0000,0
2026-05-05,15:17:07,19081,1,0.0000,-0.0200,0.0607,1.7850,3.7559,0,12.5202,0,0,62.3531,5.9709,25.2439,-7.2262,169.5824,0.000,0.000,1.000,0.0000,0.0000,0
2026-05-05,15:17:07,19116,1,0.0000,-0.0013,0.0620,1.8224,3.7559,0,12.5202,0,0,62.3422,-2.5949,24.9298,-9.1263,170.3850,0.000,0.000,1.000,0.0000,0.0000,0
2026-05-05,15:17:07,19151,1,0.0000,0.0011,0.0616,1.8120,3.7560,0,12.5202,0,0,62.1253,-6.0347,24.7546,-6.7728,170.8215,0.000,0.000,1.000,0.0000,0.0000,0
2026-05-05,15:17:07,19186,1,0.0000,0.0241,0.0601,1.7687,3.7559,0,12.5202,0,0,62.2694,5.7493,24.5916,-5.9803,170.8360,0.000,0.000,1.000,0.0000,0.0000,0
2026-05-05,15:17:07,19221,1,0.0000,0.0043,0.0582,1.7105,3.7559,0,12.5202,0,0,62.5032,4.0743,24.4242,-5.5486,170.9093,0.000,0.000,1.000,0.0000,0.0000,0
2026-05-05,15:17:07,19256,1,0.0000,0.0366,0.0545,1.6019,3.7557,0,12.5202,0,0,62.7632,10.6565,24.2429,-5.8150,171.0031,0.000,0.000,1.000,0.0000,0.0000,0
2026-05-05,15:17:07,19291,1,0.0000,0.0206,0.0530,1.5595,3.7556,0,12.5202,0,0,63.3547,14.9852,24.0519,-6.2688,171.2474,0.000,0.000,1.000,0.0000,0.0000,0
2026-05-05,15:17:07,19326,1,0.0000,0.0062,0.0528,1.5542,3.7555,0,12.5202,0,0,63.4301,-1.2847,24.0667,-1.5111,171.3273,0.000,0.000,1.000,0.0000,0.0000,0
2026-05-05,15:17:07,19361,1,0.0000,-0.0167,0.0530,1.5595,3.7555,0,12.5202,0,0,62.9621,-14.9054,24.1378,0.7928,171.2516,0.000,0.000,1.000,0.0000,0.0000,0
2026-05-05,15:17:07,19397,1,0.0000,-0.0037,0.0523,1.5384,3.7555,0,12.5202,0,0,62.8342,-5.0944,24.2096,1.6437,171.3752,0.000,0.000,0.999,0.0000,0.0000,0
2026-05-05,15:17:07,19432,1,0.0000,-0.0170,0.0530,1.5593,3.7556,0,12.5202,0,0,62.5376,-11.6575,24.2318,1.0352,171.4684,0.032,0.000,0.996,0.0000,0.0000,0
2026-05-05,15:17:07,19467,1,0.0000,0.0135,0.0536,1.5751,3.7555,0,12.5202,0,0,62.2199,-8.4724,24.2598,1.0164,171.4529,0.096,0.000,0.993,0.0000,0.0000,0
2026-05-05,15:17:07,19503,1,0.0000,0.0127,0.0518,1.5227,3.7555,0,12.5202,0,0,62.1911,-0.9002,24.3367,1.8947,171.4666,0.160,0.000,0.990,0.0000,0.0000,0
2026-05-05,15:17:07,19538,1,0.0000,0.0151,0.0507,1.4911,3.7554,0,12.5202,0,0,62.3029,3.8809,24.4097,2.2599,171.5258,0.152,0.000,0.986,0.0000,0.0000,0
2026-05-05,15:17:07,19573,1,0.0000,0.0299,0.0485,1.4261,3.7553,0,12.5202,0,0,62.6919,11.2372,24.6372,5.7761,171.5610,0.120,0.000,0.983,0.0000,0.0000,0
2026-05-05,15:17:07,19609,1,0.0000,0.0117,0.0470,1.3820,3.7552,0,12.5202,0,0,63.1108,8.9676,25.0129,9.3158,171.5351,0.088,0.000,0.980,0.0000,0.0000,0
2026-05-05,15:17:07,19644,1,0.0000,0.0097,0.0458,1.3469,3.7551,0,12.5202,0,0,63.2685,0.9812,25.3141,9.0699,171.4874,0.056,0.000,0.977,0.0000,0.0000,0
2026-05-05,15:17:07,19679,1,0.0000,0.0007,0.0450,1.3231,3.7551,0,12.5202,0,0,63.0168,-11.7612,25.5198,7.0438,171.4435,0.024,0.000,0.974,0.0000,0.0000,0
2026-05-05,15:17:07,19714,1,0.0000,0.0021,0.0444,1.3066,3.7551,0,12.5202,0,0,62.2514,-23.4686,25.6139,4.4260,171.3983,0.064,0.000,0.970,0.0000,0.0000,0
2026-05-05,15:17:07,19749,1,0.0000,-0.0208,0.0485,1.4277,3.7552,0,12.5202,0,0,61.0844,-39.2507,25.7159,3.9462,171.3886,0.128,0.000,0.967,0.0000,0.0000,0
2026-05-05,15:17:07,19784,1,0.0000,-0.0284,0.0520,1.5285,3.7554,0,12.5202,0,0,59.2272,-52.1831,25.7055,1.6188,171.1640,0.192,0.000,0.964,0.0000,0.0000,0
2026-05-05,15:17:08,19819,1,0.0000,-0.0342,0.0584,1.7175,3.7557,0,12.5202,0,0,58.5021,-9.3503,25.4588,-3.7465,170.7544,0.256,0.000,0.978,0.0000,0.0000,0
2026-05-05,15:17:08,19854,1,0.0000,-0.0124,0.0582,1.7121,3.7558,0,12.5202,0,0,59.4971,28.5198,25.1392,-7.1460,169.9311,0.320,0.000,1.000,0.0000,0.0000,0
2026-05-05,15:17:08,19889,1,0.0000,0.0119,0.0571,1.6809,3.7558,0,12.5202,0,0,60.1037,18.3254,24.7051,-10.2973,169.3922,0.288,0.000,1.000,0.0000,0.0000,0
2026-05-05,15:17:08,19924,1,0.0000,0.0154,0.0573,1.6866,3.7557,0,12.5202,0,0,60.6535,16.4465,24.4803,-6.8862,169.3485,0.256,0.000,1.000,0.0000,0.0000,0
2026-05-05,15:17:08,19962,1,0.0000,0.0044,0.0566,1.6650,3.7557,0,12.5202,0,0,60.9971,12.7396,24.3274,-4.1977,169.2064,0.232,0.000,0.998,0.0000,0.0000,0
2026-05-05,15:17:08,19998,1,0.0000,0.0170,0.0550,1.6170,3.7556,0,12.5202,0,0,61.4184,11.1440,24.5933,4.3777,169.7555,0.200,0.000,0.994,0.0000,0.0000,0
2026-05-05,15:17:08,20033,1,0.0000,-0.0218,0.0569,1.6747,3.7556,0,12.5202,0,0,61.5075,2.7535,24.9814,9.6753,170.1678,0.168,0.000,0.991,0.0000,0.0000,0
2026-05-05,15:17:08,20068,1,0.0000,0.0134,0.0550,1.6172,3.7556,0,12.5202,0,0,61.4776,-2.3181,25.3691,11.1936,170.4751,0.136,0.000,0.988,0.0000,0.0000,0
2026-05-05,15:17:08,20103,1,0.0000,-0.0096,0.0559,1.6440,3.7557,0,12.5202,0,0,61.3719,-2.0911,25.6381,9.3121,170.7812,0.104,0.000,0.985,0.0000,0.0000,0
2026-05-05,15:17:08,20138,1,0.0000,-0.0269,0.0590,1.7350,3.7558,0,12.5202,0,0,60.9587,-14.2428,25.7605,5.7956,171.0454,0.072,0.000,0.982,0.0000,0.0000,0
2026-05-05,15:17:08,20173,1,0.0000,-0.0062,0.0585,1.7207,3.7558,0,12.5202,0,0,60.7248,0.3177,25.8314,3.9516,171.2641,0.136,0.000,0.978,0.0000,0.0000,0
2026-05-05,15:17:08,20209,1,0.0000,0.0056,0.0573,1.6857,3.7558,0,12.5202,0,0,61.1512,13.2826,26.0040,4.8061,171.5740,0.104,0.000,0.975,0.0000,0.0000,0
2026-05-05,15:17:08,20244,1,0.0000,0.0095,0.0552,1.6225,3.7557,0,12.5202,0,0,61.5104,9.8297,26.1199,3.9829,171.7721,0.072,0.000,0.972,0.0000,0.0000,0
2026-05-05,15:17:08,20279,1,0.0000,0.0180,0.0552,1.6223,3.7556,0,12.5202,0,0,61.6633,4.5096,26.1929,2.8818,171.7595,0.040,0.000,0.969,0.0000,0.0000,0
2026-05-05,15:17:08,20314,1,0.0000,0.0046,0.0546,1.6067,3.7556,0,12.5202,0,0,61.8007,4.6692,26.2037,0.9828,171.8908,0.008,0.000,0.966,0.0000,0.0000,0
2026-05-05,15:17:08,20349,1,0.0000,-0.0016,0.0523,1.5384,3.7555,0,12.5202,0,0,62.0873,9.0035,26.2174,0.8587,172.1269,0.000,0.000,0.962,0.0000,0.0000,0
2026-05-05,15:17:08,20384,1,0.0000,-0.0220,0.0541,1.5908,3.7555,0,12.5202,0,0,62.1130,-2.0648,26.2928,1.7400,172.1826,0.000,0.000,0.959,0.0000,0.0000,0
2026-05-05,15:17:08,20420,1,0.0000,0.0099,0.0530,1.5595,3.7555,0,12.5202,0,0,62.0742,-2.8129,26.3356,1.4970,172.1597,0.000,0.000,0.956,0.0000,0.0000,0
2026-05-05,15:17:08,20455,1,0.0000,0.0115,0.0527,1.5489,3.7555,0,12.5202,0,0,62.0407,-1.1198,26.4216,2.4279,172.2247,0.000,0.000,0.953,0.0000,0.0000,0
2026-05-05,15:17:08,20490,1,0.0000,0.0076,0.0520,1.5280,3.7555,0,12.5202,0,0,62.0775,1.4326,26.6002,4.7537,172.3408,0.000,0.000,0.950,0.0000,0.0000,0
2026-05-05,15:17:08,20525,1,0.0000,0.0082,0.0507,1.4915,3.7554,0,12.5202,0,0,62.2807,6.7141,26.8035,5.7064,172.3852,0.000,0.000,0.946,0.0000,0.0000,0
2026-05-05,15:17:08,20560,1,0.0000,0.0072,0.0500,1.4711,3.7554,0,12.5202,0,0,62.5490,6.1616,26.9175,3.6390,172.3863,0.000,0.000,0.943,0.0000,0.0000,0
2026-05-05,15:17:08,20595,1,0.0000,0.0110,0.0504,1.4823,3.7554,0,12.5202,0,0,62.5385,-2.8475,26.9308,1.4762,172.4028,0.000,0.000,0.940,0.0000,0.0000,0
2026-05-05,15:17:08,20631,1,0.0000,-0.0037,0.0499,1.4662,3.7554,0,12.5202,0,0,62.2907,-7.8344,26.9285,0.3718,172.5310,0.000,0.000,0.937,0.0000,0.0000,0
2026-05-05,15:17:08,20666,1,0.0000,0.0044,0.0500,1.4711,3.7554,0,12.5202,0,0,62.1549,-4.6314,26.9496,0.4863,172.5139,0.000,0.000,0.934,0.0000,0.0000,0
2026-05-05,15:17:08,20701,1,0.0000,-0.0007,0.0502,1.4760,3.7554,0,12.5202,0,0,62.0237,-4.4765,27.0535,2.1961,172.4950,0.000,0.000,0.930,0.0000,0.0000,0
2026-05-05,15:17:08,20736,1,0.0000,0.0057,0.0495,1.4557,3.7553,0,12.5202,0,0,61.9376,-2.7056,27.1114,2.0649,172.5740,0.000,0.000,0.927,0.0000,0.0000,0
2026-05-05,15:17:08,20771,1,0.0000,-0.0030,0.0513,1.5075,3.7554,0,12.5202,0,0,61.7948,-4.9766,27.2698,3.8796,173.1026,0.000,0.000,0.924,0.0000,0.0000,0
2026-05-05,15:17:09,20806,1,0.0000,0.0032,0.0491,1.4438,3.7554,0,12.5202,0,0,61.5069,-8.8310,27.5972,7.2990,174.3418,0.032,0.000,0.921,0.0000,0.0000,0
2026-05-05,15:17:09,20841,1,0.0000,0.0000,0.0505,1.4865,3.7554,0,12.5202,0,0,61.2726,-6.8417,28.0945,11.1410,175.5493,0.096,0.000,0.918,0.0000,0.0000,0
2026-05-05,15:17:09,20876,1,0.0000,-0.0091,0.0506,1.4870,3.7554,0,12.5202,0,0,61.0595,-6.6158,28.3515,6.7546,175.6507,0.160,0.000,0.914,0.0000,0.0000,0
2026-05-05,15:17:09,20914,1,0.0000,-0.0048,0.0516,1.5176,3.7554,0,12.5202,0,0,60.9890,-2.0639,28.4744,2.1935,175.4910,0.208,0.000,0.912,0.0000,0.0000,0
2026-05-05,15:17:09,20950,1,0.0000,-0.0017,0.0518,1.5235,3.7554,0,12.5202,0,0,61.0673,3.1552,27.9308,-10.6907,174.6609,0.176,0.000,0.909,0.0000,0.0000,0
2026-05-05,15:17:09,20985,1,0.0000,-0.0080,0.0518,1.5222,3.7554,0,12.5202,0,0,61.0439,-1.5161,27.4061,-14.4503,174.4829,0.144,0.000,0.906,0.0000,0.0000,0
2026-05-05,15:17:09,21020,1,0.0000,-0.0117,0.0528,1.5542,3.7555,0,12.5202,0,0,60.8496,-5.3325,27.0068,-13.4040,174.8061,0.112,0.000,0.902,0.0000,0.0000,0
2026-05-05,15:17:09,21055,1,0.0000,0.0104,0.0523,1.5390,3.7555,0,12.5202,0,0,60.8836,1.3922,26.7545,-10.6237,174.6516,0.080,0.000,0.899,0.0000,0.0000,0
2026-05-05,15:17:09,21090,1,0.0000,-0.0060,0.0520,1.5281,3.7555,0,12.5202,0,0,60.9851,4.1660,26.4233,-11.2503,174.1471,0.048,0.000,0.896,0.0000,0.0000,0
2026-05-05,15:17:09,21125,1,0.0000,-0.0003,0.0518,1.5230,3.7554,0,12.5202,0,0,61.1210,4.6003,25.9288,-14.5812,173.6391,0.016,0.000,0.893,0.0000,0.0000,0
2026-05-05,15:17:09,21160,1,0.0000,-0.0096,0.0532,1.5650,3.7554,0,12.5202,0,0,61.2358,2.0791,25.4947,-14.0464,173.5259,0.000,0.000,0.890,0.0000,0.0000,0
2026-05-05,15:17:09,21195,1,0.0000,-0.0067,0.0521,1.5335,3.7555,0,12.5202,0,0,61.2092,-1.5173,25.3938,-6.8035,174.0820,0.000,0.000,0.886,0.0000,0.0000,0
2026-05-05,15:17:09,21230,1,0.0000,0.0073,0.0514,1.5119,3.7555,0,12.5202,0,0,61.0420,-5.0299,25.6532,2.1076,175.4835,0.000,0.000,0.883,0.0000,0.0000,0
2026-05-05,15:17:09,21265,1,0.0000,-0.0240,0.0555,1.6329,3.7556,0,12.5202,0,0,60.9081,-3.9520,26.2708,11.0962,177.3998,0.000,0.000,0.880,0.0000,0.0000,0
2026-05-05,15:17:09,21300,1,0.0000,0.0021,0.0577,1.6978,3.7558,0,12.5202,0,0,60.5536,-8.2188,26.7046,9.0003,178.4834,0.016,0.000,0.877,0.0000,0.0000,0
2026-05-05,15:17:09,21335,1,0.0000,0.0014,0.0577,1.6970,3.7558,0,12.5202,0,0,60.2628,-4.8521,26.3233,-8.1513,177.2031,0.080,0.000,0.874,0.0000,0.0000,0
2026-05-05,15:17:09,21370,1,0.0000,-0.0092,0.0564,1.6600,3.7557,0,12.5202,0,0,60.5580,10.2429,25.0925,-28.8082,175.0180,0.072,0.000,0.870,0.0000,0.0000,0
2026-05-05,15:17:09,21405,1,0.0000,0.0068,0.0553,1.6275,3.7557,0,12.5202,0,0,60.8482,7.0083,23.8596,-35.5319,174.2277,0.040,0.000,0.867,0.0000,0.0000,0
2026-05-05,15:17:09,21441,1,0.0000,0.0062,0.0536,1.5755,3.7557,0,12.5202,0,0,60.9066,2.8816,22.7149,-36.1682,174.2300,0.008,0.000,0.864,0.0000,0.0000,0
2026-05-05,15:17:09,21476,1,0.0000,0.0299,0.0514,1.5122,3.7555,0,12.5202,0,0,61.3924,14.3465,21.8442,-30.6193,173.9156,0.000,0.000,0.861,0.0000,0.0000,0
2026-05-05,15:17:09,21511,1,0.0000,0.0189,0.0505,1.4865,3.7554,0,12.5202,0,0,61.6881,4.5802,21.3012,-22.2675,174.0899,0.000,0.000,0.884,0.0000,0.0000,0
2026-05-05,15:17:09,21547,1,0.0000,-0.0086,0.0516,1.5170,3.7555,0,12.5202,0,0,61.1042,-19.8696,21.4407,-6.0927,175.9868,0.000,0.000,0.916,0.0000,0.0000,0
2026-05-05,15:17:09,21582,1,0.0000,-0.0128,0.0532,1.5647,3.7555,0,12.5202,0,0,60.5109,-16.9802,22.1702,9.3646,178.5717,0.048,0.000,0.948,0.0000,0.0000,0
2026-05-05,15:17:09,21617,1,0.0000,-0.0008,0.0548,1.6120,3.7556,0,12.5202,0,0,60.0106,-16.4242,22.7614,10.0025,179.6535,0.112,0.000,0.980,0.0000,0.0000,0
2026-05-05,15:17:09,21653,1,0.0000,0.0015,0.0537,1.5805,3.7556,0,12.5202,0,0,59.6281,-8.8664,22.2939,-12.5216,177.8567,0.176,0.000,1.000,0.0000,0.0000,0
2026-05-05,15:17:09,21688,1,0.0000,0.0072,0.0534,1.5700,3.7555,0,12.5202,0,0,59.9332,9.0841,20.5835,-40.9592,174.9201,0.216,0.000,1.000,0.0000,0.0000,0
2026-05-05,15:17:09,21723,1,0.0000,0.0134,0.0534,1.5700,3.7555,0,12.5202,0,0,60.0951,1.3601,18.8099,-50.1475,173.8196,0.184,0.000,1.000,0.0000,0.0000,0
2026-05-05,15:17:09,21758,1,0.0000,0.0064,0.0539,1.5855,3.7555,0,12.5202,0,0,59.7946,-10.1774,17.3382,-47.5725,173.2970,0.152,0.000,1.000,0.0000,0.0000,0
2026-05-05,15:17:09,21793,1,0.0000,-0.0023,0.0527,1.5491,3.7555,0,12.5202,0,0,59.6236,-4.2006,16.3585,-35.8854,173.5622,0.192,0.000,1.000,0.0000,0.0000,0
2026-05-05,15:17:10,21830,1,0.0000,0.0054,0.0525,1.5437,3.7555,0,12.5202,0,0,59.3629,-9.0365,16.7187,-20.4635,174.7925,0.192,0.000,1.000,0.0000,0.0000,0
2026-05-05,15:17:10,21865,1,0.0000,0.0010,0.0528,1.5542,3.7555,0,12.5202,0,0,58.9893,-10.1722,16.6716,-11.4758,175.9769,0.256,0.000,1.000,0.0000,0.0000,0
2026-05-05,15:17:10,21900,1,0.0000,0.0080,0.0530,1.5592,3.7555,0,12.5202,0,0,58.8464,-5.1358,16.3959,-13.8085,175.9585,0.320,0.000,1.000,0.0000,0.0000,0
2026-05-05,15:17:10,21935,1,0.0000,0.0160,0.0525,1.5438,3.7555,0,12.5202,0,0,58.9223,2.3821,15.3454,-29.9882,174.2722,0.360,0.000,1.000,0.0000,0.0000,0
2026-05-05,15:17:10,21970,1,0.0000,0.0053,0.0498,1.4655,3.7554,0,12.5202,0,0,59.6168,17.7842,13.6752,-45.9586,172.3347,0.328,0.000,1.000,0.0000,0.0000,0
2026-05-05,15:17:10,22005,1,0.0000,-0.0066,0.0511,1.5020,3.7554,0,12.5202,0,0,59.6399,-9.2228,12.2894,-44.4832,171.5786,0.296,0.000,1.000,0.0000,0.0000,0
2026-05-05,15:17:10,22040,1,0.0000,0.0150,0.0500,1.4701,3.7554,0,12.5202,0,0,58.5947,-31.0441,11.1876,-37.6897,171.5416,0.312,0.000,1.000,0.0000,0.0000,0
2026-05-05,15:17:10,22076,1,0.0000,0.0080,0.0509,1.4970,3.7554,0,12.5202,0,0,57.9896,-15.9506,10.6439,-24.2262,172.0849,0.376,0.000,1.000,0.0000,0.0000,0
2026-05-05,15:17:10,22111,1,0.0000,0.0002,0.0512,1.5067,3.7554,0,12.5202,0,0,57.4849,-16.9221,10.8041,-7.2388,173.0826,0.440,0.000,1.000,0.0000,0.0000,0
2026-05-05,15:17:10,22146,1,0.0000,-0.0014,0.0512,1.5067,3.7554,0,12.5202,0,0,57.3350,-4.0219,10.7656,-7.4462,173.1047,0.504,0.000,1.000,0.0000,0.0000,0
2026-05-05,15:17:10,22181,1,0.0000,-0.0034,0.0529,1.5549,3.7555,0,12.5202,0,0,57.3078,-7.3080,10.1175,-18.7885,172.2446,0.568,0.000,1.000,0.0000,0.0000,0
2026-05-05,15:17:10,22216,1,0.0000,0.0038,0.0521,1.5335,3.7555,0,12.5202,0,0,56.4123,-28.2067,9.0586,-29.4979,171.5199,0.632,0.000,1.000,0.0000,0.0000,0
2026-05-05,15:17:10,22251,1,0.0000,0.0003,0.0512,1.5060,3.7555,0,12.5202,0,0,55.6238,-22.3089,7.9129,-33.6873,170.7348,0.696,0.000,1.000,0.0000,0.0000,0
2026-05-05,15:17:10,22286,1,0.0000,-0.0050,0.0519,1.5271,3.7555,0,12.5202,0,0,55.2671,-13.1463,7.0917,-28.4694,170.1429,0.760,0.000,1.000,0.0000,0.0000,0
2026-05-05,15:17:10,22321,1,0.0000,-0.0039,0.0523,1.5389,3.7555,0,12.5202,0,0,54.6562,-20.9546,6.6134,-20.3993,170.1056,0.824,0.000,1.000,0.0000,0.0000,0
2026-05-05,15:17:10,22357,1,0.0000,0.0169,0.0495,1.4550,3.7554,0,12.5202,0,0,54.2531,-9.1002,6.0248,-19.9886,169.4954,0.888,0.000,1.000,0.0000,0.0000,0
2026-05-05,15:17:10,22392,1,0.0000,0.0012,0.0513,1.5074,3.7555,0,12.5202,0,0,54.1362,-5.9946,5.3714,-20.6693,168.9015,0.952,0.000,1.000,0.0000,0.0000,0
2026-05-05,15:17:10,22427,1,0.0000,-0.0296,0.0552,1.6226,3.7556,0,12.5202,0,0,53.2501,-28.2626,4.7305,-20.6650,169.2997,1.000,0.000,1.000,0.0000,0.0000,0
2026-05-05,15:17:10,22463,1,0.0000,-0.0111,0.0572,1.6817,3.7558,0,12.5202,0,0,52.2222,-25.0853,4.2688,-17.0420,170.1255,1.000,0.000,1.000,0.0000,0.0000,0
2026-05-05,15:17:10,22498,1,0.0000,-0.0054,0.0587,1.7254,3.7558,0,12.5202,0,0,52.2583,4.2422,4.1143,-10.6833,169.8708,1.000,0.000,1.000,0.0000,0.0000,0
2026-05-05,15:17:10,22533,1,0.0000,-0.0165,0.0577,1.6978,3.7558,0,12.5202,0,0,52.2515,-1.0783,3.6352,-15.6981,168.6043,1.000,0.000,1.000,0.0000,0.0000,0
2026-05-05,15:17:10,22569,1,0.0000,-0.0063,0.0574,1.6873,3.7558,0,12.5202,0,0,52.4141,5.3736,2.7990,-22.4704,168.1358,0.976,0.000,1.000,0.0000,0.0000,0
2026-05-05,15:17:10,22604,1,0.0000,-0.0032,0.0587,1.7256,3.7558,0,12.5202,0,0,52.3659,0.3414,2.1275,-21.3409,168.1933,0.944,0.000,1.000,0.0000,0.0000,0
2026-05-05,15:17:10,22639,1,0.0000,0.0041,0.0591,1.7370,3.7558,0,12.5202,0,0,52.6763,8.9090,1.3893,-24.0308,167.8585,0.912,0.000,1.000,0.0000,0.0000,0
2026-05-05,15:17:10,22675,1,0.0000,0.0278,0.0541,1.5920,3.7557,0,12.5202,0,0,52.9602,8.9938,0.6896,-22.6722,166.8423,0.880,0.000,1.000,0.0000,0.0000,0
2026-05-05,15:17:10,22710,1,0.0000,0.0023,0.0561,1.6500,3.7557,0,12.5202,0,0,53.2077,9.3929,0.2264,-16.9047,166.7100,0.848,0.000,1.000,0.0000,0.0000,0
2026-05-05,15:17:10,22749,1,0.0000,0.0188,0.0530,1.5596,3.7556,0,12.5202,0,0,53.3134,6.5900,0.0873,-12.5175,166.8149,0.824,0.000,1.000,0.0000,0.0000,0
2026-05-05,15:17:10,22784,1,0.0000,0.0038,0.0543,1.5964,3.7556,0,12.5202,0,0,53.6349,10.6281,-0.0471,-6.9577,166.9917,0.792,0.000,1.000,0.0000,0.0000,0
2026-05-05,15:17:11,22819,1,0.0000,0.0098,0.0537,1.5806,3.7557,0,12.5202,0,0,53.3791,-9.8576,0.3317,5.0387,168.7123,0.760,0.000,1.000,0.0000,0.0000,0
2026-05-05,15:17:11,22855,1,0.0000,-0.0093,0.0566,1.6660,3.7557,0,12.5202,0,0,52.8919,-11.6201,1.1490,14.5218,170.0598,0.728,0.000,1.000,0.0000,0.0000,0
2026-05-05,15:17:11,22890,1,0.0000,-0.0212,0.0574,1.6873,3.7557,0,12.5202,0,0,52.6235,-7.5752,1.3150,5.0658,169.4942,0.792,0.000,1.000,0.0000,0.0000,0
2026-05-05,15:17:11,22925,1,0.0000,0.0175,0.0563,1.6551,3.7557,0,12.5202,0,0,52.4709,1.6090,0.6383,-13.8526,168.1326,0.856,0.000,1.000,0.0000,0.0000,0
2026-05-05,15:17:11,22960,1,0.0000,0.0101,0.0559,1.6440,3.7557,0,12.5202,0,0,52.7160,7.4619,-0.2934,-24.0219,167.4906,0.824,0.000,1.000,0.0000,0.0000,0
2026-05-05,15:17:11,22995,1,0.0000,-0.0003,0.0550,1.6172,3.7556,0,12.5202,0,0,53.2078,15.8063,-1.0972,-24.4380,166.9863,0.792,0.000,1.000,0.0000,0.0000,0
2026-05-05,15:17:11,23030,1,0.0000,0.0065,0.0530,1.5594,3.7556,0,12.5202,0,0,53.5982,10.9991,-1.6401,-19.4015,167.1079,0.760,0.000,1.000,0.0000,0.0000,0
2026-05-05,15:17:11,23065,1,0.0000,0.0027,0.0548,1.6123,3.7556,0,12.5202,0,0,53.8122,6.1683,-2.0690,-15.7843,166.9908,0.728,0.000,1.000,0.0000,0.0000,0
2026-05-05,15:17:11,23100,1,0.0000,0.0003,0.0544,1.6013,3.7556,0,12.5202,0,0,53.8026,-1.6194,-2.3292,-10.7939,166.3583,0.696,0.000,1.000,0.0000,0.0000,0
2026-05-05,15:17:11,23136,1,0.0000,0.0227,0.0537,1.5804,3.7556,0,12.5202,0,0,53.7168,-2.2228,-2.4774,-7.0928,166.0762,0.664,0.000,1.000,0.0000,0.0000,0
2026-05-05,15:17:11,23171,1,0.0000,0.0245,0.0511,1.5017,3.7555,0,12.5202,0,0,53.8299,5.4293,-2.6020,-5.3094,165.8351,0.632,0.000,1.000,0.0000,0.0000,0
2026-05-05,15:17:11,23206,1,0.0000,0.0223,0.0477,1.4042,3.7552,0,12.5202,0,0,54.5290,21.9206,-2.7317,-4.6046,165.5918,0.600,0.000,1.000,0.0000,0.0000,0
2026-05-05,15:17:11,23241,1,0.0000,0.0303,0.0418,1.2309,3.7550,0,12.5202,0,0,55.4506,25.5477,-2.8536,-4.3610,165.4872,0.568,0.000,1.000,0.0000,0.0000,0
2026-05-05,15:17:11,23277,1,0.0000,-0.0044,0.0429,1.2622,3.7550,0,12.5202,0,0,55.8567,3.5770,-2.9153,-3.3685,165.6562,0.536,0.000,1.000,0.0000,0.0000,0
2026-05-05,15:17:11,23312,1,0.0000,-0.0054,0.0440,1.2935,3.7550,0,12.5202,0,0,54.9314,-30.2516,-3.1309,-5.7597,165.8053,0.504,0.000,1.000,0.0000,0.0000,0
2026-05-05,15:17:11,23348,1,0.0000,-0.0072,0.0434,1.2769,3.7550,0,12.5202,0,0,53.7518,-30.5499,-3.3028,-5.5096,165.9378,0.568,0.000,1.000,0.0000,0.0000,0
2026-05-05,15:17:11,23383,1,0.0000,-0.0167,0.0441,1.2978,3.7550,0,12.5202,0,0,53.5390,-6.2103,-3.2718,-1.2567,165.9646,0.632,0.000,1.000,0.0000,0.0000,0
2026-05-05,15:17:11,23418,1,0.0000,-0.0170,0.0464,1.3649,3.7551,0,12.5202,0,0,52.7504,-26.8429,-3.1147,1.8867,167.2594,0.696,0.000,1.000,0.0000,0.0000,0
2026-05-05,15:17:11,23453,1,0.0000,-0.0084,0.0481,1.4159,3.7552,0,12.5202,0,0,51.5240,-29.8309,-2.9501,2.7070,168.6782,0.760,0.000,1.000,0.0000,0.0000,0
2026-05-05,15:17:11,23488,1,0.0000,-0.0048,0.0476,1.3995,3.7552,0,12.5202,0,0,51.4314,7.2265,-2.9684,-1.4926,167.3075,0.824,0.000,1.000,0.0000,0.0000,0
2026-05-05,15:17:11,23523,1,0.0000,0.0053,0.0450,1.3230,3.7552,0,12.5202,0,0,52.2964,25.6005,-3.4498,-10.9364,165.6106,0.840,0.000,1.000,0.0000,0.0000,0
2026-05-05,15:17:11,23558,1,0.0000,0.0080,0.0466,1.3709,3.7552,0,12.5202,0,0,53.0165,21.2944,-3.9119,-13.3345,165.7900,0.808,0.000,0.999,0.0000,0.0000,0
2026-05-05,15:17:11,23594,1,0.0000,0.0146,0.0445,1.3083,3.7551,0,12.5202,0,0,53.6261,20.8760,-4.3115,-12.7486,165.9239,0.776,0.000,0.996,0.0000,0.0000,0
2026-05-05,15:17:11,23629,1,0.0000,0.0087,0.0430,1.2642,3.7550,0,12.5202,0,0,54.1375,14.2311,-4.6082,-10.5077,165.4617,0.744,0.000,0.993,0.0000,0.0000,0
2026-05-05,15:17:11,23667,1,0.0000,0.0207,0.0403,1.1850,3.7549,0,12.5202,0,0,54.5872,15.4609,-4.6869,-7.9169,165.2845,0.720,0.000,0.999,0.0000,0.0000,0
2026-05-05,15:17:11,23702,1,0.0000,0.0503,0.0342,1.0072,3.7547,0,12.5202,0,0,55.7405,34.4915,-4.7811,-4.7560,164.8672,0.688,0.000,1.000,0.0000,0.0000,0
2026-05-05,15:17:11,23737,1,0.0000,-0.0121,0.0386,1.1344,3.7547,0,12.5202,0,0,56.3712,10.9001,-4.7322,-0.7978,164.8186,0.656,0.000,1.000,0.0000,0.0000,0
2026-05-05,15:17:11,23772,1,0.0000,-0.0110,0.0382,1.1247,3.7547,0,12.5202,0,0,54.7308,-57.7951,-4.8801,-3.7959,165.1426,0.624,0.000,1.000,0.0000,0.0000,0
2026-05-05,15:17:12,23807,1,0.0000,-0.0533,0.0470,1.3814,3.7551,0,12.5202,0,0,50.8407,-111.3892,-5.6447,-16.0188,165.1155,0.688,0.000,1.000,0.0000,0.0000,0
2026-05-05,15:17:12,23843,1,0.0000,-0.0185,0.0493,1.4500,3.7553,0,12.5202,0,0,48.7452,-26.9599,-6.4716,-19.5699,163.0715,0.752,0.000,1.000,0.0000,0.0000,0
2026-05-05,15:17:12,23878,1,0.0000,-0.0104,0.0520,1.5285,3.7554,0,12.5202,0,0,51.4056,83.3904,-7.0437,-17.0067,157.6925,0.792,0.000,1.000,0.0000,0.0000,0
2026-05-05,15:17:12,23913,1,0.0000,-0.0021,0.0518,1.5230,3.7554,0,12.5202,0,0,53.8541,67.7993,-8.0256,-23.7477,154.6605,0.760,0.000,1.000,0.0000,0.0000,0
2026-05-05,15:17:12,23948,1,0.0000,-0.0018,0.0516,1.5180,3.7555,0,12.5202,0,0,55.0842,41.2463,-9.2332,-27.9398,152.6142,0.728,0.000,1.000,0.0000,0.0000,0
2026-05-05,15:17:12,23983,1,0.0000,0.0010,0.0518,1.5230,3.7554,0,12.5202,0,0,56.2583,36.8931,-9.6928,-13.3038,151.9151,0.696,0.000,1.000,0.0000,0.0000,0
2026-05-05,15:17:12,24018,1,0.0000,0.0022,0.0507,1.4920,3.7554,0,12.5202,0,0,57.3468,34.6151,-9.0233,13.3444,153.0406,0.664,0.000,1.000,0.0000,0.0000,0
2026-05-05,15:17:12,24053,1,0.0000,0.0064,0.0502,1.4767,3.7554,0,12.5202,0,0,58.2137,29.6235,-7.5132,37.8012,154.9842,0.632,0.000,1.000,0.0000,0.0000,0
2026-05-05,15:17:12,24088,1,0.0000,-0.0020,0.0475,1.3985,3.7553,0,12.5202,0,0,59.1995,31.2936,-5.7400,50.5242,156.2067,0.600,0.000,1.000,0.0000,0.0000,0
2026-05-05,15:17:12,24123,1,0.0000,-0.0088,0.0495,1.4566,3.7553,0,12.5202,0,0,59.3921,2.0966,-4.2987,47.4097,155.9294,0.568,0.000,1.000,0.0000,0.0000,0
2026-05-05,15:17:12,24158,1,0.0000,0.0043,0.0491,1.4444,3.7553,0,12.5202,0,0,58.8819,-8.4505,-3.6769,31.4069,154.4068,0.536,0.000,1.000,0.0000,0.0000,0
2026-05-05,15:17:12,24193,1,0.0000,0.0154,0.0481,1.4157,3.7553,0,12.5202,0,0,59.9210,40.8902,-3.2571,23.4713,152.4192,0.504,0.000,1.000,0.0000,0.0000,0
2026-05-05,15:17:12,24228,1,0.0000,-0.0116,0.0497,1.4604,3.7553,0,12.5202,0,0,61.1052,35.6746,-2.7716,22.4408,151.3689,0.472,0.000,1.000,0.0000,0.0000,0
2026-05-05,15:17:12,24263,1,0.0000,-0.0068,0.0485,1.4251,3.7553,0,12.5202,0,0,61.6101,12.7849,-2.3180,21.0529,150.6192,0.440,0.000,1.000,0.0000,0.0000,0
2026-05-05,15:17:12,24298,1,0.0000,0.0129,0.0488,1.4348,3.7553,0,12.5202,0,0,61.5289,0.7837,-1.7863,23.0719,149.5971,0.408,0.000,1.000,0.0000,0.0000,0
2026-05-05,15:17:12,24333,1,0.0000,-0.0254,0.0512,1.5062,3.7554,0,12.5202,0,0,61.9672,17.5136,-0.8853,32.2101,148.7901,0.376,0.000,1.000,0.0000,0.0000,0
2026-05-05,15:17:12,24368,1,0.0000,-0.0514,0.0595,1.7489,3.7557,0,12.5202,0,0,62.6265,22.1641,0.5896,46.3527,149.1673,0.344,0.000,1.000,0.0000,0.0000,0
2026-05-05,15:17:12,24403,1,0.0000,-0.0052,0.0601,1.7662,3.7559,0,12.5202,0,0,63.6236,29.9532,2.5331,59.9352,150.3869,0.312,0.000,1.000,0.0000,0.0000,0
2026-05-05,15:17:12,24438,1,0.0000,0.0029,0.0589,1.7314,3.7559,0,12.5202,0,0,64.5619,31.1679,4.7523,69.6056,145.1975,0.280,0.000,1.000,0.0000,0.0000,0
2026-05-05,15:17:12,24473,1,0.0000,0.0180,0.0585,1.7198,3.7558,0,12.5202,0,0,65.9708,44.0520,7.1845,76.1880,115.9685,0.248,0.000,1.000,0.0000,0.0000,0
2026-05-05,15:17:12,24508,1,0.0000,0.0291,0.0564,1.6587,3.7557,0,12.5202,0,0,67.3295,37.2409,9.7170,79.5494,123.4064,0.216,0.000,1.000,0.0000,0.0000,0
2026-05-05,15:17:12,24543,1,0.0000,0.0377,0.0495,1.4546,3.7555,0,12.5202,0,0,68.3254,25.0271,11.9589,73.9624,129.4390,0.184,0.000,1.000,0.0000,0.0000,0
2026-05-05,15:17:12,24581,1,0.0000,0.0079,0.0495,1.4557,3.7554,0,12.5202,0,0,69.0565,12.3579,12.6494,59.9778,131.4322,0.160,0.000,1.000,0.0000,0.0000,0
2026-05-05,15:17:12,24617,1,0.0000,-0.0086,0.0485,1.4260,3.7553,0,12.5202,0,0,68.6602,-17.0560,14.3873,58.2041,136.0108,0.128,0.000,1.000,0.0000,0.0000,0
2026-05-05,15:17:12,24652,1,0.0000,-0.0405,0.0527,1.5495,3.7554,0,12.5202,0,0,67.6758,-33.0216,15.5489,45.7990,138.7361,0.120,0.000,1.000,0.0000,0.0000,0
2026-05-05,15:17:12,24687,1,0.0000,-0.1174,0.0692,2.0341,3.7561,0,12.5202,0,0,65.6052,-63.8606,15.9651,27.6323,139.4528,0.184,0.000,1.000,0.0000,0.0000,0
2026-05-05,15:17:12,24723,1,0.0000,-0.2434,0.1017,2.9899,3.7575,0,12.5202,0,0,65.3973,11.2676,16.1076,20.7551,120.0803,0.248,0.000,1.000,0.0000,0.0000,0
2026-05-05,15:17:12,24758,1,0.0000,0.0059,0.1017,2.9915,3.7582,0,12.5202,0,0,66.0837,14.7457,17.2074,34.4391,74.8527,0.288,0.000,1.000,0.0000,0.0000,0
2026-05-05,15:17:12,24793,1,0.0000,0.0343,0.0974,2.8644,3.7580,0,12.5202,0,0,66.5120,10.1155,19.1747,53.6740,37.7278,0.256,0.000,1.000,0.0000,0.0000,0
2026-05-05,15:17:13,24828,1,0.0000,0.0600,0.0869,2.5548,3.7575,0,12.5202,0,0,66.7290,3.4287,21.1199,57.5779,32.9708,0.224,0.000,1.000,0.0000,0.0000,0
2026-05-05,15:17:13,24863,1,0.0000,0.0701,0.0790,2.3242,3.7571,0,12.5202,0,0,66.7415,-1.6349,22.5544,49.1990,53.3652,0.192,0.000,1.000,0.0000,0.0000,0
2026-05-05,15:17:13,24898,1,0.0000,0.1362,0.0633,1.8630,3.7564,0,12.5202,0,0,66.8980,5.0601,23.6137,39.4931,69.8101,0.160,0.000,1.000,0.0000,0.0000,0
2026-05-05,15:17:13,24933,1,0.0000,-0.0299,0.0637,1.8736,3.7561,0,12.5202,0,0,67.0693,-0.8029,24.3735,29.6263,83.6017,0.128,0.000,1.000,0.0000,0.0000,0
2026-05-05,15:17:13,24968,1,0.0000,-0.1179,0.0783,2.3041,3.7566,0,12.5202,0,0,66.4876,-16.3454,24.4325,13.6581,93.9503,0.120,0.000,1.000,0.0000,0.0000,0
2026-05-05,15:17:13,25003,1,0.0000,-0.0502,0.0919,2.7016,3.7574,0,12.5202,0,0,65.9191,-19.8165,24.5583,11.6606,76.7372,0.184,0.000,1.000,0.0000,0.0000,0
2026-05-05,15:17:13,25038,1,0.0000,0.0085,0.0877,2.5794,3.7574,0,12.5202,0,0,65.7747,-5.7463,25.5319,26.3075,39.0656,0.248,0.000,1.000,0.0000,0.0000,0
2026-05-05,15:17:13,25073,1,0.0000,0.1337,0.0714,2.1014,3.7569,0,12.5202,0,0,65.9451,0.4818,26.9629,38.6366,21.1623,0.312,0.000,1.000,0.0000,0.0000,0
2026-05-05,15:17:13,25108,1,0.0000,0.1267,0.0457,1.3441,3.7555,0,12.5202,0,0,66.2398,5.0637,28.4570,43.5145,43.8362,0.280,0.000,1.000,0.0000,0.0000,0
2026-05-05,15:17:13,25143,1,0.0000,0.0069,0.0477,1.4042,3.7553,0,12.5202,0,0,66.7155,7.7661,29.8125,42.0490,63.2342,0.248,0.000,1.000,0.0000,0.0000,0
2026-05-05,15:17:13,25178,1,0.0000,0.0024,0.0466,1.3694,3.7552,0,12.5202,0,0,65.9952,-36.0133,30.9612,37.8702,79.8002,0.240,0.000,1.000,0.0000,0.0000,0
2026-05-05,15:17:13,25213,1,0.0000,-0.0414,0.0529,1.5550,3.7554,0,12.5202,0,0,63.7053,-70.9641,31.9575,33.8868,93.3254,0.304,0.000,1.000,0.0000,0.0000,0
2026-05-05,15:17:13,25248,1,0.0000,-0.0678,0.0606,1.7809,3.7557,0,12.5202,0,0,61.4552,-64.1632,32.2786,18.6377,103.7987,0.368,0.000,1.000,0.0000,0.0000,0
2026-05-05,15:17:13,25283,1,0.0000,-0.0087,0.0605,1.7792,3.7559,0,12.5202,0,0,60.7196,-13.5383,32.2204,8.8259,73.7142,0.432,0.000,1.000,0.0000,0.0000,0
2026-05-05,15:17:13,25319,1,0.0000,0.0390,0.0547,1.6082,3.7557,0,12.5202,0,0,61.7143,26.7938,33.1007,21.0188,50.8298,0.496,0.000,1.000,0.0000,0.0000,0
2026-05-05,15:17:13,25354,1,0.0000,0.0102,0.0552,1.6223,3.7556,0,12.5202,0,0,62.6154,15.8329,34.0374,25.6527,57.1013,0.488,0.000,1.000,0.0000,0.0000,0
2026-05-05,15:17:13,25389,1,0.0000,-0.0017,0.0553,1.6274,3.7556,0,12.5202,0,0,61.8020,-28.9811,34.6524,20.9810,74.1382,0.480,0.000,1.000,0.0000,0.0000,0
2026-05-05,15:17:13,25424,1,0.0000,0.0046,0.0543,1.5962,3.7556,0,12.5202,0,0,61.0749,-21.1421,35.1700,18.0221,89.2218,0.544,0.000,1.000,0.0000,0.0000,0
2026-05-05,15:17:13,25459,1,0.0000,0.0163,0.0507,1.4911,3.7555,0,12.5202,0,0,61.0347,-1.7380,35.6491,16.0282,49.2598,0.608,0.000,1.000,0.0000,0.0000,0
2026-05-05,15:17:13,25498,1,0.0000,-0.0011,0.0537,1.5804,3.7555,0,12.5202,0,0,61.4274,-5.3421,36.0048,14.4313,58.8568,0.656,0.000,1.000,0.0000,0.0000,0
2026-05-05,15:17:13,25534,1,0.0000,-0.0341,0.0586,1.7229,3.7557,0,12.5202,0,0,60.5950,-23.0326,36.3441,11.4726,75.4959,0.720,0.000,1.000,0.0000,0.0000,0
2026-05-05,15:17:13,25569,1,0.0000,0.0101,0.0583,1.7150,3.7558,0,12.5202,0,0,59.9448,-22.1153,36.3600,4.8093,89.7492,0.784,0.000,1.000,0.0000,0.0000,0
2026-05-05,15:17:13,25604,1,0.0000,0.0253,0.0564,1.6593,3.7557,0,12.5202,0,0,59.9101,-0.3546,36.4974,6.1934,74.8169,0.848,0.000,1.000,0.0000,0.0000,0
2026-05-05,15:17:13,25639,1,0.0000,0.0502,0.0507,1.4918,3.7555,0,12.5202,0,0,61.0578,26.8847,37.1930,16.6812,36.9744,0.864,0.000,1.000,0.0000,0.0000,0
2026-05-05,15:17:13,25674,1,0.0000,0.0221,0.0470,1.3833,3.7552,0,12.5202,0,0,61.7465,8.3126,38.1348,24.0186,57.4801,0.832,0.000,1.000,0.0000,0.0000,0
2026-05-05,15:17:13,25709,1,0.0000,0.0461,0.0399,1.1746,3.7549,0,12.5202,0,0,61.7004,-10.4772,39.0344,26.1526,74.6468,0.800,0.000,1.000,0.0000,0.0000,0
2026-05-05,15:17:13,25745,1,0.0000,0.0431,0.0318,0.9352,3.7545,0,12.5202,0,0,61.5483,-17.8662,39.9860,27.9391,89.8498,0.792,0.000,1.000,0.0000,0.0000,0
2026-05-05,15:17:13,25780,1,0.0000,-0.0171,0.0359,1.0552,3.7546,0,12.5202,0,0,59.8735,-73.8345,40.9565,29.0905,102.3841,0.856,0.000,1.000,0.0000,0.0000,0
2026-05-05,15:17:14,25815,1,0.0000,-0.0971,0.0469,1.3789,3.7549,0,12.5202,0,0,54.5525,-169.1516,41.1700,14.3847,111.5457,0.920,0.000,1.000,0.0000,0.0000,0
2026-05-05,15:17:14,25850,1,0.0000,-0.1102,0.0664,1.9526,3.7559,0,12.5202,0,0,49.4833,-109.3749,39.5268,-24.0971,116.2513,0.984,0.000,1.000,0.0000,0.0000,0
2026-05-05,15:17:14,25885,1,0.0000,-0.0961,0.0796,2.3401,3.7567,0,12.5202,0,0,52.1454,76.7594,38.2839,-23.6307,76.3424,1.000,0.000,1.000,0.0000,0.0000,0
2026-05-05,15:17:14,25920,1,0.0000,-0.0036,0.0797,2.3433,3.7570,0,12.5202,0,0,55.4490,68.9542,39.6122,20.8414,47.2125,0.984,0.000,1.000,0.0000,0.0000,0
2026-05-05,15:17:14,25955,1,0.0000,0.0556,0.0727,2.1390,3.7567,0,12.5202,0,0,54.1124,-63.1551,40.7448,27.6114,66.1751,0.952,0.000,1.000,0.0000,0.0000,0
2026-05-05,15:17:14,25990,1,0.0000,0.1456,0.0505,1.4865,3.7557,0,12.5202,0,0,51.1525,-75.8184,41.2905,20.9894,82.6864,1.000,0.000,1.000,0.0000,0.0000,0
2026-05-05,15:17:14,26025,1,0.0000,0.0262,0.0472,1.3890,3.7553,0,12.5202,0,0,51.2969,6.3377,41.9711,21.5822,83.4191,1.000,0.000,1.000,0.0000,0.0000,0
2026-05-05,15:17:14,26060,1,0.0000,0.0500,0.0429,1.2604,3.7551,0,12.5202,0,0,52.5820,32.3033,42.8992,26.7026,96.8112,0.992,0.000,1.000,0.0000,0.0000,0
2026-05-05,15:17:14,26095,1,0.0000,0.0873,0.0304,0.8932,3.7545,0,12.5202,0,0,53.8799,30.0446,44.0205,31.3193,107.8402,0.960,0.000,1.000,0.0000,0.0000,0
2026-05-05,15:17:14,26130,1,0.0000,0.0214,0.0271,0.7972,3.7542,0,12.5202,0,0,55.2763,32.7922,45.3344,36.4871,83.9024,0.928,0.000,1.000,0.0000,0.0000,0
2026-05-05,15:17:14,26165,1,0.0000,0.0115,0.0231,0.6787,3.7539,0,12.5202,0,0,55.8997,-3.4906,46.9277,44.0434,91.4356,0.896,0.000,1.000,0.0000,0.0000,0
2026-05-05,15:17:14,26200,1,0.0000,-0.0077,0.0224,0.6588,3.7539,0,12.5202,0,0,54.9995,-48.5187,48.6172,49.2655,103.3201,0.864,0.000,1.000,0.0000,0.0000,0
2026-05-05,15:17:14,26235,1,0.0000,-0.0222,0.0244,0.7164,3.7539,0,12.5202,0,0,52.0097,-112.1611,50.1695,48.7622,113.5032,0.832,0.000,1.000,0.0000,0.0000,0
2026-05-05,15:17:14,26270,1,0.0000,-0.1083,0.0354,1.0410,3.7543,0,12.5202,0,0,43.8613,-271.6209,51.3214,40.1819,122.1593,0.848,0.000,1.000,0.0000,0.0000,0
2026-05-05,15:17:14,26305,1,0.0000,-0.1486,0.0620,1.8221,3.7556,0,12.5202,0,0,32.6466,-256.2361,50.6421,3.6473,127.0693,0.912,0.000,1.000,0.0000,0.0000,0
2026-05-05,15:17:14,26340,1,0.0000,0.0301,0.0543,1.5962,3.7556,0,12.5202,0,0,34.3253,61.0030,50.1578,-2.0806,98.4993,0.976,0.000,1.000,0.0000,0.0000,0
2026-05-05,15:17:14,26376,1,0.0000,0.0277,0.0479,1.4099,3.7553,0,12.5202,0,0,40.5929,169.2280,51.4472,24.3421,59.3687,0.992,0.000,1.000,0.0000,0.0000,0
2026-05-05,15:17:14,26416,1,0.0000,0.0144,0.0486,1.4299,3.7553,0,12.5202,0,0,45.4295,82.1670,52.5861,22.7552,61.3147,0.968,0.000,1.000,0.0000,0.0000,0
2026-05-05,15:17:14,26452,1,0.0000,0.0546,0.0427,1.2560,3.7551,0,12.5202,0,0,41.9900,-108.0504,52.6666,9.8175,77.3883,0.936,0.000,1.000,0.0000,0.0000,0
2026-05-05,15:17:14,26487,1,0.0000,0.0080,0.0433,1.2726,3.7550,0,12.5202,0,0,37.6330,-118.4362,52.7984,8.0440,64.8388,1.000,0.000,1.000,0.0000,0.0000,0
2026-05-05,15:17:14,26522,1,0.0000,-0.0131,0.0448,1.3187,3.7550,0,12.5202,0,0,35.8037,-39.6944,53.1558,11.5539,49.3157,1.000,0.000,1.000,0.0000,0.0000,0
2026-05-05,15:17:14,26558,1,0.0000,0.0082,0.0438,1.2893,3.7550,0,12.5202,0,0,36.2930,10.0410,53.6317,13.0453,67.5761,1.000,0.000,1.000,0.0000,0.0000,0
2026-05-05,15:17:14,26593,1,0.0000,-0.0012,0.0440,1.2935,3.7551,0,12.5202,0,0,36.4648,1.4235,53.7421,6.0410,83.8875,1.000,0.000,1.000,0.0000,0.0000,0
2026-05-05,15:17:14,26628,1,0.0000,-0.0225,0.0496,1.4578,3.7552,0,12.5202,0,0,35.8755,-17.2601,53.6192,-0.3582,97.7405,1.000,0.000,1.000,0.0000,0.0000,0
2026-05-05,15:17:14,26663,1,0.0000,-0.0121,0.0506,1.4872,3.7554,0,12.5202,0,0,35.2763,-15.7990,53.6298,0.0765,109.2501,1.000,0.000,1.000,0.0000,0.0000,0
2026-05-05,15:17:14,26698,1,0.0000,0.0044,0.0511,1.5020,3.7554,0,12.5202,0,0,34.7601,-15.3458,53.5333,-2.6663,119.7886,1.000,0.000,1.000,0.0000,0.0000,0
2026-05-05,15:17:14,26733,1,0.0000,0.0128,0.0512,1.5071,3.7554,0,12.5202,0,0,34.2857,-9.1069,53.5676,-0.8424,128.7500,1.000,0.000,1.000,0.0000,0.0000,0
2026-05-05,15:17:14,26769,1,0.0000,0.0041,0.0509,1.4970,3.7554,0,12.5202,0,0,34.5654,9.2512,53.7191,0.7025,136.0219,0.992,0.000,1.000,0.0000,0.0000,0
2026-05-05,15:17:14,26804,1,0.0000,-0.0023,0.0511,1.5037,3.7554,0,12.5202,0,0,35.0465,16.0061,53.6285,-3.2399,142.2155,0.960,0.000,1.000,0.0000,0.0000,0
2026-05-05,15:17:15,26840,1,0.0000,-0.0041,0.0513,1.5082,3.7554,0,12.5202,0,0,35.4741,13.3822,53.3603,-8.2008,147.2051,0.928,0.000,1.000,0.0000,0.0000,0
2026-05-05,15:17:15,26875,1,0.0000,0.0167,0.0474,1.3927,3.7553,0,12.5202,0,0,35.6615,6.2685,52.9299,-12.7579,151.4035,0.896,0.000,1.000,0.0000,0.0000,0
2026-05-05,15:17:15,26910,1,0.0000,0.0127,0.0447,1.3144,3.7551,0,12.5202,0,0,35.9982,11.3526,52.4634,-14.0727,155.2308,0.864,0.000,1.000,0.0000,0.0000,0
2026-05-05,15:17:15,26945,1,0.0000,0.0159,0.0414,1.2163,3.7549,0,12.5202,0,0,36.4446,12.9536,52.2870,-8.6191,158.4520,0.832,0.000,1.000,0.0000,0.0000,0
2026-05-05,15:17:15,26980,1,0.0000,0.0082,0.0406,1.1938,3.7549,0,12.5202,0,0,36.6706,6.7477,52.3537,-2.4952,161.2367,0.800,0.000,1.000,0.0000,0.0000,0
2026-05-05,15:17:15,27015,1,0.0000,-0.0030,0.0427,1.2562,3.7549,0,12.5202,0,0,36.7190,1.7080,52.6223,3.3738,163.8775,0.768,0.000,1.000,0.0000,0.0000,0
2026-05-05,15:17:15,27050,1,0.0000,0.0069,0.0406,1.1948,3.7549,0,12.5202,0,0,36.3988,-10.8697,53.0689,8.7767,166.5017,0.736,0.000,1.000,0.0000,0.0000,0
2026-05-05,15:17:15,27085,1,0.0000,-0.0217,0.0434,1.2751,3.7551,0,12.5202,0,0,35.2765,-33.4856,53.7260,14.1416,168.9574,0.752,0.000,0.998,0.0000,0.0000,0
2026-05-05,15:17:15,27120,1,0.0000,-0.0059,0.0464,1.3650,3.7552,0,12.5202,0,0,34.1038,-25.1017,54.2749,12.8176,170.6572,0.816,0.000,1.000,0.0000,0.0000,0
2026-05-05,15:17:15,27155,1,0.0000,0.0054,0.0463,1.3621,3.7551,0,12.5202,0,0,34.7882,26.8615,54.1411,-1.1766,171.2787,0.880,0.000,1.000,0.0000,0.0000,0
2026-05-05,15:17:15,27190,1,0.0000,-0.0121,0.0464,1.3634,3.7551,0,12.5202,0,0,35.8421,32.0567,53.4227,-15.7780,171.6378,0.848,0.000,0.998,0.0000,0.0000,0
2026-05-05,15:17:15,27225,1,0.0000,-0.0348,0.0511,1.5043,3.7553,0,12.5202,0,0,36.0246,2.8847,52.8323,-17.7038,172.3578,0.816,0.000,0.995,0.0000,0.0000,0
2026-05-05,15:17:15,27260,1,0.0000,-0.0255,0.0559,1.6436,3.7556,0,12.5202,0,0,34.5742,-36.2620,52.4322,-15.6215,173.5308,0.808,0.000,0.992,0.0000,0.0000,0
2026-05-05,15:17:15,27295,1,0.0000,-0.0166,0.0593,1.7446,3.7558,0,12.5202,0,0,34.4404,15.2068,51.8159,-19.8730,174.5125,0.872,0.000,0.998,0.0000,0.0000,0
2026-05-05,15:17:15,27329,1,0.0000,0.0017,0.0585,1.7197,3.7558,0,12.5202,0,0,35.1641,21.2633,51.5610,-16.6527,174.5510,0.848,0.000,1.000,0.0000,0.0000,0
2026-05-05,15:17:15,27364,1,0.0000,0.0009,0.0575,1.6922,3.7558,0,12.5202,0,0,36.6520,46.2550,50.3810,-30.0524,174.3978,0.816,0.000,1.000,0.0000,0.0000,0
2026-05-05,15:17:15,27399,1,0.0000,0.0051,0.0561,1.6509,3.7557,0,12.5202,0,0,38.1381,46.7587,49.3234,-32.4843,174.1328,0.784,0.000,1.000,0.0000,0.0000,0
2026-05-05,15:17:15,27434,1,0.0000,0.0045,0.0559,1.6440,3.7557,0,12.5202,0,0,39.2545,36.6390,48.3791,-30.5693,174.2210,0.752,0.000,1.000,0.0000,0.0000,0
2026-05-05,15:17:15,27469,1,0.0000,0.0057,0.0553,1.6276,3.7557,0,12.5202,0,0,40.1460,29.2270,47.6001,-26.2122,174.5096,0.720,0.000,1.000,0.0000,0.0000,0
2026-05-05,15:17:15,27504,1,0.0000,0.0119,0.0555,1.6323,3.7557,0,12.5202,0,0,40.8139,21.4194,46.9817,-22.0338,174.4422,0.688,0.000,1.000,0.0000,0.0000,0
2026-05-05,15:17:15,27539,1,0.0000,0.0028,0.0548,1.6121,3.7556,0,12.5202,0,0,41.5312,24.1133,46.4220,-18.8615,174.3331,0.656,0.000,1.000,0.0000,0.0000,0
2026-05-05,15:17:15,27574,1,0.0000,-0.0082,0.0559,1.6436,3.7557,0,12.5202,0,0,42.1845,20.0959,46.0041,-14.8156,174.4551,0.624,0.000,1.000,0.0000,0.0000,0
2026-05-05,15:17:15,27609,1,0.0000,-0.0155,0.0564,1.6591,3.7557,0,12.5202,0,0,42.3607,6.0321,45.6725,-11.8506,174.3435,0.592,0.000,1.000,0.0000,0.0000,0
2026-05-05,15:17:15,27644,1,0.0000,0.0070,0.0564,1.6595,3.7557,0,12.5202,0,0,42.2487,-2.9466,45.3629,-9.9896,174.3784,0.560,0.000,1.000,0.0000,0.0000,0
2026-05-05,15:17:15,27679,1,0.0000,0.0011,0.0545,1.6020,3.7557,0,12.5202,0,0,41.9053,-7.8615,45.0279,-10.1858,174.5011,0.528,0.000,1.000,0.0000,0.0000,0
2026-05-05,15:17:15,27714,1,0.0000,-0.0649,0.0653,1.9198,3.7560,0,12.5202,0,0,41.1543,-14.8124,44.4906,-14.2030,174.1900,0.520,0.000,1.000,0.0000,0.0000,0
2026-05-05,15:17:15,27749,1,0.0000,-0.0523,0.0750,2.2072,3.7566,0,12.5202,0,0,41.5456,24.5877,43.9270,-15.8158,174.1797,0.536,0.000,1.000,0.0000,0.0000,0
2026-05-05,15:17:15,27784,1,0.0000,0.0031,0.0710,2.0887,3.7566,0,12.5202,0,0,42.8158,34.0138,43.3205,-18.2033,174.1777,0.504,0.000,1.000,0.0000,0.0000,0
2026-05-05,15:17:16,27819,1,0.0000,-0.0139,0.0733,2.1552,3.7566,0,12.5202,0,0,43.7728,31.3195,42.4897,-22.5410,174.1920,0.472,0.000,1.000,0.0000,0.0000,0
2026-05-05,15:17:16,27854,1,0.0000,0.0102,0.0735,2.1617,3.7566,0,12.5202,0,0,44.2048,18.6877,41.8888,-19.1236,173.9381,0.440,0.000,1.000,0.0000,0.0000,0
2026-05-05,15:17:16,27889,1,0.0000,0.0282,0.0698,2.0522,3.7565,0,12.5202,0,0,45.1624,29.9833,41.3670,-17.4398,173.7829,0.408,0.000,1.000,0.0000,0.0000,0
2026-05-05,15:17:16,27924,1,0.0000,0.0037,0.0666,1.9578,3.7562,0,12.5202,0,0,46.0046,27.9707,40.8817,-15.2545,174.3092,0.376,0.000,1.000,0.0000,0.0000,0
2026-05-05,15:17:16,27959,1,0.0000,-0.0119,0.0657,1.9331,3.7562,0,12.5202,0,0,46.1797,1.7627,40.5522,-11.2710,174.2574,0.344,0.000,1.000,0.0000,0.0000,0
2026-05-05,15:17:16,27995,1,0.0000,-0.0461,0.0733,2.1553,3.7565,0,12.5202,0,0,44.7676,-31.0605,40.1542,-11.6285,173.7953,0.312,0.000,1.000,0.0000,0.0000,0
2026-05-05,15:17:16,28030,1,0.0000,-0.0260,0.0774,2.2751,3.7568,0,12.5202,0,0,45.6978,47.8270,39.6524,-13.1607,159.9379,0.304,0.000,1.000,0.0000,0.0000,0
2026-05-05,15:17:16,28065,1,0.0000,-0.0145,0.0789,2.3203,3.7569,0,12.5202,0,0,47.3005,43.5155,39.0752,-16.3015,142.5067,0.272,0.000,1.000,0.0000,0.0000,0
2026-05-05,15:17:16,28101,1,0.0000,0.0172,0.0783,2.3030,3.7569,0,12.5202,0,0,48.3470,33.9121,38.5321,-15.8910,128.3910,0.240,0.000,1.000,0.0000,0.0000,0
2026-05-05,15:17:16,28136,1,0.0000,0.0085,0.0769,2.2624,3.7568,0,12.5202,0,0,49.5455,40.2968,38.0756,-14.8966,135.1572,0.208,0.000,1.000,0.0000,0.0000,0
2026-05-05,15:17:16,28171,1,0.0000,0.0497,0.0717,2.1086,3.7566,0,12.5202,0,0,50.6653,34.0478,37.5290,-15.9875,140.8201,0.176,0.000,1.000,0.0000,0.0000,0
2026-05-05,15:17:16,28206,1,0.0000,0.0480,0.0628,1.8464,3.7562,0,12.5202,0,0,51.3366,20.6444,37.0273,-14.8846,145.5439,0.144,0.000,1.000,0.0000,0.0000,0
2026-05-05,15:17:16,28245,1,0.0000,-0.0412,0.0708,2.0810,3.7563,0,12.5202,0,0,50.3926,-14.8859,36.3053,-16.7811,146.8934,0.120,0.000,1.000,0.0000,0.0000,0
2026-05-05,15:17:16,28281,1,0.0000,-0.0867,0.0842,2.4769,3.7570,0,12.5202,0,0,49.5825,0.1592,35.4577,-19.5126,143.2773,0.088,0.000,1.000,0.0000,0.0000,0
2026-05-05,15:17:16,28316,1,0.0000,-0.0218,0.0878,2.5824,3.7574,0,12.5202,0,0,51.2693,42.1995,35.1310,-12.0189,94.9577,0.056,0.000,1.000,0.0000,0.0000,0
2026-05-05,15:17:16,28351,1,0.0000,0.0168,0.0850,2.4991,3.7573,0,12.5202,0,0,52.2316,31.5910,34.9002,-7.8698,53.9225,0.024,0.000,1.000,0.0000,0.0000,0
2026-05-05,15:17:16,28386,1,0.0000,0.2013,0.0586,1.7233,3.7563,0,12.5202,0,0,53.1628,31.5407,34.8841,-2.9871,39.9357,0.000,0.000,1.000,0.0000,0.0000,0
2026-05-05,15:17:16,28421,1,0.0000,0.0183,0.0534,1.5697,3.7556,0,12.5202,0,0,54.3841,40.8537,34.8934,-0.7184,60.4329,0.000,0.000,1.000,0.0000,0.0000,0
2026-05-05,15:17:16,28456,1,0.0000,-0.0073,0.0548,1.6120,3.7556,0,12.5202,0,0,55.5507,34.3681,34.9177,0.2571,77.2369,0.000,0.000,1.000,0.0000,0.0000,0
2026-05-05,15:17:16,28491,1,0.0000,-0.0604,0.0611,1.7979,3.7558,0,12.5202,0,0,55.5341,-2.8486,34.6692,-4.5571,90.1750,0.000,0.000,1.000,0.0000,0.0000,0
2026-05-05,15:17:16,28526,1,0.0000,-0.0277,0.0634,1.8648,3.7560,0,12.5202,0,0,55.0660,-8.3259,33.9179,-14.9132,101.3334,0.000,0.000,1.000,0.0000,0.0000,0
2026-05-05,15:17:16,28561,1,0.0000,0.0036,0.0643,1.8903,3.7561,0,12.5202,0,0,55.5464,19.4368,33.3329,-13.4291,59.4525,0.000,0.000,1.000,0.0000,0.0000,0
2026-05-05,15:17:16,28596,1,0.0000,0.0303,0.0607,1.7866,3.7560,0,12.5202,0,0,56.2328,25.1423,33.6382,2.7202,38.6947,0.000,0.000,1.000,0.0000,0.0000,0
2026-05-05,15:17:16,28631,1,0.0000,0.0203,0.0557,1.6390,3.7557,0,12.5202,0,0,57.2591,32.5364,34.0167,8.3896,59.4305,0.000,0.000,1.000,0.0000,0.0000,0
2026-05-05,15:17:16,28666,1,0.0000,0.0296,0.0519,1.5279,3.7555,0,12.5202,0,0,58.3612,34.9311,34.3145,8.6705,77.0498,0.000,0.000,1.000,0.0000,0.0000,0
2026-05-05,15:17:16,28701,1,0.0000,0.0068,0.0499,1.4662,3.7553,0,12.5202,0,0,59.5050,32.4514,34.6115,8.9993,57.8381,0.000,0.000,1.000,0.0000,0.0000,0
2026-05-05,15:17:16,28736,1,0.0000,-0.0213,0.0520,1.5285,3.7554,0,12.5202,0,0,59.5864,-4.5928,34.9314,9.3323,56.8421,0.000,0.000,1.000,0.0000,0.0000,0
2026-05-05,15:17:16,28771,1,0.0000,0.0064,0.0508,1.4928,3.7554,0,12.5202,0,0,59.4525,-1.1645,35.2513,9.7233,75.0148,0.000,0.000,1.000,0.0000,0.0000,0
2026-05-05,15:17:17,28806,1,0.0000,0.0073,0.0493,1.4501,3.7554,0,12.5202,0,0,59.4427,1.0768,35.5132,8.3438,83.3187,0.000,0.000,1.000,0.0000,0.0000,0
2026-05-05,15:17:17,28841,1,0.0000,-0.0036,0.0502,1.4775,3.7554,0,12.5202,0,0,59.5344,2.4576,35.7305,7.4708,58.4656,0.000,0.000,1.000,0.0000,0.0000,0
2026-05-05,15:17:17,28876,1,0.0000,-0.0094,0.0495,1.4557,3.7553,0,12.5202,0,0,59.5521,1.6299,36.0406,8.5681,69.7902,0.000,0.000,1.000,0.0000,0.0000,0
2026-05-05,15:17:17,28912,1,0.0000,-0.0034,0.0495,1.4566,3.7553,0,12.5202,0,0,59.5114,-1.8087,36.3704,8.5726,52.3749,0.000,0.000,1.000,0.0000,0.0000,0
2026-05-05,15:17:17,28947,1,0.0000,-0.0126,0.0506,1.4881,3.7553,0,12.5202,0,0,59.0360,-18.1311,36.7301,9.4222,32.7636,0.000,0.000,1.000,0.0000,0.0000,0
2026-05-05,15:17:17,28982,1,0.0000,0.0031,0.0483,1.4213,3.7553,0,12.5202,0,0,58.2598,-15.5571,37.0381,8.4433,55.5308,0.064,0.000,1.000,0.0000,0.0000,0
2026-05-05,15:17:17,29018,1,0.0000,0.0570,0.0426,1.2537,3.7550,0,12.5202,0,0,58.8520,15.9016,37.2962,6.2184,74.4571,0.080,0.000,1.000,0.0000,0.0000,0
2026-05-05,15:17:17,29053,1,0.0000,-0.0000,0.0433,1.2726,3.7550,0,12.5202,0,0,59.2092,9.7075,37.1733,-1.1348,76.4334,0.048,0.000,1.000,0.0000,0.0000,0
2026-05-05,15:17:17,29088,1,0.0000,-0.0326,0.0496,1.4590,3.7552,0,12.5202,0,0,57.7525,-49.9865,37.1229,-2.1002,92.5294,0.040,0.000,1.000,0.0000,0.0000,0
2026-05-05,15:17:17,29124,1,0.0000,-0.0229,0.0527,1.5495,3.7555,0,12.5202,0,0,54.6878,-75.4209,36.9911,-5.4194,87.0362,0.104,0.000,1.000,0.0000,0.0000,0
2026-05-05,15:17:17,29159,1,0.0000,-0.0211,0.0530,1.5593,3.7555,0,12.5202,0,0,55.4247,51.4436,36.4811,-13.1337,50.3856,0.168,0.000,1.000,0.0000,0.0000,0
2026-05-05,15:17:17,29197,1,0.0000,-0.0030,0.0527,1.5486,3.7555,0,12.5202,0,0,57.4312,77.2019,36.4754,-11.5058,54.0669,0.168,0.000,1.000,0.0000,0.0000,0
2026-05-05,15:17:17,29232,1,0.0000,0.0592,0.0454,1.3345,3.7552,0,12.5202,0,0,60.9638,103.9795,35.7730,-19.7850,71.6755,0.136,0.000,1.000,0.0000,0.0000,0
2026-05-05,15:17:17,29267,1,0.0000,0.1058,0.0295,0.8669,3.7546,0,12.5202,0,0,64.8372,116.0121,35.2337,-18.1275,53.5629,0.104,0.000,1.000,0.0000,0.0000,0
2026-05-05,15:17:17,29302,1,0.0000,0.0398,0.0217,0.6369,3.7539,0,12.5202,0,0,68.8884,106.6340,35.2419,-7.1226,26.0361,0.072,0.000,1.000,0.0000,0.0000,0
2026-05-05,15:17:17,29337,1,0.0000,-0.0024,0.0236,0.6945,3.7540,0,12.5202,0,0,70.3886,20.9756,35.5490,2.2750,48.1044,0.040,0.000,1.000,0.0000,0.0000,0
2026-05-05,15:17:17,29372,1,0.0000,-0.0091,0.0259,0.7621,3.7540,0,12.5202,0,0,67.9347,-97.2155,35.6372,1.5303,66.7995,0.008,0.000,1.000,0.0000,0.0000,0
2026-05-05,15:17:17,29407,1,0.0000,-0.0288,0.0293,0.8626,3.7542,0,12.5202,0,0,60.8545,-219.7414,35.2615,-6.9621,83.1171,0.032,0.000,1.000,0.0000,0.0000,0
2026-05-05,15:17:17,29442,1,0.0000,-0.0793,0.0396,1.1652,3.7546,0,12.5202,0,0,50.9416,-273.0243,34.4792,-15.5777,97.8821,0.096,0.000,1.000,0.0000,0.0000,0
2026-05-05,15:17:17,29477,1,0.0000,-0.0911,0.0538,1.5816,3.7554,0,12.5202,0,0,47.1446,-88.7182,33.8446,-16.0692,76.9470,0.160,0.000,1.000,0.0000,0.0000,0
2026-05-05,15:17:17,29512,1,0.0000,0.0177,0.0486,1.4299,3.7553,0,12.5202,0,0,50.0089,130.1617,33.7190,-8.0157,63.4926,0.224,0.000,1.000,0.0000,0.0000,0
2026-05-05,15:17:17,29547,1,0.0000,0.0076,0.0451,1.3276,3.7551,0,12.5202,0,0,59.7205,268.1931,33.9303,-0.4196,48.5368,0.216,0.000,1.000,0.0000,0.0000,0
2026-05-05,15:17:17,29582,1,0.0000,0.0024,0.0454,1.3351,3.7551,0,12.5202,0,0,64.6191,114.6364,34.1526,1.7563,67.6177,0.184,0.000,1.000,0.0000,0.0000,0
2026-05-05,15:17:17,29617,1,0.0000,0.0351,0.0421,1.2395,3.7551,0,12.5202,0,0,64.2271,-21.5026,33.9824,-4.3526,83.3765,0.152,0.000,1.000,0.0000,0.0000,0
2026-05-05,15:17:17,29652,1,0.0000,0.0307,0.0353,1.0383,3.7547,0,12.5202,0,0,62.9997,-28.9192,33.6411,-7.7406,56.9617,0.120,0.000,1.000,0.0000,0.0000,0
2026-05-05,15:17:17,29687,1,0.0000,0.0096,0.0368,1.0828,3.7547,0,12.5202,0,0,62.7637,-8.7543,33.6365,-2.1546,62.4115,0.088,0.000,1.000,0.0000,0.0000,0
2026-05-05,15:17:17,29722,1,0.0000,0.0067,0.0369,1.0861,3.7547,0,12.5202,0,0,62.3763,-7.9823,33.8869,3.9849,79.3693,0.056,0.000,1.000,0.0000,0.0000,0
2026-05-05,15:17:17,29757,1,0.0000,0.0051,0.0368,1.0826,3.7547,0,12.5202,0,0,62.6932,9.4874,34.0947,4.7323,94.1601,0.024,0.000,1.000,0.0000,0.0000,0
2026-05-05,15:17:17,29792,1,0.0000,0.0537,0.0319,0.9384,3.7545,0,12.5202,0,0,63.4611,22.9265,34.1754,3.0217,72.5867,0.000,0.000,1.000,0.0000,0.0000,0
2026-05-05,15:17:18,29827,1,0.0000,0.0216,0.0287,0.8429,3.7543,0,12.5202,0,0,64.6368,32.4719,34.3990,5.2781,88.0585,0.000,0.000,1.000,0.0000,0.0000,0
2026-05-05,15:17:18,29862,1,0.0000,-0.0014,0.0292,0.8577,3.7542,0,12.5202,0,0,65.7587,24.3809,34.6364,5.6338,101.0116,0.000,0.000,1.000,0.0000,0.0000,0
2026-05-05,15:17:18,29897,1,0.0000,-0.0125,0.0296,0.8705,3.7542,0,12.5202,0,0,65.0476,-36.5635,34.8445,5.7960,112.4642,0.000,0.000,1.000,0.0000,0.0000,0
2026-05-05,15:17:18,29932,1,0.0000,-0.0063,0.0292,0.8598,3.7543,0,12.5202,0,0,62.3893,-83.7468,35.2262,9.0994,115.9965,0.048,0.000,1.000,0.0000,0.0000,0
2026-05-05,15:17:18,29968,1,-3.2640,-0.0301,0.0261,0.7674,3.7543,0,12.5202,-408,1,59.1563,-92.5721,35.6982,11.0258,80.2700,0.088,0.000,1.000,0.0000,0.0000,0
2026-05-05,15:17:18,30004,1,-4.2080,-0.2664,0.0189,0.5572,3.7557,0,12.5202,-526,1,57.0720,-50.6193,36.0358,8.2229,96.2495,0.056,0.000,1.000,0.0000,0.0000,0
2026-05-05,15:17:18,30040,1,-4.5920,-0.1777,0.0212,0.6232,3.7570,0,12.5202,-574,1,56.0536,-13.5968,36.0477,0.2160,109.8594,0.024,0.000,1.000,0.0000,0.0000,0
2026-05-05,15:17:18,30076,1,-4.5920,-0.2220,0.0078,0.2303,3.7589,0,12.5202,-574,1,57.7553,61.4728,35.5923,-12.6860,119.3040,0.000,0.000,0.999,0.0000,0.0000,0
2026-05-05,15:17:18,30115,1,-4.5920,-0.0664,0.0174,0.5119,3.7593,0,12.5202,-574,1,58.8285,41.4690,35.1655,-17.3699,123.6274,0.000,0.000,1.000,0.0000,0.0000,0
2026-05-05,15:17:18,30151,1,-4.6160,-0.0809,0.0222,0.6515,3.7602,0,12.5202,-577,1,59.5808,20.3833,34.0143,-28.2346,131.0800,0.000,0.000,1.000,0.0000,0.0000,0
2026-05-05,15:17:18,30186,1,-4.6160,-0.1779,0.0192,0.5649,3.7614,0,12.5202,-577,1,60.2283,25.3479,33.0847,-29.0668,138.1141,0.000,0.000,1.000,0.0000,0.0000,0
2026-05-05,15:17:18,30221,1,-4.6160,-0.1998,0.0253,0.7447,3.7624,0,12.5202,-577,1,60.9753,25.0847,32.3962,-24.3361,137.6589,0.000,0.000,1.000,0.0000,0.0000,0
2026-05-05,15:17:18,30257,1,-4.6240,-0.1567,0.0204,0.5989,3.7642,0,12.5202,-578,1,62.1885,36.3509,31.8147,-20.6714,143.0694,0.000,0.000,1.000,0.0000,0.0000,0
2026-05-05,15:17:18,30293,1,-4.6240,-0.1565,0.0177,0.5195,3.7649,0,12.5202,-578,1,62.7867,19.0162,31.3128,-17.8958,147.8392,0.000,0.000,1.000,0.0000,0.0000,0
2026-05-05,15:17:18,30328,1,-4.6240,-0.1550,0.0125,0.3667,3.7662,0,12.5202,-578,1,63.4669,21.7873,31.0004,-12.5881,151.7667,0.000,0.000,1.000,0.0000,0.0000,0
2026-05-05,15:17:18,30363,1,-4.6320,-0.1354,0.0227,0.6685,3.7670,0,12.5202,-579,1,63.7701,5.4243,30.9772,-4.6884,155.2813,0.000,0.000,1.000,0.0000,0.0000,0
2026-05-05,15:17:18,30399,1,-4.6160,-0.1861,0.0163,0.4785,3.7687,0,12.5202,-577,1,64.3188,15.0536,31.2278,3.1900,158.1416,0.000,0.000,1.000,0.0000,0.0000,0
2026-05-05,15:17:18,30435,1,-4.6160,-0.0031,0.0159,0.4662,3.7688,0,12.5202,-577,1,64.1945,-10.6611,31.3187,2.0921,160.4669,0.000,0.000,1.000,0.0000,0.0000,0
2026-05-05,15:17:18,30471,1,-4.6160,0.0128,0.0158,0.4652,3.7688,0,12.5202,-577,1,63.6927,-14.7703,31.2586,-0.7081,162.4612,0.000,0.000,1.000,0.0000,0.0000,0
2026-05-05,15:17:18,30506,1,-4.6160,0.0191,0.0134,0.3937,3.7687,0,12.5202,-577,1,63.2579,-17.8683,31.2879,0.5101,164.3614,0.000,0.000,1.000,0.0000,0.0000,0
2026-05-05,15:17:18,30541,1,-4.6160,-0.0219,0.0119,0.3492,3.7688,0,12.5202,-577,1,62.5782,-21.0105,31.3425,1.1982,166.0068,0.000,0.000,1.000,0.0000,0.0000,0
2026-05-05,15:17:18,30577,1,-4.6160,-0.0949,0.0100,0.2930,3.7691,0,12.5202,-577,1,62.0029,-15.1273,31.4228,1.7456,167.2793,0.000,0.000,0.999,0.0000,0.0000,0
2026-05-05,15:17:18,30612,1,-4.6160,-0.0296,0.0165,0.4844,3.7694,0,12.5202,-577,1,61.6062,-11.5833,31.4607,1.1558,168.6309,0.000,0.000,1.000,0.0000,0.0000,0
2026-05-05,15:17:18,30647,1,-4.6160,-0.0101,0.0154,0.4541,3.7695,0,12.5202,-577,1,61.2430,-13.3082,31.4873,0.4203,169.7499,0.000,0.000,1.000,0.0000,0.0000,0
2026-05-05,15:17:18,30683,1,-4.6160,0.0026,0.0149,0.4368,3.7696,0,12.5202,-577,1,60.8133,-15.1358,31.4039,-2.4266,170.7702,0.000,0.000,1.000,0.0000,0.0000,0
2026-05-05,15:17:18,30718,1,-4.6160,-0.0530,0.0193,0.5675,3.7700,0,12.5202,-577,1,59.8065,-34.1024,31.2831,-3.6874,172.1161,0.000,0.000,1.000,0.0000,0.0000,0
2026-05-05,15:17:18,30754,1,-4.6160,-0.0871,0.0156,0.4576,3.7711,0,12.5202,-577,1,58.5529,-33.3467,31.2394,-3.0855,173.3105,0.000,0.000,1.000,0.0000,0.0000,0
2026-05-05,15:17:18,30790,1,-4.6240,-0.0860,0.0264,0.7776,3.7719,0,12.5202,-578,1,57.4329,-24.1246,31.1123,-4.7134,174.4837,0.024,0.000,1.000,0.0000,0.0000,0
2026-05-05,15:17:19,30826,1,-4.6160,-0.3063,0.0244,0.7181,3.7736,0,12.5202,-577,1,58.2717,40.5742,30.8455,-7.7113,174.0304,0.000,0.000,1.000,0.0000,0.0000,0
2026-05-05,15:17:19,30862,1,-4.6160,-0.2113,0.0322,0.9478,3.7762,0,12.5202,-577,1,59.9443,44.9185,30.4739,-10.8869,173.9530,0.000,0.000,1.000,0.0000,0.0000,0
2026-05-05,15:17:19,30898,1,-4.6160,-0.3808,0.0393,1.1551,3.7784,0,12.5202,-577,1,60.5177,18.2035,30.0089,-13.4180,173.7969,0.000,0.000,1.000,0.0000,0.0000,0
2026-05-05,15:17:19,30934,1,-4.6160,-0.5069,0.0345,1.0160,3.7812,0,12.5202,-577,1,61.3147,28.1277,29.8073,-8.7645,173.9237,0.000,0.000,1.000,0.0000,0.0000,0
2026-05-05,15:17:19,30969,1,-6.0160,-0.4978,0.0235,0.6908,3.7850,0,12.5202,-752,1,62.2676,22.9835,29.6714,-6.0319,174.2913,0.000,0.000,1.000,0.0000,0.0000,0
2026-05-05,15:17:19,31005,1,5.2800,1.7579,0.3288,9.6711,3.7852,0,12.5202,660,1,60.3446,-93.0059,29.6879,-1.6099,161.2778,0.000,0.000,1.000,0.0000,0.0000,0
2026-05-05,15:17:19,31041,1,7.8400,6.8335,0.2721,8.0036,3.7435,0,12.5202,980,1,53.5886,-146.4143,31.1638,12.9896,152.3766,0.048,0.000,1.000,0.0000,0.0000,0
2026-05-05,15:17:19,31077,1,7.9920,7.9852,0.2538,7.4634,3.6837,0,12.5202,999,1,56.1391,110.7669,31.7725,6.3300,143.7458,0.112,0.000,1.000,0.0000,0.0000,0
2026-05-05,15:17:19,31113,1,7.9920,8.0319,0.2492,7.3299,3.6217,0,12.5202,999,1,54.6612,-89.8319,29.8138,-38.8077,139.9974,0.104,0.000,1.000,0.0000,0.0000,0
2026-05-05,15:17:19,31149,1,7.9920,7.8796,0.2671,7.8547,3.5603,0,12.5202,999,1,52.4990,-21.6279,27.8041,-50.5931,127.0452,0.168,0.000,1.000,0.0000,0.0000,0
2026-05-05,15:17:19,31185,1,1.6240,7.8941,0.2740,8.0594,3.4998,0,12.5202,203,1,57.1953,94.3700,26.9879,-35.5445,115.2931,0.160,0.000,1.000,0.0000,0.0000,0
2026-05-05,15:17:19,31220,1,1.6240,1.3781,0.0915,2.6912,3.4648,0,12.5202,203,1,57.1472,15.4800,25.9566,-34.7569,122.7260,0.128,0.000,1.000,0.0000,0.0000,0
2026-05-05,15:17:19,31255,1,1.6240,1.9491,0.0680,2.0004,3.4528,0,12.5202,203,1,58.8328,43.3469,24.8759,-34.3215,123.5316,0.096,0.000,1.000,0.0000,0.0000,0
2026-05-05,15:17:19,31291,1,0.0000,0.1584,0.1384,4.0701,3.4459,0,12.5202,0,1,55.9352,-61.1191,23.5134,-38.3927,111.3379,0.064,0.000,1.000,0.0000,0.0000,0
2026-05-05,15:17:19,31326,1,0.0000,-0.0988,0.1647,4.8450,3.4474,0,12.5202,0,1,57.9212,92.0224,22.9353,-23.9550,98.9804,0.080,0.000,1.000,0.0000,0.0000,0
2026-05-05,15:17:19,31362,1,0.0000,0.1045,0.1444,4.2483,3.4469,0,12.5202,0,1,61.4689,84.6283,22.5045,-19.2410,109.7791,0.048,0.000,1.000,0.0000,0.0000,0
2026-05-05,15:17:19,31398,1,0.0000,0.4315,0.0823,2.4199,3.4443,0,12.5202,0,1,63.3440,73.9552,21.5753,-25.0768,100.0593,0.016,0.000,1.000,0.0000,0.0000,0
2026-05-05,15:17:19,31433,1,0.0000,0.0560,0.0653,1.9209,3.4424,0,12.5202,0,1,65.7783,71.7647,21.0652,-18.9007,109.9230,0.000,0.000,1.000,0.0000,0.0000,0
2026-05-05,15:17:19,31468,1,0.0000,-0.0066,0.0684,2.0105,3.4424,0,12.5202,0,1,66.9694,36.0631,20.6402,-15.4922,119.5470,0.000,0.000,1.000,0.0000,0.0000,0
2026-05-05,15:17:19,31503,1,0.0000,-0.0107,0.0690,2.0291,3.4424,0,12.5202,0,1,67.2491,8.9114,20.1876,-14.3765,128.3221,0.000,0.000,1.000,0.0000,0.0000,0
2026-05-05,15:17:19,31538,1,0.0000,0.0124,0.0687,2.0198,3.4424,0,12.5202,0,1,66.9824,1.9926,19.7764,-12.8727,135.0464,0.000,0.000,1.000,0.0000,0.0000,0
2026-05-05,15:17:19,31574,1,0.0000,0.0105,0.0687,2.0201,3.4425,0,12.5202,0,1,67.6902,33.1181,19.4389,-10.8152,140.5656,0.000,0.000,1.000,0.0000,0.0000,0
2026-05-05,15:17:19,31610,1,0.0000,-0.0100,0.0705,2.0736,3.4425,0,12.5202,0,1,69.1185,54.4939,19.1449,-8.9700,145.4138,0.000,0.000,1.000,0.0000,0.0000,0
2026-05-05,15:17:19,31645,1,0.0000,0.0133,0.0690,2.0280,3.4425,0,12.5202,0,1,71.1371,61.4667,19.0640,-4.6807,149.8681,0.000,0.000,1.000,0.0000,0.0000,0
2026-05-05,15:17:19,31680,1,0.0000,0.1050,0.0545,1.6020,3.4420,0,12.5202,0,1,73.3592,71.5940,18.9750,-3.5726,153.3848,0.000,0.000,1.000,0.0000,0.0000,0
2026-05-05,15:17:19,31715,1,0.0000,0.2198,0.0247,0.7278,3.4407,0,12.5202,0,1,75.9839,78.3343,18.8909,-2.7586,155.4391,0.000,0.000,1.000,0.0000,0.0000,0
2026-05-05,15:17:19,31750,1,0.0000,0.0131,0.0200,0.5883,3.4399,0,12.5202,0,1,78.7053,78.2310,18.9320,-0.0963,156.9004,0.000,0.000,1.000,0.0000,0.0000,0
2026-05-05,15:17:19,31786,1,0.0000,-0.0130,0.0211,0.6198,3.4399,0,12.5202,0,1,80.5280,35.3597,19.0341,2.0255,157.9815,0.000,0.000,1.000,0.0000,0.0000,0
2026-05-05,15:17:20,31822,1,0.0000,-0.0249,0.0227,0.6666,3.4400,0,12.5202,0,1,79.0142,-62.9561,18.9172,-1.3320,158.5738,0.000,0.000,1.000,0.0000,0.0000,0
2026-05-05,15:17:20,31857,1,-0.4000,-0.0124,0.0259,0.7612,3.4401,0,12.5202,-50,1,75.5851,-101.8412,18.4976,-6.9442,158.2542,0.000,0.000,1.000,0.0000,0.0000,0
2026-05-05,15:17:20,31893,1,-3.6160,-0.1687,0.0159,0.4677,3.4408,0,12.5202,-452,1,73.6576,-38.3585,18.0414,-7.0557,131.3605,0.000,0.000,1.000,0.0000,0.0000,0
2026-05-05,15:17:20,31929,1,-3.6160,-0.1745,0.0321,0.9444,3.4419,0,12.5202,-452,1,74.6544,35.1914,18.1989,4.8793,85.1159,0.048,0.000,1.000,0.0000,0.0000,0
2026-05-05,15:17:20,31968,1,-3.6160,-0.2926,0.0209,0.6159,3.4439,0,12.5202,-452,1,76.1568,38.9252,18.2165,8.9444,62.3254,0.048,0.000,1.000,0.0000,0.0000,0
2026-05-05,15:17:20,32004,1,-4.0880,-0.4585,0.0373,1.0961,3.4471,0,12.5202,-511,1,77.3268,22.8950,19.2566,25.6421,65.4341,0.016,0.000,1.000,0.0000,0.0000,0
2026-05-05,15:17:20,32039,1,-4.0880,-0.4641,0.0260,0.7650,3.4505,0,12.5202,-511,1,77.0455,-14.7275,20.2374,29.9481,74.0217,0.000,0.000,1.000,0.0000,0.0000,0
2026-05-05,15:17:20,32074,1,-4.0880,-0.2525,0.0356,1.0458,3.4526,0,12.5202,-511,1,76.0537,-30.5709,21.1358,29.9529,88.1561,0.016,0.000,1.000,0.0000,0.0000,0
2026-05-05,15:17:20,32109,1,-4.0960,-0.0988,0.0163,0.4803,3.4530,0,12.5202,-512,1,75.4554,-14.4536,21.9301,26.7443,66.5252,0.008,0.000,1.000,0.0000,0.0000,0
2026-05-05,15:17:20,32145,1,-4.0960,-0.0059,0.0166,0.4883,3.4536,0,12.5202,-512,1,75.8984,11.0105,22.9834,32.3784,30.1497,0.000,0.000,1.000,0.0000,0.0000,0
2026-05-05,15:17:20,32180,1,-4.0960,-0.0195,0.0204,0.6003,3.4539,0,12.5202,-512,1,77.0871,29.5510,24.3825,39.6250,-0.9025,0.000,0.000,1.000,0.0000,0.0000,0
2026-05-05,15:17:20,32216,1,-4.0880,-0.0495,0.0224,0.6601,3.4545,0,12.5202,-511,1,78.2297,18.6114,25.7694,40.1596,25.4437,0.000,0.000,1.000,0.0000,0.0000,0
2026-05-05,15:17:20,32251,1,-4.0880,-0.1208,0.0207,0.6088,3.4552,0,12.5202,-511,1,78.1140,-18.2131,27.0264,39.3066,47.5657,0.000,0.000,1.000,0.0000,0.0000,0
2026-05-05,15:17:20,32287,1,-4.0880,0.0093,0.0143,0.4197,3.4555,0,12.5202,-511,1,76.4880,-65.6613,28.1579,36.7560,66.0580,0.000,0.000,1.000,0.0000,0.0000,0
2026-05-05,15:17:20,32323,1,-4.0880,-0.0058,0.0147,0.4325,3.4555,0,12.5202,-511,1,73.8697,-88.7747,28.9808,30.7051,81.0694,0.000,0.000,1.000,0.0000,0.0000,0
2026-05-05,15:17:20,32358,1,-4.0880,-0.0036,0.0147,0.4309,3.4555,0,12.5202,-511,1,71.6428,-69.1584,29.6060,24.9684,94.0189,0.000,0.000,1.000,0.0000,0.0000,0
2026-05-05,15:17:20,32393,1,-4.0880,-0.0091,0.0143,0.4221,3.4555,0,12.5202,-511,1,70.1235,-50.3307,30.2191,22.7735,105.2586,0.000,0.000,1.000,0.0000,0.0000,0
2026-05-05,15:17:20,32429,1,-4.0880,-0.0035,0.0160,0.4702,3.4555,0,12.5202,-511,1,69.0476,-35.9145,30.9629,25.3130,87.5572,0.000,0.000,1.000,0.0000,0.0000,0
2026-05-05,15:17:20,32464,1,-4.0880,0.0121,0.0132,0.3885,3.4554,0,12.5202,-511,1,69.1590,1.6196,32.1119,33.1796,47.7508,0.000,0.000,1.000,0.0000,0.0000,0
2026-05-05,15:17:20,32500,1,-4.0880,0.0108,0.0109,0.3203,3.4553,0,12.5202,-511,1,70.7838,36.3358,33.6254,41.0591,48.3190,0.000,0.000,1.000,0.0000,0.0000,0
2026-05-05,15:17:20,32536,1,-4.0880,-0.0062,0.0116,0.3409,3.4553,0,12.5202,-511,1,71.1698,-20.4958,35.0913,42.4812,66.7812,0.000,0.000,1.000,0.0000,0.0000,0
2026-05-05,15:17:20,32572,1,-4.0880,-0.0048,0.0121,0.3570,3.4553,0,12.5202,-511,1,67.9255,-113.0035,36.0336,33.3266,82.1905,0.000,0.000,1.000,0.0000,0.0000,0
2026-05-05,15:17:20,32608,1,-4.0880,-0.0088,0.0129,0.3785,3.4553,0,12.5202,-511,1,64.2240,-107.9878,36.6604,26.4833,95.8923,0.000,0.000,1.000,0.0000,0.0000,0
2026-05-05,15:17:20,32644,1,-4.0880,0.0021,0.0118,0.3463,3.4553,0,12.5202,-511,1,62.0985,-65.8313,37.3855,25.9107,107.8191,0.000,0.000,1.000,0.0000,0.0000,0
2026-05-05,15:17:20,32679,1,-4.0880,0.0035,0.0129,0.3780,3.4553,0,12.5202,-511,1,60.6979,-45.3848,38.3259,28.9873,117.7588,0.000,0.000,1.000,0.0000,0.0000,0
2026-05-05,15:17:20,32715,1,-4.0880,0.0069,0.0111,0.3255,3.4553,0,12.5202,-511,1,60.2949,-15.6903,39.2674,28.9444,126.4163,0.000,0.000,1.000,0.0000,0.0000,0
2026-05-05,15:17:20,32751,1,-4.0880,0.0056,0.0114,0.3360,3.4553,0,12.5202,-511,1,60.3585,-7.8248,40.1983,28.6016,134.1720,0.000,0.000,1.000,0.0000,0.0000,0
2026-05-05,15:17:20,32786,1,-4.0880,-0.0029,0.0114,0.3360,3.4553,0,12.5202,-511,1,60.3905,-9.5769,41.0611,27.5564,140.1425,0.000,0.000,1.000,0.0000,0.0000,0
2026-05-05,15:17:21,32821,1,-4.0880,0.0104,0.0089,0.2625,3.4552,0,12.5202,-511,1,60.4397,-6.8653,42.1644,31.3045,145.2313,0.000,0.000,0.998,0.0000,0.0000,0
2026-05-05,15:17:21,32857,1,-4.0880,0.0095,0.0091,0.2683,3.4552,0,12.5202,-511,1,60.3407,-20.4096,43.4970,36.9865,149.4830,0.000,0.000,0.995,0.0000,0.0000,0
2026-05-05,15:17:21,32894,1,-4.0880,-0.0013,0.0079,0.2314,3.4552,0,12.5202,-511,1,61.7295,11.2748,44.3224,32.5552,150.8803,0.000,0.000,0.993,0.0000,0.0000,0
2026-05-05,15:17:21,32929,1,-4.0960,0.0095,0.0096,0.2834,3.4552,0,12.5202,-512,1,59.8450,-68.4785,45.7700,40.6546,154.3551,0.000,0.000,0.990,0.0000,0.0000,0
2026-05-05,15:17:21,32965,1,-4.0880,0.0031,0.0089,0.2624,3.4552,0,12.5202,-511,1,57.3880,-90.0907,47.4629,48.7038,157.2610,0.000,0.000,0.986,0.0000,0.0000,0
2026-05-05,15:17:21,33000,1,-4.0880,-0.0043,0.0088,0.2574,3.4552,0,12.5202,-511,1,54.5404,-100.6168,49.2666,54.4322,159.6562,0.000,0.000,0.983,0.0000,0.0000,0
2026-05-05,15:17:21,33036,1,-4.0880,0.0045,0.0098,0.2889,3.4551,0,12.5202,-511,1,51.6118,-100.1346,51.1154,57.1684,161.8309,0.000,0.000,0.980,0.0000,0.0000,0
2026-05-05,15:17:21,33071,1,-4.0880,0.0039,0.0075,0.2215,3.4551,0,12.5202,-511,1,48.6554,-98.3738,52.8656,55.3367,163.6085,0.000,0.000,0.977,0.0000,0.0000,0
2026-05-05,15:17:21,33106,1,-4.0880,-0.0051,0.0087,0.2569,3.4551,0,12.5202,-511,1,45.6462,-98.1276,54.3091,48.7820,165.0786,0.000,0.000,0.974,0.0000,0.0000,0
2026-05-05,15:17:21,33142,1,-4.0880,0.0064,0.0077,0.2259,3.4551,0,12.5202,-511,1,43.0332,-82.4495,55.5973,42.9659,166.4387,0.000,0.000,0.970,0.0000,0.0000,0
2026-05-05,15:17:21,33178,1,-4.0880,0.0055,0.0082,0.2414,3.4551,0,12.5202,-511,1,40.8985,-68.2766,56.6169,35.7985,167.5783,0.000,0.000,0.967,0.0000,0.0000,0
2026-05-05,15:17:21,33214,1,-4.0880,-0.0128,0.0089,0.2624,3.4552,0,12.5202,-511,1,39.1267,-56.3752,57.5281,30.9979,168.4903,0.000,0.000,0.964,0.0000,0.0000,0
2026-05-05,15:17:21,33250,1,-4.0880,0.0071,0.0077,0.2270,3.4551,0,12.5202,-511,1,37.8057,-42.8711,58.3512,27.7248,169.3343,0.000,0.000,0.961,0.0000,0.0000,0
2026-05-05,15:17:21,33285,1,-7.1200,0.0100,0.0087,0.2569,3.4551,0,12.5202,-890,1,36.9001,-31.0733,59.1851,26.6837,170.0188,0.000,0.000,0.958,0.0000,0.0000,0
2026-05-05,15:17:21,33321,1,-1.1200,0.0024,0.0073,0.2149,3.4551,0,12.5202,-140,1,36.3241,-22.1255,59.9576,25.0476,170.5838,0.000,0.000,0.954,0.0000,0.0000,0
2026-05-05,15:17:21,33357,1,-1.1200,0.0024,0.0093,0.2724,3.4551,0,12.5202,-140,1,35.8710,-20.2090,60.7068,23.3966,171.0627,0.000,0.000,0.951,0.0000,0.0000,0
2026-05-05,15:17:21,33392,1,-1.1200,-0.0125,0.0097,0.2839,3.4551,0,12.5202,-140,1,35.2549,-23.9415,61.2902,19.9721,171.4651,0.000,0.000,0.948,0.0000,0.0000,0
2026-05-05,15:17:21,33427,1,1.5760,0.0072,0.0075,0.2199,3.4551,0,12.5202,197,1,34.5711,-26.0474,61.9392,20.0288,171.8013,0.000,0.000,0.945,0.0000,0.0000,0
2026-05-05,15:17:21,33463,1,7.8880,7.4048,0.2252,6.6239,3.4330,0,12.5202,986,1,26.7743,-358.1231,62.8457,26.6092,145.2258,0.048,0.000,0.968,0.0000,0.0000,0
2026-05-05,15:17:21,33498,1,7.8880,7.9968,0.1032,3.0366,3.3692,0,12.5202,986,1,-12.9172,-1099.9926,65.7234,61.9532,115.2500,0.112,0.000,0.982,0.0000,0.0000,0
2026-05-05,15:17:21,33533,1,7.9920,7.9663,0.1478,4.3460,3.3120,0,12.5202,999,1,-13.5451,123.4337,65.8557,0.4047,111.3503,0.176,0.000,0.979,0.0000,0.0000,0
2026-05-05,15:17:21,33569,1,2.4640,2.2465,0.0903,2.6570,3.2674,0,12.5202,308,1,12.8787,618.4887,57.5046,-176.7000,105.8854,0.216,0.000,0.994,0.0000,0.0000,0
2026-05-05,15:17:21,33604,1,2.4640,2.5171,0.1573,4.6257,3.2534,0,12.5202,308,1,4.2557,-346.2689,49.2371,-207.9532,80.4305,0.184,0.000,0.999,0.0000,0.0000,0
2026-05-05,15:17:21,33640,1,-0.0800,2.4733,0.1561,4.5913,3.2340,0,12.5202,-10,1,-14.4495,-305.8189,48.6993,-82.6441,70.5554,0.248,0.000,0.996,0.0000,0.0000,0
2026-05-05,15:17:21,33676,1,-0.0800,-0.0168,0.0657,1.9309,3.2298,0,12.5202,-10,1,5.8560,615.7295,47.8996,-63.2827,70.9618,0.264,0.000,1.000,0.0000,0.0000,0
2026-05-05,15:17:21,33711,1,-0.0800,-0.1250,0.0636,1.8720,3.2300,0,12.5202,-10,1,22.3692,417.0597,44.0701,-102.3159,83.2783,0.232,0.000,1.000,0.0000,0.0000,0
2026-05-05,15:17:21,33746,1,0.0000,0.0036,0.0577,1.6980,3.2303,0,12.5202,0,1,16.8921,-171.8694,40.9146,-93.1021,95.8820,0.200,0.000,1.000,0.0000,0.0000,0
2026-05-05,15:17:21,33781,1,0.0000,-0.0025,0.0587,1.7270,3.2303,0,12.5202,0,1,12.3661,-14.0653,39.5288,-60.5388,101.7859,0.168,0.000,1.000,0.0000,0.0000,0
2026-05-05,15:17:22,33816,1,0.0000,-0.0001,0.0584,1.7169,3.2303,0,12.5202,0,1,14.0615,47.0543,38.8457,-47.0694,94.8774,0.144,0.000,1.000,0.0000,0.0000,0
2026-05-05,15:17:22,33852,1,0.0000,0.0701,0.0494,1.4522,3.2300,0,12.5202,0,1,27.3831,345.8251,38.1898,-31.5906,59.6467,0.112,0.000,1.000,0.0000,0.0000,0
2026-05-05,15:17:22,33887,1,0.0000,-0.0218,0.0535,1.5743,3.2300,0,12.5202,0,1,34.5764,177.5846,38.2740,-12.5297,76.6157,0.080,0.000,1.000,0.0000,0.0000,0
2026-05-05,15:17:22,33922,1,0.0000,0.0063,0.0532,1.5641,3.2301,0,12.5202,0,1,32.4262,-72.0433,38.1909,-9.6334,92.0375,0.048,0.000,1.000,0.0000,0.0000,0
2026-05-05,15:17:22,33957,1,0.0000,-0.1292,0.0705,2.0727,3.2305,0,12.5202,0,1,28.0297,-70.8896,37.1597,-25.4560,104.8961,0.016,0.000,1.000,0.0000,0.0000,0
2026-05-05,15:17:22,33992,1,0.0000,-0.0119,0.0747,2.1983,3.2312,0,12.5202,0,1,31.9172,155.0820,35.8708,-35.1199,94.7092,0.000,0.000,1.000,0.0000,0.0000,0
2026-05-05,15:17:22,34027,1,0.0000,-0.0062,0.0766,2.2518,3.2312,0,12.5202,0,1,42.1218,273.6495,35.1305,-29.5332,97.8561,0.000,0.000,1.000,0.0000,0.0000,0
2026-05-05,15:17:22,34062,1,0.0000,0.0195,0.0738,2.1693,3.2312,0,12.5202,0,1,45.3055,72.7859,34.2535,-31.3540,109.2165,0.000,0.000,1.000,0.0000,0.0000,0
2026-05-05,15:17:22,34097,1,0.0000,0.0799,0.0623,1.8331,3.2308,0,12.5202,0,1,44.6631,2.1540,32.9969,-37.6699,118.2961,0.000,0.000,1.000,0.0000,0.0000,0
2026-05-05,15:17:22,34132,1,0.0000,0.1561,0.0391,1.1498,3.2297,0,12.5202,0,1,47.0702,82.2825,31.6898,-39.0034,126.4117,0.000,0.000,1.000,0.0000,0.0000,0
2026-05-05,15:17:22,34167,1,0.0000,0.0380,0.0347,1.0202,3.2291,0,12.5202,0,1,50.0576,88.6677,30.9621,-28.1596,133.3041,0.000,0.000,1.000,0.0000,0.0000,0
2026-05-05,15:17:22,34202,1,0.0000,0.0043,0.0343,1.0093,3.2289,0,12.5202,0,1,52.6217,77.1077,30.6916,-15.6553,138.5545,0.000,0.000,1.000,0.0000,0.0000,0
2026-05-05,15:17:22,34237,1,0.0000,-0.0064,0.0303,0.8921,3.2288,0,12.5202,0,1,55.9462,90.5605,30.7824,-4.7250,143.3742,0.000,0.000,1.000,0.0000,0.0000,0
2026-05-05,15:17:22,34272,1,0.0000,-0.0032,0.0313,0.9193,3.2288,0,12.5202,0,1,56.0642,-17.3706,30.9015,0.0224,147.5785,0.000,0.000,1.000,0.0000,0.0000,0
2026-05-05,15:17:22,34307,1,0.0000,-0.0282,0.0346,1.0183,3.2289,0,12.5202,0,1,52.5586,-114.0690,31.0854,4.4410,151.6930,0.016,0.000,1.000,0.0000,0.0000,0
2026-05-05,15:17:22,34343,1,0.0000,-0.0246,0.0374,1.1004,3.2291,0,12.5202,0,0,46.8194,-160.2569,31.7015,13.9576,142.7487,0.080,0.000,1.000,0.0000,0.0000,0
2026-05-05,15:17:22,34378,1,0.0000,0.0021,0.0377,1.1102,3.2292,0,12.5202,0,0,44.6181,-26.2355,32.8475,25.1098,124.6288,0.144,0.000,1.000,0.0000,0.0000,0
2026-05-05,15:17:22,34413,1,0.0000,0.0007,0.0368,1.0832,3.2291,0,12.5202,0,0,48.7455,129.2114,33.3592,12.2630,127.4945,0.184,0.000,1.000,0.0000,0.0000,0
2026-05-05,15:17:22,34449,1,0.0000,0.0071,0.0349,1.0276,3.2291,0,12.5202,0,0,54.6066,164.4955,32.2984,-22.2443,130.9186,0.152,0.000,1.000,0.0000,0.0000,0
2026-05-05,15:17:22,34484,1,0.0000,0.0014,0.0358,1.0536,3.2291,0,12.5202,0,0,58.2885,88.6132,31.0514,-34.7949,136.6543,0.120,0.000,1.000,0.0000,0.0000,0
2026-05-05,15:17:22,34519,1,0.0000,0.0015,0.0356,1.0464,3.2291,0,12.5202,0,0,58.7714,-1.5024,30.0500,-33.4390,141.7751,0.088,0.000,1.000,0.0000,0.0000,0
2026-05-05,15:17:22,34554,1,0.0000,0.0126,0.0325,0.9548,3.2290,0,12.5202,0,0,56.9901,-61.8352,29.1854,-29.2201,146.0688,0.056,0.000,1.000,0.0000,0.0000,0
2026-05-05,15:17:22,34589,1,0.0000,0.0013,0.0328,0.9638,3.2289,0,12.5202,0,0,54.5275,-74.6218,28.5639,-22.5288,149.5083,0.096,0.000,1.000,0.0000,0.0000,0
2026-05-05,15:17:22,34624,1,0.0000,-0.0026,0.0328,0.9642,3.2289,0,12.5202,0,0,52.5715,-56.8098,28.1876,-14.4201,152.4272,0.160,0.000,1.000,0.0000,0.0000,0
2026-05-05,15:17:22,34659,1,0.0000,-0.0019,0.0322,0.9457,3.2289,0,12.5202,0,0,51.8154,-21.0918,28.1319,-5.8470,155.0254,0.224,0.000,1.000,0.0000,0.0000,0
2026-05-05,15:17:22,34694,1,0.0000,0.0151,0.0309,0.9098,3.2289,0,12.5202,0,0,51.8362,-1.0871,28.2114,-0.7188,157.2657,0.288,0.000,1.000,0.0000,0.0000,0
2026-05-05,15:17:22,34733,1,0.0000,-0.0008,0.0303,0.8922,3.2287,0,12.5202,0,0,53.0147,14.4317,28.4716,2.3271,158.1866,0.336,0.000,1.000,0.0000,0.0000,0
2026-05-05,15:17:22,34768,1,0.0000,0.0207,0.0272,0.8013,3.2286,0,12.5202,0,0,53.8545,17.8947,28.8178,7.2701,159.8128,0.328,0.000,1.000,0.0000,0.0000,0
2026-05-05,15:17:22,34804,1,0.0000,0.0024,0.0248,0.7294,3.2286,0,12.5202,0,0,54.4238,-0.0590,29.2755,12.3456,161.0964,0.296,0.000,1.000,0.0000,0.0000,0
2026-05-05,15:17:23,34839,1,0.0000,0.0082,0.0258,0.7578,3.2286,0,12.5202,0,0,53.2871,-51.9428,30.2013,22.7372,162.4525,0.264,0.000,1.000,0.0000,0.0000,0
2026-05-05,15:17:23,34874,1,0.0000,-0.0054,0.0285,0.8390,3.2286,0,12.5202,0,0,49.8250,-112.7355,31.0355,25.3793,163.5705,0.280,0.000,1.000,0.0000,0.0000,0
2026-05-05,15:17:23,34909,1,0.0000,-0.0140,0.0307,0.9015,3.2287,0,12.5202,0,0,44.4504,-163.9964,31.7286,23.3072,164.5906,0.344,0.000,1.000,0.0000,0.0000,0
2026-05-05,15:17:23,34944,1,0.0000,-0.0092,0.0334,0.9822,3.2290,0,12.5202,0,0,38.2369,-171.7313,31.9020,12.7680,165.9183,0.408,0.000,1.000,0.0000,0.0000,0
2026-05-05,15:17:23,34979,1,0.0000,0.0061,0.0340,1.0004,3.2290,0,12.5202,0,0,36.6450,0.5057,31.6577,-0.5942,165.9476,0.472,0.000,1.000,0.0000,0.0000,0
2026-05-05,15:17:23,35014,1,0.0000,0.0159,0.0331,0.9730,3.2290,0,12.5202,0,0,42.0317,167.8243,31.1136,-11.9785,165.3448,0.512,0.000,1.000,0.0000,0.0000,0
2026-05-05,15:17:23,35049,1,0.0000,-0.0050,0.0328,0.9641,3.2289,0,12.5202,0,0,47.6636,156.2952,30.6947,-14.0469,165.9284,0.480,0.000,1.000,0.0000,0.0000,0
2026-05-05,15:17:23,35084,1,0.0000,0.0058,0.0343,1.0095,3.2289,0,12.5202,0,0,50.1923,55.8081,30.3115,-14.3914,166.5952,0.448,0.000,1.000,0.0000,0.0000,0
2026-05-05,15:17:23,35119,1,0.0000,0.0007,0.0325,0.9551,3.2289,0,12.5202,0,0,49.3149,-36.7340,29.8575,-14.6658,167.0058,0.416,0.000,1.000,0.0000,0.0000,0
2026-05-05,15:17:23,35154,1,0.0000,0.0027,0.0315,0.9276,3.2289,0,12.5202,0,0,46.9114,-72.7729,29.4313,-13.0367,167.2418,0.408,0.000,1.000,0.0000,0.0000,0
2026-05-05,15:17:23,35189,1,0.0000,0.0001,0.0331,0.9731,3.2290,0,12.5202,0,0,43.6036,-97.3636,29.1573,-9.0641,167.6539,0.472,0.000,1.000,0.0000,0.0000,0
2026-05-05,15:17:23,35224,1,0.0000,-0.0350,0.0384,1.1293,3.2291,0,12.5202,0,0,40.6512,-71.2105,28.8293,-8.6875,168.1635,0.536,0.000,1.000,0.0000,0.0000,0
2026-05-05,15:17:23,35259,1,0.0000,-0.0125,0.0413,1.2143,3.2293,0,12.5202,0,0,41.6520,53.0215,28.6004,-6.6706,168.1599,0.600,0.000,1.000,0.0000,0.0000,0
2026-05-05,15:17:23,35294,1,0.0000,0.0014,0.0387,1.1395,3.2293,0,12.5202,0,0,45.1278,97.7683,28.3660,-8.2124,167.9284,0.592,0.000,1.000,0.0000,0.0000,0
2026-05-05,15:17:23,35329,1,0.0000,0.0108,0.0388,1.1402,3.2293,0,12.5202,0,0,47.3189,58.8995,28.0649,-9.5617,168.0782,0.560,0.000,1.000,0.0000,0.0000,0
2026-05-05,15:17:23,35365,1,0.0000,0.0088,0.0393,1.1569,3.2293,0,12.5202,0,0,47.8174,11.2425,27.5781,-14.2781,168.4198,0.528,0.000,1.000,0.0000,0.0000,0
2026-05-05,15:17:23,35400,1,0.0000,0.0021,0.0393,1.1550,3.2293,0,12.5202,0,0,47.9372,8.1510,26.9509,-17.4638,168.6042,0.496,0.000,1.000,0.0000,0.0000,0
2026-05-05,15:17:23,35436,1,0.0000,-0.0013,0.0390,1.1476,3.2292,0,12.5202,0,0,48.4028,13.3890,26.4408,-16.2972,168.6095,0.464,0.000,1.000,0.0000,0.0000,0
2026-05-05,15:17:23,35472,1,0.0000,0.0120,0.0366,1.0755,3.2292,0,12.5202,0,0,48.6924,7.6161,25.9903,-14.7744,168.6609,0.432,0.000,1.000,0.0000,0.0000,0
2026-05-05,15:17:23,35507,1,0.0000,0.0006,0.0387,1.1388,3.2292,0,12.5202,0,0,48.7319,2.4757,25.5786,-13.5768,168.8076,0.400,0.000,1.000,0.0000,0.0000,0
2026-05-05,15:17:23,35542,1,0.0000,0.0026,0.0387,1.1382,3.2292,0,12.5202,0,0,49.0389,12.3427,25.3774,-8.4178,168.9365,0.368,0.000,1.000,0.0000,0.0000,0
2026-05-05,15:17:23,35578,1,0.0000,0.0220,0.0350,1.0283,3.2291,0,12.5202,0,0,49.4966,14.4490,25.2741,-5.3202,168.9012,0.336,0.000,1.000,0.0000,0.0000,0
2026-05-05,15:17:23,35613,1,0.0000,0.0067,0.0356,1.0464,3.2291,0,12.5202,0,0,49.7200,6.2706,25.1780,-3.8121,168.9007,0.304,0.000,1.000,0.0000,0.0000,0
2026-05-05,15:17:23,35652,1,0.0000,0.0007,0.0356,1.0461,3.2291,0,12.5202,0,0,49.6480,0.6936,25.0586,-3.7384,168.8844,0.280,0.000,1.000,0.0000,0.0000,0
2026-05-05,15:17:23,35687,1,0.0320,0.0033,0.0353,1.0382,3.2291,0,12.5202,4,1,49.5507,0.9632,24.9691,-2.7678,168.9255,0.248,0.000,1.000,0.0000,0.0000,0
2026-05-05,15:17:23,35722,1,0.0320,0.0190,0.0386,1.1365,3.2290,0,12.5202,4,1,49.8253,8.6033,24.9692,-1.0516,168.8221,0.216,0.000,1.000,0.0000,0.0000,0
2026-05-05,15:17:23,35757,1,0.0320,0.0489,0.0403,1.1841,3.2288,0,12.5202,4,1,50.2173,14.0319,24.7531,-4.7121,168.7421,0.184,0.000,1.000,0.0000,0.0000,0
2026-05-05,15:17:23,35792,1,4.0880,1.7440,0.2137,6.2846,3.2259,0,12.5202,511,1,50.3146,-11.3857,24.5473,-6.7663,168.1331,0.152,0.000,1.000,0.0000,0.0000,0
2026-05-05,15:17:24,35828,1,4.0880,4.2504,0.1173,3.4508,3.1946,0,12.5202,511,1,40.4716,-267.0385,22.1905,-45.6197,166.9272,0.216,0.000,1.000,0.0000,0.0000,0
2026-05-05,15:17:24,35863,1,4.0880,4.3286,0.0725,2.1338,3.1623,0,12.5202,511,1,40.9574,57.0626,20.8465,-36.0020,142.3120,0.280,0.000,1.000,0.0000,0.0000,0
2026-05-05,15:17:24,35899,1,4.0960,3.7981,0.0946,2.7814,3.1307,0,12.5202,512,1,49.7196,246.8893,21.2819,-3.2299,112.2935,0.272,0.000,1.000,0.0000,0.0000,0
2026-05-05,15:17:24,35934,1,4.0960,3.8616,0.1388,4.0823,3.1025,0,12.5202,512,1,51.7344,26.3616,21.4804,0.7266,120.6105,0.240,0.000,1.000,0.0000,0.0000,0
2026-05-05,15:17:24,35969,1,4.0960,3.9326,0.1589,4.6749,3.0728,0,12.5202,512,1,48.3192,-87.6074,21.1312,-6.2031,128.0356,0.208,0.000,1.000,0.0000,0.0000,0
2026-05-05,15:17:24,36004,1,0.0640,2.6988,-0.0653,1.9219,3.0445,0,12.5202,8,1,49.6360,73.1016,20.7839,-7.8998,124.1059,0.176,0.000,1.000,0.0000,0.0000,0
2026-05-05,15:17:24,36039,1,0.0640,0.0724,0.0411,1.2075,3.0433,0,12.5202,8,1,55.8589,189.2070,20.9497,0.5880,110.4328,0.144,0.000,1.000,0.0000,0.0000,0
2026-05-05,15:17:24,36075,1,0.0640,-0.0200,0.0478,1.4068,3.0429,0,12.5202,8,1,59.6627,72.3553,21.1807,3.3374,118.7919,0.112,0.000,1.000,0.0000,0.0000,0
2026-05-05,15:17:24,36111,1,0.0000,0.0088,0.0597,1.7550,3.0435,0,12.5202,0,1,56.6262,-98.6845,20.8358,-6.2666,126.5262,0.080,0.000,1.000,0.0000,0.0000,0
2026-05-05,15:17:24,36147,1,0.0000,0.0768,0.0461,1.3550,3.0431,0,12.5202,0,1,56.6395,42.2351,20.6024,-5.2945,133.3369,0.048,0.000,1.000,0.0000,0.0000,0
2026-05-05,15:17:24,36183,1,0.0000,0.0847,0.0321,0.9454,3.0423,0,12.5202,0,1,60.3502,107.9049,20.6976,-0.2555,138.4091,0.016,0.000,1.000,0.0000,0.0000,0
2026-05-05,15:17:24,36218,1,0.0000,0.0604,0.0212,0.6247,3.0416,0,12.5202,0,1,63.3669,81.4698,20.9163,3.7940,142.7000,0.000,0.000,1.000,0.0000,0.0000,0
2026-05-05,15:17:24,36253,1,0.0000,0.0778,0.0130,0.3832,3.0412,0,12.5202,0,1,66.9160,107.0832,21.5175,13.1290,147.0054,0.000,0.000,1.000,0.0000,0.0000,0
2026-05-05,15:17:24,36289,1,0.0000,0.0205,0.0077,0.2272,3.0408,0,12.5202,0,1,71.9315,118.8022,22.7877,28.3036,150.7463,0.000,0.000,0.998,0.0000,0.0000,0
2026-05-05,15:17:24,36325,1,0.0000,0.0008,0.0099,0.2903,3.0409,0,12.5202,0,1,73.4168,-2.1248,24.6854,46.6897,153.5067,0.000,0.000,0.999,0.0000,0.0000,0
2026-05-05,15:17:24,36360,1,0.0000,-0.0049,0.0105,0.3094,3.0409,0,12.5202,0,1,71.3481,-86.9443,27.0343,63.6525,155.7434,0.000,0.000,1.000,0.0000,0.0000,0
2026-05-05,15:17:24,36396,1,0.0000,0.0034,0.0093,0.2727,3.0409,0,12.5202,0,1,67.6280,-137.8017,30.1478,87.4842,157.9583,0.000,0.000,0.999,0.0000,0.0000,0
2026-05-05,15:17:24,36432,1,0.0000,-0.0126,0.0108,0.3183,3.0409,0,12.5202,0,1,61.9527,-190.5186,33.7486,105.3756,159.7806,0.000,0.000,1.000,0.0000,0.0000,0
2026-05-05,15:17:24,36468,1,0.0000,-0.0110,0.0120,0.3544,3.0409,0,12.5202,0,1,54.5662,-231.4247,37.1782,107.7429,161.3250,0.000,0.000,1.000,0.0000,0.0000,0
2026-05-05,15:17:24,36503,1,0.0000,-0.0006,0.0096,0.2816,3.0409,0,12.5202,0,1,45.7278,-266.0378,39.2620,80.9393,162.7266,0.000,0.000,0.999,0.0000,0.0000,0
2026-05-05,15:17:24,36538,1,0.0000,-0.0199,0.0124,0.3632,3.0410,0,12.5202,0,1,35.5369,-297.0835,39.6520,36.2908,164.3133,0.000,0.000,1.000,0.0000,0.0000,0
2026-05-05,15:17:24,36577,1,0.0000,-0.0868,0.0239,0.7020,3.0414,0,12.5202,0,1,23.9165,-262.5078,38.1360,7.0111,165.7093,0.000,0.000,1.000,0.0000,0.0000,0
2026-05-05,15:17:24,36612,1,0.0000,-0.0577,0.0373,1.0978,3.0422,0,12.5202,0,1,23.1301,-3.0127,36.1217,-38.6632,151.2624,0.064,0.000,1.000,0.0000,0.0000,0
2026-05-05,15:17:24,36647,1,0.0000,0.0299,0.0317,0.9333,3.0421,0,12.5202,0,1,30.1375,261.1221,33.8444,-60.2646,128.8759,0.128,0.000,1.000,0.0000,0.0000,0
2026-05-05,15:17:24,36682,1,0.0000,-0.0138,0.0317,0.9335,3.0420,0,12.5202,0,1,43.4246,381.0006,31.9182,-62.4996,120.1504,0.096,0.000,1.000,0.0000,0.0000,0
2026-05-05,15:17:24,36718,1,-0.4080,-0.0643,0.0335,0.9866,3.0423,0,12.5202,-51,1,51.2516,207.7088,30.1520,-59.7178,127.0521,0.064,0.000,1.000,0.0000,0.0000,0
2026-05-05,15:17:24,36754,1,-0.4080,-0.2268,0.0175,0.5153,3.0434,0,12.5202,-51,1,52.9582,33.9239,28.0833,-64.7634,133.0243,0.032,0.000,1.000,0.0000,0.0000,0
2026-05-05,15:17:24,36790,1,-0.4080,-0.0556,0.0211,0.6219,3.0444,0,12.5202,-51,1,51.6220,-41.1195,26.2554,-58.5418,138.2727,0.000,0.000,1.000,0.0000,0.0000,0
2026-05-05,15:17:25,36826,1,-4.9440,-0.3444,0.0276,0.8112,3.0465,0,12.5202,-618,1,48.6775,-86.7049,24.7318,-49.4273,143.0733,0.000,0.000,1.000,0.0000,0.0000,0
2026-05-05,15:17:25,36861,1,-4.9440,-0.5275,0.0423,1.2437,3.0499,0,12.5202,-618,1,47.6086,-3.7704,23.5156,-40.4878,147.3777,0.048,0.000,1.000,0.0000,0.0000,0
2026-05-05,15:17:25,36897,1,-4.9440,-0.5152,0.0234,0.6868,3.0541,0,12.5202,-618,1,51.2394,120.1231,22.7218,-29.4974,150.2705,0.040,0.000,1.000,0.0000,0.0000,0
2026-05-05,15:17:25,36933,1,-5.1920,0.0105,0.0285,0.8381,3.0564,0,12.5202,-649,1,55.6400,122.4953,22.0555,-24.1597,151.8578,0.008,0.000,1.000,0.0000,0.0000,0
2026-05-05,15:17:25,36969,1,-5.1920,-0.0972,0.0192,0.5635,3.0570,0,12.5202,-649,1,59.1101,100.1665,21.5410,-18.6500,153.5384,0.000,0.000,1.000,0.0000,0.0000,0
2026-05-05,15:17:25,37005,1,-5.2000,0.0233,0.0102,0.3009,3.0568,0,12.5202,-650,1,63.3830,121.6877,21.5996,-4.2624,155.2780,0.000,0.000,1.000,0.0000,0.0000,0
2026-05-05,15:17:25,37041,1,-5.1920,0.0610,0.0009,0.0276,3.0563,0,12.5202,-649,1,67.9617,113.8862,22.4117,14.7888,157.3412,0.000,0.000,0.997,0.0000,0.0000,0
2026-05-05,15:17:25,37077,1,-5.1920,-0.0083,0.0009,0.0264,3.0563,0,12.5202,-649,1,71.3502,63.3122,23.9606,35.6051,158.9465,0.000,0.000,0.994,0.0000,0.0000,0
2026-05-05,15:17:25,37114,1,-5.1920,-0.0028,0.0016,0.0468,3.0563,0,12.5202,-649,1,73.0824,11.2838,26.2186,54.5600,160.1946,0.000,0.000,0.990,0.0000,0.0000,0
2026-05-05,15:17:25,37149,1,-5.1920,-0.0051,0.0024,0.0718,3.0563,0,12.5202,-649,1,69.1801,-151.2656,28.4922,65.1033,161.0674,0.000,0.000,0.987,0.0000,0.0000,0
2026-05-05,15:17:25,37185,1,-5.1920,-0.0388,0.0071,0.2097,3.0565,0,12.5202,-649,1,58.3142,-357.7453,29.8290,53.4106,160.8355,0.000,0.000,0.984,0.0000,0.0000,0
2026-05-05,15:17:25,37221,1,-5.1920,-0.2322,0.0344,1.0129,3.0574,0,12.5202,-649,1,35.9570,-686.4553,26.6918,-34.2938,157.2592,0.016,0.000,1.000,0.0000,0.0000,0
2026-05-05,15:17:25,37257,1,-5.1920,-0.6487,0.0999,2.9377,3.0619,0,12.5202,-649,1,9.2906,-614.6560,21.2692,-83.4778,127.0808,0.080,0.000,1.000,0.0000,0.0000,0
2026-05-05,15:17:25,37292,1,-5.1920,-0.0538,0.0299,0.8790,3.0633,0,12.5202,-649,1,18.3128,296.6996,23.6426,30.2204,93.5898,0.144,0.000,1.000,0.0000,0.0000,0
2026-05-05,15:17:25,37328,1,-5.1920,-0.0421,0.0310,0.9119,3.0644,0,12.5202,-649,1,36.4270,445.0063,29.1191,116.5220,58.1004,0.112,0.000,1.000,0.0000,0.0000,0
2026-05-05,15:17:25,37364,1,-5.1920,-0.3213,0.0481,1.4145,3.0664,0,12.5202,-649,1,40.4206,45.6639,36.0861,168.9990,53.0879,0.080,0.000,1.000,0.0000,0.0000,0
2026-05-05,15:17:25,37399,1,-5.1920,-0.3984,0.0216,0.6351,3.0685,0,12.5202,-649,1,33.1261,-186.2800,40.8885,141.9677,73.5173,0.048,0.000,1.000,0.0000,0.0000,0
2026-05-05,15:17:25,37434,1,-5.1920,-0.3050,0.0293,0.8625,3.0705,0,12.5202,-649,1,29.0774,-68.2602,40.4006,32.0560,83.8063,0.064,0.000,1.000,0.0000,0.0000,0
2026-05-05,15:17:25,37469,1,-5.1920,-0.1528,0.0337,0.9920,3.0718,0,12.5202,-649,1,32.7829,163.9340,37.1605,-48.0100,76.3743,0.104,0.000,1.000,0.0000,0.0000,0
2026-05-05,15:17:25,37508,1,-5.1920,-0.3938,0.0363,1.0679,3.0746,0,12.5202,-649,1,41.7131,231.8858,35.8066,-36.3844,58.6335,0.080,0.000,1.000,0.0000,0.0000,0
2026-05-05,15:17:25,37544,1,-5.2000,-0.7406,0.0471,1.3844,3.0790,0,12.5202,-650,1,47.3377,110.3660,36.4452,-0.9583,22.7597,0.048,0.000,1.000,0.0000,0.0000,0
2026-05-05,15:17:25,37579,1,-5.2000,-0.6923,0.0213,0.6278,3.0845,0,12.5202,-650,1,44.4206,-92.8959,36.9236,8.8371,45.5943,0.016,0.000,1.000,0.0000,0.0000,0
2026-05-05,15:17:25,37614,1,-5.2000,-0.3922,0.0386,1.1346,3.0880,0,12.5202,-650,1,40.6646,-88.3692,37.3130,12.1882,64.7980,0.032,0.000,1.000,0.0000,0.0000,0
2026-05-05,15:17:25,37650,1,-5.1920,-0.6236,0.0366,1.0764,3.0924,0,12.5202,-649,1,42.9257,96.6189,37.8870,17.2541,61.0025,0.072,0.000,1.000,0.0000,0.0000,0
2026-05-05,15:17:25,37685,1,-5.1920,-0.6019,0.0468,1.3754,3.0974,0,12.5202,-649,1,48.1826,148.2652,38.8868,26.0610,77.8548,0.040,0.000,1.000,0.0000,0.0000,0
2026-05-05,15:17:25,37721,1,-5.1920,-0.5209,0.0206,0.6066,3.1011,0,12.5202,-649,1,50.2151,28.6730,39.7701,24.7156,91.4838,0.008,0.000,1.000,0.0000,0.0000,0
2026-05-05,15:17:25,37757,1,-5.1920,-0.4281,0.0474,1.3938,3.1050,0,12.5202,-649,1,47.0492,-94.9853,39.9793,12.9102,103.3084,0.000,0.000,1.000,0.0000,0.0000,0
2026-05-05,15:17:25,37792,1,-5.1920,-0.7703,0.0601,1.7677,3.1093,0,12.5202,-649,1,44.6656,-50.4079,39.8084,3.1230,113.8023,0.064,0.000,1.000,0.0000,0.0000,0
2026-05-05,15:17:26,37828,1,-5.1920,-0.7727,0.0516,1.5182,3.1158,0,12.5202,-649,1,46.3195,52.4946,39.8076,4.0343,83.7114,0.104,0.000,1.000,0.0000,0.0000,0
2026-05-05,15:17:26,37864,1,-5.1920,-1.2828,0.0652,1.9179,3.1239,0,12.5202,-649,1,47.6280,23.3906,40.3311,12.3819,96.7913,0.072,0.000,1.000,0.0000,0.0000,0
2026-05-05,15:17:26,37900,1,-5.1920,-1.2410,0.0458,1.3474,3.1338,0,12.5202,-649,1,46.8793,-21.5880,40.7653,12.9758,107.9887,0.040,0.000,1.000,0.0000,0.0000,0
2026-05-05,15:17:26,37936,1,-5.1920,-1.4576,0.0525,1.5437,3.1445,0,12.5202,-649,1,46.6184,-1.8376,40.8240,6.0145,117.9445,0.008,0.000,1.000,0.0000,0.0000,0
2026-05-05,15:17:26,37971,1,-5.1920,-1.1222,0.0761,2.2379,3.1546,0,12.5202,-649,1,46.7751,2.9669,40.8064,2.9139,126.3579,0.000,0.000,1.000,0.0000,0.0000,0
2026-05-05,15:17:26,38006,1,-5.1920,-0.8704,0.0460,1.3531,3.1614,0,12.5202,-649,1,46.4547,-12.2452,41.0328,6.3051,132.8971,0.000,0.000,1.000,0.0000,0.0000,0
2026-05-05,15:17:26,38041,1,-5.1920,-1.1022,0.0472,1.3887,3.1694,0,12.5202,-649,1,46.4964,1.7690,41.5411,12.7851,138.7897,0.000,0.000,1.000,0.0000,0.0000,0
2026-05-05,15:17:26,38077,1,-5.1920,-1.1408,0.0385,1.1338,3.1782,0,12.5202,-649,1,46.6771,-1.2901,41.6349,6.4883,143.9923,0.000,0.000,1.000,0.0000,0.0000,0
2026-05-05,15:17:26,38112,1,-5.1920,-1.2848,0.0647,1.9017,3.1874,0,12.5202,-649,1,45.7539,-25.8550,41.6160,3.4986,147.9329,0.032,0.000,1.000,0.0000,0.0000,0
2026-05-05,15:17:26,38148,1,-5.1920,-1.2662,0.0382,1.1224,3.1968,0,12.5202,-649,1,45.3980,-1.4598,41.9814,9.1106,151.6186,0.096,0.000,1.000,0.0000,0.0000,0
2026-05-05,15:17:26,38183,1,-5.2000,-1.0528,0.0447,1.3138,3.2052,0,12.5202,-650,1,45.8527,14.1768,42.2629,9.2114,148.3982,0.112,0.000,1.000,0.0000,0.0000,0
2026-05-05,15:17:26,38218,1,-5.2000,-0.4986,0.0804,2.3635,3.2116,0,12.5202,-650,1,45.9741,-0.8010,42.5608,9.7187,152.3247,0.080,0.000,1.000,0.0000,0.0000,0
2026-05-05,15:17:26,38254,1,-5.2000,-0.1883,0.0415,1.2202,3.2121,0,12.5202,-650,1,44.9147,-29.8072,42.7811,7.9565,154.8516,0.096,0.000,1.000,0.0000,0.0000,0
2026-05-05,15:17:26,38289,1,-5.2000,-0.5743,0.0540,1.5877,3.2156,0,12.5202,-650,1,44.8311,2.0840,42.7990,3.0135,157.8437,0.160,0.000,1.000,0.0000,0.0000,0
2026-05-05,15:17:26,38324,1,-5.2000,-0.8602,0.0717,2.1097,3.2215,0,12.5202,-650,1,44.6576,-7.4524,42.4645,-5.7201,160.5419,0.176,0.000,1.000,0.0000,0.0000,0
2026-05-05,15:17:26,38360,1,-5.2000,-0.9786,0.0569,1.6736,3.2281,0,12.5202,-650,1,44.0690,-6.8376,42.1750,-7.0703,162.2842,0.240,0.000,1.000,0.0000,0.0000,0
2026-05-05,15:17:26,38396,1,-5.2000,-1.1027,0.0411,1.2097,3.2367,0,12.5202,-650,1,45.3104,39.3715,41.9226,-8.1584,150.1279,0.232,0.000,1.000,0.0000,0.0000,0
2026-05-05,15:17:26,38436,1,-5.2000,-0.4276,0.0524,1.5401,3.2439,0,12.5202,-650,1,46.1156,23.1166,41.8365,-7.6198,145.2445,0.208,0.000,1.000,0.0000,0.0000,0
2026-05-05,15:17:26,38471,1,-5.2000,-0.6129,0.0425,1.2490,3.2478,0,12.5202,-650,1,45.6015,-11.7220,41.3413,-12.5609,148.5176,0.176,0.000,1.000,0.0000,0.0000,0
2026-05-05,15:17:26,38506,1,-5.2000,-0.6240,0.0277,0.8140,3.2527,0,12.5202,-650,1,46.3305,24.9931,41.0685,-9.7790,138.2138,0.144,0.000,1.000,0.0000,0.0000,0
2026-05-05,15:17:26,38542,1,-5.2080,-0.5498,0.0418,1.2300,3.2564,0,12.5202,-651,1,46.7302,10.1384,40.7503,-9.5477,105.0163,0.112,0.000,1.000,0.0000,0.0000,0
2026-05-05,15:17:26,38578,1,-5.2080,-0.5568,0.0340,0.9989,3.2600,0,12.5202,-651,1,46.3106,-8.4318,40.6307,-5.4623,114.6487,0.080,0.000,1.000,0.0000,0.0000,0
2026-05-05,15:17:26,38613,1,-5.2080,-0.7589,0.0447,1.3154,3.2648,0,12.5202,-651,1,46.6955,16.6353,40.6686,-1.2770,123.4384,0.048,0.000,1.000,0.0000,0.0000,0
2026-05-05,15:17:26,38649,1,-5.2080,-0.7014,0.0342,1.0054,3.2700,0,12.5202,-651,1,46.9338,8.0976,40.4734,-4.5835,130.9693,0.016,0.000,1.000,0.0000,0.0000,0
2026-05-05,15:17:26,38684,1,-5.2080,-0.5192,0.0405,1.1910,3.2737,0,12.5202,-651,1,46.1636,-13.8994,40.0069,-9.7909,136.5470,0.000,0.000,1.000,0.0000,0.0000,0
2026-05-05,15:17:26,38719,1,-5.2080,-0.7071,0.0352,1.0345,3.2786,0,12.5202,-651,1,47.1471,36.1975,39.6336,-10.4735,141.6590,0.000,0.000,1.000,0.0000,0.0000,0
2026-05-05,15:17:26,38755,1,-5.2240,-0.3873,0.0354,1.0398,3.2838,0,12.5202,-653,1,48.7527,37.0837,39.0329,-14.5652,145.9764,0.000,0.000,1.000,0.0000,0.0000,0
2026-05-05,15:17:26,38791,1,-5.2240,-0.5356,0.0355,1.0438,3.2873,0,12.5202,-653,1,48.9116,5.6304,38.7060,-8.2703,149.3988,0.000,0.000,1.000,0.0000,0.0000,0
2026-05-05,15:17:27,38826,1,-5.2240,-0.5310,0.0390,1.1484,3.2908,0,12.5202,-653,1,49.4832,18.6250,38.9051,1.3167,153.1061,0.000,0.000,1.000,0.0000,0.0000,0
2026-05-05,15:17:27,38861,1,-5.2160,-0.7190,0.0469,1.3797,3.2952,0,12.5202,-652,1,49.6693,1.7707,38.9068,0.9635,155.9966,0.000,0.000,1.000,0.0000,0.0000,0
2026-05-05,15:17:27,38896,1,-5.2160,-0.8121,0.0318,0.9341,3.3004,0,12.5202,-652,1,48.7196,-23.2012,38.6242,-3.0003,157.4915,0.000,0.000,1.000,0.0000,0.0000,0
2026-05-05,15:17:27,38931,1,-5.2160,-0.8017,0.0403,1.1855,3.3061,0,12.5202,-652,1,49.0607,17.1325,38.7624,3.8694,152.5766,0.016,0.000,1.000,0.0000,0.0000,0
2026-05-05,15:17:27,38967,1,-5.2240,-0.9547,0.0309,0.9094,3.3130,0,12.5202,-653,1,50.5844,42.7781,39.0088,7.2625,102.8374,0.000,0.000,1.000,0.0000,0.0000,0
2026-05-05,15:17:27,39002,1,-5.2240,-0.4740,0.0510,1.5009,3.3180,0,12.5202,-653,1,50.7134,-8.1777,39.4501,12.1791,113.1791,0.000,0.000,1.000,0.0000,0.0000,0
2026-05-05,15:17:27,39038,1,-5.2240,-0.5634,0.0352,1.0351,3.3216,0,12.5202,-653,1,49.7174,-19.6968,39.7219,10.0042,121.7793,0.000,0.000,1.000,0.0000,0.0000,0
2026-05-05,15:17:27,39073,1,-5.2240,-0.8074,0.0313,0.9216,3.3271,0,12.5202,-653,1,50.4666,22.0340,39.9804,8.3023,109.7929,0.000,0.000,1.000,0.0000,0.0000,0
2026-05-05,15:17:27,39108,1,-5.2240,-0.6854,0.0277,0.8143,3.3324,0,12.5202,-653,1,50.4654,-10.2326,39.6773,-2.6926,118.2867,0.000,0.000,1.000,0.0000,0.0000,0
2026-05-05,15:17:27,39143,1,-5.2240,-0.6878,0.0408,1.2013,3.3378,0,12.5202,-653,1,49.6410,-21.4208,39.3154,-5.5397,125.1298,0.032,0.000,1.000,0.0000,0.0000,0
2026-05-05,15:17:27,39179,1,-5.2240,-0.8838,0.0390,1.1470,3.3443,0,12.5202,-653,1,49.6608,0.0974,39.1962,-3.0647,132.1745,0.096,0.000,0.998,0.0000,0.0000,0
2026-05-05,15:17:27,39215,1,-5.2240,-0.9572,0.0487,1.4313,3.3518,0,12.5202,-653,1,49.6035,-7.5838,38.7931,-5.6651,117.7234,0.088,0.000,0.994,0.0000,0.0000,0
2026-05-05,15:17:27,39251,1,-5.2240,-0.9738,0.0344,1.0114,3.3598,0,12.5202,-653,1,49.3361,-8.5093,39.3021,11.8463,85.4245,0.152,0.000,0.991,0.0000,0.0000,0
2026-05-05,15:17:27,39287,1,-5.2240,-0.1620,0.0351,1.0316,3.3646,0,12.5202,-653,1,50.1757,18.2705,40.2029,21.7716,64.9434,0.120,0.000,0.988,0.0000,0.0000,0
2026-05-05,15:17:27,39323,1,-5.2240,-0.2606,0.0282,0.8289,3.3666,0,12.5202,-653,1,50.9727,21.4153,41.1027,25.3348,69.0558,0.088,0.000,0.994,0.0000,0.0000,0
2026-05-05,15:17:27,39364,1,-5.2240,-0.1631,0.0375,1.1039,3.3683,0,12.5202,-653,1,52.0956,9.2477,41.6149,20.6131,76.9108,0.064,0.000,1.000,0.0000,0.0000,0
2026-05-05,15:17:27,39399,1,-5.2240,-0.1865,0.0369,1.0847,3.3694,0,12.5202,-653,1,49.4653,-82.7478,41.6275,7.3847,90.8657,0.080,0.000,1.000,0.0000,0.0000,0
2026-05-05,15:17:27,39434,1,-5.2240,-0.4152,0.0358,1.0518,3.3722,0,12.5202,-653,1,47.5463,-42.2169,41.3786,0.1251,102.7811,0.144,0.000,1.000,0.0000,0.0000,0
2026-05-05,15:17:27,39469,1,-5.2240,-0.6780,0.0319,0.9378,3.3762,0,12.5202,-653,1,48.1062,13.5875,41.1033,-3.1715,112.8691,0.208,0.000,1.000,0.0000,0.0000,0
2026-05-05,15:17:27,39504,1,-5.2240,-0.9439,0.0462,1.3588,3.3827,0,12.5202,-653,1,48.4588,6.0720,41.0048,-0.3012,121.6420,0.272,0.000,1.000,0.0000,0.0000,0
2026-05-05,15:17:27,39540,1,-5.2240,-1.0350,0.0407,1.1972,3.3906,0,12.5202,-653,1,48.2039,-15.8617,41.5329,11.8855,123.0079,0.264,0.000,1.000,0.0000,0.0000,0
2026-05-05,15:17:27,39576,1,-5.2240,-1.0316,0.0654,1.9243,3.3991,0,12.5202,-653,1,47.4129,-25.1242,42.0172,13.8342,124.5642,0.328,0.000,1.000,0.0000,0.0000,0
2026-05-05,15:17:27,39611,1,-5.2240,-0.9612,0.0421,1.2382,3.4065,0,12.5202,-653,1,47.0790,-11.3342,42.4868,14.5586,132.3042,0.392,0.000,1.000,0.0000,0.0000,0
2026-05-05,15:17:27,39646,1,-5.2240,-0.9938,0.0565,1.6606,3.4146,0,12.5202,-653,1,47.1171,-0.3460,43.0111,15.7994,138.9958,0.456,0.000,1.000,0.0000,0.0000,0
2026-05-05,15:17:27,39683,1,-5.2240,-0.9083,0.0253,0.7452,3.4222,0,12.5202,-653,1,47.0228,-3.4921,43.4487,13.9707,144.6662,0.496,0.000,1.000,0.0000,0.0000,0
2026-05-05,15:17:27,39718,1,-5.2240,-0.4178,0.0454,1.3347,3.4274,0,12.5202,-653,1,46.7648,-8.3616,43.6959,9.6131,148.9866,0.536,0.000,1.000,0.0000,0.0000,0
2026-05-05,15:17:27,39753,1,-5.2240,-0.6891,0.0407,1.1967,3.4317,0,12.5202,-653,1,46.3858,-11.6514,43.7561,4.5994,153.0611,0.600,0.000,1.000,0.0000,0.0000,0
2026-05-05,15:17:27,39788,1,-5.2240,-0.7873,0.0371,1.0912,3.4375,0,12.5202,-653,1,46.1655,-12.1842,43.9292,4.9958,156.8526,0.664,0.000,1.000,0.0000,0.0000,0
2026-05-05,15:17:28,39823,1,-5.2240,-0.9039,0.0566,1.6658,3.4432,0,12.5202,-653,1,44.4081,-52.1364,44.0013,3.3709,159.3053,0.728,0.000,1.000,0.0000,0.0000,0
2026-05-05,15:17:28,39858,1,-5.2240,-0.9523,0.0558,1.6413,3.4504,0,12.5202,-653,1,43.8759,-3.6065,44.0105,2.1423,154.5013,0.792,0.000,1.000,0.0000,0.0000,0
2026-05-05,15:17:28,39894,1,-5.2240,-1.0696,0.0502,1.4754,3.4584,0,12.5202,-653,1,44.7164,19.9044,44.1960,3.8334,104.7931,0.856,0.000,1.000,0.0000,0.0000,0
2026-05-05,15:17:28,39930,1,-5.2240,-1.0893,0.0312,0.9172,3.4665,0,12.5202,-653,1,45.1134,7.5600,44.1586,-0.1108,115.3059,0.824,0.000,1.000,0.0000,0.0000,0
2026-05-05,15:17:28,39966,1,-5.2240,-0.7467,0.0332,0.9754,3.4728,0,12.5202,-653,1,45.1551,5.2338,44.0360,-2.7329,124.0696,0.792,0.000,1.000,0.0000,0.0000,0
2026-05-05,15:17:28,40001,1,-5.2240,-0.5351,0.0301,0.8847,3.4778,0,12.5202,-653,1,45.7974,22.3406,44.0493,-0.5917,132.0341,0.760,0.000,1.000,0.0000,0.0000,0
2026-05-05,15:17:28,40037,1,-5.2240,-0.0676,0.0288,0.8464,3.4804,0,12.5202,-653,1,46.8812,21.8364,44.2871,4.6341,119.6086,0.728,0.000,1.000,0.0000,0.0000,0
2026-05-05,15:17:28,40072,1,-5.2240,-0.0414,0.0195,0.5723,3.4807,0,12.5202,-653,1,46.2958,-22.7307,44.7796,11.4595,127.9083,0.696,0.000,1.000,0.0000,0.0000,0
2026-05-05,15:17:28,40108,1,-5.2320,-0.0377,0.0168,0.4942,3.4808,0,12.5202,-654,1,45.4191,-27.6069,45.3780,15.3100,121.4595,0.664,0.000,1.000,0.0000,0.0000,0
2026-05-05,15:17:28,40144,1,-5.2320,-0.0913,0.0265,0.7801,3.4812,0,12.5202,-654,1,43.5637,-61.8902,46.0300,16.9319,77.4350,0.632,0.000,1.000,0.0000,0.0000,0
2026-05-05,15:17:28,40180,1,-5.2320,-0.4079,0.0454,1.3362,3.4833,0,12.5202,-654,1,40.7362,-66.1448,46.9617,21.4011,81.4829,0.672,0.000,1.000,0.0000,0.0000,0
2026-05-05,15:17:28,40216,1,-5.2320,-0.5737,0.0552,1.6240,3.4873,0,12.5202,-654,1,41.0020,32.9236,47.4935,12.7864,96.3822,0.736,0.000,1.000,0.0000,0.0000,0
2026-05-05,15:17:28,40252,1,-5.2400,-0.7409,0.0574,1.6894,3.4928,0,12.5202,-655,1,43.1612,59.8575,46.7975,-13.2608,107.4345,0.752,0.000,1.000,0.0000,0.0000,0
2026-05-05,15:17:28,40286,1,-5.2400,-0.8106,0.0468,1.3757,3.4967,0,12.5202,-655,1,43.7726,42.6883,46.5907,-11.7944,110.0710,0.736,0.000,1.000,0.0000,0.0000,0
2026-05-05,15:17:28,40321,1,-5.2320,-0.9313,0.0459,1.3508,3.5055,0,12.5202,-654,1,44.2731,21.6966,45.5956,-24.1296,119.9473,0.704,0.000,1.000,0.0000,0.0000,0
2026-05-05,15:17:28,40357,1,-5.2400,-0.9731,0.0247,0.7268,3.5130,0,12.5202,-655,1,44.9397,23.5931,44.8017,-24.1068,108.1363,0.672,0.000,1.000,0.0000,0.0000,0
2026-05-05,15:17:28,40393,1,-5.2400,-0.5228,0.0430,1.2643,3.5180,0,12.5202,-655,1,45.0213,4.7361,44.6548,-12.1386,99.5306,0.640,0.000,1.000,0.0000,0.0000,0
2026-05-05,15:17:28,40428,1,-5.2400,-0.7837,0.0420,1.2366,3.5232,0,12.5202,-655,1,45.2634,12.0934,44.9400,-1.5011,112.0803,0.608,0.000,1.000,0.0000,0.0000,0
2026-05-05,15:17:28,40463,1,-5.2400,-0.5818,0.0319,0.9391,3.5288,0,12.5202,-655,1,46.0601,18.9049,44.9117,-4.0200,122.2912,0.576,0.000,1.000,0.0000,0.0000,0
2026-05-05,15:17:28,40499,1,-5.2400,-0.6666,0.0398,1.1700,3.5335,0,12.5202,-655,1,45.5558,-11.8943,44.8695,-3.8458,130.9874,0.544,0.000,1.000,0.0000,0.0000,0
2026-05-05,15:17:28,40534,1,-5.2400,-0.9643,0.0398,1.1698,3.5396,0,12.5202,-655,1,45.7951,11.0126,45.1868,2.2042,138.4850,0.512,0.000,1.000,0.0000,0.0000,0
2026-05-05,15:17:28,40569,1,-5.2400,-0.9828,0.0496,1.4600,3.5470,0,12.5202,-655,1,45.9314,1.3370,45.1204,-3.2495,145.1003,0.480,0.000,1.000,0.0000,0.0000,0
2026-05-05,15:17:28,40604,1,-5.2400,-0.8511,0.0544,1.6004,3.5533,0,12.5202,-655,1,44.9450,-22.3144,45.1914,-0.4285,150.9721,0.472,0.000,1.000,0.0000,0.0000,0
2026-05-05,15:17:28,40640,1,-5.2400,-0.9584,0.0382,1.1245,3.5602,0,12.5202,-655,1,45.2801,11.5787,45.4628,0.0280,155.5078,0.512,0.000,0.998,0.0000,0.0000,0
2026-05-05,15:17:28,40675,1,-5.2400,-1.1974,0.0500,1.4717,3.5686,0,12.5202,-655,1,46.0160,20.2806,44.8436,-15.0415,158.7589,0.480,0.000,0.995,0.0000,0.0000,0
2026-05-05,15:17:28,40710,1,-5.2480,-1.1129,0.0438,1.2890,3.5772,0,12.5202,-656,1,46.4386,13.1730,44.1305,-20.5910,161.3248,0.448,0.000,0.992,0.0000,0.0000,0
2026-05-05,15:17:28,40745,1,-5.2480,-0.9119,0.0469,1.3781,3.5839,0,12.5202,-656,1,46.5542,8.7217,43.8058,-15.4709,164.2023,0.416,0.000,0.989,0.0000,0.0000,0
2026-05-05,15:17:28,40781,1,-5.2480,-1.0154,0.0279,0.8198,3.5915,0,12.5202,-656,1,46.8290,12.1221,43.5508,-13.9772,166.4800,0.384,0.000,1.000,0.0000,0.0000,0
2026-05-05,15:17:29,40817,1,-5.2480,-0.8803,0.0710,2.0891,3.5976,0,12.5202,-656,1,46.6554,-6.7860,43.2876,-11.3529,162.1226,0.352,0.000,1.000,0.0000,0.0000,0
2026-05-05,15:17:29,40852,1,-5.2480,-0.8204,0.0630,1.8516,3.6044,0,12.5202,-656,1,45.7681,-13.9877,43.7228,2.4089,153.0586,0.368,0.000,1.000,0.0000,0.0000,0
2026-05-05,15:17:29,40887,1,-5.2480,-1.1832,0.0560,1.6483,3.6121,0,12.5202,-656,1,46.7661,38.3615,43.7737,-3.2888,156.1454,0.360,0.000,1.000,0.0000,0.0000,0
2026-05-05,15:17:29,40922,1,-5.2480,-1.1536,0.0207,0.6085,3.6210,0,12.5202,-656,1,48.7400,57.5337,42.7688,-22.5035,151.5806,0.328,0.000,1.000,0.0000,0.0000,0
2026-05-05,15:17:29,40957,1,-5.2480,-0.4117,0.0582,1.7128,3.6253,0,12.5202,-656,1,48.8426,-3.1146,41.9727,-24.0393,155.5551,0.296,0.000,1.000,0.0000,0.0000,0
2026-05-05,15:17:29,40993,1,-5.2480,-0.5272,0.0423,1.2432,3.6289,0,12.5202,-656,1,48.3392,-8.2877,42.3253,-3.8566,159.3220,0.264,0.000,1.000,0.0000,0.0000,0
2026-05-05,15:17:29,41029,1,-5.2480,-0.7523,0.0290,0.8520,3.6341,0,12.5202,-656,1,49.8630,36.8245,42.3106,-6.0386,162.0421,0.232,0.000,1.000,0.0000,0.0000,0
2026-05-05,15:17:29,41064,1,-5.2480,-0.8718,0.0577,1.6964,3.6400,0,12.5202,-656,1,48.9448,-35.0401,42.3689,-1.2260,112.4282,0.200,0.000,1.000,0.0000,0.0000,0
2026-05-05,15:17:29,41100,1,-5.2480,-1.0617,0.0702,2.0658,3.6479,0,12.5202,-656,1,47.6509,-29.4609,43.8154,22.2566,111.0846,0.240,0.000,1.000,0.0000,0.0000,0
2026-05-05,15:17:29,41136,1,-5.2480,-1.1289,0.0462,1.3579,3.6558,0,12.5202,-656,1,48.2720,18.5591,43.9630,1.7400,119.9119,0.304,0.000,1.000,0.0000,0.0000,0
2026-05-05,15:17:29,41172,1,-5.2480,-1.2956,0.0356,1.0474,3.6661,0,12.5202,-656,1,49.2722,21.9091,42.3038,-34.5581,127.0155,0.272,0.000,1.000,0.0000,0.0000,0
2026-05-05,15:17:29,41207,1,-5.2480,-0.9951,0.0669,1.9681,3.6748,0,12.5202,-656,1,49.7761,13.4534,41.9175,-27.2154,129.5599,0.248,0.000,1.000,0.0000,0.0000,0
2026-05-05,15:17:29,41243,1,-5.2480,-0.8221,0.0281,0.8277,3.6815,0,12.5202,-656,1,48.4809,-30.0780,41.0971,-27.0539,136.1258,0.240,0.000,1.000,0.0000,0.0000,0
2026-05-05,15:17:29,41279,1,-5.2480,-0.3980,0.0554,1.6292,3.6866,0,12.5202,-656,1,49.1451,15.6486,40.4789,-21.7712,141.7325,0.232,0.000,1.000,0.0000,0.0000,0
2026-05-05,15:17:29,41315,1,-5.2560,-0.5281,0.0357,1.0490,3.6897,0,12.5202,-657,1,48.4759,-31.7770,40.7692,-1.8571,146.7671,0.224,0.000,1.000,0.0000,0.0000,0
2026-05-05,15:17:29,41351,1,-5.2480,-0.6768,0.0163,0.4801,3.6948,0,12.5202,-656,1,48.2488,-4.3258,41.3785,9.7457,150.5302,0.240,0.000,1.000,0.0000,0.0000,0
2026-05-05,15:17:29,41387,1,-5.2480,-0.2420,0.0444,1.3052,3.6972,0,12.5202,-656,1,47.4194,-42.4919,42.2379,19.0388,127.5712,0.304,0.000,1.000,0.0000,0.0000,0
2026-05-05,15:17:29,41423,1,-5.2480,-0.5365,0.0560,1.6463,3.7003,0,12.5202,-656,1,44.4761,-82.0831,44.0660,38.2198,123.9511,0.368,0.000,1.000,0.0000,0.0000,0
2026-05-05,15:17:29,41459,1,-5.2480,-0.8081,0.0760,2.2339,3.7061,0,12.5202,-656,1,43.8248,-16.8588,45.1689,26.6890,131.2986,0.432,0.000,1.000,0.0000,0.0000,0
2026-05-05,15:17:29,41494,1,-5.2480,-0.7334,0.0486,1.4280,3.7118,0,12.5202,-656,1,43.6286,-14.3459,44.4541,-8.9254,136.1168,0.496,0.000,1.000,0.0000,0.0000,0
2026-05-05,15:17:29,41530,1,-5.2480,-1.2920,0.0598,1.7577,3.7201,0,12.5202,-656,1,43.2241,-12.8544,43.2569,-27.2101,140.8148,0.560,0.000,1.000,0.0000,0.0000,0
2026-05-05,15:17:29,41565,1,-5.2480,-1.3815,0.0450,1.3226,3.7302,0,12.5202,-656,1,43.5187,-3.1123,42.9227,-15.0670,145.9425,0.624,0.000,1.000,0.0000,0.0000,0
2026-05-05,15:17:29,41600,1,-5.2480,-1.3268,0.0491,1.4448,3.7408,0,12.5202,-656,1,42.5579,-35.4488,43.4319,3.0348,150.4405,0.688,0.000,1.000,0.0000,0.0000,0
2026-05-05,15:17:29,41635,1,-5.2480,-0.5841,0.0576,1.6942,3.7485,0,12.5202,-656,1,42.2188,-7.9606,43.5711,0.9859,153.6065,0.728,0.000,1.000,0.0000,0.0000,0
2026-05-05,15:17:29,41670,1,-5.2480,-0.6528,0.0351,1.0315,3.7526,0,12.5202,-656,1,41.9914,-14.7696,43.5077,-2.9059,155.8791,0.792,0.000,1.000,0.0000,0.0000,0
2026-05-05,15:17:29,41706,1,-5.2480,-0.3880,0.0382,1.1232,3.7572,0,12.5202,-656,1,41.9642,-8.4989,43.4883,-1.5109,158.1952,0.808,0.000,1.000,0.0000,0.0000,0
2026-05-05,15:17:29,41742,1,-5.2480,-0.7486,0.0621,1.8279,3.7618,0,12.5202,-656,1,39.6051,-83.2154,45.0308,29.3530,109.6310,0.872,0.000,1.000,0.0000,0.0000,0
2026-05-05,15:17:29,41777,1,-5.2480,-1.0137,0.0896,2.6349,3.7687,0,12.5202,-656,1,37.1823,-66.6571,47.5376,50.7671,108.0130,0.936,0.000,1.000,0.0000,0.0000,0
2026-05-05,15:17:30,41812,1,-5.2480,-1.1076,0.0827,2.4333,3.7761,0,12.5202,-656,1,36.9467,-12.4273,47.2786,3.1964,115.6191,1.000,0.000,1.000,0.0000,0.0000,0
2026-05-05,15:17:30,41848,1,-5.2480,-1.2728,0.0705,2.0729,3.7853,0,12.5202,-656,1,36.3698,-26.2675,45.4324,-35.2783,122.6773,1.000,0.000,1.000,0.0000,0.0000,0
2026-05-05,15:17:30,41883,1,-5.2480,-1.4508,0.0582,1.7107,3.7951,0,12.5202,-656,1,35.2754,-33.0907,43.9024,-44.1062,129.0400,1.000,0.000,1.000,0.0000,0.0000,0
2026-05-05,15:17:30,41919,1,-5.2480,-1.5374,0.0507,1.4903,3.8065,0,12.5202,-656,1,34.7419,-20.4262,42.6991,-39.6074,135.1916,1.000,0.000,1.000,0.0000,0.0000,0
2026-05-05,15:17:30,41955,1,-5.2480,-1.5656,0.0530,1.5589,3.8193,0,12.5202,-656,1,34.0044,-23.2739,42.2739,-22.3535,141.3063,1.000,0.000,1.000,0.0000,0.0000,0
2026-05-05,15:17:30,41990,1,-5.2480,-1.5077,0.0656,1.9302,3.8314,0,12.5202,-656,1,33.4626,-15.4274,42.5277,-4.8448,146.5256,1.000,0.000,1.000,0.0000,0.0000,0
2026-05-05,15:17:30,42027,1,-5.2480,-1.3336,0.0711,2.0916,3.8422,0,12.5202,-656,1,32.9576,-18.0907,42.7966,-1.3776,149.7208,1.000,0.000,1.000,0.0000,0.0000,0
2026-05-05,15:17:30,42062,1,-5.2480,-1.0670,0.0227,0.6680,3.8505,0,12.5202,-656,1,32.2979,-26.1912,41.9822,-21.5469,151.8981,0.992,0.000,1.000,0.0000,0.0000,0
2026-05-05,15:17:30,42101,1,-5.2480,-0.3536,0.0564,1.6574,3.8558,0,12.5202,-656,1,31.8926,-28.4283,41.3856,-25.2476,153.2693,1.000,0.000,1.000,0.0000,0.0000,0
2026-05-05,15:17:30,42137,1,-5.2560,-0.6051,0.0467,1.3734,3.8596,0,12.5202,-657,1,30.9282,-24.1685,40.4209,-26.1044,155.7868,1.000,0.000,1.000,0.0000,0.0000,0
2026-05-05,15:17:30,42172,1,-5.2560,-0.8419,0.0337,0.9901,3.8651,0,12.5202,-657,1,31.0935,-1.6665,40.7113,-3.2659,158.6500,1.000,0.000,1.000,0.0000,0.0000,0
2026-05-05,15:17:30,42207,1,-5.2560,-1.0121,0.0533,1.5676,3.8722,0,12.5202,-657,1,29.7085,-50.3815,42.4256,31.0304,162.0012,1.000,0.000,1.000,0.0000,0.0000,0
2026-05-05,15:17:30,42243,1,-5.2480,-1.0814,0.0392,1.1543,3.8804,0,12.5202,-656,1,28.3928,-30.7180,43.9793,35.6567,163.4150,1.000,0.000,1.000,0.0000,0.0000,0
2026-05-05,15:17:30,42278,1,-5.2480,-1.1940,0.0482,1.4181,3.8893,0,12.5202,-656,1,28.0062,-16.6404,43.5621,-2.2536,162.9783,1.000,0.000,1.000,0.0000,0.0000,0
2026-05-05,15:17:30,42314,1,-5.2480,-0.7823,0.0471,1.3840,3.8971,0,12.5202,-656,1,27.5938,-10.5753,41.8445,-35.5302,163.2641,1.000,0.000,1.000,0.0000,0.0000,0
2026-05-05,15:17:30,42350,1,-5.2480,-0.8582,0.0325,0.9569,3.9032,0,12.5202,-656,1,27.0101,-22.2138,40.3515,-43.2413,164.0522,1.000,0.000,1.000,0.0000,0.0000,0
2026-05-05,15:17:30,42385,1,-5.2480,-0.6967,0.0202,0.5944,3.9092,0,12.5202,-656,1,26.7700,-5.2425,39.2330,-37.9956,164.7379,0.992,0.000,1.000,0.0000,0.0000,0
2026-05-05,15:17:30,42421,1,-5.2480,-0.3533,0.0386,1.1364,3.9127,0,12.5202,-656,1,26.4290,-18.3806,38.1832,-33.6874,165.9057,1.000,0.000,1.000,0.0000,0.0000,0
2026-05-05,15:17:30,42457,1,-5.2480,-0.5919,0.0281,0.8255,3.9163,0,12.5202,-656,1,25.0072,-40.0482,38.2830,-12.7767,166.6079,1.000,0.000,1.000,0.0000,0.0000,0
2026-05-05,15:17:30,42492,1,-5.2480,-0.6862,0.0312,0.9174,3.9212,0,12.5202,-656,1,25.1636,0.2229,38.2008,-7.8703,166.5883,1.000,0.000,1.000,0.0000,0.0000,0
2026-05-05,15:17:30,42527,1,-5.2480,-0.6209,0.0245,0.7199,3.9261,0,12.5202,-656,1,24.7827,-17.5515,37.9787,-10.7663,166.9928,0.984,0.000,1.000,0.0000,0.0000,0
2026-05-05,15:17:30,42563,1,-5.2400,-0.5643,0.0406,1.1954,3.9304,0,12.5202,-655,1,23.7124,-30.7342,37.0070,-27.4295,167.7488,1.000,0.000,1.000,0.0000,0.0000,0
2026-05-05,15:17:30,42599,1,-5.2480,-0.8363,0.0433,1.2722,3.9360,0,12.5202,-656,1,23.4371,-6.2471,35.8674,-34.6216,167.4670,1.000,0.000,1.000,0.0000,0.0000,0
2026-05-05,15:17:30,42635,1,-5.2480,-0.5962,0.0489,1.4369,3.9414,0,12.5202,-656,1,23.3223,-4.4875,34.3573,-46.6215,167.1476,1.000,0.000,1.000,0.0000,0.0000,0
2026-05-05,15:17:30,42670,1,-5.2480,-0.6034,0.0354,1.0424,3.9452,0,12.5202,-656,1,22.3899,-30.5314,32.4285,-57.7489,167.3876,1.000,0.000,1.000,0.0000,0.0000,0
2026-05-05,15:17:30,42706,1,-5.2480,-0.8650,0.0374,1.0996,3.9510,0,12.5202,-656,1,22.2841,2.9606,30.3385,-63.0174,167.2567,1.000,0.000,1.000,0.0000,0.0000,0
2026-05-05,15:17:30,42742,1,-5.2480,-0.7003,0.0250,0.7367,3.9567,0,12.5202,-656,1,22.7196,7.6791,28.4311,-60.1774,167.1412,0.984,0.000,1.000,0.0000,0.0000,0
2026-05-05,15:17:30,42778,1,-5.2480,-0.2646,0.0353,1.0393,3.9596,0,12.5202,-656,1,21.6581,-31.9312,26.6803,-57.8491,167.7692,1.000,0.000,1.000,0.0000,0.0000,0
2026-05-05,15:17:31,42815,1,-5.2480,-0.5418,0.0224,0.6593,3.9630,0,12.5202,-656,1,21.4347,3.1280,24.8462,-59.2117,167.3447,0.984,0.000,1.000,0.0000,0.0000,0
2026-05-05,15:17:31,42850,1,-5.2480,-0.3817,0.0233,0.6844,3.9661,0,12.5202,-656,1,22.7032,31.9749,22.8416,-62.3288,166.5659,0.976,0.000,1.000,0.0000,0.0000,0
2026-05-05,15:17:31,42886,1,-5.2480,-0.0060,0.0282,0.8282,3.9682,0,12.5202,-656,1,22.4928,-9.0344,21.4350,-48.6306,167.2400,0.944,0.000,1.000,0.0000,0.0000,0
2026-05-05,15:17:31,42921,1,-5.2480,-0.2522,0.0180,0.5304,3.9693,0,12.5202,-656,1,21.9578,-7.3497,20.7400,-31.6640,167.9413,0.912,0.000,1.000,0.0000,0.0000,0
2026-05-05,15:17:31,42956,1,-5.2480,-0.0046,0.0136,0.3986,3.9698,0,12.5202,-656,1,22.5701,16.5098,19.6528,-36.4658,167.3328,0.880,0.000,1.000,0.0000,0.0000,0
2026-05-05,15:17:31,42996,1,-5.2480,-0.0042,0.0127,0.3734,3.9697,0,12.5202,-656,1,22.5896,0.0391,18.8381,-35.8070,167.2619,0.856,0.000,1.000,0.0000,0.0000,0
2026-05-05,15:17:31,43032,1,-5.2480,0.0072,0.0123,0.3631,3.9697,0,12.5202,-656,1,22.7193,6.8982,17.2025,-47.9761,167.3433,0.824,0.000,1.000,0.0000,0.0000,0
2026-05-05,15:17:31,43068,1,-5.2480,-0.0047,0.0130,0.3817,3.9697,0,12.5202,-656,1,23.0937,10.6296,15.3855,-52.2610,167.4943,0.792,0.000,1.000,0.0000,0.0000,0
2026-05-05,15:17:31,43103,1,-5.2480,-0.0038,0.0122,0.3589,3.9697,0,12.5202,-656,1,23.0743,-2.3963,14.3854,-39.0220,167.7942,0.760,0.000,1.000,0.0000,0.0000,0
2026-05-05,15:17:31,43138,1,-5.2480,-0.0099,0.0133,0.3901,3.9697,0,12.5202,-656,1,22.7017,-10.9289,13.6540,-28.6870,167.7216,0.728,0.000,1.000,0.0000,0.0000,0
2026-05-05,15:17:31,43174,1,-5.2560,-0.0096,0.0135,0.3985,3.9697,0,12.5202,-657,1,22.0255,-18.4130,12.9842,-23.0259,167.4408,0.696,0.000,1.000,0.0000,0.0000,0
2026-05-05,15:17:31,43210,1,-5.2480,0.0056,0.0118,0.3463,3.9697,0,12.5202,-656,1,21.6420,-5.6278,12.2303,-23.7797,167.3106,0.664,0.000,1.000,0.0000,0.0000,0
2026-05-05,15:17:31,43245,1,-5.2480,-0.0062,0.0132,0.3879,3.9698,0,12.5202,-656,1,22.1182,14.9562,11.4457,-24.0082,167.3612,0.632,0.000,1.000,0.0000,0.0000,0
2026-05-05,15:17:31,43281,1,-5.2480,0.0133,0.0138,0.4068,3.9698,0,12.5202,-656,1,22.4541,9.3239,10.7116,-22.9680,167.5549,0.600,0.000,1.000,0.0000,0.0000,0
2026-05-05,15:17:31,43316,1,-5.2480,0.0064,0.0130,0.3819,3.9698,0,12.5202,-656,1,22.6254,6.4371,10.1762,-18.3153,167.4408,0.568,0.000,1.000,0.0000,0.0000,0
2026-05-05,15:17:31,43352,1,-5.2480,0.0157,0.0119,0.3505,3.9697,0,12.5202,-656,1,22.9816,11.6480,9.6929,-17.6574,167.1290,0.536,0.000,1.000,0.0000,0.0000,0
2026-05-05,15:17:31,43388,1,-5.2560,-0.0079,0.0138,0.4068,3.9698,0,12.5202,-657,1,23.4482,13.2607,9.0425,-19.0204,167.2187,0.504,0.000,1.000,0.0000,0.0000,0
2026-05-05,15:17:31,43424,1,-5.2640,-0.0085,0.0130,0.3818,3.9697,0,12.5202,-658,1,23.7666,8.6586,8.5904,-15.3249,167.4702,0.472,0.000,1.000,0.0000,0.0000,0
2026-05-05,15:17:31,43460,1,-5.2720,-0.0035,0.0128,0.3755,3.9697,0,12.5202,-659,1,23.7913,0.3838,8.4753,-6.7807,167.4819,0.440,0.000,1.000,0.0000,0.0000,0
2026-05-05,15:17:31,43495,1,-5.2720,-0.0006,0.0124,0.3651,3.9697,0,12.5202,-659,1,23.6923,-2.6727,8.6028,-0.8280,167.2899,0.408,0.000,1.000,0.0000,0.0000,0
2026-05-05,15:17:31,43530,1,-5.2720,0.0072,0.0120,0.3526,3.9697,0,12.5202,-659,1,23.6709,0.3488,8.6769,3.0952,167.1830,0.376,0.000,1.000,0.0000,0.0000,0
2026-05-05,15:17:31,43566,1,-5.2800,-0.0020,0.0126,0.3693,3.9697,0,12.5202,-660,1,23.7574,2.9177,9.0261,8.4517,167.2972,0.344,0.000,1.000,0.0000,0.0000,0
2026-05-05,15:17:31,43602,1,-5.2800,-0.0039,0.0131,0.3839,3.9697,0,12.5202,-660,1,23.8175,1.4151,9.4430,11.6626,167.4265,0.312,0.000,1.000,0.0000,0.0000,0
2026-05-05,15:17:31,43637,1,-5.2800,-0.0042,0.0120,0.3527,3.9697,0,12.5202,-660,1,23.8474,0.7147,9.7918,11.4870,167.3228,0.280,0.000,1.000,0.0000,0.0000,0
2026-05-05,15:17:31,43673,1,-5.2880,-0.0069,0.0123,0.3608,3.9697,0,12.5202,-661,1,23.9805,3.2518,10.0692,9.2431,167.2254,0.248,0.000,1.000,0.0000,0.0000,0
2026-05-05,15:17:31,43709,1,-5.2880,0.0094,0.0127,0.3736,3.9697,0,12.5202,-661,1,24.1053,2.4468,10.2195,5.5137,167.3018,0.216,0.000,1.000,0.0000,0.0000,0
2026-05-05,15:17:31,43744,1,-5.2880,-0.0036,0.0134,0.3944,3.9697,0,12.5202,-661,1,24.0913,-1.8818,10.2089,2.1203,167.4266,0.184,0.000,0.998,0.0000,0.0000,0
2026-05-05,15:17:31,43780,1,2.7200,-0.0011,0.0123,0.3631,3.9697,0,12.5202,340,1,24.0309,8.0847,10.4081,4.9285,167.3577,0.152,0.000,0.995,0.0000,0.0000,0
2026-05-05,15:17:32,43815,1,2.7200,2.7511,0.0923,2.7141,3.9543,0,12.5202,340,1,21.2177,-98.8024,11.0876,15.7246,169.0754,0.168,0.000,1.000,0.0000,0.0000,0
2026-05-05,15:17:32,43850,1,2.7200,2.9974,0.0626,1.8417,3.9327,0,12.5202,340,1,16.5692,-102.7747,11.8588,18.4389,168.7590,0.232,0.000,1.000,0.0000,0.0000,0
2026-05-05,15:17:32,43885,1,5.7360,4.0688,0.2003,5.8907,3.9090,0,12.5202,717,1,20.6078,143.6833,11.9307,7.8909,165.7549,0.296,0.000,1.000,0.0000,0.0000,0
2026-05-05,15:17:32,43921,1,7.2640,5.8435,0.1342,3.9479,3.8664,0,12.5202,908,1,22.9174,30.0609,11.8082,-3.1386,165.7278,0.264,0.000,1.000,0.0000,0.0000,0
2026-05-05,15:17:32,43957,1,7.7280,7.3426,0.1698,4.9930,3.8147,0,12.5202,966,1,21.2105,-36.0784,11.2568,-11.0519,140.8907,0.232,0.000,1.000,0.0000,0.0000,0
2026-05-05,15:17:32,43993,1,7.8480,7.8640,0.1586,4.6654,3.7553,0,12.5202,981,1,21.8063,34.4704,10.6252,-17.9071,144.6071,0.200,0.000,1.000,0.0000,0.0000,0
2026-05-05,15:17:32,44028,1,7.8480,7.8545,0.1685,4.9566,3.6965,0,12.5202,981,1,23.7459,55.1148,9.9577,-19.1374,146.3957,0.168,0.000,1.000,0.0000,0.0000,0
2026-05-05,15:17:32,44063,1,7.8480,7.8746,0.1650,4.8532,3.6369,0,12.5202,981,1,23.6010,-5.8283,9.5175,-15.6128,149.3220,0.136,0.000,1.000,0.0000,0.0000,0
2026-05-05,15:17:32,44099,1,7.8800,7.9509,0.1508,4.4339,3.5771,0,12.5202,985,1,23.0297,-7.7132,8.6784,-22.2255,151.6197,0.104,0.000,1.000,0.0000,0.0000,0
2026-05-05,15:17:32,44134,1,7.8800,8.0459,0.1318,3.8758,3.5172,0,12.5202,985,1,23.5247,22.1290,7.8107,-24.9948,152.5381,0.072,0.000,1.000,0.0000,0.0000,0
2026-05-05,15:17:32,44170,1,7.8800,7.8905,0.1295,3.8074,3.4561,0,12.5202,985,1,24.7155,33.3695,7.4887,-14.6252,154.0493,0.040,0.000,1.000,0.0000,0.0000,0
2026-05-05,15:17:32,44206,1,7.8800,7.7759,0.1395,4.1030,3.3952,0,12.5202,985,1,25.0646,14.8692,7.1734,-11.5118,155.8896,0.008,0.000,1.000,0.0000,0.0000,0
2026-05-05,15:17:32,44241,1,7.8800,7.7625,0.1573,4.6261,3.3374,0,12.5202,985,1,25.1662,13.2875,6.5593,-15.7563,158.4450,0.000,0.000,1.000,0.0000,0.0000,0
2026-05-05,15:17:32,44277,1,7.8800,7.6785,0.1628,4.7881,3.2775,0,12.5202,985,1,26.6867,70.1459,6.0039,-15.3316,135.1018,0.000,0.000,1.000,0.0000,0.0000,0
2026-05-05,15:17:32,44313,1,7.8800,7.9582,0.1584,4.6596,3.2170,0,12.5202,985,1,28.7019,59.0071,5.7782,-9.8308,128.3307,0.000,0.000,1.000,0.0000,0.0000,0
2026-05-05,15:17:32,44348,1,7.8800,7.9784,0.1589,4.6721,3.1578,0,12.5202,985,1,29.3397,22.9799,5.4379,-11.1790,133.6862,0.000,0.000,1.000,0.0000,0.0000,0
2026-05-05,15:17:32,44384,1,7.8800,8.0339,0.1247,3.6670,3.0954,0,12.5202,985,1,29.4616,12.9662,5.0067,-12.6600,137.7178,0.000,0.000,1.000,0.0000,0.0000,0
2026-05-05,15:17:32,44420,1,7.8800,7.6785,0.1587,4.6669,3.0358,0,12.5202,985,1,29.3418,1.8843,4.5257,-13.7150,141.0678,0.000,0.000,1.000,0.0000,0.0000,0
2026-05-05,15:17:32,44455,1,7.8800,7.5805,0.1923,5.6554,2.9786,0,12.5202,985,1,28.7813,-3.4021,4.0311,-13.6710,145.6059,0.000,0.000,1.000,0.0000,0.0000,0
2026-05-05,15:17:32,44490,1,7.8800,7.8196,0.1978,5.8171,2.9207,0,12.5202,985,1,30.5718,69.1555,4.1999,-0.6318,98.6872,0.000,0.000,1.000,0.0000,0.0000,0
2026-05-05,15:17:32,44526,1,7.8800,7.8728,0.1888,5.5543,2.8605,0,12.5202,985,1,32.8315,69.6244,5.0344,12.1866,104.1922,0.000,0.000,1.000,0.0000,0.0000,0
2026-05-05,15:17:32,44561,1,7.8800,7.9348,0.2011,5.9140,2.8011,0,12.5202,985,1,32.9544,13.5642,4.8057,-3.1511,113.1170,0.000,0.000,1.000,0.0000,0.0000,0
2026-05-05,15:17:32,44596,1,7.8800,7.8956,0.1991,5.8553,2.7414,0,12.5202,985,1,33.5964,34.3244,3.9211,-18.6992,120.6415,0.000,0.000,1.000,0.0000,0.0000,0
2026-05-05,15:17:32,44632,1,7.8800,7.7798,0.2010,5.9110,2.6825,0,12.5202,985,1,34.8210,42.3056,3.5601,-15.3983,129.6299,0.000,0.000,1.000,0.0000,0.0000,0
2026-05-05,15:17:32,44667,1,7.8800,7.7299,0.2391,7.0326,2.6243,0,12.5202,985,1,34.9959,19.7537,3.4587,-11.0533,137.1711,0.000,0.000,1.000,0.0000,0.0000,0
2026-05-05,15:17:32,44703,1,7.8880,7.9483,0.2242,6.5949,2.5648,0,12.5202,986,1,36.1841,36.8559,2.6341,-21.8120,140.8529,0.000,0.000,1.000,0.0000,0.0000,0
2026-05-05,15:17:32,44738,1,7.8800,8.1184,0.1908,5.6118,2.5043,0,12.5202,985,1,37.1875,32.0806,1.3604,-33.0607,144.0584,0.000,0.000,1.000,0.0000,0.0000,0
2026-05-05,15:17:32,44774,1,7.8800,7.8272,0.1964,5.7771,2.4422,0,12.5202,985,1,36.8716,1.1630,0.5900,-26.9057,149.1136,0.000,0.000,1.000,0.0000,0.0000,0
2026-05-05,15:17:33,44809,1,7.8800,7.6939,0.2356,6.9300,2.3854,0,12.5202,985,1,37.4483,42.1354,0.6376,-10.9414,155.0873,0.000,0.000,1.000,0.0000,0.0000,0
2026-05-05,15:17:33,44847,1,7.8800,7.9080,0.2220,6.5282,2.3208,0,12.5202,985,1,37.5428,46.8781,1.3936,-6.9887,158.1875,0.000,0.000,1.000,0.0000,0.0000,0
2026-05-05,15:17:33,44883,1,7.8800,8.1784,0.1763,5.1866,2.2591,0,12.5202,985,1,38.5037,33.3696,0.0679,-32.8215,158.9877,0.000,0.000,1.000,0.0000,0.0000,0
2026-05-05,15:17:33,44919,1,0.0000,3.6646,-0.1908,5.6109,2.2066,0,12.5202,0,1,38.9397,43.6833,-1.5942,-45.6410,158.0906,0.000,0.000,1.000,0.0000,0.0000,0
2026-05-05,15:17:33,44955,1,0.0000,-0.3935,0.0449,1.3193,2.2094,0,12.5202,0,1,43.8121,140.1232,-2.6907,-37.7498,153.9193,0.000,0.000,1.000,0.0000,0.0000,0
2026-05-05,15:17:33,44991,1,0.0000,-0.3751,0.0716,2.1050,2.2107,0,12.5202,0,1,43.2485,-80.4545,-3.7428,-36.1865,142.7869,0.000,0.000,1.000,0.0000,0.0000,0
2026-05-05,15:17:33,45027,1,0.0000,0.2004,0.0679,1.9972,2.2120,0,12.5202,0,1,32.1760,-265.8961,-5.5864,-50.6048,126.0120,0.048,0.000,1.000,0.0000,0.0000,0
2026-05-05,15:17:33,45063,1,0.0000,0.0054,0.0492,1.4481,2.2105,0,12.5202,0,1,29.2795,5.4047,-6.9145,-38.3803,109.4615,0.112,0.000,1.000,0.0000,0.0000,0
2026-05-05,15:17:33,45100,1,0.0000,0.0399,0.0565,1.6613,2.2110,0,12.5202,0,1,40.9602,340.4243,-7.2132,-22.5351,89.3625,0.128,0.000,1.000,0.0000,0.0000,0
2026-05-05,15:17:33,45135,1,0.0000,0.1237,0.0353,1.0384,2.2101,0,12.5202,0,1,49.5649,233.6802,-7.6132,-19.4698,99.9653,0.096,0.000,1.000,0.0000,0.0000,0
2026-05-05,15:17:33,45171,1,0.0000,0.0782,0.0261,0.7685,2.2094,0,12.5202,0,1,53.3566,101.8528,-8.1546,-19.9360,108.8685,0.064,0.000,1.000,0.0000,0.0000,0
2026-05-05,15:17:33,45206,1,0.0000,0.0100,0.0247,0.7253,2.2092,0,12.5202,0,1,55.2198,48.8966,-8.7256,-19.4942,115.6886,0.032,0.000,1.000,0.0000,0.0000,0
2026-05-05,15:17:33,45241,1,0.0000,0.0175,0.0212,0.6248,2.2091,0,12.5202,0,1,56.8760,46.4611,-9.1209,-15.5206,122.2200,0.000,0.000,1.000,0.0000,0.0000,0
2026-05-05,15:17:33,45276,1,0.0000,0.0165,0.0195,0.5731,2.2090,0,12.5202,0,1,59.5009,80.9005,-9.4142,-11.9200,128.9190,0.000,0.000,1.000,0.0000,0.0000,0
2026-05-05,15:17:33,45311,1,0.0000,0.0215,0.0173,0.5100,2.2089,0,12.5202,0,1,63.6542,125.6193,-9.5277,-7.1921,135.2721,0.000,0.000,1.000,0.0000,0.0000,0
2026-05-05,15:17:33,45347,1,0.0000,-0.0053,0.0186,0.5472,2.2089,0,12.5202,0,1,67.6409,98.4187,-9.3404,0.0204,140.5852,0.000,0.000,1.000,0.0000,0.0000,0
2026-05-05,15:17:33,45382,1,0.0000,0.0042,0.0184,0.5415,2.2089,0,12.5202,0,1,69.1575,23.5540,-8.9355,6.3539,144.0049,0.000,0.000,1.000,0.0000,0.0000,0
2026-05-05,15:17:33,45418,1,0.0000,-0.0033,0.0191,0.5624,2.2089,0,12.5202,0,1,68.8824,-41.0817,-8.5281,7.6523,146.5610,0.000,0.000,1.000,0.0000,0.0000,0
2026-05-05,15:17:33,45453,1,0.0000,-0.0083,0.0177,0.5213,2.2089,0,12.5202,0,1,67.6227,-60.7920,-8.4883,0.8507,148.9978,0.000,0.000,1.000,0.0000,0.0000,0
2026-05-05,15:17:33,45488,1,0.0000,0.0079,0.0181,0.5310,2.2089,0,12.5202,0,1,65.6941,-79.4539,-8.8078,-8.0828,151.6725,0.000,0.000,1.000,0.0000,0.0000,0
2026-05-05,15:17:33,45523,1,0.0000,0.0109,0.0170,0.4995,2.2089,0,12.5202,0,1,63.0027,-102.8345,-9.3163,-15.1848,154.0479,0.000,0.000,1.000,0.0000,0.0000,0
2026-05-05,15:17:33,45558,1,0.0000,0.0127,0.0170,0.4995,2.2088,0,12.5202,0,1,59.4712,-126.9029,-10.0061,-20.4745,156.0193,0.000,0.000,1.000,0.0000,0.0000,0
2026-05-05,15:17:33,45593,1,0.0000,-0.0014,0.0179,0.5263,2.2088,0,12.5202,0,1,55.2415,-145.7231,-10.8697,-25.6416,157.4372,0.000,0.000,1.000,0.0000,0.0000,0
2026-05-05,15:17:33,45628,1,0.0000,0.0083,0.0170,0.4995,2.2088,0,12.5202,0,0,50.8144,-150.4508,-11.7944,-28.7974,158.4967,0.000,0.000,1.000,0.0000,0.0000,0
2026-05-05,15:17:33,45663,1,0.0000,0.0095,0.0163,0.4785,2.2088,0,12.5202,0,0,46.8011,-133.8228,-12.7139,-29.7428,159.5537,0.000,0.000,1.000,0.0000,0.0000,0
2026-05-05,15:17:33,45698,1,0.0000,0.0019,0.0171,0.5041,2.2088,0,12.5202,0,0,43.2708,-117.8233,-13.7382,-31.5525,160.6495,0.000,0.000,1.000,0.0000,0.0000,0
2026-05-05,15:17:33,45733,1,0.0000,0.0176,0.0162,0.4752,2.2088,0,12.5202,0,0,39.9104,-112.5224,-14.8424,-34.3926,161.5358,0.000,0.000,1.000,0.0000,0.0000,0
2026-05-05,15:17:33,45771,1,0.0000,0.0102,0.0199,0.5845,2.2088,0,12.5202,0,0,38.3190,-94.7182,-15.4340,-32.0399,161.8401,0.000,0.000,1.000,0.0000,0.0000,0
2026-05-05,15:17:34,45807,1,0.0000,0.0067,0.0163,0.4785,2.2088,0,12.5202,0,0,34.7967,-112.1047,-16.9463,-42.5530,162.4104,0.000,0.000,1.000,0.0000,0.0000,0
2026-05-05,15:17:34,45842,1,0.0000,0.0026,0.0157,0.4622,2.2088,0,12.5202,0,0,31.6159,-101.7291,-18.3151,-42.1119,162.9356,0.000,0.000,1.000,0.0000,0.0000,0
2026-05-05,15:17:34,45877,1,0.0000,-0.0077,0.0172,0.5065,2.2088,0,12.5202,0,0,28.3099,-105.3723,-19.5009,-38.6823,163.5172,0.000,0.000,1.000,0.0000,0.0000,0
2026-05-05,15:17:34,45912,1,0.0000,0.0002,0.0174,0.5111,2.2088,0,12.5202,0,0,23.5168,-150.5212,-20.7303,-38.3132,164.0964,0.000,0.000,1.000,0.0000,0.0000,0
2026-05-05,15:17:34,45947,1,0.0000,-0.0133,0.0193,0.5663,2.2089,0,12.5202,0,0,14.0610,-286.2564,-22.3271,-42.3732,164.6899,0.000,0.000,1.000,0.0000,0.0000,0
2026-05-05,15:17:34,45982,1,0.0000,-0.0120,0.0173,0.5100,2.2089,0,12.5202,0,0,0.0192,-384.4103,-23.5986,-34.9704,165.1837,0.000,0.000,0.998,0.0000,0.0000,0
2026-05-05,15:17:34,46018,1,0.0000,-0.0314,0.0227,0.6672,2.2090,0,12.5202,0,0,-14.2880,-377.8981,-24.5173,-22.6661,165.3207,0.000,0.000,0.995,0.0000,0.0000,0
2026-05-05,15:17:34,46053,1,0.0000,-0.1866,0.0464,1.3635,2.2098,0,12.5202,0,0,-21.1274,-1.8931,-23.1911,27.9554,164.3263,0.048,0.000,0.992,0.0000,0.0000,0
2026-05-05,15:17:34,46088,1,0.0000,0.1050,0.0463,1.3613,2.2107,0,12.5202,0,0,-8.5623,370.2142,-20.0746,65.4816,147.4311,0.112,0.000,0.989,0.0000,0.0000,0
2026-05-05,15:17:34,46124,1,0.0000,0.1448,0.0291,0.8572,2.2098,0,12.5202,0,0,3.8878,398.6514,-18.5913,52.4712,128.9537,0.080,0.000,0.986,0.0000,0.0000,0
2026-05-05,15:17:34,46159,1,0.0000,-0.0508,0.0394,1.1577,2.2098,0,12.5202,0,0,14.9142,346.2622,-17.4331,42.0716,97.2530,0.048,0.000,1.000,0.0000,0.0000,0
2026-05-05,15:17:34,46194,1,0.0000,0.1277,0.0223,0.6567,2.2094,0,12.5202,0,0,24.8517,323.2380,-16.4010,35.6659,102.7908,0.016,0.000,1.000,0.0000,0.0000,0
2026-05-05,15:17:34,46229,1,0.0000,0.0230,0.0214,0.6305,2.2090,0,12.5202,0,0,35.7260,346.6781,-15.4730,30.6399,104.7756,0.000,0.000,1.000,0.0000,0.0000,0
2026-05-05,15:17:34,46264,1,0.0000,0.0123,0.0195,0.5723,2.2089,0,12.5202,0,0,47.2178,347.4095,-14.5212,29.5085,113.8622,0.000,0.000,1.000,0.0000,0.0000,0
2026-05-05,15:17:34,46299,1,0.0000,0.0175,0.0184,0.5415,2.2089,0,12.5202,0,0,57.3377,296.3461,-13.4914,29.6760,109.6833,0.000,0.000,1.000,0.0000,0.0000,0
2026-05-05,15:17:34,46334,1,0.0000,-0.0042,0.0188,0.5520,2.2089,0,12.5202,0,0,65.2875,220.4206,-12.6304,26.0969,117.3376,0.000,0.000,1.000,0.0000,0.0000,0
2026-05-05,15:17:34,46369,1,0.0000,-0.0005,0.0175,0.5148,2.2089,0,12.5202,0,0,71.0490,145.9574,-11.9872,20.4889,117.9388,0.000,0.000,1.000,0.0000,0.0000,0
2026-05-05,15:17:34,46404,1,0.0000,-0.0087,0.0197,0.5786,2.2089,0,12.5202,0,0,74.6762,66.3818,-11.4936,13.9387,125.3788,0.000,0.000,1.000,0.0000,0.0000,0
2026-05-05,15:17:34,46439,1,0.0000,0.0042,0.0177,0.5216,2.2088,0,12.5202,0,0,77.2994,25.8770,-11.4332,2.0867,131.7923,0.000,0.000,1.000,0.0000,0.0000,0
2026-05-05,15:17:34,46474,1,0.0000,-0.0046,0.0188,0.5530,2.2088,0,12.5202,0,0,77.5965,-42.1910,-12.3774,-24.1892,137.7663,0.000,0.000,1.000,0.0000,0.0000,0
2026-05-05,15:17:34,46509,1,0.0000,0.0092,0.0157,0.4621,2.2087,0,12.5202,0,0,74.5878,-122.4133,-15.5358,-81.4802,142.5033,0.000,0.000,1.000,0.0000,0.0000,0
2026-05-05,15:17:34,46544,1,0.0000,-0.0019,0.0161,0.4725,2.2087,0,12.5202,0,0,61.6678,-350.1594,-21.9512,-162.6895,145.8026,0.000,0.000,1.000,0.0000,0.0000,0
2026-05-05,15:17:34,46579,1,0.0000,0.0069,0.0156,0.4575,2.2087,0,12.5202,0,0,51.2918,-305.0280,-28.8345,-196.0328,149.2435,0.000,0.000,1.000,0.0000,0.0000,0
2026-05-05,15:17:34,46614,1,0.0000,-0.0039,0.0143,0.4216,2.2087,0,12.5202,0,0,44.7067,-209.0880,-34.4711,-181.8098,152.4464,0.000,0.000,1.000,0.0000,0.0000,0
2026-05-05,15:17:34,46649,1,0.0000,0.0043,0.0156,0.4575,2.2087,0,12.5202,0,0,39.6813,-170.6806,-38.7628,-151.9433,155.1903,0.000,0.000,1.000,0.0000,0.0000,0
2026-05-05,15:17:34,46688,1,0.0000,-0.0168,0.0164,0.4830,2.2087,0,12.5202,0,0,37.0959,-140.0178,-40.4664,-120.2708,156.3088,0.000,0.000,1.000,0.0000,0.0000,0
2026-05-05,15:17:34,46723,1,0.0000,0.0053,0.0152,0.4470,2.2087,0,12.5202,0,0,32.3588,-148.0778,-43.7173,-108.0116,158.3642,0.000,0.000,1.000,0.0000,0.0000,0
2026-05-05,15:17:34,46758,1,0.0000,0.0020,0.0160,0.4694,2.2087,0,12.5202,0,0,28.4681,-123.9413,-46.2315,-88.4672,160.1283,0.000,0.000,1.000,0.0000,0.0000,0
2026-05-05,15:17:34,46793,1,0.0000,0.0109,0.0148,0.4366,2.2087,0,12.5202,0,0,25.3015,-102.8349,-48.2103,-71.4657,161.6802,0.000,0.000,1.000,0.0000,0.0000,0
2026-05-05,15:17:35,46828,1,0.0000,-0.0003,0.0152,0.4485,2.2087,0,12.5202,0,0,22.4867,-91.5718,-49.7683,-56.1727,162.9727,0.000,0.000,1.000,0.0000,0.0000,0
2026-05-05,15:17:35,46863,1,0.0000,-0.0029,0.0156,0.4589,2.2087,0,12.5202,0,0,20.0060,-79.9496,-50.9146,-42.4747,164.0004,0.000,0.000,1.000,0.0000,0.0000,0
2026-05-05,15:17:35,46898,1,0.0000,-0.0021,0.0159,0.4680,2.2087,0,12.5202,0,0,17.9315,-66.3755,-51.5895,-28.8154,164.9328,0.000,0.000,1.000,0.0000,0.0000,0
2026-05-05,15:17:35,46933,1,0.0000,-0.0042,0.0156,0.4575,2.2087,0,12.5202,0,0,16.2451,-54.3241,-52.3369,-24.9677,165.7310,0.000,0.000,1.000,0.0000,0.0000,0
2026-05-05,15:17:35,46968,1,0.0000,-0.0009,0.0167,0.4920,2.2087,0,12.5202,0,0,14.8064,-46.4624,-52.8697,-19.5175,166.4036,0.000,0.000,1.000,0.0000,0.0000,0
2026-05-05,15:17:35,47003,1,0.0000,0.0077,0.0137,0.4037,2.2087,0,12.5202,0,0,13.5132,-42.0540,-53.4374,-18.7442,166.9804,0.000,0.000,1.000,0.0000,0.0000,0
2026-05-05,15:17:35,47038,1,0.0000,-0.0077,0.0163,0.4784,2.2087,0,12.5202,0,0,12.3981,-35.6780,-53.6621,-10.0825,167.4494,0.000,0.000,1.000,0.0000,0.0000,0
2026-05-05,15:17:35,47073,1,0.0000,-0.0084,0.0161,0.4725,2.2087,0,12.5202,0,0,11.5216,-27.9796,-54.0714,-12.8908,167.8765,0.000,0.000,1.000,0.0000,0.0000,0
2026-05-05,15:17:35,47108,1,0.0000,-0.0021,0.0167,0.4903,2.2087,0,12.5202,0,0,10.7745,-24.8136,-54.3062,-8.2021,168.2435,0.000,0.000,1.000,0.0000,0.0000,0
2026-05-05,15:17:35,47144,1,0.0000,-0.0023,0.0157,0.4604,2.2087,0,12.5202,0,0,10.0826,-22.0942,-54.4422,-6.9141,168.5089,0.000,0.000,1.000,0.0000,0.0000,0
2026-05-05,15:17:35,47179,1,0.0000,0.0049,0.0159,0.4665,2.2087,0,12.5202,0,0,9.5014,-18.6963,-54.9184,-12.7587,168.7528,0.000,0.000,1.000,0.0000,0.0000,0
2026-05-05,15:17:35,47214,1,0.0000,-0.0112,0.0158,0.4649,2.2087,0,12.5202,0,0,9.0436,-14.5478,-55.2797,-10.7054,169.0143,0.000,0.000,1.000,0.0000,0.0000,0
2026-05-05,15:17:35,47249,1,0.0000,0.0049,0.0141,0.4156,2.2087,0,12.5202,0,0,8.6683,-12.6254,-55.0347,1.9145,169.1785,0.000,0.000,1.000,0.0000,0.0000,0
2026-05-05,15:17:35,47284,1,0.0000,-0.0034,0.0149,0.4394,2.2087,0,12.5202,0,0,8.3044,-11.6257,-54.7543,6.1461,169.3350,0.000,0.000,1.000,0.0000,0.0000,0
2026-05-05,15:17:35,47320,1,0.0000,0.0016,0.0154,0.4530,2.2087,0,12.5202,0,0,7.9737,-10.5427,-54.4841,7.5521,169.4708,0.000,0.000,1.000,0.0000,0.0000,0
2026-05-05,15:17:35,47355,1,0.0000,0.0065,0.0152,0.4485,2.2087,0,12.5202,0,1,7.7343,-7.7862,-54.2681,7.2137,169.5933,0.000,0.000,1.000,0.0000,0.0000,0
2026-05-05,15:17:35,47391,1,0.0000,-0.0106,0.0170,0.4994,2.2087,0,12.5202,0,1,7.5247,-6.8385,-53.9745,8.4631,169.6948,0.000,0.000,1.000,0.0000,0.0000,0
2026-05-05,15:17:35,47426,1,0.0000,-0.0067,0.0159,0.4680,2.2087,0,12.5202,0,1,7.3578,-5.5919,-53.7223,8.7708,169.7973,0.000,0.000,1.000,0.0000,0.0000,0
2026-05-05,15:17:35,47463,1,6.0480,-0.0059,0.0163,0.4785,2.2087,0,12.5202,756,1,7.0701,-12.9734,-53.3851,9.2861,169.4029,0.000,0.000,1.000,0.0000,0.0000,0
2026-05-05,15:17:35,47498,1,6.0480,7.4299,-0.0697,2.0488,2.1619,0,12.5202,756,1,6.8661,-9.1157,-53.3873,2.5993,170.0497,0.040,0.000,1.000,0.0000,0.0000,0
2026-05-05,15:17:35,47533,1,6.0480,5.8207,0.0176,0.5183,2.1169,0,12.5202,756,1,6.8969,-1.7578,-53.9187,-9.6070,170.0278,0.008,0.000,1.000,0.0000,0.0000,0
2026-05-05,15:17:35,47569,1,7.9520,6.5395,0.0535,1.5721,2.0694,0,12.5202,994,1,6.8448,-6.9858,-54.3913,-13.7171,169.4202,0.000,0.000,1.000,0.0000,0.0000,0
2026-05-05,15:17:35,47602,1,7.9520,8.4539,0.0056,0.1643,2.0299,0,12.5202,994,1,7.8690,9.3047,-54.4681,-11.3401,169.3813,0.000,0.000,0.999,0.0000,0.0000,0
2026-05-05,15:17:35,47637,1,7.9520,7.9506,0.0132,0.3869,1.9536,0,12.5202,994,1,7.6611,-16.7841,-55.3045,-22.0307,169.5612,0.000,0.000,1.000,0.0000,0.0000,0
2026-05-05,15:17:35,47672,1,7.9920,7.8900,0.0282,0.8287,1.8940,0,12.5202,999,1,8.1970,12.3718,-56.7106,-35.9341,153.9957,0.008,0.000,1.000,0.0000,0.0000,0
2026-05-05,15:17:35,47708,1,7.9920,8.0927,-0.0035,0.1022,1.8318,0,12.5202,999,1,7.2430,-33.0752,-57.7579,-35.3182,150.9064,0.000,0.000,0.997,0.0000,0.0000,0
2026-05-05,15:17:35,47743,1,7.9920,7.8524,0.0387,1.1378,1.7729,0,12.5202,999,1,6.1401,-32.9427,-59.4557,-47.0974,153.0312,0.032,0.000,1.000,0.0000,0.0000,0
2026-05-05,15:17:35,47779,1,7.9920,7.5890,0.0577,1.6980,1.7121,0,12.5202,999,1,4.4543,-60.1063,-61.9982,-74.0089,152.8576,0.024,0.000,0.999,0.0000,0.0000,0
2026-05-05,15:17:36,47815,1,7.9920,8.8890,0.1016,2.9868,1.6571,0,12.5202,999,1,-13.7439,-553.9152,-94.9695,-651.6940,137.5682,0.088,0.000,0.996,0.0000,0.0000,0
2026-05-05,15:17:36,47851,1,7.9920,7.0357,0.1405,4.1331,1.5927,0,12.5202,999,1,-17.0510,36.2825,-128.7746,-712.9384,99.0723,0.128,0.032,0.993,0.0000,0.0000,0
2026-05-05,15:17:36,47887,1,7.9920,8.7036,0.1342,3.9467,1.5352,0,12.5202,999,1,1.2831,352.0589,-104.1347,387.2627,60.2600,0.144,0.048,0.990,0.0000,0.0000,0
2026-05-05,15:17:36,47924,1,7.9920,8.2382,0.0655,1.9275,1.4690,0,12.5202,999,1,-4.3753,-169.0968,-49.3931,1193.8936,33.3811,0.112,0.016,0.986,0.0000,0.0000,0
2026-05-05,15:17:36,47959,1,7.9920,7.3551,0.1464,4.3063,1.4096,0,12.5202,999,1,-15.1330,-280.6402,-4.7824,1234.3009,39.9309,0.176,0.000,0.983,0.0000,0.0000,0
2026-05-05,15:17:36,47995,1,7.9920,7.8358,0.1493,4.3923,1.3503,0,12.5202,999,1,-21.6054,-92.3341,8.7833,665.8905,45.2878,0.240,0.000,0.980,0.0000,0.0000,0
2026-05-05,15:17:36,48030,1,7.9920,7.2045,0.2335,6.8665,1.2926,0,12.5202,999,1,-10.0404,361.3076,6.6571,237.8089,23.6524,0.280,0.000,0.977,0.0000,0.0000,0
2026-05-05,15:17:36,48066,1,7.9920,7.0662,0.3785,11.1331,1.2392,0,12.5202,999,1,-12.7994,-136.9888,23.0453,439.2335,8.6642,0.248,0.000,0.974,0.0000,0.0000,0
2026-05-05,15:17:36,48102,1,7.9920,8.5314,0.2981,8.7674,1.1776,0,12.5202,999,1,-4.4474,358.8175,27.8426,217.8531,17.1932,0.216,0.000,0.970,0.0000,0.0000,0
2026-05-05,15:17:36,48138,1,7.9920,8.1873,0.2986,8.7821,1.1142,0,12.5202,999,1,0.8360,25.0519,29.3190,164.2804,-5.0980,0.184,0.000,0.967,0.0000,0.0000,0
2026-05-05,15:17:36,48174,1,1.0640,7.1493,0.2175,6.3968,1.0538,0,12.5202,133,1,-3.9691,-68.3514,39.9674,253.8046,-2.3010,0.152,0.000,0.964,0.0000,0.0000,0
2026-05-05,15:17:36,48209,1,1.0640,0.7362,0.0880,2.5882,1.0371,0,12.5202,133,1,2.3303,158.1362,41.4659,123.9397,20.2295,0.120,0.000,0.961,0.0000,0.0000,0
2026-05-05,15:17:36,48244,1,1.0640,0.3120,0.1740,5.1183,1.0325,0,12.5202,133,1,0.5389,-138.4207,41.0415,54.3041,20.6896,0.088,0.000,0.958,0.0000,0.0000,0
2026-05-05,15:17:36,48279,1,0.0960,0.6646,0.2447,7.1968,1.0295,0,12.5202,12,1,-13.9340,-323.7537,45.5764,124.9392,3.9989,0.128,0.000,0.954,0.0000,0.0000,0
2026-05-05,15:17:36,48314,1,0.0000,0.2770,0.1536,4.5170,1.0257,0,12.5202,0,1,-5.3281,269.4350,49.8643,125.3394,2.3375,0.192,0.000,0.951,0.0000,0.0000,0
2026-05-05,15:17:36,48350,1,0.0000,0.3888,0.0895,2.6310,1.0226,0,12.5202,0,1,1.3723,109.3739,51.7143,81.8019,-5.4912,0.160,0.000,0.948,0.0000,0.0000,0
2026-05-05,15:17:36,48385,1,0.0000,0.1358,0.0686,2.0178,1.0209,0,12.5202,0,1,-5.4231,-183.9798,52.5020,49.4936,-31.0206,0.152,0.000,0.945,0.0000,0.0000,0
2026-05-05,15:17:36,48420,1,0.0000,-0.0540,0.0726,2.1354,1.0205,0,12.5202,0,1,-7.8559,-32.3770,53.4691,37.8999,-45.5034,0.216,0.000,0.942,0.0000,0.0000,0
2026-05-05,15:17:36,48455,1,0.0000,-0.1752,0.0934,2.7456,1.0214,0,12.5202,0,1,-3.2593,136.8262,53.0390,6.4483,-15.2153,0.232,0.000,0.938,0.0000,0.0000,0
2026-05-05,15:17:36,48491,1,0.0000,0.2489,0.0562,1.6539,1.0205,0,12.5202,0,1,4.1771,253.8010,51.8257,-12.1506,-15.5708,0.200,0.000,0.935,0.0000,0.0000,0
2026-05-05,15:17:36,48529,1,0.0000,0.1794,0.0025,0.0733,1.0175,0,12.5202,0,1,9.2395,219.1968,48.8145,-27.4850,-27.9659,0.176,0.000,0.942,0.0000,0.0000,0
2026-05-05,15:17:36,48565,1,0.0000,0.0376,0.0029,0.0840,1.0170,0,12.5202,0,1,15.4848,205.4320,47.7100,-20.5904,-48.5217,0.144,0.000,0.938,0.0000,0.0000,0
2026-05-05,15:17:36,48601,1,0.0000,-0.0206,0.0016,0.0467,1.0169,0,12.5202,0,1,21.4082,192.1110,47.0973,-10.4790,-65.7475,0.112,0.000,0.935,0.0000,0.0000,0
2026-05-05,15:17:36,48636,1,0.0000,0.0120,-0.0004,0.0111,1.0168,0,12.5202,0,1,26.3695,148.0056,48.4142,32.2837,-55.8100,0.080,0.000,0.932,0.0000,0.0000,0
2026-05-05,15:17:36,48672,1,0.0000,0.0043,0.0012,0.0362,1.0169,0,12.5202,0,1,27.2427,9.4557,53.9106,117.7679,-23.9990,0.048,0.000,0.929,0.0000,0.0000,0
2026-05-05,15:17:36,48707,1,0.0000,0.0030,0.0015,0.0449,1.0169,0,12.5202,0,1,28.7674,45.3007,61.2563,171.8989,7.0180,0.016,0.000,0.926,0.0000,0.0000,0
2026-05-05,15:17:36,48742,1,0.0000,0.0050,0.0009,0.0276,1.0169,0,12.5202,0,1,28.9774,-19.7580,64.8078,111.5631,0.2864,0.000,0.000,0.922,0.0000,0.0000,0
2026-05-05,15:17:36,48777,1,0.0000,-0.0094,0.0011,0.0319,1.0169,0,12.5202,0,1,25.1005,-141.9662,62.2749,-13.9005,-25.6422,0.000,0.000,0.919,0.0000,0.0000,0
2026-05-05,15:17:37,48812,1,0.0000,-0.0811,0.0111,0.3266,1.0172,0,12.5202,0,1,17.7498,-234.3085,56.7913,-105.1530,-49.4148,0.000,0.000,0.925,0.0000,0.0000,0
2026-05-05,15:17:37,48848,1,0.0000,-0.4052,0.0585,1.7215,1.0189,0,12.5202,0,1,5.3809,-365.1618,52.3772,-97.9941,-70.2906,0.032,0.000,0.957,0.0000,0.0000,0
2026-05-05,15:17:37,48884,1,0.0000,0.0259,0.0607,1.7854,1.0201,0,12.5202,0,0,-7.0114,-241.5812,56.7872,58.2032,-70.5657,0.096,0.000,0.954,0.0000,0.0000,0
2026-05-05,15:17:37,48919,1,0.0000,0.2076,0.0374,1.1003,1.0194,0,12.5202,0,0,1.7807,333.6153,62.4162,112.1562,-53.5749,0.160,0.000,0.950,0.0000,0.0000,0
2026-05-05,15:17:37,48954,1,0.0000,0.0189,0.0334,0.9826,1.0186,0,12.5202,0,0,18.1620,453.6629,62.7866,30.4995,-25.8812,0.128,0.000,0.982,0.0000,0.0000,0
2026-05-05,15:17:37,48990,1,0.0000,0.0036,0.0355,1.0446,1.0187,0,12.5202,0,0,28.5890,263.9391,60.3448,-42.3123,2.1329,0.096,0.000,1.000,0.0000,0.0000,0
2026-05-05,15:17:37,49025,1,0.0000,0.0228,0.0314,0.9238,1.0186,0,12.5202,0,0,31.0502,46.2483,58.9856,-40.3974,14.0733,0.064,0.000,1.000,0.0000,0.0000,0
2026-05-05,15:17:37,49060,1,0.0000,0.1123,0.0152,0.4461,1.0179,0,12.5202,0,0,29.4247,-56.8958,58.4107,-23.3737,-13.9829,0.032,0.000,1.000,0.0000,0.0000,0
2026-05-05,15:17:37,49095,1,0.0000,0.0146,0.0098,0.2877,1.0174,0,12.5202,0,0,26.8158,-82.4060,58.5940,-0.1131,-38.1511,0.000,0.000,0.997,0.0000,0.0000,0
2026-05-05,15:17:37,49131,1,0.0000,-0.0121,0.0104,0.3056,1.0174,0,12.5202,0,0,23.9715,-82.9976,60.3045,36.4920,-18.5326,0.000,0.000,1.000,0.0000,0.0000,0
2026-05-05,15:17:37,49166,1,0.0000,0.0002,0.0080,0.2366,1.0173,0,12.5202,0,0,22.5678,-32.4732,62.3411,50.6784,10.3640,0.000,0.000,0.997,0.0000,0.0000,0
2026-05-05,15:17:37,49201,1,0.0000,-0.0159,0.0075,0.2205,1.0172,0,12.5202,0,0,22.7026,0.5814,63.1224,30.5741,34.7276,0.000,0.000,0.994,0.0000,0.0000,0
2026-05-05,15:17:37,49236,1,0.0000,0.0020,0.0076,0.2238,1.0172,0,12.5202,0,0,21.9703,-28.8567,63.2872,14.5985,36.7658,0.000,0.000,0.990,0.0000,0.0000,0
2026-05-05,15:17:37,49271,1,0.0000,0.0036,0.0081,0.2369,1.0172,0,12.5202,0,0,20.6683,-37.5877,63.3907,7.1328,23.6424,0.000,0.000,0.996,0.0000,0.0000,0
2026-05-05,15:17:37,49306,1,0.0000,0.0072,0.0073,0.2140,1.0172,0,12.5202,0,0,19.9813,-22.4634,63.4018,2.7903,-6.3486,0.000,0.000,0.993,0.0000,0.0000,0
2026-05-05,15:17:37,49341,1,0.0000,-0.0782,0.0162,0.4753,1.0175,0,12.5202,0,0,16.2599,-127.9661,64.5606,26.1545,-30.4984,0.000,0.000,1.000,0.0000,0.0000,0
2026-05-05,15:17:37,49376,1,0.0000,-0.0842,0.0345,1.0138,1.0184,0,12.5202,0,0,4.6737,-333.6198,69.0404,91.1353,-47.3618,0.048,0.000,0.999,0.0000,0.0000,0
2026-05-05,15:17:37,49411,1,0.0000,-0.2675,0.0648,1.9072,1.0196,0,12.5202,0,0,-4.1448,-189.3014,73.1882,89.1225,-30.6595,0.112,0.000,0.996,0.0000,0.0000,0
2026-05-05,15:17:37,49446,1,0.0000,-0.0060,0.0728,2.1398,1.0207,0,12.5202,0,0,-3.0955,-31.4984,73.2217,53.3760,-21.4582,0.160,0.000,0.994,0.0000,0.0000,0
2026-05-05,15:17:37,49481,1,0.0000,0.0002,0.0727,2.1392,1.0206,0,12.5202,0,0,9.6490,330.8407,63.3997,-175.1471,0.6998,0.176,0.000,1.000,0.0000,0.0000,0
2026-05-05,15:17:37,49516,1,0.0000,-0.0001,0.0707,2.0798,1.0206,0,12.5202,0,0,14.3830,107.2855,54.0314,-235.6674,2.2713,0.144,0.000,1.000,0.0000,0.0000,0
2026-05-05,15:17:37,49551,1,0.0000,-0.0132,0.0738,2.1692,1.0206,0,12.5202,0,0,11.6905,-41.7326,49.4816,-161.5548,-23.7544,0.112,0.000,1.000,0.0000,0.0000,0
2026-05-05,15:17:37,49586,1,0.0000,-0.0099,0.0725,2.1335,1.0206,0,12.5202,0,0,15.1174,157.3825,48.5658,-76.5040,-40.9876,0.080,0.000,1.000,0.0000,0.0000,0
2026-05-05,15:17:37,49621,1,0.0000,0.0058,0.0702,2.0658,1.0206,0,12.5202,0,0,22.8114,226.2896,47.6879,-48.4570,-45.5407,0.048,0.000,1.000,0.0000,0.0000,0
2026-05-05,15:17:37,49656,1,0.0000,0.0007,0.0695,2.0441,1.0206,0,12.5202,0,0,28.0142,148.5782,46.6098,-40.5299,-12.6806,0.016,0.000,1.000,0.0000,0.0000,0
2026-05-05,15:17:37,49691,1,0.0000,0.1082,0.0559,1.6442,1.0201,0,12.5202,0,0,30.5026,82.9103,45.3607,-41.0675,14.9976,0.000,0.000,1.000,0.0000,0.0000,0
2026-05-05,15:17:37,49726,1,0.0000,0.1119,0.0370,1.0869,1.0190,0,12.5202,0,0,32.7560,77.0432,44.1543,-38.2869,5.2135,0.000,0.000,1.000,0.0000,0.0000,0
2026-05-05,15:17:37,49761,1,0.0000,0.0150,0.0382,1.1237,1.0189,0,12.5202,0,0,34.6777,57.9050,43.2145,-32.3181,-9.1981,0.000,0.000,1.000,0.0000,0.0000,0
2026-05-05,15:17:37,49796,1,0.0000,-0.0019,0.0396,1.1657,1.0190,0,12.5202,0,0,35.8990,41.5175,42.8724,-18.2189,-33.8820,0.000,0.000,1.000,0.0000,0.0000,0
2026-05-05,15:17:38,49831,1,0.0000,-0.0113,0.0411,1.2076,1.0190,0,12.5202,0,0,36.9639,35.7952,43.3155,0.4994,-53.8118,0.000,0.000,1.000,0.0000,0.0000,0
2026-05-05,15:17:38,49866,1,0.0000,0.0035,0.0402,1.1813,1.0190,0,12.5202,0,0,37.7118,26.3972,44.0065,10.3356,-70.7030,0.000,0.000,1.000,0.0000,0.0000,0
2026-05-05,15:17:38,49901,1,0.0000,0.0103,0.0418,1.2286,1.0190,0,12.5202,0,0,38.4435,27.1241,44.7095,12.7733,-31.8462,0.000,0.000,1.000,0.0000,0.0000,0
2026-05-05,15:17:38,49936,1,0.0000,0.0038,0.0395,1.1604,1.0190,0,12.5202,0,0,39.5420,36.3910,44.4813,-6.4560,-0.2695,0.000,0.000,1.000,0.0000,0.0000,0
2026-05-05,15:17:38,49971,1,0.0000,0.0007,0.0398,1.1708,1.0190,0,12.5202,0,0,40.6226,33.4858,42.9037,-36.8837,25.4134,0.000,0.000,1.000,0.0000,0.0000,0
2026-05-05,15:17:38,50006,1,0.0000,-0.0000,0.0412,1.2129,1.0190,0,12.5202,0,0,41.5690,30.1647,41.1551,-47.1588,47.8817,0.000,0.000,1.000,0.0000,0.0000,0
2026-05-05,15:17:38,50041,1,0.0000,0.0099,0.0402,1.1813,1.0190,0,12.5202,0,0,42.3307,24.9401,39.8808,-43.1554,67.2907,0.000,0.000,1.000,0.0000,0.0000,0
2026-05-05,15:17:38,50076,1,0.0000,-0.0014,0.0402,1.1813,1.0190,0,12.5202,0,0,43.1161,24.9970,38.7562,-38.4680,83.9768,0.000,0.000,1.000,0.0000,0.0000,0
2026-05-05,15:17:38,50111,1,0.0000,-0.0060,0.0398,1.1708,1.0190,0,12.5202,0,0,43.7098,17.3671,38.1465,-25.4944,51.1747,0.000,0.000,1.000,0.0000,0.0000,0
2026-05-05,15:17:38,50146,1,0.0000,-0.0080,0.0402,1.1814,1.0190,0,12.5202,0,0,43.9790,9.1245,38.1955,-9.7283,38.6146,0.000,0.000,1.000,0.0000,0.0000,0
2026-05-05,15:17:38,50181,1,0.0000,0.0024,0.0398,1.1708,1.0190,0,12.5202,0,0,44.4099,17.2389,38.0425,-10.2397,59.6138,0.000,0.000,1.000,0.0000,0.0000,0
2026-05-05,15:17:38,50217,1,0.0000,0.0658,0.0304,0.8953,1.0187,0,12.5202,0,0,45.9768,50.9510,37.1356,-24.1676,76.4533,0.000,0.000,1.000,0.0000,0.0000,0
2026-05-05,15:17:38,50253,1,0.0000,0.0599,0.0228,0.6696,1.0182,0,12.5202,0,0,48.6552,75.1863,36.4188,-22.6749,91.2713,0.000,0.000,1.000,0.0000,0.0000,0
2026-05-05,15:17:38,50288,1,0.0000,0.0334,0.0166,0.4893,1.0178,0,12.5202,0,0,51.2645,64.2805,36.1288,-14.1075,103.8862,0.000,0.000,1.000,0.0000,0.0000,0
2026-05-05,15:17:38,50324,1,0.0000,-0.0035,0.0174,0.5115,1.0177,0,12.5202,0,0,52.4466,12.9598,36.2384,-2.9471,114.6148,0.000,0.000,1.000,0.0000,0.0000,0
2026-05-05,15:17:38,50362,1,0.0000,0.0050,0.0172,0.5069,1.0177,0,12.5202,0,0,52.6850,-29.9895,36.6870,4.3409,119.5248,0.000,0.000,1.000,0.0000,0.0000,0
2026-05-05,15:17:38,50398,1,0.0000,0.0033,0.0171,0.5042,1.0177,0,12.5202,0,0,49.5475,-91.2429,37.6437,20.7580,128.1220,0.000,0.000,1.000,0.0000,0.0000,0
2026-05-05,15:17:38,50433,1,0.0000,0.0005,0.0157,0.4616,1.0177,0,12.5202,0,0,47.2386,-71.0204,38.8052,30.8877,135.3679,0.000,0.000,1.000,0.0000,0.0000,0
2026-05-05,15:17:38,50468,1,0.0000,-0.0091,0.0149,0.4389,1.0176,0,12.5202,0,0,45.3405,-64.1449,40.0875,36.6673,141.9003,0.000,0.000,1.000,0.0000,0.0000,0
2026-05-05,15:17:38,50503,1,0.0000,-0.0041,0.0157,0.4615,1.0176,0,12.5202,0,0,43.2892,-67.1680,41.8619,47.7767,101.0376,0.000,0.000,1.000,0.0000,0.0000,0
2026-05-05,15:17:38,50538,1,0.0000,-0.0005,0.0155,0.4565,1.0176,0,12.5202,0,0,40.8699,-80.3230,44.5737,68.5334,62.0180,0.000,0.000,1.000,0.0000,0.0000,0
2026-05-05,15:17:38,50573,1,0.0000,-0.0766,0.0241,0.7075,1.0180,0,12.5202,0,0,36.4536,-140.3239,49.7476,120.1513,32.9597,0.000,0.000,1.000,0.0000,0.0000,0
2026-05-05,15:17:38,50608,1,0.0000,-0.0744,0.0350,1.0287,1.0185,0,12.5202,0,0,31.5102,-136.2470,57.0329,164.3412,17.5854,0.048,0.000,1.000,0.0000,0.0000,0
2026-05-05,15:17:38,50643,1,0.0000,-0.0377,0.0441,1.2968,1.0191,0,12.5202,0,0,29.9196,-48.7157,60.3497,88.0252,44.5374,0.112,0.000,1.000,0.0000,0.0000,0
2026-05-05,15:17:38,50678,1,0.0000,0.0296,0.0382,1.1237,1.0189,0,12.5202,0,0,30.1188,4.4698,55.0691,-98.0943,60.5228,0.176,0.000,1.000,0.0000,0.0000,0
2026-05-05,15:17:38,50713,1,0.0000,-0.0059,0.0373,1.0969,1.0188,0,12.5202,0,0,32.2673,62.7568,44.7810,-244.6396,74.1940,0.240,0.000,1.000,0.0000,0.0000,0
2026-05-05,15:17:38,50749,1,0.0000,0.0056,0.0363,1.0674,1.0188,0,12.5202,0,0,32.9339,7.5094,34.8931,-285.6055,87.6294,0.208,0.000,1.000,0.0000,0.0000,0
2026-05-05,15:17:38,50784,1,0.0000,-0.0022,0.0384,1.1291,1.0188,0,12.5202,0,0,32.3903,-11.5828,26.0793,-275.2640,86.1711,0.176,0.000,1.000,0.0000,0.0000,0
2026-05-05,15:17:39,50819,1,0.0000,0.0382,0.0343,1.0085,1.0187,0,12.5202,0,0,32.8870,17.2096,19.8429,-219.3414,53.5276,0.144,0.000,1.000,0.0000,0.0000,0
2026-05-05,15:17:39,50854,1,0.0000,0.0059,0.0309,0.9093,1.0185,0,12.5202,0,0,33.7108,20.4818,15.5064,-165.0649,71.0367,0.112,0.000,1.000,0.0000,0.0000,0
2026-05-05,15:17:39,50889,1,0.0000,0.0047,0.0315,0.9268,1.0185,0,12.5202,0,0,34.1697,8.8146,12.1991,-125.2899,86.0202,0.080,0.000,1.000,0.0000,0.0000,0
2026-05-05,15:17:39,50924,1,0.0000,-0.0019,0.0324,0.9538,1.0185,0,12.5202,0,0,34.5325,5.6072,9.8660,-91.5968,98.7193,0.048,0.000,1.000,0.0000,0.0000,0
2026-05-05,15:17:39,50959,1,0.0000,0.0201,0.0267,0.7846,1.0183,0,12.5202,0,0,34.7727,0.2784,8.2661,-64.9491,109.5896,0.016,0.000,1.000,0.0000,0.0000,0
2026-05-05,15:17:39,50994,1,0.0000,0.0355,0.0215,0.6323,1.0181,0,12.5202,0,0,34.6068,-12.1947,6.9208,-50.7150,118.9085,0.000,0.000,1.000,0.0000,0.0000,0
2026-05-05,15:17:39,51029,1,0.0000,0.0030,0.0229,0.6737,1.0181,0,12.5202,0,0,33.9238,-28.3144,5.8338,-40.0526,127.0035,0.000,0.000,1.000,0.0000,0.0000,0
2026-05-05,15:17:39,51064,1,0.0000,0.0204,0.0201,0.5914,1.0180,0,12.5202,0,0,32.6595,-43.0729,4.9270,-33.7969,133.7588,0.000,0.000,1.000,0.0000,0.0000,0
2026-05-05,15:17:39,51099,1,0.0000,0.0072,0.0202,0.5946,1.0179,0,12.5202,0,0,31.2190,-47.6703,4.5246,-20.0686,139.5274,0.000,0.000,1.000,0.0000,0.0000,0
2026-05-05,15:17:39,51135,1,0.0000,0.0216,0.0173,0.5097,1.0178,0,12.5202,0,0,30.0662,-37.9375,4.5414,-8.2366,144.4588,0.000,0.000,1.000,0.0000,0.0000,0
2026-05-05,15:17:39,51170,1,0.0000,0.0216,0.0158,0.4644,1.0177,0,12.5202,0,0,29.2688,-27.3878,4.3054,-9.2791,148.4205,0.000,0.000,1.000,0.0000,0.0000,0
2026-05-05,15:17:39,51205,1,0.0000,-0.0033,0.0154,0.4541,1.0177,0,12.5202,0,0,28.5968,-25.5830,3.6984,-16.1850,151.7433,0.000,0.000,1.000,0.0000,0.0000,0
2026-05-05,15:17:39,51241,1,0.0000,-0.0157,0.0160,0.4691,1.0176,0,12.5202,0,0,27.8334,-28.6979,2.9609,-21.0683,154.6132,0.000,0.000,1.000,0.0000,0.0000,0
2026-05-05,15:17:39,51279,1,0.0000,-0.0018,0.0142,0.4165,1.0175,0,12.5202,0,0,27.7278,-23.4537,2.6776,-17.5655,155.8824,0.000,0.000,1.000,0.0000,0.0000,0
2026-05-05,15:17:39,51315,1,0.0000,0.0081,0.0107,0.3155,1.0174,0,12.5202,0,0,26.8883,-28.9280,1.9858,-20.9176,158.2360,0.000,0.000,1.000,0.0000,0.0000,0
2026-05-05,15:17:39,51350,1,0.0000,0.0140,0.0090,0.2661,1.0173,0,12.5202,0,0,26.0984,-29.0380,1.2057,-23.7411,160.2635,0.000,0.000,0.998,0.0000,0.0000,0
2026-05-05,15:17:39,51385,1,0.0000,0.0223,0.0051,0.1485,1.0172,0,12.5202,0,0,25.3063,-28.2525,0.3177,-26.2605,161.9301,0.000,0.000,0.994,0.0000,0.0000,0
2026-05-05,15:17:39,51420,1,0.0000,0.0102,0.0054,0.1581,1.0171,0,12.5202,0,0,24.4895,-29.6887,-0.8879,-35.8329,163.3272,0.000,0.000,0.991,0.0000,0.0000,0
2026-05-05,15:17:39,51455,1,0.0000,-0.0024,0.0050,0.1470,1.0171,0,12.5202,0,0,23.5957,-32.3492,-2.2278,-40.7329,164.5852,0.000,0.000,0.988,0.0000,0.0000,0
2026-05-05,15:17:39,51490,1,0.0000,0.0047,0.0057,0.1677,1.0171,0,12.5202,0,0,22.5987,-34.3717,-3.1402,-33.5463,165.6333,0.000,0.000,0.985,0.0000,0.0000,0
2026-05-05,15:17:39,51525,1,0.0000,0.0044,0.0046,0.1347,1.0171,0,12.5202,0,0,21.6151,-33.1373,-4.2401,-35.0309,166.5225,0.000,0.000,0.982,0.0000,0.0000,0
2026-05-05,15:17:39,51560,1,0.0000,0.0153,0.0046,0.1348,1.0170,0,12.5202,0,0,20.6912,-31.1166,-5.7539,-44.5828,167.2605,0.000,0.000,0.978,0.0000,0.0000,0
2026-05-05,15:17:39,51595,1,0.0000,-0.0042,0.0050,0.1457,1.0170,0,12.5202,0,0,19.8545,-27.7241,-7.4814,-51.2624,167.8921,0.000,0.000,0.975,0.0000,0.0000,0
2026-05-05,15:17:39,51630,1,0.0000,0.0007,0.0040,0.1180,1.0170,0,12.5202,0,0,19.1327,-24.3323,-9.2073,-51.9039,168.4582,0.000,0.000,0.972,0.0000,0.0000,0
2026-05-05,15:17:39,51665,1,0.0000,0.0012,0.0027,0.0796,1.0170,0,12.5202,0,0,18.5604,-19.2470,-10.4915,-44.6946,168.9391,0.000,0.000,0.969,0.0000,0.0000,0
2026-05-05,15:17:39,51700,1,0.0000,0.0054,0.0042,0.1240,1.0170,0,12.5202,0,0,18.0004,-18.8133,-10.9070,-22.4683,169.3495,0.000,0.000,0.966,0.0000,0.0000,0
2026-05-05,15:17:39,51735,1,0.0000,0.0017,0.0044,0.1301,1.0170,0,12.5202,0,0,17.5677,-15.1570,-10.6441,-1.9448,169.6711,0.000,0.000,0.962,0.0000,0.0000,0
2026-05-05,15:17:39,51770,1,0.0000,-0.0041,0.0052,0.1529,1.0170,0,12.5202,0,0,17.1694,-13.7831,-10.3392,5.8506,169.9287,0.000,0.000,0.959,0.0000,0.0000,0
2026-05-05,15:17:39,51805,1,0.0000,-0.0068,0.0050,0.1470,1.0170,0,12.5202,0,0,16.8231,-12.3052,-10.3846,-0.3725,170.1757,0.000,0.000,0.956,0.0000,0.0000,0
2026-05-05,15:17:40,51840,1,0.0000,-0.0024,0.0043,0.1264,1.0170,0,12.5202,0,0,16.5693,-10.1717,-10.4195,-0.8242,170.3703,0.000,0.000,0.953,0.0000,0.0000,0
2026-05-05,15:17:40,51875,1,0.0000,-0.0036,0.0047,0.1397,1.0170,0,12.5202,0,0,16.2681,-11.6242,-10.2723,3.2078,170.5383,0.000,0.000,0.950,0.0000,0.0000,0
2026-05-05,15:17:40,51910,1,0.0000,0.0283,0.0016,0.0468,1.0169,0,12.5202,0,0,15.7940,-16.6610,-11.9243,-40.3822,170.7090,0.000,0.000,0.946,0.0000,0.0000,0
2026-05-05,15:17:40,51945,1,0.0000,0.0009,0.0018,0.0522,1.0169,0,12.5202,0,0,15.2654,-16.6006,-14.6355,-66.8945,170.8038,0.000,0.000,0.943,0.0000,0.0000,0
2026-05-05,15:17:40,51980,1,0.0000,0.0067,0.0009,0.0257,1.0169,0,12.5202,0,0,14.8125,-14.6849,-17.1781,-75.5579,170.9215,0.000,0.000,0.940,0.0000,0.0000,0
2026-05-05,15:17:40,52015,1,0.0000,0.0039,0.0021,0.0620,1.0169,0,12.5202,0,0,14.4278,-13.0186,-18.9876,-61.2885,171.0213,0.000,0.000,0.937,0.0000,0.0000,0
2026-05-05,15:17:40,52050,1,0.0000,0.0029,0.0016,0.0467,1.0169,0,12.5202,0,0,14.0877,-10.4058,-19.9153,-40.8231,171.1046,0.000,0.000,0.934,0.0000,0.0000,0
2026-05-05,15:17:40,52085,1,0.0000,0.0071,0.0007,0.0199,1.0169,0,12.5202,0,0,13.7984,-9.5524,-20.6210,-28.6288,171.1654,0.000,0.000,0.930,0.0000,0.0000,0
2026-05-05,15:17:40,52120,1,0.0000,-0.0088,-0.0001,0.0037,1.0169,0,12.5202,0,0,13.5472,-7.8900,-20.7018,-11.2412,171.2227,0.000,0.000,0.927,0.0000,0.0000,0
2026-05-05,15:17:40,52155,1,0.0000,0.0034,0.0003,0.0086,1.0169,0,12.5202,0,0,13.3289,-7.2861,-20.3984,1.0404,171.2791,0.000,0.000,0.924,0.0000,0.0000,0
2026-05-05,15:17:40,52193,1,0.0000,0.0085,0.0009,0.0268,1.0168,0,12.5202,0,0,13.2257,-5.4194,-20.1571,5.1034,171.2688,0.000,0.000,0.922,0.0000,0.0000,0
2026-05-05,15:17:40,52228,1,0.0000,0.0079,0.0003,0.0095,1.0168,0,12.5202,0,0,13.0407,-5.7152,-19.5628,14.1618,171.3261,0.000,0.000,0.918,0.0000,0.0000,0
2026-05-05,15:17:40,52264,1,0.0000,0.0073,0.0008,0.0233,1.0168,0,12.5202,0,0,12.8806,-5.1746,-19.5701,1.9224,171.3564,0.000,0.000,0.915,0.0000,0.0000,0
2026-05-05,15:17:40,52299,1,0.0000,0.0003,0.0010,0.0294,1.0169,0,12.5202,0,0,12.7644,-4.3877,-19.7588,-3.7267,171.3807,0.000,0.000,0.912,0.0000,0.0000,0
2026-05-05,15:17:40,52334,1,0.0000,-0.0079,0.0007,0.0216,1.0169,0,12.5202,0,0,12.6535,-3.4731,-21.2632,-35.1901,171.4078,0.000,0.000,0.909,0.0000,0.0000,0
2026-05-05,15:17:40,52370,1,0.0000,-0.0186,0.0003,0.0086,1.0168,0,12.5202,0,0,12.5274,-3.7785,-22.6791,-40.3759,171.4321,0.000,0.000,0.906,0.0000,0.0000,0
2026-05-05,15:17:40,52405,1,0.0000,0.0038,0.0009,0.0268,1.0168,0,12.5202,0,0,12.4424,-3.3947,-24.1251,-46.2882,171.4311,0.000,0.000,0.902,0.0000,0.0000,0
2026-05-05,15:17:40,52440,1,0.0000,-0.0035,0.0009,0.0268,1.0168,0,12.5202,0,0,12.3215,-4.0413,-26.5388,-65.5482,171.4741,0.000,0.000,0.899,0.0000,0.0000,0
2026-05-05,15:17:40,52476,1,0.0000,0.0105,-0.0001,0.0024,1.0168,0,12.5202,0,0,12.2478,-2.3793,-27.6518,-43.7506,171.4877,0.000,0.000,0.896,0.0000,0.0000,0
2026-05-05,15:17:40,52511,1,0.0000,0.0073,-0.0003,0.0103,1.0168,0,12.5202,0,0,12.1781,-2.3640,-28.0933,-24.2468,171.5022,0.000,0.000,0.893,0.0000,0.0000,0
2026-05-05,15:17:40,52546,1,0.0000,0.0071,-0.0014,0.0402,1.0168,0,12.5202,0,0,12.1270,-1.9767,-27.5114,5.5233,171.5196,0.000,0.000,0.890,0.0000,0.0000,0
2026-05-05,15:17:40,52581,1,0.0000,-0.0043,-0.0011,0.0309,1.0168,0,12.5202,0,0,12.0794,-1.0892,-26.8484,15.0958,171.5489,0.000,0.000,0.886,0.0000,0.0000,0
2026-05-05,15:17:40,52616,1,0.0000,-0.0003,0.0009,0.0276,1.0168,0,12.5202,0,0,12.0437,-1.1298,-25.9537,25.2466,171.5488,0.000,0.000,0.883,0.0000,0.0000,0
2026-05-05,15:17:40,52651,1,0.0000,-0.0044,0.0000,0.0000,1.0168,0,12.5202,0,0,12.0055,-1.4073,-24.8959,29.6982,171.5577,0.000,0.000,0.880,0.0000,0.0000,0
2026-05-05,15:17:40,52686,1,0.0000,-0.0072,0.0009,0.0268,1.0168,0,12.5202,0,0,11.9783,-0.8143,-24.6185,15.4412,171.5435,0.000,0.000,0.877,0.0000,0.0000,0
2026-05-05,15:17:40,52721,1,0.0000,-0.0051,0.0007,0.0206,1.0168,0,12.5202,0,0,11.9392,-1.4548,-24.3028,9.4342,171.5363,0.000,0.000,0.874,0.0000,0.0000,0
2026-05-05,15:17:40,52756,1,0.0000,0.0098,0.0005,0.0150,1.0168,0,12.5202,0,0,11.9084,-1.1644,-25.2475,-18.5025,171.5511,0.000,0.000,0.870,0.0000,0.0000,0
2026-05-05,15:17:40,52791,1,0.0000,0.0013,-0.0004,0.0119,1.0168,0,12.5202,0,0,11.8955,-0.8391,-26.9142,-38.5474,171.5459,0.000,0.000,0.867,0.0000,0.0000,0
2026-05-05,15:17:41,52826,1,0.0000,-0.0132,0.0006,0.0173,1.0168,0,12.5202,0,0,11.8616,-1.4602,-27.6031,-29.4315,171.5470,0.000,0.000,0.864,0.0000,0.0000,0
2026-05-05,15:17:41,52861,1,0.0000,0.0094,-0.0004,0.0110,1.0168,0,12.5202,0,0,11.8324,-0.5778,-26.6131,14.9740,171.5628,0.000,0.000,0.861,0.0000,0.0000,0
2026-05-05,15:17:41,52896,1,0.0000,0.0047,0.0005,0.0134,1.0168,0,12.5202,0,0,11.8169,-0.7868,-24.3232,50.7916,171.5441,0.000,0.000,0.858,0.0000,0.0000,0
2026-05-05,15:17:41,52931,1,0.0000,0.0081,-0.0007,0.0221,1.0168,0,12.5202,0,0,11.8077,-0.1789,-24.0079,19.8761,171.5401,0.000,0.000,0.854,0.0000,0.0000,0
2026-05-05,15:17:41,52966,1,0.0000,-0.0158,0.0005,0.0137,1.0168,0,12.5202,0,0,11.7893,-0.7016,-24.3445,-2.6747,171.5365,0.000,0.000,0.851,0.0000,0.0000,0
2026-05-05,15:17:41,53001,1,0.0000,-0.0061,0.0002,0.0058,1.0168,0,12.5202,0,0,11.7856,0.0112,-25.3648,-20.0780,171.5312,0.000,0.000,0.848,0.0000,0.0000,0
2026-05-05,15:17:41,53036,1,0.0000,-0.0017,0.0003,0.0103,1.0168,0,12.5202,0,0,11.7690,-0.9979,-24.9614,2.4331,171.5398,0.000,0.000,0.845,0.0000,0.0000,0
2026-05-05,15:17:41,53071,1,0.0000,0.0035,0.0009,0.0276,1.0168,0,12.5202,0,0,11.7425,-0.8139,-24.6794,3.3499,171.5482,0.000,0.000,0.842,0.0000,0.0000,0
2026-05-05,15:17:41,53109,1,0.0000,0.0018,-0.0003,0.0078,1.0168,0,12.5202,0,0,11.7415,-0.3900,-24.8256,-0.8115,171.5147,0.000,0.000,0.839,0.0000,0.0000,0
2026-05-05,15:17:41,53145,1,0.0000,-0.0034,-0.0000,0.0008,1.0168,0,12.5202,0,0,11.7194,-0.7293,-24.9649,-4.2703,171.5119,0.000,0.000,0.836,0.0000,0.0000,0
2026-05-05,15:17:41,53181,1,0.0000,-0.0081,-0.0004,0.0120,1.0168,0,12.5202,0,0,11.7215,0.2347,-25.5392,-15.7811,171.5333,0.000,0.000,0.833,0.0000,0.0000,0
2026-05-05,15:17:41,53216,1,0.0000,0.0085,0.0009,0.0260,1.0168,0,12.5202,0,0,11.7036,0.0377,-26.9718,-35.4189,171.5206,0.000,0.000,0.830,0.0000,0.0000,0
2026-05-05,15:17:41,53251,1,0.0000,-0.0026,0.0006,0.0181,1.0168,0,12.5202,0,0,11.7242,0.3196,-27.1008,-9.0043,171.5277,0.000,0.000,0.826,0.0000,0.0000,0
2026-05-05,15:17:41,53287,1,0.0000,-0.0082,0.0009,0.0259,1.0168,0,12.5202,0,0,11.7039,-0.7317,-25.0046,39.9871,171.5335,0.000,0.000,0.823,0.0000,0.0000,0
2026-05-05,15:17:41,53322,1,0.0000,-0.0074,0.0012,0.0354,1.0168,0,12.5202,0,0,11.6936,-0.5737,-23.2317,47.8047,171.5301,0.000,0.000,0.820,0.0000,0.0000,0
2026-05-05,15:17:41,53357,1,0.0000,-0.0060,-0.0003,0.0095,1.0168,0,12.5202,0,0,11.6740,-0.4930,-23.2291,14.2606,171.5192,0.000,0.000,0.817,0.0000,0.0000,0
2026-05-05,15:17:41,53393,1,0.0000,-0.0065,-0.0006,0.0173,1.0168,0,12.5202,0,0,11.6512,-0.7000,-23.5611,-0.0467,171.5017,0.000,0.000,0.814,0.0000,0.0000,0
2026-05-05,15:17:41,53428,1,0.0000,0.0028,0.0003,0.0103,1.0168,0,12.5202,0,0,11.6586,0.4947,-24.4605,-19.2080,171.4932,0.000,0.000,0.810,0.0000,0.0000,0
2026-05-05,15:17:41,53463,1,0.0000,-0.0001,-0.0008,0.0222,1.0168,0,12.5202,0,0,11.6529,-0.2923,-25.3004,-23.8497,171.4818,0.000,0.000,0.807,0.0000,0.0000,0
2026-05-05,15:17:41,53498,1,0.0000,0.0059,-0.0001,0.0024,1.0168,0,12.5202,0,0,11.6530,-0.1154,-25.4345,-8.9160,171.4985,0.000,0.000,0.804,0.0000,0.0000,0
2026-05-05,15:17:41,53533,1,0.0000,-0.0101,-0.0014,0.0404,1.0168,0,12.5202,0,0,11.6303,-0.9025,-24.8479,9.5304,171.4919,0.000,0.000,0.801,0.0000,0.0000,0
2026-05-05,15:17:41,53568,1,0.0000,-0.0052,-0.0001,0.0016,1.0168,0,12.5202,0,0,11.6329,0.3409,-23.8123,29.3939,171.4941,0.000,0.000,0.798,0.0000,0.0000,0
2026-05-05,15:17:41,53603,1,0.0000,-0.0021,0.0009,0.0260,1.0168,0,12.5202,0,0,11.6131,-0.1926,-23.1675,19.3271,171.5000,0.000,0.000,0.794,0.0000,0.0000,0
2026-05-05,15:17:41,53638,1,0.0000,0.0007,0.0009,0.0260,1.0168,0,12.5202,0,0,11.6062,-0.3678,-23.9550,-13.3654,171.5041,0.000,0.000,0.791,0.0000,0.0000,0
2026-05-05,15:17:41,53673,1,0.0000,-0.0078,-0.0000,0.0008,1.0168,0,12.5202,0,0,11.6002,-0.0744,-24.3690,-8.6612,171.4951,0.000,0.000,0.788,0.0000,0.0000,0
2026-05-05,15:17:41,53708,1,0.0000,0.0016,-0.0010,0.0300,1.0168,0,12.5202,0,0,11.5824,-0.3680,-23.1049,23.8918,171.5005,0.000,0.000,0.785,0.0000,0.0000,0
2026-05-05,15:17:41,53743,1,0.0000,0.0018,0.0003,0.0095,1.0168,0,12.5202,0,0,11.5545,-0.8788,-22.6618,12.0227,171.4946,0.000,0.000,0.782,0.0000,0.0000,0
2026-05-05,15:17:41,53778,1,0.0000,0.0073,0.0010,0.0292,1.0168,0,12.5202,0,0,11.5534,0.0062,-23.4444,-10.2928,171.4966,0.000,0.000,0.778,0.0000,0.0000,0
2026-05-05,15:17:42,53813,1,0.0000,-0.0003,0.0009,0.0276,1.0168,0,12.5202,0,0,11.5233,-0.7052,-25.0062,-39.3651,171.4879,0.000,0.000,0.775,0.0000,0.0000,0
2026-05-05,15:17:42,53849,1,0.0000,-0.0061,-0.0001,0.0025,1.0168,0,12.5202,0,0,11.5180,-0.2127,-26.9152,-49.0867,171.4995,0.000,0.000,0.772,0.0000,0.0000,0
2026-05-05,15:17:42,53885,1,0.0000,0.0049,0.0000,0.0000,1.0168,0,12.5202,0,0,11.5266,0.0946,-27.0072,-18.8240,171.5110,0.000,0.000,0.769,0.0000,0.0000,0
2026-05-05,15:17:42,53921,1,0.0000,-0.0015,0.0006,0.0189,1.0168,0,12.5202,0,0,11.5232,-0.3750,-26.9464,-5.3722,171.5319,0.000,0.000,0.766,0.0000,0.0000,0
2026-05-05,15:17:42,53956,1,0.0000,0.0099,0.0006,0.0189,1.0168,0,12.5202,0,0,11.5003,-0.9562,-27.0333,-5.3777,171.5221,0.000,0.000,0.762,0.0000,0.0000,0
2026-05-05,15:17:42,53991,1,0.0000,0.0068,0.0003,0.0103,1.0168,0,12.5202,0,0,11.4834,-0.7116,-27.8800,-17.5501,171.5249,0.000,0.000,0.759,0.0000,0.0000,0
2026-05-05,15:17:42,54029,1,0.0000,0.0059,0.0004,0.0126,1.0168,0,12.5202,0,0,11.4849,-0.3132,-28.0891,-15.7978,171.5059,0.000,0.000,0.757,0.0000,0.0000,0
2026-05-05,15:17:42,54065,1,0.0000,-0.0120,0.0004,0.0111,1.0168,0,12.5202,0,0,11.4790,0.0602,-28.3898,-11.2810,171.5161,0.000,0.000,0.754,0.0000,0.0000,0
2026-05-05,15:17:42,54100,1,0.0000,-0.0015,-0.0001,0.0032,1.0168,0,12.5202,0,0,11.4757,-0.1057,-28.3707,-2.7393,171.5216,0.000,0.000,0.750,0.0000,0.0000,0
2026-05-05,15:17:42,54135,1,0.0000,0.0045,-0.0000,0.0008,1.0168,0,12.5202,0,0,11.4474,-1.0268,-27.2474,22.6325,171.5394,0.000,0.000,0.747,0.0000,0.0000,0
2026-05-05,15:17:42,54170,1,0.0000,-0.0057,0.0003,0.0087,1.0168,0,12.5202,0,0,11.4499,0.3396,-26.2362,30.8811,171.5412,0.000,0.000,0.744,0.0000,0.0000,0
2026-05-05,15:17:42,54206,1,0.0000,-0.0005,-0.0009,0.0268,1.0168,0,12.5202,0,0,11.4426,0.1098,-24.5248,44.9289,171.5361,0.000,0.000,0.741,0.0000,0.0000,0
2026-05-05,15:17:42,54241,1,0.0000,-0.0039,0.0019,0.0552,1.0168,0,12.5202,0,0,11.4331,-0.0168,-23.4453,34.1339,171.5487,0.000,0.000,0.738,0.0000,0.0000,0
2026-05-05,15:17:42,54276,1,0.0000,-0.0029,0.0006,0.0190,1.0168,0,12.5202,0,0,11.4429,0.1100,-23.4123,14.2689,171.5216,0.000,0.000,0.734,0.0000,0.0000,0
2026-05-05,15:17:42,54312,1,0.0000,0.0029,-0.0005,0.0135,1.0168,0,12.5202,0,0,11.4190,-1.4174,-21.9399,36.3347,171.5162,0.000,0.000,0.731,0.0000,0.0000,0
2026-05-05,15:17:42,54347,1,0.0000,-0.0016,0.0009,0.0268,1.0168,0,12.5202,0,0,11.4016,-0.6897,-21.5996,15.8988,171.5213,0.000,0.000,0.728,0.0000,0.0000,0
2026-05-05,15:17:42,54382,1,0.0000,-0.0026,-0.0001,0.0033,1.0168,0,12.5202,0,0,11.3873,-0.6030,-22.5204,-12.1113,171.4937,0.000,0.000,0.725,0.0000,0.0000,0
2026-05-05,15:17:42,54418,1,0.0000,0.0113,0.0009,0.0276,1.0168,0,12.5202,0,0,11.3639,-0.9953,-24.3031,-43.0600,171.5016,0.000,0.000,0.722,0.0000,0.0000,0
2026-05-05,15:17:42,54453,1,0.0000,0.0023,-0.0003,0.0087,1.0168,0,12.5202,0,0,11.3584,-0.2753,-25.6916,-41.5080,171.5102,0.000,0.000,0.718,0.0000,0.0000,0
2026-05-05,15:17:42,54488,1,0.0000,-0.0100,0.0004,0.0103,1.0168,0,12.5202,0,0,11.3434,-0.6343,-26.2130,-25.2972,171.5281,0.000,0.000,0.715,0.0000,0.0000,0
2026-05-05,15:17:42,54524,1,0.0000,0.0018,-0.0001,0.0032,1.0168,0,12.5202,0,0,11.3276,-0.5273,-26.8701,-23.4784,171.5180,0.000,0.000,0.712,0.0000,0.0000,0
2026-05-05,15:17:42,54559,1,0.0000,0.0027,-0.0004,0.0127,1.0168,0,12.5202,0,0,11.3238,-0.3598,-27.4895,-18.6668,171.5240,0.000,0.000,0.709,0.0000,0.0000,0
2026-05-05,15:17:42,54594,1,0.0000,0.0084,0.0001,0.0041,1.0168,0,12.5202,0,0,11.3187,-0.4527,-27.4101,-5.7298,171.5230,0.000,0.000,0.706,0.0000,0.0000,0
2026-05-05,15:17:42,54630,1,0.0000,-0.0014,0.0011,0.0309,1.0168,0,12.5202,0,0,11.2943,-1.0379,-27.3841,-3.9149,171.5118,0.000,0.000,0.702,0.0000,0.0000,0
2026-05-05,15:17:42,54665,1,0.0000,-0.0006,-0.0004,0.0103,1.0168,0,12.5202,0,0,11.2775,-0.5807,-27.6875,-5.9945,171.5101,0.000,0.000,0.699,0.0000,0.0000,0
2026-05-05,15:17:42,54700,1,0.0000,-0.0052,0.0009,0.0260,1.0168,0,12.5202,0,0,11.2634,-0.5399,-27.9317,-8.6442,171.5150,0.000,0.000,0.696,0.0000,0.0000,0
2026-05-05,15:17:42,54735,1,0.0000,0.0017,-0.0010,0.0308,1.0168,0,12.5202,0,0,11.2414,-0.6934,-28.1918,-7.1474,171.5131,0.000,0.000,0.693,0.0000,0.0000,0
2026-05-05,15:17:42,54770,1,0.0000,-0.0117,0.0009,0.0268,1.0168,0,12.5202,0,0,11.2365,-0.1743,-28.1870,-2.3650,171.5127,0.000,0.000,0.690,0.0000,0.0000,0
2026-05-05,15:17:42,54805,1,0.0000,-0.0095,-0.0007,0.0210,1.0168,0,12.5202,0,0,11.2209,-0.2217,-29.1478,-22.4329,171.5064,0.000,0.000,0.686,0.0000,0.0000,0
2026-05-05,15:17:43,54840,1,0.0000,-0.0045,0.0010,0.0293,1.0168,0,12.5202,0,0,11.2107,-0.4120,-29.8495,-20.6258,171.5027,0.000,0.000,0.683,0.0000,0.0000,0
2026-05-05,15:17:43,54875,1,0.0000,-0.0024,0.0012,0.0354,1.0168,0,12.5202,0,0,11.2086,-0.3275,-29.9428,-7.9023,171.5059,0.000,0.000,0.680,0.0000,0.0000,0
2026-05-05,15:17:43,54910,1,0.0000,0.0026,0.0012,0.0363,1.0168,0,12.5202,0,0,11.1955,-0.2997,-30.0067,-2.6715,171.5034,0.000,0.000,0.677,0.0000,0.0000,0
2026-05-05,15:17:43,54947,1,0.0000,-0.0019,0.0004,0.0103,1.0168,0,12.5202,0,0,11.1977,-0.1248,-29.9372,-1.2240,171.4741,0.000,0.000,0.674,0.0000,0.0000,0
2026-05-05,15:17:43,54982,1,0.0000,0.0048,0.0003,0.0087,1.0168,0,12.5202,0,0,11.1781,-0.7612,-29.1306,19.1595,171.4940,0.000,0.000,0.671,0.0000,0.0000,0
2026-05-05,15:17:43,55017,1,0.0000,-0.0069,0.0008,0.0223,1.0168,0,12.5202,0,0,11.1521,-0.9004,-28.9601,10.3380,171.5162,0.000,0.000,0.668,0.0000,0.0000,0
2026-05-05,15:17:43,55052,1,0.0000,0.0051,-0.0001,0.0032,1.0168,0,12.5202,0,0,11.1325,-0.0912,-29.0383,0.9145,171.4990,0.000,0.000,0.665,0.0000,0.0000,0
2026-05-05,15:17:43,55087,1,0.0000,0.0062,-0.0007,0.0198,1.0168,0,12.5202,0,0,11.1234,-0.2799,-28.8026,6.2232,171.5068,0.000,0.000,0.662,0.0000,0.0000,0
2026-05-05,15:17:43,55122,1,0.0000,0.0032,0.0012,0.0354,1.0168,0,12.5202,0,0,11.1308,0.2202,-28.0271,18.6527,171.5068,0.000,0.000,0.658,0.0000,0.0000,0
2026-05-05,15:17:43,55157,1,0.0000,-0.0024,0.0004,0.0128,1.0168,0,12.5202,0,0,11.1224,-0.2249,-26.6342,31.6199,171.5013,0.000,0.000,0.655,0.0000,0.0000,0
2026-05-05,15:17:43,55192,1,0.0000,-0.0088,0.0013,0.0388,1.0168,0,12.5202,0,0,11.1164,-0.0466,-25.4731,38.8769,171.5097,0.000,0.000,0.652,0.0000,0.0000,0
2026-05-05,15:17:43,55228,1,0.0000,0.0087,0.0000,0.0000,1.0168,0,12.5202,0,0,11.1050,-0.6613,-25.0640,20.2019,171.4930,0.000,0.000,0.649,0.0000,0.0000,0
2026-05-05,15:17:43,55263,1,0.0000,0.0047,0.0003,0.0079,1.0168,0,12.5202,0,0,11.0965,-0.0501,-24.5752,14.8661,171.4780,0.000,0.000,0.646,0.0000,0.0000,0
2026-05-05,15:17:43,55298,1,0.0000,0.0005,0.0003,0.0087,1.0168,0,12.5202,0,0,11.1022,0.3233,-25.2190,-8.4936,171.4950,0.000,0.000,0.642,0.0000,0.0000,0
2026-05-05,15:17:43,55334,1,0.0000,0.0005,-0.0003,0.0095,1.0168,0,12.5202,0,0,11.1080,0.1449,-26.3653,-27.7252,171.5006,0.000,0.000,0.639,0.0000,0.0000,0
2026-05-05,15:17:43,55369,1,0.0000,-0.0063,0.0012,0.0363,1.0168,0,12.5202,0,0,11.0852,-0.3754,-27.7823,-39.5323,171.4772,0.000,0.000,0.636,0.0000,0.0000,0
2026-05-05,15:17:43,55405,1,0.0000,0.0022,-0.0010,0.0301,1.0168,0,12.5202,0,0,11.0949,0.3872,-29.6315,-50.9174,171.4737,0.000,0.000,0.633,0.0000,0.0000,0
2026-05-05,15:17:43,55441,1,0.0000,0.0007,0.0012,0.0363,1.0168,0,12.5202,0,0,11.0977,0.1057,-31.4187,-56.5284,171.4845,0.000,0.000,0.630,0.0000,0.0000,0
2026-05-05,15:17:43,55476,1,0.0000,-0.0008,0.0004,0.0127,1.0168,0,12.5202,0,0,11.0987,0.2216,-32.8564,-49.7657,171.4792,0.000,0.000,0.626,0.0000,0.0000,0
2026-05-05,15:17:43,55512,1,0.0000,0.0023,0.0000,0.0008,1.0168,0,12.5202,0,0,11.0893,-0.1538,-33.6668,-29.1806,171.4746,0.000,0.000,0.623,0.0000,0.0000,0
2026-05-05,15:17:43,55547,1,0.0000,-0.0124,-0.0010,0.0284,1.0168,0,12.5202,0,0,11.0677,-0.6929,-33.6062,-10.6789,171.4878,0.000,0.000,0.620,0.0000,0.0000,0
2026-05-05,15:17:43,55582,1,0.0000,0.0015,0.0009,0.0260,1.0168,0,12.5202,0,0,11.0610,-0.3598,-33.1943,7.6129,171.5108,0.000,0.000,0.617,0.0000,0.0000,0
2026-05-05,15:17:43,55617,1,0.0000,-0.0070,0.0022,0.0639,1.0168,0,12.5202,0,0,11.0385,-0.6786,-32.0732,26.4276,171.5046,0.000,0.000,0.614,0.0000,0.0000,0
2026-05-05,15:17:43,55652,1,0.0000,0.0146,-0.0008,0.0221,1.0168,0,12.5202,0,0,11.0394,-0.2387,-30.0626,48.7684,171.4903,0.000,0.000,0.610,0.0000,0.0000,0
2026-05-05,15:17:43,55687,1,0.0000,0.0011,0.0013,0.0379,1.0168,0,12.5202,0,0,11.0323,-0.7172,-30.6767,0.2184,171.4877,0.000,0.000,0.607,0.0000,0.0000,0
2026-05-05,15:17:43,55722,1,0.0000,0.0046,0.0016,0.0474,1.0168,0,12.5202,0,0,11.0265,-0.2186,-30.7494,3.3563,171.4960,0.000,0.000,0.604,0.0000,0.0000,0
2026-05-05,15:17:43,55757,1,0.0000,-0.0071,0.0008,0.0231,1.0168,0,12.5202,0,0,11.0248,-0.3831,-30.5484,6.3299,171.5072,0.000,0.000,0.601,0.0000,0.0000,0
2026-05-05,15:17:43,55792,1,0.0000,0.0014,-0.0023,0.0680,1.0168,0,12.5202,0,0,11.0031,-0.5248,-30.3363,3.8756,171.5096,0.000,0.000,0.598,0.0000,0.0000,0
2026-05-05,15:17:44,55827,1,0.0000,-0.0028,0.0011,0.0318,1.0168,0,12.5202,0,0,11.0033,-0.0468,-30.7681,-7.1806,171.4924,0.000,0.000,0.594,0.0000,0.0000,0
2026-05-05,15:17:44,55865,1,0.0000,-0.0100,0.0004,0.0129,1.0168,0,12.5202,0,0,10.9961,-0.7102,-30.9523,-8.9599,171.4754,0.000,0.000,0.592,0.0000,0.0000,0
2026-05-05,15:17:44,55901,1,0.0000,-0.0011,-0.0003,0.0087,1.0168,0,12.5202,0,0,10.9958,-0.1594,-32.0532,-27.2046,171.4638,0.000,0.000,0.589,0.0000,0.0000,0
2026-05-05,15:17:44,55936,1,0.0000,-0.0021,0.0004,0.0111,1.0168,0,12.5202,0,0,10.9866,-0.5325,-32.8377,-21.3436,171.4686,0.000,0.000,0.586,0.0000,0.0000,0
2026-05-05,15:17:44,55971,1,0.0000,-0.0065,0.0007,0.0215,1.0168,0,12.5202,0,0,10.9791,-0.1527,-32.1990,7.2788,171.4693,0.000,0.000,0.582,0.0000,0.0000,0
2026-05-05,15:17:44,56006,1,0.0000,0.0007,0.0003,0.0103,1.0168,0,12.5202,0,0,10.9853,0.0396,-30.7740,34.8523,171.4845,0.000,0.000,0.579,0.0000,0.0000,0
2026-05-05,15:17:44,56041,1,0.0000,-0.0049,-0.0010,0.0284,1.0168,0,12.5202,0,0,10.9646,-0.4901,-29.1665,41.7040,171.4806,0.000,0.000,0.576,0.0000,0.0000,0
2026-05-05,15:17:44,56076,1,0.0000,0.0088,0.0013,0.0371,1.0168,0,12.5202,0,0,10.9600,-0.0233,-28.9752,16.1078,171.4862,0.000,0.000,0.573,0.0000,0.0000,0
2026-05-05,15:17:44,56111,1,0.0000,-0.0006,0.0008,0.0239,1.0168,0,12.5202,0,0,10.9720,0.3402,-29.0503,8.5670,171.4923,0.000,0.000,0.570,0.0000,0.0000,0
2026-05-05,15:17:44,56146,1,0.0000,0.0029,0.0004,0.0127,1.0168,0,12.5202,0,0,10.9626,0.0820,-27.3437,40.9293,171.4975,0.000,0.000,0.566,0.0000,0.0000,0
2026-05-05,15:17:44,56182,1,0.0000,-0.0088,-0.0003,0.0095,1.0168,0,12.5202,0,0,10.9566,-0.5517,-26.1564,31.7963,171.5121,0.000,0.000,0.563,0.0000,0.0000,0
2026-05-05,15:17:44,56217,1,0.0000,0.0046,-0.0003,0.0103,1.0168,0,12.5202,0,0,10.9555,-0.1477,-27.5499,-17.4109,171.5094,0.000,0.000,0.560,0.0000,0.0000,0
2026-05-05,15:17:44,56252,1,0.0000,0.0045,0.0002,0.0062,1.0168,0,12.5202,0,0,10.9723,0.4688,-28.4052,-22.1190,171.5145,0.000,0.000,0.557,0.0000,0.0000,0
2026-05-05,15:17:44,56287,1,0.0000,0.0015,0.0009,0.0276,1.0168,0,12.5202,0,0,10.9722,-0.0061,-28.5983,-15.0232,171.5105,0.000,0.000,0.554,0.0000,0.0000,0
2026-05-05,15:17:44,56322,1,0.0000,0.0027,-0.0009,0.0276,1.0168,0,12.5202,0,0,10.9589,-0.4758,-29.8765,-33.5000,171.5011,0.000,0.000,0.550,0.0000,0.0000,0
2026-05-05,15:17:44,56358,1,0.0000,0.0055,-0.0001,0.0040,1.0168,0,12.5202,0,0,10.9675,-0.1369,-31.5553,-42.2093,171.4989,0.000,0.000,0.547,0.0000,0.0000,0
2026-05-05,15:17:44,56393,1,0.0000,-0.0026,0.0005,0.0157,1.0168,0,12.5202,0,0,10.9599,-0.1725,-33.2166,-50.6959,171.5102,0.000,0.000,0.544,0.0000,0.0000,0
2026-05-05,15:17:44,56428,1,0.0000,0.0009,-0.0007,0.0214,1.0168,0,12.5202,0,0,10.9494,-0.0193,-34.7770,-49.6926,171.5137,0.000,0.000,0.541,0.0000,0.0000,0
2026-05-05,15:17:44,56464,1,0.0000,0.0071,-0.0007,0.0214,1.0168,0,12.5202,0,0,10.9483,-0.0416,-34.9190,-20.0898,171.5157,0.000,0.000,0.538,0.0000,0.0000,0
2026-05-05,15:17:44,56499,1,0.0000,0.0107,-0.0008,0.0221,1.0168,0,12.5202,0,0,10.9551,0.5001,-35.0209,-9.1186,171.5248,0.000,0.000,0.534,0.0000,0.0000,0
2026-05-05,15:17:44,56534,1,0.0000,-0.0117,0.0010,0.0285,1.0168,0,12.5202,0,0,10.9327,-0.2271,-35.7255,-15.8570,171.5439,0.000,0.000,0.531,0.0000,0.0000,0
2026-05-05,15:17:44,56570,1,0.0000,0.0004,0.0003,0.0087,1.0168,0,12.5202,0,0,10.9366,0.1855,-35.6749,-9.2262,171.5387,0.000,0.000,0.528,0.0000,0.0000,0
2026-05-05,15:17:44,56605,1,0.0000,0.0095,0.0009,0.0252,1.0168,0,12.5202,0,0,10.9479,0.3791,-36.5836,-16.6906,171.5371,0.000,0.000,0.525,0.0000,0.0000,0
2026-05-05,15:17:44,56640,1,0.0000,-0.0020,-0.0011,0.0309,1.0168,0,12.5202,0,0,10.9420,-0.0660,-35.7141,13.3633,171.5466,0.000,0.000,0.522,0.0000,0.0000,0
2026-05-05,15:17:44,56676,1,0.0000,0.0008,0.0008,0.0222,1.0168,0,12.5202,0,0,10.9336,0.0490,-34.3316,28.8803,171.5622,0.000,0.000,0.518,0.0000,0.0000,0
2026-05-05,15:17:44,56711,1,0.0000,0.0092,-0.0002,0.0062,1.0168,0,12.5202,0,0,10.9203,-0.2833,-33.4024,30.9631,171.5616,0.000,0.000,0.515,0.0000,0.0000,0
2026-05-05,15:17:44,56746,1,0.0000,-0.0041,-0.0018,0.0519,1.0168,0,12.5202,0,0,10.9105,-0.2599,-32.6180,26.8348,171.5553,0.000,0.000,0.512,0.0000,0.0000,0
2026-05-05,15:17:44,56784,1,0.0000,0.0045,0.0010,0.0301,1.0168,0,12.5202,0,0,10.9088,0.1002,-32.3737,19.1608,171.5229,0.000,0.000,0.510,0.0000,0.0000,0
2026-05-05,15:17:45,56819,1,0.0000,0.0193,0.0006,0.0189,1.0168,0,12.5202,0,0,10.9018,-0.1495,-31.8530,18.6407,171.5261,0.000,0.000,0.506,0.0000,0.0000,0
2026-05-05,15:17:45,56855,1,0.0000,0.0063,0.0003,0.0079,1.0168,0,12.5202,0,0,10.8906,-0.3368,-31.0859,21.4838,171.5300,0.000,0.000,0.503,0.0000,0.0000,0
2026-05-05,15:17:45,56890,1,0.0000,0.0092,-0.0007,0.0213,1.0168,0,12.5202,0,0,10.8710,-0.5763,-31.2381,4.7711,171.5339,0.000,0.000,0.500,0.0000,0.0000,0
2026-05-05,15:17:45,56925,1,0.0000,-0.0089,0.0004,0.0128,1.0168,0,12.5202,0,0,10.8807,-0.0307,-32.2802,-18.4369,171.5285,0.000,0.000,0.497,0.0000,0.0000,0
2026-05-05,15:17:45,56960,1,0.0000,-0.0014,-0.0010,0.0293,1.0168,0,12.5202,0,0,10.8982,0.4721,-33.0959,-24.6687,171.5215,0.000,0.000,0.494,0.0000,0.0000,0
2026-05-05,15:17:45,56996,1,0.0000,-0.0042,0.0000,0.0008,1.0168,0,12.5202,0,0,10.8804,-0.3033,-34.1479,-28.1798,171.5236,0.000,0.000,0.490,0.0000,0.0000,0
2026-05-05,15:17:45,57031,1,0.0000,0.0031,0.0002,0.0070,1.0168,0,12.5202,0,0,10.8887,0.1455,-33.9677,-6.9787,171.5305,0.000,0.000,0.487,0.0000,0.0000,0
2026-05-05,15:17:45,57066,1,0.0000,-0.0012,-0.0001,0.0033,1.0168,0,12.5202,0,0,10.8872,-0.4739,-34.2488,-8.8742,171.5489,0.000,0.000,0.484,0.0000,0.0000,0
2026-05-05,15:17:45,57101,1,0.0000,0.0102,-0.0006,0.0189,1.0168,0,12.5202,0,0,10.8921,0.0890,-34.0384,3.6125,171.5539,0.000,0.000,0.481,0.0000,0.0000,0
2026-05-05,15:17:45,57136,1,0.0000,-0.0137,0.0005,0.0153,1.0168,0,12.5202,0,0,10.8928,-0.1435,-32.8019,26.2735,171.5409,0.000,0.000,0.478,0.0000,0.0000,0
2026-05-05,15:17:45,57172,1,0.0000,-0.0059,-0.0004,0.0103,1.0168,0,12.5202,0,0,10.8838,-0.2176,-32.9402,4.2969,171.5214,0.000,0.000,0.474,0.0000,0.0000,0
2026-05-05,15:17:45,57207,1,0.0000,-0.0017,0.0008,0.0232,1.0168,0,12.5202,0,0,10.9073,0.7774,-33.2353,-1.6171,171.5216,0.000,0.000,0.471,0.0000,0.0000,0
2026-05-05,15:17:45,57242,1,0.0000,-0.0012,-0.0014,0.0404,1.0168,0,12.5202,0,0,10.8959,-0.6439,-32.9624,4.2663,171.5175,0.000,0.000,0.468,0.0000,0.0000,0
2026-05-05,15:17:45,57277,1,0.0000,-0.0022,0.0008,0.0223,1.0168,0,12.5202,0,0,10.9122,0.0958,-33.4242,-9.7649,171.5240,0.000,0.000,0.465,0.0000,0.0000,0
2026-05-05,15:17:45,57312,1,0.0000,-0.0076,-0.0009,0.0276,1.0168,0,12.5202,0,0,10.9030,-0.4368,-33.2785,1.9276,171.5412,0.000,0.000,0.462,0.0000,0.0000,0
2026-05-05,15:17:45,57347,1,0.0000,-0.0002,0.0009,0.0268,1.0168,0,12.5202,0,0,10.9025,0.3254,-32.9445,6.3813,171.5385,0.000,0.000,0.458,0.0000,0.0000,0
2026-05-05,15:17:45,57382,1,0.0000,0.0071,-0.0005,0.0143,1.0168,0,12.5202,0,0,10.8917,-0.1061,-33.8059,-20.9094,171.5369,0.000,0.000,0.455,0.0000,0.0000,0
2026-05-05,15:17:45,57418,1,0.0000,-0.0045,-0.0002,0.0070,1.0168,0,12.5202,0,0,10.8703,-0.6269,-35.7327,-44.0802,171.5268,0.000,0.000,0.452,0.0000,0.0000,0
2026-05-05,15:17:45,57453,1,0.0000,0.0117,-0.0007,0.0220,1.0168,0,12.5202,0,0,10.8722,-0.2797,-37.1704,-43.7971,171.5457,0.000,0.000,0.449,0.0000,0.0000,0
2026-05-05,15:17:45,57489,1,0.0000,-0.0009,-0.0002,0.0049,1.0168,0,12.5202,0,0,10.8806,0.1694,-38.2630,-38.6063,171.5584,0.000,0.000,0.446,0.0000,0.0000,0
2026-05-05,15:17:45,57524,1,0.0000,-0.0074,0.0010,0.0285,1.0168,0,12.5202,0,0,10.8873,-0.0918,-39.2648,-35.0753,171.5525,0.000,0.000,0.442,0.0000,0.0000,0
2026-05-05,15:17:45,57559,1,0.0000,-0.0049,-0.0004,0.0115,1.0168,0,12.5202,0,0,10.8737,-0.4397,-39.0481,-6.5753,171.5462,0.000,0.000,0.439,0.0000,0.0000,0
2026-05-05,15:17:45,57594,1,0.0000,0.0010,0.0010,0.0293,1.0168,0,12.5202,0,0,10.8741,0.2877,-38.5131,6.9172,171.5406,0.000,0.000,0.436,0.0000,0.0000,0
2026-05-05,15:17:45,57629,1,0.0000,0.0064,-0.0002,0.0070,1.0168,0,12.5202,0,0,10.8840,-0.0914,-38.4059,7.0956,171.5373,0.000,0.000,0.433,0.0000,0.0000,0
2026-05-05,15:17:45,57664,1,0.0000,0.0068,0.0002,0.0046,1.0168,0,12.5202,0,0,10.8797,0.1210,-36.9808,32.9913,171.5408,0.000,0.000,0.430,0.0000,0.0000,0
2026-05-05,15:17:45,57704,1,0.0000,0.0025,0.0008,0.0222,1.0168,0,12.5202,0,0,10.8744,-0.3273,-36.2129,31.2098,171.4933,0.000,0.000,0.427,0.0000,0.0000,0
2026-05-05,15:17:45,57739,1,0.0000,0.0078,-0.0010,0.0309,1.0168,0,12.5202,0,0,10.8784,0.1973,-35.3807,29.1955,171.4855,0.000,0.000,0.424,0.0000,0.0000,0
2026-05-05,15:17:45,57774,1,0.0000,0.0038,0.0006,0.0189,1.0168,0,12.5202,0,0,10.8560,-0.5803,-34.1496,39.0864,171.4823,0.000,0.000,0.421,0.0000,0.0000,0
2026-05-05,15:17:46,57809,1,0.0000,-0.0008,0.0011,0.0326,1.0168,0,12.5202,0,0,10.8499,0.0382,-33.4795,24.9715,171.4965,0.000,0.000,0.418,0.0000,0.0000,0
2026-05-05,15:17:46,57844,1,0.0000,-0.0027,-0.0004,0.0119,1.0168,0,12.5202,0,0,10.8591,0.1727,-32.7636,24.7905,171.5070,0.000,0.000,0.414,0.0000,0.0000,0
2026-05-05,15:17:46,57879,1,0.0000,-0.0088,0.0016,0.0457,1.0168,0,12.5202,0,0,10.8551,-0.0978,-31.7570,31.2158,171.5017,0.000,0.000,0.411,0.0000,0.0000,0
2026-05-05,15:17:46,57914,1,0.0000,0.0034,-0.0004,0.0111,1.0168,0,12.5202,0,0,10.8370,-1.0367,-31.7930,2.2554,171.4881,0.000,0.000,0.408,0.0000,0.0000,0
2026-05-05,15:17:46,57949,1,0.0000,-0.0066,0.0003,0.0095,1.0168,0,12.5202,0,0,10.8187,-0.6694,-32.9761,-20.6196,171.4958,0.000,0.000,0.405,0.0000,0.0000,0
2026-05-05,15:17:46,57984,1,0.0000,0.0021,-0.0011,0.0309,1.0168,0,12.5202,0,0,10.8077,-0.1894,-32.4556,5.9447,171.4922,0.000,0.000,0.402,0.0000,0.0000,0
2026-05-05,15:17:46,58019,1,0.0000,0.0067,-0.0001,0.0024,1.0168,0,12.5202,0,0,10.8184,0.6289,-31.8505,11.8092,171.5293,0.000,0.000,0.398,0.0000,0.0000,0
2026-05-05,15:17:46,58054,1,0.0000,-0.0049,0.0022,0.0655,1.0168,0,12.5202,0,0,10.7993,-0.6749,-32.0848,-1.1682,171.5461,0.000,0.000,0.395,0.0000,0.0000,0
2026-05-05,15:17:46,58089,1,0.0000,0.0015,0.0000,0.0008,1.0168,0,12.5202,0,0,10.7888,-0.6859,-32.8406,-15.3364,171.5496,0.000,0.000,0.392,0.0000,0.0000,0
2026-05-05,15:17:46,58124,1,0.0000,0.0069,-0.0000,0.0008,1.0168,0,12.5202,0,0,10.8127,1.2967,-33.3946,-14.3346,171.5457,0.000,0.000,0.389,0.0000,0.0000,0
2026-05-05,15:17:46,58159,1,0.0000,-0.0097,0.0004,0.0128,1.0168,0,12.5202,0,0,10.8199,0.5667,-32.9917,2.0432,171.5455,0.000,0.000,0.386,0.0000,0.0000,0
2026-05-05,15:17:46,58194,1,0.0000,-0.0100,0.0001,0.0025,1.0168,0,12.5202,0,0,10.8058,-0.1561,-33.6484,-14.1251,171.5592,0.000,0.000,0.382,0.0000,0.0000,0
2026-05-05,15:17:46,58229,1,0.0000,-0.0061,-0.0000,0.0008,1.0168,0,12.5202,0,0,10.8129,-0.1819,-34.8085,-30.1308,171.5519,0.000,0.000,0.379,0.0000,0.0000,0
2026-05-05,15:17:46,58264,1,0.0000,0.0115,0.0006,0.0181,1.0168,0,12.5202,0,0,10.7980,-0.5330,-35.8806,-33.1216,171.5450,0.000,0.000,0.376,0.0000,0.0000,0
2026-05-05,15:17:46,58300,1,0.0000,0.0141,-0.0010,0.0299,1.0168,0,12.5202,0,0,10.8026,0.4326,-36.4030,-16.6043,171.5473,0.000,0.000,0.373,0.0000,0.0000,0
2026-05-05,15:17:46,58335,1,0.0000,-0.0093,0.0003,0.0095,1.0168,0,12.5202,0,0,10.8161,0.4954,-35.7945,6.6407,171.5531,0.000,0.000,0.370,0.0000,0.0000,0
2026-05-05,15:17:46,58370,1,0.0000,0.0020,-0.0010,0.0308,1.0168,0,12.5202,0,0,10.8098,0.0328,-35.3953,11.4127,171.5499,0.000,0.000,0.366,0.0000,0.0000,0
2026-05-05,15:17:46,58406,1,0.0000,0.0063,-0.0001,0.0032,1.0168,0,12.5202,0,0,10.8135,-0.3156,-34.9293,13.6127,171.5440,0.000,0.000,0.363,0.0000,0.0000,0
2026-05-05,15:17:46,58441,1,0.0000,0.0012,0.0006,0.0181,1.0168,0,12.5202,0,0,10.8081,-0.0946,-35.9289,-16.1126,171.5449,0.000,0.000,0.360,0.0000,0.0000,0
2026-05-05,15:17:46,58476,1,0.0000,-0.0060,0.0016,0.0466,1.0168,0,12.5202,0,0,10.8014,-0.1959,-37.2306,-34.2763,171.5515,0.000,0.000,0.357,0.0000,0.0000,0
2026-05-05,15:17:46,58512,1,0.0000,0.0013,0.0020,0.0601,1.0168,0,12.5202,0,0,10.7995,-0.0394,-37.7539,-18.9591,171.5438,0.000,0.000,0.354,0.0000,0.0000,0
2026-05-05,15:17:46,58547,1,0.0000,0.0031,-0.0005,0.0135,1.0168,0,12.5202,0,0,10.7855,-0.6249,-37.8624,-6.5517,171.5473,0.000,0.000,0.350,0.0000,0.0000,0
2026-05-05,15:17:46,58582,1,0.0000,-0.0080,0.0012,0.0363,1.0168,0,12.5202,0,0,10.7917,0.4228,-37.3168,8.3918,171.5551,0.000,0.000,0.347,0.0000,0.0000,0
2026-05-05,15:17:46,58622,1,0.0000,0.0007,-0.0011,0.0323,1.0168,0,12.5202,0,0,10.8025,0.3338,-37.2731,6.2221,171.5337,0.000,0.000,0.345,0.0000,0.0000,0
2026-05-05,15:17:46,58657,1,0.0000,0.0047,-0.0009,0.0276,1.0168,0,12.5202,0,0,10.8033,0.0389,-36.1689,27.4506,171.5384,0.000,0.000,0.342,0.0000,0.0000,0
2026-05-05,15:17:46,58692,1,0.0000,-0.0143,0.0014,0.0404,1.0168,0,12.5202,0,0,10.7814,-0.5127,-35.3661,22.8591,171.5280,0.000,0.000,0.338,0.0000,0.0000,0
2026-05-05,15:17:46,58727,1,0.0000,-0.0003,0.0003,0.0087,1.0168,0,12.5202,0,0,10.7770,-0.3735,-35.8490,-1.7876,171.5248,0.000,0.000,0.335,0.0000,0.0000,0
2026-05-05,15:17:46,58762,1,0.0000,0.0020,0.0005,0.0135,1.0168,0,12.5202,0,0,10.7663,-0.2793,-35.9279,-0.6151,171.5327,0.000,0.000,0.332,0.0000,0.0000,0
2026-05-05,15:17:46,58797,1,0.0000,0.0092,-0.0008,0.0221,1.0168,0,12.5202,0,0,10.7817,0.8204,-34.7001,27.0537,171.5270,0.000,0.000,0.329,0.0000,0.0000,0
2026-05-05,15:17:47,58832,1,0.0000,-0.0104,0.0008,0.0231,1.0168,0,12.5202,0,0,10.7775,0.0452,-34.4212,15.4814,171.5304,0.000,0.000,0.326,0.0000,0.0000,0
2026-05-05,15:17:47,58867,1,0.0000,0.0100,-0.0003,0.0087,1.0168,0,12.5202,0,0,10.7789,0.2163,-33.4500,26.8361,171.5392,0.000,0.000,0.322,0.0000,0.0000,0
2026-05-05,15:17:47,58902,1,0.0000,0.0023,0.0004,0.0111,1.0168,0,12.5202,0,0,10.7940,0.4833,-31.8506,41.4052,171.5300,0.000,0.000,0.319,0.0000,0.0000,0
2026-05-05,15:17:47,58937,1,0.0000,0.0034,0.0009,0.0260,1.0168,0,12.5202,0,0,10.7922,-0.0358,-31.9113,12.0999,171.5151,0.000,0.000,0.316,0.0000,0.0000,0
2026-05-05,15:17:47,58972,1,0.0000,-0.0028,0.0003,0.0095,1.0168,0,12.5202,0,0,10.7891,-0.0456,-31.8198,3.4350,171.5135,0.000,0.000,0.313,0.0000,0.0000,0
2026-05-05,15:17:47,59007,1,0.0000,-0.0107,-0.0004,0.0128,1.0168,0,12.5202,0,0,10.7843,0.0574,-31.9899,1.1833,171.5311,0.000,0.000,0.310,0.0000,0.0000,0
2026-05-05,15:17:47,59042,1,0.0000,0.0052,0.0011,0.0315,1.0168,0,12.5202,0,0,10.7889,0.0185,-31.2086,14.0869,171.5059,0.000,0.000,0.306,0.0000,0.0000,0
2026-05-05,15:17:47,59077,1,0.0000,-0.0061,0.0002,0.0063,1.0168,0,12.5202,0,0,10.7811,-0.6174,-31.2017,6.8372,171.5016,0.000,0.000,0.303,0.0000,0.0000,0
2026-05-05,15:17:47,59112,1,0.0000,-0.0061,0.0007,0.0198,1.0168,0,12.5202,0,0,10.7820,-0.0178,-31.2442,2.4020,171.5013,0.000,0.000,0.300,0.0000,0.0000,0
2026-05-05,15:17:47,59147,1,0.0000,0.0051,-0.0008,0.0221,1.0168,0,12.5202,0,0,10.8003,0.3873,-30.8521,7.2543,171.4879,0.000,0.000,0.297,0.0000,0.0000,0
2026-05-05,15:17:47,59182,1,0.0000,0.0020,0.0005,0.0135,1.0168,0,12.5202,0,0,10.7833,-0.4281,-32.1791,-25.8269,171.4885,0.000,0.000,0.294,0.0000,0.0000,0
2026-05-05,15:17:47,59217,1,0.0000,0.0044,-0.0009,0.0276,1.0168,0,12.5202,0,0,10.7936,0.6870,-32.9731,-24.1509,171.5122,0.000,0.000,0.290,0.0000,0.0000,0
2026-05-05,15:17:47,59252,1,0.0000,-0.0055,0.0008,0.0223,1.0168,0,12.5202,0,0,10.8044,0.4213,-33.5351,-18.8502,171.5154,0.000,0.000,0.287,0.0000,0.0000,0
2026-05-05,15:17:47,59287,1,0.0000,0.0017,0.0009,0.0260,1.0168,0,12.5202,0,0,10.7933,-0.4232,-32.3734,23.2879,171.5239,0.000,0.000,0.284,0.0000,0.0000,0
2026-05-05,15:17:47,59322,1,0.0000,-0.0073,0.0006,0.0165,1.0168,0,12.5202,0,0,10.7918,-0.1084,-30.0513,51.6387,171.5152,0.000,0.000,0.281,0.0000,0.0000,0
2026-05-05,15:17:47,59357,1,0.0000,-0.0085,-0.0001,0.0017,1.0168,0,12.5202,0,0,10.7852,-0.6381,-30.0364,16.9942,171.5248,0.000,0.000,0.278,0.0000,0.0000,0
2026-05-05,15:17:47,59392,1,0.0000,-0.0019,-0.0010,0.0292,1.0168,0,12.5202,0,0,10.7621,-0.6365,-29.9143,8.1158,171.5338,0.000,0.000,0.274,0.0000,0.0000,0
2026-05-05,15:17:47,59427,1,0.0000,0.0060,0.0006,0.0181,1.0168,0,12.5202,0,0,10.7913,0.8783,-30.2000,-3.4847,171.5395,0.000,0.000,0.271,0.0000,0.0000,0
2026-05-05,15:17:47,59462,1,0.0000,0.0018,-0.0004,0.0119,1.0168,0,12.5202,0,0,10.7744,-0.5128,-30.8540,-13.8803,171.5497,0.000,0.000,0.268,0.0000,0.0000,0
2026-05-05,15:17:47,59497,1,0.0000,-0.0056,-0.0007,0.0197,1.0168,0,12.5202,0,0,10.7930,0.6338,-31.6243,-20.9128,171.5552,0.000,0.000,0.265,0.0000,0.0000,0
2026-05-05,15:17:47,59536,1,0.0000,0.0072,0.0003,0.0103,1.0168,0,12.5202,0,0,10.7908,-0.0932,-31.8987,-17.1022,171.5312,0.000,0.000,0.262,0.0000,0.0000,0
2026-05-05,15:17:47,59571,1,0.0000,0.0011,-0.0004,0.0118,1.0168,0,12.5202,0,0,10.7877,-0.4431,-31.9942,-8.8982,171.5270,0.000,0.000,0.259,0.0000,0.0000,0
2026-05-05,15:17:47,59606,1,0.0000,-0.0075,-0.0001,0.0041,1.0168,0,12.5202,0,0,10.7708,-0.9583,-31.7076,4.8007,171.5401,0.000,0.000,0.256,0.0000,0.0000,0
2026-05-05,15:17:47,59642,1,0.0000,0.0068,-0.0008,0.0222,1.0168,0,12.5202,0,0,10.7812,0.3476,-31.8986,-5.3815,171.5279,0.000,0.000,0.253,0.0000,0.0000,0
2026-05-05,15:17:47,59677,1,0.0000,-0.0035,0.0003,0.0103,1.0168,0,12.5202,0,0,10.7903,0.4168,-31.5985,4.1852,171.5344,0.000,0.000,0.250,0.0000,0.0000,0
2026-05-05,15:17:47,59712,1,0.0000,-0.0029,-0.0011,0.0316,1.0168,0,12.5202,0,0,10.7680,-0.3513,-32.9545,-28.5585,171.5502,0.000,0.000,0.246,0.0000,0.0000,0
2026-05-05,15:17:47,59748,1,0.0000,-0.0081,0.0004,0.0111,1.0168,0,12.5202,0,0,10.7567,-0.3727,-33.4480,-15.5692,171.5410,0.000,0.000,0.243,0.0000,0.0000,0
2026-05-05,15:17:47,59783,1,0.0000,0.0068,-0.0007,0.0197,1.0168,0,12.5202,0,0,10.7684,-0.2517,-32.5662,12.8852,171.5494,0.000,0.000,0.240,0.0000,0.0000,0
2026-05-05,15:17:48,59818,1,0.0000,0.0063,0.0002,0.0071,1.0168,0,12.5202,0,0,10.7680,-0.0550,-32.3526,2.8156,171.5686,0.000,0.000,0.237,0.0000,0.0000,0
2026-05-05,15:17:48,59853,1,0.0000,-0.0051,0.0011,0.0324,1.0168,0,12.5202,0,0,10.7726,0.0101,-32.9946,-12.0349,171.5613,0.000,0.000,0.234,0.0000,0.0000,0
2026-05-05,15:17:48,59889,1,0.0000,-0.0139,-0.0011,0.0309,1.0168,0,12.5202,0,0,10.7556,-0.6829,-33.7979,-19.5451,171.5556,0.000,0.000,0.230,0.0000,0.0000,0
2026-05-05,15:17:48,59924,1,0.0000,-0.0035,0.0002,0.0071,1.0168,0,12.5202,0,0,10.7653,0.4338,-34.5071,-22.8845,171.5705,0.000,0.000,0.227,0.0000,0.0000,0
2026-05-05,15:17:48,59959,1,0.0000,0.0015,-0.0008,0.0229,1.0168,0,12.5202,0,0,10.7656,-0.2127,-35.6124,-29.3801,171.5685,0.000,0.000,0.224,0.0000,0.0000,0
2026-05-05,15:17:48,59994,1,0.0000,-0.0055,0.0022,0.0655,1.0168,0,12.5202,0,0,10.7584,-0.2014,-35.9205,-13.6705,171.5654,0.000,0.000,0.221,0.0000,0.0000,0
2026-05-05,15:17:48,60029,1,0.0000,0.0079,0.0012,0.0347,1.0168,0,12.5202,0,0,10.7722,0.7944,-36.1757,-12.9613,171.5501,0.000,0.000,0.218,0.0000,0.0000,0
2026-05-05,15:17:48,60064,1,0.0000,-0.0022,0.0002,0.0055,1.0168,0,12.5202,0,0,10.7845,0.3657,-36.8994,-18.7474,171.5567,0.000,0.000,0.214,0.0000,0.0000,0
2026-05-05,15:17:48,60099,1,0.0000,0.0039,0.0006,0.0189,1.0168,0,12.5202,0,0,10.7856,-0.2885,-38.6727,-42.9837,171.5622,0.000,0.000,0.211,0.0000,0.0000,0
2026-05-05,15:17:48,60134,1,0.0000,0.0006,0.0002,0.0048,1.0168,0,12.5202,0,0,10.7801,-0.1490,-39.0395,-18.8849,171.5580,0.000,0.000,0.208,0.0000,0.0000,0
2026-05-05,15:17:48,60169,1,0.0000,0.0097,0.0003,0.0103,1.0168,0,12.5202,0,0,10.7740,-0.1782,-38.5689,5.6553,171.5569,0.000,0.000,0.205,0.0000,0.0000,0
2026-05-05,15:17:48,60205,1,0.0000,-0.0063,-0.0011,0.0317,1.0168,0,12.5202,0,0,10.7837,0.3808,-37.8417,16.9546,171.5505,0.000,0.000,0.202,0.0000,0.0000,0
2026-05-05,15:17:48,60240,1,0.0000,0.0046,0.0009,0.0276,1.0168,0,12.5202,0,0,10.7695,-0.7289,-38.2808,-3.4045,171.5363,0.000,0.000,0.198,0.0000,0.0000,0
2026-05-05,15:17:48,60275,1,0.0000,-0.0050,0.0009,0.0251,1.0168,0,12.5202,0,0,10.7866,0.4795,-37.3204,21.9804,171.5246,0.000,0.000,0.195,0.0000,0.0000,0
2026-05-05,15:17:48,60310,1,0.0000,-0.0021,-0.0004,0.0118,1.0168,0,12.5202,0,0,10.7688,-0.4086,-36.8363,14.5568,171.5269,0.000,0.000,0.192,0.0000,0.0000,0
2026-05-05,15:17:48,60345,1,0.0000,-0.0001,0.0003,0.0102,1.0168,0,12.5202,0,0,10.7896,0.3156,-36.5830,12.3267,171.5043,0.000,0.000,0.189,0.0000,0.0000,0
2026-05-05,15:17:48,60380,1,0.0000,0.0066,0.0001,0.0016,1.0168,0,12.5202,0,0,10.7783,-0.7473,-35.2264,33.4950,171.5289,0.000,0.000,0.186,0.0000,0.0000,0
2026-05-05,15:17:48,60415,1,0.0000,-0.0003,-0.0003,0.0079,1.0168,0,12.5202,0,0,10.7605,-0.6685,-34.6664,22.0473,171.5346,0.000,0.000,0.182,0.0000,0.0000,0
2026-05-05,15:17:48,60454,1,0.0000,-0.0045,-0.0014,0.0410,1.0168,0,12.5202,0,0,10.7645,0.0146,-34.7683,12.3909,171.5087,0.000,0.000,0.180,0.0000,0.0000,0
2026-05-05,15:17:48,60490,1,0.0000,0.0041,0.0006,0.0173,1.0168,0,12.5202,0,0,10.7489,-0.0615,-33.6328,27.2722,171.5212,0.000,0.000,0.177,0.0000,0.0000,0
2026-05-05,15:17:48,60525,1,0.0000,-0.0110,0.0004,0.0127,1.0168,0,12.5202,0,0,10.7518,-0.0428,-33.4889,7.8098,171.5250,0.000,0.000,0.174,0.0000,0.0000,0
2026-05-05,15:17:48,60561,1,0.0000,0.0050,-0.0000,0.0008,1.0168,0,12.5202,0,0,10.7576,-0.2464,-34.6839,-21.2600,171.5265,0.000,0.000,0.170,0.0000,0.0000,0
2026-05-05,15:17:48,60596,1,0.0000,0.0003,-0.0008,0.0222,1.0168,0,12.5202,0,0,10.7390,-0.3161,-36.2831,-42.9567,171.5227,0.000,0.000,0.167,0.0000,0.0000,0
2026-05-05,15:17:48,60631,1,0.0000,0.0033,0.0007,0.0214,1.0168,0,12.5202,0,0,10.7357,-0.3562,-38.2984,-57.3777,171.5290,0.000,0.000,0.164,0.0000,0.0000,0
2026-05-05,15:17:48,60667,1,0.0000,-0.0013,0.0003,0.0095,1.0168,0,12.5202,0,0,10.7424,0.2079,-40.1217,-52.2897,171.5532,0.000,0.000,0.161,0.0000,0.0000,0
2026-05-05,15:17:48,60702,1,0.0000,0.0083,0.0009,0.0276,1.0168,0,12.5202,0,0,10.7245,-0.7280,-40.7555,-37.5384,171.5490,0.000,0.000,0.158,0.0000,0.0000,0
2026-05-05,15:17:48,60737,1,0.0000,0.0060,-0.0011,0.0324,1.0168,0,12.5202,0,0,10.7083,-0.6007,-41.9105,-32.0385,171.5386,0.000,0.000,0.154,0.0000,0.0000,0
2026-05-05,15:17:48,60772,1,0.0000,0.0130,-0.0014,0.0410,1.0168,0,12.5202,0,0,10.7019,-0.2361,-41.9530,-8.7799,171.5317,0.000,0.000,0.151,0.0000,0.0000,0
2026-05-05,15:17:49,60807,1,0.0000,0.0090,0.0005,0.0141,1.0168,0,12.5202,0,0,10.6858,-0.6354,-40.1843,32.8328,171.5332,0.000,0.000,0.148,0.0000,0.0000,0
2026-05-05,15:17:49,60842,1,0.0000,0.0076,-0.0003,0.0102,1.0168,0,12.5202,0,0,10.6939,0.0810,-39.5926,19.2894,171.5285,0.000,0.000,0.145,0.0000,0.0000,0
2026-05-05,15:17:49,60877,1,0.0000,-0.0007,0.0002,0.0054,1.0168,0,12.5202,0,0,10.6657,-0.5328,-39.8863,2.5989,171.5304,0.000,0.000,0.142,0.0000,0.0000,0
2026-05-05,15:17:49,60912,1,0.0000,0.0026,-0.0007,0.0213,1.0168,0,12.5202,0,0,10.6799,-0.0447,-39.2378,15.2941,171.5270,0.000,0.000,0.138,0.0000,0.0000,0
2026-05-05,15:17:49,60947,1,0.0000,0.0035,-0.0003,0.0087,1.0168,0,12.5202,0,0,10.6978,0.3820,-39.0191,11.6792,171.5434,0.000,0.000,0.135,0.0000,0.0000,0
2026-05-05,15:17:49,60982,1,0.0000,-0.0143,0.0006,0.0190,1.0168,0,12.5202,0,0,10.7079,0.4657,-38.2160,21.3913,171.5552,0.000,0.000,0.132,0.0000,0.0000,0
2026-05-05,15:17:49,61017,1,0.0000,-0.0015,0.0001,0.0040,1.0168,0,12.5202,0,0,10.6990,-0.4988,-37.3249,27.6881,171.5380,0.000,0.000,0.129,0.0000,0.0000,0
2026-05-05,15:17:49,61052,1,0.0000,0.0096,-0.0003,0.0102,1.0168,0,12.5202,0,0,10.6976,-0.3214,-36.9976,13.6593,171.5397,0.000,0.000,0.126,0.0000,0.0000,0
2026-05-05,15:17:49,61087,1,0.0000,-0.0016,-0.0001,0.0039,1.0168,0,12.5202,0,0,10.7143,0.8905,-37.2136,-1.4859,171.5635,0.000,0.000,0.122,0.0000,0.0000,0
2026-05-05,15:17:49,61122,1,0.0000,-0.0140,-0.0000,0.0000,1.0168,0,12.5202,0,0,10.7130,0.0835,-38.1535,-18.1266,171.5570,0.000,0.000,0.119,0.0000,0.0000,0
2026-05-05,15:17:49,61157,1,0.0000,0.0006,0.0003,0.0103,1.0168,0,12.5202,0,0,10.7194,-0.0780,-37.2567,14.7782,171.5130,0.000,0.000,0.116,0.0000,0.0000,0
2026-05-05,15:17:49,61192,1,0.0000,-0.0048,-0.0014,0.0411,1.0168,0,12.5202,0,0,10.6883,-0.8186,-36.4465,20.6789,171.5063,0.000,0.000,0.113,0.0000,0.0000,0
2026-05-05,15:17:49,61227,1,0.0000,0.0104,-0.0006,0.0189,1.0168,0,12.5202,0,0,10.6721,-0.3093,-35.7477,21.7255,171.5061,0.000,0.000,0.110,0.0000,0.0000,0
2026-05-05,15:17:49,61262,1,0.0000,0.0004,-0.0009,0.0260,1.0168,0,12.5202,0,0,10.7024,1.1168,-36.0898,2.7848,171.5425,0.000,0.000,0.106,0.0000,0.0000,0
2026-05-05,15:17:49,61297,1,0.0000,0.0060,-0.0004,0.0111,1.0168,0,12.5202,0,0,10.7171,0.7589,-35.8165,4.3597,171.5487,0.000,0.000,0.103,0.0000,0.0000,0
2026-05-05,15:17:49,61332,1,0.0000,-0.0096,0.0009,0.0276,1.0168,0,12.5202,0,0,10.6870,-0.9856,-35.3497,10.8637,171.5390,0.000,0.000,0.100,0.0000,0.0000,0
2026-05-05,15:17:49,61371,1,0.0000,0.0035,-0.0004,0.0111,1.0168,0,12.5202,0,0,10.7208,0.7739,-35.4443,3.9540,171.4906,0.000,0.000,0.098,0.0000,0.0000,0
2026-05-05,15:17:49,61407,1,0.0000,0.0035,-0.0003,0.0103,1.0168,0,12.5202,0,0,10.7248,0.2377,-35.4270,5.4706,171.5571,0.000,0.000,0.094,0.0000,0.0000,0
2026-05-05,15:17:49,61442,1,0.0000,0.0000,0.0011,0.0323,1.0168,0,12.5202,0,0,10.7026,-0.2821,-35.3611,2.5915,171.5419,0.000,0.000,0.091,0.0000,0.0000,0
2026-05-05,15:17:49,61478,1,0.0000,0.0037,0.0003,0.0079,1.0168,0,12.5202,0,0,10.7093,-0.4066,-35.2368,5.2603,171.5128,0.000,0.000,0.088,0.0000,0.0000,0
2026-05-05,15:17:49,61513,1,0.0000,-0.0068,0.0002,0.0056,1.0168,0,12.5202,0,0,10.6789,-0.7120,-32.4724,65.5446,171.5193,0.000,0.000,0.085,0.0000,0.0000,0
2026-05-05,15:17:49,61549,1,0.0000,0.0073,-0.0013,0.0394,1.0168,0,12.5202,0,0,10.7095,1.0133,-30.0682,63.2734,171.5431,0.000,0.000,0.082,0.0000,0.0000,0
2026-05-05,15:17:49,61585,1,0.0000,-0.0028,0.0005,0.0150,1.0168,0,12.5202,0,0,10.7104,-0.3159,-30.0946,19.9166,171.5424,0.000,0.000,0.078,0.0000,0.0000,0
2026-05-05,15:17:49,61620,1,0.0000,-0.0018,-0.0007,0.0214,1.0168,0,12.5202,0,0,10.7015,-0.3823,-31.2749,-16.1421,171.5351,0.000,0.000,0.075,0.0000,0.0000,0
2026-05-05,15:17:49,61655,1,0.0000,0.0089,0.0006,0.0166,1.0168,0,12.5202,0,0,10.7122,0.2222,-31.7160,-12.9472,171.5517,0.000,0.000,0.072,0.0000,0.0000,0
2026-05-05,15:17:49,61691,1,0.0000,-0.0060,-0.0014,0.0410,1.0168,0,12.5202,0,0,10.7063,-0.4404,-33.2214,-37.7274,171.5640,0.000,0.000,0.069,0.0000,0.0000,0
2026-05-05,15:17:49,61726,1,0.0000,-0.0090,0.0002,0.0071,1.0168,0,12.5202,0,0,10.7170,0.0583,-34.3097,-32.8564,171.5442,0.000,0.000,0.066,0.0000,0.0000,0
2026-05-05,15:17:49,61761,1,0.0000,-0.0088,0.0006,0.0173,1.0168,0,12.5202,0,0,10.7131,0.1228,-35.0178,-23.4490,171.5332,0.000,0.000,0.062,0.0000,0.0000,0
2026-05-05,15:17:49,61796,1,0.0000,0.0015,-0.0003,0.0103,1.0168,0,12.5202,0,0,10.7106,0.0345,-35.1514,-9.7748,171.5608,0.000,0.000,0.059,0.0000,0.0000,0
2026-05-05,15:17:50,61831,1,0.0000,0.0045,-0.0005,0.0149,1.0168,0,12.5202,0,0,10.7084,0.4151,-35.5279,-10.8633,171.4743,0.000,0.000,0.056,0.0000,0.0000,0
2026-05-05,15:17:50,61866,1,0.0000,0.0098,0.0002,0.0063,1.0168,0,12.5202,0,0,10.6940,-1.9389,-36.3261,-22.4266,171.4870,0.000,0.000,0.053,0.0000,0.0000,0
2026-05-05,15:17:50,61902,1,0.0000,0.0043,0.0000,0.0008,1.0168,0,12.5202,0,0,10.6719,-0.0127,-36.2784,0.2950,171.5224,0.000,0.000,0.050,0.0000,0.0000,0
2026-05-05,15:17:50,61937,1,0.0000,0.0031,-0.0018,0.0544,1.0168,0,12.5202,0,0,10.7208,1.0161,-34.6129,33.8678,171.4936,0.000,0.000,0.046,0.0000,0.0000,0
2026-05-05,15:17:50,61972,1,0.0000,-0.0036,0.0008,0.0222,1.0168,0,12.5202,0,0,10.6767,-1.8216,-33.7254,26.7518,171.5144,0.000,0.000,0.043,0.0000,0.0000,0
2026-05-05,15:17:50,62007,1,0.0000,-0.0168,0.0006,0.0173,1.0168,0,12.5202,0,0,10.6615,0.2107,-33.2255,22.5640,171.5098,0.000,0.000,0.040,0.0000,0.0000,0
2026-05-05,15:17:50,62042,1,0.0000,0.0109,-0.0009,0.0252,1.0168,0,12.5202,0,0,10.7013,1.3114,-32.2088,25.6067,171.5087,0.000,0.000,0.037,0.0000,0.0000,0
2026-05-05,15:17:50,62078,1,0.0000,0.0021,0.0012,0.0346,1.0168,0,12.5202,0,0,10.6421,-0.9754,-32.2255,10.0077,171.5262,0.000,0.000,0.034,0.0000,0.0000,0
2026-05-05,15:17:50,62113,1,0.0000,-0.0079,0.0019,0.0561,1.0168,0,12.5202,0,0,10.6603,0.1329,-32.2052,2.2617,171.2462,0.000,0.000,0.030,0.0000,0.0000,0
2026-05-05,15:17:50,62148,1,0.0000,0.0053,0.0010,0.0293,1.0168,0,12.5202,0,0,10.6813,-0.3500,-32.8768,-7.4174,170.9460,0.000,0.000,0.027,0.0000,0.0000,0
2026-05-05,15:17:50,62183,1,0.0000,0.0068,0.0018,0.0527,1.0168,0,12.5202,0,0,10.7160,1.0906,-33.1580,-6.2835,170.8568,0.000,0.000,0.024,0.0000,0.0000,0
2026-05-05,15:17:50,62218,1,0.0000,-0.0067,-0.0000,0.0008,1.0168,0,12.5202,0,0,10.8781,4.5620,-32.5079,12.8515,170.5704,0.000,0.000,0.021,0.0000,0.0000,0
2026-05-05,15:17:50,62254,1,0.0000,-0.0047,0.0013,0.0380,1.0169,0,12.5202,0,0,10.9544,1.7682,-31.4242,33.9711,169.8430,0.000,0.000,0.018,0.0000,0.0000,0
2026-05-05,15:17:50,62287,1,0.0000,0.0066,0.0006,0.0181,1.0168,0,12.5202,0,0,11.1851,3.9611,-33.0891,15.6989,169.3858,0.000,0.000,0.016,0.0000,0.0000,0
2026-05-05,15:17:50,62322,1,0.0000,-0.0059,0.0008,0.0225,1.0169,0,12.5202,0,0,11.3910,5.2942,-27.9310,132.2565,169.3837,0.000,0.000,0.013,0.0000,0.0000,0
2026-05-05,15:17:50,62357,1,0.0000,0.0090,-0.0003,0.0095,1.0168,0,12.5202,0,0,11.5556,3.7896,-16.5479,299.0152,169.6784,0.000,0.000,0.010,0.0000,0.0000,0
2026-05-05,15:17:50,62392,1,0.0000,-0.0013,-0.0001,0.0026,1.0169,0,12.5202,0,0,11.7201,4.5845,-2.2623,408.2440,170.1208,0.000,0.000,0.006,0.0000,0.0000,0
2026-05-05,15:17:50,62427,1,0.0000,0.0045,0.0006,0.0173,1.0168,0,12.5202,0,0,11.9142,4.1118,12.4397,449.0434,170.0153,0.000,0.000,0.003,0.0000,0.0000,0
2026-05-05,15:17:50,62462,1,0.0000,0.0062,0.0016,0.0466,1.0168,0,12.5202,0,0,11.9946,1.5862,26.2133,444.6512,170.1508,0.000,0.000,0.000,0.0000,0.0000,0
2026-05-05,15:17:50,62498,1,0.0000,0.0094,0.0004,0.0129,1.0168,0,12.5202,0,0,12.1871,5.2691,38.1881,401.7495,170.5558,0.000,0.000,0.000,0.0000,0.0000,0
2026-05-05,15:17:50,62533,1,0.0000,0.0029,-0.0009,0.0276,1.0168,0,12.5202,0,0,12.3198,2.9886,48.4249,354.2643,171.2837,0.000,0.000,0.000,0.0000,0.0000,0
2026-05-05,15:17:50,62568,1,0.0000,0.0056,0.0001,0.0042,1.0168,0,12.5202,0,0,12.3354,0.1776,57.6013,312.5931,172.2373,0.000,0.000,0.000,0.0000,0.0000,0
2026-05-05,15:17:50,62603,1,0.0000,-0.0023,0.0007,0.0207,1.0168,0,12.5202,0,0,12.3665,0.5185,65.3907,268.7446,172.8481,0.000,0.032,0.000,0.0000,0.0000,0
2026-05-05,15:17:50,62638,1,0.0000,0.0043,0.0006,0.0164,1.0169,0,12.5202,0,0,12.2415,-4.7577,71.6171,220.2421,173.1665,0.000,0.096,0.000,0.0000,0.0000,0
2026-05-05,15:17:50,62673,1,0.0000,0.0041,0.0015,0.0449,1.0169,0,12.5202,0,0,12.1850,-1.2175,76.4980,175.8235,173.2926,0.000,0.160,0.000,0.0000,0.0000,0
2026-05-05,15:17:50,62708,1,0.0000,-0.0038,0.0003,0.0077,1.0169,0,12.5202,0,0,12.2476,2.0753,80.2663,137.7957,173.3672,0.000,0.224,0.000,0.0000,0.0000,0
2026-05-05,15:17:50,62743,1,0.0000,-0.0105,0.0009,0.0276,1.0169,0,12.5202,0,0,12.2239,-1.5345,83.1283,107.3921,173.1290,0.000,0.288,0.000,0.0000,0.0000,0
2026-05-05,15:17:50,62778,1,0.0000,0.0049,0.0015,0.0447,1.0170,0,12.5202,0,0,12.1200,-3.8525,84.8706,73.3101,172.7917,0.000,0.352,0.000,0.0000,0.0000,0
2026-05-05,15:17:51,62814,1,0.0000,-0.0249,0.0060,0.1772,1.0170,0,12.5202,0,0,12.2831,4.9893,85.0589,30.8939,171.7460,0.000,0.416,0.000,0.0000,0.0000,0
2026-05-05,15:17:51,62850,1,0.0000,-0.0043,0.0067,0.1971,1.0171,0,12.5202,0,0,12.1043,-7.7141,82.8053,-27.7227,170.0980,0.000,0.480,0.000,0.0000,0.0000,0
2026-05-05,15:17:51,62885,1,0.0000,-0.0453,0.0121,0.3570,1.0174,0,12.5202,0,0,12.0364,-2.7799,79.3938,-68.0738,169.3432,0.000,0.544,0.016,0.0000,0.0000,0
2026-05-05,15:17:51,62920,1,0.0000,-0.0641,0.0237,0.6985,1.0180,0,12.5202,0,0,11.8566,-6.0938,76.8058,-60.5090,129.8742,0.000,0.608,0.048,0.0000,0.0000,0
2026-05-05,15:17:51,62955,1,0.0000,-0.0168,0.0253,0.7430,1.0182,0,12.5202,0,0,11.7526,-2.1595,77.6479,6.2025,85.6836,0.000,0.672,0.080,0.0000,0.0000,0
2026-05-05,15:17:51,62990,1,0.0000,0.0042,0.0276,0.8111,1.0182,0,12.5202,0,0,11.9552,4.4140,80.6910,61.8600,47.0495,0.000,0.736,0.112,0.0000,0.0000,0
2026-05-05,15:17:51,63025,1,0.0000,-0.0132,0.0278,0.8185,1.0182,0,12.5202,0,0,11.9025,-0.3871,83.7167,77.4344,54.0948,0.000,0.800,0.144,0.0000,0.0000,0
2026-05-05,15:17:51,63060,1,0.0000,-0.0226,0.0300,0.8833,1.0183,0,12.5202,0,0,11.9792,4.4705,85.4568,56.8006,71.5352,0.000,0.864,0.176,0.0000,0.0000,0
2026-05-05,15:17:51,63095,1,0.0000,-0.0155,0.0314,0.9224,1.0185,0,12.5202,0,0,12.1895,6.8144,85.5075,17.3768,85.9355,0.000,0.928,0.208,0.0000,0.0000,0
2026-05-05,15:17:51,63130,1,0.0000,-0.0023,0.0340,1.0002,1.0186,0,12.5202,0,0,12.3445,5.1710,85.0780,-0.4990,99.2218,0.000,0.992,0.240,0.0000,0.0000,0
2026-05-05,15:17:51,63165,1,0.0000,-0.0188,0.0346,1.0164,1.0187,0,12.5202,0,0,12.4047,1.5846,85.0902,1.6850,110.9201,0.000,0.960,0.272,0.0000,0.0000,0
2026-05-05,15:17:51,63202,1,0.0000,-0.0184,0.0350,1.0305,1.0187,0,12.5202,0,0,12.4114,3.2302,85.2555,3.8634,115.9280,0.000,0.936,0.296,0.0000,0.0000,0
2026-05-05,15:17:51,63237,1,0.0000,-0.0041,0.0366,1.0773,1.0188,0,12.5202,0,0,12.6275,6.1802,85.6490,9.9335,124.6870,0.000,0.904,0.328,0.0000,0.0000,0
2026-05-05,15:17:51,63272,1,0.0000,-0.0118,0.0386,1.1347,1.0188,0,12.5202,0,0,12.7885,5.2963,86.1164,12.5891,132.2467,0.000,0.872,0.360,0.0000,0.0000,0
2026-05-05,15:17:51,63307,1,0.0000,-0.0089,0.0382,1.1246,1.0189,0,12.5202,0,0,12.9384,4.5959,86.2892,7.9877,138.7898,0.000,0.840,0.392,0.0000,0.0000,0
2026-05-05,15:17:51,63342,1,0.0080,0.0079,0.0368,1.0816,1.0188,0,12.5202,1,1,13.0335,2.8301,86.4678,6.4805,144.3311,0.000,0.808,0.424,0.0000,0.0000,0
2026-05-05,15:17:51,63377,1,0.0080,0.0026,0.0386,1.1341,1.0188,0,12.5202,1,1,13.1728,4.5421,86.8110,9.3056,148.9154,0.000,0.776,0.456,0.0000,0.0000,0
2026-05-05,15:17:51,63413,1,0.0080,-0.0077,0.0407,1.1982,1.0188,0,12.5202,1,1,13.3590,5.5460,87.1612,10.6004,152.8003,0.000,0.744,0.488,0.0000,0.0000,0
2026-05-05,15:17:51,63449,1,3.6240,1.4154,0.2371,6.9745,1.0167,0,12.5202,453,1,14.2174,43.6429,87.4592,8.9140,156.2970,0.000,0.712,0.520,0.0000,0.0000,0
2026-05-05,15:17:51,63484,1,3.6240,3.7523,0.1514,4.4518,0.9910,0,12.5202,453,1,14.3744,-37.8520,87.9293,12.2516,158.8311,0.000,0.680,0.534,0.0000,0.0000,0
2026-05-05,15:17:51,63520,1,3.6240,3.6896,0.1461,4.2963,0.9632,0,12.5202,453,1,13.8772,-24.0755,87.8873,3.2150,160.5551,0.000,0.648,0.531,0.0000,0.0000,0
2026-05-05,15:17:51,63556,1,3.6800,3.6338,0.1503,4.4201,0.9346,0,12.5202,460,1,13.7227,-20.0426,87.6727,-3.4926,162.9143,0.000,0.616,0.528,0.0000,0.0000,0
2026-05-05,15:17:51,63591,1,3.6800,3.6556,0.1398,4.1111,0.9069,0,12.5202,460,1,12.8273,-16.2884,87.5430,-2.9212,118.6864,0.064,0.584,0.525,0.0000,0.0000,0
2026-05-05,15:17:51,63627,1,3.6720,3.6908,0.1472,4.3296,0.8788,0,12.5202,459,1,12.3142,-11.1929,87.9080,8.0310,75.4145,0.128,0.552,0.522,0.0000,0.0000,0
2026-05-05,15:17:51,63663,1,3.5600,3.6173,0.1484,4.3651,0.8503,0,12.5202,445,1,12.1398,-10.6045,89.9537,41.4047,58.8232,0.192,0.520,0.518,0.0000,0.0000,0
2026-05-05,15:17:51,63699,1,3.4720,3.5475,0.1363,4.0080,0.8229,0,12.5202,434,1,12.4855,17.8856,92.0865,49.3059,74.9044,0.232,0.488,0.515,0.0000,0.0000,0
2026-05-05,15:17:51,63735,1,3.1680,3.5428,0.1182,3.4768,0.7961,0,12.5202,396,1,13.1285,22.6874,92.3544,19.0155,88.4212,0.200,0.456,0.512,0.0000,0.0000,0
2026-05-05,15:17:51,63770,1,3.1680,3.1723,0.1251,3.6782,0.7716,0,12.5202,396,1,13.0072,-1.3938,91.9309,-0.9649,101.0603,0.168,0.424,0.509,0.0000,0.0000,0
2026-05-05,15:17:51,63805,1,3.1680,3.2714,0.1111,3.2687,0.7474,0,12.5202,396,1,13.1113,7.2692,91.6936,-5.6504,84.8680,0.136,0.392,0.506,0.0000,0.0000,0
2026-05-05,15:17:52,63841,1,2.8000,3.0783,0.1191,3.5036,0.7240,0,12.5202,350,1,13.1977,2.3828,91.3501,-8.6451,45.8333,0.104,0.360,0.502,0.0000,0.0000,0
2026-05-05,15:17:52,63877,1,2.8000,2.7953,0.1124,3.3071,0.7006,0,12.5202,350,1,12.2744,-30.2292,92.3216,13.3388,53.1783,0.096,0.328,0.499,0.0000,0.0000,0
2026-05-05,15:17:52,63912,1,2.8000,2.8152,0.1075,3.1630,0.6796,0,12.5202,350,1,12.4091,7.3666,93.1805,17.5825,70.6536,0.136,0.296,0.496,0.0000,0.0000,0
2026-05-05,15:17:52,63948,1,2.8000,2.8255,0.1020,3.0004,0.6581,0,12.5202,350,1,12.9911,15.4140,93.1144,4.4515,85.5560,0.104,0.264,0.493,0.0000,0.0000,0
2026-05-05,15:17:52,63983,1,2.8000,2.7656,0.1056,3.1069,0.6369,0,12.5202,350,1,12.8865,1.1767,93.3253,7.1145,98.8070,0.072,0.232,0.490,0.0000,0.0000,0
2026-05-05,15:17:52,64019,1,2.8000,2.8395,0.1027,3.0214,0.6151,0,12.5202,350,1,13.0851,9.2119,93.9274,12.7291,110.5843,0.040,0.200,0.486,0.0000,0.0000,0
2026-05-05,15:17:52,64054,1,2.8000,2.9241,0.0840,2.4697,0.5935,0,12.5202,350,1,13.7661,23.3639,94.2669,12.0610,120.5743,0.008,0.168,0.483,0.0000,0.0000,0
2026-05-05,15:17:52,64089,1,2.8000,2.7271,0.0852,2.5054,0.5725,0,12.5202,350,1,14.2137,11.7646,95.0037,18.4383,128.8019,0.000,0.136,0.480,0.0000,0.0000,0
2026-05-05,15:17:52,64124,1,2.8000,2.8191,0.0793,2.3322,0.5515,0,12.5202,350,1,13.7110,-4.2568,95.6606,18.4885,131.5930,0.000,0.112,0.478,0.0000,0.0000,0
2026-05-05,15:17:52,64159,1,2.8000,2.8468,0.0846,2.4894,0.5309,0,12.5202,350,0,13.5332,-0.4025,95.5252,-0.2397,138.0390,0.000,0.080,0.474,0.0000,0.0000,0
2026-05-05,15:17:52,64194,1,2.8000,2.6995,0.0964,2.8339,0.5103,0,12.5202,350,0,13.7893,14.4900,93.4377,-47.5368,143.6008,0.000,0.048,0.471,0.0000,0.0000,0
2026-05-05,15:17:52,64229,1,2.8000,2.9080,0.0869,2.5573,0.4888,0,12.5202,350,0,14.3658,19.2020,89.7007,-96.0318,148.1741,0.000,0.016,0.468,0.0000,0.0000,0
2026-05-05,15:17:52,64264,1,2.8000,2.7862,0.0907,2.6678,0.4678,0,12.5202,350,0,14.9823,20.4852,85.6354,-117.8454,152.0357,0.000,0.000,0.465,0.0000,0.0000,0
2026-05-05,15:17:52,64299,1,2.8000,2.8114,0.0826,2.4282,0.4468,0,12.5202,350,0,15.5445,17.1077,81.4317,-128.0558,155.5186,0.000,0.000,0.462,0.0000,0.0000,0
2026-05-05,15:17:52,64334,1,2.8000,2.8298,0.0795,2.3391,0.4255,0,12.5202,350,0,15.6974,9.6371,77.2294,-131.1909,158.5718,0.000,0.000,0.458,0.0000,0.0000,0
2026-05-05,15:17:52,64369,1,2.8000,2.7963,0.0802,2.3593,0.4048,0,12.5202,350,0,15.9576,10.8941,73.9766,-112.1605,161.2296,0.000,0.000,0.455,0.0000,0.0000,0
2026-05-05,15:17:52,64404,1,2.8000,2.8238,0.0726,2.1364,0.3837,0,12.5202,350,0,16.2648,13.8221,71.3731,-93.4816,163.2617,0.000,0.000,0.452,0.0000,0.0000,0
2026-05-05,15:17:52,64439,1,2.8000,2.8554,0.0669,1.9691,0.3619,0,12.5202,350,0,16.9701,26.6616,68.9130,-84.6918,164.7310,0.000,0.000,0.449,0.0000,0.0000,0
2026-05-05,15:17:52,64474,1,2.8000,2.7988,0.0720,2.1191,0.3414,0,12.5202,350,0,17.8558,28.5805,66.1086,-88.1267,166.0306,0.000,0.000,0.446,0.0000,0.0000,0
2026-05-05,15:17:52,64509,1,2.8000,2.8762,0.0620,1.8236,0.3201,0,12.5202,350,0,18.3499,14.1464,63.5362,-83.1835,167.2600,0.000,0.000,0.442,0.0000,0.0000,0
2026-05-05,15:17:52,64544,1,2.8000,2.7400,0.0667,1.9630,0.2990,0,12.5202,350,0,18.7507,12.5677,61.2428,-76.2381,168.3500,0.000,0.000,0.439,0.0000,0.0000,0
2026-05-05,15:17:52,64579,1,2.8000,2.8226,0.0608,1.7880,0.2781,0,12.5202,350,0,19.1811,12.4708,59.7187,-57.5012,169.3610,0.000,0.000,0.436,0.0000,0.0000,0
2026-05-05,15:17:52,64614,1,2.8000,2.8289,0.0572,1.6819,0.2572,0,12.5202,350,0,19.5441,15.6167,58.7760,-39.1987,170.0397,0.000,0.000,0.433,0.0000,0.0000,0
2026-05-05,15:17:52,64650,1,2.8000,2.7425,0.0573,1.6849,0.2356,0,12.5202,350,0,20.0979,21.6189,58.2124,-25.2669,170.6502,0.000,0.000,0.430,0.0000,0.0000,0
2026-05-05,15:17:52,64686,1,2.6960,2.8253,0.0582,1.7124,0.2140,0,12.5202,337,1,20.2363,6.6805,57.7932,-18.0865,171.1948,0.000,0.000,0.426,0.0000,0.0000,0
2026-05-05,15:17:52,64722,1,2.6960,2.6701,0.0614,1.8067,0.1933,0,12.5202,337,1,20.4925,8.6935,57.3596,-15.9277,171.5991,0.000,0.000,0.423,0.0000,0.0000,0
2026-05-05,15:17:52,64758,1,2.6960,2.6370,0.0636,1.8706,0.1727,0,12.5202,337,1,20.8819,12.9844,56.4005,-26.9791,171.8934,0.000,0.000,0.420,0.0000,0.0000,0
2026-05-05,15:17:52,64794,1,2.6960,2.7494,0.0521,1.5327,0.1521,0,12.5202,337,1,21.2762,15.5975,54.5491,-48.0583,172.1072,0.000,0.000,0.417,0.0000,0.0000,0
2026-05-05,15:17:53,64829,1,2.6960,2.6725,0.0559,1.6454,0.1316,0,12.5202,337,1,22.0683,26.5348,52.4115,-60.8363,172.3889,0.000,0.000,0.414,0.0000,0.0000,0
2026-05-05,15:17:53,64865,1,2.6960,2.6715,0.0575,1.6920,0.1109,0,12.5202,337,1,22.7404,21.1585,50.6025,-57.5416,172.6497,0.000,0.000,0.410,0.0000,0.0000,0
2026-05-05,15:17:53,64901,1,2.6880,2.7985,0.0425,1.2497,0.0898,0,12.5202,336,1,23.2297,17.5897,49.4003,-44.5040,172.8844,0.000,0.000,0.407,0.0000,0.0000,0
2026-05-05,15:17:53,64938,1,2.6960,2.6728,0.0469,1.3804,0.0691,0,12.5202,337,1,23.8161,21.5852,48.4270,-36.3528,173.0152,0.000,0.000,0.404,0.0000,0.0000,0
2026-05-05,15:17:53,64973,1,2.6960,2.7110,0.0390,1.1484,0.0483,0,12.5202,337,1,24.4391,20.8129,47.2863,-37.2107,173.0991,0.000,0.000,0.401,0.0000,0.0000,0
2026-05-05,15:17:53,65009,1,2.6960,2.7114,0.0318,0.9345,0.0271,0,12.5202,337,1,25.0825,22.3457,46.0144,-39.0456,173.2616,0.000,0.000,0.398,0.0000,0.0000,0
2026-05-05,15:17:53,65048,1,2.6960,2.6952,0.0405,1.1910,0.0045,0,12.5202,337,1,25.4390,17.1591,45.4631,-32.3737,173.2976,0.000,0.000,0.395,0.0000,0.0000,0
2026-05-05,15:17:53,65084,1,2.6880,0.1724,-0.0407,1.1957,-0.0100,0,12.5202,336,1,26.4093,40.8100,44.8045,-24.5723,173.1860,0.000,0.000,0.392,0.0000,0.0000,0
2026-05-05,15:17:53,65120,1,2.6880,0.0798,0.0032,0.0934,-0.0080,0,12.5202,336,1,30.6617,120.5197,44.7163,-9.0527,173.2094,0.000,0.000,0.389,0.0000,0.0000,0
2026-05-05,15:17:53,65156,1,2.6880,-0.0693,-0.0016,0.0478,-0.0083,0,12.5202,336,1,35.0007,100.6483,46.1571,28.0088,173.3859,0.000,0.000,0.386,0.0000,0.0000,0
2026-05-05,15:17:53,65192,1,2.6960,0.0525,-0.0059,0.1735,-0.0084,0,12.5202,337,1,36.1723,5.3000,50.2068,97.8915,173.5629,0.000,0.000,0.382,0.0000,0.0000,0
2026-05-05,15:17:53,65227,1,2.6880,0.0232,-0.0028,0.0838,-0.0083,0,12.5202,336,1,33.7113,-95.4855,56.9445,176.9762,173.5927,0.000,0.000,0.379,0.0000,0.0000,0
2026-05-05,15:17:53,65263,1,2.6880,-0.0081,-0.0047,0.1374,-0.0083,0,12.5202,336,1,29.2558,-134.8752,65.1199,231.9816,173.5709,0.000,0.000,0.376,0.0000,0.0000,0
2026-05-05,15:17:53,65299,1,2.6880,0.0036,-0.0052,0.1515,-0.0084,0,12.5202,336,1,25.7900,-104.1642,73.1679,246.9658,173.6482,0.000,0.000,0.373,0.0000,0.0000,0
2026-05-05,15:17:53,65334,1,2.6880,0.0065,-0.0047,0.1384,-0.0083,0,12.5202,336,1,23.6817,-69.7227,80.5622,234.0799,173.7339,0.000,0.000,0.370,0.0000,0.0000,0
2026-05-05,15:17:53,65370,1,2.6960,-0.0103,-0.0050,0.1478,-0.0083,0,12.5202,337,1,21.8182,-61.5552,86.8038,208.8806,173.7488,0.000,0.000,0.366,0.0000,0.0000,0
2026-05-05,15:17:53,65406,1,2.6960,0.0031,-0.0023,0.0687,-0.0084,0,12.5202,337,1,19.9785,-58.1399,91.3084,161.6829,173.7489,0.000,0.000,0.363,0.0000,0.0000,0
2026-05-05,15:17:53,65442,1,2.6960,0.0092,-0.0050,0.1457,-0.0084,0,12.5202,337,1,18.5965,-43.2884,94.5433,122.4101,173.7704,0.000,0.000,0.360,0.0000,0.0000,0
2026-05-05,15:17:53,65478,1,2.6880,0.0090,-0.0030,0.0896,-0.0083,0,12.5202,336,1,17.4135,-39.1647,97.0479,93.7445,173.8099,0.000,0.000,0.357,0.0000,0.0000,0
2026-05-05,15:17:53,65514,1,2.6880,-0.0024,-0.0047,0.1374,-0.0083,0,12.5202,336,1,16.2745,-36.0269,98.8670,70.2499,173.8348,0.000,0.000,0.354,0.0000,0.0000,0
2026-05-05,15:17:53,65550,1,2.6880,0.0085,-0.0048,0.1420,-0.0084,0,12.5202,336,1,15.4210,-27.3212,100.4672,56.2911,173.7993,0.000,0.000,0.350,0.0000,0.0000,0
2026-05-05,15:17:53,65587,1,2.6880,0.0019,-0.0040,0.1164,-0.0083,0,12.5202,336,1,14.6658,-25.5058,101.6184,42.9528,173.7895,0.000,0.000,0.347,0.0000,0.0000,0
2026-05-05,15:17:53,65622,1,2.6880,-0.0192,-0.0015,0.0433,-0.0083,0,12.5202,336,1,13.8127,-27.9178,102.6905,38.0774,173.8537,0.000,0.000,0.344,0.0000,0.0000,0
2026-05-05,15:17:53,65658,1,2.6720,-0.0422,0.0079,0.2334,-0.0078,0,12.5202,334,1,10.1028,-115.5811,103.1096,19.8920,173.9162,0.000,0.000,0.341,0.0000,0.0000,0
2026-05-05,15:17:53,65694,1,2.5840,-0.0286,0.0074,0.2165,-0.0077,0,12.5202,323,1,5.9019,-94.8481,101.7540,-22.9356,173.8712,0.000,0.000,0.338,0.0000,0.0000,0
2026-05-05,15:17:53,65729,1,2.5280,-0.0404,0.0165,0.4841,-0.0073,0,12.5202,316,1,4.8891,-14.4355,98.1667,-86.5116,173.8982,0.000,0.000,0.334,0.0000,0.0000,0
2026-05-05,15:17:53,65765,1,2.5040,-0.0283,0.0191,0.5630,-0.0072,0,12.5202,313,1,6.4941,71.0499,92.6429,-147.1785,173.8656,0.000,0.000,0.331,0.0000,0.0000,0
2026-05-05,15:17:53,65801,1,2.4800,-0.0029,0.0206,0.6071,-0.0070,0,12.5202,310,1,9.7650,100.1023,85.8901,-189.8934,173.8518,0.000,0.000,0.328,0.0000,0.0000,0
2026-05-05,15:17:54,65837,1,2.4480,0.0033,0.0195,0.5735,-0.0070,0,12.5202,306,1,12.8016,91.5077,79.4735,-196.6541,173.8496,0.000,0.000,0.325,0.0000,0.0000,0
2026-05-05,15:17:54,65873,1,2.4080,-0.0002,0.0197,0.5796,-0.0070,0,12.5202,301,1,15.1280,70.7665,74.4176,-171.5889,173.8384,0.000,0.000,0.322,0.0000,0.0000,0
2026-05-05,15:17:54,65909,1,2.3280,0.0085,0.0196,0.5776,-0.0071,0,12.5202,291,1,16.8222,49.2287,70.4727,-139.3475,173.8784,0.000,0.000,0.318,0.0000,0.0000,0
2026-05-05,15:17:54,65943,1,2.1760,-0.0077,0.0211,0.6211,-0.0071,0,12.5202,272,1,17.1250,25.5177,69.2203,-106.9953,173.8505,0.000,0.000,0.316,0.0000,0.0000,0
2026-05-05,15:17:54,65979,1,1.9360,-0.0014,0.0208,0.6112,-0.0071,0,12.5202,242,1,17.7614,21.4886,66.4639,-92.6700,173.8544,0.000,0.000,0.313,0.0000,0.0000,0
2026-05-05,15:17:54,66015,1,0.3600,-0.0166,0.0216,0.6350,-0.0070,0,12.5202,45,1,17.8436,4.4667,64.4162,-73.1218,173.8538,0.000,0.000,0.310,0.0000,0.0000,0
2026-05-05,15:17:54,66051,1,0.0000,-0.0256,0.0232,0.6810,-0.0069,0,12.5202,0,1,17.5776,-1.3458,62.5105,-64.1955,173.8913,0.000,0.000,0.306,0.0000,0.0000,0
2026-05-05,15:17:54,66087,1,0.0000,-0.0196,0.0264,0.7766,-0.0067,0,12.5202,0,1,17.8147,15.7379,60.7125,-58.6569,173.8607,0.000,0.000,0.303,0.0000,0.0000,0
2026-05-05,15:17:54,66123,1,0.0000,-0.0113,0.0269,0.7911,-0.0066,0,12.5202,0,1,18.5678,28.0746,59.1369,-53.0080,173.9170,0.000,0.000,0.300,0.0000,0.0000,0
2026-05-05,15:17:54,66159,1,0.0000,-0.0129,0.0296,0.8694,-0.0065,0,12.5202,0,1,19.6838,35.8571,57.6836,-48.4626,173.8922,0.000,0.000,0.297,0.0000,0.0000,0
2026-05-05,15:17:54,66194,1,0.0000,0.0006,0.0298,0.8761,-0.0065,0,12.5202,0,1,20.7795,34.6635,56.7712,-34.6981,173.8389,0.000,0.000,0.294,0.0000,0.0000,0
2026-05-05,15:17:54,66230,1,0.0000,0.0048,0.0285,0.8388,-0.0065,0,12.5202,0,1,21.6357,28.0017,55.9090,-30.0478,173.8401,0.000,0.000,0.290,0.0000,0.0000,0
2026-05-05,15:17:54,66266,1,0.0000,0.0148,0.0257,0.7555,-0.0066,0,12.5202,0,1,22.7740,36.9556,55.1253,-26.3692,173.8374,0.000,0.000,0.287,0.0000,0.0000,0
2026-05-05,15:17:54,66302,1,0.0000,0.0398,0.0193,0.5682,-0.0069,0,12.5202,0,1,25.0976,67.8644,54.5282,-21.2982,173.8260,0.000,0.000,0.284,0.0000,0.0000,0
2026-05-05,15:17:54,66338,1,0.0000,0.0148,0.0181,0.5321,-0.0071,0,12.5202,0,1,27.4536,57.1049,54.4349,-9.4295,173.8522,0.000,0.000,0.281,0.0000,0.0000,0
2026-05-05,15:17:54,66374,1,0.0000,-0.0066,0.0175,0.5144,-0.0071,0,12.5202,0,1,28.2187,8.4558,55.2354,14.7982,173.8483,0.000,0.000,0.278,0.0000,0.0000,0
2026-05-05,15:17:54,66410,1,0.0000,-0.0179,0.0189,0.5556,-0.0071,0,12.5202,0,1,26.7454,-54.9782,57.1184,45.4284,173.7646,0.000,0.000,0.274,0.0000,0.0000,0
2026-05-05,15:17:54,66445,1,0.0000,0.0152,0.0171,0.5022,-0.0071,0,12.5202,0,1,23.4125,-89.0961,59.4312,64.2792,173.7398,0.000,0.000,0.271,0.0000,0.0000,0
2026-05-05,15:17:54,66480,1,0.0000,0.0152,0.0136,0.4009,-0.0073,0,12.5202,0,1,23.1975,2.7151,61.3456,60.5734,173.8894,0.000,0.000,0.268,0.0000,0.0000,0
2026-05-05,15:17:54,66516,1,0.0000,0.0043,0.0124,0.3639,-0.0074,0,12.5202,0,1,24.6167,31.2550,62.9945,55.0100,173.9060,0.000,0.000,0.265,0.0000,0.0000,0
2026-05-05,15:17:54,66551,1,0.0000,-0.0021,0.0137,0.4043,-0.0074,0,12.5202,0,1,24.6007,-9.5024,64.7440,55.2434,173.9259,0.000,0.000,0.262,0.0000,0.0000,0
2026-05-05,15:17:54,66586,1,0.0000,-0.0004,0.0133,0.3916,-0.0074,0,12.5202,0,1,24.0441,-18.2023,66.6573,58.6288,173.8800,0.000,0.000,0.258,0.0000,0.0000,0
2026-05-05,15:17:54,66622,1,0.0000,0.0084,0.0111,0.3276,-0.0075,0,12.5202,0,1,23.5359,-18.3842,68.3591,55.2093,173.8878,0.000,0.000,0.255,0.0000,0.0000,0
2026-05-05,15:17:54,66657,1,0.0000,0.0060,0.0083,0.2443,-0.0076,0,12.5202,0,1,22.9015,-20.6751,70.0281,53.2412,173.9353,0.000,0.000,0.252,0.0000,0.0000,0
2026-05-05,15:17:54,66692,1,0.0000,0.0201,0.0049,0.1445,-0.0077,0,12.5202,0,0,22.9157,-1.1168,71.5671,50.0777,173.9323,0.000,0.000,0.249,0.0000,0.0000,0
2026-05-05,15:17:54,66727,1,0.0000,0.0072,0.0013,0.0391,-0.0079,0,12.5202,0,0,23.1173,-2.9307,73.1009,49.1516,173.9163,0.000,0.000,0.246,0.0000,0.0000,0
2026-05-05,15:17:54,66762,1,0.0000,0.0077,0.0032,0.0935,-0.0079,0,12.5202,0,0,22.3920,-28.2655,75.0893,58.4130,173.9221,0.000,0.000,0.242,0.0000,0.0000,0
2026-05-05,15:17:54,66797,1,0.0000,0.0052,0.0019,0.0571,-0.0079,0,12.5202,0,0,21.4570,-29.9451,77.2271,63.4943,173.9289,0.000,0.000,0.239,0.0000,0.0000,0
2026-05-05,15:17:55,66832,1,0.0000,0.0083,0.0027,0.0786,-0.0080,0,12.5202,0,0,20.6027,-29.9549,79.3963,68.0585,173.9289,0.000,0.000,0.236,0.0000,0.0000,0
2026-05-05,15:17:55,66867,1,0.0000,0.0118,-0.0001,0.0022,-0.0080,0,12.5202,0,0,20.3681,-17.8598,80.2701,55.7225,173.8857,0.000,0.000,0.234,0.0000,0.0000,0
2026-05-05,15:17:55,66902,1,0.0000,0.0045,0.0001,0.0020,-0.0081,0,12.5202,0,0,19.5712,-24.4050,82.7159,69.8979,173.8985,0.000,0.000,0.230,0.0000,0.0000,0
2026-05-05,15:17:55,66937,1,0.0000,0.0029,-0.0005,0.0146,-0.0081,0,12.5202,0,0,18.9000,-24.3915,85.0127,70.8129,173.9144,0.000,0.000,0.227,0.0000,0.0000,0
2026-05-05,15:17:55,66972,1,0.0000,0.0011,-0.0001,0.0021,-0.0081,0,12.5202,0,0,18.0845,-27.5957,86.7322,59.1265,173.9439,0.000,0.000,0.224,0.0000,0.0000,0
2026-05-05,15:17:55,67008,1,0.0000,-0.0091,-0.0008,0.0229,-0.0081,0,12.5202,0,0,17.4898,-20.0699,88.1558,50.2582,173.9310,0.000,0.000,0.221,0.0000,0.0000,0
2026-05-05,15:17:55,67043,1,0.0000,0.0016,-0.0012,0.0351,-0.0081,0,12.5202,0,0,16.9524,-19.6469,90.0907,58.0197,173.9117,0.000,0.000,0.218,0.0000,0.0000,0
2026-05-05,15:17:55,67078,1,0.0000,-0.0120,0.0002,0.0067,-0.0081,0,12.5202,0,0,16.3507,-20.3348,91.7675,53.5230,173.9174,0.000,0.000,0.214,0.0000,0.0000,0
2026-05-05,15:17:55,67114,1,0.0000,0.0083,-0.0010,0.0290,-0.0081,0,12.5202,0,0,15.8367,-17.1005,92.9288,43.3362,173.9119,0.000,0.000,0.211,0.0000,0.0000,0
2026-05-05,15:17:55,67149,1,0.0000,0.0007,-0.0011,0.0313,-0.0081,0,12.5202,0,0,15.2952,-18.2098,94.4148,45.9335,173.9080,0.000,0.000,0.208,0.0000,0.0000,0
2026-05-05,15:17:55,67184,1,0.0000,-0.0015,-0.0013,0.0375,-0.0081,0,12.5202,0,0,14.7348,-17.3329,95.9165,45.6424,173.9064,0.000,0.000,0.205,0.0000,0.0000,0
2026-05-05,15:17:55,67219,1,0.0000,0.0027,-0.0009,0.0267,-0.0081,0,12.5202,0,0,14.3117,-13.9611,96.9771,37.9857,173.9278,0.000,0.000,0.202,0.0000,0.0000,0
2026-05-05,15:17:55,67254,1,0.0000,0.0006,-0.0014,0.0398,-0.0081,0,12.5202,0,0,13.9358,-12.8408,98.0044,34.4043,173.9249,0.000,0.000,0.198,0.0000,0.0000,0
2026-05-05,15:17:55,67289,1,0.0000,0.0058,-0.0013,0.0379,-0.0081,0,12.5202,0,0,13.5615,-12.1293,98.8746,29.7021,173.9164,0.000,0.000,0.195,0.0000,0.0000,0
2026-05-05,15:17:55,67324,1,0.0000,-0.0159,-0.0004,0.0124,-0.0081,0,12.5202,0,0,13.2969,-8.4963,99.5986,24.0635,173.9121,0.000,0.000,0.192,0.0000,0.0000,0
2026-05-05,15:17:55,67359,1,0.0000,0.0034,-0.0018,0.0522,-0.0081,0,12.5202,0,0,13.0452,-8.3047,100.1230,20.5390,173.9048,0.000,0.000,0.189,0.0000,0.0000,0
2026-05-05,15:17:55,67394,1,0.0000,0.0066,-0.0011,0.0313,-0.0081,0,12.5202,0,0,12.8107,-6.9473,100.6941,17.3473,173.9189,0.000,0.000,0.186,0.0000,0.0000,0
2026-05-05,15:17:55,67430,1,0.0000,-0.0071,0.0001,0.0027,-0.0081,0,12.5202,0,0,12.6503,-5.2405,100.8854,10.5698,173.9105,0.000,0.000,0.182,0.0000,0.0000,0
2026-05-05,15:17:55,67465,1,0.0000,0.0095,-0.0006,0.0190,-0.0081,0,12.5202,0,0,12.5209,-4.4121,101.3541,12.3808,173.9256,0.000,0.000,0.179,0.0000,0.0000,0
2026-05-05,15:17:55,67500,1,0.0000,0.0044,-0.0011,0.0313,-0.0081,0,12.5202,0,0,12.3715,-4.8505,101.2621,1.4710,173.9180,0.000,0.000,0.176,0.0000,0.0000,0
2026-05-05,15:17:55,67535,1,0.0000,-0.0038,-0.0004,0.0124,-0.0081,0,12.5202,0,0,12.2574,-3.9360,100.9866,-5.0223,173.9188,0.000,0.000,0.173,0.0000,0.0000,0
2026-05-05,15:17:55,67570,1,0.0000,-0.0014,-0.0015,0.0437,-0.0081,0,12.5202,0,0,12.1254,-4.3218,100.7546,-6.4203,173.9300,0.000,0.000,0.170,0.0000,0.0000,0
2026-05-05,15:17:55,67605,1,0.0000,-0.0030,-0.0006,0.0190,-0.0081,0,12.5202,0,0,12.0365,-2.9228,100.7176,-3.2772,173.9257,0.000,0.000,0.166,0.0000,0.0000,0
2026-05-05,15:17:55,67640,1,0.0000,-0.0068,-0.0007,0.0209,-0.0081,0,12.5202,0,0,11.9560,-2.1670,100.6737,-1.3724,173.9249,0.000,0.000,0.163,0.0000,0.0000,0
2026-05-05,15:17:55,67675,1,0.0000,-0.0010,-0.0016,0.0479,-0.0081,0,12.5202,0,0,11.8910,-2.0277,100.7080,1.4644,173.9329,0.000,0.000,0.160,0.0000,0.0000,0
2026-05-05,15:17:55,67710,1,0.0000,0.0008,-0.0018,0.0522,-0.0081,0,12.5202,0,0,11.8154,-2.3819,100.7776,0.8066,173.9162,0.000,0.000,0.157,0.0000,0.0000,0
2026-05-05,15:17:55,67745,1,0.0000,0.0063,-0.0010,0.0294,-0.0081,0,12.5202,0,0,11.7978,-0.8554,100.5649,-4.5297,173.9290,0.000,0.000,0.154,0.0000,0.0000,0
2026-05-05,15:17:55,67783,1,0.0000,0.0053,-0.0006,0.0190,-0.0081,0,12.5202,0,0,11.7667,-1.5635,100.3584,-6.5767,173.9064,0.000,0.000,0.151,0.0000,0.0000,0
2026-05-05,15:17:56,67818,1,0.0000,0.0028,-0.0015,0.0437,-0.0081,0,12.5202,0,0,11.7334,-0.8855,100.0458,-7.5453,173.9034,0.000,0.000,0.148,0.0000,0.0000,0
2026-05-05,15:17:56,67853,1,0.0000,0.0129,-0.0023,0.0670,-0.0081,0,12.5202,0,0,11.7027,-0.7576,100.3490,5.5640,173.9143,0.000,0.000,0.145,0.0000,0.0000,0
2026-05-05,15:17:56,67888,1,0.0000,0.0092,-0.0010,0.0289,-0.0081,0,12.5202,0,0,11.6740,-0.5080,100.9778,14.3109,173.9217,0.000,0.000,0.142,0.0000,0.0000,0
2026-05-05,15:17:56,67923,1,0.0000,-0.0018,0.0002,0.0062,-0.0081,0,12.5202,0,0,11.6499,-0.7270,101.4883,15.9069,173.9276,0.000,0.000,0.138,0.0000,0.0000,0
2026-05-05,15:17:56,67960,1,0.0000,0.0041,-0.0005,0.0147,-0.0081,0,12.5202,0,0,11.6454,-0.4727,101.6805,8.8432,173.9335,0.000,0.000,0.135,0.0000,0.0000,0
2026-05-05,15:17:56,67995,1,0.0000,-0.0072,-0.0014,0.0417,-0.0081,0,12.5202,0,0,11.6580,0.5056,101.6554,2.7448,173.9515,0.000,0.000,0.132,0.0000,0.0000,0
2026-05-05,15:17:56,68030,1,0.0000,-0.0199,0.0003,0.0084,-0.0081,0,12.5202,0,0,11.6728,0.2001,101.6552,1.2564,173.9407,0.000,0.000,0.129,0.0000,0.0000,0
2026-05-05,15:17:56,68065,1,0.0000,-0.1449,0.0074,0.2167,-0.0078,0,12.5202,0,0,12.2767,28.9600,101.2178,-10.7158,171.8926,0.000,0.000,0.126,0.0000,0.0000,0
2026-05-05,15:17:56,68100,1,0.0000,0.1665,0.0380,1.1165,-0.0056,0,12.5202,0,0,12.8581,-23.4083,97.8668,-57.6860,169.9287,0.000,0.000,0.122,0.0000,0.0000,0
2026-05-05,15:17:56,68136,1,0.0000,-0.1075,0.0282,0.8287,-0.0068,0,12.5202,0,0,11.5820,-6.8608,97.7625,-5.3406,131.5505,0.016,0.000,0.119,0.0000,0.0000,0
2026-05-05,15:17:56,68171,1,0.0000,0.0038,0.0283,0.8323,-0.0066,0,12.5202,0,0,12.8873,24.1688,102.2136,90.8569,88.1274,0.008,0.000,0.116,0.0000,0.0000,0
2026-05-05,15:17:56,68206,1,0.0000,-0.0022,0.0264,0.7769,-0.0066,0,12.5202,0,0,10.8675,-64.5971,108.4065,146.8773,49.1240,0.000,0.000,0.113,0.0000,0.0000,0
2026-05-05,15:17:56,68242,1,0.0000,-0.0684,0.0344,1.0110,-0.0064,0,12.5202,0,0,9.0574,-48.3859,115.1281,172.5939,23.1623,0.064,0.000,0.110,0.0000,0.0000,0
2026-05-05,15:17:56,68277,1,0.0000,-0.0144,0.0393,1.1555,-0.0059,0,12.5202,0,0,7.7159,-38.8157,121.0294,161.6431,44.4160,0.128,0.000,0.106,0.0000,0.0000,0
2026-05-05,15:17:56,68312,1,0.0000,-0.0164,0.0418,1.2282,-0.0059,0,12.5202,0,0,6.8067,-20.9909,124.0441,109.1296,60.3822,0.192,0.000,0.103,0.0000,0.0000,0
2026-05-05,15:17:56,68348,1,0.0000,-0.1306,0.0595,1.7492,-0.0053,0,12.5202,0,0,6.1272,-25.0644,125.1899,67.7938,75.6908,0.256,0.000,0.100,0.0000,0.0000,0
2026-05-05,15:17:56,68383,1,0.0000,-0.1239,0.0758,2.2303,-0.0043,0,12.5202,0,0,3.5029,-67.2492,127.6766,83.9516,50.8708,0.320,0.000,0.097,0.0000,0.0000,0
2026-05-05,15:17:56,68418,1,0.0000,0.0239,0.0727,2.1382,-0.0042,0,12.5202,0,0,3.5566,18.2644,129.9729,69.3122,17.7820,0.384,0.000,0.094,0.0000,0.0000,0
2026-05-05,15:17:56,68454,1,0.0000,0.0956,0.0607,1.7846,-0.0045,0,12.5202,0,0,5.5777,63.0394,129.9824,9.5836,16.7666,0.400,0.000,0.090,0.0000,0.0000,0
2026-05-05,15:17:56,68489,1,0.0000,0.0179,0.0583,1.7154,-0.0050,0,12.5202,0,0,7.0757,46.3033,118.9691,-250.6246,40.9582,0.368,0.000,0.087,0.0000,0.0000,0
2026-05-05,15:17:56,68524,1,0.0000,-0.0140,0.0599,1.7605,-0.0049,0,12.5202,0,0,7.4724,18.0972,96.6638,-572.6122,61.1398,0.336,0.000,0.084,0.0000,0.0000,0
2026-05-05,15:17:56,68559,1,0.0000,-0.0120,0.0593,1.7453,-0.0049,0,12.5202,0,0,8.4050,35.2307,68.4616,-787.1228,77.9878,0.304,0.000,0.081,0.0000,0.0000,0
2026-05-05,15:17:56,68594,1,0.0000,0.0121,0.0585,1.7202,-0.0049,0,12.5202,0,0,9.6398,38.3395,41.1455,-836.7029,91.7154,0.272,0.000,0.078,0.0000,0.0000,0
2026-05-05,15:17:56,68629,1,0.0000,0.0631,0.0476,1.4014,-0.0053,0,12.5202,0,0,10.7487,36.2059,17.7827,-770.4894,103.3168,0.240,0.000,0.074,0.0000,0.0000,0
2026-05-05,15:17:56,68664,1,0.0000,0.0505,0.0432,1.2698,-0.0056,0,12.5202,0,0,11.8350,32.8470,-1.9612,-672.6500,113.5634,0.208,0.000,0.071,0.0000,0.0000,0
2026-05-05,15:17:56,68705,1,0.0000,0.0519,0.0371,1.0920,-0.0059,0,12.5202,0,0,12.2885,22.2760,-9.4837,-537.6453,118.3419,0.184,0.048,0.069,0.0000,0.0000,0
2026-05-05,15:17:56,68741,1,0.0000,0.0174,0.0365,1.0733,-0.0061,0,12.5202,0,0,12.8944,20.1410,-22.6660,-456.8008,126.2696,0.152,0.112,0.066,0.0000,0.0000,0
2026-05-05,15:17:56,68776,1,0.0000,0.0247,0.0316,0.9290,-0.0063,0,12.5202,0,0,13.5256,19.1009,-32.1814,-350.9167,132.5913,0.120,0.176,0.062,0.0000,0.0000,0
2026-05-05,15:17:57,68811,1,0.0000,0.0134,0.0273,0.8036,-0.0066,0,12.5202,0,0,14.3003,22.3815,-38.1283,-238.8409,138.1466,0.088,0.240,0.059,0.0000,0.0000,0
2026-05-05,15:17:57,68846,1,0.0000,0.0226,0.0231,0.6781,-0.0068,0,12.5202,0,0,15.0363,19.7678,-41.2812,-146.6782,143.1728,0.056,0.304,0.056,0.0000,0.0000,0
2026-05-05,15:17:57,68881,1,0.0000,0.0264,0.0204,0.5995,-0.0069,0,12.5202,0,0,15.3637,6.7472,-43.0295,-86.4573,147.5102,0.024,0.368,0.053,0.0000,0.0000,0
2026-05-05,15:17:57,68916,1,0.0000,0.0281,0.0162,0.4766,-0.0071,0,12.5202,0,0,15.3779,-1.2853,-43.4651,-39.0366,151.1055,0.000,0.432,0.050,0.0000,0.0000,0
2026-05-05,15:17:57,68952,1,0.0000,0.0035,0.0156,0.4589,-0.0072,0,12.5202,0,0,15.1989,-7.3806,-43.4130,-11.0343,154.0865,0.000,0.496,0.046,0.0000,0.0000,0
2026-05-05,15:17:57,68987,1,0.0000,-0.0050,0.0172,0.5045,-0.0072,0,12.5202,0,0,14.8546,-11.6133,-43.1812,1.2449,156.6366,0.000,0.560,0.043,0.0000,0.0000,0
2026-05-05,15:17:57,69022,1,0.0000,0.0110,0.0147,0.4313,-0.0072,0,12.5202,0,0,14.5289,-10.7220,-43.4466,-5.3360,158.8192,0.000,0.624,0.040,0.0000,0.0000,0
2026-05-05,15:17:57,69058,1,0.0000,0.0007,0.0150,0.4413,-0.0072,0,12.5202,0,0,14.2325,-10.3763,-43.8472,-11.2854,160.7117,0.000,0.688,0.037,0.0000,0.0000,0
2026-05-05,15:17:57,69093,1,0.0000,0.0018,0.0151,0.4440,-0.0072,0,12.5202,0,0,13.9122,-11.1466,-44.7640,-27.3540,162.3048,0.000,0.752,0.034,0.0000,0.0000,0
2026-05-05,15:17:57,69128,1,0.0000,0.0236,0.0130,0.3833,-0.0073,0,12.5202,0,0,13.6674,-7.2706,-46.3620,-40.3180,163.5667,0.000,0.816,0.030,0.0000,0.0000,0
2026-05-05,15:17:57,69164,1,0.0000,0.0082,0.0105,0.3089,-0.0075,0,12.5202,0,0,13.7171,-0.5256,-47.9279,-48.3465,164.7085,0.000,0.880,0.027,0.0000,0.0000,0
2026-05-05,15:17:57,69199,1,0.0000,0.0120,0.0075,0.2200,-0.0076,0,12.5202,0,0,13.8392,1.0948,-50.6313,-73.8829,165.7715,0.000,0.944,0.024,0.0000,0.0000,0
2026-05-05,15:17:57,69234,1,0.0000,0.0007,0.0088,0.2578,-0.0076,0,12.5202,0,0,13.6407,-9.4111,-53.4353,-80.4429,166.6480,0.000,1.000,0.021,0.0000,0.0000,0
2026-05-05,15:17:57,69269,1,0.0000,-0.0060,0.0081,0.2373,-0.0076,0,12.5202,0,0,13.0692,-17.8931,-54.7306,-54.3935,167.3384,0.000,1.000,0.018,0.0000,0.0000,0
2026-05-05,15:17:57,69304,1,0.0000,-0.0077,0.0081,0.2373,-0.0076,0,12.5202,0,0,12.5938,-15.2032,-55.6092,-38.0983,167.9136,0.000,1.000,0.014,0.0000,0.0000,0
2026-05-05,15:17:57,69339,1,0.0000,0.0159,0.0060,0.1751,-0.0077,0,12.5202,0,0,12.2287,-11.5134,-56.5815,-33.6832,168.4396,0.000,1.000,0.011,0.0000,0.0000,0
2026-05-05,15:17:57,69374,1,0.0000,0.0070,0.0071,0.2096,-0.0077,0,12.5202,0,0,11.9315,-9.4326,-57.4471,-28.9743,168.9201,0.000,1.000,0.008,0.0000,0.0000,0
2026-05-05,15:17:57,69409,1,0.0000,-0.0089,0.0067,0.1960,-0.0077,0,12.5202,0,0,11.6747,-8.7962,-58.5233,-32.3791,169.2853,0.000,1.000,0.005,0.0000,0.0000,0
2026-05-05,15:17:57,69444,1,0.0000,-0.0047,0.0081,0.2371,-0.0077,0,12.5202,0,0,11.4211,-8.5348,-58.7489,-15.6577,169.5603,0.000,1.000,0.002,0.0000,0.0000,0
2026-05-05,15:17:57,69479,1,0.0000,0.0006,0.0069,0.2028,-0.0077,0,12.5202,0,0,11.2310,-6.1429,-59.2264,-15.7150,169.8368,0.000,1.000,0.000,0.0000,0.0000,0
2026-05-05,15:17:57,69514,1,0.0000,0.0029,0.0068,0.1994,-0.0077,0,12.5202,0,0,11.0513,-5.6116,-59.5406,-10.5678,170.0688,0.000,1.000,0.000,0.0000,0.0000,0
2026-05-05,15:17:57,69549,1,0.0000,-0.0049,0.0070,0.2063,-0.0077,0,12.5202,0,0,10.8983,-5.0179,-59.8855,-11.9044,170.2576,0.000,1.000,0.000,0.0000,0.0000,0
2026-05-05,15:17:57,69584,1,0.0000,0.0054,0.0067,0.1959,-0.0077,0,12.5202,0,0,10.7377,-4.9836,-60.6576,-21.8795,170.4078,0.000,1.000,0.000,0.0000,0.0000,0
2026-05-05,15:17:57,69619,1,0.0000,0.0004,0.0077,0.2269,-0.0077,0,12.5202,0,0,10.7028,-2.7265,-61.1828,-19.8422,170.4388,0.000,1.000,0.000,0.0000,0.0000,0
2026-05-05,15:17:57,69654,1,0.0000,0.0019,0.0071,0.2097,-0.0077,0,12.5202,0,0,10.6123,-2.5607,-61.9701,-20.6838,170.6098,0.000,1.000,0.000,0.0000,0.0000,0
2026-05-05,15:17:57,69689,1,0.0000,-0.0089,0.0067,0.1959,-0.0077,0,12.5202,0,0,10.5179,-3.2590,-61.4680,4.6674,170.7313,0.000,0.992,0.000,0.0000,0.0000,0
2026-05-05,15:17:57,69724,1,0.0000,0.0008,0.0064,0.1891,-0.0077,0,12.5202,0,0,10.4328,-2.7895,-60.7044,15.9030,170.8449,0.000,0.960,0.000,0.0000,0.0000,0
2026-05-05,15:17:57,69759,1,0.0000,-0.0083,0.0083,0.2440,-0.0077,0,12.5202,0,0,10.3637,-2.3079,-61.4695,-13.5321,170.9197,0.000,0.928,0.000,0.0000,0.0000,0
2026-05-05,15:17:57,69794,1,0.0000,0.0087,0.0078,0.2303,-0.0077,0,12.5202,0,0,10.2634,-3.0712,-62.4060,-23.2949,170.9662,0.000,0.896,0.000,0.0000,0.0000,0
2026-05-05,15:17:58,69829,1,0.0000,0.0016,0.0074,0.2166,-0.0077,0,12.5202,0,0,10.2079,-2.1154,-62.7329,-13.3229,171.0342,0.000,0.864,0.000,0.0000,0.0000,0
2026-05-05,15:17:58,69864,1,0.0000,0.0134,0.0067,0.1959,-0.0077,0,12.5202,0,0,10.1591,-1.8658,-62.4388,0.3441,171.1011,0.000,0.832,0.000,0.0000,0.0000,0
2026-05-05,15:17:58,69899,1,0.0000,0.0038,0.0074,0.2165,-0.0077,0,12.5202,0,0,10.0980,-1.7588,-62.6629,-4.4029,171.1218,0.000,0.800,0.000,0.0000,0.0000,0
2026-05-05,15:17:58,69934,1,0.0000,0.0077,0.0055,0.1618,-0.0077,0,12.5202,0,0,10.0351,-1.8746,-63.1266,-9.6187,171.1619,0.000,0.768,0.000,0.0000,0.0000,0
2026-05-05,15:17:58,69969,1,0.0000,0.0022,0.0067,0.1958,-0.0077,0,12.5202,0,0,10.0220,-0.2982,-63.2030,-4.9792,171.2218,0.000,0.736,0.000,0.0000,0.0000,0
2026-05-05,15:17:58,70004,1,0.0000,-0.0015,0.0065,0.1925,-0.0078,0,12.5202,0,0,9.9759,-1.8317,-63.4583,-8.9097,171.2689,0.000,0.704,0.000,0.0000,0.0000,0
2026-05-05,15:17:58,70039,1,0.0000,-0.0077,0.0074,0.2167,-0.0078,0,12.5202,0,0,9.9417,-1.4691,-63.4633,-0.3471,171.2849,0.000,0.672,0.000,0.0000,0.0000,0
2026-05-05,15:17:58,70074,1,0.0000,-0.0032,0.0043,0.1276,-0.0078,0,12.5202,0,0,9.9102,-1.3456,-63.4073,-0.4638,171.2859,0.000,0.640,0.000,0.0000,0.0000,0
2026-05-05,15:17:58,70109,1,0.0000,-0.0016,0.0046,0.1343,-0.0078,0,12.5202,0,0,9.8794,-1.0706,-64.4868,-23.7054,171.3200,0.000,0.608,0.000,0.0000,0.0000,0
2026-05-05,15:17:58,70144,1,0.0000,0.0062,0.0064,0.1889,-0.0078,0,12.5202,0,0,9.8657,-0.2029,-65.4778,-25.3622,171.3287,0.000,0.576,0.000,0.0000,0.0000,0
2026-05-05,15:17:58,70179,1,0.0000,0.0030,0.0052,0.1544,-0.0078,0,12.5202,0,0,9.8427,-0.4979,-65.8985,-17.1388,171.3193,0.000,0.544,0.000,0.0000,0.0000,0
2026-05-05,15:17:58,70214,1,0.0000,-0.0018,0.0053,0.1549,-0.0077,0,12.5202,0,0,9.8359,0.0938,-65.5432,1.7529,171.3486,0.000,0.512,0.000,0.0000,0.0000,0
2026-05-05,15:17:58,70249,1,0.0000,-0.0133,0.0083,0.2440,-0.0077,0,12.5202,0,0,9.8146,-0.9164,-64.8701,16.2585,171.3658,0.000,0.480,0.000,0.0000,0.0000,0
2026-05-05,15:17:58,70285,1,0.0000,-0.0033,0.0085,0.2512,-0.0077,0,12.5202,0,0,9.6839,-4.1999,-63.9320,25.1245,171.3314,0.000,0.448,0.000,0.0000,0.0000,0
2026-05-05,15:17:58,70320,1,0.0000,-0.0009,0.0080,0.2339,-0.0077,0,12.5202,0,0,9.6143,-1.0435,-62.3041,43.0804,171.2864,0.000,0.416,0.000,0.0000,0.0000,0
2026-05-05,15:17:58,70355,1,0.0000,-0.0028,0.0074,0.2167,-0.0077,0,12.5202,0,0,9.7109,3.5323,-61.1448,38.1150,171.2946,0.000,0.384,0.000,0.0000,0.0000,0
2026-05-05,15:17:58,70391,1,0.0000,-0.0063,0.0085,0.2514,-0.0076,0,12.5202,0,0,9.7906,2.0048,-60.2313,33.7074,171.4115,0.000,0.352,0.000,0.0000,0.0000,0
2026-05-05,15:17:58,70426,1,0.0000,0.0025,0.0101,0.2965,-0.0076,0,12.5202,0,0,9.8252,1.2341,-58.9017,36.8159,171.4225,0.000,0.320,0.000,0.0000,0.0000,0
2026-05-05,15:17:58,70461,1,0.0000,-0.0219,0.0123,0.3626,-0.0075,0,12.5202,0,0,9.8710,1.7698,-59.1981,5.8722,171.3251,0.000,0.288,0.000,0.0000,0.0000,0
2026-05-05,15:17:58,70496,1,0.0000,-0.0409,0.0180,0.5298,-0.0072,0,12.5202,0,0,10.0012,3.8520,-60.1474,-20.4123,171.3214,0.000,0.256,0.000,0.0000,0.0000,0
2026-05-05,15:17:58,70534,1,0.0000,-0.0504,0.0268,0.7890,-0.0068,0,12.5202,0,0,10.7031,14.0974,-61.4123,-34.9306,170.8270,0.000,0.232,0.000,0.0000,0.0000,0
2026-05-05,15:17:58,70570,1,0.0000,-0.0166,0.0301,0.8856,-0.0066,0,12.5202,0,0,11.5563,18.0043,-67.0218,-130.1111,168.5741,0.000,0.200,0.000,0.0000,0.0000,0
2026-05-05,15:17:58,70605,1,0.0000,-0.0168,0.0320,0.9408,-0.0065,0,12.5202,0,0,11.7026,-3.0987,-77.8366,-264.6725,166.3529,0.000,0.168,0.000,0.0000,0.0000,0
2026-05-05,15:17:58,70640,1,0.0000,-0.0312,0.0353,1.0388,-0.0063,0,12.5202,0,0,11.3353,-15.3262,-93.9078,-411.3904,165.6089,0.000,0.136,0.000,0.0000,0.0000,0
2026-05-05,15:17:58,70675,1,0.0000,-0.0046,0.0380,1.1185,-0.0061,0,12.5202,0,0,10.8242,-22.8767,-102.4333,-238.2708,126.6313,0.048,0.104,0.000,0.0000,0.0000,0
2026-05-05,15:17:58,70710,1,0.0000,0.0166,0.0356,1.0466,-0.0062,0,12.5202,0,0,10.1819,-20.3077,-83.3164,352.5237,82.0750,0.112,0.072,0.000,0.0000,0.0000,0
2026-05-05,15:17:58,70745,1,0.0000,0.0181,0.0331,0.9734,-0.0062,0,12.5202,0,0,9.7691,-11.5678,-52.2451,771.8597,43.5644,0.176,0.040,0.000,0.0000,0.0000,0
2026-05-05,15:17:58,70780,1,0.0000,0.0032,0.0316,0.9294,-0.0063,0,12.5202,0,0,9.3881,-11.1218,-19.5426,939.9727,50.9237,0.240,0.008,0.000,0.0000,0.0000,0
2026-05-05,15:17:59,70816,1,0.0000,-0.0031,0.0334,0.9835,-0.0063,0,12.5202,0,0,8.9013,-14.7895,9.8879,929.9635,68.7730,0.304,0.000,0.000,0.0000,0.0000,0
2026-05-05,15:17:59,70851,1,0.0000,0.0025,0.0334,0.9817,-0.0063,0,12.5202,0,0,8.7135,-2.3635,33.9813,813.4735,83.6625,0.368,0.000,0.000,0.0000,0.0000,0
2026-05-05,15:17:59,70886,1,0.0000,0.0014,0.0325,0.9560,-0.0063,0,12.5202,0,0,8.5763,-3.0759,52.3125,658.2686,96.4330,0.432,0.000,0.000,0.0000,0.0000,0
2026-05-05,15:17:59,70922,1,0.0000,-0.0170,0.0347,1.0198,-0.0063,0,12.5202,0,0,8.5221,1.0329,65.9840,515.8898,107.7305,0.472,0.064,0.000,0.0000,0.0000,0
2026-05-05,15:17:59,70957,1,0.0000,-0.0015,0.0343,1.0097,-0.0063,0,12.5202,0,0,8.7799,8.6094,76.5294,403.5554,117.7340,0.440,0.128,0.000,0.0000,0.0000,0
2026-05-05,15:17:59,70992,1,0.0000,0.0069,0.0328,0.9653,-0.0063,0,12.5202,0,0,8.9256,7.2517,84.7820,310.9514,126.6598,0.408,0.192,0.000,0.0000,0.0000,0
2026-05-05,15:17:59,71027,1,0.0000,-0.0079,0.0337,0.9907,-0.0063,0,12.5202,0,0,9.3882,16.8299,90.6318,226.8951,133.9703,0.376,0.256,0.000,0.0000,0.0000,0
2026-05-05,15:17:59,71062,1,0.0000,0.0043,0.0337,0.9923,-0.0063,0,12.5202,0,0,9.7808,11.1218,94.2645,153.5758,139.6742,0.344,0.320,0.000,0.0000,0.0000,0
2026-05-05,15:17:59,71097,1,0.0000,-0.0115,0.0338,0.9931,-0.0063,0,12.5202,0,0,9.9285,6.9767,96.4743,100.5715,143.9987,0.312,0.384,0.000,0.0000,0.0000,0
2026-05-05,15:17:59,71132,1,0.0000,0.0046,0.0335,0.9839,-0.0063,0,12.5202,0,0,10.4643,19.4878,96.8562,45.1925,147.5278,0.280,0.448,0.000,0.0000,0.0000,0
2026-05-05,15:17:59,71167,1,0.0000,0.0039,0.0327,0.9619,-0.0063,0,12.5202,0,0,11.1811,19.3908,95.7853,0.1958,150.7189,0.248,0.512,0.000,0.0000,0.0000,0
2026-05-05,15:17:59,71203,1,0.0000,0.0083,0.0331,0.9737,-0.0063,0,12.5202,0,0,11.6907,15.9428,94.1749,-24.1865,153.7362,0.216,0.576,0.000,0.0000,0.0000,0
2026-05-05,15:17:59,71238,1,0.0000,-0.0046,0.0349,1.0270,-0.0063,0,12.5202,0,0,12.2877,17.0834,92.3059,-39.2703,156.5436,0.184,0.640,0.000,0.0000,0.0000,0
2026-05-05,15:17:59,71273,1,0.0000,-0.0098,0.0340,1.0008,-0.0063,0,12.5202,0,0,12.5738,7.1411,90.4192,-44.7648,158.9715,0.152,0.704,0.000,0.0000,0.0000,0
2026-05-05,15:17:59,71308,1,0.0000,0.0080,0.0325,0.9559,-0.0062,0,12.5202,0,0,12.7330,6.1671,88.6854,-43.8844,161.2127,0.120,0.768,0.000,0.0000,0.0000,0
2026-05-05,15:17:59,71343,1,0.0000,-0.0004,0.0343,1.0098,-0.0062,0,12.5202,0,0,13.3464,17.9124,87.0395,-42.6833,163.3413,0.088,0.736,0.000,0.0000,0.0000,0
2026-05-05,15:17:59,71378,1,0.0000,-0.0044,0.0349,1.0279,-0.0062,0,12.5202,0,0,14.2286,23.7439,85.6257,-37.3320,165.2379,0.056,0.704,0.000,0.0000,0.0000,0
2026-05-05,15:17:59,71413,1,0.0000,-0.0041,0.0356,1.0465,-0.0062,0,12.5202,0,0,14.8786,14.8590,84.7260,-26.2227,166.7927,0.024,0.672,0.000,0.0000,0.0000,0
2026-05-05,15:17:59,71451,1,0.0000,-0.0032,0.0365,1.0723,-0.0062,0,12.5202,0,0,15.0704,-2.9472,83.0702,-25.4949,167.3165,0.000,0.648,0.000,0.0000,0.0000,0
2026-05-05,15:17:59,71487,1,0.0000,0.0095,0.0328,0.9644,-0.0063,0,12.5202,0,0,14.5073,-16.4317,82.6159,-11.7586,147.6798,0.000,0.616,0.000,0.0000,0.0000,0
2026-05-05,15:17:59,71522,1,0.0000,0.0367,0.0294,0.8644,-0.0064,0,12.5202,0,0,14.1817,-11.8169,82.2682,-5.5291,98.5522,0.032,0.584,0.000,0.0000,0.0000,0
2026-05-05,15:17:59,71557,1,0.0000,0.0210,0.0246,0.7227,-0.0067,0,12.5202,0,0,13.9694,-7.2316,82.0899,-2.0472,90.9145,0.000,0.552,0.000,0.0000,0.0000,0
2026-05-05,15:17:59,71592,1,0.0000,0.0213,0.0224,0.6599,-0.0068,0,12.5202,0,0,13.7880,-7.1188,82.0147,-0.4316,77.2077,0.000,0.520,0.000,0.0000,0.0000,0
2026-05-05,15:17:59,71627,1,0.0000,-0.0022,0.0229,0.6729,-0.0068,0,12.5202,0,0,13.3568,-16.5018,81.6125,-7.4636,92.0527,0.000,0.488,0.000,0.0000,0.0000,0
2026-05-05,15:17:59,71662,1,0.0000,-0.0126,0.0229,0.6729,-0.0068,0,12.5202,0,0,12.8223,-17.3002,80.7172,-19.0347,104.7003,0.000,0.456,0.000,0.0000,0.0000,0
2026-05-05,15:17:59,71697,1,0.0000,-0.0000,0.0231,0.6795,-0.0068,0,12.5202,0,0,12.5112,-10.9339,79.7054,-24.3067,87.7605,0.000,0.424,0.000,0.0000,0.0000,0
2026-05-05,15:17:59,71733,1,0.0000,0.0125,0.0220,0.6467,-0.0068,0,12.5202,0,0,12.1520,-12.2973,79.2838,-13.8417,48.0920,0.000,0.392,0.000,0.0000,0.0000,0
2026-05-05,15:17:59,71768,1,0.0000,0.0048,0.0238,0.7006,-0.0068,0,12.5202,0,0,11.8830,-8.8827,79.4023,-2.8671,41.4974,0.000,0.360,0.000,0.0000,0.0000,0
2026-05-05,15:17:59,71803,1,0.0000,0.0044,0.0241,0.7089,-0.0068,0,12.5202,0,0,11.6044,-8.6195,79.3847,-1.5281,61.8652,0.000,0.328,0.000,0.0000,0.0000,0
2026-05-05,15:18:00,71838,1,0.0000,0.0206,0.0211,0.6210,-0.0069,0,12.5202,0,0,11.3859,-6.8472,79.2294,-4.0156,79.2847,0.000,0.296,0.000,0.0000,0.0000,0
2026-05-05,15:18:00,71873,1,0.0000,0.0158,0.0178,0.5242,-0.0071,0,12.5202,0,0,11.2276,-5.5773,78.9842,-6.8434,94.1316,0.000,0.264,0.000,0.0000,0.0000,0
2026-05-05,15:18:00,71908,1,0.0000,-0.0067,0.0185,0.5433,-0.0071,0,12.5202,0,0,11.0960,-4.5001,78.6204,-9.9674,106.6654,0.000,0.232,0.000,0.0000,0.0000,0
2026-05-05,15:18:00,71943,1,0.0000,-0.0081,0.0184,0.5421,-0.0071,0,12.5202,0,0,11.0853,-0.2754,78.2990,-9.4801,117.3384,0.000,0.200,0.000,0.0000,0.0000,0
2026-05-05,15:18:00,71978,1,0.0000,-0.0307,0.0219,0.6451,-0.0070,0,12.5202,0,0,11.0164,-4.2102,78.2219,-4.7368,126.4189,0.000,0.168,0.000,0.0000,0.0000,0
2026-05-05,15:18:00,72013,1,0.0000,0.0015,0.0206,0.6049,-0.0069,0,12.5202,0,0,10.5124,-16.0601,78.3125,0.3036,134.2189,0.000,0.136,0.000,0.0000,0.0000,0
2026-05-05,15:18:00,72048,1,0.0000,-0.0128,0.0208,0.6112,-0.0070,0,12.5202,0,0,10.2097,-7.1575,78.2492,-1.2392,99.9718,0.000,0.104,0.000,0.0000,0.0000,0
2026-05-05,15:18:00,72084,1,0.0000,-0.0113,0.0205,0.6033,-0.0070,0,12.5202,0,0,10.5505,10.5518,78.1703,-2.1662,111.6253,0.000,0.072,0.000,0.0000,0.0000,0
2026-05-05,15:18:00,72119,1,0.0000,0.0183,0.0179,0.5278,-0.0071,0,12.5202,0,0,10.8350,6.0535,78.0645,-3.2122,121.2478,0.000,0.040,0.000,0.0000,0.0000,0
2026-05-05,15:18:00,72154,1,0.0000,0.0045,0.0184,0.5399,-0.0071,0,12.5202,0,0,10.6800,-6.0069,77.9186,-4.0789,115.5924,0.000,0.008,0.000,0.0000,0.0000,0
2026-05-05,15:18:00,72189,1,0.0000,0.0059,0.0175,0.5143,-0.0071,0,12.5202,0,0,10.3855,-8.9594,77.8565,-2.4755,85.7438,0.000,0.000,0.000,0.0000,0.0000,0
2026-05-05,15:18:00,72225,1,0.0000,0.0191,0.0168,0.4944,-0.0071,0,12.5202,0,0,10.2576,-2.9811,77.8556,-0.7271,99.5055,0.000,0.000,0.000,0.0000,0.0000,0
2026-05-05,15:18:00,72260,1,0.0000,0.0090,0.0194,0.5699,-0.0071,0,12.5202,0,0,10.3474,2.7211,77.8375,-1.1757,111.1776,0.000,0.000,0.000,0.0000,0.0000,0
2026-05-05,15:18:00,72295,1,0.0000,-0.0025,0.0178,0.5221,-0.0071,0,12.5202,0,0,10.4430,2.2139,77.7789,-1.1331,121.2418,0.000,0.000,0.000,0.0000,0.0000,0
2026-05-05,15:18:00,72330,1,0.0000,0.0041,0.0175,0.5143,-0.0071,0,12.5202,0,0,10.3911,-3.5344,77.8700,1.3380,129.7645,0.000,0.000,0.000,0.0000,0.0000,0
2026-05-05,15:18:00,72369,1,0.0000,0.0012,0.0186,0.5477,-0.0071,0,12.5202,0,0,10.4272,-3.0907,77.9190,1.5309,133.5629,0.000,0.000,0.000,0.0000,0.0000,0
2026-05-05,15:18:00,72404,1,0.0000,0.0052,0.0188,0.5521,-0.0071,0,12.5202,0,0,10.3326,-2.8090,77.9839,1.7461,140.2595,0.000,0.000,0.000,0.0000,0.0000,0
2026-05-05,15:18:00,72440,1,0.0000,0.0037,0.0185,0.5455,-0.0071,0,12.5202,0,0,10.3039,-1.9776,78.1348,3.9403,145.8633,0.000,0.000,0.000,0.0000,0.0000,0
2026-05-05,15:18:00,72476,1,0.0000,-0.0076,0.0188,0.5534,-0.0071,0,12.5202,0,0,10.1953,-4.5196,78.2704,4.1599,150.7838,0.000,0.000,0.000,0.0000,0.0000,0
2026-05-05,15:18:00,72511,1,0.0000,0.0052,0.0183,0.5378,-0.0071,0,12.5202,0,0,10.0426,-5.4991,78.3900,3.6952,154.9558,0.000,0.000,0.000,0.0000,0.0000,0
2026-05-05,15:18:00,72546,1,0.0000,0.0082,0.0173,0.5078,-0.0071,0,12.5202,0,0,9.9182,-4.6565,78.4343,1.9451,158.4339,0.000,0.000,0.000,0.0000,0.0000,0
2026-05-05,15:18:00,72581,1,0.0000,0.0015,0.0185,0.5456,-0.0071,0,12.5202,0,0,9.9088,-0.2487,78.3835,-0.0390,161.3856,0.000,0.000,0.000,0.0000,0.0000,0
2026-05-05,15:18:00,72616,1,0.0000,0.0041,0.0177,0.5200,-0.0071,0,12.5202,0,0,9.9926,0.8195,78.4775,1.7151,163.8786,0.000,0.000,0.000,0.0000,0.0000,0
2026-05-05,15:18:00,72651,1,0.0000,-0.0043,0.0200,0.5891,-0.0071,0,12.5202,0,0,9.9735,-3.4647,78.6292,4.2350,158.8308,0.000,0.000,0.000,0.0000,0.0000,0
2026-05-05,15:18:00,72686,1,0.0000,-0.0090,0.0207,0.6091,-0.0070,0,12.5202,0,0,9.6962,-10.3553,78.9651,8.2785,161.7724,0.000,0.000,0.000,0.0000,0.0000,0
2026-05-05,15:18:00,72721,1,0.0000,-0.0015,0.0198,0.5813,-0.0071,0,12.5202,0,0,9.3119,-11.0543,79.2124,7.9374,164.2463,0.000,0.000,0.000,0.0000,0.0000,0
2026-05-05,15:18:00,72756,1,0.0000,0.0020,0.0191,0.5615,-0.0071,0,12.5202,0,0,9.0686,-8.2379,79.5158,8.9839,166.3593,0.000,0.000,0.000,0.0000,0.0000,0
2026-05-05,15:18:00,72791,1,0.0000,-0.0014,0.0186,0.5457,-0.0071,0,12.5202,0,0,8.7866,-9.1139,79.8090,9.5981,168.1261,0.000,0.000,0.000,0.0000,0.0000,0
2026-05-05,15:18:01,72826,1,0.0000,0.0080,0.0185,0.5436,-0.0071,0,12.5202,0,0,8.5152,-8.5835,80.0428,7.7619,169.6797,0.000,0.000,0.000,0.0000,0.0000,0
2026-05-05,15:18:01,72861,1,0.0000,-0.0097,0.0192,0.5656,-0.0071,0,12.5202,0,0,8.3320,-6.0534,80.2333,6.7798,170.9909,0.000,0.000,0.000,0.0000,0.0000,0
2026-05-05,15:18:01,72896,1,0.0000,0.0122,0.0188,0.5520,-0.0071,0,12.5202,0,0,8.2129,-3.7000,80.3942,5.5851,172.0677,0.000,0.000,0.000,0.0000,0.0000,0
2026-05-05,15:18:01,72931,1,0.0000,-0.0057,0.0189,0.5572,-0.0071,0,12.5202,0,0,8.1244,-3.0153,80.5065,4.2200,173.0082,0.000,0.000,0.000,0.0000,0.0000,0
2026-05-05,15:18:01,72966,1,0.0000,0.0028,0.0170,0.5000,-0.0071,0,12.5202,0,0,8.0163,-3.3555,80.5417,1.9303,173.8317,0.000,0.000,0.000,0.0000,0.0000,0
2026-05-05,15:18:01,73001,1,0.0000,0.0104,0.0191,0.5613,-0.0071,0,12.5202,0,0,7.9255,-2.2238,80.5428,0.6471,174.4939,0.000,0.000,0.000,0.0000,0.0000,0
2026-05-05,15:18:01,73036,1,0.0000,-0.0071,0.0192,0.5656,-0.0071,0,12.5202,0,0,7.8733,-1.8294,80.5694,0.8389,175.0747,0.000,0.000,0.000,0.0000,0.0000,0
2026-05-05,15:18:01,73071,1,0.0000,0.0022,0.0175,0.5157,-0.0071,0,12.5202,0,0,7.7876,-2.1153,80.6257,1.3977,175.5770,0.000,0.000,0.000,0.0000,0.0000,0
2026-05-05,15:18:01,73106,1,0.0000,-0.0043,0.0195,0.5740,-0.0071,0,12.5202,0,0,7.6748,-3.7429,80.6874,1.5429,176.0080,0.000,0.000,0.000,0.0000,0.0000,0
2026-05-05,15:18:01,73141,1,0.0000,0.0027,0.0173,0.5100,-0.0071,0,12.5202,0,0,7.6680,0.4820,80.6556,-0.4175,176.3584,0.000,0.000,0.000,0.0000,0.0000,0
2026-05-05,15:18:01,73176,1,0.0000,-0.0093,0.0190,0.5577,-0.0071,0,12.5202,0,0,7.6905,-0.1422,80.6602,0.0760,176.6667,0.000,0.000,0.000,0.0000,0.0000,0
2026-05-05,15:18:01,73211,1,0.0000,0.0079,0.0186,0.5456,-0.0071,0,12.5202,0,0,7.5821,-3.5271,80.7711,2.4270,176.9723,0.000,0.000,0.000,0.0000,0.0000,0
2026-05-05,15:18:01,73247,1,0.0000,-0.0036,0.0182,0.5342,-0.0071,0,12.5202,0,0,7.5185,-1.9610,81.0436,6.0777,177.3128,0.000,0.000,0.000,0.0000,0.0000,0
2026-05-05,15:18:01,73282,1,0.0000,-0.0064,0.0192,0.5656,-0.0071,0,12.5202,0,0,7.5172,-0.4010,81.3354,7.6351,143.0865,0.000,0.000,0.000,0.0000,0.0000,0
2026-05-05,15:18:01,73320,1,0.0000,-0.0024,0.0182,0.5357,-0.0071,0,12.5202,0,0,7.4106,-2.9220,82.2075,13.4315,118.0536,0.000,0.000,0.000,0.0000,0.0000,0
2026-05-05,15:18:01,73356,1,0.0000,-0.0071,0.0187,0.5499,-0.0071,0,12.5202,0,0,7.2642,-4.0003,83.1191,20.0703,114.6918,0.000,0.000,0.000,0.0000,0.0000,0
2026-05-05,15:18:01,73391,1,0.0000,0.0035,0.0191,0.5621,-0.0071,0,12.5202,0,0,7.1593,-2.8207,84.0187,22.5152,124.3079,0.000,0.000,0.000,0.0000,0.0000,0
2026-05-05,15:18:01,73427,1,0.0000,-0.0010,0.0178,0.5222,-0.0071,0,12.5202,0,0,7.0650,-1.9957,84.7907,19.1799,132.3828,0.000,0.000,0.000,0.0000,0.0000,0
2026-05-05,15:18:01,73463,1,0.0000,0.0048,0.0174,0.5122,-0.0072,0,12.5202,0,0,7.0323,0.0975,85.3717,14.5191,139.0970,0.000,0.000,0.000,0.0000,0.0000,0
2026-05-05,15:18:01,73498,1,0.0000,0.0066,0.0167,0.4897,-0.0072,0,12.5202,0,0,7.0493,0.6399,85.6819,9.2345,144.7226,0.000,0.000,0.000,0.0000,0.0000,0
2026-05-05,15:18:01,73533,1,0.0000,-0.0016,0.0170,0.4992,-0.0072,0,12.5202,0,0,7.0949,1.8087,85.7673,3.3593,149.4749,0.000,0.000,0.000,0.0000,0.0000,0
2026-05-05,15:18:01,73568,1,0.0000,0.0069,0.0154,0.4518,-0.0072,0,12.5202,0,0,7.1903,3.3343,85.6278,-2.6960,153.4996,0.000,0.000,0.000,0.0000,0.0000,0
2026-05-05,15:18:01,73603,1,0.0000,0.0052,0.0155,0.4566,-0.0072,0,12.5202,0,0,7.2949,3.2255,85.4576,-4.3327,157.0326,0.000,0.000,0.000,0.0000,0.0000,0
2026-05-05,15:18:01,73638,1,0.0000,0.0087,0.0149,0.4389,-0.0073,0,12.5202,0,0,7.3988,3.1462,85.4256,-1.2899,160.1079,0.000,0.000,0.000,0.0000,0.0000,0
2026-05-05,15:18:01,73673,1,0.0000,-0.0037,0.0145,0.4262,-0.0073,0,12.5202,0,0,7.4734,2.4704,85.6027,3.3153,162.7522,0.000,0.000,0.000,0.0000,0.0000,0
2026-05-05,15:18:01,73708,1,0.0000,-0.0123,0.0155,0.4565,-0.0073,0,12.5202,0,0,7.5120,1.6984,85.6081,0.7400,165.0093,0.000,0.000,0.000,0.0000,0.0000,0
2026-05-05,15:18:01,73743,1,0.0000,-0.0028,0.0144,0.4238,-0.0073,0,12.5202,0,0,7.6006,2.1040,85.6534,1.6139,166.9054,0.000,0.000,0.000,0.0000,0.0000,0
2026-05-05,15:18:01,73779,1,0.0160,0.0106,0.0142,0.4162,-0.0073,0,12.5202,2,1,7.6396,0.7262,85.6516,0.3089,168.5160,0.000,0.000,0.000,0.0000,0.0000,0
2026-05-05,15:18:02,73815,1,0.0160,0.0100,0.0135,0.3960,-0.0073,0,12.5202,2,1,7.6502,0.7040,85.6928,1.1158,169.8958,0.000,0.000,0.000,0.0000,0.0000,0
2026-05-05,15:18:02,73850,1,0.0160,0.0085,0.0147,0.4337,-0.0073,0,12.5202,2,1,7.7117,1.4576,85.6514,-0.5602,171.0875,0.000,0.000,0.000,0.0000,0.0000,0
2026-05-05,15:18:02,73885,1,0.0160,-0.0046,0.0141,0.4161,-0.0073,0,12.5202,2,1,7.7671,1.5845,85.4790,-4.0392,172.0781,0.000,0.000,0.000,0.0000,0.0000,0
2026-05-05,15:18:02,73921,1,0.0160,0.0039,0.0136,0.3986,-0.0073,0,12.5202,2,1,7.7981,1.4126,85.3153,-4.3539,172.9238,0.000,0.000,0.000,0.0000,0.0000,0
2026-05-05,15:18:02,73957,1,0.0000,-0.0096,0.0138,0.4061,-0.0073,0,12.5202,0,1,7.8155,0.6620,85.2413,-2.8757,173.6357,0.000,0.000,0.000,0.0000,0.0000,0
2026-05-05,15:18:02,73994,1,0.0000,-0.0030,0.0142,0.4162,-0.0073,0,12.5202,0,1,7.8487,0.9770,85.1821,-2.2380,174.2122,0.000,0.000,0.000,0.0000,0.0000,0
2026-05-05,15:18:02,74029,1,0.0000,-0.0076,0.0153,0.4489,-0.0073,0,12.5202,0,1,7.8990,1.4611,85.1480,-1.2093,174.7141,0.000,0.000,0.000,0.0000,0.0000,0
2026-05-05,15:18:02,74065,1,0.0000,0.0051,0.0152,0.4464,-0.0073,0,12.5202,0,1,7.9202,-0.0041,85.1525,0.1109,175.1692,0.000,0.000,0.000,0.0000,0.0000,0
2026-05-05,15:18:02,74100,1,0.0000,0.0028,0.0157,0.4616,-0.0073,0,12.5202,0,1,7.9153,-0.8471,85.3042,3.6801,175.5289,0.000,0.000,0.000,0.0000,0.0000,0
2026-05-05,15:18:02,74135,1,0.0000,-0.0101,0.0164,0.4818,-0.0073,0,12.5202,0,1,7.8554,-1.8013,85.4091,3.1643,175.7865,0.000,0.000,0.000,0.0000,0.0000,0
2026-05-05,15:18:02,74170,1,0.0000,0.0055,0.0150,0.4414,-0.0073,0,12.5202,0,1,7.8900,1.3209,85.1700,-3.5012,175.9543,0.000,0.000,0.000,0.0000,0.0000,0
2026-05-05,15:18:02,74206,1,0.0000,0.0102,0.0153,0.4489,-0.0073,0,12.5202,0,1,7.9222,1.0470,84.8051,-7.6920,176.1396,0.000,0.000,0.000,0.0000,0.0000,0
2026-05-05,15:18:02,74241,1,0.0000,0.0048,0.0141,0.4137,-0.0073,0,12.5202,0,1,7.9138,-0.7888,84.4287,-9.2264,176.4553,0.000,0.000,0.000,0.0000,0.0000,0
2026-05-05,15:18:02,74280,1,0.0000,0.0013,0.0156,0.4590,-0.0073,0,12.5202,0,1,7.9100,-0.8436,84.3360,-5.4815,169.7265,0.000,0.000,0.000,0.0000,0.0000,0
2026-05-05,15:18:02,74316,1,0.0000,-0.0087,0.0158,0.4641,-0.0073,0,12.5202,0,1,7.8700,-1.4140,84.4379,-0.0466,170.9327,0.000,0.000,0.000,0.0000,0.0000,0
2026-05-05,15:18:02,74351,1,0.0000,0.0057,0.0149,0.4389,-0.0073,0,12.5202,0,1,7.8258,-0.8150,84.5452,2.1811,171.9812,0.000,0.000,0.000,0.0000,0.0000,0
2026-05-05,15:18:02,74387,1,0.0000,-0.0064,0.0166,0.4868,-0.0072,0,12.5202,0,1,7.8154,-0.8490,84.7277,4.2446,172.9688,0.000,0.000,0.000,0.0000,0.0000,0
2026-05-05,15:18:02,74422,1,0.0000,-0.0016,0.0148,0.4364,-0.0072,0,12.5202,0,1,7.7352,-3.0691,85.1180,9.3018,173.8897,0.000,0.000,0.000,0.0000,0.0000,0
2026-05-05,15:18:02,74457,1,0.0000,-0.0141,0.0170,0.4993,-0.0072,0,12.5202,0,1,7.6318,-3.1271,85.8922,18.2094,121.1946,0.000,0.000,0.000,0.0000,0.0000,0
2026-05-05,15:18:02,74492,1,0.0000,-0.0092,0.0173,0.5093,-0.0072,0,12.5202,0,1,7.5463,-3.0050,86.9316,24.6023,90.6093,0.000,0.000,0.000,0.0000,0.0000,0
2026-05-05,15:18:02,74528,1,0.0000,0.0074,0.0154,0.4541,-0.0072,0,12.5202,0,1,7.3845,-4.7819,88.0578,27.2173,97.4980,0.000,0.000,0.000,0.0000,0.0000,0
2026-05-05,15:18:02,74563,1,0.0000,0.0031,0.0159,0.4666,-0.0072,0,12.5202,0,1,7.2393,-4.1012,89.2104,28.6474,109.5456,0.000,0.000,0.000,0.0000,0.0000,0
2026-05-05,15:18:02,74598,1,0.0000,0.0101,0.0148,0.4362,-0.0072,0,12.5202,0,0,7.1155,-3.0043,90.0009,22.3422,119.5768,0.000,0.000,0.000,0.0000,0.0000,0
2026-05-05,15:18:02,74633,1,0.0000,0.0049,0.0153,0.4514,-0.0072,0,12.5202,0,0,7.0590,-0.6382,90.4810,14.4398,127.9003,0.000,0.000,0.000,0.0000,0.0000,0
2026-05-05,15:18:02,74668,1,0.0000,-0.0095,0.0152,0.4465,-0.0072,0,12.5202,0,0,7.1187,2.3694,90.5538,4.5805,134.8409,0.000,0.000,0.000,0.0000,0.0000,0
2026-05-05,15:18:02,74703,1,0.0000,-0.0038,0.0155,0.4566,-0.0072,0,12.5202,0,0,7.2376,3.6519,90.2531,-4.5761,140.8776,0.000,0.000,0.000,0.0000,0.0000,0
2026-05-05,15:18:02,74738,1,0.0000,-0.0119,0.0158,0.4642,-0.0072,0,12.5202,0,0,7.3078,2.2194,90.1125,-4.1863,146.2942,0.000,0.000,0.000,0.0000,0.0000,0
2026-05-05,15:18:02,74774,1,0.0560,-0.0013,0.0142,0.4187,-0.0072,0,12.5202,7,1,7.3989,3.6400,90.1136,-1.3824,150.9324,0.000,0.000,0.000,0.0000,0.0000,0
2026-05-05,15:18:03,74810,1,0.1200,-0.0003,0.0138,0.4058,-0.0072,0,12.5202,15,1,7.4793,3.1827,90.1287,-0.1479,154.8314,0.000,0.000,0.000,0.0000,0.0000,0
2026-05-05,15:18:03,74845,1,0.1280,0.0101,0.0143,0.4212,-0.0073,0,12.5202,16,1,7.5742,2.5039,90.0890,-0.8376,158.1241,0.000,0.000,0.000,0.0000,0.0000,0
2026-05-05,15:18:03,74881,1,0.1440,0.0133,0.0130,0.3833,-0.0073,0,12.5202,18,1,7.6617,3.4998,90.1095,0.5265,160.9675,0.000,0.000,0.000,0.0000,0.0000,0
2026-05-05,15:18:03,74917,1,0.1440,0.0154,0.0140,0.4111,-0.0073,0,12.5202,18,1,7.7076,1.1219,90.2624,3.5406,163.3522,0.000,0.000,0.000,0.0000,0.0000,0
2026-05-05,15:18:03,74952,1,0.1440,-0.0008,0.0151,0.4438,-0.0072,0,12.5202,18,1,7.7776,2.6993,90.3304,2.5225,165.3549,0.000,0.000,0.000,0.0000,0.0000,0
2026-05-05,15:18:03,74987,1,0.1440,0.0086,0.0143,0.4212,-0.0072,0,12.5202,18,1,7.9307,4.2228,90.2462,-0.3706,166.9999,0.000,0.000,0.000,0.0000,0.0000,0
2026-05-05,15:18:03,75023,1,0.0000,-0.0059,0.0152,0.4465,-0.0072,0,12.5202,0,1,8.0541,2.4762,89.9855,-4.8729,168.2746,0.000,0.000,0.000,0.0000,0.0000,0
2026-05-05,15:18:03,75058,1,0.0000,0.0061,0.0150,0.4415,-0.0072,0,12.5202,0,1,8.0793,0.9684,89.4419,-11.5039,169.2806,0.000,0.000,0.000,0.0000,0.0000,0
2026-05-05,15:18:03,75094,1,0.0000,-0.0001,0.0162,0.4767,-0.0072,0,12.5202,0,1,8.2671,4.5175,88.4311,-21.5890,170.0646,0.000,0.000,0.000,0.0000,0.0000,0
2026-05-05,15:18:03,75130,1,0.0000,-0.0071,0.0157,0.4615,-0.0072,0,12.5202,0,1,8.5536,4.7263,87.2028,-28.0166,170.7418,0.000,0.000,0.000,0.0000,0.0000,0
2026-05-05,15:18:03,75165,1,0.0000,-0.0019,0.0157,0.4615,-0.0072,0,12.5202,0,1,8.3447,-6.5173,85.9245,-31.3338,171.6268,0.000,0.000,0.000,0.0000,0.0000,0
2026-05-05,15:18:03,75205,1,0.0000,-0.0010,0.0156,0.4590,-0.0072,0,12.5202,0,1,8.3936,-3.3624,84.0552,-33.2222,172.0543,0.000,0.000,0.000,0.0000,0.0000,0
2026-05-05,15:18:03,75241,1,0.0000,0.0061,0.0138,0.4060,-0.0072,0,12.5202,0,1,8.2023,-6.1352,83.5154,-17.2782,166.2726,0.000,0.000,0.000,0.0000,0.0000,0
2026-05-05,15:18:03,75276,1,0.0000,0.0070,0.0131,0.3858,-0.0073,0,12.5202,0,1,8.0985,-3.5907,83.4737,-3.5143,114.6099,0.000,0.000,0.000,0.0000,0.0000,0
2026-05-05,15:18:03,75311,1,0.0000,0.0095,0.0132,0.3884,-0.0073,0,12.5202,0,1,7.9334,-6.4326,83.7309,5.9862,84.8347,0.000,0.000,0.000,0.0000,0.0000,0
2026-05-05,15:18:03,75346,1,0.0000,-0.0041,0.0154,0.4539,-0.0072,0,12.5202,0,1,7.7125,-7.2151,84.0503,9.4281,98.8655,0.000,0.000,0.000,0.0000,0.0000,0
2026-05-05,15:18:03,75381,1,0.0000,0.0084,0.0137,0.4035,-0.0073,0,12.5202,0,1,7.5847,-4.9674,84.1722,6.5579,110.6895,0.000,0.000,0.000,0.0000,0.0000,0
2026-05-05,15:18:03,75416,1,0.3040,-0.0016,0.0148,0.4340,-0.0072,0,12.5202,38,1,7.4973,-3.8599,83.9536,-1.3724,120.5684,0.000,0.000,0.000,0.0000,0.0000,0
2026-05-05,15:18:03,75452,1,0.1040,-0.0031,0.0154,0.4541,-0.0072,0,12.5202,13,1,7.3178,-6.1970,83.4606,-9.3106,128.9380,0.000,0.000,0.000,0.0000,0.0000,0
2026-05-05,15:18:03,75487,1,-0.1040,0.0013,0.0156,0.4590,-0.0072,0,12.5202,-13,1,7.1836,-4.6494,82.7038,-16.1171,136.3196,0.000,0.000,0.000,0.0000,0.0000,0
2026-05-05,15:18:03,75523,1,-0.1040,-0.0099,0.0150,0.4413,-0.0072,0,12.5202,-13,1,7.0673,-4.5763,82.2503,-11.7272,101.7471,0.000,0.000,0.000,0.0000,0.0000,0
2026-05-05,15:18:03,75558,1,-0.1040,-0.0052,0.0147,0.4313,-0.0072,0,12.5202,-13,1,6.9850,-2.8909,82.3241,-2.1820,66.9912,0.000,0.000,0.000,0.0000,0.0000,0
2026-05-05,15:18:03,75594,1,-0.1040,0.0111,0.0135,0.3984,-0.0072,0,12.5202,-13,1,6.8478,-5.3411,82.2878,-1.6770,83.6082,0.000,0.000,0.000,0.0000,0.0000,0
2026-05-05,15:18:03,75630,1,-0.0640,-0.0102,0.0152,0.4465,-0.0072,0,12.5202,-8,1,6.6400,-6.0162,82.2399,-1.7532,97.7377,0.000,0.000,0.000,0.0000,0.0000,0
2026-05-05,15:18:03,75666,1,-0.0640,-0.0037,0.0157,0.4615,-0.0072,0,12.5202,-8,1,6.5773,-1.6807,82.2136,-0.9110,109.8251,0.000,0.000,0.000,0.0000,0.0000,0
2026-05-05,15:18:03,75702,1,-0.1120,-0.0087,0.0148,0.4362,-0.0072,0,12.5202,-14,1,6.5575,-1.8695,82.1972,-0.9662,120.0131,0.000,0.000,0.000,0.0000,0.0000,0
2026-05-05,15:18:03,75737,1,-0.1200,0.0027,0.0123,0.3608,-0.0072,0,12.5202,-15,1,6.5015,-2.1691,81.9954,-4.5206,128.6965,0.000,0.000,0.000,0.0000,0.0000,0
2026-05-05,15:18:03,75772,1,-0.1200,0.0028,0.0135,0.3983,-0.0072,0,12.5202,-15,1,6.3769,-3.9433,81.7900,-5.4632,136.2121,0.000,0.000,0.000,0.0000,0.0000,0
2026-05-05,15:18:04,75807,1,-0.1200,-0.0013,0.0139,0.4087,-0.0072,0,12.5202,-15,1,6.3541,-0.4620,81.6980,-3.9103,142.5108,0.000,0.000,0.000,0.0000,0.0000,0
2026-05-05,15:18:04,75842,1,0.0000,-0.0013,0.0140,0.4111,-0.0072,0,12.5202,0,1,6.3447,-0.9687,81.6547,-1.8035,147.7955,0.000,0.000,0.000,0.0000,0.0000,0
2026-05-05,15:18:04,75877,1,0.0000,-0.0060,0.0137,0.4035,-0.0072,0,12.5202,0,1,6.2310,-4.0859,81.6926,-0.3745,152.4284,0.000,0.000,0.000,0.0000,0.0000,0
2026-05-05,15:18:04,75913,1,0.0000,0.0106,0.0138,0.4059,-0.0072,0,12.5202,0,1,6.1623,-2.3640,81.4822,-4.4703,156.3391,0.000,0.000,0.000,0.0000,0.0000,0
2026-05-05,15:18:04,75949,1,0.0000,0.0035,0.0128,0.3757,-0.0072,0,12.5202,0,1,6.1321,-0.3665,81.3717,-3.4770,159.5822,0.000,0.000,0.000,0.0000,0.0000,0
2026-05-05,15:18:04,75984,1,0.0000,-0.0035,0.0134,0.3934,-0.0072,0,12.5202,0,1,6.1426,0.2828,81.4621,0.9446,162.4034,0.000,0.000,0.000,0.0000,0.0000,0
2026-05-05,15:18:04,76020,1,0.0000,-0.0007,0.0139,0.4087,-0.0072,0,12.5202,0,1,6.1046,-0.5409,81.5685,2.3422,164.8096,0.000,0.000,0.000,0.0000,0.0000,0
2026-05-05,15:18:04,76056,1,0.0000,-0.0069,0.0138,0.4059,-0.0072,0,12.5202,0,1,6.1075,0.0369,81.6340,2.3243,166.8272,0.000,0.000,0.000,0.0000,0.0000,0
2026-05-05,15:18:04,76092,1,0.0000,-0.0016,0.0130,0.3810,-0.0072,0,12.5202,0,1,6.0944,-0.3402,81.7105,2.5153,168.5518,0.000,0.000,0.000,0.0000,0.0000,0
2026-05-05,15:18:04,76129,1,0.0000,0.0022,0.0136,0.3987,-0.0072,0,12.5202,0,1,6.0734,-0.5864,81.7644,2.2138,169.1195,0.000,0.000,0.000,0.0000,0.0000,0
2026-05-05,15:18:04,76165,1,0.0000,-0.0144,0.0139,0.4088,-0.0072,0,12.5202,0,1,6.0257,-1.5323,81.8800,3.0324,170.5082,0.000,0.000,0.000,0.0000,0.0000,0
2026-05-05,15:18:04,76200,1,0.0000,-0.0098,0.0132,0.3882,-0.0072,0,12.5202,0,1,6.0098,-0.2432,81.8079,-0.8194,171.6973,0.000,0.000,0.000,0.0000,0.0000,0
2026-05-05,15:18:04,76236,1,0.0000,0.0081,0.0124,0.3657,-0.0072,0,12.5202,0,1,6.0149,0.1447,81.7392,-1.5751,172.6929,0.000,0.000,0.000,0.0000,0.0000,0
2026-05-05,15:18:04,76271,1,0.0000,0.0026,0.0126,0.3706,-0.0072,0,12.5202,0,1,6.0160,0.3976,81.6502,-2.4586,173.5529,0.000,0.000,0.000,0.0000,0.0000,0
2026-05-05,15:18:04,76306,1,0.0000,0.0065,0.0115,0.3380,-0.0072,0,12.5202,0,1,6.0364,0.3592,81.5174,-3.4719,174.2813,0.000,0.000,0.000,0.0000,0.0000,0
2026-05-05,15:18:04,76341,1,0.0000,0.0024,0.0123,0.3632,-0.0073,0,12.5202,0,1,6.0139,-0.7565,81.3789,-4.0016,174.9034,0.000,0.000,0.000,0.0000,0.0000,0
2026-05-05,15:18:04,76376,1,0.0000,0.0069,0.0099,0.2926,-0.0073,0,12.5202,0,0,6.0143,-0.0921,81.3445,-1.9511,175.4429,0.000,0.000,0.000,0.0000,0.0000,0
2026-05-05,15:18:04,76411,1,0.0000,0.0076,0.0120,0.3532,-0.0073,0,12.5202,0,0,6.0635,0.5627,81.3697,-0.0383,175.8838,0.000,0.000,0.000,0.0000,0.0000,0
2026-05-05,15:18:04,76446,1,0.0000,0.0064,0.0116,0.3406,-0.0073,0,12.5202,0,0,6.0147,-1.7155,81.4163,0.8303,176.2628,0.000,0.000,0.000,0.0000,0.0000,0
2026-05-05,15:18:04,76481,1,0.0000,-0.0001,0.0100,0.2954,-0.0074,0,12.5202,0,0,6.0356,0.6079,81.4428,0.5466,176.6016,0.000,0.000,0.000,0.0000,0.0000,0
2026-05-05,15:18:04,76516,1,0.0000,-0.0019,0.0103,0.3028,-0.0074,0,12.5202,0,0,6.1128,1.4679,81.3662,-1.7804,176.8793,0.000,0.000,0.000,0.0000,0.0000,0
2026-05-05,15:18:04,76551,1,0.0000,-0.0021,0.0099,0.2899,-0.0074,0,12.5202,0,0,6.1489,1.2629,81.1246,-5.2624,177.1040,0.000,0.000,0.000,0.0000,0.0000,0
2026-05-05,15:18:04,76586,1,0.0000,0.0044,0.0108,0.3176,-0.0074,0,12.5202,0,0,6.2066,1.8354,81.0389,-3.3884,177.3160,0.000,0.000,0.000,0.0000,0.0000,0
2026-05-05,15:18:04,76621,1,0.0000,-0.0055,0.0098,0.2872,-0.0074,0,12.5202,0,0,6.2391,0.9771,81.0075,-2.0551,177.4877,0.000,0.000,0.000,0.0000,0.0000,0
2026-05-05,15:18:04,76656,1,0.0000,-0.0019,0.0117,0.3427,-0.0074,0,12.5202,0,0,6.2886,0.1442,80.8961,-3.0683,177.6082,0.000,0.000,0.000,0.0000,0.0000,0
2026-05-05,15:18:04,76691,1,0.0000,-0.0058,0.0107,0.3150,-0.0074,0,12.5202,0,0,6.2632,-0.6372,80.8145,-2.7471,177.7682,0.000,0.000,0.000,0.0000,0.0000,0
2026-05-05,15:18:04,76726,1,0.0000,0.0128,0.0090,0.2650,-0.0074,0,12.5202,0,0,6.2219,-1.7703,80.7871,-1.4720,177.8848,0.000,0.000,0.000,0.0000,0.0000,0
2026-05-05,15:18:04,76761,1,0.0000,-0.0029,0.0121,0.3556,-0.0074,0,12.5202,0,0,6.1893,-0.5964,80.7276,-1.9423,177.9706,0.000,0.000,0.000,0.0000,0.0000,0
2026-05-05,15:18:04,76796,1,0.0000,-0.0073,0.0117,0.3427,-0.0073,0,12.5202,0,0,6.1903,-0.2762,80.6980,-0.8978,178.0370,0.000,0.000,0.000,0.0000,0.0000,0
2026-05-05,15:18:05,76831,1,0.0000,-0.0049,0.0111,0.3278,-0.0073,0,12.5202,0,0,6.2153,1.2765,80.7328,0.4295,178.0707,0.000,0.000,0.000,0.0000,0.0000,0
2026-05-05,15:18:05,76866,1,0.0000,0.0131,0.0111,0.3258,-0.0073,0,12.5202,0,0,6.2425,-0.9076,80.7060,-0.3119,178.1418,0.000,0.000,0.000,0.0000,0.0000,0
2026-05-05,15:18:05,76901,1,0.0000,-0.0115,0.0111,0.3279,-0.0073,0,12.5202,0,0,6.1450,-2.5640,80.7767,1.5366,178.2440,0.000,0.000,0.000,0.0000,0.0000,0
2026-05-05,15:18:05,76936,1,0.0000,-0.0103,0.0112,0.3305,-0.0073,0,12.5202,0,0,6.1555,0.7772,80.8675,2.6212,178.2299,0.000,0.000,0.000,0.0000,0.0000,0
2026-05-05,15:18:05,76971,1,0.0000,-0.0038,0.0118,0.3481,-0.0073,0,12.5202,0,0,6.2019,0.3627,80.9363,2.3354,178.2136,0.000,0.000,0.000,0.0000,0.0000,0
2026-05-05,15:18:05,77006,1,0.0000,-0.0077,0.0121,0.3556,-0.0073,0,12.5202,0,0,6.1835,-0.8658,81.0833,3.9473,178.2861,0.000,0.000,0.000,0.0000,0.0000,0
2026-05-05,15:18:05,77045,1,0.0000,-0.0135,0.0127,0.3733,-0.0073,0,12.5202,0,0,6.2439,-0.5998,81.1739,3.9037,178.2701,0.000,0.000,0.000,0.0000,0.0000,0
2026-05-05,15:18:05,77080,1,0.0000,-0.0127,0.0133,0.3909,-0.0073,0,12.5202,0,0,6.1873,-0.6879,81.3176,4.3131,178.2771,0.000,0.000,0.000,0.0000,0.0000,0
2026-05-05,15:18:05,77116,1,0.0000,0.0054,0.0131,0.3859,-0.0073,0,12.5202,0,0,6.1567,-1.2325,81.4450,4.0088,178.3045,0.000,0.000,0.000,0.0000,0.0000,0
2026-05-05,15:18:05,77151,1,0.0000,-0.0077,0.0125,0.3683,-0.0073,0,12.5202,0,0,6.0428,-4.1584,81.4664,1.7570,178.3235,0.000,0.000,0.000,0.0000,0.0000,0
2026-05-05,15:18:05,77186,1,0.0000,0.0002,0.0123,0.3632,-0.0073,0,12.5202,0,0,5.9788,-1.2173,81.4611,0.4797,178.3755,0.000,0.000,0.000,0.0000,0.0000,0
2026-05-05,15:18:05,77221,1,0.0000,-0.0081,0.0135,0.3985,-0.0073,0,12.5202,0,0,5.9767,-0.7527,81.4147,-0.5999,178.3680,0.000,0.000,0.000,0.0000,0.0000,0
2026-05-05,15:18:05,77256,1,0.0000,-0.0038,0.0123,0.3632,-0.0073,0,12.5202,0,0,5.9327,-1.2246,81.4715,0.7887,178.3505,0.000,0.000,0.000,0.0000,0.0000,0
2026-05-05,15:18:05,77291,1,0.0000,-0.0147,0.0134,0.3935,-0.0073,0,12.5202,0,0,5.9216,-1.5534,81.4489,-0.2766,178.4183,0.000,0.000,0.000,0.0000,0.0000,0
2026-05-05,15:18:05,77326,1,0.0000,0.0048,0.0128,0.3757,-0.0073,0,12.5202,0,0,5.8732,-0.1745,81.4282,-0.4414,178.4228,0.000,0.000,0.000,0.0000,0.0000,0
2026-05-05,15:18:05,77361,1,0.0000,-0.0060,0.0117,0.3455,-0.0073,0,12.5202,0,0,5.8877,-0.0662,81.4542,0.5006,178.3988,0.000,0.000,0.000,0.0000,0.0000,0
2026-05-05,15:18:05,77396,1,0.0000,-0.0147,0.0122,0.3582,-0.0073,0,12.5202,0,0,5.8503,-1.3575,81.5215,1.3273,178.4119,0.000,0.000,0.000,0.0000,0.0000,0
2026-05-05,15:18:05,77432,1,0.0000,0.0002,0.0117,0.3455,-0.0073,0,12.5202,0,0,5.7716,-2.9778,81.5997,2.2519,178.4438,0.000,0.000,0.000,0.0000,0.0000,0
2026-05-05,15:18:05,77467,1,0.0000,0.0066,0.0117,0.3431,-0.0073,0,12.5202,0,0,5.7561,-0.1005,81.7462,3.8247,178.4369,0.000,0.000,0.000,0.0000,0.0000,0
2026-05-05,15:18:05,77502,1,0.0000,-0.0045,0.0127,0.3733,-0.0073,0,12.5202,0,0,5.7915,1.6684,81.8755,4.2543,178.4220,0.000,0.000,0.000,0.0000,0.0000,0
2026-05-05,15:18:05,77537,1,0.0000,-0.0055,0.0124,0.3657,-0.0073,0,12.5202,0,0,5.7728,-0.9018,81.9891,4.0583,178.4211,0.000,0.000,0.000,0.0000,0.0000,0
2026-05-05,15:18:05,77572,1,0.0000,0.0104,0.0121,0.3556,-0.0073,0,12.5202,0,0,5.7277,-0.9757,82.1221,4.2264,178.4486,0.000,0.000,0.000,0.0000,0.0000,0
2026-05-05,15:18:05,77607,1,0.0000,-0.0052,0.0102,0.3001,-0.0073,0,12.5202,0,0,5.7545,1.8323,82.2283,3.3707,178.4664,0.000,0.000,0.000,0.0000,0.0000,0
2026-05-05,15:18:05,77642,1,0.0000,0.0110,0.0117,0.3455,-0.0073,0,12.5202,0,0,5.7429,0.0225,82.3200,3.1036,178.4280,0.000,0.000,0.000,0.0000,0.0000,0
2026-05-05,15:18:05,77677,1,0.0000,0.0012,0.0116,0.3405,-0.0073,0,12.5202,0,0,5.8029,2.9665,82.3055,0.4006,178.4376,0.000,0.000,0.000,0.0000,0.0000,0
2026-05-05,15:18:05,77712,1,0.0000,0.0004,0.0122,0.3582,-0.0073,0,12.5202,0,0,5.8076,1.7306,82.3019,0.2096,178.4096,0.000,0.000,0.000,0.0000,0.0000,0
2026-05-05,15:18:05,77747,1,0.0000,-0.0058,0.0129,0.3785,-0.0072,0,12.5202,0,0,5.7841,-1.2836,82.3217,0.4004,178.4165,0.000,0.000,0.000,0.0000,0.0000,0
2026-05-05,15:18:05,77783,1,0.0000,0.0036,0.0124,0.3633,-0.0072,0,12.5202,0,0,5.6861,-3.8241,82.3562,1.0342,178.4394,0.000,0.000,0.000,0.0000,0.0000,0
2026-05-05,15:18:06,77818,1,0.0000,-0.0004,0.0125,0.3685,-0.0072,0,12.5202,0,0,5.5927,-3.6294,82.4119,1.4597,178.4628,0.000,0.000,0.000,0.0000,0.0000,0
2026-05-05,15:18:06,77853,1,0.0000,0.0010,0.0120,0.3532,-0.0072,0,12.5202,0,0,5.6088,0.9608,82.4210,0.3947,178.4545,0.000,0.000,0.000,0.0000,0.0000,0
2026-05-05,15:18:06,77888,1,0.0000,0.0030,0.0129,0.3782,-0.0072,0,12.5202,0,0,5.6105,-0.1691,82.3491,-0.9762,178.4035,0.000,0.000,0.000,0.0000,0.0000,0
2026-05-05,15:18:06,77923,1,0.0000,0.0002,0.0130,0.3834,-0.0072,0,12.5202,0,0,5.4572,-3.8200,82.2819,-1.8783,178.4541,0.000,0.000,0.000,0.0000,0.0000,0
2026-05-05,15:18:06,77958,1,0.0000,0.0150,0.0110,0.3229,-0.0073,0,12.5202,0,0,5.4459,-0.5471,82.2565,-1.0138,178.4668,0.000,0.000,0.000,0.0000,0.0000,0
2026-05-05,15:18:06,77997,1,0.0000,0.0108,0.0105,0.3103,-0.0073,0,12.5202,0,0,5.2774,-4.9511,82.2516,-1.1226,178.3071,0.000,0.000,0.000,0.0000,0.0000,0
2026-05-05,15:18:06,78032,1,0.0000,0.0085,0.0095,0.2797,-0.0074,0,12.5202,0,0,5.0819,-4.5662,82.0930,-3.8721,178.2227,0.000,0.000,0.000,0.0000,0.0000,0
2026-05-05,15:18:06,78067,1,0.0000,0.0021,0.0087,0.2548,-0.0074,0,12.5202,0,0,5.4687,0.7167,81.5863,-12.7569,132.0943,0.000,0.000,0.000,0.0000,0.0000,0
2026-05-05,15:18:06,78102,1,0.0000,-0.0182,0.0106,0.3130,-0.0074,0,12.5202,0,0,2.1207,-69.3820,79.6810,-39.0157,100.2708,0.000,0.000,0.000,0.0000,0.0000,0
2026-05-05,15:18:06,78137,1,0.0000,-0.0077,0.0137,0.4035,-0.0072,0,12.5202,0,0,2.1517,3.3738,80.0317,-5.1815,109.8067,0.000,0.000,0.000,0.0000,0.0000,0
2026-05-05,15:18:06,78173,1,0.0000,-0.0091,0.0139,0.4088,-0.0072,0,12.5202,0,0,1.9111,-15.5666,78.5293,-33.7910,67.9944,0.000,0.000,0.000,0.0000,0.0000,0
2026-05-05,15:18:06,78208,1,0.0000,-0.0283,0.0170,0.5000,-0.0071,0,12.5202,0,0,1.1336,-25.9637,75.9135,-56.3378,31.8271,0.000,0.000,0.000,0.0000,0.0000,0
2026-05-05,15:18:06,78243,1,0.0000,-0.0175,0.0191,0.5618,-0.0069,0,12.5202,0,0,1.7963,14.0609,74.8243,-35.9863,1.3854,0.000,0.000,0.000,0.0000,0.0000,0
2026-05-05,15:18:06,78278,1,0.0000,0.0014,0.0177,0.5215,-0.0069,0,12.5202,0,0,1.8386,-1.2478,74.2359,-21.0605,-24.4442,0.000,0.000,0.000,0.0000,0.0000,0
2026-05-05,15:18:06,78313,1,0.0000,0.0126,0.0194,0.5717,-0.0069,0,12.5202,0,0,1.5246,-0.7129,73.8831,-11.8894,-46.9480,0.000,0.000,0.000,0.0000,0.0000,0
2026-05-05,15:18:06,78348,1,0.0000,-0.0012,0.0204,0.5994,-0.0069,0,12.5202,0,0,2.2752,31.3973,73.8115,-4.9235,-67.5678,0.000,0.000,0.000,0.0000,0.0000,0
2026-05-05,15:18:06,78383,1,0.0000,0.0019,0.0197,0.5798,-0.0069,0,12.5202,0,0,3.9601,65.7965,73.5060,-7.2606,-39.7391,0.000,0.000,0.000,0.0000,0.0000,0
2026-05-05,15:18:06,78418,1,0.0000,0.0074,0.0176,0.5179,-0.0069,0,12.5202,0,0,6.3549,80.4412,73.3370,-5.4196,-10.5838,0.000,0.000,0.000,0.0000,0.0000,0
2026-05-05,15:18:06,78453,1,0.0000,-0.0032,0.0197,0.5781,-0.0069,0,12.5202,0,0,8.8819,83.7668,73.5142,1.2953,13.8822,0.000,0.000,0.000,0.0000,0.0000,0
2026-05-05,15:18:06,78488,1,0.0000,-0.0001,0.0185,0.5439,-0.0069,0,12.5202,0,0,11.6717,84.9527,74.1671,11.6339,34.2080,0.000,0.000,0.000,0.0000,0.0000,0
2026-05-05,15:18:06,78523,1,0.0000,0.0079,0.0185,0.5439,-0.0069,0,12.5202,0,0,13.8710,70.1458,74.8784,15.0216,51.0881,0.000,0.000,0.000,0.0000,0.0000,0
2026-05-05,15:18:06,78558,1,0.0000,-0.0023,0.0203,0.5978,-0.0069,0,12.5202,0,0,15.2319,41.6469,75.3211,11.8447,65.5857,0.000,0.000,0.000,0.0000,0.0000,0
2026-05-05,15:18:06,78594,1,0.0000,-0.0002,0.0182,0.5341,-0.0069,0,12.5202,0,0,16.0390,19.3412,75.4216,4.4777,78.3663,0.000,0.000,0.000,0.0000,0.0000,0
2026-05-05,15:18:06,78629,1,0.0000,0.0023,0.0185,0.5439,-0.0069,0,12.5202,0,0,16.2041,7.4433,75.1028,-5.2663,89.5250,0.000,0.000,0.000,0.0000,0.0000,0
2026-05-05,15:18:06,78664,1,0.0000,0.0036,0.0188,0.5520,-0.0069,0,12.5202,0,0,16.7952,14.0318,73.8447,-24.6070,99.8388,0.000,0.000,0.000,0.0000,0.0000,0
2026-05-05,15:18:06,78699,1,0.0000,-0.0022,0.0203,0.5978,-0.0069,0,12.5202,0,0,16.4447,-19.3911,72.7864,-24.4572,109.6205,0.000,0.000,0.000,0.0000,0.0000,0
2026-05-05,15:18:06,78734,1,0.0000,-0.0033,0.0201,0.5913,-0.0069,0,12.5202,0,0,15.5291,-33.3835,72.6335,-8.0184,117.8962,0.000,0.000,0.000,0.0000,0.0000,0
2026-05-05,15:18:06,78769,1,0.0000,-0.0216,0.0220,0.6467,-0.0068,0,12.5202,0,0,14.3525,-43.8451,73.1120,9.5773,124.8672,0.000,0.000,0.000,0.0000,0.0000,0
2026-05-05,15:18:06,78804,1,0.0000,-0.0026,0.0222,0.6531,-0.0067,0,12.5202,0,0,13.4543,-32.1677,74.2952,28.5404,130.6031,0.000,0.000,0.000,0.0000,0.0000,0
2026-05-05,15:18:07,78839,1,0.0000,-0.0163,0.0238,0.7002,-0.0067,0,12.5202,0,0,12.8484,-23.6450,76.0561,44.1801,135.0635,0.000,0.000,0.000,0.0000,0.0000,0
2026-05-05,15:18:07,78874,1,0.0000,-0.0052,0.0228,0.6712,-0.0067,0,12.5202,0,0,12.4917,-13.9165,77.8849,50.3329,138.1618,0.000,0.000,0.000,0.0000,0.0000,0
2026-05-05,15:18:07,78912,1,0.0000,-0.0012,0.0227,0.6671,-0.0067,0,12.5202,0,0,12.7004,-4.6338,79.5975,47.1950,139.1207,0.000,0.000,0.000,0.0000,0.0000,0
2026-05-05,15:18:07,78948,1,0.0000,-0.0071,0.0236,0.6948,-0.0067,0,12.5202,0,0,11.8723,-31.0207,80.4841,31.5918,141.2384,0.000,0.000,0.000,0.0000,0.0000,0
2026-05-05,15:18:07,78983,1,0.0000,-0.0426,0.0268,0.7887,-0.0066,0,12.5202,0,0,11.5537,-20.8894,80.2173,4.2139,142.3731,0.000,0.000,0.000,0.0000,0.0000,0
2026-05-05,15:18:07,79018,1,0.0000,0.0044,0.0254,0.7484,-0.0065,0,12.5202,0,0,11.3323,-12.5734,79.1909,-14.8923,144.0898,0.000,0.000,0.000,0.0000,0.0000,0
2026-05-05,15:18:07,79053,1,0.0000,-0.0190,0.0282,0.8303,-0.0064,0,12.5202,0,0,10.6176,-33.4407,78.5125,-13.6134,146.5486,0.040,0.000,0.000,0.0000,0.0000,0
2026-05-05,15:18:07,79089,1,0.0000,-0.0061,0.0291,0.8558,-0.0064,0,12.5202,0,0,10.0845,-28.5987,78.4139,-2.1919,149.7095,0.104,0.000,0.000,0.0000,0.0000,0
2026-05-05,15:18:07,79124,1,0.0000,-0.0138,0.0300,0.8834,-0.0063,0,12.5202,0,0,9.3004,-35.6560,78.8429,11.0821,152.7662,0.168,0.000,0.000,0.0000,0.0000,0
2026-05-05,15:18:07,79159,1,0.0000,-0.0143,0.0307,0.9020,-0.0063,0,12.5202,0,0,7.6187,-63.6217,79.7340,22.9223,155.0912,0.232,0.000,0.000,0.0000,0.0000,0
2026-05-05,15:18:07,79194,1,0.0000,-0.0571,0.0359,1.0552,-0.0061,0,12.5202,0,0,6.1963,-44.9494,79.9320,11.5726,155.9996,0.296,0.000,0.000,0.0000,0.0000,0
2026-05-05,15:18:07,79229,1,0.0000,-0.0154,0.0419,1.2326,-0.0057,0,12.5202,0,0,5.5037,-22.7170,78.5762,-19.9275,156.4777,0.360,0.000,0.000,0.0000,0.0000,0
2026-05-05,15:18:07,79264,1,0.0000,-0.0005,0.0413,1.2153,-0.0057,0,12.5202,0,0,4.7415,-27.7104,76.7347,-35.9515,158.2304,0.424,0.000,0.000,0.0000,0.0000,0
2026-05-05,15:18:07,79300,1,0.0000,0.0089,0.0403,1.1868,-0.0057,0,12.5202,0,0,3.8369,-31.3804,75.8414,-21.2723,160.4535,0.488,0.000,0.000,0.0000,0.0000,0
2026-05-05,15:18:07,79335,1,0.0000,0.0075,0.0403,1.1852,-0.0057,0,12.5202,0,0,2.6814,-37.3674,76.0494,0.7099,161.7592,0.552,0.000,0.000,0.0000,0.0000,0
2026-05-05,15:18:07,79370,1,0.0000,0.0102,0.0394,1.1576,-0.0058,0,12.5202,0,0,1.4858,-38.6807,76.3552,7.4722,161.6975,0.616,0.000,0.000,0.0000,0.0000,0
2026-05-05,15:18:07,79405,1,0.0000,0.0038,0.0381,1.1200,-0.0059,0,12.5202,0,0,0.3568,-32.1878,76.3612,3.5840,161.8518,0.680,0.000,0.000,0.0000,0.0000,0
2026-05-05,15:18:07,79441,1,0.0000,0.0046,0.0368,1.0831,-0.0059,0,12.5202,0,0,-0.2002,-16.6152,75.6312,-12.0827,162.1376,0.744,0.000,0.000,0.0000,0.0000,0
