Date,Time,Timestamp_ms,Kite_ID,Commanded_Vel_rps,Actual_Vel_rps,Torque_Nm,Tension_N,Line_Length_m,Target_Enabled,Target_Length_m,Remote_Joy,Remote_Active,Pitch_deg,Pitch_Vel_dps,Yaw_deg,Yaw_Vel_dps,Roll_deg,Dive_Conf,AWW_Conf,AF_Conf
2026-04-03,17:18:04,0,1,-2.0400,-2.7762,0.1206,3.5466,1.4926,0,0.5740,-255,1,48.9429,-37.4236,-25.1470,-11.0680,-110.8318,1.000,0.000,0.537
2026-04-03,17:18:04,1,1,-2.0400,-2.2878,0.1476,4.3402,1.5100,0,0.5740,-255,1,48.4576,-22.4650,-25.0364,-6.4605,-114.5683,1.000,0.000,0.567
2026-04-03,17:18:04,2,1,-2.0400,-2.0869,0.1285,3.7786,1.5246,0,0.5740,-255,1,48.4279,-9.9869,-24.9518,-3.5858,-118.3017,1.000,0.000,0.597
2026-04-03,17:18:04,3,1,0.0000,-1.9290,0.1284,3.7777,1.5430,0,0.5740,0,1,48.1694,-7.2594,-24.9843,-2.4973,-116.1656,1.000,0.000,0.637
2026-04-03,17:18:04,4,1,0.0000,-1.3522,0.1325,3.8968,1.5532,0,0.5740,0,1,47.5581,-15.0755,-24.8604,-0.5050,-119.7415,1.000,0.000,0.667
2026-04-03,17:18:04,4,1,0.0000,-0.5944,0.1334,3.9226,1.5598,0,0.5740,0,1,46.8705,-16.8566,-24.8954,-0.7086,-123.1762,1.000,0.000,0.697
2026-04-03,17:18:04,5,1,0.0000,-0.0183,0.1332,3.9181,1.5616,0,0.5740,0,1,47.0181,-4.8395,-24.6976,1.4246,-126.0027,1.000,0.000,0.727
2026-04-03,17:18:04,6,1,0.0000,-0.0073,0.1342,3.9463,1.5618,0,0.5740,0,1,46.1792,-17.3360,-24.0658,7.0225,-128.1353,1.000,0.000,0.757
2026-04-03,17:18:04,6,1,0.0000,-0.0630,0.1483,4.3618,1.5621,0,0.5740,0,1,46.2273,-4.8283,-23.3822,11.3455,-123.0030,1.000,0.000,0.787
2026-04-03,17:18:04,7,1,0.0000,0.0437,0.1377,4.0511,1.5622,0,0.5740,0,1,46.2515,-2.0272,-23.2717,7.4998,-106.6941,1.000,0.000,0.827
2026-04-03,17:18:04,7,1,0.0000,0.0041,0.1355,3.9857,1.5619,0,0.5740,0,1,44.9212,-26.6183,-23.3486,4.3980,-110.8908,1.000,0.000,0.857
2026-04-03,17:18:04,8,1,0.0000,-0.0300,0.1409,4.1438,1.5619,0,0.5740,0,1,43.1664,-37.2965,-23.4133,2.3918,-107.7270,1.000,0.000,0.887
2026-04-03,17:18:04,9,1,0.0000,-0.0169,0.1402,4.1245,1.5619,0,0.5740,0,1,44.0440,-0.7335,-23.5851,-0.1155,-105.3609,1.000,0.000,0.917
2026-04-03,17:18:04,9,1,0.0000,0.0759,0.1238,3.6424,1.5616,0,0.5740,0,1,44.2390,0.7529,-24.1141,-5.1265,-105.2909,1.000,0.000,0.957
2026-04-03,17:18:04,10,1,0.0000,0.0440,0.1128,3.3189,1.5608,0,0.5740,0,1,43.4858,-10.6113,-24.6546,-7.8697,-111.9388,1.000,0.000,0.997
2026-04-03,17:18:04,11,1,0.0000,0.0244,0.1154,3.3931,1.5608,0,0.5740,0,1,44.0921,7.3487,-24.6794,-4.7643,-117.1710,0.990,0.000,1.000
2026-04-03,17:18:04,11,1,0.0000,0.0004,0.1163,3.4207,1.5608,0,0.5740,0,1,43.9487,-0.9293,-24.5955,-2.4625,-120.9964,0.960,0.000,1.000
2026-04-03,17:18:04,12,1,0.0000,0.0124,0.1185,3.4842,1.5609,0,0.5740,0,1,44.2009,6.5352,-24.6795,-2.5290,-117.8199,0.930,0.000,1.000
2026-04-03,17:18:04,13,1,0.0000,-0.0052,0.1169,3.4382,1.5608,0,0.5740,0,1,45.4700,24.1185,-24.8673,-3.5934,-108.0993,0.900,0.000,1.000
2026-04-03,17:18:04,14,1,0.0000,0.0151,0.1118,3.2880,1.5606,0,0.5740,0,1,45.6996,13.1951,-25.4624,-8.2472,-99.7871,0.870,0.000,1.000
2026-04-03,17:18:04,15,1,0.0000,0.0145,0.1066,3.1367,1.5604,0,0.5740,0,0,45.6682,5.1204,-26.1700,-12.4542,-106.2820,0.840,0.000,1.000
2026-04-03,17:18:04,16,1,0.0000,0.0023,0.1075,3.1604,1.5604,0,0.5740,0,0,46.1199,10.4255,-26.8942,-14.0147,-113.7705,0.800,0.000,1.000
2026-04-03,17:18:04,16,1,0.0000,0.0148,0.1056,3.1056,1.5603,0,0.5740,0,0,46.2791,5.5037,-27.1731,-12.1506,-119.0002,0.770,0.000,1.000
2026-04-03,17:18:04,17,1,0.0000,-0.0227,0.1124,3.3065,1.5604,0,0.5740,0,0,46.0579,-0.0633,-27.5384,-11.8367,-117.2791,0.740,0.000,1.000
2026-04-03,17:18:04,18,1,0.0000,0.0310,0.1052,3.0933,1.5603,0,0.5740,0,0,48.3159,37.5840,-27.9505,-10.9173,-124.1559,0.700,0.000,1.000
2026-04-03,17:18:04,18,1,0.0000,-0.0032,0.1058,3.1126,1.5602,0,0.5740,0,0,49.5557,35.5671,-28.1903,-8.4929,-130.2211,0.670,0.000,1.000
2026-04-03,17:18:04,19,1,0.0000,0.0523,0.0944,2.7773,1.5600,0,0.5740,0,0,50.3975,29.5711,-28.4328,-8.0669,-134.4722,0.640,0.000,1.000
2026-04-03,17:18:04,19,1,0.0000,-0.0032,0.1010,2.9693,1.5599,0,0.5740,0,0,51.1438,25.6834,-28.4639,-5.7371,-138.0238,0.610,0.000,1.000
2026-04-03,17:18:04,20,1,0.0000,-0.0347,0.1081,3.1800,1.5601,0,0.5740,0,0,51.3501,13.0005,-28.3660,-2.9626,-141.2498,0.580,0.000,1.000
2026-04-03,17:18:04,21,1,0.0000,-0.0308,0.1117,3.2853,1.5604,0,0.5740,0,0,51.3120,5.9957,-28.2761,-1.1414,-144.1903,0.550,0.000,1.000
2026-04-03,17:18:04,22,1,0.0000,-0.0091,0.1154,3.3948,1.5607,0,0.5740,0,0,52.4135,22.6456,-28.1647,0.3240,-146.7973,0.520,0.000,1.000
2026-04-03,17:18:04,23,1,0.0000,0.0009,0.1157,3.4039,1.5608,0,0.5740,0,0,53.5238,27.6291,-27.9986,1.7878,-149.2738,0.490,0.000,1.000
2026-04-03,17:18:04,23,1,0.0000,0.0171,0.1118,3.2887,1.5606,0,0.5740,0,0,54.4504,27.6507,-27.8370,2.7784,-151.5318,0.460,0.000,1.000
2026-04-03,17:18:04,24,1,0.0000,0.0251,0.1046,3.0777,1.5603,0,0.5740,0,0,54.9861,20.6831,-27.5762,4.3923,-153.2102,0.430,0.000,1.000
2026-04-03,17:18:04,24,1,0.0000,-0.0366,0.1131,3.3255,1.5604,0,0.5740,0,0,55.1288,9.8847,-27.1302,7.3219,-154.4035,0.400,0.000,1.000
2026-04-03,17:18:04,25,1,0.0000,-0.0496,0.1235,3.6309,1.5609,0,0.5740,0,0,54.8945,4.0191,-26.5895,9.5660,-155.7751,0.360,0.000,1.000
2026-04-03,17:18:04,26,1,0.0000,0.0329,0.1166,3.4300,1.5610,0,0.5740,0,0,56.2129,25.0306,-26.1388,10.8756,-156.5182,0.330,0.000,1.000
2026-04-03,17:18:04,27,1,0.0000,0.0459,0.1106,3.2543,1.5607,0,0.5740,0,0,57.1662,25.7835,-25.7171,11.2305,-157.3352,0.300,0.000,1.000
2026-04-03,17:18:04,28,1,0.0000,0.0704,0.0976,2.8704,1.5601,0,0.5740,0,0,58.0511,26.0926,-25.3138,11.5772,-157.8729,0.270,0.000,1.000
2026-04-03,17:18:04,28,1,0.0000,0.0295,0.0950,2.7951,1.5598,0,0.5740,0,0,58.3281,15.2280,-24.7503,13.2470,-157.8646,0.240,0.000,1.000
2026-04-03,17:18:04,29,1,0.0000,-0.1360,0.1217,3.5780,1.5604,0,0.5740,0,0,57.6336,-6.9832,-23.9250,16.8843,-157.0689,0.210,0.000,1.000
2026-04-03,17:18:04,30,1,0.0000,-0.1629,0.1462,4.3004,1.5614,0,0.5740,0,0,57.5457,-1.4086,-23.1112,19.0421,-142.8169,0.180,0.000,1.000
2026-04-03,17:18:04,30,1,0.0000,-0.0014,0.1430,4.2064,1.5622,0,0.5740,0,0,58.7204,20.6254,-23.0645,13.1473,-123.9381,0.150,0.000,1.000
2026-04-03,17:18:04,31,1,0.0000,0.0549,0.1301,3.8265,1.5619,0,0.5740,0,0,60.0847,29.4684,-23.3727,6.1440,-127.4166,0.120,0.000,1.000
2026-04-03,17:18:04,31,1,0.0000,0.0903,0.1193,3.5074,1.5615,0,0.5740,0,0,60.1855,13.9097,-23.4800,3.2769,-130.0325,0.090,0.000,1.000
2026-04-03,17:18:04,32,1,0.0000,0.0194,0.1194,3.5127,1.5611,0,0.5740,0,0,60.4095,9.7882,-23.2669,4.3177,-131.8758,0.060,0.000,1.000
2026-04-03,17:18:04,32,1,0.0000,-0.0330,0.1271,3.7370,1.5612,0,0.5740,0,0,60.7220,9.9111,-22.7279,8.2319,-132.8542,0.030,0.000,1.000
2026-04-03,17:18:04,33,1,0.0000,0.0041,0.1243,3.6574,1.5613,0,0.5740,0,0,60.8949,6.9177,-22.1082,11.5230,-126.8675,0.000,0.000,1.000
2026-04-03,17:18:04,34,1,0.0000,0.0066,0.1245,3.6612,1.5613,0,0.5740,0,0,60.9565,3.9039,-22.0495,8.2505,-108.5214,0.000,0.000,1.000
2026-04-03,17:18:04,34,1,0.0000,0.0235,0.1218,3.5829,1.5612,0,0.5740,0,0,61.0732,3.4500,-22.3840,2.3698,-105.9181,0.000,0.000,1.000
2026-04-03,17:18:04,35,1,0.0000,0.0271,0.1189,3.4971,1.5611,0,0.5740,0,0,61.2057,3.3601,-22.5659,-0.1808,-111.1318,0.000,0.000,1.000
2026-04-03,17:18:04,36,1,0.0000,0.0394,0.1107,3.2549,1.5607,0,0.5740,0,0,61.3139,3.3214,-22.5509,0.0689,-114.4460,0.000,0.000,1.000
2026-04-03,17:18:04,36,1,0.0000,0.0463,0.1025,3.0146,1.5603,0,0.5740,0,0,61.4300,3.1846,-22.2826,2.7296,-116.9956,0.000,0.000,1.000
2026-04-03,17:18:04,37,1,0.0000,-0.0277,0.1084,3.1868,1.5602,0,0.5740,0,0,61.4083,0.0662,-21.4836,9.3083,-119.0564,0.000,0.000,1.000
2026-04-03,17:18:04,38,1,0.0000,-0.0787,0.1208,3.5517,1.5607,0,0.5740,0,0,61.2969,-1.7778,-20.6383,14.4563,-113.1295,0.000,0.000,1.000
2026-04-03,17:18:04,39,1,0.0000,0.0070,0.1182,3.4751,1.5609,0,0.5740,0,0,61.2981,-0.5899,-20.3969,11.9523,-95.2032,0.000,0.000,1.000
2026-04-03,17:18:04,40,1,0.0000,0.0253,0.1123,3.3026,1.5607,0,0.5740,0,0,61.4038,1.7806,-20.8982,3.2283,-86.6372,0.000,0.000,1.000
2026-04-03,17:18:04,40,1,0.0000,0.0608,0.1011,2.9730,1.5603,0,0.5740,0,0,61.8802,9.4196,-21.3330,-1.9068,-91.9505,0.000,0.000,1.000
2026-04-03,17:18:04,41,1,0.0000,0.0505,0.0958,2.8172,1.5600,0,0.5740,0,0,61.9019,3.8176,-21.4806,-2.6706,-96.6629,0.000,0.000,1.000
2026-04-03,17:18:04,68,1,0.0000,0.0008,0.0967,2.8439,1.5598,0,0.5740,0,0,61.8682,0.9976,-21.3459,-0.3995,-100.3872,0.000,0.000,1.000
2026-04-03,17:18:04,69,1,0.0000,-0.0690,0.1122,3.3013,1.5602,0,0.5740,0,0,60.0002,-32.4144,-20.4853,7.7698,-103.7821,0.020,0.000,1.000
2026-04-03,17:18:04,70,1,0.0000,-0.0399,0.1191,3.5042,1.5607,0,0.5740,0,0,59.2619,-22.9765,-20.1917,7.9079,-86.9362,0.080,0.000,1.000
2026-04-03,17:18:04,71,1,0.0000,0.0222,0.1123,3.3029,1.5607,0,0.5740,0,0,59.9161,1.9254,-21.0175,-3.3242,-67.9107,0.160,0.000,1.000
2026-04-03,17:18:04,71,1,0.0000,0.0947,0.0945,2.7782,1.5601,0,0.5740,0,0,60.8148,16.3691,-22.4202,-15.0681,-65.4070,0.180,0.000,1.000
2026-04-03,17:18:04,72,1,0.0000,-0.0268,0.1427,4.1960,1.5621,0,0.5740,0,0,63.8744,-7.0858,-28.2110,-0.0061,-104.6275,0.000,0.000,1.000
2026-04-03,17:18:04,73,1,0.0000,0.0055,0.1417,4.1689,1.5622,0,0.5740,0,0,64.1517,3.1389,-28.1416,1.3123,-107.8837,0.000,0.000,1.000
2026-04-03,17:18:04,80,1,0.0000,0.0327,0.1327,3.9039,1.5618,0,0.5740,0,0,64.0660,-5.0336,-28.4444,0.7716,-115.1383,0.000,0.000,1.000
2026-04-03,17:18:04,124,1,0.0000,0.0153,0.1225,3.6017,1.5613,0,0.5740,0,0,62.7760,-26.8713,-27.6311,13.4243,-124.4819,0.060,0.000,1.000
2026-04-03,17:18:04,164,1,0.0000,-0.0167,0.1308,3.8475,1.5615,0,0.5740,0,0,63.3324,23.7728,-26.8789,17.0908,-131.6732,0.110,0.000,1.000
2026-04-03,17:18:04,204,1,0.0000,0.0090,0.1309,3.8509,1.5616,0,0.5740,0,0,64.1181,12.1131,-26.4063,13.8127,-132.3617,0.070,0.000,1.000
2026-04-03,17:18:04,244,1,0.0000,0.0965,0.1123,3.3044,1.5611,0,0.5740,0,0,64.5299,9.8150,-26.1319,9.5951,-112.6456,0.030,0.000,1.000
2026-04-03,17:18:04,284,1,0.0000,0.1080,0.0891,2.6211,1.5600,0,0.5740,0,0,64.1364,-9.1310,-25.8726,8.2038,-70.3952,0.000,0.000,1.000
2026-04-03,17:18:04,325,1,0.0000,-0.0458,0.1038,3.0533,1.5599,0,0.5740,0,0,62.4988,-39.0526,-26.0170,0.2966,-41.7358,0.060,0.000,1.000
2026-04-03,17:18:04,365,1,0.0000,-0.0878,0.1241,3.6505,1.5608,0,0.5740,0,0,63.1850,30.9009,-26.4321,-5.7206,-62.0144,0.140,0.000,1.000
2026-04-03,17:18:04,405,1,0.0000,-0.0810,0.1399,4.1151,1.5615,0,0.5740,0,0,65.8953,59.3699,-26.5004,-1.6116,-78.0308,0.100,0.000,1.000
2026-04-03,17:18:04,446,1,0.0000,0.1259,0.1092,3.2131,1.5612,0,0.5740,0,0,66.9771,26.3396,-26.1438,6.6486,-93.0557,0.060,0.000,1.000
2026-04-03,17:18:04,486,1,0.0000,0.0309,0.1099,3.2338,1.5606,0,0.5740,0,0,66.1972,-14.3847,-25.3016,16.6161,-78.6627,0.020,0.000,1.000
2026-04-03,17:18:04,526,1,0.0000,-0.0317,0.1182,3.4765,1.5608,0,0.5740,0,0,65.8079,-8.3916,-24.6621,16.2597,-41.7255,0.000,0.000,1.000
2026-04-03,17:18:05,566,1,0.0000,-0.0681,0.1328,3.9053,1.5613,0,0.5740,0,0,66.6068,24.2354,-24.3701,10.9342,-37.8769,0.000,0.000,1.000
2026-04-03,17:18:05,606,1,0.0000,0.0051,0.1327,3.9021,1.5618,0,0.5740,0,0,67.3892,12.7227,-23.9887,11.0061,-58.8468,0.000,0.000,1.000
2026-04-03,17:18:05,646,1,0.0000,0.0521,0.1228,3.6123,1.5614,0,0.5740,0,0,66.6141,-18.6266,-23.4168,13.2228,-76.4219,0.000,0.000,1.000
2026-04-03,17:18:05,686,1,0.0000,0.0473,0.1125,3.3100,1.5609,0,0.5740,0,0,65.7937,-24.3513,-23.0248,11.0547,-51.2849,0.040,0.000,1.000
2026-04-03,17:18:05,726,1,0.0000,-0.0347,0.1225,3.6034,1.5609,0,0.5740,0,0,64.5732,-30.4355,-22.7938,7.6803,-23.5583,0.120,0.000,1.000
2026-04-03,17:18:05,760,1,0.0000,-0.0584,0.1293,3.8024,1.5612,0,0.5740,0,0,63.8717,-19.0563,-22.6800,5.4676,-11.2869,0.180,0.000,1.000
2026-04-03,17:18:05,800,1,0.0000,-0.0108,0.1270,3.7353,1.5613,0,0.5740,0,0,64.1051,1.7745,-22.3684,7.3394,16.4292,0.260,0.000,1.000
2026-04-03,17:18:05,841,1,0.0000,-0.0072,0.1294,3.8063,1.5615,0,0.5740,0,0,63.0458,-30.7597,-22.1335,6.4288,40.1250,0.340,0.000,1.000
2026-04-03,17:18:05,881,1,0.0000,-0.0178,0.1313,3.8609,1.5615,0,0.5740,0,0,61.3771,-44.4313,-21.9648,4.6009,60.7285,0.420,0.000,1.000
2026-04-03,17:18:05,922,1,0.0000,-0.0614,0.1440,4.2343,1.5620,0,0.5740,0,0,61.0235,1.3678,-22.0406,0.1065,77.2895,0.500,0.000,1.000
2026-04-03,17:18:05,963,1,0.0000,0.0146,0.1410,4.1457,1.5622,0,0.5740,0,0,61.3058,16.9777,-22.9322,-14.5521,47.7749,0.580,0.000,1.000
2026-04-03,17:18:05,1005,1,0.0000,0.0728,0.1295,3.8095,1.5619,0,0.5740,0,0,61.9865,12.0189,-22.1352,-2.4684,38.1853,0.580,0.000,1.000
2026-04-03,17:18:05,1045,1,0.0000,0.0626,0.1211,3.5631,1.5613,0,0.5740,0,0,61.3085,-14.5398,-21.5523,7.5495,33.8996,0.570,0.000,1.000
2026-04-03,17:18:05,1085,1,0.0000,0.0204,0.1166,3.4300,1.5610,0,0.5740,0,0,60.8788,-15.6393,-21.7520,-2.9027,55.6155,0.650,0.000,1.000
2026-04-03,17:18:05,1125,1,0.0000,-0.0287,0.1232,3.6241,1.5610,0,0.5740,0,0,60.1207,-7.5909,-22.1886,-7.8529,28.2541,0.730,0.000,1.000
2026-04-03,17:18:05,1166,1,0.0000,-0.0446,0.1336,3.9298,1.5615,0,0.5740,0,0,61.1268,19.4828,-22.0130,0.3815,0.7435,0.750,0.000,1.000
2026-04-03,17:18:05,1206,1,0.0000,0.0112,0.1295,3.8089,1.5615,0,0.5740,0,0,61.6771,17.6146,-21.3629,9.8404,-22.2901,0.710,0.000,1.000
2026-04-03,17:18:05,1247,1,0.0000,0.0091,0.1238,3.6414,1.5613,0,0.5740,0,0,61.9539,7.0226,-20.8860,10.0357,-35.5202,0.670,0.000,1.000
2026-04-03,17:18:05,1287,1,0.0000,-0.0055,0.1211,3.5611,1.5611,0,0.5740,0,0,62.3071,10.1457,-20.7854,3.6355,-40.6603,0.630,0.000,1.000
2026-04-03,17:18:05,1327,1,0.0000,-0.0542,0.1335,3.9278,1.5614,0,0.5740,0,0,62.4383,5.4478,-20.9168,-1.9170,-58.9149,0.590,0.000,1.000
2026-04-03,17:18:05,1368,1,0.0000,-0.1118,0.1531,4.5015,1.5621,0,0.5740,0,0,62.7136,7.5219,-21.0867,-4.5373,-74.4434,0.550,0.000,1.000
2026-04-03,17:18:05,1408,1,0.0000,-0.0334,0.1554,4.5695,1.5627,0,0.5740,0,0,63.9268,28.5664,-21.4729,-9.2873,-75.3430,0.510,0.000,1.000
2026-04-03,17:18:05,1449,1,0.0000,0.0236,0.1461,4.2976,1.5626,0,0.5740,0,0,63.7628,-9.5907,-21.3379,-0.2889,-86.6929,0.470,0.000,1.000
2026-04-03,17:18:05,1489,1,0.0000,-0.0624,0.1608,4.7300,1.5628,0,0.5740,0,0,63.5543,-3.7390,-20.2354,16.5108,-87.3986,0.430,0.000,1.000
2026-04-03,17:18:05,1529,1,0.0000,0.0022,0.1575,4.6310,1.5630,0,0.5740,0,0,63.6889,1.0321,-20.0257,5.4876,-46.1809,0.390,0.000,1.000
2026-04-03,17:18:06,1569,1,0.0000,-0.0086,0.1560,4.5879,1.5629,0,0.5740,0,0,63.7184,-1.6720,-20.8714,-12.8582,-39.3720,0.350,0.000,1.000
2026-04-03,17:18:06,1609,1,0.0000,0.0110,0.1560,4.5878,1.5629,0,0.5740,0,0,63.5637,-2.9175,-20.9847,-5.4581,-55.8462,0.310,0.000,1.000
2026-04-03,17:18:06,1649,1,0.0000,-0.0357,0.1617,4.7559,1.5630,0,0.5740,0,0,63.5607,4.4015,-19.8607,15.3423,-54.6836,0.270,0.000,1.000
2026-04-03,17:18:06,1689,1,0.0000,0.0138,0.1582,4.6518,1.5631,0,0.5740,0,0,64.1359,5.5631,-19.5965,5.9775,-18.7283,0.230,0.000,1.000
2026-04-03,17:18:06,1729,1,0.0000,0.0547,0.1472,4.3292,1.5627,0,0.5740,0,0,63.3958,-17.2893,-20.2971,-10.1642,-16.1534,0.190,0.000,1.000
2026-04-03,17:18:06,1770,1,0.0000,0.0440,0.1379,4.0544,1.5622,0,0.5740,0,0,63.2633,-8.2051,-20.3242,-2.9691,-37.5001,0.270,0.000,0.999
2026-04-03,17:18:06,1810,1,0.0000,-0.0422,0.1480,4.3518,1.5623,0,0.5740,0,0,62.4141,-19.7061,-19.2661,15.7067,-54.3927,0.350,0.000,0.995
2026-04-03,17:18:06,1850,1,0.0000,-0.0359,0.1569,4.6161,1.5628,0,0.5740,0,0,61.8217,-16.4655,-18.5007,14.9029,-24.2620,0.430,0.000,1.000
2026-04-03,17:18:06,1891,1,0.0000,0.0394,0.1462,4.2995,1.5627,0,0.5740,0,0,61.4934,-3.4535,-19.1628,-7.2002,-8.8836,0.510,0.000,1.000
2026-04-03,17:18:06,1931,1,0.0000,0.1134,0.1320,3.8821,1.5623,0,0.5740,0,0,61.3073,-5.6796,-19.5984,-8.4417,-33.2082,0.590,0.000,1.000
2026-04-03,17:18:06,1972,1,0.0000,0.2727,0.0811,2.3842,1.5604,0,0.5740,0,0,61.6432,2.2171,-19.4967,-1.5101,-53.8688,0.580,0.000,1.000
2026-04-03,17:18:06,2012,1,0.0000,-0.0800,0.1079,3.1724,1.5598,0,0.5740,0,0,60.9467,-22.7691,-19.1012,6.4204,-70.8048,0.570,0.000,1.000
2026-04-03,17:18:06,2054,1,0.0000,-0.2792,0.1651,4.8548,1.5619,0,0.5740,0,0,59.9361,-11.2224,-18.3118,12.2446,-51.6165,0.650,0.000,1.000
2026-04-03,17:18:06,2096,1,0.0000,0.0200,0.1513,4.4509,1.5628,0,0.5740,0,0,60.1210,7.9826,-19.7691,-21.4027,-22.3089,0.730,0.000,1.000
2026-04-03,17:18:06,2136,1,0.0000,0.2144,0.1100,3.2356,1.5615,0,0.5740,0,0,60.7114,7.1306,-22.1280,-43.7369,-36.7096,0.720,0.000,1.000
2026-04-03,17:18:06,2177,1,0.0000,0.0422,0.1061,3.1219,1.5605,0,0.5740,0,0,59.7602,-18.2742,-22.4962,-17.4249,-56.7712,0.740,0.000,1.000
2026-04-03,17:18:06,2219,1,0.0000,-0.0513,0.1162,3.4188,1.5606,0,0.5740,0,0,60.1200,-2.5151,-21.6395,-1.3584,-51.0063,0.800,0.000,1.000
2026-04-03,17:18:06,2260,1,0.0000,-0.0871,0.1359,3.9966,1.5613,0,0.5740,0,0,59.5481,-18.8239,-21.3989,1.8643,-31.5398,0.880,0.000,1.000
2026-04-03,17:18:06,2301,1,0.0000,-0.0674,0.1464,4.3057,1.5621,0,0.5740,0,0,58.9048,-15.0423,-21.7141,-4.5526,-14.3620,0.960,0.000,1.000
2026-04-03,17:18:06,2341,1,0.0000,-0.0579,0.1571,4.6204,1.5626,0,0.5740,0,0,58.5793,-9.9143,-22.5388,-15.7223,12.2007,1.000,0.000,1.000
2026-04-03,17:18:06,2382,1,0.0000,0.0106,0.1516,4.4602,1.5627,0,0.5740,0,0,58.0760,-14.7734,-23.8121,-24.2525,-11.9022,1.000,0.000,1.000
2026-04-03,17:18:06,2422,1,0.0000,0.0476,0.1435,4.2219,1.5624,0,0.5740,0,0,57.4932,-11.4398,-23.8778,-7.1593,-36.0407,1.000,0.000,1.000
2026-04-03,17:18:06,2462,1,0.0000,-0.0808,0.1570,4.6162,1.5625,0,0.5740,0,0,57.1151,-12.6634,-23.3855,5.0908,-43.4566,1.000,0.000,1.000
2026-04-03,17:18:06,2503,1,0.0000,-0.0426,0.1581,4.6492,1.5628,0,0.5740,0,0,55.3154,-47.3561,-23.4404,0.4553,-57.6162,1.000,0.000,1.000
2026-04-03,17:18:07,2543,1,0.0000,-0.0459,0.1615,4.7502,1.5630,0,0.5740,0,0,55.1856,-5.5940,-23.9420,-8.7170,-23.6038,1.000,0.000,1.000
2026-04-03,17:18:07,2583,1,0.0000,0.0113,0.1545,4.5450,1.5630,0,0.5740,0,0,54.7794,-13.5689,-25.0338,-20.7077,-16.7927,1.000,0.000,1.000
2026-04-03,17:18:07,2623,1,0.0000,0.0916,0.1370,4.0295,1.5624,0,0.5740,0,0,54.7061,-0.2421,-25.7862,-17.4334,-41.3410,1.000,0.000,1.000
2026-04-03,17:18:07,2663,1,0.0000,-0.0132,0.1439,4.2323,1.5622,0,0.5740,0,0,53.6257,-31.5750,-25.3454,2.3488,-60.8868,1.000,0.000,1.000
2026-04-03,17:18:07,2704,1,0.0000,-0.0662,0.1616,4.7540,1.5629,0,0.5740,0,0,54.3371,26.7722,-24.8331,8.1313,-50.3837,0.990,0.000,1.000
2026-04-03,17:18:07,2744,1,0.0000,-0.0080,0.1594,4.6881,1.5630,0,0.5740,0,0,55.0038,14.5601,-25.0860,-1.7890,-30.5724,0.950,0.000,1.000
2026-04-03,17:18:07,2786,1,0.0000,0.0086,0.1496,4.4013,1.5626,0,0.5740,0,0,55.0177,-1.1848,-25.8076,-11.8009,-7.8255,0.910,0.000,1.000
2026-04-03,17:18:07,2826,1,0.0000,-0.0251,0.1504,4.4237,1.5624,0,0.5740,0,0,53.6468,-33.6986,-26.4342,-13.3206,-34.7788,0.900,0.000,1.000
2026-04-03,17:18:07,2866,1,0.0000,-0.0721,0.1620,4.7645,1.5629,0,0.5740,0,0,54.3980,30.9949,-26.6904,-7.7195,-56.9864,0.950,0.000,1.000
2026-04-03,17:18:07,2907,1,0.0000,0.0002,0.1586,4.6661,1.5630,0,0.5740,0,0,54.6787,5.2915,-26.9402,-6.5378,-56.6862,0.910,0.000,1.000
2026-04-03,17:18:07,2947,1,0.0000,0.0525,0.1460,4.2928,1.5627,0,0.5740,0,0,55.5475,24.7177,-27.4848,-10.7093,-38.2488,0.870,0.000,1.000
2026-04-03,17:18:07,2988,1,0.0000,0.1217,0.1232,3.6238,1.5618,0,0.5740,0,0,56.4345,19.0910,-28.2073,-14.5599,-49.5386,0.830,0.000,1.000
2026-04-03,17:18:07,3028,1,0.0000,0.0140,0.1244,3.6581,1.5613,0,0.5740,0,0,56.1346,-4.4127,-28.6683,-10.9991,-70.9763,0.790,0.000,1.000
2026-04-03,17:18:07,3068,1,0.0000,-0.1201,0.1513,4.4502,1.5620,0,0.5740,0,0,57.3200,39.2443,-28.5894,-0.6956,-87.0093,0.750,0.000,1.000
2026-04-03,17:18:07,3109,1,0.0000,-0.0023,0.1488,4.3771,1.5625,0,0.5740,0,0,58.7108,26.1075,-27.9863,10.1654,-100.5682,0.710,0.000,1.000
2026-04-03,17:18:07,3149,1,0.0000,0.0589,0.1394,4.0996,1.5623,0,0.5740,0,0,59.3633,20.5637,-27.6194,9.4004,-80.0830,0.670,0.000,1.000
2026-04-03,17:18:07,3192,1,0.0000,-0.1262,0.1607,4.7274,1.5626,0,0.5740,0,0,59.3798,-4.9170,-28.2390,-7.1124,-44.9980,0.630,0.000,1.000
2026-04-03,17:18:07,3232,1,0.0000,-0.1059,0.1791,5.2689,1.5635,0,0.5740,0,0,59.7954,19.0802,-29.1622,-15.4630,-60.9791,0.590,0.000,1.000
2026-04-03,17:18:07,3272,1,0.0000,0.0502,0.1627,4.7859,1.5635,0,0.5740,0,0,60.3942,8.1596,-28.6163,6.3495,-76.8947,0.550,0.000,1.000
2026-04-03,17:18:07,3313,1,0.0000,-0.0068,0.1622,4.7711,1.5632,0,0.5740,0,0,60.2634,-11.5331,-27.4698,20.8147,-91.0630,0.510,0.000,1.000
2026-04-03,17:18:07,3353,1,0.0000,-0.0227,0.1683,4.9497,1.5635,0,0.5740,0,0,58.6032,-18.2057,-26.7832,17.6632,-64.0581,0.560,0.000,1.000
2026-04-03,17:18:07,3393,1,0.0000,-0.0105,0.1687,4.9603,1.5635,0,0.5740,0,0,60.8094,49.5688,-26.4825,11.3456,-66.8064,0.550,0.000,1.000
2026-04-03,17:18:07,3434,1,0.0000,-0.0245,0.1703,5.0096,1.5636,0,0.5740,0,0,60.2117,16.2569,-26.4801,7.4491,-68.7557,0.520,0.000,1.000
2026-04-03,17:18:07,3474,1,0.0000,0.0077,0.1718,5.0530,1.5637,0,0.5740,0,0,61.1009,18.8950,-26.1576,8.5880,-83.9722,0.480,0.000,1.000
2026-04-03,17:18:07,3514,1,0.0000,-0.0007,0.1607,4.7252,1.5631,0,0.5740,0,0,60.6675,-13.4018,-25.4869,14.3819,-96.0224,0.440,0.000,1.000
2026-04-03,17:18:08,3554,1,0.0000,-0.0045,0.1603,4.7151,1.5631,0,0.5740,0,0,61.3734,36.6308,-24.7154,17.2712,-92.1611,0.400,0.000,1.000
2026-04-03,17:18:08,3594,1,0.0000,-0.0383,0.1635,4.8088,1.5631,0,0.5740,0,0,62.4195,20.9852,-24.2942,12.1337,-77.9813,0.360,0.000,1.000
2026-04-03,17:18:08,3635,1,0.0000,-0.0525,0.1696,4.9884,1.5633,0,0.5740,0,0,63.1186,22.4448,-23.9421,9.9688,-90.5444,0.320,0.000,1.000
2026-04-03,17:18:08,3675,1,0.0000,0.0256,0.1632,4.8014,1.5634,0,0.5740,0,0,63.8654,11.8597,-23.4436,11.3735,-100.8135,0.280,0.000,1.000
2026-04-03,17:18:08,3716,1,0.0000,0.0345,0.1532,4.5058,1.5629,0,0.5740,0,0,64.7830,26.8421,-22.9695,10.6484,-102.9357,0.240,0.000,1.000
2026-04-03,17:18:08,3756,1,0.0000,0.0650,0.1352,3.9775,1.5621,0,0.5740,0,0,65.7664,16.7628,-22.6538,8.0823,-111.2444,0.200,0.000,1.000
2026-04-03,17:18:08,3796,1,0.0000,-0.0701,0.1557,4.5780,1.5625,0,0.5740,0,0,66.1796,18.2184,-22.1075,11.4683,-116.6806,0.160,0.000,1.000
2026-04-03,17:18:08,3837,1,0.0000,-0.0086,0.1550,4.5580,1.5628,0,0.5740,0,0,67.9339,39.1576,-21.3647,14.5107,-107.5557,0.120,0.000,1.000
2026-04-03,17:18:08,3877,1,0.0000,-0.0053,0.1568,4.6111,1.5629,0,0.5740,0,0,68.8833,15.9134,-21.3407,3.1865,-70.2697,0.080,0.000,1.000
2026-04-03,17:18:08,3918,1,0.0000,0.0106,0.1548,4.5541,1.5629,0,0.5740,0,0,69.4949,14.6297,-21.9256,-8.6600,-66.8994,0.040,0.000,1.000
2026-04-03,17:18:08,3958,1,0.0000,-0.0025,0.1594,4.6881,1.5630,0,0.5740,0,0,70.2425,12.0583,-21.9902,-3.7034,-80.7456,0.000,0.000,1.000
2026-04-03,17:18:08,3998,1,0.0000,-0.0095,0.1616,4.7523,1.5631,0,0.5740,0,0,70.3670,10.0042,-21.2205,11.0991,-91.1156,0.000,0.000,1.000
2026-04-03,17:18:08,4032,1,0.0000,-0.0125,0.1678,4.9343,1.5634,0,0.5740,0,0,71.5298,21.1763,-20.2869,19.3370,-78.5768,0.000,0.000,1.000
2026-04-03,17:18:08,4072,1,0.0000,0.0066,0.1696,4.9884,1.5636,0,0.5740,0,0,70.4185,-28.1934,-20.3807,1.7603,-40.0210,0.000,0.000,1.000
2026-04-03,17:18:08,4114,1,0.0000,-0.0462,0.1756,5.1656,1.5638,0,0.5740,0,0,69.3329,-32.1314,-21.2421,-12.1771,-47.5637,0.080,0.000,1.000
2026-04-03,17:18:08,4154,1,0.0000,-0.0487,0.1821,5.3558,1.5640,0,0.5740,0,0,67.8010,-35.5858,-20.9635,0.7524,-64.4206,0.160,0.000,1.000
2026-04-03,17:18:08,4195,1,0.0000,-0.0729,0.1904,5.6010,1.5645,0,0.5740,0,0,67.1317,-27.9858,-20.5343,4.5383,-39.4355,0.240,0.000,1.000
2026-04-03,17:18:08,4236,1,0.0000,-0.0087,0.1962,5.7691,1.5650,0,0.5740,0,0,65.2625,-55.8121,-20.8524,-4.4967,-33.1230,0.320,0.000,1.000
2026-04-03,17:18:08,4276,1,0.0000,0.1163,0.1693,4.9802,1.5642,0,0.5740,0,0,61.6801,-102.3569,-21.0911,-6.4474,-53.9838,0.400,0.000,1.000
2026-04-03,17:18:08,4319,1,0.0000,-0.0988,0.1909,5.6157,1.5643,0,0.5740,0,0,58.7859,-54.9351,-21.1103,-3.0620,-44.1769,0.480,0.000,1.000
2026-04-03,17:18:08,4359,1,0.0000,-0.0278,0.2000,5.8825,1.5651,0,0.5740,0,0,57.2663,-43.2723,-22.0893,-18.6850,-12.0265,0.560,0.000,1.000
2026-04-03,17:18:08,4399,1,0.0000,0.2098,0.1571,4.6200,1.5642,0,0.5740,0,0,55.8425,-40.7691,-23.3570,-26.9095,-25.0138,0.640,0.000,1.000
2026-04-03,17:18:08,4440,1,0.0000,0.0121,0.1631,4.7967,1.5634,0,0.5740,0,0,54.0223,-29.4317,-23.7349,-14.5386,-47.5193,0.720,0.000,1.000
2026-04-03,17:18:08,4480,1,0.0000,-0.0717,0.1845,5.4258,1.5641,0,0.5740,0,0,52.0890,-59.2194,-24.1181,-13.1153,-27.6999,0.800,0.000,1.000
2026-04-03,17:18:08,4522,1,0.0000,-0.0147,0.1909,5.6160,1.5647,0,0.5740,0,0,49.9863,-47.7153,-25.8398,-30.3659,-39.6626,0.880,0.000,1.000
2026-04-03,17:18:09,4562,1,0.0000,0.0498,0.1789,5.2610,1.5644,0,0.5740,0,0,48.8783,-21.5773,-26.5140,-19.2181,-60.3496,0.960,0.000,1.000
2026-04-03,17:18:09,4603,1,0.0000,0.0456,0.1715,5.0447,1.5639,0,0.5740,0,0,47.2873,-36.4472,-26.4236,-4.6850,-72.0810,1.000,0.000,1.000
2026-04-03,17:18:09,4645,1,0.0000,-0.0152,0.1802,5.2999,1.5641,0,0.5740,0,0,46.8724,-17.8385,-26.7103,-4.7693,-60.0322,1.000,0.000,1.000
2026-04-03,17:18:09,4685,1,0.0000,-0.0263,0.1830,5.3826,1.5643,0,0.5740,0,0,46.0675,-28.6339,-26.5041,3.3879,-77.4186,1.000,0.000,1.000
2026-04-03,17:18:09,4727,1,0.0000,-0.0379,0.1926,5.6661,1.5647,0,0.5740,0,0,44.8493,-20.0346,-26.2879,3.9241,-65.6209,1.000,0.000,1.000
2026-04-03,17:18:09,4767,1,0.0000,-0.0117,0.1984,5.8348,1.5651,0,0.5740,0,0,44.4220,-23.5209,-26.3996,0.0834,-63.8373,1.000,0.000,1.000
2026-04-03,17:18:09,4807,1,0.0000,-0.0060,0.2005,5.8965,1.5654,0,0.5740,0,0,44.0506,3.0562,-25.7493,12.1296,-79.6241,1.000,0.000,1.000
2026-04-03,17:18:09,4847,1,0.0000,0.0644,0.1887,5.5487,1.5650,0,0.5740,0,0,44.2448,-0.1797,-24.8513,18.8967,-93.2214,1.000,0.000,1.000
2026-04-03,17:18:09,4887,1,0.0000,-0.0139,0.1920,5.6482,1.5648,0,0.5740,0,0,43.7298,-4.6707,-23.6396,26.1356,-96.8263,1.000,0.000,1.000
2026-04-03,17:18:09,4927,1,0.0000,-0.0720,0.2110,6.2056,1.5654,0,0.5740,0,0,44.6052,19.1519,-23.0122,17.8750,-75.6128,0.970,0.000,1.000
2026-04-03,17:18:09,4967,1,0.0000,0.0445,0.2008,5.9067,1.5656,0,0.5740,0,0,44.9033,9.8710,-22.9657,6.9509,-64.7979,0.930,0.000,1.000
2026-04-03,17:18:09,5008,1,0.0000,0.2191,0.1626,4.7826,1.5644,0,0.5740,0,0,45.9220,27.9356,-22.2272,15.0720,-78.9360,0.890,0.000,1.000
2026-04-03,17:18:09,5048,1,0.0000,-0.0039,0.1670,4.9128,1.5635,0,0.5740,0,0,45.5593,-15.4608,-20.5910,30.0069,-69.9941,0.850,0.000,1.000
2026-04-03,17:18:09,5088,1,0.0000,0.0034,0.1734,5.1011,1.5638,0,0.5740,0,0,45.2480,5.9396,-21.0661,-1.2868,-35.1952,0.810,0.000,1.000
2026-04-03,17:18:09,5128,1,0.0000,0.1190,0.1513,4.4505,1.5633,0,0.5740,0,0,46.8131,33.8548,-22.5084,-22.0225,-38.1408,0.770,0.000,1.000
2026-04-03,17:18:09,5169,1,0.0000,0.1273,0.1293,3.8023,1.5622,0,0.5740,0,0,47.7443,29.7294,-22.2229,-0.4383,-56.8087,0.730,0.000,1.000
2026-04-03,17:18:09,5210,1,0.0000,-0.0994,0.1495,4.3972,1.5621,0,0.5740,0,0,48.6632,17.9950,-20.6528,24.4937,-58.2381,0.690,0.000,1.000
2026-04-03,17:18:09,5251,1,0.0000,-0.1215,0.1705,5.0151,1.5630,0,0.5740,0,0,49.2384,10.9528,-19.8470,19.0726,-22.2908,0.650,0.000,1.000
2026-04-03,17:18:09,5291,1,0.0000,0.0024,0.1654,4.8650,1.5634,0,0.5740,0,0,49.4754,11.6859,-20.2556,-0.7127,-6.9365,0.610,0.000,1.000
2026-04-03,17:18:09,5332,1,0.0000,0.0268,0.1541,4.5311,1.5630,0,0.5740,0,0,50.2335,14.6915,-20.6619,-6.2377,-26.4446,0.570,0.000,1.000
2026-04-03,17:18:09,5373,1,0.0000,0.0224,0.1408,4.1420,1.5623,0,0.5740,0,0,50.8055,13.0833,-20.6615,-0.9028,-48.6536,0.530,0.000,1.000
2026-04-03,17:18:09,5413,1,0.0000,-0.0475,0.1484,4.3651,1.5623,0,0.5740,0,0,51.2810,12.5559,-20.2156,7.2579,-66.9626,0.490,0.000,1.000
2026-04-03,17:18:09,5454,1,0.0000,-0.0399,0.1596,4.6953,1.5629,0,0.5740,0,0,51.5026,5.8421,-19.6831,10.0591,-62.3732,0.450,0.000,1.000
2026-04-03,17:18:09,5494,1,0.0000,0.0072,0.1559,4.5858,1.5629,0,0.5740,0,0,51.7447,8.9351,-20.5362,-12.0441,-28.9288,0.410,0.000,1.000
2026-04-03,17:18:09,5534,1,0.0000,-0.0021,0.1538,4.5243,1.5628,0,0.5740,0,0,51.8814,3.8194,-21.4867,-17.3194,-51.8044,0.370,0.000,1.000
2026-04-03,17:18:10,5575,1,0.0000,0.0814,0.1384,4.0707,1.5624,0,0.5740,0,0,52.0652,8.1534,-21.3726,-3.2485,-63.4204,0.330,0.000,1.000
2026-04-03,17:18:10,5615,1,0.0000,-0.0083,0.1444,4.2463,1.5623,0,0.5740,0,0,51.2444,-23.2848,-21.5147,-4.3873,-28.4032,0.290,0.000,1.000
2026-04-03,17:18:10,5655,1,0.0000,-0.0327,0.1529,4.4957,1.5626,0,0.5740,0,0,50.4871,-3.5419,-22.4422,-15.8252,-33.4833,0.370,0.000,1.000
2026-04-03,17:18:10,5695,1,0.0000,-0.0100,0.1572,4.6239,1.5629,0,0.5740,0,0,51.0280,9.3291,-22.8626,-11.3130,-56.0633,0.360,0.000,1.000
2026-04-03,17:18:10,5736,1,0.0000,0.0345,0.1518,4.4638,1.5628,0,0.5740,0,0,51.5692,12.8602,-23.4944,-14.3219,-29.2436,0.320,0.000,1.000
2026-04-03,17:18:10,5777,1,0.0000,0.1643,0.1176,3.4584,1.5616,0,0.5740,0,0,52.1902,10.5530,-24.4010,-17.6682,-47.2670,0.280,0.000,1.000
2026-04-03,17:18:10,5817,1,0.0000,-0.0336,0.1298,3.8189,1.5613,0,0.5740,0,0,50.3889,-47.6528,-24.8881,-13.5473,-61.6535,0.270,0.000,1.000
2026-04-03,17:18:10,5859,1,0.0000,-0.1195,0.1646,4.8426,1.5627,0,0.5740,0,0,50.6747,19.3984,-25.8118,-14.5093,-59.1174,0.330,0.000,1.000
2026-04-03,17:18:10,5899,1,0.0000,0.0610,0.1491,4.3858,1.5629,0,0.5740,0,0,52.2999,32.6038,-26.4084,-13.9936,-53.8887,0.290,0.000,1.000
2026-04-03,17:18:10,5940,1,0.0000,0.0814,0.1332,3.9190,1.5621,0,0.5740,0,0,53.2804,26.2298,-26.8933,-11.7256,-74.6321,0.250,0.000,1.000
2026-04-03,17:18:10,5980,1,0.0000,-0.0037,0.1362,4.0057,1.5618,0,0.5740,0,0,52.8713,-18.7699,-27.5362,-14.6897,-58.8913,0.210,0.000,1.000
2026-04-03,17:18:10,6020,1,0.0000,-0.1948,0.1734,5.1010,1.5629,0,0.5740,0,0,52.6760,22.6350,-29.6417,-39.7645,-30.9921,0.170,0.000,1.000
2026-04-03,17:18:10,6061,1,0.0000,-0.0490,0.1737,5.1099,1.5636,0,0.5740,0,0,55.8907,63.0211,-31.6467,-43.3237,-57.8754,0.130,0.000,1.000
2026-04-03,17:18:10,6102,1,0.0000,0.0405,0.1613,4.7433,1.5634,0,0.5740,0,0,55.7851,6.0919,-32.2930,-22.8819,-79.0679,0.090,0.000,1.000
2026-04-03,17:18:10,6142,1,0.0000,-0.0119,0.1638,4.8167,1.5632,0,0.5740,0,0,56.5730,13.1242,-32.3866,-8.0908,-97.1903,0.050,0.000,1.000
2026-04-03,17:18:10,6183,1,0.0000,-0.0698,0.1782,5.2423,1.5637,0,0.5740,0,0,56.7215,5.2280,-32.3999,-0.5718,-112.0138,0.010,0.000,1.000
2026-04-03,17:18:10,6223,1,0.0000,-0.0935,0.1912,5.6225,1.5643,0,0.5740,0,0,56.9866,1.1021,-32.0240,7.4528,-96.4203,0.000,0.000,1.000
2026-04-03,17:18:10,6265,1,0.0000,0.0221,0.1823,5.3612,1.5644,0,0.5740,0,0,56.8784,-0.7016,-32.4189,-3.1232,-73.6748,0.000,0.000,1.000
2026-04-03,17:18:10,6305,1,0.0000,0.0022,0.1824,5.3648,1.5644,0,0.5740,0,0,57.1342,-0.9082,-32.3550,3.5458,-91.2818,0.000,0.000,1.000
2026-04-03,17:18:10,6346,1,0.0000,-0.0128,0.1836,5.4002,1.5643,0,0.5740,0,0,56.4801,-7.9726,-31.3372,19.2721,-105.4857,0.000,0.000,1.000
2026-04-03,17:18:10,6387,1,0.0000,0.0375,0.1843,5.4211,1.5646,0,0.5740,0,0,56.6166,5.3557,-30.4642,22.1412,-91.7970,0.000,0.000,1.000
2026-04-03,17:18:10,6427,1,0.0000,0.0204,0.1802,5.2996,1.5643,0,0.5740,0,0,56.1437,-10.5977,-30.1504,13.4443,-54.9897,0.000,0.000,1.000
2026-04-03,17:18:10,6468,1,0.0000,-0.1165,0.2084,6.1286,1.5651,0,0.5740,0,0,58.1851,53.8464,-30.2830,4.5947,-70.6430,0.000,0.000,1.000
2026-04-03,17:18:10,6508,1,0.0000,0.1439,0.1764,5.1875,1.5649,0,0.5740,0,0,57.5746,-19.7822,-29.1715,24.2413,-88.0408,0.000,0.000,1.000
2026-04-03,17:18:11,6548,1,0.0000,0.1537,0.1391,4.0914,1.5629,0,0.5740,0,0,57.6727,2.3394,-27.3433,39.7273,-88.4588,0.000,0.000,1.000
2026-04-03,17:18:11,6588,1,0.0000,-0.0015,0.1500,4.4128,1.5626,0,0.5740,0,0,57.1127,-16.2412,-26.5757,26.5005,-52.5624,0.000,0.000,1.000
2026-04-03,17:18:11,6628,1,0.0000,-0.0343,0.1614,4.7482,1.5631,0,0.5740,0,0,57.1264,5.1103,-26.2877,18.4412,-60.9849,0.030,0.000,1.000
2026-04-03,17:18:11,6668,1,0.0000,0.0780,0.1446,4.2518,1.5628,0,0.5740,0,0,57.3926,2.9524,-24.1198,45.6090,-77.0798,0.000,0.000,1.000
2026-04-03,17:18:11,6708,1,0.0000,0.1450,0.1116,3.2813,1.5613,0,0.5740,0,0,57.4776,2.8368,-21.8491,53.1494,-45.6806,0.000,0.000,1.000
2026-04-03,17:18:11,6748,1,0.0000,-0.1909,0.1587,4.6670,1.5620,0,0.5740,0,0,55.3471,-48.3771,-20.5825,40.0552,-27.2864,0.060,0.000,1.000
2026-04-03,17:18:11,6782,1,0.0000,-0.1870,0.1815,5.3373,1.5634,0,0.5740,0,0,57.0306,56.2533,-19.2492,43.0342,-44.3710,0.090,0.000,1.000
2026-04-03,17:18:11,6822,1,0.0000,0.0471,0.1627,4.7861,1.5635,0,0.5740,0,0,57.6656,1.6317,-17.1552,50.3251,-55.6857,0.050,0.000,1.000
2026-04-03,17:18:11,6862,1,0.0000,0.0851,0.1451,4.2663,1.5627,0,0.5740,0,0,58.1402,11.7981,-15.3197,47.3711,-58.5163,0.010,0.000,1.000
2026-04-03,17:18:11,6902,1,0.0000,-0.0047,0.1500,4.4123,1.5626,0,0.5740,0,0,58.2452,-5.2628,-14.4891,29.1218,-37.0232,0.000,0.000,1.000
2026-04-03,17:18:11,6942,1,0.0000,-0.0552,0.1624,4.7777,1.5630,0,0.5740,0,0,57.9971,-7.7287,-14.2722,13.8479,-38.5698,0.000,0.000,1.000
2026-04-03,17:18:11,6984,1,-0.4640,-0.1893,0.1342,3.9469,1.5638,0,0.5740,-58,1,58.4104,13.2828,-13.4141,19.5429,-56.3078,0.000,0.000,1.000
2026-04-03,17:18:11,7024,1,-0.4640,-0.2019,0.1021,3.0032,1.5663,0,0.5740,-58,1,59.3748,19.8581,-12.1864,25.7231,-57.9107,0.000,0.000,1.000
2026-04-03,17:18:11,7059,1,-0.7680,-0.4316,0.1127,3.3160,1.5681,0,0.5740,-96,1,59.1835,8.4695,-11.3032,26.1802,-54.0737,0.000,0.000,1.000
2026-04-03,17:18:11,7100,1,-0.7680,-0.7386,0.1039,3.0565,1.5743,0,0.5740,-96,1,58.9993,-4.9842,-11.2543,7.9863,-64.3033,0.000,0.000,1.000
2026-04-03,17:18:11,7140,1,-0.7680,-0.8706,0.1238,3.6415,1.5811,0,0.5740,-96,1,58.7246,-5.6419,-11.1351,3.5942,-78.5610,0.000,0.000,1.000
2026-04-03,17:18:11,7181,1,-0.7440,-0.7405,0.1232,3.6223,1.5886,0,0.5740,-93,1,58.4868,-3.3086,-11.0300,1.7372,-89.9148,0.000,0.000,1.000
2026-04-03,17:18:11,7221,1,-0.7440,-0.7754,0.1234,3.6290,1.5948,0,0.5740,-93,1,58.2415,-4.0371,-10.7266,3.6040,-98.6291,0.000,0.000,1.000
2026-04-03,17:18:11,7262,1,-0.5360,-0.8400,0.1459,4.2917,1.6021,0,0.5740,-67,1,58.4258,5.8228,-10.6424,0.1942,-79.1664,0.000,0.000,1.000
2026-04-03,17:18:11,7304,1,-0.5360,-0.6342,0.1543,4.5369,1.6080,0,0.5740,-67,1,58.6890,11.6953,-11.6332,-20.4506,-45.6370,0.000,0.000,1.000
2026-04-03,17:18:11,7344,1,-0.5360,-0.7430,0.1892,5.5643,1.6139,0,0.5740,-67,1,58.1692,-12.4476,-12.7617,-26.5152,-61.6339,0.000,0.000,1.000
2026-04-03,17:18:11,7386,1,-0.5280,-0.6290,0.2054,6.0416,1.6201,0,0.5740,-66,1,58.0666,-5.4878,-13.3581,-22.8900,-47.9995,0.000,0.000,1.000
2026-04-03,17:18:11,7426,1,-0.5280,-0.4682,0.1967,5.7840,1.6250,0,0.5740,-66,1,58.1365,-5.1204,-14.7397,-33.6780,-26.1719,0.000,0.000,1.000
2026-04-03,17:18:11,7467,1,-0.5280,-0.3892,0.1723,5.0670,1.6286,0,0.5740,-66,1,57.6263,-12.4230,-15.8792,-30.5917,-46.0650,0.040,0.000,1.000
2026-04-03,17:18:11,7507,1,-0.5280,-0.4309,0.1675,4.9275,1.6328,0,0.5740,-66,1,56.1530,-31.7417,-16.7950,-28.5620,-35.5294,0.120,0.000,1.000
2026-04-03,17:18:12,7548,1,-0.5280,-0.4958,0.1691,4.9722,1.6370,0,0.5740,-66,1,56.1753,6.2489,-18.1817,-35.0477,-9.7530,0.200,0.000,1.000
2026-04-03,17:18:12,7589,1,-0.5360,-0.3202,0.1340,3.9407,1.6408,0,0.5740,-67,1,56.2196,2.2735,-19.3070,-30.1282,-32.0390,0.280,0.000,1.000
2026-04-03,17:18:12,7629,1,-0.5360,-0.6075,0.1672,4.9187,1.6457,0,0.5740,-67,1,55.5366,-19.2533,-19.0820,-7.5689,-49.0035,0.360,0.000,1.000
2026-04-03,17:18:12,7670,1,-0.6400,-0.5687,0.1796,5.2815,1.6511,0,0.5740,-80,1,56.1890,22.8932,-19.1558,-7.0713,-13.0592,0.410,0.000,1.000
2026-04-03,17:18:12,7712,1,-0.6400,-0.5264,0.1657,4.8741,1.6566,0,0.5740,-80,1,56.3286,-1.8162,-20.3654,-24.3761,9.2882,0.370,0.000,1.000
2026-04-03,17:18:12,7752,1,-0.6400,-0.6330,0.1599,4.7017,1.6613,0,0.5740,-80,1,55.4956,-31.6127,-21.2821,-22.7762,-16.4060,0.360,0.000,1.000
2026-04-03,17:18:12,7794,1,-1.2080,-0.7889,0.1658,4.8760,1.6679,0,0.5740,-151,1,56.0175,20.4579,-21.0204,-5.7852,-16.9364,0.410,0.000,1.000
2026-04-03,17:18:12,7827,1,-1.2080,-1.2653,0.1847,5.4327,1.6762,0,0.5740,-151,1,56.4878,17.6630,-21.4656,-12.5613,5.1115,0.380,0.000,1.000
2026-04-03,17:18:12,7867,1,-1.4720,-1.0721,0.1359,3.9967,1.6849,0,0.5740,-184,1,57.4217,15.2471,-22.6198,-23.2173,-3.5336,0.340,0.000,1.000
2026-04-03,17:18:12,7901,1,-1.9840,-1.5490,0.1487,4.3743,1.6940,0,0.5740,-248,1,56.9643,-17.1280,-23.1352,-18.9540,-23.2572,0.310,0.000,1.000
2026-04-03,17:18:12,7943,1,-1.9920,-2.3039,0.1892,5.5660,1.7117,0,0.5740,-249,1,56.8217,30.3873,-23.5880,-14.2280,-25.8882,0.330,0.000,1.000
2026-04-03,17:18:12,7985,1,-1.9920,-2.0138,0.1898,5.5822,1.7311,0,0.5740,-249,1,59.5399,51.2638,-24.2464,-15.9847,-15.8013,0.290,0.000,1.000
2026-04-03,17:18:12,8026,1,-1.9920,-1.8190,0.1520,4.4695,1.7477,0,0.5740,-249,1,59.7801,6.6324,-25.6494,-28.0267,3.6577,0.250,0.000,1.000
2026-04-03,17:18:12,8067,1,-1.9920,-1.9736,0.1530,4.4996,1.7639,0,0.5740,-249,1,59.4969,-13.3190,-26.6191,-23.3903,-24.7985,0.210,0.000,1.000
2026-04-03,17:18:12,8109,1,-1.9760,-2.2729,0.2057,6.0490,1.7835,0,0.5740,-247,1,58.8019,-6.0143,-26.8627,-10.6072,-41.3547,0.170,0.000,1.000
2026-04-03,17:18:12,8150,1,-1.9760,-2.0668,0.1975,5.8089,1.8015,0,0.5740,-247,1,59.1368,4.2316,-27.3164,-11.1613,-30.7457,0.130,0.000,1.000
2026-04-03,17:18:12,8193,1,-1.9360,-1.8455,0.1594,4.6882,1.8178,0,0.5740,-242,1,59.2583,-0.5309,-28.0460,-14.0553,-48.2985,0.090,0.000,1.000
2026-04-03,17:18:12,8235,1,-1.9360,-1.8973,0.1532,4.5054,1.8350,0,0.5740,-242,1,58.5858,-14.1491,-28.2181,-7.0126,-59.0748,0.060,0.000,1.000
2026-04-03,17:18:12,8275,1,-1.9280,-1.9882,0.1740,5.1185,1.8525,0,0.5740,-241,1,58.4960,7.3671,-27.6760,6.7679,-62.7887,0.080,0.000,1.000
2026-04-03,17:18:12,8308,1,-1.9680,-1.9006,0.1715,5.0432,1.8667,0,0.5740,-246,1,58.8787,8.2311,-27.4914,6.3757,-56.1584,0.050,0.000,1.000
2026-04-03,17:18:12,8349,1,-1.9680,-1.7933,0.1414,4.1589,1.8830,0,0.5740,-246,1,58.5546,-4.1577,-27.5706,1.7799,-62.8212,0.010,0.000,1.000
2026-04-03,17:18:12,8391,1,-2.9200,-1.9417,0.1564,4.6009,1.8996,0,0.5740,-365,1,58.2354,-4.4032,-27.8156,-2.9653,-68.1704,0.000,0.000,1.000
2026-04-03,17:18:12,8431,1,-2.9200,-2.4992,0.1456,4.2824,1.9193,0,0.5740,-365,1,58.5417,3.3223,-28.0907,-4.7560,-79.9210,0.000,0.000,1.000
2026-04-03,17:18:12,8471,1,-2.9200,-2.8440,0.1422,4.1829,1.9436,0,0.5740,-365,1,58.7871,9.7408,-28.2121,-2.3509,-95.7371,0.000,0.000,1.000
2026-04-03,17:18:12,8512,1,-3.1120,-3.1520,0.1498,4.4054,1.9697,0,0.5740,-389,1,59.9614,24.8643,-28.2311,-0.8102,-95.4145,0.000,0.000,1.000
2026-04-03,17:18:13,8552,1,-3.1120,-3.1813,0.1543,4.5381,1.9960,0,0.5740,-389,1,60.0577,2.0917,-28.5165,-4.6720,-57.1008,0.000,0.000,1.000
2026-04-03,17:18:13,8594,1,-4.0880,-3.0365,0.1429,4.2024,2.0232,0,0.5740,-511,1,60.9677,25.5265,-29.1177,-9.8959,-52.8530,0.000,0.000,1.000
2026-04-03,17:18:13,8636,1,-4.1120,-3.4480,0.1060,3.1163,2.0536,0,0.5740,-514,1,61.8361,16.5953,-28.9849,1.9938,-73.2275,0.000,0.000,1.000
2026-04-03,17:18:13,8676,1,-4.1120,-4.0317,0.1039,3.0554,2.0868,0,0.5740,-514,1,61.8243,3.4118,-28.2598,13.8077,-83.1109,0.000,0.000,1.000
2026-04-03,17:18:13,8717,1,-4.0960,-4.1699,0.1095,3.2216,2.1223,0,0.5740,-512,1,62.3581,9.1127,-27.8145,12.5855,-80.0267,0.000,0.000,1.000
2026-04-03,17:18:13,8757,1,-4.0960,-4.1432,0.1082,3.1828,2.1575,0,0.5740,-512,1,62.3962,5.7922,-27.5212,10.4779,-83.3243,0.000,0.000,1.000
2026-04-03,17:18:13,8798,1,-4.0880,-4.1224,0.1151,3.3842,2.1932,0,0.5740,-511,1,62.6805,8.1907,-27.1659,10.2991,-99.0717,0.000,0.000,1.000
2026-04-03,17:18:13,8838,1,-4.0880,-4.1108,0.1371,4.0325,2.2297,0,0.5740,-511,1,63.4209,24.3852,-26.4107,17.6944,-110.9314,0.000,0.000,1.000
2026-04-03,17:18:13,8878,1,-4.0880,-4.0267,0.1115,3.2796,2.2640,0,0.5740,-511,1,64.3607,16.0943,-25.4565,22.4830,-101.2721,0.000,0.000,1.000
2026-04-03,17:18:13,8911,1,-1.4000,-4.0596,0.1085,3.1904,2.2909,0,0.5740,-175,1,64.2059,-2.1897,-25.1206,15.9172,-70.7392,0.000,0.000,1.000
2026-04-03,17:18:13,8952,1,-1.4000,-3.5067,0.1490,4.3821,2.3253,0,0.5740,-175,1,63.7371,-6.8782,-25.3480,2.6938,-57.0646,0.000,0.000,1.000
2026-04-03,17:18:13,8992,1,-0.6480,-2.7129,0.1828,5.3751,2.3512,0,0.5740,-81,1,63.5926,-2.0827,-24.8222,13.0466,-74.3057,0.000,0.000,1.000
2026-04-03,17:18:13,9034,1,0.0000,-1.5081,0.1468,4.3190,2.3690,0,0.5740,0,1,63.8035,-2.2082,-23.6227,23.3371,-70.2275,0.000,0.000,1.000
2026-04-03,17:18:13,9074,1,0.0000,-0.8638,0.1473,4.3311,2.3785,0,0.5740,0,1,64.0703,7.8603,-23.2592,13.4843,-35.0877,0.000,0.000,1.000
2026-04-03,17:18:13,9116,1,0.0000,-0.0626,0.1566,4.6056,2.3824,0,0.5740,0,1,63.1106,-24.1517,-24.0787,-7.3238,-20.7371,0.020,0.000,1.000
2026-04-03,17:18:13,9156,1,0.0000,-0.0146,0.1608,4.7303,2.3829,0,0.5740,0,1,63.2921,5.3173,-23.8295,5.8524,-43.3626,0.100,0.000,1.000
2026-04-03,17:18:13,9196,1,0.0000,0.0372,0.1537,4.5214,2.3827,0,0.5740,0,1,62.5379,-25.6084,-22.4510,24.4324,-29.1653,0.150,0.000,1.000
2026-04-03,17:18:13,9238,1,0.0000,-0.0062,0.1514,4.4528,2.3824,0,0.5740,0,1,61.9981,-10.8796,-21.4753,24.2630,-30.7406,0.230,0.000,1.000
2026-04-03,17:18:13,9278,1,0.0000,0.0076,0.1534,4.5103,2.3826,0,0.5740,0,1,61.0775,-31.6896,-21.2896,11.5567,-21.8376,0.310,0.000,1.000
2026-04-03,17:18:13,9320,1,4.0080,0.0070,0.1530,4.5006,2.3826,0,0.5740,501,1,59.9858,-24.4130,-20.9969,10.1355,-45.1189,0.390,0.000,1.000
2026-04-03,17:18:13,9361,1,4.0080,0.5288,0.2039,5.9977,2.3801,0,0.5740,501,1,59.2141,-19.9150,-20.2533,15.3688,-43.9892,0.470,0.000,1.000
2026-04-03,17:18:13,9403,1,4.0720,1.5474,0.2086,6.1339,2.3699,0,0.5740,509,1,58.8662,-19.3949,-20.5028,7.6598,-27.8147,0.530,0.000,1.000
2026-04-03,17:18:13,9445,1,4.0720,2.3660,0.2330,6.8526,2.3524,0,0.5740,509,1,58.2485,-20.6464,-20.4433,5.5276,-44.7118,0.610,0.000,1.000
2026-04-03,17:18:13,9485,1,4.0720,3.1928,0.2450,7.2073,2.3282,0,0.5740,509,1,57.4397,-21.2059,-19.6122,16.7403,-50.2769,0.690,0.000,1.000
2026-04-03,17:18:13,9527,1,4.0880,3.9423,0.2507,7.3743,2.2953,0,0.5740,511,1,56.4419,-31.3539,-19.0321,15.1464,-29.4682,0.770,0.000,1.000
2026-04-03,17:18:14,9567,1,4.0880,3.9767,0.2563,7.5372,2.2604,0,0.5740,511,1,53.8157,-46.8334,-18.7157,12.2874,-32.9444,0.850,0.000,1.000
2026-04-03,17:18:14,9607,1,4.0880,4.1195,0.2633,7.7441,2.2264,0,0.5740,511,1,54.2040,-8.3861,-17.5787,23.6983,-32.5015,0.930,0.000,1.000
2026-04-03,17:18:14,9641,1,4.0880,4.2298,0.2426,7.1340,2.1968,0,0.5740,511,1,52.1374,-51.4227,-17.0452,19.8020,-35.7991,0.990,0.000,1.000
2026-04-03,17:18:14,9681,1,4.0880,4.0551,0.2564,7.5404,2.1608,0,0.5740,511,1,52.3142,1.4804,-16.2537,20.7018,-56.6834,1.000,0.000,1.000
2026-04-03,17:18:14,9722,1,4.0880,4.1127,0.2487,7.3152,2.1256,0,0.5740,511,1,51.5443,-7.6349,-15.6591,16.8829,-55.1778,1.000,0.000,1.000
2026-04-03,17:18:14,9762,1,4.0880,4.1443,0.2340,6.8836,2.0892,0,0.5740,511,1,51.8788,2.6546,-15.0685,15.6461,-33.8712,1.000,0.000,1.000
2026-04-03,17:18:14,9802,1,4.0880,3.9917,0.2435,7.1606,2.0540,0,0.5740,511,1,50.7147,-24.0370,-14.5146,15.4826,-42.0698,1.000,0.000,1.000
2026-04-03,17:18:14,9844,1,1.9360,4.1585,0.2206,6.4888,2.0179,0,0.5740,242,1,52.6207,45.2843,-13.7472,17.3695,-48.9395,0.980,0.000,1.000
2026-04-03,17:18:14,9887,1,-0.0080,3.8188,0.1638,4.8176,1.9814,0,0.5740,-1,1,53.0390,12.4906,-13.0186,17.1748,-67.0143,0.940,0.000,1.000
2026-04-03,17:18:14,9929,1,0.0000,2.9772,0.1259,3.7023,1.9516,0,0.5740,0,1,53.7813,24.5831,-12.5441,13.2781,-76.1380,0.900,0.000,1.000
2026-04-03,17:18:14,9970,1,0.0000,1.8487,0.1398,4.1106,1.9310,0,0.5740,0,1,54.0023,-0.0435,-12.3189,7.7817,-64.6439,0.860,0.000,1.000
2026-04-03,17:18:14,10010,1,0.0000,0.8811,0.1624,4.7764,1.9195,0,0.5740,0,1,54.4295,31.7084,-12.2201,4.4689,-79.7367,0.820,0.000,1.000
2026-04-03,17:18:14,10044,1,0.0000,0.3948,0.1530,4.4998,1.9153,0,0.5740,0,1,57.2061,75.1755,-11.9455,6.4188,-88.4008,0.790,0.000,1.000
2026-04-03,17:18:14,10086,1,0.0000,0.2010,0.1098,3.2306,1.9132,0,0.5740,0,1,59.1001,48.8346,-11.3807,11.2456,-97.9856,0.750,0.000,1.000
2026-04-03,17:18:14,10119,1,0.0000,0.2516,0.0749,2.2035,1.9116,0,0.5740,0,1,60.5086,45.4072,-10.8178,14.0355,-103.8587,0.720,0.000,1.000
2026-04-03,17:18:14,10162,1,0.0000,0.0202,0.0850,2.5006,1.9108,0,0.5740,0,1,61.9098,29.8209,-10.5327,8.1700,-110.4592,0.680,0.000,1.000
2026-04-03,17:18:14,10204,1,0.0000,-0.0909,0.1108,3.2583,1.9116,0,0.5740,0,1,62.2596,3.4363,-10.4850,2.8343,-115.2065,0.640,0.000,1.000
2026-04-03,17:18:14,10246,1,0.0000,-0.1093,0.1283,3.7741,1.9125,0,0.5740,0,1,63.3453,57.9875,-10.5996,-2.2683,-111.3574,0.600,0.000,1.000
2026-04-03,17:18:14,10287,1,0.0000,-0.0247,0.1325,3.8971,1.9132,0,0.5740,0,1,66.6268,62.2564,-11.2968,-15.1833,-64.0127,0.560,0.000,1.000
2026-04-03,17:18:14,10327,1,0.0000,0.0791,0.1155,3.3976,1.9129,0,0.5740,0,1,67.4971,25.0235,-12.6419,-29.8202,-25.8645,0.520,0.000,1.000
2026-04-03,17:18:14,10367,1,0.0000,0.0884,0.0991,2.9145,1.9120,0,0.5740,0,1,68.3127,19.2187,-14.2371,-38.2017,-40.0795,0.480,0.000,1.000
2026-04-03,17:18:14,10407,1,0.0000,-0.0635,0.1172,3.4466,1.9122,0,0.5740,0,1,67.8103,-13.1906,-15.0186,-25.9749,-55.1083,0.440,0.000,1.000
2026-04-03,17:18:14,10448,1,0.0800,-0.1671,0.1633,4.8030,1.9135,0,0.5740,10,1,68.7663,33.0000,-14.7718,-7.0064,-59.5353,0.400,0.000,1.000
2026-04-03,17:18:14,10488,1,0.0800,0.0102,0.1667,4.9043,1.9139,0,0.5740,10,1,69.8849,13.4256,-15.2902,-15.4161,-21.0545,0.360,0.000,1.000
2026-04-03,17:18:14,10528,1,3.3120,0.1325,0.1537,4.5209,1.9132,0,0.5740,414,1,69.4238,-13.6470,-17.2113,-39.3294,1.9327,0.320,0.000,1.000
2026-04-03,17:18:15,10561,1,4.0800,0.3574,0.1517,4.4623,1.9120,0,0.5740,510,1,69.6133,-5.0918,-17.5653,-32.9917,-4.6398,0.300,0.000,1.000
2026-04-03,17:18:15,10601,1,4.0800,0.8971,0.2268,6.6715,1.9049,0,0.5740,510,1,68.5732,-24.4321,-18.5801,-27.8471,-27.0574,0.320,0.000,1.000
2026-04-03,17:18:15,10642,1,4.0880,1.9290,0.2417,7.1083,1.8919,0,0.5740,511,1,68.0366,-7.2372,-18.8986,-15.8923,-32.4176,0.400,0.000,1.000
2026-04-03,17:18:15,10683,1,4.0880,2.7993,0.2509,7.3807,1.8700,0,0.5740,511,1,67.3026,-20.2969,-19.6845,-21.0566,-12.4996,0.480,0.000,1.000
2026-04-03,17:18:15,10723,1,4.0880,3.7866,0.2442,7.1821,1.8413,0,0.5740,511,1,66.6279,-30.6722,-20.9111,-28.6517,-23.9863,0.560,0.000,1.000
2026-04-03,17:18:15,10756,1,4.0960,4.1361,0.2253,6.6262,1.8140,0,0.5740,512,1,65.2821,-38.3645,-21.5957,-24.5475,-40.6579,0.620,0.000,1.000
2026-04-03,17:18:15,10796,1,4.0960,4.0322,0.2507,7.3748,1.7783,0,0.5740,512,1,64.1352,-26.0176,-21.9371,-14.6326,-52.0729,0.700,0.000,1.000
2026-04-03,17:18:15,10836,1,4.0880,4.1265,0.2538,7.4650,1.7437,0,0.5740,511,1,62.8923,-30.2372,-22.4623,-15.7847,-24.3752,0.780,0.000,1.000
2026-04-03,17:18:15,10878,1,4.0880,4.2701,0.2124,6.2469,1.7054,0,0.5740,511,1,61.4003,-46.5830,-23.2055,-16.9520,-20.5622,0.860,0.000,1.000
2026-04-03,17:18:15,10918,1,4.0880,4.0741,0.2195,6.4545,1.6700,0,0.5740,511,1,60.4718,-18.0749,-23.1196,-4.5147,-41.6850,0.940,0.000,1.000
2026-04-03,17:18:15,10960,1,1.2240,4.1545,0.2240,6.5889,1.6333,0,0.5740,153,1,60.4962,-7.2099,-23.0970,-2.5594,-28.1854,1.000,0.000,1.000
2026-04-03,17:18:15,11000,1,1.2240,3.6059,0.1625,4.7808,1.6003,0,0.5740,153,1,60.0054,-11.4207,-23.5405,-7.8990,-38.0230,1.000,0.000,1.000
2026-04-03,17:18:15,11040,1,0.1920,2.7591,0.1446,4.2532,1.5744,0,0.5740,24,1,60.2789,15.0814,-23.6771,-4.8425,-58.5354,1.000,0.000,1.000
2026-04-03,17:18:15,11082,1,0.0000,1.8899,0.1244,3.6600,1.5542,0,0.5740,0,1,60.1802,-5.0594,-23.7639,-3.3036,-63.0101,0.960,0.000,1.000
2026-04-03,17:18:15,11122,1,0.0000,1.0274,0.1192,3.5050,1.5428,0,0.5740,0,1,61.1390,29.4153,-23.9623,-4.7679,-72.9073,0.920,0.000,1.000
2026-04-03,17:18:15,11164,1,0.0000,0.2874,0.0983,2.8905,1.5382,0,0.5740,0,1,62.6922,28.4118,-24.2972,-6.9957,-56.0975,0.880,0.000,1.000
2026-04-03,17:18:15,11205,1,0.0000,-0.0027,0.1134,3.3344,1.5377,0,0.5740,0,1,63.1613,11.9247,-24.7121,-8.7609,-55.9491,0.840,0.000,1.000
2026-04-03,17:18:15,11245,1,0.0000,-0.0135,0.1151,3.3863,1.5378,0,0.5740,0,1,63.4129,7.7330,-25.1483,-10.2562,-41.5283,0.800,0.000,1.000
2026-04-03,17:18:15,11287,1,0.0000,-0.0311,0.1217,3.5790,1.5380,0,0.5740,0,1,63.3004,2.3913,-25.8057,-12.8965,-45.1361,0.760,0.000,1.000
2026-04-03,17:18:15,11327,1,0.0000,-0.1078,0.1457,4.2860,1.5388,0,0.5740,0,1,63.9150,19.4300,-26.0745,-7.9534,-66.3322,0.720,0.000,1.000
2026-04-03,17:18:15,11368,1,0.0000,-0.0138,0.1495,4.3966,1.5395,0,0.5740,0,1,65.5426,40.2697,-26.2924,-5.9535,-77.8832,0.680,0.000,1.000
2026-04-03,17:18:15,11408,1,0.0000,0.0073,0.1431,4.2088,1.5394,0,0.5740,0,1,65.8150,-2.7232,-26.5576,-5.8766,-94.8093,0.640,0.000,1.000
2026-04-03,17:18:15,11448,1,0.0000,-0.0112,0.1417,4.1683,1.5392,0,0.5740,0,1,65.7561,-0.7841,-26.8077,-5.3655,-108.5258,0.600,0.000,1.000
2026-04-03,17:18:15,11489,1,-3.1120,-0.3587,0.1493,4.3926,1.5406,0,0.5740,-389,1,65.6577,-2.0001,-26.8294,-1.0764,-119.2608,0.560,0.000,1.000
2026-04-03,17:18:15,11529,1,-3.1120,-1.0444,0.1274,3.7458,1.5469,0,0.5740,-389,1,66.4951,25.7018,-26.6506,2.7799,-101.2386,0.520,0.000,1.000
2026-04-03,17:18:16,11572,1,-4.7040,-1.6755,0.0883,2.5980,1.5600,0,0.5740,-588,1,67.8102,20.1726,-27.0494,-5.2815,-89.0328,0.480,0.000,1.000
2026-04-03,17:18:16,11612,1,-4.7040,-2.6246,0.0644,1.8952,1.5802,0,0.5740,-588,1,67.2166,-18.6561,-27.4228,-6.5897,-103.5206,0.440,0.000,1.000
2026-04-03,17:18:16,11652,1,-4.7040,-3.6728,0.0913,2.6862,1.6080,0,0.5740,-588,1,66.0205,-33.6106,-27.1253,3.8383,-114.1562,0.430,0.000,1.000
2026-04-03,17:18:16,11685,1,-4.6800,-4.3995,0.1168,3.4360,1.6370,0,0.5740,-585,1,65.5540,-8.7535,-26.6594,9.7579,-107.3239,0.490,0.000,1.000
2026-04-03,17:18:16,11727,1,-4.6800,-4.6953,0.1197,3.5213,1.6782,0,0.5740,-585,1,66.7078,18.6808,-26.4764,8.8369,-112.6290,0.550,0.000,1.000
2026-04-03,17:18:16,11768,1,-4.6800,-4.5860,0.0989,2.9089,1.7185,0,0.5740,-585,1,67.2202,7.3174,-26.2422,6.4538,-109.2168,0.510,0.000,1.000
2026-04-03,17:18:16,11810,1,-4.6800,-4.6320,0.0926,2.7248,1.7597,0,0.5740,-585,1,66.2707,-22.6055,-26.4405,-1.0591,-100.6411,0.500,0.000,1.000
2026-04-03,17:18:16,11852,1,-4.6800,-4.7603,0.0909,2.6732,1.8016,0,0.5740,-585,1,65.1414,-28.7802,-26.7641,-4.8660,-100.1683,0.580,0.000,1.000
2026-04-03,17:18:16,11893,1,-4.6800,-4.8175,0.1256,3.6949,1.8445,0,0.5740,-585,1,64.1883,-24.2923,-26.6546,1.1997,-111.3136,0.660,0.000,1.000
2026-04-03,17:18:16,11933,1,-4.6800,-4.6873,0.1241,3.6502,1.8853,0,0.5740,-585,1,64.0997,3.4020,-26.1723,8.5997,-120.4041,0.740,0.000,1.000
2026-04-03,17:18:16,11976,1,-4.6800,-4.6831,0.1268,3.7303,1.9273,0,0.5740,-585,1,64.2913,-3.4412,-25.6603,10.3990,-121.8307,0.820,0.000,1.000
2026-04-03,17:18:16,12017,1,-4.6800,-4.6971,0.1136,3.3399,1.9689,0,0.5740,-585,1,63.4227,-19.5511,-25.2540,9.9337,-122.3240,0.900,0.000,1.000
2026-04-03,17:18:16,12057,1,-4.6800,-4.7716,0.1331,3.9140,2.0095,0,0.5740,-585,1,62.1791,-31.7103,-25.3438,0.9310,-97.6722,0.980,0.000,1.000
2026-04-03,17:18:16,12090,1,-4.6800,-4.6686,0.1365,4.0141,2.0421,0,0.5740,-585,1,61.7763,-14.6410,-25.5077,-2.3041,-100.0797,1.000,0.000,1.000
2026-04-03,17:18:16,12132,1,-4.6800,-4.6572,0.1275,3.7503,2.0847,0,0.5740,-585,1,61.1098,-16.7807,-25.5422,-0.7351,-104.8363,1.000,0.000,1.000
2026-04-03,17:18:16,12172,1,-4.6800,-4.7356,0.1325,3.8957,2.1247,0,0.5740,-585,1,60.4150,-19.4229,-25.4596,0.2340,-101.5630,1.000,0.000,1.000
2026-04-03,17:18:16,12213,1,-4.6800,-4.6918,0.1265,3.7203,2.1658,0,0.5740,-585,1,59.8354,-14.8063,-25.4798,-0.5083,-105.4592,1.000,0.000,1.000
2026-04-03,17:18:16,12253,1,-4.6800,-4.6948,0.1373,4.0395,2.2061,0,0.5740,-585,1,59.0839,-22.7964,-25.4848,-0.3101,-109.3103,1.000,0.000,1.000
2026-04-03,17:18:16,12293,1,-4.6800,-4.7202,0.1460,4.2950,2.2465,0,0.5740,-585,1,58.6114,-14.4172,-25.1993,4.4221,-104.6253,1.000,0.000,1.000
2026-04-03,17:18:16,12334,1,-4.6800,-4.6528,0.1380,4.0585,2.2876,0,0.5740,-585,1,58.3475,-4.3387,-25.2522,-0.3563,-88.7249,1.000,0.000,1.000
2026-04-03,17:18:16,12374,1,-4.6800,-4.4463,0.0995,2.9257,2.3265,0,0.5740,-585,0,57.8599,-7.5924,-25.5274,-4.5041,-95.4147,1.000,0.000,1.000
2026-04-03,17:18:16,12414,1,-4.6800,-4.6151,0.0942,2.7703,2.3654,0,0.5740,-585,0,57.6158,-4.5425,-25.6048,-2.7991,-107.0720,1.000,0.000,1.000
2026-04-03,17:18:16,12454,1,-4.6800,-4.7575,0.1183,3.4800,2.4058,0,0.5740,-585,0,56.8015,-29.3269,-25.5391,-0.2504,-90.0096,1.000,0.000,1.000
2026-04-03,17:18:16,12494,1,-4.6800,-4.7729,0.1361,4.0026,2.4468,0,0.5740,-585,0,55.8431,-13.6993,-25.5273,-0.5988,-68.6903,1.000,0.000,1.000
2026-04-03,17:18:17,12535,1,-4.6800,-4.5968,0.1106,3.2538,2.4876,0,0.5740,-585,0,56.5970,7.8115,-25.7659,-4.3112,-45.7264,0.990,0.000,1.000
2026-04-03,17:18:17,12575,1,-4.6800,-4.5158,0.0867,2.5503,2.5266,0,0.5740,-585,0,56.3389,-3.0377,-25.9202,-4.1118,-65.1373,0.950,0.000,1.000
2026-04-03,17:18:17,12616,1,-4.6800,-4.7367,0.1009,2.9690,2.5673,0,0.5740,-585,0,56.2950,-5.2192,-26.0487,-3.4417,-75.0191,0.910,0.000,1.000
2026-04-03,17:18:17,12656,1,-4.6800,-4.7976,0.1217,3.5809,2.6081,0,0.5740,-585,0,55.0605,-32.8850,-26.0194,-1.0541,-68.8800,0.960,0.000,1.000
2026-04-03,17:18:17,12696,1,-4.6800,-4.6644,0.1139,3.3508,2.6485,0,0.5740,-585,0,55.3468,9.8881,-26.2048,-3.7985,-65.3726,1.000,0.000,1.000
2026-04-03,17:18:17,12737,1,-4.6800,-4.6908,0.1225,3.6023,2.6898,0,0.5740,-585,0,55.7178,7.3807,-26.2756,-2.1764,-81.6319,0.960,0.000,1.000
2026-04-03,17:18:17,12777,1,-4.6800,-4.6568,0.1162,3.4190,2.7295,0,0.5740,-585,0,56.2824,10.3618,-26.1507,1.3091,-95.5207,0.920,0.000,1.000
2026-04-03,17:18:17,12818,1,-4.6800,-4.5816,0.0968,2.8481,2.7689,0,0.5740,-585,0,56.1622,-1.7348,-26.0760,1.2586,-88.4531,0.880,0.000,1.000
2026-04-03,17:18:17,12855,1,-4.6800,-4.7006,0.1112,3.2719,2.8054,0,0.5740,-585,0,56.0314,-3.4932,-25.9971,0.5214,-86.6160,0.860,0.000,1.000
2026-04-03,17:18:17,12896,1,-4.6800,-4.6943,0.1159,3.4101,2.8475,0,0.5740,-585,1,55.9442,-1.2229,-26.2589,-3.7605,-93.5424,0.820,0.000,1.000
2026-04-03,17:18:17,12929,1,-4.6800,-4.6332,0.1063,3.1255,2.8796,0,0.5740,-585,1,56.1529,6.0447,-26.2692,-1.9461,-89.4260,0.790,0.000,0.999
2026-04-03,17:18:17,12972,1,-4.6800,-4.7478,0.1148,3.3760,2.9233,0,0.5740,-585,1,56.4812,3.3145,-26.1886,0.5185,-101.7709,0.750,0.000,0.995
2026-04-03,17:18:17,13014,1,-4.6800,-4.6437,0.1063,3.1269,2.9654,0,0.5740,-585,1,56.2614,2.1753,-25.7911,6.1081,-112.0312,0.710,0.000,0.991
2026-04-03,17:18:17,13055,1,-4.6800,-4.7348,0.1069,3.1439,3.0070,0,0.5740,-585,1,56.3103,-5.2340,-25.4645,6.7895,-101.2812,0.670,0.000,0.987
2026-04-03,17:18:17,13096,1,-4.6800,-4.8377,0.1427,4.1984,3.0484,0,0.5740,-585,1,56.0564,-1.8146,-25.4831,1.1054,-85.9531,0.630,0.000,0.983
2026-04-03,17:18:17,13137,1,-4.6800,-4.7413,0.1624,4.7757,3.0918,0,0.5740,-585,1,56.3490,6.8419,-25.8636,-5.4637,-86.6040,0.590,0.000,1.000
2026-04-03,17:18:17,13177,1,-4.6800,-4.6752,0.1538,4.5238,3.1316,0,0.5740,-585,1,56.0926,-6.9171,-25.8676,-1.1725,-99.1779,0.550,0.000,1.000
2026-04-03,17:18:17,13210,1,-4.6560,-4.7110,0.1535,4.5153,3.1629,0,0.5740,-582,1,55.9090,-4.2138,-25.0123,13.7309,-105.7421,0.520,0.000,1.000
2026-04-03,17:18:17,13250,1,-4.6560,-4.6928,0.1564,4.5986,3.2048,0,0.5740,-582,1,55.9958,4.6268,-24.3316,13.3529,-82.0911,0.480,0.000,1.000
2026-04-03,17:18:17,13291,1,-4.6560,-4.5041,0.1335,3.9251,3.2448,0,0.5740,-582,1,55.7367,-4.8745,-24.4921,0.7812,-82.4476,0.440,0.000,1.000
2026-04-03,17:18:17,13334,1,0.0000,-4.3678,0.1514,4.4539,3.2856,0,0.5740,0,1,55.5219,-7.1298,-24.5182,0.3672,-95.2698,0.400,0.000,1.000
2026-04-03,17:18:17,13376,1,0.0000,-3.5430,0.1723,5.0677,3.3214,0,0.5740,0,1,55.0668,-15.3547,-24.0703,6.2492,-92.8297,0.420,0.000,1.000
2026-04-03,17:18:17,13409,1,0.2880,-2.9478,0.1847,5.4326,3.3430,0,0.5740,36,1,54.8030,-10.1967,-23.9897,3.4229,-68.4409,0.480,0.000,1.000
2026-04-03,17:18:17,13442,1,0.2880,-2.1501,0.1832,5.3887,3.3608,0,0.5740,36,1,54.8577,-1.8194,-23.9476,1.9479,-79.9510,0.540,0.000,1.000
2026-04-03,17:18:17,13483,1,0.2880,-1.3718,0.2011,5.9148,3.3759,0,0.5740,36,1,54.6041,-4.7053,-23.2563,11.8854,-77.9300,0.620,0.000,1.000
2026-04-03,17:18:17,13525,1,1.2640,-0.6672,0.2315,6.8099,3.3843,0,0.5740,158,1,54.2774,-4.3149,-23.2249,2.6863,-45.9911,0.700,0.000,1.000
2026-04-03,17:18:18,13566,1,1.2640,0.2177,0.2324,6.8348,3.3845,0,0.5740,158,1,53.7579,-13.3272,-23.4155,-0.8235,-57.7784,0.780,0.000,1.000
2026-04-03,17:18:18,13607,1,4.0880,1.0266,0.2618,7.6995,3.3791,0,0.5740,511,1,53.8297,-0.3611,-22.8247,8.3537,-59.6600,0.860,0.000,1.000
2026-04-03,17:18:18,13649,1,4.0960,1.8081,0.2563,7.5370,3.3657,0,0.5740,512,1,53.9626,1.5777,-22.7464,3.6075,-63.9642,0.820,0.000,1.000
2026-04-03,17:18:18,13689,1,4.0960,2.5300,0.2709,7.9677,3.3464,0,0.5740,512,1,53.8892,-0.0888,-22.5980,3.3213,-79.8028,0.780,0.000,1.000
2026-04-03,17:18:18,13731,1,4.0880,3.3953,0.2749,8.0854,3.3191,0,0.5740,511,1,53.7230,-1.5044,-22.2116,7.0170,-80.3459,0.740,0.000,1.000
2026-04-03,17:18:18,13771,1,4.0880,4.0638,0.2762,8.1234,3.2859,0,0.5740,511,1,53.5095,-4.7902,-21.7778,8.9762,-80.1262,0.700,0.000,1.000
2026-04-03,17:18:18,13812,1,4.0880,4.0916,0.2764,8.1300,3.2509,0,0.5740,511,1,53.3649,-2.8570,-21.4067,8.9786,-73.5642,0.660,0.000,1.000
2026-04-03,17:18:18,13854,1,4.0880,4.1028,0.2573,7.5662,3.2130,0,0.5740,511,1,53.4511,3.9989,-21.0312,7.5814,-47.6921,0.620,0.000,1.000
2026-04-03,17:18:18,13894,1,4.0880,4.1062,0.2476,7.2812,3.1773,0,0.5740,511,1,53.4630,-4.5974,-21.0889,1.3688,-59.8076,0.580,0.000,1.000
2026-04-03,17:18:18,13927,1,4.0880,3.9902,0.2632,7.7406,3.1501,0,0.5740,511,1,53.9472,13.8769,-20.5782,9.1101,-64.6717,0.550,0.000,1.000
2026-04-03,17:18:18,13967,1,4.0880,4.0418,0.2766,8.1349,3.1148,0,0.5740,511,1,55.3737,23.7519,-20.3458,4.9149,-27.8109,0.510,0.000,1.000
2026-04-03,17:18:18,14001,1,4.0880,4.1289,0.2715,7.9854,3.0840,0,0.5740,511,1,55.7273,17.9062,-20.0345,5.8875,-32.9813,0.490,0.000,1.000
2026-04-03,17:18:18,14043,1,4.0880,4.0079,0.2894,8.5121,3.0497,0,0.5740,511,1,55.7158,1.4304,-19.2153,14.4177,-38.5047,0.450,0.000,1.000
2026-04-03,17:18:18,14086,1,4.0880,3.9708,0.3094,9.1000,3.0129,0,0.5740,511,1,55.4243,-2.7335,-19.2702,2.8331,-12.9034,0.410,0.000,1.000
2026-04-03,17:18:18,14129,1,4.0960,4.1524,0.2740,8.0587,2.9741,0,0.5740,512,1,54.6908,-24.2844,-19.0231,6.7602,-23.3583,0.400,0.000,1.000
2026-04-03,17:18:18,14170,1,4.0960,4.0255,0.2840,8.3533,2.9377,0,0.5740,512,1,54.7628,3.7425,-18.1933,14.2136,-24.5212,0.480,0.000,1.000
2026-04-03,17:18:18,14210,1,4.0960,4.1841,0.2541,7.4728,2.9020,0,0.5740,512,1,53.2183,-48.1457,-18.5348,-1.9964,-21.4415,0.560,0.000,1.000
2026-04-03,17:18:18,14243,1,-3.2000,4.0501,0.2410,7.0868,2.8726,0,0.5740,-400,1,52.6745,-24.2776,-18.3972,2.4323,-38.0099,0.620,0.000,1.000
2026-04-03,17:18:18,14285,1,-3.2000,3.1367,0.2386,7.0190,2.8416,0,0.5740,-400,1,51.8932,-22.5114,-17.2297,17.0709,-23.5928,0.700,0.000,1.000
2026-04-03,17:18:18,14327,1,-6.1680,2.3748,0.2246,6.6068,2.8180,0,0.5740,-771,1,51.9781,-3.7966,-17.1700,5.5398,-6.5893,0.780,0.000,1.000
2026-04-03,17:18:18,14367,1,-6.1680,1.5996,0.1890,5.5594,2.8006,0,0.5740,-771,1,50.0612,-47.7374,-17.3265,-0.1736,-25.5451,0.860,0.000,1.000
2026-04-03,17:18:18,14407,1,-6.1680,0.7085,0.1787,5.2562,2.7910,0,0.5740,-771,1,49.6399,-16.1774,-16.8395,8.5604,-47.1819,0.940,0.000,1.000
2026-04-03,17:18:18,14440,1,-6.2480,0.1000,0.1665,4.8976,2.7887,0,0.5740,-781,1,48.8966,-32.2830,-16.5675,7.5756,-21.1321,1.000,0.000,1.000
2026-04-03,17:18:18,14480,1,-6.2480,-0.6262,0.1241,3.6497,2.7910,0,0.5740,-781,1,47.2300,-43.5194,-16.9108,-2.8958,-19.0200,1.000,0.000,1.000
2026-04-03,17:18:18,14520,1,-6.2480,-1.3382,0.0763,2.2433,2.7999,0,0.5740,-781,1,46.6822,-19.1378,-17.0392,-3.0139,-42.6778,1.000,0.000,1.000
2026-04-03,17:18:19,14562,1,-6.2480,-2.2258,0.0496,1.4588,2.8170,0,0.5740,-781,1,46.3027,-19.9160,-17.2532,-5.2789,-36.3384,1.000,0.000,1.000
2026-04-03,17:18:19,14602,1,-6.2480,-3.0351,0.0640,1.8832,2.8403,0,0.5740,-781,1,46.0691,-17.2319,-17.5364,-6.3524,-38.0446,1.000,0.000,1.000
2026-04-03,17:18:19,14645,1,-6.2480,-3.3664,0.0503,1.4799,2.8673,0,0.5740,-781,1,43.8641,-48.3937,-17.4871,-1.1884,-51.6342,1.000,0.000,1.000
2026-04-03,17:18:19,14685,1,-6.2480,-3.9094,0.0860,2.5307,2.8987,0,0.5740,-781,1,41.8497,-52.1521,-16.9995,7.8924,-62.7185,1.000,0.000,1.000
2026-04-03,17:18:19,14725,1,-6.2480,-4.6610,0.0981,2.8839,2.9362,0,0.5740,-781,1,39.7502,-42.9281,-17.4381,-6.9263,-27.7031,1.000,0.000,1.000
2026-04-03,17:18:19,14758,1,-6.2480,-5.0816,0.0706,2.0775,2.9707,0,0.5740,-781,1,39.2549,-18.3947,-18.7307,-24.7561,-5.6201,1.000,0.000,1.000
2026-04-03,17:18:19,14798,1,-6.2480,-5.6326,0.0571,1.6790,3.0177,0,0.5740,-781,1,39.4826,6.5174,-20.4370,-34.8411,-0.5711,1.000,0.000,1.000
2026-04-03,17:18:19,14840,1,-6.2560,-5.6146,0.0405,1.1910,3.0650,0,0.5740,-782,1,38.6149,-19.2302,-20.9127,-17.3959,-13.8421,1.000,0.000,1.000
2026-04-03,17:18:19,14880,1,-6.2560,-5.5784,0.0406,1.1930,3.1143,0,0.5740,-782,1,37.5097,-20.5476,-20.7203,-3.6157,-25.0532,1.000,0.000,1.000
2026-04-03,17:18:19,14920,1,-6.2560,-5.7200,0.0626,1.8415,3.1620,0,0.5740,-782,1,36.8762,-15.1545,-21.4959,-14.5617,-2.4818,1.000,0.000,1.000
2026-04-03,17:18:19,14962,1,-6.2480,-6.1183,0.0719,2.1133,3.2146,0,0.5740,-781,1,36.0787,-19.1560,-22.2150,-14.3515,-29.1009,1.000,0.000,1.000
2026-04-03,17:18:19,15002,1,-6.2480,-6.2954,0.0922,2.7115,3.2677,0,0.5740,-781,1,35.4397,-15.7076,-22.2441,-5.5822,-23.9124,1.000,0.000,1.000
2026-04-03,17:18:19,15043,1,-6.2480,-6.2397,0.0868,2.5531,3.3214,0,0.5740,-781,1,34.6782,-20.4108,-23.0830,-16.0609,-8.6063,1.000,0.000,1.000
2026-04-03,17:18:19,15083,1,-6.2480,-6.2112,0.0743,2.1844,3.3757,0,0.5740,-781,1,34.2547,-12.2023,-24.0202,-19.9250,-34.5774,1.000,0.000,1.000
2026-04-03,17:18:19,15123,1,-6.2480,-6.1898,0.0660,1.9410,3.4288,0,0.5740,-781,1,33.8946,-10.1922,-24.3626,-10.8810,-56.0444,1.000,0.000,1.000
2026-04-03,17:18:19,15157,1,-6.2480,-6.2475,0.0670,1.9720,3.4620,0,0.5740,-781,1,33.6920,-8.3144,-24.5629,-9.7241,-53.8906,1.000,0.000,1.000
2026-04-03,17:18:19,15198,1,-6.2480,-6.2348,0.0956,2.8129,3.5277,0,0.5740,-781,1,33.1689,-15.2033,-24.5927,-3.2670,-60.3933,1.000,0.000,1.000
2026-04-03,17:18:19,15238,1,-6.2480,-6.3340,0.0953,2.8023,3.5813,0,0.5740,-781,1,31.1444,-53.6911,-24.6844,-2.4322,-65.4531,1.000,0.000,1.000
2026-04-03,17:18:19,15272,1,-6.2480,-6.4032,0.1247,3.6666,3.6279,0,0.5740,-781,1,31.2408,-2.2377,-24.8956,-4.3455,-71.6736,1.000,0.000,1.000
2026-04-03,17:18:19,15312,1,-6.2480,-6.2447,0.1107,3.2557,3.6814,0,0.5740,-781,1,31.4529,1.7616,-25.5719,-13.3188,-55.4652,1.000,0.000,1.000
2026-04-03,17:18:19,15353,1,-6.2480,-6.1380,0.0808,2.3750,3.7341,0,0.5740,-781,1,31.8640,9.4449,-26.3986,-16.8043,-61.1525,0.970,0.000,1.000
2026-04-03,17:18:19,15393,1,-6.2480,-6.2150,0.0734,2.1580,3.7878,0,0.5740,-781,1,32.2611,7.8557,-26.5248,-5.9680,-78.6453,0.930,0.000,1.000
2026-04-03,17:18:19,15433,1,-6.2480,-6.2094,0.0663,1.9506,3.8408,0,0.5740,-781,1,32.4599,5.3746,-26.4470,-1.1054,-59.8117,0.890,0.000,1.000
2026-04-03,17:18:19,15474,1,3.8800,-6.1589,0.1226,3.6063,3.8953,0,0.5740,485,1,30.9809,-41.8164,-26.7464,-4.7454,-65.5197,0.880,0.000,1.000
2026-04-03,17:18:19,15514,1,3.8800,-5.4285,0.1743,5.1262,3.9440,0,0.5740,485,1,31.6268,34.5462,-26.9123,-3.6724,-75.6563,0.930,0.000,1.000
2026-04-03,17:18:20,15555,1,4.0880,-4.3904,0.1676,4.9305,3.9844,0,0.5740,511,1,32.3178,17.2298,-27.1624,-5.1015,-78.0332,0.890,0.000,1.000
2026-04-03,17:18:20,15596,1,4.0880,-3.4881,0.1597,4.6963,4.0188,0,0.5740,511,1,32.1233,-1.4521,-27.6240,-8.4833,-74.4150,0.850,0.000,1.000
2026-04-03,17:18:20,15636,1,4.0880,-2.8779,0.1937,5.6961,4.0450,0,0.5740,511,1,32.0140,8.7950,-27.7235,-3.2662,-82.9792,0.810,0.000,1.000
2026-04-03,17:18:20,15669,1,4.0960,-2.1101,0.2014,5.9223,4.0611,0,0.5740,512,1,32.6592,18.2021,-27.7230,-1.4726,-80.7753,0.780,0.000,1.000
2026-04-03,17:18:20,15709,1,4.0960,-1.3881,0.2255,6.6336,4.0757,0,0.5740,512,1,33.0885,10.0946,-27.7729,-0.3692,-82.9434,0.740,0.000,1.000
2026-04-03,17:18:20,15749,1,4.0960,-0.3488,0.2020,5.9415,4.0818,0,0.5740,512,1,32.8394,-4.8093,-27.3199,7.5004,-96.9042,0.700,0.000,1.000
2026-04-03,17:18:20,15791,1,4.0880,0.1560,0.2764,8.1283,4.0830,0,0.5740,511,1,32.8158,14.3715,-27.3963,0.4199,-76.7507,0.660,0.000,1.000
2026-04-03,17:18:20,15831,1,4.0880,1.1895,0.2763,8.1259,4.0763,0,0.5740,511,1,33.0086,4.2535,-27.6117,-2.9768,-78.8269,0.620,0.000,1.000
2026-04-03,17:18:20,15874,1,4.0960,2.1738,0.2663,7.8319,4.0610,0,0.5740,512,1,33.3197,15.1099,-27.4202,2.2993,-79.6962,0.580,0.000,1.000
2026-04-03,17:18:20,15914,1,4.0960,2.6906,0.3154,9.2777,4.0392,0,0.5740,512,1,33.7100,19.3757,-27.1202,5.4467,-87.2589,0.540,0.000,1.000
2026-04-03,17:18:20,15954,1,4.0960,3.5337,0.3413,10.0390,4.0120,0,0.5740,512,1,35.9706,55.5452,-26.9755,4.3178,-79.7048,0.500,0.000,1.000
2026-04-03,17:18:20,15996,1,4.0880,4.3156,0.2742,8.0649,3.9750,0,0.5740,511,1,35.5375,-3.8078,-27.2108,-1.3770,-76.0165,0.460,0.000,1.000
2026-04-03,17:18:20,16036,1,4.0880,4.1896,0.2638,7.7583,3.9388,0,0.5740,511,1,35.6956,0.3974,-27.3072,-1.4485,-79.2406,0.420,0.000,1.000
2026-04-03,17:18:20,16079,1,4.0880,4.0351,0.2888,8.4947,3.9030,0,0.5740,511,1,39.1663,76.1749,-26.9741,5.6334,-79.7786,0.380,0.000,1.000
2026-04-03,17:18:20,16120,1,4.0880,4.2798,0.2545,7.4864,3.8658,0,0.5740,511,1,39.8110,11.0540,-26.8807,3.9215,-82.1618,0.340,0.000,1.000
2026-04-03,17:18:20,16160,1,4.0960,4.0067,0.2725,8.0142,3.8295,0,0.5740,512,1,41.2252,54.9422,-26.9236,1.6858,-77.2800,0.300,0.000,1.000
2026-04-03,17:18:20,16202,1,4.0960,3.9651,0.2965,8.7200,3.7936,0,0.5740,512,1,42.8760,27.5866,-26.8688,1.0510,-59.5160,0.260,0.000,1.000
2026-04-03,17:18:20,16242,1,4.0960,4.2069,0.2583,7.5979,3.7580,0,0.5740,512,1,44.3448,48.6398,-27.1416,-3.1516,-65.1391,0.220,0.000,1.000
2026-04-03,17:18:20,16284,1,4.0960,4.0555,0.2601,7.6488,3.7214,0,0.5740,512,1,45.2189,9.9765,-27.1861,-1.0020,-75.5519,0.180,0.000,1.000
2026-04-03,17:18:20,16326,1,4.0960,4.0663,0.2597,7.6395,3.6843,0,0.5740,512,1,45.1916,26.1750,-27.7417,-3.8348,-84.9094,0.150,0.000,1.000
2026-04-03,17:18:20,16366,1,4.1040,4.2007,0.2478,7.2869,3.6494,0,0.5740,513,1,46.7973,30.2782,-27.9127,-4.1297,-47.7847,0.110,0.000,1.000
2026-04-03,17:18:20,16408,1,4.0960,4.1632,0.2533,7.4509,3.6117,0,0.5740,512,1,48.2795,53.0294,-28.6024,-11.2375,-37.6160,0.070,0.000,1.000
2026-04-03,17:18:20,16448,1,4.0960,3.9643,0.2712,7.9774,3.5771,0,0.5740,512,1,50.0451,45.9746,-29.3546,-14.9140,-43.3370,0.030,0.000,1.000
2026-04-03,17:18:20,16490,1,4.0960,4.1043,0.2626,7.7224,3.5411,0,0.5740,512,1,52.1399,56.3619,-29.6903,-8.7008,-66.1558,0.000,0.000,1.000
2026-04-03,17:18:20,16530,1,4.0960,4.1562,0.2441,7.1803,3.5045,0,0.5740,512,1,54.2996,58.3782,-29.8007,-3.9404,-52.4174,0.000,0.000,1.000
2026-04-03,17:18:21,16570,1,4.0960,4.1150,0.2410,7.0877,3.4692,0,0.5740,512,1,55.9623,44.1974,-30.4566,-11.5687,-31.1027,0.000,0.000,1.000
2026-04-03,17:18:21,16612,1,4.0880,4.0356,0.2655,7.8095,3.4332,0,0.5740,511,1,57.8882,45.1802,-31.1046,-10.0167,-57.0957,0.000,0.000,1.000
2026-04-03,17:18:21,16652,1,4.0880,4.0311,0.2749,8.0854,3.3985,0,0.5740,511,1,59.2571,28.3552,-30.5359,7.9790,-69.3316,0.000,0.000,1.000
2026-04-03,17:18:21,16694,1,4.1040,4.0009,0.2806,8.2543,3.3630,0,0.5740,513,1,60.9558,46.1720,-30.3643,5.4769,-37.2513,0.000,0.000,1.000
2026-04-03,17:18:21,16734,1,4.1040,4.0108,0.2846,8.3709,3.3273,0,0.5740,513,1,61.5430,5.6308,-30.8635,-3.8890,-44.0221,0.000,0.000,1.000
2026-04-03,17:18:21,16774,1,4.1040,4.1596,0.2680,7.8813,3.2922,0,0.5740,513,1,62.2179,23.3425,-30.2650,12.4628,-65.4041,0.000,0.000,1.000
2026-04-03,17:18:21,16816,1,4.0960,4.2776,0.2344,6.8940,3.2543,0,0.5740,512,1,62.2816,-3.3529,-29.1595,22.6547,-57.2240,0.000,0.000,1.000
2026-04-03,17:18:21,16856,1,4.0960,3.9703,0.2721,8.0037,3.2196,0,0.5740,512,1,62.3587,0.7047,-29.4153,4.8937,-26.8625,0.000,0.000,1.000
2026-04-03,17:18:21,16899,1,-4.1120,3.9833,0.2916,8.5777,3.1843,0,0.5740,-514,1,63.0406,7.7282,-29.1118,9.7042,-50.6060,0.000,0.000,1.000
2026-04-03,17:18:21,16939,1,-4.1120,3.5567,0.2164,6.3636,3.1500,0,0.5740,-514,1,62.5876,-6.9914,-27.1662,36.5771,-42.4453,0.000,0.000,1.000
2026-04-03,17:18:21,16979,1,-6.6960,2.5652,0.2064,6.0692,3.1237,0,0.5740,-837,1,62.4903,-9.9437,-26.6944,20.4131,-13.7492,0.000,0.000,1.000
2026-04-03,17:18:21,17021,1,-6.6960,1.5450,0.2419,7.1150,3.1067,0,0.5740,-837,1,61.6453,-27.0538,-26.7580,13.0343,-21.6346,0.040,0.000,1.000
2026-04-03,17:18:21,17061,1,-6.6960,0.9604,0.2186,6.4308,3.0961,0,0.5740,-837,1,60.8721,-18.2258,-24.2867,49.6159,-43.4769,0.120,0.000,1.000
2026-04-03,17:18:21,17103,1,-7.9840,0.3194,0.1565,4.6032,3.0901,0,0.5740,-998,1,60.0547,-30.7878,-22.1170,49.4271,-11.3819,0.200,0.000,1.000
2026-04-03,17:18:21,17143,1,-7.9840,-0.7303,0.1557,4.5806,3.0924,0,0.5740,-998,1,59.4549,-10.5012,-21.9578,20.5310,7.0841,0.280,0.000,1.000
2026-04-03,17:18:21,17184,1,-7.9840,-1.4715,0.1535,4.5160,3.1036,0,0.5740,-998,1,58.3870,-39.2348,-21.1815,25.7331,-20.7414,0.360,0.000,1.000
2026-04-03,17:18:21,17217,1,-7.9840,-2.1438,0.1558,4.5822,3.1170,0,0.5740,-998,1,57.4147,-28.6711,-19.2863,44.3911,-24.0864,0.420,0.000,1.000
2026-04-03,17:18:21,17259,1,-7.9840,-2.7060,0.0838,2.4632,3.1391,0,0.5740,-998,1,56.7272,-19.8792,-17.3065,45.6534,-0.5942,0.500,0.000,1.000
2026-04-03,17:18:21,17301,1,-7.9840,-3.8264,0.0880,2.5887,3.1697,0,0.5740,-998,1,54.6908,-46.2802,-16.1393,34.4459,-20.9971,0.580,0.000,1.000
2026-04-03,17:18:21,17342,1,-7.9840,-4.9445,0.1419,4.1722,3.2101,0,0.5740,-998,1,53.0476,-43.7303,-15.4410,22.4158,-17.6810,0.660,0.000,1.000
2026-04-03,17:18:21,17382,1,-7.9840,-5.5416,0.1380,4.0586,3.2556,0,0.5740,-998,1,52.2113,-28.5273,-14.4558,26.0309,-40.9539,0.740,0.000,1.000
2026-04-03,17:18:21,17426,1,-7.9840,-6.0824,0.0781,2.2985,3.3082,0,0.5740,-998,1,51.1619,-21.0518,-13.0959,29.2717,-53.0256,0.820,0.000,1.000
2026-04-03,17:18:21,17467,1,-7.9840,-6.4788,0.0683,2.0099,3.3674,0,0.5740,-998,1,49.9843,-40.5676,-12.3573,19.9194,-25.0483,0.900,0.000,1.000
2026-04-03,17:18:21,17511,1,-7.9840,-6.6702,0.1026,3.0177,3.4282,0,0.5740,-998,1,48.7802,-40.1615,-12.1004,12.6451,-29.8991,0.960,0.000,1.000
2026-04-03,17:18:22,17551,1,-7.9840,-7.1904,0.0759,2.2329,3.4889,0,0.5740,-998,1,46.1727,-55.8645,-12.3638,0.0537,-44.7728,1.000,0.000,1.000
2026-04-03,17:18:22,17591,1,-7.9840,-7.2657,0.0552,1.6245,3.5522,0,0.5740,-998,1,45.3566,-29.0801,-11.8505,8.0361,-62.7603,1.000,0.000,1.000
2026-04-03,17:18:22,17633,1,-7.9840,-7.4191,0.0624,1.8353,3.6180,0,0.5740,-998,1,44.7488,-21.2574,-11.7392,2.0855,-25.5191,1.000,0.000,1.000
2026-04-03,17:18:22,17673,1,-7.9840,-7.5329,0.0610,1.7940,3.6826,0,0.5740,-998,1,44.5143,-1.8772,-12.5136,-14.3431,-14.6034,1.000,0.000,1.000
2026-04-03,17:18:22,17716,1,-2.0320,-7.5312,0.0618,1.8174,3.7484,0,0.5740,-254,1,43.8580,-10.4884,-13.1687,-15.2186,-37.6267,1.000,0.000,1.000
2026-04-03,17:18:22,17756,1,-2.0320,-7.0177,0.1044,3.0720,3.8137,0,0.5740,-254,1,43.3281,-15.9169,-13.9688,-20.2370,-50.0397,1.000,0.000,1.000
2026-04-03,17:18:22,17796,1,-2.0320,-6.1970,0.1290,3.7948,3.8697,0,0.5740,-254,1,42.2899,-21.4547,-15.2629,-30.7719,-28.5365,1.000,0.000,1.000
2026-04-03,17:18:22,17838,1,0.0000,-5.3220,0.1381,4.0610,3.9207,0,0.5740,0,1,42.2135,-2.2128,-16.4048,-30.5543,-49.2029,1.000,0.000,1.000
2026-04-03,17:18:22,17878,1,0.0000,-4.4807,0.1509,4.4387,3.9621,0,0.5740,0,1,41.7368,-17.3901,-17.1496,-25.1334,-39.7506,1.000,0.000,1.000
2026-04-03,17:18:22,17921,1,0.0000,-3.8104,0.1830,5.3812,3.9979,0,0.5740,0,1,40.9099,-18.1308,-17.6348,-17.1499,-44.7622,1.000,0.000,1.000
2026-04-03,17:18:22,17961,1,0.0000,-2.9835,0.2133,6.2743,4.0273,0,0.5740,0,1,40.8729,5.0407,-18.4044,-20.5546,-56.0757,1.000,0.000,1.000
2026-04-03,17:18:22,18001,1,0.0000,-1.9531,0.2055,6.0439,4.0478,0,0.5740,0,1,40.3373,-12.9944,-19.4070,-25.7246,-46.5370,1.000,0.000,1.000
2026-04-03,17:18:22,18034,1,0.0720,-1.4510,0.2234,6.5700,4.0593,0,0.5740,9,1,40.7962,8.4467,-20.0320,-24.1572,-59.9812,0.980,0.000,1.000
2026-04-03,17:18:22,18074,1,0.0720,-0.5721,0.2248,6.6116,4.0668,0,0.5740,9,1,40.0987,-6.1625,-20.4676,-16.8539,-75.2711,1.000,0.000,1.000
2026-04-03,17:18:22,18115,1,4.0960,-0.0111,0.2453,7.2160,4.0689,0,0.5740,512,1,41.0872,13.4186,-20.6078,-9.3778,-88.2536,0.960,0.000,1.000
2026-04-03,17:18:22,18157,1,4.0960,0.4186,0.2866,8.4301,4.0673,0,0.5740,512,1,40.6031,18.7450,-20.8743,-11.7203,-67.1503,0.920,0.000,1.000
2026-04-03,17:18:22,18197,1,4.0960,1.3025,0.2944,8.6576,4.0588,0,0.5740,512,1,41.1714,-0.6234,-21.5830,-17.9091,-74.8816,0.880,0.000,1.000
2026-04-03,17:18:22,18239,1,4.0880,2.1777,0.3144,9.2466,4.0428,0,0.5740,511,1,41.4887,17.4974,-22.0965,-18.9206,-73.7122,0.840,0.000,1.000
2026-04-03,17:18:22,18279,1,4.0880,2.8276,0.3519,10.3495,4.0209,0,0.5740,511,1,41.7789,2.3827,-22.5211,-14.6168,-78.8882,0.800,0.000,1.000
2026-04-03,17:18:22,18320,1,4.0880,3.7935,0.3668,10.7876,3.9917,0,0.5740,511,1,43.1797,15.4508,-22.6449,-8.1271,-71.7542,0.760,0.000,1.000
2026-04-03,17:18:22,18360,1,4.0880,4.1198,0.3363,9.8904,3.9558,0,0.5740,511,1,43.2851,8.5292,-22.7355,-5.4927,-65.8795,0.720,0.000,1.000
2026-04-03,17:18:22,18400,1,4.0880,4.2607,0.3183,9.3624,3.9204,0,0.5740,511,1,43.7918,10.9338,-22.0500,8.3446,-71.4210,0.680,0.000,1.000
2026-04-03,17:18:22,18433,1,4.0880,4.2329,0.3140,9.2365,3.8926,0,0.5740,511,1,44.5371,19.6529,-21.6084,9.6967,-40.6504,0.650,0.000,1.000
2026-04-03,17:18:22,18474,1,4.0880,4.1602,0.3020,8.8833,3.8544,0,0.5740,511,1,45.5646,25.6893,-21.4407,4.7911,-37.7335,0.610,0.000,1.000
2026-04-03,17:18:22,18514,1,4.0880,4.2021,0.2803,8.2443,3.8185,0,0.5740,511,1,46.9933,35.8820,-21.1178,4.7967,-36.3590,0.570,0.000,1.000
2026-04-03,17:18:23,18556,1,4.0880,3.9374,0.3039,8.9374,3.7818,0,0.5740,511,1,49.9128,80.4172,-20.9814,1.0735,-41.5394,0.530,0.000,1.000
2026-04-03,17:18:23,18596,1,4.0880,3.9456,0.3319,9.7624,3.7479,0,0.5740,511,1,51.3255,34.2330,-20.7571,1.3007,-39.4189,0.490,0.000,1.000
2026-04-03,17:18:23,18639,1,4.0880,4.0876,0.3267,9.6092,3.7125,0,0.5740,511,1,53.4712,40.7457,-20.6613,1.1395,-45.3030,0.450,0.000,1.000
2026-04-03,17:18:23,18681,1,4.0880,4.0133,0.3338,9.8180,3.6752,0,0.5740,511,1,55.0596,51.6638,-19.7317,4.7715,-39.7479,0.420,0.000,1.000
2026-04-03,17:18:23,18721,1,4.0880,4.1070,0.3339,9.8193,3.6401,0,0.5740,511,1,55.9853,5.9819,-20.1072,-6.6697,-19.2690,0.380,0.000,1.000
2026-04-03,17:18:23,18755,1,4.0880,4.0379,0.3547,10.4311,3.6116,0,0.5740,511,1,56.5463,24.7309,-20.2845,-5.9534,-35.7100,0.350,0.000,1.000
2026-04-03,17:18:23,18795,1,4.0880,4.1287,0.3400,9.9991,3.5756,0,0.5740,511,1,55.6495,-33.7580,-20.1102,-2.0353,-41.9527,0.310,0.000,1.000
2026-04-03,17:18:23,18836,1,4.0880,4.2672,0.3154,9.2773,3.5398,0,0.5740,511,1,55.5781,-10.5718,-20.1491,-2.8720,-40.2227,0.270,0.000,1.000
2026-04-03,17:18:23,18877,1,4.0880,4.0572,0.3236,9.5162,3.5029,0,0.5740,511,1,53.6388,-46.1590,-20.3028,-4.2103,-46.0853,0.350,0.000,1.000
2026-04-03,17:18:23,18917,1,4.0880,4.2262,0.3024,8.8945,3.4674,0,0.5740,511,1,52.4624,-43.4341,-20.1871,-0.4723,-51.2411,0.430,0.000,1.000
2026-04-03,17:18:23,18958,1,4.0880,4.2834,0.2710,7.9692,3.4306,0,0.5740,511,1,51.4870,-20.5341,-20.2391,-2.2401,-56.6475,0.510,0.000,1.000
2026-04-03,17:18:23,18998,1,4.0880,4.1589,0.2671,7.8558,3.3949,0,0.5740,511,1,49.5739,-66.6897,-20.1593,0.2291,-73.9933,0.590,0.000,1.000
2026-04-03,17:18:23,19039,1,4.0880,4.1681,0.2482,7.2998,3.3586,0,0.5740,511,1,47.7570,-39.8262,-19.8592,3.2654,-55.9303,0.670,0.000,1.000
2026-04-03,17:18:23,19079,1,4.0880,4.0292,0.2666,7.8425,3.3226,0,0.5740,511,1,46.0392,-60.0260,-19.9406,-0.3916,-40.5469,0.750,0.000,1.000
2026-04-03,17:18:23,19119,1,4.0880,4.0335,0.2569,7.5548,3.2878,0,0.5740,511,1,43.9602,-63.3096,-19.7631,0.8276,-53.4176,0.830,0.000,1.000
2026-04-03,17:18:23,19160,1,4.0880,4.2598,0.2317,6.8136,3.2513,0,0.5740,511,1,40.6239,-74.7181,-19.9301,-4.1126,-52.7140,0.910,0.000,1.000
2026-04-03,17:18:23,19201,1,4.0880,4.1030,0.2379,6.9977,3.2148,0,0.5740,511,1,39.4123,-57.4926,-19.7115,2.4278,-64.4447,0.990,0.000,1.000
2026-04-03,17:18:23,19243,1,4.0960,4.0029,0.2558,7.5236,3.1802,0,0.5740,512,1,36.7242,-68.1376,-19.3683,3.9815,-67.9800,1.000,0.000,1.000
2026-04-03,17:18:23,19276,1,4.0960,4.1546,0.2357,6.9327,3.1495,0,0.5740,512,1,35.4146,-51.5764,-19.7674,-7.1849,-53.8228,1.000,0.000,1.000
2026-04-03,17:18:23,19316,1,4.0960,4.2691,0.2054,6.0424,3.1134,0,0.5740,512,1,33.0188,-70.0677,-20.1174,-7.9168,-72.0479,1.000,0.000,1.000
2026-04-03,17:18:23,19357,1,4.0960,3.9700,0.2346,6.9006,3.0775,0,0.5740,512,1,30.6299,-53.9856,-19.5431,5.7262,-60.3646,1.000,0.000,1.000
2026-04-03,17:18:23,19397,1,4.0960,4.2367,0.2003,5.8913,3.0422,0,0.5740,512,1,27.9850,-72.1674,-19.6113,-1.4351,-31.8977,1.000,0.000,1.000
2026-04-03,17:18:23,19437,1,4.0880,4.3000,0.1653,4.8617,3.0056,0,0.5740,511,1,25.7729,-56.4294,-20.1052,-8.4924,-40.5847,1.000,0.000,1.000
2026-04-03,17:18:23,19478,1,4.0880,4.1900,0.1454,4.2765,2.9684,0,0.5740,511,1,23.5313,-55.3873,-20.3176,-6.4783,-61.1286,1.000,0.000,1.000
2026-04-03,17:18:23,19519,1,4.0880,4.1639,0.1212,3.5642,2.9314,0,0.5740,511,1,21.5947,-51.3309,-20.6120,-8.1246,-59.0620,1.000,0.000,1.000
2026-04-03,17:18:24,19561,1,1.0000,4.1316,0.1303,3.8331,2.8947,0,0.5740,125,1,20.0142,-42.1195,-20.9426,-8.2504,-70.4642,1.000,0.000,1.000
2026-04-03,17:18:24,19601,1,1.0000,3.2993,0.1255,3.6913,2.8626,0,0.5740,125,1,18.3743,-44.9048,-20.9958,-4.1101,-65.8568,1.000,0.000,1.000
2026-04-03,17:18:24,19641,1,1.0000,2.6648,0.1044,3.0715,2.8377,0,0.5740,125,1,16.0567,-57.8257,-21.2695,-6.0703,-43.3833,1.000,0.000,1.000
2026-04-03,17:18:24,19683,1,0.0000,1.7446,0.0995,2.9271,2.8183,0,0.5740,0,1,15.2730,-18.6552,-21.5449,-6.5066,-49.9143,1.000,0.000,1.000
2026-04-03,17:18:24,19723,1,0.0000,1.0603,0.0625,1.8388,2.8067,0,0.5740,0,1,14.7358,-13.9382,-21.8104,-6.0726,-69.2221,1.000,0.000,1.000
2026-04-03,17:18:24,19765,1,-5.2320,0.2082,0.0483,1.4212,2.8020,0,0.5740,-654,1,14.4050,-8.4592,-22.0467,-5.8339,-85.7664,1.000,0.000,1.000
2026-04-03,17:18:24,19805,1,-5.2320,-0.6871,0.0410,1.2063,2.8046,0,0.5740,-654,1,13.5634,-24.0695,-22.5757,-11.2160,-73.1891,1.000,0.000,1.000
2026-04-03,17:18:24,19847,1,-7.2560,-1.5061,0.0281,0.8253,2.8147,0,0.5740,-907,1,12.1628,-29.0465,-23.2607,-11.3589,-81.6490,1.000,0.000,1.000
2026-04-03,17:18:24,19880,1,-6.6960,-1.8519,0.0442,1.3007,2.8281,0,0.5740,-837,1,11.9095,-9.6189,-23.2206,-3.5495,-92.7355,1.000,0.000,1.000
2026-04-03,17:18:24,19920,1,-6.6960,-2.5748,0.0431,1.2677,2.8472,0,0.5740,-837,1,10.8663,-32.0835,-23.1353,0.2428,-105.6764,1.000,0.000,1.000
2026-04-03,17:18:24,19961,1,-6.6880,-3.1814,0.0729,2.1454,2.8732,0,0.5740,-836,1,10.8294,6.8403,-23.1052,0.7569,-96.0581,1.000,0.000,1.000
2026-04-03,17:18:24,20001,1,-6.6880,-3.8002,0.0513,1.5079,2.9031,0,0.5740,-836,1,11.4429,16.6047,-23.7863,-11.4429,-56.0247,0.980,0.000,1.000
2026-04-03,17:18:24,20042,1,-6.6880,-4.0875,0.0361,1.0617,2.9369,0,0.5740,-836,1,12.1699,27.7941,-24.7803,-17.1246,-74.5276,0.940,0.000,1.000
2026-04-03,17:18:24,20075,1,4.0640,-3.8112,0.0760,2.2357,2.9638,0,0.5740,508,1,11.9874,-2.0892,-24.7233,-6.2914,-86.3978,0.910,0.000,1.000
2026-04-03,17:18:24,20115,1,4.0640,-3.1049,0.1134,3.3361,2.9936,0,0.5740,508,1,10.1159,-32.2753,-24.8137,-4.2883,-60.5000,0.960,0.000,1.000
2026-04-03,17:18:24,20155,1,4.0800,-2.0689,0.1013,2.9800,3.0146,0,0.5740,510,1,11.6331,39.2642,-25.0726,-4.4049,-78.3800,0.980,0.000,1.000
2026-04-03,17:18:24,20195,1,4.0800,-1.3957,0.1344,3.9523,3.0292,0,0.5740,510,1,12.2279,5.3402,-24.9570,1.8523,-93.3132,0.940,0.000,1.000
2026-04-03,17:18:24,20235,1,4.0800,-0.6869,0.1763,5.1863,3.0377,0,0.5740,510,1,11.9526,11.5764,-24.6153,5.9696,-71.9075,0.900,0.000,1.000
2026-04-03,17:18:24,20277,1,4.0880,0.2046,0.1853,5.4510,3.0382,0,0.5740,511,1,13.5775,33.3748,-24.5639,3.8869,-81.9058,0.860,0.000,1.000
2026-04-03,17:18:24,20317,1,4.0880,1.2197,0.1865,5.4856,3.0319,0,0.5740,511,1,13.4864,10.6029,-24.4727,3.4161,-96.6734,0.820,0.000,1.000
2026-04-03,17:18:24,20357,1,4.0880,1.9874,0.1687,4.9604,3.0166,0,0.5740,511,1,15.8674,53.1393,-24.1137,8.4564,-108.8309,0.780,0.000,1.000
2026-04-03,17:18:24,20390,1,4.0880,2.2499,0.2335,6.8670,3.0010,0,0.5740,511,1,14.2620,-36.1381,-23.6817,11.1427,-95.7265,0.750,0.000,1.000
2026-04-03,17:18:24,20430,1,4.0880,3.2164,0.2682,7.8888,2.9773,0,0.5740,511,1,17.7573,108.1391,-23.8474,0.9705,-69.2001,0.710,0.000,1.000
2026-04-03,17:18:24,20471,1,4.0880,4.1986,0.2478,7.2873,2.9449,0,0.5740,511,1,18.1781,3.7223,-25.1093,-19.8848,-47.5944,0.670,0.000,1.000
2026-04-03,17:18:24,20511,1,4.0880,4.1583,0.2233,6.5668,2.9078,0,0.5740,511,1,18.1865,4.1968,-25.3707,-7.5666,-66.4933,0.630,0.000,1.000
2026-04-03,17:18:25,20551,1,4.0880,3.8137,0.2759,8.1155,2.8737,0,0.5740,511,1,19.4292,55.7487,-24.5452,9.8907,-56.6358,0.590,0.000,1.000
2026-04-03,17:18:25,20584,1,4.0960,3.8739,0.2905,8.5437,2.8474,0,0.5740,512,1,22.3306,82.3520,-24.3989,6.6977,-43.6236,0.560,0.000,1.000
2026-04-03,17:18:25,20625,1,4.0960,4.2386,0.2430,7.1480,2.8099,0,0.5740,512,1,21.7487,-13.6910,-25.0464,-6.4061,-39.3286,0.520,0.000,1.000
2026-04-03,17:18:25,20665,1,4.0960,4.0333,0.2554,7.5123,2.7741,0,0.5740,512,1,21.9678,18.6712,-24.8237,3.9578,-59.7648,0.480,0.000,1.000
2026-04-03,17:18:25,20708,1,4.0880,3.9181,0.2943,8.6569,2.7390,0,0.5740,511,1,25.1388,100.2293,-24.4682,5.7514,-25.1268,0.440,0.000,1.000
2026-04-03,17:18:25,20748,1,4.0880,4.3188,0.2515,7.3981,2.7033,0,0.5740,511,1,26.8955,24.4161,-24.7207,-1.3758,-29.7256,0.400,0.000,1.000
2026-04-03,17:18:25,20791,1,4.0960,4.1039,0.2652,7.8005,2.6657,0,0.5740,512,1,27.0909,34.8695,-24.5910,2.4723,-44.3360,0.360,0.000,1.000
2026-04-03,17:18:25,20831,1,4.0960,3.9774,0.2922,8.5940,2.6303,0,0.5740,512,1,29.3711,35.6270,-24.6846,-1.1911,-12.6133,0.320,0.000,1.000
2026-04-03,17:18:25,20871,1,4.0880,4.1061,0.2798,8.2306,2.5953,0,0.5740,511,1,31.8772,91.1786,-25.1114,-5.6180,-25.3548,0.280,0.000,1.000
2026-04-03,17:18:25,20913,1,4.0880,4.1140,0.2543,7.4783,2.5574,0,0.5740,511,1,32.7881,10.6385,-25.3746,-6.1572,-15.8635,0.240,0.000,1.000
2026-04-03,17:18:25,20953,1,4.0880,3.9569,0.2771,8.1510,2.5229,0,0.5740,511,1,36.1069,115.7545,-26.0730,-12.6689,-9.8799,0.200,0.000,1.000
2026-04-03,17:18:25,20997,1,4.0880,4.0439,0.2857,8.4043,2.4862,0,0.5740,511,1,36.1184,37.4467,-27.7805,-20.1161,-14.0604,0.170,0.000,1.000
2026-04-03,17:18:25,21038,1,4.0880,4.1816,0.2484,7.3067,2.4481,0,0.5740,511,1,40.3567,121.6362,-27.8900,-4.6033,-39.7286,0.130,0.000,1.000
2026-04-03,17:18:25,21080,1,4.0880,4.1456,0.2453,7.2161,2.4116,0,0.5740,511,1,41.6223,27.7315,-28.4318,-11.0303,-18.8854,0.090,0.000,1.000
2026-04-03,17:18:25,21113,1,4.0880,3.9424,0.2626,7.7246,2.3835,0,0.5740,511,1,44.4849,95.1007,-29.6073,-23.0152,-41.5484,0.060,0.000,1.000
2026-04-03,17:18:25,21153,1,4.0880,4.0169,0.2654,7.8068,2.3481,0,0.5740,511,1,49.2182,100.6270,-30.2224,-15.3360,-59.6854,0.020,0.000,1.000
2026-04-03,17:18:25,21196,1,4.0880,4.0446,0.2534,7.4519,2.3113,0,0.5740,511,1,50.4165,44.0247,-30.3849,-7.4286,-61.0422,0.000,0.000,1.000
2026-04-03,17:18:25,21230,1,4.0880,3.9942,0.2639,7.7611,2.2804,0,0.5740,511,1,53.6267,94.7155,-30.7565,-8.1466,-37.2188,0.000,0.000,1.000
2026-04-03,17:18:25,21270,1,4.0880,4.1853,0.2405,7.0732,2.2454,0,0.5740,511,1,56.6732,61.9680,-31.7918,-16.5961,-47.6035,0.000,0.000,1.000
2026-04-03,17:18:25,21312,1,4.0960,4.2549,0.2173,6.3923,2.2072,0,0.5740,512,1,58.3189,52.8830,-31.4989,3.9734,-69.7272,0.000,0.000,1.000
2026-04-03,17:18:25,21352,1,4.0960,4.0159,0.2423,7.1265,2.1723,0,0.5740,512,1,60.7217,58.9604,-30.4562,18.7616,-56.9661,0.000,0.000,1.000
2026-04-03,17:18:25,21394,1,4.0880,3.8780,0.2808,8.2585,2.1389,0,0.5740,511,1,63.0456,51.6197,-30.9911,-0.0019,-50.6525,0.000,0.000,1.000
2026-04-03,17:18:25,21434,1,4.0880,4.0922,0.2660,7.8233,2.1025,0,0.5740,511,1,64.1800,32.6550,-29.4260,31.7496,-69.9533,0.000,0.000,1.000
2026-04-03,17:18:25,21474,1,4.0880,4.0338,0.2611,7.6803,2.0670,0,0.5740,511,1,65.2680,8.3311,-27.3973,43.2517,-48.1930,0.000,0.000,1.000
2026-04-03,17:18:25,21507,1,4.0960,3.9078,0.2898,8.5233,2.0400,0,0.5740,512,1,65.4915,7.4145,-27.5020,19.0850,-40.3367,0.000,0.000,1.000
2026-04-03,17:18:26,21547,1,4.0960,4.1439,0.2685,7.8972,2.0040,0,0.5740,512,1,65.9782,3.9506,-25.8649,38.7006,-60.5502,0.000,0.000,1.000
2026-04-03,17:18:26,21587,1,4.0960,4.2241,0.2568,7.5526,1.9685,0,0.5740,512,1,64.7320,-23.0773,-23.9780,44.8348,-46.1129,0.000,0.000,1.000
2026-04-03,17:18:26,21629,1,0.2320,4.0115,0.2088,6.1399,1.9314,0,0.5740,29,1,66.0152,20.5597,-23.4346,27.6528,-43.7228,0.000,0.000,1.000
2026-04-03,17:18:26,21669,1,0.2320,3.2909,0.1491,4.3855,1.9006,0,0.5740,29,1,64.0779,-53.4487,-21.4013,47.8140,-63.9851,0.040,0.000,1.000
2026-04-03,17:18:26,21710,1,0.0000,2.1786,0.1529,4.4958,1.8772,0,0.5740,0,1,62.7066,-34.6368,-19.3595,48.4676,-41.9750,0.120,0.000,1.000
2026-04-03,17:18:26,21750,1,0.0000,1.2788,0.1793,5.2728,1.8641,0,0.5740,0,1,61.7187,-39.2853,-18.8219,27.2522,-32.0217,0.200,0.000,1.000
2026-04-03,17:18:26,21790,1,0.0000,0.5390,0.1756,5.1645,1.8568,0,0.5740,0,1,59.7826,-50.2651,-17.0573,42.8467,-53.1464,0.280,0.000,1.000
2026-04-03,17:18:26,21823,1,0.0000,0.0187,0.1726,5.0767,1.8553,0,0.5740,0,1,58.7161,-42.8553,-15.3708,48.0793,-33.5260,0.340,0.000,1.000
2026-04-03,17:18:26,21864,1,0.0000,0.0619,0.1642,4.8308,1.8550,0,0.5740,0,1,56.2089,-63.7078,-14.1742,37.4639,-30.4780,0.420,0.000,1.000
2026-04-03,17:18:26,21905,1,0.0000,0.1506,0.1353,3.9794,1.8540,0,0.5740,0,1,54.5561,-45.8514,-12.8308,35.9757,-52.7700,0.500,0.000,1.000
2026-04-03,17:18:26,21945,1,0.0000,0.0083,0.1316,3.8695,1.8530,0,0.5740,0,1,51.7462,-81.9780,-11.2826,38.4596,-44.9325,0.580,0.000,1.000
2026-04-03,17:18:26,21985,1,0.0000,-0.0222,0.1351,3.9727,1.8530,0,0.5740,0,1,49.3435,-60.0763,-9.4501,46.9709,-64.9618,0.660,0.000,1.000
2026-04-03,17:18:26,22018,1,0.0000,-0.0069,0.1322,3.8894,1.8530,0,0.5740,0,1,48.1849,-43.0107,-7.5538,53.3890,-77.3412,0.720,0.000,1.000
2026-04-03,17:18:26,22058,1,0.0000,-0.0100,0.1329,3.9080,1.8530,0,0.5740,0,1,45.7853,-60.2809,-5.4303,53.5178,-66.2166,0.800,0.000,1.000
2026-04-03,17:18:26,22098,1,0.0000,-0.0011,0.1322,3.8894,1.8530,0,0.5740,0,1,43.7979,-56.7019,-3.6416,49.2689,-76.5331,0.880,0.000,1.000
2026-04-03,17:18:26,22140,1,0.0000,0.0064,0.1302,3.8306,1.8529,0,0.5740,0,1,42.8770,-43.1212,-2.4007,43.8141,-84.1276,0.940,0.000,1.000
2026-04-03,17:18:26,22180,1,0.0000,0.1181,0.1093,3.2161,1.8524,0,0.5740,0,1,40.8421,-52.5324,-0.6568,44.0924,-97.5252,1.000,0.000,1.000
2026-04-03,17:18:26,22220,1,0.0000,0.1692,0.0671,1.9746,1.8504,0,0.5740,0,1,39.5379,-35.9731,0.6525,35.4192,-109.0157,1.000,0.000,1.000
2026-04-03,17:18:26,22260,1,0.0000,-0.0783,0.0964,2.8346,1.8507,0,0.5740,0,1,37.3521,-65.3233,0.7457,11.6090,-84.6209,1.000,0.000,1.000
2026-04-03,17:18:26,22302,1,0.0000,-0.1269,0.1190,3.4995,1.8517,0,0.5740,0,1,34.0752,-61.7004,-0.0023,-7.9378,-78.6034,1.000,0.000,1.000
2026-04-03,17:18:26,22342,1,0.0000,-0.0471,0.1316,3.8705,1.8527,0,0.5740,0,0,34.2782,-5.8581,0.1748,-0.4710,-91.7987,1.000,0.000,1.000
2026-04-03,17:18:26,22382,1,0.0000,0.0209,0.1251,3.6796,1.8527,0,0.5740,0,0,33.9939,-9.5639,0.3062,-1.0321,-62.9569,1.000,0.000,1.000
2026-04-03,17:18:26,22422,1,0.0000,0.0146,0.1197,3.5210,1.8525,0,0.5740,0,0,32.7334,-32.2044,-0.8557,-23.3989,-26.5397,1.000,0.000,1.000
2026-04-03,17:18:26,22463,1,0.0000,-0.0058,0.1212,3.5661,1.8524,0,0.5740,0,0,31.1358,-32.9335,-2.3904,-33.0755,-42.0313,1.000,0.000,1.000
2026-04-03,17:18:26,22503,1,0.0000,-0.0388,0.1326,3.9003,1.8528,0,0.5740,0,0,30.4780,-12.6623,-3.2124,-26.8312,-61.0735,1.000,0.000,1.000
2026-04-03,17:18:27,22544,1,0.0000,-0.0843,0.1454,4.2775,1.8534,0,0.5740,0,0,29.6420,-17.6638,-4.1486,-26.3647,-36.7667,1.000,0.000,1.000
2026-04-03,17:18:27,22584,1,0.0000,0.0069,0.1443,4.2428,1.8536,0,0.5740,0,0,30.8871,35.6322,-5.7198,-36.5981,-37.7227,0.990,0.000,1.000
2026-04-03,17:18:27,22624,1,0.0000,0.0567,0.1307,3.8434,1.8533,0,0.5740,0,0,31.7966,19.3701,-6.6435,-29.9473,-36.0489,0.950,0.000,1.000
2026-04-03,17:18:27,22664,1,0.0000,0.0369,0.1210,3.5602,1.8526,0,0.5740,0,0,31.7511,2.7394,-8.2438,-39.5973,-17.7825,0.910,0.000,1.000
2026-04-03,17:18:27,22704,1,0.0000,-0.1017,0.1432,4.2106,1.8531,0,0.5740,0,0,31.5423,5.2069,-9.6773,-37.8004,-40.5603,0.870,0.000,1.000
2026-04-03,17:18:27,22744,1,0.0000,-0.1655,0.1693,4.9808,1.8541,0,0.5740,0,0,33.0660,44.8120,-9.9842,-18.6602,-51.1508,0.830,0.000,1.000
2026-04-03,17:18:27,22784,1,0.0000,-0.0381,0.1808,5.3165,1.8554,0,0.5740,0,0,34.6696,40.6039,-10.4442,-16.7054,-29.4300,0.790,0.000,1.000
2026-04-03,17:18:27,22824,1,0.0000,0.0971,0.1595,4.6901,1.8550,0,0.5740,0,0,36.3750,45.9793,-11.3212,-22.5243,-23.4263,0.750,0.000,1.000
2026-04-03,17:18:27,22864,1,0.0000,0.0949,0.1371,4.0311,1.8537,0,0.5740,0,0,36.4466,2.5711,-12.1699,-22.6522,-44.4792,0.710,0.000,1.000
2026-04-03,17:18:27,22904,1,0.0000,-0.0395,0.1536,4.5184,1.8538,0,0.5740,0,0,37.8104,47.7580,-12.6620,-17.6918,-61.9618,0.670,0.000,1.000
2026-04-03,17:18:27,22944,1,0.0000,0.0088,0.1510,4.4405,1.8541,0,0.5740,0,0,40.0130,59.3425,-12.7939,-10.2109,-61.9086,0.630,0.000,1.000
2026-04-03,17:18:27,22985,1,0.0000,0.1312,0.1285,3.7806,1.8534,0,0.5740,0,0,41.2378,47.5492,-12.7890,-4.9329,-74.9630,0.590,0.000,1.000
2026-04-03,17:18:27,23025,1,0.0000,-0.0127,0.1391,4.0920,1.8533,0,0.5740,0,0,42.6668,22.9101,-12.6379,-2.0462,-85.8473,0.550,0.000,1.000
2026-04-03,17:18:27,23066,1,0.0000,-0.0630,0.1485,4.3685,1.8535,0,0.5740,0,0,43.5967,39.7615,-12.6740,-3.7992,-88.2880,0.510,0.000,1.000
2026-04-03,17:18:27,23106,1,0.0000,-0.0242,0.1489,4.3799,1.8538,0,0.5740,0,0,46.2132,59.9493,-13.3133,-14.8329,-79.4156,0.470,0.000,1.000
2026-04-03,17:18:27,23146,1,0.0000,0.0127,0.1464,4.3069,1.8538,0,0.5740,0,0,48.4887,61.2502,-14.0802,-20.0785,-90.4068,0.430,0.000,1.000
2026-04-03,17:18:27,23186,1,0.0000,0.0386,0.1352,3.9765,1.8534,0,0.5740,0,0,50.7503,50.9238,-14.7531,-19.9991,-99.1645,0.390,0.000,1.000
2026-04-03,17:18:27,23226,1,0.0000,-0.0333,0.1473,4.3331,1.8536,0,0.5740,-3,0,51.9061,35.9881,-14.7538,-8.8613,-104.9079,0.350,0.000,1.000
2026-04-03,17:18:27,23270,1,0.5600,0.1258,0.1845,5.4275,1.8539,0,0.5740,70,1,53.7270,46.5755,-14.6200,-4.2549,-77.3346,0.310,0.000,1.000
2026-04-03,17:18:27,23313,1,0.5840,0.5531,0.2077,6.1095,1.8506,0,0.5740,73,1,55.3031,36.7855,-14.2858,-5.3256,-74.8571,0.280,0.000,1.000
2026-04-03,17:18:27,23355,1,0.2000,0.4333,0.1689,4.9688,1.8457,0,0.5740,25,1,57.2146,46.1485,-15.1864,-16.8028,-79.5122,0.240,0.000,1.000
2026-04-03,17:18:27,23396,1,0.2000,0.3375,0.1665,4.8972,1.8433,0,0.5740,25,1,58.0062,12.1751,-14.9324,-4.0408,-88.9844,0.200,0.000,1.000
2026-04-03,17:18:27,23437,1,0.0000,0.2365,0.1760,5.1760,1.8415,0,0.5740,0,1,59.2293,31.3553,-14.8498,-2.6882,-52.0490,0.160,0.000,1.000
2026-04-03,17:18:27,23479,1,0.0000,-0.0015,0.1774,5.2175,1.8408,0,0.5740,0,1,59.7101,9.4228,-15.4754,-13.2287,-15.6304,0.120,0.000,1.000
2026-04-03,17:18:27,23519,1,0.0000,0.0443,0.1750,5.1461,1.8408,0,0.5740,0,1,59.9143,-2.3333,-16.6818,-26.0348,-6.7625,0.080,0.000,1.000
2026-04-03,17:18:28,23562,1,4.0560,-0.0031,0.1646,4.8410,1.8401,0,0.5740,507,1,59.8322,-8.6313,-16.6897,-6.4816,-28.4902,0.040,0.000,1.000
2026-04-03,17:18:28,23605,1,4.0880,0.5074,0.2408,7.0813,1.8384,0,0.5740,511,1,59.2358,-7.3534,-14.7137,23.5021,-19.5913,0.000,0.000,1.000
2026-04-03,17:18:28,23647,1,4.0880,1.4759,0.2622,7.7128,1.8288,0,0.5740,511,1,57.9798,-26.8884,-16.7287,-27.2890,0.3384,0.080,0.000,1.000
2026-04-03,17:18:28,23689,1,4.0880,2.5962,0.2064,6.0710,1.8084,0,0.5740,511,1,57.1465,-25.2571,-17.7954,-21.0782,-23.7134,0.160,0.000,1.000
2026-04-03,17:18:28,23731,1,4.0880,3.0797,0.2491,7.3262,1.7820,0,0.5740,511,1,56.3880,-15.3349,-15.2613,31.1252,-21.6822,0.240,0.000,1.000
2026-04-03,17:18:28,23773,1,4.0880,3.9063,0.2858,8.4064,1.7500,0,0.5740,511,1,55.7635,-19.3860,-16.0746,-7.9612,6.0179,0.320,0.000,1.000
2026-04-03,17:18:28,23816,1,4.0880,4.2572,0.2362,6.9471,1.7128,0,0.5740,511,1,53.3190,-58.7232,-17.1695,-16.5702,-13.7450,0.400,0.000,1.000
2026-04-03,17:18:28,23858,1,4.0880,4.2173,0.2172,6.3878,1.6737,0,0.5740,511,1,51.3908,-46.6362,-16.2524,10.1345,-35.9107,0.480,0.000,1.000
2026-04-03,17:18:28,23900,1,4.0880,3.9783,0.2369,6.9685,1.6371,0,0.5740,511,1,52.2152,12.8210,-14.9008,22.1041,-3.4926,0.560,0.000,1.000
2026-04-03,17:18:28,23942,1,4.0880,4.1435,0.2231,6.5618,1.6008,0,0.5740,511,1,50.0535,-62.7873,-16.1250,-12.5086,9.0247,0.640,0.000,1.000
2026-04-03,17:18:28,23984,1,4.0880,4.1021,0.2180,6.4113,1.5637,0,0.5740,511,1,47.8783,-51.6734,-15.7270,4.3782,-16.7738,0.720,0.000,1.000
2026-04-03,17:18:28,24026,1,4.0880,4.0843,0.2299,6.7610,1.5270,0,0.5740,511,1,46.7811,-23.3950,-14.2050,23.4217,-5.4838,0.800,0.000,1.000
2026-04-03,17:18:28,24067,1,4.0880,4.1226,0.2141,6.2982,1.4897,0,0.5740,511,1,45.7474,-34.2437,-14.4341,0.8488,21.4958,0.880,0.000,1.000
2026-04-03,17:18:28,24107,1,4.0880,4.2654,0.1803,5.3037,1.4537,0,0.5740,511,1,43.8751,-47.3663,-15.0433,-8.3510,-1.3375,0.960,0.000,1.000
2026-04-03,17:18:28,24148,1,4.0880,4.2022,0.1627,4.7851,1.4171,0,0.5740,511,1,43.0275,-26.0878,-14.2621,9.6265,-26.4692,1.000,0.000,1.000
2026-04-03,17:18:28,24182,1,4.0880,4.0853,0.1884,5.5418,1.3884,0,0.5740,511,1,41.7011,-41.7517,-13.7652,11.4249,-16.2837,1.000,0.000,1.000
2026-04-03,17:18:28,24224,1,4.0880,4.0874,0.1996,5.8711,1.3516,0,0.5740,511,1,39.7220,-52.7673,-13.6349,4.7927,-6.3480,1.000,0.000,1.000
2026-04-03,17:18:28,24266,1,4.0880,4.3269,0.1551,4.5622,1.3137,0,0.5740,511,1,38.0272,-43.6273,-14.2350,-7.7427,7.5856,1.000,0.000,1.000
2026-04-03,17:18:28,24307,1,4.0880,4.2538,0.1313,3.8622,1.2761,0,0.5740,511,1,37.0038,-28.2126,-15.0192,-14.7233,11.7551,1.000,0.000,1.000
2026-04-03,17:18:28,24348,1,4.0880,4.0244,0.1477,4.3430,1.2400,0,0.5740,511,1,35.0966,-58.9732,-15.3119,-9.1320,-3.8018,1.000,0.000,1.000
2026-04-03,17:18:28,24394,1,4.0880,4.0036,0.1692,4.9775,1.2043,0,0.5740,511,1,30.9168,-60.8969,-15.7904,-11.5331,13.2630,1.000,0.000,1.000
2026-04-03,17:18:28,24435,1,1.2560,3.9272,0.1912,5.6248,1.1657,0,0.5740,157,1,31.4584,-2.9973,-17.3124,-28.3925,22.5070,1.000,0.000,1.000
2026-04-03,17:18:28,24477,1,0.0000,3.5554,0.1533,4.5081,1.1309,0,0.5740,0,1,28.8387,-61.5740,-19.1133,-36.2730,10.4888,1.000,0.000,1.000
2026-04-03,17:18:28,24512,1,0.0000,3.2195,0.1343,3.9506,1.1135,0,0.5740,0,1,27.8327,-47.9492,-20.5104,-37.4133,8.8751,1.000,0.000,1.000
2026-04-03,17:18:29,24554,1,0.0000,1.9773,0.1349,3.9678,1.0853,0,0.5740,0,1,26.3714,-66.0472,-21.2146,-23.6980,25.0598,1.000,0.000,1.000
2026-04-03,17:18:29,24596,1,0.0000,1.1241,0.1561,4.5906,1.0728,0,0.5740,0,1,26.5650,70.2419,-21.9746,-17.0257,-5.1175,1.000,0.000,1.000
2026-04-03,17:18:29,24636,1,0.0000,0.3219,0.1634,4.8046,1.0676,0,0.5740,0,1,29.5824,60.2676,-22.4463,-13.3199,-5.5399,0.970,0.000,1.000
2026-04-03,17:18:29,24679,1,0.0000,0.1341,0.1430,4.2062,1.0667,0,0.5740,0,1,30.2013,18.9148,-23.7398,-24.0975,-8.7358,0.930,0.000,1.000
2026-04-03,17:18:29,24719,1,0.0000,0.0397,0.1383,4.0683,1.0658,0,0.5740,0,1,31.1468,22.6384,-24.1780,-12.4561,-35.0053,0.890,0.000,1.000
2026-04-03,17:18:29,24759,1,0.0000,-0.1544,0.1682,4.9479,1.0664,0,0.5740,0,1,30.8103,13.1954,-24.2535,-5.6143,-24.1486,0.850,0.000,1.000
2026-04-03,17:18:29,24792,1,0.0000,-0.0205,0.1696,4.9880,1.0672,0,0.5740,0,1,33.7728,87.6925,-24.9569,-13.6384,-3.6680,0.820,0.000,1.000
2026-04-03,17:18:29,24828,1,0.0000,0.0419,0.1606,4.7231,1.0671,0,0.5740,0,1,35.8941,64.2571,-25.8594,-18.3658,-29.4675,0.790,0.000,1.000
2026-04-03,17:18:29,24868,1,0.0000,0.0594,0.1541,4.5310,1.0667,0,0.5740,0,1,37.2522,40.3306,-26.1384,-7.8971,-52.2030,0.750,0.000,1.000
2026-04-03,17:18:29,24909,1,0.0000,0.0127,0.1537,4.5193,1.0666,0,0.5740,0,1,38.5888,34.8530,-25.3921,10.0063,-70.5220,0.710,0.000,1.000
2026-04-03,17:18:29,24949,1,0.0000,-0.0467,0.1664,4.8941,1.0669,0,0.5740,0,1,38.7465,9.7746,-24.9834,9.4971,-40.1295,0.670,0.000,1.000
2026-04-03,17:18:29,24989,1,0.0000,-0.0106,0.1686,4.9575,1.0672,0,0.5740,0,1,41.5491,93.9723,-25.3175,-2.2838,-9.8263,0.630,0.000,1.000
2026-04-03,17:18:29,25029,1,0.0000,0.1314,0.1460,4.2948,1.0668,0,0.5740,0,1,44.8280,75.3286,-25.9774,-10.6578,-18.4377,0.590,0.000,1.000
2026-04-03,17:18:29,25069,1,0.0000,0.0027,0.1494,4.3945,1.0662,0,0.5740,0,1,45.6217,21.1847,-26.1130,-3.8903,-42.4914,0.550,0.000,1.000
2026-04-03,17:18:29,25109,1,0.0000,-0.0004,0.1491,4.3841,1.0662,0,0.5740,0,1,48.1351,77.7352,-25.4149,10.4903,-40.3175,0.510,0.000,1.000
2026-04-03,17:18:29,25149,1,0.0000,-0.0254,0.1529,4.4985,1.0663,0,0.5740,0,0,49.9200,39.7799,-25.0734,8.9475,-48.4154,0.470,0.000,1.000
2026-04-03,17:18:29,25189,1,0.0000,-0.0445,0.1604,4.7163,1.0665,0,0.5740,0,0,51.4608,55.9310,-25.1524,1.4476,-15.8765,0.430,0.000,1.000
2026-04-03,17:18:29,25230,1,0.0000,0.0254,0.1546,4.5460,1.0665,0,0.5740,0,0,55.2633,80.4448,-25.5856,-6.1433,-15.4549,0.390,0.000,1.000
2026-04-03,17:18:29,25271,1,0.0400,0.1589,0.1252,3.6812,1.0658,0,0.5740,5,1,56.3591,35.5957,-26.1168,-9.8747,-41.6783,0.350,0.000,1.000
2026-04-03,17:18:29,25314,1,1.1280,0.2876,0.1434,4.2190,1.0639,0,0.5740,141,1,57.4447,25.0117,-26.1331,-2.1871,-61.2811,0.310,0.000,1.000
2026-04-03,17:18:29,25354,1,1.1280,1.0774,0.1461,4.2967,1.0573,0,0.5740,141,1,58.3448,24.2985,-25.7107,6.3105,-77.5989,0.270,0.000,1.000
2026-04-03,17:18:29,25395,1,4.0080,1.0357,0.1692,4.9765,1.0483,0,0.5740,501,1,60.2293,47.2017,-25.3153,8.4701,-85.1282,0.230,0.000,1.000
2026-04-03,17:18:29,25428,1,4.0880,1.7816,0.1612,4.7403,1.0385,0,0.5740,511,1,61.4792,41.9788,-25.0643,7.9419,-81.6251,0.200,0.000,1.000
2026-04-03,17:18:29,25470,1,4.0880,2.4340,0.1808,5.3180,1.0192,0,0.5740,511,1,62.5056,24.6976,-25.0418,3.0195,-82.8317,0.160,0.000,1.000
2026-04-03,17:18:29,25512,1,4.0880,3.3594,0.1920,5.6479,0.9919,0,0.5740,511,1,63.3310,18.9043,-24.9466,2.6055,-96.3730,0.120,0.000,0.998
2026-04-03,17:18:30,25553,1,4.0880,4.1275,0.1747,5.1384,0.9587,0,0.5740,511,1,63.6601,12.6909,-24.6806,5.8196,-100.2586,0.080,0.000,0.994
2026-04-03,17:18:30,25594,1,4.0960,4.0471,0.1909,5.6141,0.9237,0,0.5740,512,1,64.6006,26.8197,-24.1575,10.5285,-109.8599,0.040,0.000,0.990
2026-04-03,17:18:30,25637,1,4.0880,4.0225,0.1962,5.7718,0.8858,0,0.5740,511,1,65.0497,12.9551,-23.4255,14.7112,-103.6654,0.000,0.000,0.986
2026-04-03,17:18:30,25675,1,0.5760,4.0416,0.2005,5.8959,0.8544,0,0.5740,72,1,65.1617,8.8410,-22.9311,13.2108,-99.5518,0.000,0.000,0.984
2026-04-03,17:18:30,25715,1,0.5760,3.3789,0.1759,5.1734,0.8211,0,0.5740,72,1,64.0340,-29.5968,-23.0357,1.9962,-70.8749,0.000,0.000,0.980
2026-04-03,17:18:30,25755,1,0.5760,2.6304,0.1549,4.5571,0.7961,0,0.5740,72,1,65.4861,51.0072,-23.3459,-4.4775,-65.9145,0.000,0.000,0.976
2026-04-03,17:18:30,25796,1,0.0000,1.9887,0.1108,3.2601,0.7768,0,0.5740,0,1,66.6720,19.5298,-23.5617,-4.8191,-82.0089,0.000,0.000,0.972
2026-04-03,17:18:30,25838,1,0.0000,1.2093,0.0469,1.3795,0.7627,0,0.5740,0,1,67.5677,26.1608,-23.6653,-3.7956,-69.3182,0.000,0.000,0.968
2026-04-03,17:18:30,25878,1,0.0000,0.0234,0.0679,1.9963,0.7586,0,0.5740,0,1,68.0439,-2.3225,-23.6752,-0.9323,-84.6048,0.000,0.000,0.964
2026-04-03,17:18:30,25919,1,0.0000,-0.1584,0.1087,3.1983,0.7598,0,0.5740,0,1,64.9105,-66.6029,-23.1404,8.3725,-95.5960,0.040,0.000,0.960
2026-04-03,17:18:30,25959,1,0.0000,-0.1551,0.1338,3.9348,0.7611,0,0.5740,0,1,67.6179,87.5989,-22.8643,6.3105,-64.7906,0.090,0.000,0.956
2026-04-03,17:18:30,26000,1,3.4640,-0.0024,0.1244,3.6598,0.7615,0,0.5740,433,1,71.6401,83.3941,-23.3381,-6.8499,-32.3368,0.050,0.000,0.952
2026-04-03,17:18:30,26034,1,4.0560,0.2939,0.1437,4.2265,0.7607,0,0.5740,507,1,71.8951,8.9074,-24.7385,-26.0840,-12.7384,0.020,0.000,0.949
2026-04-03,17:18:30,26067,1,4.0880,1.0330,0.1374,4.0402,0.7551,0,0.5740,511,1,71.6976,-0.5307,-26.3687,-37.5766,-22.4113,0.000,0.000,0.946
2026-04-03,17:18:30,26100,1,4.0880,1.5274,0.1641,4.8266,0.7455,0,0.5740,511,1,72.3670,10.0959,-26.9897,-25.3652,-40.2749,0.000,0.000,0.943
2026-04-03,17:18:30,26135,1,4.0880,2.3381,0.1634,4.8067,0.7303,0,0.5740,511,1,70.9543,-29.5314,-26.2816,0.6129,-54.3427,0.000,0.000,0.940
2026-04-03,17:18:30,26168,1,4.0880,2.8114,0.2121,6.2369,0.7119,0,0.5740,511,1,69.9444,-33.0082,-25.3292,15.4805,-46.3142,0.040,0.000,0.937
2026-04-03,17:18:30,26210,1,4.0880,3.7382,0.2407,7.0802,0.6817,0,0.5740,511,1,68.7225,-28.5035,-25.0109,9.6902,-40.0632,0.120,0.000,0.933
2026-04-03,17:18:30,26251,1,4.0880,4.0337,0.2288,6.7303,0.6457,0,0.5740,511,1,67.7790,-21.0000,-24.9318,4.0959,-27.3836,0.200,0.000,0.929
2026-04-03,17:18:30,26291,1,4.0880,4.2137,0.1952,5.7398,0.6098,0,0.5740,511,1,65.3881,-73.2004,-25.3038,-5.2514,-11.6799,0.280,0.000,0.925
2026-04-03,17:18:30,26324,1,3.7200,3.9951,0.1847,5.4322,0.5807,0,0.5740,465,1,62.8417,-75.1021,-25.6572,-7.4834,-30.6954,0.340,0.000,0.922
2026-04-03,17:18:30,26365,1,3.7200,3.6437,0.2019,5.9379,0.5480,0,0.5740,465,1,62.2218,1.2818,-25.4702,1.3859,-50.7033,0.420,0.000,0.918
2026-04-03,17:18:30,26406,1,0.0640,3.8503,0.1668,4.9051,0.5159,0,0.5740,8,1,64.3158,30.8137,-25.1707,4.9204,-37.0497,0.470,0.000,0.914
2026-04-03,17:18:30,26448,1,0.0000,3.4688,0.0991,2.9133,0.4811,0,0.5740,0,1,64.5425,15.4594,-25.0452,3.4933,-37.8475,0.430,0.000,0.910
2026-04-03,17:18:30,26488,1,0.0000,2.4825,0.0970,2.8519,0.4568,0,0.5740,0,1,62.5001,-68.7643,-25.1417,-0.2942,-45.8343,0.420,0.000,0.906
2026-04-03,17:18:30,26530,1,0.0000,1.3592,0.1331,3.9145,0.4405,0,0.5740,0,1,59.8490,-27.0253,-25.3694,-2.8554,-60.2946,0.500,0.000,0.902
2026-04-03,17:18:31,26564,1,0.0000,0.9163,0.1160,3.4125,0.4328,0,0.5740,0,1,63.5510,115.5548,-25.2742,0.9573,-53.9603,0.530,0.000,0.899
2026-04-03,17:18:31,26604,1,0.0000,0.1478,0.0885,2.6016,0.4282,0,0.5740,0,1,66.2505,48.4351,-25.4521,-3.0198,-34.3523,0.490,0.000,0.895
2026-04-03,17:18:31,26647,1,0.0000,0.0380,0.0926,2.7232,0.4278,0,0.5740,0,1,66.6738,19.1651,-26.2101,-12.5924,-25.6895,0.450,0.000,0.891
2026-04-03,17:18:31,26689,1,0.0000,0.1499,0.0562,1.6536,0.4265,0,0.5740,0,1,69.5666,64.0134,-26.7815,-12.3704,-49.1113,0.410,0.000,0.887
2026-04-03,17:18:31,26729,1,0.0000,-0.3443,0.1238,3.6419,0.4275,0,0.5740,0,1,67.1502,-99.9308,-27.2595,-13.0173,-23.7114,0.370,0.000,0.883
2026-04-03,17:18:31,26771,1,0.0000,-0.3333,0.1874,5.5109,0.4308,0,0.5740,0,1,63.8676,-58.7930,-28.1707,-16.7206,-23.3536,0.450,0.000,0.879
2026-04-03,17:18:31,26804,1,0.0000,0.0003,0.1730,5.0895,0.4320,0,0.5740,0,1,70.6667,63.0919,-28.6042,-15.6771,-28.1828,0.490,0.000,0.877
2026-04-03,17:18:31,26845,1,0.0000,0.1459,0.1479,4.3502,0.4314,0,0.5740,0,1,71.1579,-30.9341,-27.8717,6.5685,-29.6914,0.450,0.000,0.873
2026-04-03,17:18:31,26885,1,0.0000,0.0597,0.1426,4.1948,0.4307,0,0.5740,0,1,70.6030,-11.7866,-28.0726,-2.4161,-2.3384,0.500,0.000,0.869
2026-04-03,17:18:31,26925,1,0.0000,-0.0787,0.1582,4.6521,0.4308,0,0.5740,0,1,68.5088,-58.1923,-29.4950,-22.5625,-7.0117,0.580,0.000,0.865
2026-04-03,17:18:31,26965,1,0.0000,-0.0941,0.1748,5.1426,0.4316,0,0.5740,0,1,65.5928,-69.3024,-29.5396,-4.1094,-32.0384,0.660,0.000,0.861
2026-04-03,17:18:31,27005,1,0.0000,0.0056,0.1697,4.9923,0.4318,0,0.5740,0,0,65.4728,-11.5329,-28.1736,21.0675,-45.6287,0.740,0.000,0.857
2026-04-03,17:18:31,27045,1,0.0000,0.0274,0.1661,4.8857,0.4318,0,0.5740,0,0,64.2353,-28.6269,-27.6434,14.9423,-13.2460,0.820,0.000,0.853
2026-04-03,17:18:31,27085,1,0.0000,-0.0155,0.1714,5.0411,0.4318,0,0.5740,0,0,63.1456,-31.9081,-28.5776,-11.7682,10.0828,0.900,0.000,0.849
2026-04-03,17:18:31,27125,1,0.0000,-0.0000,0.1687,4.9608,0.4318,0,0.5740,0,0,62.1776,-26.1980,-29.7501,-18.9739,-14.2582,0.980,0.000,0.845
2026-04-03,17:18:31,27159,1,0.0000,0.1025,0.1552,4.5642,0.4315,0,0.5740,0,0,61.2821,-24.5443,-28.5631,17.6515,-33.4936,1.000,0.000,0.842
2026-04-03,17:18:31,27199,1,0.0000,0.1391,0.1250,3.6773,0.4301,0,0.5740,0,0,59.3852,-52.9480,-26.3069,43.1610,-45.8383,1.000,0.000,0.838
2026-04-03,17:18:31,27239,1,0.0000,0.0293,0.1253,3.6845,0.4295,0,0.5740,0,0,57.4586,-41.7568,-25.4286,27.3245,-27.6830,1.000,0.000,0.834
2026-04-03,17:18:31,27279,1,0.0000,-0.1013,0.1488,4.3775,0.4301,0,0.5740,0,0,58.5726,46.2632,-25.5370,7.5887,-19.8324,1.000,0.000,0.830
2026-04-03,17:18:31,27321,1,-1.3120,-0.0844,0.1344,3.9519,0.4309,0,0.5740,-164,1,59.6480,12.7837,-25.5343,5.0710,-44.0161,0.970,0.000,0.826
2026-04-03,17:18:31,27361,1,-1.3120,-0.8576,0.1190,3.4990,0.4342,0,0.5740,-164,1,58.6979,-26.0332,-23.8640,31.7184,-59.8874,0.930,0.000,0.822
2026-04-03,17:18:31,27401,1,-1.3120,-1.3345,0.1299,3.8220,0.4448,0,0.5740,-164,1,57.5230,-23.3342,-20.8390,61.0765,-69.0166,1.000,0.000,0.818
2026-04-03,17:18:31,27443,1,-4.0880,-1.4161,0.1540,4.5295,0.4574,0,0.5740,-511,1,58.2891,36.0472,-17.6665,67.4407,-49.5526,1.000,0.000,0.814
2026-04-03,17:18:31,27485,1,-4.0880,-1.9582,0.1081,3.1789,0.4719,0,0.5740,-511,1,62.2748,88.6488,-16.4398,38.6205,-11.0375,0.960,0.000,0.810
2026-04-03,17:18:31,27527,1,-4.0880,-2.8536,0.0917,2.6962,0.4941,0,0.5740,-511,1,62.8946,11.7157,-16.6856,7.5687,-7.1520,0.920,0.000,0.806
2026-04-03,17:18:32,27569,1,-4.0880,-3.7651,0.1018,2.9938,0.5251,0,0.5740,-511,1,65.4704,60.8551,-17.3852,-11.1264,15.5127,0.880,0.000,0.802
2026-04-03,17:18:32,27611,1,-4.0880,-4.0379,0.1034,3.0411,0.5611,0,0.5740,-511,1,67.0449,13.8270,-19.4631,-38.8440,38.5623,0.840,0.000,0.798
2026-04-03,17:18:32,27653,1,-4.0880,-4.2675,0.1413,4.1561,0.5985,0,0.5740,-511,1,63.9748,-68.1380,-21.5708,-45.2802,19.0266,0.800,0.000,0.794
2026-04-03,17:18:32,27696,1,-4.0880,-4.2424,0.1710,5.0295,0.6374,0,0.5740,-511,1,63.9611,-20.8515,-22.4699,-29.4445,-2.2504,0.880,0.000,0.790
2026-04-03,17:18:32,27738,1,-4.0880,-4.1272,0.1741,5.1220,0.6754,0,0.5740,-511,1,64.0293,10.0951,-23.1141,-21.1998,-14.2196,0.960,0.000,0.786
2026-04-03,17:18:32,27780,1,-4.0880,-4.1123,0.1760,5.1775,0.7124,0,0.5740,-511,1,62.9245,-31.1863,-23.3232,-10.2696,-36.7809,1.000,0.000,0.782
2026-04-03,17:18:32,27820,1,-4.0880,-4.2412,0.2057,6.0497,0.7484,0,0.5740,-511,1,61.3927,-38.2807,-22.4527,10.6528,-53.7752,1.000,0.000,0.778
2026-04-03,17:18:32,27862,1,-4.0880,-4.1154,0.2147,6.3153,0.7858,0,0.5740,-511,1,60.0965,-39.2906,-21.8608,8.8719,-16.9436,1.000,0.000,0.774
2026-04-03,17:18:32,27895,1,-4.0880,-4.0327,0.1956,5.7532,0.8146,0,0.5740,-511,1,59.0191,-31.0753,-22.2699,-4.2114,-14.4131,1.000,0.000,0.771
2026-04-03,17:18:32,27935,1,-4.0880,-4.1549,0.2119,6.2318,0.8493,0,0.5740,-511,1,58.0993,-25.5955,-21.8357,7.3787,-34.0740,1.000,0.000,0.767
2026-04-03,17:18:32,27968,1,-4.0880,-4.1342,0.2065,6.0725,0.8713,0,0.5740,-511,1,59.8983,9.3881,-19.9506,18.6959,-29.8503,1.000,0.000,0.765
2026-04-03,17:18:32,28009,1,-4.0880,-3.8066,0.1626,4.7821,0.9134,0,0.5740,-511,1,58.6633,-22.2024,-20.3975,-4.0632,-18.3618,1.000,0.000,0.761
2026-04-03,17:18:32,28050,1,-4.0880,-4.0527,0.1485,4.3677,0.9467,0,0.5740,-511,1,59.3805,7.6799,-19.8594,8.8209,-37.7222,1.000,0.000,0.757
2026-04-03,17:18:32,28090,1,-4.0880,-4.1576,0.1794,5.2771,0.9834,0,0.5740,-511,1,57.4936,-54.7380,-18.8505,14.8557,-22.6108,1.000,0.000,0.753
2026-04-03,17:18:32,28130,1,-4.0880,-4.0865,0.1792,5.2695,1.0187,0,0.5740,-511,1,57.0051,-15.0309,-19.7279,-12.2496,0.0385,1.000,0.000,0.782
2026-04-03,17:18:32,28164,1,0.0000,-4.0505,0.1807,5.3145,1.0475,0,0.5740,0,1,55.7509,-34.0891,-20.4679,-17.4141,-12.9998,1.000,0.000,0.812
2026-04-03,17:18:32,28206,1,0.0000,-3.4590,0.1677,4.9325,1.0817,0,0.5740,0,1,55.8375,-7.4604,-21.0628,-15.0318,-30.5622,1.000,0.000,0.852
2026-04-03,17:18:32,28248,1,0.0000,-2.7187,0.1741,5.1220,1.1087,0,0.5740,0,1,54.3047,-32.9263,-20.6817,0.5146,-50.9942,1.000,0.000,0.892
2026-04-03,17:18:32,28281,1,0.0000,-2.1350,0.1893,5.5682,1.1256,0,0.5740,0,1,53.2765,-34.2405,-20.5761,0.5651,-30.9573,1.000,0.000,0.922
2026-04-03,17:18:32,28314,1,0.0000,-1.4219,0.1909,5.6150,1.1376,0,0.5740,0,1,51.3518,-58.9754,-20.8682,-4.8413,-40.1226,1.000,0.000,0.952
2026-04-03,17:18:32,28356,1,0.0000,-0.7034,0.2163,6.3627,1.1463,0,0.5740,0,1,49.3378,-47.0581,-20.4941,5.0900,-45.1760,1.000,0.000,0.992
2026-04-03,17:18:32,28396,1,0.0000,-0.0094,0.1948,5.7295,1.1475,0,0.5740,0,1,46.9518,-68.9792,-20.0024,9.1650,-37.2802,1.000,0.000,1.000
2026-04-03,17:18:32,28436,1,0.0000,0.1125,0.1715,5.0437,1.1468,0,0.5740,0,1,45.1992,-36.8414,-19.6172,8.2499,-37.2119,1.000,0.000,1.000
2026-04-03,17:18:32,28469,1,0.0000,0.0691,0.1622,4.7713,1.1461,0,0.5740,0,1,44.5409,-25.3067,-19.3194,8.5296,-25.0997,1.000,0.000,1.000
2026-04-03,17:18:32,28509,1,0.0000,0.0009,0.1713,5.0368,1.1462,0,0.5740,0,1,41.7262,-78.9669,-19.4504,-0.2953,-14.3294,1.000,0.000,1.000
2026-04-03,17:18:33,28549,1,0.0000,0.0057,0.1670,4.9108,1.1461,0,0.5740,0,1,41.1164,-23.0009,-19.7872,-5.1876,-5.3032,1.000,0.000,1.000
2026-04-03,17:18:33,28591,1,0.0000,-0.0088,0.1607,4.7278,1.1456,0,0.5740,0,1,40.4822,-16.6169,-20.1463,-5.8897,-18.2482,1.000,0.000,1.000
2026-04-03,17:18:33,28631,1,0.0000,-0.0690,0.1701,5.0022,1.1458,0,0.5740,0,1,39.3867,-39.4773,-19.9092,1.2012,-21.4624,1.000,0.000,1.000
2026-04-03,17:18:33,28671,1,0.0000,-0.0311,0.1753,5.1570,1.1463,0,0.5740,0,1,37.6793,-24.5489,-20.6729,-11.8578,-19.9529,1.000,0.000,1.000
2026-04-03,17:18:33,28705,1,0.0000,0.0019,0.1746,5.1350,1.1463,0,0.5740,0,1,36.7752,-39.4993,-21.2594,-14.8049,-15.5592,1.000,0.000,1.000
2026-04-03,17:18:33,28745,1,0.0000,0.0047,0.1781,5.2384,1.1466,0,0.5740,0,1,35.8935,9.2811,-22.0708,-17.8481,-27.5652,1.000,0.000,1.000
2026-04-03,17:18:33,28786,1,-0.2960,-0.1359,0.1529,4.4976,1.1469,0,0.5740,-37,1,36.7813,14.7662,-21.6026,3.4509,-48.7899,1.000,0.000,1.000
2026-04-03,17:18:33,28826,1,-0.2960,-0.3597,0.1718,5.0523,1.1494,0,0.5740,-37,1,36.5687,16.7625,-20.7679,13.7528,-33.6029,0.990,0.000,1.000
2026-04-03,17:18:33,28867,1,-5.4080,-0.3032,0.1785,5.2514,1.1525,0,0.5740,-676,1,37.4621,10.9258,-20.8319,3.2393,-36.3111,0.950,0.000,1.000
2026-04-03,17:18:33,28907,1,-5.4080,-0.7443,0.1542,4.5363,1.1565,0,0.5740,-676,1,36.3456,-7.9384,-20.9725,-1.7027,-37.6791,0.910,0.000,1.000
2026-04-03,17:18:33,28947,1,-5.4080,-1.5164,0.1341,3.9432,1.1664,0,0.5740,-676,1,37.3131,23.0634,-21.1945,-3.8805,-51.9351,0.870,0.000,1.000
2026-04-03,17:18:33,28980,1,-5.4240,-2.1067,0.1281,3.7680,1.1796,0,0.5740,-678,1,37.2862,1.5090,-21.1757,-1.4035,-59.5940,0.840,0.000,1.000
2026-04-03,17:18:33,29020,1,-5.4240,-2.8891,0.1045,3.0743,1.2029,0,0.5740,-678,1,39.3371,56.8628,-21.3713,-4.1335,-50.1415,0.800,0.000,1.000
2026-04-03,17:18:33,29060,1,-5.4240,-3.6352,0.0579,1.7043,1.2315,0,0.5740,-678,1,40.9547,48.4986,-21.9423,-11.2678,-30.0853,0.760,0.000,1.000
2026-04-03,17:18:33,29093,1,-5.4240,-4.1959,0.0468,1.3756,1.2525,0,0.5740,-678,1,41.0726,28.8613,-22.8609,-14.9845,-30.3398,0.740,0.000,1.000
2026-04-03,17:18:33,29134,1,-5.4240,-4.7047,0.0525,1.5448,1.3011,0,0.5740,-678,1,41.0818,2.0560,-23.4806,-14.2559,-47.5446,0.700,0.000,1.000
2026-04-03,17:18:33,29175,1,-5.4160,-4.7949,0.0634,1.8646,1.3426,0,0.5740,-677,1,41.6184,13.6932,-23.9468,-11.2187,-61.8405,0.660,0.000,1.000
2026-04-03,17:18:33,29215,1,-5.4160,-5.5959,0.0937,2.7553,1.3889,0,0.5740,-677,1,43.6128,52.0301,-23.9451,-3.2616,-66.1722,0.620,0.000,1.000
2026-04-03,17:18:33,29255,1,-5.4160,-5.5202,0.0985,2.8974,1.4359,0,0.5740,-677,1,45.3846,49.0272,-24.4749,-9.6537,-71.0690,0.580,0.000,1.000
2026-04-03,17:18:33,29288,1,-5.4000,-5.4499,0.1054,3.1008,1.4726,0,0.5740,-675,1,46.8483,49.9276,-25.2745,-17.3452,-65.1998,0.550,0.000,1.000
2026-04-03,17:18:33,29328,1,-5.4000,-5.3099,0.0853,2.5100,1.5203,0,0.5740,-675,1,49.9853,66.5510,-26.2380,-20.8601,-71.4614,0.510,0.000,1.000
2026-04-03,17:18:33,29368,1,-5.4000,-5.3439,0.0807,2.3737,1.5661,0,0.5740,-675,1,50.2832,11.8738,-27.0895,-19.6002,-89.5585,0.470,0.000,1.000
2026-04-03,17:18:33,29401,1,-5.3840,-5.5090,0.1045,3.0746,1.6045,0,0.5740,-673,1,50.3763,2.2762,-27.4911,-14.2029,-93.9607,0.440,0.000,1.000
2026-04-03,17:18:33,29441,1,-5.3840,-5.6062,0.1328,3.9063,1.6518,0,0.5740,-673,1,50.5624,5.8928,-27.7955,-9.0717,-94.4271,0.400,0.000,1.000
2026-04-03,17:18:33,29482,1,-5.3840,-5.4580,0.1420,4.1757,1.6988,0,0.5740,-673,1,50.4761,-2.2580,-27.9417,-4.6338,-107.7867,0.360,0.000,1.000
2026-04-03,17:18:33,29522,1,-5.3840,-5.3217,0.1221,3.5912,1.7463,0,0.5740,-673,1,50.8873,11.1124,-27.9768,-1.7164,-99.6135,0.320,0.000,1.000
2026-04-03,17:18:34,29562,1,-5.3840,-5.3827,0.1220,3.5896,1.7918,0,0.5740,-673,1,51.2002,4.4964,-27.9990,-0.4064,-98.6911,0.280,0.000,1.000
2026-04-03,17:18:34,29604,1,-5.3680,-5.4828,0.1478,4.3463,1.8406,0,0.5740,-671,1,51.6122,8.3829,-27.8486,3.1300,-96.8542,0.240,0.000,1.000
2026-04-03,17:18:34,29644,1,-5.3680,-5.4072,0.1558,4.5820,1.8875,0,0.5740,-671,1,50.8643,-17.3492,-27.7868,1.6317,-83.2929,0.200,0.000,1.000
2026-04-03,17:18:34,29685,1,-5.3440,-5.3142,0.1527,4.4915,1.9337,0,0.5740,-668,1,50.9661,1.2720,-28.0965,-3.3437,-64.4135,0.160,0.000,1.000
2026-04-03,17:18:34,29727,1,-5.3440,-5.1324,0.1184,3.4818,1.9819,0,0.5740,-668,1,51.4509,16.9658,-27.9044,2.9601,-80.9917,0.120,0.000,1.000
2026-04-03,17:18:34,29767,1,-5.3440,-5.4044,0.1468,4.3175,2.0274,0,0.5740,-668,1,50.9656,-16.7511,-27.7304,3.9063,-74.7915,0.080,0.000,1.000
2026-04-03,17:18:34,29809,1,-5.3440,-5.4033,0.1447,4.2570,2.0755,0,0.5740,-668,1,50.3209,-6.6506,-27.7668,1.7799,-83.4121,0.130,0.000,1.000
2026-04-03,17:18:34,29849,1,-5.3440,-5.3226,0.1378,4.0525,2.1212,0,0.5740,-668,1,51.1356,16.8217,-27.5855,3.4348,-57.7254,0.120,0.000,1.000
2026-04-03,17:18:34,29890,1,-3.2080,-5.3498,0.1379,4.0561,2.1666,0,0.5740,-401,1,51.7068,16.0504,-27.6544,-0.3726,-48.7317,0.080,0.000,1.000
2026-04-03,17:18:34,29931,1,-3.2080,-4.8779,0.1551,4.5611,2.2132,0,0.5740,-401,1,52.0960,10.6780,-28.0258,-5.5069,-55.5455,0.040,0.000,1.000
2026-04-03,17:18:34,29971,1,-3.2080,-4.0304,0.1593,4.6859,2.2505,0,0.5740,-401,1,51.5729,-7.2355,-27.6724,4.6139,-52.5282,0.000,0.000,1.000
2026-04-03,17:18:34,30004,1,0.0000,-3.5737,0.1860,5.4701,2.2754,0,0.5740,0,1,51.6202,2.0707,-27.4181,6.3662,-59.4588,0.000,0.000,1.000
2026-04-03,17:18:34,30044,1,0.0000,-2.7914,0.2289,6.7331,2.3031,0,0.5740,0,1,52.2184,20.7571,-27.2675,4.5651,-57.8452,0.000,0.000,1.000
2026-04-03,17:18:34,30084,1,0.0000,-1.6986,0.2036,5.9871,2.3210,0,0.5740,0,1,52.8037,22.5324,-27.2459,1.3958,-56.1572,0.000,0.000,1.000
2026-04-03,17:18:34,30117,1,0.0000,-1.1434,0.2023,5.9486,2.3300,0,0.5740,0,1,53.2457,11.4500,-27.1750,2.3363,-69.7780,0.000,0.000,1.000
2026-04-03,17:18:34,30158,1,0.0000,-0.4312,0.2386,7.0167,2.3365,0,0.5740,0,1,51.7705,-26.1346,-26.9223,4.5713,-79.0066,0.000,0.000,1.000
2026-04-03,17:18:34,30199,1,0.0000,-0.0086,0.2189,6.4372,2.3368,0,0.5740,0,1,53.2465,23.5011,-26.8915,2.0187,-73.1694,0.000,0.000,1.000
2026-04-03,17:18:34,30240,1,0.0000,0.0499,0.2049,6.0271,2.3365,0,0.5740,0,1,53.0190,0.9229,-27.0361,0.2085,-74.9984,0.000,0.000,1.000
2026-04-03,17:18:34,30280,1,0.0000,0.0018,0.2091,6.1486,2.3363,0,0.5740,0,1,52.9281,19.6403,-26.8925,3.0948,-90.0451,0.000,0.000,1.000
2026-04-03,17:18:34,30322,1,0.0000,0.0306,0.2028,5.9642,2.3362,0,0.5740,0,1,53.8447,18.5046,-26.6953,4.4599,-76.6057,0.000,0.000,1.000
2026-04-03,17:18:34,30362,1,0.0000,-0.0065,0.2031,5.9739,2.3361,0,0.5740,0,1,54.0680,18.5143,-26.6382,2.8579,-85.6031,0.000,0.000,1.000
2026-04-03,17:18:34,30402,1,0.0000,0.0132,0.2001,5.8850,2.3359,0,0.5740,0,1,55.0081,13.1315,-26.6788,0.4360,-73.8387,0.000,0.000,1.000
2026-04-03,17:18:34,30436,1,0.0000,-0.0403,0.2074,6.0993,2.3361,0,0.5740,0,1,54.9367,13.9765,-26.7722,-0.5067,-82.2220,0.000,0.000,1.000
2026-04-03,17:18:34,30476,1,0.0000,0.0016,0.2071,6.0897,2.3362,0,0.5740,0,1,56.4374,32.3391,-26.7303,1.4984,-97.3203,0.000,0.000,1.000
2026-04-03,17:18:34,30516,1,0.0000,0.0240,0.2013,5.9216,2.3360,0,0.5740,0,1,57.1965,18.1538,-26.5212,4.4304,-103.4343,0.000,0.000,1.000
2026-04-03,17:18:35,30557,1,0.0000,0.0009,0.2021,5.9435,2.3359,0,0.5740,0,1,57.7962,18.8289,-26.6228,0.2423,-76.0790,0.000,0.000,1.000
2026-04-03,17:18:35,30597,1,0.0000,-0.0297,0.2050,6.0309,2.3360,0,0.5740,0,0,58.4778,23.6272,-27.0376,-5.8315,-60.8570,0.000,0.000,1.000
2026-04-03,17:18:35,30639,1,0.0000,0.0532,0.1942,5.7126,2.3358,0,0.5740,0,0,59.4677,25.0329,-27.3455,-5.1650,-79.8368,0.000,0.000,1.000
2026-04-03,17:18:35,30679,1,0.0000,0.1419,0.1635,4.8077,2.3346,0,0.5740,0,0,60.8818,23.0557,-26.8232,7.7900,-94.8837,0.000,0.000,1.000
2026-04-03,17:18:35,30720,1,0.0000,-0.0854,0.1863,5.4806,2.3347,0,0.5740,0,0,61.2512,11.3722,-26.6592,5.2347,-62.9182,0.000,0.000,1.000
2026-04-03,17:18:35,30761,1,0.0000,-0.1065,0.2107,6.1966,2.3359,0,0.5740,0,0,62.1317,28.8599,-26.9438,-0.3544,-69.3436,0.000,0.000,1.000
2026-04-03,17:18:35,30801,1,0.0000,0.0676,0.1945,5.7197,2.3358,0,0.5740,0,0,63.9881,37.6680,-25.9718,17.8959,-84.3130,0.000,0.000,1.000
2026-04-03,17:18:35,30842,1,0.0000,-0.0300,0.1983,5.8336,2.3356,0,0.5740,0,0,63.5998,-3.5088,-25.1967,17.7188,-46.4246,0.000,0.000,1.000
2026-04-03,17:18:35,30882,1,0.0000,-0.0148,0.2038,5.9928,2.3360,0,0.5740,0,0,64.7619,39.3302,-25.2687,6.4223,-42.2825,0.000,0.000,1.000
2026-04-03,17:18:35,30922,1,0.0000,0.0002,0.2050,6.0299,2.3360,0,0.5740,0,0,64.1755,-17.7087,-24.5862,15.3978,-62.1664,0.000,0.000,1.000
2026-04-03,17:18:35,30963,1,0.0000,0.0045,0.2009,5.9088,2.3359,0,0.5740,0,0,64.0552,1.1955,-24.0150,13.4479,-39.8207,0.000,0.000,1.000
2026-04-03,17:18:35,31003,1,0.0000,-0.0426,0.2074,6.0993,2.3361,0,0.5740,0,0,63.4808,-23.0673,-24.3874,-1.4841,-16.7268,0.020,0.000,1.000
2026-04-03,17:18:35,31044,1,0.0000,0.0186,0.1999,5.8781,2.3359,0,0.5740,0,0,63.9045,7.6863,-24.3505,2.0248,-40.9098,0.010,0.000,1.000
2026-04-03,17:18:35,31084,1,0.0000,0.0175,0.1953,5.7450,2.3357,0,0.5740,0,0,63.4087,-17.1133,-23.7622,10.7342,-48.0630,0.020,0.000,1.000
2026-04-03,17:18:35,31124,1,0.0000,-0.0429,0.2085,6.1321,2.3360,0,0.5740,0,0,62.4894,-24.8011,-23.8951,1.8239,-30.5861,0.100,0.000,1.000
2026-04-03,17:18:35,31165,1,0.0000,-0.0332,0.2130,6.2654,2.3363,0,0.5740,0,0,62.0354,-16.5981,-23.8970,2.4184,-53.7740,0.180,0.000,1.000
2026-04-03,17:18:35,31205,1,0.0000,0.0106,0.2064,6.0717,2.3362,0,0.5740,0,0,61.8642,-6.7517,-23.3762,10.4664,-65.7177,0.260,0.000,1.000
2026-04-03,17:18:35,31246,1,0.0000,0.0053,0.2044,6.0123,2.3361,0,0.5740,0,0,61.4080,-12.5874,-23.3973,3.0895,-31.3738,0.340,0.000,1.000
2026-04-03,17:18:35,31286,1,0.0000,-0.0493,0.2184,6.4231,2.3365,0,0.5740,0,0,60.9318,-10.7405,-23.7957,-3.9259,-22.6952,0.420,0.000,1.000
2026-04-03,17:18:35,31326,1,0.0000,-0.0447,0.2237,6.5802,2.3369,0,0.5740,0,0,60.8661,-6.9488,-23.2295,10.4515,-46.0148,0.500,0.000,1.000
2026-04-03,17:18:35,31366,1,0.0000,0.0617,0.2124,6.2466,2.3368,0,0.5740,0,0,59.9239,-26.6936,-22.1243,21.8764,-38.5608,0.580,0.000,1.000
2026-04-03,17:18:35,31406,1,0.0000,-0.0008,0.2110,6.2044,2.3364,0,0.5740,0,0,59.2176,-18.3574,-22.2716,4.9517,-8.9563,0.660,0.000,1.000
2026-04-03,17:18:35,31450,1,0.0000,-0.0650,0.2259,6.6448,2.3369,0,0.5740,0,0,59.2506,-7.5251,-22.8965,2.5811,-23.3423,0.720,0.000,1.000
2026-04-03,17:18:35,31490,1,0.0000,0.0926,0.2036,5.9885,2.3365,0,0.5740,0,0,58.9841,-6.6704,-21.8266,18.5592,-20.6713,0.800,0.000,1.000
2026-04-03,17:18:35,31530,1,0.0000,-0.0132,0.2015,5.9262,2.3359,0,0.5740,0,0,59.0919,1.8379,-21.8066,6.1943,-1.1386,0.880,0.000,1.000
2026-04-03,17:18:36,31570,1,0.0000,-0.0126,0.2036,5.9872,2.3360,0,0.5740,0,0,58.9233,-10.7699,-21.4784,11.2004,-28.4543,0.900,0.000,1.000
2026-04-03,17:18:36,31610,1,0.0000,-0.0277,0.2101,6.1807,2.3362,0,0.5740,0,0,58.5767,-10.1782,-19.8500,32.4999,-50.2271,0.980,0.000,1.000
2026-04-03,17:18:36,31650,1,0.0000,0.0263,0.2059,6.0547,2.3362,0,0.5740,0,0,58.9513,-1.6168,-18.4376,34.0395,-29.9599,0.970,0.000,1.000
2026-04-03,17:18:36,31691,1,0.0000,0.0095,0.2039,5.9958,2.3362,0,0.5740,0,0,58.9871,6.7919,-18.1573,16.1814,-0.8531,0.930,0.000,1.000
2026-04-03,17:18:36,31731,1,0.0000,-0.0375,0.2169,6.3806,2.3365,0,0.5740,0,0,58.7023,-20.0283,-17.5919,18.6075,-27.2493,0.890,0.000,1.000
2026-04-03,17:18:36,31772,1,0.0000,0.0459,0.2048,6.0249,2.3363,0,0.5740,0,0,57.9519,-16.1332,-16.3459,25.9541,-15.6690,0.970,0.000,1.000
2026-04-03,17:18:36,31812,1,0.0000,-0.0394,0.2195,6.4560,2.3367,0,0.5740,0,0,57.4233,-19.6478,-16.7159,2.0223,3.7514,1.000,0.000,1.000
2026-04-03,17:18:36,31852,1,0.0000,0.0068,0.2226,6.5475,2.3371,0,0.5740,0,0,55.9429,-48.0768,-16.5141,7.7636,-23.2280,1.000,0.000,1.000
2026-04-03,17:18:36,31893,1,0.0000,0.0432,0.2106,6.1955,2.3367,0,0.5740,0,0,54.3901,-39.7752,-15.6328,16.5393,-6.1523,1.000,0.000,1.000
2026-04-03,17:18:36,31934,1,3.3840,-0.0323,0.2180,6.4131,2.3366,0,0.5740,423,1,53.4826,-22.0890,-15.9229,0.9025,12.5250,1.000,0.000,1.000
2026-04-03,17:18:36,31967,1,3.3840,0.1832,0.2513,7.3898,2.3362,0,0.5740,423,1,52.2748,-39.5050,-15.8863,3.2726,-9.6455,1.000,0.000,1.000
2026-04-03,17:18:36,32007,1,3.3840,0.7525,0.3362,9.8871,2.3322,0,0.5740,423,1,51.0511,-33.5196,-14.8653,19.2304,-14.1291,1.000,0.000,1.000
2026-04-03,17:18:36,32049,1,3.9200,2.1120,0.2760,8.1170,2.3169,0,0.5740,490,1,48.4346,-65.8260,-15.0212,3.0820,13.0728,1.000,0.000,1.000
2026-04-03,17:18:36,32091,1,3.9200,2.6720,0.3106,9.1363,2.2945,0,0.5740,490,1,47.8776,-5.9089,-15.0894,3.7239,-2.8925,1.000,0.000,1.000
2026-04-03,17:18:36,32131,1,3.9200,3.6109,0.2983,8.7726,2.2664,0,0.5740,490,1,46.7797,-44.7523,-14.1185,19.3041,-2.2513,1.000,0.000,1.000
2026-04-03,17:18:36,32176,1,3.9200,3.9163,0.2919,8.5842,2.2320,0,0.5740,490,1,43.9478,-60.9116,-13.3023,21.8909,-13.8849,1.000,0.000,1.000
2026-04-03,17:18:36,32216,1,3.9200,3.9766,0.2809,8.2628,2.1953,0,0.5740,490,1,42.4940,-41.4947,-12.4643,23.6370,-31.8822,1.000,0.000,1.000
2026-04-03,17:18:36,32256,1,3.9200,3.9408,0.2865,8.4257,2.1613,0,0.5740,490,1,41.2231,-34.8001,-11.2951,29.1622,-47.5754,1.000,0.000,1.000
2026-04-03,17:18:36,32296,1,3.9200,3.9608,0.2708,7.9643,2.1271,0,0.5740,490,1,39.6925,-40.4843,-9.5364,41.5632,-60.2062,1.000,0.000,1.000
2026-04-03,17:18:36,32336,1,3.9200,3.9904,0.2528,7.4365,2.0935,0,0.5740,490,0,38.4638,-35.4924,-7.9730,41.9465,-52.5066,1.000,0.000,1.000
2026-04-03,17:18:36,32377,1,3.9200,4.1091,0.2394,7.0412,2.0594,0,0.5740,490,0,36.8006,-44.6724,-5.5086,55.1310,-63.6713,1.000,0.000,1.000
2026-04-03,17:18:36,32417,1,3.9200,3.9311,0.2369,6.9680,2.0239,0,0.5740,490,0,35.4726,-31.5324,-3.9085,45.3545,-55.4294,1.000,0.000,1.000
2026-04-03,17:18:36,32457,1,3.9200,3.8500,0.2448,7.2011,1.9905,0,0.5740,490,0,33.7641,-45.7483,-1.8921,51.2367,-72.8986,1.000,0.000,1.000
2026-04-03,17:18:36,32498,1,3.9200,3.8669,0.2462,7.2412,1.9566,0,0.5740,490,0,32.6518,-23.2976,-0.0908,46.3180,-87.5990,1.000,0.000,1.000
2026-04-03,17:18:37,32538,1,3.9200,3.9986,0.2378,6.9939,1.9228,0,0.5740,490,0,31.4448,-30.2731,0.9749,32.7478,-93.6337,1.000,0.000,1.000
2026-04-03,17:18:37,32578,1,3.9200,4.1169,0.2069,6.0849,1.8883,0,0.5740,490,0,31.5825,6.5286,2.0958,28.3587,-97.8861,1.000,0.000,1.000
2026-04-03,17:18:37,32620,1,3.9200,3.9330,0.2160,6.3539,1.8523,0,0.5740,490,0,30.1438,-1.5417,3.2261,22.5367,-88.6529,1.000,0.000,1.000
2026-04-03,17:18:37,32660,1,3.9200,3.8043,0.2393,7.0373,1.8198,0,0.5740,490,0,30.9571,22.5947,3.3501,8.5691,-98.9674,0.980,0.000,1.000
2026-04-03,17:18:37,32700,1,3.9200,3.8304,0.2508,7.3762,1.7872,0,0.5740,490,0,30.6174,-4.2570,3.7929,7.6339,-106.6378,0.940,0.000,1.000
2026-04-03,17:18:37,32740,1,3.9200,3.8513,0.2678,7.8765,1.7543,0,0.5740,490,0,32.4298,35.4919,3.4844,-8.0075,-80.9887,0.900,0.000,1.000
2026-04-03,17:18:37,32780,1,3.9200,3.9275,0.2605,7.6622,1.7211,0,0.5740,490,0,32.2255,11.1599,2.0754,-30.1355,-65.6155,0.860,0.000,1.000
2026-04-03,17:18:37,32820,1,3.9200,3.8294,0.2831,8.3265,1.6879,0,0.5740,490,0,34.6317,49.6169,0.2104,-44.5693,-65.8919,0.820,0.000,1.000
2026-04-03,17:18:37,32861,1,4.0960,3.7808,0.2961,8.7075,1.6553,0,0.5740,512,1,34.9666,38.3572,-1.1621,-39.3682,-77.9416,0.780,0.000,1.000
2026-04-03,17:18:37,32903,1,4.0880,4.0732,0.3064,9.0111,1.6192,0,0.5740,511,1,36.7011,28.9350,-2.5081,-38.0936,-81.2307,0.740,0.000,1.000
2026-04-03,17:18:37,32936,1,4.0880,4.0936,0.3021,8.8851,1.5913,0,0.5740,511,1,38.0525,47.1497,-3.2109,-31.5071,-67.2972,0.710,0.000,1.000
2026-04-03,17:18:37,32977,1,4.0880,4.2366,0.2665,7.8393,1.5534,0,0.5740,511,1,38.8443,13.9085,-5.2865,-50.4610,-53.8106,0.670,0.000,1.000
2026-04-03,17:18:37,33017,1,4.0880,4.1291,0.2676,7.8714,1.5179,0,0.5740,511,1,41.5237,69.1410,-7.3656,-55.2901,-53.6218,0.630,0.000,1.000
2026-04-03,17:18:37,33057,1,4.0880,4.0732,0.2714,7.9825,1.4830,0,0.5740,511,1,42.9332,39.8417,-9.2020,-54.2198,-26.5834,0.590,0.000,1.000
2026-04-03,17:18:37,33091,1,4.0880,4.0215,0.2821,8.2985,1.4542,0,0.5740,511,1,44.7202,47.6389,-10.3448,-46.0550,-38.6741,0.560,0.000,1.000
2026-04-03,17:18:37,33131,1,4.0880,3.9472,0.3081,9.0631,1.4192,0,0.5740,511,1,46.4675,46.6155,-10.8505,-26.5238,-50.4538,0.520,0.000,1.000
2026-04-03,17:18:37,33174,1,4.0880,4.0449,0.3101,9.1212,1.3835,0,0.5740,511,1,48.8681,65.5837,-10.9765,-14.8431,-22.4176,0.480,0.000,1.000
2026-04-03,17:18:37,33216,1,4.0880,4.1041,0.2846,8.3713,1.3449,0,0.5740,511,1,51.2492,40.3692,-12.2779,-28.0278,-14.7182,0.440,0.000,1.000
2026-04-03,17:18:37,33256,1,4.0880,4.1521,0.2706,7.9586,1.3094,0,0.5740,511,1,55.0299,101.3852,-12.7441,-20.1927,-31.7571,0.400,0.000,1.000
2026-04-03,17:18:37,33290,1,4.0880,4.2759,0.2321,6.8273,1.2792,0,0.5740,511,1,56.8279,44.4236,-12.5845,-8.0802,-23.7856,0.370,0.000,1.000
2026-04-03,17:18:37,33332,1,4.0880,4.1309,0.2496,7.3426,1.2422,0,0.5740,511,1,58.9941,77.4561,-12.8782,-10.1032,2.5482,0.330,0.000,1.000
2026-04-03,17:18:37,33374,1,4.0880,4.2693,0.2316,6.8124,1.2054,0,0.5740,511,1,59.3791,-15.6556,-13.9538,-21.6792,10.4830,0.290,0.000,1.000
2026-04-03,17:18:37,33415,1,4.0880,4.1909,0.2107,6.1957,1.1676,0,0.5740,511,1,61.5401,63.2394,-14.9047,-24.7003,-2.7591,0.250,0.000,1.000
2026-04-03,17:18:37,33455,1,4.0880,4.0961,0.2028,5.9635,1.1315,0,0.5740,511,1,60.6063,-34.3402,-14.6691,-4.9255,-26.5372,0.210,0.000,1.000
2026-04-03,17:18:37,33497,1,4.0880,3.8884,0.2409,7.0854,1.0958,0,0.5740,511,1,61.7415,39.9036,-14.5715,-3.9905,-1.4697,0.170,0.000,1.000
2026-04-03,17:18:38,33537,1,4.0880,3.9373,0.2787,8.1977,1.0627,0,0.5740,511,1,60.8501,-49.9233,-16.2783,-32.1828,17.3487,0.130,0.000,1.000
2026-04-03,17:18:38,33578,1,0.6000,4.2524,0.2426,7.1353,1.0276,0,0.5740,75,1,59.9548,-7.3482,-17.5357,-30.6424,-4.4633,0.210,0.000,1.000
2026-04-03,17:18:38,33618,1,0.6000,3.7732,0.2113,6.2140,0.9922,0,0.5740,75,1,59.2589,-53.4657,-17.9659,-17.6746,-3.2789,0.290,0.000,0.999
2026-04-03,17:18:38,33658,1,0.6000,2.8590,0.2128,6.2595,0.9654,0,0.5740,75,1,58.3356,-25.0504,-18.5789,-18.8658,23.2727,0.370,0.000,0.995
2026-04-03,17:18:38,33699,1,0.0000,2.2614,0.1650,4.8515,0.9442,0,0.5740,0,1,55.9490,-94.3288,-20.2475,-32.4968,25.5396,0.450,0.000,0.991
2026-04-03,17:18:38,33740,1,0.0000,1.4280,0.1151,3.3867,0.9286,0,0.5740,0,1,53.3988,-40.5226,-21.2645,-27.7909,-4.3378,0.530,0.000,0.987
2026-04-03,17:18:38,33775,1,0.0000,0.7139,0.1275,3.7509,0.9237,0,0.5740,0,1,54.6247,-6.2546,-19.8838,-12.1522,-10.7218,0.570,0.000,0.985
2026-04-03,17:18:38,33806,1,0.0000,-0.0953,0.1597,4.6965,0.9224,0,0.5740,0,1,50.1680,-133.8808,-19.2101,2.6088,-2.3082,0.630,0.000,0.982
2026-04-03,17:18:38,33848,1,0.0000,0.0073,0.1505,4.4258,0.9225,0,0.5740,0,1,43.1767,-166.2012,-20.5829,-25.2896,16.3318,0.710,0.000,0.978
2026-04-03,17:18:38,33890,1,0.0000,0.2559,0.1029,3.0266,0.9213,0,0.5740,0,1,37.0173,-150.8790,-23.2810,-50.6727,12.5670,0.790,0.000,0.974
2026-04-03,17:18:38,33931,1,0.0000,0.1443,0.0781,2.2975,0.9193,0,0.5740,0,1,32.1519,-125.8368,-25.5512,-53.6407,-9.5924,0.870,0.000,0.970
2026-04-03,17:18:38,33971,1,0.0000,0.0018,0.0914,2.6893,0.9193,0,0.5740,0,1,27.3446,-124.3997,-26.9208,-38.7386,-33.9284,0.950,0.000,0.966
2026-04-03,17:18:38,34014,1,0.0000,-0.0998,0.1067,3.1392,0.9195,0,0.5740,0,1,23.5710,-94.8138,-26.2442,-2.8283,-54.8861,1.000,0.000,0.962
2026-04-03,17:18:38,34054,1,0.0000,-0.2087,0.1439,4.2309,0.9211,0,0.5740,0,1,20.2806,-84.9813,-25.9150,0.7696,-26.6290,1.000,0.000,0.958
2026-04-03,17:18:38,34094,1,0.0000,-0.0163,0.1467,4.3157,0.9222,0,0.5740,0,1,17.1469,-84.8526,-27.0031,-18.1588,-17.2954,1.000,0.000,0.954
2026-04-03,17:18:38,34134,1,0.0000,0.0280,0.1418,4.1699,0.9221,0,0.5740,0,1,14.9552,-58.4357,-27.3363,-10.8680,-13.3844,1.000,0.000,0.950
2026-04-03,17:18:38,34175,1,0.0000,0.0161,0.1380,4.0583,0.9219,0,0.5740,0,1,12.7837,-53.1818,-27.4351,-5.0241,-31.7765,1.000,0.000,0.946
2026-04-03,17:18:38,34218,1,0.0000,0.0230,0.1359,3.9981,0.9218,0,0.5740,0,1,11.0291,-41.1541,-27.0573,4.0277,-53.7189,1.000,0.000,0.942
2026-04-03,17:18:38,34258,1,0.0000,-0.0004,0.1368,4.0242,0.9217,0,0.5740,0,1,9.6278,-34.6990,-26.7295,6.8115,-72.5306,1.000,0.000,0.938
2026-04-03,17:18:38,34298,1,0.0000,0.0060,0.1332,3.9181,0.9215,0,0.5740,0,0,8.2788,-37.7279,-26.7646,1.6975,-62.7855,1.000,0.000,0.934
2026-04-03,17:18:38,34338,1,0.0000,0.0230,0.1264,3.7165,0.9213,0,0.5740,0,0,7.1057,-31.7724,-26.7468,-0.0041,-52.4336,1.000,0.000,0.930
2026-04-03,17:18:38,34378,1,0.0000,0.0223,0.1239,3.6445,0.9212,0,0.5740,0,0,6.2812,-20.9359,-26.7375,1.1340,-71.1726,1.000,0.000,0.926
2026-04-03,17:18:38,34418,1,0.0000,-0.0011,0.1236,3.6356,0.9210,0,0.5740,0,0,5.5150,-20.7965,-26.2095,9.6787,-79.9183,1.000,0.000,0.922
2026-04-03,17:18:38,34458,1,0.0000,0.0067,0.1226,3.6059,0.9211,0,0.5740,0,0,4.7527,-19.7709,-26.1354,3.6912,-69.2454,1.000,0.000,0.918
2026-04-03,17:18:38,34498,1,0.0000,0.0387,0.1179,3.4675,0.9210,0,0.5740,0,0,4.1792,-14.7686,-25.9861,3.2506,-51.2147,1.000,0.000,0.914
2026-04-03,17:18:38,34532,1,0.0000,0.1336,0.0994,2.9250,0.9204,0,0.5740,0,0,3.7640,-12.1306,-26.1938,-2.0763,-48.6868,1.000,0.000,0.911
2026-04-03,17:18:39,34572,1,0.0000,0.0138,0.0965,2.8386,0.9197,0,0.5740,0,0,3.3946,-10.6910,-26.2598,-1.4000,-67.9982,1.000,0.000,0.907
2026-04-03,17:18:39,34612,1,0.0000,-0.0114,0.0990,2.9132,0.9197,0,0.5740,0,0,3.0496,-10.0158,-26.1388,1.7066,-84.3233,1.000,0.000,0.903
2026-04-03,17:18:39,34652,1,0.0000,-0.0574,0.1113,3.2732,0.9201,0,0.5740,0,0,2.8909,-3.8467,-26.4725,-7.1032,-58.6445,1.000,0.000,0.899
2026-04-03,17:18:39,34692,1,0.0000,-0.0226,0.1169,3.4395,0.9205,0,0.5740,0,0,2.4859,-8.2152,-26.8425,-8.3183,-62.3074,1.000,0.000,0.895
2026-04-03,17:18:39,34733,1,0.0000,0.0042,0.1136,3.3398,0.9205,0,0.5740,0,0,2.2174,-6.9120,-27.0543,-5.8106,-73.5023,1.000,0.000,0.891
2026-04-03,17:18:39,34774,1,0.0000,-0.0107,0.1157,3.4019,0.9206,0,0.5740,0,0,1.9859,-7.1590,-26.9613,-0.8364,-75.6599,1.000,0.000,0.887
2026-04-03,17:18:39,34814,1,0.0000,0.0065,0.1154,3.3953,0.9206,0,0.5740,0,0,2.0198,4.7257,-26.7226,3.5465,-69.9435,1.000,0.000,0.883
2026-04-03,17:18:39,34855,1,0.0000,-0.0239,0.1204,3.5408,0.9207,0,0.5740,0,0,1.8501,-2.6879,-26.6576,3.1063,-73.5089,0.980,0.000,0.879
2026-04-03,17:18:39,34895,1,0.0000,-0.0092,0.1237,3.6396,0.9209,0,0.5740,0,0,1.5165,-11.4375,-26.3317,5.6904,-61.5416,0.970,0.000,0.875
2026-04-03,17:18:39,34937,1,0.0000,-0.0091,0.1231,3.6196,0.9209,0,0.5740,0,0,1.6282,1.4622,-26.2333,4.0684,-78.9891,0.930,0.000,0.871
2026-04-03,17:18:39,34970,1,0.0000,-0.0128,0.1239,3.6440,0.9210,0,0.5740,0,0,1.6844,2.1792,-26.0929,4.1356,-83.0389,0.910,0.000,0.869
2026-04-03,17:18:39,35010,1,0.0000,0.0052,0.1239,3.6427,0.9210,0,0.5740,0,0,1.6436,-1.0008,-26.0505,1.7347,-84.4770,0.870,0.000,0.865
2026-04-03,17:18:39,35050,1,0.0000,-0.0386,0.1276,3.7524,0.9211,0,0.5740,0,0,1.5428,-1.4696,-26.0294,1.0689,-98.6059,0.830,0.000,0.861
2026-04-03,17:18:39,35090,1,0.0000,-0.0018,0.1276,3.7536,0.9212,0,0.5740,0,0,1.4642,-3.2435,-26.0047,1.1245,-97.4451,0.790,0.000,0.857
2026-04-03,17:18:39,35130,1,0.0000,-0.0037,0.1280,3.7638,0.9212,0,0.5740,0,0,1.4027,-0.2261,-25.8466,2.7976,-96.3438,0.750,0.000,0.853
2026-04-03,17:18:39,35171,1,0.0000,0.0535,0.1165,3.4255,0.9209,0,0.5740,0,0,1.3043,-1.7212,-25.9592,-1.5759,-89.5203,0.710,0.000,0.849
2026-04-03,17:18:39,35211,1,0.0000,0.0707,0.1071,3.1498,0.9205,0,0.5740,0,0,1.2408,-2.8959,-25.8148,2.6253,-102.6361,0.670,0.000,0.845
2026-04-03,17:18:39,35252,1,0.0000,0.0259,0.1026,3.0166,0.9200,0,0.5740,0,0,1.1766,-2.3257,-25.8927,-1.4416,-87.4456,0.630,0.000,0.841
2026-04-03,17:18:39,35292,1,0.0000,0.0085,0.1001,2.9435,0.9199,0,0.5740,0,0,1.3117,3.2004,-26.2007,-5.0376,-100.9562,0.590,0.000,0.837
2026-04-03,17:18:39,35333,1,0.0000,-0.0059,0.1054,3.0995,0.9200,0,0.5740,0,0,1.3141,2.9282,-26.3862,-5.2773,-105.4627,0.550,0.000,0.833
2026-04-03,17:18:39,35374,1,0.0000,0.0001,0.1092,3.2131,0.9203,0,0.5740,0,0,1.1444,-2.0210,-26.8361,-9.7045,-97.3586,0.510,0.000,0.829
2026-04-03,17:18:39,35414,1,0.0000,-0.0032,0.1095,3.2215,0.9203,0,0.5740,0,0,1.0455,-8.4892,-27.2429,-10.2065,-83.4119,0.470,0.000,0.825
2026-04-03,17:18:39,35454,1,0.0000,-0.0027,0.1086,3.1943,0.9202,0,0.5740,0,0,1.2285,2.8493,-27.3146,-4.0412,-97.5869,0.430,0.000,0.821
2026-04-03,17:18:39,35494,1,0.0000,0.0069,0.1083,3.1864,0.9202,0,0.5740,0,0,1.1935,2.4036,-27.3614,-2.2887,-103.4763,0.390,0.000,0.817
2026-04-03,17:18:39,35534,1,0.0000,0.0182,0.1061,3.1214,0.9202,0,0.5740,0,0,1.1372,0.7998,-27.3972,-1.7390,-107.9391,0.350,0.000,0.813
2026-04-03,17:18:40,35575,1,0.0000,0.0518,0.0963,2.8322,0.9199,0,0.5740,0,0,1.0547,-0.0093,-27.3159,0.6201,-111.4973,0.310,0.000,0.809
2026-04-03,17:18:40,35615,1,0.0000,0.0329,0.0942,2.7718,0.9196,0,0.5740,0,0,1.1168,3.2368,-27.4127,-1.3756,-121.6231,0.270,0.000,0.805
2026-04-03,17:18:40,35659,1,0.0000,0.0301,0.0925,2.7193,0.9195,0,0.5740,0,0,1.1635,3.0468,-27.7321,-5.8449,-125.0775,0.230,0.000,0.801
2026-04-03,17:18:40,35699,1,0.0000,-0.0156,0.0954,2.8054,0.9194,0,0.5740,0,0,1.0622,-4.1950,-27.8908,-4.8898,-126.0031,0.190,0.000,0.797
2026-04-03,17:18:40,35739,1,0.0000,-0.0108,0.0982,2.8885,0.9196,0,0.5740,0,0,1.0767,-2.5433,-27.8966,-1.3694,-133.7476,0.150,0.000,0.793
2026-04-03,17:18:40,35779,1,0.0000,-0.0162,0.1021,3.0017,0.9198,0,0.5740,0,0,1.1042,-2.2486,-28.0182,-3.4647,-101.3748,0.110,0.000,0.789
2026-04-03,17:18:40,35819,1,0.0000,-0.0006,0.1014,2.9810,0.9199,0,0.5740,0,0,1.1379,0.1793,-28.2226,-3.7881,-112.8897,0.070,0.000,0.785
2026-04-03,17:18:40,35860,1,0.0000,0.0028,0.1010,2.9715,0.9199,0,0.5740,0,0,1.1329,1.5215,-28.3613,-4.2060,-89.1153,0.030,0.000,0.781
2026-04-03,17:18:40,35900,1,0.0000,-0.0031,0.1014,2.9813,0.9199,0,0.5740,0,0,1.1074,1.4977,-28.4114,-1.4394,-102.3437,0.000,0.000,0.777
2026-04-03,17:18:40,35940,1,0.0000,0.0332,0.0947,2.7844,0.9197,0,0.5740,0,0,0.9865,-3.2513,-28.4668,-1.9675,-94.7440,0.000,0.000,0.773
2026-04-03,17:18:40,35981,1,0.0000,0.0249,0.0928,2.7280,0.9195,0,0.5740,0,0,1.0357,-0.0392,-28.6779,-4.6878,-87.1371,0.000,0.000,0.769
2026-04-03,17:18:40,36021,1,0.0000,0.0010,0.0909,2.6721,0.9194,0,0.5740,0,0,1.0682,0.6042,-28.8939,-5.1750,-93.6214,0.000,0.000,0.765
2026-04-03,17:18:40,36062,1,0.0000,0.0139,0.0916,2.6931,0.9193,0,0.5740,0,0,1.0783,0.8006,-29.0858,-4.8906,-106.3729,0.000,0.000,0.761
2026-04-03,17:18:40,36103,1,0.0000,0.0048,0.0912,2.6833,0.9194,0,0.5740,0,0,0.9287,-4.7790,-29.3613,-6.1316,-98.2084,0.000,0.000,0.757
2026-04-03,17:18:40,36143,1,0.0000,0.0125,0.0890,2.6184,0.9192,0,0.5740,0,0,1.0015,2.1257,-29.5114,-4.8953,-82.4474,0.000,0.000,0.753
2026-04-03,17:18:40,36185,1,0.0000,0.0283,0.0842,2.4751,0.9191,0,0.5740,0,0,1.0204,-0.6583,-29.7085,-4.4625,-89.8412,0.000,0.000,0.750
2026-04-03,17:18:40,36225,1,0.0000,0.0183,0.0806,2.3709,0.9189,0,0.5740,0,0,1.0956,2.4337,-29.7408,-2.6818,-75.3807,0.000,0.000,0.746
2026-04-03,17:18:40,36266,1,0.0000,-0.0357,0.0900,2.6458,0.9190,0,0.5740,0,0,1.1115,1.3071,-29.9502,-4.0693,-90.7303,0.000,0.000,0.742
2026-04-03,17:18:40,36306,1,0.0000,-0.0921,0.1069,3.1444,0.9196,0,0.5740,0,0,1.1791,0.5363,-30.0479,-3.7012,-77.2622,0.000,0.000,0.738
2026-04-03,17:18:40,36346,1,0.0000,-0.0584,0.1116,3.2815,0.9201,0,0.5740,0,0,1.1783,-0.6317,-30.0754,-1.7489,-64.6368,0.000,0.000,0.734
2026-04-03,17:18:40,36386,1,0.0000,0.0031,0.1087,3.1977,0.9203,0,0.5740,0,0,1.1028,-0.1788,-29.8978,3.3972,-81.5676,0.000,0.000,0.730
2026-04-03,17:18:40,36426,1,0.0000,-0.0082,0.1112,3.2698,0.9203,0,0.5740,0,0,1.1696,4.0560,-29.5938,5.6575,-63.8088,0.000,0.000,0.726
2026-04-03,17:18:40,36467,1,0.0000,0.0487,0.1001,2.9432,0.9201,0,0.5740,0,0,1.1998,3.7092,-29.2561,8.0492,-80.9496,0.000,0.000,0.722
2026-04-03,17:18:40,36507,1,0.0000,0.0333,0.0972,2.8598,0.9198,0,0.5740,0,0,1.0829,-2.1574,-28.9392,7.9136,-89.1485,0.000,0.000,0.718
2026-04-03,17:18:41,36548,1,2.6800,0.0403,0.0868,2.5519,0.9194,0,0.5740,335,1,1.0752,-1.9515,-28.7826,5.1153,-102.6187,0.000,0.000,0.714
2026-04-03,17:18:41,36590,1,3.9920,0.5621,0.1009,2.9675,0.9173,0,0.5740,499,1,1.0707,-2.9966,-28.8223,1.0552,-114.0903,0.000,0.000,0.710
2026-04-03,17:18:41,36623,1,4.0960,1.0944,0.1253,3.6863,0.9115,0,0.5740,512,1,1.0330,-2.7059,-28.9630,-1.6762,-121.4556,0.000,0.000,0.707
2026-04-03,17:18:41,36664,1,4.0880,1.7861,0.1490,4.3815,0.8968,0,0.5740,511,1,1.1417,4.4672,-29.3902,-7.4450,-110.7507,0.000,0.000,0.703
2026-04-03,17:18:41,36704,1,4.0880,2.6901,0.1617,4.7554,0.8766,0,0.5740,511,1,1.2683,11.3808,-29.2417,0.6006,-120.6825,0.000,0.000,0.699
2026-04-03,17:18:41,36744,1,4.0880,3.4543,0.2049,6.0271,0.8499,0,0.5740,511,1,1.2485,4.2850,-29.2650,-1.4708,-82.9945,0.000,0.000,0.695
2026-04-03,17:18:41,36786,1,1.7280,3.6992,0.1842,5.4185,0.8155,0,0.5740,216,1,1.0389,-10.2818,-30.3177,-17.4868,-84.8371,0.000,0.000,0.691
2026-04-03,17:18:41,36826,1,1.7280,3.2279,0.1235,3.6317,0.7862,0,0.5740,216,1,0.6414,-0.0853,-31.0869,-18.6078,-85.1079,0.040,0.000,0.687
2026-04-03,17:18:41,36867,1,0.0000,2.4014,0.0792,2.3293,0.7619,0,0.5740,0,1,0.7506,1.8127,-32.4185,-27.6825,-66.4907,0.000,0.000,0.683
2026-04-03,17:18:41,36907,1,0.0000,1.4667,0.0569,1.6742,0.7460,0,0.5740,0,1,0.7157,1.9102,-33.1800,-20.4685,-82.9201,0.000,0.000,0.679
2026-04-03,17:18:41,36947,1,0.0000,0.6840,0.0396,1.1635,0.7378,0,0.5740,0,1,0.7083,-1.0750,-32.9600,-3.2479,-97.1570,0.000,0.000,0.675
2026-04-03,17:18:41,36980,1,0.0000,0.0716,0.0374,1.1014,0.7357,0,0.5740,0,1,0.6648,1.4529,-32.9010,-0.8604,-93.5520,0.000,0.000,0.672
2026-04-03,17:18:41,37022,1,0.0000,0.0709,0.0170,0.4989,0.7347,0,0.5740,0,1,0.8020,3.3294,-33.4922,-10.6984,-53.0937,0.000,0.000,0.668
2026-04-03,17:18:41,37064,1,0.0000,-0.0054,0.0216,0.6359,0.7345,0,0.5740,0,1,0.8960,0.3816,-34.5551,-19.0167,-52.6456,0.000,0.000,0.664
2026-04-03,17:18:41,37105,1,0.0000,-0.0320,0.0240,0.7046,0.7346,0,0.5740,0,1,1.0369,1.1924,-34.2961,-0.8098,-70.8691,0.000,0.000,0.660
2026-04-03,17:18:41,37145,1,0.0000,-0.0923,0.0419,1.2313,0.7351,0,0.5740,0,1,0.9465,-2.6241,-33.8242,5.7514,-59.4217,0.000,0.000,0.656
2026-04-03,17:18:41,37178,1,0.0000,-0.1486,0.0625,1.8371,0.7359,0,0.5740,0,1,0.9862,-0.3423,-34.4672,-9.6673,-32.8000,0.000,0.000,0.653
2026-04-03,17:18:41,37219,1,0.0000,-0.1352,0.0826,2.4305,0.7369,0,0.5740,0,1,0.7037,-10.4353,-37.3612,-51.4476,-2.3023,0.000,0.000,0.649
2026-04-03,17:18:41,37259,1,0.0000,-0.3742,0.1580,4.6466,0.7398,0,0.5740,0,1,-5.1143,-159.3051,-40.0389,-54.5946,-15.1162,0.080,0.000,0.645
2026-04-03,17:18:41,37300,1,0.0000,-0.0668,0.1726,5.0770,0.7422,0,0.5740,0,1,-6.8076,0.4824,-38.3924,10.5464,-28.5423,0.160,0.000,0.641
2026-04-03,17:18:41,37340,1,0.0000,0.0406,0.1549,4.5557,0.7419,0,0.5740,0,1,-4.3045,41.3563,-37.2386,20.5095,1.8566,0.240,0.000,0.637
2026-04-03,17:18:41,37382,1,0.0000,0.0100,0.1593,4.6864,0.7419,0,0.5740,0,1,-4.4721,27.7821,-37.3093,19.8215,-11.6651,0.210,0.000,0.634
2026-04-03,17:18:41,37423,1,0.0000,0.0202,0.1516,4.4580,0.7416,0,0.5740,0,1,-3.4970,15.3368,-35.4183,36.7294,-22.8870,0.170,0.000,0.630
2026-04-03,17:18:41,37463,1,0.0000,-0.1521,0.1815,5.3378,0.7423,0,0.5740,0,0,-6.7176,-47.6820,-33.7045,41.2332,-18.3429,0.190,0.000,0.626
2026-04-03,17:18:41,37503,1,0.0000,-0.2035,0.2241,6.5920,0.7442,0,0.5740,0,0,-2.4044,88.2993,-33.1181,22.9511,9.3410,0.180,0.000,0.622
2026-04-03,17:18:42,37543,1,0.0000,0.0441,0.1950,5.7342,0.7440,0,0.5740,0,0,-4.3376,-50.0066,-32.3388,26.4359,-17.8257,0.140,0.000,0.618
2026-04-03,17:18:42,37584,1,0.0000,-0.0026,0.1916,5.6347,0.7435,0,0.5740,0,0,-0.0813,126.1278,-28.9556,65.5462,-38.8453,0.100,0.000,0.614
2026-04-03,17:18:42,37624,1,0.0000,-0.0468,0.1944,5.7164,0.7435,0,0.5740,0,0,0.1971,43.2017,-26.8499,53.6872,-14.3486,0.060,0.000,0.610
2026-04-03,17:18:42,37664,1,0.0000,0.0058,0.1977,5.8159,0.7440,0,0.5740,0,0,4.0242,82.8279,-25.9329,36.6684,-23.8534,0.020,0.000,0.606
2026-04-03,17:18:42,37704,1,0.0000,0.1378,0.1725,5.0736,0.7433,0,0.5740,0,0,6.2891,81.3309,-25.2652,23.6710,-34.4633,0.000,0.000,0.602
2026-04-03,17:18:42,37744,1,0.0000,0.0512,0.1549,4.5567,0.7420,0,0.5740,0,0,8.8856,58.9148,-24.1892,27.9437,-55.4166,0.000,0.000,0.598
2026-04-03,17:18:42,37784,1,0.0000,-0.0169,0.1585,4.6622,0.7417,0,0.5740,0,0,10.3779,39.4258,-23.2515,25.8835,-67.0712,0.000,0.000,0.594
2026-04-03,17:18:42,37818,1,0.0000,-0.0106,0.1604,4.7181,0.7419,0,0.5740,0,0,13.3509,106.3630,-22.6261,21.3599,-74.4448,0.000,0.000,0.591
2026-04-03,17:18:42,37858,1,0.0000,0.0211,0.1558,4.5814,0.7418,0,0.5740,0,0,16.7222,73.0633,-22.6646,6.2989,-58.4922,0.000,0.000,0.587
2026-04-03,17:18:42,37898,1,0.0000,0.1064,0.1405,4.1336,0.7414,0,0.5740,0,0,18.4129,64.1573,-22.7339,1.9827,-76.7220,0.000,0.000,0.583
2026-04-03,17:18:42,37939,1,0.0000,0.0808,0.1336,3.9292,0.7409,0,0.5740,0,0,21.5497,79.1989,-22.4069,6.6703,-91.3991,0.000,0.000,0.579
2026-04-03,17:18:42,37979,1,0.0000,0.0052,0.1381,4.0612,0.7407,0,0.5740,0,0,21.5663,14.6982,-22.0288,8.1405,-90.7664,0.000,0.000,0.575
2026-04-03,17:18:42,38020,1,0.0000,-0.0176,0.1412,4.1528,0.7409,0,0.5740,0,0,26.0692,136.1521,-21.9660,4.1857,-76.3766,0.000,0.000,0.571
2026-04-03,17:18:42,38060,1,0.0000,0.0354,0.1340,3.9409,0.7408,0,0.5740,0,0,30.0661,108.4727,-22.2024,-2.1809,-73.4398,0.000,0.000,0.567
2026-04-03,17:18:42,38100,1,0.0000,0.1339,0.1079,3.1721,0.7398,0,0.5740,0,0,32.7009,60.7051,-22.4881,-4.8199,-77.4008,0.000,0.000,0.563
2026-04-03,17:18:42,38141,1,0.0000,0.1213,0.0872,2.5645,0.7386,0,0.5740,0,0,35.2660,83.3619,-22.5905,-2.7495,-85.9650,0.000,0.000,0.559
2026-04-03,17:18:42,38181,1,0.0000,-0.0299,0.0997,2.9330,0.7385,0,0.5740,0,0,37.2168,47.1220,-22.4628,2.2537,-99.8610,0.000,0.000,0.555
2026-04-03,17:18:42,38222,1,0.0000,-0.1416,0.1285,3.7798,0.7395,0,0.5740,0,0,38.5202,56.2844,-22.0429,7.7320,-97.4828,0.000,0.000,0.551
2026-04-03,17:18:42,38262,1,0.0000,-0.1671,0.1546,4.5471,0.7407,0,0.5740,0,0,42.6775,95.7481,-22.1712,0.0442,-71.1282,0.000,0.000,0.547
2026-04-03,17:18:42,38302,1,0.0000,0.0181,0.1416,4.1639,0.7410,0,0.5740,0,0,45.3169,71.6155,-23.3426,-19.4194,-51.6181,0.000,0.000,0.543
2026-04-03,17:18:42,38342,1,0.0000,0.2901,0.0868,2.5524,0.7395,0,0.5740,0,0,47.5336,59.6468,-24.4599,-23.2831,-73.2031,0.000,0.000,0.539
2026-04-03,17:18:42,38382,1,0.0000,0.0072,0.0869,2.5571,0.7380,0,0.5740,0,0,49.4351,44.8553,-24.8646,-13.0516,-89.7893,0.000,0.000,0.535
2026-04-03,17:18:42,38422,1,0.0000,-0.1577,0.1201,3.5327,0.7389,0,0.5740,0,0,48.5374,-26.1446,-24.6268,0.9472,-102.8092,0.000,0.000,0.531
2026-04-03,17:18:42,38462,1,0.0000,-0.2330,0.1581,4.6504,0.7406,0,0.5740,0,0,51.0135,95.3040,-24.3954,3.9807,-76.5339,0.000,0.000,0.527
2026-04-03,17:18:42,38502,1,0.0000,-0.0251,0.1608,4.7281,0.7418,0,0.5740,0,0,55.5834,107.6288,-24.5675,-2.0210,-40.6562,0.000,0.000,0.523
2026-04-03,17:18:43,38536,1,0.0000,0.0233,0.1515,4.4560,0.7416,0,0.5740,0,0,58.7551,89.4201,-25.2762,-12.6476,-28.6259,0.000,0.000,0.520
2026-04-03,17:18:43,38578,1,0.0000,0.0085,0.1436,4.2231,0.7410,0,0.5740,0,0,59.0530,25.8520,-26.4473,-15.9016,-42.6620,0.000,0.000,0.517
2026-04-03,17:18:43,38618,1,0.0000,-0.1397,0.1693,4.9807,0.7416,0,0.5740,0,0,58.7113,-7.9274,-26.5247,-5.9136,-49.9151,0.000,0.000,0.513
2026-04-03,17:18:43,38658,1,0.0000,-0.1374,0.1900,5.5893,0.7429,0,0.5740,0,0,58.7971,11.5470,-27.1631,-12.0142,-46.4881,0.000,0.000,0.509
2026-04-03,17:18:43,38699,1,0.0880,0.0866,0.1680,4.9415,0.7427,0,0.5740,11,1,59.6154,22.3299,-27.1560,-1.5057,-65.9589,0.000,0.000,0.505
2026-04-03,17:18:43,38739,1,0.0880,0.0949,0.1663,4.8926,0.7417,0,0.5740,11,1,59.5891,-1.2541,-26.2205,14.9170,-82.2985,0.000,0.000,0.501
2026-04-03,17:18:43,38780,1,0.0880,-0.0031,0.1817,5.3430,0.7414,0,0.5740,11,1,58.8747,-20.6075,-26.2169,3.7971,-45.6319,0.000,0.000,0.497
2026-04-03,17:18:43,38813,1,4.0800,-0.0141,0.1947,5.7278,0.7414,0,0.5740,510,1,59.0057,-1.4271,-27.4053,-17.7536,-24.2309,0.000,0.000,0.494
2026-04-03,17:18:43,38853,1,4.0800,0.7365,0.2238,6.5837,0.7382,0,0.5740,510,1,59.1950,10.2541,-29.2999,-35.1390,-33.4119,0.000,0.000,0.490
2026-04-03,17:18:43,38893,1,4.0880,1.5114,0.2464,7.2465,0.7281,0,0.5740,511,1,59.0297,-2.5524,-30.0796,-21.1634,-56.9480,0.000,0.000,0.486
2026-04-03,17:18:43,38935,1,4.0880,2.3145,0.2489,7.3196,0.7099,0,0.5740,511,1,58.3345,-21.1115,-29.6624,-0.1499,-55.2603,0.020,0.000,0.482
2026-04-03,17:18:43,38975,1,4.0880,3.1247,0.2770,8.1458,0.6854,0,0.5740,511,1,58.1824,6.0144,-29.7380,-0.0619,-50.3084,0.100,0.000,0.478
2026-04-03,17:18:43,39017,1,3.4640,4.0917,0.2657,7.8140,0.6530,0,0.5740,433,1,57.7717,-19.3648,-29.5146,4.9149,-56.8565,0.120,0.000,0.474
2026-04-03,17:18:43,39058,1,3.4640,3.3739,0.2777,8.1669,0.6199,0,0.5740,433,1,55.3889,-38.5227,-30.5331,-15.0436,-35.2056,0.200,0.000,0.470
2026-04-03,17:18:43,39098,1,2.0800,3.5668,0.2533,7.4495,0.5899,0,0.5740,260,1,55.8737,-14.3652,-30.8555,-4.6123,-56.5169,0.280,0.000,0.466
2026-04-03,17:18:43,39140,1,0.0000,3.2231,0.1871,5.5015,0.5589,0,0.5740,0,1,53.1031,-34.6124,-28.3826,40.2446,-71.9803,0.360,0.000,0.462
2026-04-03,17:18:43,39180,1,0.0000,2.3350,0.1636,4.8120,0.5367,0,0.5740,0,1,54.9312,36.8041,-26.0285,51.9219,-46.7422,0.410,0.000,0.458
2026-04-03,17:18:43,39222,1,0.2240,1.4606,0.1440,4.2360,0.5211,0,0.5740,28,1,54.4393,-8.5171,-24.7961,37.7411,-40.9610,0.370,0.000,0.454
2026-04-03,17:18:43,39262,1,0.2240,0.6213,0.1288,3.7874,0.5132,0,0.5740,28,1,55.7805,41.1245,-23.5571,34.6061,-58.0860,0.330,0.000,0.450
2026-04-03,17:18:43,39302,1,0.2240,0.3426,0.1177,3.4608,0.5099,0,0.5740,28,1,56.8423,25.9495,-21.6610,44.6659,-67.5717,0.290,0.000,0.446
2026-04-03,17:18:43,39344,1,1.4800,0.5523,0.1391,4.0903,0.5073,0,0.5740,185,1,59.4084,82.5777,-18.7673,61.2666,-65.7038,0.250,0.000,0.442
2026-04-03,17:18:43,39384,1,1.4800,1.1576,0.1798,5.2869,0.4996,0,0.5740,185,1,62.8981,63.2938,-15.8115,67.2072,-60.1978,0.210,0.000,0.438
2026-04-03,17:18:43,39426,1,0.1600,1.4642,0.1631,4.7972,0.4870,0,0.5740,20,1,63.1607,20.8921,-14.2905,43.5688,-17.4220,0.170,0.000,0.434
2026-04-03,17:18:43,39466,1,0.1600,0.8291,0.1437,4.2261,0.4774,0,0.5740,20,1,66.0949,87.6134,-15.0158,0.1978,13.9341,0.130,0.000,0.430
2026-04-03,17:18:43,39506,1,0.1600,0.1320,0.1513,4.4486,0.4742,0,0.5740,20,1,69.6449,68.3608,-16.0910,-18.1434,1.1439,0.090,0.000,0.426
2026-04-03,17:18:44,39549,1,0.1440,0.0999,0.1640,4.8241,0.4734,0,0.5740,18,1,70.7149,28.8242,-15.7110,-1.6306,-18.9909,0.050,0.000,0.422
2026-04-03,17:18:44,39589,1,0.1440,0.1953,0.1494,4.3942,0.4719,0,0.5740,18,1,73.0073,47.9544,-15.4051,1.4265,1.6329,0.010,0.000,0.418
2026-04-03,17:18:44,39631,1,0.0000,0.1268,0.1608,4.7305,0.4708,0,0.5740,0,1,71.2416,-47.6302,-16.2314,-14.7511,8.1359,0.000,0.000,0.414
2026-04-03,17:18:44,39671,1,0.0000,-0.0243,0.1598,4.7007,0.4707,0,0.5740,0,1,70.9539,5.4044,-16.4386,-8.1706,-15.1461,0.000,0.000,0.410
2026-04-03,17:18:44,39711,1,0.0000,-0.0064,0.1591,4.6789,0.4708,0,0.5740,0,1,71.2930,-19.6494,-15.7841,6.0106,-14.7274,0.000,0.000,0.406
2026-04-03,17:18:44,39744,1,0.0000,0.0394,0.1526,4.4876,0.4707,0,0.5740,0,1,70.9152,-16.1959,-15.3009,8.2480,-6.1858,0.000,0.000,0.404
2026-04-03,17:18:44,39784,1,0.0000,0.0764,0.1228,3.6110,0.4693,0,0.5740,0,1,70.0077,-30.0321,-16.5723,-17.0920,-12.7872,0.080,0.000,0.400
2026-04-03,17:18:44,39826,1,0.0000,-0.0049,0.1254,3.6875,0.4690,0,0.5740,0,1,68.2619,-47.4976,-16.2255,1.3873,-34.1925,0.160,0.000,0.396
2026-04-03,17:18:44,39866,1,0.0000,-0.1034,0.1468,4.3177,0.4696,0,0.5740,0,1,64.3860,-80.2753,-14.9135,18.3645,-20.0483,0.240,0.000,0.392
2026-04-03,17:18:44,39906,1,0.0000,-0.0125,0.1431,4.2094,0.4698,0,0.5740,0,1,62.4946,-53.8419,-15.8522,-12.2119,6.9601,0.320,0.000,0.388
2026-04-03,17:18:44,39947,1,0.4320,0.0522,0.1562,4.5938,0.4697,0,0.5740,54,1,61.0801,-41.7640,-17.1655,-22.6346,-21.1419,0.400,0.000,0.384
2026-04-03,17:18:44,39988,1,0.4320,0.3667,0.1737,5.1077,0.4675,0,0.5740,54,1,59.6083,-39.0345,-16.8835,-3.1649,-23.3417,0.480,0.000,0.380
2026-04-03,17:18:44,40029,1,1.1600,0.4262,0.1608,4.7290,0.4635,0,0.5740,145,1,58.8071,-18.1985,-16.7220,1.1987,-46.1575,0.560,0.000,0.376
2026-04-03,17:18:44,40070,1,1.1600,0.7977,0.1979,5.8212,0.4584,0,0.5740,145,1,57.9713,-26.0926,-16.3981,5.2068,-58.0458,0.640,0.000,0.372
2026-04-03,17:18:44,40110,1,1.1600,1.1204,0.2006,5.8989,0.4497,0,0.5740,145,1,56.8282,-30.3575,-16.7285,-4.9176,-23.1495,0.720,0.000,0.368
2026-04-03,17:18:44,40143,1,1.1680,1.2854,0.1641,4.8278,0.4409,0,0.5740,146,1,56.1454,-23.0570,-17.2501,-10.5480,-41.0130,0.780,0.000,0.365
2026-04-03,17:18:44,40184,1,1.1680,1.3087,0.1418,4.1693,0.4291,0,0.5740,146,1,54.3599,-43.0192,-17.5648,-8.4334,-54.9804,0.860,0.000,0.361
2026-04-03,17:18:44,40224,1,1.1760,1.1697,0.1605,4.7203,0.4194,0,0.5740,147,1,52.9610,-32.3401,-17.8917,-8.7134,-61.0581,0.940,0.000,0.357
2026-04-03,17:18:44,40257,1,1.1920,1.1542,0.1609,4.7319,0.4112,0,0.5740,149,1,53.1102,-4.9477,-17.9522,-4.4665,-59.9224,1.000,0.000,0.354
2026-04-03,17:18:44,40299,1,1.2000,1.2160,0.1679,4.9387,0.4010,0,0.5740,150,1,53.0957,-5.2296,-18.4379,-10.1972,-25.7138,1.000,0.000,0.350
2026-04-03,17:18:44,40341,1,1.2000,1.2943,0.1483,4.3623,0.3894,0,0.5740,150,1,51.1758,-49.0883,-19.9938,-27.8083,-5.2254,1.000,0.000,0.346
2026-04-03,17:18:44,40382,1,1.2000,0.9766,0.1816,5.3412,0.3791,0,0.5740,150,1,50.1931,-5.7491,-20.9327,-21.8495,-31.3274,1.000,0.000,0.342
2026-04-03,17:18:44,40422,1,1.2000,1.3496,0.1426,4.1947,0.3688,0,0.5740,150,1,50.9906,29.9007,-20.7374,-2.9436,-52.2409,1.000,0.000,0.338
2026-04-03,17:18:44,40465,1,1.2000,1.2786,0.1390,4.0890,0.3572,0,0.5740,150,1,52.0998,23.3645,-20.2866,5.6961,-70.7209,0.960,0.000,0.334
2026-04-03,17:18:44,40505,1,1.2000,0.9675,0.1869,5.4974,0.3476,0,0.5740,150,1,53.0575,26.6264,-20.0170,5.8760,-66.6006,0.920,0.000,0.330
2026-04-03,17:18:45,40547,1,1.1680,1.1158,0.1865,5.4863,0.3382,0,0.5740,146,1,53.5813,1.7142,-20.1521,0.2399,-64.6296,0.880,0.000,0.326
2026-04-03,17:18:45,40589,1,1.1680,1.0716,0.2169,6.3803,0.3287,0,0.5740,146,1,53.9423,22.4215,-19.7801,6.5302,-73.4495,0.840,0.000,0.322
2026-04-03,17:18:45,40629,1,1.1680,1.1620,0.2066,6.0779,0.3187,0,0.5740,146,1,55.1688,39.2823,-19.7980,1.6478,-63.6561,0.800,0.000,0.318
2026-04-03,17:18:45,40662,1,1.0880,1.4380,0.1445,4.2504,0.3091,0,0.5740,136,1,55.8623,26.2763,-19.4335,7.6207,-74.8533,0.770,0.000,0.315
2026-04-03,17:18:45,40703,1,1.0880,1.0767,0.1707,5.0198,0.2991,0,0.5740,136,1,56.0643,-1.4323,-17.1417,41.4818,-82.9489,0.730,0.000,0.311
2026-04-03,17:18:45,40744,1,1.0880,0.9611,0.1960,5.7658,0.2904,0,0.5740,136,1,56.7052,12.6265,-14.3362,55.8076,-57.6860,0.690,0.000,0.307
2026-04-03,17:18:45,40784,1,1.0880,0.9824,0.2119,6.2338,0.2821,0,0.5740,136,1,56.6388,9.1719,-15.1480,0.6039,-26.6325,0.650,0.000,0.303
2026-04-03,17:18:45,40824,1,1.0880,1.1037,0.1944,5.7182,0.2725,0,0.5740,136,1,58.9593,66.6883,-17.1089,-28.6074,-37.5444,0.610,0.000,0.299
2026-04-03,17:18:45,40857,1,0.8560,1.2230,0.1737,5.1100,0.2645,0,0.5740,107,1,59.1687,8.4223,-16.3075,1.9117,-49.7132,0.580,0.000,0.296
2026-04-03,17:18:45,40899,1,0.8560,0.6700,0.2045,6.0134,0.2564,0,0.5740,107,1,60.4148,39.9164,-13.0897,27.7852,-34.2768,0.550,0.000,0.293
2026-04-03,17:18:45,40939,1,0.8560,0.9023,0.1939,5.7037,0.2496,0,0.5740,107,1,60.7543,-18.3683,-13.0707,3.6216,-4.5192,0.510,0.000,0.289
2026-04-03,17:18:45,40972,1,0.0000,0.7997,0.1665,4.8965,0.2431,0,0.5740,0,1,60.1940,-10.3710,-14.7833,-25.8245,-6.3118,0.480,0.000,0.286
2026-04-03,17:18:45,41012,1,0.0000,0.1816,0.1373,4.0380,0.2394,0,0.5740,0,1,61.6799,26.2398,-15.3674,-14.3122,-29.9912,0.440,0.000,0.282
2026-04-03,17:18:45,41053,1,0.0000,-0.0131,0.1481,4.3555,0.2390,0,0.5740,0,1,60.1176,-38.0204,-13.0316,32.9470,-40.9164,0.400,0.000,0.278
2026-04-03,17:18:45,41087,1,0.0000,-0.0802,0.1613,4.7449,0.2393,0,0.5740,0,1,59.7751,-17.5481,-12.1221,23.3853,-13.1952,0.460,0.000,0.275
2026-04-03,17:18:45,41127,1,0.0000,0.0003,0.1582,4.6520,0.2396,0,0.5740,0,1,59.2802,-25.2054,-14.6593,-35.7290,4.9179,0.540,0.000,0.271
2026-04-03,17:18:45,41169,1,0.0000,0.0086,0.1475,4.3386,0.2390,0,0.5740,0,1,57.2078,-62.3963,-15.9357,-26.9229,-21.1093,0.620,0.000,0.267
2026-04-03,17:18:45,41209,1,0.0000,-0.0474,0.1595,4.6925,0.2393,0,0.5740,0,1,54.3398,-69.3826,-14.0526,18.9926,-14.5806,0.700,0.000,0.263
2026-04-03,17:18:45,41249,1,0.0000,-0.0848,0.1764,5.1893,0.2401,0,0.5740,0,1,52.5565,-37.2586,-14.8098,-10.8434,12.2881,0.780,0.000,0.259
2026-04-03,17:18:45,41291,1,0.0000,0.0016,0.1741,5.1210,0.2404,0,0.5740,0,1,51.9140,-27.9215,-16.6258,-31.5132,2.7243,0.860,0.000,0.255
2026-04-03,17:18:45,41331,1,0.0000,0.0359,0.1684,4.9525,0.2403,0,0.5740,0,1,49.8396,-57.3286,-18.1661,-34.9833,-6.0708,0.940,0.000,0.251
2026-04-03,17:18:45,41373,1,2.0480,0.1314,0.1745,5.1316,0.2397,0,0.5740,256,1,47.5732,-63.6005,-18.2440,-11.2377,-23.8107,1.000,0.000,0.247
2026-04-03,17:18:45,41413,1,2.0480,0.8784,0.1985,5.8396,0.2352,0,0.5740,256,1,45.4507,-62.0983,-18.4401,-10.0126,4.9011,1.000,0.000,0.243
2026-04-03,17:18:45,41453,1,2.1840,1.6079,0.2264,6.6575,0.2240,0,0.5740,273,1,41.1695,-96.7707,-19.6976,-21.0372,-10.5273,1.000,0.000,0.239
2026-04-03,17:18:45,41494,1,2.2000,2.1121,0.2263,6.6563,0.2063,0,0.5740,275,1,41.0664,-0.9068,-19.3924,-2.6475,-1.6412,1.000,0.000,0.235
2026-04-03,17:18:45,41534,1,2.2000,2.2727,0.2119,6.2325,0.1873,0,0.5740,275,1,37.9678,-78.0338,-20.5096,-18.6019,-4.5883,1.000,0.000,0.231
2026-04-03,17:18:46,41576,1,2.1520,2.2621,0.2052,6.0361,0.1675,0,0.5740,269,1,36.8531,-15.3863,-20.6316,-6.9071,-9.3212,1.000,0.000,0.227
2026-04-03,17:18:46,41616,1,2.1520,2.1409,0.2104,6.1884,0.1486,0,0.5740,269,1,35.2160,-40.2403,-21.2518,-13.7429,9.5900,1.000,0.000,0.223
2026-04-03,17:18:46,41657,1,2.1520,2.1081,0.2133,6.2744,0.1300,0,0.5740,269,1,35.7652,17.4103,-22.4025,-20.1747,-13.5408,1.000,0.000,0.219
2026-04-03,17:18:46,41690,1,2.1520,2.0906,0.2152,6.3282,0.1149,0,0.5740,269,1,35.5913,-7.7088,-22.6826,-13.1011,-20.1367,1.000,0.000,0.216
2026-04-03,17:18:46,41730,1,2.1520,2.2182,0.1976,5.8110,0.0959,0,0.5740,269,1,35.6480,11.3100,-23.8454,-24.1099,3.6648,0.990,0.000,0.212
2026-04-03,17:18:46,41771,1,1.5360,2.2158,0.1953,5.7427,0.0773,0,0.5740,192,1,38.0696,71.0276,-25.7602,-37.3606,-23.7698,0.950,0.000,0.208
2026-04-03,17:18:46,41812,1,1.5360,1.7043,0.1762,5.1812,0.0610,0,0.5740,192,1,40.0291,48.0756,-26.9070,-27.4268,-51.1506,0.910,0.000,0.204
2026-04-03,17:18:46,41852,1,1.5360,1.7501,0.1501,4.4156,0.0468,0,0.5740,192,1,42.3736,76.1982,-27.0589,-10.2059,-71.8567,0.870,0.000,0.200
2026-04-03,17:18:46,41894,1,0.0000,1.5620,0.1449,4.2608,0.0331,0,0.5740,0,1,44.8348,59.9760,-27.5194,-10.9132,-40.2278,0.830,0.000,0.196
2026-04-03,17:18:46,41934,1,0.0000,0.7873,0.1218,3.5833,0.0239,0,0.5740,0,1,46.4493,58.3565,-29.3389,-33.2723,-18.9565,0.790,0.000,0.192
2026-04-03,17:18:46,41967,1,0.0000,0.1009,0.1184,3.4811,0.0213,0,0.5740,0,1,50.0229,110.0286,-31.3966,-48.0499,-21.9018,0.760,0.000,0.189
2026-04-03,17:18:46,42008,1,0.0000,0.0914,0.1096,3.2228,0.0208,0,0.5740,0,1,55.2018,108.8877,-32.5883,-30.0517,-53.5612,0.720,0.000,0.185
2026-04-03,17:18:46,42041,1,0.0000,0.0493,0.1037,3.0501,0.0203,0,0.5740,0,1,56.0680,72.8604,-33.9848,-33.0096,-63.1716,0.700,0.000,0.183
2026-04-03,17:18:46,42085,1,0.0000,-0.0711,0.1234,3.6299,0.0207,0,0.5740,0,1,58.5744,62.1121,-31.9952,18.9535,-55.2614,0.660,0.000,0.179
2026-04-03,17:18:46,42118,1,0.0000,-0.0129,0.1270,3.7358,0.0211,0,0.5740,0,1,61.4246,93.3831,-30.8680,30.5516,-45.9756,0.630,0.000,0.176
2026-04-03,17:18:46,42159,1,0.0000,-0.0057,0.1240,3.6475,0.0211,0,0.5740,0,1,64.4350,54.0796,-28.8481,45.4534,-66.5561,0.590,0.000,0.172
2026-04-03,17:18:46,42199,1,0.0000,-0.0708,0.1362,4.0053,0.0213,0,0.5740,0,1,63.6425,-11.0037,-26.2192,60.2916,-63.1002,0.550,0.000,0.168
2026-04-03,17:18:46,42239,1,0.0000,-0.0053,0.1383,4.0671,0.0218,0,0.5740,0,1,63.0020,-12.2963,-24.4227,51.7110,-42.0466,0.510,0.000,0.164
2026-04-03,17:18:46,42279,1,0.0000,-0.0018,0.1399,4.1154,0.0219,0,0.5740,0,1,62.6091,-0.4133,-22.4705,54.1084,-60.6290,0.470,0.000,0.160
2026-04-03,17:18:46,42320,1,0.0000,0.0425,0.1301,3.8265,0.0217,0,0.5740,0,1,62.6942,-6.8276,-19.3485,70.0984,-73.9276,0.430,0.000,0.156
2026-04-03,17:18:46,42360,1,0.0000,0.0460,0.1237,3.6371,0.0212,0,0.5740,0,1,61.6156,-24.5107,-17.2863,54.8454,-35.6834,0.480,0.000,0.152
2026-04-03,17:18:46,42400,1,0.0000,0.0003,0.1275,3.7486,0.0212,0,0.5740,0,0,60.9229,-28.6528,-17.5896,12.3842,-13.4836,0.560,0.000,0.148
2026-04-03,17:18:46,42441,1,0.0000,-0.0345,0.1330,3.9129,0.0214,0,0.5740,0,0,60.8994,0.3757,-17.8858,2.5692,-37.3204,0.640,0.000,0.144
2026-04-03,17:18:46,42481,1,0.0000,-0.0422,0.1409,4.1435,0.0218,0,0.5740,0,0,60.4999,-11.5969,-16.2792,29.3482,-53.7203,0.720,0.000,0.140
2026-04-03,17:18:46,42522,1,0.0000,0.0200,0.1363,4.0085,0.0218,0,0.5740,0,0,59.5673,-22.2556,-14.0943,43.0251,-47.0883,0.800,0.000,0.136
2026-04-03,17:18:47,42562,1,0.0000,0.0062,0.1328,3.9063,0.0215,0,0.5740,0,0,59.1128,-11.7248,-13.5947,19.5295,-11.6171,0.880,0.000,0.132
2026-04-03,17:18:47,42602,1,0.0000,0.0170,0.1322,3.8894,0.0215,0,0.5740,0,0,58.5536,-7.9017,-14.4107,-8.6921,17.2088,0.960,0.000,0.128
2026-04-03,17:18:47,42642,1,0.0000,-0.0124,0.1332,3.9173,0.0215,0,0.5740,0,0,58.1805,-4.9782,-16.0968,-32.6947,40.1642,1.000,0.000,0.124
2026-04-03,17:18:47,42682,1,0.0000,-0.0201,0.1340,3.9404,0.0216,0,0.5740,0,0,57.9200,-5.3782,-18.0976,-44.0968,18.9017,1.000,0.000,0.120
2026-04-03,17:18:47,42722,1,0.0000,-0.0076,0.1338,3.9341,0.0215,0,0.5740,0,0,56.8054,-40.6036,-18.9966,-28.1828,-9.3209,1.000,0.000,0.116
2026-04-03,17:18:47,42762,1,0.0000,0.0109,0.1332,3.9173,0.0215,0,0.5740,0,0,55.0709,-26.3094,-18.2856,2.1272,-30.5428,1.000,0.000,0.112
2026-04-03,17:18:47,42802,1,0.0000,0.0507,0.1211,3.5604,0.0212,0,0.5740,0,0,55.9858,11.9090,-17.0998,18.1859,-27.2331,1.000,0.000,0.108
2026-04-03,17:18:47,42843,1,0.0000,0.0465,0.1161,3.4136,0.0208,0,0.5740,0,0,56.2458,5.2525,-17.1572,1.6477,4.2704,0.970,0.000,0.104
2026-04-03,17:18:47,42883,1,0.0000,0.0201,0.1158,3.4048,0.0207,0,0.5740,0,0,55.6590,-12.3576,-18.6437,-24.7375,8.8921,0.930,0.000,0.100
2026-04-03,17:18:47,42924,1,0.0000,-0.0005,0.1135,3.3376,0.0205,0,0.5740,0,0,56.0989,5.7570,-19.4714,-20.9451,-16.7733,0.890,0.000,0.096
2026-04-03,17:18:47,42964,1,0.0000,-0.0011,0.1107,3.2558,0.0204,0,0.5740,0,0,55.0977,-26.6938,-18.9114,2.7088,-35.2316,0.880,0.000,0.092
2026-04-03,17:18:47,43004,1,0.0000,-0.1068,0.1300,3.8238,0.0208,0,0.5740,0,0,55.9774,32.8906,-17.3780,23.4765,-28.5441,0.900,0.000,0.088
2026-04-03,17:18:47,43045,1,0.0000,0.0444,0.1227,3.6088,0.0212,0,0.5740,0,0,58.9322,70.5088,-17.2420,5.2719,3.4228,0.860,0.000,0.084
2026-04-03,17:18:47,43085,1,0.0000,0.1414,0.0946,2.7831,0.0203,0,0.5740,0,0,59.3771,1.9350,-18.9982,-29.2180,21.9353,0.820,0.000,0.080
2026-04-03,17:18:47,43125,1,0.0000,-0.0219,0.0991,2.9155,0.0196,0,0.5740,0,0,59.0175,-4.7718,-20.4735,-33.7052,-0.0265,0.780,0.000,0.076
2026-04-03,17:18:47,43165,1,0.0000,-0.0856,0.1156,3.4010,0.0202,0,0.5740,0,0,56.2873,-75.2617,-20.3627,-8.5584,-14.7347,0.800,0.000,0.072
2026-04-03,17:18:47,43207,1,0.0000,-0.1776,0.1517,4.4629,0.0218,0,0.5740,0,0,57.1013,33.1053,-19.2576,-1.0389,2.7135,0.860,0.000,0.069
2026-04-03,17:18:47,43248,1,0.0000,-0.0427,0.1488,4.3773,0.0223,0,0.5740,0,0,60.9259,70.5499,-20.9499,-29.7782,12.1432,0.850,0.000,0.065
2026-04-03,17:18:47,43288,1,0.0000,-0.0036,0.1467,4.3158,0.0222,0,0.5740,0,0,57.9373,-68.3646,-21.4037,-14.6569,-12.1788,0.840,0.000,0.061
2026-04-03,17:18:47,43328,1,0.0000,-0.0636,0.1597,4.6963,0.0226,0,0.5740,0,0,58.8535,3.7254,-20.5774,5.3524,1.1589,0.860,0.000,0.057
2026-04-03,17:18:47,43368,1,0.0000,-0.0593,0.1659,4.8787,0.0230,0,0.5740,0,0,58.6650,12.3845,-21.5721,-16.9384,12.5815,0.820,0.000,0.053
2026-04-03,17:18:47,43408,1,0.0000,0.0065,0.1603,4.7141,0.0231,0,0.5740,0,0,60.2972,34.1643,-22.5003,-20.6148,-15.0241,0.780,0.000,0.049
2026-04-03,17:18:47,43448,1,0.0000,0.1620,0.1273,3.7428,0.0222,0,0.5740,0,0,61.2047,16.8295,-23.1005,-17.6132,-19.5597,0.740,0.000,0.045
2026-04-03,17:18:47,43488,1,0.0000,0.1029,0.1145,3.3682,0.0211,0,0.5740,0,0,61.9179,24.8006,-24.0008,-21.4117,1.8476,0.700,0.000,0.041
2026-04-03,17:18:47,43528,1,0.0000,0.2515,0.0653,1.9218,0.0193,0,0.5740,0,0,63.9082,53.7795,-25.0991,-25.3465,-0.9380,0.660,0.000,0.037
2026-04-03,17:18:48,43569,1,0.0000,0.1923,0.0378,1.1118,0.0175,0,0.5740,0,0,66.8702,66.0138,-26.1450,-24.7219,-28.8324,0.620,0.000,0.033
2026-04-03,17:18:48,43609,1,0.0000,0.1106,0.0262,0.7719,0.0164,0,0.5740,0,0,70.2517,80.2197,-26.5660,-14.7045,-44.3432,0.580,0.000,0.029
2026-04-03,17:18:48,43650,1,0.0000,0.0953,0.0044,0.1282,0.0152,0,0.5740,0,0,75.2106,136.3971,-26.6440,-6.3022,-43.0318,0.540,0.000,0.025
2026-04-03,17:18:48,43690,1,0.0000,0.0021,0.0084,0.2474,0.0149,0,0.5740,0,0,81.3729,122.9095,-26.9951,-8.8452,-43.7541,0.500,0.000,0.021
2026-04-03,17:18:48,43730,1,0.0000,0.0066,0.0078,0.2296,0.0149,0,0.5740,0,0,87.1018,151.3262,-27.9605,-21.1123,-63.4909,0.460,0.000,0.017
2026-04-03,17:18:48,43771,1,0.0000,0.0151,0.0012,0.0363,0.0148,0,0.5740,0,0,74.6248,-387.7019,-30.7258,-58.0877,-58.6362,0.420,0.000,0.013
2026-04-03,17:18:48,43812,1,0.0000,0.0018,0.0069,0.2019,0.0149,0,0.5740,0,0,64.1986,-272.4833,-35.3453,-96.9489,-49.5232,0.380,0.000,0.009
2026-04-03,17:18:48,43852,1,0.0000,0.0052,0.0062,0.1833,0.0148,0,0.5740,0,0,54.3230,-243.3278,-40.6087,-123.3131,-68.7403,0.340,0.000,0.005
2026-04-03,17:18:48,43892,1,0.0000,0.0079,0.0069,0.2020,0.0148,0,0.5740,0,0,46.4502,-209.1736,-45.3927,-124.0947,-85.2102,0.300,0.000,0.001
2026-04-03,17:18:48,43933,1,0.0000,0.0103,0.0078,0.2296,0.0148,0,0.5740,0,0,39.6355,-174.5441,-49.4843,-110.2960,-99.2608,0.260,0.000,0.000
2026-04-03,17:18:48,43973,1,0.0000,0.0011,0.0075,0.2203,0.0148,0,0.5740,0,0,33.9589,-152.7207,-53.0069,-98.2466,-111.2312,0.220,0.000,0.000
2026-04-03,17:18:48,44013,1,0.0000,-0.0093,0.0084,0.2476,0.0149,0,0.5740,0,0,29.1053,-127.7492,-55.9049,-83.1758,-121.4087,0.180,0.000,0.000
2026-04-03,17:18:48,44054,1,0.0000,0.0010,0.0065,0.1923,0.0148,0,0.5740,0,0,24.9683,-105.7204,-58.1175,-65.3841,-130.0552,0.140,0.000,0.000
2026-04-03,17:18:48,44094,1,0.0000,0.0121,0.0062,0.1833,0.0148,0,0.5740,0,0,21.4333,-92.1056,-59.8505,-52.2551,-137.4234,0.100,0.000,0.000
2026-04-03,17:18:48,44136,1,0.0000,0.0059,0.0072,0.2120,0.0148,0,0.5740,0,0,18.3269,-76.2944,-61.2073,-39.8960,-143.6836,0.060,0.000,0.000
2026-04-03,17:18:48,44177,1,0.0000,-0.0032,0.0094,0.2756,0.0148,0,0.5740,0,0,15.8684,-64.9834,-62.2190,-30.5382,-149.0394,0.020,0.000,0.000
2026-04-03,17:18:48,44217,1,0.0000,-0.0029,0.0075,0.2196,0.0148,0,0.5740,0,0,13.6581,-57.5139,-62.9391,-22.9332,-153.5773,0.000,0.000,0.000
2026-04-03,17:18:48,44257,1,0.0000,0.0083,0.0065,0.1926,0.0148,0,0.5740,0,0,11.7942,-48.8885,-63.5824,-19.1373,-157.4436,0.000,0.000,0.000
2026-04-03,17:18:48,44297,1,0.0000,0.0065,0.0063,0.1840,0.0148,0,0.5740,0,0,10.2180,-40.3622,-64.2363,-17.6046,-160.6876,0.000,0.000,0.000
2026-04-03,17:18:48,44337,1,0.0000,0.0059,0.0069,0.2020,0.0148,0,0.5740,0,0,8.8641,-36.1623,-64.6152,-12.3956,-163.4937,0.000,0.000,0.000
2026-04-03,17:18:48,44371,1,0.0000,0.0088,0.0075,0.2207,0.0148,0,0.5740,0,0,8.5710,-24.4672,-64.6985,-10.1862,-164.1681,0.000,0.000,0.000
2026-04-03,17:18:48,44411,1,0.0000,0.0192,0.0059,0.1739,0.0148,0,0.5740,0,0,7.4801,-27.8894,-64.9139,-7.0204,-166.4395,0.000,0.000,0.000
2026-04-03,17:18:48,44451,1,0.0000,0.0071,0.0062,0.1833,0.0148,0,0.5740,0,0,6.5550,-24.6912,-65.0158,-4.0981,-168.3651,0.000,0.000,0.000
2026-04-03,17:18:48,44485,1,0.0000,-0.0068,0.0084,0.2479,0.0149,0,0.5740,0,0,5.8628,-21.4456,-65.1743,-4.5925,-169.8274,0.000,0.000,0.000
2026-04-03,17:18:48,44525,1,0.0000,-0.0088,0.0087,0.2566,0.0149,0,0.5740,0,0,5.1294,-20.2253,-65.2738,-3.3401,-171.2160,0.000,0.000,0.000
2026-04-03,17:18:49,44565,1,0.0000,0.0021,0.0087,0.2566,0.0148,0,0.5740,0,0,4.5637,-14.5526,-65.4411,-4.0529,-172.4451,0.000,0.000,0.000
2026-04-03,17:18:49,44605,1,0.0000,-0.0061,0.0069,0.2027,0.0148,0,0.5740,0,0,4.0699,-12.7087,-65.5401,-2.8618,-173.4873,0.000,0.000,0.000
2026-04-03,17:18:49,44645,1,0.0000,0.0069,0.0053,0.1556,0.0148,0,0.5740,0,0,3.6516,-10.8928,-65.5385,-0.9111,-174.3359,0.000,0.000,0.000
2026-04-03,17:18:49,44679,1,0.0000,-0.0014,0.0068,0.2013,0.0148,0,0.5740,0,0,3.3734,-8.5803,-65.3662,3.2754,-174.9999,0.000,0.000,0.000
2026-04-03,17:18:49,44719,1,0.0000,-0.0041,0.0081,0.2386,0.0148,0,0.5740,0,0,3.0308,-9.4178,-65.2031,3.8013,-175.6433,0.000,0.000,0.000
2026-04-03,17:18:49,44759,1,0.0000,-0.0016,0.0075,0.2196,0.0148,0,0.5740,0,0,2.7150,-7.9475,-65.1513,2.1416,-176.1909,0.000,0.000,0.000
2026-04-03,17:18:49,44800,1,0.0000,-0.0014,0.0078,0.2289,0.0148,0,0.5740,0,0,2.4787,-9.4145,-65.1510,0.5989,-176.6842,0.000,0.000,0.000
2026-04-03,17:18:49,44840,1,0.0000,0.0077,0.0066,0.1937,0.0148,0,0.5740,0,0,2.3799,-1.5840,-65.1539,0.3469,-177.1028,0.000,0.000,0.000
2026-04-03,17:18:49,44880,1,0.0000,0.0177,0.0062,0.1833,0.0148,0,0.5740,0,0,2.1502,-4.8511,-65.0638,1.5846,-177.4325,0.000,0.000,0.000
2026-04-03,17:18:49,44920,1,0.0000,-0.0002,0.0084,0.2479,0.0148,0,0.5740,0,0,2.0295,-3.2784,-65.1235,-0.5820,-177.7503,0.000,0.000,0.000
2026-04-03,17:18:49,44960,1,0.0000,-0.0081,0.0081,0.2380,0.0149,0,0.5740,0,0,2.0930,3.1372,-65.1413,-0.4002,-177.9954,0.000,0.000,0.000
2026-04-03,17:18:49,45001,1,0.0000,-0.0092,0.0087,0.2566,0.0149,0,0.5740,0,0,1.7072,-10.9744,-65.1780,-0.9240,-178.1481,0.000,0.000,0.000
2026-04-03,17:18:49,45041,1,0.0000,-0.0098,0.0075,0.2206,0.0149,0,0.5740,0,0,1.7480,1.9048,-65.0260,2.5846,-178.3682,0.000,0.000,0.000
2026-04-03,17:18:49,45082,1,0.0000,-0.0114,0.0087,0.2560,0.0149,0,0.5740,0,0,1.5297,-4.3946,-64.9086,2.6323,-178.4843,0.000,0.000,0.000
2026-04-03,17:18:49,45122,1,0.0000,-0.0065,0.0069,0.2023,0.0148,0,0.5740,0,0,1.5355,-1.8633,-64.9806,-0.2874,-178.6579,0.000,0.000,0.000
2026-04-03,17:18:49,45162,1,0.0000,0.0126,0.0078,0.2304,0.0148,0,0.5740,0,0,1.4489,-1.1066,-65.0204,-0.6862,-178.7720,0.000,0.000,0.000
2026-04-03,17:18:49,45202,1,0.0000,0.0012,0.0075,0.2203,0.0148,0,0.5740,0,0,1.3805,-1.6983,-65.0799,-1.2754,-178.8475,0.000,0.000,0.000
2026-04-03,17:18:49,45242,1,0.0000,-0.0079,0.0081,0.2380,0.0149,0,0.5740,0,0,1.3503,-1.5520,-65.1204,-0.9432,-178.9218,0.000,0.000,0.000
2026-04-03,17:18:49,45283,1,0.0000,-0.0061,0.0072,0.2106,0.0148,0,0.5740,0,0,1.3518,0.3810,-65.0550,0.6037,-178.9863,0.000,0.000,0.000
2026-04-03,17:18:49,45323,1,0.0000,0.0185,0.0068,0.2012,0.0148,0,0.5740,0,0,1.2971,-0.3148,-65.1196,-1.1398,-171.9607,0.000,0.000,0.000
2026-04-03,17:18:49,45363,1,0.0000,-0.0067,0.0100,0.2930,0.0149,0,0.5740,0,0,1.3198,-1.2037,-65.9139,-15.3149,-120.1628,0.000,0.000,0.000
2026-04-03,17:18:49,45404,1,0.0000,0.0101,0.0068,0.2013,0.0148,0,0.5740,0,0,1.2499,-0.8589,-67.8806,-35.6806,-110.0552,0.000,0.000,0.000
2026-04-03,17:18:49,45444,1,0.0000,0.0133,0.0072,0.2106,0.0148,0,0.5740,0,0,1.1697,-2.2956,-69.2423,-32.9353,-120.2138,0.000,0.000,0.000
2026-04-03,17:18:49,45488,1,0.0000,0.0090,0.0059,0.1739,0.0148,0,0.5740,0,0,1.1438,-0.8932,-70.0296,-20.6456,-129.8436,0.000,0.000,0.000
2026-04-03,17:18:49,45529,1,0.0000,-0.0052,0.0075,0.2206,0.0148,0,0.5740,0,0,1.1611,0.3032,-70.6174,-15.8255,-133.6545,0.000,0.000,0.000
2026-04-03,17:18:50,45569,1,0.0000,0.0013,0.0065,0.1923,0.0148,0,0.5740,0,0,1.1025,-1.4491,-70.7035,-6.8808,-140.4890,0.000,0.000,0.000
2026-04-03,17:18:50,45609,1,0.0000,-0.0017,0.0078,0.2289,0.0148,0,0.5740,0,0,1.0748,-0.9930,-70.8333,-4.2710,-146.1927,0.000,0.000,0.000
2026-04-03,17:18:50,45649,1,0.0000,-0.0060,0.0078,0.2286,0.0148,0,0.5740,0,0,1.0557,-0.2640,-70.9356,-2.6833,-150.9282,0.000,0.000,0.000
2026-04-03,17:18:50,45689,1,0.0000,0.0145,0.0062,0.1829,0.0148,0,0.5740,0,0,1.0413,0.0309,-70.8389,0.4659,-155.1604,0.000,0.000,0.000
2026-04-03,17:18:50,45729,1,0.0000,-0.0065,0.0075,0.2203,0.0148,0,0.5740,0,0,1.0202,-0.2933,-71.0324,-3.5854,-158.7992,0.000,0.000,0.000
2026-04-03,17:18:50,45769,1,0.0000,-0.0144,0.0090,0.2659,0.0148,0,0.5740,0,0,1.0416,-0.5625,-71.1164,-2.3313,-161.8862,0.000,0.000,0.000
2026-04-03,17:18:50,45810,1,0.0000,-0.0077,0.0078,0.2296,0.0148,0,0.5740,0,0,1.0208,0.3585,-71.0156,0.9647,-164.4899,0.000,0.000,0.000
2026-04-03,17:18:50,45850,1,0.0000,0.0204,0.0056,0.1653,0.0148,0,0.5740,0,0,0.9848,-1.0490,-70.9388,1.2022,-166.7424,0.000,0.000,0.000
2026-04-03,17:18:50,45891,1,0.0000,-0.0123,0.0078,0.2303,0.0149,0,0.5740,0,0,0.9964,-0.5616,-71.0368,-1.1172,-168.5882,0.000,0.000,0.000
2026-04-03,17:18:50,45931,1,0.0000,-0.0119,0.0084,0.2476,0.0149,0,0.5740,0,0,0.9790,-0.1579,-71.1801,-2.7931,-170.2642,0.000,0.000,0.000
2026-04-03,17:18:50,45972,1,0.0000,-0.0005,0.0059,0.1746,0.0148,0,0.5740,0,0,0.9724,-0.1946,-71.3102,-2.9281,-171.6156,0.000,0.000,0.000
2026-04-03,17:18:50,46012,1,0.0000,0.0110,0.0063,0.1840,0.0148,0,0.5740,0,0,0.9542,-0.1262,-71.5046,-4.5574,-172.7892,0.000,0.000,0.000
2026-04-03,17:18:50,46052,1,0.0000,-0.0121,0.0071,0.2103,0.0148,0,0.5740,0,0,0.9457,-0.1908,-71.6618,-3.9069,-173.7626,0.000,0.000,0.000
2026-04-03,17:18:50,46092,1,0.0000,-0.0059,0.0081,0.2393,0.0148,0,0.5740,0,0,0.9331,-0.3570,-71.6048,0.0631,-174.6048,0.000,0.000,0.000
2026-04-03,17:18:50,46132,1,0.0000,-0.0061,0.0075,0.2199,0.0148,0,0.5740,0,0,1.0290,3.5633,-71.5522,0.5347,-175.3022,0.000,0.000,0.000
2026-04-03,17:18:50,46173,1,0.0000,0.0110,0.0065,0.1919,0.0148,0,0.5740,0,0,1.6881,18.4646,-71.7675,-3.5627,-175.5244,0.000,0.000,0.000
2026-04-03,17:18:50,46207,1,0.0000,-0.0192,0.0081,0.2386,0.0149,0,0.5740,0,0,2.0112,3.6350,-71.8660,-1.9705,-168.9581,0.000,0.000,0.000
2026-04-03,17:18:50,46247,1,0.0000,0.0130,0.0059,0.1743,0.0148,0,0.5740,0,0,0.7192,-34.2723,-71.4776,5.2480,-117.3454,0.000,0.000,0.000
2026-04-03,17:18:50,46287,1,0.0000,0.0096,0.0053,0.1563,0.0148,0,0.5740,0,0,-0.1170,-19.4582,-71.2825,5.0188,-73.4472,0.000,0.000,0.000
2026-04-03,17:18:50,46327,1,0.0000,0.0014,0.0069,0.2020,0.0148,0,0.5740,0,0,-0.4039,-3.9225,-71.1413,3.1841,-49.9302,0.000,0.000,0.000
2026-04-03,17:18:50,46367,1,0.0000,-0.0035,0.0075,0.2196,0.0148,0,0.5740,0,0,1.3899,38.9562,-72.1196,-13.8016,-55.1785,0.000,0.000,0.000
2026-04-03,17:18:50,46408,1,0.0000,-0.0044,0.0069,0.2020,0.0148,0,0.5740,0,0,0.6584,-16.1517,-72.5737,-11.2848,-73.5661,0.000,0.000,0.000
2026-04-03,17:18:50,46448,1,0.0000,0.0004,0.0056,0.1657,0.0148,0,0.5740,0,0,1.0997,14.0564,-72.6276,-4.6522,-89.2061,0.000,0.000,0.000
2026-04-03,17:18:50,46488,1,0.0000,-0.0038,0.0084,0.2476,0.0148,0,0.5740,0,0,0.8403,-8.9073,-72.4522,1.2819,-102.6054,0.000,0.000,0.000
2026-04-03,17:18:50,46529,1,0.0000,0.0066,0.0072,0.2113,0.0148,0,0.5740,0,0,1.0532,5.5702,-72.3802,1.1980,-114.0975,0.000,0.000,0.000
2026-04-03,17:18:51,46569,1,0.0000,0.0157,0.0062,0.1833,0.0148,0,0.5740,0,0,0.8847,-3.2593,-72.3203,1.6000,-123.8093,0.000,0.000,0.000
2026-04-03,17:18:51,46610,1,0.0000,0.0020,0.0078,0.2286,0.0148,0,0.5740,0,0,1.0051,1.1928,-72.2803,1.2069,-132.1083,0.000,0.000,0.000
2026-04-03,17:18:51,46651,1,0.0000,-0.0088,0.0084,0.2483,0.0148,0,0.5740,0,0,1.0048,1.6088,-72.2845,0.1152,-139.1663,0.000,0.000,0.000
2026-04-03,17:18:51,46691,1,0.0000,0.0017,0.0075,0.2200,0.0148,0,0.5740,0,0,1.0189,0.1902,-72.5432,-4.8155,-117.4389,0.000,0.000,0.000
2026-04-03,17:18:51,46733,1,0.0000,0.0023,0.0081,0.2374,0.0149,0,0.5740,0,0,1.0766,0.3163,-73.8671,-17.4069,-94.8474,0.000,0.000,0.000
2026-04-03,17:18:51,46773,1,0.0000,-0.0017,0.0100,0.2934,0.0149,0,0.5740,0,0,0.9256,-3.6865,-76.5835,-50.7038,-54.6608,0.000,0.000,0.000
2026-04-03,17:18:51,46814,1,0.0000,-0.0176,0.0112,0.3301,0.0150,0,0.5740,0,0,0.7670,-5.5001,-79.7848,-67.0278,-54.1574,0.000,0.000,0.000
2026-04-03,17:18:51,46855,1,0.0000,0.0054,0.0093,0.2750,0.0150,0,0.5740,0,0,0.6842,-1.4802,-82.0656,-55.5942,-72.3697,0.000,0.000,0.000
2026-04-03,17:18:51,46895,1,0.0000,0.0071,0.0084,0.2476,0.0149,0,0.5740,0,0,0.5734,-2.3838,-83.0994,-34.1001,-87.8378,0.000,0.000,0.000
2026-04-03,17:18:51,46936,1,0.0000,-0.0057,0.0087,0.2567,0.0149,0,0.5740,0,0,0.6399,0.9113,-83.4403,-15.9625,-101.0429,0.000,0.000,0.000
2026-04-03,17:18:51,46976,1,0.0000,0.0099,0.0056,0.1653,0.0149,0,0.5740,0,0,0.6483,0.0604,-83.3575,-3.8801,-112.4873,0.000,0.000,0.000
2026-04-03,17:18:51,47016,1,0.0000,-0.0177,0.0087,0.2569,0.0149,0,0.5740,0,0,0.6919,0.3569,-83.2668,0.1860,-122.3222,0.000,0.000,0.000
2026-04-03,17:18:51,47056,1,0.0000,0.0119,0.0075,0.2196,0.0149,0,0.5740,0,0,0.6798,0.5306,-83.3425,-1.5877,-130.8746,0.000,0.000,0.000
2026-04-03,17:18:51,47096,1,0.0000,-0.0123,0.0084,0.2476,0.0149,0,0.5740,0,0,0.6706,-1.7277,-83.5924,-4.6068,-124.9579,0.000,0.000,0.000
2026-04-03,17:18:51,47136,1,0.0000,0.0067,0.0072,0.2113,0.0148,0,0.5740,0,0,0.7423,0.6640,-83.9093,-7.1162,-133.0224,0.000,0.000,0.000
2026-04-03,17:18:51,47176,1,0.0000,-0.0120,0.0081,0.2380,0.0149,0,0.5740,0,0,0.7709,1.8564,-84.3444,-10.0392,-139.9604,0.000,0.000,0.000
2026-04-03,17:18:51,47217,1,0.0000,-0.0000,0.0075,0.2206,0.0149,0,0.5740,0,0,0.7458,0.5181,-84.7854,-10.8207,-145.8779,0.000,0.000,0.000
2026-04-03,17:18:51,47257,1,0.0000,0.0074,0.0056,0.1660,0.0148,0,0.5740,0,0,0.7907,-0.6033,-85.0942,-8.9576,-150.8882,0.000,0.000,0.000
2026-04-03,17:18:51,47297,1,0.0000,-0.0022,0.0078,0.2293,0.0149,0,0.5740,0,0,0.8257,1.8125,-85.3802,-7.9376,-155.1589,0.000,0.000,0.000
2026-04-03,17:18:51,47338,1,0.0000,0.0039,0.0069,0.2020,0.0148,0,0.5740,0,0,0.7773,-1.4622,-85.2979,-1.1218,-158.5764,0.000,0.000,0.000
2026-04-03,17:18:51,47378,1,0.0000,0.0025,0.0078,0.2293,0.0149,0,0.5740,0,0,0.7909,-0.9823,-84.9935,4.4592,-161.5934,0.000,0.000,0.000
2026-04-03,17:18:51,47419,1,0.0000,0.0059,0.0075,0.2206,0.0149,0,0.5740,0,0,0.8224,1.2810,-84.6382,7.2151,-164.2051,0.000,0.000,0.000
2026-04-03,17:18:51,47460,1,0.0000,-0.0106,0.0072,0.2110,0.0149,0,0.5740,0,0,0.7519,-0.3577,-84.2253,8.5401,-159.5320,0.000,0.000,0.000
2026-04-03,17:18:51,47500,1,0.0000,-0.0040,0.0075,0.2203,0.0148,0,0.5740,0,0,0.7825,-0.6886,-84.0242,5.7305,-162.6428,0.000,0.000,0.000
2026-04-03,17:18:52,47541,1,0.0000,0.0033,0.0063,0.1840,0.0148,0,0.5740,0,0,0.7801,-1.1604,-84.0583,1.7049,-165.2362,0.000,0.000,0.000
2026-04-03,17:18:52,47581,1,0.0000,0.0003,0.0075,0.2194,0.0148,0,0.5740,0,0,0.7672,0.2194,-84.0303,0.7255,-167.3803,0.000,0.000,0.000
2026-04-03,17:18:52,47621,1,0.0000,0.0009,0.0066,0.1930,0.0148,0,0.5740,0,0,0.7846,-0.0705,-84.1048,-0.4825,-169.1668,0.000,0.000,0.000
2026-04-03,17:18:52,47662,1,0.0000,0.0000,0.0065,0.1926,0.0148,0,0.5740,0,0,0.8218,1.5127,-84.0280,0.9567,-170.6080,0.000,0.000,0.000
2026-04-03,17:18:52,47702,1,0.0000,0.0045,0.0068,0.2011,0.0148,0,0.5740,0,0,0.8174,0.2961,-84.0046,0.6314,-171.9609,0.000,0.000,0.000
2026-04-03,17:18:52,47742,1,0.0000,-0.0058,0.0072,0.2104,0.0148,0,0.5740,0,0,0.8828,2.1144,-84.0644,-0.6485,-172.9894,0.000,0.000,0.000
2026-04-03,17:18:52,47782,1,0.0000,0.0021,0.0056,0.1659,0.0148,0,0.5740,0,0,0.8491,-1.6487,-84.0105,0.5451,-174.0340,0.000,0.000,0.000
2026-04-03,17:18:52,47822,1,0.0000,0.0023,0.0049,0.1455,0.0148,0,0.5740,0,0,0.7896,-1.3743,-83.9994,0.0343,-174.9299,0.000,0.000,0.000
2026-04-03,17:18:52,47862,1,0.0000,0.0023,0.0066,0.1935,0.0148,0,0.5740,0,0,0.8084,-0.0697,-83.9993,0.1274,-175.4708,0.000,0.000,0.000
2026-04-03,17:18:52,47902,1,0.0000,-0.0021,0.0081,0.2379,0.0148,0,0.5740,0,0,0.8196,0.4527,-83.6396,5.8010,-175.8209,0.000,0.000,0.000
2026-04-03,17:18:52,47944,1,0.0000,-0.0121,0.0100,0.2936,0.0149,0,0.5740,0,0,0.8037,-1.2198,-82.9753,9.1491,-176.1029,0.000,0.000,0.000
2026-04-03,17:18:52,47984,1,0.0000,0.0010,0.0078,0.2288,0.0149,0,0.5740,0,0,0.7444,-1.5443,-82.5863,9.0016,-169.6325,0.000,0.000,0.000
2026-04-03,17:18:52,48024,1,0.0000,-0.0067,0.0084,0.2471,0.0149,0,0.5740,0,0,0.6866,-1.7844,-82.4871,4.0811,-136.6987,0.000,0.000,0.000
2026-04-03,17:18:52,48058,1,0.0000,-0.0034,0.0078,0.2293,0.0149,0,0.5740,0,0,0.7518,1.7548,-82.5718,0.0183,-129.5682,0.000,0.000,0.000
2026-04-03,17:18:52,48098,1,0.0000,0.0032,0.0068,0.2009,0.0148,0,0.5740,0,0,0.7313,0.0169,-82.5445,0.8434,-136.9219,0.000,0.000,0.000
2026-04-03,17:18:52,48138,1,0.0000,0.0173,0.0044,0.1287,0.0148,0,0.5740,0,0,0.7500,-0.2541,-82.3045,4.5506,-143.2837,0.000,0.000,0.000
2026-04-03,17:18:52,48180,1,0.0000,0.0054,0.0063,0.1841,0.0148,0,0.5740,0,0,0.8075,1.3471,-82.2138,3.0078,-148.7525,0.000,0.000,0.000
2026-04-03,17:18:52,48220,1,0.0000,-0.0076,0.0062,0.1837,0.0148,0,0.5740,0,0,0.8899,3.1320,-81.9738,5.5779,-153.2484,0.000,0.000,0.000
2026-04-03,17:18:52,48260,1,0.0000,-0.0078,0.0087,0.2566,0.0149,0,0.5740,0,0,0.8537,-0.8217,-81.6839,6.5822,-157.2166,0.000,0.000,0.000
2026-04-03,17:18:52,48300,1,0.0000,-0.0069,0.0087,0.2567,0.0149,0,0.5740,0,0,0.9039,0.6101,-81.6178,3.1202,-160.5172,0.000,0.000,0.000
2026-04-03,17:18:52,48340,1,0.0000,-0.0096,0.0084,0.2472,0.0149,0,0.5740,0,0,0.8871,0.7991,-81.6310,1.1628,-163.2753,0.000,0.000,0.000
2026-04-03,17:18:52,48381,1,0.0000,0.0047,0.0081,0.2382,0.0149,0,0.5740,0,0,0.8389,-1.0490,-81.4820,2.8701,-165.7096,0.000,0.000,0.000
2026-04-03,17:18:52,48421,1,0.0000,-0.0201,0.0103,0.3024,0.0150,0,0.5740,0,0,0.8847,-0.1920,-81.2211,5.2083,-167.7662,0.000,0.000,0.000
2026-04-03,17:18:52,48462,1,0.0000,-0.0022,0.0100,0.2933,0.0150,0,0.5740,0,0,0.7810,-3.8703,-81.1441,2.9113,-142.3142,0.000,0.000,0.000
2026-04-03,17:18:52,48502,1,0.0000,-0.0087,0.0106,0.3116,0.0150,0,0.5740,0,0,0.8244,2.1354,-81.1842,0.4120,-147.8083,0.000,0.000,0.000
2026-04-03,17:18:53,48542,1,0.0000,-0.0140,0.0106,0.3117,0.0150,0,0.5740,0,0,0.8088,-0.5393,-81.0851,2.6588,-152.4549,0.000,0.000,0.000
2026-04-03,17:18:53,48582,1,0.0000,0.0101,0.0087,0.2565,0.0150,0,0.5740,0,0,0.7919,0.6574,-80.9228,3.4334,-156.5157,0.000,0.000,0.000
2026-04-03,17:18:53,48622,1,0.0000,0.0110,0.0078,0.2294,0.0150,0,0.5740,0,0,0.8313,0.1494,-80.8140,2.7076,-159.8367,0.000,0.000,0.000
2026-04-03,17:18:53,48663,1,0.0000,0.0076,0.0097,0.2843,0.0150,0,0.5740,0,0,0.8125,-2.2514,-80.8403,0.5669,-155.9416,0.000,0.000,0.000
2026-04-03,17:18:53,48703,1,0.0000,0.0069,0.0084,0.2476,0.0150,0,0.5740,0,0,0.8195,1.1259,-80.8177,0.7008,-159.4230,0.000,0.000,0.000
2026-04-03,17:18:53,48743,1,0.0000,-0.0030,0.0106,0.3117,0.0150,0,0.5740,0,0,0.7792,-1.1821,-80.7300,1.4674,-162.4717,0.000,0.000,0.000
2026-04-03,17:18:53,48777,1,0.0000,0.0040,0.0100,0.2933,0.0150,0,0.5740,0,0,0.8342,0.7432,-80.7337,0.6092,-164.6759,0.000,0.000,0.000
2026-04-03,17:18:53,48817,1,0.0000,0.0058,0.0084,0.2477,0.0150,0,0.5740,0,0,0.8379,0.9630,-80.8758,-2.3496,-166.8676,0.000,0.000,0.000
2026-04-03,17:18:53,48857,1,0.0000,-0.0003,0.0106,0.3117,0.0150,0,0.5740,0,0,0.8404,0.7043,-80.9306,-1.7786,-168.7113,0.000,0.000,0.000
2026-04-03,17:18:53,48897,1,0.0000,-0.0064,0.0112,0.3301,0.0150,0,0.5740,0,0,0.8539,-0.1493,-81.0345,-2.0448,-170.2834,0.000,0.000,0.000
2026-04-03,17:18:53,48937,1,0.0000,-0.0005,0.0103,0.3025,0.0149,0,0.5740,0,0,0.8823,0.4472,-81.1609,-2.8884,-171.7104,0.000,0.000,0.000
2026-04-03,17:18:53,48971,1,0.0000,-0.0108,0.0093,0.2750,0.0150,0,0.5740,0,0,0.8609,-0.4603,-81.2656,-3.2890,-172.7199,0.000,0.000,0.000
2026-04-03,17:18:53,49011,1,0.0000,0.0001,0.0084,0.2475,0.0149,0,0.5740,0,0,0.8732,-0.9112,-81.4555,-4.1520,-173.6748,0.000,0.000,0.000
2026-04-03,17:18:53,49045,1,0.0000,-0.0062,0.0094,0.2752,0.0150,0,0.5740,0,0,0.8963,1.6825,-81.4414,-0.9836,-174.4524,0.000,0.000,0.000
2026-04-03,17:18:53,49086,1,0.0000,0.0169,0.0078,0.2291,0.0149,0,0.5740,0,0,0.9092,-0.2452,-81.2658,2.4760,-175.1614,0.000,0.000,0.000
2026-04-03,17:18:53,49128,1,0.0000,0.0091,0.0072,0.2109,0.0149,0,0.5740,0,0,0.8809,-1.1054,-81.1861,2.5833,-175.6399,0.000,0.000,0.000
2026-04-03,17:18:53,49169,1,0.0000,-0.0000,0.0081,0.2380,0.0149,0,0.5740,0,0,0.8047,-1.3088,-81.0896,2.2260,-176.2841,0.000,0.000,0.000
2026-04-03,17:18:53,49209,1,0.0000,-0.0061,0.0118,0.3485,0.0150,0,0.5740,0,0,0.8316,-0.8397,-81.0633,1.2916,-176.7750,0.000,0.000,0.000
2026-04-03,17:18:53,49249,1,0.0000,0.0042,0.0094,0.2751,0.0149,0,0.5740,0,0,0.7908,-0.3219,-81.0451,0.5878,-177.2266,0.000,0.000,0.000
2026-04-03,17:18:53,49289,1,0.0000,0.0017,0.0109,0.3208,0.0149,0,0.5740,0,0,0.8954,2.1895,-81.1391,-1.0533,-177.4411,0.000,0.000,0.000
2026-04-03,17:18:53,49330,1,0.0000,0.0020,0.0094,0.2751,0.0149,0,0.5740,0,0,0.8441,-0.7387,-81.0306,1.5375,-177.7797,0.000,0.000,0.000
2026-04-03,17:18:53,49370,1,0.0000,-0.0183,0.0106,0.3117,0.0150,0,0.5740,0,0,0.8467,-0.5341,-80.9363,1.7402,-178.0626,0.000,0.000,0.000
2026-04-03,17:18:53,49411,1,0.0000,0.0040,0.0106,0.3116,0.0150,0,0.5740,0,0,0.7807,-2.6553,-81.0372,-1.2081,-164.4013,0.000,0.000,0.000
2026-04-03,17:18:53,49451,1,0.0000,0.0012,0.0090,0.2658,0.0149,0,0.5740,0,0,0.7812,0.1053,-81.0321,-0.1999,-166.6911,0.000,0.000,0.000
2026-04-03,17:18:53,49484,1,0.0000,0.0023,0.0081,0.2382,0.0150,0,0.5740,0,0,0.7719,-0.0125,-80.9940,0.5585,-168.1336,0.000,0.000,0.000
2026-04-03,17:18:53,49524,1,0.0000,0.0074,0.0087,0.2568,0.0150,0,0.5740,0,0,0.6737,-2.9570,-80.8902,1.9053,-169.8634,0.000,0.000,0.000
2026-04-03,17:18:54,49565,1,0.0000,0.0122,0.0100,0.2935,0.0149,0,0.5740,0,0,0.6672,-0.5940,-80.7954,2.0878,-171.3278,0.000,0.000,0.000
2026-04-03,17:18:54,49605,1,0.0000,0.0063,0.0087,0.2570,0.0149,0,0.5740,0,0,0.6982,1.5941,-80.8016,0.7841,-172.4036,0.000,0.000,0.000
2026-04-03,17:18:54,49645,1,0.0000,0.0096,0.0100,0.2934,0.0149,0,0.5740,0,0,0.6963,0.6000,-80.8494,-0.5327,-173.4549,0.000,0.000,0.000
2026-04-03,17:18:54,49689,1,0.0000,0.0022,0.0075,0.2200,0.0149,0,0.5740,0,0,0.7207,0.6623,-80.8421,-0.2842,-174.4930,0.000,0.000,0.000
2026-04-03,17:18:54,49729,1,0.0000,0.0005,0.0075,0.2200,0.0149,0,0.5740,0,0,0.7872,2.1968,-81.0094,-3.1421,-175.1378,0.000,0.000,0.000
2026-04-03,17:18:54,49770,1,0.0000,-0.0077,0.0081,0.2383,0.0149,0,0.5740,0,0,0.7664,-0.7050,-81.1938,-4.2492,-175.7743,0.000,0.000,0.000
2026-04-03,17:18:54,49810,1,0.0000,-0.0179,0.0088,0.2575,0.0149,0,0.5740,0,0,0.8080,0.3737,-81.4292,-5.3976,-176.2766,0.000,0.000,0.000
2026-04-03,17:18:54,49850,1,0.0000,0.0009,0.0068,0.2013,0.0149,0,0.5740,0,0,0.8114,-0.8110,-81.5072,-2.9531,-176.8228,0.000,0.000,0.000
2026-04-03,17:18:54,49890,1,0.0000,-0.0010,0.0084,0.2479,0.0149,0,0.5740,0,0,0.8495,2.7283,-81.5751,-2.1460,-177.2090,0.000,0.000,0.000
2026-04-03,17:18:54,49930,1,0.0000,0.0076,0.0075,0.2203,0.0148,0,0.5740,0,0,0.8099,-0.4144,-81.5523,-0.3869,-177.5392,0.000,0.000,0.000
2026-04-03,17:18:54,49970,1,0.0000,-0.0010,0.0078,0.2287,0.0149,0,0.5740,0,0,0.8211,0.4922,-81.6501,-2.1999,-177.8180,0.000,0.000,0.000
2026-04-03,17:18:54,50004,1,0.0000,-0.0183,0.0087,0.2572,0.0149,0,0.5740,0,0,0.8229,-0.7142,-81.7021,-1.4822,-177.9749,0.000,0.000,0.000
2026-04-03,17:18:54,50044,1,0.0000,0.0144,0.0072,0.2106,0.0148,0,0.5740,0,0,0.8479,0.4198,-81.6466,0.4344,-178.2357,0.000,0.000,0.000
2026-04-03,17:18:54,50084,1,0.0000,0.0178,0.0053,0.1556,0.0148,0,0.5740,0,0,0.8802,2.0468,-81.5663,1.9779,-178.3191,0.000,0.000,0.000
2026-04-03,17:18:54,50124,1,0.0000,0.0088,0.0066,0.1930,0.0149,0,0.5740,0,0,0.8406,-0.5689,-81.4790,1.6802,-178.5604,0.000,0.000,0.000
2026-04-03,17:18:54,50165,1,0.0000,-0.0043,0.0075,0.2206,0.0149,0,0.5740,0,0,0.8151,-0.8066,-81.4835,0.6919,-178.7255,0.000,0.000,0.000
2026-04-03,17:18:54,50206,1,0.0000,0.0017,0.0084,0.2473,0.0149,0,0.5740,0,0,0.8800,1.0829,-81.5013,-0.0091,-178.7482,0.000,0.000,0.000
2026-04-03,17:18:54,50246,1,0.0000,0.0033,0.0068,0.2013,0.0149,0,0.5740,0,0,0.8960,-0.1379,-81.4092,1.8525,-171.6329,0.000,0.000,0.000
2026-04-03,17:18:54,50286,1,0.0000,-0.0037,0.0075,0.2197,0.0149,0,0.5740,0,0,0.7514,-3.6884,-81.3255,1.8419,-126.3507,0.000,0.000,0.000
2026-04-03,17:18:54,50328,1,0.0000,-0.0122,0.0091,0.2662,0.0149,0,0.5740,0,0,0.7431,-0.2713,-81.2980,1.5819,-123.7177,0.000,0.000,0.000
2026-04-03,17:18:54,50368,1,0.0000,0.0012,0.0087,0.2564,0.0149,0,0.5740,0,0,0.8552,0.9580,-81.3635,-0.9383,-131.8856,0.000,0.000,0.000
2026-04-03,17:18:54,50409,1,0.0000,-0.0045,0.0078,0.2293,0.0149,0,0.5740,0,0,0.7869,-1.4766,-81.4760,-2.1766,-131.9990,0.000,0.000,0.000
2026-04-03,17:18:54,50449,1,0.0000,-0.0077,0.0084,0.2476,0.0149,0,0.5740,0,0,0.8513,1.9201,-81.6586,-3.6366,-138.9966,0.000,0.000,0.000
2026-04-03,17:18:54,50489,1,0.0000,0.0034,0.0091,0.2662,0.0149,0,0.5740,0,0,0.8575,0.7238,-81.7363,-2.5981,-144.9843,0.000,0.000,0.000
2026-04-03,17:18:54,50530,1,0.0000,0.0005,0.0087,0.2569,0.0149,0,0.5740,0,0,0.8335,0.0642,-81.7266,-0.6178,-150.1440,0.000,0.000,0.000
2026-04-03,17:18:55,50570,1,0.0000,0.0065,0.0090,0.2657,0.0149,0,0.5740,0,0,0.7883,-0.6392,-81.5967,1.7389,-154.5272,0.000,0.000,0.000
2026-04-03,17:18:55,50610,1,0.0000,-0.0014,0.0081,0.2386,0.0149,0,0.5740,0,0,0.8354,1.5346,-81.7242,-1.6236,-158.2404,0.000,0.000,0.000
2026-04-03,17:18:55,50650,1,0.0000,0.0115,0.0075,0.2206,0.0148,0,0.5740,0,0,0.8175,-1.0073,-81.6120,1.7828,-161.4160,0.000,0.000,0.000
2026-04-03,17:18:55,50691,1,0.0000,0.0105,0.0062,0.1836,0.0148,0,0.5740,0,0,0.8597,0.6387,-81.4715,2.6626,-164.1579,0.000,0.000,0.000
2026-04-03,17:18:55,50732,1,0.0000,0.0025,0.0075,0.2207,0.0148,0,0.5740,0,0,0.8399,0.7512,-81.4637,0.8581,-166.4707,0.000,0.000,0.000
2026-04-03,17:18:55,50772,1,0.0000,-0.0001,0.0071,0.2102,0.0148,0,0.5740,0,0,0.8460,-0.4544,-81.5123,-0.6975,-168.3383,0.000,0.000,0.000
2026-04-03,17:18:55,50812,1,0.0000,-0.0131,0.0072,0.2103,0.0149,0,0.5740,0,0,0.9566,3.2911,-81.5732,-0.9455,-169.8927,0.000,0.000,0.000
2026-04-03,17:18:55,50852,1,0.0000,-0.0020,0.0078,0.2296,0.0149,0,0.5740,0,0,0.9380,-0.2782,-81.4996,0.8225,-171.3065,0.000,0.000,0.000
2026-04-03,17:18:55,50892,1,0.0000,-0.0095,0.0097,0.2839,0.0149,0,0.5740,0,0,0.8132,-3.7006,-81.1189,6.7210,-172.6122,0.000,0.000,0.000
2026-04-03,17:18:55,50926,1,0.0000,-0.0008,0.0081,0.2383,0.0149,0,0.5740,0,0,0.7777,-1.0373,-80.8417,7.4491,-146.2579,0.000,0.000,0.000
2026-04-03,17:18:55,50966,1,0.0000,0.0070,0.0084,0.2472,0.0149,0,0.5740,0,0,0.8190,2.5018,-80.7417,3.9567,-151.1807,0.000,0.000,0.000
2026-04-03,17:18:55,51007,1,0.0000,-0.0058,0.0090,0.2658,0.0149,0,0.5740,0,0,0.7630,-3.2283,-80.7031,2.2078,-155.3985,0.000,0.000,0.000
2026-04-03,17:18:55,51047,1,0.0000,0.0090,0.0075,0.2200,0.0149,0,0.5740,0,0,0.6906,-0.5723,-80.6249,1.9824,-139.1579,0.000,0.000,0.000
2026-04-03,17:18:55,51087,1,0.0000,0.0041,0.0069,0.2019,0.0149,0,0.5740,0,0,0.8435,2.6348,-80.9155,-4.5728,-145.1014,0.000,0.000,0.000
2026-04-03,17:18:55,51127,1,0.0000,0.0056,0.0072,0.2110,0.0148,0,0.5740,0,0,0.6929,-2.1849,-80.9070,-0.8526,-150.1368,0.000,0.000,0.000
2026-04-03,17:18:55,51167,1,0.0000,-0.0132,0.0094,0.2753,0.0149,0,0.5740,0,0,0.8310,1.5430,-80.9072,-0.3235,-154.4298,0.000,0.000,0.000
2026-04-03,17:18:55,51207,1,0.0000,-0.0003,0.0063,0.1847,0.0148,0,0.5740,0,0,0.8543,1.7563,-80.9570,-1.4058,-158.1721,0.000,0.000,0.000
2026-04-03,17:18:55,51248,1,0.0000,0.0082,0.0066,0.1934,0.0148,0,0.5740,0,0,0.9401,1.6766,-81.0537,-1.6709,-154.1385,0.000,0.000,0.000
2026-04-03,17:18:55,51288,1,0.0000,-0.0039,0.0087,0.2573,0.0148,0,0.5740,0,0,0.8650,-0.9085,-81.0099,-0.0310,-157.9756,0.000,0.000,0.000
2026-04-03,17:18:55,51329,1,0.0000,0.0036,0.0069,0.2023,0.0149,0,0.5740,0,0,0.8365,-2.2735,-80.9977,0.2620,-154.3566,0.000,0.000,0.000
2026-04-03,17:18:55,51369,1,0.0000,-0.0097,0.0075,0.2200,0.0149,0,0.5740,0,0,0.8779,3.0205,-81.0266,-0.1018,-158.0068,0.000,0.000,0.000
2026-04-03,17:18:55,51409,1,0.0000,-0.0089,0.0087,0.2569,0.0149,0,0.5740,0,0,0.8061,-2.0900,-80.9622,1.2093,-161.1354,0.000,0.000,0.000
2026-04-03,17:18:55,51449,1,0.0000,0.0006,0.0087,0.2572,0.0149,0,0.5740,0,0,0.7845,-1.1956,-80.9320,0.7605,-157.5257,0.000,0.000,0.000
2026-04-03,17:18:55,51489,1,0.0000,-0.0017,0.0087,0.2566,0.0149,0,0.5740,0,0,0.8465,0.7709,-81.0083,-0.9589,-160.8044,0.000,0.000,0.000
2026-04-03,17:18:55,51523,1,0.0000,-0.0011,0.0081,0.2380,0.0149,0,0.5740,0,0,0.8276,0.1803,-81.0579,-1.0851,-161.6238,0.000,0.000,0.000
2026-04-03,17:18:56,51563,1,0.0000,0.0067,0.0062,0.1833,0.0148,0,0.5740,0,0,0.8419,1.0699,-81.2311,-3.3931,-164.2558,0.000,0.000,0.000
2026-04-03,17:18:56,51604,1,0.0000,0.0049,0.0065,0.1923,0.0149,0,0.5740,0,0,0.8873,-0.6050,-81.3039,-2.0732,-166.5062,0.000,0.000,0.000
2026-04-03,17:18:56,51644,1,0.0000,-0.0022,0.0078,0.2293,0.0149,0,0.5740,0,0,0.8648,0.1917,-81.2333,0.5093,-168.4328,0.000,0.000,0.000
2026-04-03,17:18:56,51684,1,0.0000,0.0034,0.0072,0.2110,0.0149,0,0.5740,0,0,0.9286,2.0971,-81.3003,-0.8524,-169.9939,0.000,0.000,0.000
2026-04-03,17:18:56,51724,1,0.0000,0.0104,0.0059,0.1739,0.0148,0,0.5740,0,0,0.9282,0.9655,-81.3611,-1.5520,-171.3872,0.000,0.000,0.000
2026-04-03,17:18:56,51765,1,0.0000,-0.0044,0.0069,0.2016,0.0148,0,0.5740,0,0,0.8895,-2.4286,-81.2641,1.1670,-159.2066,0.000,0.000,0.000
2026-04-03,17:18:56,51805,1,0.0000,0.0108,0.0046,0.1367,0.0148,0,0.5740,0,0,0.7903,-2.4487,-81.2322,0.8596,-141.2397,0.000,0.000,0.000
2026-04-03,17:18:56,51845,1,0.0000,-0.0064,0.0075,0.2198,0.0148,0,0.5740,0,0,0.6823,-2.1646,-81.3011,-0.8908,-127.9289,0.000,0.000,0.000
2026-04-03,17:18:56,51885,1,0.0000,-0.0099,0.0056,0.1658,0.0148,0,0.5740,0,0,0.8092,2.1576,-81.3920,-1.8360,-135.5589,0.000,0.000,0.000
2026-04-03,17:18:56,51925,1,0.0000,0.0023,0.0062,0.1828,0.0148,0,0.5740,0,0,0.8665,2.0954,-81.6903,-5.6348,-141.9894,0.000,0.000,0.000
2026-04-03,17:18:56,51966,1,0.0000,0.0001,0.0069,0.2024,0.0148,0,0.5740,0,0,0.8167,-1.2777,-81.5773,0.7340,-147.5170,0.000,0.000,0.000
2026-04-03,17:18:56,52007,1,0.0000,-0.0087,0.0065,0.1926,0.0148,0,0.5740,0,0,0.8400,-0.3928,-81.5447,0.2523,-152.3801,0.000,0.000,0.000
2026-04-03,17:18:56,52041,1,0.0000,-0.0075,0.0072,0.2109,0.0148,0,0.5740,0,0,0.7960,-0.4339,-81.7074,-2.7829,-155.5216,0.000,0.000,0.000
2026-04-03,17:18:56,52081,1,0.0000,0.0046,0.0072,0.2105,0.0148,0,0.5740,0,0,0.8864,2.0639,-81.8143,-2.2776,-158.9957,0.000,0.000,0.000
2026-04-03,17:18:56,52122,1,0.0000,0.0101,0.0066,0.1930,0.0148,0,0.5740,0,0,0.7626,-2.5688,-81.7149,0.5311,-142.2649,0.000,0.000,0.000
2026-04-03,17:18:56,52162,1,0.0000,0.0071,0.0078,0.2293,0.0148,0,0.5740,0,0,0.8551,0.4044,-81.8370,-1.6702,-147.7595,0.000,0.000,0.000
2026-04-03,17:18:56,52203,1,0.0000,0.0104,0.0072,0.2117,0.0148,0,0.5740,0,0,0.8607,-0.7839,-81.7521,1.0955,-152.4756,0.000,0.000,0.000
2026-04-03,17:18:56,52247,1,0.0000,-0.0045,0.0065,0.1926,0.0148,0,0.5740,0,0,0.9043,2.8247,-81.6203,2.9413,-156.8900,0.000,0.000,0.000
2026-04-03,17:18:56,52287,1,0.0000,-0.0066,0.0100,0.2933,0.0149,0,0.5740,0,0,0.8033,-2.6071,-81.3145,6.4188,-153.0985,0.000,0.000,0.000
2026-04-03,17:18:56,52327,1,0.0000,0.0160,0.0069,0.2016,0.0148,0,0.5740,0,0,0.8012,-1.2276,-81.0183,7.0555,-144.3719,0.000,0.000,0.000
2026-04-03,17:18:56,52367,1,0.0000,-0.0111,0.0078,0.2290,0.0149,0,0.5740,0,0,0.8176,0.5719,-80.8331,5.4143,-149.6120,0.000,0.000,0.000
2026-04-03,17:18:56,52407,1,0.0000,0.0104,0.0065,0.1923,0.0148,0,0.5740,0,0,0.8253,-0.2003,-80.6643,4.8950,-154.0845,0.000,0.000,0.000
2026-04-03,17:18:56,52451,1,0.0000,0.0006,0.0072,0.2113,0.0148,0,0.5740,0,0,0.9357,3.9600,-80.7247,0.2758,-158.1679,0.000,0.000,0.000
2026-04-03,17:18:56,52491,1,0.0000,-0.0049,0.0063,0.1840,0.0148,0,0.5740,0,0,0.8421,-2.2225,-80.8232,-1.8380,-140.2903,0.000,0.000,0.000
2026-04-03,17:18:56,52531,1,0.0000,0.0008,0.0075,0.2206,0.0148,0,0.5740,0,0,0.7574,-3.3292,-80.9574,-3.1781,-106.8498,0.000,0.000,0.000
2026-04-03,17:18:57,52572,1,0.0000,0.0102,0.0069,0.2020,0.0148,0,0.5740,0,0,0.6865,-1.1330,-81.0688,-3.0199,-90.4074,0.000,0.000,0.000
2026-04-03,17:18:57,52612,1,0.0000,0.0076,0.0078,0.2293,0.0149,0,0.5740,0,0,0.6116,-0.7878,-81.2499,-4.2917,-97.2565,0.000,0.000,0.000
2026-04-03,17:18:57,52653,1,0.0000,0.0097,0.0069,0.2020,0.0148,0,0.5740,0,0,0.8004,3.6239,-81.4961,-5.2790,-109.3199,0.000,0.000,0.000
2026-04-03,17:18:57,52693,1,0.0000,-0.0036,0.0087,0.2566,0.0148,0,0.5740,0,0,0.7395,-1.2020,-81.4223,-0.5352,-112.8765,0.000,0.000,0.000
2026-04-03,17:18:57,52735,1,0.0000,0.0029,0.0072,0.2113,0.0148,0,0.5740,0,0,0.7884,0.5970,-81.4643,-0.5567,-118.0697,0.000,0.000,0.000
2026-04-03,17:18:57,52776,1,0.0000,0.0025,0.0053,0.1563,0.0148,0,0.5740,0,0,0.7541,1.5273,-81.5278,-1.4622,-127.2325,0.000,0.000,0.000
2026-04-03,17:18:57,52816,1,0.0000,-0.0066,0.0062,0.1833,0.0148,0,0.5740,0,0,0.7031,-2.6062,-81.5297,-0.7199,-135.0886,0.000,0.000,0.000
2026-04-03,17:18:57,52857,1,0.0000,0.0008,0.0069,0.2024,0.0148,0,0.5740,0,0,0.7567,-0.2214,-81.6454,-2.1091,-141.7271,0.000,0.000,0.000
2026-04-03,17:18:57,52897,1,0.0000,0.0004,0.0065,0.1926,0.0148,0,0.5740,0,0,0.8142,0.6498,-81.6791,-0.5947,-147.2271,0.000,0.000,0.000
2026-04-03,17:18:57,52937,1,0.0000,-0.0053,0.0075,0.2199,0.0148,0,0.5740,0,0,0.8374,1.4439,-81.6299,0.1602,-152.0858,0.000,0.000,0.000
2026-04-03,17:18:57,52978,1,0.0000,0.0082,0.0062,0.1828,0.0148,0,0.5740,0,0,0.8584,0.7808,-81.5771,1.2914,-156.1373,0.000,0.000,0.000
2026-04-03,17:18:57,53018,1,0.0000,-0.0122,0.0076,0.2223,0.0148,0,0.5740,0,0,0.8216,-0.7477,-81.5323,0.8808,-152.6571,0.000,0.000,0.000
2026-04-03,17:18:57,53058,1,0.0000,-0.0081,0.0066,0.1938,0.0148,0,0.5740,0,0,0.8880,0.2134,-81.5228,0.9551,-156.5881,0.000,0.000,0.000
2026-04-03,17:18:57,53098,1,0.0000,0.0005,0.0062,0.1829,0.0148,0,0.5740,0,0,0.8636,-0.6440,-81.5217,0.1484,-160.0225,0.000,0.000,0.000
2026-04-03,17:18:57,53139,1,0.0000,-0.0070,0.0072,0.2106,0.0148,0,0.5740,0,0,0.8883,0.7311,-81.4224,1.8936,-162.8410,0.000,0.000,0.000
2026-04-03,17:18:57,53180,1,0.0000,0.0033,0.0075,0.2203,0.0148,0,0.5740,0,0,0.8711,0.1584,-81.3691,1.0529,-158.3331,0.000,0.000,0.000
2026-04-03,17:18:57,53220,1,0.0000,0.0026,0.0072,0.2117,0.0148,0,0.5740,0,0,0.8959,0.4014,-81.4658,-1.1025,-161.4572,0.000,0.000,0.000
2026-04-03,17:18:57,53261,1,0.0000,-0.0008,0.0075,0.2199,0.0148,0,0.5740,0,0,0.9305,1.2144,-81.6248,-2.9400,-164.1643,0.000,0.000,0.000
2026-04-03,17:18:57,53301,1,0.0000,0.0058,0.0072,0.2113,0.0148,0,0.5740,0,0,0.9188,2.1254,-81.7911,-3.7833,-166.4474,0.000,0.000,0.000
2026-04-03,17:18:57,53341,1,0.0000,-0.0158,0.0078,0.2283,0.0149,0,0.5740,0,0,0.8941,-0.4336,-81.9420,-3.3765,-168.3793,0.000,0.000,0.000
2026-04-03,17:18:57,53381,1,0.0000,0.0069,0.0069,0.2016,0.0149,0,0.5740,0,0,0.9378,1.1266,-81.9565,-1.9271,-169.9761,0.000,0.000,0.000
2026-04-03,17:18:57,53421,1,0.0000,0.0043,0.0072,0.2113,0.0149,0,0.5740,0,0,0.9012,-1.0501,-82.0185,-1.4479,-171.4219,0.000,0.000,0.000
2026-04-03,17:18:57,53461,1,0.0000,-0.0173,0.0103,0.3028,0.0149,0,0.5740,0,0,0.9341,1.0526,-81.8229,3.0076,-172.6251,0.000,0.000,0.000
2026-04-03,17:18:57,53495,1,0.0000,-0.0068,0.0097,0.2845,0.0149,0,0.5740,0,0,0.9303,-0.1212,-81.7839,1.9361,-173.5539,0.000,0.000,0.000
2026-04-03,17:18:58,53535,1,0.0000,-0.0035,0.0100,0.2934,0.0150,0,0.5740,0,0,0.8968,-0.4838,-81.9130,-1.5520,-167.4736,0.000,0.000,0.000
2026-04-03,17:18:58,53579,1,0.0000,-0.0035,0.0103,0.3026,0.0150,0,0.5740,0,0,0.8562,-2.0017,-82.1610,-3.7604,-169.4375,0.000,0.000,0.000
2026-04-03,17:18:58,53619,1,0.0000,0.0049,0.0087,0.2569,0.0150,0,0.5740,0,0,0.8870,0.6162,-82.2266,-1.5923,-170.7926,0.000,0.000,0.000
2026-04-03,17:18:58,53659,1,0.0000,0.0142,0.0094,0.2751,0.0150,0,0.5740,0,0,0.8887,0.5116,-82.0765,2.0571,-171.9216,0.000,0.000,0.000
2026-04-03,17:18:58,53699,1,0.0000,0.0040,0.0093,0.2749,0.0150,0,0.5740,0,0,0.8815,-0.6423,-81.9348,2.9805,-173.0426,0.000,0.000,0.000
2026-04-03,17:18:58,53739,1,0.0000,0.0065,0.0094,0.2751,0.0150,0,0.5740,0,0,0.8781,-0.8187,-81.8308,3.0578,-174.0585,0.000,0.000,0.000
2026-04-03,17:18:58,53783,1,0.0000,-0.0040,0.0100,0.2935,0.0150,0,0.5740,0,0,0.9190,0.6827,-81.6827,3.5120,-174.9894,0.000,0.000,0.000
2026-04-03,17:18:58,53823,1,0.0000,0.0059,0.0087,0.2567,0.0150,0,0.5740,0,0,0.9167,1.1583,-81.6793,0.8285,-169.4971,0.000,0.000,0.000
2026-04-03,17:18:58,53863,1,0.0000,0.0054,0.0090,0.2660,0.0150,0,0.5740,0,0,0.8940,-0.8361,-81.7668,-1.2470,-170.9147,0.000,0.000,0.000
2026-04-03,17:18:58,53904,1,0.0000,0.0033,0.0087,0.2567,0.0150,0,0.5740,0,0,0.8961,-1.3332,-82.0285,-4.8225,-158.8771,0.000,0.000,0.000
