Date,Time,Timestamp_ms,Kite_ID,Commanded_Vel_rps,Actual_Vel_rps,Torque_Nm,Tension_N,Line_Length_m,Target_Enabled,Target_Length_m,Remote_Joy,Remote_Active,Pitch_deg,Pitch_Vel_dps,Yaw_deg,Yaw_Vel_dps,Roll_deg,Dive_Conf,AWW_Conf,AF_Conf,Kite_Pitch_deg,Kite_Roll_deg,Kite_IMU_Battery
2026-04-24,16:06:42,0,1,0.0000,-0.0100,0.0430,1.2661,1.8290,0,1.0000,0,0,24.7031,-1.7671,98.0835,28.7898,147.8067,0.000,0.000,0.528,72.8430,-65.5343,70
2026-04-24,16:06:42,1,1,0.0000,0.0343,0.0408,1.2001,1.8289,0,1.0000,0,0,24.6392,-1.9252,98.5268,25.6235,148.6950,0.000,0.000,0.544,75.2151,-68.2473,70
2026-04-24,16:06:42,3,1,0.0000,-0.0104,0.0418,1.2283,1.8289,0,1.0000,0,0,24.6477,-0.9574,98.8588,22.1810,149.5589,0.000,0.000,0.560,75.9865,-69.1122,70
2026-04-24,16:06:42,4,1,0.0000,0.0063,0.0414,1.2191,1.8289,0,1.0000,0,0,24.6728,0.0266,99.3628,18.9366,150.8061,0.000,0.000,0.584,78.4365,-72.3004,70
2026-04-24,16:06:42,5,1,0.0000,-0.0031,0.0414,1.2187,1.8289,0,1.0000,0,0,24.5937,-1.1776,99.7159,15.9010,151.9480,0.000,0.000,0.608,81.9181,-77.2379,70
2026-04-24,16:06:42,5,1,0.0000,-0.0033,0.0402,1.1816,1.8289,0,1.0000,0,0,24.6223,-0.0530,99.9537,12.8072,153.0366,0.000,0.000,0.632,83.2121,-79.2998,70
2026-04-24,16:06:42,6,1,0.0000,-0.0127,0.0414,1.2188,1.8289,0,1.0000,0,0,24.5605,-1.2375,100.2075,11.0820,154.1367,0.000,0.000,0.656,83.3772,-79.5278,70
2026-04-24,16:06:42,6,1,0.0000,-0.0021,0.0392,1.1539,1.8289,0,1.0000,0,0,24.5754,-0.1464,100.6810,11.5425,155.2708,0.000,0.000,0.680,82.8866,-78.7108,70
2026-04-24,16:06:42,7,1,0.0000,0.0075,0.0399,1.1728,1.8288,0,1.0000,0,0,24.6504,1.0008,101.1807,12.1298,156.2910,0.000,0.000,0.704,81.1809,-75.9250,70
2026-04-24,16:06:42,8,1,0.0000,-0.0017,0.0399,1.1728,1.8288,0,1.0000,0,0,24.5746,-0.7278,101.4651,10.7159,157.1894,0.000,0.000,0.728,79.2433,-72.6745,70
2026-04-24,16:06:42,9,1,0.0000,-0.0022,0.0402,1.1817,1.8289,0,1.0000,0,0,24.5299,-1.0179,101.6516,8.9123,158.0584,0.000,0.000,0.752,78.8342,-72.0189,70
2026-04-24,16:06:42,10,1,0.0000,-0.0043,0.0405,1.1908,1.8289,0,1.0000,0,0,24.4071,-2.6002,101.8225,7.6246,158.8998,0.000,0.000,0.776,78.9095,-72.0602,70
2026-04-24,16:06:42,10,1,0.0000,-0.0109,0.0414,1.2188,1.8289,0,1.0000,0,0,24.2406,-3.6710,101.9300,6.1036,159.6572,0.000,0.000,0.800,80.0225,-73.7904,70
2026-04-24,16:06:42,11,1,0.0000,0.0157,0.0392,1.1533,1.8289,0,1.0000,0,0,24.1505,-2.8139,101.9742,4.5297,160.3835,0.000,0.000,0.824,80.7527,-75.1224,70
2026-04-24,16:06:42,12,1,-7.3840,-0.0055,0.0430,1.2659,1.8290,0,1.0000,-923,1,23.9387,-3.9244,102.0486,3.2522,161.2461,0.000,0.000,0.856,82.8980,-78.7841,70
2026-04-24,16:06:42,13,1,-7.3840,-0.0726,0.0360,1.0603,1.8293,0,1.0000,-923,1,23.8126,-3.9823,102.0742,2.6950,161.6749,0.000,0.000,0.872,84.6360,-81.5651,70
2026-04-24,16:06:42,14,1,-7.3840,-0.2639,0.0261,0.7684,1.8312,0,1.0000,-923,1,23.7216,-3.0151,102.0221,1.4061,162.2903,0.000,0.000,0.896,86.0388,-83.7225,70
2026-04-24,16:06:42,15,1,-7.9840,-0.2430,0.0443,1.3043,1.8337,0,1.0000,-998,1,23.6960,-1.4419,102.0368,1.0924,162.8828,0.000,0.000,0.920,83.6897,-79.3360,70
2026-04-24,16:06:42,16,1,-7.9840,-0.1299,0.0216,0.6349,1.8348,0,1.0000,-998,1,23.6918,-0.0779,102.2177,2.3029,163.4745,0.000,0.000,0.944,81.9977,-74.8052,70
2026-04-24,16:06:42,16,1,-7.9840,-0.2440,0.0191,0.5608,1.8370,0,1.0000,-998,1,23.6595,-1.4618,102.4382,3.3209,164.1015,0.000,0.000,0.968,81.5609,-72.8865,70
2026-04-24,16:06:42,17,1,-7.9840,-0.1454,0.0277,0.8158,1.8391,0,1.0000,-998,1,23.7098,0.7264,102.6614,4.2651,164.6194,0.000,0.000,0.992,82.1134,-71.1101,70
2026-04-24,16:06:42,17,1,-7.9840,-0.3085,0.0242,0.7125,1.8409,0,1.0000,-998,1,23.5210,-1.8693,103.0137,5.8301,165.0988,0.000,0.000,1.000,83.0025,-71.1304,70
2026-04-24,16:06:42,19,1,-7.9840,-0.3240,0.0373,1.0976,1.8441,0,1.0000,-998,1,23.4760,-1.7827,103.3524,6.7041,165.5928,0.000,0.000,1.000,83.9285,-71.7711,70
2026-04-24,16:06:42,19,1,-7.9840,-0.4072,0.0210,0.6179,1.8469,0,1.0000,-998,1,23.5101,0.4387,103.7461,8.0936,165.9886,0.000,0.000,1.000,85.0590,-73.4608,70
2026-04-24,16:06:42,20,1,-7.9840,-0.3283,0.0276,0.8124,1.8500,0,1.0000,-998,1,23.3878,-2.1748,103.9079,6.6340,166.3974,0.000,0.000,1.000,85.4902,-73.0836,70
2026-04-24,16:06:42,48,1,-7.9840,-0.5976,0.0374,1.0991,1.8541,0,1.0000,-998,1,23.3937,-0.9439,103.9795,4.8233,166.7514,0.000,0.000,1.000,86.2315,-74.6165,70
2026-04-24,16:06:42,49,1,-7.9840,-0.6392,0.0258,0.7577,1.8589,0,1.0000,-998,1,23.3373,-1.2869,103.8430,2.2244,166.9806,0.000,0.000,1.000,87.3490,-77.9686,70
2026-04-24,16:06:42,50,1,-7.9840,-0.2790,0.0133,0.3908,1.8627,0,1.0000,-998,1,23.3051,-1.1020,103.8410,1.7168,167.2185,0.000,0.000,1.000,88.1947,-81.0193,70
2026-04-24,16:06:42,50,1,-7.9840,-0.1320,0.0446,1.3127,1.8646,0,1.0000,-998,1,23.2744,-0.0505,104.1251,3.3232,167.5775,0.000,0.000,1.000,88.9400,-84.3232,70
2026-04-24,16:06:42,51,1,-7.9840,-0.2307,0.0456,1.3422,1.8666,0,1.0000,-998,1,23.0717,-2.8226,104.3639,3.8964,167.8378,0.000,0.000,1.000,90.9727,-95.4561,70
2026-04-24,16:06:42,52,1,-7.9840,-0.4438,0.0371,1.0926,1.8692,0,1.0000,-998,1,22.9203,-3.3371,104.4300,3.1591,168.0299,0.000,0.000,1.000,92.4607,-104.1340,70
2026-04-24,16:06:42,53,1,-7.9840,-0.5668,0.0320,0.9423,1.8729,0,1.0000,-998,1,22.9270,-1.5220,104.7350,4.8744,168.2278,0.000,0.000,1.000,93.7980,-112.8109,70
2026-04-24,16:06:42,53,1,-7.9840,-0.4836,0.0070,0.2069,1.8766,0,1.0000,-998,1,23.0331,0.7958,105.1042,6.3588,168.4356,0.000,0.000,0.999,93.7144,-114.0178,70
2026-04-24,16:06:42,54,1,-7.9840,-0.1392,0.0382,1.1225,1.8779,0,1.0000,-998,1,23.0979,0.7366,105.6337,8.8387,168.6931,0.000,0.000,1.000,93.1624,-112.0993,70
2026-04-24,16:06:42,54,1,-7.9840,-0.1808,0.0288,0.8478,1.8793,0,1.0000,-998,1,23.1918,2.0330,105.9930,8.9440,168.8349,0.000,0.000,1.000,93.4014,-114.8192,70
2026-04-24,16:06:42,55,1,-7.9840,-0.1932,0.0223,0.6573,1.8810,0,1.0000,-998,1,23.1101,0.0389,106.0256,6.3956,168.8884,0.000,0.000,1.000,93.6975,-118.1700,70
2026-04-24,16:06:42,56,1,-7.9840,-0.1094,0.0236,0.6951,1.8818,0,1.0000,-998,1,23.1443,0.3152,106.1247,5.1000,168.9849,0.000,0.000,1.000,94.1815,-121.8168,70
2026-04-24,16:06:42,58,1,-7.9840,-0.0948,0.0164,0.4825,1.8828,0,1.0000,-998,1,23.2779,2.1917,106.3087,4.9815,169.0340,0.000,0.000,1.000,94.3990,-122.9844,70
2026-04-24,16:06:42,59,1,-7.9840,-0.1901,0.0297,0.8732,1.8838,0,1.0000,-998,1,23.3238,1.8550,106.5124,5.2284,169.0564,0.000,0.000,1.000,94.2232,-120.4100,70
2026-04-24,16:06:42,60,1,-7.9840,-0.2123,0.0131,0.3853,1.8854,0,1.0000,-998,1,23.5631,4.0975,106.6347,4.4983,169.1522,0.000,0.000,1.000,94.8431,-121.4301,70
2026-04-24,16:06:42,60,1,-7.9840,-0.0742,0.0284,0.8363,1.8867,0,1.0000,-998,1,23.5534,1.9203,106.6118,2.9288,169.1870,0.000,0.000,1.000,95.2542,-121.0761,70
2026-04-24,16:06:42,61,1,-7.9840,-0.1800,0.0160,0.4718,1.8880,0,1.0000,-998,1,23.5836,1.3247,106.6386,2.2668,169.2206,0.000,0.000,1.000,95.4636,-119.6856,70
2026-04-24,16:06:42,61,1,-7.9840,-0.1049,0.0256,0.7529,1.8893,0,1.0000,-998,1,23.6015,0.4874,106.7250,2.2508,169.2939,0.000,0.000,1.000,95.7823,-119.5871,70
2026-04-24,16:06:42,62,1,-7.9840,-0.2507,0.0141,0.4148,1.8908,0,1.0000,-998,1,23.5490,0.1295,106.9582,3.6043,169.3015,0.000,0.000,1.000,95.9189,-118.7843,70
2026-04-24,16:06:42,63,1,-7.9840,-0.0098,0.0164,0.4837,1.8915,0,1.0000,-998,1,23.5120,-1.4409,106.9177,2.0536,169.3143,0.000,0.000,1.000,95.7244,-117.2293,70
2026-04-24,16:06:42,64,1,-7.9840,0.0125,0.0119,0.3496,1.8917,0,1.0000,-998,1,23.5629,0.4120,106.7236,-0.2863,169.3393,0.000,0.000,0.999,95.0318,-113.6360,70
2026-04-24,16:06:42,64,1,-7.9840,-0.0025,0.0134,0.3950,1.8917,0,1.0000,-998,1,23.3956,-2.3437,106.3873,-3.0731,169.3355,0.000,0.000,0.997,94.8177,-112.5638,70
2026-04-24,16:06:42,65,1,-7.9840,0.0123,0.0113,0.3318,1.8917,0,1.0000,-998,1,23.4934,0.2270,105.9246,-5.9821,169.3639,0.000,0.000,0.994,94.2933,-109.9720,70
2026-04-24,16:06:42,66,1,-7.9840,0.0041,0.0140,0.4113,1.8917,0,1.0000,-998,1,23.5123,0.7059,105.4985,-7.8538,169.3444,0.000,0.000,0.992,93.9613,-108.3796,70
2026-04-24,16:06:42,67,1,-7.9840,0.0050,0.0125,0.3678,1.8917,0,1.0000,-998,1,23.4585,-0.6369,105.0210,-9.4232,169.3380,0.000,0.000,0.990,94.1827,-109.0709,70
2026-04-24,16:06:42,68,1,-7.9840,-0.0071,0.0135,0.3964,1.8917,0,1.0000,-998,1,23.5380,1.1432,104.5307,-10.7999,169.3453,0.000,0.000,0.987,94.8107,-110.7992,70
2026-04-24,16:06:42,102,1,-7.9840,0.0070,0.0126,0.3709,1.8916,0,1.0000,-998,1,23.5001,0.0361,104.1941,-10.1569,169.3326,0.000,0.000,0.985,95.2375,-111.7350,70
2026-04-24,16:06:42,103,1,-7.9840,-0.0106,0.0132,0.3890,1.8917,0,1.0000,-998,1,23.5782,0.9874,104.0288,-8.2348,169.3596,0.000,0.000,0.982,95.6255,-110.9536,70
2026-04-24,16:06:42,105,1,-7.9840,-0.0350,0.0160,0.4710,1.8918,0,1.0000,-998,1,23.6096,0.9708,103.7734,-7.7729,169.3260,0.000,0.000,0.980,96.4270,-110.2129,70
2026-04-24,16:06:42,106,1,-7.9840,-0.0491,0.0123,0.3631,1.8922,0,1.0000,-998,1,23.5632,-0.4813,103.4072,-8.6620,169.3384,0.000,0.000,0.978,97.1981,-109.2229,70
2026-04-24,16:06:42,107,1,-7.9840,-0.0060,0.0163,0.4796,1.8923,0,1.0000,-998,1,23.5789,0.0204,103.1740,-8.4543,169.3394,0.000,0.000,0.976,97.3618,-108.1501,70
2026-04-24,16:06:42,108,1,-7.9840,-0.0193,0.0116,0.3422,1.8925,0,1.0000,-998,1,23.5798,-0.0490,102.9464,-7.6047,169.3304,0.000,0.000,0.974,96.9146,-104.9587,70
2026-04-24,16:06:42,108,1,-7.9840,-0.0298,0.0166,0.4893,1.8926,0,1.0000,-998,1,23.5425,-0.5683,102.7711,-6.6667,169.3174,0.000,0.000,0.971,96.6896,-103.0353,70
2026-04-24,16:06:42,109,1,-7.9840,-0.2030,0.0297,0.8735,1.8937,0,1.0000,-998,1,23.4446,-1.5910,102.8556,-3.7154,169.3184,0.000,0.000,0.969,96.4542,-101.4868,70
2026-04-24,16:06:42,110,1,-7.9840,-0.4539,0.0458,1.3465,1.8963,0,1.0000,-998,1,23.4145,-1.2247,103.1102,-0.2735,169.2982,0.000,0.000,0.966,96.7486,-101.2831,70
2026-04-24,16:06:42,111,1,-7.9840,-0.4678,0.0314,0.9229,1.8994,0,1.0000,-998,1,23.3443,-1.9474,103.2188,0.7857,169.3032,0.000,0.000,0.982,97.7208,-102.6080,70
2026-04-24,16:06:42,111,1,-7.9840,-0.6577,0.0286,0.8418,1.9046,0,1.0000,-998,1,23.3615,-0.0728,103.4343,2.3221,169.2754,0.000,0.000,0.979,98.8096,-104.4828,70
2026-04-24,16:06:42,112,1,-7.9840,-0.1377,0.0354,1.0419,1.9082,0,1.0000,-998,1,23.3919,0.5417,103.7360,4.4632,169.3035,0.000,0.000,0.977,99.2101,-105.3478,70
2026-04-24,16:06:42,112,1,0.0000,0.0046,0.0131,0.3849,3.0952,0,1.0000,0,0,20.1597,2.0241,109.1985,-7.5671,168.8769,0.000,0.000,1.000,51.6298,0.5945,69
2026-04-24,16:06:42,113,1,0.0000,0.0105,0.0135,0.3961,3.0952,0,1.0000,0,0,21.2304,2.0297,108.9936,2.1748,168.8599,0.000,0.000,0.789,64.1289,-14.7811,69
2026-04-24,16:06:42,115,1,0.0000,0.0019,0.0125,0.3687,3.0952,0,1.0000,0,0,21.2638,2.0422,108.9995,1.2777,168.8883,0.000,0.000,0.787,64.0826,-15.4974,69
2026-04-24,16:06:42,116,1,0.0000,0.0020,0.0142,0.4182,3.0952,0,1.0000,0,0,21.2439,0.0329,108.7965,-3.2291,168.8677,0.000,0.000,0.785,63.8978,-15.7738,69
2026-04-24,16:06:42,117,1,0.0000,-0.0052,0.0126,0.3699,3.0952,0,1.0000,0,0,21.2075,-0.5158,108.6438,-4.0007,168.8616,0.000,0.000,0.782,63.4754,-15.9532,69
2026-04-24,16:06:42,150,1,0.0000,-0.0055,0.0131,0.3851,3.0952,0,1.0000,0,0,21.2046,0.3395,108.3983,-6.2167,168.8582,0.000,0.000,0.779,63.0624,-16.0320,69
2026-04-24,16:06:42,186,1,0.0000,0.0008,0.0134,0.3939,3.0952,0,1.0000,0,0,21.2051,-0.1553,108.2057,-6.1018,168.8333,0.000,0.000,0.776,62.8110,-15.9467,69
2026-04-24,16:06:42,222,1,0.0000,0.0081,0.0131,0.3862,3.0952,0,1.0000,0,0,21.2191,0.3164,107.9381,-7.9113,168.8284,0.000,0.000,0.773,62.5378,-15.6957,69
2026-04-24,16:06:42,258,1,0.0000,-0.0025,0.0141,0.4159,3.0952,0,1.0000,0,0,21.2137,0.1506,107.7586,-5.6478,168.8177,0.000,0.000,0.770,62.3566,-15.2101,69
2026-04-24,16:06:42,294,1,0.0000,0.0052,0.0122,0.3600,3.0952,0,1.0000,0,0,21.2297,0.6975,107.8259,-1.2301,168.8320,0.000,0.000,0.766,62.0767,-14.3947,69
2026-04-24,16:06:43,330,1,0.0000,0.0089,0.0126,0.3699,3.0952,0,1.0000,0,0,21.1952,-1.0517,107.8002,-2.0375,168.8335,0.000,0.000,0.763,61.9524,-13.6860,69
2026-04-24,16:06:43,366,1,0.0000,-0.0060,0.0131,0.3862,3.0952,0,1.0000,0,0,21.1704,-0.7283,107.6392,-3.9101,168.8217,0.000,0.000,0.760,62.1071,-13.0555,69
2026-04-24,16:06:43,402,1,0.0000,-0.0011,0.0151,0.4433,3.0952,0,1.0000,0,0,21.1859,0.9416,107.7668,2.4512,168.8327,0.000,0.000,0.757,62.4009,-12.4160,69
2026-04-24,16:06:43,438,1,0.0000,-0.0021,0.0129,0.3786,3.0952,0,1.0000,0,0,21.1639,-0.7738,107.8040,-0.4547,168.8302,0.000,0.000,0.754,62.9049,-11.7425,69
2026-04-24,16:06:43,475,1,0.0000,0.0149,0.0131,0.3862,3.0952,0,1.0000,0,0,21.1830,-0.0598,107.7596,-0.8012,168.8440,0.000,0.000,0.751,63.3822,-11.1036,69
2026-04-24,16:06:43,511,1,0.0000,-0.0020,0.0138,0.4060,3.0952,0,1.0000,0,0,21.1585,-0.0100,107.8735,1.5972,168.8297,0.000,0.000,0.748,64.0040,-10.4286,69
2026-04-24,16:06:43,547,1,0.0000,0.0079,0.0141,0.4137,3.0952,0,1.0000,0,0,21.1206,-1.5430,107.8666,0.1020,168.8390,0.000,0.000,0.745,64.4856,-10.1920,69
2026-04-24,16:06:43,582,1,0.0000,0.0016,0.0135,0.3961,3.0952,0,1.0000,0,0,21.1157,0.1903,107.8846,1.0896,168.8321,0.000,0.000,0.742,64.9114,-10.3239,69
2026-04-24,16:06:43,618,1,0.0000,0.0013,0.0141,0.4148,3.0952,0,1.0000,0,0,21.0925,-0.9297,107.9848,2.2135,168.8193,0.000,0.000,0.738,65.6566,-10.5421,69
2026-04-24,16:06:43,654,1,0.0000,0.0165,0.0115,0.3391,3.0952,0,1.0000,0,0,21.1177,0.3809,107.9726,0.6159,168.8176,0.000,0.000,0.735,66.2672,-10.8541,69
2026-04-24,16:06:43,689,1,0.0000,0.0117,0.0119,0.3489,3.0952,0,1.0000,0,0,21.1204,0.3559,107.9682,0.0218,168.7980,0.000,0.000,0.732,67.0981,-11.0332,69
2026-04-24,16:06:43,725,1,0.0000,0.0001,0.0128,0.3753,3.0952,0,1.0000,0,0,21.1363,-0.4514,107.9826,0.7273,168.7894,0.000,0.000,0.729,67.7175,-11.3231,69
2026-04-24,16:06:43,761,1,0.0000,-0.0011,0.0139,0.4092,3.0952,0,1.0000,0,0,21.1481,0.5854,108.1197,2.3285,168.7791,0.000,0.000,0.726,68.4606,-11.8278,69
2026-04-24,16:06:43,797,1,0.0000,-0.0068,0.0154,0.4521,3.0952,0,1.0000,0,0,21.1255,-0.7806,108.1869,2.2694,168.7786,0.000,0.000,0.722,69.0366,-11.4038,69
2026-04-24,16:06:43,832,1,0.0000,0.0105,0.0138,0.4049,3.0952,0,1.0000,0,0,21.1406,-0.0010,108.1270,-0.1319,168.7915,0.000,0.000,0.719,69.5063,-8.7713,69
2026-04-24,16:06:43,868,1,0.0000,-0.0054,0.0137,0.4039,3.0953,0,1.0000,0,0,21.1501,0.4481,108.0108,-2.4685,168.8022,0.000,0.000,0.716,69.7805,-5.7236,69
2026-04-24,16:06:43,903,1,0.0000,-0.0029,0.0160,0.4708,3.0953,0,1.0000,0,0,21.1579,0.0355,108.0384,-0.5005,168.7985,0.000,0.000,0.713,69.7431,-3.0265,69
2026-04-24,16:06:43,939,1,0.0000,0.0061,0.0138,0.4049,3.0953,0,1.0000,0,0,21.1686,0.2889,107.9734,-1.3600,168.7964,0.000,0.000,0.710,69.6438,1.7579,69
2026-04-24,16:06:43,975,1,0.0000,-0.0074,0.0147,0.4314,3.0953,0,1.0000,0,0,21.1166,-1.0377,108.1443,3.4557,168.7871,0.000,0.000,0.706,69.3514,4.1284,69
2026-04-24,16:06:43,1011,1,0.0000,0.0011,0.0137,0.4038,3.0952,0,1.0000,0,0,21.1092,-0.0123,108.3211,4.6593,168.8087,0.000,0.000,0.703,68.5780,7.1392,69
2026-04-24,16:06:43,1046,1,0.0000,-0.0089,0.0147,0.4313,3.0952,0,1.0000,0,0,21.0716,-0.7457,108.3466,0.5838,168.7982,0.000,0.000,0.700,67.8062,10.0966,69
2026-04-24,16:06:43,1082,1,0.0000,-0.0008,0.0135,0.3972,3.0952,0,1.0000,0,0,21.0380,-1.3006,107.8463,-10.1885,168.8111,0.000,0.000,0.697,67.1164,11.3616,69
2026-04-24,16:06:43,1118,1,0.0000,-0.0058,0.0151,0.4444,3.0952,0,1.0000,0,0,21.0499,1.0086,107.6583,-6.7053,168.7947,0.000,0.000,0.694,66.1142,13.8003,69
2026-04-24,16:06:43,1154,1,0.0000,-0.0018,0.0134,0.3950,3.0952,0,1.0000,0,0,21.0002,-1.3180,107.4920,-6.1325,168.8173,0.000,0.000,0.690,65.4037,15.0245,69
2026-04-24,16:06:43,1189,1,0.0000,-0.0055,0.0131,0.3840,3.0952,0,1.0000,0,0,21.0371,0.8816,107.3496,-4.8179,168.8271,0.000,0.000,0.687,64.3837,14.8900,69
2026-04-24,16:06:43,1225,1,0.0000,-0.0044,0.0138,0.4049,3.0952,0,1.0000,0,0,21.0194,-0.0672,107.2419,-3.8165,168.8452,0.000,0.000,0.684,63.5672,14.5592,69
2026-04-24,16:06:43,1261,1,0.0000,0.0198,0.0128,0.3763,3.0952,0,1.0000,0,0,20.9850,-1.3913,107.0677,-5.2254,168.8329,0.000,0.000,0.681,62.7558,13.5399,69
2026-04-24,16:06:43,1297,1,0.0000,0.0101,0.0128,0.3752,3.0952,0,1.0000,0,0,21.0161,2.2527,106.8789,-5.8794,168.7993,0.000,0.000,0.678,62.2359,11.7409,69
2026-04-24,16:06:44,1333,1,0.0000,0.0068,0.0137,0.4037,3.0952,0,1.0000,0,0,21.0298,0.3073,106.6469,-6.5812,168.8215,0.000,0.000,0.674,61.7783,10.9815,69
2026-04-24,16:06:44,1369,1,0.0000,0.0075,0.0122,0.3577,3.0952,0,1.0000,0,0,21.0659,1.0530,106.6955,-0.4974,168.7959,0.000,0.000,0.671,60.8978,11.3095,69
2026-04-24,16:06:44,1407,1,0.0000,0.0140,0.0116,0.3415,3.0952,0,1.0000,0,0,21.0171,-0.2755,106.8059,0.6591,168.7918,0.000,0.000,0.669,59.5841,10.7546,69
2026-04-24,16:06:44,1442,1,0.0000,0.0001,0.0129,0.3787,3.0952,0,1.0000,0,0,21.0676,1.7064,106.8755,1.2546,168.8253,0.000,0.000,0.666,58.4010,9.6210,69
2026-04-24,16:06:44,1478,1,0.0000,-0.0006,0.0138,0.4049,3.0952,0,1.0000,0,0,21.1138,1.4313,107.0082,3.9725,168.7957,0.000,0.000,0.662,57.2502,8.6066,69
2026-04-24,16:06:44,1514,1,0.0000,-0.0097,0.0144,0.4223,3.0952,0,1.0000,0,0,21.1528,1.0165,106.9444,-1.0084,168.8274,0.000,0.000,0.659,56.6959,7.5930,69
2026-04-24,16:06:44,1549,1,0.0000,0.0036,0.0122,0.3576,3.0952,0,1.0000,0,0,21.1868,1.3327,106.8223,-1.8930,168.8227,0.000,0.000,0.656,55.4475,5.6402,69
2026-04-24,16:06:44,1585,1,0.0000,-0.0025,0.0122,0.3589,3.0952,0,1.0000,0,0,21.2509,1.8372,106.7708,-2.9389,168.8394,0.000,0.000,0.653,54.5648,4.3532,69
2026-04-24,16:06:44,1621,1,0.0000,0.0112,0.0113,0.3316,3.0952,0,1.0000,0,0,21.2861,0.9510,106.4077,-8.7071,168.8380,0.000,0.000,0.650,54.0753,3.5193,69
2026-04-24,16:06:44,1657,1,0.0000,-0.0039,0.0122,0.3601,3.0952,0,1.0000,0,0,21.3208,2.1673,106.3285,-3.6591,168.8395,0.000,0.000,0.646,54.0273,2.9949,69
2026-04-24,16:06:44,1693,1,0.0000,-0.0040,0.0131,0.3862,3.0952,0,1.0000,0,0,21.3580,0.8691,106.2768,-3.2802,168.8265,0.000,0.000,0.643,53.9498,2.7075,69
2026-04-24,16:06:44,1729,1,0.0000,-0.0004,0.0135,0.3961,3.0952,0,1.0000,0,0,21.3637,0.2123,105.9982,-6.6447,168.8457,0.000,0.000,0.640,53.8483,2.5381,69
2026-04-24,16:06:44,1765,1,0.0000,-0.0002,0.0118,0.3477,3.0952,0,1.0000,0,0,21.3519,-0.1578,105.8268,-5.9433,168.8353,0.000,0.000,0.637,53.5941,1.9957,69
2026-04-24,16:06:44,1801,1,0.0000,0.0011,0.0132,0.3874,3.0952,0,1.0000,0,0,21.3934,1.3373,105.9051,-0.3686,168.8272,0.000,0.000,0.634,53.2607,0.6447,69
2026-04-24,16:06:44,1837,1,0.0000,-0.0032,0.0132,0.3874,3.0952,0,1.0000,0,0,21.4089,0.7053,105.9169,0.0195,168.8135,0.000,0.000,0.630,53.1753,-0.1903,69
2026-04-24,16:06:44,1873,1,0.0000,-0.0036,0.0130,0.3838,3.0952,0,1.0000,0,0,21.4420,1.3082,105.8039,-2.8906,168.8193,0.000,0.000,0.627,53.1309,-1.1721,69
2026-04-24,16:06:44,1909,1,0.0000,-0.0022,0.0128,0.3763,3.0952,0,1.0000,0,0,21.4790,0.8488,105.4076,-10.0244,168.8198,0.000,0.000,0.624,53.2885,-2.2731,69
2026-04-24,16:06:44,1945,1,0.0000,-0.0005,0.0124,0.3651,3.0952,0,1.0000,0,0,21.4940,0.6854,104.6625,-18.4441,168.8183,0.000,0.000,0.621,53.6176,-3.0060,69
2026-04-24,16:06:44,1981,1,0.0000,0.0115,0.0122,0.3576,3.0952,0,1.0000,0,0,21.4772,-0.0910,104.5442,-7.9679,168.8275,0.000,0.000,0.618,54.0419,-3.2885,69
2026-04-24,16:06:44,2017,1,0.0000,0.0059,0.0118,0.3477,3.0952,0,1.0000,0,0,21.4707,0.0513,104.7258,0.7323,168.8238,0.000,0.000,0.614,54.1965,-3.3039,69
2026-04-24,16:06:44,2053,1,0.0000,-0.0060,0.0128,0.3762,3.0952,0,1.0000,0,0,21.4777,0.5104,104.6740,-2.2262,168.8189,0.000,0.000,0.611,54.5692,-2.8907,69
2026-04-24,16:06:44,2089,1,0.0000,-0.0031,0.0126,0.3701,3.0952,0,1.0000,0,0,21.4962,0.8595,104.4792,-3.8672,168.8038,0.000,0.000,0.608,54.8392,-2.8088,69
2026-04-24,16:06:44,2125,1,0.0000,-0.0012,0.0133,0.3912,3.0952,0,1.0000,0,0,21.5446,1.6605,104.6801,2.8869,168.8051,0.000,0.000,0.605,55.0334,-2.9019,69
2026-04-24,16:06:44,2161,1,0.0000,0.0057,0.0126,0.3701,3.0952,0,1.0000,0,0,21.5967,1.7359,104.7216,1.2755,168.8280,0.000,0.000,0.602,55.2379,-3.0767,69
2026-04-24,16:06:44,2197,1,0.0000,0.0075,0.0138,0.4061,3.0952,0,1.0000,0,0,21.6242,1.2153,104.9789,6.8371,168.8237,0.000,0.000,0.598,55.1212,-2.6617,69
2026-04-24,16:06:44,2232,1,0.0000,-0.0062,0.0132,0.3874,3.0952,0,1.0000,0,0,21.6582,1.1042,105.3158,7.9852,168.8359,0.000,0.000,0.595,54.7487,-1.5724,69
2026-04-24,16:06:44,2268,1,0.0000,-0.0066,0.0130,0.3838,3.0952,0,1.0000,0,0,21.7003,0.9945,105.3672,3.7211,168.8263,0.000,0.000,0.592,53.9230,-0.8763,69
2026-04-24,16:06:45,2304,1,0.0000,-0.0099,0.0132,0.3874,3.0952,0,1.0000,0,0,21.7321,0.6463,105.4572,3.0075,168.8297,0.000,0.000,0.589,53.3734,-0.7867,69
2026-04-24,16:06:45,2338,1,0.0000,0.0001,0.0119,0.3489,3.0952,0,1.0000,0,0,21.7387,0.4551,105.5005,2.4511,168.8327,0.000,0.000,0.586,52.2807,-1.2562,69
2026-04-24,16:06:45,2374,1,0.0000,-0.0098,0.0135,0.3961,3.0952,0,1.0000,0,0,21.7506,0.2707,105.6828,4.5346,168.8305,0.000,0.000,0.583,51.5327,-1.3636,69
2026-04-24,16:06:45,2409,1,0.0000,-0.0012,0.0125,0.3676,3.0952,0,1.0000,0,0,21.7525,-0.1726,105.7245,2.1815,168.8475,0.000,0.000,0.580,50.4277,-0.8586,69
2026-04-24,16:06:45,2445,1,0.0000,0.0064,0.0125,0.3676,3.0952,0,1.0000,0,0,21.7730,0.7917,105.6578,-1.0864,168.8565,0.000,0.000,0.577,49.4136,0.6852,69
2026-04-24,16:06:45,2481,1,0.0000,0.0061,0.0112,0.3303,3.0952,0,1.0000,0,0,21.7834,0.6858,105.3635,-6.7958,168.8562,0.000,0.000,0.574,48.3467,2.8124,69
2026-04-24,16:06:45,2517,1,0.0000,0.0010,0.0122,0.3589,3.0952,0,1.0000,0,0,21.7907,0.3130,105.0847,-7.9507,168.8383,0.000,0.000,0.570,47.1653,4.5427,69
2026-04-24,16:06:45,2553,1,0.0000,0.0017,0.0117,0.3451,3.0952,0,1.0000,0,0,21.7863,0.1011,105.0120,-4.1192,168.8331,0.000,0.000,0.567,46.2891,5.6848,69
2026-04-24,16:06:45,2589,1,0.0000,0.0200,0.0112,0.3290,3.0951,0,1.0000,0,0,21.7674,-0.1538,104.9468,-2.5404,168.8294,0.000,0.000,0.564,45.3756,6.9892,69
2026-04-24,16:06:45,2625,1,0.0000,-0.0041,0.0132,0.3874,3.0952,0,1.0000,0,0,21.7842,0.5837,104.9686,-0.4314,168.8444,0.000,0.000,0.561,45.0115,7.6246,69
2026-04-24,16:06:45,2661,1,0.0000,-0.0045,0.0122,0.3589,3.0952,0,1.0000,0,0,21.7714,-0.4104,105.0312,0.6618,168.8528,0.000,0.000,0.558,44.3405,8.3060,69
2026-04-24,16:06:45,2697,1,0.0000,0.0051,0.0106,0.3130,3.0952,0,1.0000,0,0,21.7810,-0.3357,104.9129,-2.2344,168.8432,0.000,0.000,0.554,43.9060,8.9915,69
2026-04-24,16:06:45,2733,1,0.0000,0.0058,0.0118,0.3464,3.0952,0,1.0000,0,0,21.7814,0.1700,104.8031,-3.0999,168.8365,0.000,0.000,0.551,43.5409,9.5958,69
2026-04-24,16:06:45,2769,1,0.0000,-0.0003,0.0122,0.3576,3.0952,0,1.0000,0,0,21.8072,0.8732,104.5076,-7.6214,168.8393,0.000,0.000,0.548,42.9870,10.4007,69
2026-04-24,16:06:45,2805,1,0.0000,-0.0212,0.0125,0.3676,3.0952,0,1.0000,0,0,21.8307,1.1438,104.1816,-9.5134,168.8647,0.000,0.000,0.545,42.7898,10.9577,69
2026-04-24,16:06:45,2841,1,0.0000,-0.0069,0.0118,0.3464,3.0952,0,1.0000,0,0,21.8234,0.6074,103.9805,-7.0458,168.8487,0.000,0.000,0.542,42.6354,11.3793,69
2026-04-24,16:06:45,2877,1,0.0000,-0.0022,0.0116,0.3403,3.0952,0,1.0000,0,0,21.8538,1.2049,103.8069,-6.5776,168.8386,0.000,0.000,0.538,42.7190,11.6304,69
2026-04-24,16:06:45,2913,1,0.0000,-0.0028,0.0132,0.3874,3.0952,0,1.0000,0,0,21.8900,1.0703,103.6568,-5.0554,168.8348,0.000,0.000,0.535,42.9734,11.8872,69
2026-04-24,16:06:45,2949,1,0.0000,-0.0035,0.0116,0.3403,3.0951,0,1.0000,0,0,21.9131,0.8580,103.3804,-7.6747,168.8334,0.000,0.000,0.532,43.2113,12.2197,69
2026-04-24,16:06:45,2985,1,0.0000,-0.0029,0.0125,0.3676,3.0951,0,1.0000,0,0,21.9245,0.4011,103.4659,-0.0319,168.8350,0.000,0.000,0.529,43.3394,12.4571,69
2026-04-24,16:06:45,3021,1,0.0000,-0.0020,0.0125,0.3688,3.0951,0,1.0000,0,0,21.9249,0.5553,103.7442,6.0523,168.8479,0.000,0.000,0.526,43.6694,12.7883,69
2026-04-24,16:06:45,3057,1,0.0000,0.0063,0.0106,0.3117,3.0951,0,1.0000,0,0,21.9356,0.6440,103.9788,6.4504,168.8594,0.000,0.000,0.522,44.0384,12.7465,69
2026-04-24,16:06:45,3093,1,0.0000,-0.0052,0.0125,0.3688,3.0951,0,1.0000,0,0,21.9374,0.1035,104.0848,3.7160,168.8406,0.000,0.000,0.519,44.3432,12.4720,69
2026-04-24,16:06:45,3129,1,0.0000,0.0009,0.0124,0.3650,3.0951,0,1.0000,0,0,21.9446,0.3692,103.8842,-3.3829,168.8335,0.000,0.000,0.516,44.8132,11.9364,69
2026-04-24,16:06:45,3165,1,0.0000,0.0108,0.0106,0.3130,3.0951,0,1.0000,0,0,21.9791,0.9610,103.8307,-2.3921,168.8376,0.000,0.000,0.513,45.2388,11.2833,69
2026-04-24,16:06:45,3201,1,0.0000,0.0034,0.0125,0.3675,3.0951,0,1.0000,0,0,21.9863,0.4309,103.8816,0.0035,168.8427,0.000,0.000,0.510,45.6011,10.7517,69
2026-04-24,16:06:45,3237,1,0.0000,-0.0056,0.0113,0.3316,3.0951,0,1.0000,0,0,21.9927,0.6068,103.6603,-5.3618,168.8349,0.000,0.000,0.506,45.9732,9.7629,69
2026-04-24,16:06:45,3275,1,0.0000,0.0105,0.0126,0.3702,3.0951,0,1.0000,0,0,22.0002,0.3640,103.6257,-3.9716,168.8425,0.000,0.000,0.504,46.1599,8.9338,69
2026-04-24,16:06:46,3311,1,0.0000,-0.0118,0.0125,0.3663,3.0951,0,1.0000,0,0,22.0155,0.7162,103.7027,-0.4180,168.8446,0.000,0.000,0.501,46.3362,7.7411,69
2026-04-24,16:06:46,3347,1,0.0000,-0.0006,0.0110,0.3230,3.0951,0,1.0000,0,0,22.0278,0.6416,103.6883,-0.3502,168.8086,0.000,0.000,0.498,46.5753,6.6340,69
2026-04-24,16:06:46,3383,1,0.0000,0.0012,0.0122,0.3589,3.0951,0,1.0000,0,0,22.0280,0.0853,103.7607,2.2823,168.7967,0.000,0.000,0.494,46.5914,5.7568,69
2026-04-24,16:06:46,3419,1,0.0000,-0.0003,0.0124,0.3650,3.0951,0,1.0000,0,0,22.0276,-0.2548,103.9386,3.3106,168.7957,0.000,0.000,0.491,46.6843,4.6991,69
2026-04-24,16:06:46,3455,1,0.0000,0.0058,0.0115,0.3390,3.0951,0,1.0000,0,0,22.0281,0.1312,104.0683,4.1664,168.8113,0.000,0.000,0.488,46.8115,3.5455,69
2026-04-24,16:06:46,3491,1,0.0000,-0.0036,0.0139,0.4074,3.0951,0,1.0000,0,0,22.0621,1.0474,104.0265,-0.0969,168.8097,0.000,0.000,0.485,46.8476,2.3400,69
2026-04-24,16:06:46,3527,1,0.0000,0.0064,0.0109,0.3217,3.0951,0,1.0000,0,0,22.0909,1.3577,103.9103,-3.1318,168.8052,0.000,0.000,0.482,46.8298,1.7100,69
2026-04-24,16:06:46,3563,1,0.0000,0.0014,0.0117,0.3429,3.0951,0,1.0000,0,0,22.0994,0.4551,103.6068,-7.6690,168.8232,0.000,0.000,0.478,46.6361,1.1496,69
2026-04-24,16:06:46,3599,1,0.0000,-0.0130,0.0122,0.3589,3.0951,0,1.0000,0,0,22.1113,0.6607,103.1356,-11.3246,168.8319,0.000,0.000,0.475,46.1175,0.7467,69
2026-04-24,16:06:46,3635,1,0.0000,0.0026,0.0116,0.3403,3.0951,0,1.0000,0,0,22.1306,0.7604,103.1580,-3.2373,168.8237,0.000,0.000,0.472,45.9150,0.5450,69
2026-04-24,16:06:46,3671,1,0.0000,0.0014,0.0125,0.3688,3.0951,0,1.0000,0,0,22.1341,0.5934,103.1491,-1.8436,168.8358,0.000,0.000,0.469,45.8180,-0.4410,69
2026-04-24,16:06:46,3707,1,0.0000,0.0002,0.0118,0.3476,3.0951,0,1.0000,0,0,22.1328,-0.3207,102.8773,-6.4795,168.8388,0.000,0.000,0.466,45.9970,-2.2442,69
2026-04-24,16:06:46,3743,1,0.0000,-0.0100,0.0118,0.3477,3.0952,0,1.0000,0,0,22.1372,0.8322,102.6368,-6.9645,168.8241,0.000,0.000,0.462,46.4458,-3.7185,69
2026-04-24,16:06:46,3779,1,0.0000,0.0088,0.0108,0.3164,3.0951,0,1.0000,0,0,22.1494,0.6177,102.4086,-7.1926,168.8204,0.000,0.000,0.459,47.1159,-5.6367,69
2026-04-24,16:06:46,3815,1,0.0000,0.0031,0.0118,0.3481,3.0951,0,1.0000,0,0,22.1651,0.6883,102.3528,-3.2868,168.8151,0.000,0.000,0.456,47.7935,-7.0636,69
2026-04-24,16:06:46,3851,1,0.0000,0.0037,0.0113,0.3316,3.0951,0,1.0000,0,0,22.1661,0.0940,102.1357,-5.8678,168.8105,0.000,0.000,0.453,48.9055,-8.9910,69
2026-04-24,16:06:46,3887,1,0.0000,-0.0039,0.0126,0.3701,3.0951,0,1.0000,0,0,22.1827,0.6366,101.9597,-5.4519,168.8007,0.000,0.000,0.450,49.5378,-10.6699,69
2026-04-24,16:06:46,3923,1,0.0000,-0.0080,0.0132,0.3887,3.0951,0,1.0000,0,0,22.1997,0.6549,102.2296,4.6760,168.8187,0.000,0.000,0.446,50.2224,-11.4186,69
2026-04-24,16:06:46,3959,1,0.0000,-0.0017,0.0122,0.3589,3.0951,0,1.0000,0,0,22.2145,0.5036,102.6554,10.2871,168.8208,0.000,0.000,0.443,51.1385,-12.7702,69
2026-04-24,16:06:46,3995,1,0.0000,0.0056,0.0116,0.3416,3.0951,0,1.0000,0,0,22.2328,0.8885,102.8159,6.3737,168.8342,0.000,0.000,0.440,52.0808,-14.3455,69
2026-04-24,16:06:46,4031,1,0.0000,0.0048,0.0110,0.3243,3.0951,0,1.0000,0,0,22.2347,0.2779,103.0211,6.5059,168.7996,0.000,0.000,0.437,53.6804,-16.0302,69
2026-04-24,16:06:46,4067,1,0.0000,0.0086,0.0130,0.3815,3.0951,0,1.0000,0,0,22.2267,0.1144,103.0532,2.1466,168.7975,0.000,0.000,0.434,55.3165,-17.3322,69
2026-04-24,16:06:46,4102,1,0.0000,-0.0036,0.0125,0.3675,3.0951,0,1.0000,0,0,22.2238,-0.4562,102.8942,-2.2266,168.7930,0.000,0.000,0.430,56.3782,-18.2240,69
2026-04-24,16:06:46,4138,1,0.0000,0.0007,0.0115,0.3377,3.0951,0,1.0000,0,0,22.2200,-0.3057,102.7955,-3.1483,168.7921,0.000,0.000,0.427,57.8668,-20.3701,69
2026-04-24,16:06:46,4174,1,0.0000,0.0032,0.0118,0.3476,3.0951,0,1.0000,0,0,22.2110,0.2842,102.6755,-2.8784,168.7881,0.000,0.000,0.424,59.0198,-22.9923,69
2026-04-24,16:06:46,4211,1,0.0000,-0.0017,0.0109,0.3204,3.0951,0,1.0000,0,0,22.2097,0.0991,102.6994,-1.7378,168.7915,0.000,0.000,0.422,60.6320,-25.9919,69
2026-04-24,16:06:46,4244,1,0.0000,-0.0111,0.0122,0.3576,3.0951,0,1.0000,0,0,22.2158,0.2592,102.6919,-0.8821,168.8095,0.000,0.000,0.418,61.8598,-27.9910,69
2026-04-24,16:06:46,4280,1,0.0000,-0.0047,0.0116,0.3416,3.0951,0,1.0000,0,0,22.2275,0.1061,102.6776,-0.8365,168.7964,0.000,0.000,0.415,63.2760,-29.7726,69
2026-04-24,16:06:47,4316,1,0.0000,0.0052,0.0113,0.3316,3.0951,0,1.0000,0,0,22.2167,-0.1765,102.6710,-0.3546,168.7926,0.000,0.000,0.412,64.2062,-30.4244,69
2026-04-24,16:06:47,4352,1,0.0000,-0.0036,0.0105,0.3091,3.0951,0,1.0000,0,0,22.2308,0.6900,102.7851,2.6316,168.7967,0.000,0.000,0.409,65.2836,-29.7897,69
2026-04-24,16:06:47,4388,1,0.0000,0.0017,0.0112,0.3290,3.0951,0,1.0000,0,0,22.2481,0.5151,102.8839,2.7630,168.8038,0.000,0.000,0.406,66.1353,-27.5918,69
2026-04-24,16:06:47,4424,1,0.0000,-0.0155,0.0125,0.3688,3.0951,0,1.0000,0,0,22.2465,-0.1566,102.9032,0.9472,168.7971,0.000,0.000,0.402,66.4789,-24.6986,69
2026-04-24,16:06:47,4460,1,0.0000,-0.0083,0.0112,0.3290,3.0951,0,1.0000,0,0,22.2415,0.1025,103.0084,2.6915,168.8134,0.000,0.000,0.399,66.9457,-20.2718,69
2026-04-24,16:06:47,4496,1,0.0000,0.0076,0.0116,0.3416,3.0951,0,1.0000,0,0,22.2686,0.8594,103.0034,0.7616,168.8360,0.000,0.000,0.396,67.2328,-16.8900,69
2026-04-24,16:06:47,4532,1,0.0000,0.0034,0.0116,0.3416,3.0951,0,1.0000,0,0,22.2827,0.5672,103.0778,1.2009,168.8422,0.000,0.000,0.393,67.2101,-11.7396,69
2026-04-24,16:06:47,4568,1,0.0000,-0.0050,0.0122,0.3602,3.0951,0,1.0000,0,0,22.2680,-0.6336,102.8962,-3.5255,168.8247,0.000,0.000,0.390,67.2270,-6.2299,69
2026-04-24,16:06:47,4604,1,0.0000,-0.0059,0.0126,0.3701,3.0951,0,1.0000,0,0,22.2621,-0.0129,102.6010,-7.3901,168.8104,0.000,0.000,0.386,67.5253,-2.2133,69
2026-04-24,16:06:47,4640,1,0.0000,0.0034,0.0108,0.3190,3.0951,0,1.0000,0,0,22.2589,0.2823,102.4480,-5.9720,168.8042,0.000,0.000,0.383,68.4159,3.5980,69
2026-04-24,16:06:47,4677,1,0.0000,-0.0049,0.0115,0.3390,3.0951,0,1.0000,0,0,22.2719,0.4126,102.3158,-4.6342,168.8286,0.000,0.000,0.380,68.8743,9.5218,69
2026-04-24,16:06:47,4712,1,0.0000,-0.0030,0.0125,0.3663,3.0951,0,1.0000,0,0,22.2916,0.3614,102.1910,-4.3859,168.8314,0.000,0.000,0.377,69.2288,17.3281,69
2026-04-24,16:06:47,4748,1,0.0000,0.0004,0.0101,0.2957,3.0951,0,1.0000,0,0,22.2958,0.2930,102.0505,-4.1712,168.8352,0.000,0.000,0.374,69.2021,22.6548,69
2026-04-24,16:06:47,4784,1,0.0000,-0.0021,0.0132,0.3875,3.0951,0,1.0000,0,0,22.3072,0.3561,102.0264,-1.0894,168.8379,0.000,0.000,0.370,68.7740,23.8266,69
2026-04-24,16:06:47,4820,1,0.0000,0.0097,0.0109,0.3203,3.0951,0,1.0000,0,0,22.3206,0.3523,102.3849,7.3263,168.8354,0.000,0.000,0.367,68.0687,22.2049,69
2026-04-24,16:06:47,4856,1,0.0000,0.0087,0.0122,0.3589,3.0951,0,1.0000,0,0,22.3202,-0.1280,102.6980,8.7020,168.8214,0.000,0.000,0.364,67.6140,19.8777,69
2026-04-24,16:06:47,4892,1,0.0000,-0.0136,0.0127,0.3737,3.0952,0,1.0000,0,0,22.3335,0.4617,102.7612,4.3134,168.8109,0.000,0.000,0.361,66.9889,15.2183,69
2026-04-24,16:06:47,4928,1,0.0000,-0.0000,0.0119,0.3502,3.0951,0,1.0000,0,0,22.3355,-0.3121,102.7820,1.4045,168.8246,0.000,0.000,0.358,67.0145,10.9147,69
2026-04-24,16:06:47,4964,1,0.0000,0.0135,0.0103,0.3017,3.0951,0,1.0000,0,0,22.3388,0.4014,102.6881,-1.3242,168.8302,0.000,0.000,0.354,67.7582,10.7290,69
2026-04-24,16:06:47,5000,1,0.0000,0.0152,0.0113,0.3316,3.0951,0,1.0000,0,0,22.3370,-0.8121,102.6540,-0.2061,168.8346,0.000,0.000,0.351,69.2872,13.4202,69
2026-04-24,16:06:47,5036,1,0.0000,0.0080,0.0105,0.3090,3.0951,0,1.0000,0,0,22.3351,-0.1219,102.5452,-4.0987,168.8179,0.000,0.000,0.348,70.7314,15.4206,69
2026-04-24,16:06:47,5072,1,0.0000,-0.0011,0.0125,0.3688,3.0951,0,1.0000,0,0,22.3239,-0.3519,102.4007,-3.2520,168.8085,0.000,0.000,0.345,72.2994,17.9902,69
2026-04-24,16:06:47,5108,1,0.0000,0.0031,0.0108,0.3190,3.0951,0,1.0000,0,0,22.3195,-0.5536,102.4679,0.7107,168.8177,0.000,0.000,0.342,73.5851,23.3192,69
2026-04-24,16:06:47,5146,1,0.0000,0.0118,0.0112,0.3290,3.0951,0,1.0000,0,0,22.3148,-0.3144,102.4822,0.6241,168.8176,0.000,0.000,0.339,74.4225,26.0388,69
2026-04-24,16:06:47,5182,1,0.0000,-0.0042,0.0118,0.3476,3.0951,0,1.0000,0,0,22.3347,0.7413,102.2978,-4.3107,168.8297,0.000,0.000,0.336,74.9590,26.4109,69
2026-04-24,16:06:47,5218,1,0.0000,-0.0025,0.0132,0.3875,3.0951,0,1.0000,0,0,22.3553,1.1100,102.0524,-6.3181,168.8179,0.000,0.000,0.333,75.3081,26.0697,69
2026-04-24,16:06:47,5254,1,0.0000,0.0024,0.0122,0.3589,3.0951,0,1.0000,0,0,22.3626,-0.1339,101.8123,-6.5228,168.8159,0.000,0.000,0.330,75.5245,27.0244,69
2026-04-24,16:06:47,5290,1,0.0000,-0.0055,0.0102,0.3004,3.0951,0,1.0000,0,0,22.3739,0.5507,101.9031,-0.6572,168.8246,0.000,0.000,0.326,75.8291,27.5882,69
2026-04-24,16:06:48,5327,1,0.0000,-0.0026,0.0126,0.3701,3.0951,0,1.0000,0,0,22.3820,0.6271,101.8155,-2.0374,168.8509,0.000,0.000,0.323,76.1901,29.0571,69
2026-04-24,16:06:48,5362,1,0.0000,0.0002,0.0113,0.3329,3.0951,0,1.0000,0,0,22.3682,-0.3705,101.7077,-3.3045,168.8726,0.000,0.000,0.320,76.9499,33.1153,69
2026-04-24,16:06:48,5398,1,0.0000,-0.0009,0.0112,0.3303,3.0951,0,1.0000,0,0,22.3574,-0.3335,101.8083,1.7704,168.8790,0.000,0.000,0.317,78.1299,39.3591,69
2026-04-24,16:06:48,5434,1,0.0000,0.0025,0.0110,0.3243,3.0951,0,1.0000,0,0,22.3564,0.3687,101.9977,4.1049,168.8627,0.000,0.000,0.314,78.7095,43.0576,69
2026-04-24,16:06:48,5470,1,0.0000,0.0057,0.0110,0.3230,3.0951,0,1.0000,0,0,22.3601,-0.0167,101.9835,0.6981,168.8500,0.000,0.000,0.310,79.4081,48.2785,69
2026-04-24,16:06:48,5506,1,0.0000,0.0018,0.0129,0.3801,3.0951,0,1.0000,0,0,22.3519,-0.6414,101.8663,-2.1616,168.8320,0.000,0.000,0.307,79.7191,51.2941,69
2026-04-24,16:06:48,5542,1,0.0000,-0.0098,0.0129,0.3788,3.0951,0,1.0000,0,0,22.3754,0.4279,101.6749,-5.1412,168.8315,0.000,0.000,0.304,79.7584,53.2921,69
2026-04-24,16:06:48,5578,1,0.0000,-0.0057,0.0119,0.3489,3.0951,0,1.0000,0,0,22.3616,-0.1777,101.4721,-5.5873,168.8170,0.000,0.000,0.301,79.9419,55.3928,69
2026-04-24,16:06:48,5613,1,0.0000,-0.0054,0.0139,0.4074,3.0951,0,1.0000,0,0,22.3594,0.0659,101.4078,-3.5218,168.8253,0.000,0.000,0.298,79.6363,54.7202,69
2026-04-24,16:06:48,5649,1,0.0000,-0.0003,0.0119,0.3489,3.0951,0,1.0000,0,0,22.3578,0.5869,101.4637,-0.0658,168.8290,0.000,0.000,0.294,79.1879,53.4084,69
2026-04-24,16:06:48,5685,1,0.0000,-0.0109,0.0131,0.3862,3.0951,0,1.0000,0,0,22.3636,0.3802,101.3942,-2.3261,168.8364,0.000,0.000,0.291,78.8877,52.6113,69
2026-04-24,16:06:48,5721,1,0.0000,0.0077,0.0115,0.3390,3.0951,0,1.0000,0,0,22.3741,0.3147,101.2617,-3.0925,168.8400,0.000,0.000,0.288,78.0977,50.5155,69
2026-04-24,16:06:48,5757,1,0.0000,-0.0032,0.0126,0.3714,3.0951,0,1.0000,0,0,22.3581,-0.6044,101.2463,-1.6489,168.8334,0.000,0.000,0.285,76.8955,47.4015,69
2026-04-24,16:06:48,5793,1,0.0000,-0.0050,0.0124,0.3641,3.0951,0,1.0000,0,0,22.3608,0.4884,101.4314,3.6773,168.8299,0.000,0.000,0.282,75.9118,45.3511,69
2026-04-24,16:06:48,5828,1,0.0000,0.0156,0.0113,0.3316,3.0951,0,1.0000,0,0,22.3596,-0.0505,101.7556,7.8434,168.8098,0.000,0.000,0.278,74.3839,42.3200,69
2026-04-24,16:06:48,5864,1,0.0000,-0.0006,0.0110,0.3230,3.0951,0,1.0000,0,0,22.4003,0.3824,101.8264,3.6573,168.8128,0.000,0.000,0.275,73.5742,41.1371,69
2026-04-24,16:06:48,5900,1,0.0000,0.0108,0.0113,0.3329,3.0951,0,1.0000,0,0,22.3902,-0.5620,101.8488,2.9496,168.8011,0.000,0.000,0.272,73.0232,40.7042,69
2026-04-24,16:06:48,5936,1,0.0000,0.0031,0.0121,0.3563,3.0951,0,1.0000,0,0,22.3742,-0.6667,102.1876,7.0288,168.7777,0.000,0.000,0.269,72.6756,40.7589,69
2026-04-24,16:06:48,5972,1,0.0000,0.0047,0.0115,0.3377,3.0951,0,1.0000,0,0,22.3648,-0.1739,102.3415,5.3715,168.7799,0.000,0.000,0.266,72.3343,41.5699,69
2026-04-24,16:06:48,6008,1,0.0000,-0.0020,0.0122,0.3576,3.0951,0,1.0000,0,0,22.3795,0.7676,102.2136,-1.2234,168.7775,0.000,0.000,0.262,72.5613,45.0335,69
2026-04-24,16:06:48,6044,1,0.0000,-0.0082,0.0122,0.3589,3.0951,0,1.0000,0,0,22.3656,-0.2025,102.0312,-3.9658,168.7795,0.000,0.000,0.259,72.7623,48.1262,69
2026-04-24,16:06:48,6082,1,0.0000,-0.0019,0.0111,0.3277,3.0951,0,1.0000,0,0,22.3483,-0.3112,102.0634,-2.4329,168.7904,0.000,0.000,0.257,73.7194,54.7016,69
2026-04-24,16:06:48,6117,1,0.0000,-0.0016,0.0109,0.3204,3.0951,0,1.0000,0,0,22.3190,-0.5947,102.2058,1.2522,168.7932,0.000,0.000,0.254,74.1409,59.8745,69
2026-04-24,16:06:48,6153,1,0.0000,-0.0099,0.0120,0.3541,3.0951,0,1.0000,0,0,22.3122,-0.2027,102.2061,1.2622,168.8035,0.000,0.000,0.250,74.2095,63.4083,69
2026-04-24,16:06:48,6189,1,0.0000,-0.0007,0.0122,0.3589,3.0951,0,1.0000,0,0,22.2940,-0.3192,102.2794,1.4963,168.8051,0.000,0.000,0.247,72.6853,65.2687,69
2026-04-24,16:06:48,6225,1,0.0000,0.0007,0.0116,0.3416,3.0951,0,1.0000,0,0,22.2507,-1.2997,102.4188,2.5663,168.8130,0.000,0.000,0.244,70.2061,64.9426,69
2026-04-24,16:06:48,6261,1,0.0000,-0.0066,0.0122,0.3576,3.0952,0,1.0000,0,0,22.2336,-0.2879,102.3624,0.0624,168.8037,0.000,0.000,0.241,68.2457,66.4755,69
2026-04-24,16:06:48,6297,1,0.0000,0.0088,0.0113,0.3329,3.0951,0,1.0000,0,0,22.2339,-0.1674,102.4481,2.4233,168.8105,0.000,0.000,0.238,68.6491,69.5592,69
2026-04-24,16:06:49,6332,1,0.0000,-0.0097,0.0124,0.3650,3.0951,0,1.0000,0,0,22.2606,1.1374,102.6124,3.5735,168.7857,0.000,0.000,0.234,65.5488,67.0483,69
2026-04-24,16:06:49,6368,1,0.0000,0.0000,0.0111,0.3264,3.0951,0,1.0000,0,0,22.3179,1.9177,102.6917,3.2025,168.7917,0.000,0.000,0.231,62.9566,63.9881,69
2026-04-24,16:06:49,6404,1,0.0000,-0.0213,0.0119,0.3489,3.0952,0,1.0000,0,0,22.4400,4.1856,102.6577,-0.2180,168.7688,0.000,0.000,0.228,62.3724,62.5070,69
2026-04-24,16:06:49,6440,1,0.0000,-0.0105,0.0125,0.3676,3.0952,0,1.0000,0,0,22.5262,2.5350,102.5272,-2.8271,168.7887,0.000,0.000,0.225,63.6057,62.7598,69
2026-04-24,16:06:49,6476,1,0.0000,-0.0052,0.0131,0.3849,3.0952,0,1.0000,0,0,22.5127,-1.6579,102.4047,-3.3250,168.7897,0.000,0.000,0.222,63.8504,62.2114,69
2026-04-24,16:06:49,6512,1,0.0000,-0.0116,0.0125,0.3676,3.0952,0,1.0000,0,0,22.4424,2.1307,102.6477,4.9352,169.0043,0.000,0.000,0.218,64.0934,62.1618,69
2026-04-24,16:06:49,6548,1,0.0000,-0.0183,0.0156,0.4575,3.0953,0,1.0000,0,0,22.3187,-5.6132,103.7030,22.5708,170.0601,0.000,0.000,0.215,62.9540,60.8605,69
2026-04-24,16:06:49,6584,1,0.0000,0.0070,0.0166,0.4878,3.0954,0,1.0000,0,0,21.7706,-11.0078,105.3405,37.3068,170.5835,0.000,0.000,0.212,62.5065,60.4040,69
2026-04-24,16:06:49,6620,1,0.0000,-0.0467,0.0229,0.6746,3.0956,0,1.0000,0,0,21.7927,-1.4863,106.6683,35.4823,170.2030,0.000,0.000,0.209,61.3500,59.1894,69
2026-04-24,16:06:49,6655,1,0.0000,0.0104,0.0217,0.6378,3.0956,0,1.0000,0,0,23.0219,45.7384,107.5232,27.7572,169.6269,0.000,0.000,0.206,60.1395,56.8986,69
2026-04-24,16:06:49,6691,1,0.0000,0.0025,0.0188,0.5538,3.0955,0,1.0000,0,0,23.6235,-2.8491,108.3087,25.5418,169.3320,0.000,0.000,0.238,58.1600,53.4789,69
2026-04-24,16:06:49,6727,1,0.0000,0.0022,0.0191,0.5625,3.0955,0,1.0000,0,0,23.0298,-18.3673,109.7487,39.4518,169.2074,0.000,0.000,0.270,56.2975,50.7245,69
2026-04-24,16:06:49,6763,1,0.0000,0.0299,0.0169,0.4976,3.0955,0,1.0000,0,0,21.3367,-50.8571,111.6021,54.1249,169.1361,0.000,0.000,0.302,54.8256,48.6718,69
2026-04-24,16:06:49,6799,1,0.0000,0.0185,0.0151,0.4438,3.0954,0,1.0000,0,0,20.4693,-23.7533,113.8358,64.1577,169.1109,0.000,0.000,0.334,52.2965,45.4180,69
2026-04-24,16:06:49,6835,1,0.0000,0.0040,0.0170,0.4999,3.0954,0,1.0000,0,0,19.6060,-20.1541,115.4384,53.8059,168.9688,0.000,0.000,0.366,50.6673,43.1067,69
2026-04-24,16:06:49,6871,1,0.0000,0.0131,0.0141,0.4147,3.0953,0,1.0000,0,0,19.8795,6.1956,116.2465,34.5167,169.0271,0.000,0.000,0.398,49.3066,40.9048,69
2026-04-24,16:06:49,6907,1,0.0000,-0.0006,0.0141,0.4137,3.0953,0,1.0000,0,0,19.8741,4.4752,116.4316,14.5775,168.9854,0.000,0.000,0.430,48.1038,38.9649,69
2026-04-24,16:06:49,6942,1,0.0000,0.0137,0.0135,0.3973,3.0952,0,1.0000,0,0,20.0815,0.0806,115.7541,-10.0044,168.8923,0.000,0.000,0.462,47.4622,37.5976,69
2026-04-24,16:06:49,6978,1,0.0000,0.0085,0.0126,0.3699,3.0952,0,1.0000,0,0,20.1032,5.9029,114.6136,-27.4797,168.8525,0.000,0.000,0.494,47.0822,36.1082,69
2026-04-24,16:06:49,7011,1,0.0000,0.0031,0.0134,0.3950,3.0952,0,1.0000,0,0,20.0764,2.9641,114.3230,-23.4330,168.8583,0.000,0.000,0.510,47.3329,34.5849,69
2026-04-24,16:06:49,7047,1,0.0000,-0.0088,0.0138,0.4049,3.0952,0,1.0000,0,0,20.2729,9.3741,113.0420,-33.7949,168.8041,0.000,0.000,0.542,48.3421,32.4548,69
2026-04-24,16:06:49,7083,1,0.0000,-0.0041,0.0144,0.4235,3.0952,0,1.0000,0,0,20.2188,-1.1249,111.9534,-34.4618,168.7652,0.000,0.000,0.574,49.9371,31.5131,69
2026-04-24,16:06:49,7119,1,0.0000,0.0159,0.0125,0.3676,3.0952,0,1.0000,0,0,20.3727,3.4983,110.7464,-36.2934,168.7493,0.000,0.000,0.606,51.8754,30.7298,69
2026-04-24,16:06:49,7155,1,0.0000,0.0032,0.0132,0.3886,3.0952,0,1.0000,0,0,20.3140,0.8873,110.0771,-26.5241,168.7133,0.000,0.000,0.638,53.1567,30.4451,69
2026-04-24,16:06:49,7191,1,0.0000,-0.0168,0.0147,0.4334,3.0952,0,1.0000,0,0,20.3848,-0.6398,109.5094,-19.8602,168.7110,0.000,0.000,0.670,54.7396,29.4862,69
2026-04-24,16:06:49,7227,1,0.0000,0.0049,0.0122,0.3589,3.0952,0,1.0000,0,0,20.4486,4.4491,109.2261,-13.6236,168.6888,0.000,0.000,0.702,55.2568,28.1823,69
2026-04-24,16:06:49,7263,1,0.0000,0.0061,0.0118,0.3478,3.0952,0,1.0000,0,0,20.5093,0.8036,108.8934,-11.4610,168.6756,0.000,0.000,0.734,56.1410,27.3840,69
2026-04-24,16:06:50,7299,1,0.0000,0.0031,0.0131,0.3839,3.0952,0,1.0000,0,0,20.6147,3.8520,108.3449,-15.3791,168.6579,0.000,0.000,0.766,57.0885,26.6633,69
2026-04-24,16:06:50,7334,1,0.0000,-0.0020,0.0138,0.4049,3.0952,0,1.0000,0,0,20.5681,-0.7133,108.1323,-9.2916,168.6564,0.000,0.000,0.798,57.9892,26.2113,69
2026-04-24,16:06:50,7370,1,0.0000,0.0023,0.0117,0.3450,3.0952,0,1.0000,0,0,20.6793,2.9711,107.6598,-14.8986,168.6589,0.000,0.000,0.830,59.3719,26.3048,69
2026-04-24,16:06:50,7406,1,0.0000,0.0004,0.0119,0.3489,3.0952,0,1.0000,0,0,20.6681,0.9825,106.8311,-20.7814,168.6469,0.000,0.000,0.862,60.0267,26.0686,69
2026-04-24,16:06:50,7442,1,0.0000,-0.0060,0.0124,0.3641,3.0952,0,1.0000,0,0,20.7283,0.4397,106.2066,-20.0617,168.6650,0.000,0.000,0.894,60.2338,25.4204,69
2026-04-24,16:06:50,7478,1,0.0000,0.0002,0.0119,0.3501,3.0952,0,1.0000,0,0,20.7713,2.9975,105.7327,-16.7292,168.6766,0.000,0.000,0.926,60.0393,25.5391,69
2026-04-24,16:06:50,7514,1,0.0000,0.0067,0.0106,0.3117,3.0952,0,1.0000,0,0,20.7745,-0.4590,105.3305,-14.3754,168.7202,0.000,0.000,0.958,59.8750,26.0863,69
2026-04-24,16:06:50,7550,1,0.0000,0.0053,0.0119,0.3501,3.0952,0,1.0000,0,0,20.8254,1.4250,105.1960,-8.0349,168.7880,0.000,0.000,0.990,58.9715,25.9254,69
2026-04-24,16:06:50,7586,1,0.0000,-0.0050,0.0135,0.3961,3.0952,0,1.0000,0,0,20.7857,-0.6923,105.2749,-2.2599,168.8471,0.000,0.000,1.000,57.9910,26.6028,69
2026-04-24,16:06:50,7622,1,0.0000,-0.0154,0.0122,0.3577,3.0952,0,1.0000,0,0,20.8189,1.4576,105.0343,-6.3611,168.8718,0.000,0.000,1.000,56.6255,28.0294,69
2026-04-24,16:06:50,7658,1,0.0000,-0.0055,0.0135,0.3973,3.0952,0,1.0000,0,0,20.7980,0.6899,105.0508,-1.8541,168.8369,0.000,0.000,1.000,55.0706,28.4102,69
2026-04-24,16:06:50,7694,1,0.0000,0.0038,0.0119,0.3514,3.0952,0,1.0000,0,0,20.8043,-0.3611,105.3874,6.0954,168.7868,0.000,0.000,0.998,53.7611,28.0228,69
2026-04-24,16:06:50,7730,1,0.0000,-0.0062,0.0131,0.3862,3.0952,0,1.0000,0,0,20.8500,2.0746,105.7310,8.7170,168.8066,0.000,0.000,0.994,52.0325,27.1152,69
2026-04-24,16:06:50,7766,1,0.0000,-0.0086,0.0122,0.3589,3.0952,0,1.0000,0,0,20.8424,-0.3279,105.9816,7.4571,168.8124,0.000,0.000,0.991,50.7843,27.3083,69
2026-04-24,16:06:50,7802,1,0.0000,0.0053,0.0119,0.3502,3.0952,0,1.0000,0,0,20.8958,1.4076,106.2997,8.2341,168.7920,0.000,0.000,0.988,48.8927,27.3195,69
2026-04-24,16:06:50,7838,1,0.0000,0.0127,0.0122,0.3589,3.0952,0,1.0000,0,0,20.8800,0.2517,106.2094,0.2533,168.7789,0.000,0.000,0.985,48.1574,27.1185,69
2026-04-24,16:06:50,7874,1,0.0000,0.0061,0.0116,0.3415,3.0952,0,1.0000,0,0,20.9081,0.8331,105.8964,-6.6004,168.7343,0.000,0.000,0.982,47.8786,25.5204,69
2026-04-24,16:06:50,7910,1,0.0000,-0.0036,0.0131,0.3862,3.0952,0,1.0000,0,0,20.9312,1.9189,105.2199,-17.5655,168.6742,0.000,0.000,0.978,47.7775,20.9455,69
2026-04-24,16:06:50,7949,1,0.0000,-0.0152,0.0131,0.3850,3.0952,0,1.0000,0,0,20.9375,0.9926,104.9136,-14.9526,168.6763,0.000,0.000,0.976,49.4989,18.1644,69
2026-04-24,16:06:50,7984,1,0.0000,0.0103,0.0112,0.3291,3.0952,0,1.0000,0,0,20.9482,1.0547,104.3044,-17.1606,168.6687,0.000,0.000,0.973,50.8956,16.5371,69
2026-04-24,16:06:50,8020,1,0.0000,-0.0106,0.0128,0.3763,3.0952,0,1.0000,0,0,20.9368,-0.0312,103.8564,-13.9460,168.6212,0.000,0.000,0.970,52.6808,15.5696,69
2026-04-24,16:06:50,8056,1,0.0000,0.0002,0.0129,0.3800,3.0952,0,1.0000,0,0,20.9660,0.8265,103.8745,-3.0364,168.6155,0.000,0.000,0.966,55.8735,14.7104,69
2026-04-24,16:06:50,8092,1,0.0000,-0.0141,0.0125,0.3676,3.0952,0,1.0000,0,0,20.9556,-0.1297,104.0958,2.8260,168.6183,0.000,0.000,0.963,58.9394,14.9654,69
2026-04-24,16:06:50,8128,1,0.0000,-0.0014,0.0120,0.3539,3.0952,0,1.0000,0,0,20.9781,0.4314,103.9904,-2.5374,168.6141,0.000,0.000,0.960,62.2215,16.0377,69
2026-04-24,16:06:50,8164,1,0.0000,0.0020,0.0125,0.3676,3.0952,0,1.0000,0,0,20.9735,0.5575,104.0085,0.9811,168.5869,0.000,0.000,0.957,64.8353,16.8392,69
2026-04-24,16:06:50,8200,1,0.0000,0.0023,0.0119,0.3514,3.0952,0,1.0000,0,0,20.9825,-0.0868,103.9664,-2.9094,168.5930,0.000,0.000,0.954,68.6567,18.1809,69
2026-04-24,16:06:50,8236,1,0.0000,-0.0028,0.0122,0.3589,3.0952,0,1.0000,0,0,20.9816,0.4734,103.7032,-6.1636,168.5876,0.000,0.000,0.950,72.0631,20.2915,69
2026-04-24,16:06:50,8272,1,0.0000,-0.0036,0.0124,0.3652,3.0952,0,1.0000,0,0,20.9767,0.1597,103.3193,-10.7885,168.5956,0.000,0.000,0.947,76.8066,25.8957,69
2026-04-24,16:06:51,8308,1,0.0000,0.0053,0.0112,0.3303,3.0952,0,1.0000,0,0,20.9998,0.5469,102.8507,-13.6947,168.5905,0.000,0.000,0.944,81.3207,37.5653,69
2026-04-24,16:06:51,8344,1,0.0000,-0.0001,0.0116,0.3415,3.0952,0,1.0000,0,0,20.9874,-0.2067,102.3468,-14.8917,168.5944,0.000,0.000,0.941,84.4047,51.9299,69
2026-04-24,16:06:51,8380,1,0.0000,0.0071,0.0129,0.3787,3.0952,0,1.0000,0,0,20.9734,-0.5454,102.2203,-6.8058,168.5787,0.000,0.000,0.938,88.9735,82.3611,69
2026-04-24,16:06:51,8416,1,0.0000,-0.0040,0.0138,0.4048,3.0952,0,1.0000,0,0,20.9664,0.2415,102.2661,-2.5015,168.6015,0.000,0.000,0.934,92.4216,107.3462,69
2026-04-24,16:06:51,8452,1,0.0000,-0.0003,0.0128,0.3750,3.0952,0,1.0000,0,0,20.9695,-0.0737,102.5007,4.4615,168.6189,0.000,0.000,0.931,96.8346,131.7197,69
2026-04-24,16:06:51,8488,1,0.0000,-0.0077,0.0129,0.3799,3.0952,0,1.0000,0,0,20.9714,0.6057,102.8421,7.5229,168.6281,0.000,0.000,0.928,99.8754,141.9991,69
2026-04-24,16:06:51,8524,1,0.0000,0.0053,0.0126,0.3713,3.0952,0,1.0000,0,0,20.9597,0.1001,102.6827,-1.5527,168.6111,0.000,0.000,0.925,101.9892,146.6365,69
2026-04-24,16:06:51,8560,1,0.0000,-0.0055,0.0132,0.3874,3.0952,0,1.0000,0,0,20.9656,-0.2422,102.2002,-11.2696,168.6113,0.000,0.000,0.922,104.6964,150.1165,69
2026-04-24,16:06:51,8596,1,0.0000,-0.0043,0.0128,0.3750,3.0952,0,1.0000,0,0,20.9489,-0.6324,101.6930,-14.3444,168.6510,0.000,0.000,0.918,106.2390,151.7373,69
2026-04-24,16:06:51,8632,1,0.0000,-0.0088,0.0119,0.3502,3.0952,0,1.0000,0,0,20.9499,0.1836,101.2618,-14.0110,168.6712,0.000,0.000,0.915,107.7117,153.1299,69
2026-04-24,16:06:51,8668,1,0.0000,-0.0122,0.0135,0.3961,3.0952,0,1.0000,0,0,20.9437,0.2221,101.0498,-9.8790,168.6967,0.000,0.000,0.912,107.9036,154.1935,69
2026-04-24,16:06:51,8704,1,0.0000,-0.0139,0.0142,0.4184,3.0952,0,1.0000,0,0,20.9400,0.1689,100.9741,-5.4859,168.6562,0.000,0.000,0.909,107.5335,154.8017,69
2026-04-24,16:06:51,8740,1,0.0000,0.0084,0.0125,0.3676,3.0952,0,1.0000,0,0,20.9339,0.2215,100.9792,-1.7989,168.6265,0.000,0.000,0.906,106.9835,157.2976,69
2026-04-24,16:06:51,8776,1,0.0000,-0.0106,0.0144,0.4245,3.0952,0,1.0000,0,0,20.9299,0.1436,101.0153,-1.3945,168.6428,0.000,0.000,0.902,106.3169,159.6234,69
2026-04-24,16:06:51,8812,1,0.0000,-0.0022,0.0118,0.3477,3.0952,0,1.0000,0,0,20.9475,0.4457,100.5452,-10.2948,168.5979,0.000,0.000,0.899,105.0835,162.1150,69
2026-04-24,16:06:51,8848,1,0.0000,-0.0033,0.0141,0.4160,3.0952,0,1.0000,0,0,20.9427,-0.0755,100.4202,-5.4189,168.6069,0.000,0.000,0.896,102.9716,162.4760,69
2026-04-24,16:06:51,8886,1,0.0000,0.0074,0.0122,0.3589,3.0952,0,1.0000,0,0,20.9402,-0.0599,100.4846,-3.1497,168.6054,0.000,0.000,0.894,101.2173,160.5073,69
2026-04-24,16:06:51,8921,1,0.0000,-0.0022,0.0117,0.3453,3.0952,0,1.0000,0,0,20.9517,0.8251,100.6047,1.3174,168.5651,0.000,0.000,0.890,99.0787,155.1096,69
2026-04-24,16:06:51,8957,1,0.0000,0.0004,0.0132,0.3874,3.0952,0,1.0000,0,0,20.9603,0.9626,100.5245,-3.2160,168.5244,0.000,0.000,0.887,97.3081,147.1364,69
2026-04-24,16:06:51,8992,1,0.0000,-0.0108,0.0131,0.3850,3.0952,0,1.0000,0,0,20.9641,0.0055,99.7396,-17.7561,168.5293,0.000,0.000,0.884,94.3464,129.0362,69
2026-04-24,16:06:51,9028,1,0.0000,0.0081,0.0118,0.3477,3.0952,0,1.0000,0,0,20.9554,0.0838,99.1664,-17.4119,168.5303,0.000,0.000,0.881,91.8447,107.6148,69
2026-04-24,16:06:51,9064,1,0.0000,0.0091,0.0115,0.3377,3.0952,0,1.0000,0,0,20.9674,0.2039,99.0279,-9.5331,168.5117,0.000,0.000,0.878,90.0687,90.6663,69
2026-04-24,16:06:51,9100,1,0.0000,0.0039,0.0126,0.3713,3.0952,0,1.0000,0,0,20.9926,1.0856,98.5910,-12.9925,168.5016,0.000,0.000,0.874,87.3885,66.4197,69
2026-04-24,16:06:51,9136,1,0.0000,-0.0067,0.0116,0.3415,3.0952,0,1.0000,0,0,20.9947,0.6467,98.3574,-7.6499,168.4940,0.000,0.000,0.871,85.6179,54.0410,69
2026-04-24,16:06:51,9171,1,0.0000,0.0104,0.0110,0.3241,3.0952,0,1.0000,0,0,21.0098,0.4970,98.3223,-2.8049,168.4788,0.000,0.000,0.868,82.4725,39.8873,69
2026-04-24,16:06:51,9207,1,0.0000,-0.0056,0.0135,0.3973,3.0952,0,1.0000,0,0,20.9990,0.0833,98.2430,-2.8710,168.4602,0.000,0.000,0.865,80.0766,33.5524,69
2026-04-24,16:06:51,9243,1,0.0000,-0.0071,0.0122,0.3589,3.0952,0,1.0000,0,0,21.0303,0.8802,98.2821,0.1639,168.4297,0.000,0.000,0.862,77.5461,29.3006,69
2026-04-24,16:06:51,9279,1,0.0000,0.0006,0.0119,0.3502,3.0952,0,1.0000,0,0,21.0400,0.5547,98.7119,9.7110,168.4076,0.000,0.000,0.858,75.0061,26.9355,69
2026-04-24,16:06:52,9315,1,0.0000,0.0055,0.0116,0.3415,3.0952,0,1.0000,0,0,21.0570,0.4548,99.3914,17.2874,168.3979,0.000,0.000,0.855,73.3032,26.0437,69
2026-04-24,16:06:52,9351,1,0.0000,-0.0067,0.0125,0.3676,3.0952,0,1.0000,0,0,21.0544,-0.1280,99.9998,17.2482,168.3841,0.000,0.000,0.852,71.5798,25.6603,69
2026-04-24,16:06:52,9387,1,0.0000,-0.0152,0.0131,0.3850,3.0952,0,1.0000,0,0,21.0369,-0.0128,100.5197,17.9700,168.3764,0.000,0.000,0.849,70.3488,25.5605,69
2026-04-24,16:06:52,9423,1,0.0000,-0.0039,0.0125,0.3688,3.0952,0,1.0000,0,0,21.0396,-0.0292,101.0497,16.4476,168.3762,0.000,0.000,0.846,68.6226,25.4603,69
2026-04-24,16:06:52,9459,1,0.0000,0.0144,0.0116,0.3403,3.0952,0,1.0000,0,0,21.0459,0.4445,101.3469,10.4338,168.3661,0.000,0.000,0.842,66.7921,24.9516,69
2026-04-24,16:06:52,9495,1,0.0000,0.0013,0.0125,0.3676,3.0952,0,1.0000,0,0,21.0451,0.1934,101.2712,1.5647,168.3622,0.000,0.000,0.839,65.6629,24.0892,69
2026-04-24,16:06:52,9531,1,0.0000,-0.0031,0.0130,0.3825,3.0952,0,1.0000,0,0,21.0463,-0.1692,101.0565,-4.3554,168.3675,0.000,0.000,0.836,64.5239,22.1962,69
2026-04-24,16:06:52,9567,1,0.0000,-0.0017,0.0128,0.3775,3.0952,0,1.0000,0,0,21.0202,-0.9540,100.8009,-7.4599,168.3776,0.000,0.000,0.833,64.0509,20.8013,69
2026-04-24,16:06:52,9602,1,0.0000,0.0015,0.0139,0.4085,3.0952,0,1.0000,0,0,21.0195,0.0560,100.3687,-11.8062,168.3748,0.000,0.000,0.830,63.5984,18.8478,69
2026-04-24,16:06:52,9638,1,0.0000,-0.0093,0.0131,0.3862,3.0952,0,1.0000,0,0,21.0131,0.0457,100.0898,-8.6603,168.3767,0.000,0.000,0.826,63.3576,17.7100,69
2026-04-24,16:06:52,9674,1,0.0000,0.0020,0.0135,0.3974,3.0952,0,1.0000,0,0,21.0132,0.0212,99.9602,-6.1290,168.3851,0.000,0.000,0.823,63.1603,16.6096,69
2026-04-24,16:06:52,9710,1,0.0000,-0.0076,0.0132,0.3886,3.0952,0,1.0000,0,0,21.0400,0.7571,99.9300,-2.6016,168.3579,0.000,0.000,0.820,63.0885,16.4129,69
2026-04-24,16:06:52,9746,1,0.0000,-0.0106,0.0125,0.3676,3.0952,0,1.0000,0,0,21.0491,0.2074,100.0045,0.3785,168.3537,0.000,0.000,0.817,62.8810,16.7341,69
2026-04-24,16:06:52,9782,1,0.0000,-0.0180,0.0135,0.3973,3.0952,0,1.0000,0,0,21.0579,0.9137,99.8336,-4.7861,168.3507,0.000,0.000,0.814,63.1327,17.3856,69
2026-04-24,16:06:52,9816,1,0.0000,-0.0037,0.0122,0.3577,3.0952,0,1.0000,0,0,21.0794,0.7940,99.7459,-4.3576,168.3564,0.000,0.000,0.812,63.3025,17.4865,69
2026-04-24,16:06:52,9851,1,0.0000,-0.0024,0.0138,0.4061,3.0952,0,1.0000,0,0,21.1779,2.7865,99.4994,-5.9683,168.2491,0.000,0.000,0.809,63.2527,17.4275,69
2026-04-24,16:06:52,9887,1,0.0000,-0.0130,0.0151,0.4444,3.0952,0,1.0000,0,0,21.4872,9.6917,99.1573,-9.1941,167.8686,0.000,0.000,0.806,63.1826,16.8867,69
2026-04-24,16:06:52,9923,1,0.0000,-0.0423,0.0195,0.5731,3.0954,0,1.0000,0,0,22.3779,25.1517,98.8056,-8.1029,166.7331,0.000,0.000,0.802,63.1234,15.6791,69
2026-04-24,16:06:52,9959,1,0.0000,-0.0208,0.0277,0.8161,3.0959,0,1.0000,0,0,23.2419,13.6566,98.8385,4.6267,165.9097,0.000,0.000,0.799,64.5496,14.9465,69
2026-04-24,16:06:52,9995,1,0.0000,0.0175,0.0217,0.6375,3.0957,0,1.0000,0,0,24.0582,16.2475,100.5788,45.0564,166.3709,0.000,0.000,0.796,66.1434,15.8417,69
2026-04-24,16:06:52,10031,1,0.0000,-0.0036,0.0220,0.6468,3.0957,0,1.0000,0,0,22.8419,-41.1668,103.7378,84.6218,167.0842,0.000,0.000,0.810,67.5017,17.4269,69
2026-04-24,16:06:52,10067,1,0.0000,-0.0046,0.0233,0.6844,3.0958,0,1.0000,0,0,21.5431,-42.2719,107.9000,115.9100,167.8046,0.000,0.000,0.842,67.7313,18.0901,69
2026-04-24,16:06:52,10102,1,0.0000,0.0013,0.0236,0.6941,3.0958,0,1.0000,0,0,19.9737,-36.6803,112.2576,129.1080,168.0933,0.000,0.000,0.874,67.9387,19.1825,69
2026-04-24,16:06:52,10138,1,0.0000,-0.0002,0.0226,0.6656,3.0958,0,1.0000,0,0,19.5023,-19.9361,115.4006,106.7075,168.3004,0.000,0.000,0.906,68.2683,19.8833,69
2026-04-24,16:06:52,10173,1,0.0000,0.0044,0.0223,0.6561,3.0958,0,1.0000,0,0,19.8709,18.3874,117.5765,80.5491,168.4475,0.000,0.000,0.938,68.1390,20.1087,69
2026-04-24,16:06:52,10209,1,0.0000,-0.0161,0.0236,0.6938,3.0958,0,1.0000,0,0,20.0872,-2.5813,119.3774,63.4759,168.3337,0.000,0.000,0.970,67.7364,19.6680,69
2026-04-24,16:06:52,10245,1,0.0000,-0.0055,0.0239,0.7033,3.0958,0,1.0000,0,0,20.1721,3.4897,120.5979,45.7603,168.2594,0.000,0.000,1.000,67.7389,18.6302,69
2026-04-24,16:06:52,10280,1,0.0000,-0.0081,0.0242,0.7129,3.0958,0,1.0000,0,0,19.6678,-17.2100,121.5285,35.9044,168.4551,0.000,0.000,1.000,67.8054,17.1228,69
2026-04-24,16:06:53,10316,1,0.0000,-0.0183,0.0261,0.7691,3.0959,0,1.0000,0,0,19.5053,-5.3057,122.7705,37.3176,168.5367,0.000,0.000,1.000,68.1408,16.3469,69
2026-04-24,16:06:53,10352,1,0.0000,-0.0088,0.0277,0.8160,3.0960,0,1.0000,0,0,19.0263,-13.0652,123.7562,33.3725,168.4463,0.048,0.000,1.000,68.9797,16.4581,69
2026-04-24,16:06:53,10388,1,0.0000,0.0012,0.0281,0.8261,3.0960,0,1.0000,0,0,19.0401,-2.4351,124.5390,27.3776,168.5424,0.112,0.000,1.000,69.6363,17.2044,69
2026-04-24,16:06:53,10424,1,0.0000,-0.0086,0.0307,0.9016,3.0961,0,1.0000,0,0,18.9790,-0.0206,125.3201,24.6977,168.5109,0.128,0.000,1.000,70.0856,19.8128,69
2026-04-24,16:06:53,10460,1,0.0000,-0.0210,0.0336,0.9876,3.0962,0,1.0000,0,0,18.7508,-8.6557,126.1686,26.1954,168.5841,0.096,0.000,1.000,70.0536,23.8151,69
2026-04-24,16:06:53,10496,1,0.0000,-0.0389,0.0366,1.0755,3.0964,0,1.0000,0,0,18.6511,-1.6032,127.0431,26.3755,168.5615,0.136,0.000,1.000,69.9092,27.9008,69
2026-04-24,16:06:53,10531,1,0.0000,0.0009,0.0360,1.0575,3.0965,0,1.0000,0,0,18.6084,-2.0715,127.9147,27.9793,168.5782,0.104,0.000,1.000,69.7405,33.0818,69
2026-04-24,16:06:53,10567,1,0.0000,0.0102,0.0368,1.0810,3.0965,0,1.0000,0,0,18.6020,-2.7310,128.8403,27.8484,168.6037,0.072,0.000,1.000,69.4468,35.9831,69
2026-04-24,16:06:53,10602,1,0.0000,-0.0186,0.0398,1.1704,3.0965,0,1.0000,0,0,18.1442,-9.1370,129.7623,29.8339,168.6166,0.088,0.000,1.000,68.9415,38.3533,69
2026-04-24,16:06:53,10638,1,0.0000,-0.0135,0.0384,1.1298,3.0965,0,1.0000,0,0,18.2326,-1.4654,130.6287,27.7215,168.6171,0.080,0.000,1.000,68.1764,39.1710,69
2026-04-24,16:06:53,10674,1,0.0000,0.0187,0.0366,1.0762,3.0965,0,1.0000,0,0,18.2047,2.0683,131.5133,27.3423,168.5636,0.048,0.000,1.000,67.6059,39.4464,69
2026-04-24,16:06:53,10710,1,0.0000,-0.0020,0.0385,1.1316,3.0966,0,1.0000,0,0,18.1458,-4.4192,132.1143,22.4602,168.6766,0.016,0.000,1.000,66.9051,39.3767,69
2026-04-24,16:06:53,10749,1,0.0000,-0.0009,0.0390,1.1461,3.0966,0,1.0000,0,0,18.0958,-2.7225,132.4599,18.2654,168.6680,0.000,0.000,1.000,66.3036,38.7027,69
2026-04-24,16:06:53,10785,1,0.0000,-0.0145,0.0408,1.1989,3.0966,0,1.0000,0,0,18.0022,-0.7563,133.0460,18.3120,168.6650,0.000,0.000,1.000,65.8084,37.6165,69
2026-04-24,16:06:53,10821,1,0.0000,-0.0035,0.0416,1.2240,3.0967,0,1.0000,0,0,18.1279,2.0426,133.3569,12.8319,168.6572,0.000,0.000,1.000,65.0437,35.5040,69
2026-04-24,16:06:53,10857,1,0.0000,-0.0144,0.0420,1.2358,3.0968,0,1.0000,0,0,18.0220,-2.2732,133.5973,9.9406,168.6285,0.000,0.000,1.000,64.3320,33.7315,69
2026-04-24,16:06:53,10893,1,0.0000,-0.0058,0.0420,1.2358,3.0968,0,1.0000,0,0,18.0153,0.5139,133.7611,6.3821,168.6429,0.000,0.000,1.000,63.4439,31.5182,69
2026-04-24,16:06:53,10929,1,0.0000,0.0088,0.0433,1.2725,3.0968,0,1.0000,0,0,18.0203,-0.3842,133.8815,3.9972,168.6274,0.000,0.000,1.000,62.5329,29.0126,69
2026-04-24,16:06:53,10964,1,0.0000,0.0083,0.0407,1.1958,3.0967,0,1.0000,0,0,17.9260,-2.8719,134.0338,5.0243,168.6219,0.000,0.000,1.000,61.8214,27.3190,69
2026-04-24,16:06:53,11000,1,0.0000,-0.0019,0.0416,1.2244,3.0968,0,1.0000,0,0,17.9392,0.8659,134.6429,14.7117,168.6584,0.000,0.000,1.000,60.9613,25.8478,69
2026-04-24,16:06:53,11036,1,0.0000,0.0035,0.0417,1.2268,3.0967,0,1.0000,0,0,17.9806,0.9801,135.0200,12.8058,168.6194,0.000,0.000,1.000,60.3219,24.9642,69
2026-04-24,16:06:53,11072,1,0.0000,-0.0067,0.0424,1.2462,3.0967,0,1.0000,0,0,17.9431,-0.4520,135.2067,7.7024,168.6337,0.000,0.000,1.000,59.6593,24.1027,69
2026-04-24,16:06:53,11108,1,0.0000,0.0014,0.0415,1.2212,3.0967,0,1.0000,0,0,17.9642,-0.0424,134.9872,-2.1205,168.5932,0.000,0.000,1.000,59.1872,23.2077,69
2026-04-24,16:06:53,11144,1,0.0000,0.0018,0.0415,1.2213,3.0967,0,1.0000,0,0,17.9778,0.3405,134.6373,-8.0643,168.5962,0.000,0.000,1.000,59.0031,22.6769,69
2026-04-24,16:06:53,11180,1,0.0000,0.0291,0.0366,1.0774,3.0965,0,1.0000,0,0,17.9984,0.8586,134.0855,-13.9943,168.6211,0.000,0.000,1.000,59.0285,22.4080,69
2026-04-24,16:06:53,11216,1,0.0000,-0.0110,0.0372,1.0928,3.0965,0,1.0000,0,0,17.9718,-0.6358,133.5618,-15.7349,168.6189,0.000,0.000,0.999,59.2591,22.2826,69
2026-04-24,16:06:53,11252,1,0.0000,0.0110,0.0352,1.0354,3.0964,0,1.0000,0,0,17.9832,1.8318,133.0271,-15.8081,168.6075,0.000,0.000,0.996,59.8099,22.2647,69
2026-04-24,16:06:53,11288,1,0.0000,-0.0017,0.0363,1.0672,3.0964,0,1.0000,0,0,17.9902,-0.2964,132.6254,-14.9420,168.6040,0.000,0.000,0.993,60.3353,22.2247,69
2026-04-24,16:06:54,11324,1,0.0000,-0.0127,0.0364,1.0710,3.0964,0,1.0000,0,0,18.0296,2.4298,132.1196,-14.8999,168.6007,0.000,0.000,0.990,61.2066,22.2567,69
2026-04-24,16:06:54,11360,1,0.0000,0.0006,0.0347,1.0208,3.0964,0,1.0000,0,0,18.0384,0.3393,131.9590,-7.5239,168.6207,0.000,0.000,0.986,62.0299,22.5774,69
2026-04-24,16:06:54,11396,1,0.0000,-0.0034,0.0363,1.0666,3.0964,0,1.0000,0,0,18.0890,1.4775,131.9490,-3.7308,168.6232,0.000,0.000,0.983,62.6607,22.9792,69
2026-04-24,16:06:54,11432,1,0.0000,-0.0179,0.0342,1.0051,3.0964,0,1.0000,0,0,18.1023,0.4360,132.0342,1.0636,168.6183,0.000,0.000,0.980,63.5845,23.7508,69
2026-04-24,16:06:54,11468,1,0.0000,0.0035,0.0340,1.0008,3.0964,0,1.0000,0,0,18.1465,0.0336,132.2840,4.5653,168.6101,0.000,0.000,0.977,64.4594,24.9601,69
2026-04-24,16:06:54,11504,1,0.0000,0.0135,0.0340,0.9994,3.0963,0,1.0000,0,0,18.1454,0.1785,132.2049,0.0144,168.6161,0.000,0.000,0.974,65.0531,25.8375,69
2026-04-24,16:06:54,11540,1,0.0000,0.0048,0.0343,1.0094,3.0964,0,1.0000,0,0,18.1760,0.5553,132.1771,-0.4318,168.6275,0.000,0.000,0.970,65.8085,26.6279,69
2026-04-24,16:06:54,11576,1,0.0000,-0.0027,0.0356,1.0480,3.0964,0,1.0000,0,0,18.1850,0.4650,132.0557,-3.5868,168.6217,0.000,0.000,0.967,66.3361,27.0460,69
2026-04-24,16:06:54,11611,1,0.0000,0.0032,0.0344,1.0122,3.0963,0,1.0000,0,0,18.2163,0.0084,131.5950,-11.3658,168.6164,0.000,0.000,0.964,66.9482,27.5968,69
2026-04-24,16:06:54,11647,1,0.0000,-0.0029,0.0341,1.0036,3.0964,0,1.0000,0,0,18.2125,-0.5388,131.1483,-13.1359,168.6217,0.000,0.000,0.961,67.3867,28.1097,69
2026-04-24,16:06:54,11685,1,0.0000,0.0001,0.0350,1.0308,3.0964,0,1.0000,0,0,18.2103,-0.2620,131.0105,-10.1240,168.6102,0.000,0.000,0.958,68.1098,29.0447,69
2026-04-24,16:06:54,11726,1,0.0000,0.0064,0.0345,1.0153,3.0963,0,1.0000,0,0,18.2065,0.0020,130.7032,-8.5621,168.6350,0.000,0.000,0.954,68.8550,30.1379,69
2026-04-24,16:06:54,11758,1,0.0000,0.0043,0.0346,1.0180,3.0964,0,1.0000,0,0,18.2405,0.7248,130.6921,-2.7640,168.6313,0.000,0.000,0.951,69.5512,31.2136,69
2026-04-24,16:06:54,11798,1,0.0000,-0.0027,0.0353,1.0380,3.0964,0,1.0000,0,0,18.2460,0.3040,130.8884,4.1038,168.6280,0.000,0.000,0.947,70.1342,32.3053,69
2026-04-24,16:06:54,11838,1,0.0000,0.0074,0.0356,1.0466,3.0964,0,1.0000,0,0,18.2634,-0.2275,131.3047,8.9908,168.6116,0.000,0.000,0.943,70.6444,33.3004,69
2026-04-24,16:06:54,11871,1,0.0000,-0.0067,0.0359,1.0566,3.0964,0,1.0000,0,0,18.3155,1.8139,131.1901,-0.0145,168.6116,0.000,0.000,0.940,70.9416,33.8951,69
2026-04-24,16:06:54,11904,1,0.0000,-0.0048,0.0350,1.0294,3.0964,0,1.0000,0,0,18.2973,-1.1361,130.9030,-6.3691,168.6542,0.000,0.000,0.937,71.2079,34.3932,69
2026-04-24,16:06:54,11945,1,0.0000,0.0010,0.0344,1.0122,3.0964,0,1.0000,0,0,18.3288,1.4465,131.1749,4.5688,168.6390,0.000,0.000,0.933,71.5423,35.2803,69
2026-04-24,16:06:54,11986,1,0.0000,0.0142,0.0325,0.9565,3.0963,0,1.0000,0,0,18.2662,-0.2448,131.0727,-1.1950,168.6477,0.000,0.000,0.929,71.7601,36.3669,69
2026-04-24,16:06:54,12026,1,0.0000,0.0136,0.0326,0.9579,3.0963,0,1.0000,0,0,18.2566,-0.1682,130.8491,-4.0704,168.6367,0.000,0.000,0.925,71.8372,37.1765,69
2026-04-24,16:06:54,12059,1,0.0000,0.0081,0.0342,1.0065,3.0964,0,1.0000,0,0,18.2343,-0.8503,130.7307,-3.3924,168.6340,0.000,0.000,0.922,71.8567,37.6955,69
2026-04-24,16:06:54,12092,1,0.0000,-0.0002,0.0338,0.9951,3.0964,0,1.0000,0,0,18.2329,-0.9422,131.0093,4.9336,168.6265,0.000,0.000,0.918,71.8005,37.8623,69
2026-04-24,16:06:54,12132,1,0.0000,-0.0091,0.0368,1.0822,3.0964,0,1.0000,0,0,18.2451,2.0806,131.3013,6.4599,168.6068,0.000,0.000,0.914,71.7669,38.1414,69
2026-04-24,16:06:54,12168,1,0.0000,0.0109,0.0340,0.9994,3.0963,0,1.0000,0,0,18.2072,-2.5298,131.4728,5.2355,168.6102,0.000,0.000,0.911,71.8479,38.3482,69
2026-04-24,16:06:54,12208,1,0.0000,-0.0052,0.0347,1.0208,3.0964,0,1.0000,0,0,18.2426,0.4384,131.2103,-2.8842,168.6396,0.000,0.000,0.907,71.8213,38.4110,69
2026-04-24,16:06:54,12241,1,0.0000,0.0086,0.0350,1.0280,3.0964,0,1.0000,0,0,18.2169,0.6613,131.4732,5.4740,168.6222,0.000,0.000,0.904,71.7521,38.3768,69
2026-04-24,16:06:54,12274,1,0.0000,-0.0092,0.0351,1.0323,3.0964,0,1.0000,0,0,18.2062,0.7146,131.9605,11.8007,168.6095,0.000,0.000,0.901,71.5151,38.0066,69
2026-04-24,16:06:55,12314,1,0.0000,0.0124,0.0348,1.0237,3.0964,0,1.0000,0,0,18.1889,0.5514,132.8244,20.7026,168.6065,0.000,0.000,0.897,71.0909,37.4399,69
2026-04-24,16:06:55,12348,1,0.0000,0.0066,0.0340,1.0008,3.0964,0,1.0000,0,0,18.2702,2.1663,133.1126,12.4360,168.6285,0.000,0.000,0.894,70.7932,37.1474,69
2026-04-24,16:06:55,12389,1,0.0000,-0.0010,0.0350,1.0294,3.0964,0,1.0000,0,0,18.2989,3.0542,132.4792,-11.5866,168.6246,0.000,0.000,0.890,70.7119,37.7606,69
2026-04-24,16:06:55,12422,1,0.0000,0.0012,0.0350,1.0308,3.0964,0,1.0000,0,0,18.2753,-1.1991,132.1257,-11.1206,168.6496,0.000,0.000,0.886,70.6413,38.6181,69
2026-04-24,16:06:55,12454,1,0.0000,0.0103,0.0356,1.0480,3.0964,0,1.0000,0,0,18.2704,0.1713,131.8881,-8.9084,168.6391,0.000,0.000,0.883,70.4646,39.4984,69
2026-04-24,16:06:55,12494,1,0.0000,-0.0169,0.0377,1.1080,3.0965,0,1.0000,0,0,18.2763,-1.2051,131.9086,-1.3812,168.6476,0.000,0.000,0.879,70.1678,40.5915,69
2026-04-24,16:06:55,12535,1,0.0000,-0.0335,0.0394,1.1602,3.0966,0,1.0000,0,0,18.3599,3.3476,131.8322,-2.7084,168.6191,0.000,0.000,0.875,69.5743,40.3858,69
2026-04-24,16:06:55,12568,1,0.0000,-0.0042,0.0403,1.1866,3.0966,0,1.0000,0,0,18.3456,-1.0328,131.7778,-1.1505,168.6361,0.000,0.000,0.872,68.9500,39.3956,69
2026-04-24,16:06:55,12608,1,0.0000,0.0033,0.0408,1.1991,3.0967,0,1.0000,0,0,18.2874,-0.5384,131.9715,2.0553,168.6326,0.000,0.000,0.868,68.2851,38.2994,69
2026-04-24,16:06:55,12642,1,0.0000,-0.0009,0.0407,1.1970,3.0967,0,1.0000,0,0,18.2972,-0.0524,131.9608,1.2961,168.6311,0.000,0.000,0.866,67.8040,37.3650,69
2026-04-24,16:06:55,12675,1,0.0000,-0.0159,0.0439,1.2897,3.0968,0,1.0000,0,0,18.2889,-0.6568,131.7921,-3.0093,168.6073,0.000,0.000,0.862,67.3851,36.4998,69
2026-04-24,16:06:55,12708,1,0.0000,-0.0083,0.0426,1.2518,3.0968,0,1.0000,0,0,18.1924,-2.5029,131.8808,1.1802,168.6326,0.000,0.000,0.859,66.8862,35.4205,69
2026-04-24,16:06:55,12748,1,0.0000,-0.0001,0.0432,1.2691,3.0968,0,1.0000,0,0,18.1814,-1.6675,132.2775,8.0157,168.6266,0.000,0.000,0.855,66.3345,34.4027,69
2026-04-24,16:06:55,12788,1,0.0000,-0.0085,0.0417,1.2278,3.0968,0,1.0000,0,0,18.1484,-0.1397,132.5890,9.6689,168.6177,0.000,0.000,0.851,65.6569,33.5841,69
2026-04-24,16:06:55,12821,1,0.0000,-0.0010,0.0434,1.2771,3.0968,0,1.0000,0,0,18.1145,-1.0771,132.8342,7.9280,168.6162,0.000,0.000,0.848,65.2736,33.2539,69
2026-04-24,16:06:55,12861,1,0.0000,0.0013,0.0417,1.2278,3.0968,0,1.0000,0,0,18.0995,-0.8406,133.1760,8.7276,168.6414,0.000,0.000,0.844,65.0097,33.0144,69
2026-04-24,16:06:55,12894,1,0.0000,-0.0090,0.0433,1.2746,3.0968,0,1.0000,0,0,18.0337,-1.5678,133.0919,0.5052,168.6230,0.000,0.000,0.841,64.7365,32.2644,69
2026-04-24,16:06:55,12935,1,0.0000,0.0003,0.0425,1.2509,3.0968,0,1.0000,0,0,18.0422,-0.2711,133.1833,3.8854,168.6522,0.000,0.000,0.837,64.5376,31.4441,69
2026-04-24,16:06:55,12968,1,0.0000,0.0091,0.0419,1.2326,3.0968,0,1.0000,0,0,18.0544,0.6089,133.2049,1.5611,168.6286,0.000,0.000,0.834,64.5341,30.8261,69
2026-04-24,16:06:55,13007,1,0.0000,0.0049,0.0443,1.3027,3.0968,0,1.0000,0,0,18.0106,-0.7033,133.4109,4.1007,168.6476,0.000,0.000,0.830,64.9988,30.0769,69
2026-04-24,16:06:55,13040,1,0.0000,0.0016,0.0434,1.2767,3.0969,0,1.0000,0,0,17.9893,-0.8867,133.1510,-4.4696,168.6348,0.000,0.000,0.826,65.2943,29.9916,69
2026-04-24,16:06:55,13080,1,0.0000,0.0055,0.0453,1.3315,3.0969,0,1.0000,0,0,18.0034,-0.3173,133.6488,11.3440,168.6456,0.000,0.000,0.822,65.7404,29.7088,69
2026-04-24,16:06:55,13113,1,0.0000,-0.0032,0.0457,1.3446,3.0969,0,1.0000,0,0,17.9258,-1.9150,134.1120,12.5474,168.6476,0.000,0.000,0.819,66.1638,29.1133,69
2026-04-24,16:06:55,13146,1,0.0000,-0.0083,0.0443,1.3027,3.0969,0,1.0000,0,0,17.9243,0.6367,134.2153,6.0175,168.6379,0.000,0.000,0.816,66.3762,28.0977,69
2026-04-24,16:06:55,13179,1,0.0000,0.0011,0.0439,1.2924,3.0969,0,1.0000,0,0,17.8772,-0.1832,134.2296,3.2142,168.6390,0.000,0.000,0.813,66.4792,26.3758,69
2026-04-24,16:06:55,13219,1,0.0000,-0.0024,0.0468,1.3756,3.0969,0,1.0000,0,0,17.9368,-0.7897,134.1003,-2.8402,168.6855,0.000,0.000,0.809,66.6261,24.2624,69
2026-04-24,16:06:55,13252,1,0.0000,-0.0005,0.0449,1.3209,3.0969,0,1.0000,0,0,17.8970,-0.6606,133.6494,-10.8518,168.6564,0.000,0.000,0.806,66.8208,22.6378,69
2026-04-24,16:06:55,13285,1,0.0000,0.0089,0.0424,1.2459,3.0968,0,1.0000,0,0,17.9116,0.2298,132.8480,-21.1614,168.6587,0.000,0.000,0.802,67.2420,21.4042,69
2026-04-24,16:06:56,13326,1,0.0000,0.0244,0.0404,1.1889,3.0967,0,1.0000,0,0,17.9430,1.6730,132.1879,-18.8177,168.6498,0.000,0.000,0.798,67.8453,20.3399,69
2026-04-24,16:06:56,13366,1,0.0000,-0.0078,0.0408,1.2013,3.0967,0,1.0000,0,0,17.9663,0.2396,132.2079,-2.6094,168.6483,0.000,0.000,0.794,68.4054,19.9186,69
2026-04-24,16:06:56,13400,1,0.0000,-0.0136,0.0421,1.2380,3.0967,0,1.0000,0,0,17.9978,1.5098,132.5540,6.1255,168.6399,0.000,0.000,0.791,68.8415,20.4161,69
2026-04-24,16:06:56,13432,1,0.0000,-0.0031,0.0408,1.2008,3.0967,0,1.0000,0,0,18.0150,-0.0372,132.5713,1.5228,168.6252,0.000,0.000,0.788,69.0895,21.4339,69
2026-04-24,16:06:56,13472,1,0.0000,-0.0092,0.0410,1.2051,3.0967,0,1.0000,0,0,18.0368,2.0045,132.3359,-3.9704,168.6302,0.000,0.000,0.784,69.5712,23.8102,69
2026-04-24,16:06:56,13505,1,0.0000,-0.0076,0.0418,1.2300,3.0967,0,1.0000,0,0,18.0657,0.5138,132.3489,-0.8104,168.6167,0.000,0.000,0.781,69.9943,26.2672,69
2026-04-24,16:06:56,13538,1,0.0000,-0.0021,0.0430,1.2644,3.0968,0,1.0000,0,0,18.1031,2.0736,132.6829,7.6877,168.6264,0.000,0.000,0.778,70.7308,29.2823,69
2026-04-24,16:06:56,13575,1,0.0000,-0.0245,0.0459,1.3494,3.0969,0,1.0000,0,0,18.2025,2.4091,132.9262,7.3554,168.6169,0.000,0.000,0.775,71.4300,31.2113,69
2026-04-24,16:06:56,13611,1,0.0000,0.0064,0.0449,1.3212,3.0969,0,1.0000,0,0,18.1590,-2.6532,133.5460,14.2280,168.6088,0.000,0.000,0.772,72.5693,32.9764,69
2026-04-24,16:06:56,13647,1,0.0000,0.0095,0.0452,1.3289,3.0969,0,1.0000,0,0,17.9830,-4.7442,133.4909,2.9607,168.6126,0.000,0.000,0.769,73.3478,33.9206,69
2026-04-24,16:06:56,13683,1,0.0000,-0.0113,0.0452,1.3289,3.0970,0,1.0000,0,0,17.9510,0.0842,133.6215,4.8875,168.6107,0.000,0.000,0.766,74.0755,34.7797,69
2026-04-24,16:06:56,13719,1,0.0000,0.0127,0.0438,1.2875,3.0969,0,1.0000,0,0,17.9553,-1.0268,134.2040,14.5541,168.6057,0.000,0.000,0.762,74.3666,35.2497,69
2026-04-24,16:06:56,13755,1,0.0000,0.0033,0.0446,1.3107,3.0969,0,1.0000,0,0,17.9607,-0.7283,134.7004,13.6717,168.6116,0.000,0.000,0.759,74.5046,35.8327,69
2026-04-24,16:06:56,13791,1,0.0000,-0.0048,0.0454,1.3339,3.0969,0,1.0000,0,0,17.9641,1.7887,134.7816,6.2292,168.6155,0.000,0.000,0.756,74.4929,36.0953,69
2026-04-24,16:06:56,13827,1,0.0000,0.0038,0.0449,1.3211,3.0969,0,1.0000,0,0,17.9402,-0.8559,134.8369,2.8174,168.6452,0.000,0.000,0.753,74.4322,36.0608,69
2026-04-24,16:06:56,13863,1,0.0000,0.0040,0.0457,1.3443,3.0969,0,1.0000,0,0,17.9576,0.7931,134.7455,-0.5638,168.6388,0.000,0.000,0.750,74.0382,35.3718,69
2026-04-24,16:06:56,13899,1,0.0000,0.0208,0.0438,1.2871,3.0969,0,1.0000,0,0,17.9346,-0.2941,134.9556,4.5941,168.6450,0.000,0.000,0.746,73.5676,34.4757,69
2026-04-24,16:06:56,13935,1,0.0000,0.0005,0.0445,1.3080,3.0969,0,1.0000,0,0,17.9472,0.4048,135.2215,6.9925,168.6551,0.000,0.000,0.743,73.2280,33.7281,69
2026-04-24,16:06:56,13971,1,0.0000,0.0096,0.0431,1.2666,3.0968,0,1.0000,0,0,17.9161,0.1972,135.2664,3.1556,168.6397,0.000,0.000,0.740,72.6742,32.2715,69
2026-04-24,16:06:56,14007,1,0.0000,-0.0130,0.0436,1.2820,3.0968,0,1.0000,0,0,17.9834,0.6762,135.1874,-1.1974,168.6521,0.000,0.000,0.737,72.4257,31.3208,69
2026-04-24,16:06:56,14042,1,0.0000,0.0012,0.0420,1.2357,3.0968,0,1.0000,0,0,17.9751,1.3893,134.8996,-5.9447,168.6261,0.000,0.000,0.734,72.2290,30.1124,69
2026-04-24,16:06:56,14079,1,0.0000,0.0098,0.0417,1.2278,3.0968,0,1.0000,0,0,17.9797,-0.8769,134.6944,-6.2416,168.6407,0.000,0.000,0.730,72.2907,29.6095,69
2026-04-24,16:06:56,14114,1,0.0000,-0.0071,0.0419,1.2335,3.0968,0,1.0000,0,0,18.0060,1.7130,134.6463,-3.3070,168.6401,0.000,0.000,0.727,72.5540,29.3007,69
2026-04-24,16:06:56,14150,1,0.0000,0.0016,0.0417,1.2278,3.0967,0,1.0000,0,0,17.9547,-1.8943,134.7095,0.0840,168.6543,0.000,0.000,0.724,72.8695,29.1785,69
2026-04-24,16:06:56,14186,1,0.0000,0.0033,0.0413,1.2153,3.0967,0,1.0000,0,0,17.9687,0.5965,134.6587,-0.8106,168.6585,0.000,0.000,0.721,73.1512,28.7581,69
2026-04-24,16:06:56,14222,1,0.0000,0.0166,0.0386,1.1355,3.0966,0,1.0000,0,0,17.9645,0.2706,134.6513,-1.2629,168.6413,0.000,0.000,0.718,73.5798,28.3606,69
2026-04-24,16:06:56,14259,1,0.0000,0.0309,0.0366,1.0761,3.0965,0,1.0000,0,0,18.0014,1.0493,134.1936,-9.8748,168.6783,0.000,0.000,0.714,73.8750,27.9817,69
2026-04-24,16:06:56,14294,1,0.0000,0.0016,0.0357,1.0507,3.0965,0,1.0000,0,0,17.9842,1.0098,133.6137,-15.1886,168.6483,0.000,0.000,0.711,74.2616,27.4886,69
2026-04-24,16:06:57,14330,1,0.0000,0.0033,0.0349,1.0254,3.0964,0,1.0000,0,0,18.0150,1.1140,132.8320,-21.8404,168.6602,0.000,0.000,0.708,74.5355,26.3337,69
2026-04-24,16:06:57,14366,1,0.0000,0.0092,0.0363,1.0679,3.0964,0,1.0000,0,0,18.0633,2.3943,131.9365,-25.5894,168.6320,0.000,0.000,0.705,74.7129,25.4849,69
2026-04-24,16:06:57,14402,1,0.0000,0.0055,0.0334,0.9809,3.0963,0,1.0000,0,0,18.0835,0.2583,131.4944,-17.4666,168.6355,0.000,0.000,0.702,74.9395,24.3516,69
2026-04-24,16:06:57,14438,1,0.0000,-0.0121,0.0340,0.9995,3.0963,0,1.0000,0,0,18.1427,2.1713,131.2852,-11.0489,168.6490,0.000,0.000,0.698,75.1678,23.1952,69
2026-04-24,16:06:57,14473,1,0.0000,-0.0113,0.0336,0.9871,3.0963,0,1.0000,0,0,18.1832,1.4639,131.2552,-3.1862,168.6497,0.000,0.000,0.695,75.3351,22.3578,69
2026-04-24,16:06:57,14513,1,0.0000,0.0227,0.0325,0.9547,3.0962,0,1.0000,0,0,18.1768,0.5669,131.3626,-1.3148,168.6568,0.000,0.000,0.693,75.5770,21.4980,69
2026-04-24,16:06:57,14549,1,0.0000,-0.0065,0.0311,0.9152,3.0962,0,1.0000,0,0,18.2124,0.4559,131.1679,-5.9088,168.6585,0.000,0.000,0.690,75.7611,20.5880,69
2026-04-24,16:06:57,14585,1,0.0000,-0.0012,0.0305,0.8976,3.0962,0,1.0000,0,0,18.2940,2.6220,130.6607,-12.4869,168.6554,0.000,0.000,0.686,75.9456,20.0333,69
2026-04-24,16:06:57,14621,1,0.0000,-0.0105,0.0323,0.9491,3.0962,0,1.0000,0,0,18.2977,0.9479,130.2528,-12.7223,168.6547,0.000,0.000,0.683,76.2170,19.4113,69
2026-04-24,16:06:57,14657,1,0.0000,0.0140,0.0304,0.8933,3.0962,0,1.0000,0,0,18.3359,0.6623,129.8572,-11.8483,168.6639,0.000,0.000,0.680,76.5404,19.1175,69
2026-04-24,16:06:57,14692,1,0.0000,0.0136,0.0308,0.9063,3.0962,0,1.0000,0,0,18.3774,2.0479,129.7043,-6.9559,168.6376,0.000,0.000,0.677,76.8027,19.1547,69
2026-04-24,16:06:57,14728,1,0.0000,-0.0112,0.0320,0.9415,3.0962,0,1.0000,0,0,18.3945,0.6743,129.5643,-5.5619,168.6516,0.000,0.000,0.674,77.1763,19.5367,69
2026-04-24,16:06:57,14764,1,0.0000,-0.0120,0.0324,0.9525,3.0962,0,1.0000,0,0,18.4467,0.9415,129.3026,-7.9498,168.6598,0.000,0.000,0.670,77.3428,19.9487,69
2026-04-24,16:06:57,14800,1,0.0000,-0.0085,0.0317,0.9327,3.0962,0,1.0000,0,0,18.4448,0.9179,129.1026,-6.1317,168.6549,0.000,0.000,0.667,77.7237,21.3170,69
2026-04-24,16:06:57,14836,1,0.0000,0.0017,0.0307,0.9020,3.0962,0,1.0000,0,0,18.4727,-0.1049,129.1759,-0.6187,168.6747,0.000,0.000,0.664,78.0803,22.7963,69
2026-04-24,16:06:57,14872,1,0.0000,0.0191,0.0305,0.8975,3.0962,0,1.0000,0,0,18.4760,-0.1488,129.3541,3.6937,168.6716,0.000,0.000,0.661,78.5823,24.7063,69
2026-04-24,16:06:57,14908,1,0.0000,-0.0016,0.0314,0.9250,3.0962,0,1.0000,0,0,18.4780,-0.1970,129.5324,4.2272,168.6703,0.000,0.000,0.658,78.8693,26.2299,69
2026-04-24,16:06:57,14944,1,0.0000,-0.0018,0.0314,0.9239,3.0962,0,1.0000,0,0,18.4771,0.6984,129.5581,1.3992,168.6649,0.000,0.000,0.654,79.1690,28.9182,69
2026-04-24,16:06:57,14980,1,0.0000,-0.0140,0.0352,1.0346,3.0962,0,1.0000,0,0,18.5125,-0.2325,129.2294,-6.3984,168.6579,0.000,0.000,0.651,79.4613,31.5348,69
2026-04-24,16:06:57,15016,1,0.0000,-0.0079,0.0334,0.9822,3.0962,0,1.0000,0,0,18.5523,2.2488,129.0587,-4.9186,168.6555,0.000,0.000,0.648,79.6616,33.3190,69
2026-04-24,16:06:57,15052,1,0.0000,0.0075,0.0337,0.9909,3.0962,0,1.0000,0,0,18.5266,-1.2711,128.6556,-11.3535,168.6453,0.000,0.000,0.645,79.7400,35.0836,69
2026-04-24,16:06:57,15088,1,0.0000,-0.0009,0.0318,0.9351,3.0963,0,1.0000,0,0,18.5561,0.7025,128.2738,-10.9126,168.6556,0.000,0.000,0.642,79.7075,36.0425,69
2026-04-24,16:06:57,15124,1,0.0000,-0.0250,0.0336,0.9882,3.0963,0,1.0000,0,0,18.5701,1.0380,128.1461,-6.5583,168.6475,0.000,0.000,0.638,79.5952,36.1959,69
2026-04-24,16:06:57,15160,1,0.0000,-0.0031,0.0341,1.0022,3.0963,0,1.0000,0,0,18.5564,-0.6837,127.9764,-5.7232,168.6624,0.000,0.000,0.635,79.4911,36.4954,69
2026-04-24,16:06:57,15195,1,0.0000,-0.0054,0.0346,1.0168,3.0963,0,1.0000,0,0,18.5225,-1.0637,127.7124,-8.2919,168.6477,0.000,0.000,0.632,79.4665,36.8271,69
2026-04-24,16:06:57,15231,1,0.0000,0.0094,0.0329,0.9676,3.0963,0,1.0000,0,0,18.5171,-1.0528,127.6126,-5.1507,168.6471,0.000,0.000,0.629,79.4946,37.3938,69
2026-04-24,16:06:57,15267,1,0.0000,-0.0056,0.0347,1.0208,3.0963,0,1.0000,0,0,18.4812,-0.7556,127.4538,-5.1452,168.6578,0.000,0.000,0.626,79.4873,37.9624,69
2026-04-24,16:06:58,15303,1,0.0000,0.0098,0.0328,0.9650,3.0963,0,1.0000,0,0,18.4708,-0.2117,127.2727,-5.8219,168.6765,0.000,0.000,0.622,79.4916,38.5041,69
2026-04-24,16:06:58,15339,1,0.0000,0.0048,0.0351,1.0321,3.0963,0,1.0000,0,0,18.4587,-0.6832,127.3279,-0.1905,168.6916,0.000,0.000,0.619,79.4801,39.5012,69
2026-04-24,16:06:58,15375,1,0.0000,0.0063,0.0321,0.9437,3.0963,0,1.0000,0,0,18.4515,0.2949,127.5416,3.8058,168.6875,0.000,0.000,0.616,79.4542,40.2690,69
2026-04-24,16:06:58,15411,1,0.0000,-0.0207,0.0351,1.0322,3.0963,0,1.0000,0,0,18.4462,-0.1911,127.8114,7.2236,168.6892,0.000,0.000,0.613,79.3754,41.1821,69
2026-04-24,16:06:58,15447,1,0.0000,0.0060,0.0341,1.0022,3.0963,0,1.0000,0,0,18.4584,0.1196,127.9542,6.2338,168.6910,0.000,0.000,0.610,79.3278,41.6010,69
2026-04-24,16:06:58,15482,1,0.0000,-0.0243,0.0361,1.0609,3.0964,0,1.0000,0,0,18.4611,0.5216,128.2589,8.2917,168.6835,0.000,0.000,0.607,79.1683,42.5678,69
2026-04-24,16:06:58,15518,1,0.0000,0.0010,0.0357,1.0494,3.0964,0,1.0000,0,0,18.4748,0.5745,128.5908,9.8967,168.6830,0.000,0.000,0.604,78.8928,43.0242,69
2026-04-24,16:06:58,15554,1,0.0000,0.0096,0.0356,1.0470,3.0964,0,1.0000,0,0,18.4598,-0.0466,129.2151,16.0547,168.6683,0.000,0.000,0.601,78.6723,43.4905,69
2026-04-24,16:06:58,15590,1,0.0000,-0.0128,0.0384,1.1299,3.0965,0,1.0000,0,0,18.4617,-0.0993,129.4412,9.7509,168.6588,0.000,0.000,0.598,78.5396,44.4014,69
2026-04-24,16:06:58,15626,1,0.0000,0.0084,0.0369,1.0861,3.0965,0,1.0000,0,0,18.4546,-0.1274,129.7778,10.4136,168.6702,0.000,0.000,0.594,78.5675,45.2035,69
2026-04-24,16:06:58,15662,1,0.0000,-0.0088,0.0385,1.1316,3.0965,0,1.0000,0,0,18.4164,-1.2773,130.1268,11.1079,168.6646,0.000,0.000,0.591,78.6342,45.5685,69
2026-04-24,16:06:58,15698,1,0.0000,0.0010,0.0384,1.1299,3.0965,0,1.0000,0,0,18.4307,0.1381,130.5417,12.4137,168.6478,0.000,0.000,0.588,78.8947,46.2295,69
2026-04-24,16:06:58,15733,1,0.0000,-0.0088,0.0359,1.0558,3.0965,0,1.0000,0,0,18.4283,0.4876,130.7811,8.9204,168.6250,0.000,0.000,0.585,79.1009,46.2548,69
2026-04-24,16:06:58,15769,1,0.0000,-0.0150,0.0382,1.1233,3.0965,0,1.0000,0,0,18.4577,0.8024,130.8895,5.4002,168.6388,0.000,0.000,0.582,79.1094,45.3561,69
2026-04-24,16:06:58,15805,1,0.0000,-0.0154,0.0387,1.1374,3.0966,0,1.0000,0,0,18.4799,-0.2720,131.0198,3.9911,168.6271,0.000,0.000,0.578,79.1247,44.7359,69
2026-04-24,16:06:58,15841,1,0.0000,-0.0007,0.0398,1.1704,3.0966,0,1.0000,0,0,18.4647,0.2086,131.0802,1.9951,168.6345,0.000,0.000,0.575,79.2328,44.6750,69
2026-04-24,16:06:58,15877,1,0.0000,-0.0038,0.0392,1.1539,3.0966,0,1.0000,0,0,18.3899,-3.1401,131.0216,-0.0788,168.6242,0.000,0.000,0.572,79.3705,44.8692,69
2026-04-24,16:06:58,15913,1,0.0000,-0.0052,0.0382,1.1233,3.0966,0,1.0000,0,0,18.3997,0.8339,130.8559,-4.3253,168.6226,0.000,0.000,0.569,79.3818,45.0128,69
2026-04-24,16:06:58,15949,1,0.0000,-0.0043,0.0383,1.1252,3.0966,0,1.0000,0,0,18.3374,-2.1315,130.4499,-10.7107,168.6276,0.000,0.000,0.566,79.3215,45.2791,69
2026-04-24,16:06:58,15985,1,0.0000,-0.0020,0.0396,1.1661,3.0966,0,1.0000,0,0,18.3357,0.2780,129.8554,-14.0101,168.6341,0.000,0.000,0.562,79.2613,45.6478,69
2026-04-24,16:06:58,16021,1,0.0000,-0.0085,0.0397,1.1682,3.0966,0,1.0000,0,0,18.2586,-2.4650,129.7970,-5.6293,168.6289,0.000,0.000,0.559,79.0924,45.6284,69
2026-04-24,16:06:58,16057,1,0.0000,0.0117,0.0396,1.1661,3.0966,0,1.0000,0,0,18.2622,-0.3301,130.0768,4.9562,168.6332,0.000,0.000,0.556,79.0888,45.6345,69
2026-04-24,16:06:58,16093,1,0.0000,0.0001,0.0396,1.1661,3.0966,0,1.0000,0,0,18.2304,-0.2269,130.6316,12.6879,168.6090,0.000,0.000,0.553,79.1524,45.5176,69
2026-04-24,16:06:58,16129,1,0.0000,-0.0017,0.0403,1.1845,3.0966,0,1.0000,0,0,18.2198,-1.2333,131.0849,13.5361,168.6330,0.000,0.000,0.550,79.3158,44.7296,69
2026-04-24,16:06:58,16165,1,0.0000,-0.0016,0.0403,1.1846,3.0966,0,1.0000,0,0,18.1929,0.6894,131.4370,11.0913,168.6104,0.000,0.000,0.546,79.4367,44.3864,69
2026-04-24,16:06:58,16201,1,0.0000,-0.0120,0.0394,1.1580,3.0966,0,1.0000,0,0,18.1658,-0.7073,131.4561,3.8834,168.6318,0.000,0.000,0.543,79.7686,43.6930,69
2026-04-24,16:06:58,16237,1,0.0000,-0.0111,0.0417,1.2254,3.0966,0,1.0000,0,0,18.1762,1.5673,131.2834,-1.9626,168.6342,0.000,0.000,0.540,80.1573,43.0645,69
2026-04-24,16:06:58,16273,1,0.0000,0.0011,0.0405,1.1907,3.0966,0,1.0000,0,0,18.1901,0.1566,131.2070,-1.3036,168.6185,0.000,0.000,0.537,80.6984,43.1070,69
2026-04-24,16:06:59,16309,1,0.0000,-0.0043,0.0399,1.1743,3.0966,0,1.0000,0,0,18.1503,-1.1117,131.4622,5.1149,168.6476,0.000,0.000,0.534,81.1840,43.4327,69
2026-04-24,16:06:59,16345,1,0.0000,-0.0015,0.0397,1.1682,3.0967,0,1.0000,0,0,18.1711,0.5109,131.7594,7.1279,168.6313,0.000,0.000,0.530,81.3818,43.7512,69
2026-04-24,16:06:59,16382,1,0.0000,0.0042,0.0399,1.1722,3.0967,0,1.0000,0,0,18.1479,-0.1867,131.8272,5.4870,168.6297,0.000,0.000,0.528,81.7380,44.9165,69
2026-04-24,16:06:59,16417,1,0.0000,-0.0099,0.0404,1.1888,3.0967,0,1.0000,0,0,18.1760,0.6611,131.9825,5.1345,168.6436,0.000,0.000,0.525,81.9291,45.6759,69
2026-04-24,16:06:59,16453,1,0.0000,0.0141,0.0402,1.1825,3.0967,0,1.0000,0,0,18.1409,-1.0408,131.9224,-0.1569,168.6362,0.000,0.000,0.522,81.9058,45.1460,69
2026-04-24,16:06:59,16489,1,0.0000,-0.0021,0.0391,1.1499,3.0967,0,1.0000,0,0,18.1005,-1.5799,131.8535,-0.9144,168.6435,0.000,0.000,0.518,81.7953,44.0627,69
2026-04-24,16:06:59,16525,1,0.0000,-0.0080,0.0422,1.2418,3.0967,0,1.0000,0,0,18.1016,-0.3074,131.8782,-0.3226,168.6283,0.000,0.000,0.515,81.7250,43.3423,69
2026-04-24,16:06:59,16561,1,0.0000,-0.0046,0.0406,1.1948,3.0967,0,1.0000,0,0,18.0895,-0.6516,132.0161,3.7081,168.6241,0.000,0.000,0.512,81.4502,41.3563,69
2026-04-24,16:06:59,16597,1,0.0000,0.0022,0.0408,1.1990,3.0967,0,1.0000,0,0,18.0628,-0.8530,132.3479,8.0627,168.6397,0.000,0.000,0.509,81.3388,40.6530,69
2026-04-24,16:06:59,16633,1,0.0000,-0.0031,0.0406,1.1948,3.0967,0,1.0000,0,0,18.0632,-0.1427,132.8289,12.0196,168.6189,0.000,0.000,0.506,81.2542,40.1485,69
2026-04-24,16:06:59,16669,1,0.0000,-0.0082,0.0406,1.1927,3.0967,0,1.0000,0,0,18.0878,0.7684,132.9508,5.8141,168.6374,0.000,0.000,0.502,81.0739,39.6835,69
2026-04-24,16:06:59,16705,1,0.0000,-0.0007,0.0410,1.2050,3.0967,0,1.0000,0,0,18.0554,-0.4013,133.0045,3.8912,168.6307,0.000,0.000,0.499,81.0159,39.6443,69
2026-04-24,16:06:59,16741,1,0.0000,-0.0044,0.0406,1.1948,3.0967,0,1.0000,0,0,18.0722,-0.3117,133.2681,7.0622,168.6525,0.000,0.000,0.496,81.0657,39.9525,69
2026-04-24,16:06:59,16777,1,0.0000,-0.0017,0.0408,1.2009,3.0967,0,1.0000,0,0,18.0246,-0.3485,133.5749,8.2561,168.6485,0.000,0.000,0.493,81.3290,40.5060,69
2026-04-24,16:06:59,16813,1,0.0000,0.0002,0.0401,1.1785,3.0966,0,1.0000,0,0,18.0291,-0.1192,133.8394,8.4976,168.6537,0.000,0.000,0.490,81.5700,41.0316,69
2026-04-24,16:06:59,16849,1,0.0000,0.0030,0.0380,1.1170,3.0966,0,1.0000,0,0,18.0223,0.5732,134.0469,7.4246,168.6478,0.000,0.000,0.486,81.8644,41.9151,69
2026-04-24,16:06:59,16885,1,0.0000,-0.0019,0.0389,1.1437,3.0966,0,1.0000,0,0,18.0294,-0.6118,134.2853,7.5012,168.6474,0.000,0.000,0.483,82.1013,42.6534,69
2026-04-24,16:06:59,16921,1,0.0000,-0.0015,0.0381,1.1209,3.0966,0,1.0000,0,0,18.0725,1.4365,134.4555,4.8538,168.6763,0.000,0.000,0.480,82.3249,43.4386,69
2026-04-24,16:06:59,16957,1,0.0000,-0.0026,0.0387,1.1374,3.0966,0,1.0000,0,0,18.0772,-0.3986,134.2312,-2.9976,168.6567,0.000,0.000,0.477,82.4644,43.8818,69
2026-04-24,16:06:59,16993,1,0.0000,-0.0074,0.0387,1.1374,3.0966,0,1.0000,0,0,18.0741,-0.0512,134.0677,-3.6273,168.6561,0.000,0.000,0.474,82.6978,44.6739,69
2026-04-24,16:06:59,17029,1,0.0000,-0.0064,0.0389,1.1432,3.0966,0,1.0000,0,0,18.0654,-0.4859,134.0128,-2.4052,168.6577,0.000,0.000,0.470,82.9426,45.4372,69
2026-04-24,16:06:59,17065,1,0.0000,-0.0011,0.0398,1.1704,3.0966,0,1.0000,0,0,18.0984,0.8987,134.1778,2.5991,168.6560,0.000,0.000,0.467,83.1055,45.7564,69
2026-04-24,16:06:59,17101,1,0.0000,-0.0226,0.0389,1.1437,3.0966,0,1.0000,0,0,18.0965,-0.5271,134.1310,-1.5611,168.6547,0.000,0.000,0.464,83.2100,46.0461,69
2026-04-24,16:06:59,17137,1,0.0000,-0.0049,0.0385,1.1335,3.0966,0,1.0000,0,0,18.1054,0.0361,133.7599,-6.7459,168.6550,0.000,0.000,0.461,83.2534,47.0070,69
2026-04-24,16:06:59,17173,1,0.0000,-0.0044,0.0389,1.1437,3.0966,0,1.0000,0,0,18.1054,0.3726,133.7479,-2.3539,168.6406,0.000,0.000,0.458,83.2801,48.2412,69
2026-04-24,16:06:59,17209,1,0.0000,0.0060,0.0395,1.1621,3.0966,0,1.0000,0,0,18.1068,0.0723,133.8907,1.0642,168.6329,0.000,0.000,0.454,83.2769,48.7320,69
2026-04-24,16:06:59,17245,1,0.0000,0.0075,0.0396,1.1641,3.0966,0,1.0000,0,0,18.1483,0.5299,133.6510,-5.3246,168.6438,0.000,0.000,0.451,83.4357,50.3073,69
2026-04-24,16:06:59,17281,1,0.0000,-0.0048,0.0401,1.1785,3.0966,0,1.0000,0,0,18.1448,0.5630,133.4088,-6.7285,168.6290,0.000,0.000,0.448,83.7097,51.9641,69
2026-04-24,16:07:00,17314,1,0.0000,-0.0001,0.0415,1.2195,3.0967,0,1.0000,0,0,18.1446,0.3104,133.3847,-5.4072,168.6330,0.000,0.000,0.446,83.9794,53.4475,69
2026-04-24,16:07:00,17350,1,0.0000,-0.0087,0.0425,1.2506,3.0967,0,1.0000,0,0,18.1252,-1.0508,133.4559,-0.9510,168.6349,0.000,0.000,0.443,84.3770,55.4530,69
2026-04-24,16:07:00,17386,1,0.0000,0.0062,0.0415,1.2198,3.0967,0,1.0000,0,0,18.1234,0.6767,133.1610,-5.9503,168.6393,0.000,0.000,0.440,84.7120,57.2900,69
2026-04-24,16:07:00,17422,1,0.0000,-0.0045,0.0431,1.2668,3.0968,0,1.0000,0,0,18.0966,-1.1234,133.2589,0.4471,168.6492,0.000,0.000,0.437,85.0626,59.5163,69
2026-04-24,16:07:00,17458,1,0.0000,-0.0102,0.0426,1.2540,3.0968,0,1.0000,0,0,18.0723,-0.3865,133.6728,9.2130,168.6391,0.000,0.000,0.434,85.2477,60.8618,69
2026-04-24,16:07:00,17494,1,0.0000,0.0142,0.0426,1.2541,3.0968,0,1.0000,0,0,18.0689,1.0054,134.1183,11.2796,168.6291,0.000,0.000,0.430,85.4052,61.9422,69
2026-04-24,16:07:00,17530,1,0.0000,0.0051,0.0446,1.3113,3.0968,0,1.0000,0,0,18.0451,-1.0103,134.4038,10.0850,168.6369,0.000,0.000,0.427,85.3802,61.4621,69
2026-04-24,16:07:00,17567,1,0.0000,0.0156,0.0427,1.2565,3.0968,0,1.0000,0,0,18.0660,0.6293,134.4692,3.8110,168.6325,0.000,0.000,0.424,85.4021,61.1775,69
2026-04-24,16:07:00,17602,1,0.0000,0.0130,0.0424,1.2485,3.0968,0,1.0000,0,0,18.0309,-0.3469,134.2458,-4.2452,168.6190,0.000,0.000,0.421,85.4832,61.0240,69
2026-04-24,16:07:00,17638,1,0.0000,0.0151,0.0418,1.2302,3.0968,0,1.0000,0,0,18.0091,-1.1945,133.9430,-6.5729,168.6381,0.000,0.000,0.418,85.6234,61.4475,69
2026-04-24,16:07:00,17674,1,0.0000,-0.0010,0.0420,1.2349,3.0968,0,1.0000,0,0,18.0046,0.8165,133.6585,-7.7219,168.6279,0.000,0.000,0.414,85.7274,61.8340,69
2026-04-24,16:07:00,17710,1,0.0000,-0.0077,0.0433,1.2723,3.0968,0,1.0000,0,0,17.9981,0.4111,133.5715,-4.8719,168.6358,0.000,0.000,0.411,85.9622,62.9138,69
2026-04-24,16:07:00,17746,1,0.0000,-0.0061,0.0426,1.2517,3.0968,0,1.0000,0,0,18.0022,0.0845,133.6286,-1.1441,168.6360,0.000,0.000,0.408,86.1768,63.8593,69
2026-04-24,16:07:00,17782,1,0.0000,0.0086,0.0424,1.2485,3.0968,0,1.0000,0,0,18.0123,0.1439,133.2596,-8.7458,168.6324,0.000,0.000,0.405,86.3926,64.7074,69
2026-04-24,16:07:00,17818,1,0.0000,0.0057,0.0434,1.2771,3.0968,0,1.0000,0,0,18.0038,-0.4526,133.0398,-7.7740,168.6293,0.000,0.000,0.402,86.7185,66.4393,69
2026-04-24,16:07:00,17854,1,0.0000,0.0042,0.0417,1.2278,3.0968,0,1.0000,0,0,18.0051,-0.6215,132.9619,-3.9446,168.6215,0.000,0.000,0.398,87.0636,68.4810,69
2026-04-24,16:07:00,17890,1,0.0000,-0.0006,0.0412,1.2119,3.0968,0,1.0000,0,0,18.0066,0.4334,132.7928,-4.8482,168.6225,0.000,0.000,0.395,87.4971,71.2749,69
2026-04-24,16:07:00,17926,1,0.0000,-0.0005,0.0416,1.2245,3.0968,0,1.0000,0,0,17.9763,-0.2858,132.6536,-4.4038,168.6272,0.000,0.000,0.392,87.7941,73.3137,69
2026-04-24,16:07:00,17962,1,0.0000,0.0034,0.0415,1.2198,3.0968,0,1.0000,0,0,17.9688,-0.1723,132.7335,0.0732,168.6245,0.000,0.000,0.389,88.0675,75.2502,69
2026-04-24,16:07:00,17998,1,0.0000,-0.0016,0.0420,1.2348,3.0968,0,1.0000,0,0,17.9596,-0.2470,132.6384,-2.3963,168.6316,0.000,0.000,0.386,88.3510,77.3811,69
2026-04-24,16:07:00,18034,1,0.0000,0.0021,0.0416,1.2244,3.0968,0,1.0000,0,0,17.9763,0.9526,132.4956,-3.0845,168.6377,0.000,0.000,0.382,88.6110,79.3455,69
2026-04-24,16:07:00,18070,1,0.0000,0.0102,0.0418,1.2301,3.0967,0,1.0000,0,0,17.9320,-1.3833,132.7477,4.3229,168.6248,0.000,0.000,0.379,88.8920,81.4298,69
2026-04-24,16:07:00,18106,1,0.0000,-0.0020,0.0403,1.1844,3.0967,0,1.0000,0,0,17.9713,1.3831,133.0130,6.6778,168.6283,0.000,0.000,0.376,89.0611,82.7022,69
2026-04-24,16:07:00,18142,1,0.0000,0.0070,0.0403,1.1845,3.0967,0,1.0000,0,0,17.9723,0.6490,133.0114,1.2322,168.6365,0.000,0.000,0.373,89.1841,83.6110,69
2026-04-24,16:07:00,18177,1,0.0000,0.0009,0.0409,1.2035,3.0967,0,1.0000,0,0,17.9985,0.4513,132.9491,0.1217,168.6306,0.000,0.000,0.370,89.3035,84.4914,69
2026-04-24,16:07:00,18213,1,0.0000,0.0039,0.0410,1.2057,3.0967,0,1.0000,0,0,18.0076,0.1391,132.7691,-4.8409,168.6163,0.000,0.000,0.366,89.4721,85.7671,69
2026-04-24,16:07:00,18253,1,0.0000,-0.0003,0.0412,1.2110,3.0967,0,1.0000,0,0,18.0156,0.1903,132.6610,-4.5586,168.6186,0.000,0.000,0.365,89.6611,87.2465,69
2026-04-24,16:07:00,18281,1,0.0000,0.0022,0.0419,1.2315,3.0967,0,1.0000,0,0,18.0310,0.5780,132.3205,-7.6350,168.6163,0.000,0.000,0.362,89.9262,89.3947,69
2026-04-24,16:07:01,18317,1,0.0000,0.0030,0.0405,1.1905,3.0967,0,1.0000,0,0,18.0647,0.9053,132.3335,-1.7515,168.6078,0.000,0.000,0.358,90.1675,91.3834,69
2026-04-24,16:07:01,18353,1,0.0000,0.0164,0.0403,1.1867,3.0967,0,1.0000,0,0,18.0546,0.3842,132.7626,8.0458,168.6099,0.000,0.000,0.355,90.4268,93.5451,69
2026-04-24,16:07:01,18389,1,0.0000,0.0081,0.0405,1.1905,3.0967,0,1.0000,0,0,18.1149,1.8277,132.7093,1.0569,168.6363,0.000,0.000,0.352,90.7947,96.6831,69
2026-04-24,16:07:01,18425,1,0.0000,0.0033,0.0416,1.2234,3.0967,0,1.0000,-30,0,18.0901,0.9341,132.6959,-0.1108,168.6465,0.000,0.000,0.349,91.0141,98.6156,69
2026-04-24,16:07:01,18461,1,-1.8320,-0.0033,0.0278,0.8188,3.0967,0,1.0000,-229,1,18.1262,-0.6251,132.8038,3.0533,168.6669,0.000,0.000,0.346,91.2673,100.8073,69
2026-04-24,16:07:01,18497,1,-1.8320,-0.1371,0.0204,0.6000,3.0977,0,1.0000,-229,1,18.1688,5.4440,133.1918,8.4498,168.6125,0.000,0.000,0.342,91.4723,102.7011,69
2026-04-24,16:07:01,18534,1,-3.0800,-0.0395,0.0112,0.3300,3.0979,0,1.0000,-385,1,17.9877,-11.3661,132.7871,-6.7852,168.6778,0.000,0.000,0.339,91.0510,99.2966,69
2026-04-24,16:07:01,18569,1,-3.0800,-0.0058,0.0153,0.4501,3.0979,0,1.0000,-385,1,18.2915,6.7142,131.7736,-23.6267,168.5942,0.000,0.000,0.336,91.1266,100.0342,69
2026-04-24,16:07:01,18605,1,-3.0800,-0.0012,0.0156,0.4587,3.0980,0,1.0000,-385,1,18.0968,-0.6066,130.8587,-26.4790,168.6174,0.000,0.000,0.333,91.2911,101.3823,69
2026-04-24,16:07:01,18642,1,-4.0880,-0.0147,0.0121,0.3568,3.0980,0,1.0000,-511,1,18.1571,-1.2696,129.9432,-27.1897,168.6680,0.000,0.000,0.330,91.5991,103.8272,69
2026-04-24,16:07:01,18677,1,-4.0880,-0.0168,0.0160,0.4713,3.0982,0,1.0000,-511,1,18.2067,2.7418,129.1114,-27.9026,168.5411,0.000,0.000,0.335,92.0749,107.4293,69
2026-04-24,16:07:01,18712,1,-4.0880,-0.0100,0.0142,0.4168,3.0982,0,1.0000,-511,1,18.1600,-1.3407,128.0152,-32.8335,168.6578,0.000,0.000,0.367,92.5087,110.5395,69
2026-04-24,16:07:01,18749,1,-4.0880,-0.0296,0.0144,0.4226,3.0984,0,1.0000,-511,1,18.1416,-1.7710,126.8992,-34.2154,168.5937,0.000,0.000,0.399,93.0739,114.1964,69
2026-04-24,16:07:01,18785,1,-4.0880,-0.0347,0.0143,0.4216,3.0988,0,1.0000,-511,1,18.1723,1.3231,125.1163,-50.1188,168.6264,0.000,0.000,0.431,93.5276,116.4944,69
2026-04-24,16:07:01,18821,1,-4.0880,-0.0398,0.0175,0.5138,3.0992,0,1.0000,-511,1,18.1189,0.3500,122.6870,-69.3195,168.6135,0.000,0.000,0.463,93.9086,117.7338,69
2026-04-24,16:07:01,18857,1,-4.0880,-0.0539,0.0200,0.5886,3.0999,0,1.0000,-511,1,18.1530,3.3166,120.0403,-78.2146,168.6018,0.000,0.000,0.495,94.2147,118.4540,69
2026-04-24,16:07:01,18892,1,-4.0880,-0.0943,0.0236,0.6933,3.1009,0,1.0000,-511,1,18.0695,1.1758,118.3012,-61.8823,168.6179,0.000,0.000,0.527,94.1503,117.5633,69
2026-04-24,16:07:01,18928,1,-4.0880,-0.2506,0.0209,0.6136,3.1021,0,1.0000,-511,1,17.9532,-7.2312,117.0476,-47.0444,168.6651,0.000,0.000,0.559,93.9205,115.9299,69
2026-04-24,16:07:01,18964,1,-4.0720,-0.1498,0.0184,0.5424,3.1037,0,1.0000,-509,1,18.1918,3.7220,116.6562,-22.7464,168.5981,0.000,0.000,0.582,93.6930,114.6050,69
2026-04-24,16:07:01,19000,1,-4.0720,-0.0913,0.0208,0.6132,3.1041,0,1.0000,-509,1,17.9904,-3.0934,117.0430,0.8227,168.6311,0.000,0.000,0.614,93.2208,111.9551,69
2026-04-24,16:07:01,19036,1,-4.0720,-0.1153,0.0196,0.5773,3.1046,0,1.0000,-509,1,18.1622,-1.3027,118.0041,21.3978,168.6321,0.000,0.000,0.646,93.6125,114.5891,69
2026-04-24,16:07:01,19073,1,-4.0800,-0.1919,0.0233,0.6842,3.1057,0,1.0000,-510,1,18.0811,-2.8340,119.0246,24.8300,168.6126,0.000,0.000,0.678,94.0631,117.3639,69
2026-04-24,16:07:01,19109,1,-4.0800,-0.3793,0.0214,0.6281,3.1085,0,1.0000,-510,1,18.1839,6.4744,118.9590,6.5315,168.6427,0.000,0.000,0.710,94.5452,120.0299,69
2026-04-24,16:07:01,19146,1,-4.0880,-0.0516,0.0344,1.0127,3.1107,0,1.0000,-511,1,18.2453,4.2352,119.0046,4.8340,168.6292,0.000,0.000,0.734,93.9948,117.2090,69
2026-04-24,16:07:01,19182,1,-4.0880,-0.1836,0.0211,0.6215,3.1115,0,1.0000,-511,1,18.1098,-1.0626,118.8322,-3.7704,168.6921,0.000,0.000,0.766,93.7846,116.2243,69
2026-04-24,16:07:01,19218,1,-4.0880,-0.1897,0.0081,0.2386,3.1134,0,1.0000,-511,1,18.4696,4.1186,117.6316,-26.7172,168.5912,0.000,0.000,0.790,94.6506,121.1762,69
2026-04-24,16:07:01,19254,1,-4.0880,-0.1229,0.0219,0.6455,3.1144,0,1.0000,-511,1,18.0611,-4.7431,117.1845,-15.4112,168.6519,0.000,0.000,0.822,94.2796,118.9544,69
2026-04-24,16:07:01,19289,1,-4.0880,-0.1699,0.0156,0.4597,3.1160,0,1.0000,-511,1,18.3356,5.7763,117.6436,4.0445,168.6097,0.000,0.000,0.854,94.9862,122.7968,69
2026-04-24,16:07:02,19325,1,-4.0880,-0.1511,0.0261,0.7672,3.1170,0,1.0000,-511,1,18.0195,-9.4565,118.0492,8.9835,168.6312,0.000,0.000,0.886,94.7957,121.8053,69
2026-04-24,16:07:02,19362,1,-4.0880,-0.3180,0.0178,0.5228,3.1190,0,1.0000,-511,1,18.2067,5.9987,118.0762,1.7669,168.6201,0.000,0.000,0.918,95.1859,123.7758,69
2026-04-24,16:07:02,19397,1,-4.0880,-0.2111,0.0284,0.8346,3.1209,0,1.0000,-511,1,18.1116,-5.3002,118.1170,4.1282,168.5754,0.000,0.000,0.950,95.1541,123.6922,69
2026-04-24,16:07:02,19433,1,-4.0880,-0.1864,0.0335,0.9858,3.1227,0,1.0000,-511,1,18.1546,8.2874,119.5414,32.3192,168.6469,0.000,0.000,0.955,94.7793,121.6426,69
2026-04-24,16:07:02,19469,1,-4.0880,-0.3957,0.0343,1.0084,3.1246,0,1.0000,-511,1,17.8774,-14.7192,120.3452,23.4958,168.6159,0.000,0.000,0.952,94.6957,120.9446,69
2026-04-24,16:07:02,19505,1,-4.0880,-0.4219,0.0142,0.4190,3.1276,0,1.0000,-511,1,18.2885,6.4882,120.2208,7.4176,168.6734,0.000,0.000,0.966,94.5267,119.7895,69
2026-04-24,16:07:02,19541,1,-4.0880,-0.0611,0.0210,0.6173,3.1285,0,1.0000,-511,1,18.0526,-7.2428,121.6473,33.9746,168.5931,0.000,0.000,0.998,93.8152,115.8452,69
2026-04-24,16:07:02,19578,1,-4.0880,-0.1281,0.0329,0.9674,3.1297,0,1.0000,-511,1,18.4462,16.1572,122.5062,25.3882,168.6594,0.000,0.000,1.000,94.4976,119.6514,69
2026-04-24,16:07:02,19614,1,-4.0880,-0.2180,0.0263,0.7728,3.1310,0,1.0000,-511,1,17.8918,-16.8202,122.0925,-0.9003,168.6165,0.000,0.000,1.000,94.7674,120.8644,69
2026-04-24,16:07:02,19650,1,-4.0880,-0.2760,0.0263,0.7737,3.1335,0,1.0000,-511,1,18.2824,11.6637,121.5596,-10.1011,168.6833,0.000,0.000,1.000,95.2850,122.8647,69
2026-04-24,16:07:02,19686,1,-4.0880,-0.2411,0.0390,1.1462,3.1360,0,1.0000,-511,1,17.9554,-1.2392,121.8371,2.8683,168.6012,0.000,0.000,1.000,95.1927,121.9125,69
2026-04-24,16:07:02,19722,1,-4.0880,-0.3626,0.0318,0.9362,3.1385,0,1.0000,-511,1,17.9914,-4.4900,121.4941,-7.7373,168.7247,0.000,0.000,1.000,95.1487,121.1435,69
2026-04-24,16:07:02,19758,1,-4.0880,-0.2504,0.0377,1.1085,3.1412,0,1.0000,-511,1,18.2071,7.8750,121.8963,8.2673,168.5680,0.000,0.000,0.998,95.2258,120.7419,69
2026-04-24,16:07:02,19794,1,-4.0880,-0.3258,0.0255,0.7506,3.1434,0,1.0000,-511,1,17.8648,-8.0573,122.8737,22.5781,168.6899,0.000,0.000,0.995,94.6224,117.3150,69
2026-04-24,16:07:02,19830,1,-4.0880,-0.0280,0.0255,0.7513,3.1448,0,1.0000,-511,1,18.4782,10.4466,123.5202,21.7140,168.5558,0.000,0.000,1.000,94.8194,118.1840,69
2026-04-24,16:07:02,19867,1,-4.0880,-0.2755,0.0255,0.7501,3.1461,0,1.0000,-511,1,17.9566,-4.0986,124.7361,35.1062,168.5916,0.000,0.000,1.000,94.7223,117.6992,69
2026-04-24,16:07:02,19902,1,-4.0880,-0.3960,0.0275,0.8074,3.1491,0,1.0000,-511,1,18.3356,2.1764,125.6059,26.5448,168.6573,0.000,0.000,1.000,95.2546,120.4734,69
2026-04-24,16:07:02,19938,1,-4.0880,-0.5082,0.0307,0.9017,3.1530,0,1.0000,-511,1,17.9450,0.2605,125.7909,14.7302,168.5882,0.000,0.000,1.000,94.5592,117.3395,69
2026-04-24,16:07:02,19975,1,-4.0880,-0.5037,0.0097,0.2849,3.1576,0,1.0000,-511,1,18.1487,3.1686,125.9688,7.7479,168.6320,0.000,0.000,0.999,94.2950,116.2268,69
2026-04-24,16:07:02,20010,1,-4.0880,-0.0414,0.0289,0.8502,3.1593,0,1.0000,-511,1,18.1974,-1.5144,126.5014,13.4958,168.5246,0.000,0.000,1.000,93.1274,110.0130,69
2026-04-24,16:07:02,20049,1,-4.0880,-0.3023,0.0317,0.9309,3.1608,0,1.0000,-511,1,18.3892,2.2080,126.7229,10.8796,168.5353,0.000,0.000,1.000,94.3670,116.7432,69
2026-04-24,16:07:02,20085,1,-4.0960,-0.4791,0.0337,0.9913,3.1639,0,1.0000,-512,1,17.8407,-23.2006,126.2569,-5.6033,168.5872,0.000,0.000,1.000,94.4510,116.8402,69
2026-04-24,16:07:02,20120,1,-4.0960,-0.5272,0.0333,0.9788,3.1678,0,1.0000,-512,1,18.1358,10.1493,126.4887,2.1370,168.6319,0.016,0.000,1.000,94.2326,115.2326,69
2026-04-24,16:07:02,20156,1,-4.0960,-0.6288,0.0342,1.0064,3.1726,0,1.0000,-512,1,17.9262,-2.4821,126.6227,6.1721,168.5665,0.000,0.000,1.000,94.2124,115.0312,69
2026-04-24,16:07:02,20193,1,-4.0880,-0.3741,0.0251,0.7380,3.1762,0,1.0000,-511,1,17.9996,-5.5137,126.9792,10.2667,168.6825,0.000,0.000,1.000,93.7224,112.4063,69
2026-04-24,16:07:02,20229,1,-4.0880,-0.2673,0.0350,1.0296,3.1775,0,1.0000,-511,1,18.0716,-0.3552,128.4857,36.1940,168.5362,0.000,0.000,1.000,94.2222,115.0592,69
2026-04-24,16:07:02,20265,1,-4.0880,-0.3602,0.0314,0.9226,3.1804,0,1.0000,-511,1,18.1643,1.4779,129.6424,34.9471,168.6389,0.000,0.000,1.000,95.2783,119.9930,69
2026-04-24,16:07:03,20302,1,-4.0880,-0.7401,0.0429,1.2611,3.1855,0,1.0000,-511,1,17.7454,-1.6720,131.0232,41.3157,168.6148,0.000,0.000,1.000,95.8874,122.5990,69
2026-04-24,16:07:03,20338,1,-4.0880,-0.6795,0.0306,0.8995,3.1911,0,1.0000,-511,1,17.9319,-2.7291,131.9747,33.7755,168.6642,0.000,0.000,1.000,95.2471,119.4720,69
2026-04-24,16:07:03,20375,1,-4.0880,-0.4361,0.0245,0.7203,3.1940,0,1.0000,-511,1,17.8298,-7.1695,132.2764,16.4014,168.6610,0.000,0.000,1.000,94.6341,116.4895,69
2026-04-24,16:07:03,20411,1,-4.0880,-0.5185,0.0348,1.0223,3.1980,0,1.0000,-511,1,18.2460,14.3035,132.1275,0.1903,168.6045,0.000,0.000,1.000,95.6909,121.4452,69
2026-04-24,16:07:03,20447,1,-4.0880,-0.6429,0.0318,0.9349,3.2031,0,1.0000,-511,1,17.6580,-11.7657,131.2678,-15.5813,168.6461,0.000,0.000,1.000,95.6400,120.9457,69
2026-04-24,16:07:03,20483,1,-4.0880,-0.5094,0.0338,0.9945,3.2078,0,1.0000,-511,1,17.9930,-1.5398,131.0463,-10.5389,168.7125,0.000,0.000,1.000,95.1304,118.7540,69
2026-04-24,16:07:03,20519,1,-4.0880,-0.6657,0.0249,0.7316,3.2123,0,1.0000,-511,1,17.9548,10.5366,131.1787,-0.6459,168.5600,0.000,0.000,1.000,94.9926,118.4089,69
2026-04-24,16:07:03,20555,1,-4.0880,-0.4645,0.0369,1.0841,3.2164,0,1.0000,-511,1,17.8566,-13.0199,131.7091,9.8324,168.6640,0.000,0.000,1.000,94.7765,117.2427,69
2026-04-24,16:07:03,20591,1,-4.0880,-0.6424,0.0214,0.6293,3.2212,0,1.0000,-511,1,17.9386,12.3350,131.7726,4.5915,168.5345,0.000,0.000,1.000,94.8824,117.8364,69
2026-04-24,16:07:03,20627,1,-4.0880,-0.4283,0.0365,1.0747,3.2250,0,1.0000,-511,1,17.7794,-15.4757,131.5101,-4.5988,168.6329,0.000,0.000,1.000,94.6869,117.1047,69
2026-04-24,16:07:03,20663,1,-4.0880,-0.5683,0.0298,0.8774,3.2293,0,1.0000,-511,1,17.9954,18.1728,131.2041,-8.9912,168.5358,0.000,0.000,1.000,95.2766,119.9974,69
2026-04-24,16:07:03,20700,1,-4.0880,-0.5543,0.0237,0.6981,3.2345,0,1.0000,-511,1,17.8156,-5.6113,130.2899,-20.5733,168.5948,0.000,0.000,0.997,95.3749,120.2814,69
2026-04-24,16:07:03,20736,1,-4.0880,-0.4033,0.0338,0.9936,3.2385,0,1.0000,-511,1,17.9535,5.4486,129.2677,-27.2858,168.6802,0.000,0.000,0.994,94.9460,118.1892,69
2026-04-24,16:07:03,20772,1,-4.0880,-0.7330,0.0371,1.0904,3.2431,0,1.0000,-511,1,17.7775,-2.1020,128.4424,-26.8162,168.5808,0.000,0.000,0.990,95.7152,121.6262,69
2026-04-24,16:07:03,20808,1,-4.0880,-0.8428,0.0324,0.9516,3.2495,0,1.0000,-511,1,17.8389,-1.6076,127.7300,-24.0155,168.6828,0.000,0.000,0.987,95.5078,120.2385,69
2026-04-24,16:07:03,20844,1,-4.0880,-0.6957,0.0445,1.3099,3.2550,0,1.0000,-511,1,17.6872,-3.4001,127.3663,-16.7264,168.6510,0.000,0.000,1.000,94.6373,116.0528,69
2026-04-24,16:07:03,20880,1,-4.0880,-0.6215,0.0299,0.8786,3.2595,0,1.0000,-511,1,17.9642,2.6867,126.8469,-17.9460,168.6756,0.000,0.000,1.000,94.6586,116.3396,69
2026-04-24,16:07:03,20917,1,-4.0880,-0.5451,0.0202,0.5953,3.2649,0,1.0000,-511,1,17.9957,7.3879,126.2008,-17.8233,168.5913,0.000,0.000,1.000,94.7613,116.5923,69
2026-04-24,16:07:03,20959,1,-4.0880,-0.1086,0.0458,1.3464,3.2683,0,1.0000,-511,1,18.1664,8.4014,125.9957,-13.3016,168.5896,0.000,0.000,1.000,94.2837,114.3845,69
2026-04-24,16:07:03,20995,1,-4.0880,-0.3906,0.0417,1.2251,3.2701,0,1.0000,-511,1,18.1246,-3.8642,125.8165,-9.1479,168.5608,0.000,0.000,1.000,95.1307,118.4770,69
2026-04-24,16:07:03,21032,1,-4.0880,-0.6168,0.0474,1.3927,3.2745,0,1.0000,-511,1,18.0077,-6.3814,125.0541,-18.5560,168.6400,0.000,0.000,1.000,96.1023,121.7315,69
2026-04-24,16:07:03,21068,1,-4.0800,-0.7938,0.0376,1.1045,3.2802,0,1.0000,-510,1,17.7548,-3.9761,123.8207,-34.0407,168.6075,0.000,0.000,1.000,96.5074,122.5386,69
2026-04-24,16:07:03,21105,1,-4.0880,-0.4495,0.0680,1.9996,3.2853,0,1.0000,-511,1,17.8581,2.0850,122.5500,-37.8631,168.6163,0.000,0.000,1.000,96.4416,122.1181,69
2026-04-24,16:07:03,21141,1,-4.0880,-0.1635,0.0429,1.2612,3.2865,0,1.0000,-511,1,17.7603,-6.6720,121.8045,-26.5775,168.5589,0.000,0.000,1.000,96.0466,120.5733,69
2026-04-24,16:07:03,21177,1,-4.0880,-0.5546,0.0482,1.4186,3.2897,0,1.0000,-511,1,18.1568,9.1823,121.4653,-17.9180,168.5427,0.000,0.000,1.000,97.4792,126.6024,69
2026-04-24,16:07:03,21214,1,-4.0800,-0.6645,0.0385,1.1329,3.2949,0,1.0000,-510,1,17.6022,-11.9573,120.9834,-12.6754,168.6285,0.000,0.000,1.000,97.5162,126.8061,69
2026-04-24,16:07:03,21250,1,-4.0800,-0.6534,0.0321,0.9440,3.3006,0,1.0000,-510,1,17.7035,5.4224,120.7215,-9.2878,168.5499,0.000,0.000,1.000,97.0057,125.2761,69
2026-04-24,16:07:03,21286,1,-4.0800,-0.7023,0.0333,0.9790,3.3061,0,1.0000,-510,1,17.5844,-1.0712,120.7496,0.1762,168.5936,0.000,0.000,1.000,96.6969,124.1177,69
2026-04-24,16:07:04,21322,1,-4.0880,-0.7563,0.0227,0.6688,3.3124,0,1.0000,-511,1,17.7721,6.3526,120.8828,1.9534,168.6510,0.000,0.000,1.000,96.4127,122.6557,69
2026-04-24,16:07:04,21358,1,-4.0800,-0.5037,0.0443,1.3042,3.3167,0,1.0000,-510,1,17.6949,-4.5022,120.7018,-4.5942,168.6028,0.000,0.000,1.000,95.7501,119.9910,69
2026-04-24,16:07:04,21394,1,-4.0800,-0.7069,0.0479,1.4102,3.3209,0,1.0000,-510,1,17.7194,-0.5358,120.3909,-8.2957,168.5869,0.000,0.000,1.000,96.4894,123.1597,69
2026-04-24,16:07:04,21430,1,-4.0800,-0.7133,0.0344,1.0132,3.3259,0,1.0000,-510,1,17.5635,-11.3112,120.2964,-1.9619,168.6379,0.000,0.000,1.000,96.4929,123.3593,69
2026-04-24,16:07:04,21466,1,-4.0800,-0.3701,0.0427,1.2564,3.3305,0,1.0000,-510,1,17.9423,15.9889,120.5884,5.6045,168.5760,0.000,0.000,1.000,96.2381,122.9146,69
2026-04-24,16:07:04,21503,1,-4.0880,-0.5391,0.0406,1.1952,3.3337,0,1.0000,-511,1,17.4657,-10.7947,120.6112,1.7811,168.5679,0.000,0.000,1.000,96.3399,124.4418,69
2026-04-24,16:07:04,21540,1,-4.0880,-0.8161,0.0407,1.1985,3.3387,0,1.0000,-511,1,17.6100,-8.4417,121.2403,14.7314,168.6568,0.000,0.000,1.000,96.4779,125.4284,69
2026-04-24,16:07:04,21576,1,-4.0880,-0.5380,0.0526,1.5485,3.3442,0,1.0000,-511,1,17.6081,8.4386,122.4727,31.5433,168.5769,0.000,0.000,1.000,96.0804,124.5253,69
2026-04-24,16:07:04,21612,1,-4.0880,-0.4827,0.0325,0.9570,3.3472,0,1.0000,-511,1,17.2662,-13.5678,123.1647,25.8908,168.7152,0.000,0.000,1.000,95.5027,123.5524,69
2026-04-24,16:07:04,21648,1,-4.0880,-0.5323,0.0448,1.3181,3.3514,0,1.0000,-511,1,17.7761,9.8412,124.1360,26.2205,168.5617,0.000,0.000,1.000,96.2434,127.8854,69
2026-04-24,16:07:04,21684,1,-4.0880,-0.6549,0.0268,0.7889,3.3556,0,1.0000,-511,1,17.0716,-16.7711,124.9803,28.0944,168.5865,0.000,0.000,1.000,95.7624,126.2566,69
2026-04-24,16:07:04,21720,1,-4.0880,-0.5928,0.0179,0.5264,3.3599,0,1.0000,-511,1,17.6278,3.7344,125.0755,10.9553,168.7349,0.000,0.000,1.000,95.3418,124.3985,69
2026-04-24,16:07:04,21756,1,-4.0880,-0.2525,0.0390,1.1466,3.3621,0,1.0000,-511,1,17.3231,-3.5601,125.3797,9.1381,168.5564,0.000,0.000,1.000,95.2936,124.2074,69
2026-04-24,16:07:04,21792,1,-4.0880,-0.5426,0.0367,1.0781,3.3652,0,1.0000,-511,1,17.4580,-0.7211,125.1986,0.9076,168.6815,0.000,0.000,1.000,95.6676,125.7083,69
2026-04-24,16:07:04,21829,1,-4.0960,-0.7525,0.0375,1.1034,3.3706,0,1.0000,-512,1,17.3958,3.3352,126.1532,18.7872,168.6740,0.000,0.000,1.000,95.6048,125.5529,69
2026-04-24,16:07:04,21868,1,-4.0960,-0.3162,0.0416,1.2234,3.3751,0,1.0000,-512,1,17.3664,1.3406,126.5649,16.3665,168.6950,0.000,0.000,1.000,95.0748,123.3796,69
2026-04-24,16:07:04,21903,1,-4.0960,-0.0858,0.0230,0.6750,3.3754,0,1.0000,-512,1,17.4073,-0.5949,127.1286,16.2037,168.5870,0.000,0.000,1.000,95.0246,124.4601,69
2026-04-24,16:07:04,21939,1,-4.0880,-0.3560,0.0338,0.9954,3.3778,0,1.0000,-511,1,17.7634,3.6260,127.3693,10.4486,168.7038,0.000,0.000,1.000,95.8596,129.1295,69
2026-04-24,16:07:04,21975,1,-4.0880,-0.5282,0.0311,0.9136,3.3814,0,1.0000,-511,1,17.2112,-8.5351,128.2868,24.0236,168.6704,0.000,0.000,1.000,95.8477,129.3721,69
2026-04-24,16:07:04,22012,1,-4.0880,-0.6502,0.0286,0.8400,3.3866,0,1.0000,-511,1,17.3160,0.8189,129.7686,39.9605,168.7776,0.000,0.000,1.000,95.5567,128.1549,69
2026-04-24,16:07:04,22049,1,-4.1200,-0.2214,0.0319,0.9386,3.3896,0,1.0000,-515,1,17.3276,-1.6511,131.0532,38.7220,168.6164,0.000,0.000,1.000,94.7084,123.9520,69
2026-04-24,16:07:04,22085,1,-4.1200,-0.1819,0.0214,0.6289,3.3904,0,1.0000,-515,1,17.4933,3.8744,132.2888,40.3843,168.7203,0.000,0.000,1.000,94.9366,125.9069,69
2026-04-24,16:07:04,22122,1,-4.0960,-0.3921,0.0303,0.8926,3.3932,0,1.0000,-512,1,17.6898,5.4337,133.8995,47.3004,168.6868,0.000,0.000,1.000,95.7697,130.4712,69
2026-04-24,16:07:04,22158,1,-4.0960,-0.4194,0.0374,1.1014,3.3965,0,1.0000,-512,1,17.1847,-9.9520,134.9950,38.6835,168.7385,0.000,0.000,1.000,95.7007,130.4519,69
2026-04-24,16:07:04,22193,1,-4.0960,-0.5687,0.0337,0.9907,3.4004,0,1.0000,-512,1,17.3164,1.6541,135.5762,22.6244,168.6942,0.000,0.000,1.000,95.5603,129.8849,69
2026-04-24,16:07:04,22230,1,-4.0960,-0.1268,0.0414,1.2187,3.4037,0,1.0000,-512,1,17.5842,11.0852,135.5020,7.1050,168.6153,0.000,0.000,1.000,95.2572,128.4744,69
2026-04-24,16:07:04,22265,1,-4.0960,-0.2469,0.0295,0.8672,3.4046,0,1.0000,-512,1,17.2346,-10.2885,135.2200,-3.5712,168.7023,0.000,0.000,1.000,95.2349,128.9166,69
2026-04-24,16:07:05,22301,1,-4.0960,-0.4247,0.0182,0.5360,3.4073,0,1.0000,-512,1,17.7387,6.1982,134.4996,-17.6140,168.6047,0.000,0.000,1.000,95.9738,132.3657,69
2026-04-24,16:07:05,22337,1,-4.0880,-0.3700,0.0432,1.2719,3.4099,0,1.0000,-511,1,17.1601,-12.9992,134.3762,-5.6571,168.6263,0.000,0.000,1.000,95.9973,132.6745,69
2026-04-24,16:07:05,22373,1,-4.0880,-0.4505,0.0235,0.6911,3.4126,0,1.0000,-511,1,17.4200,0.5283,134.0435,-12.0081,168.7483,0.000,0.000,1.000,96.2359,133.8921,69
2026-04-24,16:07:05,22409,1,-4.0880,-0.4379,0.0296,0.8697,3.4162,0,1.0000,-511,1,17.3855,3.9038,133.9224,-4.7187,168.5745,0.000,0.000,1.000,96.2127,133.2053,69
2026-04-24,16:07:05,22445,1,-4.0960,-0.1115,0.0195,0.5735,3.4190,0,1.0000,-512,1,17.3281,-0.0060,133.7271,-6.1687,168.6538,0.000,0.000,1.000,96.0633,131.9922,69
2026-04-24,16:07:05,22481,1,-4.0960,-0.1133,0.0323,0.9489,3.4204,0,1.0000,-512,1,17.3734,7.1670,133.6668,-2.8490,168.5893,0.000,0.000,1.000,96.2928,133.0268,69
2026-04-24,16:07:05,22518,1,-4.0960,-0.3252,0.0273,0.8040,3.4220,0,1.0000,-512,1,17.3198,-8.9719,134.2141,12.0124,168.6642,0.000,0.000,0.998,96.8476,135.3696,69
2026-04-24,16:07:05,22554,1,-4.0960,-0.4752,0.0176,0.5190,3.4253,0,1.0000,-512,1,17.3078,4.1036,134.6760,11.3969,168.6452,0.000,0.000,0.995,96.9663,135.2655,69
2026-04-24,16:07:05,22590,1,-4.0960,-0.2911,0.0393,1.1567,3.4276,0,1.0000,-512,1,16.9800,-11.2385,135.1576,15.6458,168.7199,0.000,0.000,0.992,96.2085,132.3778,69
2026-04-24,16:07:05,22626,1,-4.0880,-0.4068,0.0211,0.6196,3.4301,0,1.0000,-511,1,17.3644,6.7035,135.8614,17.4360,168.6732,0.000,0.000,0.989,96.0808,132.4328,69
2026-04-24,16:07:05,22662,1,-4.0960,-0.3538,0.0228,0.6715,3.4327,0,1.0000,-512,1,17.1252,-6.3660,135.4438,-2.6510,168.6846,0.000,0.000,0.986,95.6055,130.7854,69
2026-04-24,16:07:05,22698,1,-4.0880,-0.1587,0.0269,0.7911,3.4345,0,1.0000,-511,1,17.4789,8.6867,135.4475,-0.0126,168.7000,0.000,0.000,0.982,94.9980,128.0075,69
2026-04-24,16:07:05,22734,1,-4.0880,-0.1579,0.0168,0.4941,3.4351,0,1.0000,-511,1,17.3211,-3.6672,135.4064,-3.0112,168.6507,0.000,0.000,0.979,94.9265,127.6379,69
2026-04-24,16:07:05,22773,1,-4.0880,-0.1184,0.0210,0.6182,3.4362,0,1.0000,-511,1,17.3192,-2.4130,135.0695,-4.8794,168.6486,0.000,0.000,0.977,95.3271,128.9048,69
2026-04-24,16:07:05,22809,1,-4.0880,-0.2575,0.0377,1.1101,3.4381,0,1.0000,-511,1,17.1965,8.7385,134.2309,-17.9749,168.6142,0.000,0.000,0.974,95.6598,130.6993,69
2026-04-24,16:07:05,22845,1,-4.0880,-0.3141,0.0255,0.7490,3.4397,0,1.0000,-511,1,17.0069,-17.5278,133.8463,-12.8578,168.7625,0.000,0.000,0.970,95.7121,131.1498,69
2026-04-24,16:07:05,22881,1,-4.0880,-0.3529,0.0165,0.4842,3.4425,0,1.0000,-511,1,17.3121,13.0879,133.2286,-20.5077,168.6874,0.000,0.000,0.967,96.1249,133.1853,69
2026-04-24,16:07:05,22917,1,-4.0880,-0.2504,0.0348,1.0229,3.4445,0,1.0000,-511,1,16.9460,-9.4963,131.9649,-30.7006,168.7052,0.000,0.000,0.964,96.0115,132.8171,69
2026-04-24,16:07:05,22953,1,-4.0880,-0.2480,0.0173,0.5078,3.4470,0,1.0000,-511,1,17.4448,15.4108,131.7293,-16.5959,168.7156,0.000,0.000,0.970,95.7500,131.2219,69
2026-04-24,16:07:05,22990,1,-4.0880,-0.0289,0.0253,0.7442,3.4484,0,1.0000,-511,1,17.1594,-3.7216,130.7266,-28.8469,168.6558,0.000,0.000,0.993,95.2250,127.4851,69
2026-04-24,16:07:05,23026,1,-4.0880,-0.1617,0.0178,0.5248,3.4494,0,1.0000,-511,1,17.2983,4.4082,128.9764,-44.6448,168.7338,0.000,0.000,1.000,95.1373,126.5472,69
2026-04-24,16:07:05,23062,1,-4.0960,-0.1819,0.0234,0.6870,3.4503,0,1.0000,-512,1,17.1417,-10.6860,127.9852,-34.6937,168.6738,0.000,0.000,1.000,95.0804,125.2800,69
2026-04-24,16:07:05,23099,1,-4.0880,-0.2785,0.0261,0.7686,3.4524,0,1.0000,-511,1,17.3104,7.1425,127.8247,-15.0287,168.6861,0.000,0.000,1.000,95.2963,125.7722,69
2026-04-24,16:07:05,23135,1,-4.0880,-0.2259,0.0173,0.5081,3.4543,0,1.0000,-511,1,17.0744,-5.3924,127.5751,-11.1757,168.7140,0.000,0.000,1.000,95.2656,124.9886,69
2026-04-24,16:07:05,23171,1,-4.0880,-0.2003,0.0371,1.0921,3.4563,0,1.0000,-511,1,17.3701,7.0253,127.2762,-9.4046,168.6659,0.000,0.000,1.000,95.3735,124.3528,69
2026-04-24,16:07:05,23208,1,-4.0880,-0.4492,0.0406,1.1932,3.4589,0,1.0000,-511,1,17.0158,-2.9824,127.7743,8.3558,168.6806,0.000,0.000,1.000,95.6352,124.3966,69
2026-04-24,16:07:05,23243,1,-4.0880,-0.5645,0.0309,0.9084,3.4626,0,1.0000,-511,1,17.1922,-5.8073,127.7105,0.0765,168.7478,0.000,0.000,1.000,95.6828,122.6760,69
2026-04-24,16:07:05,23279,1,-4.0880,-0.4386,0.0300,0.8815,3.4662,0,1.0000,-511,1,17.3452,10.2872,127.7383,-1.0725,168.6756,0.000,0.000,1.000,95.3813,119.9358,69
2026-04-24,16:07:06,23315,1,-4.0880,-0.2012,0.0322,0.9477,3.4674,0,1.0000,-511,1,17.2313,-10.7504,126.8458,-18.9794,168.7091,0.000,0.000,1.000,95.6360,120.4119,69
2026-04-24,16:07:06,23351,1,-4.0880,-0.3770,0.0316,0.9286,3.4702,0,1.0000,-511,1,17.5831,12.6620,126.1994,-19.4121,168.6162,0.000,0.000,1.000,96.9662,124.7995,69
2026-04-24,16:07:06,23387,1,-4.0960,-0.7188,0.0294,0.8645,3.4746,0,1.0000,-512,1,17.0616,-12.4191,125.3798,-25.0174,168.6924,0.000,0.000,1.000,97.4602,125.8771,69
2026-04-24,16:07:06,23424,1,-4.0880,-0.4355,0.0089,0.2627,3.4787,0,1.0000,-511,1,17.2931,0.2457,124.4749,-27.7180,168.7259,0.000,0.000,0.999,96.9736,123.7618,69
2026-04-24,16:07:06,23460,1,-4.0960,-0.0863,0.0208,0.6112,3.4796,0,1.0000,-512,1,17.2458,0.1839,123.1181,-38.1481,168.6362,0.000,0.000,1.000,96.4138,122.2954,69
2026-04-24,16:07:06,23496,1,-4.0880,-0.1291,0.0259,0.7625,3.4809,0,1.0000,-511,1,17.4478,7.6285,121.9733,-35.6495,168.7209,0.000,0.000,1.000,96.8808,124.8308,69
2026-04-24,16:07:06,23533,1,-4.0880,-0.1193,0.0134,0.3935,3.4821,0,1.0000,-511,1,17.0932,-7.7947,121.6902,-16.8638,168.7142,0.000,0.000,1.000,96.2999,123.4763,69
2026-04-24,16:07:06,23569,1,-4.0880,-0.0023,0.0080,0.2349,3.4821,0,1.0000,-511,1,17.1673,-3.7368,122.0746,1.8785,168.7184,0.000,0.000,0.999,94.9411,119.4739,69
2026-04-24,16:07:06,23605,1,-4.0880,-0.0033,0.0125,0.3671,3.4822,0,1.0000,-511,1,17.2816,6.3267,122.4223,7.8987,168.7189,0.000,0.000,1.000,94.3166,118.0817,69
2026-04-24,16:07:06,23642,1,-4.0880,0.0136,0.0118,0.3479,3.4821,0,1.0000,-511,1,17.1716,-4.7115,122.7378,8.9216,168.7427,0.000,0.000,1.000,93.1736,113.8101,69
2026-04-24,16:07:06,23678,1,-4.0880,0.0052,0.0106,0.3118,3.4821,0,1.0000,-511,1,17.0883,-3.2512,122.8112,6.7583,168.7452,0.000,0.000,1.000,92.1367,109.0219,69
2026-04-24,16:07:06,23714,1,-3.2560,0.0198,0.0083,0.2428,3.4820,0,1.0000,-407,1,17.0148,-2.7322,123.1453,8.6848,168.7930,0.000,0.000,0.997,91.7360,107.2109,69
2026-04-24,16:07:06,23750,1,-0.3520,0.0045,0.0047,0.1376,3.4818,0,1.0000,-44,1,16.9428,-2.2145,123.2995,6.1038,168.8385,0.000,0.000,0.994,90.9171,100.5991,69
2026-04-24,16:07:06,23786,1,0.0000,-0.0064,0.0061,0.1788,3.4818,0,1.0000,0,1,16.5597,-6.9264,123.5555,7.3019,168.7710,0.000,0.000,0.990,90.4881,96.5964,69
2026-04-24,16:07:06,23822,1,0.0000,-0.0028,0.0058,0.1715,3.4818,0,1.0000,0,1,16.4973,-2.2289,123.3646,-1.8141,168.7744,0.000,0.000,0.987,90.2192,94.1727,69
2026-04-24,16:07:06,23859,1,0.0000,0.0081,0.0057,0.1687,3.4818,0,1.0000,0,1,16.8051,13.7692,123.1108,-6.4470,168.7284,0.000,0.000,0.984,90.3837,103.0139,69
2026-04-24,16:07:06,23894,1,0.0000,-0.0013,0.0059,0.1729,3.4818,0,1.0000,0,1,17.2193,12.5240,122.7918,-8.5449,168.7334,0.000,0.000,0.981,90.5854,133.7941,69
2026-04-24,16:07:06,23930,1,0.0000,-0.0076,0.0059,0.1748,3.4818,0,1.0000,0,1,17.8058,16.7190,122.5386,-8.3661,168.7064,0.000,0.000,0.978,90.9436,-141.2921,69
2026-04-24,16:07:06,23966,1,0.0000,-0.0232,0.0083,0.2447,3.4819,0,1.0000,0,1,18.1712,8.9153,122.2558,-9.0678,168.6610,0.000,0.000,0.974,91.4863,-129.9505,69
2026-04-24,16:07:06,24002,1,0.2000,-0.0551,0.0163,0.4789,3.4822,0,1.0000,25,1,18.6964,16.2622,122.3000,-0.7892,168.6544,0.000,0.000,0.971,92.8410,-130.4061,69
2026-04-24,16:07:06,24038,1,3.3040,0.7346,0.1226,3.6049,3.4801,0,1.0000,413,1,19.3285,16.9503,122.6768,6.9163,168.6006,0.000,0.000,0.986,94.5513,-131.8702,69
2026-04-24,16:07:06,24074,1,4.0480,3.0297,0.2701,7.9456,3.4650,0,1.0000,506,1,18.6113,-48.2606,121.8218,-18.6950,169.1215,0.000,0.000,1.000,95.6589,-131.8080,69
2026-04-24,16:07:06,24110,1,4.0800,4.9603,0.1227,3.6094,3.4306,0,1.0000,510,1,15.1535,-100.4309,120.4282,-29.3952,156.3002,0.064,0.000,1.000,95.0350,-119.5236,69
2026-04-24,16:07:06,24146,1,4.0880,4.4768,0.0298,0.8754,3.3932,0,1.0000,511,1,14.1278,-53.9025,122.1276,24.9463,157.4316,0.128,0.000,1.000,91.2002,-95.5157,69
2026-04-24,16:07:06,24182,1,4.0880,4.0030,0.0264,0.7760,3.3599,0,1.0000,511,1,16.2005,107.7105,123.5360,26.6290,127.1479,0.096,0.000,1.000,78.6278,-55.1112,69
2026-04-24,16:07:06,24218,1,4.0880,3.6117,0.0805,2.3664,3.3302,0,1.0000,511,1,14.0815,-92.6974,124.5113,30.8625,131.3891,0.088,0.000,1.000,68.2801,-40.6516,69
2026-04-24,16:07:06,24255,1,4.0880,3.9227,0.0941,2.7664,3.3000,0,1.0000,511,1,17.4507,149.2231,123.0120,-21.8280,135.5000,0.128,0.000,1.000,56.6766,-32.1151,69
2026-04-24,16:07:06,24290,1,4.0880,4.3323,0.0413,1.2148,3.2672,0,1.0000,511,1,18.4816,-16.9692,121.2779,-36.0010,140.4140,0.096,0.000,1.000,48.6622,-27.5072,69
2026-04-24,16:07:07,24326,1,4.0880,4.1321,0.0302,0.8869,3.2347,0,1.0000,511,1,19.1375,29.7179,121.8735,4.5713,144.9408,0.064,0.000,1.000,42.7731,-25.1469,69
2026-04-24,16:07:07,24362,1,4.0880,4.1726,0.0262,0.7713,3.2025,0,1.0000,511,1,16.4809,-82.8782,123.0157,28.1528,148.9612,0.032,0.000,1.000,35.7298,-21.3467,69
2026-04-24,16:07:07,24398,1,4.0880,4.1718,0.0228,0.6708,3.1715,0,1.0000,511,1,15.8670,-4.1432,125.6138,60.4213,152.4762,0.000,0.000,1.000,27.9816,-16.8944,69
2026-04-24,16:07:07,24434,1,4.0880,4.1211,0.0141,0.4146,3.1403,0,1.0000,511,1,14.1031,-49.3151,126.6437,40.5262,154.6695,0.000,0.000,1.000,22.5364,-13.4567,69
2026-04-24,16:07:07,24469,1,4.0880,4.1612,0.0134,0.3955,3.1091,0,1.0000,511,1,14.5979,23.4440,126.2999,-0.8056,157.4623,0.000,0.000,1.000,15.3805,-9.8227,69
2026-04-24,16:07:07,24504,1,4.0880,4.0965,0.0103,0.3028,3.0779,0,1.0000,511,1,14.2706,-3.0296,124.0093,-48.4086,159.0170,0.000,0.000,1.000,10.5822,-6.8579,69
2026-04-24,16:07:07,24541,1,4.0880,4.2108,0.0048,0.1419,3.0468,0,1.0000,511,1,15.8753,41.9180,121.1978,-73.2217,160.7391,0.000,0.000,0.999,5.2999,-3.1599,69
2026-04-24,16:07:07,24575,1,4.0880,4.0859,0.0098,0.2895,3.0264,0,1.0000,511,1,15.9878,25.4344,120.9452,-59.9345,161.2376,0.000,0.000,0.998,2.2396,-1.9897,69
2026-04-24,16:07:07,24610,1,4.0960,4.1509,0.0043,0.1265,2.9851,0,1.0000,512,1,17.0611,23.4966,118.6175,-64.3769,162.3928,0.000,0.000,0.994,-5.8943,2.9276,69
2026-04-24,16:07:07,24646,1,4.0880,4.1279,0.0081,0.2374,2.9540,0,1.0000,511,1,17.3076,24.2119,117.3507,-49.7818,163.5075,0.000,0.000,0.999,-10.1784,4.2660,69
2026-04-24,16:07:07,24683,1,4.0880,4.0935,0.0109,0.3195,2.9223,0,1.0000,511,1,17.9004,7.5514,116.0281,-46.8317,164.2546,0.000,0.000,1.000,-14.7729,6.2692,69
2026-04-24,16:07:07,24718,1,4.3600,4.1326,0.0104,0.3045,2.8910,0,1.0000,545,1,18.5718,31.6605,113.9871,-61.9954,165.0610,0.000,0.000,1.000,-17.9532,6.5686,69
2026-04-24,16:07:07,24754,1,4.6880,4.6706,0.0153,0.4498,2.8567,0,1.0000,586,1,18.7669,3.9727,111.4865,-73.5256,165.7612,0.000,0.000,1.000,-19.1134,7.2666,69
2026-04-24,16:07:07,24791,1,4.8000,4.7165,0.0102,0.3012,2.8203,0,1.0000,600,1,19.5041,23.2962,109.0738,-76.2891,166.2356,0.000,0.000,1.000,-18.9407,6.8726,69
2026-04-24,16:07:07,24826,1,4.8160,4.8319,0.0059,0.1730,2.7842,0,1.0000,602,1,19.3804,4.1030,107.4957,-58.0210,166.7094,0.000,0.000,0.998,-17.7245,6.5721,69
2026-04-24,16:07:07,24862,1,4.8240,4.7869,0.0114,0.3342,2.7476,0,1.0000,603,1,19.8383,10.0686,107.0752,-27.1812,167.0171,0.000,0.000,1.000,-14.6089,5.9595,69
2026-04-24,16:07:07,24898,1,4.2080,4.7652,-0.0009,0.0278,2.7110,0,1.0000,526,1,19.9193,9.6083,107.0999,-10.8019,167.2321,0.000,0.000,0.999,-11.6001,5.8073,69
2026-04-24,16:07:07,24933,1,4.1200,3.9749,-0.0007,0.0199,2.6779,0,1.0000,515,1,20.1217,-0.4461,107.4305,2.2290,167.4848,0.000,0.000,0.998,-7.1702,5.3206,69
2026-04-24,16:07:07,24969,1,4.0960,4.1990,0.0063,0.1850,2.6466,0,1.0000,512,1,20.3856,13.2740,107.0559,-9.2946,167.7097,0.000,0.000,0.999,-2.6666,5.0312,69
2026-04-24,16:07:07,25006,1,4.0880,4.0925,0.0034,0.1010,2.6147,0,1.0000,511,1,20.3935,-1.4152,105.5146,-35.9007,167.8387,0.000,0.000,0.999,0.3701,4.7232,69
2026-04-24,16:07:07,25041,1,4.0880,4.0922,0.0040,0.1168,2.5836,0,1.0000,511,1,20.7105,8.3638,103.8032,-48.6362,167.9829,0.000,0.000,0.998,3.7635,4.3340,69
2026-04-24,16:07:07,25077,1,4.0880,4.0795,0.0101,0.2981,2.5523,0,1.0000,511,1,20.5987,0.3287,103.1002,-29.1650,168.0642,0.000,0.000,0.998,5.9884,3.9944,69
2026-04-24,16:07:07,25113,1,7.5840,6.5912,0.0337,0.9918,2.5148,0,1.0000,948,1,20.8024,5.9823,103.6105,1.9885,168.2341,0.000,0.000,1.000,9.2190,3.8175,69
2026-04-24,16:07:07,25149,1,7.9680,8.0125,0.0023,0.0676,2.4538,0,1.0000,996,1,20.8598,0.6333,103.7648,1.1766,168.2869,0.000,0.000,0.998,12.5533,3.8828,69
2026-04-24,16:07:07,25185,1,7.9920,8.0118,0.0103,0.3023,2.3928,0,1.0000,999,1,20.9278,2.1098,103.2385,-10.7567,168.4366,0.000,0.000,1.000,14.9252,4.0387,69
2026-04-24,16:07:07,25221,1,7.9920,8.0086,0.0057,0.1670,2.3309,0,1.0000,999,1,20.8607,-2.1914,103.1360,-5.3168,168.3996,0.000,0.000,0.998,18.1726,3.9508,69
2026-04-24,16:07:07,25258,1,7.9920,7.9535,0.0144,0.4234,2.2698,0,1.0000,999,1,20.9521,0.6946,103.6020,5.4634,168.5509,0.000,0.000,1.000,20.4646,4.1187,69
2026-04-24,16:07:07,25294,1,7.9920,7.9825,0.0024,0.0711,2.2073,0,1.0000,999,1,20.9473,-0.0860,102.8093,-17.7451,168.6929,0.000,0.000,0.997,23.2405,4.3209,69
2026-04-24,16:07:08,25329,1,7.9920,8.0161,0.0036,0.1062,2.1467,0,1.0000,999,1,20.9700,-1.5786,101.7176,-25.8487,168.7213,0.000,0.000,0.994,25.7707,4.7543,69
2026-04-24,16:07:08,25365,1,7.9920,7.9857,0.0015,0.0430,2.0851,0,1.0000,999,1,20.9853,1.4738,102.8362,12.1602,168.8163,0.000,0.000,0.990,27.6146,5.3167,69
2026-04-24,16:07:08,25401,1,7.9920,8.0439,0.0023,0.0684,2.0238,0,1.0000,999,1,20.9764,-1.4320,102.3940,-7.9437,168.7654,0.000,0.000,0.987,29.8878,6.0859,69
2026-04-24,16:07:08,25437,1,7.9920,7.9894,0.0095,0.2781,1.9624,0,1.0000,999,1,21.0289,1.2019,100.6210,-40.9901,168.8137,0.000,0.000,0.993,31.4277,6.8858,69
2026-04-24,16:07:08,25473,1,7.9920,7.9949,0.0113,0.3309,1.8999,0,1.0000,999,1,20.9829,0.0992,99.6515,-33.2265,168.8408,0.000,0.000,1.000,33.3171,8.1880,69
2026-04-24,16:07:08,25515,1,7.9920,7.9863,0.0210,0.6186,1.8293,0,1.0000,999,1,20.9263,-0.7028,99.8177,-21.4621,168.9198,0.000,0.000,1.000,34.9199,9.5542,69
2026-04-24,16:07:08,25551,1,7.9920,7.9936,0.0197,0.5781,1.7679,0,1.0000,999,1,21.0101,1.9064,98.9970,-26.3612,168.8373,0.000,0.000,1.000,36.2756,10.7254,69
2026-04-24,16:07:08,25587,1,7.9920,8.0257,0.0112,0.3306,1.7063,0,1.0000,999,1,21.0431,0.6263,98.5126,-18.2638,168.8219,0.000,0.000,1.000,37.1313,11.5630,69
2026-04-24,16:07:08,25623,1,7.9920,7.9705,0.0145,0.4257,1.6445,0,1.0000,999,1,21.1121,2.5044,99.3586,10.1722,168.8046,0.000,0.000,1.000,37.9806,12.2961,69
2026-04-24,16:07:08,25659,1,7.9520,7.9855,0.0115,0.3371,1.5836,0,1.0000,994,1,21.0750,-0.7693,98.7231,-12.6091,168.8358,0.000,0.000,1.000,38.3354,12.7513,69
2026-04-24,16:07:08,25695,1,5.1040,7.4071,-0.0704,2.0708,1.5228,0,1.0000,638,1,21.1027,2.8528,97.5541,-28.4333,168.9307,0.000,0.000,1.000,38.5267,13.3305,69
2026-04-24,16:07:08,25732,1,4.6640,4.3685,-0.0013,0.0388,1.4819,0,1.0000,583,1,20.9814,-1.8755,96.6238,-30.5443,168.8986,0.000,0.000,0.998,38.3626,13.7896,69
2026-04-24,16:07:08,25768,1,4.5120,4.6445,0.0017,0.0511,1.4471,0,1.0000,564,1,21.1108,4.1695,96.8310,-4.4643,168.9265,0.000,0.000,0.998,37.6756,13.7725,69
2026-04-24,16:07:08,25804,1,4.5200,4.4920,0.0167,0.4924,1.4127,0,1.0000,565,1,21.0345,2.7041,96.7192,-8.7440,168.9168,0.000,0.000,1.000,36.8509,13.5518,69
2026-04-24,16:07:08,25840,1,4.5200,4.4776,0.0137,0.4029,1.3775,0,1.0000,565,1,21.0812,-0.2930,94.9841,-42.2045,168.8460,0.000,0.000,1.000,35.1546,13.2586,69
2026-04-24,16:07:08,25876,1,4.5120,4.5068,0.0099,0.2901,1.3432,0,1.0000,564,1,21.1579,5.5246,92.6245,-63.6824,168.9106,0.000,0.000,0.999,33.3878,13.0038,69
2026-04-24,16:07:08,25912,1,4.4720,4.4392,0.0146,0.4301,1.3087,0,1.0000,559,1,21.2592,3.9344,91.0484,-54.1419,168.3430,0.000,0.000,1.000,30.2429,12.4613,69
2026-04-24,16:07:08,25949,1,4.4080,4.5257,0.0314,0.9234,1.2749,0,1.0000,551,1,22.3611,24.6277,89.5949,-44.0021,166.6477,0.000,0.000,1.000,26.3830,11.1580,69
2026-04-24,16:07:08,25985,1,4.3920,3.7169,0.1084,3.1869,1.2433,0,1.0000,549,1,24.0338,21.2727,87.9683,-41.8418,160.2265,0.000,0.000,1.000,24.2625,9.9679,69
2026-04-24,16:07:08,26020,1,4.3760,4.7242,0.0125,0.3662,1.2073,0,1.0000,547,1,25.4442,55.9200,86.6784,-11.4346,159.4439,0.000,0.000,1.000,29.1481,11.1405,69
2026-04-24,16:07:08,26056,1,4.1600,4.1976,0.0404,1.1869,1.1743,0,1.0000,520,1,25.6244,-50.2003,88.2922,56.8024,113.4194,0.000,0.000,1.000,32.2301,11.1791,69
2026-04-24,16:07:08,26092,1,3.2560,4.0841,-0.0017,0.0494,1.1414,0,1.0000,407,1,24.3313,-15.7096,93.1614,133.9887,87.9243,0.000,0.000,0.999,33.2657,10.7827,69
2026-04-24,16:07:08,26128,1,3.1120,3.0745,0.0022,0.0656,1.1152,0,1.0000,389,1,21.7525,-98.7978,97.9279,152.2137,100.1240,0.000,0.000,0.996,31.3678,10.2016,69
2026-04-24,16:07:08,26164,1,2.2160,3.0251,0.0133,0.3906,1.0924,0,1.0000,277,1,20.3179,-26.2904,102.6217,150.2221,97.2827,0.000,0.000,1.000,29.1400,9.9649,69
2026-04-24,16:07:08,26200,1,-0.0320,1.1730,-0.0522,1.5350,1.0762,0,1.0000,-4,1,17.7081,-71.4836,106.8602,142.5772,108.0858,0.016,0.000,1.000,27.3972,10.2264,69
2026-04-24,16:07:08,26237,1,-0.1200,-0.2026,0.0118,0.3473,1.0767,0,1.0000,-15,1,17.4945,-5.7519,110.5285,119.9624,117.7380,0.000,0.000,1.000,26.2823,10.6445,69
2026-04-24,16:07:08,26273,1,0.0000,0.0084,0.0080,0.2344,1.0768,0,1.0000,0,1,16.7395,-0.7729,112.9935,91.9288,125.3047,0.000,0.000,0.998,24.8324,10.4690,69
2026-04-24,16:07:09,26309,1,0.0000,-0.0004,0.0080,0.2344,1.0769,0,1.0000,0,1,17.8996,28.2012,114.2068,54.9716,132.1815,0.000,0.000,0.994,23.2865,10.9037,69
2026-04-24,16:07:09,26345,1,0.0000,0.0043,0.0080,0.2343,1.0769,0,1.0000,0,1,19.1359,49.4044,114.5732,25.1148,137.6533,0.000,0.000,0.991,21.7623,10.5438,69
2026-04-24,16:07:09,26381,1,0.0000,-0.0015,0.0089,0.2624,1.0769,0,1.0000,0,1,20.7219,36.2163,114.1183,0.8980,142.5306,0.000,0.000,0.988,19.5639,10.3452,69
2026-04-24,16:07:09,26417,1,0.0000,-0.0073,0.0086,0.2531,1.0769,0,1.0000,0,1,22.2025,51.5046,114.1745,-0.0196,146.6634,0.000,0.000,0.985,17.7831,10.0242,69
2026-04-24,16:07:09,26454,1,0.0000,0.0029,0.0076,0.2250,1.0769,0,1.0000,0,1,22.6995,29.3087,114.2077,0.3161,147.9986,0.000,0.000,0.982,14.9898,9.6385,69
2026-04-24,16:07:09,26489,1,0.0000,0.0036,0.0073,0.2158,1.0769,0,1.0000,0,1,23.4046,21.7377,114.4879,5.7760,151.3170,0.000,0.000,0.979,11.9533,8.9677,69
2026-04-24,16:07:09,26525,1,0.0000,0.0004,0.0099,0.2907,1.0769,0,1.0000,0,1,23.0487,-4.2655,114.9110,11.2210,153.9908,0.000,0.000,0.976,9.4976,8.3213,69
2026-04-24,16:07:09,26561,1,0.0000,0.0043,0.0080,0.2343,1.0769,0,1.0000,0,1,23.3024,-0.0788,115.2720,10.7457,156.4100,0.000,0.000,0.973,5.9725,7.1968,69
2026-04-24,16:07:09,26597,1,0.0000,-0.0011,0.0092,0.2719,1.0769,0,1.0000,0,1,23.2387,7.9268,115.6663,11.6927,158.3459,0.000,0.000,0.970,3.4295,6.2049,69
2026-04-24,16:07:09,26633,1,0.0000,-0.0108,0.0086,0.2530,1.0769,0,1.0000,0,1,23.3376,-3.8392,115.8994,8.9161,160.1345,0.000,0.000,0.966,0.1678,5.1777,69
2026-04-24,16:07:09,26669,1,0.0000,0.0062,0.0083,0.2438,1.0769,0,1.0000,0,1,23.7248,13.9563,116.1625,7.7340,161.5622,0.000,0.000,0.963,-3.0393,4.0579,69
2026-04-24,16:07:09,26705,1,0.0000,-0.0071,0.0096,0.2813,1.0769,0,1.0000,0,1,23.5636,-5.4685,116.1229,1.6703,162.7985,0.000,0.000,0.960,-5.3877,3.0570,69
2026-04-24,16:07:09,26741,1,0.0000,-0.0004,0.0080,0.2346,1.0769,0,1.0000,0,1,23.8075,5.3697,116.0751,0.0082,163.8545,0.000,0.000,0.957,-8.5997,1.9390,69
2026-04-24,16:07:09,26778,1,0.0000,-0.0058,0.0080,0.2346,1.0769,0,1.0000,0,1,23.6977,1.3447,116.1527,1.0953,164.7238,0.000,0.000,0.954,-11.0029,0.9944,69
2026-04-24,16:07:09,26813,1,0.0000,0.0112,0.0076,0.2250,1.0769,0,1.0000,0,1,23.8537,0.7592,116.1461,0.5371,165.5346,0.000,0.000,0.950,-13.9733,-0.3450,69
2026-04-24,16:07:09,26849,1,0.0000,0.0057,0.0089,0.2624,1.0769,0,1.0000,0,1,23.9595,6.8861,116.3391,4.4546,166.1390,0.000,0.000,0.947,-16.3536,-1.3938,69
2026-04-24,16:07:09,26885,1,0.0000,0.0100,0.0083,0.2438,1.0769,0,1.0000,0,0,23.9482,-2.4087,116.5654,6.1390,166.7101,0.000,0.000,0.944,-17.6475,-1.9336,69
2026-04-24,16:07:09,26921,1,0.0000,0.0007,0.0086,0.2531,1.0769,0,1.0000,0,0,24.1304,5.6001,116.7568,5.4309,167.1624,0.000,0.000,0.941,-18.7025,-3.1129,69
2026-04-24,16:07:09,26957,1,0.0000,0.0001,0.0077,0.2252,1.0769,0,1.0000,0,0,24.0504,-0.5224,116.7941,2.7440,167.5380,0.000,0.000,0.938,-19.0624,-3.6208,69
2026-04-24,16:07:09,26993,1,0.0000,-0.0097,0.0083,0.2437,1.0769,0,1.0000,0,0,24.2181,3.1133,116.8443,1.8367,167.8757,0.000,0.000,0.934,-18.9431,-4.0658,69
2026-04-24,16:07:09,27029,1,0.0000,-0.0026,0.0083,0.2437,1.0769,0,1.0000,0,0,24.3414,4.8152,117.0528,4.6398,168.1361,0.000,0.000,0.931,-18.0020,-3.9718,69
2026-04-24,16:07:09,27065,1,0.0000,-0.0013,0.0080,0.2343,1.0769,0,1.0000,0,0,24.2810,-4.5233,117.1716,4.4225,168.4407,0.000,0.000,0.928,-16.9237,-3.9838,69
2026-04-24,16:07:09,27101,1,0.0000,-0.0024,0.0083,0.2437,1.0769,0,1.0000,0,0,24.1115,-3.6944,117.0706,-1.3190,168.5890,0.000,0.000,0.925,-15.8409,-4.1477,69
2026-04-24,16:07:09,27137,1,0.0000,0.0010,0.0073,0.2155,1.0769,0,1.0000,0,0,24.0205,-1.6103,116.9566,-2.2865,168.7084,0.000,0.000,0.922,-17.1792,-3.5391,69
2026-04-24,16:07:09,27173,1,0.0000,-0.0087,0.0080,0.2347,1.0769,0,1.0000,0,0,24.3247,10.6664,116.8782,-1.9855,168.8325,0.000,0.000,0.918,-16.2169,-2.3109,69
2026-04-24,16:07:09,27209,1,0.0000,0.0101,0.0080,0.2348,1.0769,0,1.0000,0,0,24.6949,7.2480,116.8423,-1.0389,169.0250,0.000,0.000,0.915,-13.5999,-4.0598,69
2026-04-24,16:07:09,27245,1,0.0000,-0.0009,0.0096,0.2814,1.0769,0,1.0000,0,0,24.7007,-7.0123,116.9774,2.8648,169.1518,0.000,0.000,0.912,-13.3938,-6.6261,69
2026-04-24,16:07:09,27281,1,0.0000,-0.0128,0.0089,0.2622,1.0769,0,1.0000,0,0,24.3065,-7.8454,117.4179,10.0774,169.2018,0.000,0.000,0.909,-13.5576,-4.5157,69
2026-04-24,16:07:10,27318,1,0.0000,-0.0063,0.0099,0.2904,1.0769,0,1.0000,0,0,23.9238,-12.4720,117.8272,12.3689,169.3445,0.000,0.000,0.906,-15.0467,-5.3736,69
2026-04-24,16:07:10,27353,1,0.0000,-0.0145,0.0086,0.2532,1.0769,0,1.0000,0,0,23.8331,-2.6648,118.1903,12.0064,169.4055,0.000,0.000,0.902,-17.1926,-7.0347,69
2026-04-24,16:07:10,27392,1,0.0000,-0.0074,0.0092,0.2718,1.0769,0,1.0000,0,0,23.6886,-3.1917,118.3774,9.7857,169.4129,0.000,0.000,0.900,-17.8502,-7.1245,69
2026-04-24,16:07:10,27428,1,0.0000,-0.0137,0.0099,0.2905,1.0769,0,1.0000,0,0,23.6800,-2.0031,118.7004,9.3094,169.4552,0.000,0.000,0.897,-17.3079,-7.8152,69
2026-04-24,16:07:10,27463,1,0.0000,-0.0053,0.0086,0.2528,1.0769,0,1.0000,0,0,23.6968,2.2409,118.7560,4.2015,169.5089,0.000,0.000,0.894,-15.2562,-7.3651,69
2026-04-24,16:07:10,27499,1,0.0000,0.0039,0.0092,0.2716,1.0769,0,1.0000,0,0,23.6116,-5.2058,118.8670,4.4088,169.5603,0.000,0.000,0.890,-12.5719,-6.9739,69
2026-04-24,16:07:10,27535,1,0.0000,0.0043,0.0102,0.3001,1.0769,0,1.0000,0,0,23.5423,-1.6868,119.0142,4.0333,169.5819,0.000,0.000,0.887,-10.6994,-7.0942,69
2026-04-24,16:07:10,27571,1,0.0000,0.0017,0.0089,0.2624,1.0769,0,1.0000,0,0,23.3246,-4.8056,119.0153,1.2226,169.6180,0.000,0.000,0.884,-7.9833,-7.7460,69
2026-04-24,16:07:10,27607,1,0.0000,0.0081,0.0080,0.2342,1.0769,0,1.0000,0,0,23.2566,-3.2387,118.8834,-2.3988,169.6502,0.000,0.000,0.881,-6.5897,-8.1372,69
2026-04-24,16:07:10,27643,1,0.0000,0.0044,0.0092,0.2720,1.0769,0,1.0000,0,0,23.2874,2.0204,118.6747,-5.0941,169.6330,0.000,0.000,0.878,-3.1440,-8.8990,69
2026-04-24,16:07:10,27679,1,0.0000,-0.0082,0.0086,0.2535,1.0769,0,1.0000,0,0,23.3262,-0.5764,118.6810,-1.0363,169.6840,0.000,0.000,0.874,-1.0447,-8.5942,69
2026-04-24,16:07:10,27715,1,0.0000,0.0060,0.0089,0.2624,1.0769,0,1.0000,0,0,23.3391,1.2604,118.9269,4.5568,169.6619,0.000,0.000,0.871,0.2147,-8.0572,69
2026-04-24,16:07:10,27750,1,0.0000,-0.0064,0.0089,0.2626,1.0769,0,1.0000,0,0,23.3085,-0.8069,119.1356,5.6792,169.7122,0.000,0.000,0.868,1.5504,-6.7024,69
2026-04-24,16:07:10,27786,1,0.0000,0.0051,0.0089,0.2632,1.0769,0,1.0000,0,0,23.3441,0.9335,118.9438,-2.7995,169.7082,0.000,0.000,0.865,2.3521,-5.7187,69
2026-04-24,16:07:10,27822,1,0.0000,-0.0068,0.0090,0.2633,1.0769,0,1.0000,0,0,23.3498,0.5565,118.6229,-6.9104,169.7040,0.000,0.000,0.862,3.1685,-4.5483,69
2026-04-24,16:07:10,27858,1,0.0000,0.0080,0.0093,0.2722,1.0769,0,1.0000,0,0,23.3527,-0.6658,118.5286,-3.6323,169.7276,0.000,0.000,0.858,4.5474,-2.9471,69
2026-04-24,16:07:10,27894,1,0.0000,0.0148,0.0086,0.2530,1.0769,0,1.0000,0,0,23.3415,0.4866,118.4333,-3.3620,169.7248,0.000,0.000,0.855,5.4424,-1.8909,69
2026-04-24,16:07:10,27930,1,0.0000,-0.0051,0.0086,0.2531,1.0769,0,1.0000,0,0,23.3326,-0.4315,118.5779,2.3962,169.7376,0.000,0.000,0.852,6.8177,-0.6305,69
2026-04-24,16:07:10,27967,1,0.0000,-0.0011,0.0092,0.2717,1.0769,0,1.0000,0,0,23.3470,0.2215,118.6973,3.1801,169.7267,0.000,0.000,0.849,8.0089,0.5134,69
2026-04-24,16:07:10,28002,1,0.0000,0.0089,0.0089,0.2625,1.0769,0,1.0000,0,0,23.3247,-0.3018,118.7566,2.3547,169.7385,0.000,0.000,0.846,9.6770,2.4695,69
2026-04-24,16:07:10,28038,1,0.0000,-0.0002,0.0096,0.2810,1.0769,0,1.0000,0,0,23.3184,-0.2554,118.8657,3.2133,169.7547,0.000,0.000,0.842,10.9626,3.9814,69
2026-04-24,16:07:10,28073,1,0.0000,0.0085,0.0077,0.2256,1.0769,0,1.0000,0,0,23.3263,0.8258,118.9137,1.8556,169.7776,0.000,0.000,0.839,12.8994,5.4785,69
2026-04-24,16:07:10,28109,1,0.0000,-0.0015,0.0099,0.2904,1.0769,0,1.0000,0,0,23.3015,-0.7078,118.9707,1.1539,169.7519,0.000,0.000,0.836,14.3694,5.9409,69
2026-04-24,16:07:10,28145,1,0.0000,0.0091,0.0076,0.2246,1.0769,0,1.0000,0,0,23.3058,0.2607,118.6647,-6.3844,169.7427,0.000,0.000,0.833,14.9264,5.9808,69
2026-04-24,16:07:10,28181,1,0.0000,-0.0001,0.0080,0.2344,1.0769,0,1.0000,0,0,23.3028,-0.1370,118.3639,-8.1735,169.7632,0.000,0.000,0.830,15.4776,5.6426,69
2026-04-24,16:07:10,28217,1,0.0000,0.0013,0.0083,0.2442,1.0769,0,1.0000,0,0,23.3193,0.5827,118.1961,-6.1599,169.7499,0.000,0.000,0.826,15.8168,5.1403,69
2026-04-24,16:07:10,28253,1,0.0000,0.0061,0.0086,0.2531,1.0769,0,1.0000,0,0,23.3166,-0.1507,117.9958,-6.5670,169.7350,0.000,0.000,0.823,16.2418,5.3553,69
2026-04-24,16:07:10,28289,1,0.0000,0.0160,0.0086,0.2528,1.0769,0,1.0000,0,0,23.3143,0.3049,117.7973,-6.2459,169.7437,0.000,0.000,0.820,16.6123,5.4869,69
2026-04-24,16:07:11,28323,1,0.0000,-0.0070,0.0092,0.2721,1.0769,0,1.0000,0,0,23.3099,0.1083,117.7814,-4.9690,169.7441,0.000,0.000,0.818,16.9289,5.5619,69
2026-04-24,16:07:11,28359,1,0.0000,0.0010,0.0086,0.2528,1.0769,0,1.0000,0,0,23.3071,0.4796,117.7165,-2.5948,169.7663,0.000,0.000,0.815,16.9856,5.6290,69
2026-04-24,16:07:11,28395,1,0.0000,-0.0110,0.0086,0.2532,1.0769,0,1.0000,0,0,23.3073,-0.0660,117.9889,4.8358,169.7878,0.000,0.000,0.812,16.8976,5.5403,69
2026-04-24,16:07:11,28431,1,0.0000,-0.0106,0.0083,0.2434,1.0769,0,1.0000,0,0,23.3199,0.8695,118.3838,9.8742,169.7758,0.000,0.000,0.809,16.7212,5.5756,69
2026-04-24,16:07:11,28466,1,0.0000,-0.0125,0.0086,0.2530,1.0769,0,1.0000,0,0,23.3389,0.4512,118.5814,6.9770,169.7744,0.000,0.000,0.806,16.5496,5.6405,69
2026-04-24,16:07:11,28502,1,0.0000,-0.0019,0.0089,0.2627,1.0769,0,1.0000,0,0,23.3537,0.5535,118.7427,5.5098,169.7802,0.000,0.000,0.802,16.2677,5.5920,69
2026-04-24,16:07:11,28538,1,0.0000,0.0137,0.0083,0.2438,1.0769,0,1.0000,0,0,23.3564,0.6788,118.6841,0.9201,169.7947,0.000,0.000,0.799,15.8882,5.5341,69
2026-04-24,16:07:11,28573,1,0.0000,0.0053,0.0093,0.2724,1.0769,0,1.0000,0,0,23.3454,-0.0430,118.6823,0.6291,169.7860,0.000,0.000,0.796,15.5155,5.5864,69
2026-04-24,16:07:11,28609,1,0.0000,0.0065,0.0089,0.2624,1.0769,0,1.0000,0,0,23.3491,0.3144,118.8052,2.5189,169.7541,0.000,0.000,0.793,15.0785,5.6440,69
2026-04-24,16:07:11,28644,1,0.0000,0.0017,0.0096,0.2811,1.0769,0,1.0000,0,0,23.3440,-0.2477,118.8155,0.6794,169.7534,0.000,0.000,0.790,14.7901,5.6819,69
2026-04-24,16:07:11,28680,1,0.0000,-0.0007,0.0077,0.2251,1.0769,0,1.0000,0,0,23.3377,-0.0758,118.8334,0.6540,169.7387,0.000,0.000,0.786,14.5735,5.6452,69
2026-04-24,16:07:11,28716,1,0.0000,0.0074,0.0083,0.2437,1.0769,0,1.0000,0,0,23.3375,0.2013,118.8619,0.7267,169.7475,0.000,0.000,0.783,14.4605,5.6680,69
2026-04-24,16:07:11,28751,1,0.0000,-0.0052,0.0086,0.2529,1.0769,0,1.0000,0,0,23.3375,-0.3368,118.8031,-0.7980,169.7564,0.000,0.000,0.780,14.3179,5.6843,69
2026-04-24,16:07:11,28787,1,0.0000,0.0003,0.0089,0.2629,1.0769,0,1.0000,0,0,23.3147,-0.6923,118.8067,-0.5808,169.7520,0.000,0.000,0.777,14.2737,5.5845,69
2026-04-24,16:07:11,28822,1,0.0000,0.0144,0.0093,0.2723,1.0769,0,1.0000,0,0,23.3242,0.1327,118.7447,-1.2208,169.7551,0.000,0.000,0.774,14.3028,5.5062,69
2026-04-24,16:07:11,28858,1,0.0000,0.0004,0.0086,0.2532,1.0769,0,1.0000,0,0,23.3330,0.7963,118.6691,-2.4034,169.7499,0.000,0.000,0.770,14.3875,5.3986,69
2026-04-24,16:07:11,28894,1,0.0000,-0.0089,0.0083,0.2437,1.0769,0,1.0000,0,0,23.3409,0.2889,118.3806,-6.8395,169.7402,0.000,0.000,0.767,14.4773,5.3585,69
2026-04-24,16:07:11,28930,1,0.0000,0.0050,0.0086,0.2537,1.0769,0,1.0000,0,0,23.3495,0.5899,118.1373,-7.2538,169.7409,0.000,0.000,0.764,14.5898,5.2961,69
2026-04-24,16:07:11,28966,1,0.0000,-0.0065,0.0099,0.2907,1.0769,0,1.0000,0,0,23.3623,0.4641,118.0459,-4.0770,169.7379,0.000,0.000,0.761,14.6615,5.3214,69
2026-04-24,16:07:11,29002,1,0.0000,-0.0037,0.0092,0.2718,1.0769,0,1.0000,0,0,23.3851,0.3070,118.1326,0.1425,169.7638,0.000,0.000,0.758,14.7686,5.3394,69
2026-04-24,16:07:11,29038,1,0.0000,-0.0036,0.0080,0.2340,1.0769,0,1.0000,0,0,23.3944,0.7712,118.1649,1.0696,169.7454,0.000,0.000,0.754,14.8938,5.4190,69
2026-04-24,16:07:11,29074,1,0.0000,-0.0078,0.0090,0.2633,1.0769,0,1.0000,0,0,23.3968,-0.2794,118.1733,-0.5005,169.7466,0.000,0.000,0.751,14.9980,5.4810,69
2026-04-24,16:07:11,29110,1,0.0000,-0.0024,0.0086,0.2528,1.0769,0,1.0000,0,0,23.3724,-0.3466,118.1522,0.1213,169.7599,0.000,0.000,0.748,15.0916,5.5202,69
2026-04-24,16:07:11,29146,1,0.0000,0.0077,0.0099,0.2916,1.0769,0,1.0000,0,0,23.3545,-0.6051,118.2580,2.0262,169.7516,0.000,0.000,0.745,15.1227,5.5152,69
2026-04-24,16:07:11,29182,1,0.0000,-0.0009,0.0090,0.2633,1.0769,0,1.0000,0,0,23.3554,-0.1704,118.4409,4.4549,169.7626,0.000,0.000,0.742,15.1332,5.4916,69
2026-04-24,16:07:11,29218,1,0.0000,-0.0025,0.0083,0.2436,1.0769,0,1.0000,0,0,23.3556,0.1177,118.5775,4.0828,169.7571,0.000,0.000,0.738,15.1395,5.5083,69
2026-04-24,16:07:11,29253,1,0.0000,0.0026,0.0086,0.2530,1.0769,0,1.0000,0,0,23.3556,0.0518,118.6062,3.0437,169.7473,0.000,0.000,0.736,15.1480,5.5331,69
2026-04-24,16:07:11,29290,1,0.0000,-0.0003,0.0092,0.2719,1.0769,0,1.0000,0,0,23.3515,-0.5815,118.5643,-0.3997,169.7554,0.000,0.000,0.733,15.1901,5.5967,69
2026-04-24,16:07:12,29325,1,0.0000,-0.0198,0.0102,0.2995,1.0769,0,1.0000,0,0,23.3509,0.2673,118.3904,-3.9315,169.7209,0.000,0.000,0.730,15.2148,5.6118,69
2026-04-24,16:07:12,29361,1,0.0000,0.0011,0.0096,0.2811,1.0769,0,1.0000,0,0,23.3471,0.0413,118.3266,-2.3238,169.7298,0.000,0.000,0.726,15.2885,5.6453,69
2026-04-24,16:07:12,29397,1,0.0000,0.0112,0.0086,0.2532,1.0769,0,1.0000,0,0,23.3527,0.1916,118.3246,-1.5349,169.7294,0.000,0.000,0.723,15.3496,5.7098,69
2026-04-24,16:07:12,29433,1,0.0000,-0.0067,0.0092,0.2721,1.0769,0,1.0000,0,0,23.3444,-0.3654,118.1403,-4.1645,169.7480,0.000,0.000,0.720,15.3191,5.8531,69
2026-04-24,16:07:12,29469,1,0.0000,0.0055,0.0089,0.2624,1.0769,0,1.0000,0,0,23.3497,0.2437,118.1729,-0.2834,169.7440,0.000,0.000,0.717,15.1614,4.2504,69
2026-04-24,16:07:12,29505,1,0.0000,-0.0001,0.0089,0.2624,1.0769,0,1.0000,0,0,23.3432,-0.1543,118.2736,2.1032,169.7531,0.000,0.000,0.714,15.0238,1.8938,69
2026-04-24,16:07:12,29541,1,0.0000,0.0009,0.0083,0.2439,1.0769,0,1.0000,0,0,23.3334,-0.2088,118.5136,5.6965,169.7392,0.000,0.000,0.710,14.1491,-3.7864,69
2026-04-24,16:07:12,29577,1,0.0000,0.0054,0.0086,0.2530,1.0769,0,1.0000,0,0,23.3402,0.3585,118.6733,5.3667,169.7376,0.000,0.000,0.707,13.8980,-6.2207,69
2026-04-24,16:07:12,29613,1,0.0000,-0.0066,0.0092,0.2718,1.0769,0,1.0000,0,0,23.3337,-0.3382,118.8670,5.6355,169.7264,0.000,0.000,0.704,14.7554,-8.2468,69
2026-04-24,16:07:12,29649,1,0.0000,-0.0040,0.0086,0.2537,1.0769,0,1.0000,0,0,23.3504,0.8659,118.9193,2.1498,169.7424,0.000,0.000,0.701,17.1037,-11.6591,69
2026-04-24,16:07:12,29685,1,0.0000,-0.0040,0.0083,0.2436,1.0769,0,1.0000,0,0,23.3409,0.1216,118.6638,-4.6232,169.7433,0.000,0.000,0.698,18.4467,-13.0968,69
2026-04-24,16:07:12,29721,1,0.0000,-0.0046,0.0083,0.2436,1.0769,0,1.0000,0,0,23.3303,-0.2200,118.6072,-2.3608,169.7396,0.000,0.000,0.694,21.8422,-16.0071,69
2026-04-24,16:07:12,29757,1,0.0000,0.0031,0.0099,0.2915,1.0769,0,1.0000,0,0,23.3351,0.3433,118.5971,-1.8278,169.7433,0.000,0.000,0.691,24.2791,-18.2804,69
2026-04-24,16:07:12,29793,1,0.0000,-0.0075,0.0090,0.2633,1.0769,0,1.0000,0,0,23.3319,0.1423,118.6862,1.6476,169.7429,0.000,0.000,0.688,25.0262,-18.9866,69
2026-04-24,16:07:12,29829,1,0.0000,0.0096,0.0086,0.2531,1.0769,0,1.0000,0,0,23.3522,0.2210,118.8488,4.0224,169.7607,0.000,0.000,0.685,26.2642,-20.8047,69
2026-04-24,16:07:12,29865,1,0.0000,0.0024,0.0096,0.2811,1.0769,0,1.0000,0,0,23.3524,0.1652,119.0410,4.6595,169.7537,0.000,0.000,0.682,26.6143,-21.3669,69
2026-04-24,16:07:12,29901,1,0.0000,-0.0020,0.0076,0.2249,1.0769,0,1.0000,0,0,23.3435,-0.6554,118.9283,-0.6684,169.7525,0.000,0.000,0.678,27.4962,-23.4311,69
2026-04-24,16:07:12,29937,1,0.0000,-0.0017,0.0089,0.2629,1.0769,0,1.0000,0,0,23.3361,0.1135,118.9075,-0.5362,169.7245,0.000,0.000,0.675,28.2814,-25.8632,69
2026-04-24,16:07:12,29973,1,0.0000,-0.0086,0.0086,0.2531,1.0769,0,1.0000,0,0,23.3399,0.2929,118.8389,-1.4591,169.7405,0.000,0.000,0.672,30.1525,-29.0601,69
2026-04-24,16:07:12,30009,1,0.0000,0.0039,0.0089,0.2625,1.0769,0,1.0000,0,0,23.3622,0.8980,118.7881,-1.7393,169.7370,0.000,0.000,0.669,33.3085,-33.1029,69
2026-04-24,16:07:12,30045,1,0.0000,-0.0004,0.0089,0.2625,1.0769,0,1.0000,0,0,23.3958,1.3786,118.6793,-2.4974,169.7315,0.000,0.000,0.666,35.1645,-35.1099,69
2026-04-24,16:07:12,30081,1,0.0000,-0.0043,0.0089,0.2625,1.0769,0,1.0000,0,0,23.4579,1.8527,118.6595,-1.4979,169.7274,0.000,0.000,0.662,39.0717,-38.6291,69
2026-04-24,16:07:12,30117,1,0.0000,-0.0031,0.0089,0.2625,1.0769,0,1.0000,0,0,23.4840,0.1177,118.5542,-2.7095,169.7405,0.000,0.000,0.659,43.2227,-41.2653,69
2026-04-24,16:07:12,30153,1,0.0000,0.0002,0.0092,0.2717,1.0769,0,1.0000,0,0,23.4271,-1.8855,118.5218,-1.4516,169.7503,0.000,0.000,0.656,46.8552,-43.0291,69
2026-04-24,16:07:12,30190,1,0.0000,0.0034,0.0080,0.2340,1.0769,0,1.0000,0,0,23.3772,-1.6498,118.5549,-0.6771,169.7625,0.000,0.000,0.654,48.1888,-43.2760,69
2026-04-24,16:07:12,30225,1,0.0000,-0.0013,0.0102,0.3002,1.0769,0,1.0000,0,0,23.3933,0.6625,118.5217,-0.9141,169.7787,0.000,0.000,0.650,51.0505,-44.2251,69
2026-04-24,16:07:12,30261,1,0.0000,0.0078,0.0086,0.2540,1.0769,0,1.0000,0,0,23.4345,-0.5124,118.5464,0.4177,169.8287,0.000,0.000,0.647,53.2376,-44.1575,69
2026-04-24,16:07:12,30297,1,0.0000,0.0044,0.0089,0.2625,1.0769,0,1.0000,0,0,23.2854,-3.8974,118.7316,3.7833,169.7949,0.000,0.000,0.644,55.3082,-44.0981,69
2026-04-24,16:07:13,30333,1,0.0000,-0.0017,0.0086,0.2531,1.0769,0,1.0000,0,0,23.1072,-3.5654,118.7530,1.3744,169.7659,0.000,0.000,0.641,57.7740,-45.0512,69
2026-04-24,16:07:13,30369,1,0.0000,-0.0008,0.0086,0.2530,1.0769,0,1.0000,0,0,23.1101,0.7602,118.7512,0.9020,169.7447,0.000,0.000,0.638,60.3145,-46.0466,69
2026-04-24,16:07:13,30405,1,0.0000,-0.0019,0.0089,0.2624,1.0769,0,1.0000,0,0,23.3209,7.6529,118.6323,-3.1198,169.6944,0.000,0.000,0.634,61.9003,-46.8326,69
2026-04-24,16:07:13,30441,1,0.0000,0.0107,0.0080,0.2343,1.0769,0,1.0000,0,0,23.6630,9.0707,118.1052,-12.5293,169.6157,0.000,0.000,0.631,66.1039,-50.4814,69
2026-04-24,16:07:13,30477,1,0.0000,0.0077,0.0083,0.2440,1.0769,0,1.0000,0,0,23.9329,5.0867,117.7864,-10.1852,169.7318,0.000,0.000,0.628,69.7503,-54.4615,69
2026-04-24,16:07:13,30513,1,0.0000,-0.0013,0.0083,0.2435,1.0769,0,1.0000,0,0,23.8126,-4.3694,117.7126,-4.8734,169.6951,0.000,0.000,0.625,77.6568,-65.6309,69
2026-04-24,16:07:13,30549,1,0.0000,0.0100,0.0086,0.2532,1.0769,0,1.0000,0,0,23.6830,-2.8502,118.0973,6.8427,169.6249,0.000,0.000,0.622,83.4164,-76.1179,69
2026-04-24,16:07:13,30585,1,0.0000,-0.0025,0.0086,0.2531,1.0769,0,1.0000,0,0,23.5131,-7.0889,118.6787,14.1484,169.7932,0.000,0.000,0.618,88.8228,-87.3766,69
2026-04-24,16:07:13,30621,1,0.0000,0.0048,0.0092,0.2717,1.0769,0,1.0000,0,0,23.0568,-15.2257,118.9621,9.6603,169.7271,0.000,0.000,0.615,96.5111,-104.9556,69
2026-04-24,16:07:13,30657,1,0.0000,-0.0001,0.0086,0.2531,1.0769,0,1.0000,0,0,22.6570,-7.5822,118.9817,3.9241,169.6857,0.000,0.000,0.612,102.0175,-117.9524,69
2026-04-24,16:07:13,30693,1,0.0000,0.0027,0.0096,0.2810,1.0769,0,1.0000,0,0,22.7709,5.2854,118.8368,-1.4983,169.3815,0.000,0.000,0.609,104.3670,-123.9626,69
2026-04-24,16:07:13,30730,1,0.0000,0.0230,0.0092,0.2705,1.0771,0,1.0000,0,0,23.5091,18.2471,118.5853,-3.8648,169.2039,0.000,0.000,0.606,106.3998,-129.5880,69
2026-04-24,16:07:13,30766,1,0.0000,-0.6071,0.0710,2.0884,1.0785,0,1.0000,0,0,26.0855,79.8410,117.0760,-36.9519,164.0241,0.000,0.000,0.602,108.9039,-136.2681,69
2026-04-24,16:07:13,30801,1,0.0000,-0.8400,0.2212,6.5066,1.0859,0,1.0000,0,0,27.7185,22.3975,112.0464,-88.7160,135.7772,0.000,0.000,0.634,109.3216,-137.7791,69
2026-04-24,16:07:13,30837,1,0.0000,0.0744,0.1987,5.8431,1.0873,0,1.0000,0,0,21.6627,-139.9686,116.2287,55.2339,91.8541,0.032,0.000,0.666,107.7798,-135.7779,69
2026-04-24,16:07:13,30873,1,0.0000,0.3906,0.1369,4.0275,1.0847,0,1.0000,0,0,21.4022,-12.9176,118.7167,48.6636,96.9662,0.096,0.000,0.698,107.1727,-132.1789,69
2026-04-24,16:07:13,30909,1,0.0000,0.1106,0.1069,3.1448,1.0824,0,1.0000,0,0,23.7435,90.1859,115.7606,-38.1815,105.0953,0.136,0.000,0.730,104.7090,-123.4480,69
2026-04-24,16:07:13,30946,1,0.0000,0.1060,0.1029,3.0251,1.0823,0,1.0000,0,0,22.0860,-103.6907,114.1276,-31.7485,68.4347,0.128,0.000,0.762,104.4214,-120.2648,69
2026-04-24,16:07:13,30981,1,0.0000,0.2709,0.0566,1.6657,1.0803,0,1.0000,0,0,19.7506,-37.5846,116.3508,35.6127,59.3771,0.192,0.000,0.794,104.6829,-118.7387,69
2026-04-24,16:07:13,31017,1,0.0000,0.1872,0.0164,0.4831,1.0777,0,1.0000,0,0,17.3693,-65.4946,117.3945,28.3760,76.1025,0.184,0.000,0.826,105.8266,-119.1648,69
2026-04-24,16:07:13,31053,1,0.0000,0.0094,0.0203,0.5962,1.0775,0,1.0000,0,0,16.6667,-11.8594,117.4160,7.2016,90.2829,0.152,0.000,0.858,107.0394,-120.3973,69
2026-04-24,16:07:13,31089,1,0.0000,-0.0047,0.0195,0.5732,1.0775,0,1.0000,0,0,16.3869,5.8751,116.5204,-16.7797,101.9089,0.120,0.000,0.890,112.2092,-128.5087,69
2026-04-24,16:07:13,31128,1,0.0000,-0.0304,0.0234,0.6870,1.0776,0,1.0000,0,0,17.2024,17.0554,116.1502,-14.6878,105.9855,0.096,0.000,0.914,112.7506,-125.3511,69
2026-04-24,16:07:13,31163,1,0.0000,0.0153,0.0212,0.6231,1.0776,0,1.0000,0,0,20.5096,96.8996,114.8865,-31.0872,115.0361,0.064,0.000,0.946,109.9794,-118.5511,69
2026-04-24,16:07:13,31199,1,0.0000,-0.0867,0.0362,1.0633,1.0781,0,1.0000,0,0,25.4083,123.1768,114.0253,-28.7099,123.2004,0.032,0.000,0.978,104.1276,-107.4280,69
2026-04-24,16:07:13,31234,1,0.0000,0.0697,0.0342,1.0063,1.0785,0,1.0000,0,0,29.0484,92.4180,114.4010,-1.6937,130.0974,0.000,0.000,1.000,101.7760,-103.3492,69
2026-04-24,16:07:13,31270,1,0.0000,-0.0066,0.0346,1.0168,1.0783,0,1.0000,0,0,30.4613,-0.0657,115.7151,27.4175,136.1435,0.000,0.000,1.000,107.9099,-110.3166,69
2026-04-24,16:07:14,31306,1,0.0000,0.0178,0.0302,0.8893,1.0781,0,1.0000,0,0,27.3926,-88.9680,117.9457,55.9671,141.1834,0.000,0.000,1.000,107.9450,-109.8900,69
2026-04-24,16:07:14,31342,1,0.0000,-0.0108,0.0312,0.9179,1.0781,0,1.0000,0,0,22.1136,-171.6607,120.3651,71.2201,145.6201,0.064,0.000,1.000,112.9439,-114.9226,69
2026-04-24,16:07:14,31378,1,0.0000,0.0095,0.0313,0.9205,1.0781,0,1.0000,0,0,16.8035,-137.1078,122.3250,65.7038,149.2560,0.128,0.000,1.000,114.1764,-114.1749,69
2026-04-24,16:07:14,31414,1,0.0000,-0.0064,0.0334,0.9833,1.0782,0,1.0000,0,0,13.5232,-78.1595,123.3344,42.8611,152.3699,0.192,0.000,1.000,117.5584,-116.4624,69
2026-04-24,16:07:14,31450,1,0.0000,0.0064,0.0332,0.9758,1.0782,0,1.0000,0,0,15.4735,57.0179,123.8056,22.7665,155.0346,0.256,0.000,1.000,119.4639,-116.3874,69
2026-04-24,16:07:14,31486,1,0.0000,0.0340,0.0259,0.7618,1.0779,0,1.0000,0,0,17.7938,64.0766,123.7143,5.4350,157.2596,0.272,0.000,1.000,121.4212,-117.6104,69
2026-04-24,16:07:14,31522,1,0.0000,-0.0143,0.0277,0.8144,1.0779,0,1.0000,0,0,18.7230,12.8772,123.6531,0.2983,159.2103,0.240,0.000,1.000,122.4506,-118.0616,69
2026-04-24,16:07:14,31558,1,0.0000,0.0172,0.0271,0.7984,1.0779,0,1.0000,0,0,18.3023,-11.4338,123.8894,5.1886,160.8339,0.208,0.000,1.000,121.5324,-116.5520,69
2026-04-24,16:07:14,31593,1,0.0000,-0.0083,0.0268,0.7880,1.0779,0,1.0000,0,0,17.3804,-25.6331,124.0504,5.5093,162.2420,0.176,0.000,1.000,120.3134,-114.9508,69
2026-04-24,16:07:14,31629,1,0.0000,0.0007,0.0283,0.8326,1.0779,0,1.0000,0,0,16.3199,-29.7387,124.4151,8.9378,163.4947,0.216,0.000,1.000,120.7592,-114.7089,69
2026-04-24,16:07:14,31665,1,0.0000,0.0045,0.0256,0.7524,1.0779,0,1.0000,0,0,16.3817,-0.9121,124.5680,6.2617,164.4190,0.208,0.000,1.000,121.8621,-115.3562,69
2026-04-24,16:07:14,31701,1,0.0000,0.0067,0.0285,0.8397,1.0779,0,1.0000,0,0,16.4019,7.4600,124.7287,5.4420,165.3281,0.272,0.000,1.000,124.6320,-117.7257,69
2026-04-24,16:07:14,31737,1,0.0000,0.0043,0.0257,0.7548,1.0779,0,1.0000,0,0,16.6256,-0.0422,124.8576,4.0045,165.9961,0.240,0.000,1.000,126.5180,-119.6743,69
2026-04-24,16:07:14,31773,1,0.0000,-0.0015,0.0265,0.7799,1.0779,0,1.0000,0,0,16.5469,-0.5862,124.9767,4.1639,166.6201,0.208,0.000,1.000,126.8171,-120.6500,69
2026-04-24,16:07:14,31809,1,0.0000,0.0024,0.0278,0.8166,1.0779,0,1.0000,0,0,16.1610,-6.4806,125.0080,2.4235,167.1346,0.176,0.000,1.000,126.4828,-121.1924,69
2026-04-24,16:07:14,31845,1,0.0000,0.0037,0.0263,0.7732,1.0779,0,1.0000,0,0,16.2517,0.1730,125.0776,1.5639,167.6028,0.144,0.000,1.000,125.1025,-120.5393,69
2026-04-24,16:07:14,31881,1,0.0000,-0.0026,0.0273,0.8018,1.0779,0,1.0000,0,0,16.5271,10.6968,125.0212,-0.6553,167.9972,0.112,0.000,1.000,124.0343,-121.1046,69
2026-04-24,16:07:14,31917,1,0.0000,-0.0322,0.0293,0.8611,1.0780,0,1.0000,0,0,16.9302,13.0762,125.0124,-0.6347,168.4698,0.080,0.000,1.000,122.8020,-121.4178,69
2026-04-24,16:07:14,31953,1,0.0000,-0.0131,0.0332,0.9777,1.0781,0,1.0000,0,0,17.3708,11.0076,125.3303,5.5541,168.9456,0.048,0.000,1.000,121.9598,-121.4674,69
2026-04-24,16:07:14,31988,1,0.0000,-0.0119,0.0343,1.0074,1.0783,0,1.0000,0,0,17.6846,6.3828,125.5965,5.4954,169.3654,0.016,0.000,1.000,122.1513,-122.7603,69
2026-04-24,16:07:14,32024,1,0.0000,-0.0332,0.0378,1.1126,1.0784,0,1.0000,0,0,17.4279,-1.3994,126.2651,9.5354,169.7034,0.000,0.000,1.000,122.9628,-124.5139,69
2026-04-24,16:07:14,32059,1,0.0000,-0.0087,0.0406,1.1948,1.0786,0,1.0000,0,0,16.6201,-24.4287,126.5427,6.7314,170.1386,0.016,0.000,1.000,124.0118,-127.0140,69
2026-04-24,16:07:14,32095,1,0.0000,-0.0133,0.0416,1.2230,1.0787,0,1.0000,0,0,15.8863,-17.1548,126.5052,-2.5325,169.9122,0.080,0.000,1.000,123.8403,-129.3972,69
2026-04-24,16:07:14,32130,1,0.0000,-0.0159,0.0440,1.2927,1.0788,0,1.0000,0,0,15.3792,-11.1785,125.6238,-20.4722,169.4417,0.144,0.000,1.000,122.1298,-130.7319,69
2026-04-24,16:07:14,32166,1,0.0000,-0.0110,0.0426,1.2522,1.0788,0,1.0000,0,0,15.7403,11.6870,124.4269,-31.2184,169.5414,0.184,0.000,1.000,120.3582,-130.6617,69
2026-04-24,16:07:14,32201,1,0.0000,-0.0163,0.0453,1.3338,1.0788,0,1.0000,0,0,16.2460,13.7608,123.3744,-32.4259,169.6198,0.152,0.000,1.000,117.8356,-129.9006,69
2026-04-24,16:07:14,32237,1,0.0000,-0.0045,0.0468,1.3766,1.0789,0,1.0000,0,0,16.3673,5.9556,122.3852,-31.7985,169.6367,0.120,0.000,1.000,115.2948,-127.7001,69
2026-04-24,16:07:14,32273,1,-0.2400,-0.0350,0.0443,1.3039,1.0790,0,1.0000,-30,1,16.3374,-1.7127,121.4697,-29.9546,169.7612,0.088,0.000,1.000,114.3276,-127.2353,69
2026-04-24,16:07:15,32309,1,-0.2400,-0.2342,0.0404,1.1871,1.0802,0,1.0000,-30,1,16.3711,5.8774,120.4570,-32.0014,169.7672,0.056,0.000,1.000,113.4951,-127.2430,69
2026-04-24,16:07:15,32345,1,-0.2400,-0.2798,0.0434,1.2750,1.0822,0,1.0000,-30,1,16.4173,-3.9604,119.6243,-27.1592,169.8947,0.024,0.000,1.000,113.3792,-127.9033,69
2026-04-24,16:07:15,32381,1,-7.9840,-0.6439,0.0190,0.5597,1.0854,0,1.0000,-998,1,16.2639,-0.4321,119.8411,-4.5994,170.1294,0.000,0.000,1.000,113.2465,-128.5382,69
2026-04-24,16:07:15,32417,1,-7.9840,-0.4087,0.0514,1.5106,1.0881,0,1.0000,-998,1,16.5930,-9.7808,120.1264,1.5595,170.2737,0.000,0.000,1.000,112.6784,-128.4726,69
2026-04-24,16:07:15,32453,1,-7.9840,-0.5321,0.0510,1.5008,1.0920,0,1.0000,-998,1,16.8705,23.8257,120.0482,-2.1097,169.8961,0.000,0.000,1.000,112.0005,-127.6079,69
2026-04-24,16:07:15,32490,1,-7.9840,-0.7330,0.0367,1.0792,1.0971,0,1.0000,-998,1,16.4779,-11.1104,119.5481,-9.1066,169.9917,0.000,0.000,1.000,111.1115,-126.5700,69
2026-04-24,16:07:15,32526,1,-7.9840,-0.3014,0.0516,1.5174,1.1017,0,1.0000,-998,1,17.4650,28.9132,119.5258,-4.2832,170.0976,0.000,0.000,1.000,110.8114,-126.5978,69
2026-04-24,16:07:15,32562,1,-7.9840,-0.3834,0.0558,1.6422,1.1046,0,1.0000,-998,1,16.5716,-9.7978,119.6390,1.2121,170.1333,0.000,0.000,1.000,110.3812,-126.8416,69
2026-04-24,16:07:15,32598,1,-7.9840,-0.5437,0.0405,1.1910,1.1083,0,1.0000,-998,1,17.1563,7.9096,119.6922,-0.0259,170.1207,0.000,0.000,1.000,109.4334,-126.5381,69
2026-04-24,16:07:15,32634,1,-7.9840,-0.7034,0.0447,1.3148,1.1133,0,1.0000,-998,1,17.2649,9.6233,119.4014,-5.9005,169.8054,0.000,0.000,1.000,108.8332,-125.8220,69
2026-04-24,16:07:15,32671,1,-7.9840,-0.7430,0.0380,1.1176,1.1179,0,1.0000,-998,1,17.2677,-13.4694,118.8818,-14.0233,170.1703,0.000,0.000,1.000,108.1615,-124.1585,69
2026-04-24,16:07:15,32706,1,-7.9840,-0.8940,0.0282,0.8296,1.1242,0,1.0000,-998,1,18.1437,31.6808,118.4208,-17.3750,170.0020,0.000,0.000,1.000,107.9920,-123.6121,69
2026-04-24,16:07:15,32742,1,-7.9840,-0.6400,0.0336,0.9894,1.1298,0,1.0000,-998,1,17.9426,-11.7364,117.0015,-35.9472,170.1415,0.000,0.000,1.000,107.7617,-123.2882,69
2026-04-24,16:07:15,32778,1,-7.9840,-0.9563,0.0405,1.1913,1.1365,0,1.0000,-998,1,17.8123,11.6240,116.0215,-32.4360,170.1411,0.000,0.000,1.000,107.0189,-122.6002,69
2026-04-24,16:07:15,32814,1,-7.9840,-0.9616,0.0384,1.1281,1.1442,0,1.0000,-998,1,18.2321,7.3304,114.9680,-32.2786,169.9208,0.000,0.000,1.000,106.1200,-121.5750,69
2026-04-24,16:07:15,32850,1,-7.9840,-0.7361,0.0636,1.8706,1.1511,0,1.0000,-998,1,18.4487,13.1154,114.3076,-25.3139,170.0576,0.000,0.000,1.000,104.7958,-119.5470,69
2026-04-24,16:07:15,32887,1,-7.9840,-0.7584,0.0586,1.7233,1.1568,0,1.0000,-998,1,18.3585,-1.7341,113.6558,-22.9624,170.0285,0.000,0.000,1.000,103.5729,-117.9426,69
,,32926,1,-7.9840,-0.8015,0.0311,0.9159,1.1616,0,1.0000,-998,1,18.4350,0.4567,113.3524,-18.4723,170.0178,0.000,0.000,1.000,102.6426,-116.5047,69
2026-04-24,16:07:15,32957,1,-7.9840,-0.5691,0.0592,1.7426,1.1685,0,1.0000,-998,1,18.7719,22.2092,112.5043,-24.4450,170.0029,0.000,0.000,1.000,102.1270,-115.7691,69
2026-04-24,16:07:15,32993,1,-7.9840,-0.6403,0.0599,1.7617,1.1737,0,1.0000,-998,1,18.2760,-3.8251,112.0572,-17.3331,170.0576,0.000,0.000,1.000,101.7764,-115.1809,69
2026-04-24,16:07:15,33029,1,-7.9840,-0.7917,0.0301,0.8839,1.1789,0,1.0000,-998,1,18.6559,-4.5976,111.6954,-14.8330,169.8723,0.000,0.000,1.000,101.2210,-114.1982,69
2026-04-24,16:07:15,33065,1,-7.9840,-0.8286,0.0370,1.0888,1.1845,0,1.0000,-998,1,19.1231,9.4004,111.2854,-12.4717,169.8757,0.000,0.000,1.000,100.7814,-113.2924,69
2026-04-24,16:07:15,33102,1,-7.9840,-0.8697,0.0326,0.9577,1.1911,0,1.0000,-998,1,19.1594,10.4546,110.7006,-15.9658,169.9938,0.000,0.000,1.000,100.4164,-112.9566,69
2026-04-24,16:07:15,33138,1,-7.9840,-0.7239,0.0515,1.5142,1.1972,0,1.0000,-998,1,19.2667,-0.1797,110.3306,-14.0044,169.9544,0.000,0.000,1.000,99.6488,-112.1783,69
2026-04-24,16:07:15,33175,1,-7.9840,-0.9023,0.0471,1.3867,1.2031,0,1.0000,-998,1,19.3471,3.0232,110.0567,-10.4937,169.8206,0.000,0.000,1.000,98.5263,-110.4943,69
2026-04-24,16:07:15,33211,1,-7.9840,-0.4277,0.0497,1.4622,1.2085,0,1.0000,-998,1,20.0760,19.3119,109.6594,-12.7936,170.0599,0.000,0.000,1.000,96.8429,-107.4914,69
2026-04-24,16:07:15,33247,1,-7.9840,-0.4916,0.0413,1.2152,1.2122,0,1.0000,-998,1,19.5589,-2.6004,109.3937,-8.9330,169.8808,0.000,0.000,1.000,95.6090,-104.9907,69
2026-04-24,16:07:15,33284,1,-7.9840,-0.6174,0.0251,0.7374,1.2171,0,1.0000,-998,1,20.3441,16.1255,108.8784,-13.9637,169.8966,0.000,0.000,1.000,94.4962,-102.5957,69
2026-04-24,16:07:16,33319,1,-7.9840,-0.2549,0.0443,1.3036,1.2211,0,1.0000,-998,1,20.7166,19.7318,108.6655,-9.9264,170.0109,0.000,0.000,1.000,94.1144,-101.8317,69
2026-04-24,16:07:16,33355,1,-7.9840,-0.4869,0.0388,1.1423,1.2240,0,1.0000,-998,1,20.0058,-11.5666,108.7454,-0.2956,169.9505,0.000,0.000,1.000,93.9834,-101.6766,69
2026-04-24,16:07:16,33391,1,-7.9840,-0.7524,0.0316,0.9298,1.2287,0,1.0000,-998,1,21.0712,17.9879,109.1072,5.4829,169.8528,0.000,0.000,1.000,93.7418,-101.0602,69
2026-04-24,16:07:16,33427,1,-7.9840,-0.7997,0.0516,1.5182,1.2341,0,1.0000,-998,1,20.7707,3.5312,109.5024,10.3073,169.8603,0.000,0.000,1.000,93.5381,-100.7022,69
2026-04-24,16:07:16,33462,1,-7.9840,-0.7987,0.0322,0.9482,1.2397,0,1.0000,-998,1,20.9580,-2.4727,109.8699,9.1758,169.9977,0.000,0.000,1.000,93.5414,-101.1619,69
2026-04-24,16:07:16,33498,1,-7.9840,-0.9048,0.0412,1.2111,1.2462,0,1.0000,-998,1,21.1798,7.9849,109.9759,4.9424,169.7617,0.000,0.000,1.000,93.5217,-101.7759,69
2026-04-24,16:07:16,33534,1,-7.9840,-0.8663,0.0225,0.6623,1.2535,0,1.0000,-998,1,21.4916,15.7943,109.6901,-3.5000,169.9019,0.000,0.000,1.000,93.5796,-102.4088,69
2026-04-24,16:07:16,33570,1,-7.9840,-0.5911,0.0654,1.9233,1.2589,0,1.0000,-998,1,21.4845,-6.8647,110.0998,5.9807,170.1315,0.000,0.000,1.000,93.8427,-103.8588,69
2026-04-24,16:07:16,33606,1,-7.9840,-0.7149,0.0667,1.9623,1.2641,0,1.0000,-998,1,21.7499,22.9409,110.6167,12.0952,169.8125,0.000,0.000,1.000,93.5095,-102.7135,69
2026-04-24,16:07:16,33642,1,-7.9840,-0.8882,0.0450,1.3250,1.2699,0,1.0000,-998,1,21.8130,-5.6104,110.9509,11.7544,169.9707,0.000,0.000,1.000,92.9190,-100.1465,69
2026-04-24,16:07:16,33678,1,-7.9840,-1.1161,0.0478,1.4064,1.2781,0,1.0000,-998,1,22.4085,19.9937,111.5403,15.3426,169.8449,0.000,0.000,1.000,92.9903,-100.0919,69
2026-04-24,16:07:16,33714,1,-7.9840,-1.2498,0.0568,1.6702,1.2872,0,1.0000,-998,1,22.4064,-1.8988,111.7277,8.9550,169.9559,0.000,0.000,1.000,94.1847,-104.0860,69
2026-04-24,16:07:16,33750,1,-7.9840,-1.0881,0.0794,2.3346,1.2955,0,1.0000,-998,1,22.3027,-6.0664,111.6492,0.6951,170.0822,0.000,0.000,1.000,94.5314,-105.5378,69
2026-04-24,16:07:16,33786,1,-7.9840,-1.1476,0.0529,1.5562,1.3035,0,1.0000,-998,1,22.1355,-6.5396,112.0728,8.7475,169.7426,0.000,0.000,1.000,93.6634,-102.7126,69
2026-04-24,16:07:16,33825,1,-7.9840,-1.2194,0.0273,0.8037,1.3131,0,1.0000,-998,1,22.3856,1.2040,112.0356,5.7330,169.7064,0.000,0.000,1.000,91.8862,-96.4766,69
2026-04-24,16:07:16,33861,1,-7.9840,-0.8861,0.0743,2.1840,1.3204,0,1.0000,-998,1,22.1190,-24.8491,111.8093,-3.8252,170.0414,0.000,0.000,1.000,91.1949,-94.0885,69
2026-04-24,16:07:16,33897,1,-7.9840,-0.9555,0.0816,2.4004,1.3278,0,1.0000,-998,1,22.3264,18.3572,111.2852,-13.8190,169.7720,0.016,0.000,1.000,90.7659,-92.6113,69
2026-04-24,16:07:16,33933,1,-7.9840,-1.0688,0.0571,1.6786,1.3351,0,1.0000,-998,1,21.7561,-19.4114,109.9387,-33.2851,169.7567,0.000,0.000,1.000,90.0195,-90.0654,69
2026-04-24,16:07:16,33969,1,-7.9840,-1.1924,0.0332,0.9778,1.3445,0,1.0000,-998,1,22.8169,29.6512,108.5951,-39.6374,169.6701,0.000,0.000,1.000,89.3184,-87.7684,69
2026-04-24,16:07:16,34005,1,-7.9840,-1.1446,0.0816,2.4008,1.3538,0,1.0000,-998,1,22.4620,-4.9851,106.9066,-46.2881,169.9166,0.000,0.000,1.000,89.3849,-88.0010,69
2026-04-24,16:07:16,34041,1,-7.9840,-0.9490,0.0579,1.7034,1.3618,0,1.0000,-998,1,22.3495,1.4953,105.3120,-51.0706,169.7934,0.000,0.000,1.000,90.2117,-90.6859,69
2026-04-24,16:07:16,34077,1,-7.9840,-1.3795,0.0593,1.7448,1.3717,0,1.0000,-998,1,22.8230,20.7665,103.5076,-53.2081,169.6191,0.000,0.000,1.000,90.7091,-92.2373,69
2026-04-24,16:07:16,34113,1,-7.9840,-1.5153,0.0619,1.8219,1.3829,0,1.0000,-998,1,23.1703,3.9039,101.9701,-48.4367,169.8962,0.000,0.000,1.000,91.0369,-93.1898,69
2026-04-24,16:07:16,34149,1,-7.9840,-1.5653,0.0499,1.4665,1.3944,0,1.0000,-998,1,23.5399,11.8534,101.0853,-36.2675,169.8245,0.000,0.000,1.000,92.0201,-96.0670,69
2026-04-24,16:07:16,34185,1,-7.9840,-1.4774,0.0464,1.3653,1.4064,0,1.0000,-998,1,23.6255,12.2336,99.7802,-39.7003,169.7905,0.000,0.000,1.000,92.8899,-98.6233,69
2026-04-24,16:07:16,34221,1,-7.9840,-1.2818,0.0690,2.0299,1.4176,0,1.0000,-998,1,23.9236,11.5913,98.9916,-29.8338,169.9534,0.000,0.000,1.000,94.0420,-102.0976,69
2026-04-24,16:07:16,34257,1,-7.9840,-1.4814,0.0551,1.6219,1.4273,0,1.0000,-998,1,23.8914,3.5632,98.9295,-11.1479,170.0010,0.000,0.000,1.000,95.0492,-105.0917,69
2026-04-24,16:07:16,34293,1,-7.9840,-1.3377,0.0363,1.0683,1.4379,0,1.0000,-998,1,24.5327,11.9946,98.9472,-5.7035,170.1531,0.000,0.000,1.000,95.6579,-106.7373,69
2026-04-24,16:07:17,34329,1,-7.9840,-1.1510,0.0711,2.0900,1.4474,0,1.0000,-998,1,25.0182,27.6441,99.1476,2.4348,170.0410,0.000,0.000,1.000,96.7530,-109.7298,69
2026-04-24,16:07:17,34365,1,-7.9840,-1.3135,0.0618,1.8165,1.4565,0,1.0000,-998,1,24.5461,-18.2507,99.3289,2.5443,170.2430,0.000,0.000,1.000,97.5006,-111.8898,69
2026-04-24,16:07:17,34401,1,-7.9840,-1.3125,0.0409,1.2040,1.4674,0,1.0000,-998,1,25.3649,25.4369,99.4462,0.5961,170.0515,0.000,0.000,1.000,98.3815,-114.1800,69
2026-04-24,16:07:17,34437,1,-7.9840,-1.1116,0.0876,2.5776,1.4773,0,1.0000,-998,1,25.4588,10.0655,99.0144,-6.6032,170.0885,0.000,0.000,1.000,99.8090,-117.5638,69
2026-04-24,16:07:17,34474,1,-7.9840,-1.1014,0.0763,2.2448,1.4857,0,1.0000,-998,1,25.3604,-9.1934,100.1435,20.2926,170.3246,0.000,0.000,1.000,101.2012,-120.5787,69
2026-04-24,16:07:17,34509,1,-7.9840,-1.3437,0.0740,2.1778,1.4957,0,1.0000,-998,1,25.9997,20.2327,101.7277,39.5307,169.9541,0.000,0.000,1.000,103.4563,-124.1205,69
2026-04-24,16:07:17,34545,1,-7.9840,-1.6235,0.0576,1.6931,1.5068,0,1.0000,-998,1,25.3838,-14.7285,102.9081,35.7481,170.0899,0.000,0.000,1.000,105.2648,-126.4340,69
2026-04-24,16:07:17,34581,1,-7.9840,-1.7520,0.0620,1.8237,1.5198,0,1.0000,-998,1,25.8631,1.3716,103.9589,32.4669,170.2222,0.000,0.000,1.000,108.1041,-130.2321,69
2026-04-24,16:07:17,34616,1,-7.9840,-1.3858,0.0688,2.0222,1.5305,0,1.0000,-998,1,25.4170,-21.0817,104.7120,27.0425,170.4599,0.000,0.000,1.000,109.8734,-133.4757,69
2026-04-24,16:07:17,34652,1,-7.9840,-1.5268,0.0663,1.9496,1.5425,0,1.0000,-998,1,24.9877,1.9780,105.9626,31.5347,170.4610,0.064,0.000,1.000,110.9079,-136.5740,69
2026-04-24,16:07:17,34688,1,-7.9840,-1.6028,0.0565,1.6609,1.5546,0,1.0000,-998,1,24.5846,-13.6425,105.9533,7.1953,170.2720,0.128,0.000,1.000,110.9576,-136.8675,69
2026-04-24,16:07:17,34726,1,-7.9840,-1.4136,0.0736,2.1636,1.5658,0,1.0000,-998,1,24.8374,-1.6106,105.8955,4.2489,170.2748,0.176,0.000,1.000,110.8526,-136.0178,69
2026-04-24,16:07:17,34762,1,-7.9840,-0.9781,0.0783,2.3038,1.5751,0,1.0000,-998,1,24.4544,-16.3105,105.1677,-12.0672,170.0991,0.240,0.000,1.000,110.1631,-134.1689,69
2026-04-24,16:07:17,34799,1,-7.9840,-1.2521,0.0771,2.2673,1.5845,0,1.0000,-998,1,24.3587,3.2207,104.7844,-12.8559,169.8333,0.304,0.000,1.000,108.6352,-131.0706,69
2026-04-24,16:07:17,34835,1,-7.9840,-1.4292,0.0439,1.2917,1.5943,0,1.0000,-998,1,23.9130,-26.6148,103.7715,-25.5045,169.9075,0.320,0.000,1.000,107.4823,-128.7841,69
2026-04-24,16:07:17,34871,1,-7.9840,-1.2135,0.0532,1.5642,1.6041,0,1.0000,-998,1,24.2208,-0.1631,103.5717,-11.4587,169.8748,0.336,0.000,1.000,106.8435,-127.5209,69
2026-04-24,16:07:17,34907,1,-7.9840,-1.3596,0.0637,1.8744,1.6144,0,1.0000,-998,1,23.7567,0.1945,103.9167,2.8362,169.7866,0.376,0.000,1.000,107.3044,-128.3872,69
2026-04-24,16:07:17,34944,1,-7.9840,-1.5760,0.0542,1.5940,1.6255,0,1.0000,-998,1,23.2440,-25.9054,103.6731,-7.2531,169.9096,0.416,0.000,1.000,108.1846,-129.5226,69
2026-04-24,16:07:17,34980,1,-7.9840,-1.3498,0.0505,1.4862,1.6363,0,1.0000,-998,1,23.7131,13.4582,103.0756,-15.3632,169.6908,0.432,0.000,1.000,108.8948,-130.0502,69
2026-04-24,16:07:17,35016,1,-7.9840,-1.6020,0.0483,1.4214,1.6482,0,1.0000,-998,1,23.0181,-0.4676,102.4540,-17.3788,169.6767,0.472,0.000,1.000,109.1877,-130.2010,69
2026-04-24,16:07:17,35052,1,-7.9840,-1.2192,0.0698,2.0537,1.6593,0,1.0000,-998,1,23.3770,-3.4241,102.5709,-3.2817,169.7096,0.440,0.000,1.000,108.8601,-129.1912,69
2026-04-24,16:07:17,35088,1,-7.9840,-1.3796,0.0681,2.0030,1.6690,0,1.0000,-998,1,22.9475,-2.9644,103.1378,11.3817,169.5565,0.408,0.000,1.000,108.0769,-127.9150,69
2026-04-24,16:07:17,35124,1,-7.9840,-1.4312,0.0505,1.4855,1.6804,0,1.0000,-998,1,23.3005,17.8889,103.7226,13.5999,169.6647,0.376,0.000,1.000,107.5559,-127.0290,69
2026-04-24,16:07:17,35160,1,-7.9840,-1.3226,0.0791,2.3258,1.6915,0,1.0000,-998,1,23.3498,6.1551,104.2618,17.4727,169.4289,0.344,0.000,1.000,107.1764,-126.0072,69
2026-04-24,16:07:17,35196,1,-7.9840,-1.4811,0.0759,2.2332,1.7021,0,1.0000,-998,1,23.1005,-9.5872,105.1414,24.4545,169.5218,0.312,0.000,1.000,107.3645,-125.9213,69
2026-04-24,16:07:17,35233,1,-7.9840,-1.4955,0.0492,1.4476,1.7136,0,1.0000,-998,1,23.5872,13.0620,106.1582,28.8914,169.2980,0.280,0.000,1.000,108.2845,-126.9137,69
2026-04-24,16:07:17,35268,1,-7.9840,-1.5498,0.0568,1.6705,1.7259,0,1.0000,-998,1,23.5245,7.1363,106.8481,25.3636,169.3397,0.248,0.000,1.000,109.2759,-127.7873,69
2026-04-24,16:07:18,35305,1,-7.9840,-1.4950,0.0603,1.7748,1.7383,0,1.0000,-998,1,23.3958,3.1831,107.5194,20.1666,169.3544,0.216,0.000,1.000,109.8826,-128.4036,69
2026-04-24,16:07:18,35341,1,-7.9840,-1.6387,0.0731,2.1499,1.7505,0,1.0000,-998,1,23.3358,-7.6406,107.5523,6.5551,169.2591,0.184,0.000,1.000,110.5254,-129.1765,69
2026-04-24,16:07:18,35377,1,-7.9840,-1.6417,0.0636,1.8721,1.7622,0,1.0000,-998,1,23.5438,-8.4866,106.9461,-10.2993,169.3348,0.152,0.000,1.000,110.7910,-129.5992,69
2026-04-24,16:07:18,35414,1,-7.9840,-1.7111,0.0371,1.0902,1.7755,0,1.0000,-998,1,23.7346,15.9671,106.1692,-19.7853,169.1142,0.120,0.000,1.000,110.6273,-129.5922,69
2026-04-24,16:07:18,35450,1,-7.9840,-1.2965,0.0944,2.7757,1.7860,0,1.0000,-998,1,23.8280,-11.4082,104.7344,-36.1756,169.4076,0.088,0.000,1.000,110.1654,-128.9702,69
2026-04-24,16:07:18,35486,1,-7.9840,-1.4565,0.1039,3.0545,1.7962,0,1.0000,-998,1,23.3933,-5.7095,103.6610,-35.3978,168.9989,0.056,0.000,1.000,109.9588,-128.6487,69
2026-04-24,16:07:18,35522,1,-7.9840,-1.4762,0.0790,2.3227,1.8071,0,1.0000,-998,1,23.8921,6.1755,102.2774,-41.9146,168.7776,0.024,0.000,1.000,109.0817,-126.7138,69
2026-04-24,16:07:18,35558,1,-7.9840,-1.5913,0.0524,1.5408,1.8196,0,1.0000,-998,1,24.0395,12.5386,101.3039,-30.9373,168.8833,0.000,0.000,1.000,108.6162,-125.5584,69
2026-04-24,16:07:18,35594,1,-7.9840,-1.6841,0.0608,1.7890,1.8329,0,1.0000,-998,1,23.9464,7.8101,100.5584,-27.1165,169.2005,0.000,0.000,1.000,108.7418,-125.9007,69
2026-04-24,16:07:18,35629,1,-7.9840,-1.9845,0.0713,2.0972,1.8415,0,1.0000,-998,1,23.8535,3.0244,100.5693,-21.0197,169.2273,0.000,0.000,1.000,109.1933,-127.0781,69
2026-04-24,16:07:18,35661,1,-7.9840,-1.9657,0.0611,1.7965,1.8603,0,1.0000,-998,1,23.9111,-4.4440,100.2893,-16.0052,169.2281,0.000,0.000,1.000,109.7123,-128.8468,69
2026-04-24,16:07:18,35698,1,-7.9840,-1.7082,0.0864,2.5412,1.8744,0,1.0000,-998,1,24.1278,8.6952,100.2217,-4.9199,169.1320,0.000,0.000,1.000,109.8603,-129.6983,69
2026-04-24,16:07:18,35733,1,-7.9840,-1.7896,0.0736,2.1646,1.8871,0,1.0000,-998,1,23.5730,-20.4172,100.5273,4.8116,169.2586,0.000,0.000,1.000,109.3144,-129.2475,69
2026-04-24,16:07:18,35769,1,-7.9840,-1.9532,0.0572,1.6820,1.9011,0,1.0000,-998,1,24.1115,8.7341,101.3457,20.1659,168.9905,0.000,0.000,1.000,108.7755,-128.2601,69
2026-04-24,16:07:18,35805,1,-7.9840,-1.5744,0.0724,2.1301,1.9135,0,1.0000,-998,1,24.1931,-5.6378,102.6343,35.3366,169.0847,0.000,0.000,1.000,108.6202,-127.7343,69
2026-04-24,16:07:18,35842,1,-7.9840,-1.6986,0.0670,1.9712,1.9269,0,1.0000,-998,1,24.0318,8.9891,104.1323,40.9108,168.9397,0.000,0.000,1.000,108.5322,-127.9458,69
2026-04-24,16:07:18,35878,1,-7.9840,-1.8551,0.0495,1.4562,1.9419,0,1.0000,-998,1,23.8730,-5.1215,105.5446,43.3456,169.1467,0.000,0.000,1.000,108.8187,-129.0530,69
2026-04-24,16:07:18,35914,1,-7.9840,-1.6178,0.0731,2.1502,1.9555,0,1.0000,-998,1,24.1935,7.9500,106.6294,34.8341,169.0391,0.000,0.000,1.000,109.5953,-130.7279,69
2026-04-24,16:07:18,35951,1,-7.9840,-1.8321,0.0698,2.0523,1.9696,0,1.0000,-998,1,23.6598,2.7537,107.3142,26.1537,169.0799,0.048,0.000,1.000,110.8646,-132.9027,69
2026-04-24,16:07:18,35986,1,-7.9840,-1.9068,0.0513,1.5088,1.9842,0,1.0000,-998,1,23.7151,-11.7452,107.1962,2.6448,169.1391,0.016,0.000,1.000,112.0067,-134.0518,69
2026-04-24,16:07:18,36022,1,-7.9840,-1.3374,0.0998,2.9353,1.9968,0,1.0000,-998,1,24.4699,19.9663,106.3402,-15.3511,168.9539,0.000,0.000,1.000,113.6625,-134.9921,69
2026-04-24,16:07:18,36058,1,-7.9840,-1.4932,0.1100,3.2345,2.0070,0,1.0000,-998,1,23.7108,-12.0492,105.5430,-21.1806,169.2446,0.000,0.000,1.000,114.8704,-135.9937,69
2026-04-24,16:07:18,36094,1,-7.9840,-1.4092,0.0814,2.3939,2.0183,0,1.0000,-998,1,23.9306,-3.0177,104.8435,-24.1391,168.7909,0.000,0.000,1.000,115.0463,-135.7847,69
2026-04-24,16:07:18,36130,1,-7.9840,-1.6547,0.0631,1.8571,2.0309,0,1.0000,-998,1,23.9977,21.4838,103.4997,-33.4697,168.7765,0.024,0.000,1.000,114.9393,-135.6516,69
2026-04-24,16:07:18,36167,1,-7.9840,-1.4756,0.0607,1.7855,2.0437,0,1.0000,-998,1,23.7275,-4.9084,103.1098,-20.6075,169.0695,0.000,0.000,1.000,115.0611,-136.0853,69
2026-04-24,16:07:18,36203,1,-7.9840,-1.7952,0.0747,2.1975,2.0568,0,1.0000,-998,1,23.3356,-21.4719,102.8617,-11.1199,169.0956,0.016,0.000,1.000,116.2121,-138.0380,69
2026-04-24,16:07:18,36239,1,-7.9840,-1.9765,0.0667,1.9620,2.0710,0,1.0000,-998,1,23.4413,0.2256,102.8708,-5.0618,169.1929,0.032,0.000,1.000,117.5236,-140.2436,69
2026-04-24,16:07:18,36275,1,-7.9840,-1.6897,0.0836,2.4590,2.0853,0,1.0000,-998,1,23.3457,2.7067,102.7106,-5.0504,169.0954,0.000,0.000,1.000,118.1735,-141.4243,69
2026-04-24,16:07:19,36312,1,-7.9840,-1.6403,0.0736,2.1652,2.0973,0,1.0000,-998,1,23.1509,-15.9278,102.6773,-2.0232,169.3313,0.000,0.000,1.000,118.0012,-141.5297,69
2026-04-24,16:07:19,36347,1,-7.9840,-1.6173,0.0480,1.4121,2.1102,0,1.0000,-998,1,23.3434,11.2246,103.6401,20.7309,169.1144,0.016,0.000,1.000,117.2508,-140.7447,69
2026-04-24,16:07:19,36383,1,-7.9840,-1.4455,0.0553,1.6265,2.1227,0,1.0000,-998,1,23.3057,3.5976,104.5061,25.0277,169.3324,0.000,0.000,1.000,116.1748,-139.8685,69
2026-04-24,16:07:19,36419,1,-7.9840,-1.4347,0.0613,1.8029,2.1341,0,1.0000,-998,1,22.8871,3.2111,106.0984,40.6442,169.2022,0.008,0.000,1.000,115.4103,-139.9129,69
2026-04-24,16:07:19,36456,1,-7.9840,-1.5794,0.0551,1.6194,2.1455,0,1.0000,-998,1,22.7112,-22.7392,106.8160,27.7078,169.2892,0.000,0.000,1.000,114.8535,-139.7853,69
2026-04-24,16:07:19,36491,1,-7.9840,-1.4479,0.0620,1.8236,2.1578,0,1.0000,-998,1,23.3781,28.5167,107.6752,27.6766,169.2418,0.000,0.000,1.000,114.2522,-139.6530,69
2026-04-24,16:07:19,36525,1,-7.9840,-1.1378,0.0765,2.2490,2.1634,0,1.0000,-998,1,23.1150,13.4265,107.8957,22.9651,169.3470,0.000,0.000,1.000,113.4762,-139.2438,69
2026-04-24,16:07:19,36562,1,-7.9840,-1.3255,0.0809,2.3801,2.1756,0,1.0000,-998,1,23.1244,1.7504,108.8740,24.6051,169.0779,0.000,0.000,1.000,111.7936,-137.3630,69
2026-04-24,16:07:19,36597,1,-7.9840,-1.3461,0.0584,1.7182,2.1861,0,1.0000,-998,1,23.4910,7.8653,108.9664,10.0616,169.1954,0.000,0.000,1.000,110.4802,-135.4337,69
2026-04-24,16:07:19,36633,1,-7.9840,-1.6307,0.0485,1.4258,2.1985,0,1.0000,-998,1,22.7915,-7.6904,108.8941,-0.2781,168.9895,0.000,0.000,1.000,109.8076,-134.7636,69
2026-04-24,16:07:19,36669,1,-7.9840,-1.4509,0.0889,2.6153,2.2107,0,1.0000,-998,1,23.3546,6.6719,108.2189,-14.3740,169.2901,0.000,0.000,1.000,110.1667,-136.2911,69
2026-04-24,16:07:19,36705,1,-7.9840,-1.5549,0.0843,2.4782,2.2218,0,1.0000,-998,1,22.6973,-11.9428,107.7059,-15.8546,169.3021,0.000,0.000,1.000,110.7696,-137.9274,69
2026-04-24,16:07:19,36741,1,-7.9840,-1.6837,0.0731,2.1486,2.2344,0,1.0000,-998,1,23.1612,1.0970,107.0921,-20.0080,169.2531,0.000,0.000,1.000,111.2573,-138.3831,69
2026-04-24,16:07:19,36778,1,-7.9840,-1.9092,0.0632,1.8587,2.2491,0,1.0000,-998,1,23.0170,13.5929,106.4370,-19.6309,169.1473,0.000,0.000,1.000,111.6372,-137.7273,69
2026-04-24,16:07:19,36814,1,-7.9840,-2.1096,0.0574,1.6886,2.2652,0,1.0000,-998,1,22.9259,3.4521,105.3167,-32.1008,169.3951,0.000,0.000,1.000,112.6976,-137.6491,69
2026-04-24,16:07:19,36850,1,-7.9840,-2.0189,0.0855,2.5153,2.2809,0,1.0000,-998,1,23.1189,-7.2751,104.6260,-23.8559,169.3119,0.000,0.000,1.000,113.5607,-138.5585,69
2026-04-24,16:07:19,36886,1,-7.9840,-2.2442,0.0861,2.5311,2.2974,0,1.0000,-998,1,22.5078,-2.1760,104.2424,-15.7756,169.2414,0.048,0.000,1.000,113.6496,-139.5347,69
2026-04-24,16:07:19,36922,1,-7.9840,-2.4242,0.0668,1.9645,2.3151,0,1.0000,-998,1,22.3246,-12.2192,105.2728,16.7270,169.3078,0.040,0.000,1.000,113.3036,-140.8579,69
2026-04-24,16:07:19,36958,1,-7.9840,-2.3109,0.0880,2.5885,2.3317,0,1.0000,-998,1,22.4929,-9.8773,106.2663,27.4396,169.2712,0.008,0.000,1.000,112.9036,-141.1478,69
2026-04-24,16:07:19,36995,1,-7.9840,-2.4107,0.0869,2.5551,2.3497,0,1.0000,-998,1,22.8512,17.4014,107.5349,34.3693,169.1263,0.000,0.000,1.000,112.6890,-141.1526,69
2026-04-24,16:07:19,37031,1,-7.9840,-2.4412,0.0795,2.3373,2.3680,0,1.0000,-998,1,22.5158,-15.8444,108.8446,38.9562,169.2812,0.000,0.000,1.000,112.3216,-140.6773,69
2026-04-24,16:07:19,37067,1,-7.9840,-2.2822,0.0736,2.1661,2.3868,0,1.0000,-998,1,23.0465,17.0182,109.9670,35.2105,169.0247,0.000,0.000,1.000,111.9167,-140.1821,69
2026-04-24,16:07:19,37104,1,-7.9840,-2.6158,0.0848,2.4940,2.4069,0,1.0000,-998,1,22.6498,-2.1040,110.0403,12.3706,169.2529,0.000,0.000,1.000,111.1783,-139.8888,69
2026-04-24,16:07:19,37140,1,-7.9840,-2.7806,0.0861,2.5324,2.4280,0,1.0000,-998,1,22.4517,-7.5186,109.7084,-3.5486,169.1192,0.000,0.000,1.000,109.7793,-138.5392,69
2026-04-24,16:07:19,37177,1,-7.9840,-2.3284,0.0824,2.4227,2.4483,0,1.0000,-998,1,23.1074,17.4557,109.5708,-3.2853,169.2330,0.000,0.000,1.000,108.5833,-137.0655,69
2026-04-24,16:07:19,37213,1,-7.9840,-2.7239,0.1039,3.0568,2.4692,0,1.0000,-998,1,22.6393,-5.7872,109.2236,-9.9133,169.2994,0.000,0.000,1.000,107.0711,-134.7805,69
2026-04-24,16:07:19,37249,1,-7.9840,-2.8342,0.0934,2.7464,2.4906,0,1.0000,-998,1,22.6885,-6.9179,108.5548,-17.3017,168.8477,0.000,0.000,1.000,105.3892,-131.4408,69
2026-04-24,16:07:19,37286,1,-7.9840,-3.0142,0.0842,2.4761,2.5136,0,1.0000,-998,1,22.7837,-1.8448,107.6751,-21.9994,168.9032,0.000,0.000,1.000,104.2750,-129.0603,69
2026-04-24,16:07:20,37321,1,-7.9840,-2.9937,0.0895,2.6316,2.5368,0,1.0000,-998,1,22.2669,-12.0009,108.1035,2.5783,168.8938,0.032,0.000,1.000,103.0345,-127.0957,69
2026-04-24,16:07:20,37357,1,-7.9840,-2.9334,0.0827,2.4328,2.5598,0,1.0000,-998,1,22.5966,5.1332,109.6300,34.7414,168.8822,0.024,0.000,0.997,102.1199,-126.1789,69
2026-04-24,16:07:20,37394,1,-7.9840,-3.0118,0.0860,2.5291,2.5837,0,1.0000,-998,1,22.4236,0.2073,111.7354,54.8937,168.5912,0.000,0.000,1.000,100.1975,-122.5710,69
2026-04-24,16:07:20,37429,1,-7.9840,-3.0469,0.0868,2.5532,2.5989,0,1.0000,-998,1,22.6280,3.2104,111.9990,44.7148,168.4975,0.000,0.000,1.000,98.3724,-117.7548,69
2026-04-24,16:07:20,37461,1,-7.9840,-2.9266,0.0939,2.7628,2.6272,0,1.0000,-998,1,22.5136,2.0584,112.7901,35.4081,168.4093,0.000,0.000,1.000,95.9930,-110.4547,69
2026-04-24,16:07:20,37497,1,-7.9840,-2.6835,0.0822,2.4167,2.6485,0,1.0000,-998,1,21.9469,-26.1909,113.3694,23.4801,168.6551,0.016,0.000,1.000,94.5355,-106.1153,69
2026-04-24,16:07:20,37533,1,-7.9840,-2.8256,0.0876,2.5776,2.6698,0,1.0000,-998,1,21.9699,0.7037,113.1494,3.2592,168.5676,0.080,0.000,1.000,94.0645,-104.8661,69
2026-04-24,16:07:20,37569,1,-7.9840,-2.5410,0.0720,2.1170,2.6896,0,1.0000,-998,1,21.4586,-23.6744,112.3733,-14.9801,168.6786,0.144,0.000,1.000,93.8791,-104.4024,69
2026-04-24,16:07:20,37605,1,-7.9840,-2.3794,0.0791,2.3254,2.7090,0,1.0000,-998,1,21.7071,6.6927,112.4156,-2.1543,168.5832,0.208,0.000,1.000,94.3613,-106.0764,69
2026-04-24,16:07:20,37641,1,-7.9840,-2.4809,0.0756,2.2224,2.7279,0,1.0000,-998,1,21.0653,-7.1709,112.1988,-4.5859,168.7719,0.272,0.000,1.000,95.5847,-109.9688,69
2026-04-24,16:07:20,37677,1,-7.9840,-2.0642,0.0937,2.7557,2.7432,0,1.0000,-998,1,20.8010,-41.7899,112.6376,9.1356,168.9423,0.288,0.000,1.000,96.6998,-113.3114,69
2026-04-24,16:07:20,37714,1,-7.9840,-2.2625,0.0914,2.6875,2.7597,0,1.0000,-998,1,20.8362,2.1594,114.0766,35.5605,168.6864,0.352,0.000,1.000,98.2541,-117.5123,69
2026-04-24,16:07:20,37750,1,-7.9840,-2.1224,0.0961,2.8259,2.7762,0,1.0000,-998,1,20.6324,-1.7402,115.4555,38.9936,168.9214,0.416,0.000,1.000,99.2922,-119.7227,69
2026-04-24,16:07:20,37787,1,-7.9840,-2.0356,0.0767,2.2564,2.7907,0,1.0000,-998,1,20.0536,-39.9576,116.9544,44.3756,168.8820,0.408,0.000,1.000,100.2951,-122.3073,69
2026-04-24,16:07:20,37823,1,-7.9840,-1.8352,0.0854,2.5117,2.8065,0,1.0000,-998,1,20.9840,35.2973,118.6698,49.4972,168.9171,0.424,0.000,1.000,101.6441,-126.3548,69
2026-04-24,16:07:20,37859,1,-7.9840,-1.9360,0.0713,2.0967,2.8196,0,1.0000,-998,1,19.5023,-50.1632,119.5670,35.7381,169.1696,0.440,0.000,1.000,102.7461,-130.4908,69
2026-04-24,16:07:20,37896,1,-7.9840,-1.9556,0.0680,1.9987,2.8346,0,1.0000,-998,1,20.2495,10.4005,120.4904,28.2193,168.9208,0.480,0.000,1.000,103.4127,-133.0136,69
2026-04-24,16:07:20,37931,1,-7.9840,-1.8875,0.0945,2.7783,2.8488,0,1.0000,-998,1,20.0095,-1.1175,119.6760,-6.0363,169.0134,0.448,0.000,1.000,104.3109,-135.0133,69
2026-04-24,16:07:20,37967,1,-7.9840,-1.7715,0.0900,2.6456,2.8616,0,1.0000,-998,1,20.0385,-13.7647,119.1424,-14.7952,169.0317,0.416,0.000,1.000,105.3210,-136.2420,69
2026-04-24,16:07:20,38003,1,-7.9840,-1.7970,0.0673,1.9805,2.8753,0,1.0000,-998,1,20.2834,12.0360,118.3671,-19.4018,168.8954,0.408,0.000,1.000,106.2460,-136.1881,69
2026-04-24,16:07:20,38039,1,-7.9840,-1.9733,0.0404,1.1893,2.8901,0,1.0000,-998,1,19.8620,4.1957,117.8390,-18.9977,169.0091,0.400,0.000,1.000,106.8130,-135.2917,69
2026-04-24,16:07:20,38075,1,-7.9840,-1.3297,0.0902,2.6533,2.9015,0,1.0000,-998,1,20.4214,-9.9164,117.4935,-13.4236,169.0294,0.368,0.000,1.000,107.4544,-135.9723,69
2026-04-24,16:07:20,38111,1,-7.9840,-1.6499,0.1077,3.1670,2.9133,0,1.0000,-998,1,20.0259,13.4030,117.7595,4.4451,169.0276,0.384,0.000,1.000,107.7413,-137.2144,69
2026-04-24,16:07:20,38147,1,-7.9840,-1.6221,0.0774,2.2760,2.9250,0,1.0000,-998,1,19.1403,-37.3002,118.6542,13.6690,168.9723,0.400,0.000,1.000,107.4017,-136.7191,69
2026-04-24,16:07:20,38183,1,-7.9840,-1.7339,0.0602,1.7712,2.9378,0,1.0000,-998,1,20.0303,18.0775,118.4628,3.9167,168.5818,0.416,0.000,1.000,107.6191,-136.0160,69
2026-04-24,16:07:20,38219,1,-7.9840,-1.4085,0.0665,1.9563,2.9487,0,1.0000,-998,1,19.6807,-4.1390,118.7518,7.7993,169.1758,0.384,0.000,1.000,108.6899,-136.5992,69
2026-04-24,16:07:20,38255,1,-7.9840,-1.5850,0.0582,1.7122,2.9606,0,1.0000,-998,1,19.4878,-6.3990,119.9515,26.0031,169.0329,0.352,0.000,1.000,109.8198,-138.3418,69
2026-04-24,16:07:20,38291,1,-7.9840,-1.3213,0.0746,2.1930,2.9724,0,1.0000,-998,1,19.6675,9.5732,120.3449,17.1097,169.2027,0.320,0.000,1.000,110.7425,-140.0359,69
2026-04-24,16:07:21,38330,1,-7.9840,-1.3906,0.0698,2.0527,2.9829,0,1.0000,-998,1,19.4305,1.3283,120.8069,15.3545,169.2302,0.296,0.000,1.000,110.3627,-139.8705,69
2026-04-24,16:07:21,38365,1,-7.9840,-1.3144,0.0312,0.9172,2.9942,0,1.0000,-998,1,20.2624,25.7237,121.9692,29.7599,169.1008,0.264,0.000,1.000,109.1783,-138.7234,69
2026-04-24,16:07:21,38401,1,-7.9840,-0.9846,0.0675,1.9855,3.0020,0,1.0000,-998,1,19.5437,-19.1135,122.9615,31.0450,169.3169,0.232,0.000,1.000,107.3174,-136.5536,69
2026-04-24,16:07:21,38437,1,-7.9840,-0.8855,0.0403,1.1843,3.0090,0,1.0000,-998,1,19.5010,2.7886,123.7993,27.2077,169.2633,0.200,0.000,1.000,106.1227,-135.0020,69
2026-04-24,16:07:21,38473,1,-7.9840,-0.6458,0.0309,0.9092,3.0157,0,1.0000,-998,1,19.8279,17.4827,123.7430,6.9940,169.1835,0.168,0.000,1.000,105.7745,-134.0114,69
2026-04-24,16:07:21,38509,1,-7.9840,-0.7275,0.0328,0.9653,3.0218,0,1.0000,-998,1,19.4551,-1.1730,123.3822,-6.0069,169.2585,0.136,0.000,1.000,105.7499,-132.5079,69
2026-04-24,16:07:21,38545,1,-7.9840,-0.9217,0.0430,1.2653,3.0285,0,1.0000,-998,1,19.2923,-9.3163,122.7618,-14.2605,169.2078,0.104,0.000,1.000,105.8125,-131.5941,69
2026-04-24,16:07:21,38581,1,-7.9840,-1.0306,0.0287,0.8454,3.0363,0,1.0000,-998,1,19.4551,11.7489,122.2033,-16.6116,169.1503,0.072,0.000,1.000,105.0810,-129.2790,69
2026-04-24,16:07:21,38618,1,-7.9840,-0.8164,0.0421,1.2380,3.0423,0,1.0000,-998,1,19.0880,-23.3613,121.8268,-13.6932,169.2294,0.040,0.000,1.000,104.1834,-127.5611,69
2026-04-24,16:07:21,38654,1,-7.9840,-0.9847,0.0405,1.1914,3.0491,0,1.0000,-998,1,19.1807,9.9614,120.9542,-24.6137,169.1177,0.080,0.000,1.000,102.6412,-125.6787,69
2026-04-24,16:07:21,38690,1,-7.9840,-0.3594,0.0579,1.7025,3.0543,0,1.0000,-998,1,19.2115,-0.5301,119.5655,-36.5371,169.2336,0.048,0.000,1.000,101.0144,-123.3528,69
2026-04-24,16:07:21,38726,1,-7.9840,-0.2599,0.0469,1.3801,3.0559,0,1.0000,-998,1,18.6979,-24.7610,119.0080,-23.5975,169.1514,0.040,0.000,1.000,99.9131,-121.4044,69
2026-04-24,16:07:21,38762,1,-7.9840,-0.4519,0.0362,1.0638,3.0587,0,1.0000,-998,1,19.3393,17.1994,118.2127,-25.7468,169.0432,0.056,0.000,1.000,98.4599,-117.9428,69
2026-04-24,16:07:21,38798,1,-7.9840,-0.5906,0.0434,1.2771,3.0630,0,1.0000,-998,1,18.8281,-3.8103,117.7478,-16.7751,169.1285,0.024,0.000,1.000,97.2294,-114.5457,69
2026-04-24,16:07:21,38835,1,-7.9840,-0.6668,0.0431,1.2666,3.0673,0,1.0000,-998,1,18.8575,-10.4357,117.4769,-10.6432,169.1517,0.000,0.000,1.000,96.8281,-114.1969,69
2026-04-24,16:07:21,38870,1,-7.9840,-0.8565,0.0577,1.6985,3.0728,0,1.0000,-998,1,18.6752,-1.0682,117.3732,-6.3905,169.0957,0.000,0.000,1.000,96.8317,-116.8732,69
2026-04-24,16:07:21,38906,1,-7.9840,-0.8154,0.0444,1.3058,3.0785,0,1.0000,-998,1,18.7418,-6.7339,116.6960,-17.9870,169.1034,0.000,0.000,1.000,96.2361,-117.2706,69
2026-04-24,16:07:21,38942,1,-7.9840,-0.8276,0.0443,1.3043,3.0853,0,1.0000,-998,1,18.8697,9.7773,115.6807,-27.2024,168.9894,0.000,0.000,1.000,95.1095,-115.4317,69
2026-04-24,16:07:21,38978,1,-7.9840,-0.8571,0.0606,1.7812,3.0907,0,1.0000,-998,1,18.5056,-19.0815,114.6369,-30.8497,169.1279,0.000,0.000,1.000,94.2756,-112.6958,69
2026-04-24,16:07:21,39014,1,-7.9840,-0.8902,0.0503,1.4794,3.0975,0,1.0000,-998,1,19.2246,23.0765,114.0820,-23.3850,169.0762,0.000,0.000,1.000,94.0847,-111.4631,69
2026-04-24,16:07:21,39050,1,-7.9840,-0.9157,0.0504,1.4810,3.1047,0,1.0000,-998,1,18.8779,-5.6990,113.4495,-19.7495,169.0460,0.000,0.000,1.000,94.1669,-110.7681,69
2026-04-24,16:07:21,39086,1,-7.9840,-1.1070,0.0504,1.4811,3.1129,0,1.0000,-998,1,19.2183,7.5438,113.4034,-7.2381,169.2114,0.000,0.000,1.000,94.9300,-113.5149,69
2026-04-24,16:07:21,39123,1,-7.9840,-1.1626,0.0628,1.8472,3.1219,0,1.0000,-998,1,19.0938,1.0360,114.0616,10.7031,169.0753,0.000,0.000,1.000,96.0908,-117.8474,69
2026-04-24,16:07:21,39159,1,-7.9840,-1.0938,0.0557,1.6382,3.1307,0,1.0000,-998,1,19.3280,-0.7819,113.8988,-1.8690,169.1638,0.000,0.000,1.000,96.3510,-119.3194,69
2026-04-24,16:07:21,39195,1,-7.9840,-1.3602,0.0458,1.3482,3.1405,0,1.0000,-998,1,19.0803,0.9244,114.0584,5.2626,169.0352,0.000,0.000,1.000,95.7674,-117.9158,69
2026-04-24,16:07:21,39234,1,-7.9840,-1.2048,0.0473,1.3909,3.1496,0,1.0000,-998,1,19.1322,0.9883,114.3553,5.9704,169.0241,0.000,0.000,1.000,95.0895,-116.9035,69
2026-04-24,16:07:21,39270,1,-7.9840,-0.8351,0.0815,2.3974,3.1570,0,1.0000,-998,1,18.9411,-5.6874,115.4081,21.9638,168.9709,0.000,0.000,1.000,94.5975,-116.4521,69
2026-04-24,16:07:22,39306,1,-7.9840,-0.8100,0.0413,1.2146,3.1626,0,1.0000,-998,1,19.2131,-0.2080,116.4396,27.1871,168.9183,0.000,0.000,1.000,93.5627,-110.8065,69
2026-04-24,16:07:22,39343,1,-7.9840,-1.0423,0.0452,1.3309,3.1704,0,1.0000,-998,1,19.6047,19.0247,117.1125,24.1729,168.8777,0.000,0.000,1.000,92.7109,-104.7328,69
2026-04-24,16:07:22,39379,1,-7.9840,-1.3542,0.0509,1.4965,3.1795,0,1.0000,-998,1,19.5434,-9.5111,117.6577,20.5626,169.0329,0.000,0.000,1.000,93.6275,-108.7437,69
2026-04-24,16:07:22,39415,1,-7.9840,-1.0889,0.0857,2.5217,3.1883,0,1.0000,-998,1,19.7049,3.2468,118.8009,31.0628,168.9239,0.000,0.000,1.000,94.8138,-114.7112,69
2026-04-24,16:07:22,39452,1,-7.9840,-1.1372,0.0598,1.7584,3.1964,0,1.0000,-998,1,19.2916,-10.9088,120.0550,36.6029,168.8701,0.000,0.000,1.000,95.0144,-116.6019,69
2026-04-24,16:07:22,39488,1,-7.9840,-1.2713,0.0353,1.0378,3.2061,0,1.0000,-998,1,19.7151,15.2124,121.0455,32.1511,168.9222,0.000,0.000,1.000,94.6369,-115.2213,69
2026-04-24,16:07:22,39525,1,-7.9840,-1.1647,0.0684,2.0117,3.2150,0,1.0000,-998,1,19.6773,-3.2771,121.6582,23.6069,168.9396,0.000,0.000,1.000,95.0396,-117.2906,69
2026-04-24,16:07:22,39561,1,-7.9840,-1.0861,0.0487,1.4311,3.2238,0,1.0000,-998,1,19.7444,7.6922,122.3850,22.9334,168.9225,0.000,0.000,1.000,95.5611,-119.5338,69
2026-04-24,16:07:22,39597,1,-7.9840,-1.3855,0.0438,1.2886,3.2339,0,1.0000,-998,1,19.6671,1.6539,122.5992,11.1086,168.9328,0.000,0.000,1.000,95.3968,-118.2747,69
2026-04-24,16:07:22,39633,1,-7.9840,-1.3449,0.0610,1.7939,3.2429,0,1.0000,-998,1,19.4741,-29.0887,122.1688,-5.2394,169.0084,0.000,0.000,1.000,94.6571,-114.9844,69
2026-04-24,16:07:22,39669,1,-7.9840,-1.2923,0.0476,1.3997,3.2534,0,1.0000,-998,1,20.0339,32.5094,122.0535,-4.5825,168.8464,0.016,0.000,1.000,93.6327,-110.5453,69
2026-04-24,16:07:22,39705,1,-7.9840,-1.4491,0.0557,1.6378,3.2645,0,1.0000,-998,1,19.5820,-11.2424,121.1402,-21.1737,168.9036,0.000,0.000,1.000,92.9265,-107.2583,69
2026-04-24,16:07:22,39742,1,-7.9840,-1.2569,0.0630,1.8526,3.2753,0,1.0000,-998,1,19.8242,6.5568,120.5049,-20.2806,168.8981,0.000,0.000,1.000,92.7050,-106.4869,69
2026-04-24,16:07:22,39777,1,-7.9840,-1.1919,0.0424,1.2480,3.2847,0,1.0000,-998,1,19.6877,-7.4697,119.4985,-27.7234,168.8959,0.000,0.000,1.000,92.9691,-108.6669,69
2026-04-24,16:07:22,39813,1,-7.9840,-1.2830,0.0529,1.5569,3.2948,0,1.0000,-998,1,19.8793,17.8462,118.3016,-35.1412,168.9318,0.000,0.000,1.000,93.1363,-109.8433,69
2026-04-24,16:07:22,39850,1,-7.9840,-1.1445,0.0665,1.9559,3.3045,0,1.0000,-998,1,19.6691,-8.5725,117.5446,-25.8166,168.9187,0.000,0.000,1.000,92.9749,-108.9545,69
2026-04-24,16:07:22,39886,1,-7.9840,-1.0231,0.0537,1.5796,3.3133,0,1.0000,-998,1,19.8877,6.2234,117.0783,-19.8137,169.0217,0.000,0.000,1.000,92.6080,-106.6907,69
2026-04-24,16:07:22,39923,1,-7.9840,-1.4144,0.0456,1.3406,3.3228,0,1.0000,-998,1,19.6195,0.0728,115.9475,-30.5488,168.8857,0.000,0.000,1.000,91.7758,-101.2623,69
2026-04-24,16:07:22,39958,1,-7.9840,-1.3714,0.0469,1.3807,3.3325,0,1.0000,-998,1,19.9156,-11.4229,115.0145,-29.2507,169.0510,0.000,0.000,1.000,91.3991,-98.9446,69
2026-04-24,16:07:22,39994,1,-7.9840,-1.3619,0.0590,1.7350,3.3431,0,1.0000,-998,1,19.8320,12.4450,115.1814,-3.3200,168.9937,0.000,0.000,1.000,91.3042,-98.8206,69
2026-04-24,16:07:22,40030,1,-7.9840,-1.5248,0.0601,1.7682,3.3544,0,1.0000,-998,1,19.4756,-14.1552,116.0798,17.4258,169.0831,0.000,0.000,1.000,90.9794,-97.2196,69
2026-04-24,16:07:22,40067,1,-7.9840,-1.6084,0.0765,2.2507,3.3669,0,1.0000,-998,1,19.7090,1.7459,117.5507,35.7264,169.0214,0.000,0.000,1.000,90.6666,-95.2667,69
2026-04-24,16:07:22,40103,1,-7.9840,-1.5201,0.0630,1.8540,3.3781,0,1.0000,-998,1,19.7643,-7.1028,118.7660,37.2907,169.1282,0.000,0.000,1.000,90.4157,-93.5818,69
2026-04-24,16:07:22,40145,1,-7.9840,-1.6018,0.0494,1.4542,3.3924,0,1.0000,-998,1,19.8901,-1.0374,119.0141,27.3073,169.1086,0.000,0.000,1.000,90.1656,-91.4509,69
2026-04-24,16:07:22,40180,1,-7.9840,-1.6285,0.0715,2.1035,3.4058,0,1.0000,-998,1,19.6871,-0.8032,119.5847,23.0191,169.2877,0.000,0.000,1.000,90.5889,-95.0778,69
2026-04-24,16:07:22,40216,1,-7.9840,-1.8372,0.0766,2.2531,3.4201,0,1.0000,-998,1,19.6427,4.6937,120.3018,21.6174,169.1573,0.000,0.000,1.000,91.0141,-98.6636,69
2026-04-24,16:07:22,40252,1,-7.9840,-2.0078,0.0594,1.7471,3.4350,0,1.0000,-998,1,19.6470,-3.3595,120.8805,20.4016,169.2361,0.000,0.000,1.000,91.4755,-102.4699,69
2026-04-24,16:07:22,40288,1,-7.9840,-1.4022,0.0872,2.5641,3.4485,0,1.0000,-998,1,20.4405,27.9430,121.3162,14.1011,169.1646,0.000,0.000,1.000,92.3776,-110.8664,69
2026-04-24,16:07:23,40324,1,-7.9840,-1.5991,0.0931,2.7381,3.4600,0,1.0000,-998,1,19.2422,-28.4782,120.9956,-1.4178,169.3729,0.016,0.000,1.000,92.6407,-114.1146,69
2026-04-24,16:07:23,40361,1,-7.9840,-1.6343,0.0628,1.8470,3.4720,0,1.0000,-998,1,19.8708,1.0891,120.9911,-3.4410,169.0368,0.008,0.000,1.000,92.3077,-109.2193,69
2026-04-24,16:07:23,40398,1,-7.9840,-1.3954,0.0558,1.6411,3.4843,0,1.0000,-998,1,20.2620,27.3187,119.5581,-28.9997,168.9726,0.000,0.000,1.000,93.0576,-112.6774,69
2026-04-24,16:07:23,40433,1,-7.9840,-1.6060,0.0711,2.0912,3.4966,0,1.0000,-998,1,19.4926,-7.4355,118.4886,-33.5494,169.3003,0.000,0.000,1.000,94.8766,-122.6992,69
2026-04-24,16:07:23,40470,1,-7.9840,-1.7335,0.0592,1.7403,3.5101,0,1.0000,-998,1,19.6303,-11.2293,117.8339,-24.6711,169.0548,0.000,0.000,1.000,96.0030,-128.7683,69
2026-04-24,16:07:23,40505,1,-7.9840,-1.6551,0.0806,2.3697,3.5235,0,1.0000,-998,1,20.0513,20.9203,116.5498,-36.1469,169.0342,0.000,0.000,1.000,95.8365,-128.4671,69
2026-04-24,16:07:23,40542,1,-7.9840,-1.8459,0.0780,2.2928,3.5365,0,1.0000,-998,1,19.4455,-22.5368,115.5011,-34.3921,169.0393,0.000,0.000,1.000,94.8025,-124.2654,69
2026-04-24,16:07:23,40577,1,-7.9840,-2.0530,0.0757,2.2258,3.5513,0,1.0000,-998,1,20.0820,1.8177,114.7873,-25.3145,168.9067,0.000,0.000,1.000,93.8233,-119.1478,69
2026-04-24,16:07:23,40614,1,-7.9840,-2.1887,0.0873,2.5665,3.5674,0,1.0000,-998,1,19.8585,0.5565,114.3428,-16.6569,169.0158,0.000,0.000,1.000,93.4887,-116.8890,69
2026-04-24,16:07:23,40649,1,-7.9840,-2.4026,0.0994,2.9246,3.5838,0,1.0000,-998,1,19.6980,-19.5241,114.4137,-2.5675,169.0911,0.000,0.000,1.000,94.2399,-121.1231,69
2026-04-24,16:07:23,40686,1,-7.9840,-2.4632,0.0879,2.5867,3.6025,0,1.0000,-998,1,19.7256,-2.8367,115.8057,27.6887,168.9385,0.000,0.000,1.000,95.4093,-125.8787,69
2026-04-24,16:07:23,40722,1,-7.9840,-2.3699,0.0663,1.9490,3.6213,0,1.0000,-998,1,19.6673,7.6903,117.3581,42.9830,169.0110,0.000,0.000,1.000,96.2594,-127.8444,69
2026-04-24,16:07:23,40759,1,-7.9840,-2.2172,0.0798,2.3463,3.6392,0,1.0000,-998,1,19.6221,-6.5641,119.1589,51.3512,169.1322,0.000,0.000,1.000,96.7608,-129.9052,69
2026-04-24,16:07:23,40795,1,-7.9840,-2.5173,0.0844,2.4817,3.6586,0,1.0000,-998,1,19.4910,5.5710,120.7026,48.3951,169.0346,0.024,0.000,1.000,96.7152,-130.7024,69
2026-04-24,16:07:23,40831,1,-7.9840,-2.7702,0.0820,2.4111,3.6789,0,1.0000,-998,1,19.0557,-13.7449,121.2011,25.4159,169.0262,0.016,0.000,1.000,95.6054,-127.3213,69
2026-04-24,16:07:23,40867,1,-7.9840,-2.4069,0.0825,2.4267,3.6991,0,1.0000,-998,1,19.5054,13.1399,121.3599,11.8002,168.9625,0.008,0.000,1.000,94.6498,-123.8551,69
2026-04-24,16:07:23,40903,1,-7.9840,-2.7068,0.0884,2.5993,3.7199,0,1.0000,-998,1,18.8688,-9.0649,121.0101,-3.6977,169.2109,0.032,0.000,1.000,93.7979,-121.6519,69
2026-04-24,16:07:23,40939,1,-7.9840,-2.5800,0.0918,2.7013,3.7403,0,1.0000,-998,1,18.9132,4.0315,119.8347,-27.9473,169.0419,0.072,0.000,1.000,93.7660,-123.2939,69
2026-04-24,16:07:23,40975,1,-7.9840,-2.3435,0.0525,1.5432,3.7583,0,1.0000,-998,1,18.5174,-22.7829,118.4617,-34.6274,169.1740,0.064,0.000,1.000,93.8874,-124.6777,69
2026-04-24,16:07:23,41011,1,-7.9840,-1.5922,0.0675,1.9854,3.7734,0,1.0000,-998,1,19.3212,29.4693,117.8739,-25.7756,169.2125,0.080,0.000,1.000,93.9355,-125.6111,69
2026-04-24,16:07:23,41050,1,-7.9840,-1.6937,0.0586,1.7246,3.7878,0,1.0000,-998,1,19.4156,13.9482,117.8209,-18.0408,169.1369,0.056,0.000,1.000,92.8014,-116.5329,69
2026-04-24,16:07:23,41085,1,-1.8922,-1.6543,0.0472,1.3895,3.8024,0,1.0000,-998,0,19.6916,15.6830,118.3595,2.4353,169.1962,0.024,0.000,1.000,91.9496,-108.1203,69
2026-04-24,16:07:23,41121,1,-1.2457,-1.3986,0.0840,2.4709,3.8146,0,1.0000,-998,0,19.6987,-1.3179,118.4355,5.8771,169.0086,0.000,0.000,1.000,92.0072,-107.8140,69
2026-04-24,16:07:23,41157,1,-1.2457,-1.4904,0.1089,3.2020,3.8254,0,1.0000,-998,0,19.1988,-11.0252,119.1350,16.1362,169.2037,0.000,0.000,1.000,92.2382,-108.9192,69
2026-04-24,16:07:23,41193,1,-1.2457,-1.0931,0.0876,2.5770,3.8349,0,1.0000,-998,0,19.4225,-8.0178,120.4748,33.2145,168.9221,0.000,0.000,1.000,91.7208,-102.3533,69
2026-04-24,16:07:23,41229,1,-1.2457,-1.3641,0.1111,3.2675,3.8451,0,1.0000,-998,0,19.3094,12.6540,121.2613,28.0131,169.0159,0.024,0.000,1.000,91.7698,-100.6286,69
2026-04-24,16:07:23,41265,1,-1.2457,-1.3688,0.1184,3.4825,3.8551,0,1.0000,-998,0,18.8721,-24.5003,121.8394,21.1786,169.0595,0.016,0.000,1.000,92.3892,-103.2203,69
2026-04-24,16:07:24,41301,1,-1.2457,-1.1176,0.1126,3.3130,3.8648,0,1.0000,-998,0,19.0242,-4.2752,122.7531,27.8814,168.9274,0.032,0.000,1.000,93.5858,-109.1006,69
2026-04-24,16:07:24,41337,1,-1.2457,-1.2807,0.1233,3.6265,3.8746,0,1.0000,-998,0,18.6129,-0.2295,123.4785,23.5372,168.9708,0.096,0.000,1.000,94.1441,-112.1853,69
2026-04-24,16:07:24,41373,1,-1.2457,-1.2111,0.1106,3.2534,3.8837,0,1.0000,-998,0,18.6733,-14.0667,124.0162,17.5664,169.0561,0.064,0.000,1.000,94.1799,-112.6214,69
2026-04-24,16:07:24,41409,1,-1.2457,-1.0953,0.0986,2.8999,3.8929,0,1.0000,-998,0,19.0659,22.1624,123.6814,-1.5652,168.8950,0.032,0.000,1.000,94.1776,-112.3391,69
2026-04-24,16:07:24,41445,1,-1.2457,-1.2663,0.0975,2.8681,3.9021,0,1.0000,-998,0,18.4263,-10.8068,122.5368,-24.8008,169.1043,0.000,0.000,1.000,94.3279,-112.9361,69
2026-04-24,16:07:24,41481,1,-1.2457,-1.1816,0.0851,2.5018,3.9112,0,1.0000,-998,0,18.8212,-6.3173,121.4445,-31.9619,168.9680,0.000,0.000,1.000,94.7711,-115.4257,69
2026-04-24,16:07:24,41517,1,-1.2457,-1.2833,0.0937,2.7554,3.9211,0,1.0000,-998,0,18.7704,17.3867,120.2128,-34.6569,168.9460,0.000,0.000,1.000,94.8401,-116.1038,69
2026-04-24,16:07:24,41553,1,-1.2457,-1.1996,0.0831,2.4444,3.9301,0,1.0000,-998,0,18.3744,-24.0984,119.2321,-34.8409,169.0724,0.000,0.000,1.000,94.8772,-116.6703,69
2026-04-24,16:07:24,41590,1,-7.9840,-1.7773,-0.0290,0.8535,3.9405,0,1.0000,-998,1,18.5567,-16.7818,117.8377,-37.4560,168.9585,0.000,0.000,1.000,94.8959,-117.0330,69
2026-04-24,16:07:24,41626,1,-7.9840,-0.2047,0.1019,2.9985,3.9498,0,1.0000,-998,1,20.4064,94.2420,116.8075,-34.1255,168.9604,0.000,0.000,1.000,95.9459,-122.5238,69
2026-04-24,16:07:24,41662,1,-7.9840,-0.1952,0.1036,3.0471,3.9523,0,1.0000,-998,1,17.6704,-45.9134,116.2817,-19.1694,169.8502,0.032,0.000,1.000,96.1209,-124.1844,69
2026-04-24,16:07:24,41698,1,-7.9840,-0.3006,0.0650,1.9130,3.9543,0,1.0000,-998,1,18.0409,-25.9522,117.3667,11.5091,168.5532,0.072,0.000,1.000,94.2412,-112.2485,69
2026-04-24,16:07:24,41734,1,-7.9840,-0.6293,0.0399,1.1750,3.9584,0,1.0000,-998,1,18.4636,51.6989,116.4421,-16.8820,168.8241,0.112,0.000,1.000,94.0075,-108.7861,69
2026-04-24,16:07:24,41770,1,-7.9840,-0.3024,0.0470,1.3827,3.9630,0,1.0000,-998,1,17.6086,-43.4350,115.2516,-25.8280,168.6354,0.080,0.000,1.000,96.2333,-116.5609,69
2026-04-24,16:07:24,41807,1,-7.9840,-0.6073,0.0633,1.8608,3.9669,0,1.0000,-998,1,18.7435,42.0115,115.3520,-7.2052,169.3804,0.096,0.000,1.000,98.8413,-125.7961,69
2026-04-24,16:07:24,41843,1,-7.9840,-0.5675,0.0300,0.8837,3.9710,0,1.0000,-998,1,17.8330,-33.3908,115.4181,-2.2285,169.2962,0.064,0.000,1.000,101.7218,-135.4118,69
2026-04-24,16:07:24,41879,1,-7.9840,-0.4908,0.0300,0.8827,3.9759,0,1.0000,-998,1,18.7781,28.2100,115.4157,-1.3670,169.1570,0.032,0.000,1.000,102.8214,-139.0777,69
2026-04-24,16:07:24,41915,1,-7.9840,-0.3740,0.0557,1.6395,3.9797,0,1.0000,-998,1,17.9126,-9.1873,115.8844,10.1665,169.1821,0.000,0.000,1.000,103.6089,-140.6053,69
2026-04-24,16:07:24,41950,1,-7.9840,-0.2520,0.0409,1.2037,3.9811,0,1.0000,-998,1,17.9262,-4.8203,116.0859,9.3369,169.2228,0.000,0.000,1.000,104.0879,-142.2357,69
2026-04-24,16:07:24,41985,1,-7.9840,-0.5193,0.0248,0.7281,3.9848,0,1.0000,-998,1,18.2867,19.6433,117.2403,27.0458,169.0676,0.016,0.000,1.000,104.1087,-143.0080,69
2026-04-24,16:07:24,42021,1,-7.9840,-0.3865,0.0324,0.9531,3.9879,0,1.0000,-998,1,18.4360,-1.1314,117.7363,18.7602,169.2504,0.000,0.000,1.000,104.1847,-142.6183,69
2026-04-24,16:07:24,42057,1,-7.9840,-0.4296,0.0414,1.2187,3.9908,0,1.0000,-998,1,18.3788,-0.1648,118.4465,19.2592,169.1196,0.000,0.000,1.000,105.1774,-144.3096,69
2026-04-24,16:07:24,42093,1,-7.9840,-0.4344,0.0321,0.9436,3.9943,0,1.0000,-998,1,18.5447,6.1512,118.2251,3.2878,169.1720,0.000,0.000,1.000,105.9191,-145.2155,69
2026-04-24,16:07:24,42129,1,-7.9840,-0.3983,0.0313,0.9204,3.9985,0,1.0000,-998,1,18.8740,21.4472,118.2558,-0.9069,169.2140,0.000,0.000,1.000,106.6558,-145.7654,69
2026-04-24,16:07:24,42165,1,-7.9840,-0.1186,0.0427,1.2569,4.0008,0,1.0000,-998,1,18.8748,-7.7474,118.2426,1.1046,169.1226,0.000,0.000,1.000,106.8848,-146.9691,69
2026-04-24,16:07:24,42201,1,-7.9840,-0.2727,0.0481,1.4138,4.0026,0,1.0000,-998,1,18.7826,2.0713,118.6524,8.3180,169.1758,0.000,0.000,1.000,106.4031,-146.2347,69
2026-04-24,16:07:24,42237,1,-7.9840,-0.4810,0.0316,0.9307,4.0049,0,1.0000,-998,1,18.8700,-8.6849,118.7665,4.3995,169.1544,0.000,0.000,1.000,105.8797,-144.5911,69
2026-04-24,16:07:24,42273,1,-7.9840,-0.8373,0.0477,1.4027,4.0102,0,1.0000,-998,1,18.9569,6.9503,119.2045,10.1763,169.0397,0.000,0.000,1.000,106.3656,-144.6124,69
2026-04-24,16:07:25,42309,1,-7.9840,-0.6722,0.0561,1.6504,4.0158,0,1.0000,-998,1,18.9845,-2.8669,119.7359,15.3670,169.2405,0.000,0.000,1.000,107.9634,-147.6828,69
2026-04-24,16:07:25,42345,1,-7.9840,-0.4696,0.0537,1.5804,4.0191,0,1.0000,-998,1,18.7026,-19.7657,120.4079,18.8839,169.2403,0.000,0.000,1.000,107.9088,-148.1170,69
2026-04-24,16:07:25,42381,1,-7.9840,-0.6210,0.0348,1.0241,4.0230,0,1.0000,-998,1,19.2942,21.4977,121.0945,19.1187,169.0772,0.000,0.000,1.000,106.4473,-144.3298,69
2026-04-24,16:07:25,42418,1,-7.9840,-0.7325,0.0372,1.0950,4.0288,0,1.0000,-998,1,18.9913,-2.9049,121.5442,15.4405,169.0714,0.000,0.000,1.000,106.7115,-141.3497,69
2026-04-24,16:07:25,42453,1,-7.9840,-0.5466,0.0667,1.9618,4.0338,0,1.0000,-998,1,19.1313,3.0692,122.3157,21.5129,169.2173,0.000,0.000,1.000,107.5525,-140.7090,69
2026-04-24,16:07:25,42489,1,-7.9840,-0.5176,0.0573,1.6857,4.0371,0,1.0000,-998,1,18.9110,-11.2818,122.8597,18.7964,169.1846,0.000,0.000,1.000,108.1719,-140.0393,69
2026-04-24,16:07:25,42525,1,-7.9840,-0.6625,0.0423,1.2456,4.0418,0,1.0000,-998,1,19.2389,9.2027,123.7482,23.1908,169.1292,0.000,0.000,1.000,108.3477,-139.1207,69
2026-04-24,16:07:25,42561,1,-7.9840,-0.5723,0.0440,1.2948,4.0469,0,1.0000,-998,1,18.7997,-6.7860,124.8349,32.9042,169.1408,0.000,0.000,1.000,109.2767,-138.8374,69
2026-04-24,16:07:25,42598,1,-7.9840,-0.8170,0.0496,1.4575,4.0521,0,1.0000,-994,1,18.5389,-12.0840,125.5177,23.8835,169.2477,0.016,0.000,1.000,110.3227,-139.6671,69
2026-04-24,16:07:25,42633,1,-7.9520,-0.8605,0.0296,0.8699,4.0586,0,1.0000,-994,1,18.8693,7.0284,126.0893,21.0847,169.1964,0.008,0.000,1.000,110.7712,-140.1669,69
2026-04-24,16:07:25,42669,1,-7.9520,-0.3593,0.0544,1.5993,4.0632,0,1.0000,-994,1,18.8442,-1.0782,126.4222,14.0311,169.1638,0.000,0.000,1.000,111.3246,-140.9639,69
2026-04-24,16:07:25,42705,1,-6.8000,-0.4001,0.0407,1.1975,4.0660,0,1.0000,-850,1,18.2678,-10.0947,126.3745,3.0313,169.2258,0.032,0.000,1.000,111.0477,-140.8245,69
2026-04-24,16:07:25,42741,1,-6.7760,-0.6377,0.0358,1.0522,4.0708,0,1.0000,-846,1,18.5660,8.6902,126.7478,9.4333,169.1315,0.024,0.000,1.000,110.4002,-139.3827,69
2026-04-24,16:07:25,42777,1,-6.7680,-0.7334,0.0400,1.1770,4.0767,0,1.0000,-846,1,18.5596,2.9465,126.8531,5.7968,169.1176,0.000,0.000,1.000,110.9932,-139.1457,69
2026-04-24,16:07:25,42813,1,-6.7680,-0.8360,0.0514,1.5126,4.0822,0,1.0000,-846,1,18.2366,-15.1218,126.6973,-1.1074,169.2216,0.000,0.000,1.000,111.6862,-139.8737,69
,,42846,1,-6.7680,-0.8862,0.0459,1.3509,4.0861,0,1.0000,-846,1,18.2097,-8.9499,126.8235,-0.0869,169.2642,0.016,0.000,1.000,112.0500,-140.7226,69
2026-04-24,16:07:25,42882,1,-6.7680,-0.7226,0.0580,1.7071,4.0944,0,1.0000,-846,1,18.3890,1.5494,126.3215,-10.5385,169.2019,0.000,0.000,1.000,112.3177,-142.0177,69
2026-04-24,16:07:25,42918,1,-6.7680,-0.7967,0.0644,1.8947,4.0996,0,1.0000,-846,1,17.9676,-17.9096,125.9697,-9.9314,169.1614,0.016,0.000,1.000,112.2156,-142.5471,69
2026-04-24,16:07:25,42954,1,-6.7680,-0.8494,0.0470,1.3830,4.1056,0,1.0000,-846,1,18.3462,9.6654,125.8120,-6.9423,169.1400,0.008,0.000,1.000,112.2478,-142.5813,69
2026-04-24,16:07:25,42990,1,-6.7680,-1.0506,0.0562,1.6518,4.1131,0,1.0000,-846,1,18.2586,2.4992,125.6099,-7.0244,169.1414,0.000,0.000,1.000,113.0009,-141.7252,69
2026-04-24,16:07:25,43026,1,-6.8000,-1.0996,0.0492,1.4474,4.1221,0,1.0000,-850,1,18.2644,-4.7707,124.6701,-23.4310,169.1721,0.000,0.000,1.000,114.1163,-141.5968,69
2026-04-24,16:07:25,43062,1,-6.8000,-1.4940,0.0649,1.9090,4.1327,0,1.0000,-850,1,18.0243,4.3661,123.6338,-29.1348,169.0738,0.008,0.000,1.000,115.1313,-140.7827,69
2026-04-24,16:07:25,43098,1,-6.8000,-1.4408,0.0701,2.0604,4.1438,0,1.0000,-850,1,18.1222,-11.1218,122.8383,-27.3605,169.2237,0.000,0.000,1.000,115.8437,-140.9981,69
2026-04-24,16:07:25,43134,1,-6.8320,-1.2535,0.0551,1.6205,4.1535,0,1.0000,-854,1,17.9076,-1.0747,122.1227,-24.4837,169.0251,0.000,0.000,1.000,115.7160,-141.1056,69
2026-04-24,16:07:25,43170,1,-6.8320,-1.5138,0.0500,1.4713,4.1645,0,1.0000,-854,1,17.8434,5.2130,121.3711,-24.4641,169.1463,0.000,0.000,1.000,114.7638,-140.6661,69
2026-04-24,16:07:25,43206,1,-6.8800,-1.1598,0.0629,1.8505,4.1750,0,1.0000,-860,1,18.0512,-0.6009,120.6719,-23.4971,169.0366,0.000,0.000,1.000,114.2795,-140.5065,69
2026-04-24,16:07:25,43243,1,-7.0560,-1.1318,0.0491,1.4445,4.1843,0,1.0000,-882,1,17.8778,0.5691,120.2427,-14.7962,169.0582,0.000,0.000,1.000,113.2102,-138.9883,69
2026-04-24,16:07:25,43280,1,-7.0560,-1.5249,0.0488,1.4367,4.1951,0,1.0000,-882,1,17.8503,3.4038,120.0891,-9.6955,169.0879,0.000,0.000,1.000,112.1270,-137.4023,69
2026-04-24,16:07:26,43316,1,-7.0800,-1.3875,0.0801,2.3548,4.2059,0,1.0000,-885,1,17.7813,-10.5198,120.0321,-3.4629,169.0049,0.000,0.000,1.000,111.6294,-136.1881,69
2026-04-24,16:07:26,43352,1,-7.0960,-1.0768,0.0567,1.6686,4.2147,0,1.0000,-887,1,17.8026,-0.0554,120.5412,10.2317,169.0689,0.000,0.000,1.000,111.5923,-135.9540,69
2026-04-24,16:07:26,43387,1,-7.0960,-1.4630,0.0580,1.7047,4.2251,0,1.0000,-887,1,17.5572,4.7812,122.0617,37.1644,168.9219,0.008,0.000,1.000,111.1581,-135.5175,69
2026-04-24,16:07:26,43423,1,-7.1040,-1.0626,0.0800,2.3536,4.2350,0,1.0000,-888,1,17.9372,4.3365,124.0871,54.1297,169.0828,0.000,0.000,1.000,111.2968,-135.6244,69
2026-04-24,16:07:26,43459,1,-7.1040,-1.0138,0.0761,2.2384,4.2425,0,1.0000,-888,1,17.3311,-10.5504,125.0908,37.6331,169.0757,0.016,0.000,1.000,111.6556,-135.6895,69
2026-04-24,16:07:26,43495,1,-7.1040,-1.1831,0.0561,1.6513,4.2504,0,1.0000,-888,1,17.6613,1.6266,125.7639,26.9657,168.9681,0.000,0.000,1.000,111.3293,-134.8803,69
,,43531,1,-7.1120,-1.3628,0.0405,1.1917,4.2607,0,1.0000,-889,1,17.7656,1.9121,126.5029,25.6473,168.9817,0.000,0.000,1.000,111.7678,-134.4680,69
2026-04-24,16:07:26,43567,1,-7.1120,-1.3607,0.0702,2.0658,4.2707,0,1.0000,-889,1,17.3254,-8.0954,127.4920,29.4564,169.1519,0.000,0.000,1.000,112.8264,-135.0928,69
2026-04-24,16:07:26,43603,1,-7.1120,-1.4009,0.0504,1.4811,4.2809,0,1.0000,-889,1,17.3615,-5.8622,128.2816,24.8058,169.0702,0.000,0.000,1.000,113.6947,-136.1530,69
2026-04-24,16:07:26,43639,1,-7.1200,-1.2798,0.0369,1.0841,4.2920,0,1.0000,-890,1,17.8091,17.2590,128.6348,15.5364,168.9364,0.000,0.000,1.000,113.8122,-136.1933,69
2026-04-24,16:07:26,43675,1,-7.1200,-1.1740,0.0678,1.9930,4.3017,0,1.0000,-890,1,17.1332,-14.6289,128.7248,8.0110,169.0971,0.000,0.000,1.000,113.8704,-136.1572,69
2026-04-24,16:07:26,43712,1,-7.1200,-1.2655,0.0480,1.4125,4.3105,0,1.0000,-890,1,17.1346,-6.3038,128.9872,7.0489,169.0528,0.000,0.000,1.000,113.6004,-135.5724,69
2026-04-24,16:07:26,43751,1,-7.1200,-1.2402,0.0368,1.0822,4.3207,0,1.0000,-890,1,17.1846,-2.1520,128.8410,3.7000,169.0092,0.000,0.000,1.000,113.1137,-134.6381,69
2026-04-24,16:07:26,43786,1,-7.1200,-1.1970,0.0647,1.9040,4.3309,0,1.0000,-890,1,16.8155,-5.1390,128.0737,-14.9100,169.1526,0.048,0.000,1.000,113.3208,-134.1205,69
2026-04-24,16:07:26,43822,1,-7.1200,-1.2264,0.0418,1.2280,4.3396,0,1.0000,-890,1,16.7568,-9.8569,127.2550,-23.3484,169.1171,0.040,0.000,1.000,113.1529,-133.7624,69
2026-04-24,16:07:26,43858,1,-7.1280,-1.2622,0.0456,1.3424,4.3490,0,1.0000,-891,1,17.1807,14.8411,126.4212,-25.4412,168.9451,0.008,0.000,1.000,112.6825,-133.0279,69
2026-04-24,16:07:26,43895,1,-7.1440,-0.8965,0.0614,1.8050,4.3576,0,1.0000,-893,1,17.0014,-2.1037,125.4272,-29.7094,169.0528,0.000,0.000,1.000,112.4402,-132.1664,69
2026-04-24,16:07:26,43930,1,-7.1440,-0.9292,0.0518,1.5238,4.3649,0,1.0000,-893,1,16.9429,-0.5684,124.3220,-33.6670,169.0105,0.000,0.000,1.000,112.0033,-131.0429,69
2026-04-24,16:07:26,43966,1,-7.1440,-1.1235,0.0645,1.8962,4.3730,0,1.0000,-893,1,17.2020,6.4454,123.2393,-33.2867,168.8993,0.000,0.000,1.000,111.1765,-129.4691,69
2026-04-24,16:07:26,44002,1,-7.1440,-0.9897,0.0471,1.3842,4.3809,0,1.0000,-893,1,16.9302,-9.8210,122.6763,-22.5954,168.9857,0.000,0.000,1.000,110.6952,-128.1884,69
2026-04-24,16:07:26,44038,1,-7.1440,-1.3933,0.0504,1.4834,4.3903,0,1.0000,-893,1,16.8021,2.2817,122.8720,-2.2657,168.9435,0.000,0.000,1.000,110.5519,-127.9339,69
2026-04-24,16:07:26,44074,1,-7.1520,-1.3233,0.0535,1.5739,4.4007,0,1.0000,-894,1,17.0968,4.9485,123.6278,14.9605,169.0179,0.000,0.000,1.000,110.6236,-128.2490,69
2026-04-24,16:07:26,44110,1,-7.1520,-1.0253,0.0742,2.1822,4.4083,0,1.0000,-894,1,16.7731,-12.0858,124.5170,22.2054,169.0133,0.000,0.000,1.000,110.3823,-128.1527,69
2026-04-24,16:07:26,44146,1,-7.1520,-1.0659,0.0419,1.2331,4.4154,0,1.0000,-894,1,16.8037,0.7542,125.3843,27.0900,168.9865,0.000,0.000,1.000,109.1084,-126.6347,69
2026-04-24,16:07:26,44182,1,-7.1520,-1.2408,0.0408,1.1989,4.4246,0,1.0000,-894,1,16.9739,6.2799,126.1530,23.4653,168.9757,0.000,0.000,1.000,108.6018,-125.5705,69
2026-04-24,16:07:26,44218,1,-7.1520,-1.0891,0.0601,1.7665,4.4339,0,1.0000,-894,1,16.6826,-11.0460,126.3744,13.3907,169.0053,0.000,0.000,1.000,109.0399,-125.7451,69
2026-04-24,16:07:26,44254,1,-7.1520,-1.0823,0.0484,1.4224,4.4426,0,1.0000,-894,1,16.8076,4.9105,127.4158,26.1528,168.9708,0.000,0.000,1.000,109.2822,-125.8527,69
2026-04-24,16:07:26,44290,1,-7.1520,-1.1775,0.0549,1.6142,4.4523,0,1.0000,-894,1,16.9520,8.8502,128.4746,29.3327,168.9243,0.000,0.000,1.000,108.8172,-125.3338,69
2026-04-24,16:07:27,44326,1,-7.1520,-1.3763,0.0415,1.2203,4.4617,0,1.0000,-894,1,16.5399,-18.0035,129.1526,24.6221,169.0185,0.000,0.000,1.000,108.5657,-125.1152,69
2026-04-24,16:07:27,44362,1,-7.1520,-1.0150,0.0587,1.7275,4.4701,0,1.0000,-894,1,16.8614,8.0387,130.1357,26.9741,168.9561,0.000,0.000,1.000,107.9611,-124.4852,69
2026-04-24,16:07:27,44398,1,-7.1520,-1.2359,0.0446,1.3104,4.4785,0,1.0000,-894,1,16.6367,-2.5321,130.9417,26.3377,168.9357,0.000,0.000,1.000,107.1107,-123.5978,69
2026-04-24,16:07:27,44434,1,-7.1520,-0.9692,0.0530,1.5592,4.4862,0,1.0000,-894,1,16.8138,-6.7760,131.3586,16.6625,168.9874,0.000,0.000,1.000,106.6756,-123.0433,69
2026-04-24,16:07:27,44470,1,-7.1520,-1.1160,0.0501,1.4722,4.4943,0,1.0000,-894,1,16.4629,2.5438,131.6279,12.0197,168.9161,0.008,0.000,1.000,106.1042,-122.1607,69
2026-04-24,16:07:27,44506,1,-7.1520,-1.1781,0.0358,1.0517,4.5034,0,1.0000,-894,1,16.6887,-3.9207,132.2280,16.0232,169.0561,0.000,0.000,1.000,106.0084,-122.1971,69
2026-04-24,16:07:27,44542,1,-7.1600,-1.0351,0.0524,1.5416,4.5119,0,1.0000,-895,1,16.5222,-2.1446,132.6876,13.8912,168.8702,0.000,0.000,1.000,106.3515,-122.9790,69
2026-04-24,16:07:27,44578,1,-7.1600,-1.1105,0.0319,0.9369,4.5205,0,1.0000,-895,1,16.5425,-0.6472,132.2322,-5.9330,169.0526,0.000,0.000,1.000,106.4222,-123.3875,69
2026-04-24,16:07:27,44614,1,-7.1600,-0.9646,0.0640,1.8826,4.5279,0,1.0000,-895,1,16.6214,-3.5846,131.2250,-23.3147,168.9745,0.000,0.000,1.000,106.4500,-123.5330,69
2026-04-24,16:07:27,44648,1,-7.1600,-0.9785,0.0555,1.6319,4.5325,0,1.0000,-895,1,16.6886,-1.0863,130.9635,-20.1178,168.9719,0.000,0.000,1.000,106.4500,-123.5330,69
2026-04-24,16:07:27,44684,1,-7.2000,-1.1465,0.0473,1.3914,4.5426,0,1.0000,-900,1,16.6219,0.9331,129.5226,-37.0068,169.0457,0.000,0.000,1.000,106.1133,-121.8848,69
2026-04-24,16:07:27,44720,1,-7.2000,-1.1367,0.0416,1.2226,4.5517,0,1.0000,-900,1,16.7220,-0.0340,128.1789,-39.8557,168.9317,0.000,0.000,1.000,106.5818,-121.7310,69
2026-04-24,16:07:27,44756,1,-7.2000,-1.0431,0.0553,1.6265,4.5595,0,1.0000,-900,1,16.6191,-4.6599,127.2545,-33.4532,168.9996,0.000,0.000,1.000,106.6431,-121.3571,69
2026-04-24,16:07:27,44792,1,-7.2000,-1.1231,0.0345,1.0139,4.5674,0,1.0000,-900,1,16.7416,4.1810,125.9841,-36.8296,168.9581,0.000,0.000,1.000,105.9591,-120.0737,69
2026-04-24,16:07:27,44828,1,-7.2000,-0.7090,0.0579,1.7038,4.5728,0,1.0000,-900,1,16.7806,-6.3731,125.0207,-33.3744,169.0035,0.000,0.000,1.000,105.0882,-118.7867,69
2026-04-24,16:07:27,44864,1,-7.2000,-0.7469,0.0337,0.9907,4.5784,0,1.0000,-900,1,16.9961,11.4477,124.5040,-22.4456,168.9607,0.000,0.000,1.000,104.2316,-117.2602,69
2026-04-24,16:07:27,44900,1,-7.2000,-0.7237,0.0473,1.3905,4.5843,0,1.0000,-900,1,16.5190,-17.1575,123.9479,-18.7559,168.9314,0.000,0.000,1.000,103.7557,-116.5849,69
2026-04-24,16:07:27,44935,1,-7.2000,-0.9693,0.0526,1.5467,4.5910,0,1.0000,-900,1,16.8529,12.3646,123.8091,-7.5869,168.9413,0.000,0.000,1.000,103.6104,-116.1468,69
2026-04-24,16:07:27,44972,1,-7.2080,-1.0624,0.0506,1.4875,4.5982,0,1.0000,-901,1,16.6258,-11.8592,123.4305,-11.3278,168.9532,0.000,0.000,1.000,104.0155,-116.5823,69
2026-04-24,16:07:27,45007,1,-7.2080,-0.8615,0.0572,1.6820,4.6040,0,1.0000,-901,1,16.7398,1.6969,122.9388,-15.3597,168.8672,0.000,0.000,1.000,104.0787,-116.6640,69
2026-04-24,16:07:27,45043,1,-7.2000,-0.7834,0.0243,0.7152,4.6101,0,1.0000,-900,1,16.7786,2.4932,122.4187,-15.4755,168.9222,0.000,0.000,1.000,104.0787,-116.6640,69
2026-04-24,16:07:27,45079,1,-7.2000,-0.6273,0.0573,1.6844,4.6157,0,1.0000,-900,1,16.7699,-4.3991,122.6322,-0.3784,168.9054,0.000,0.000,1.000,104.0787,-116.6640,69
2026-04-24,16:07:27,45115,1,-7.2000,-0.8450,0.0557,1.6387,4.6210,0,1.0000,-900,1,16.5936,-0.9636,123.4742,16.7396,168.8569,0.000,0.000,1.000,102.9229,-114.8623,69
2026-04-24,16:07:27,45152,1,-7.2000,-0.8262,0.0392,1.1538,4.6272,0,1.0000,-900,1,16.8009,-4.0950,124.2750,22.7378,168.9781,0.000,0.000,1.000,101.8007,-112.9966,69
2026-04-24,16:07:27,45187,1,-7.2000,-0.8107,0.0500,1.4692,4.6328,0,1.0000,-900,1,16.4562,-5.9728,124.9742,21.0173,168.8151,0.000,0.000,1.000,102.1286,-113.6471,69
2026-04-24,16:07:27,45223,1,-7.2000,-0.9214,0.0345,1.0136,4.6394,0,1.0000,-900,1,16.7704,5.3179,125.3706,15.6465,168.9982,0.000,0.000,1.000,101.9027,-113.3692,69
2026-04-24,16:07:27,45259,1,-7.2000,-0.9024,0.0496,1.4601,4.6460,0,1.0000,-900,1,16.6051,-4.2691,125.6143,9.7428,168.8629,0.000,0.000,1.000,101.7092,-113.2702,69
2026-04-24,16:07:27,45296,1,-7.2000,-0.9104,0.0366,1.0769,4.6535,0,1.0000,-900,1,16.7765,2.4756,126.3080,18.8476,168.9974,0.000,0.000,1.000,101.3760,-113.0540,69
2026-04-24,16:07:28,45331,1,-7.2000,-0.5207,0.0429,1.2611,4.6593,0,1.0000,-900,1,16.6695,-0.9612,127.3431,26.4550,168.9784,0.000,0.000,1.000,100.9618,-112.6247,69
2026-04-24,16:07:28,45367,1,-7.2000,-0.8346,0.0486,1.4296,4.6649,0,1.0000,-900,1,16.6582,1.0860,128.1264,24.7717,168.9037,0.000,0.000,1.000,100.5430,-112.0070,69
2026-04-24,16:07:28,45403,1,-7.2000,-0.8010,0.0197,0.5795,4.6714,0,1.0000,-900,1,16.9108,8.0155,128.8568,23.0943,169.0122,0.000,0.000,1.000,100.2427,-111.5515,69
2026-04-24,16:07:28,45439,1,-7.2000,-0.2712,0.0464,1.3656,4.6757,0,1.0000,-900,1,16.8001,-3.5018,129.5203,20.5196,168.9457,0.000,0.000,1.000,100.3875,-111.8746,69
2026-04-24,16:07:28,45475,1,-7.1840,-0.6191,0.0505,1.4842,4.6794,0,1.0000,-898,1,16.6953,4.1118,130.2721,24.7141,168.9351,0.000,0.000,1.000,99.8476,-110.7795,69
2026-04-24,16:07:28,45511,1,-7.1840,-0.7538,0.0341,1.0019,4.6847,0,1.0000,-898,1,16.8007,-7.8793,131.2023,26.6293,168.9501,0.000,0.000,1.000,99.8225,-110.7235,69
2026-04-24,16:07:28,45551,1,-7.1600,-0.9028,0.0451,1.3260,4.6918,0,1.0000,-895,1,16.8987,1.7292,131.7605,25.6587,168.9505,0.000,0.000,1.000,100.0477,-110.9812,69
2026-04-24,16:07:28,45587,1,-7.1520,-0.9267,0.0323,0.9512,4.6990,0,1.0000,-894,1,16.6648,-8.6085,132.7770,28.4811,169.0693,0.000,0.000,1.000,100.0140,-110.9515,69
2026-04-24,16:07:28,45623,1,-7.1520,-0.4371,0.0442,1.2990,4.7042,0,1.0000,-894,1,16.9353,5.7452,133.3069,20.0955,168.9573,0.000,0.000,1.000,99.5995,-110.2215,69
2026-04-24,16:07:28,45659,1,-7.1520,-0.5063,0.0167,0.4925,4.7075,0,1.0000,-894,1,16.7635,0.2601,133.2445,4.4844,168.9255,0.000,0.000,1.000,97.5902,-106.1998,69
2026-04-24,16:07:28,45695,1,-3.4000,-0.2064,0.0420,1.2355,4.7098,0,1.0000,-425,1,16.8014,-10.3108,133.2822,3.0453,169.1146,0.000,0.000,1.000,96.3195,-103.6000,69
2026-04-24,16:07:28,45731,1,-3.4000,-0.3515,0.0184,0.5422,4.7117,0,1.0000,-425,1,16.6114,5.4080,133.1401,-4.0547,168.8485,0.000,0.000,1.000,94.8307,-100.3883,69
2026-04-24,16:07:28,45767,1,-0.2400,-0.1422,0.0147,0.4331,4.7133,0,1.0000,-30,1,16.8010,-7.2918,132.0565,-23.0763,169.0683,0.000,0.000,1.000,94.1628,-99.0240,69
2026-04-24,16:07:28,45803,1,0.0000,-0.0101,0.0269,0.7922,4.7141,0,1.0000,0,1,16.7835,10.5926,131.7331,-12.9607,169.0190,0.000,0.000,1.000,93.1738,-97.0080,69
2026-04-24,16:07:28,45840,1,0.0000,0.0123,0.0265,0.7803,4.7140,0,1.0000,0,1,16.6095,-8.6437,132.0257,2.3121,169.0212,0.000,0.000,1.000,92.7881,-96.3463,69
2026-04-24,16:07:28,45876,1,0.0000,0.0077,0.0262,0.7715,4.7140,0,1.0000,0,1,16.8111,6.7954,132.7049,14.5945,169.0268,0.000,0.000,1.000,92.7619,-96.5237,69
2026-04-24,16:07:28,45912,1,0.0000,-0.0021,0.0266,0.7832,4.7140,0,1.0000,0,1,16.5506,-4.9288,133.5064,21.5382,168.9621,0.000,0.000,1.000,92.6143,-96.5038,69
2026-04-24,16:07:28,45948,1,0.0000,0.0053,0.0247,0.7261,4.7140,0,1.0000,0,1,16.7784,6.5469,134.1284,19.6852,169.0145,0.000,0.000,1.000,92.4198,-96.3714,69
2026-04-24,16:07:28,45985,1,0.0000,0.0097,0.0255,0.7504,4.7140,0,1.0000,0,1,16.7759,1.6019,134.4908,12.9386,168.9464,0.000,0.000,1.000,92.4804,-96.8379,69
2026-04-24,16:07:28,46020,1,0.0000,0.0199,0.0224,0.6577,4.7139,0,1.0000,0,1,16.8451,0.5459,134.5627,6.1110,168.9263,0.000,0.000,1.000,92.2101,-96.4618,69
2026-04-24,16:07:28,46056,1,0.0000,0.0001,0.0220,0.6475,4.7138,0,1.0000,0,1,16.7370,0.9410,134.3688,-2.6752,168.9426,0.000,0.000,1.000,92.0234,-96.1828,69
2026-04-24,16:07:28,46092,1,0.0000,0.0125,0.0198,0.5820,4.7138,0,1.0000,0,1,16.7827,1.6421,133.9443,-9.7463,168.9249,0.000,0.000,0.997,91.3069,-94.2321,69
2026-04-24,16:07:28,46128,1,0.0000,-0.0172,0.0230,0.6754,4.7138,0,1.0000,0,1,17.0259,10.3000,133.5832,-10.9546,168.9315,0.000,0.000,0.994,90.4540,-91.5491,69
2026-04-24,16:07:28,46164,1,0.0000,-0.0000,0.0201,0.5903,4.7137,0,1.0000,0,1,17.2791,7.5091,133.1166,-12.9825,168.9326,0.000,0.000,0.990,89.7632,-89.1640,69
2026-04-24,16:07:28,46200,1,0.0000,0.0220,0.0182,0.5346,4.7137,0,1.0000,0,1,17.5554,8.5056,132.8774,-10.1662,168.9176,0.000,0.000,0.987,88.9229,-86.0192,69
2026-04-24,16:07:28,46236,1,0.0000,-0.0080,0.0194,0.5715,4.7137,0,1.0000,0,1,17.7184,6.2396,132.6464,-8.3533,168.9369,0.000,0.000,0.984,88.3643,-83.7150,69
2026-04-24,16:07:28,46272,1,0.0000,-0.0059,0.0185,0.5436,4.7136,0,1.0000,0,1,17.8881,5.3880,132.4958,-6.0643,168.9577,0.000,0.000,0.981,87.7203,-80.7933,69
2026-04-24,16:07:29,46308,1,0.0000,0.0082,0.0175,0.5156,4.7136,0,1.0000,0,1,18.0232,4.8594,132.3419,-5.6905,168.9455,0.000,0.000,0.978,87.2525,-78.4662,69
2026-04-24,16:07:29,46344,1,0.0000,0.0176,0.0175,0.5157,4.7136,0,1.0000,0,1,18.1507,4.3805,131.9319,-10.7517,168.9413,0.000,0.000,0.974,86.9731,-77.1689,69
2026-04-24,16:07:29,46380,1,0.0000,-0.0061,0.0185,0.5438,4.7136,0,1.0000,0,0,18.2500,3.3602,131.6246,-9.7875,168.9283,0.000,0.000,0.971,86.5976,-75.6115,69
2026-04-24,16:07:29,46416,1,0.0000,0.0029,0.0175,0.5155,4.7136,0,1.0000,0,0,18.3765,4.4756,131.3934,-8.6923,168.9180,0.000,0.000,0.968,86.5000,-75.1837,69
2026-04-24,16:07:29,46452,1,0.0000,0.0023,0.0182,0.5344,4.7135,0,1.0000,0,0,18.4654,3.3567,131.0925,-8.6825,168.9267,0.000,0.000,0.965,86.3139,-74.3616,69
2026-04-24,16:07:29,46490,1,0.0000,0.0017,0.0160,0.4693,4.7135,0,1.0000,0,0,18.4401,1.6227,131.1117,-6.6168,168.9427,0.000,0.000,0.963,86.1609,-73.5480,69
2026-04-24,16:07:29,46525,1,0.0000,0.0007,0.0169,0.4973,4.7135,0,1.0000,0,0,18.5804,4.7365,131.1819,-0.9234,168.9338,0.000,0.000,0.960,85.9333,-72.1619,69
2026-04-24,16:07:29,46561,1,0.0000,-0.0024,0.0159,0.4683,4.7135,0,1.0000,0,0,18.7182,4.2618,130.9752,-5.6156,168.9567,0.000,0.000,0.957,85.6341,-70.1586,69
2026-04-24,16:07:29,46598,1,0.0000,0.0097,0.0156,0.4594,4.7135,0,1.0000,0,0,18.8095,3.7286,130.7486,-6.3878,168.9680,0.000,0.000,0.954,85.6304,-68.9522,69
2026-04-24,16:07:29,46633,1,0.0000,-0.0044,0.0172,0.5064,4.7135,0,1.0000,0,0,18.9145,2.3858,130.4697,-8.2176,168.9541,0.000,0.000,0.950,85.6073,-67.6100,69
2026-04-24,16:07:29,46669,1,0.0000,0.0128,0.0150,0.4409,4.7135,0,1.0000,0,0,18.9919,3.2921,130.1901,-7.8982,168.9296,0.000,0.000,0.947,85.7346,-66.5302,69
2026-04-24,16:07:29,46705,1,0.0000,0.0145,0.0153,0.4501,4.7135,0,1.0000,0,0,19.0080,1.0112,129.9743,-7.0238,168.9148,0.000,0.000,0.944,85.6901,-65.0378,69
2026-04-24,16:07:29,46740,1,0.0000,-0.0034,0.0163,0.4787,4.7134,0,1.0000,0,0,19.0286,0.7857,129.8236,-5.5749,168.9229,0.000,0.000,0.941,85.7087,-63.6319,69
2026-04-24,16:07:29,46776,1,0.0000,0.0012,0.0147,0.4314,4.7134,0,1.0000,0,0,19.0477,2.2005,129.6979,-4.1818,168.9122,0.000,0.000,0.938,85.5552,-61.7025,69
2026-04-24,16:07:29,46812,1,0.0000,-0.0038,0.0147,0.4313,4.7134,0,1.0000,0,0,19.0745,1.7936,129.6003,-3.7899,168.8937,0.000,0.000,0.934,85.0959,-58.0950,69
2026-04-24,16:07:29,46848,1,0.0000,0.0054,0.0121,0.3563,4.7133,0,1.0000,0,0,19.1486,3.8738,129.4231,-4.4102,168.8954,0.000,0.000,0.931,84.5047,-53.9123,69
2026-04-24,16:07:29,46884,1,0.0000,0.0150,0.0128,0.3769,4.7133,0,1.0000,0,0,19.2770,4.0723,129.2798,-5.1005,168.8926,0.000,0.000,0.928,83.9465,-50.3754,69
2026-04-24,16:07:29,46920,1,0.0000,-0.0124,0.0144,0.4221,4.7133,0,1.0000,0,0,19.4387,5.0156,128.7866,-12.4075,168.8968,0.000,0.000,0.925,83.1137,-45.8286,69
2026-04-24,16:07:29,46956,1,0.0000,0.0054,0.0118,0.3466,4.7133,0,1.0000,0,0,19.5411,3.4315,128.0397,-19.9558,168.9014,0.000,0.000,0.922,82.6016,-43.2841,69
2026-04-24,16:07:29,46992,1,0.0000,-0.0003,0.0125,0.3666,4.7133,0,1.0000,0,0,19.6564,3.3685,127.3711,-20.3296,168.9015,0.000,0.000,0.918,82.0043,-40.7215,69
2026-04-24,16:07:29,47028,1,0.0000,0.0041,0.0115,0.3375,4.7133,0,1.0000,0,0,19.7657,3.9626,126.9647,-15.2647,168.8946,0.000,0.000,0.915,81.6961,-40.9402,69
2026-04-24,16:07:29,47064,1,0.0000,0.0109,0.0112,0.3299,4.7133,0,1.0000,0,0,19.8494,2.1642,126.4402,-16.9072,168.8993,0.000,0.000,0.912,81.6276,-41.8532,69
2026-04-24,16:07:29,47100,1,0.0000,0.0045,0.0112,0.3285,4.7133,0,1.0000,0,0,19.9298,2.4168,125.9530,-15.5093,168.8998,0.000,0.000,0.935,81.8728,-43.4813,69
2026-04-24,16:07:29,47136,1,0.0000,0.0095,0.0125,0.3666,4.7133,0,1.0000,0,0,19.9864,1.6053,125.6358,-12.1561,168.9088,0.000,0.000,0.967,82.1837,-44.6385,69
2026-04-24,16:07:29,47172,1,0.0000,0.0045,0.0128,0.3763,4.7133,0,1.0000,0,0,20.0258,1.3878,125.3499,-10.2441,168.8861,0.000,0.000,0.999,82.4196,-43.7406,69
2026-04-24,16:07:29,47208,1,0.0000,0.0022,0.0122,0.3583,4.7133,0,1.0000,0,0,20.0303,0.9035,125.1332,-8.1450,168.8773,0.000,0.000,1.000,82.7024,-41.5893,69
2026-04-24,16:07:29,47244,1,0.0000,0.0046,0.0118,0.3464,4.7133,0,1.0000,0,0,20.0458,0.0824,124.8664,-8.8471,168.8795,0.000,0.000,1.000,82.8957,-38.6356,69
2026-04-24,16:07:29,47280,1,0.0000,-0.0041,0.0124,0.3659,4.7133,0,1.0000,0,0,20.0724,1.1905,124.5281,-9.7823,168.8767,0.000,0.000,1.000,82.9579,-33.8958,69
2026-04-24,16:07:30,47316,1,0.0000,0.0010,0.0124,0.3651,4.7133,0,1.0000,0,0,20.1197,1.7291,124.3371,-7.3325,168.8732,0.000,0.000,1.000,83.0312,-30.7816,69
2026-04-24,16:07:30,47352,1,0.0000,0.0069,0.0112,0.3292,4.7133,0,1.0000,0,0,20.1832,2.1492,124.3030,-2.8723,168.8638,0.000,0.000,0.998,83.1846,-26.6208,69
2026-04-24,16:07:30,47388,1,0.0000,0.0005,0.0115,0.3382,4.7133,0,1.0000,0,0,20.2200,1.1337,124.6370,6.0074,168.8627,0.000,0.000,0.995,83.2496,-22.6396,69
2026-04-24,16:07:30,47424,1,0.0000,0.0028,0.0118,0.3472,4.7133,0,1.0000,0,0,20.2235,0.5293,124.7586,5.1833,168.8692,0.000,0.000,0.993,83.1758,-20.4525,69
2026-04-24,16:07:30,47459,1,0.0000,-0.0028,0.0134,0.3928,4.7133,0,1.0000,0,0,20.2672,1.9015,124.8407,3.2417,168.8588,0.000,0.000,0.990,83.0763,-16.9741,69
2026-04-24,16:07:30,47494,1,0.0000,0.0043,0.0121,0.3546,4.7133,0,1.0000,0,0,20.2892,1.3835,124.8187,0.1702,168.8702,0.000,0.000,0.986,83.0335,-15.2914,69
2026-04-24,16:07:30,47530,1,0.0000,-0.0114,0.0131,0.3861,4.7133,0,1.0000,0,0,20.3547,2.1419,124.4018,-8.3624,168.8632,0.000,0.000,0.983,82.9806,-15.5916,69
2026-04-24,16:07:30,47566,1,0.0000,-0.0068,0.0124,0.3659,4.7133,0,1.0000,0,0,20.4056,1.9146,124.2117,-6.5933,168.8510,0.000,0.000,0.980,82.9384,-16.5557,69
2026-04-24,16:07:30,47602,1,0.0000,0.0001,0.0124,0.3644,4.7133,0,1.0000,0,0,20.4680,2.2518,124.1724,-2.5004,168.8325,0.000,0.000,0.977,82.7933,-17.8627,69
2026-04-24,16:07:30,47638,1,0.0000,0.0030,0.0125,0.3674,4.7133,0,1.0000,0,0,20.4852,1.1209,124.1959,-0.2216,168.8301,0.000,0.000,0.974,82.6550,-18.2993,69
2026-04-24,16:07:30,47673,1,0.0000,0.0019,0.0124,0.3651,4.7133,0,1.0000,0,0,20.4883,0.4398,124.3704,3.3848,168.8303,0.000,0.000,0.970,82.6097,-17.9519,69
2026-04-24,16:07:30,47709,1,0.0000,-0.0024,0.0124,0.3659,4.7133,0,1.0000,0,0,20.5263,1.1835,124.5103,4.0334,168.8601,0.000,0.000,0.967,82.6676,-16.5188,69
2026-04-24,16:07:30,47745,1,0.0000,0.0073,0.0115,0.3382,4.7133,0,1.0000,0,0,20.5473,0.3850,124.6603,4.4542,168.8770,0.000,0.000,0.964,82.6152,-14.1675,69
2026-04-24,16:07:30,47781,1,0.0000,-0.0043,0.0127,0.3735,4.7133,0,1.0000,0,0,20.5249,-0.3842,124.5703,-0.4846,168.8668,0.000,0.000,0.961,82.5043,-11.6879,69
2026-04-24,16:07:30,47817,1,0.0000,0.0123,0.0118,0.3472,4.7132,0,1.0000,0,0,20.5480,0.8705,124.3676,-5.4011,168.8537,0.000,0.000,0.958,82.4800,-9.4434,69
2026-04-24,16:07:30,47853,1,0.0000,-0.0020,0.0121,0.3569,4.7133,0,1.0000,0,0,20.5726,1.7330,124.0285,-8.5161,168.8533,0.000,0.000,0.954,82.3096,-7.1832,69
2026-04-24,16:07:30,47889,1,0.0000,0.0015,0.0131,0.3846,4.7133,0,1.0000,0,0,20.6571,2.4803,123.7407,-8.7372,168.8430,0.000,0.000,0.951,82.0428,-6.4127,69
2026-04-24,16:07:30,47925,1,0.0000,0.0004,0.0131,0.3846,4.7133,0,1.0000,0,0,20.7344,3.0576,123.4647,-8.8487,168.8274,0.000,0.000,0.948,81.9673,-6.6318,69
2026-04-24,16:07:30,47961,1,0.0000,0.0092,0.0128,0.3756,4.7133,0,1.0000,0,0,20.7802,1.7809,123.0910,-11.1280,168.8549,0.000,0.000,0.945,82.0934,-8.0238,69
2026-04-24,16:07:30,47997,1,0.0000,0.0121,0.0108,0.3180,4.7133,0,1.0000,0,0,20.8072,0.1800,122.8696,-7.7117,168.8657,0.000,0.000,0.942,82.0678,-10.0413,69
2026-04-24,16:07:30,48032,1,0.0000,-0.0045,0.0132,0.3875,4.7133,0,1.0000,0,0,20.8214,0.8739,122.8651,-2.2870,168.8716,0.000,0.000,0.938,82.0871,-11.6639,69
2026-04-24,16:07:30,48068,1,0.0000,0.0019,0.0124,0.3659,4.7133,0,1.0000,0,0,20.8151,0.4197,122.9172,-0.4921,168.8743,0.000,0.000,0.935,82.2037,-12.9573,69
2026-04-24,16:07:30,48104,1,0.0000,0.0067,0.0115,0.3375,4.7133,0,1.0000,0,0,20.8346,0.7199,122.7853,-2.9274,168.8692,0.000,0.000,0.932,82.1590,-12.6783,69
2026-04-24,16:07:30,48140,1,0.0000,0.0041,0.0124,0.3659,4.7133,0,1.0000,0,0,20.8536,1.1575,122.6696,-3.3991,168.8564,0.000,0.000,0.929,81.9948,-11.2563,69
2026-04-24,16:07:30,48176,1,0.0000,0.0079,0.0114,0.3360,4.7133,0,1.0000,0,0,20.8861,0.6123,122.6553,-0.7806,168.8540,0.000,0.000,0.926,81.9215,-9.1818,69
2026-04-24,16:07:30,48212,1,0.0000,-0.0008,0.0124,0.3652,4.7133,0,1.0000,0,0,20.9167,1.2746,122.7858,1.6140,168.8244,0.000,0.000,0.922,81.9217,-6.1286,69
2026-04-24,16:07:30,48248,1,0.0000,0.0004,0.0131,0.3846,4.7133,0,1.0000,0,0,20.9511,1.3148,122.6810,-1.6051,168.8576,0.000,0.000,0.919,81.7656,-2.7084,69
2026-04-24,16:07:30,48284,1,0.0000,-0.0161,0.0124,0.3659,4.7133,0,1.0000,0,0,20.9396,0.2124,122.6842,-0.6101,168.8711,0.000,0.000,0.916,81.6369,-0.7591,69
2026-04-24,16:07:31,48320,1,0.0000,0.0048,0.0115,0.3375,4.7133,0,1.0000,0,0,20.9602,0.6751,122.6887,-0.2257,168.8804,0.000,0.000,0.913,81.4931,1.0333,69
2026-04-24,16:07:31,48358,1,0.0000,-0.0055,0.0137,0.4033,4.7133,0,1.0000,0,0,20.9399,-0.0535,122.6528,-0.5003,168.8847,0.000,0.000,0.910,81.3939,1.5357,69
2026-04-24,16:07:31,48394,1,0.0000,-0.0095,0.0118,0.3465,4.7133,0,1.0000,0,0,20.9892,1.1805,122.4954,-3.2014,168.8733,0.000,0.000,0.907,81.2963,0.7238,69
2026-04-24,16:07:31,48430,1,0.0000,0.0021,0.0122,0.3584,4.7133,0,1.0000,0,0,21.0177,0.6392,122.5346,0.1643,168.8696,0.000,0.000,0.904,81.2041,-1.2943,69
2026-04-24,16:07:31,48466,1,0.0000,0.0066,0.0119,0.3487,4.7133,0,1.0000,0,0,21.0236,-0.0295,122.8579,6.9246,168.8591,0.000,0.000,0.901,81.1639,-3.2193,69
2026-04-24,16:07:31,48502,1,0.0000,-0.0140,0.0111,0.3271,4.7133,0,1.0000,0,0,21.0522,1.1727,123.0765,6.1177,168.8625,0.000,0.000,0.898,81.0215,-5.7888,69
2026-04-24,16:07:31,48538,1,0.0000,0.0030,0.0118,0.3457,4.7133,0,1.0000,0,0,21.0587,0.1368,123.1536,3.5584,168.8639,0.000,0.000,0.894,80.7563,-7.6334,69
2026-04-24,16:07:31,48574,1,0.0000,-0.0147,0.0137,0.4026,4.7133,0,1.0000,0,0,21.0814,0.5859,123.1640,1.5642,168.8571,0.000,0.000,0.891,80.5373,-8.6811,69
2026-04-24,16:07:31,48610,1,0.0000,-0.0094,0.0122,0.3576,4.7133,0,1.0000,0,0,21.0837,0.4354,122.9622,-4.6721,168.8608,0.000,0.000,0.888,80.2372,-9.4179,69
2026-04-24,16:07:31,48646,1,0.0000,-0.0003,0.0119,0.3502,4.7133,0,1.0000,0,0,21.0928,0.3663,122.5850,-9.1428,168.8718,0.000,0.000,0.885,80.0040,-9.4803,69
2026-04-24,16:07:31,48682,1,0.0000,-0.0023,0.0115,0.3375,4.7133,0,1.0000,0,0,21.0984,0.3989,122.2105,-11.5159,168.8549,0.000,0.000,0.882,79.7680,-9.2462,69
2026-04-24,16:07:31,48718,1,0.0000,0.0059,0.0131,0.3838,4.7133,0,1.0000,0,0,21.1091,0.3510,121.9741,-7.6006,168.8357,0.000,0.000,0.878,79.4769,-8.7446,69
2026-04-24,16:07:31,48754,1,0.0000,-0.0064,0.0115,0.3382,4.7133,0,1.0000,0,0,21.1036,0.2529,122.1238,0.7545,168.8294,0.000,0.000,0.875,79.3014,-8.6277,69
2026-04-24,16:07:31,48790,1,0.0000,-0.0061,0.0118,0.3472,4.7133,0,1.0000,0,0,21.1033,-0.7952,122.4560,6.7797,168.8382,0.000,0.000,0.872,79.2225,-8.7264,69
2026-04-24,16:07:31,48826,1,0.0000,0.0005,0.0124,0.3644,4.7133,0,1.0000,0,0,21.1122,0.1657,122.5364,2.8153,168.8148,0.000,0.000,0.869,79.1427,-8.8153,69
2026-04-24,16:07:31,48862,1,0.0000,0.0076,0.0112,0.3300,4.7133,0,1.0000,0,0,21.1069,-0.1647,122.2484,-5.0405,168.8175,0.000,0.000,0.866,78.9193,-8.3969,69
2026-04-24,16:07:31,48898,1,0.0000,0.0048,0.0125,0.3674,4.7133,0,1.0000,0,0,21.1244,0.5752,122.1341,-3.7410,168.8257,0.000,0.000,0.862,78.6048,-8.1154,69
2026-04-24,16:07:31,48934,1,0.0000,0.0042,0.0109,0.3203,4.7132,0,1.0000,0,0,21.1155,-0.5507,122.0490,-2.3518,168.8327,0.000,0.000,0.859,78.2862,-8.0135,69
2026-04-24,16:07:31,48970,1,0.0000,0.0318,0.0093,0.2741,4.7132,0,1.0000,0,0,21.1315,0.5069,122.0339,-2.1973,168.8369,0.000,0.000,0.856,77.5263,-6.5113,69
2026-04-24,16:07:31,49006,1,0.0000,-0.0050,0.0103,0.3017,4.7131,0,1.0000,0,0,21.0934,-0.7240,121.6400,-8.8717,168.8189,0.000,0.000,0.853,76.4863,-3.3484,69
2026-04-24,16:07:31,49042,1,0.0000,-0.0017,0.0080,0.2359,4.7131,0,1.0000,0,0,21.0693,-0.2009,121.2662,-10.7360,168.8272,0.000,0.000,0.850,74.3381,-0.6038,69
2026-04-24,16:07:31,49078,1,0.0000,-0.0011,0.0090,0.2655,4.7131,0,1.0000,0,0,21.0798,1.0086,121.1685,-4.7366,168.8264,0.000,0.000,0.846,70.6628,3.3757,69
2026-04-24,16:07:31,49114,1,0.0000,-0.0096,0.0094,0.2754,4.7131,0,1.0000,0,0,21.0870,-0.0712,121.0629,-4.9835,168.8147,0.000,0.000,0.843,66.9033,4.5398,69
2026-04-24,16:07:31,49149,1,0.0000,-0.0087,0.0100,0.2952,4.7131,0,1.0000,0,0,21.1404,1.5227,120.8058,-7.8694,168.8053,0.000,0.000,0.840,62.5152,3.4120,69
2026-04-24,16:07:31,49185,1,0.0000,0.0017,0.0083,0.2447,4.7131,0,1.0000,0,0,21.1988,1.6017,120.3794,-12.5383,168.7935,0.000,0.000,0.837,56.3645,1.4473,69
2026-04-24,16:07:31,49221,1,0.0000,-0.0045,0.0090,0.2645,4.7131,0,1.0000,0,0,21.1995,0.3727,119.8758,-14.3732,168.8005,0.000,0.000,0.834,50.9038,-0.7930,69
2026-04-24,16:07:31,49257,1,0.0000,0.0108,0.0093,0.2732,4.7131,0,1.0000,0,0,21.1825,-0.3170,119.5678,-10.6360,168.7968,0.000,0.000,0.830,46.7449,-2.1104,69
2026-04-24,16:07:31,49296,1,0.0000,0.0082,0.0087,0.2557,4.7131,0,1.0000,0,0,21.1887,-0.0347,119.5524,-7.3783,168.8043,0.000,0.000,0.828,40.9674,-2.3777,69
2026-04-24,16:07:32,49332,1,0.0000,0.0081,0.0083,0.2447,4.7131,0,1.0000,0,0,21.1787,-0.0727,119.4416,-4.6928,168.8052,0.000,0.000,0.825,35.7760,-2.6589,69
2026-04-24,16:07:32,49368,1,0.0000,0.0016,0.0082,0.2413,4.7131,0,1.0000,0,0,21.1845,-0.3376,119.6305,3.0892,168.7941,0.000,0.000,0.822,32.2275,-2.2867,69
2026-04-24,16:07:32,49404,1,0.0000,0.0008,0.0087,0.2546,4.7131,0,1.0000,0,0,21.1951,0.4819,119.9520,7.5655,168.7944,0.000,0.000,0.818,28.2998,-2.9430,69
2026-04-24,16:07:32,49440,1,0.0000,0.0096,0.0086,0.2534,4.7131,0,1.0000,0,0,21.2209,0.8177,120.1127,5.8945,168.7977,0.000,0.000,0.815,25.3229,-2.4936,69
2026-04-24,16:07:32,49475,1,0.0000,0.0081,0.0092,0.2709,4.7131,0,1.0000,0,0,21.2310,0.5482,120.1800,4.0532,168.8060,0.000,0.000,0.812,23.4487,-1.5212,69
2026-04-24,16:07:32,49511,1,0.0000,-0.0025,0.0093,0.2744,4.7131,0,1.0000,0,0,21.2381,0.2949,120.2784,2.8559,168.8060,0.000,0.000,0.809,21.4972,-2.1849,69
2026-04-24,16:07:32,49547,1,0.0000,0.0082,0.0077,0.2260,4.7131,0,1.0000,0,0,21.2399,0.1431,120.3832,2.7158,168.7932,0.000,0.000,0.806,20.8150,-3.4648,69
2026-04-24,16:07:32,49583,1,0.0000,-0.0042,0.0090,0.2633,4.7131,0,1.0000,0,0,21.2329,0.2844,120.2264,-2.5220,168.7876,0.000,0.000,0.802,20.6116,-5.9188,69
2026-04-24,16:07:32,49619,1,0.0000,-0.0007,0.0080,0.2359,4.7131,0,1.0000,0,0,21.2453,0.2823,120.1761,-1.0196,168.7887,0.000,0.000,0.799,21.0893,-8.3403,69
2026-04-24,16:07:32,49655,1,0.0000,0.0055,0.0084,0.2458,4.7131,0,1.0000,0,0,21.2419,0.5334,120.6019,8.3595,168.8013,0.000,0.000,0.796,21.8463,-10.0525,69
2026-04-24,16:07:32,49691,1,0.0000,0.0052,0.0079,0.2336,4.7131,0,1.0000,0,0,21.2485,0.2016,120.6777,4.4557,168.8022,0.000,0.000,0.793,23.2107,-12.1728,69
2026-04-24,16:07:32,49727,1,0.0000,0.0039,0.0080,0.2348,4.7131,0,1.0000,0,0,21.2473,0.2774,120.9285,6.4328,168.8137,0.000,0.000,0.790,24.3848,-13.6573,69
2026-04-24,16:07:32,49763,1,0.0000,-0.0029,0.0093,0.2732,4.7131,0,1.0000,0,0,21.2610,0.4257,121.0929,5.4022,168.8080,0.000,0.000,0.786,26.6293,-15.8558,69
2026-04-24,16:07:32,49799,1,0.0000,0.0041,0.0083,0.2447,4.7131,0,1.0000,0,0,21.2655,-0.2110,120.9102,-1.6962,168.7895,0.000,0.000,0.783,29.3409,-17.7830,69
2026-04-24,16:07:32,49835,1,0.0000,-0.0104,0.0071,0.2074,4.7131,0,1.0000,0,0,21.2817,0.3863,120.5934,-7.4523,168.8003,0.000,0.000,0.780,31.0491,-18.8804,69
2026-04-24,16:07:32,49870,1,0.0000,0.0011,0.0080,0.2359,4.7131,0,1.0000,0,0,21.2859,0.3363,120.4202,-6.0970,168.8004,0.000,0.000,0.777,32.6078,-20.2183,69
2026-04-24,16:07:32,49906,1,0.0000,0.0073,0.0078,0.2308,4.7131,0,1.0000,0,0,21.2880,-0.0953,120.1689,-7.3117,168.8039,0.000,0.000,0.774,33.5045,-22.6291,69
2026-04-24,16:07:32,49942,1,0.0000,-0.0050,0.0087,0.2557,4.7131,0,1.0000,0,0,21.2788,-0.0037,120.0657,-4.5354,168.7920,0.000,0.000,0.770,33.8969,-25.7195,69
2026-04-24,16:07:32,49978,1,0.0000,0.0067,0.0077,0.2260,4.7131,0,1.0000,0,0,21.2867,0.3964,119.9745,-3.2026,168.7991,0.000,0.000,0.767,33.8336,-27.8563,69
2026-04-24,16:07:32,50014,1,0.0000,0.0064,0.0090,0.2657,4.7131,0,1.0000,0,0,21.3065,0.6548,120.0857,1.4739,168.7914,0.000,0.000,0.764,34.2385,-31.0523,69
2026-04-24,16:07:32,50050,1,0.0000,-0.0026,0.0074,0.2185,4.7131,0,1.0000,0,0,21.3113,0.1175,120.1674,2.0780,168.7865,0.000,0.000,0.761,34.0252,-33.7120,69
2026-04-24,16:07:32,50086,1,0.0000,-0.0110,0.0083,0.2447,4.7131,0,1.0000,0,0,21.3201,0.2521,120.2224,1.3627,168.7982,0.000,0.000,0.758,33.6627,-34.8914,69
2026-04-24,16:07:32,50122,1,0.0000,-0.0077,0.0086,0.2534,4.7131,0,1.0000,0,0,21.3256,0.3047,120.0257,-4.0153,168.7950,0.000,0.000,0.754,34.0101,-37.7954,69
2026-04-24,16:07:32,50158,1,0.0000,0.0158,0.0077,0.2272,4.7131,0,1.0000,0,0,21.3542,0.9295,119.6584,-8.9929,168.8040,0.000,0.000,0.751,34.4456,-39.5883,69
2026-04-24,16:07:32,50195,1,-0.1600,-0.0032,0.0093,0.2732,4.7131,0,1.0000,-20,1,21.3841,0.9388,119.4350,-7.4762,168.8090,0.000,0.000,0.748,35.9321,-42.6372,69
2026-04-24,16:07:32,50236,1,-0.1600,0.0078,0.0064,0.1875,4.7131,0,1.0000,-20,1,21.3631,-0.3837,119.4283,-4.6379,168.8128,0.000,0.000,0.746,38.1902,-45.4113,69
2026-04-24,16:07:32,50272,1,-0.1440,0.0013,0.0087,0.2569,4.7131,0,1.0000,-18,1,21.3782,0.4660,119.3739,-2.6437,168.8173,0.000,0.000,0.742,42.0241,-48.7755,69
2026-04-24,16:07:33,50308,1,-0.1440,-0.0106,0.0087,0.2557,4.7131,0,1.0000,-18,1,21.3982,1.2821,119.4495,0.6841,168.8148,0.000,0.000,0.739,44.7085,-48.5945,69
2026-04-24,16:07:33,50344,1,-0.1440,-0.0009,0.0087,0.2558,4.7131,0,1.0000,-18,1,21.4092,0.5214,119.6184,3.2842,168.8246,0.000,0.000,0.736,51.0563,-54.8983,69
2026-04-24,16:07:33,50381,1,-0.1600,0.0006,0.0080,0.2359,4.7131,0,1.0000,-20,1,21.4235,0.5422,119.5008,-1.9794,168.8389,0.000,0.000,0.733,54.8813,-59.2920,69
2026-04-24,16:07:33,50416,1,-0.1600,0.0011,0.0093,0.2732,4.7131,0,1.0000,-20,1,21.4306,0.0503,119.0475,-10.4887,168.8466,0.000,0.000,0.730,59.4791,-63.8566,69
2026-04-24,16:07:33,50452,1,-0.1600,0.0056,0.0081,0.2383,4.7131,0,1.0000,-20,1,21.4416,0.6948,118.9784,-3.6585,168.8448,0.000,0.000,0.726,68.1685,-72.3372,69
2026-04-24,16:07:33,50489,1,5.6880,-0.0119,0.0096,0.2820,4.7131,0,1.0000,711,1,21.3970,-3.0551,119.0860,0.4771,168.8339,0.000,0.000,0.723,72.9900,-76.5172,69
2026-04-24,16:07:33,50524,1,5.6880,7.3088,-0.0046,0.1355,4.6811,0,1.0000,711,1,21.5807,13.9538,119.0396,-2.2376,169.1431,0.000,0.000,0.720,75.2801,-78.4818,69
2026-04-24,16:07:33,50560,1,5.6880,5.3257,0.0328,0.9637,4.6354,0,1.0000,711,1,21.4898,-6.1327,118.6686,-9.3904,168.8960,0.000,0.000,0.717,78.2545,-80.9452,69
2026-04-24,16:07:33,50596,1,7.9920,6.9169,0.1056,3.1048,4.5894,0,1.0000,999,1,21.5495,1.8976,117.2385,-34.2942,169.1916,0.000,0.000,0.722,79.6670,-82.1196,69
2026-04-24,16:07:33,50632,1,7.9920,8.2524,-0.0149,0.4395,4.5254,0,1.0000,999,1,21.1022,-15.5366,115.6870,-44.0635,169.2287,0.000,0.000,0.737,78.4848,-81.4466,69
2026-04-24,16:07:33,50668,1,7.9920,8.0167,0.0151,0.4446,4.4651,0,1.0000,999,1,21.3458,0.1427,114.7226,-34.2484,169.1058,0.000,0.000,0.760,75.6899,-79.7029,69
2026-04-24,16:07:33,50705,1,7.9920,7.7303,0.0592,1.7403,4.4026,0,1.0000,999,1,22.9071,64.3367,114.4418,-17.8591,168.2568,0.000,0.000,0.792,73.8602,-78.8681,69
2026-04-24,16:07:33,50741,1,7.9920,7.8625,0.1225,3.6043,4.3459,0,1.0000,999,1,28.7383,85.0279,115.3626,14.1165,159.0823,0.000,0.000,0.824,64.3996,-70.2102,69
2026-04-24,16:07:33,50777,1,7.9920,7.9242,-0.0046,0.1356,4.2784,0,1.0000,999,1,27.5396,-221.1496,117.5026,49.6504,140.5649,0.000,0.000,0.838,77.1912,-79.6382,69
2026-04-24,16:07:33,50813,1,7.9920,7.2627,0.1193,3.5100,4.2195,0,1.0000,999,1,17.1477,-310.8932,119.6120,65.3494,143.7263,0.064,0.000,0.870,67.4212,-67.3875,69
2026-04-24,16:07:33,50849,1,7.9920,6.9671,0.3304,9.7177,4.1699,0,1.0000,999,1,4.5619,-303.0275,116.7468,-22.3979,127.8157,0.128,0.000,0.894,72.8083,-64.1695,69
2026-04-24,16:07:33,50885,1,7.9920,6.6941,0.4827,14.1965,4.1166,0,1.0000,999,1,14.8362,158.8212,124.3340,147.3731,103.5480,0.192,0.000,0.926,88.1873,-84.5948,69
2026-04-24,16:07:33,50922,1,7.9920,7.5025,0.5449,16.0252,4.0599,0,1.0000,999,1,4.3651,-175.2690,121.7269,-7.4461,98.0719,0.256,0.000,0.949,91.6388,-142.5791,69
2026-04-24,16:07:33,50958,1,7.9920,7.8905,0.5469,16.0852,4.0014,0,1.0000,999,1,12.3094,47.1157,123.8035,52.5281,76.3216,0.296,0.000,0.981,85.7261,64.9314,69
2026-04-24,16:07:33,50995,1,7.9920,8.8255,0.5116,15.0457,3.9362,0,1.0000,999,1,2.6120,-110.6841,121.4673,-33.8282,71.2758,0.360,0.000,0.986,82.7904,60.7728,69
2026-04-24,16:07:33,51031,1,7.9920,8.4920,0.4106,12.0770,3.8678,0,1.0000,999,1,8.2692,10.3444,121.2720,-9.8912,68.4499,0.400,0.000,1.000,82.0221,64.1942,69
2026-04-24,16:07:33,51067,1,7.9920,8.8368,0.2710,7.9708,3.8002,0,1.0000,999,1,-5.6327,-318.2798,120.8046,-21.1734,72.3486,0.464,0.000,0.998,78.6531,58.0914,69
2026-04-24,16:07:33,51104,1,7.9920,8.8043,0.1532,4.5057,3.7309,0,1.0000,999,1,-2.1713,70.3609,118.9882,-40.6677,74.4454,0.528,0.000,0.994,72.6120,47.9378,69
2026-04-24,16:07:33,51137,1,7.9920,8.5301,0.0928,2.7297,3.6877,0,1.0000,999,1,-0.5514,66.2704,117.9439,-38.3231,78.1303,0.560,0.000,0.993,65.2874,41.5153,69
2026-04-24,16:07:33,51173,1,7.9920,8.2738,0.0957,2.8134,3.6074,0,1.0000,999,1,-5.3941,-199.7871,121.5190,63.9462,89.3018,0.624,0.000,0.990,53.5525,34.2834,69
2026-04-24,16:07:33,51209,1,7.4080,8.7624,0.0268,0.7873,3.5432,0,1.0000,926,1,-10.2748,-252.9087,123.0487,29.4057,89.5793,0.664,0.000,0.986,44.9428,30.0816,69
2026-04-24,16:07:33,51245,1,7.4080,6.9982,0.0585,1.7203,3.4858,0,1.0000,926,1,-14.3216,71.6577,114.7384,-167.3515,61.5789,0.704,0.000,0.983,40.3223,32.8789,69
2026-04-24,16:07:33,51281,1,7.4080,7.2684,0.0643,1.8902,3.4297,0,1.0000,926,1,3.9063,498.0963,101.7169,-310.3432,27.4798,0.696,0.000,0.980,36.6602,38.1077,69
2026-04-24,16:07:34,51318,1,2.2880,5.2159,-0.1856,5.4601,3.3751,0,1.0000,286,1,16.4812,281.9799,97.0159,-181.7729,39.2980,0.664,0.000,1.000,34.7527,43.5527,69
2026-04-24,16:07:34,51354,1,2.2880,1.9742,0.0399,1.1728,3.3621,0,1.0000,286,1,24.3319,269.9896,99.5403,-16.1830,52.1592,0.632,0.000,1.000,35.6165,48.8743,69
2026-04-24,16:07:34,51391,1,2.2880,2.2265,0.0143,0.4196,3.3434,0,1.0000,286,1,22.4504,-148.2030,102.1146,47.0243,63.1300,0.600,0.000,1.000,36.1012,52.2743,69
2026-04-24,16:07:34,51427,1,3.4720,3.2138,0.0476,1.3989,3.3237,0,1.0000,434,1,12.6414,-212.7376,107.6097,133.3927,78.5339,0.616,0.000,1.000,38.6822,55.3376,69
2026-04-24,16:07:34,51463,1,3.4720,3.5223,0.0074,0.2162,3.2958,0,1.0000,434,1,6.3278,-218.5109,112.1795,136.0415,92.9657,0.584,0.000,0.997,39.6631,55.4592,69
2026-04-24,16:07:34,51499,1,3.4720,3.3524,0.0280,0.8246,3.2695,0,1.0000,472,1,1.2372,-70.2932,114.7612,99.5324,104.2392,0.576,0.000,0.994,41.2716,55.8817,69
2026-04-24,16:07:34,51536,1,0.0000,-0.0386,-0.0641,1.8860,3.2508,0,1.0000,0,1,-0.5055,-61.5049,114.1057,11.4055,114.7341,0.592,0.000,0.990,42.6279,56.4030,69
2026-04-24,16:07:34,51572,1,0.0000,-0.1126,0.0118,0.3459,3.2548,0,1.0000,0,1,2.0428,121.9445,110.7382,-71.4905,123.2980,0.560,0.000,0.987,42.9385,55.6181,69
2026-04-24,16:07:34,51608,1,0.0000,-0.0603,0.0045,0.1330,3.2547,0,1.0000,0,1,5.1819,102.0883,105.4342,-135.1716,130.4915,0.528,0.000,0.984,42.4737,54.0099,69
2026-04-24,16:07:34,51644,1,0.0000,0.0170,0.0013,0.0389,3.2546,0,1.0000,0,1,11.8173,204.6624,100.3823,-157.1712,136.7083,0.496,0.000,0.981,42.4869,52.7110,69
2026-04-24,16:07:34,51680,1,0.0000,0.0294,0.0027,0.0793,3.2546,0,1.0000,0,1,16.1632,135.9127,94.9704,-165.7382,141.6320,0.464,0.000,0.978,41.6222,51.0532,69
2026-04-24,16:07:34,51716,1,0.0000,0.0243,0.0030,0.0878,3.2546,0,1.0000,0,1,21.4944,142.4210,91.1329,-139.4593,146.2808,0.432,0.000,0.974,40.7202,50.2582,69
2026-04-24,16:07:34,51752,1,0.0000,0.0102,0.0012,0.0342,3.2546,0,1.0000,0,1,24.3118,89.4661,89.0590,-91.1658,149.4913,0.400,0.000,0.971,38.8261,48.5756,69
2026-04-24,16:07:34,51788,1,0.0000,0.0150,0.0031,0.0923,3.2547,0,1.0000,0,1,26.7518,51.0784,88.9999,-35.5774,152.8003,0.368,0.000,0.968,35.6266,45.8315,69
2026-04-24,16:07:34,51823,1,0.0000,0.0028,0.0045,0.1322,3.2546,0,1.0000,0,1,27.4605,25.8707,90.5895,21.9362,155.0362,0.336,0.000,0.965,32.7188,43.9480,69
2026-04-24,16:07:34,51859,1,0.0000,0.0021,0.0044,0.1293,3.2546,0,1.0000,0,1,27.1349,-26.0638,93.6494,69.4608,157.2974,0.304,0.000,0.962,28.1559,41.1051,69
2026-04-24,16:07:34,51895,1,0.0000,-0.0001,0.0027,0.0795,3.2546,0,1.0000,0,1,26.1402,-29.2002,97.6037,103.2905,158.9727,0.272,0.000,0.958,24.2861,39.2028,69
2026-04-24,16:07:34,51931,1,0.0000,0.0084,0.0032,0.0953,3.2546,0,1.0000,0,1,24.2554,-58.8391,101.3710,112.1552,160.4868,0.240,0.000,0.955,17.4661,35.4415,69
2026-04-24,16:07:34,51967,1,0.0000,0.0053,0.0013,0.0397,3.2546,0,1.0000,0,1,22.9940,-37.5744,104.8245,105.6656,161.8338,0.208,0.000,0.952,12.4478,31.8544,69
2026-04-24,16:07:34,52003,1,0.0000,0.0006,0.0030,0.0869,3.2546,0,1.0000,0,1,21.6036,-35.6141,107.3648,88.2534,162.6290,0.176,0.000,0.949,7.4427,26.9969,69
2026-04-24,16:07:34,52039,1,0.0000,-0.0016,0.0024,0.0720,3.2546,0,1.0000,0,1,21.1643,-13.2079,108.9313,58.3952,163.5595,0.144,0.000,0.946,5.7034,21.5248,69
2026-04-24,16:07:34,52077,1,0.0000,0.0046,0.0031,0.0924,3.2546,0,1.0000,0,1,20.8959,-9.6364,109.2764,42.5915,163.8521,0.120,0.000,0.943,6.2881,17.6323,69
2026-04-24,16:07:34,52113,1,0.0000,0.0028,0.0038,0.1109,3.2546,0,1.0000,0,1,21.0001,0.1779,109.3417,14.5446,164.5619,0.088,0.000,0.940,8.4988,13.5664,69
2026-04-24,16:07:34,52149,1,0.0000,-0.0027,0.0008,0.0232,3.2546,0,1.0000,0,0,21.2463,10.2455,109.2264,1.3423,165.0196,0.056,0.000,0.937,9.8133,11.7241,69
2026-04-24,16:07:34,52185,1,0.0000,0.0104,0.0013,0.0378,3.2546,0,1.0000,0,0,21.3754,1.5359,108.7531,-9.0335,165.3889,0.024,0.000,0.934,11.4425,10.7919,69
2026-04-24,16:07:34,52222,1,0.0000,-0.0005,0.0020,0.0583,3.2546,0,1.0000,0,0,21.5315,5.4830,108.5415,-8.2604,165.8745,0.000,0.000,0.930,13.5125,8.4317,69
2026-04-24,16:07:34,52257,1,0.0000,0.0076,0.0016,0.0480,3.2546,0,1.0000,0,0,21.4099,-3.4204,108.3703,-7.4496,166.0842,0.000,0.000,0.927,14.6584,7.7515,69
2026-04-24,16:07:34,52293,1,0.0000,0.0019,0.0010,0.0296,3.2546,0,1.0000,0,0,21.5374,3.8192,107.8792,-13.4024,166.3388,0.000,0.000,0.924,15.4135,7.5644,69
2026-04-24,16:07:35,52329,1,0.0000,-0.0177,0.0033,0.0980,3.2547,0,1.0000,0,0,21.4696,0.3672,107.7414,-7.4858,166.4737,0.000,0.000,0.921,15.2431,7.9313,69
2026-04-24,16:07:35,52365,1,0.0000,-0.0017,0.0012,0.0354,3.2547,0,1.0000,0,0,21.5522,0.4593,107.5898,-6.0677,166.5699,0.000,0.000,0.918,15.3436,7.7499,69
2026-04-24,16:07:35,52401,1,0.0000,0.0097,0.0015,0.0444,3.2546,0,1.0000,0,0,21.6088,4.8156,107.3392,-8.2832,166.7290,0.000,0.000,0.914,15.9275,8.4585,69
2026-04-24,16:07:35,52438,1,0.0000,0.0149,0.0010,0.0295,3.2546,0,1.0000,0,0,21.5930,-2.6345,107.0330,-8.7009,166.8058,0.000,0.000,0.911,16.5119,8.7361,69
2026-04-24,16:07:35,52473,1,0.0000,0.0070,0.0033,0.0970,3.2546,0,1.0000,0,0,21.6304,2.2177,106.8718,-6.9226,166.9401,0.000,0.000,0.908,17.0100,9.0051,69
2026-04-24,16:07:35,52509,1,0.0000,-0.0086,0.0033,0.0961,3.2546,0,1.0000,0,0,21.4549,-4.3943,106.5226,-9.8383,167.0441,0.000,0.000,0.905,17.1917,9.2283,69
2026-04-24,16:07:35,52544,1,0.0000,0.0016,0.0036,0.1071,3.2546,0,1.0000,0,0,21.4839,0.0342,106.3827,-5.9498,167.1248,0.000,0.000,0.902,17.5265,8.9464,69
2026-04-24,16:07:35,52580,1,0.0000,-0.0018,0.0033,0.0970,3.2546,0,1.0000,0,0,21.4289,1.0834,105.9876,-11.5652,167.1869,0.000,0.000,0.898,20.9530,5.1334,69
2026-04-24,16:07:35,52616,1,0.0000,0.0022,0.0015,0.0443,3.2546,0,1.0000,0,0,21.5060,-0.4699,105.4972,-13.7069,167.2481,0.000,0.000,0.895,22.8660,-1.1381,69
2026-04-24,16:07:35,52652,1,0.0000,0.0007,0.0027,0.0785,3.2546,0,1.0000,0,0,21.5360,2.6462,105.2184,-10.7464,167.3367,0.000,0.000,0.892,25.9262,-1.6419,69
2026-04-24,16:07:35,52688,1,0.0000,-0.0059,0.0046,0.1357,3.2547,0,1.0000,0,0,21.5012,-1.6151,105.2384,-3.3521,167.4013,0.000,0.000,0.889,27.4552,-0.4024,69
2026-04-24,16:07:35,52724,1,0.0000,-0.0021,0.0039,0.1154,3.2546,0,1.0000,0,0,21.5571,2.2048,105.4180,0.2955,167.4559,0.000,0.000,0.886,29.6140,-4.2452,69
2026-04-24,16:07:35,52760,1,0.0000,0.0052,0.0038,0.1108,3.2546,0,1.0000,0,0,21.4947,-0.4749,104.8678,-12.4916,167.4971,0.000,0.000,0.882,32.4576,-2.4422,69
2026-04-24,16:07:35,52796,1,0.0000,-0.0063,0.0036,0.1063,3.2547,0,1.0000,0,0,21.6498,3.5214,104.2754,-16.4903,167.2762,0.000,0.000,0.879,34.2505,-2.6347,69
2026-04-24,16:07:35,52832,1,0.0000,-0.0020,0.0033,0.0968,3.2547,0,1.0000,0,0,21.8601,6.6668,103.7824,-14.6407,167.2675,0.000,0.000,0.876,35.5052,-2.5801,69
2026-04-24,16:07:35,52868,1,0.0000,0.0054,0.0031,0.0923,3.2547,0,1.0000,0,0,22.0068,0.6765,103.8441,-3.0268,167.3514,0.000,0.000,0.873,35.9184,-3.8155,69
2026-04-24,16:07:35,52905,1,0.0000,-0.0089,0.0027,0.0802,3.2547,0,1.0000,0,0,21.9498,-2.2939,104.3565,9.7596,167.4127,0.000,0.000,0.870,35.7613,-4.0175,69
2026-04-24,16:07:35,52940,1,0.0000,0.0017,0.0039,0.1154,3.2547,0,1.0000,0,0,21.6170,-8.6403,104.8713,13.7348,167.3761,0.000,0.000,0.866,35.0354,-4.0932,69
2026-04-24,16:07:35,52976,1,0.0000,0.0007,0.0035,0.1015,3.2546,0,1.0000,0,0,21.5263,-3.2800,105.0457,7.1977,167.3302,0.000,0.000,0.863,34.4319,-3.4926,69
2026-04-24,16:07:35,53013,1,0.0000,0.0060,0.0037,0.1090,3.2546,0,1.0000,0,0,21.4650,-2.3489,105.0082,4.5736,167.3367,0.000,0.000,0.861,33.4445,-3.1039,69
2026-04-24,16:07:35,53049,1,0.0000,0.0026,0.0022,0.0647,3.2546,0,1.0000,0,0,21.3263,-5.4452,105.2849,7.3535,167.3951,0.000,0.000,0.858,32.3291,-3.0419,69
2026-04-24,16:07:35,53085,1,0.0000,0.0082,0.0027,0.0804,3.2546,0,1.0000,0,0,21.2271,-1.4975,105.5172,7.1133,167.4178,0.000,0.000,0.854,31.4456,-3.1250,69
2026-04-24,16:07:35,53121,1,0.0000,0.0027,0.0036,0.1071,3.2546,0,1.0000,0,0,21.1242,-3.2728,105.9925,12.4415,167.4045,0.000,0.000,0.851,30.4165,-3.4321,69
2026-04-24,16:07:35,53157,1,0.0000,-0.0149,0.0036,0.1051,3.2547,0,1.0000,0,0,21.1704,1.1833,106.2959,9.7726,167.4328,0.000,0.000,0.848,29.6546,-3.4778,69
2026-04-24,16:07:35,53192,1,0.0000,-0.0132,0.0030,0.0878,3.2547,0,1.0000,0,0,21.1867,1.2108,106.4457,6.0252,167.3976,0.000,0.000,0.845,28.7633,-3.4774,69
2026-04-24,16:07:35,53229,1,0.0000,-0.0029,0.0020,0.0602,3.2547,0,1.0000,0,0,21.2322,0.2602,105.8669,-11.0995,167.3788,0.000,0.000,0.842,28.2207,-3.3920,69
2026-04-24,16:07:35,53264,1,0.0000,-0.0025,0.0040,0.1173,3.2546,0,1.0000,0,0,21.2050,0.2815,105.4853,-11.0756,167.3951,0.000,0.000,0.838,27.7987,-3.6257,69
2026-04-24,16:07:36,53300,1,0.0000,-0.0124,0.0041,0.1218,3.2547,0,1.0000,0,0,21.2046,-0.4944,105.0797,-12.0959,167.3855,0.000,0.000,0.835,27.9924,-3.8314,69
2026-04-24,16:07:36,53336,1,0.0000,0.0050,0.0036,0.1071,3.2546,0,1.0000,0,0,21.2463,1.1507,104.3441,-20.5220,167.3717,0.000,0.000,0.832,28.4003,-4.1310,69
2026-04-24,16:07:36,53372,1,0.0000,-0.0051,0.0035,0.1025,3.2546,0,1.0000,0,0,21.2316,-0.2663,103.5855,-23.5281,167.3530,0.000,0.000,0.829,29.0104,-4.2922,69
2026-04-24,16:07:36,53409,1,0.0000,-0.0035,0.0026,0.0776,3.2547,0,1.0000,0,0,21.2696,1.2455,102.9383,-19.8116,167.3415,0.000,0.000,0.826,29.4100,-4.3525,69
2026-04-24,16:07:36,53444,1,0.0000,-0.0155,0.0027,0.0795,3.2547,0,1.0000,0,0,21.2358,-0.5218,102.6446,-12.8637,167.3341,0.000,0.000,0.822,29.7212,-4.1966,69
2026-04-24,16:07:36,53480,1,0.0000,0.0025,0.0039,0.1136,3.2546,0,1.0000,0,0,21.2610,-0.3425,102.9161,2.4618,167.3384,0.000,0.000,0.819,29.7876,-4.2803,69
2026-04-24,16:07:36,53516,1,0.0000,-0.0131,0.0011,0.0324,3.2547,0,1.0000,0,0,21.2393,0.2667,103.1221,3.5027,167.3399,0.000,0.000,0.816,29.6900,-4.2522,69
2026-04-24,16:07:36,53552,1,0.0000,0.0088,0.0039,0.1136,3.2546,0,1.0000,0,0,21.2049,-1.2265,103.5038,10.1330,167.3390,0.000,0.000,0.813,29.6263,-4.3328,69
2026-04-24,16:07:36,53588,1,0.0000,-0.0045,0.0033,0.0979,3.2546,0,1.0000,0,0,21.2241,0.4836,104.3302,20.8049,167.3568,0.000,0.000,0.810,29.6116,-4.2671,69
2026-04-24,16:07:36,53623,1,0.0000,-0.0021,0.0026,0.0776,3.2547,0,1.0000,0,0,21.2167,0.1018,104.6258,13.1625,167.3617,0.000,0.000,0.806,29.6589,-4.3668,69
2026-04-24,16:07:36,53659,1,0.0000,-0.0040,0.0022,0.0637,3.2546,0,1.0000,0,0,21.2338,0.7067,104.6739,4.6916,167.3660,0.000,0.000,0.803,29.6786,-4.5175,69
2026-04-24,16:07:36,53695,1,0.0000,-0.0153,0.0034,0.1014,3.2547,0,1.0000,0,0,21.2307,0.1749,104.4584,-2.5042,167.3361,0.000,0.000,0.800,29.6611,-4.5830,69
2026-04-24,16:07:36,53731,1,0.0000,0.0036,0.0019,0.0545,3.2546,0,1.0000,0,0,21.2403,0.2375,104.2545,-4.9558,167.3435,0.000,0.000,0.797,29.5421,-4.5853,69
2026-04-24,16:07:36,53767,1,0.0000,-0.0106,0.0037,0.1089,3.2547,0,1.0000,0,0,21.2530,0.6898,103.9285,-8.5305,167.3305,0.000,0.000,0.794,29.3913,-4.4588,69
2026-04-24,16:07:36,53803,1,0.0000,0.0001,0.0040,0.1164,3.2546,0,1.0000,0,0,21.2510,-0.2081,103.7374,-6.9042,167.3376,0.000,0.000,0.790,28.9042,-4.5989,69
2026-04-24,16:07:36,53839,1,0.0000,0.0015,0.0038,0.1127,3.2546,0,1.0000,0,0,21.2614,0.1364,104.0638,5.2505,167.3390,0.000,0.000,0.787,28.4337,-4.7062,69
2026-04-24,16:07:36,53875,1,0.0000,0.0041,0.0026,0.0776,3.2546,0,1.0000,0,0,21.2636,-0.2213,104.2520,5.4374,167.3276,0.000,0.000,0.784,28.2517,-4.8182,69
2026-04-24,16:07:36,53911,1,0.0000,0.0015,0.0028,0.0822,3.2546,0,1.0000,0,0,21.2822,0.6835,104.3492,3.3504,167.3146,0.000,0.000,0.781,28.2258,-4.8598,69
2026-04-24,16:07:36,53952,1,0.0000,0.0038,0.0018,0.0517,3.2546,0,1.0000,0,0,21.2786,0.2383,104.3707,2.5146,167.3251,0.000,0.000,0.778,28.2502,-4.9147,69
2026-04-24,16:07:36,53987,1,0.0000,-0.0082,0.0033,0.0969,3.2547,0,1.0000,0,0,21.2790,-0.0167,104.1878,-2.7649,167.3435,0.000,0.000,0.775,28.2669,-4.9273,69
2026-04-24,16:07:36,54023,1,0.0000,-0.0046,0.0033,0.0969,3.2547,0,1.0000,0,0,21.2686,-0.1070,104.2367,0.5029,167.3354,0.000,0.000,0.772,28.3057,-4.9026,69
2026-04-24,16:07:36,54059,1,0.0000,-0.0177,0.0022,0.0656,3.2547,0,1.0000,0,0,21.2629,-0.4244,104.3627,2.3385,167.3183,0.000,0.000,0.769,28.3068,-4.8854,69
2026-04-24,16:07:36,54095,1,0.0000,-0.0030,0.0031,0.0915,3.2547,0,1.0000,0,0,21.2634,-0.0568,104.1062,-5.1008,167.3099,0.000,0.000,0.766,28.3111,-4.8857,69
2026-04-24,16:07:36,54131,1,0.0000,0.0023,0.0039,0.1136,3.2546,0,1.0000,0,0,21.2725,0.0451,103.9637,-4.3117,167.2971,0.000,0.000,0.762,28.3422,-4.8732,69
2026-04-24,16:07:36,54167,1,0.0000,0.0169,0.0036,0.1054,3.2546,0,1.0000,0,0,21.2744,0.0324,103.7753,-7.0075,167.2956,0.000,0.000,0.759,28.3609,-4.8976,69
2026-04-24,16:07:36,54203,1,0.0000,0.0076,0.0017,0.0499,3.2546,0,1.0000,0,0,21.2775,0.0697,103.2596,-12.6850,167.3070,0.000,0.000,0.756,28.3775,-4.9782,69
2026-04-24,16:07:36,54239,1,0.0000,-0.0044,0.0036,0.1071,3.2547,0,1.0000,0,0,21.2883,0.1772,102.8646,-12.5945,167.2793,0.000,0.000,0.753,28.3626,-4.9688,69
2026-04-24,16:07:36,54275,1,0.0000,0.0024,0.0013,0.0379,3.2546,0,1.0000,0,0,21.2853,-0.0385,102.6874,-7.4180,167.2744,0.000,0.000,0.750,28.2931,-4.9492,69
2026-04-24,16:07:37,54311,1,0.0000,-0.0150,0.0036,0.1063,3.2547,0,1.0000,0,0,21.2849,-0.1948,102.8750,1.3423,167.2930,0.000,0.000,0.746,28.1845,-4.9100,69
2026-04-24,16:07:37,54347,1,0.0000,-0.0029,0.0039,0.1154,3.2546,0,1.0000,0,0,21.2776,-0.3696,102.9254,0.4810,167.2788,0.000,0.000,0.743,28.1103,-4.9143,69
2026-04-24,16:07:37,54383,1,0.0000,0.0054,0.0029,0.0859,3.2546,0,1.0000,0,0,21.2713,-0.6162,102.8418,-0.2734,167.2958,0.000,0.000,0.740,28.0361,-4.9575,69
2026-04-24,16:07:37,54419,1,0.0000,0.0028,0.0029,0.0841,3.2546,0,1.0000,0,0,21.2778,-0.0471,103.3931,12.3956,167.2844,0.000,0.000,0.737,28.0354,-4.9344,69
2026-04-24,16:07:37,54455,1,0.0000,-0.0034,0.0030,0.0878,3.2547,0,1.0000,0,0,21.2792,0.2208,104.0606,16.3131,167.2650,0.000,0.000,0.734,28.0439,-5.0354,69
2026-04-24,16:07:37,54491,1,0.0000,-0.0075,0.0034,0.1006,3.2547,0,1.0000,0,0,21.2702,-0.5657,104.0682,4.8980,167.2668,0.000,0.000,0.730,28.0718,-5.0610,69
2026-04-24,16:07:37,54527,1,0.0000,-0.0062,0.0038,0.1127,3.2547,0,1.0000,0,0,21.2859,0.4707,103.8889,-2.2151,167.2545,0.000,0.000,0.727,28.0754,-5.0899,69
2026-04-24,16:07:37,54563,1,0.0000,-0.0113,0.0016,0.0463,3.2547,0,1.0000,0,0,21.2928,0.0847,103.6515,-5.6919,167.2561,0.000,0.000,0.724,28.1516,-5.0975,69
2026-04-24,16:07:37,54599,1,0.0000,-0.0033,0.0017,0.0500,3.2546,0,1.0000,0,0,21.2839,0.1845,103.5102,-4.9048,167.2637,0.000,0.000,0.721,28.2279,-5.1215,69
2026-04-24,16:07:37,54635,1,0.0000,-0.0001,0.0033,0.0961,3.2546,0,1.0000,0,0,21.2917,0.7014,103.5331,-0.6744,167.2703,0.000,0.000,0.718,28.2123,-5.1664,69
2026-04-24,16:07:37,54671,1,0.0000,-0.0022,0.0007,0.0195,3.2546,0,1.0000,0,0,21.2874,-0.4139,103.4886,-1.7050,167.2760,0.000,0.000,0.714,28.1979,-5.2267,69
2026-04-24,16:07:37,54707,1,0.0000,0.0018,0.0030,0.0868,3.2546,0,1.0000,0,0,21.2743,-0.0155,103.3885,-2.4999,167.2757,0.000,0.000,0.711,28.2295,-3.7452,69
2026-04-24,16:07:37,54743,1,0.0000,0.0041,0.0009,0.0259,3.2546,0,1.0000,0,0,21.2859,-0.5072,103.5051,1.7314,167.2897,0.000,0.000,0.708,26.7781,-3.7103,69
2026-04-24,16:07:37,54779,1,0.0000,-0.0034,0.0026,0.0757,3.2547,0,1.0000,0,0,21.2874,-0.3699,103.5729,0.4631,167.2691,0.000,0.000,0.705,24.8901,-8.2005,69
2026-04-24,16:07:37,54815,1,0.0000,-0.0049,0.0008,0.0241,3.2546,0,1.0000,0,0,21.2558,-0.7878,102.9845,-13.6135,167.2801,0.000,0.000,0.702,24.8019,-11.5123,69
2026-04-24,16:07:37,54851,1,0.0000,-0.0052,0.0040,0.1172,3.2547,0,1.0000,0,0,21.2573,-0.1670,102.0080,-23.8943,167.2905,0.000,0.000,0.698,25.3654,-12.7400,69
2026-04-24,16:07:37,54885,1,0.0000,0.0070,0.0037,0.1090,3.2546,0,1.0000,0,0,21.2578,-0.1222,101.8688,-19.9009,167.2924,0.000,0.000,0.697,26.2720,-16.1502,69
2026-04-24,16:07:37,54921,1,0.0000,-0.0133,0.0039,0.1146,3.2547,0,1.0000,0,0,21.2646,0.5084,101.8656,-5.5349,167.2946,0.000,0.000,0.694,30.1881,-21.4965,69
2026-04-24,16:07:37,54957,1,0.0000,-0.0072,0.0037,0.1089,3.2547,0,1.0000,0,0,21.2622,0.1472,102.3668,9.1071,167.3033,0.000,0.000,0.690,32.7467,-25.0307,69
2026-04-24,16:07:37,54993,1,0.0000,-0.0028,0.0003,0.0093,3.2547,0,1.0000,0,0,21.2677,-0.6199,102.8864,12.5625,167.2928,0.000,0.000,0.687,36.1108,-29.4338,69
2026-04-24,16:07:37,55029,1,0.0000,0.0146,0.0022,0.0656,3.2546,0,1.0000,0,0,21.2660,0.3124,103.0661,8.5389,167.2840,0.000,0.000,0.684,39.8312,-33.8706,69
2026-04-24,16:07:37,55066,1,0.0000,-0.0049,0.0045,0.1338,3.2547,0,1.0000,0,0,21.2573,-0.3570,103.7566,18.1873,167.2971,0.000,0.000,0.681,44.3992,-38.0538,69
2026-04-24,16:07:37,55101,1,0.0000,0.0001,0.0025,0.0749,3.2546,0,1.0000,0,0,21.2698,0.4420,104.5783,22.5865,167.2991,0.000,0.000,0.678,49.4494,-42.1503,69
2026-04-24,16:07:37,55137,1,0.0000,-0.0055,0.0027,0.0803,3.2547,0,1.0000,0,0,21.2592,-0.4129,105.0761,16.9610,167.3134,0.000,0.000,0.674,55.8614,-45.0901,69
2026-04-24,16:07:37,55173,1,0.0000,0.0013,0.0035,0.1025,3.2546,0,1.0000,0,0,21.2625,-0.0883,105.0908,4.5133,167.3082,0.000,0.000,0.671,63.6289,-52.2260,69
2026-04-24,16:07:37,55209,1,0.0000,-0.0058,0.0038,0.1116,3.2547,0,1.0000,0,0,21.2620,-0.0859,104.7556,-3.9305,167.3165,0.000,0.000,0.668,66.5665,-55.2129,69
2026-04-24,16:07:37,55245,1,0.0000,0.0054,0.0007,0.0194,3.2546,0,1.0000,0,0,21.2742,0.2953,104.9050,2.6608,167.3159,0.000,0.000,0.665,71.4896,-60.3610,69
2026-04-24,16:07:37,55281,1,0.0000,0.0007,0.0030,0.0878,3.2546,0,1.0000,0,0,21.2872,0.0804,105.0430,2.9372,167.3014,0.000,0.000,0.662,75.0412,-65.2711,69
2026-04-24,16:07:38,55317,1,0.0000,0.0011,0.0008,0.0250,3.2546,0,1.0000,0,0,21.3033,0.1269,104.6941,-6.5360,167.2921,0.000,0.000,0.658,78.1890,-70.2167,69
2026-04-24,16:07:38,55352,1,0.0000,0.0037,0.0020,0.0582,3.2546,0,1.0000,0,0,21.3068,0.2305,104.6030,-3.5228,167.2993,0.000,0.000,0.655,83.5007,-78.9343,69
2026-04-24,16:07:38,55388,1,0.0000,-0.0038,0.0047,0.1376,3.2546,0,1.0000,0,0,21.3210,0.6797,104.8483,3.8896,167.2943,0.000,0.000,0.652,87.7987,-86.1261,69
2026-04-24,16:07:38,55424,1,0.0000,0.0148,0.0016,0.0480,3.2546,0,1.0000,0,0,21.3164,-0.0123,105.5000,15.8642,167.2864,0.000,0.000,0.649,89.9924,-89.9864,69
2026-04-24,16:07:38,55460,1,0.0000,0.0065,0.0020,0.0581,3.2546,0,1.0000,0,0,21.3045,-0.0596,105.9391,13.1229,167.2779,0.000,0.000,0.646,95.5564,-100.0054,69
2026-04-24,16:07:38,55496,1,0.0000,-0.0166,0.0032,0.0930,3.2547,0,1.0000,0,0,21.2955,-0.6361,105.7449,-0.5802,167.2825,0.000,0.000,0.642,99.6895,-107.2108,69
2026-04-24,16:07:38,55532,1,0.0000,0.0043,0.0012,0.0361,3.2546,0,1.0000,0,0,21.3035,0.6027,105.5254,-2.3223,167.2381,0.000,0.000,0.639,103.1718,-111.0968,69
2026-04-24,16:07:38,55568,1,0.0000,-0.0039,0.0036,0.1070,3.2547,0,1.0000,0,0,21.4270,3.7933,105.6729,1.9598,167.1191,0.000,0.000,0.636,106.3639,-112.2895,69
2026-04-24,16:07:38,55604,1,0.0000,0.0140,0.0046,0.1359,3.2546,0,1.0000,0,0,21.5677,3.7177,105.6383,-0.2864,167.1699,0.000,0.000,0.633,109.2806,-113.3655,69
2026-04-24,16:07:38,55640,1,0.0000,-0.0086,0.0037,0.1087,3.2547,0,1.0000,0,0,21.8586,7.8768,105.1031,-11.7756,166.5726,0.000,0.000,0.630,111.5036,-112.5978,69
2026-04-24,16:07:38,55676,1,0.0000,-0.0265,0.0042,0.1248,3.2548,0,1.0000,0,0,22.9478,32.6994,104.1636,-22.2649,164.9084,0.000,0.000,0.626,112.3743,-111.8510,69
2026-04-24,16:07:38,55712,1,0.0000,0.0056,0.0051,0.1513,3.2548,0,1.0000,0,0,24.7204,44.0905,102.8884,-25.9262,163.2588,0.000,0.000,0.623,117.0874,-115.5804,69
2026-04-24,16:07:38,55748,1,0.0000,0.0103,0.0058,0.1698,3.2548,0,1.0000,0,0,26.4204,32.5134,103.1099,7.8602,162.9563,0.000,0.000,0.620,120.1739,-118.7756,69
2026-04-24,16:07:38,55784,1,0.0000,0.0116,0.0033,0.0962,3.2547,0,1.0000,0,0,26.5568,-9.3710,105.2710,58.0600,163.1996,0.000,0.000,0.617,121.9816,-121.2103,69
2026-04-24,16:07:38,55818,1,0.0000,0.0013,0.0047,0.1390,3.2548,0,1.0000,0,0,26.9308,-0.2742,104.1186,37.1474,162.8826,0.000,0.000,0.615,124.3476,-124.5690,69
2026-04-24,16:07:38,55854,1,0.0000,0.0003,0.0048,0.1411,3.2547,0,1.0000,0,0,24.6748,-66.0626,108.0504,98.4087,163.6889,0.000,0.000,0.612,124.0761,-124.8595,69
2026-04-24,16:07:38,55891,1,0.0000,0.0112,0.0051,0.1494,3.2547,0,1.0000,0,0,21.9549,-80.5990,112.2058,124.4463,164.6047,0.000,0.000,0.609,124.4150,-126.1166,69
2026-04-24,16:07:38,55926,1,0.0000,0.0134,0.0037,0.1102,3.2547,0,1.0000,0,0,19.2776,-77.0523,115.7488,116.9630,165.5865,0.000,0.000,0.606,124.5311,-126.6481,69
2026-04-24,16:07:38,55962,1,0.0000,-0.0039,0.0046,0.1350,3.2547,0,1.0000,0,0,16.9510,-61.2689,118.4779,95.7901,166.2666,0.000,0.000,0.602,125.4084,-127.7869,69
2026-04-24,16:07:38,55998,1,0.0000,-0.0039,0.0031,0.0922,3.2547,0,1.0000,0,0,15.4168,-37.2115,119.8976,60.2838,166.7303,0.000,0.000,0.599,124.6849,-126.7661,69
2026-04-24,16:07:38,56034,1,0.0000,0.0066,0.0025,0.0738,3.2547,0,1.0000,0,0,14.7961,-8.0952,120.0006,20.0673,167.1353,0.000,0.000,0.596,123.5445,-125.7750,69
2026-04-24,16:07:38,56070,1,0.0000,0.0067,0.0028,0.0815,3.2547,0,1.0000,0,0,15.0317,15.3802,118.9096,-17.1799,167.4971,0.000,0.000,0.593,122.1378,-126.2273,69
2026-04-24,16:07:38,56106,1,0.0000,0.0012,0.0034,0.1005,3.2547,0,1.0000,0,0,16.1516,39.6261,116.9451,-50.0829,167.8018,0.000,0.000,0.590,120.1231,-126.1764,69
2026-04-24,16:07:38,56142,1,0.0000,0.0144,0.0027,0.0789,3.2547,0,1.0000,0,0,17.6313,48.3071,114.6479,-67.0915,168.0653,0.000,0.000,0.586,116.1024,-123.2962,69
2026-04-24,16:07:38,56178,1,0.0000,-0.0008,0.0041,0.1209,3.2547,0,1.0000,0,0,19.2289,48.1224,112.5126,-68.7658,168.2652,0.000,0.000,0.583,112.1744,-118.8188,69
2026-04-24,16:07:38,56214,1,0.0000,-0.0054,0.0035,0.1044,3.2547,0,1.0000,0,0,20.5914,40.4902,110.8685,-59.5100,168.4063,0.000,0.000,0.580,109.3990,-116.1264,69
2026-04-24,16:07:38,56250,1,0.0000,0.0040,0.0037,0.1103,3.2547,0,1.0000,0,0,21.7764,34.2504,109.7488,-45.6422,168.3244,0.000,0.000,0.577,105.6670,-110.8105,69
2026-04-24,16:07:38,56286,1,0.0000,-0.0272,0.0045,0.1329,3.2548,0,1.0000,0,0,23.5140,50.4396,108.9695,-32.8378,167.6986,0.000,0.000,0.574,104.9017,-109.5334,69
2026-04-24,16:07:39,56322,1,0.0000,-0.0023,0.0055,0.1616,3.2548,0,1.0000,0,0,25.3402,42.5860,108.9833,-8.9912,167.5768,0.000,0.000,0.570,104.2011,-108.8951,69
2026-04-24,16:07:39,56358,1,0.0000,0.0129,0.0049,0.1432,3.2547,0,1.0000,0,0,25.9642,2.4513,110.3539,25.4132,167.8564,0.000,0.000,0.567,106.6936,-113.3742,69
2026-04-24,16:07:39,56394,1,0.0000,0.0007,0.0038,0.1125,3.2547,0,1.0000,0,0,24.7506,-40.6030,112.6902,56.5358,167.9719,0.000,0.000,0.564,109.1656,-117.6439,69
2026-04-24,16:07:39,56430,1,0.0000,0.0123,0.0049,0.1452,3.2547,0,1.0000,0,0,22.5371,-69.2292,115.3384,73.1211,168.0132,0.000,0.000,0.561,110.4373,-120.3615,69
2026-04-24,16:07:39,56466,1,0.0000,0.0085,0.0046,0.1350,3.2547,0,1.0000,0,0,20.1614,-66.2072,117.8814,77.8764,167.9604,0.000,0.000,0.558,110.4210,-120.6561,69
2026-04-24,16:07:39,56502,1,0.0000,0.0137,0.0033,0.0961,3.2547,0,1.0000,0,0,18.2545,-51.4235,119.9135,69.2939,167.8369,0.000,0.000,0.554,111.1441,-122.7208,69
2026-04-24,16:07:39,56538,1,-0.3920,-0.0030,0.0042,0.1228,3.2547,0,1.0000,-49,1,17.3175,-23.5095,121.3428,51.6383,167.7993,0.000,0.000,0.551,111.0862,-123.6209,69
2026-04-24,16:07:39,56574,1,-0.3920,0.0031,0.0051,0.1494,3.2547,0,1.0000,-49,1,16.9477,-4.4532,121.6099,21.5961,167.7615,0.000,0.000,0.548,111.6396,-125.3618,69
2026-04-24,16:07:39,56611,1,-0.3920,0.0035,0.0045,0.1310,3.2547,0,1.0000,-49,1,17.3038,12.3495,121.0075,-5.8670,167.7776,0.000,0.000,0.545,111.4861,-126.1789,69
2026-04-24,16:07:39,56648,1,-4.1360,0.0001,0.0047,0.1392,3.2547,0,1.0000,-517,1,17.9860,22.8252,119.9498,-23.3333,167.7660,0.000,0.000,0.542,110.6267,-126.0621,69
2026-04-24,16:07:39,56683,1,-4.1360,0.0036,0.0049,0.1452,3.2547,0,1.0000,-517,1,18.6460,19.0166,118.8469,-31.1842,167.7521,0.000,0.000,0.538,109.5865,-125.4925,69
2026-04-24,16:07:39,56722,1,-5.2000,-0.0081,0.0039,0.1146,3.2547,0,1.0000,-650,1,18.9569,12.4225,118.5486,-23.7220,167.7663,0.000,0.000,0.536,109.0180,-126.1974,69
2026-04-24,16:07:39,56759,1,-5.2000,0.0091,0.0038,0.1104,3.2547,0,1.0000,-650,1,19.3212,12.3382,117.5768,-27.6562,167.6754,0.000,0.000,0.533,107.5173,-125.3494,69
2026-04-24,16:07:39,56795,1,-5.2000,0.0121,0.0040,0.1188,3.2547,0,1.0000,-650,1,19.7552,11.7664,116.8621,-23.8544,167.6574,0.000,0.000,0.530,106.9769,-124.9062,69
2026-04-24,16:07:39,56832,1,-6.7120,0.0007,0.0039,0.1146,3.2547,0,1.0000,-839,1,20.2170,13.3834,116.4397,-15.9864,167.5827,0.000,0.000,0.526,107.3125,-126.2133,69
2026-04-24,16:07:39,56867,1,-6.7120,-0.0068,0.0041,0.1207,3.2547,0,1.0000,-839,1,20.7364,12.1965,116.2141,-9.7867,167.6310,0.000,0.000,0.523,109.6220,-131.2551,69
2026-04-24,16:07:39,56903,1,-6.7120,0.0006,0.0045,0.1330,3.2547,0,1.0000,-839,1,20.8290,-0.1187,116.3693,-0.0760,167.7284,0.000,0.000,0.520,112.1324,-136.2160,69
2026-04-24,16:07:39,56940,1,-6.7200,-0.0018,0.0039,0.1146,3.2547,0,1.0000,-840,1,20.3154,-13.2953,116.8198,8.9882,167.6770,0.000,0.000,0.517,114.4939,-140.3473,69
2026-04-24,16:07:39,56976,1,-6.7200,-0.0030,0.0050,0.1473,3.2547,0,1.0000,-840,1,19.8638,-14.8161,116.9649,5.1599,167.6830,0.000,0.000,0.514,115.9312,-142.9837,69
2026-04-24,16:07:39,57012,1,-6.7200,0.0147,0.0035,0.1023,3.2547,0,1.0000,-840,1,19.4494,-10.2764,116.7519,-2.7742,167.6732,0.000,0.000,0.510,119.6918,-149.4902,69
2026-04-24,16:07:39,57049,1,-6.7280,0.0046,0.0041,0.1207,3.2547,0,1.0000,-841,1,19.1579,-8.2475,116.5514,-4.6164,167.6497,0.000,0.000,0.507,122.7848,-154.2709,69
2026-04-24,16:07:39,57085,1,-6.7280,-0.0086,0.0047,0.1391,3.2547,0,1.0000,-841,1,19.1781,1.4878,116.2836,-7.5039,167.5520,0.000,0.000,0.504,124.7260,-155.5508,69
2026-04-24,16:07:39,57121,1,-6.7280,-0.0034,0.0053,0.1557,3.2548,0,1.0000,-841,1,19.5565,11.8533,115.9103,-9.0379,167.3823,0.000,0.000,0.501,126.1966,-154.9988,69
2026-04-24,16:07:39,57157,1,-6.7600,-0.0082,0.0062,0.1821,3.2548,0,1.0000,-845,1,20.4876,25.8673,116.0755,0.6478,167.2880,0.000,0.000,0.498,127.1566,-153.2914,69
2026-04-24,16:07:39,57194,1,-6.7600,-0.0142,0.0103,0.3017,3.2550,0,1.0000,-845,1,21.4298,20.0775,116.3240,6.5631,166.6264,0.000,0.000,0.494,126.8378,-151.4056,69
2026-04-24,16:07:39,57229,1,-6.7600,0.0115,0.0117,0.3455,3.2551,0,1.0000,-845,1,22.2762,21.6843,116.3893,6.5448,165.9980,0.000,0.000,0.491,126.1488,-150.7093,69
2026-04-24,16:07:39,57266,1,-6.7600,-0.0948,0.0199,0.5847,3.2553,0,1.0000,-845,1,22.0296,-14.3077,116.5206,10.5868,165.7268,0.000,0.000,0.488,124.1471,-147.0984,69
2026-04-24,16:07:40,57302,1,-6.7600,-0.2266,0.0309,0.9087,3.2568,0,1.0000,-845,1,19.5661,-66.5555,117.2399,21.7060,166.2793,0.048,0.000,0.494,121.9057,-146.1418,69
2026-04-24,16:07:40,57338,1,-6.8880,-0.4400,0.0271,0.7963,3.2593,0,1.0000,-861,1,18.5661,-44.5962,117.9021,20.1935,166.9536,0.040,0.000,0.526,119.6236,-146.6125,69
2026-04-24,16:07:40,57374,1,-7.1440,-0.5014,0.0363,1.0679,3.2631,0,1.0000,-893,1,18.9336,40.9022,118.3708,16.9167,167.4982,0.056,0.000,0.558,119.3628,-147.6096,69
2026-04-24,16:07:40,57410,1,-7.1440,-0.3443,0.0289,0.8498,3.2653,0,1.0000,-893,1,18.7102,-40.4957,118.4245,3.1540,167.5175,0.072,0.000,0.590,120.0929,-145.7660,69
2026-04-24,16:07:40,57447,1,-7.4240,-0.5289,0.0370,1.0870,3.2689,0,1.0000,-928,1,19.9906,37.3972,117.8228,-10.3149,167.2104,0.088,0.000,0.622,120.5706,-144.8293,69
2026-04-24,16:07:40,57482,1,-7.4240,-0.5310,0.0371,1.0900,3.2728,0,1.0000,-928,1,19.1056,-23.0855,117.4840,-10.3862,167.5919,0.056,0.000,0.654,120.6890,-142.4757,69
2026-04-24,16:07:40,57518,1,-7.4240,-0.7216,0.0368,1.0811,3.2778,0,1.0000,-928,1,18.2839,-33.0436,117.6089,-1.9068,167.5716,0.120,0.000,0.686,120.4612,-140.3871,69
2026-04-24,16:07:40,57554,1,-7.5120,-0.4975,0.0246,0.7224,3.2831,0,1.0000,-939,1,17.9522,9.5743,117.8249,4.8439,167.3534,0.136,0.000,0.718,119.7611,-138.9715,69
2026-04-24,16:07:40,57590,1,-7.5200,-0.5446,0.0417,1.2260,3.2874,0,1.0000,-940,1,18.0053,-4.4022,118.0366,7.3789,167.5896,0.200,0.000,0.750,118.7231,-137.9688,69
2026-04-24,16:07:40,57627,1,-7.5200,-0.7909,0.0555,1.6316,3.2931,0,1.0000,-940,1,18.5408,6.8851,118.4170,8.4310,167.6127,0.200,0.000,0.774,118.1269,-137.7247,69
2026-04-24,16:07:40,57663,1,-7.5200,-0.9267,0.0340,1.0008,3.2996,0,1.0000,-940,1,17.9020,-26.6740,118.3963,2.9434,167.7615,0.192,0.000,0.806,117.3596,-138.0583,69
2026-04-24,16:07:40,57699,1,-7.5200,-0.9704,0.0471,1.3861,3.3068,0,1.0000,-940,1,17.3440,-14.9446,118.3566,-1.3641,167.7511,0.256,0.000,0.838,116.1809,-138.4602,69
2026-04-24,16:07:40,57735,1,-7.5200,-1.0894,0.0326,0.9589,3.3150,0,1.0000,-940,1,17.2228,2.6514,118.2694,0.7758,167.7271,0.320,0.000,0.870,115.9006,-139.0589,69
2026-04-24,16:07:40,57771,1,-7.5200,-1.0830,0.0729,2.1435,3.3229,0,1.0000,-940,1,17.7125,3.8908,118.4082,1.0377,167.7942,0.312,0.000,0.902,115.8226,-139.0952,69
2026-04-24,16:07:40,57808,1,-7.5200,-1.1641,0.0661,1.9434,3.3312,0,1.0000,-940,1,17.8010,0.4242,118.6907,7.2866,167.7439,0.280,0.000,0.934,116.6699,-139.6395,69
2026-04-24,16:07:40,57844,1,-7.5200,-1.3304,0.0583,1.7152,3.3413,0,1.0000,-940,1,17.3663,-4.1938,119.0935,10.5079,167.8894,0.248,0.000,0.966,117.6545,-140.2813,69
2026-04-24,16:07:40,57881,1,-7.5280,-1.3979,0.0664,1.9531,3.3524,0,1.0000,-941,1,16.8992,-14.3590,118.8792,-2.0842,167.8051,0.264,0.000,0.998,118.2657,-140.4708,69
2026-04-24,16:07:40,57917,1,-7.5280,-1.3712,0.0363,1.0669,3.3622,0,1.0000,-941,1,17.2381,-5.6110,118.1424,-16.0521,167.8540,0.256,0.000,1.000,118.8837,-140.3700,69
2026-04-24,16:07:40,57953,1,-7.5280,-1.1172,0.0649,1.9083,3.3713,0,1.0000,-941,1,17.6354,16.9513,118.0961,-4.3531,167.7561,0.224,0.000,1.000,119.9526,-140.9621,69
2026-04-24,16:07:40,57989,1,-7.5280,-1.2657,0.0503,1.4787,3.3799,0,1.0000,-941,1,16.6586,-29.6699,119.0918,20.1885,167.8450,0.216,0.000,1.000,120.8465,-141.9693,69
2026-04-24,16:07:40,58025,1,-7.5280,-0.9099,0.0282,0.8288,3.3892,0,1.0000,-941,1,17.4439,23.4576,119.9186,22.2654,167.7793,0.232,0.000,1.000,121.7253,-142.9695,69
2026-04-24,16:07:40,58062,1,-7.5280,-0.2513,0.0757,2.2270,3.3941,0,1.0000,-941,1,17.3903,16.6737,120.5961,21.8363,167.7669,0.200,0.000,1.000,122.5586,-144.0088,69
2026-04-24,16:07:40,58097,1,-7.5280,-0.5359,0.1281,3.7674,3.3986,0,1.0000,-941,1,17.6625,5.7116,121.8308,35.1190,167.8458,0.168,0.000,1.000,123.1440,-144.8122,69
2026-04-24,16:07:40,58133,1,-7.5280,-0.5547,0.1269,3.7312,3.4029,0,1.0000,-941,1,17.4773,-11.3040,123.5436,47.6381,167.7880,0.136,0.000,1.000,123.1495,-144.6191,69
2026-04-24,16:07:40,58170,1,-7.5280,-0.6331,0.0996,2.9301,3.4075,0,1.0000,-941,1,16.8395,-9.3959,125.1255,48.3834,167.6889,0.176,0.000,1.000,123.3532,-144.0794,69
2026-04-24,16:07:40,58205,1,-7.5280,-0.8455,0.0687,2.0208,3.4137,0,1.0000,-941,1,17.1210,6.2407,126.2577,39.2400,167.8445,0.192,0.000,1.000,123.6549,-143.7652,69
2026-04-24,16:07:40,58241,1,-7.5280,-0.9696,0.0217,0.6387,3.4210,0,1.0000,-941,1,17.2012,6.0342,126.9961,28.2605,167.9201,0.160,0.000,1.000,124.6161,-143.5927,69
2026-04-24,16:07:40,58277,1,-7.5280,-0.6073,0.0723,2.1266,3.4260,0,1.0000,-941,1,17.5969,3.6959,127.0040,8.4616,167.8934,0.128,0.000,1.000,125.4000,-143.8002,69
2026-04-24,16:07:41,58314,1,-7.5280,-0.7584,0.0928,2.7281,3.4319,0,1.0000,-941,1,17.1526,12.3184,126.9991,1.3348,167.8815,0.096,0.000,1.000,125.7353,-144.4455,69
2026-04-24,16:07:41,58350,1,-7.5280,-0.7892,0.0621,1.8258,3.4374,0,1.0000,-941,1,16.8769,-25.2513,126.6656,-6.7314,167.9277,0.064,0.000,1.000,124.5614,-144.8019,69
2026-04-24,16:07:41,58387,1,-7.5280,-1.0962,0.0554,1.6280,3.4453,0,1.0000,-941,1,17.1874,19.7371,126.6447,-3.2019,167.8268,0.080,0.000,1.000,123.9944,-144.8547,69
2026-04-24,16:07:41,58422,1,-7.5280,-1.1914,0.0494,1.4515,3.4541,0,1.0000,-941,1,16.8430,-5.3903,126.5562,-2.3015,167.9274,0.048,0.000,1.000,123.0024,-144.3616,69
2026-04-24,16:07:41,58458,1,-7.5280,-0.9411,0.0788,2.3189,3.4614,0,1.0000,-941,1,17.4642,2.9514,126.2981,-8.8735,167.8340,0.016,0.000,1.000,123.1373,-143.2280,69
2026-04-24,16:07:41,58494,1,-7.5280,-1.1937,0.0829,2.4379,3.4693,0,1.0000,-941,1,17.6302,10.5509,125.7714,-12.0678,167.8886,0.000,0.000,1.000,123.5470,-142.8556,69
2026-04-24,16:07:41,58532,1,-7.5280,-1.2149,0.0724,2.1303,3.4787,0,1.0000,-941,1,17.5043,2.3253,125.5450,-10.1634,167.9113,0.000,0.000,1.000,123.2762,-142.3232,69
2026-04-24,16:07:41,58568,1,-7.5280,-1.5353,0.0615,1.8103,3.4895,0,1.0000,-941,1,16.8754,-21.0252,124.2818,-29.8206,167.8129,0.000,0.000,1.000,122.6667,-142.2064,69
2026-04-24,16:07:41,58603,1,-7.5280,-1.4998,0.0517,1.5214,3.5012,0,1.0000,-941,1,17.6583,20.9498,122.6968,-44.2302,167.9146,0.000,0.000,1.000,122.3851,-141.9028,69
2026-04-24,16:07:41,58639,1,-7.5280,-1.0874,0.0922,2.7118,3.5097,0,1.0000,-941,1,17.5267,-10.6818,120.7679,-55.4445,167.8981,0.000,0.000,1.000,122.4880,-141.7086,69
2026-04-24,16:07:41,58676,1,-7.5280,-1.2709,0.0963,2.8319,3.5186,0,1.0000,-941,1,17.5407,-5.4726,119.6326,-40.7782,167.9020,0.000,0.000,1.000,122.5353,-141.7895,69
2026-04-24,16:07:41,58711,1,-7.5280,-1.1778,0.0621,1.8274,3.5281,0,1.0000,-941,1,17.5130,1.7466,119.3335,-20.9997,167.9124,0.000,0.000,1.000,122.0100,-140.9302,69
2026-04-24,16:07:41,58748,1,-7.5280,-1.5705,0.0463,1.3620,3.5395,0,1.0000,-941,1,17.2143,2.4032,118.5466,-23.5437,167.8444,0.000,0.000,1.000,122.1882,-139.9518,69
2026-04-24,16:07:41,58784,1,-7.5280,-1.4510,0.0588,1.7288,3.5506,0,1.0000,-941,1,17.5973,-6.0096,117.7629,-22.6505,167.9898,0.000,0.000,1.000,122.9412,-139.6165,69
2026-04-24,16:07:41,58821,1,-7.5280,-1.6286,0.0587,1.7273,3.5626,0,1.0000,-941,1,17.8059,5.8140,117.8089,-6.7499,167.9922,0.000,0.000,1.000,124.2934,-139.9178,69
2026-04-24,16:07:41,58857,1,-7.5280,-1.5703,0.0364,1.0698,3.5750,0,1.0000,-941,1,17.4892,-8.1793,117.9997,1.2167,167.9757,0.000,0.000,1.000,125.3347,-140.8687,69
2026-04-24,16:07:41,58893,1,-7.5280,-1.2124,0.0897,2.6379,3.5854,0,1.0000,-941,1,17.6505,-0.8956,118.5673,13.3770,167.9697,0.000,0.000,1.000,125.5529,-140.9755,69
2026-04-24,16:07:41,58929,1,-7.5280,-1.3144,0.0801,2.3573,3.5945,0,1.0000,-941,1,17.4839,0.7070,119.6505,27.1738,167.9180,0.000,0.000,1.000,125.3537,-140.8555,69
2026-04-24,16:07:41,58965,1,-7.5280,-1.2278,0.0389,1.1433,3.6046,0,1.0000,-941,1,17.8860,3.9489,120.6553,29.8634,168.0210,0.000,0.000,1.000,124.8896,-139.8851,69
2026-04-24,16:07:41,59002,1,-7.5280,-1.3063,0.0803,2.3614,3.6154,0,1.0000,-941,1,17.8771,11.3376,122.0906,39.5732,167.9164,0.000,0.000,1.000,125.3768,-138.8337,69
2026-04-24,16:07:41,59038,1,-7.5280,-1.5035,0.0781,2.2958,3.6253,0,1.0000,-941,1,17.4036,-18.0834,123.3002,38.6811,168.0617,0.000,0.000,1.000,126.9035,-138.9710,69
2026-04-24,16:07:41,59074,1,-7.5280,-1.5430,0.0548,1.6112,3.6370,0,1.0000,-941,1,18.0808,11.6836,124.5739,38.2034,167.9251,0.000,0.000,1.000,127.6682,-138.9650,69
2026-04-24,16:07:41,59110,1,-7.5280,-1.6291,0.0450,1.3249,3.6499,0,1.0000,-941,1,17.4398,5.8742,125.4173,30.8279,167.9417,0.008,0.000,1.000,128.4797,-139.0712,69
2026-04-24,16:07:41,59146,1,-7.5280,-1.5131,0.0677,1.9898,3.6615,0,1.0000,-941,1,17.1978,-29.7584,125.7022,14.5678,168.0346,0.000,0.000,1.000,129.1702,-139.2191,69
2026-04-24,16:07:41,59182,1,-7.5280,-1.7344,0.0658,1.9355,3.6738,0,1.0000,-941,1,17.5118,18.8744,125.5918,2.2101,167.9362,0.040,0.000,1.000,129.4929,-138.9226,69
2026-04-24,16:07:41,59218,1,-7.5280,-1.4773,0.0755,2.2219,3.6861,0,1.0000,-941,1,17.5268,-3.9139,124.8246,-16.1710,168.0807,0.008,0.000,1.000,129.2466,-138.5954,69
2026-04-24,16:07:41,59254,1,-7.5280,-0.9657,0.0865,2.5441,3.6943,0,1.0000,-941,1,17.1793,-24.0136,123.5282,-34.1034,167.9206,0.000,0.000,1.000,129.0458,-138.2050,69
2026-04-24,16:07:41,59290,1,-7.5280,-1.2264,0.0864,2.5401,3.7030,0,1.0000,-941,1,17.3247,18.8950,122.3675,-33.2641,167.8811,0.040,0.000,1.000,128.3345,-137.7307,69
2026-04-24,16:07:42,59327,1,-7.5280,-1.2942,0.0540,1.5885,3.7127,0,1.0000,-941,1,17.2075,-17.4860,121.8057,-23.2691,167.9273,0.008,0.000,1.000,127.7084,-136.9812,69
2026-04-24,16:07:42,59363,1,-7.5280,-1.6823,0.0612,1.8013,3.7255,0,1.0000,-941,1,17.1727,18.1536,121.4745,-14.5631,167.7677,0.024,0.000,1.000,128.6085,-137.2262,69
2026-04-24,16:07:42,59399,1,-7.5280,-1.7492,0.0714,2.0987,3.7394,0,1.0000,-941,1,16.8476,-5.2293,121.5646,-1.2224,167.9868,0.000,0.000,1.000,130.1530,-137.7821,69
2026-04-24,16:07:42,59438,1,-7.5280,-1.8957,0.0724,2.1301,3.7534,0,1.0000,-941,1,17.0221,0.5202,121.9609,2.1992,168.0370,0.000,0.000,1.000,130.5198,-137.8028,69
2026-04-24,16:07:42,59474,1,-7.5280,-1.7566,0.0667,1.9615,3.7687,0,1.0000,-941,1,17.0606,4.3723,122.4048,10.7872,167.9880,0.000,0.000,1.000,130.2055,-137.9255,69
2026-04-24,16:07:42,59510,1,-7.5280,-1.8363,0.0707,2.0783,3.7826,0,1.0000,-941,1,16.5905,-11.2159,122.7431,9.3633,167.9718,0.016,0.000,1.000,129.6617,-137.5674,69
2026-04-24,16:07:42,59546,1,-7.5280,-1.8618,0.0764,2.2456,3.7964,0,1.0000,-941,1,16.8867,-7.9925,122.9017,7.7113,167.9081,0.000,0.000,1.000,129.5635,-137.4780,69
2026-04-24,16:07:42,59582,1,-7.5280,-1.9208,0.0665,1.9561,3.8101,0,1.0000,-941,1,16.9804,-2.2618,123.6880,19.3066,167.9651,0.000,0.000,0.998,129.3412,-136.9854,69
2026-04-24,16:07:42,59618,1,-7.5280,-1.9526,0.0708,2.0825,3.8249,0,1.0000,-941,1,16.9675,-0.5427,124.4718,23.0135,167.9011,0.000,0.000,1.000,129.2327,-136.4356,69
2026-04-24,16:07:42,59654,1,-7.5280,-1.5399,0.0838,2.4660,3.8370,0,1.0000,-941,1,16.9877,-19.9113,125.6092,31.7486,167.9688,0.000,0.000,1.000,129.1508,-136.2579,69
2026-04-24,16:07:42,59690,1,-7.5280,-1.5809,0.0629,1.8502,3.8497,0,1.0000,-941,1,17.1330,19.7442,126.6905,32.5417,167.7894,0.024,0.000,1.000,128.6415,-136.0676,69
2026-04-24,16:07:42,59726,1,-7.5280,-1.7719,0.0595,1.7490,3.8637,0,1.0000,-941,1,16.5991,-12.8905,127.3120,24.6344,168.0057,0.000,0.000,1.000,128.2438,-135.7649,69
2026-04-24,16:07:42,59762,1,-7.5280,-1.7283,0.0678,1.9952,3.8778,0,1.0000,-941,1,17.0700,10.9575,127.6559,13.4441,167.8870,0.000,0.000,1.000,128.9321,-135.9634,69
2026-04-24,16:07:42,59798,1,-7.5280,-1.9514,0.0682,2.0069,3.8925,0,1.0000,-941,1,16.7511,6.4489,127.4925,1.4019,167.9396,0.008,0.000,1.000,129.2632,-136.0101,69
2026-04-24,16:07:42,59835,1,-7.5280,-1.7135,0.0604,1.7767,3.9075,0,1.0000,-941,1,16.9790,1.1492,126.8373,-15.4603,167.9563,0.000,0.000,1.000,129.0524,-135.7492,69
2026-04-24,16:07:42,59871,1,-7.5280,-1.8236,0.0768,2.2585,3.9219,0,1.0000,-941,1,16.4953,-2.3804,125.8030,-26.3063,167.9149,0.032,0.000,1.000,128.8682,-135.3407,69
2026-04-24,16:07:42,59908,1,-7.5280,-1.9489,0.0572,1.6811,3.9360,0,1.0000,-941,1,16.4530,-12.3750,124.4241,-38.7388,167.9709,0.000,0.000,1.000,128.4299,-135.0472,69
2026-04-24,16:07:42,59943,1,-7.5280,-1.8550,0.0746,2.1938,3.9502,0,1.0000,-941,1,16.9127,7.9267,123.2668,-36.4727,167.8281,0.000,0.000,1.000,128.3754,-135.5593,69
2026-04-24,16:07:42,59979,1,-7.5280,-2.0089,0.0692,2.0345,3.9647,0,1.0000,-941,1,16.3182,-13.4115,122.4707,-28.0359,167.9535,0.016,0.000,1.000,128.3333,-135.6519,69
2026-04-24,16:07:42,60016,1,-7.5280,-1.7020,0.0902,2.6536,3.9795,0,1.0000,-941,1,17.0362,17.4526,122.2768,-14.2127,167.8514,0.000,0.000,1.000,128.5195,-135.7257,69
2026-04-24,16:07:42,60051,1,-7.5280,-1.6685,0.0789,2.3211,3.9916,0,1.0000,-941,1,16.3213,-24.5007,121.7781,-14.0106,167.9392,0.000,0.000,1.000,128.4627,-134.7635,69
2026-04-24,16:07:42,60087,1,-7.5280,-1.7489,0.0535,1.5723,4.0043,0,1.0000,-941,1,16.9552,15.9904,121.7484,-5.7872,167.8055,0.000,0.000,1.000,128.0910,-133.7281,69
2026-04-24,16:07:42,60123,1,-7.5280,-1.6966,0.0547,1.6087,4.0179,0,1.0000,-941,1,16.7936,4.9757,122.7911,21.0767,167.8338,0.000,0.000,1.000,127.8959,-133.0836,69
2026-04-24,16:07:42,60159,1,-7.5280,-1.7404,0.0672,1.9757,4.0324,0,1.0000,-941,1,16.7526,6.9856,123.4339,18.3738,167.8278,0.000,0.000,1.000,128.1679,-132.8640,69
2026-04-24,16:07:42,60195,1,-7.5280,-1.9628,0.0622,1.8295,4.0476,0,1.0000,-941,1,16.5361,1.6918,124.7120,35.5027,167.7965,0.000,0.000,1.000,128.0452,-133.1087,69
2026-04-24,16:07:42,60231,1,-7.5280,-1.8858,0.0627,1.8439,4.0631,0,1.0000,-941,1,16.6464,0.0502,126.4468,48.0327,167.8920,0.000,0.000,1.000,127.4315,-132.9813,69
2026-04-24,16:07:42,60267,1,-7.5280,-2.0663,0.0609,1.7917,4.0793,0,1.0000,-941,1,16.2588,4.8384,128.1849,52.5566,167.8219,0.024,0.000,1.000,127.3129,-133.2253,69
2026-04-24,16:07:43,60303,1,-7.5280,-1.9874,0.0561,1.6500,4.0954,0,1.0000,-941,1,16.5480,-1.2362,128.9080,31.4105,167.9536,0.000,0.000,1.000,126.9071,-132.9120,69
2026-04-24,16:07:43,60338,1,-7.5280,-1.9262,0.0856,2.5173,4.1061,0,1.0000,-941,1,16.5201,-1.8440,129.0825,25.3777,167.9363,0.000,0.000,1.000,126.6079,-132.4507,69
2026-04-24,16:07:43,60375,1,-7.5280,-1.8479,0.0617,1.8160,4.1249,0,1.0000,-941,1,15.9476,-11.0237,128.7150,0.7850,168.0463,0.032,0.000,1.000,126.1346,-131.7987,69
2026-04-24,16:07:43,60410,1,-7.5280,-1.9871,0.0596,1.7540,4.1408,0,1.0000,-941,1,16.5175,17.9056,128.1781,-11.6576,167.8621,0.024,0.000,1.000,125.9559,-131.4451,69
2026-04-24,16:07:43,60446,1,-7.5280,-2.0644,0.0727,2.1370,4.1570,0,1.0000,-941,1,16.2923,6.7587,127.3015,-20.6384,167.9830,0.000,0.000,1.000,126.1677,-131.2579,69
2026-04-24,16:07:43,60482,1,-7.5280,-2.1797,0.0697,2.0506,4.1740,0,1.0000,-941,1,16.0869,-1.8118,126.6918,-20.6287,167.9265,0.000,0.000,1.000,126.6522,-131.6306,69
2026-04-24,16:07:43,60519,1,-7.5280,-2.3830,0.0736,2.1639,4.1920,0,1.0000,-941,1,16.2553,2.1690,125.9145,-22.3979,167.9052,0.000,0.000,1.000,126.6396,-131.7382,69
2026-04-24,16:07:43,60554,1,-7.5280,-1.9975,0.0936,2.7540,4.2069,0,1.0000,-941,1,16.0306,-23.5457,125.9913,-5.6389,167.9622,0.000,0.000,1.000,126.6451,-131.5728,69
2026-04-24,16:07:43,60590,1,-7.5280,-2.0826,0.0678,1.9929,4.2218,0,1.0000,-941,1,16.2580,12.0570,126.5377,8.9150,167.7104,0.000,0.000,1.000,126.0129,-130.9700,69
2026-04-24,16:07:43,60626,1,-7.5280,-2.1482,0.0740,2.1767,4.2381,0,1.0000,-941,1,16.1307,-13.4603,126.8808,10.7860,167.9313,0.000,0.000,1.000,125.3542,-129.9245,69
2026-04-24,16:07:43,60662,1,-7.5280,-1.9544,0.0906,2.6639,4.2523,0,1.0000,-941,1,16.0072,-19.9150,127.8479,23.4335,167.8563,0.000,0.000,1.000,125.4657,-129.4617,69
2026-04-24,16:07:43,60698,1,-7.5280,-1.9741,0.0671,1.9740,4.2669,0,1.0000,-941,1,16.4235,14.8702,128.3704,18.5270,167.8232,0.000,0.000,1.000,124.9944,-129.0582,69
2026-04-24,16:07:43,60734,1,-7.5280,-1.9524,0.0785,2.3077,4.2828,0,1.0000,-941,1,16.1873,0.0100,128.8743,16.8856,167.8889,0.000,0.000,1.000,124.3242,-128.2002,69
2026-04-24,16:07:43,60770,1,-7.5280,-1.6878,0.0866,2.5460,4.2956,0,1.0000,-941,1,15.9568,-21.7863,129.6377,22.0061,167.8755,0.000,0.000,1.000,124.5658,-128.4539,69
2026-04-24,16:07:43,60806,1,-7.5280,-1.7608,0.0547,1.6077,4.3089,0,1.0000,-941,1,16.4848,26.5483,129.5632,2.9468,167.7448,0.016,0.000,1.000,123.9780,-127.9357,69
2026-04-24,16:07:43,60842,1,-7.5280,-1.7507,0.0589,1.7314,4.3232,0,1.0000,-941,1,16.1005,-12.8143,128.9467,-9.9547,167.9279,0.000,0.000,1.000,123.6408,-127.3723,69
2026-04-24,16:07:43,60878,1,-7.5280,-1.8947,0.0575,1.6907,4.3384,0,1.0000,-941,1,16.1585,10.6894,128.2685,-20.3078,167.7932,0.000,0.000,1.000,124.5713,-127.6605,69
2026-04-24,16:07:43,60915,1,-7.5280,-1.8246,0.0586,1.7248,4.3533,0,1.0000,-941,1,16.3403,9.5951,126.7388,-37.2680,167.8374,0.000,0.000,1.000,124.4121,-127.1467,69
2026-04-24,16:07:43,60950,1,-7.5280,-1.8980,0.0582,1.7129,4.3683,0,1.0000,-941,1,16.2223,6.4624,125.7629,-33.3916,167.8243,0.000,0.000,1.000,123.6673,-126.1844,69
2026-04-24,16:07:43,60986,1,-7.5280,-1.8486,0.0539,1.5844,4.3832,0,1.0000,-941,1,16.1207,-2.0185,124.7602,-31.9039,167.8039,0.000,0.000,1.000,123.3091,-125.8079,69
2026-04-24,16:07:43,61022,1,-7.5280,-1.7318,0.0641,1.8839,4.3977,0,1.0000,-941,1,16.3638,11.7474,123.9145,-28.0816,167.8217,0.000,0.000,1.000,122.2847,-125.0021,69
2026-04-24,16:07:43,61059,1,-7.5280,-1.9433,0.0548,1.6116,4.4130,0,1.0000,-941,1,16.1074,7.8502,123.8200,-10.8568,167.7674,0.000,0.000,1.000,121.1149,-124.4355,69
2026-04-24,16:07:43,61095,1,-7.5280,-1.8272,0.0661,1.9448,4.4273,0,1.0000,-941,1,16.2570,-10.4394,123.6310,-8.0981,167.8341,0.000,0.000,1.000,120.4482,-124.2267,69
2026-04-24,16:07:43,61131,1,-7.5280,-1.9513,0.0627,1.8442,4.4426,0,1.0000,-941,1,16.2684,17.1016,123.8752,3.7976,167.7670,0.000,0.000,1.000,119.8135,-123.8752,69
2026-04-24,16:07:43,61167,1,-7.5280,-1.6404,0.0705,2.0743,4.4569,0,1.0000,-941,1,16.3255,1.7061,124.4061,11.9903,167.8113,0.000,0.000,1.000,119.0391,-123.4505,69
2026-04-24,16:07:43,61203,1,-7.5280,-1.8951,0.0722,2.1248,4.4706,0,1.0000,-941,1,15.9447,-3.1472,125.3431,24.6374,167.7710,0.000,0.000,1.000,118.8613,-123.5087,69
2026-04-24,16:07:43,61244,1,-7.5280,-1.9483,0.0593,1.7445,4.4851,0,1.0000,-941,1,15.9604,-1.2221,125.6007,18.9316,167.7729,0.000,0.000,1.000,118.8613,-123.5087,69
2026-04-24,16:07:43,61280,1,-7.5280,-1.9007,0.0713,2.0982,4.5005,0,1.0000,-941,1,15.9169,-3.6552,126.4366,23.3017,167.7638,0.000,0.000,1.000,118.8613,-123.5087,69
2026-04-24,16:07:44,61317,1,-7.5280,-1.8256,0.0769,2.2605,4.5151,0,1.0000,-941,1,16.2524,11.4929,126.9719,17.9237,167.7417,0.000,0.000,1.000,117.3330,-121.9294,69
2026-04-24,16:07:44,61354,1,-7.5280,-1.8854,0.0717,2.1094,4.5287,0,1.0000,-941,1,15.9085,-10.3583,127.2106,11.4787,167.8320,0.000,0.000,1.000,116.5307,-121.3899,69
2026-04-24,16:07:44,61389,1,-7.5280,-1.8477,0.0604,1.7751,4.5423,0,1.0000,-941,1,16.4086,4.9316,127.2518,2.3703,167.8120,0.000,0.000,1.000,116.1158,-121.1824,69
2026-04-24,16:07:44,61425,1,-7.5280,-1.7300,0.0656,1.9288,4.5551,0,1.0000,-941,1,16.0569,-10.5284,126.1003,-23.7918,167.7414,0.000,0.000,0.998,115.6377,-120.7828,69
2026-04-24,16:07:44,61461,1,-7.5280,-1.8200,0.0433,1.2735,4.5689,0,1.0000,-941,1,16.6834,18.6064,125.1435,-27.8558,167.7763,0.000,0.000,0.995,114.8152,-120.0458,69
2026-04-24,16:07:44,61497,1,-7.5280,-1.2879,0.0702,2.0648,4.5805,0,1.0000,-941,1,16.2703,-15.8894,124.2775,-27.6193,167.7735,0.000,0.000,1.000,114.4709,-119.7141,69
2026-04-24,16:07:44,61533,1,-7.5280,-1.5910,0.0651,1.9154,4.5921,0,1.0000,-941,1,16.3520,17.8100,123.6878,-21.3645,167.7487,0.000,0.000,1.000,113.7909,-119.0236,69
2026-04-24,16:07:44,61569,1,-7.5280,-1.6595,0.0742,2.1834,4.6044,0,1.0000,-941,1,16.2650,-18.9956,122.9717,-22.3090,167.7865,0.000,0.000,1.000,113.8055,-118.8965,69
2026-04-24,16:07:44,61605,1,-7.5280,-1.6857,0.0688,2.0243,4.6164,0,1.0000,-941,1,16.2588,1.2283,122.0463,-28.3095,167.8218,0.000,0.000,1.000,113.9441,-118.7180,69
2026-04-24,16:07:44,61641,1,-7.5280,-1.7947,0.0480,1.4109,4.6298,0,1.0000,-941,1,16.4368,7.4403,121.0877,-27.8631,167.8232,0.000,0.000,1.000,113.9065,-118.3878,69
2026-04-24,16:07:44,61677,1,-7.5280,-1.4234,0.0608,1.7890,4.6422,0,1.0000,-941,1,16.5055,-2.1752,120.9991,-10.8090,167.7955,0.000,0.000,1.000,113.1296,-117.5806,69
2026-04-24,16:07:44,61713,1,-7.5280,-1.6923,0.0537,1.5791,4.6552,0,1.0000,-941,1,16.4186,12.4913,121.5389,8.2702,167.8681,0.000,0.000,1.000,112.4076,-117.0199,69
2026-04-24,16:07:44,61749,1,-7.5280,-1.2076,0.0834,2.4535,4.6668,0,1.0000,-941,1,16.4666,-8.9074,122.2015,16.3238,167.6704,0.000,0.000,1.000,111.4413,-116.3009,69
2026-04-24,16:07:44,61785,1,-7.5280,-1.2733,0.0582,1.7109,4.6755,0,1.0000,-941,1,16.3815,1.2468,123.0839,25.4845,167.8409,0.000,0.000,1.000,110.1958,-115.0180,69
2026-04-24,16:07:44,61821,1,-7.5280,-1.4670,0.0464,1.3641,4.6865,0,1.0000,-941,1,16.7091,8.8873,124.6362,40.7553,167.7841,0.000,0.000,1.000,109.8157,-114.5916,69
2026-04-24,16:07:44,61857,1,-7.5360,-1.3808,0.0785,2.3086,4.6979,0,1.0000,-942,1,16.3699,-3.5908,126.1314,45.0201,167.7583,0.000,0.000,1.000,109.4862,-113.8968,69
2026-04-24,16:07:44,61893,1,-7.5360,-1.3947,0.0532,1.5636,4.7079,0,1.0000,-942,1,16.2366,-9.4276,127.1183,35.2746,167.8963,0.000,0.000,1.000,109.3841,-113.6512,69
2026-04-24,16:07:44,61929,1,-7.5360,-1.4852,0.0401,1.1800,4.7197,0,1.0000,-942,1,16.8357,19.3741,127.8091,25.8871,167.6071,0.000,0.000,1.000,108.8856,-113.1651,69
2026-04-24,16:07:44,61965,1,-7.5280,-1.2260,0.0663,1.9488,4.7304,0,1.0000,-941,1,16.5923,-4.2906,128.0548,14.1529,167.8330,0.000,0.000,1.000,107.8688,-112.0559,69
2026-04-24,16:07:44,62001,1,-7.5280,-1.4512,0.0503,1.4798,4.7402,0,1.0000,-941,1,16.1481,-7.8994,128.0934,4.2066,167.7709,0.000,0.000,1.000,107.0086,-111.3971,69
2026-04-24,16:07:44,62037,1,-7.5280,-1.5343,0.0547,1.6086,4.7519,0,1.0000,-941,1,16.7738,10.5651,127.4468,-13.0371,167.6020,0.000,0.000,1.000,106.4223,-110.9389,69
2026-04-24,16:07:44,62073,1,-7.5280,-1.2491,0.0506,1.4895,4.7623,0,1.0000,-941,1,16.5283,-1.8114,126.5071,-23.6496,167.8439,0.000,0.000,1.000,105.4734,-109.9387,69
2026-04-24,16:07:44,62109,1,-7.5280,-1.4271,0.0645,1.8982,4.7731,0,1.0000,-941,1,16.4715,-1.6253,125.6089,-26.9450,167.7089,0.000,0.000,1.000,104.9690,-109.4458,69
2026-04-24,16:07:44,62145,1,-7.5280,-1.4956,0.0485,1.4269,4.7826,0,1.0000,-941,1,16.5953,1.8558,125.1975,-22.3131,167.6556,0.000,0.000,1.000,104.6528,-109.1530,69
2026-04-24,16:07:44,62181,1,-7.5280,-1.4260,0.0410,1.2069,4.7955,0,1.0000,-941,1,16.8231,1.0437,123.8336,-35.7689,167.7876,0.000,0.000,1.000,104.3792,-108.9417,69
2026-04-24,16:07:44,62217,1,-7.5280,-1.2813,0.0633,1.8623,4.8061,0,1.0000,-941,1,16.5752,2.6273,122.6703,-34.9153,167.6481,0.000,0.000,1.000,103.7075,-108.2378,69
2026-04-24,16:07:44,62253,1,-7.5280,-1.2933,0.0528,1.5515,4.8158,0,1.0000,-941,1,16.7472,2.9839,121.8092,-31.3112,167.7725,0.000,0.000,1.000,102.6135,-107.0614,69
2026-04-24,16:07:44,62289,1,-7.5360,-1.3135,0.0368,1.0826,4.8259,0,1.0000,-942,1,16.7184,-6.0232,120.1098,-47.2996,167.6664,0.000,0.000,1.000,102.1891,-106.5760,69
2026-04-24,16:07:45,62325,1,-7.5360,-1.1569,0.0716,2.1068,4.8354,0,1.0000,-942,1,16.8790,9.0602,118.9582,-36.3329,167.7556,0.000,0.000,1.000,101.7989,-106.0398,69
2026-04-24,16:07:45,62362,1,-7.5280,-1.2464,0.0442,1.3002,4.8438,0,1.0000,-941,1,16.6443,-6.8019,119.6689,1.9496,167.7848,0.000,0.000,1.000,100.6562,-104.6170,69
2026-04-24,16:07:45,62398,1,-7.5280,-1.2608,0.0442,1.3011,4.8537,0,1.0000,-941,1,16.9044,0.1302,120.0559,6.1756,167.6848,0.000,0.000,1.000,100.2123,-104.3175,69
2026-04-24,16:07:45,62434,1,-7.5280,-1.1154,0.0633,1.8632,4.8633,0,1.0000,-941,1,16.8072,8.5863,120.2164,6.9797,167.8630,0.000,0.000,1.000,99.3783,-103.4638,69
2026-04-24,16:07:45,62471,1,-7.5280,-1.1130,0.0356,1.0484,4.8715,0,1.0000,-941,1,16.7049,-12.2337,120.9824,19.3409,167.8571,0.000,0.000,1.000,98.3664,-102.4860,69
2026-04-24,16:07:45,62506,1,-7.5280,-0.9821,0.0483,1.4191,4.8795,0,1.0000,-941,1,16.9308,3.9243,122.3621,35.0915,167.6893,0.000,0.000,1.000,97.6451,-101.7888,69
2026-04-24,16:07:45,62542,1,-7.5280,-1.1161,0.0314,0.9234,4.8875,0,1.0000,-941,1,16.7110,-8.5920,123.8541,44.0481,167.9101,0.000,0.000,1.000,96.6318,-100.4708,69
2026-04-24,16:07:45,62577,1,-7.5280,-0.7272,0.0555,1.6336,4.8932,0,1.0000,-941,1,16.9025,-3.8213,125.4754,49.2208,167.8727,0.000,0.000,1.000,96.4831,-100.3596,69
2026-04-24,16:07:45,62614,1,-7.5280,-0.7752,0.0316,0.9296,4.8990,0,1.0000,-941,1,17.0837,14.6207,126.6629,41.6081,167.8365,0.000,0.000,1.000,95.1387,-98.2363,69
2026-04-24,16:07:45,62649,1,-7.5280,-0.6491,0.0413,1.2153,4.9046,0,1.0000,-941,1,17.0070,-10.3193,127.4750,30.7264,167.8940,0.000,0.000,1.000,94.3187,-96.7783,69
2026-04-24,16:07:45,62685,1,-7.5280,-0.8702,0.0388,1.1419,4.9107,0,1.0000,-941,1,17.1670,9.9761,127.9633,19.6495,167.9213,0.000,0.000,1.000,93.3939,-95.2222,69
2026-04-24,16:07:45,62721,1,-7.5280,-0.5112,0.0417,1.2259,4.9163,0,1.0000,-941,1,16.9687,-9.7806,127.8691,5.3627,167.9142,0.000,0.000,1.000,92.2710,-93.4369,69
2026-04-24,16:07:45,62757,1,-7.5280,-0.4713,0.0177,0.5196,4.9201,0,1.0000,-941,1,17.1076,11.7044,127.9981,3.6162,167.8113,0.000,0.000,1.000,90.5391,-90.8079,69
2026-04-24,16:07:45,62793,1,-7.5280,-0.1135,0.0398,1.1716,4.9224,0,1.0000,-941,1,17.0882,-8.2807,128.4934,13.9523,167.9260,0.000,0.000,1.000,88.4162,-87.6447,69
2026-04-24,16:07:45,62829,1,-7.5280,-0.2297,0.0267,0.7866,4.9238,0,1.0000,-941,1,16.8564,5.1658,129.7015,29.1116,167.8623,0.000,0.000,1.000,85.7463,-83.7048,69
2026-04-24,16:07:45,62866,1,-7.5280,-0.0216,0.0266,0.7814,4.9251,0,1.0000,-941,1,16.8596,-5.6269,130.0989,15.8134,167.9171,0.000,0.000,1.000,85.2038,-82.8724,69
2026-04-24,16:07:45,62902,1,-7.4320,-0.1074,0.0253,0.7441,4.9257,0,1.0000,-929,1,16.8968,6.0901,129.3937,-10.6937,167.8636,0.000,0.000,1.000,83.9523,-81.0044,69
2026-04-24,16:07:45,62938,1,-7.4320,-0.0760,0.0182,0.5346,4.9260,0,1.0000,-929,1,16.7926,-8.3514,128.3370,-25.2803,167.8958,0.000,0.000,1.000,83.2238,-79.9774,69
2026-04-24,16:07:45,62974,1,0.0000,-0.0044,0.0138,0.4049,4.9261,0,1.0000,0,1,16.8582,4.7091,127.4141,-26.9028,167.8397,0.000,0.000,1.000,83.2903,-80.0268,69
2026-04-24,16:07:45,63010,1,0.0000,0.0020,0.0126,0.3696,4.9261,0,1.0000,0,1,16.6483,-6.3446,126.4590,-28.7107,167.8817,0.000,0.000,1.000,83.3950,-80.1096,69
2026-04-24,16:07:45,63050,1,0.0000,-0.0007,0.0128,0.3766,4.9261,0,1.0000,0,1,16.5236,-2.5922,126.1106,-23.1213,167.9125,0.000,0.000,1.000,83.7087,-80.5743,69
2026-04-24,16:07:45,63086,1,0.0000,0.0059,0.0134,0.3952,4.9261,0,1.0000,0,1,16.5092,3.6585,125.5515,-19.7460,167.8586,0.000,0.000,1.000,83.6635,-80.5695,69
2026-04-24,16:07:45,63122,1,0.0000,0.0042,0.0125,0.3688,4.9261,0,1.0000,0,1,16.7438,6.1006,125.1926,-14.0417,167.8858,0.000,0.000,1.000,84.0984,-81.3369,69
2026-04-24,16:07:45,63158,1,0.0000,0.0054,0.0138,0.4053,4.9261,0,1.0000,0,1,16.9953,10.4692,124.9821,-10.0436,167.8519,0.000,0.000,1.000,84.3417,-81.8696,69
2026-04-24,16:07:45,63194,1,0.0000,0.0040,0.0129,0.3799,4.9261,0,1.0000,0,1,17.1972,5.8232,124.6016,-11.7338,167.8734,0.000,0.000,1.000,85.0234,-82.9404,69
2026-04-24,16:07:45,63230,1,0.0000,0.0114,0.0128,0.3774,4.9261,0,1.0000,0,1,17.3788,5.7109,124.1894,-12.1799,167.8805,0.000,0.000,1.000,85.8163,-84.1031,69
2026-04-24,16:07:45,63266,1,0.0000,0.0046,0.0130,0.3829,4.9261,0,1.0000,0,1,17.4234,2.2410,124.0486,-6.8619,167.8506,0.000,0.000,1.000,86.5561,-85.1140,69
2026-04-24,16:07:46,63302,1,0.0000,0.0183,0.0121,0.3567,4.9261,0,1.0000,0,1,17.5224,2.8663,124.0049,-3.6437,167.8745,0.000,0.000,1.000,87.4416,-86.3194,69
2026-04-24,16:07:46,63338,1,0.0000,0.0087,0.0134,0.3948,4.9261,0,1.0000,0,1,17.5131,1.0765,123.9202,-3.0841,167.8224,0.000,0.000,1.000,88.3626,-87.6249,69
2026-04-24,16:07:46,63374,1,0.0000,-0.0052,0.0141,0.4140,4.9261,0,1.0000,0,1,17.5944,2.5626,123.7998,-3.3613,167.8471,0.000,0.000,1.000,88.9592,-88.4928,69
2026-04-24,16:07:46,63410,1,0.0000,-0.0033,0.0135,0.3972,4.9261,0,1.0000,0,1,17.7010,4.2765,123.8142,-0.6872,167.8477,0.000,0.000,0.999,89.6810,-89.5448,69
2026-04-24,16:07:46,63446,1,0.0000,0.0128,0.0133,0.3902,4.9261,0,1.0000,0,1,17.8347,3.6646,123.7419,-2.1324,167.8608,0.000,0.000,0.996,90.5513,-90.7702,69
2026-04-24,16:07:46,63482,1,0.0000,0.0185,0.0122,0.3585,4.9261,0,1.0000,0,1,17.9251,1.9594,123.5511,-5.3171,167.8796,0.000,0.000,0.993,91.9373,-92.5998,69
2026-04-24,16:07:46,63518,1,0.0000,-0.0016,0.0126,0.3696,4.9261,0,1.0000,0,1,18.0200,3.5713,123.2250,-8.5844,167.8650,0.000,0.000,0.990,92.7493,-93.5340,69
2026-04-24,16:07:46,63553,1,0.0000,0.0055,0.0135,0.3957,4.9261,0,1.0000,0,1,18.0615,0.8266,122.8468,-10.8543,167.8574,0.000,0.000,0.986,93.2453,-94.0747,69
2026-04-24,16:07:46,63589,1,0.0000,0.0032,0.0134,0.3952,4.9261,0,1.0000,0,0,18.0963,1.1846,122.5604,-9.4743,167.8441,0.000,0.000,0.983,93.6177,-94.4699,69
2026-04-24,16:07:46,63625,1,0.0000,-0.0010,0.0128,0.3775,4.9261,0,1.0000,0,0,18.1257,0.7792,122.5376,-3.1406,167.8309,0.000,0.000,0.980,93.5193,-94.3117,69
2026-04-24,16:07:46,63661,1,0.0000,-0.0038,0.0140,0.4117,4.9261,0,1.0000,0,0,18.1566,1.2481,122.7630,3.5594,167.8197,0.000,0.000,0.977,93.0839,-93.8035,69
2026-04-24,16:07:46,63697,1,0.0000,-0.0110,0.0124,0.3635,4.9261,0,1.0000,0,0,18.1843,1.5937,122.7169,-0.2595,167.8109,0.000,0.000,0.974,92.7005,-93.3703,69
2026-04-24,16:07:46,63733,1,0.0000,0.0151,0.0134,0.3946,4.9261,0,1.0000,0,0,18.2476,2.0385,122.7238,0.7081,167.8098,0.000,0.000,0.970,91.8862,-92.4030,69
2026-04-24,16:07:46,63769,1,0.0000,0.0005,0.0141,0.4150,4.9262,0,1.0000,0,0,18.3540,3.2923,122.7686,1.1483,167.7959,0.000,0.000,0.967,91.2143,-91.5894,69
2026-04-24,16:07:46,63805,1,0.0000,0.0015,0.0143,0.4191,4.9262,0,1.0000,0,0,18.4323,1.8356,122.7398,-0.3997,167.8094,0.000,0.000,0.964,91.1945,-91.5998,69
2026-04-24,16:07:46,63841,1,0.0000,0.0006,0.0149,0.4388,4.9262,0,1.0000,0,0,18.3385,-3.4944,122.7365,-0.3320,167.7978,0.000,0.000,0.961,91.4658,-92.0296,69
2026-04-24,16:07:46,63877,1,0.0000,-0.0090,0.0150,0.4411,4.9262,0,1.0000,0,0,18.2456,-2.3039,122.7978,1.0895,167.7916,0.000,0.000,0.958,91.7463,-92.4785,69
2026-04-24,16:07:46,63913,1,0.0000,-0.0049,0.0152,0.4478,4.9262,0,1.0000,0,0,18.1587,-1.7348,122.7384,-1.0101,167.7918,0.000,0.000,0.954,92.3604,-93.4440,69
2026-04-24,16:07:46,63949,1,0.0000,0.0009,0.0155,0.4547,4.9262,0,1.0000,0,0,18.1640,-0.3483,122.6997,-0.7084,167.8019,0.000,0.000,0.951,92.9732,-94.4239,69
2026-04-24,16:07:46,63989,1,0.0000,-0.0031,0.0164,0.4823,4.9262,0,1.0000,0,0,18.1604,-0.2026,122.7468,-0.0833,167.8046,0.000,0.000,0.949,93.4276,-95.1916,69
2026-04-24,16:07:46,64025,1,0.0000,0.0049,0.0141,0.4145,4.9262,0,1.0000,0,0,18.1948,0.6128,122.8755,2.8929,167.8148,0.000,0.000,0.946,93.2735,-95.0052,69
2026-04-24,16:07:46,64061,1,0.0000,0.0166,0.0137,0.4042,4.9262,0,1.0000,0,0,18.1730,-0.6549,123.0758,5.1705,167.8134,0.000,0.000,0.942,93.1291,-94.8381,69
2026-04-24,16:07:46,64097,1,0.0000,0.0078,0.0136,0.3986,4.9262,0,1.0000,0,0,18.1562,-0.8195,123.2236,4.6443,167.7869,0.000,0.000,0.939,93.0224,-94.7510,69
2026-04-24,16:07:46,64133,1,0.0000,-0.0037,0.0151,0.4433,4.9262,0,1.0000,0,0,18.1363,-0.4763,123.4217,6.0345,167.7527,0.000,0.000,0.936,92.9011,-94.6144,69
2026-04-24,16:07:46,64169,1,0.0000,0.0073,0.0146,0.4295,4.9262,0,1.0000,0,0,18.1322,0.2689,123.7122,8.2249,167.7721,0.000,0.000,0.933,92.7968,-94.4851,69
2026-04-24,16:07:46,64205,1,0.0000,0.0107,0.0151,0.4455,4.9262,0,1.0000,0,0,18.1025,0.2052,124.0102,8.7406,167.7982,0.000,0.000,0.930,92.8969,-94.6834,69
2026-04-24,16:07:46,64241,1,0.0000,0.0191,0.0145,0.4274,4.9262,0,1.0000,0,0,18.0931,-0.5265,124.0597,3.5027,167.8015,0.000,0.000,0.926,92.9913,-94.8792,69
2026-04-24,16:07:46,64277,1,0.0000,0.0072,0.0145,0.4272,4.9262,0,1.0000,0,0,18.0857,0.5139,124.1094,2.8407,167.8011,0.000,0.000,0.923,93.1235,-95.1345,69
2026-04-24,16:07:47,64313,1,0.0000,-0.0099,0.0161,0.4741,4.9262,0,1.0000,0,0,18.0927,-0.1242,124.2087,2.9656,167.8101,0.000,0.000,0.920,93.3077,-95.4814,69
2026-04-24,16:07:47,64349,1,0.0000,-0.0008,0.0153,0.4513,4.9262,0,1.0000,0,0,18.0950,0.4528,124.3207,3.3028,167.8132,0.000,0.000,0.917,93.3273,-95.5505,69
2026-04-24,16:07:47,64385,1,0.0000,0.0107,0.0135,0.3962,4.9262,0,1.0000,0,0,18.0999,-0.1136,124.3821,2.4630,167.8124,0.000,0.000,0.914,93.4248,-95.7541,69
2026-04-24,16:07:47,64421,1,0.0000,0.0099,0.0142,0.4168,4.9262,0,1.0000,0,0,18.0956,0.2324,124.3219,-0.6570,167.8173,0.000,0.000,0.910,93.6568,-96.1979,69
2026-04-24,16:07:47,64457,1,0.0000,0.0006,0.0147,0.4331,4.9262,0,1.0000,0,0,18.0609,0.0402,124.2652,-1.3357,167.8078,0.000,0.000,0.907,93.6269,-96.1780,69
2026-04-24,16:07:47,64493,1,0.0000,-0.0096,0.0151,0.4432,4.9262,0,1.0000,0,0,18.0678,0.6450,124.3034,0.3226,167.8087,0.000,0.000,0.904,93.4006,-95.8368,69
2026-04-24,16:07:47,64529,1,0.0000,0.0074,0.0129,0.3806,4.9262,0,1.0000,0,0,18.1057,0.7382,124.3709,1.6006,167.7982,0.000,0.000,0.901,93.3139,-95.7210,69
2026-04-24,16:07:47,64565,1,0.0000,-0.0017,0.0142,0.4182,4.9262,0,1.0000,0,0,18.1453,2.1531,124.3117,-1.2781,167.8065,0.000,0.000,0.898,93.2341,-95.5934,69
2026-04-24,16:07:47,64601,1,0.0000,0.0120,0.0129,0.3793,4.9262,0,1.0000,0,0,18.1561,-0.3291,124.1618,-3.9974,167.7974,0.000,0.000,0.894,92.9760,-95.1409,69
2026-04-24,16:07:47,64637,1,0.0000,0.0086,0.0141,0.4144,4.9262,0,1.0000,0,0,18.2002,1.0197,123.8999,-6.4046,167.7995,0.000,0.000,0.891,92.6995,-94.6562,69
2026-04-24,16:07:47,64673,1,0.0000,0.0003,0.0148,0.4357,4.9262,0,1.0000,0,0,18.1931,0.2847,123.9106,-1.3959,167.8028,0.000,0.000,0.888,92.3109,-93.9764,69
2026-04-24,16:07:47,64709,1,0.0000,-0.0001,0.0140,0.4111,4.9262,0,1.0000,0,0,18.2048,-0.2374,123.8793,-2.1491,167.8079,0.000,0.000,0.885,92.1348,-93.6638,69
2026-04-24,16:07:47,64745,1,0.0000,0.0105,0.0147,0.4311,4.9261,0,1.0000,0,0,18.2174,0.8452,123.6093,-6.0333,167.8076,0.000,0.000,0.882,91.7845,-93.0524,69
2026-04-24,16:07:47,64781,1,0.0000,0.0086,0.0134,0.3946,4.9261,0,1.0000,0,0,18.2250,0.6428,123.4515,-4.9081,167.8020,0.000,0.000,0.878,91.3028,-92.2209,69
2026-04-24,16:07:47,64817,1,0.0000,0.0024,0.0140,0.4104,4.9261,0,1.0000,0,0,18.2702,1.7149,123.3446,-4.4807,167.7908,0.000,0.000,0.875,90.9978,-91.7038,69
2026-04-24,16:07:47,64853,1,0.0000,-0.0090,0.0132,0.3880,4.9261,0,1.0000,0,0,18.2992,1.4381,123.1754,-4.3777,167.8032,0.000,0.000,0.872,90.5638,-90.9641,69
2026-04-24,16:07:47,64889,1,0.0000,0.0196,0.0140,0.4110,4.9261,0,1.0000,0,0,18.3172,0.7652,122.9886,-6.1886,167.7859,0.000,0.000,0.869,90.1526,-90.2614,69
2026-04-24,16:07:47,64927,1,0.0000,0.0006,0.0124,0.3648,4.9261,0,1.0000,0,0,18.3014,0.0345,122.8883,-5.0624,167.7979,0.000,0.000,0.866,90.0278,-90.0477,69
2026-04-24,16:07:47,64962,1,0.0000,0.0086,0.0127,0.3745,4.9261,0,1.0000,0,0,18.3254,0.5734,122.6867,-5.8073,167.8004,0.000,0.000,0.863,89.8065,-89.6655,69
2026-04-24,16:07:47,64998,1,0.0000,-0.0150,0.0153,0.4508,4.9261,0,1.0000,0,0,18.3392,0.6160,122.5176,-5.3526,167.8083,0.000,0.000,0.860,89.6079,-89.3172,69
2026-04-24,16:07:47,65034,1,0.0000,-0.0039,0.0140,0.4111,4.9261,0,1.0000,0,0,18.3473,0.4209,122.5693,-0.4930,167.8047,0.000,0.000,0.857,89.4378,-89.0089,69
2026-04-24,16:07:47,65070,1,0.0000,0.0076,0.0125,0.3666,4.9261,0,1.0000,0,0,18.3756,1.0194,122.4331,-3.4433,167.7876,0.000,0.000,0.854,89.3510,-88.8423,69
2026-04-24,16:07:47,65106,1,0.0000,-0.0165,0.0141,0.4152,4.9261,0,1.0000,0,0,18.3996,1.1598,122.2759,-4.1322,167.7823,0.000,0.000,0.850,89.2871,-88.7175,69
2026-04-24,16:07:47,65142,1,0.0000,0.0009,0.0125,0.3685,4.9261,0,1.0000,0,0,18.4266,1.0333,122.1770,-3.5138,167.7807,0.000,0.000,0.847,89.2635,-88.6620,69
2026-04-24,16:07:47,65178,1,0.0000,-0.0102,0.0134,0.3947,4.9261,0,1.0000,0,0,18.4503,0.7811,122.1553,-1.7282,167.7798,0.000,0.000,0.844,89.2722,-88.6721,69
2026-04-24,16:07:47,65214,1,0.0000,0.0172,0.0132,0.3894,4.9261,0,1.0000,0,0,18.4700,0.7661,122.0708,-2.3627,167.7874,0.000,0.000,0.841,89.2706,-88.6609,69
2026-04-24,16:07:47,65250,1,0.0000,0.0108,0.0134,0.3948,4.9261,0,1.0000,0,0,18.4898,-0.0502,122.1810,1.8134,167.7758,0.000,0.000,0.838,89.2895,-88.6858,69
2026-04-24,16:07:47,65286,1,0.0000,0.0020,0.0131,0.3854,4.9261,0,1.0000,0,0,18.5283,1.4143,122.4253,5.6140,167.7628,0.000,0.000,0.834,89.2228,-88.5517,69
2026-04-24,16:07:48,65322,1,0.0000,-0.0084,0.0132,0.3892,4.9261,0,1.0000,0,0,18.5115,-0.6454,122.4657,2.2330,167.7662,0.000,0.000,0.831,89.1269,-88.3541,69
2026-04-24,16:07:48,65358,1,0.0000,0.0037,0.0126,0.3720,4.9261,0,1.0000,0,0,18.5296,0.5698,122.3354,-2.1725,167.7927,0.000,0.000,0.828,89.1655,-88.4104,69
2026-04-24,16:07:48,65394,1,0.0000,0.0092,0.0143,0.4205,4.9261,0,1.0000,0,0,18.5301,-0.2515,122.0815,-6.0861,167.7932,0.000,0.000,0.825,89.2263,-88.5124,69
2026-04-24,16:07:48,65430,1,0.0000,-0.0135,0.0138,0.4050,4.9261,0,1.0000,0,0,18.5290,0.0189,121.8444,-7.2584,167.7883,0.000,0.000,0.822,89.2169,-88.4933,69
2026-04-24,16:07:48,65466,1,0.0000,-0.0017,0.0132,0.3879,4.9261,0,1.0000,0,0,18.5418,0.6245,121.6334,-5.9888,167.7888,0.000,0.000,0.818,89.2077,-88.4783,69
2026-04-24,16:07:48,65502,1,0.0000,-0.0093,0.0129,0.3789,4.9261,0,1.0000,0,0,18.5679,1.4151,121.5620,-4.9300,167.7953,0.000,0.000,0.815,89.1321,-88.3371,69
2026-04-24,16:07:48,65538,1,0.0000,-0.0076,0.0147,0.4337,4.9261,0,1.0000,0,0,18.6148,1.6904,121.4952,-2.3696,167.7937,0.000,0.000,0.812,88.8714,-87.8381,69
2026-04-24,16:07:48,65573,1,0.0000,-0.0105,0.0136,0.4007,4.9261,0,1.0000,0,0,18.6457,0.8168,121.5485,0.0923,167.7997,0.000,0.000,0.809,88.6942,-87.4895,69
2026-04-24,16:07:48,65609,1,0.0000,0.0031,0.0125,0.3687,4.9261,0,1.0000,0,0,18.6593,0.3849,121.4243,-2.7984,167.8079,0.000,0.000,0.806,88.4399,-86.9650,69
2026-04-24,16:07:48,65645,1,0.0000,-0.0092,0.0129,0.3799,4.9261,0,1.0000,0,0,18.6695,0.3251,121.2808,-3.3467,167.8002,0.000,0.000,0.802,88.3577,-86.7723,69
2026-04-24,16:07:48,65681,1,0.0000,-0.0010,0.0131,0.3852,4.9261,0,1.0000,0,0,18.6875,0.8705,121.1961,-3.5910,167.7979,0.000,0.000,0.799,88.2223,-86.4717,69
2026-04-24,16:07:48,65717,1,0.0000,0.0100,0.0111,0.3276,4.9261,0,1.0000,0,0,18.6794,-0.0418,121.0765,-3.3803,167.7904,0.000,0.000,0.796,88.2638,-86.5405,69
2026-04-24,16:07:48,65753,1,0.0000,-0.0085,0.0129,0.3799,4.9261,0,1.0000,0,0,18.6817,-0.1212,121.0985,-0.7393,167.8035,0.000,0.000,0.793,88.3925,-86.7929,69
2026-04-24,16:07:48,65789,1,0.0000,0.0087,0.0115,0.3383,4.9261,0,1.0000,0,0,18.6849,0.1550,121.0373,-2.0463,167.7941,0.000,0.000,0.790,88.5687,-87.1414,69
2026-04-24,16:07:48,65824,1,0.0000,-0.0106,0.0126,0.3720,4.9261,0,1.0000,0,0,18.7109,0.6122,120.9164,-3.1523,167.7849,0.000,0.000,0.786,88.6334,-87.2571,69
2026-04-24,16:07:48,65864,1,0.0000,0.0130,0.0130,0.3821,4.9261,0,1.0000,0,0,18.7210,0.4142,120.9066,-2.2438,167.7820,0.000,0.000,0.784,88.6505,-87.2543,69
2026-04-24,16:07:48,65900,1,0.0000,0.0046,0.0133,0.3902,4.9261,0,1.0000,0,0,18.7372,0.7907,120.7715,-3.3460,167.7792,0.000,0.000,0.781,88.6725,-87.2489,69
2026-04-24,16:07:48,65936,1,0.0000,-0.0023,0.0126,0.3720,4.9261,0,1.0000,0,0,18.7536,1.2500,120.6552,-3.7116,167.7916,0.000,0.000,0.778,88.7292,-87.3236,69
2026-04-24,16:07:48,65972,1,0.0000,-0.0049,0.0129,0.3798,4.9261,0,1.0000,0,0,18.7536,0.1930,120.6449,-1.6133,167.7970,0.000,0.000,0.774,88.8645,-87.5688,69
,,66008,1,0.0000,0.0048,0.0121,0.3563,4.9261,0,1.0000,0,0,18.7687,0.2418,120.6786,0.5634,167.7892,0.000,0.000,0.771,89.0909,-88.0445,69
2026-04-24,16:07:48,66043,1,0.0000,0.0017,0.0126,0.3719,4.9261,0,1.0000,0,0,18.7654,0.5353,120.8037,2.5170,167.7743,0.000,0.000,0.768,89.3402,-88.5894,69
2026-04-24,16:07:48,66079,1,0.0000,-0.0066,0.0120,0.3537,4.9261,0,1.0000,0,0,18.7975,1.0743,120.9368,3.6773,167.7842,0.000,0.000,0.765,89.6546,-89.2725,69
2026-04-24,16:07:48,66115,1,0.0000,0.0034,0.0116,0.3403,4.9261,0,1.0000,0,0,18.7599,-0.7921,121.0677,4.3448,167.7842,0.000,0.000,0.762,89.8553,-89.6990,69
2026-04-24,16:07:48,66151,1,0.0000,-0.0178,0.0131,0.3849,4.9261,0,1.0000,0,0,18.7793,0.5278,121.2632,4.8394,167.7981,0.000,0.000,0.758,89.9441,-89.8853,69
2026-04-24,16:07:48,66187,1,0.0000,0.0007,0.0133,0.3902,4.9261,0,1.0000,0,0,18.8031,0.9985,121.2558,1.9091,167.7826,0.000,0.000,0.755,89.8057,-89.6022,69
2026-04-24,16:07:48,66223,1,0.0000,-0.0092,0.0130,0.3824,4.9261,0,1.0000,0,0,18.8196,0.8390,121.3816,3.4103,167.7830,0.000,0.000,0.752,89.5783,-89.1315,69
2026-04-24,16:07:48,66259,1,0.0000,0.0095,0.0138,0.4054,4.9261,0,1.0000,0,0,18.8162,0.2312,121.5181,3.3398,167.7783,0.000,0.000,0.749,89.2675,-88.4788,69
2026-04-24,16:07:48,66295,1,0.0000,0.0106,0.0126,0.3717,4.9261,0,1.0000,0,0,18.8194,0.2302,121.4193,-1.6470,167.7726,0.000,0.000,0.746,89.0934,-88.1056,69
2026-04-24,16:07:49,66331,1,0.0000,-0.0021,0.0132,0.3896,4.9261,0,1.0000,0,0,18.8280,0.1941,121.1700,-5.2947,167.7773,0.000,0.000,0.742,88.9767,-87.8541,69
2026-04-24,16:07:49,66367,1,0.0000,0.0016,0.0127,0.3748,4.9261,0,1.0000,0,0,18.8715,0.9404,121.1005,-3.0721,167.7628,0.000,0.000,0.739,88.9900,-87.8892,69
2026-04-24,16:07:49,66403,1,0.0000,-0.0117,0.0124,0.3641,4.9261,0,1.0000,0,0,18.9213,1.3452,120.9270,-4.8305,167.7825,0.000,0.000,0.736,89.0410,-88.0161,69
2026-04-24,16:07:49,66439,1,0.0000,0.0000,0.0129,0.3792,4.9261,0,1.0000,0,0,18.9680,1.4781,120.6738,-6.4558,167.7797,0.000,0.000,0.733,89.2895,-88.5379,69
2026-04-24,16:07:49,66475,1,0.0000,-0.0052,0.0132,0.3878,4.9261,0,1.0000,0,0,18.9645,-0.2110,120.7318,-0.7597,167.7643,0.000,0.000,0.730,89.4784,-88.9252,69
2026-04-24,16:07:49,66511,1,0.0000,0.0015,0.0121,0.3567,4.9261,0,1.0000,0,0,18.9497,-0.5429,120.7325,-0.7584,167.7391,0.000,0.000,0.726,89.6049,-89.1785,69
2026-04-24,16:07:49,66547,1,0.0000,0.0000,0.0140,0.4111,4.9261,0,1.0000,0,0,18.9132,-0.7031,120.6035,-3.1744,167.7493,0.000,0.000,0.723,89.6824,-89.3330,69
2026-04-24,16:07:49,66583,1,0.0000,-0.0087,0.0137,0.4039,4.9261,0,1.0000,0,0,18.9054,0.1363,120.5230,-1.9350,167.7500,0.000,0.000,0.720,89.8607,-89.7040,69
2026-04-24,16:07:49,66619,1,0.0000,0.0080,0.0129,0.3800,4.9261,0,1.0000,0,0,18.8842,-0.2530,120.6126,1.2478,167.7427,0.000,0.000,0.717,90.1363,-90.2913,69
2026-04-24,16:07:49,66654,1,0.0000,-0.0031,0.0143,0.4206,4.9262,0,1.0000,0,0,18.9080,-0.1858,120.8626,6.0266,167.7318,0.000,0.000,0.714,90.4371,-90.9362,69
2026-04-24,16:07:49,66690,1,0.0000,-0.0142,0.0153,0.4491,4.9262,0,1.0000,0,0,18.9995,3.1493,121.3022,11.1180,167.7496,0.000,0.000,0.710,90.5397,-91.1481,69
2026-04-24,16:07:49,66726,1,0.0000,0.0041,0.0117,0.3436,4.9262,0,1.0000,0,0,19.0598,0.5480,121.7407,12.3966,167.7493,0.000,0.000,0.707,90.5722,-91.2066,69
2026-04-24,16:07:49,66762,1,0.0000,-0.0051,0.0151,0.4444,4.9262,0,1.0000,0,0,19.0167,-1.6739,121.9071,6.4859,167.7471,0.000,0.000,0.704,90.5151,-91.0704,69
2026-04-24,16:07:49,66795,1,0.0000,-0.0073,0.0152,0.4468,4.9262,0,1.0000,0,0,18.9303,-2.1145,121.9047,5.0024,167.7445,0.000,0.000,0.702,90.4721,-90.9690,69
2026-04-24,16:07:49,66831,1,0.0000,-0.0053,0.0147,0.4331,4.9262,0,1.0000,0,0,18.8559,-1.6346,121.8401,0.5596,167.7338,0.000,0.000,0.699,90.4448,-90.9014,69
2026-04-24,16:07:49,66867,1,0.0000,0.0007,0.0136,0.4008,4.9262,0,1.0000,0,0,18.7980,-1.5065,121.7299,-3.2809,167.7185,0.000,0.000,0.696,90.3402,-90.6850,69
2026-04-24,16:07:49,66903,1,0.0000,-0.0025,0.0132,0.3869,4.9262,0,1.0000,0,0,18.7976,-0.4775,121.4579,-6.8026,167.7177,0.000,0.000,0.693,90.1692,-90.3402,69
2026-04-24,16:07:49,66939,1,0.0000,-0.0024,0.0141,0.4158,4.9262,0,1.0000,0,0,18.7801,-1.1754,121.4222,-2.6668,167.7211,0.000,0.000,0.690,89.9804,-89.9602,69
2026-04-24,16:07:49,66975,1,0.0000,0.0076,0.0139,0.4093,4.9262,0,1.0000,0,0,18.7290,-1.5351,121.4692,-0.5451,167.7345,0.000,0.000,0.686,89.8550,-89.7033,69
2026-04-24,16:07:49,67010,1,0.0000,0.0000,0.0148,0.4361,4.9262,0,1.0000,0,0,18.6992,-0.9287,121.5354,1.0528,167.7380,0.000,0.000,0.683,89.7990,-89.5835,69
2026-04-24,16:07:49,67046,1,0.0000,0.0076,0.0138,0.4065,4.9262,0,1.0000,0,0,18.6324,-1.9136,121.6751,3.4198,167.7470,0.000,0.000,0.680,89.9276,-89.8487,69
2026-04-24,16:07:49,67082,1,0.0000,0.0154,0.0144,0.4223,4.9262,0,1.0000,0,0,18.6157,-0.5865,121.8543,4.6905,167.7575,0.000,0.000,0.677,90.1012,-90.2131,69
2026-04-24,16:07:49,67118,1,0.0000,-0.0068,0.0146,0.4305,4.9262,0,1.0000,0,0,18.6093,-0.7486,122.0475,5.8801,167.7625,0.000,0.000,0.674,90.2170,-90.4572,69
2026-04-24,16:07:49,67153,1,0.0000,-0.0013,0.0147,0.4328,4.9262,0,1.0000,0,0,18.6040,-0.3222,122.2060,4.6281,167.7866,0.000,0.000,0.670,90.4607,-90.9662,69
2026-04-24,16:07:49,67189,1,0.0000,0.0087,0.0144,0.4229,4.9262,0,1.0000,0,0,18.6000,-0.6763,122.2807,2.7913,167.7751,0.000,0.000,0.667,90.5720,-91.1934,69
2026-04-24,16:07:49,67225,1,0.0000,-0.0100,0.0136,0.3998,4.9262,0,1.0000,0,0,18.5765,-0.5138,122.2406,0.0226,167.7748,0.000,0.000,0.664,90.4682,-90.9722,69
2026-04-24,16:07:49,67261,1,0.0000,-0.0015,0.0141,0.4145,4.9262,0,1.0000,0,0,18.5527,-0.1077,122.2938,1.0624,167.7566,0.000,0.000,0.661,90.4410,-90.9142,69
2026-04-24,16:07:49,67297,1,0.0000,0.0061,0.0169,0.4984,4.9262,0,1.0000,0,0,18.5868,1.0587,122.1662,-2.4457,167.7590,0.000,0.000,0.658,90.5056,-91.0510,69
2026-04-24,16:07:50,67333,1,0.0000,0.0041,0.0135,0.3962,4.9262,0,1.0000,0,0,18.5804,0.1242,122.0469,-3.0744,167.7709,0.000,0.000,0.654,90.4253,-90.8896,69
2026-04-24,16:07:50,67369,1,0.0000,0.0061,0.0129,0.3802,4.9262,0,1.0000,0,0,18.5911,0.9248,122.0725,-0.3121,167.7661,0.000,0.000,0.651,90.4047,-90.8528,69
2026-04-24,16:07:50,67405,1,0.0000,0.0165,0.0138,0.4065,4.9262,0,1.0000,0,0,18.5685,-0.8820,122.3248,5.6582,167.7741,0.000,0.000,0.648,90.4957,-91.0513,69
2026-04-24,16:07:50,67441,1,0.0000,0.0022,0.0134,0.3929,4.9262,0,1.0000,0,0,18.5729,0.1834,122.7968,11.6071,167.7715,0.000,0.000,0.645,90.4739,-91.0123,69
2026-04-24,16:07:50,67477,1,0.0000,0.0020,0.0148,0.4362,4.9262,0,1.0000,0,0,18.5665,0.0118,123.0150,7.3004,167.7753,0.000,0.000,0.642,90.4945,-91.0616,69
2026-04-24,16:07:50,67513,1,0.0000,-0.0092,0.0155,0.4547,4.9262,0,1.0000,0,0,18.5680,-0.3332,122.9235,0.4888,167.7813,0.000,0.000,0.638,90.5774,-91.2409,69
2026-04-24,16:07:50,67549,1,0.0000,-0.0027,0.0159,0.4685,4.9262,0,1.0000,0,0,18.5667,-0.2136,123.1515,5.5721,167.7790,0.000,0.000,0.635,90.7721,-91.6502,69
2026-04-24,16:07:50,67584,1,0.0000,-0.0129,0.0140,0.4124,4.9262,0,1.0000,0,0,18.5664,-0.3936,123.2906,3.9455,167.8002,0.000,0.000,0.632,90.9276,-91.9741,69
2026-04-24,16:07:50,67620,1,0.0000,-0.0013,0.0153,0.4501,4.9262,0,1.0000,0,0,18.5649,-0.1826,123.4124,3.9852,167.8226,0.000,0.000,0.629,91.2833,-92.6993,69
2026-04-24,16:07:50,67656,1,0.0000,0.0109,0.0136,0.3986,4.9262,0,1.0000,0,0,18.5593,-0.5463,123.4281,1.7441,167.8219,0.000,0.000,0.626,91.3899,-92.8972,69
2026-04-24,16:07:50,67692,1,0.0000,0.0007,0.0145,0.4272,4.9262,0,1.0000,0,0,18.5657,0.7872,123.4741,1.4724,167.8273,0.000,0.000,0.622,91.3551,-92.7949,69
2026-04-24,16:07:50,67734,1,0.0000,-0.0080,0.0144,0.4228,4.9262,0,1.0000,0,0,18.5527,0.1560,123.5019,1.2212,167.8280,0.000,0.000,0.620,91.1990,-92.4585,69
2026-04-24,16:07:50,67769,1,0.0000,0.0092,0.0141,0.4157,4.9262,0,1.0000,0,0,18.5492,0.4262,123.3411,-3.0223,167.8178,0.000,0.000,0.617,91.0675,-92.1794,69
2026-04-24,16:07:50,67804,1,0.0000,0.0125,0.0144,0.4250,4.9262,0,1.0000,0,0,18.5629,0.4179,123.3193,-1.5762,167.7991,0.000,0.000,0.614,90.9205,-91.8720,69
2026-04-24,16:07:50,67840,1,0.0000,0.0094,0.0150,0.4421,4.9262,0,1.0000,0,0,18.5644,-0.0769,123.2807,-1.1963,167.8024,0.000,0.000,0.610,90.7579,-91.5328,69
2026-04-24,16:07:50,67876,1,0.0000,-0.0008,0.0167,0.4899,4.9262,0,1.0000,0,0,18.5518,-0.5405,123.1081,-4.0332,167.7895,0.000,0.000,0.607,90.6392,-91.2825,69
2026-04-24,16:07:50,67912,1,0.0000,-0.0025,0.0157,0.4620,4.9263,0,1.0000,0,0,18.5225,-0.2621,123.0875,-2.0328,167.7867,0.000,0.000,0.604,90.6171,-91.2166,69
2026-04-24,16:07:50,67948,1,0.0000,0.0024,0.0157,0.4625,4.9263,0,1.0000,0,0,18.5072,-0.8603,123.1773,1.3958,167.7750,0.000,0.000,0.601,90.6701,-91.3023,69
2026-04-24,16:07:50,67984,1,0.0000,-0.0169,0.0173,0.5093,4.9263,0,1.0000,0,0,18.5612,1.1419,123.2924,2.9475,167.7525,0.000,0.000,0.598,90.6562,-91.2510,69
2026-04-24,16:07:50,68020,1,0.0000,-0.0028,0.0179,0.5257,4.9264,0,1.0000,0,0,18.5940,0.7896,123.5530,6.5522,167.7449,0.000,0.000,0.594,90.6272,-91.1763,69
2026-04-24,16:07:50,68056,1,0.0000,-0.0100,0.0203,0.5977,4.9264,0,1.0000,0,0,18.6231,-0.4107,123.7647,6.6332,167.7258,0.000,0.000,0.591,90.5132,-90.9526,69
2026-04-24,16:07:50,68092,1,0.0000,0.0110,0.0181,0.5335,4.9264,0,1.0000,0,0,18.5672,-1.5228,124.1004,9.2597,167.7383,0.000,0.000,0.588,90.2977,-90.5479,69
2026-04-24,16:07:50,68128,1,-0.2960,-0.0668,0.0137,0.4021,4.9266,0,1.0000,-37,1,18.4948,-2.4624,124.5229,13.0384,167.7583,0.000,0.000,0.585,90.1516,-90.2779,69
2026-04-24,16:07:50,68164,1,-0.2960,-0.1077,0.0163,0.4781,4.9272,0,1.0000,-37,1,18.4700,-2.3203,125.2753,20.8474,167.7692,0.000,0.000,0.582,90.2027,-90.3718,69
2026-04-24,16:07:50,68200,1,-7.9360,-0.1815,0.0231,0.6805,4.9285,0,1.0000,-992,1,18.4714,1.4952,126.1587,25.0454,167.7698,0.000,0.000,0.578,90.3375,-90.6187,69
2026-04-24,16:07:50,68236,1,-7.9360,-0.0035,0.0163,0.4792,4.9294,0,1.0000,-992,1,18.4220,-1.8206,127.1940,31.0998,167.7711,0.000,0.000,0.575,90.6091,-91.1138,69
2026-04-24,16:07:50,68272,1,-7.9360,-0.0012,0.0142,0.4187,4.9295,0,1.0000,-992,1,18.4185,0.7490,128.0803,27.8282,167.7517,0.000,0.000,0.572,90.7930,-91.4296,69
2026-04-24,16:07:51,68309,1,-7.9760,-0.0179,0.0153,0.4501,4.9295,0,1.0000,-997,1,18.3850,-1.3683,128.4247,16.5583,167.7318,0.000,0.000,0.569,91.2428,-92.1976,69
2026-04-24,16:07:51,68345,1,-7.9760,-0.0158,0.0178,0.5247,4.9297,0,1.0000,-997,1,18.3489,-1.1646,128.3957,4.1991,167.7243,0.000,0.000,0.592,91.4073,-92.4405,69
2026-04-24,16:07:51,68381,1,-7.9760,-0.0828,0.0247,0.7271,4.9303,0,1.0000,-997,1,18.4202,2.7703,128.1222,-4.3016,167.7465,0.000,0.000,0.624,91.8253,-93.0908,69
2026-04-24,16:07:51,68417,1,-7.9840,-0.2263,0.0200,0.5890,4.9316,0,1.0000,-998,1,18.2616,-4.2937,127.2947,-20.3101,167.7469,0.000,0.000,0.638,92.1106,-93.5225,69
2026-04-24,16:07:51,68453,1,-7.9840,-0.2815,0.0312,0.9185,4.9335,0,1.0000,-998,1,18.3180,0.8652,126.1176,-30.8196,167.7299,0.000,0.000,0.635,92.6776,-94.4054,69
2026-04-24,16:07:51,68489,1,-7.9840,-0.5133,0.0326,0.9576,4.9364,0,1.0000,-998,1,18.1453,-2.7485,125.3581,-25.4015,167.7633,0.000,0.000,0.632,93.0180,-94.9216,69
2026-04-24,16:07:51,68525,1,-7.9840,-0.4164,0.0510,1.5008,4.9401,0,1.0000,-998,1,18.1999,-2.6408,124.4883,-26.8129,167.7551,0.000,0.000,0.638,93.3541,-95.4612,69
2026-04-24,16:07:51,68561,1,-7.9840,-0.1831,0.0241,0.7078,4.9422,0,1.0000,-998,1,18.1246,-0.5724,124.2973,-13.3792,167.6981,0.000,0.000,0.670,93.3145,-95.3984,69
2026-04-24,16:07:51,68597,1,-7.9840,-0.1338,0.0263,0.7725,4.9441,0,1.0000,-998,1,18.2030,4.0685,123.6422,-19.3051,167.7529,0.000,0.000,0.702,93.2485,-95.2917,69
2026-04-24,16:07:51,68631,1,-7.9840,-0.2814,0.0179,0.5262,4.9451,0,1.0000,-998,1,18.2081,2.1982,123.4522,-16.4067,167.7234,0.000,0.000,0.718,93.2485,-95.2917,69
2026-04-24,16:07:51,68667,1,-7.9840,-0.2194,0.0265,0.7795,4.9474,0,1.0000,-998,1,18.3401,-1.1479,123.0172,-13.3710,167.8268,0.000,0.000,0.750,92.9911,-94.8619,69
2026-04-24,16:07:51,68704,1,-7.9840,-0.4880,0.0261,0.7680,4.9507,0,1.0000,-998,1,18.1688,2.8830,122.8929,-8.0776,167.7381,0.000,0.000,0.782,93.5628,-95.6129,69
2026-04-24,16:07:51,68740,1,-7.9840,-0.6117,0.0410,1.2059,4.9557,0,1.0000,-998,1,17.9980,-8.7949,122.8777,-2.6981,167.7680,0.000,0.000,0.814,94.1644,-96.4524,69
2026-04-24,16:07:51,68777,1,-7.9840,-0.6411,0.0226,0.6644,4.9609,0,1.0000,-998,1,18.1419,8.5274,122.7389,-3.6773,167.7409,0.000,0.000,0.846,94.3450,-96.6868,69
2026-04-24,16:07:51,68813,1,-7.9840,-0.3420,0.0384,1.1283,4.9646,0,1.0000,-998,1,17.8792,-10.5898,122.5336,-5.0059,167.7897,0.000,0.000,0.878,94.2866,-96.6073,69
2026-04-24,16:07:51,68849,1,-7.9840,-0.5262,0.0284,0.8345,4.9678,0,1.0000,-998,1,17.8267,1.6333,122.5572,-1.9365,167.7551,0.000,0.000,0.910,93.5394,-95.4646,69
2026-04-24,16:07:51,68885,1,-7.9840,-0.5705,0.0406,1.1932,4.9727,0,1.0000,-998,1,17.8410,-0.9828,121.9920,-13.4229,167.7421,0.000,0.000,0.942,93.1824,-94.9284,69
2026-04-24,16:07:51,68921,1,-7.9840,-0.2649,0.0416,1.2239,4.9758,0,1.0000,-998,1,17.8452,4.1548,120.4991,-34.4639,167.7440,0.000,0.000,0.974,92.5760,-93.9906,69
2026-04-24,16:07:51,68956,1,-7.9840,-0.2859,0.0205,0.6016,4.9774,0,1.0000,-998,1,17.7014,-7.7473,119.5308,-30.0184,167.8105,0.000,0.000,1.000,91.9677,-93.0289,69
2026-04-24,16:07:51,68992,1,-7.9840,-0.1286,0.0331,0.9728,4.9791,0,1.0000,-998,1,17.7615,3.2933,118.8449,-25.0554,167.7042,0.000,0.000,1.000,91.8508,-92.8290,69
2026-04-24,16:07:51,69028,1,-2.3360,-0.2645,0.0227,0.6663,4.9806,0,1.0000,-292,1,17.5524,-1.6347,118.1965,-22.1782,167.7864,0.000,0.000,1.000,91.3098,-91.9743,69
2026-04-24,16:07:51,69064,1,-2.3360,-0.4442,0.0263,0.7742,4.9837,0,1.0000,-292,1,17.7216,-3.5398,117.5459,-20.3629,167.8530,0.000,0.000,1.000,91.1596,-91.7377,69
2026-04-24,16:07:51,69100,1,-2.3360,-0.6210,0.0328,0.9651,4.9882,0,1.0000,-292,1,17.3336,-2.8328,117.2273,-15.6209,167.7415,0.000,0.000,1.000,90.6482,-90.9727,69
2026-04-24,16:07:51,69136,1,-0.5440,-0.2168,0.0293,0.8613,4.9919,0,1.0000,-68,1,17.5291,-1.4907,116.9827,-10.2560,167.8241,0.000,0.000,1.000,90.2025,-90.3061,69
2026-04-24,16:07:51,69172,1,-0.5440,-0.0878,0.0113,0.3334,4.9922,0,1.0000,-68,1,17.4280,2.3255,116.5356,-13.4200,167.8211,0.000,0.000,1.000,88.3041,-87.4141,69
2026-04-24,16:07:51,69208,1,-0.5440,-0.0328,0.0073,0.2142,4.9923,0,1.0000,-68,1,17.3986,-9.0602,115.9184,-17.1596,167.8773,0.000,0.000,0.999,87.4483,-86.0601,69
2026-04-24,16:07:51,69244,1,0.0000,-0.0063,0.0138,0.4060,4.9925,0,1.0000,0,1,17.3030,4.9146,115.3513,-17.4986,167.7570,0.000,0.000,1.000,86.4710,-84.4843,69
2026-04-24,16:07:51,69280,1,0.0000,-0.0101,0.0151,0.4453,4.9925,0,1.0000,0,1,17.3346,-3.0745,114.9135,-14.8314,167.8736,0.000,0.000,1.000,85.7778,-83.2754,69
2026-04-24,16:07:52,69317,1,0.0000,0.0065,0.0129,0.3785,4.9925,0,1.0000,0,1,17.4317,2.9035,114.7266,-9.3586,167.8418,0.000,0.000,1.000,85.7297,-83.0653,69
2026-04-24,16:07:52,69353,1,0.0000,0.0015,0.0147,0.4324,4.9925,0,1.0000,0,1,17.1825,-4.9725,114.6926,-3.4001,167.8298,0.000,0.000,1.000,85.7737,-82.9089,69
2026-04-24,16:07:52,69389,1,0.0000,0.0009,0.0135,0.3961,4.9925,0,1.0000,0,1,17.2576,0.4940,114.7084,-1.2791,167.8531,0.000,0.000,1.000,85.7647,-82.6229,69
,,69425,1,0.0000,0.0008,0.0126,0.3700,4.9924,0,1.0000,0,1,17.2079,1.3055,114.5251,-4.5590,167.8250,0.000,0.000,1.000,85.6598,-82.2001,69
2026-04-24,16:07:52,69462,1,0.0000,0.0240,0.0112,0.3303,4.9924,0,1.0000,0,1,17.2405,0.1297,114.2334,-7.7839,167.8525,0.000,0.000,1.000,85.3815,-81.3166,69
2026-04-24,16:07:52,69498,1,0.0000,0.0135,0.0106,0.3131,4.9923,0,1.0000,0,1,17.3003,1.8918,113.6840,-13.9369,167.8366,0.000,0.000,1.000,85.2689,-80.6514,69
2026-04-24,16:07:52,69534,1,0.0000,0.0172,0.0100,0.2931,4.9923,0,1.0000,0,1,17.2314,-0.3083,113.4882,-11.2791,167.8583,0.000,0.000,0.999,85.3609,-80.5023,69
2026-04-24,16:07:52,69570,1,0.0000,0.0109,0.0088,0.2576,4.9922,0,1.0000,0,1,17.2249,-0.3296,112.9960,-14.2860,167.8943,0.000,0.000,0.998,85.6584,-80.7575,69
2026-04-24,16:07:52,69606,1,0.0000,0.0082,0.0080,0.2339,4.9922,0,1.0000,0,1,17.2352,1.7402,112.3014,-19.0778,167.8601,0.000,0.000,0.995,85.9345,-81.1513,69
2026-04-24,16:07:52,69642,1,0.0000,0.0143,0.0065,0.1903,4.9921,0,1.0000,0,1,17.2885,2.6033,111.4781,-24.1794,167.8423,0.000,0.000,0.992,86.3573,-81.9127,69
2026-04-24,16:07:52,69678,1,0.0000,0.0072,0.0059,0.1738,4.9921,0,1.0000,0,1,17.4196,5.0845,110.8429,-21.0151,167.8450,0.000,0.000,0.989,86.9151,-83.0663,69
2026-04-24,16:07:52,69714,1,0.0000,0.0192,0.0049,0.1447,4.9920,0,1.0000,0,1,17.5588,4.2863,110.2569,-19.2978,167.8512,0.000,0.000,0.986,87.3112,-83.9264,69
2026-04-24,16:07:52,69750,1,0.0000,0.0041,0.0040,0.1168,4.9919,0,1.0000,0,0,17.6806,4.8126,109.7547,-17.5365,167.8553,0.000,0.000,0.982,87.4880,-84.2996,69
2026-04-24,16:07:52,69786,1,0.0000,0.0038,0.0042,0.1225,4.9919,0,1.0000,0,0,17.7850,3.5644,109.2645,-15.7305,167.8358,0.000,0.000,0.979,87.4487,-84.1873,69
2026-04-24,16:07:52,69822,1,0.0000,0.0030,0.0041,0.1216,4.9919,0,1.0000,0,0,17.8888,4.0136,108.9226,-12.3615,167.8460,0.000,0.000,0.976,87.2381,-83.6984,69
2026-04-24,16:07:52,69858,1,0.0000,-0.0042,0.0034,0.1011,4.9919,0,1.0000,0,0,17.9863,3.0713,108.5748,-12.6461,167.8309,0.000,0.000,0.973,87.0019,-83.1573,69
2026-04-24,16:07:52,69893,1,0.0000,0.0061,0.0004,0.0107,4.9918,0,1.0000,0,0,18.0912,3.2973,108.2339,-11.1972,167.8208,0.000,0.000,0.970,86.7195,-82.5311,69
2026-04-24,16:07:52,69929,1,0.0000,0.0006,0.0017,0.0494,4.9918,0,1.0000,0,0,18.1563,1.9355,108.1407,-5.5597,167.8149,0.000,0.000,0.966,86.2117,-81.4019,69
2026-04-24,16:07:52,69965,1,0.0000,0.0071,0.0002,0.0053,4.9918,0,1.0000,0,0,18.2316,2.3474,108.3206,1.7337,167.8234,0.000,0.000,0.963,85.9343,-80.7943,69
2026-04-24,16:07:52,70001,1,0.0000,0.0018,-0.0007,0.0209,4.9917,0,1.0000,0,0,18.3086,2.6863,108.4765,3.4191,167.7910,0.000,0.000,0.960,85.5032,-79.8674,69
2026-04-24,16:07:52,70037,1,0.0000,0.0038,-0.0001,0.0027,4.9917,0,1.0000,0,0,18.3311,0.9717,108.3481,-2.2933,167.8004,0.000,0.000,0.957,85.2960,-79.3940,69
2026-04-24,16:07:52,70073,1,0.0000,0.0084,-0.0006,0.0189,4.9917,0,1.0000,0,0,18.3797,1.5684,108.1282,-4.0261,167.7971,0.000,0.000,0.954,85.1632,-79.0702,69
2026-04-24,16:07:52,70109,1,0.0000,-0.0095,-0.0013,0.0390,4.9916,0,1.0000,0,0,18.4066,0.3608,108.1662,-0.8242,167.8071,0.000,0.000,0.950,85.0036,-78.6370,69
2026-04-24,16:07:52,70145,1,0.0000,0.0079,-0.0025,0.0721,4.9916,0,1.0000,0,0,18.4132,0.0805,108.2506,1.1093,167.7970,0.000,0.000,0.947,84.9599,-78.4443,69
2026-04-24,16:07:52,70181,1,0.0000,-0.0025,-0.0015,0.0435,4.9916,0,1.0000,0,0,18.4010,-0.5459,108.1973,-1.0962,167.8016,0.000,0.000,0.944,84.9835,-78.3506,69
2026-04-24,16:07:52,70217,1,0.0000,-0.0105,-0.0023,0.0675,4.9916,0,1.0000,0,0,18.3843,0.0604,108.0721,-3.1351,167.7849,0.000,0.000,0.941,84.8494,-77.8732,69
2026-04-24,16:07:52,70253,1,0.0000,0.0084,-0.0051,0.1508,4.9915,0,1.0000,0,0,18.3859,0.3484,107.7918,-6.9913,167.8033,0.000,0.000,0.938,84.7752,-77.5938,69
2026-04-24,16:07:52,70289,1,0.0000,0.0119,-0.0052,0.1528,4.9915,0,1.0000,0,0,18.4199,1.2447,107.5341,-8.1070,167.7988,0.000,0.000,0.934,84.5684,-77.0080,69
2026-04-24,16:07:53,70325,1,0.0000,0.0100,-0.0077,0.2268,4.9914,0,1.0000,0,0,18.4475,1.1662,107.2535,-8.1775,167.7804,0.000,0.000,0.931,84.4300,-76.6806,69
2026-04-24,16:07:53,70361,1,0.0000,-0.0001,-0.0076,0.2232,4.9914,0,1.0000,0,0,18.5121,1.9130,107.1468,-4.8042,167.7815,0.000,0.000,0.928,84.3077,-76.4828,69
2026-04-24,16:07:53,70397,1,0.0000,0.0072,-0.0082,0.2410,4.9913,0,1.0000,0,0,18.5789,2.3190,106.9648,-6.0567,167.7802,0.000,0.000,0.925,84.1909,-76.3222,69
2026-04-24,16:07:53,70433,1,0.0000,0.0095,-0.0079,0.2334,4.9913,0,1.0000,0,0,18.6000,0.6732,106.7654,-5.5077,167.7567,0.000,0.000,0.922,84.0729,-76.1187,69
2026-04-24,16:07:53,70470,1,0.0000,0.0007,-0.0084,0.2483,4.9913,0,1.0000,0,0,18.6076,0.4178,106.7517,-3.8630,167.7584,0.000,0.000,0.919,83.8952,-75.7546,69
2026-04-24,16:07:53,70506,1,0.0000,-0.0101,-0.0073,0.2161,4.9913,0,1.0000,0,0,18.6570,1.6901,106.5779,-6.4375,167.7645,0.000,0.000,0.916,83.7873,-75.5082,69
2026-04-24,16:07:53,70542,1,0.0000,-0.0034,-0.0086,0.2517,4.9913,0,1.0000,0,0,18.6854,0.6346,106.1714,-10.2865,167.7392,0.000,0.000,0.913,83.5907,-75.0760,69
2026-04-24,16:07:53,70578,1,0.0000,-0.0074,-0.0078,0.2301,4.9913,0,1.0000,0,0,18.7243,2.1212,105.8416,-10.2111,167.7578,0.000,0.000,0.910,83.3023,-74.5046,69
2026-04-24,16:07:53,70614,1,0.0000,-0.0018,-0.0072,0.2124,4.9913,0,1.0000,0,0,18.7385,0.6352,105.5086,-10.6484,167.7655,0.000,0.000,0.906,82.7499,-73.3759,69
2026-04-24,16:07:53,70650,1,0.0000,0.0026,-0.0073,0.2161,4.9913,0,1.0000,0,0,18.7844,0.8864,105.4222,-4.8350,167.7825,0.000,0.000,0.903,81.4666,-70.6595,69
2026-04-24,16:07:53,70686,1,0.0000,0.0079,-0.0084,0.2480,4.9913,0,1.0000,0,0,18.7986,0.8952,105.4658,-1.9186,167.7799,0.000,0.000,0.900,80.0362,-67.4777,69
2026-04-24,16:07:53,70722,1,0.0000,-0.0012,-0.0067,0.1984,4.9913,0,1.0000,0,0,18.8128,-0.0074,105.3237,-3.0725,167.8039,0.000,0.000,0.897,79.1568,-65.2325,69
2026-04-24,16:07:53,70759,1,0.0000,-0.0012,-0.0076,0.2234,4.9913,0,1.0000,0,0,18.8376,1.3533,105.3778,0.1796,167.7623,0.000,0.000,0.894,77.8340,-60.1493,69
2026-04-24,16:07:53,70794,1,0.0000,-0.0028,-0.0077,0.2268,4.9913,0,1.0000,0,0,18.8320,-0.2709,105.6180,5.4559,167.7575,0.000,0.000,0.890,77.5768,-57.9785,69
2026-04-24,16:07:53,70830,1,0.0000,-0.0023,-0.0056,0.1633,4.9913,0,1.0000,0,0,18.8507,0.8193,105.8828,7.1416,167.7607,0.000,0.000,0.887,77.5949,-53.3496,69
2026-04-24,16:07:53,70866,1,0.0000,0.0024,-0.0067,0.1984,4.9913,0,1.0000,0,0,18.8427,0.4164,106.0578,6.5418,167.7567,0.000,0.000,0.884,77.7970,-46.5922,69
2026-04-24,16:07:53,70902,1,0.0000,0.0051,-0.0083,0.2447,4.9913,0,1.0000,0,0,18.7901,-2.0004,106.2831,6.3586,167.7787,0.000,0.000,0.881,78.0515,-36.4729,69
2026-04-24,16:07:53,70938,1,0.0000,0.0070,-0.0099,0.2911,4.9913,0,1.0000,0,0,18.6610,-2.0421,106.2035,0.0665,167.7840,0.000,0.000,0.878,78.5601,-21.9330,69
2026-04-24,16:07:53,70974,1,0.0000,-0.0024,-0.0083,0.2443,4.9913,0,1.0000,0,0,18.4882,-3.8704,106.0597,-2.9497,167.7896,0.000,0.000,0.874,78.8702,-12.2705,69
2026-04-24,16:07:53,71010,1,0.0000,0.0217,-0.0114,0.3363,4.9912,0,1.0000,0,0,18.3410,-3.0761,105.8809,-4.2016,167.8056,0.000,0.000,0.871,79.4275,11.4520,69
2026-04-24,16:07:53,71046,1,0.0000,-0.0026,-0.0116,0.3401,4.9911,0,1.0000,0,0,18.2048,-2.0564,105.6693,-6.1193,167.7907,0.000,0.000,0.868,79.7436,30.5431,69
2026-04-24,16:07:53,71082,1,0.0000,0.0062,-0.0132,0.3871,4.9911,0,1.0000,0,0,18.1796,1.4128,105.1267,-13.6248,167.7949,0.000,0.000,0.865,80.1546,39.2860,69
2026-04-24,16:07:53,71118,1,0.0000,-0.0028,-0.0128,0.3764,4.9911,0,1.0000,0,0,18.3466,7.5014,104.5025,-18.2465,167.7712,0.000,0.000,0.862,79.6930,41.3376,69
2026-04-24,16:07:53,71154,1,0.0000,-0.0112,-0.0118,0.3459,4.9911,0,1.0000,0,0,18.6335,10.3607,103.7951,-19.1757,167.7822,0.000,0.000,0.858,77.9688,35.7906,69
2026-04-24,16:07:53,71190,1,0.0000,-0.0018,-0.0124,0.3657,4.9911,0,1.0000,0,0,19.0298,13.2383,103.1718,-20.2582,167.7485,0.000,0.000,0.855,75.5445,28.7957,69
2026-04-24,16:07:53,71227,1,0.0000,0.0135,-0.0139,0.4086,4.9910,0,1.0000,0,0,19.3887,10.7716,102.3413,-24.6064,167.7527,0.000,0.000,0.852,73.4500,23.8911,69
2026-04-24,16:07:53,71262,1,0.0000,0.0007,-0.0121,0.3573,4.9910,0,1.0000,0,0,19.7144,10.1090,101.4152,-27.8206,167.7711,0.000,0.000,0.849,70.6298,18.5424,69
2026-04-24,16:07:54,71298,1,0.0000,-0.0026,-0.0116,0.3418,4.9911,0,1.0000,0,0,19.9400,7.3412,100.6103,-26.1319,167.7809,0.000,0.000,0.872,68.3028,15.4139,69
2026-04-24,16:07:54,71334,1,0.0000,0.0089,-0.0141,0.4152,4.9910,0,1.0000,0,0,20.0902,4.7052,99.9865,-20.9361,167.7909,0.000,0.000,0.904,67.2915,14.2492,69
2026-04-24,16:07:54,71370,1,0.0000,0.0003,-0.0130,0.3830,4.9910,0,1.0000,0,0,20.2200,3.8025,99.9175,-8.6145,167.7849,0.000,0.000,0.936,66.2307,13.2242,69
2026-04-24,16:07:54,71405,1,0.0000,-0.0111,-0.0120,0.3526,4.9910,0,1.0000,0,0,20.2545,2.7531,99.9194,-6.6993,167.7850,0.000,0.000,0.952,66.0875,13.0472,69
2026-04-24,16:07:54,71441,1,0.0000,0.0018,-0.0132,0.3872,4.9910,0,1.0000,0,0,20.3506,3.3491,99.9907,-0.5515,167.7564,0.000,0.000,0.984,66.3952,13.3069,69
2026-04-24,16:07:54,71476,1,0.0000,0.0008,-0.0138,0.4064,4.9910,0,1.0000,0,0,20.4391,3.0315,99.8129,-3.6982,167.7590,0.000,0.000,1.000,67.0412,12.9213,69
2026-04-24,16:07:54,71511,1,0.0000,0.0116,-0.0136,0.4000,4.9910,0,1.0000,0,0,20.5230,2.7490,99.7097,-3.3826,167.7581,0.000,0.000,1.000,67.9664,13.0590,69
2026-04-24,16:07:54,71547,1,0.0000,0.0003,-0.0136,0.4001,4.9910,0,1.0000,0,0,20.5949,2.3230,99.6017,-3.7590,167.7470,0.000,0.000,1.000,68.5464,12.5582,69
2026-04-24,16:07:54,71582,1,0.0000,0.0074,-0.0135,0.3979,4.9910,0,1.0000,0,0,20.6455,1.4463,99.6615,0.0767,167.7530,0.000,0.000,1.000,69.0432,12.6073,69
2026-04-24,16:07:54,71618,1,0.0000,0.0097,-0.0138,0.4065,4.9910,0,1.0000,0,0,20.7003,1.6503,99.7862,2.3437,167.7433,0.000,0.000,1.000,69.4327,11.8146,69
2026-04-24,16:07:54,71653,1,0.0000,-0.0078,-0.0135,0.3957,4.9910,0,1.0000,0,0,20.7453,1.0936,99.6697,-2.8077,167.7396,0.000,0.000,0.998,69.6988,10.9779,69
2026-04-24,16:07:54,71689,1,0.0000,-0.0091,-0.0122,0.3592,4.9910,0,1.0000,0,0,20.7784,1.1980,99.3151,-7.6769,167.7492,0.000,0.000,0.994,70.1502,9.5823,69
2026-04-24,16:07:54,71725,1,0.0000,0.0128,-0.0142,0.4172,4.9910,0,1.0000,0,0,20.7967,0.6142,99.2120,-4.0476,167.7467,0.000,0.000,0.991,70.5993,8.1950,69
2026-04-24,16:07:54,71761,1,0.0000,-0.0156,-0.0123,0.3614,4.9910,0,1.0000,0,0,20.8199,0.5082,99.4390,2.9328,167.7548,0.000,0.000,0.988,71.6698,5.3134,69
2026-04-24,16:07:54,71797,1,0.0000,0.0050,-0.0132,0.3872,4.9910,0,1.0000,0,0,20.8519,1.3288,99.5469,3.0588,167.7488,0.000,0.000,0.985,72.5044,3.1997,69
2026-04-24,16:07:54,71832,1,0.0000,0.0062,-0.0132,0.3893,4.9910,0,1.0000,0,0,20.8537,0.0628,99.5999,1.5229,167.7716,0.000,0.000,0.982,73.4603,0.5486,69
2026-04-24,16:07:54,71868,1,0.0000,0.0097,-0.0157,0.4603,4.9910,0,1.0000,0,0,20.8634,-0.2989,99.8235,5.2589,167.7764,0.000,0.000,0.978,74.7729,-2.9405,69
2026-04-24,16:07:54,71904,1,0.0000,0.0100,-0.0140,0.4108,4.9910,0,1.0000,0,0,20.8825,0.8154,99.9182,3.3707,167.7668,0.000,0.000,0.975,75.6948,-5.2476,69
2026-04-24,16:07:54,71940,1,0.0000,0.0105,-0.0146,0.4280,4.9910,0,1.0000,0,0,20.9010,0.6885,99.9845,2.8950,167.7577,0.000,0.000,0.972,76.6787,-8.0142,69
2026-04-24,16:07:54,71976,1,0.0000,-0.0044,-0.0131,0.3850,4.9910,0,1.0000,0,0,20.9115,0.4668,100.0331,1.1839,167.7820,0.000,0.000,0.969,77.2054,-9.4063,69
2026-04-24,16:07:54,72012,1,0.0000,0.0141,-0.0139,0.4087,4.9910,0,1.0000,0,0,20.9212,1.0156,99.9774,-0.1003,167.7782,0.000,0.000,0.966,77.7604,-9.9638,69
2026-04-24,16:07:54,72048,1,0.0000,0.0096,-0.0141,0.4151,4.9910,0,1.0000,0,0,20.9329,0.6109,100.0179,0.8017,167.7719,0.000,0.000,0.962,77.9952,-9.2803,69
2026-04-24,16:07:54,72084,1,0.0000,0.0068,-0.0131,0.3850,4.9910,0,1.0000,0,0,20.9468,0.7585,100.1801,4.2026,167.7674,0.000,0.000,0.959,78.0273,-7.4230,69
2026-04-24,16:07:54,72120,1,0.0000,0.0001,-0.0139,0.4087,4.9910,0,1.0000,0,0,20.9248,-0.7036,100.3693,4.7235,167.7687,0.000,0.000,0.956,77.9176,-5.3192,69
2026-04-24,16:07:54,72156,1,0.0000,-0.0077,-0.0141,0.4151,4.9910,0,1.0000,0,0,20.9491,0.4225,100.6792,7.6589,167.7803,0.000,0.000,0.953,77.7912,-4.1332,69
2026-04-24,16:07:54,72192,1,0.0000,-0.0063,-0.0136,0.4001,4.9910,0,1.0000,0,0,20.9520,0.1497,100.5008,-2.0518,167.7751,0.000,0.000,0.950,77.6887,-2.9684,69
2026-04-24,16:07:54,72228,1,0.0000,0.0092,-0.0130,0.3828,4.9910,0,1.0000,0,0,20.9656,0.5281,100.4841,-0.0954,167.7741,0.000,0.000,0.946,77.6210,-3.0463,69
2026-04-24,16:07:54,72264,1,0.0000,0.0070,-0.0140,0.4108,4.9910,0,1.0000,0,0,20.9574,-0.1703,100.7346,5.5290,167.7697,0.000,0.000,0.943,77.5607,-3.7341,69
2026-04-24,16:07:55,72300,1,0.0000,-0.0015,-0.0132,0.3872,4.9910,0,1.0000,0,0,20.9623,-0.0139,101.1947,11.2017,167.7812,0.000,0.000,0.940,77.4752,-5.2836,69
2026-04-24,16:07:55,72339,1,0.0000,-0.0013,-0.0129,0.3786,4.9910,0,1.0000,0,0,20.9569,-0.0346,101.3056,8.6470,167.7835,0.000,0.000,0.938,77.2709,-7.0461,69
2026-04-24,16:07:55,72374,1,0.0000,0.0014,-0.0135,0.3979,4.9910,0,1.0000,0,0,20.9634,0.4655,101.3467,3.5805,167.7901,0.000,0.000,0.934,77.0877,-8.3633,69
2026-04-24,16:07:55,72410,1,0.0000,-0.0006,-0.0135,0.3958,4.9910,0,1.0000,0,0,20.9482,-0.3144,101.1776,-2.8396,167.7943,0.000,0.000,0.931,76.8402,-9.7781,69
2026-04-24,16:07:55,72446,1,0.0000,0.0102,-0.0159,0.4689,4.9910,0,1.0000,0,0,20.9390,-0.2939,100.8844,-6.5020,167.8029,0.000,0.000,0.928,76.7961,-10.5325,69
2026-04-24,16:07:55,72482,1,0.0000,0.0030,-0.0132,0.3893,4.9910,0,1.0000,0,0,20.9455,0.2136,100.7510,-5.5991,167.7941,0.000,0.000,0.925,76.7975,-10.9548,69
2026-04-24,16:07:55,72518,1,0.0000,0.0076,-0.0130,0.3829,4.9910,0,1.0000,0,0,20.9419,0.0258,100.6786,-2.7875,167.7822,0.000,0.000,0.922,76.8037,-10.7960,69
2026-04-24,16:07:55,72554,1,0.0000,-0.0038,-0.0135,0.3979,4.9910,0,1.0000,0,0,20.9496,-0.2094,100.9745,4.9410,167.7800,0.000,0.000,0.918,76.8394,-10.4471,69
2026-04-24,16:07:55,72590,1,0.0000,-0.0133,-0.0135,0.3979,4.9910,0,1.0000,0,0,20.9517,0.0654,100.9822,0.9011,167.7923,0.000,0.000,0.915,77.0417,-10.5956,69
2026-04-24,16:07:55,72626,1,0.0000,-0.0072,-0.0138,0.4065,4.9910,0,1.0000,0,0,20.9421,0.0840,100.7956,-3.5704,167.7613,0.000,0.000,0.912,77.3615,-11.2127,69
2026-04-24,16:07:55,72662,1,0.0000,-0.0057,-0.0133,0.3914,4.9910,0,1.0000,0,0,20.9410,-0.0680,100.5780,-5.9043,167.7624,0.000,0.000,0.909,77.8676,-12.7690,69
2026-04-24,16:07:55,72698,1,0.0000,-0.0051,-0.0137,0.4043,4.9910,0,1.0000,0,0,20.9359,-0.0950,100.3083,-7.7984,167.7531,0.000,0.000,0.906,78.5122,-15.5837,69
2026-04-24,16:07:55,72734,1,0.0000,0.0172,-0.0144,0.4238,4.9910,0,1.0000,0,0,20.9625,0.7716,100.0218,-8.4688,167.7362,0.000,0.000,0.902,79.0494,-18.1023,69
2026-04-24,16:07:55,72770,1,0.0000,-0.0055,-0.0128,0.3764,4.9910,0,1.0000,0,0,20.9759,0.6944,99.8309,-7.0695,167.7300,0.000,0.000,0.899,79.8336,-22.1127,69
2026-04-24,16:07:55,72806,1,0.0000,0.0051,-0.0141,0.4151,4.9910,0,1.0000,0,0,20.9745,-0.0699,99.4972,-10.4081,167.7294,0.000,0.000,0.896,80.5574,-24.7798,69
2026-04-24,16:07:55,72841,1,0.0000,0.0034,-0.0140,0.4130,4.9910,0,1.0000,0,0,20.9962,0.2973,99.1363,-10.6187,167.7463,0.000,0.000,0.893,81.5846,-28.4121,69
2026-04-24,16:07:55,72877,1,0.0000,0.0081,-0.0134,0.3936,4.9910,0,1.0000,0,0,20.9996,0.5174,99.1724,-2.1382,167.7432,0.000,0.000,0.890,82.3489,-31.0238,69
2026-04-24,16:07:55,72913,1,0.0000,0.0039,-0.0134,0.3936,4.9910,0,1.0000,0,0,20.9940,-0.1126,99.4471,4.7573,167.7441,0.000,0.000,0.886,83.4033,-34.7883,69
2026-04-24,16:07:55,72949,1,0.0000,0.0184,-0.0152,0.4474,4.9910,0,1.0000,0,0,21.0125,0.3988,99.5609,3.1763,167.7569,0.000,0.000,0.883,84.7452,-40.6804,69
2026-04-24,16:07:55,72984,1,0.0000,-0.0070,-0.0146,0.4302,4.9910,0,1.0000,0,0,21.0146,0.2249,99.3717,-2.5468,167.7575,0.000,0.000,0.880,85.7751,-45.9500,69
2026-04-24,16:07:55,73020,1,0.0000,-0.0036,-0.0137,0.4044,4.9910,0,1.0000,0,0,21.0125,-0.0797,99.2340,-3.5346,167.7711,0.000,0.000,0.877,86.7467,-51.7078,69
2026-04-24,16:07:55,73056,1,0.0000,-0.0052,-0.0139,0.4087,4.9910,0,1.0000,0,0,21.0251,0.1022,99.1383,-2.6658,167.7789,0.000,0.000,0.874,88.0819,-62.4566,69
2026-04-24,16:07:55,73092,1,0.0000,0.0010,-0.0140,0.4130,4.9910,0,1.0000,0,0,21.0097,-0.7023,99.3556,2.9867,167.7869,0.000,0.000,0.870,89.3899,-79.1290,69
2026-04-24,16:07:55,73128,1,0.0000,0.0055,-0.0137,0.4022,4.9910,0,1.0000,0,0,20.9977,-0.6961,99.1480,-2.6192,167.7811,0.000,0.000,0.867,90.6088,-103.5364,69
2026-04-24,16:07:55,73164,1,0.0000,0.0022,-0.0148,0.4345,4.9910,0,1.0000,0,0,20.9973,0.0757,99.0289,-4.1887,167.7928,0.000,0.000,0.864,91.4936,-126.9863,69
2026-04-24,16:07:55,73200,1,0.0000,-0.0017,-0.0139,0.4087,4.9910,0,1.0000,0,0,20.9959,-0.0906,98.7392,-7.1089,167.7863,0.000,0.000,0.861,92.2864,-148.9708,69
2026-04-24,16:07:55,73236,1,0.0000,-0.0021,-0.0136,0.4001,4.9910,0,1.0000,0,0,21.0084,0.1514,98.8219,-0.0419,167.7716,0.000,0.000,0.858,93.0421,-169.8786,69
2026-04-24,16:07:55,73274,1,0.0000,-0.0109,-0.0124,0.3657,4.9910,0,1.0000,0,0,21.0154,0.2105,98.9329,0.9034,167.7733,0.000,0.000,0.855,93.5169,176.2749,69
2026-04-24,16:07:56,73309,1,0.0000,-0.0070,-0.0128,0.3764,4.9910,0,1.0000,0,0,20.9981,0.0784,99.1137,4.4559,167.7557,0.000,0.000,0.852,93.7357,168.3943,69
2026-04-24,16:07:56,73345,1,0.0000,0.0034,-0.0131,0.3849,4.9910,0,1.0000,0,0,20.9892,-0.3335,99.3159,5.1459,167.7572,0.000,0.000,0.849,93.6777,163.3696,69
2026-04-24,16:07:56,73381,1,0.0000,0.0060,-0.0142,0.4171,4.9910,0,1.0000,0,0,20.9907,0.4937,99.3626,1.6864,167.7440,0.000,0.000,0.846,93.1829,155.6252,69
2026-04-24,16:07:56,73417,1,0.0000,-0.0133,-0.0114,0.3352,4.9911,0,1.0000,0,0,20.9988,0.0844,99.3670,0.9269,167.7350,0.000,0.000,0.842,92.5080,149.4856,69
2026-04-24,16:07:56,73453,1,0.0000,-0.0246,-0.0084,0.2479,4.9912,0,1.0000,0,0,21.0091,0.2123,99.6343,6.5245,167.7222,0.000,0.000,0.839,91.2395,135.9392,69
2026-04-24,16:07:56,73489,1,0.0000,0.0021,-0.0097,0.2838,4.9912,0,1.0000,0,0,20.8461,-3.6937,99.8718,5.7261,167.7327,0.000,0.000,0.836,89.4806,52.4441,69
2026-04-24,16:07:56,73525,1,0.0000,0.0045,-0.0092,0.2693,4.9912,0,1.0000,0,0,20.8402,-1.9116,99.9536,4.0475,167.7589,0.000,0.000,0.833,88.3428,6.7992,69
2026-04-24,16:07:56,73561,1,0.0000,0.0060,-0.0093,0.2731,4.9912,0,1.0000,0,0,20.8312,3.2603,99.8785,-0.8557,167.7404,0.000,0.000,0.830,86.7218,-7.6978,69
2026-04-24,16:07:56,73597,1,0.0000,-0.0200,-0.0066,0.1949,4.9913,0,1.0000,0,0,20.9692,2.1542,99.6622,-4.1849,167.7464,0.000,0.000,0.826,85.6410,-11.4228,69
2026-04-24,16:07:56,73633,1,0.0000,-0.0090,-0.0066,0.1950,4.9914,0,1.0000,0,0,21.3510,11.9662,99.6405,-1.9495,167.7321,0.000,0.000,0.823,84.5286,-13.7982,69
2026-04-24,16:07:56,73669,1,0.0000,0.0007,-0.0071,0.2091,4.9914,0,1.0000,0,0,21.4132,-1.1433,99.6917,0.0058,167.7417,0.000,0.000,0.820,84.1403,-15.0966,69
2026-04-24,16:07:56,73705,1,0.0000,-0.0025,-0.0070,0.2056,4.9914,0,1.0000,0,0,21.2131,-7.8323,99.5147,-4.1564,167.7631,0.000,0.000,0.817,84.0894,-14.9513,69
2026-04-24,16:07:56,73741,1,0.0000,0.0145,-0.0069,0.2019,4.9914,0,1.0000,0,0,20.8265,-8.5034,99.2709,-6.1628,167.7478,0.000,0.000,0.814,84.2516,-14.6930,69
2026-04-24,16:07:56,73777,1,0.0000,0.0072,-0.0068,0.1988,4.9914,0,1.0000,0,0,20.6297,-4.5182,99.1580,-4.0030,167.7695,0.000,0.000,0.810,84.7169,-15.5563,69
2026-04-24,16:07:56,73813,1,0.0000,0.0088,-0.0076,0.2239,4.9914,0,1.0000,0,0,20.8247,6.3686,98.9444,-6.3526,167.7530,0.000,0.000,0.807,85.3340,-16.6607,69
2026-04-24,16:07:56,73849,1,0.0000,0.0099,-0.0069,0.2029,4.9915,0,1.0000,0,0,21.0510,6.2647,98.5264,-10.2307,167.8008,0.000,0.000,0.804,85.3951,-14.9839,69
2026-04-24,16:07:56,73885,1,0.0000,0.0057,-0.0071,0.2096,4.9915,0,1.0000,0,0,21.2064,1.9726,98.3887,-6.6406,167.8021,0.000,0.000,0.801,85.2489,-12.5248,69
2026-04-24,16:07:56,73921,1,0.0000,-0.0030,-0.0058,0.1699,4.9915,0,1.0000,0,0,21.1493,-0.2604,98.1897,-6.7261,167.7960,0.000,0.000,0.798,85.1850,-9.4083,69
2026-04-24,16:07:56,73957,1,0.0000,0.0025,-0.0053,0.1569,4.9915,0,1.0000,0,0,21.0159,-3.5064,98.0888,-4.9358,167.8040,0.000,0.000,0.794,85.4026,-6.8772,69
2026-04-24,16:07:56,73993,1,0.0000,-0.0125,-0.0035,0.1024,4.9915,0,1.0000,0,0,20.9893,-0.2221,98.1788,0.9005,167.7659,0.000,0.000,0.791,85.8187,-4.3911,69
2026-04-24,16:07:56,74029,1,0.0000,-0.0152,-0.0030,0.0876,4.9915,0,1.0000,0,0,20.9797,0.2106,98.2654,1.6163,167.7996,0.000,0.000,0.788,86.1058,-4.5950,69
2026-04-24,16:07:56,74065,1,0.0000,-0.0020,-0.0041,0.1202,4.9915,0,1.0000,0,0,21.1060,3.1143,98.4194,4.4943,167.7844,0.000,0.000,0.785,86.2658,-5.0295,69
2026-04-24,16:07:56,74101,1,0.0000,0.0029,-0.0043,0.1256,4.9915,0,1.0000,0,0,21.0935,0.2291,98.6053,4.6467,167.7628,0.000,0.000,0.782,86.3793,-5.5842,69
2026-04-24,16:07:56,74137,1,0.0000,0.0015,-0.0030,0.0886,4.9916,0,1.0000,0,0,21.1093,-0.0050,98.4387,-2.2798,167.7921,0.000,0.000,0.778,86.2605,-5.4257,69
2026-04-24,16:07:56,74172,1,0.0000,0.0052,-0.0037,0.1097,4.9916,0,1.0000,0,0,21.0839,-0.0803,98.1076,-6.9246,167.7563,0.000,0.000,0.775,86.1892,-4.9517,69
2026-04-24,16:07:56,74205,1,0.0000,0.0152,-0.0031,0.0917,4.9916,0,1.0000,0,0,21.0715,-0.1727,98.0858,-5.5252,167.7660,0.000,0.000,0.774,86.2589,-3.7895,69
2026-04-24,16:07:56,74241,1,0.0000,0.0081,-0.0027,0.0781,4.9916,0,1.0000,0,0,21.0949,1.3458,98.0362,-3.0447,167.7353,0.000,0.000,0.770,86.3960,-1.4125,69
2026-04-24,16:07:56,74277,1,0.0000,0.0028,-0.0026,0.0750,4.9916,0,1.0000,0,0,21.1020,-0.2074,97.9389,-3.4518,167.7637,0.000,0.000,0.767,86.3877,0.7603,69
2026-04-24,16:07:57,74313,1,0.0000,0.0080,-0.0024,0.0720,4.9916,0,1.0000,0,0,21.1120,0.6891,97.9616,-0.4462,167.7628,0.000,0.000,0.764,86.2558,1.6815,69
2026-04-24,16:07:57,74348,1,0.0000,0.0104,-0.0024,0.0692,4.9916,0,1.0000,0,0,21.1266,0.6981,98.1707,4.7284,167.7503,0.000,0.000,0.761,86.1410,0.5696,69
2026-04-24,16:07:57,74383,1,0.0000,-0.0044,-0.0013,0.0390,4.9916,0,1.0000,0,0,21.1293,0.2108,98.4622,7.2518,167.7524,0.000,0.000,0.758,86.1126,-1.6351,69
2026-04-24,16:07:57,74419,1,0.0000,0.0033,-0.0027,0.0781,4.9916,0,1.0000,0,0,21.1154,-0.2294,98.8770,10.9090,167.7453,0.000,0.000,0.754,86.0697,-4.7952,69
2026-04-24,16:07:57,74455,1,0.0000,0.0063,-0.0019,0.0571,4.9917,0,1.0000,0,0,21.1239,0.0124,99.0040,5.7174,167.7956,0.000,0.000,0.751,86.0762,-6.7166,69
2026-04-24,16:07:57,74491,1,0.0000,-0.0143,-0.0017,0.0495,4.9917,0,1.0000,0,0,21.1158,-0.1107,98.8156,-2.6179,167.7858,0.000,0.000,0.748,85.9017,-8.4127,69
2026-04-24,16:07:57,74527,1,0.0000,0.0009,-0.0015,0.0446,4.9917,0,1.0000,0,0,21.1302,0.2160,98.6603,-3.4034,167.7847,0.000,0.000,0.745,85.7106,-9.0114,69
2026-04-24,16:07:57,74563,1,0.0000,0.0043,-0.0003,0.0077,4.9917,0,1.0000,0,0,21.1309,-0.0634,98.5953,-3.0254,167.7645,0.000,0.000,0.742,85.5842,-9.1558,69
2026-04-24,16:07:57,74599,1,0.0000,-0.0043,0.0001,0.0023,4.9917,0,1.0000,0,0,21.1547,0.2107,98.5133,-2.1421,167.7541,0.000,0.000,0.738,85.3675,-8.8130,69
2026-04-24,16:07:57,74635,1,0.0000,-0.0009,0.0031,0.0910,4.9918,0,1.0000,0,0,21.1628,0.4683,98.4576,-2.7138,167.7772,0.000,0.000,0.735,85.2773,-8.2424,69
2026-04-24,16:07:57,74671,1,0.0000,-0.0148,0.0027,0.0804,4.9919,0,1.0000,0,0,21.1563,-0.2282,98.5483,1.2322,167.7886,0.000,0.000,0.732,85.1353,-7.7397,69
2026-04-24,16:07:57,74707,1,0.0000,-0.0087,0.0040,0.1169,4.9919,0,1.0000,0,0,21.1482,-0.0847,98.6527,2.7038,167.8123,0.000,0.000,0.729,85.0610,-7.4569,69
2026-04-24,16:07:57,74743,1,0.0000,-0.0045,0.0037,0.1088,4.9919,0,1.0000,0,0,21.1369,-0.7762,98.8586,5.2085,167.8082,0.000,0.000,0.726,85.0048,-7.4171,69
2026-04-24,16:07:57,74779,1,0.0000,-0.0017,0.0044,0.1284,4.9920,0,1.0000,0,0,21.1488,0.0874,98.9741,3.7750,167.8206,0.000,0.000,0.722,84.9539,-7.2919,69
2026-04-24,16:07:57,74815,1,0.0000,-0.0059,0.0045,0.1329,4.9920,0,1.0000,0,0,21.1485,0.0996,99.0378,2.3517,167.8179,0.000,0.000,0.719,84.8741,-7.5363,69
2026-04-24,16:07:57,74851,1,0.0000,-0.0052,0.0039,0.1146,4.9920,0,1.0000,0,0,21.1407,0.0400,98.9656,-0.9817,167.8188,0.000,0.000,0.716,84.8213,-7.9803,69
2026-04-24,16:07:57,74887,1,0.0000,0.0097,0.0044,0.1307,4.9920,0,1.0000,0,0,21.1263,0.1586,99.0201,0.9431,167.7996,0.000,0.000,0.713,84.7938,-8.3567,69
2026-04-24,16:07:57,74922,1,0.0000,-0.0006,0.0045,0.1329,4.9920,0,1.0000,0,0,21.1302,0.1823,99.0579,1.0256,167.7977,0.000,0.000,0.710,84.7194,-9.1352,69
2026-04-24,16:07:57,74958,1,0.0000,-0.0116,0.0044,0.1292,4.9920,0,1.0000,0,0,21.1296,0.3909,99.1753,2.6092,167.7870,0.000,0.000,0.706,84.7045,-10.0964,69
2026-04-24,16:07:57,74994,1,0.0000,-0.0053,0.0044,0.1293,4.9920,0,1.0000,0,0,21.1371,-0.3816,99.3774,5.5385,167.7880,0.000,0.000,0.703,84.6512,-10.5410,69
2026-04-24,16:07:57,75030,1,0.0000,-0.0005,0.0040,0.1182,4.9920,0,1.0000,0,0,21.1313,0.2418,99.6835,8.3726,167.7747,0.000,0.000,0.700,84.5606,-11.3848,69
2026-04-24,16:07:57,75066,1,0.0000,-0.0019,0.0040,0.1168,4.9920,0,1.0000,0,0,21.1363,-0.1772,99.9798,8.4511,167.7718,0.000,0.000,0.697,84.4553,-12.0193,69
2026-04-24,16:07:57,75102,1,0.0000,-0.0154,0.0033,0.0962,4.9920,0,1.0000,0,0,21.1346,-0.0477,99.8604,0.0643,167.7803,0.000,0.000,0.694,84.2812,-12.9082,69
2026-04-24,16:07:57,75143,1,0.0000,0.0113,0.0044,0.1285,4.9920,0,1.0000,0,0,21.1283,-0.0888,99.8515,-0.0234,167.7731,0.000,0.000,0.691,84.0175,-13.7508,69
2026-04-24,16:07:57,75179,1,0.0000,-0.0015,0.0047,0.1372,4.9920,0,1.0000,0,0,21.1231,-0.5303,99.6599,-3.8649,167.7816,0.000,0.000,0.688,83.6915,-14.1156,69
2026-04-24,16:07:57,75215,1,0.0000,0.0043,0.0049,0.1432,4.9920,0,1.0000,0,0,21.1433,1.1177,99.5169,-4.8912,167.7803,0.000,0.000,0.685,83.3644,-14.1641,69
2026-04-24,16:07:57,75251,1,0.0000,-0.0064,0.0062,0.1821,4.9920,0,1.0000,0,0,21.1350,-0.5051,99.4092,-3.4749,167.7887,0.000,0.000,0.682,82.8417,-13.7869,69
2026-04-24,16:07:57,75287,1,0.0000,-0.0103,0.0058,0.1718,4.9920,0,1.0000,0,0,21.1214,-0.6097,99.2165,-5.2730,167.7906,0.000,0.000,0.678,82.4183,-13.3267,69
2026-04-24,16:07:58,75324,1,0.0000,-0.0011,0.0065,0.1903,4.9921,0,1.0000,0,0,21.1210,0.3705,99.0050,-6.9315,167.7815,0.000,0.000,0.675,81.8888,-13.1531,69
2026-04-24,16:07:58,75359,1,0.0000,-0.0045,0.0068,0.2005,4.9921,0,1.0000,0,0,21.1148,0.0605,98.9438,-3.1136,167.7941,0.000,0.000,0.672,81.4022,-12.7145,69
2026-04-24,16:07:58,75395,1,0.0000,0.0036,0.0068,0.2005,4.9921,0,1.0000,0,0,21.1310,0.1061,99.1472,2.8648,167.7895,0.000,0.000,0.669,81.0308,-12.3646,69
2026-04-24,16:07:58,75431,1,0.0000,0.0021,0.0078,0.2291,4.9921,0,1.0000,0,0,21.1181,-0.5623,99.1412,0.0929,167.8039,0.000,0.000,0.666,80.3224,-11.6670,69
2026-04-24,16:07:58,75467,1,0.0000,-0.0021,0.0084,0.2458,4.9922,0,1.0000,0,0,21.1013,-0.0144,99.1463,1.0771,167.7995,0.000,0.000,0.662,79.8535,-11.3895,69
2026-04-24,16:07:58,75503,1,0.0000,-0.0021,0.0091,0.2678,4.9922,0,1.0000,0,0,21.1042,-0.2445,99.3319,4.0920,167.7981,0.000,0.000,0.659,79.3642,-10.8253,69
2026-04-24,16:07:58,75539,1,0.0000,-0.0148,0.0087,0.2560,4.9922,0,1.0000,0,0,21.1326,0.7199,99.6371,7.8925,167.7743,0.000,0.000,0.656,79.0218,-10.5721,69
2026-04-24,16:07:58,75575,1,0.0000,-0.0100,0.0115,0.3387,4.9923,0,1.0000,0,0,21.0743,-1.1459,99.8304,6.1016,167.7472,0.000,0.000,0.653,78.8568,-10.6912,69
2026-04-24,16:07:58,75610,1,0.0000,0.0099,0.0105,0.3087,4.9923,0,1.0000,0,0,21.0569,-1.0854,100.0030,5.8067,167.7504,0.000,0.000,0.650,78.7632,-10.9072,69
2026-04-24,16:07:58,75646,1,0.0000,0.0038,0.0099,0.2905,4.9923,0,1.0000,0,0,21.0484,0.3115,100.1628,5.4645,167.7387,0.000,0.000,0.646,78.7288,-11.3316,69
2026-04-24,16:07:58,75682,1,0.0000,-0.0044,0.0099,0.2916,4.9923,0,1.0000,0,0,21.0666,0.4558,100.3523,5.3969,167.7516,0.000,0.000,0.643,78.6929,-11.7950,69
2026-04-24,16:07:58,75718,1,0.0000,0.0017,0.0108,0.3173,4.9923,0,1.0000,0,0,21.0286,-1.0877,100.4800,4.7857,167.7576,0.000,0.000,0.640,78.6688,-11.7394,69
2026-04-24,16:07:58,75753,1,0.0000,-0.0124,0.0098,0.2874,4.9923,0,1.0000,0,0,21.0036,-1.2396,100.7885,7.3457,167.7704,0.000,0.000,0.637,78.6600,-11.6660,69
2026-04-24,16:07:58,75789,1,0.0000,-0.0183,0.0109,0.3217,4.9923,0,1.0000,0,0,20.9868,0.2141,100.7736,2.0662,167.7642,0.000,0.000,0.634,78.7953,-11.4402,69
2026-04-24,16:07:58,75825,1,0.0000,-0.0047,0.0116,0.3417,4.9923,0,1.0000,0,0,20.9471,-1.8159,100.8340,2.0737,167.7572,0.000,0.000,0.630,79.0630,-11.4705,69
2026-04-24,16:07:58,75861,1,0.0000,-0.0138,0.0109,0.3202,4.9923,0,1.0000,0,0,20.9589,0.5523,100.9451,2.2111,167.7514,0.000,0.000,0.627,79.4800,-11.4414,69
2026-04-24,16:07:58,75897,1,0.0000,0.0003,0.0114,0.3363,4.9923,0,1.0000,0,0,20.9247,0.0208,101.0764,3.8106,167.7491,0.000,0.000,0.624,79.9074,-11.5974,69
2026-04-24,16:07:58,75933,1,0.0000,0.0104,0.0106,0.3132,4.9923,0,1.0000,0,0,20.9217,-0.3913,101.1093,1.6372,167.7560,0.000,0.000,0.621,80.6045,-12.1865,69
2026-04-24,16:07:58,75969,1,0.0000,0.0059,0.0097,0.2862,4.9923,0,1.0000,0,0,20.9130,-0.3318,101.1397,1.6696,167.7406,0.000,0.000,0.618,81.3031,-13.4278,69
2026-04-24,16:07:58,76005,1,0.0000,0.0031,0.0090,0.2644,4.9922,0,1.0000,0,0,20.8901,-0.7587,101.1772,0.8946,167.7417,0.000,0.000,0.614,81.8308,-14.7311,69
2026-04-24,16:07:58,76040,1,0.0000,0.0072,0.0087,0.2559,4.9922,0,1.0000,0,0,20.9044,0.6914,101.1991,0.7322,167.7422,0.000,0.000,0.611,82.4376,-17.3650,69
2026-04-24,16:07:58,76079,1,0.0000,-0.0081,0.0089,0.2627,4.9922,0,1.0000,0,0,20.8852,0.0233,101.1903,0.3815,167.7496,0.000,0.000,0.609,83.0215,-20.6841,69
2026-04-24,16:07:58,76115,1,0.0000,-0.0002,0.0084,0.2458,4.9922,0,1.0000,0,0,20.9020,0.1266,101.3583,3.8828,167.7589,0.000,0.000,0.606,83.3835,-23.3644,69
2026-04-24,16:07:58,76151,1,0.0000,-0.0026,0.0080,0.2345,4.9922,0,1.0000,0,0,20.8851,-0.0491,101.5597,4.5467,167.7439,0.000,0.000,0.602,83.8151,-26.7757,69
2026-04-24,16:07:58,76187,1,0.0000,0.0084,0.0072,0.2125,4.9921,0,1.0000,0,0,20.8935,0.2183,101.5438,1.5622,167.7654,0.000,0.000,0.599,84.1758,-29.8075,69
2026-04-24,16:07:58,76223,1,0.0000,-0.0194,0.0072,0.2125,4.9921,0,1.0000,0,0,20.8973,-0.0219,101.4541,-2.0620,167.7573,0.000,0.000,0.596,84.4615,-32.5097,69
2026-04-24,16:07:58,76259,1,0.0000,0.0034,0.0078,0.2291,4.9921,0,1.0000,0,0,20.8754,-0.0125,101.1355,-7.6779,167.7674,0.000,0.000,0.593,85.0245,-36.8626,69
2026-04-24,16:07:58,76295,1,0.0000,0.0156,0.0066,0.1942,4.9921,0,1.0000,0,0,20.8669,0.0801,100.7498,-9.4719,167.7616,0.000,0.000,0.590,85.4159,-40.3340,69
2026-04-24,16:07:59,76331,1,0.0000,0.0019,0.0074,0.2170,4.9921,0,1.0000,0,0,20.8725,-0.2585,100.5349,-7.9601,167.7722,0.000,0.000,0.586,85.9073,-45.1506,69
2026-04-24,16:07:59,76367,1,0.0000,0.0028,0.0056,0.1636,4.9921,0,1.0000,0,0,20.8763,0.1982,100.3014,-7.6029,167.7685,0.000,0.000,0.583,86.3011,-49.1261,69
2026-04-24,16:07:59,76403,1,0.0000,0.0048,0.0076,0.2248,4.9921,0,1.0000,0,0,20.9023,0.2878,100.3148,-2.0164,167.7739,0.000,0.000,0.580,86.6285,-53.0224,69
2026-04-24,16:07:59,76439,1,0.0000,0.0010,0.0063,0.1840,4.9921,0,1.0000,0,0,20.8996,0.1405,100.1572,-4.0687,167.8002,0.000,0.000,0.577,86.8323,-55.8023,69
2026-04-24,16:07:59,76474,1,0.0000,-0.0002,0.0070,0.2045,4.9921,0,1.0000,0,0,20.8959,-0.2435,100.1187,-1.5899,167.8016,0.000,0.000,0.574,86.8465,-56.4717,69
2026-04-24,16:07:59,76510,1,0.0000,0.0032,0.0059,0.1739,4.9921,0,1.0000,0,0,20.9384,1.1878,100.3763,4.6409,167.7949,0.000,0.000,0.570,86.6874,-55.6092,69
2026-04-24,16:07:59,76546,1,0.0000,-0.0042,0.0060,0.1778,4.9921,0,1.0000,0,0,20.9115,-0.1596,100.7137,8.2516,167.8114,0.000,0.000,0.567,86.5098,-54.7523,69
2026-04-24,16:07:59,76582,1,0.0000,-0.0008,0.0065,0.1903,4.9921,0,1.0000,0,0,20.9199,0.2133,100.9367,6.6767,167.8049,0.000,0.000,0.564,86.1316,-52.8845,69
2026-04-24,16:07:59,76618,1,0.0000,-0.0090,0.0067,0.1983,4.9921,0,1.0000,0,0,20.9441,0.7111,100.9325,2.1539,167.7904,0.000,0.000,0.561,85.6262,-50.3588,69
2026-04-24,16:07:59,76653,1,0.0000,-0.0076,0.0065,0.1903,4.9921,0,1.0000,0,0,20.9445,0.1744,100.8136,-1.8240,167.8011,0.000,0.000,0.558,85.2222,-48.4044,69
2026-04-24,16:07:59,76689,1,0.0000,-0.0091,0.0063,0.1863,4.9921,0,1.0000,0,0,20.9455,-0.0133,100.7175,-2.4490,167.7949,0.000,0.000,0.554,84.6376,-45.8917,69
2026-04-24,16:07:59,76725,1,0.0000,-0.0000,0.0065,0.1903,4.9921,0,1.0000,0,0,20.9386,-0.5229,100.7046,-1.2654,167.7923,0.000,0.000,0.551,84.3188,-44.8517,69
2026-04-24,16:07:59,76761,1,0.0000,-0.0093,0.0070,0.2067,4.9921,0,1.0000,0,0,20.9165,-0.6475,100.7078,-0.0021,167.7807,0.000,0.000,0.548,84.0144,-44.2322,69
2026-04-24,16:07:59,76797,1,0.0000,0.0146,0.0060,0.1760,4.9921,0,1.0000,0,0,20.9232,0.0160,100.9112,3.9346,167.7818,0.000,0.000,0.545,83.6898,-43.5249,69
2026-04-24,16:07:59,76833,1,0.0000,-0.0007,0.0059,0.1739,4.9921,0,1.0000,0,0,20.8964,-1.0305,101.0200,3.8286,167.7850,0.000,0.000,0.542,83.3776,-43.3275,69
2026-04-24,16:07:59,76870,1,0.0000,-0.0065,0.0055,0.1616,4.9921,0,1.0000,0,0,20.8902,0.1811,101.0989,2.0556,167.7840,0.000,0.000,0.538,83.2352,-43.2296,69
2026-04-24,16:07:59,76905,1,0.0000,-0.0143,0.0040,0.1166,4.9921,0,1.0000,0,0,20.8979,0.6130,100.8845,-3.7881,167.7859,0.000,0.000,0.535,82.6247,-42.0820,69
2026-04-24,16:07:59,76941,1,0.0000,-0.0102,0.0062,0.1821,4.9920,0,1.0000,0,0,20.9043,-0.0971,100.7395,-4.3392,167.7676,0.000,0.000,0.532,82.3375,-41.5554,69
2026-04-24,16:07:59,76977,1,0.0000,-0.0010,0.0057,0.1678,4.9920,0,1.0000,0,0,20.8860,-0.6405,100.6153,-3.7839,167.7730,0.000,0.000,0.529,82.1264,-40.8640,69
2026-04-24,16:07:59,77013,1,0.0000,0.0012,0.0049,0.1432,4.9920,0,1.0000,0,0,20.8850,-0.2998,100.6292,-2.4537,167.7822,0.000,0.000,0.526,81.9376,-39.4886,69
2026-04-24,16:07:59,77048,1,0.0000,-0.0030,0.0050,0.1470,4.9920,0,1.0000,0,0,20.8836,0.6419,100.8615,3.8386,167.7799,0.000,0.000,0.523,81.7654,-37.7426,69
2026-04-24,16:07:59,77083,1,0.0000,0.0103,0.0046,0.1351,4.9920,0,1.0000,0,0,20.8895,0.6718,100.8484,0.6715,167.7892,0.000,0.000,0.520,81.7400,-36.2452,69
2026-04-24,16:07:59,77119,1,0.0000,0.0095,0.0033,0.0962,4.9919,0,1.0000,0,0,20.8656,-0.6128,100.6375,-4.4243,167.7738,0.000,0.000,0.517,81.6882,-34.6352,69
2026-04-24,16:07:59,77155,1,0.0000,0.0107,0.0013,0.0390,4.9918,0,1.0000,0,0,20.8731,0.2986,100.2760,-9.0208,167.7772,0.000,0.000,0.514,81.5928,-32.2475,69
2026-04-24,16:07:59,77191,1,0.0000,0.0090,-0.0009,0.0260,4.9918,0,1.0000,0,0,20.8533,-0.9421,100.0809,-7.1817,167.7626,0.000,0.000,0.510,81.3834,-30.7508,69
2026-04-24,16:07:59,77227,1,0.0000,-0.0000,0.0005,0.0156,4.9918,0,1.0000,0,0,20.8779,0.4036,99.9996,-3.6132,167.7686,0.000,0.000,0.507,81.2274,-31.0316,69
2026-04-24,16:07:59,77263,1,0.0000,-0.0070,0.0002,0.0053,4.9918,0,1.0000,0,0,20.8713,0.0750,99.8440,-4.7654,167.7645,0.000,0.000,0.504,81.1472,-32.4418,69
2026-04-24,16:08:00,77299,1,0.0000,0.0056,-0.0012,0.0343,4.9917,0,1.0000,0,0,20.8919,0.2573,99.6767,-5.0192,167.7729,0.000,0.000,0.501,80.9496,-33.6773,69
2026-04-24,16:08:00,77335,1,0.0000,-0.0003,-0.0013,0.0390,4.9916,0,1.0000,0,0,20.9048,0.5415,99.7484,0.1871,167.7619,0.000,0.000,0.498,80.6543,-33.7768,69
2026-04-24,16:08:00,77371,1,0.0000,0.0047,-0.0020,0.0600,4.9916,0,1.0000,0,0,20.9172,0.5939,99.8382,1.5878,167.7750,0.000,0.000,0.494,80.0475,-33.0046,69
2026-04-24,16:08:00,77407,1,0.0000,0.0049,-0.0015,0.0450,4.9916,0,1.0000,0,0,20.9048,-0.6776,99.8718,0.6797,167.7777,0.000,0.000,0.491,79.4728,-32.0822,69
2026-04-24,16:08:00,77443,1,0.0000,-0.0020,-0.0016,0.0480,4.9916,0,1.0000,0,0,20.9505,1.5067,99.8424,-0.5634,167.7908,0.000,0.000,0.488,78.7417,-30.2716,69
2026-04-24,16:08:00,77479,1,0.0000,0.0045,-0.0029,0.0856,4.9916,0,1.0000,0,0,20.9182,-0.1025,99.8441,0.3314,167.7904,0.000,0.000,0.485,77.9514,-28.1025,69
2026-04-24,16:08:00,77515,1,0.0000,0.0033,-0.0017,0.0495,4.9916,0,1.0000,0,0,20.9287,-0.4240,99.9170,1.5381,167.7881,0.000,0.000,0.482,77.4192,-26.5974,69
2026-04-24,16:08:00,77551,1,0.0000,0.0060,-0.0028,0.0811,4.9916,0,1.0000,0,0,20.9468,1.2158,99.9422,0.9925,167.7797,0.000,0.000,0.478,76.8725,-25.1571,69
2026-04-24,16:08:00,77587,1,0.0000,0.0100,-0.0034,0.0991,4.9916,0,1.0000,0,0,20.9259,-0.9592,99.8588,-2.1904,167.8140,0.000,0.000,0.475,76.5748,-24.6087,69
2026-04-24,16:08:00,77623,1,0.0000,0.0167,-0.0030,0.0872,4.9916,0,1.0000,0,0,20.9593,0.5462,99.7341,-3.2469,167.7819,0.000,0.000,0.472,76.1955,-23.7218,69
2026-04-24,16:08:00,77659,1,0.0000,-0.0011,-0.0028,0.0826,4.9916,0,1.0000,0,0,20.9139,0.0171,99.6692,-3.3561,167.7962,0.000,0.000,0.469,75.6596,-22.8461,69
2026-04-24,16:08:00,77694,1,0.0000,0.0097,-0.0022,0.0661,4.9916,0,1.0000,0,0,20.9494,-0.2992,99.6049,-1.7010,167.8024,0.000,0.000,0.466,75.2285,-22.4537,69
2026-04-24,16:08:00,77730,1,0.0000,-0.0052,-0.0013,0.0390,4.9916,0,1.0000,0,0,20.9589,1.1473,99.6203,-1.0843,167.7699,0.000,0.000,0.462,74.8740,-22.4009,69
2026-04-24,16:08:00,77766,1,0.0000,0.0043,-0.0013,0.0390,4.9916,0,1.0000,0,0,20.9695,-0.1859,99.4707,-3.4554,167.7891,0.000,0.000,0.459,75.0811,-22.7549,69
2026-04-24,16:08:00,77802,1,0.0000,-0.0014,-0.0010,0.0286,4.9917,0,1.0000,0,0,21.0258,1.7301,99.3787,-3.0011,167.7547,0.000,0.000,0.456,76.0145,-22.4495,69
2026-04-24,16:08:00,77838,1,0.0000,-0.0362,0.0018,0.0544,4.9918,0,1.0000,0,0,21.0164,-1.2293,99.2993,-2.6883,167.7431,0.000,0.000,0.453,76.9672,-18.0651,69
2026-04-24,16:08:00,77874,1,0.0000,0.0348,-0.0009,0.0259,4.9918,0,1.0000,0,0,20.7977,-1.0800,99.1839,-3.9637,167.7427,0.000,0.000,0.450,76.2337,-14.7332,69
2026-04-24,16:08:00,77910,1,0.0000,-0.0097,-0.0028,0.0811,4.9916,0,1.0000,0,0,20.6108,-11.1830,98.9190,-6.8707,167.7484,0.000,0.000,0.446,73.0105,-7.3489,69
2026-04-24,16:08:00,77948,1,0.0000,0.0327,-0.0052,0.1539,4.9915,0,1.0000,0,0,20.3945,-7.6834,98.8306,-5.4714,167.7472,0.000,0.000,0.444,70.8592,-9.0182,69
2026-04-24,16:08:00,77984,1,0.0000,0.0000,-0.0063,0.1843,4.9914,0,1.0000,0,0,20.2578,-6.9970,98.6113,-6.7244,167.7494,0.000,0.000,0.441,70.0506,-10.4805,69
2026-04-24,16:08:00,78020,1,0.0000,0.0025,-0.0078,0.2303,4.9914,0,1.0000,0,0,20.7211,15.0834,98.3140,-8.5435,167.7589,0.000,0.000,0.438,67.8215,-12.4251,69
2026-04-24,16:08:00,78056,1,0.0400,-0.0063,-0.0030,0.0886,4.9914,0,1.0000,5,1,20.7882,4.3898,97.9036,-11.6700,167.7353,0.000,0.000,0.434,65.5788,-14.7562,69
2026-04-24,16:08:00,78092,1,0.0400,0.0001,0.0033,0.0957,4.9914,0,1.0000,5,1,21.5386,20.1901,97.7280,-6.7006,167.7921,0.000,0.000,0.431,61.2674,-16.2294,69
2026-04-24,16:08:00,78128,1,3.0320,-0.1123,0.0262,0.7711,4.9920,0,1.0000,379,1,22.7104,37.0798,98.2724,9.1404,168.2837,0.000,0.000,0.428,56.0918,-16.9851,69
2026-04-24,16:08:00,78164,1,4.0880,3.6075,0.1878,5.5241,4.9781,0,1.0000,511,1,24.1980,21.3000,99.8506,32.3289,167.7719,0.000,0.000,0.451,47.2544,-19.8069,69
2026-04-24,16:08:00,78200,1,4.0880,4.8720,0.0487,1.4332,4.9423,0,1.0000,511,1,22.5898,0.3271,101.3787,50.3888,167.4818,0.032,0.000,0.483,45.5324,-22.8441,69
2026-04-24,16:08:00,78236,1,4.1120,4.4784,0.0076,0.2246,4.9085,0,1.0000,514,1,21.5316,-82.3504,104.8335,89.2730,168.4433,0.000,0.000,0.506,46.0276,-26.3286,69
2026-04-24,16:08:00,78272,1,4.1120,4.1057,0.0316,0.9309,4.8765,0,1.0000,514,1,20.2449,0.0783,109.7675,134.6870,168.3700,0.016,0.000,0.538,42.5608,-28.7444,69
2026-04-24,16:08:01,78308,1,4.1120,4.1978,0.0138,0.4066,4.8442,0,1.0000,514,1,17.9895,-80.5879,113.5293,117.5721,168.9046,0.000,0.000,0.570,39.3444,-29.4637,69
2026-04-24,16:08:01,78345,1,7.9920,4.1416,0.0134,0.3942,4.8125,0,1.0000,999,1,18.3478,8.9710,115.0730,66.9183,168.6966,0.000,0.000,0.602,36.8956,-30.0508,69
2026-04-24,16:08:01,78380,1,7.9920,8.3139,0.0689,2.0264,4.7556,0,1.0000,999,1,18.7864,-10.5738,114.6826,13.7800,167.2227,0.064,0.000,0.634,38.6826,-31.0430,69
2026-04-24,16:08:01,78416,1,7.9920,8.0074,0.0755,2.2211,4.6938,0,1.0000,999,1,22.0369,87.7430,114.3429,-0.3523,166.9549,0.056,0.000,0.666,45.9784,-31.5907,69
2026-04-24,16:08:01,78453,1,7.9920,7.8345,0.0939,2.7621,4.6313,0,1.0000,999,1,20.1846,-65.6103,114.7701,13.3619,167.4092,0.024,0.000,0.698,56.6725,-33.7303,69
2026-04-24,16:08:01,78489,1,7.9920,7.6402,0.1472,4.3297,4.5725,0,1.0000,999,1,17.2335,-91.7135,116.3104,34.1880,168.1283,0.088,0.000,0.730,66.6060,-37.7666,69
2026-04-24,16:08:01,78525,1,7.9920,7.7519,0.1826,5.3715,4.5131,0,1.0000,999,1,16.1671,-15.2478,117.1619,28.8570,168.6083,0.152,0.000,0.762,71.2133,-39.4155,69
2026-04-24,16:08:01,78561,1,7.9920,7.9998,0.1772,5.2119,4.4518,0,1.0000,999,1,17.8067,40.4341,118.3042,28.9527,168.1230,0.216,0.000,0.794,73.0655,-37.0066,69
2026-04-24,16:08:01,78597,1,7.9920,8.1825,0.1495,4.3976,4.3893,0,1.0000,999,1,17.9804,-16.0619,118.2086,6.3213,168.1259,0.184,0.000,0.826,71.5024,-31.8598,69
2026-04-24,16:08:01,78633,1,7.9920,8.1541,0.1485,4.3671,4.3271,0,1.0000,999,1,16.1348,-28.1358,116.8858,-26.8071,167.8120,0.224,0.000,0.858,68.4593,-24.8463,69
2026-04-24,16:08:01,78670,1,7.9920,8.0497,0.1283,3.7745,4.2642,0,1.0000,999,1,16.5148,12.1338,115.3111,-39.6969,168.0564,0.288,0.000,0.890,65.9548,-18.5595,69
2026-04-24,16:08:01,78705,1,7.9920,7.9969,0.1342,3.9457,4.2035,0,1.0000,999,1,17.8092,42.3791,114.2342,-38.8629,167.7900,0.256,0.000,0.922,65.3704,-15.0887,69
2026-04-24,16:08:01,78741,1,7.9920,8.0090,0.1329,3.9098,4.1419,0,1.0000,999,1,18.1520,6.9085,112.2457,-57.1486,167.6840,0.224,0.000,0.954,64.7916,-11.0366,69
2026-04-24,16:08:01,78777,1,7.9920,8.0293,0.1281,3.7672,4.0802,0,1.0000,999,1,17.3651,-9.6338,109.6052,-72.5639,167.6144,0.192,0.000,0.986,63.9534,-8.0645,69
2026-04-24,16:08:01,78813,1,7.9920,8.0355,0.1244,3.6594,4.0188,0,1.0000,999,1,17.0530,-2.3141,106.9955,-79.6987,167.4086,0.160,0.000,1.000,61.6026,-2.8825,69
2026-04-24,16:08:01,78853,1,7.9920,8.1163,0.1252,3.6829,3.9555,0,1.0000,999,1,17.4141,5.4020,105.7976,-65.2709,167.3675,0.136,0.000,1.000,58.6866,0.7663,69
2026-04-24,16:08:01,78888,1,7.9920,8.0109,0.1190,3.5006,3.8901,0,1.0000,999,1,18.5506,34.0319,102.3744,-93.7850,167.1929,0.104,0.000,1.000,57.1918,1.6375,69
2026-04-24,16:08:01,78925,1,7.9920,7.8665,0.1473,4.3312,3.8285,0,1.0000,999,1,18.3541,-5.0705,99.0627,-99.8826,167.1651,0.072,0.000,1.000,56.1357,3.7707,69
2026-04-24,16:08:01,78961,1,1.8160,7.8150,0.1677,4.9321,3.7678,0,1.0000,227,1,18.1518,2.7909,95.6406,-103.6582,167.1549,0.040,0.000,1.000,56.0736,6.2394,69
2026-04-24,16:08:01,78997,1,0.0000,0.4221,-0.0530,1.5589,3.7470,0,1.0000,0,1,19.8388,120.6577,91.3707,-122.8910,167.5286,0.008,0.000,1.000,56.9107,9.0095,69
2026-04-24,16:08:01,79033,1,0.0000,0.1763,0.0021,0.0631,3.7492,0,1.0000,0,1,21.2473,1.7829,87.1152,-132.8840,168.2653,0.000,0.000,0.999,54.0540,6.3919,69
2026-04-24,16:08:01,79069,1,0.0000,-0.0976,0.0102,0.2986,3.7493,0,1.0000,0,1,25.2739,140.1440,83.7116,-117.6802,168.1811,0.000,0.000,0.996,49.3937,2.2167,69
2026-04-24,16:08:01,79105,1,0.0000,-0.0192,0.0066,0.1949,3.7492,0,1.0000,0,1,26.0173,10.9981,80.9300,-97.5557,168.4174,0.000,0.000,0.993,44.4155,1.1197,69
2026-04-24,16:08:01,79141,1,0.0000,-0.0083,0.0061,0.1785,3.7492,0,1.0000,0,1,28.9827,71.4648,79.7554,-57.8438,168.3525,0.000,0.000,0.990,34.7012,-5.5314,69
2026-04-24,16:08:01,79177,1,0.0000,0.0138,0.0044,0.1300,3.7492,0,1.0000,0,1,27.7975,-21.6425,79.9328,-15.0707,168.1010,0.000,0.000,0.986,26.7912,-8.9196,69
2026-04-24,16:08:01,79213,1,0.0000,0.0220,0.0022,0.0650,3.7491,0,1.0000,0,1,28.5095,-0.8848,81.4273,25.5151,168.4073,0.000,0.000,0.983,15.9981,1.0250,69
2026-04-24,16:08:01,79250,1,0.0000,0.0072,0.0039,0.1137,3.7491,0,1.0000,0,1,27.4969,-6.4819,83.4677,52.4571,168.1698,0.000,0.000,0.980,8.0951,2.1916,69
2026-04-24,16:08:01,79286,1,0.0000,0.0155,0.0035,0.1029,3.7491,0,1.0000,0,1,27.1708,-32.7016,85.7442,60.4907,168.6221,0.000,0.000,0.977,5.0203,-3.7360,69
2026-04-24,16:08:02,79323,1,0.0000,0.0106,0.0033,0.0974,3.7491,0,1.0000,0,1,27.0487,6.4844,88.1270,66.6798,168.5178,0.000,0.000,0.974,3.9834,-6.2595,69
2026-04-24,16:08:02,79359,1,-3.1600,0.0001,0.0048,0.1407,3.7491,0,1.0000,-395,1,25.9790,-40.3672,90.1297,62.4708,168.4876,0.000,0.000,0.970,5.0575,-7.5804,69
2026-04-24,16:08:02,79395,1,-3.1600,-0.0035,0.0037,0.1083,3.7491,0,1.0000,-395,1,26.1847,6.8699,91.8472,55.5203,168.6078,0.000,0.000,0.967,7.9847,-4.5455,69
2026-04-24,16:08:02,79431,1,-3.1600,0.0028,0.0037,0.1083,3.7491,0,1.0000,-395,1,25.4448,-17.3849,92.8862,38.8911,168.4265,0.000,0.000,0.964,13.9215,0.5616,69
2026-04-24,16:08:02,79467,1,-4.0320,-0.0003,0.0050,0.1462,3.7491,0,1.0000,-504,1,25.7820,0.2412,93.4035,20.8147,168.5993,0.000,0.000,0.961,19.5018,0.6625,69
2026-04-24,16:08:02,79503,1,-4.0880,0.0130,0.0031,0.0921,3.7491,0,1.0000,-511,1,25.3668,-2.7532,93.1661,2.0419,168.1769,0.000,0.000,0.958,27.9900,3.4399,69
2026-04-24,16:08:02,79539,1,-4.0880,0.0153,0.0037,0.1082,3.7491,0,1.0000,-511,1,25.3567,-7.6607,92.9530,-4.5155,168.2980,0.000,0.000,0.954,35.0247,5.1009,69
2026-04-24,16:08:02,79576,1,-4.0880,-0.0098,0.0040,0.1191,3.7491,0,1.0000,-511,1,25.2936,5.6299,92.5743,-9.1889,168.1033,0.000,0.000,0.951,39.3090,5.8069,69
2026-04-24,16:08:02,79612,1,-4.0880,-0.0115,0.0050,0.1462,3.7491,0,1.0000,-511,1,24.8133,-19.8198,92.5336,-3.5625,167.9562,0.000,0.000,0.948,43.9056,7.0620,69
2026-04-24,16:08:02,79648,1,-4.0880,-0.1338,0.0168,0.4938,3.7495,0,1.0000,-511,1,22.8780,-71.5809,91.1867,-32.7121,166.1931,0.000,0.000,0.962,46.2333,7.1154,69
2026-04-24,16:08:02,79685,1,-4.0880,-0.2820,0.0999,2.9386,3.7548,0,1.0000,-511,1,-2.5062,-799.5212,78.3451,-254.0862,147.6140,0.064,0.000,0.986,46.4401,6.4569,69
2026-04-24,16:08:02,79721,1,-4.0880,0.0430,0.0596,1.7538,3.7569,0,1.0000,-511,1,-4.4940,98.5342,70.7184,-216.1342,114.5292,0.128,0.000,0.982,44.6548,4.6869,69
2026-04-24,16:08:02,79757,1,-4.0880,0.0718,0.0169,0.4970,3.7567,0,1.0000,-511,1,11.8763,380.4501,67.7455,-139.5500,88.7905,0.120,0.000,0.988,42.8584,4.8591,69
2026-04-24,16:08:02,79796,1,-4.0880,-0.1038,0.0184,0.5423,3.7565,0,1.0000,-511,1,25.2996,348.9330,70.7349,-72.8160,88.3969,0.096,0.000,0.994,42.3579,4.5946,69
2026-04-24,16:08:02,79832,1,-4.0880,-0.0172,0.0082,0.2418,3.7574,0,1.0000,-511,1,21.1626,-131.3741,71.0238,-28.7775,102.9664,0.064,0.000,0.999,41.5589,4.1534,69
2026-04-24,16:08:02,79868,1,-4.0880,0.0038,0.0094,0.2762,3.7576,0,1.0000,-511,1,15.3371,-166.2430,71.4392,-16.5052,115.4778,0.032,0.000,0.999,40.2345,3.0497,69
2026-04-24,16:08:02,79904,1,-4.0880,-0.1342,0.0242,0.7106,3.7580,0,1.0000,-511,1,8.3483,-117.4584,67.8048,-91.6157,121.4903,0.000,0.000,1.000,38.3425,1.3079,69
2026-04-24,16:08:02,79940,1,-4.0880,-0.1858,0.0177,0.5195,3.7594,0,1.0000,-511,1,12.4488,165.7892,60.0614,-194.5175,119.4067,0.000,0.000,1.000,37.9267,-0.3103,69
2026-04-24,16:08:02,79976,1,-4.0960,-0.0936,0.0278,0.8165,3.7607,0,1.0000,-512,1,22.9533,349.6766,51.5972,-229.7751,120.1669,0.000,0.000,1.000,37.5291,-1.0734,69
2026-04-24,16:08:02,80013,1,-4.1040,-0.1424,0.0182,0.5346,3.7617,0,1.0000,-513,1,32.4051,241.5932,45.6891,-193.6803,119.5158,0.000,0.000,1.000,36.9099,-1.9260,69
2026-04-24,16:08:02,80049,1,-4.1120,-0.1418,0.0177,0.5219,3.7625,0,1.0000,-514,1,37.5445,119.8043,42.6424,-123.8854,125.8545,0.000,0.000,1.000,35.9577,-2.4004,69
2026-04-24,16:08:02,80084,1,-4.1200,0.0437,0.0141,0.4158,3.7629,0,1.0000,-515,1,36.6115,-26.1345,41.8254,-55.6876,132.4921,0.000,0.000,1.000,35.4868,-1.8561,69
2026-04-24,16:08:02,80120,1,-4.1200,-0.0009,0.0132,0.3884,3.7628,0,1.0000,-515,1,34.1950,-69.7287,42.7466,1.3066,138.3949,0.000,0.000,1.000,34.9159,-1.1908,69
2026-04-24,16:08:02,80155,1,-4.1200,-0.0215,0.0160,0.4707,3.7630,0,1.0000,-515,1,31.7464,-49.7562,43.6164,18.0276,143.2001,0.000,0.000,1.000,34.5334,-1.3831,69
2026-04-24,16:08:02,80191,1,-4.1280,-0.1946,0.0217,0.6387,3.7639,0,1.0000,-516,1,31.3469,7.1832,44.0224,11.5832,147.1754,0.000,0.000,1.000,34.9709,-1.5181,69
2026-04-24,16:08:02,80227,1,-4.1280,-0.4255,0.0328,0.9658,3.7669,0,1.0000,-516,1,34.1242,95.8785,43.3044,-11.2767,149.3739,0.000,0.000,1.000,35.5626,-1.3662,69
2026-04-24,16:08:02,80263,1,-4.1280,-0.0795,0.0396,1.1656,3.7692,0,1.0000,-516,1,37.5310,103.7206,42.4522,-22.0770,151.5434,0.000,0.000,1.000,36.2650,-1.4746,69
2026-04-24,16:08:03,80300,1,-4.1360,-0.1517,0.0197,0.5780,3.7699,0,1.0000,-517,1,39.2334,39.9448,41.4882,-26.8268,153.8756,0.000,0.000,1.000,36.6611,-1.4454,69
2026-04-24,16:08:03,80336,1,-4.1360,-0.1094,0.0190,0.5590,3.7714,0,1.0000,-517,1,39.5967,15.8910,40.4024,-32.0358,156.2630,0.000,0.000,1.000,36.2502,-1.5513,69
2026-04-24,16:08:03,80372,1,-4.1360,-0.0260,0.0220,0.6475,3.7722,0,1.0000,-517,1,39.7423,13.8157,39.5656,-27.6462,157.7140,0.000,0.000,1.000,34.9902,-1.0622,69
2026-04-24,16:08:03,80408,1,-4.1360,-0.1325,0.0189,0.5566,3.7731,0,1.0000,-517,1,40.8368,40.2555,39.0508,-19.2778,159.0670,0.000,0.000,1.000,33.2697,-0.0206,69
2026-04-24,16:08:03,80444,1,-4.1360,-0.1123,0.0119,0.3514,3.7737,0,1.0000,-517,1,42.1827,41.6550,39.0431,-6.6491,160.4319,0.000,0.000,1.000,30.5365,1.4646,69
2026-04-24,16:08:03,80480,1,-4.1360,0.0112,0.0139,0.4085,3.7739,0,1.0000,-517,1,43.7695,44.6279,39.4191,4.7955,161.4207,0.000,0.000,1.000,28.0385,3.3178,69
2026-04-24,16:08:03,80516,1,-4.1360,0.0236,0.0096,0.2838,3.7738,0,1.0000,-517,1,45.3554,49.9871,39.6894,6.6363,162.3303,0.000,0.000,0.999,26.1648,4.0634,69
2026-04-24,16:08:03,80552,1,-4.1360,0.0221,0.0098,0.2870,3.7737,0,1.0000,-517,1,47.2020,47.5758,40.3465,15.3280,163.1738,0.000,0.000,0.998,23.4889,4.4579,69
2026-04-24,16:08:03,80588,1,-4.1360,0.0045,0.0088,0.2587,3.7737,0,1.0000,-517,1,48.9319,42.5676,41.5436,29.5222,163.8768,0.000,0.000,0.994,21.1836,3.9544,69
2026-04-24,16:08:03,80624,1,-4.1360,0.0039,0.0077,0.2268,3.7736,0,1.0000,-517,1,49.6531,5.5344,43.3431,46.9887,164.6664,0.000,0.000,0.991,20.7602,2.8529,69
2026-04-24,16:08:03,80660,1,-4.1360,-0.0010,0.0088,0.2587,3.7737,0,1.0000,-517,1,48.3071,-59.6218,45.7379,65.6031,165.2671,0.000,0.000,0.998,22.0462,0.4825,69
2026-04-24,16:08:03,80696,1,-4.1360,-0.0240,0.0120,0.3541,3.7738,0,1.0000,-517,1,45.1373,-78.5647,46.3162,50.3426,165.4413,0.000,0.000,1.000,24.0097,-1.5306,69
2026-04-24,16:08:03,80734,1,-4.1360,-0.1099,0.0264,0.7754,3.7743,0,1.0000,-517,1,35.0035,-290.5559,46.9735,31.1025,165.8448,0.000,0.000,1.000,28.0172,-4.5505,69
2026-04-24,16:08:03,80769,1,-4.1360,-0.5248,0.0650,1.9132,3.7771,0,1.0000,-517,1,25.0053,-197.5285,45.1103,-24.0512,158.8245,0.064,0.000,1.000,32.2314,-7.1234,69
2026-04-24,16:08:03,80805,1,-4.1360,-0.2796,0.0422,1.2405,3.7804,0,1.0000,-517,1,26.2696,130.5621,43.0362,-47.0833,132.2913,0.128,0.000,1.000,34.3044,-7.4374,69
2026-04-24,16:08:03,80841,1,-4.1360,-0.4318,0.0396,1.1650,3.7834,0,1.0000,-517,1,38.6539,348.8489,41.9647,-42.2415,130.6045,0.120,0.000,1.000,34.8120,-7.0530,69
2026-04-24,16:08:03,80877,1,-4.1360,-0.2766,0.0210,0.6174,3.7854,0,1.0000,-517,1,45.5103,146.5422,40.5847,-48.4033,136.4617,0.088,0.000,1.000,34.3175,-7.0936,69
2026-04-24,16:08:03,80913,1,-4.1360,-0.1925,0.0235,0.6906,3.7878,0,1.0000,-517,1,43.7107,-58.4505,39.1291,-47.5042,141.6587,0.056,0.000,1.000,32.6966,-6.5367,69
2026-04-24,16:08:03,80949,1,-4.1360,-0.0271,0.0248,0.7300,3.7889,0,1.0000,-517,1,39.2742,-109.0970,37.3677,-51.9291,145.8660,0.024,0.000,1.000,30.7419,-6.3771,69
2026-04-24,16:08:03,80985,1,-4.1360,-0.1465,0.0118,0.3467,3.7898,0,1.0000,-517,1,38.1111,11.4298,35.4581,-57.3626,149.6244,0.000,0.000,1.000,29.4891,-6.1481,69
2026-04-24,16:08:03,81021,1,-0.0604,-0.0011,0.0127,0.3734,3.7902,0,1.0000,-517,0,42.2781,143.1749,33.6236,-57.7510,150.4466,0.000,0.000,1.000,27.5145,-5.5729,69
2026-04-24,16:08:03,81057,1,0.0000,0.0299,0.0116,0.3418,3.7901,0,1.0000,-517,0,48.1883,178.9146,32.2115,-50.4937,152.7042,0.000,0.000,1.000,26.0646,-4.4601,69
2026-04-24,16:08:03,81093,1,0.0000,0.0016,0.0098,0.2869,3.7899,0,1.0000,-517,0,54.0413,158.6633,31.2142,-39.6575,154.6101,0.000,0.000,0.997,24.6364,-3.6698,69
2026-04-24,16:08:03,81129,1,0.0000,-0.0366,0.0125,0.3685,3.7901,0,1.0000,-517,0,56.4492,36.6191,30.7587,-25.4387,157.1610,0.000,0.000,1.000,24.7027,-3.9692,69
2026-04-24,16:08:03,81165,1,0.0000,-0.0355,0.0209,0.6134,3.7904,0,1.0000,-517,0,52.4766,-133.0587,30.3566,-18.2693,159.6706,0.000,0.000,1.000,25.6817,-4.2477,69
2026-04-24,16:08:03,81201,1,0.0000,-0.1099,0.0318,0.9354,3.7908,0,1.0000,-517,0,44.0088,-240.1874,29.4264,-25.8298,161.7060,0.016,0.000,1.000,28.3510,-5.5248,69
2026-04-24,16:08:03,81238,1,0.0000,-0.1536,0.0613,1.8021,3.7923,0,1.0000,-517,0,39.2971,-63.8961,28.0324,-36.1271,158.7285,0.080,0.000,1.000,30.2214,-7.1152,69
2026-04-24,16:08:03,81273,1,0.0000,0.0066,0.0577,1.6979,3.7925,0,1.0000,-517,0,42.7993,160.1479,26.8499,-37.1966,138.0993,0.144,0.000,1.000,30.7681,-9.2419,69
2026-04-24,16:08:04,81309,1,0.0000,0.0179,0.0561,1.6501,3.7924,0,1.0000,-517,0,51.8253,234.1776,25.8203,-37.0121,140.3932,0.112,0.000,1.000,29.9172,-10.6672,69
2026-04-24,16:08:04,81345,1,0.0000,0.0039,0.0567,1.6682,3.7924,0,1.0000,-517,0,55.6989,80.1314,24.7988,-36.1372,144.6192,0.080,0.000,1.000,29.0922,-11.6831,69
2026-04-24,16:08:04,81381,1,0.0000,0.0328,0.0532,1.5652,3.7923,0,1.0000,-517,0,53.4060,-71.4395,23.3719,-41.6799,148.6977,0.048,0.000,1.000,27.5340,-12.9963,69
2026-04-24,16:08:04,81417,1,0.0000,-0.0048,0.0517,1.5201,3.7922,0,1.0000,-517,0,49.5975,-95.6189,22.0306,-41.6752,152.3886,0.064,0.000,1.000,26.5244,-13.8535,69
2026-04-24,16:08:04,81453,1,0.0000,-0.0126,0.0514,1.5110,3.7922,0,1.0000,-517,0,49.5167,32.4151,21.1038,-33.3879,154.3741,0.128,0.000,1.000,25.5840,-14.2591,69
2026-04-24,16:08:04,81489,1,0.0000,-0.0038,0.0518,1.5231,3.7922,0,1.0000,-517,0,53.5673,126.0141,20.4409,-26.9856,155.7894,0.096,0.000,1.000,24.9750,-14.0959,69
2026-04-24,16:08:04,81525,1,-4.3600,-0.0234,0.0492,1.4458,3.7922,0,1.0000,-545,1,56.3874,68.8840,19.7663,-25.3534,158.2771,0.064,0.000,1.000,24.4887,-13.6153,69
2026-04-24,16:08:04,81561,1,-4.3600,-0.2749,0.0348,1.0242,3.7933,0,1.0000,-545,1,56.5061,10.6064,18.8565,-29.5972,160.8168,0.032,0.000,1.000,23.5243,-11.8639,69
2026-04-24,16:08:04,81597,1,-4.3600,-0.6032,0.0489,1.4384,3.7970,0,1.0000,-545,1,56.6096,6.1372,19.1371,-18.3236,162.6883,0.008,0.000,1.000,22.5965,-10.7114,69
2026-04-24,16:08:04,81633,1,-5.0480,-0.6719,0.0417,1.2264,3.8016,0,1.0000,-631,1,56.6034,1.4780,18.5131,-21.2044,164.8113,0.000,0.000,1.000,21.9164,-10.1280,69
2026-04-24,16:08:04,81669,1,-5.0480,-0.7210,0.0384,1.1299,3.8066,0,1.0000,-631,1,56.1268,-18.5597,17.6548,-28.6093,166.5648,0.000,0.000,1.000,20.7235,-9.2081,69
2026-04-24,16:08:04,81705,1,-5.0480,-0.7589,0.0511,1.5021,3.8127,0,1.0000,-631,1,55.8238,-0.6158,16.4444,-37.2664,167.4055,0.000,0.000,1.000,19.8687,-8.4096,69
2026-04-24,16:08:04,81741,1,-6.5440,-0.6591,0.0173,0.5091,3.8177,0,1.0000,-818,1,55.3229,-8.3348,15.0151,-44.6276,168.1112,0.000,0.000,1.000,18.7684,-7.5864,69
2026-04-24,16:08:04,81777,1,-6.5440,-0.1764,0.0491,1.4454,3.8207,0,1.0000,-818,1,55.7552,12.8563,13.4158,-50.2284,168.3459,0.000,0.000,1.000,17.7795,-7.4966,69
2026-04-24,16:08:04,81813,1,-7.8560,-0.4862,0.0396,1.1656,3.8231,0,1.0000,-982,1,56.9413,48.5103,11.9784,-47.9364,168.1405,0.000,0.000,1.000,16.8855,-8.2270,69
2026-04-24,16:08:04,81849,1,-7.8560,-0.7127,0.0359,1.0551,3.8279,0,1.0000,-982,1,58.3709,35.2700,10.6140,-46.5760,168.5635,0.000,0.000,1.000,16.6451,-10.2436,69
2026-04-24,16:08:04,81885,1,-7.8560,-0.6488,0.0421,1.2372,3.8337,0,1.0000,-982,1,58.0246,-14.7530,9.4007,-41.6687,169.0376,0.000,0.000,1.000,17.0145,-12.3558,69
2026-04-24,16:08:04,81922,1,-7.9840,-0.9143,0.0441,1.2975,3.8400,0,1.0000,-998,1,56.3375,-35.2016,8.3272,-37.5784,169.9901,0.016,0.000,1.000,18.1607,-15.3234,69
2026-04-24,16:08:04,81958,1,-7.9840,-1.0083,0.0345,1.0133,3.8483,0,1.0000,-998,1,56.5980,23.2581,7.4415,-32.7381,170.4118,0.056,0.000,1.000,18.9741,-16.8157,69
2026-04-24,16:08:04,81994,1,-7.9840,-1.1607,0.0682,2.0052,3.8569,0,1.0000,-998,1,58.1991,52.7078,6.6714,-29.3804,170.3796,0.024,0.000,1.000,19.7156,-16.7945,69
2026-04-24,16:08:04,82030,1,-7.9840,-1.0178,0.0314,0.9228,3.8648,0,1.0000,-998,1,59.1575,30.2848,5.8061,-28.9211,171.3328,0.000,0.000,1.000,18.4911,-16.0407,69
2026-04-24,16:08:04,82066,1,-7.9840,-0.7730,0.0387,1.1393,3.8714,0,1.0000,-998,1,60.2585,37.1872,4.9745,-29.1958,171.2044,0.000,0.000,1.000,16.8425,-15.5025,69
2026-04-24,16:08:04,82102,1,-7.9840,-0.9716,0.0387,1.1378,3.8783,0,1.0000,-998,1,60.5771,8.6076,4.1255,-29.7171,171.3947,0.000,0.000,1.000,15.7111,-15.0357,69
2026-04-24,16:08:04,82138,1,-7.9840,-0.7914,0.0590,1.7354,3.8841,0,1.0000,-998,1,59.7446,-23.0798,3.1772,-30.4955,171.9284,0.000,0.000,1.000,15.3760,-14.5222,69
2026-04-24,16:08:04,82174,1,-7.9840,-0.9632,0.0594,1.7463,3.8911,0,1.0000,-998,1,59.4004,3.4915,2.2384,-30.6914,171.2409,0.000,0.000,1.000,16.2429,-13.8795,69
2026-04-24,16:08:04,82210,1,-7.9840,-1.2498,0.0534,1.5702,3.8992,0,1.0000,-998,1,60.3561,41.2797,1.3588,-29.3167,170.9547,0.000,0.000,1.000,16.4241,-14.6616,69
2026-04-24,16:08:04,82247,1,-7.9840,-1.3548,0.0420,1.2351,3.9101,0,1.0000,-998,1,62.0316,47.3756,0.7238,-23.8995,169.9868,0.000,0.000,1.000,16.0350,-14.9036,69
2026-04-24,16:08:04,82283,1,-7.9840,-1.3823,0.0629,1.8488,3.9208,0,1.0000,-998,1,62.8144,27.4857,0.0340,-23.6302,169.5736,0.000,0.000,1.000,14.0479,-15.7546,69
2026-04-24,16:08:05,82319,1,-7.9840,-1.0348,0.0643,1.8921,3.9300,0,1.0000,-998,1,63.5926,26.1542,-0.5982,-21.4724,168.9883,0.000,0.000,1.000,11.6481,-17.4957,69
2026-04-24,16:08:05,82356,1,-7.9840,-0.7472,0.0341,1.0043,3.9363,0,1.0000,-998,1,64.1826,22.1889,-1.1581,-19.9784,168.1095,0.000,0.000,1.000,10.4078,-19.0463,69
2026-04-24,16:08:05,82391,1,-7.9840,-0.5488,0.0450,1.3221,3.9418,0,1.0000,-998,1,63.9159,-11.4871,-1.9136,-23.0852,168.1579,0.000,0.000,1.000,10.5649,-19.1176,69
2026-04-24,16:08:05,82427,1,-7.9840,-0.9453,0.0657,1.9322,3.9479,0,1.0000,-998,1,62.9053,-17.8416,-2.6797,-23.5513,168.3295,0.000,0.000,1.000,12.6678,-18.1662,69
2026-04-24,16:08:05,82463,1,-7.9840,-1.0421,0.0688,2.0242,3.9560,0,1.0000,-998,1,63.6643,50.8242,-3.2983,-20.3994,152.0050,0.000,0.000,1.000,14.7018,-16.5377,69
2026-04-24,16:08:05,82503,1,-7.9840,-1.2091,0.0720,2.1175,3.9616,0,1.0000,-998,1,64.0608,34.3548,-3.0609,-13.9809,153.2310,0.000,0.000,1.000,13.9614,-14.6282,69
2026-04-24,16:08:05,82532,1,-7.9840,-1.2226,0.0323,0.9500,3.9733,0,1.0000,-998,1,65.3186,45.6789,-3.4306,-15.1716,154.9820,0.000,0.000,1.000,11.0600,-12.9096,69
2026-04-24,16:08:05,82568,1,-7.9840,-0.9205,0.0493,1.4501,3.9801,0,1.0000,-998,1,66.7142,43.4477,-4.1157,-20.6353,156.4840,0.000,0.000,1.000,7.1515,-13.6389,69
2026-04-24,16:08:05,82605,1,-7.9840,-0.3541,0.0588,1.7286,3.9850,0,1.0000,-998,1,67.8085,26.7361,-4.8691,-23.4624,156.8205,0.000,0.000,1.000,5.5946,-13.4464,69
2026-04-24,16:08:05,82640,1,-7.9840,-0.2562,0.0398,1.1697,3.9861,0,1.0000,-998,1,68.0673,14.9722,-5.5829,-21.9240,150.3758,0.000,0.000,1.000,7.3661,-13.3261,69
2026-04-24,16:08:05,82676,1,-7.9840,-0.6504,0.0653,1.9202,3.9903,0,1.0000,-998,1,68.7758,20.3895,-6.0759,-18.2822,153.1129,0.000,0.000,1.000,10.5027,-13.9299,69
2026-04-24,16:08:05,82713,1,-7.9840,-0.7646,0.0657,1.9309,3.9959,0,1.0000,-998,1,69.0991,20.4022,-6.4112,-13.3341,155.8564,0.000,0.000,1.000,12.2778,-14.3043,69
2026-04-24,16:08:05,82748,1,-7.9840,-0.9076,0.0360,1.0599,4.0017,0,1.0000,-998,1,70.0635,21.2295,-6.5482,-8.3509,157.5375,0.000,0.000,1.000,12.3905,-14.5154,69
2026-04-24,16:08:05,82784,1,-7.9840,-0.9257,0.0342,1.0052,4.0084,0,1.0000,-998,1,70.6018,24.7538,-6.7754,-8.4422,158.6366,0.000,0.000,1.000,11.3286,-14.9106,69
2026-04-24,16:08:05,82820,1,-7.9840,-0.8106,0.0204,0.6002,4.0148,0,1.0000,-998,1,71.0428,7.4076,-7.0798,-9.6577,159.3233,0.000,0.000,1.000,9.8605,-15.4933,69
2026-04-24,16:08:05,82856,1,-7.9840,-0.3950,0.0396,1.1659,4.0179,0,1.0000,-998,1,71.6288,22.4064,-7.3492,-8.8763,159.8076,0.000,0.000,1.000,9.2105,-16.0074,69
2026-04-24,16:08:05,82893,1,-7.9840,-0.5692,0.0351,1.0318,4.0215,0,1.0000,-998,1,71.8419,7.4089,-7.5519,-7.8333,160.5734,0.000,0.000,1.000,10.2437,-15.3357,69
2026-04-24,16:08:05,82928,1,-7.9840,-0.7063,0.0399,1.1723,4.0265,0,1.0000,-998,1,72.3371,15.0728,-7.7991,-8.2287,160.8405,0.000,0.000,1.000,11.6465,-14.9106,69
2026-04-24,16:08:05,82964,1,-7.9840,-0.5149,0.0244,0.7164,4.0311,0,1.0000,-998,1,72.4606,7.3825,-8.0488,-7.9601,161.5047,0.000,0.000,1.000,11.1408,-14.4030,69
2026-04-24,16:08:05,83000,1,-7.9840,-0.1957,0.0396,1.1643,4.0328,0,1.0000,-998,1,72.7770,4.5092,-8.2797,-8.0042,161.9293,0.000,0.000,1.000,9.4580,-12.5975,69
2026-04-24,16:08:05,83037,1,-7.9840,-0.2390,0.0109,0.3194,4.0344,0,1.0000,-998,1,72.9497,7.1912,-8.4599,-6.4640,162.2058,0.000,0.000,1.000,8.1488,-10.8636,69
2026-04-24,16:08:05,83073,1,-7.9840,-0.1129,0.0211,0.6202,4.0351,0,1.0000,-998,1,73.1153,1.2614,-8.5929,-5.2725,162.1732,0.000,0.000,1.000,6.5511,-8.9750,69
2026-04-24,16:08:05,83109,1,-7.9840,-0.3803,0.0228,0.6700,4.0373,0,1.0000,-998,1,73.3235,9.1426,-8.7281,-4.7178,162.1387,0.000,0.000,1.000,5.4350,-6.3214,69
2026-04-24,16:08:05,83145,1,-7.9840,-0.5539,0.0386,1.1342,4.0410,0,1.0000,-998,1,73.3404,-0.4349,-8.7935,-2.8459,162.3634,0.000,0.000,1.000,5.7471,-4.0262,69
2026-04-24,16:08:05,83181,1,-7.9840,-0.5119,0.0310,0.9113,4.0452,0,1.0000,-998,1,73.5552,5.0847,-8.8051,-1.5045,162.3688,0.000,0.000,1.000,6.4928,-1.8141,69
2026-04-24,16:08:05,83217,1,-7.9840,-0.3386,0.0133,0.3921,4.0479,0,1.0000,-998,1,73.6107,0.7992,-8.7753,0.1635,162.8052,0.000,0.000,1.000,6.3890,-1.1321,69
2026-04-24,16:08:05,83253,1,-7.9840,-0.0291,0.0181,0.5317,4.0490,0,1.0000,-998,1,73.7999,5.4615,-8.7866,-0.7360,162.7782,0.000,0.000,1.000,5.4993,-1.0521,69
2026-04-24,16:08:05,83289,1,-7.9840,-0.0033,0.0166,0.4887,4.0492,0,1.0000,-998,1,73.7710,2.5759,-8.8813,-2.5033,162.7523,0.000,0.000,1.000,4.5358,-1.3358,69
2026-04-24,16:08:06,83326,1,-7.9840,0.0014,0.0128,0.3764,4.0493,0,1.0000,-998,1,73.8724,0.9531,-9.0209,-3.7395,162.5406,0.000,0.000,1.000,4.1630,-1.9244,69
2026-04-24,16:08:06,83361,1,-7.9840,-0.0174,0.0139,0.4086,4.0493,0,1.0000,-998,1,73.9056,3.6688,-9.1169,-3.2378,162.5865,0.000,0.000,1.000,4.3227,-2.9184,69
2026-04-24,16:08:06,83400,1,-7.9840,-0.1027,0.0195,0.5733,4.0498,0,1.0000,-998,1,73.9253,1.7212,-9.1432,-2.4436,162.6012,0.000,0.000,1.000,4.7031,-4.0910,69
2026-04-24,16:08:06,83436,1,-7.9840,-0.2622,0.0205,0.6031,4.0516,0,1.0000,-998,1,74.0067,3.1247,-9.3298,-4.7336,162.5819,0.000,0.000,1.000,5.1819,-5.0209,69
2026-04-24,16:08:06,83472,1,-7.9840,-0.0200,0.0188,0.5531,4.0524,0,1.0000,-998,1,73.9882,-0.2901,-9.3568,-1.9817,162.6101,0.000,0.000,1.000,5.3770,-6.4902,69
2026-04-24,16:08:06,83508,1,-7.9840,0.0064,0.0175,0.5157,4.0527,0,1.0000,-998,1,74.0652,1.8994,-9.2728,0.9426,162.4030,0.000,0.000,1.000,5.1037,-7.7151,69
2026-04-24,16:08:06,83544,1,-7.9840,-0.0196,0.0172,0.5065,4.0530,0,1.0000,-998,1,74.0435,0.8852,-9.1574,2.6660,162.4282,0.000,0.000,0.998,4.8995,-8.2241,69
2026-04-24,16:08:06,83580,1,-7.9840,-0.0753,0.0211,0.6193,4.0536,0,1.0000,-998,1,74.0695,0.5041,-9.0060,4.0269,162.3979,0.000,0.000,0.994,4.6580,-8.5550,69
2026-04-24,16:08:06,83616,1,-7.9840,-0.1021,0.0221,0.6497,4.0547,0,1.0000,-998,1,74.0786,1.3201,-8.9055,3.1708,162.4291,0.000,0.000,0.991,4.4141,-8.7227,69
2026-04-24,16:08:06,83652,1,-0.6320,-0.2849,0.0217,0.6382,4.0565,0,1.0000,-79,1,74.0501,-1.7973,-8.9653,-0.4159,162.3612,0.000,0.000,0.988,4.0193,-8.7419,69
2026-04-24,16:08:06,83688,1,0.0000,-0.0341,0.0245,0.7220,4.0578,0,1.0000,0,1,74.0421,-0.7458,-8.9600,0.2768,162.5166,0.000,0.000,0.985,3.3469,-8.6004,69
2026-04-24,16:08:06,83724,1,0.0000,0.0020,0.0233,0.6860,4.0579,0,1.0000,0,1,74.0994,1.0923,-8.9358,0.5081,162.5355,0.000,0.000,0.982,2.8049,-8.0994,69
2026-04-24,16:08:06,83760,1,0.0000,0.0056,0.0220,0.6479,4.0578,0,1.0000,0,1,74.1421,0.9850,-8.9604,-0.4059,162.4827,0.000,0.000,0.978,2.2664,-7.8760,69
2026-04-24,16:08:06,83796,1,0.0000,-0.0047,0.0230,0.6764,4.0578,0,1.0000,0,1,74.1083,-0.1017,-8.9150,0.9786,162.5665,0.000,0.000,0.975,1.7423,-7.1183,69
2026-04-24,16:08:06,83832,1,0.0000,-0.0006,0.0204,0.6008,4.0578,0,1.0000,0,1,74.1270,-0.2500,-8.8166,2.1462,162.4492,0.000,0.000,0.972,1.7815,-6.4352,69
2026-04-24,16:08:06,83868,1,0.0000,0.0059,0.0202,0.5941,4.0578,0,1.0000,0,1,74.1330,0.6931,-8.7749,1.4740,162.4094,0.000,0.000,0.969,1.9826,-6.0809,69
2026-04-24,16:08:06,83904,1,0.0000,-0.0078,0.0227,0.6682,4.0578,0,1.0000,0,1,74.1535,0.3971,-8.7193,1.7757,162.3423,0.000,0.000,0.966,2.4031,-6.3048,69
2026-04-24,16:08:06,83940,1,0.0000,0.0110,0.0221,0.6495,4.0578,0,1.0000,0,1,74.1515,0.0652,-8.6518,1.6268,162.3237,0.000,0.000,0.962,2.8342,-7.2897,69
2026-04-24,16:08:06,83976,1,0.0000,-0.0032,0.0214,0.6308,4.0579,0,1.0000,0,1,74.1383,-0.2106,-8.6802,-0.1254,162.3891,0.000,0.000,0.959,3.0975,-7.8829,69
2026-04-24,16:08:06,84012,1,0.0000,0.0061,0.0214,0.6292,4.0578,0,1.0000,0,1,74.1698,0.5887,-8.7508,-1.4769,162.3567,0.000,0.000,0.956,3.9114,-9.3819,69
2026-04-24,16:08:06,84048,1,0.0000,-0.0013,0.0210,0.6179,4.0578,0,1.0000,0,1,74.1793,-0.2691,-8.8026,-1.6520,162.3866,0.000,0.000,0.953,4.5818,-10.6472,69
2026-04-24,16:08:06,84083,1,0.0000,-0.0023,0.0214,0.6284,4.0578,0,1.0000,0,1,74.1864,0.4117,-8.8438,-1.4158,162.4011,0.000,0.000,0.950,4.7483,-11.5420,69
2026-04-24,16:08:06,84119,1,0.0000,-0.0039,0.0211,0.6195,4.0578,0,1.0000,0,1,74.1893,0.5029,-8.8759,-1.2294,162.4504,0.000,0.000,0.946,4.7791,-12.3893,69
2026-04-24,16:08:06,84155,1,0.0000,-0.0075,0.0227,0.6674,4.0579,0,1.0000,0,1,74.1745,-1.2490,-8.8588,0.0971,162.5330,0.000,0.000,0.943,4.3291,-12.7411,69
2026-04-24,16:08:06,84191,1,0.0000,-0.0117,0.0237,0.6959,4.0579,0,1.0000,0,1,74.2131,0.9482,-8.7331,2.4610,162.4642,0.000,0.000,0.940,3.6801,-12.9989,69
2026-04-24,16:08:06,84227,1,0.0000,0.0171,0.0199,0.5844,4.0578,0,1.0000,0,1,74.2052,-0.7325,-8.6052,3.3014,162.4932,0.000,0.000,0.937,3.3377,-13.3004,69
2026-04-24,16:08:06,84263,1,0.0000,-0.0004,0.0201,0.5926,4.0578,0,1.0000,0,1,74.2347,0.9966,-8.5210,2.5792,162.4517,0.000,0.000,0.934,1.8503,-14.3344,69
2026-04-24,16:08:07,84299,1,0.0000,0.0121,0.0214,0.6285,4.0578,0,1.0000,0,1,74.2236,-0.2249,-8.5522,0.1710,162.4686,0.000,0.000,0.930,0.6958,-14.4633,69
2026-04-24,16:08:07,84337,1,0.0000,0.0141,0.0198,0.5829,4.0578,0,1.0000,0,0,74.2185,-0.1745,-8.5470,0.1436,162.4895,0.000,0.000,0.928,-0.7516,-14.7412,69
2026-04-24,16:08:07,84372,1,0.0000,0.0032,0.0188,0.5525,4.0578,0,1.0000,0,0,74.1989,-0.7589,-8.6121,-1.5122,162.4820,0.000,0.000,0.925,-1.5885,-15.1360,69
2026-04-24,16:08:07,84408,1,0.0000,-0.0048,0.0204,0.6009,4.0578,0,1.0000,0,0,74.2065,-0.1835,-8.6888,-2.0100,162.4953,0.000,0.000,0.922,-2.0373,-15.3145,69
2026-04-24,16:08:07,84444,1,0.0000,0.0106,0.0205,0.6022,4.0578,0,1.0000,0,0,74.2148,0.3023,-8.7957,-3.0088,162.5635,0.000,0.000,0.918,-2.1825,-15.4282,69
2026-04-24,16:08:07,84480,1,0.0000,-0.0008,0.0205,0.6016,4.0578,0,1.0000,0,0,74.2078,0.0694,-8.8845,-2.9079,162.6549,0.000,0.000,0.915,-1.9911,-15.4858,69
2026-04-24,16:08:07,84516,1,0.0000,-0.0121,0.0221,0.6487,4.0578,0,1.0000,0,0,74.1969,-0.4495,-8.9633,-2.9018,162.6851,0.000,0.000,0.912,-1.4795,-15.4086,69
2026-04-24,16:08:07,84552,1,0.0000,0.0039,0.0217,0.6390,4.0578,0,1.0000,0,0,74.2015,0.2133,-9.1176,-4.3648,162.6183,0.000,0.000,0.909,-1.2192,-15.0977,69
2026-04-24,16:08:07,84587,1,0.0000,-0.0191,0.0217,0.6390,4.0578,0,1.0000,0,0,74.2071,0.3677,-9.1829,-2.8010,162.7538,0.000,0.000,0.906,-1.2149,-14.0911,69
2026-04-24,16:08:07,84622,1,0.0000,0.0217,0.0208,0.6106,4.0578,0,1.0000,0,0,74.2332,0.4177,-9.0862,1.2116,163.3555,0.000,0.000,0.902,-1.8233,-12.9262,69
2026-04-24,16:08:07,84658,1,0.0000,0.0012,0.0204,0.5995,4.0578,0,1.0000,0,0,74.2117,-0.8773,-8.7822,6.0386,164.6388,0.000,0.000,0.899,-2.7438,-11.6701,69
2026-04-24,16:08:07,84694,1,0.0000,-0.0009,0.0217,0.6383,4.0578,0,1.0000,0,0,74.1597,-1.8250,-8.5033,6.9491,165.4921,0.000,0.000,0.896,-3.5494,-11.0622,69
2026-04-24,16:08:07,84730,1,0.0000,-0.0026,0.0211,0.6196,4.0578,0,1.0000,0,0,74.0957,-1.5415,-8.3188,5.1870,166.2392,0.000,0.000,0.893,-4.5516,-10.3383,69
2026-04-24,16:08:07,84766,1,0.0000,0.0023,0.0185,0.5452,4.0577,0,1.0000,0,0,74.0608,-1.0290,-8.2879,1.3681,166.7376,0.000,0.000,0.890,-5.4129,-9.8533,69
2026-04-24,16:08:07,84801,1,0.0000,0.0005,0.0178,0.5248,4.0576,0,1.0000,0,0,74.0556,-0.1406,-8.2872,0.2044,166.8498,0.000,0.000,0.886,-6.2802,-9.4569,69
2026-04-24,16:08:07,84837,1,0.0000,0.0086,0.0163,0.4781,4.0576,0,1.0000,0,0,74.0155,-0.6399,-8.3348,-1.6231,167.0639,0.000,0.000,0.883,-7.0188,-9.2626,69
2026-04-24,16:08:07,84873,1,0.0000,0.0025,0.0166,0.4879,4.0576,0,1.0000,0,0,74.0761,1.8437,-8.4891,-4.6986,167.4146,0.000,0.000,0.880,-8.3343,-8.5575,69
2026-04-24,16:08:07,84909,1,-2.4800,0.0154,0.0143,0.4219,4.0575,0,1.0000,-310,1,74.3760,12.3325,-8.6224,-4.9420,166.6058,0.000,0.000,0.877,-9.5542,-7.9144,69
2026-04-24,16:08:07,84945,1,-2.4800,-0.0161,0.0156,0.4593,4.0574,0,1.0000,-310,1,75.1966,17.1504,-8.6518,-2.8997,165.5744,0.000,0.000,0.874,-9.9888,-7.5227,69
2026-04-24,16:08:07,84981,1,-2.4800,0.0040,0.0137,0.4031,4.0574,0,1.0000,-310,1,75.2795,-4.3848,-9.4534,-18.1965,165.5081,0.000,0.000,0.870,-10.5607,-6.1007,69
2026-04-24,16:08:07,85018,1,-7.8800,-0.0164,0.0153,0.4501,4.0575,0,1.0000,-985,1,74.4631,-23.8305,-9.7977,-12.6753,166.2786,0.000,0.000,0.867,-10.1323,-4.4039,69
2026-04-24,16:08:07,85054,1,-7.8800,-0.0539,0.0201,0.5908,4.0577,0,1.0000,-985,1,72.8015,-60.5906,-9.7310,-3.5982,169.2593,0.000,0.000,0.864,-8.9190,-3.2202,69
2026-04-24,16:08:07,85090,1,-7.8880,-0.2531,0.0249,0.7321,4.0588,0,1.0000,-986,1,70.8581,-23.4837,-9.1517,10.5299,135.0506,0.000,0.000,0.861,-7.5620,-2.4146,69
2026-04-24,16:08:07,85128,1,-7.8960,-0.1377,0.0266,0.7815,4.0604,0,1.0000,-987,1,70.2529,-35.5142,-7.3823,31.2711,119.2553,0.000,0.000,0.866,-6.2716,-2.4142,69
2026-04-24,16:08:07,85164,1,-7.8960,-0.1646,0.0180,0.5283,4.0611,0,1.0000,-987,1,69.6088,-5.7536,-5.7090,38.6861,136.9634,0.000,0.000,0.898,-6.1823,-2.7764,69
2026-04-24,16:08:07,85200,1,-7.8960,-0.2938,0.0258,0.7588,4.0628,0,1.0000,-987,1,70.0768,25.1157,-4.0330,40.6116,151.0019,0.000,0.000,0.930,-6.6382,-3.4753,69
2026-04-24,16:08:07,85236,1,-7.8960,-0.4283,0.0168,0.4952,4.0659,0,1.0000,-987,1,71.6937,35.3533,-2.4765,39.1101,158.4602,0.000,0.000,0.962,-7.1600,-4.1292,69
2026-04-24,16:08:07,85273,1,-7.8960,-0.2221,0.0436,1.2831,4.0678,0,1.0000,-987,1,73.0640,37.7202,-1.0650,39.4228,162.8333,0.000,0.000,0.986,-8.6271,-4.9081,69
2026-04-24,16:08:08,85310,1,-7.8960,-0.2116,0.0162,0.4763,4.0698,0,1.0000,-987,1,72.9918,-3.6883,-0.9359,14.7005,162.8927,0.000,0.000,1.000,-11.6890,-5.1080,69
2026-04-24,16:08:08,85346,1,-7.8960,-0.0666,0.0273,0.8043,4.0710,0,1.0000,-987,1,73.5086,2.4847,-0.7839,8.8993,163.2457,0.000,0.000,1.000,-14.2563,-5.3864,69
2026-04-24,16:08:08,85382,1,-7.8960,-0.1902,0.0109,0.3193,4.0722,0,1.0000,-987,1,73.4441,-5.9537,-0.4465,10.6281,163.3753,0.000,0.000,1.000,-17.3846,-5.4906,69
2026-04-24,16:08:08,85418,1,-7.8960,-0.0969,0.0194,0.5717,4.0730,0,1.0000,-987,1,72.4052,-50.0384,-0.3706,6.2055,162.6931,0.000,0.000,1.000,-20.0277,-5.1917,69
2026-04-24,16:08:08,85454,1,-7.8960,-0.1600,0.0175,0.5142,4.0745,0,1.0000,-987,1,70.7004,-58.2108,-0.4814,1.3032,162.1493,0.000,0.000,1.000,-20.7708,-4.6143,69
2026-04-24,16:08:08,85490,1,-7.8960,-0.1819,0.0341,1.0023,4.0758,0,1.0000,-987,1,67.2357,-103.1399,-1.1181,-9.4554,159.9183,0.032,0.000,1.000,-20.1321,-3.0776,69
2026-04-24,16:08:08,85527,1,-7.8960,-0.3837,0.0431,1.2678,4.0782,0,1.0000,-987,1,66.1665,-15.6164,-2.1421,-18.8535,157.4064,0.096,0.000,1.000,-19.5709,-1.9221,69
2026-04-24,16:08:08,85562,1,-7.8960,-0.6324,0.0528,1.5535,4.0823,0,1.0000,-987,1,68.5441,73.1766,-2.6345,-11.4748,129.1973,0.160,0.000,1.000,-20.2026,-1.1287,69
2026-04-24,16:08:08,85598,1,-7.8960,-0.8352,0.0429,1.2617,4.0876,0,1.0000,-987,1,71.0051,52.4568,-2.4831,1.3458,108.3630,0.128,0.000,1.000,-22.3448,-1.0032,69
2026-04-24,16:08:08,85634,1,-7.8960,-0.3210,0.0480,1.4131,4.0925,0,1.0000,-987,1,70.7706,-37.0350,-2.1460,6.7011,117.1397,0.096,0.000,1.000,-24.4438,-2.1973,69
2026-04-24,16:08:08,85670,1,-7.8960,-0.4275,0.0399,1.1736,4.0950,0,1.0000,-987,1,67.3668,-98.9496,-2.2838,0.1145,124.3891,0.136,0.000,1.000,-26.0196,-3.9617,69
2026-04-24,16:08:08,85706,1,-7.8960,-0.8834,0.0682,2.0048,4.1005,0,1.0000,-987,1,65.0868,-58.8891,-2.8009,-9.0320,129.9877,0.200,0.000,1.000,-25.8124,-4.6570,69
2026-04-24,16:08:08,85742,1,-7.8960,-0.8422,0.0659,1.9379,4.1076,0,1.0000,-987,1,66.5097,45.9737,-3.2969,-11.7920,132.0584,0.264,0.000,1.000,-24.1833,-4.5995,69
2026-04-24,16:08:08,85778,1,-7.8960,-1.0918,0.0544,1.6002,4.1156,0,1.0000,-987,1,68.1993,31.2721,-3.9670,-15.0551,134.5098,0.256,0.000,1.000,-24.8073,-4.5435,69
2026-04-24,16:08:08,85814,1,-7.8960,-0.9110,0.0531,1.5614,4.1236,0,1.0000,-987,1,68.4407,-15.8301,-4.4090,-12.2875,138.3205,0.224,0.000,1.000,-26.6871,-3.5524,69
2026-04-24,16:08:08,85850,1,-7.8960,-0.0609,0.0534,1.5701,4.1252,0,1.0000,-987,1,64.3980,-129.3141,-4.9875,-13.2161,141.4758,0.264,0.000,1.000,-28.9890,-0.6719,69
2026-04-24,16:08:08,85886,1,-7.8960,-0.3383,0.0331,0.9722,4.1268,0,1.0000,-987,1,62.8199,-39.0742,-5.3758,-8.9248,144.8625,0.328,0.000,1.000,-29.7289,1.4626,69
2026-04-24,16:08:08,85923,1,-7.8960,-0.6842,0.0519,1.5264,4.1311,0,1.0000,-987,1,63.5093,13.9708,-4.9670,5.6506,148.2889,0.368,0.000,1.000,-28.5421,3.4342,69
2026-04-24,16:08:08,85959,1,-7.8960,-0.5543,0.0408,1.1987,4.1363,0,1.0000,-987,1,64.1265,-2.6339,-4.4745,11.7173,150.6462,0.432,0.000,1.000,-28.0284,4.2515,69
2026-04-24,16:08:08,85995,1,-7.8960,-0.4744,0.0487,1.4333,4.1408,0,1.0000,-987,1,63.0606,-50.4350,-4.2720,7.4849,152.7389,0.448,0.000,1.000,-28.2208,4.8688,69
2026-04-24,16:08:08,86031,1,-7.9840,-0.6391,0.0351,1.0316,4.1444,0,1.0000,-998,1,59.8533,-106.1874,-4.5980,-2.1899,154.3248,0.512,0.000,1.000,-28.1241,5.1501,69
2026-04-24,16:08:08,86067,1,-7.9840,-0.7715,0.0317,0.9328,4.1504,0,1.0000,-998,1,57.5730,-68.2188,-5.0180,-7.3479,156.0169,0.576,0.000,1.000,-27.5013,5.1069,69
2026-04-24,16:08:08,86103,1,-7.9840,-0.4873,0.0404,1.1879,4.1556,0,1.0000,-998,1,56.4875,-35.9013,-5.0000,-0.7254,157.6598,0.616,0.000,1.000,-27.1068,4.4137,69
2026-04-24,16:08:08,86139,1,-0.4240,-0.4071,0.0460,1.3535,4.1598,0,1.0000,-53,1,56.4369,-8.2476,-4.5287,9.6913,159.3980,0.680,0.000,1.000,-28.5226,2.5619,69
2026-04-24,16:08:08,86178,1,-5.7120,-0.4436,0.0386,1.1361,4.1624,0,1.0000,-714,1,57.3262,8.6941,-4.1200,10.0062,159.9586,0.728,0.000,1.000,-30.5731,0.2125,69
2026-04-24,16:08:08,86214,1,-7.4400,-0.1275,0.0292,0.8583,4.1667,0,1.0000,-930,1,55.5578,-60.4152,-3.8262,8.0893,161.1466,0.744,0.000,1.000,-32.8458,-3.2367,69
2026-04-24,16:08:08,86250,1,-7.8560,-0.1257,0.0249,0.7309,4.1677,0,1.0000,-982,1,51.8574,-103.2050,-3.9728,0.4269,162.4106,0.712,0.000,1.000,-35.2327,-7.5830,69
2026-04-24,16:08:08,86286,1,-7.8560,-0.0221,0.0208,0.6122,4.1685,0,1.0000,-982,1,50.4750,-54.6119,-3.8152,3.5666,163.2896,0.680,0.000,1.000,-37.0698,-10.9575,69
2026-04-24,16:08:09,86323,1,-7.9840,-0.0463,0.0163,0.4792,4.1687,0,1.0000,-998,1,49.2071,-33.6328,-3.6622,3.7758,164.2641,0.648,0.000,1.000,-38.3506,-14.7528,69
2026-04-24,16:08:09,86359,1,-7.9840,-0.0242,0.0179,0.5250,4.1689,0,1.0000,-998,1,48.3879,-46.3901,-3.5065,3.3961,164.7625,0.616,0.000,1.000,-38.7026,-19.7613,69
2026-04-24,16:08:09,86395,1,-7.9840,-0.2003,0.0296,0.8715,4.1701,0,1.0000,-998,1,47.3550,-34.0437,-3.4866,1.4725,165.6205,0.632,0.000,1.000,-37.9968,-21.8687,69
2026-04-24,16:08:09,86432,1,-7.9840,-0.2489,0.0104,0.3053,4.1718,0,1.0000,-998,1,45.6262,-58.4325,-3.3503,2.2930,166.0237,0.624,0.000,1.000,-35.6733,-23.4336,69
2026-04-24,16:08:09,86468,1,-7.9840,-0.0896,0.0233,0.6864,4.1728,0,1.0000,-998,1,44.0596,-56.5391,-3.2352,3.4610,166.6432,0.640,0.000,1.000,-33.5404,-24.7194,69
2026-04-24,16:08:09,86504,1,-7.9840,-0.2158,0.0272,0.8000,4.1743,0,1.0000,-998,1,42.5837,-40.7172,-3.0583,3.9608,167.1219,0.632,0.000,1.000,-31.8159,-25.5426,69
2026-04-24,16:08:09,86540,1,-7.9840,-0.2703,0.0235,0.6902,4.1761,0,1.0000,-998,1,41.4258,-46.1827,-2.8014,6.4583,167.4359,0.672,0.000,1.000,-29.3467,-26.5331,69
2026-04-24,16:08:09,86576,1,-7.9840,-0.1068,0.0348,1.0228,4.1778,0,1.0000,-998,1,40.7575,-24.2503,-2.6442,4.3201,168.0088,0.688,0.000,1.000,-27.9101,-27.7433,69
2026-04-24,16:08:09,86612,1,-7.9840,-0.1340,0.0139,0.4086,4.1785,0,1.0000,-998,1,39.3765,-46.2009,-2.2644,7.7659,168.5788,0.680,0.000,1.000,-25.7880,-29.0970,69
2026-04-24,16:08:09,86648,1,-7.9840,-0.0257,0.0134,0.3940,4.1789,0,1.0000,-998,1,38.5572,-39.5294,-1.8908,9.5842,168.9729,0.648,0.000,1.000,-23.2144,-31.0179,69
2026-04-24,16:08:09,86683,1,-7.9840,0.0077,0.0131,0.3846,4.1790,0,1.0000,-998,1,37.0965,-36.9072,-1.4463,10.3357,169.5426,0.616,0.000,1.000,-21.0261,-31.9872,69
2026-04-24,16:08:09,86719,1,-7.9840,0.0084,0.0115,0.3378,4.1789,0,1.0000,-998,1,35.9252,-46.8997,-1.1521,8.0450,169.7953,0.584,0.000,1.000,-17.7477,-32.7691,69
2026-04-24,16:08:09,86755,1,-7.9840,0.0032,0.0134,0.3938,4.1789,0,1.0000,-998,1,34.9741,-27.8057,-0.9520,4.5739,170.1383,0.552,0.000,1.000,-14.5522,-32.4768,69
2026-04-24,16:08:09,86792,1,-7.9840,-0.0001,0.0127,0.3750,4.1789,0,1.0000,-998,1,33.8235,-35.7959,-0.8323,2.4995,170.2705,0.520,0.000,1.000,-10.4644,-31.7094,69
2026-04-24,16:08:09,86827,1,-7.9840,0.0166,0.0115,0.3372,4.1788,0,1.0000,-998,1,33.2630,-21.7902,-0.8619,-0.5398,170.2200,0.488,0.000,1.000,-7.8578,-31.0765,69
2026-04-24,16:08:09,86864,1,-7.9840,0.0012,0.0102,0.3002,4.1788,0,1.0000,-998,1,32.5993,-19.4365,-0.7522,0.6516,170.3165,0.456,0.000,1.000,-4.5344,-30.6180,69
2026-04-24,16:08:09,86900,1,-7.9840,0.0111,0.0096,0.2815,4.1787,0,1.0000,-998,1,32.0466,-22.1508,-0.5810,3.8119,170.1609,0.424,0.000,0.999,-1.7479,-30.5474,69
2026-04-24,16:08:09,86937,1,-1.3520,0.0029,0.0102,0.3006,4.1787,0,1.0000,-169,1,31.4891,-18.4312,-0.4704,2.2912,170.1580,0.392,0.000,1.000,-0.0871,-30.7303,69
2026-04-24,16:08:09,86972,1,-1.3520,0.0049,0.0102,0.2998,4.1787,0,1.0000,-169,1,30.8611,-21.6290,-0.5589,-1.9078,170.1190,0.360,0.000,0.997,1.5405,-30.1581,69
2026-04-24,16:08:09,87008,1,-1.3520,-0.0056,0.0083,0.2444,4.1787,0,1.0000,-169,1,30.2591,-20.7960,-0.6873,-2.9011,170.0688,0.328,0.000,0.994,2.6690,-29.8674,69
2026-04-24,16:08:09,87045,1,7.9920,-0.0020,0.0080,0.2340,4.1787,0,1.0000,999,1,29.2192,-48.2036,-0.6617,-1.1440,170.3152,0.296,0.000,0.990,4.8893,-28.7141,69
2026-04-24,16:08:09,87083,1,7.9920,8.0694,0.2185,6.4257,4.1311,0,1.0000,999,1,26.8776,-60.2951,3.6444,35.3694,160.3635,0.344,0.000,1.000,2.8571,-34.5302,69
2026-04-24,16:08:09,87118,1,7.9920,8.3954,0.0741,2.1808,4.0588,0,1.0000,999,1,24.8205,8.3672,6.4382,44.5395,162.4591,0.408,0.000,1.000,0.3352,-31.3024,69
2026-04-24,16:08:09,87154,1,7.9920,8.3491,0.0090,0.2642,3.9930,0,1.0000,999,1,26.8020,32.4522,5.6214,1.4236,160.5875,0.424,0.000,0.999,0.1641,-42.0913,69
2026-04-24,16:08:09,87190,1,7.9920,7.7769,0.0435,1.2780,3.9325,0,1.0000,999,1,26.3385,-28.6374,4.0235,-37.9897,162.1076,0.392,0.000,1.000,9.1740,-49.7203,69
2026-04-24,16:08:09,87226,1,7.9920,7.6949,0.0862,2.5351,3.8729,0,1.0000,999,1,26.4304,2.9711,1.1929,-61.9759,159.8805,0.432,0.000,1.000,19.9927,-54.1747,69
2026-04-24,16:08:09,87262,1,7.9920,7.8914,0.1228,3.6122,3.8125,0,1.0000,999,1,22.7520,-107.2446,-1.8156,-72.6980,126.1748,0.496,0.000,1.000,35.2626,-57.9802,69
2026-04-24,16:08:10,87298,1,7.9920,8.0726,0.1173,3.4489,3.7523,0,1.0000,999,1,24.0842,63.1476,-1.4336,-10.1865,87.7291,0.560,0.000,1.000,46.5486,-58.7914,69
2026-04-24,16:08:10,87334,1,7.9920,8.0022,0.0921,2.7091,3.6891,0,1.0000,999,1,24.6932,22.7384,0.7533,39.6573,69.9938,0.552,0.000,1.000,50.7451,-57.1675,69
2026-04-24,16:08:10,87370,1,7.9920,8.0334,0.0760,2.2363,3.6273,0,1.0000,999,1,26.4960,25.9170,3.1128,51.0662,86.0895,0.520,0.000,1.000,53.4788,-53.5513,69
2026-04-24,16:08:10,87406,1,7.9920,7.9451,0.0810,2.3831,3.5662,0,1.0000,999,1,25.4295,-12.7590,3.4801,20.9123,98.0967,0.488,0.000,1.000,54.2986,-50.3900,69
2026-04-24,16:08:10,87442,1,7.9920,8.0517,0.0629,1.8512,3.5044,0,1.0000,999,1,25.0031,-34.6505,2.8041,-6.3109,108.3456,0.456,0.000,1.000,53.3204,-44.8942,69
2026-04-24,16:08:10,87479,1,7.9920,7.9278,0.0883,2.5972,3.4413,0,1.0000,999,1,25.3419,36.2637,2.2112,-12.2447,117.6762,0.496,0.000,1.000,51.0530,-38.4160,69
2026-04-24,16:08:10,87515,1,7.9920,7.9689,0.0969,2.8499,3.3805,0,1.0000,999,1,25.6873,9.5231,2.0572,-6.4534,125.5869,0.464,0.000,1.000,48.3687,-32.6927,69
2026-04-24,16:08:10,87551,1,7.9920,8.0241,0.0913,2.6864,3.3190,0,1.0000,999,1,27.0310,32.6319,2.2013,0.0731,132.5961,0.432,0.000,1.000,44.7057,-23.9766,69
2026-04-24,16:08:10,87587,1,7.9920,8.0869,0.0711,2.0918,3.2569,0,1.0000,999,1,26.3199,-2.8469,2.4368,4.3832,138.4393,0.400,0.000,1.000,43.0553,-18.3544,69
2026-04-24,16:08:10,87623,1,7.9920,8.0361,0.0626,1.8405,3.1947,0,1.0000,999,1,26.3929,-9.4156,2.3945,0.8541,143.0621,0.368,0.000,1.000,42.0041,-12.1678,69
2026-04-24,16:08:10,87660,1,7.9920,7.9627,0.0644,1.8929,3.1330,0,1.0000,999,1,26.1925,4.5746,2.3204,-1.6336,147.2610,0.336,0.000,1.000,41.6139,-8.1605,69
2026-04-24,16:08:10,87695,1,7.9920,7.9465,0.0661,1.9427,3.0724,0,1.0000,999,1,25.7038,-13.2940,2.1077,-4.3261,150.5412,0.304,0.000,1.000,42.2766,-5.7240,69
2026-04-24,16:08:10,87731,1,7.9920,7.9508,0.0729,2.1454,3.0111,0,1.0000,999,1,25.7441,7.4116,1.8805,-5.7154,153.6416,0.272,0.000,1.000,43.5869,-3.6245,69
2026-04-24,16:08:10,87767,1,7.9920,7.9325,0.0781,2.2979,2.9498,0,1.0000,999,1,25.5405,4.9607,1.6780,-6.4395,155.8507,0.240,0.000,1.000,44.2145,-2.1954,69
2026-04-24,16:08:10,87803,1,7.9920,7.9548,0.0861,2.5321,2.8890,0,1.0000,999,1,25.8259,13.7724,1.2989,-8.7023,157.8470,0.208,0.000,1.000,44.3255,-0.2495,69
2026-04-24,16:08:10,87839,1,7.9920,7.9462,0.0959,2.8205,2.8279,0,1.0000,999,1,26.3822,26.7084,0.9849,-9.1008,159.5299,0.176,0.000,1.000,43.9540,1.0837,69
2026-04-24,16:08:10,87875,1,7.9920,7.8942,0.1152,3.3880,2.7667,0,1.0000,999,1,26.2991,2.3576,0.2753,-16.3172,160.1040,0.144,0.000,1.000,43.7188,1.3511,69
2026-04-24,16:08:10,87911,1,7.9920,8.0199,0.1113,3.2728,2.7061,0,1.0000,999,1,26.4685,18.3482,-0.9083,-26.8006,160.1839,0.112,0.000,1.000,43.1126,1.0524,69
2026-04-24,16:08:10,87947,1,7.9920,8.0416,0.1098,3.2282,2.6445,0,1.0000,999,1,27.5640,51.8664,-1.8822,-25.1531,160.6877,0.080,0.000,1.000,41.8473,1.1554,69
2026-04-24,16:08:10,87983,1,7.9920,8.0132,0.1207,3.5491,2.5822,0,1.0000,999,1,29.3083,62.5138,-2.3316,-14.2773,161.5770,0.048,0.000,1.000,38.5906,1.6584,69
2026-04-24,16:08:10,88023,1,7.9920,8.0798,0.1002,2.9479,2.5088,0,1.0000,999,1,28.7313,17.2393,-2.8588,-13.8386,161.4772,0.024,0.000,1.000,33.7197,2.8202,69
2026-04-24,16:08:10,88058,1,7.9920,7.9383,0.1225,3.6022,2.4542,0,1.0000,999,1,29.0761,16.9918,-3.0752,-8.3918,161.5919,0.000,0.000,1.000,28.5720,7.1478,69
2026-04-24,16:08:10,88094,1,2.2400,2.9139,-0.0746,2.1929,2.4064,0,1.0000,280,1,30.1554,60.6488,-3.7102,-11.3435,148.1932,0.000,0.000,1.000,25.7769,11.7787,69
2026-04-24,16:08:10,88130,1,2.2400,2.3425,0.0086,0.2536,2.3926,0,1.0000,280,1,36.7691,185.2919,-3.4510,2.4161,132.5519,0.000,0.000,0.999,25.0018,19.8632,69
2026-04-24,16:08:10,88167,1,-7.5760,2.1883,0.0189,0.5567,2.3754,0,1.0000,-947,1,41.2866,132.6192,-2.7521,13.1229,137.8541,0.000,0.000,1.000,23.1742,24.6810,69
2026-04-24,16:08:10,88203,1,-7.9600,-0.4825,0.0004,0.0129,2.3693,0,1.0000,-995,1,44.5247,57.1387,-2.5689,6.8908,141.8792,0.000,0.000,0.999,25.0492,29.1578,69
2026-04-24,16:08:10,88239,1,-7.9600,-0.3129,0.0448,1.3181,2.3721,0,1.0000,-995,1,37.7758,-244.8159,-5.5914,-61.8962,141.7438,0.000,0.000,1.000,26.6050,33.6949,69
2026-04-24,16:08:10,88275,1,-7.9840,-0.3866,0.0411,1.2095,2.3747,0,1.0000,-998,1,21.6250,-445.6925,-13.1179,-151.5850,128.4546,0.064,0.000,1.000,27.6372,37.6327,69
2026-04-24,16:08:11,88311,1,-7.9840,-0.6791,0.0562,1.6542,2.3796,0,1.0000,-998,1,16.8423,-77.5109,-16.9885,-101.1875,85.9031,0.128,0.000,1.000,24.8118,37.3582,69
2026-04-24,16:08:11,88348,1,-7.9840,-0.5515,0.0406,1.1939,2.3836,0,1.0000,-998,1,30.7354,387.6784,-15.5093,5.9212,59.6491,0.120,0.000,1.000,20.8889,36.0516,69
2026-04-24,16:08:11,88383,1,-7.9840,-0.1729,0.0655,1.9278,2.3861,0,1.0000,-998,1,40.8504,238.8200,-9.9894,109.3971,34.7756,0.088,0.000,1.000,16.1023,33.8390,69
2026-04-24,16:08:11,88419,1,-7.9840,-0.5045,0.0804,2.3657,2.3894,0,1.0000,-998,1,37.6222,-111.3695,-5.4485,116.3078,58.5903,0.056,0.000,1.000,6.2292,28.0974,69
2026-04-24,16:08:11,88455,1,-7.9840,-0.6613,0.0706,2.0759,2.3938,0,1.0000,-998,1,33.1661,-87.4077,-5.6196,31.1652,68.0899,0.048,0.000,1.000,-0.2222,24.0650,69
2026-04-24,16:08:11,88491,1,-7.9840,-0.7894,0.0364,1.0706,2.3989,0,1.0000,-998,1,38.0346,216.2784,-8.0352,-29.9296,59.8724,0.064,0.000,1.000,-8.3352,18.6686,69
2026-04-24,16:08:11,88527,1,-7.9840,-1.0651,0.0423,1.2450,2.4062,0,1.0000,-998,1,50.4544,306.3663,-9.3115,-25.6133,65.1939,0.032,0.000,1.000,-14.1596,14.2823,69
2026-04-24,16:08:11,88563,1,-7.9840,-1.1369,0.0456,1.3404,2.4152,0,1.0000,-998,1,55.0572,80.8927,-9.1852,0.0107,77.4508,0.000,0.000,1.000,-20.0883,9.0930,69
2026-04-24,16:08:11,88599,1,-7.9840,-1.0847,0.0474,1.3929,2.4238,0,1.0000,-998,1,50.9864,-127.6831,-8.7651,17.0793,89.3555,0.000,0.000,1.000,-25.6137,7.1122,69
2026-04-24,16:08:11,88635,1,-7.9840,-0.9152,0.0525,1.5427,2.4312,0,1.0000,-998,1,46.9142,-67.0931,-7.1278,48.2304,101.2212,0.032,0.000,1.000,-30.2791,7.0213,69
2026-04-24,16:08:11,88671,1,-7.9840,-0.7651,0.0518,1.5241,2.4366,0,1.0000,-998,1,52.5703,179.6747,-3.9269,84.8263,104.6579,0.048,0.000,1.000,-35.2849,8.6671,69
2026-04-24,16:08:11,88708,1,-7.9840,-0.9541,0.0468,1.3751,2.4435,0,1.0000,-998,1,59.5661,162.8035,-1.0284,86.5960,109.8991,0.016,0.000,1.000,-37.0980,11.3778,69
2026-04-24,16:08:11,88744,1,-7.9840,-1.4695,0.0821,2.4149,2.4534,0,1.0000,-998,1,60.5038,-14.2189,0.3425,58.4626,116.3568,0.000,0.000,1.000,-36.7239,12.8762,69
2026-04-24,16:08:11,88779,1,-7.9840,-1.4214,0.0685,2.0139,2.4641,0,1.0000,-998,1,55.1156,-168.8121,1.4512,53.7644,122.5765,0.016,0.000,1.000,-36.3804,14.5595,69
2026-04-24,16:08:11,88815,1,-7.9840,-1.6489,0.0546,1.6067,2.4765,0,1.0000,-998,1,54.4226,12.9653,4.5252,91.3698,85.2100,0.080,0.000,1.000,-36.9072,15.1312,69
2026-04-24,16:08:11,88851,1,-7.9840,-1.8207,0.0646,1.9011,2.4904,0,1.0000,-998,1,57.3159,59.8854,9.9893,141.1736,79.7610,0.096,0.000,1.000,-38.4218,14.6865,69
2026-04-24,16:08:11,88888,1,-7.9840,-1.8238,0.0569,1.6743,2.5049,0,1.0000,-998,1,57.7602,-26.4606,14.7176,142.4479,92.3966,0.064,0.000,1.000,-40.4006,13.7916,69
2026-04-24,16:08:11,88926,1,-7.9840,-1.4207,0.0721,2.1196,2.5182,0,1.0000,-998,1,56.5327,-35.3536,15.8087,106.3326,96.5194,0.064,0.000,1.000,-44.2690,11.9787,69
2026-04-24,16:08:11,88961,1,-7.9840,-1.4630,0.0609,1.7917,2.5291,0,1.0000,-998,1,50.9188,-134.2872,20.8944,147.6249,107.1525,0.128,0.000,1.000,-48.7654,9.1125,69
2026-04-24,16:08:11,88998,1,-7.9840,-1.3111,0.0249,0.7324,2.5391,0,1.0000,-998,1,50.0987,-50.2298,26.9475,176.6436,116.2665,0.168,0.000,1.000,-51.4597,5.9803,69
2026-04-24,16:08:11,89033,1,-7.9840,-0.5143,0.0601,1.7662,2.5446,0,1.0000,-998,1,50.6138,-21.8887,33.4644,194.8710,123.9443,0.232,0.000,1.000,-54.9933,1.3453,69
2026-04-24,16:08:11,89069,1,-7.9840,-0.6574,0.0349,1.0269,2.5491,0,1.0000,-998,1,49.3163,-63.4084,41.5359,240.7555,130.4685,0.296,0.000,1.000,-58.7579,-3.4338,69
2026-04-24,16:08:11,89105,1,-7.9840,-0.6270,0.0504,1.4829,2.5544,0,1.0000,-998,1,45.8280,-126.8607,52.8109,316.3526,136.1400,0.312,0.000,1.000,-59.8704,-6.4056,69
2026-04-24,16:08:11,89141,1,-7.9840,-0.8375,0.0638,1.8775,2.5602,0,1.0000,-998,1,41.3699,-126.1636,65.1209,366.2830,140.8376,0.376,0.000,1.000,-60.7265,-10.1570,69
2026-04-24,16:08:11,89177,1,-7.9840,-0.5514,0.0060,0.1767,2.5653,0,1.0000,-998,1,39.3712,-78.2189,77.4978,380.0076,144.9346,0.392,0.000,0.999,-62.2691,-12.8699,69
2026-04-24,16:08:11,89214,1,5.8960,-0.0120,0.0179,0.5277,2.5666,0,1.0000,737,1,37.5971,-81.5056,89.3975,376.4742,148.3534,0.384,0.000,1.000,-66.6325,-20.2878,69
2026-04-24,16:08:11,89251,1,0.8880,4.3124,0.1272,3.7405,2.5359,0,1.0000,111,1,39.1882,-55.8044,100.9148,358.6695,145.7831,0.448,0.032,1.000,-68.8908,-24.3536,69
2026-04-24,16:08:11,89287,1,-0.0880,0.3872,0.0072,0.2130,2.5238,0,1.0000,-11,1,36.4864,-105.9590,112.0129,354.1870,148.2593,0.464,0.096,0.999,-72.1091,-29.5534,69
2026-04-24,16:08:12,89323,1,-0.0880,-0.2915,0.0423,1.2437,2.5239,0,1.0000,-11,1,34.7906,-99.1223,122.5038,331.1377,152.3110,0.456,0.160,1.000,-67.4278,-23.9073,69
2026-04-24,16:08:12,89360,1,-0.0880,-0.3565,0.0997,2.9327,2.5277,0,1.0000,-11,1,27.7637,-175.4002,130.5648,280.2953,154.1570,0.520,0.224,1.000,-64.3574,-24.1209,69
2026-04-24,16:08:12,89396,1,0.0000,0.1471,0.0559,1.6432,2.5273,0,1.0000,0,1,23.5429,-138.4666,138.3568,252.6676,155.4073,0.584,0.288,1.000,-67.7984,-26.4259,69
2026-04-24,16:08:12,89431,1,0.0000,0.0763,0.0448,1.3190,2.5265,0,1.0000,0,1,25.5224,13.7546,143.5074,188.8417,157.8492,0.648,0.352,1.000,-72.7979,-31.1054,69
2026-04-24,16:08:12,89467,1,0.0000,0.0147,0.0450,1.3244,2.5263,0,1.0000,0,1,19.1859,-173.2824,147.8052,154.0752,159.4243,0.712,0.416,1.000,-74.7541,-34.4146,69
2026-04-24,16:08:12,89504,1,0.0000,0.2365,0.0139,0.4078,2.5252,0,1.0000,0,1,18.5727,-30.8482,152.0357,134.8809,160.9984,0.728,0.480,1.000,-78.4220,3.4672,69
2026-04-24,16:08:12,89540,1,0.0000,0.0767,0.0150,0.4421,2.5248,0,1.0000,0,1,13.3853,-143.3274,155.6628,120.9959,161.7894,0.720,0.544,1.000,-71.4002,41.0764,69
2026-04-24,16:08:12,89576,1,0.0000,-0.0545,0.0252,0.7406,2.5250,0,1.0000,0,1,11.1429,-92.6506,158.8402,103.6602,162.7310,0.688,0.608,1.000,-72.3584,54.0158,69
2026-04-24,16:08:12,89612,1,0.0000,-0.0209,0.0220,0.6485,2.5250,0,1.0000,0,1,7.0835,-77.9062,160.9510,80.3957,162.8577,0.656,0.672,1.000,-68.6268,57.5203,69
2026-04-24,16:08:12,89648,1,0.0000,0.0042,0.0216,0.6339,2.5250,0,1.0000,0,1,6.9574,-37.9814,162.5049,59.7146,163.8721,0.624,0.736,1.000,-66.9095,62.4274,69
2026-04-24,16:08:12,89684,1,0.0000,0.0114,0.0216,0.6364,2.5251,0,1.0000,0,1,7.0316,37.8047,164.0648,53.2119,164.4361,0.592,0.800,1.000,-69.3174,69.3695,69
2026-04-24,16:08:12,89720,1,0.0000,0.0113,0.0198,0.5831,2.5250,0,1.0000,0,1,8.5988,15.3614,165.1789,39.0301,165.3062,0.560,0.864,1.000,-66.5675,72.3490,69
2026-04-24,16:08:12,89756,1,0.0000,-0.0148,0.0253,0.7427,2.5251,0,1.0000,0,1,9.3555,30.2240,166.3225,35.1587,165.4529,0.528,0.928,1.000,-63.3760,74.4864,69
2026-04-24,16:08:12,89792,1,0.0000,0.0145,0.0230,0.6772,2.5251,0,1.0000,0,1,9.4627,-9.4717,166.7603,20.2900,165.6404,0.496,0.992,1.000,-54.3459,76.3879,69
2026-04-24,16:08:12,89834,1,0.0000,0.0118,0.0206,0.6054,2.5251,0,1.0000,0,1,9.3603,-6.5826,165.6253,5.7002,165.8517,0.472,1.000,1.000,-33.5530,77.0555,69
2026-04-24,16:08:12,89869,1,0.0000,0.0181,0.0201,0.5911,2.5250,0,1.0000,0,1,6.7942,-59.3558,163.0988,-41.9605,166.1453,0.440,1.000,1.000,1.8773,78.4054,69
2026-04-24,16:08:12,89905,1,0.0000,0.0045,0.0181,0.5328,2.5249,0,1.0000,0,1,4.0024,-88.4869,162.9913,-13.8383,166.6911,0.408,1.000,0.998,22.5538,75.5111,69
2026-04-24,16:08:12,89941,1,0.0000,-0.0080,0.0181,0.5328,2.5249,0,1.0000,0,1,1.3694,-58.4861,163.7592,11.2566,166.8856,0.376,1.000,0.995,49.5841,79.6365,69
2026-04-24,16:08:12,89977,1,0.0000,-0.0147,0.0181,0.5329,2.5248,0,1.0000,0,1,-0.8935,-57.6266,164.1573,9.2815,167.1967,0.344,1.000,0.992,51.4124,77.9748,69
2026-04-24,16:08:12,90013,1,0.0000,0.0108,0.0162,0.4758,2.5248,0,1.0000,0,0,-1.6965,-1.0529,162.8372,-27.8584,167.4801,0.312,1.000,0.989,63.8173,81.0678,69
2026-04-24,16:08:12,90049,1,0.0000,0.0001,0.0185,0.5436,2.5248,0,1.0000,0,0,-1.3286,29.8095,157.9702,-118.2887,167.5172,0.280,1.000,0.986,75.6176,84.2928,69
2026-04-24,16:08:12,90084,1,0.0000,0.0115,0.0165,0.4862,2.5248,0,1.0000,0,0,1.0997,78.8675,147.3878,-268.3678,167.8528,0.248,1.000,0.982,75.4139,83.2191,69
2026-04-24,16:08:12,90120,1,0.0000,0.0105,0.0167,0.4915,2.5248,0,1.0000,0,0,4.0287,104.9828,132.6007,-402.0466,167.7392,0.216,0.992,0.979,70.7413,78.9137,69
2026-04-24,16:08:12,90156,1,0.0000,-0.0153,0.0187,0.5487,2.5248,0,1.0000,0,0,8.1990,117.4469,117.2810,-454.4437,167.8023,0.184,0.960,1.000,69.2382,76.4002,69
2026-04-24,16:08:12,90192,1,0.0000,-0.0083,0.0176,0.5176,2.5248,0,1.0000,0,0,11.7886,109.8906,102.8480,-451.3179,167.8211,0.152,0.928,1.000,69.5881,75.1260,69
2026-04-24,16:08:12,90228,1,0.0000,0.0029,0.0173,0.5097,2.5248,0,1.0000,0,0,14.4165,65.1913,93.4777,-328.0479,167.8681,0.120,0.896,1.000,70.0646,74.6249,69
2026-04-24,16:08:12,90263,1,0.0000,0.0129,0.0171,0.5018,2.5248,0,1.0000,0,0,15.7694,37.9707,94.6067,-76.8554,168.0724,0.088,0.864,1.000,71.9497,76.2056,69
2026-04-24,16:08:13,90299,1,0.0000,0.0130,0.0162,0.4757,2.5248,0,1.0000,0,0,15.5349,-13.5758,102.2885,135.5444,168.1469,0.056,0.832,1.000,75.5026,79.5171,69
2026-04-24,16:08:13,90335,1,0.0000,-0.0032,0.0171,0.5044,2.5248,0,1.0000,0,0,14.7113,-25.0117,100.5420,-44.9251,168.2873,0.024,0.800,1.000,79.3294,82.5576,69
2026-04-24,16:08:13,90371,1,0.0000,0.0047,0.0184,0.5408,2.5248,0,1.0000,0,0,13.0740,-42.0224,94.1983,-145.9302,168.3347,0.000,0.768,1.000,67.7385,73.4849,69
2026-04-24,16:08:13,90407,1,0.0000,-0.0464,0.0198,0.5829,2.5249,0,1.0000,0,0,12.9009,6.3410,82.4814,-276.1110,167.5492,0.000,0.736,1.000,64.0080,69.2067,69
2026-04-24,16:08:13,90443,1,0.0000,-0.0187,0.0188,0.5542,2.5249,0,1.0000,0,0,14.2981,49.8048,78.9387,-147.2900,167.5287,0.000,0.704,1.000,57.3222,60.9819,69
2026-04-24,16:08:13,90479,1,0.0000,-0.0265,0.0224,0.6587,2.5250,0,1.0000,0,0,16.6731,48.0321,71.9602,-188.3916,167.3589,0.000,0.672,1.000,50.7233,53.9345,69
2026-04-24,16:08:13,90515,1,0.0000,0.0903,0.0151,0.4444,2.5249,0,1.0000,0,0,20.0565,92.4635,73.1040,-52.4105,167.7987,0.000,0.640,1.000,45.4559,49.7524,69
2026-04-24,16:08:13,90551,1,0.0000,-0.1005,0.0341,1.0020,2.5254,0,1.0000,0,0,17.0168,-180.6329,63.7700,-236.9029,141.7566,0.000,0.608,1.000,39.7480,40.2056,69
2026-04-24,16:08:13,90587,1,0.0000,0.1474,0.0147,0.4314,2.5251,0,1.0000,0,0,13.7989,-83.4237,45.5017,-468.8564,138.8909,0.016,0.576,1.000,35.5644,30.6898,69
2026-04-24,16:08:13,90623,1,0.0000,0.0172,0.0187,0.5486,2.5249,0,1.0000,0,0,11.0932,-113.8860,26.3906,-591.1838,143.1722,0.000,0.544,1.000,35.4596,26.1529,69
2026-04-24,16:08:13,90659,1,0.0000,0.0283,0.0186,0.5463,2.5249,0,1.0000,0,0,7.3016,-80.7048,4.7982,-646.0185,146.7723,0.000,0.512,1.000,36.3239,22.0332,69
2026-04-24,16:08:13,90694,1,0.0000,0.0106,0.0172,0.5047,2.5248,0,1.0000,0,0,3.6274,-128.2911,-10.7849,-492.6847,150.1021,0.000,0.480,0.999,38.3568,22.8323,69
2026-04-24,16:08:13,90731,1,0.0000,-0.0004,0.0181,0.5329,2.5248,0,1.0000,0,0,1.1666,-35.3209,-3.8640,-23.6747,152.7646,0.000,0.448,0.996,39.9176,21.3067,69
2026-04-24,16:08:13,90771,1,0.0000,0.0284,0.0156,0.4599,2.5248,0,1.0000,0,0,-0.1950,-30.3501,-3.0406,-9.1118,153.7790,0.000,0.424,0.994,43.2281,23.5740,69
2026-04-24,16:08:13,90806,1,0.0000,0.0063,0.0178,0.5225,2.5249,0,1.0000,0,0,3.7126,110.2125,-5.3977,-71.2969,155.8002,0.000,0.392,0.990,44.1741,22.8993,69
2026-04-24,16:08:13,90842,1,0.0000,0.0182,0.0165,0.4857,2.5248,0,1.0000,0,0,6.2371,84.9328,-16.5278,-275.6355,157.2431,0.000,0.360,1.000,39.0081,19.2436,69
2026-04-24,16:08:13,90878,1,0.0000,0.0012,0.0195,0.5748,2.5248,0,1.0000,0,0,9.5100,72.5469,-35.1293,-491.3575,158.8838,0.000,0.328,1.000,38.0582,16.2263,69
2026-04-24,16:08:13,90914,1,0.0000,-0.0238,0.0206,0.6059,2.5249,0,1.0000,0,0,10.3502,35.9804,-56.4156,-605.0102,159.8318,0.000,0.368,1.000,35.3635,11.8062,69
2026-04-24,16:08:13,90950,1,0.0000,-0.0228,0.0222,0.6541,2.5249,0,1.0000,0,0,11.9071,20.9799,-77.4985,-637.9325,161.0090,0.000,0.432,1.000,32.6979,9.9040,69
2026-04-24,16:08:13,90986,1,0.0000,-0.0138,0.0212,0.6242,2.5249,0,1.0000,0,0,11.0124,-71.7733,-96.9327,-614.6362,155.4067,0.000,0.496,1.000,29.9261,9.0651,69
2026-04-24,16:08:13,91022,1,0.0000,0.0169,0.0192,0.5646,2.5249,0,1.0000,0,0,8.1335,-94.6985,-113.2815,-540.9957,157.2568,0.000,0.560,1.000,28.1105,9.7387,69
2026-04-24,16:08:13,91058,1,0.0000,-0.0109,0.0193,0.5670,2.5249,0,1.0000,0,0,6.4279,-47.6138,-126.0465,-430.3145,158.8968,0.000,0.624,1.000,28.0636,11.5397,69
2026-04-24,16:08:13,91094,1,0.0000,0.0006,0.0181,0.5335,2.5249,0,1.0000,0,0,4.5524,-51.3495,-124.7791,-93.9930,160.2199,0.000,0.688,0.998,28.2726,11.3318,69
2026-04-24,16:08:13,91130,1,0.0000,0.0041,0.0179,0.5256,2.5249,0,1.0000,0,0,3.7444,-19.2396,-120.0365,40.0277,161.3495,0.000,0.752,0.995,27.7495,11.6796,69
2026-04-24,16:08:13,91166,1,0.0000,-0.0063,0.0187,0.5487,2.5248,0,1.0000,0,0,2.7832,-21.7015,-122.5172,-46.3908,162.3850,0.000,0.816,0.992,27.2611,9.7760,69
2026-04-24,16:08:13,91202,1,0.0000,0.0095,0.0163,0.4783,2.5248,0,1.0000,0,0,2.3453,-7.8429,-123.9457,-21.8596,163.1725,0.000,0.880,0.989,25.4751,8.4561,69
2026-04-24,16:08:13,91238,1,0.0000,0.0016,0.0180,0.5300,2.5248,0,1.0000,0,0,2.5715,10.6692,-125.1440,-42.9459,163.7948,0.000,0.944,0.986,25.3245,9.1547,69
2026-04-24,16:08:13,91274,1,0.0000,-0.0006,0.0174,0.5122,2.5248,0,1.0000,0,0,2.9924,15.6832,-129.6900,-113.0992,164.3584,0.000,1.000,0.982,24.8807,8.6599,69
2026-04-24,16:08:14,91310,1,0.0000,-0.0048,0.0178,0.5226,2.5248,0,1.0000,0,0,3.5038,20.4101,-135.2265,-153.6098,164.7370,0.000,1.000,0.979,24.2524,8.3595,69
2026-04-24,16:08:14,91346,1,0.0000,0.0091,0.0162,0.4758,2.5248,0,1.0000,0,0,4.2339,22.5049,-140.9290,-169.2723,165.2372,0.000,1.000,0.976,23.3953,8.1734,69
2026-04-24,16:08:14,91382,1,0.0000,-0.0091,0.0185,0.5433,2.5248,0,1.0000,0,0,4.9401,22.8004,-141.8932,-52.4424,165.5724,0.000,1.000,0.973,23.0206,7.3698,69
2026-04-24,16:08:14,91418,1,0.0000,0.0047,0.0166,0.4886,2.5248,0,1.0000,0,0,5.8434,27.6478,-137.7441,82.1481,165.9034,0.000,1.000,1.000,23.1153,7.9671,69
2026-04-24,16:08:14,91454,1,0.0000,0.0126,0.0176,0.5176,2.5248,0,1.0000,0,0,6.3503,14.6109,-133.6679,96.9375,166.1863,0.000,1.000,1.000,22.4259,7.0032,69
2026-04-24,16:08:14,91490,1,0.0000,-0.0050,0.0179,0.5255,2.5248,0,1.0000,0,0,6.7670,12.1451,-128.5845,182.8723,166.4007,0.000,1.000,1.000,19.2029,4.9185,69
2026-04-24,16:08:14,91526,1,0.0000,0.0084,0.0174,0.5122,2.5248,0,1.0000,0,0,7.1608,12.5766,-115.2214,303.3954,166.5941,0.000,1.000,1.000,16.6619,5.6519,69
2026-04-24,16:08:14,91562,1,0.0000,-0.0025,0.0187,0.5487,2.5249,0,1.0000,0,0,8.0243,22.2993,-112.2569,152.4377,166.7422,0.000,0.984,1.000,12.0161,5.3584,69
2026-04-24,16:08:14,91598,1,0.0000,0.0011,0.0189,0.5566,2.5249,0,1.0000,0,0,8.8397,20.6919,-107.1911,198.9711,166.8825,0.000,0.952,1.000,7.6903,6.6079,69
2026-04-24,16:08:14,91634,1,0.0000,-0.0023,0.0194,0.5694,2.5249,0,1.0000,0,0,9.5433,14.6061,-102.6170,136.9942,167.0006,0.000,0.920,1.000,4.6100,6.1443,69
2026-04-24,16:08:14,91670,1,0.0000,0.0069,0.0180,0.5304,2.5249,0,1.0000,0,0,9.9447,1.9996,-106.3393,-37.3055,167.1853,0.000,0.888,1.000,0.3530,7.4452,69
2026-04-24,16:08:14,91708,1,0.0000,0.0056,0.0187,0.5512,2.5249,0,1.0000,0,0,9.5371,-7.0170,-108.7788,-48.3124,167.2524,0.000,0.864,1.000,-2.5674,10.1940,69
2026-04-24,16:08:14,91744,1,0.0000,0.0124,0.0182,0.5358,2.5248,0,1.0000,0,0,7.2413,-63.7624,-117.1609,-191.1257,167.3907,0.000,0.832,1.000,-6.2135,12.5217,69
2026-04-24,16:08:14,91780,1,0.0000,-0.0060,0.0189,0.5566,2.5248,0,1.0000,0,0,4.4039,-79.7121,-126.0430,-245.4738,167.4216,0.000,0.800,0.999,-8.8884,14.5632,69
2026-04-24,16:08:14,91816,1,0.0000,-0.0089,0.0197,0.5798,2.5248,0,1.0000,0,0,2.1471,-56.8462,-134.2918,-251.5677,167.4039,0.000,0.768,0.996,-10.0443,16.5454,69
2026-04-24,16:08:14,91852,1,0.0000,-0.0034,0.0170,0.4989,2.5248,0,1.0000,0,0,0.9838,-22.1849,-130.8609,27.6185,167.4143,0.000,0.736,0.993,-8.7570,19.9923,69
2026-04-24,16:08:14,91888,1,0.0000,-0.0156,0.0188,0.5536,2.5249,0,1.0000,0,0,1.6917,25.7504,-122.0484,210.4944,167.4052,0.000,0.704,0.990,-6.9947,20.7818,69
2026-04-24,16:08:14,91924,1,0.0000,0.0018,0.0185,0.5437,2.5248,0,1.0000,0,0,3.1542,47.7435,-105.3693,387.3944,167.4579,0.000,0.672,0.986,-4.4891,21.0905,69
2026-04-24,16:08:14,91960,1,0.0000,-0.0021,0.0174,0.5122,2.5248,0,1.0000,0,0,4.7291,42.9464,-94.9674,325.0776,167.4789,0.000,0.640,0.983,-2.1573,22.0158,69
2026-04-24,16:08:14,91996,1,0.0000,-0.0187,0.0185,0.5438,2.5249,0,1.0000,0,0,5.9322,36.5568,-87.0841,284.9496,167.5239,0.000,0.608,1.000,-0.3766,23.6112,69
2026-04-24,16:08:14,92032,1,0.0000,-0.0027,0.0184,0.5408,2.5248,0,1.0000,0,0,6.6940,20.4075,-83.8519,141.5638,167.5690,0.000,0.576,1.000,2.0482,25.4618,69
2026-04-24,16:08:14,92068,1,0.0000,-0.0025,0.0188,0.5517,2.5249,0,1.0000,0,0,7.4860,22.9038,-89.8817,-82.4998,167.5659,0.000,0.544,1.000,4.0525,26.8669,69
2026-04-24,16:08:14,92104,1,0.0000,-0.0216,0.0193,0.5670,2.5249,0,1.0000,0,0,8.5515,33.6288,-99.6716,-236.4263,167.5138,0.000,0.512,1.000,6.9146,29.0578,69
2026-04-24,16:08:14,92140,1,0.0000,0.0133,0.0183,0.5384,2.5249,0,1.0000,0,0,10.6709,52.3508,-110.6350,-306.7955,167.6116,0.000,0.480,1.000,8.9719,29.3852,69
2026-04-24,16:08:14,92175,1,0.0000,0.0108,0.0200,0.5885,2.5249,0,1.0000,0,0,11.3629,-3.1108,-121.9679,-341.3864,160.5838,0.000,0.448,1.000,9.9449,29.5003,69
2026-04-24,16:08:14,92211,1,0.0000,-0.0031,0.0199,0.5853,2.5249,0,1.0000,0,0,8.2171,-70.2835,-132.4949,-334.0312,161.6398,0.000,0.416,1.000,11.7168,30.6010,69
2026-04-24,16:08:14,92247,1,0.0000,0.0096,0.0192,0.5646,2.5249,0,1.0000,0,0,5.8026,-74.4452,-141.2878,-291.6127,162.5073,0.000,0.384,1.000,12.9501,30.2341,69
2026-04-24,16:08:14,92283,1,0.0000,-0.0104,0.0181,0.5335,2.5249,0,1.0000,0,0,4.5456,-30.6434,-147.4900,-226.2656,163.2968,0.000,0.352,0.998,14.7327,29.5373,69
2026-04-24,16:08:15,92319,1,0.0000,0.0143,0.0176,0.5176,2.5249,0,1.0000,0,0,3.6343,-28.1799,-152.1519,-175.4458,163.9443,0.000,0.320,0.994,16.4573,28.5818,69
2026-04-24,16:08:15,92355,1,0.0000,-0.0032,0.0178,0.5225,2.5249,0,1.0000,0,0,3.8465,6.3431,-156.2465,-144.6899,164.4491,0.000,0.288,0.991,17.5361,27.7950,69
2026-04-24,16:08:15,92391,1,0.0000,0.0070,0.0192,0.5639,2.5249,0,1.0000,0,0,3.8864,3.5460,-159.2802,-111.4326,164.9823,0.000,0.256,0.988,18.8104,27.0514,69
2026-04-24,16:08:15,92427,1,0.0000,0.0068,0.0186,0.5463,2.5249,0,1.0000,0,0,4.2671,6.4012,-161.4929,-84.4483,165.3898,0.000,0.224,0.985,19.8614,27.0912,69
2026-04-24,16:08:15,92463,1,0.0000,0.0010,0.0183,0.5384,2.5249,0,1.0000,0,0,4.4248,7.6345,-163.3285,-67.1972,165.7243,0.000,0.192,0.982,20.6781,26.8232,69
2026-04-24,16:08:15,92499,1,0.0000,0.0101,0.0198,0.5828,2.5249,0,1.0000,0,0,4.5569,-0.0546,-165.0582,-59.0998,166.0435,0.000,0.160,0.978,21.2863,27.1100,69
2026-04-24,16:08:15,92535,1,0.0000,-0.0042,0.0196,0.5773,2.5249,0,1.0000,0,0,5.0448,15.0710,-166.3503,-46.8548,166.2941,0.000,0.128,0.984,21.8567,27.6332,69
2026-04-24,16:08:15,92570,1,0.0000,-0.0038,0.0190,0.5582,2.5249,0,1.0000,0,0,5.4027,4.8371,-167.4328,-39.6402,166.5497,0.000,0.096,1.000,22.3913,27.7880,69
2026-04-24,16:08:15,92606,1,0.0000,-0.0034,0.0187,0.5487,2.5249,0,1.0000,0,0,5.5178,-1.5558,-168.2710,-31.0748,166.7540,0.000,0.064,1.000,22.6790,27.8305,69
2026-04-24,16:08:15,92642,1,0.0000,0.0020,0.0173,0.5090,2.5249,0,1.0000,0,0,5.2743,-5.2927,-166.6274,-5.8936,166.8268,0.000,0.040,1.000,23.1511,27.9110,69
2026-04-24,16:08:15,92678,1,0.0000,-0.0025,0.0177,0.5201,2.5249,0,1.0000,0,0,4.5131,-23.2305,-164.3439,37.1034,166.9966,0.000,0.008,0.998,23.4997,28.0679,69
2026-04-24,16:08:15,92714,1,0.0000,-0.0063,0.0179,0.5256,2.5249,0,1.0000,0,0,3.5830,-24.0977,-163.8208,22.3115,167.1129,0.000,0.000,0.994,23.7551,27.9290,69
2026-04-24,16:08:15,92750,1,0.0000,-0.0111,0.0187,0.5487,2.5249,0,1.0000,0,0,2.9417,-19.3770,-164.0500,2.5077,167.1913,0.000,0.000,0.991,23.8508,27.7731,69
2026-04-24,16:08:15,92785,1,0.0000,-0.0004,0.0187,0.5487,2.5249,0,1.0000,0,0,2.7270,-3.9478,-164.3006,-4.2160,167.2478,0.000,0.000,0.988,23.8945,27.9347,69
2026-04-24,16:08:15,92821,1,0.0000,-0.0050,0.0195,0.5749,2.5249,0,1.0000,0,0,2.7549,-1.4269,-164.6032,-8.0190,167.3233,0.000,0.000,0.985,23.7700,27.8778,69
2026-04-24,16:08:15,92857,1,0.0000,0.0012,0.0195,0.5725,2.5249,0,1.0000,0,0,2.8867,3.8986,-164.8271,-7.2190,167.3988,0.000,0.000,0.982,23.6667,27.9848,69
2026-04-24,16:08:15,92893,1,0.0000,-0.0027,0.0187,0.5511,2.5249,0,1.0000,0,0,2.8768,-0.9459,-165.6147,-20.2933,167.4331,0.000,0.000,0.978,23.4539,28.2859,69
2026-04-24,16:08:15,92929,1,0.0000,0.0053,0.0180,0.5304,2.5249,0,1.0000,0,0,2.8738,-0.8357,-166.6947,-29.5873,167.4837,0.000,0.000,0.975,23.2527,29.3781,69
2026-04-24,16:08:15,92965,1,0.0000,0.0028,0.0193,0.5670,2.5249,0,1.0000,0,0,2.9144,1.6596,-167.5022,-25.6556,167.5238,0.000,0.000,0.972,23.0122,30.5976,69
2026-04-24,16:08:15,93001,1,0.0000,0.0009,0.0167,0.4914,2.5249,0,1.0000,0,0,3.0629,2.0785,-167.7155,-11.5879,167.5673,0.000,0.000,0.969,22.3853,32.0958,69
2026-04-24,16:08:15,93037,1,0.0000,0.0037,0.0195,0.5749,2.5249,0,1.0000,0,0,3.1280,0.8258,-167.4323,0.6472,167.5907,0.000,0.000,0.966,21.8477,33.4374,69
2026-04-24,16:08:15,93073,1,0.0000,-0.0098,0.0181,0.5336,2.5249,0,1.0000,0,0,3.0291,-5.3111,-167.7843,-8.1693,167.6344,0.000,0.000,0.962,20.8173,33.6248,69
2026-04-24,16:08:15,93109,1,0.0000,0.0028,0.0189,0.5566,2.5249,0,1.0000,0,0,2.7932,-8.8113,-168.4039,-14.6808,167.6734,0.000,0.000,0.959,20.3851,34.1517,69
2026-04-24,16:08:15,93145,1,0.0000,0.0095,0.0188,0.5518,2.5249,0,1.0000,0,0,2.4329,-10.7399,-168.8099,-14.1163,167.6784,0.000,0.000,0.956,20.4246,34.3423,69
2026-04-24,16:08:15,93180,1,0.0000,-0.0002,0.0185,0.5439,2.5249,0,1.0000,0,0,2.1472,-8.9259,-169.0685,-9.5971,167.6899,0.000,0.000,0.953,20.7919,34.6771,69
2026-04-24,16:08:15,93216,1,0.0000,0.0034,0.0192,0.5645,2.5249,0,1.0000,0,0,1.8416,-7.8112,-169.4052,-10.3016,167.6946,0.000,0.000,0.950,21.1791,34.6401,69
2026-04-24,16:08:15,93252,1,0.0000,0.0000,0.0184,0.5414,2.5249,0,1.0000,0,0,1.6401,-5.9066,-169.5324,-5.8384,167.7130,0.000,0.000,0.946,21.6032,34.2829,69
2026-04-24,16:08:15,93288,1,0.0000,-0.0057,0.0195,0.5725,2.5249,0,1.0000,0,0,1.5618,-1.7775,-169.6999,-5.0770,167.7190,0.000,0.000,0.943,21.8369,34.1137,69
2026-04-24,16:08:16,93324,1,0.0000,-0.0104,0.0197,0.5797,2.5249,0,1.0000,0,0,1.5650,0.1757,-169.8966,-5.4945,167.7178,0.000,0.000,0.940,21.9367,34.0917,69
2026-04-24,16:08:16,93360,1,0.0000,0.0080,0.0183,0.5383,2.5249,0,1.0000,0,0,1.6201,1.4933,-170.3845,-12.2493,167.7301,0.000,0.000,0.937,22.0503,34.5719,69
2026-04-24,16:08:16,93396,1,0.0000,-0.0001,0.0193,0.5670,2.5249,0,1.0000,0,0,1.5941,-1.0364,-170.7020,-10.4333,167.7237,0.000,0.000,0.934,22.0318,34.8375,69
2026-04-24,16:08:16,93432,1,0.0000,0.0025,0.0185,0.5432,2.5249,0,1.0000,0,0,1.6209,0.5822,-165.5368,124.4677,167.7456,0.000,0.000,0.930,22.1580,35.2903,69
2026-04-24,16:08:16,93468,1,0.0000,-0.0072,0.0192,0.5646,2.5249,0,1.0000,0,0,1.6705,1.6721,-154.4041,314.0995,167.7395,0.000,0.000,0.927,22.2821,35.6361,69
2026-04-24,16:08:16,93504,1,0.0000,-0.0090,0.0193,0.5670,2.5249,0,1.0000,0,0,1.6674,0.0317,-140.6197,366.6482,167.7633,0.000,0.000,0.924,22.3328,35.7097,69
2026-04-24,16:08:16,93540,1,0.0000,-0.0126,0.0199,0.5853,2.5249,0,1.0000,0,0,1.6089,-1.6873,-136.8314,193.1164,167.7706,0.000,0.000,0.921,22.3128,35.6297,69
2026-04-24,16:08:16,93579,1,0.0000,0.0026,0.0188,0.5542,2.5249,0,1.0000,0,0,1.5250,-1.9518,-136.9287,131.0042,167.7558,0.000,0.000,0.918,22.4317,35.5390,69
2026-04-24,16:08:16,93615,1,0.0000,-0.0027,0.0180,0.5304,2.5249,0,1.0000,0,0,1.4980,-0.1857,-139.2615,-5.1076,167.7604,0.000,0.000,0.915,22.5092,35.4151,69
2026-04-24,16:08:16,93651,1,0.0000,0.0011,0.0188,0.5542,2.5249,0,1.0000,0,0,1.5226,0.4415,-143.1431,-84.4618,167.7703,0.000,0.000,0.912,22.7090,35.4380,69
2026-04-24,16:08:16,93687,1,0.0000,-0.0121,0.0187,0.5487,2.5249,0,1.0000,0,0,1.5616,2.1116,-147.8712,-126.9397,167.7493,0.000,0.000,0.909,22.9617,35.5482,69
2026-04-24,16:08:16,93724,1,0.0000,0.0032,0.0191,0.5614,2.5249,0,1.0000,0,0,1.6112,0.9217,-152.3406,-133.4086,167.7609,0.000,0.000,0.906,23.2856,35.6329,69
2026-04-24,16:08:16,93760,1,0.0000,-0.0051,0.0190,0.5590,2.5249,0,1.0000,0,0,1.5713,-0.8235,-156.2472,-125.4215,167.7590,0.000,0.000,0.902,23.4745,35.5968,69
2026-04-24,16:08:16,93796,1,0.0000,-0.0077,0.0184,0.5408,2.5249,0,1.0000,0,0,1.5235,-1.1816,-159.5095,-109.3599,167.7734,0.000,0.000,0.899,23.5564,35.6263,69
2026-04-24,16:08:16,93832,1,0.0000,-0.0014,0.0194,0.5694,2.5249,0,1.0000,0,0,1.4897,-0.7338,-161.9534,-87.7946,167.7863,0.000,0.000,0.896,23.8567,36.0001,69
2026-04-24,16:08:16,93868,1,0.0000,-0.0179,0.0203,0.5956,2.5249,0,1.0000,0,0,1.5061,0.7207,-163.4252,-59.9199,167.7839,0.000,0.000,0.893,24.0560,36.2511,69
2026-04-24,16:08:16,93904,1,0.0000,-0.0065,0.0195,0.5742,2.5249,0,1.0000,0,0,1.4706,-0.4819,-165.0254,-54.6538,167.7750,0.000,0.000,0.890,24.2544,36.5693,69
2026-04-24,16:08:16,93940,1,0.0000,-0.0022,0.0188,0.5518,2.5249,0,1.0000,0,0,1.4660,-0.2857,-166.4309,-46.4800,167.8019,0.000,0.000,0.886,24.3601,36.8335,69
2026-04-24,16:08:16,93975,1,0.0000,-0.0064,0.0175,0.5145,2.5249,0,1.0000,0,0,1.4148,-0.5112,-167.3086,-32.9926,167.7736,0.000,0.000,0.883,24.3793,36.9409,69
2026-04-24,16:08:16,94011,1,0.0000,0.0122,0.0184,0.5408,2.5249,0,1.0000,0,0,1.4298,-0.1158,-167.8891,-24.2597,167.7919,0.000,0.000,0.880,24.2905,37.0280,69
2026-04-24,16:08:16,94047,1,0.0000,0.0063,0.0190,0.5597,2.5249,0,1.0000,0,0,1.4245,0.2810,-160.8342,126.3150,167.7693,0.000,0.000,0.877,24.1537,37.0855,69
2026-04-24,16:08:16,94083,1,0.0000,0.0022,0.0187,0.5487,2.5249,0,1.0000,0,0,1.3582,-1.6647,-157.8916,97.4054,167.7473,0.000,0.000,0.874,23.9264,37.1382,69
2026-04-24,16:08:16,94119,1,0.0000,-0.0032,0.0180,0.5280,2.5249,0,1.0000,0,0,1.3804,1.2901,-149.9922,188.5462,167.7611,0.000,0.000,0.870,23.8194,37.1583,69
2026-04-24,16:08:16,94155,1,0.0000,0.0027,0.0191,0.5615,2.5249,0,1.0000,0,0,1.3885,0.7164,-147.8650,99.5091,167.7660,0.000,0.000,0.867,23.8289,37.2356,69
2026-04-24,16:08:16,94191,1,0.0000,-0.0077,0.0182,0.5360,2.5249,0,1.0000,0,0,1.4273,1.0882,-148.7787,14.0256,167.7778,0.000,0.000,0.864,23.9102,37.3873,69
2026-04-24,16:08:16,94227,1,0.0000,-0.0119,0.0187,0.5487,2.5249,0,1.0000,0,0,1.4183,0.4775,-150.9515,-41.0213,167.7556,0.000,0.000,0.861,24.0186,37.4569,69
2026-04-24,16:08:16,94263,1,0.0000,0.0014,0.0190,0.5590,2.5249,0,1.0000,0,0,1.4340,-0.7491,-154.1491,-81.1476,167.7642,0.000,0.000,0.858,24.2207,37.5738,69
2026-04-24,16:08:17,94299,1,0.0000,-0.0002,0.0179,0.5256,2.5249,0,1.0000,0,0,1.4515,0.5797,-157.4469,-96.3803,167.7882,0.000,0.000,0.854,24.4774,37.6668,69
2026-04-24,16:08:17,94334,1,0.0000,-0.0084,0.0187,0.5487,2.5249,0,1.0000,0,0,1.4306,-1.0201,-160.3365,-92.1248,167.7935,0.000,0.000,0.851,24.6655,37.7221,69
2026-04-24,16:08:17,94370,1,0.0000,0.0027,0.0172,0.5049,2.5249,0,1.0000,0,0,1.4303,-0.1774,-162.5549,-76.6412,167.7877,0.000,0.000,0.848,24.8915,37.8589,69
2026-04-24,16:08:17,94406,1,0.0000,0.0155,0.0182,0.5353,2.5249,0,1.0000,0,0,1.4067,-0.7332,-164.1469,-59.6098,167.7893,0.000,0.000,0.845,25.0090,37.9461,69
2026-04-24,16:08:17,94442,1,0.0000,0.0027,0.0191,0.5622,2.5249,0,1.0000,0,0,1.3801,-0.8394,-165.2461,-41.2246,167.7977,0.000,0.000,0.842,25.0318,38.0594,69
2026-04-24,16:08:17,94478,1,0.0000,0.0012,0.0190,0.5590,2.5249,0,1.0000,0,0,1.3720,0.0358,-165.9893,-29.9821,167.7993,0.000,0.000,0.838,24.9764,38.3379,69
2026-04-24,16:08:17,94516,1,0.0000,-0.0090,0.0202,0.5932,2.5249,0,1.0000,0,0,1.3673,-0.0793,-166.2230,-22.4176,167.8051,0.000,0.000,0.836,24.8104,38.4934,69
2026-04-24,16:08:17,94552,1,0.0000,-0.0094,0.0194,0.5694,2.5249,0,1.0000,0,0,1.3907,0.9180,-166.7944,-19.1732,167.7957,0.000,0.000,0.833,24.6311,38.6425,69
2026-04-24,16:08:17,94588,1,0.0000,-0.0047,0.0184,0.5407,2.5249,0,1.0000,0,0,1.3687,-0.4402,-167.0187,-9.9316,167.7989,0.000,0.000,0.830,24.4868,38.7489,69
2026-04-24,16:08:17,94623,1,0.0000,-0.0005,0.0203,0.5956,2.5249,0,1.0000,0,0,1.3643,0.1469,-166.8911,-1.1760,167.7911,0.000,0.000,0.826,24.4396,38.8362,69
2026-04-24,16:08:17,94659,1,0.0000,-0.0023,0.0191,0.5614,2.5249,0,1.0000,0,0,1.3389,-0.5103,-167.0450,-3.4470,167.8040,0.000,0.000,0.823,24.4167,38.9124,69
2026-04-24,16:08:17,94694,1,0.0000,0.0009,0.0192,0.5646,2.5249,0,1.0000,0,0,1.3315,-0.2544,-165.3591,56.3848,167.7943,0.000,0.000,0.820,24.4472,38.9404,69
2026-04-24,16:08:17,94730,1,0.0000,0.0011,0.0189,0.5566,2.5249,0,1.0000,0,0,1.3573,0.7011,-158.8368,141.4366,167.7938,0.000,0.000,0.817,24.4897,39.0089,69
2026-04-24,16:08:17,94766,1,0.0000,-0.0110,0.0191,0.5614,2.5249,0,1.0000,0,0,1.3579,0.0263,-156.7798,86.5532,167.7929,0.000,0.000,0.814,24.5342,39.0708,69
2026-04-24,16:08:17,94802,1,0.0000,-0.0057,0.0189,0.5559,2.5249,0,1.0000,0,0,1.3412,-0.0562,-157.0327,22.2145,167.7932,0.000,0.000,0.810,24.5589,39.1103,69
2026-04-24,16:08:17,94838,1,0.0000,-0.0129,0.0189,0.5566,2.5249,0,1.0000,0,0,1.3513,0.7299,-158.0430,-13.2037,167.8009,0.000,0.000,0.807,24.5859,39.1686,69
2026-04-24,16:08:17,94873,1,0.0000,0.0043,0.0188,0.5518,2.5249,0,1.0000,0,0,1.3395,-0.3885,-159.4355,-33.8500,167.8110,0.000,0.000,0.804,24.5678,39.2146,69
2026-04-24,16:08:17,94909,1,0.0000,0.0123,0.0188,0.5535,2.5249,0,1.0000,0,0,1.3376,-0.4708,-160.6094,-36.3184,167.8244,0.000,0.000,0.801,24.5451,39.2698,69
2026-04-24,16:08:17,94944,1,0.0000,-0.0008,0.0185,0.5456,2.5249,0,1.0000,0,0,1.3328,-0.0085,-149.4929,282.9997,167.8291,0.000,0.000,0.798,24.5329,39.3072,69
2026-04-24,16:08:17,94980,1,0.0000,0.0024,0.0202,0.5932,2.5249,0,1.0000,0,0,1.3230,-0.7061,-126.2858,539.9930,167.8477,0.000,0.000,0.794,24.5179,39.3605,69
2026-04-24,16:08:17,95016,1,0.0000,0.0070,0.0183,0.5377,2.5249,0,1.0000,0,0,1.2956,-0.3258,-119.1492,314.2708,167.8365,0.000,0.000,0.791,24.5073,39.4098,69
2026-04-24,16:08:17,95052,1,0.0000,0.0103,0.0195,0.5749,2.5249,0,1.0000,0,0,1.3010,-0.3929,-120.6060,73.6100,167.8333,0.000,0.000,0.788,24.5182,39.4400,69
2026-04-24,16:08:17,95088,1,0.0000,0.0015,0.0197,0.5805,2.5249,0,1.0000,0,0,1.3136,-0.1131,-125.5324,-80.0410,167.8342,0.000,0.000,0.785,24.5018,39.4760,69
2026-04-24,16:08:17,95124,1,0.0000,-0.0044,0.0180,0.5304,2.5249,0,1.0000,0,0,1.3244,0.5958,-132.1507,-165.8181,167.8234,0.000,0.000,0.782,24.6496,39.6981,69
2026-04-24,16:08:17,95160,1,0.0000,0.0060,0.0190,0.5590,2.5249,0,1.0000,0,0,1.3083,0.0047,-138.8263,-193.5645,167.8132,0.000,0.000,0.778,24.7296,39.8371,69
2026-04-24,16:08:17,95196,1,0.0000,0.0007,0.0177,0.5208,2.5249,0,1.0000,0,0,1.3042,-0.2137,-144.4528,-183.2032,167.7833,0.000,0.000,0.775,24.7568,39.9245,69
2026-04-24,16:08:17,95232,1,0.0000,0.0064,0.0186,0.5463,2.5249,0,1.0000,0,0,1.3002,-0.3319,-149.5087,-168.1030,167.7893,0.000,0.000,0.772,24.7694,39.9903,69
2026-04-24,16:08:17,95268,1,0.0000,0.0095,0.0187,0.5511,2.5249,0,1.0000,0,0,1.3312,0.6564,-154.0274,-150.9884,167.7835,0.000,0.000,0.769,24.7453,40.0302,69
2026-04-24,16:08:18,95304,1,0.0000,0.0003,0.0191,0.5614,2.5249,0,1.0000,0,0,1.3384,-0.3981,-157.5213,-124.3878,167.7783,0.000,0.000,0.766,24.6906,40.0838,69
2026-04-24,16:08:18,95340,1,0.0000,0.0099,0.0188,0.5518,2.5249,0,1.0000,0,0,1.3282,-0.8161,-160.2494,-98.0571,167.8023,0.000,0.000,0.762,24.6625,40.1031,69
2026-04-24,16:08:18,95376,1,0.0000,-0.0091,0.0185,0.5431,2.5249,0,1.0000,0,0,1.3256,-0.5333,-162.4498,-80.1981,167.7841,0.000,0.000,0.759,24.6432,40.1439,69
2026-04-24,16:08:18,95412,1,0.0000,-0.0013,0.0183,0.5384,2.5249,0,1.0000,0,0,1.2930,-0.9953,-164.3367,-66.4416,167.8089,0.000,0.000,0.756,24.6221,40.2180,69
2026-04-24,16:08:18,95451,1,0.0000,0.0039,0.0194,0.5694,2.5249,0,1.0000,0,0,1.2926,-0.4396,-164.9305,-50.5774,167.8107,0.000,0.000,0.754,24.6467,40.2810,69
2026-04-24,16:08:18,95487,1,0.0000,0.0038,0.0184,0.5408,2.5249,0,1.0000,0,0,1.2779,-0.4732,-165.9294,-36.1066,167.8072,0.000,0.000,0.750,24.6704,40.2970,69
2026-04-24,16:08:18,95523,1,0.0000,0.0033,0.0180,0.5304,2.5249,0,1.0000,0,0,1.2806,0.0239,-166.4189,-23.0885,167.8040,0.000,0.000,0.747,24.7603,40.3266,69
2026-04-24,16:08:18,95559,1,0.0000,-0.0006,0.0176,0.5177,2.5249,0,1.0000,0,0,1.2432,-1.0263,-166.7674,-14.9311,167.7886,0.000,0.000,0.744,24.8841,40.3717,69
2026-04-24,16:08:18,95595,1,0.0000,0.0036,0.0188,0.5542,2.5249,0,1.0000,0,0,1.2433,0.1697,-167.1650,-13.7352,167.8006,0.000,0.000,0.741,24.9376,40.3804,69
2026-04-24,16:08:18,95631,1,0.0000,0.0044,0.0181,0.5328,2.5249,0,1.0000,0,0,1.2351,-0.0747,-167.8683,-19.5915,167.8156,0.000,0.000,0.738,25.0523,40.4070,69
2026-04-24,16:08:18,95667,1,0.0000,-0.0101,0.0182,0.5360,2.5249,0,1.0000,0,0,1.2674,0.8257,-168.6001,-21.6495,167.7998,0.000,0.000,0.734,25.0876,40.4503,69
2026-04-24,16:08:18,95703,1,0.0000,0.0100,0.0181,0.5328,2.5249,0,1.0000,0,0,1.2544,-0.5654,-169.2480,-20.3644,167.8064,0.000,0.000,0.731,25.1531,40.5014,69
2026-04-24,16:08:18,95739,1,0.0000,0.0095,0.0194,0.5700,2.5249,0,1.0000,0,0,1.2386,-2.0381,-169.8288,-19.2393,167.7924,0.000,0.000,0.728,25.1841,40.5325,69
2026-04-24,16:08:18,95775,1,0.0000,-0.0012,0.0180,0.5288,2.5249,0,1.0000,0,0,1.2652,-0.3142,-170.0429,-11.9522,167.8175,0.000,0.000,0.725,25.2264,40.5776,69
2026-04-24,16:08:18,95811,1,0.0000,-0.0072,0.0189,0.5566,2.5249,0,1.0000,0,0,1.2677,-0.5239,-170.4426,-13.1220,167.8078,0.000,0.000,0.722,25.2361,40.6301,69
2026-04-24,16:08:18,95847,1,0.0000,-0.0027,0.0184,0.5407,2.5249,0,1.0000,0,0,1.2686,0.0278,-170.7787,-11.0280,167.8056,0.000,0.000,0.718,25.1722,40.6357,69
2026-04-24,16:08:18,95882,1,0.0000,0.0020,0.0186,0.5463,2.5249,0,1.0000,0,0,1.2679,0.1572,-167.8584,83.3168,167.8143,0.000,0.000,0.715,25.0933,40.6199,69
2026-04-24,16:08:18,95918,1,0.0000,0.0059,0.0190,0.5590,2.5249,0,1.0000,0,0,1.2698,-0.3396,-161.5394,145.2120,167.8072,0.000,0.000,0.712,25.0112,40.5752,69
2026-04-24,16:08:18,95954,1,0.0000,-0.0024,0.0195,0.5725,2.5249,0,1.0000,0,0,1.2773,0.2822,-159.3279,91.3330,167.7917,0.000,0.000,0.709,24.9551,40.5662,69
2026-04-24,16:08:18,95990,1,0.0000,0.0032,0.0190,0.5598,2.5249,0,1.0000,0,0,1.2741,-0.4494,-159.1017,33.6281,167.8014,0.000,0.000,0.706,24.8872,40.5491,69
2026-04-24,16:08:18,96026,1,0.0000,0.0070,0.0189,0.5566,2.5249,0,1.0000,0,0,1.2655,-0.8298,-160.4122,-15.6821,167.8053,0.000,0.000,0.702,24.8547,40.5645,69
2026-04-24,16:08:18,96062,1,0.0000,-0.0081,0.0194,0.5694,2.5249,0,1.0000,0,0,1.2894,0.8158,-162.0618,-39.7744,167.8052,0.000,0.000,0.699,24.8222,40.5799,69
2026-04-24,16:08:18,96097,1,0.0000,-0.0125,0.0191,0.5622,2.5249,0,1.0000,0,0,1.2871,-0.0234,-163.4877,-42.6574,167.8171,0.000,0.000,0.696,24.8077,40.6510,69
2026-04-24,16:08:18,96133,1,0.0000,0.0041,0.0177,0.5201,2.5249,0,1.0000,0,0,1.2977,0.9866,-164.4010,-33.5513,167.8045,0.000,0.000,0.693,24.8189,40.6994,69
2026-04-24,16:08:18,96169,1,0.0000,-0.0018,0.0187,0.5494,2.5249,0,1.0000,0,0,1.2957,0.1992,-165.3717,-31.6081,167.8251,0.000,0.000,0.690,24.8570,40.6978,69
2026-04-24,16:08:18,96205,1,0.0000,-0.0096,0.0175,0.5145,2.5249,0,1.0000,0,0,1.2892,0.0317,-166.5966,-36.7877,167.8078,0.000,0.000,0.686,24.9162,40.7308,69
2026-04-24,16:08:18,96241,1,0.0000,0.0036,0.0188,0.5542,2.5249,0,1.0000,0,0,1.2854,0.1119,-167.6653,-33.5639,167.8020,0.000,0.000,0.683,24.9613,40.7603,69
2026-04-24,16:08:18,96277,1,0.0000,-0.0075,0.0192,0.5646,2.5249,0,1.0000,0,0,1.2913,0.1791,-168.1550,-22.1869,167.7987,0.000,0.000,0.680,24.9512,40.7450,69
2026-04-24,16:08:19,96312,1,0.0000,0.0190,0.0184,0.5408,2.5249,0,1.0000,0,0,1.3085,1.1606,-168.6296,-17.9088,167.8027,0.000,0.000,0.677,24.9414,40.7587,69
2026-04-24,16:08:19,96348,1,0.0000,-0.0071,0.0180,0.5296,2.5249,0,1.0000,0,0,1.3244,0.7590,-168.9866,-13.9096,167.8036,0.000,0.000,0.674,24.9334,40.7788,69
2026-04-24,16:08:19,96389,1,0.0000,-0.0004,0.0191,0.5614,2.5249,0,1.0000,0,0,1.3121,0.1460,-169.1826,-11.1274,167.8033,0.000,0.000,0.671,24.9016,40.7935,69
2026-04-24,16:08:19,96425,1,0.0000,0.0069,0.0180,0.5304,2.5249,0,1.0000,0,0,1.3034,0.2752,-170.0537,-22.3793,167.7939,0.000,0.000,0.668,24.8863,40.8018,69
2026-04-24,16:08:19,96461,1,0.0000,-0.0018,0.0192,0.5638,2.5249,0,1.0000,0,0,1.2920,-0.4931,-170.6254,-17.2175,167.7816,0.000,0.000,0.665,24.8118,40.8510,69
2026-04-24,16:08:19,96497,1,0.0000,-0.0055,0.0187,0.5487,2.5249,0,1.0000,0,0,1.2824,-0.2183,-170.6712,-6.9453,167.7777,0.000,0.000,0.662,24.6869,40.8805,69
2026-04-24,16:08:19,96532,1,0.0000,0.0022,0.0183,0.5384,2.5249,0,1.0000,0,0,1.2979,0.6213,-170.4532,3.1606,167.7837,0.000,0.000,0.658,24.5938,40.8902,69
2026-04-24,16:08:19,96568,1,0.0000,0.0017,0.0185,0.5439,2.5249,0,1.0000,0,0,1.3179,0.7524,-170.0691,7.9728,167.8057,0.000,0.000,0.655,24.4669,40.9028,69
2026-04-24,16:08:19,96604,1,0.0000,0.0001,0.0193,0.5670,2.5249,0,1.0000,0,0,1.3258,0.9014,-169.5268,13.3353,167.7860,0.000,0.000,0.652,24.3442,40.8881,69
2026-04-24,16:08:19,96640,1,0.0000,0.0119,0.0180,0.5304,2.5249,0,1.0000,0,0,1.3258,0.3697,-169.1832,11.2121,167.7760,0.000,0.000,0.649,24.2018,40.8748,69
2026-04-24,16:08:19,96676,1,0.0000,0.0037,0.0180,0.5280,2.5249,0,1.0000,0,0,1.3065,-0.1430,-169.3820,-0.5235,167.7740,0.000,0.000,0.646,24.0908,40.9022,69
2026-04-24,16:08:19,96712,1,0.0000,-0.0069,0.0188,0.5535,2.5249,0,1.0000,0,0,1.2941,0.6137,-169.1673,5.1564,167.7540,0.000,0.000,0.642,23.9636,40.8514,69
2026-04-24,16:08:19,96748,1,0.0000,0.0103,0.0189,0.5566,2.5249,0,1.0000,0,0,1.2845,-0.6383,-168.7478,9.4277,167.7580,0.000,0.000,0.639,23.9051,40.8124,69
2026-04-24,16:08:19,96784,1,0.0000,0.0020,0.0190,0.5598,2.5249,0,1.0000,0,0,1.2804,-0.0632,-168.5823,7.0033,167.7477,0.000,0.000,0.636,23.9316,40.8080,69
2026-04-24,16:08:19,96820,1,0.0000,-0.0054,0.0182,0.5352,2.5249,0,1.0000,0,0,1.2968,0.4988,-168.7211,-1.3265,167.7680,0.000,0.000,0.633,23.9661,40.7786,69
2026-04-24,16:08:19,96855,1,0.0000,-0.0035,0.0192,0.5646,2.5249,0,1.0000,0,0,1.2672,-0.6703,-168.9320,-4.3395,167.7587,0.000,0.000,0.630,24.1034,40.7811,69
2026-04-24,16:08:19,96891,1,0.0000,-0.0099,0.0195,0.5725,2.5249,0,1.0000,0,0,1.2517,-0.2844,-169.2235,-8.0870,167.7517,0.000,0.000,0.626,24.2844,40.8062,69
2026-04-24,16:08:19,96927,1,0.0000,-0.0015,0.0193,0.5670,2.5249,0,1.0000,0,0,1.2509,0.0129,-169.2414,-2.0912,167.7601,0.000,0.000,0.623,24.4504,40.7805,69
2026-04-24,16:08:19,96963,1,0.0000,-0.0014,0.0181,0.5312,2.5249,0,1.0000,0,0,1.2662,0.2854,-169.1863,-0.6881,167.7635,0.000,0.000,0.620,24.6130,40.8000,69
2026-04-24,16:08:19,96999,1,0.0000,-0.0012,0.0187,0.5487,2.5249,0,1.0000,0,0,1.2674,-0.1978,-169.4507,-4.9498,167.7783,0.000,0.000,0.617,24.8399,40.8531,69
2026-04-24,16:08:19,97035,1,0.0000,0.0019,0.0190,0.5590,2.5249,0,1.0000,0,0,1.2704,0.2718,-169.4636,-2.0577,167.8043,0.000,0.000,0.614,24.9611,40.8504,69
2026-04-24,16:08:19,97071,1,0.0000,-0.0103,0.0189,0.5566,2.5249,0,1.0000,0,0,1.2576,-0.1147,-169.4892,-0.7706,167.8089,0.000,0.000,0.610,25.0545,40.8900,69
2026-04-24,16:08:19,97107,1,0.0000,-0.0004,0.0190,0.5590,2.5249,0,1.0000,0,0,1.2648,0.4236,-168.7233,28.9745,167.7934,0.000,0.000,0.607,25.0849,40.9134,69
2026-04-24,16:08:19,97143,1,0.0000,0.0034,0.0187,0.5511,2.5249,0,1.0000,0,0,1.2648,-0.1621,-160.9649,155.9499,167.7688,0.000,0.000,0.604,25.0786,40.9312,69
2026-04-24,16:08:19,97179,1,0.0000,0.0105,0.0186,0.5463,2.5249,0,1.0000,0,0,1.2704,-0.1755,-157.9413,108.8807,167.7407,0.000,0.000,0.601,25.0510,40.8940,69
2026-04-24,16:08:19,97215,1,0.0000,0.0008,0.0196,0.5773,2.5249,0,1.0000,0,0,1.2799,0.5798,-158.2347,27.6688,167.7244,0.000,0.000,0.598,25.0675,40.8927,69
2026-04-24,16:08:19,97251,1,0.0000,0.0010,0.0196,0.5773,2.5249,0,1.0000,0,0,1.2716,0.2861,-159.7990,-23.0839,167.7229,0.000,0.000,0.594,25.0585,40.8401,69
2026-04-24,16:08:19,97287,1,0.0000,-0.0056,0.0190,0.5590,2.5249,0,1.0000,0,0,1.2930,0.7738,-145.2101,311.1197,167.7198,0.000,0.000,0.591,25.0582,40.8353,69
2026-04-24,16:08:20,97325,1,0.0000,-0.0006,0.0188,0.5542,2.5249,0,1.0000,0,0,1.2762,-0.0013,-140.7788,250.7397,167.7219,0.000,0.000,0.589,25.1204,40.8321,69
2026-04-24,16:08:20,97361,1,0.0000,-0.0064,0.0195,0.5749,2.5249,0,1.0000,0,0,1.2633,-0.3775,-135.8260,171.5533,167.7285,0.000,0.000,0.586,25.1850,40.8448,69
2026-04-24,16:08:20,97397,1,0.0000,-0.0021,0.0190,0.5598,2.5249,0,1.0000,0,0,1.2444,-1.0208,-136.6282,36.4662,167.7437,0.000,0.000,0.582,25.2539,40.8643,69
2026-04-24,16:08:20,97432,1,0.0000,-0.0003,0.0192,0.5646,2.5249,0,1.0000,0,0,1.2436,-0.0128,-140.5126,-71.6872,167.7526,0.000,0.000,0.579,25.3239,40.8825,69
2026-04-24,16:08:20,97468,1,0.0000,0.0017,0.0180,0.5280,2.5249,0,1.0000,0,0,1.2162,-0.5586,-145.5963,-129.6347,167.7550,0.000,0.000,0.576,25.4376,40.8782,69
2026-04-24,16:08:20,97504,1,0.0000,-0.0074,0.0199,0.5853,2.5249,0,1.0000,0,0,1.2250,0.5873,-150.0777,-136.9022,167.7802,0.000,0.000,0.573,25.4995,40.9166,69
2026-04-24,16:08:20,97540,1,0.0000,0.0011,0.0197,0.5797,2.5249,0,1.0000,0,0,1.2213,-0.1536,-154.0423,-129.8040,167.7758,0.000,0.000,0.570,25.5065,40.9340,69
2026-04-24,16:08:20,97576,1,0.0000,-0.0019,0.0184,0.5415,2.5249,0,1.0000,0,0,1.2243,0.9805,-157.5808,-118.1479,167.7838,0.000,0.000,0.566,25.4826,40.9496,69
2026-04-24,16:08:20,97612,1,0.0000,-0.0064,0.0203,0.5980,2.5249,0,1.0000,0,0,1.2259,0.5695,-160.3668,-97.3364,167.7889,0.000,0.000,0.563,25.4354,40.9190,69
2026-04-24,16:08:20,97648,1,0.0000,-0.0018,0.0196,0.5773,2.5249,0,1.0000,0,0,1.2277,0.3127,-162.2486,-71.7815,167.7843,0.000,0.000,0.560,25.3885,40.9020,69
2026-04-24,16:08:20,97684,1,0.0000,0.0069,0.0185,0.5456,2.5249,0,1.0000,0,0,1.2226,0.1433,-164.0093,-61.8855,167.7823,0.000,0.000,0.557,25.3597,40.8767,69
2026-04-24,16:08:20,97720,1,0.0000,-0.0006,0.0184,0.5415,2.5249,0,1.0000,0,0,1.2421,0.7660,-164.8933,-24.8463,167.8073,0.000,0.000,0.554,25.3192,40.8380,69
2026-04-24,16:08:20,97756,1,0.0000,0.0092,0.0191,0.5615,2.5249,0,1.0000,0,0,1.2709,0.3028,-158.0338,117.0791,167.8227,0.000,0.000,0.550,25.2962,40.8453,69
2026-04-24,16:08:20,97792,1,0.0000,0.0064,0.0192,0.5646,2.5249,0,1.0000,0,0,1.2694,0.0751,-155.6733,82.9284,167.8266,0.000,0.000,0.547,25.2977,40.8713,69
2026-04-24,16:08:20,97828,1,0.0000,-0.0097,0.0193,0.5670,2.5249,0,1.0000,0,0,1.2632,0.0794,-156.0668,17.7709,167.8286,0.000,0.000,0.544,25.2762,40.9167,69
2026-04-24,16:08:20,97864,1,0.0000,0.0073,0.0187,0.5511,2.5249,0,1.0000,0,0,1.2761,0.7382,-157.8120,-31.0664,167.8117,0.000,0.000,0.541,25.2724,40.9785,69
2026-04-24,16:08:20,97900,1,0.0000,-0.0085,0.0186,0.5463,2.5249,0,1.0000,0,0,1.2533,-0.5642,-159.7748,-50.5052,167.8170,0.000,0.000,0.538,25.2239,41.0445,69
2026-04-24,16:08:20,97936,1,0.0000,-0.0016,0.0197,0.5805,2.5249,0,1.0000,0,0,1.2531,0.0826,-161.7105,-56.6021,167.8216,0.000,0.000,0.534,25.1391,41.0789,69
2026-04-24,16:08:20,97972,1,0.0000,0.0000,0.0185,0.5439,2.5249,0,1.0000,0,0,1.2358,-0.3406,-163.3652,-52.9607,167.8188,0.000,0.000,0.531,25.0837,41.0775,69
2026-04-24,16:08:20,98008,1,0.0000,-0.0001,0.0182,0.5360,2.5249,0,1.0000,0,0,1.2406,-0.1890,-164.5758,-42.8174,167.8233,0.000,0.000,0.528,24.9460,41.0171,69
2026-04-24,16:08:20,98044,1,0.0000,0.0057,0.0189,0.5566,2.5249,0,1.0000,0,0,1.2300,-0.5075,-165.5698,-34.6919,167.8145,0.000,0.000,0.525,24.8815,40.9887,69
2026-04-24,16:08:20,98080,1,0.0000,-0.0120,0.0196,0.5773,2.5249,0,1.0000,0,0,1.2092,-0.6971,-166.3882,-28.5338,167.8131,0.000,0.000,0.522,24.7379,40.9734,69
2026-04-24,16:08:20,98116,1,0.0000,-0.0017,0.0191,0.5614,2.5249,0,1.0000,0,0,1.2112,-0.1252,-166.7367,-17.1306,167.8158,0.000,0.000,0.518,24.6484,40.9461,69
2026-04-24,16:08:20,98152,1,0.0000,-0.0110,0.0189,0.5566,2.5249,0,1.0000,0,0,1.2076,0.7002,-166.9723,-10.6233,167.7973,0.000,0.000,0.515,24.5477,40.8911,69
2026-04-24,16:08:20,98188,1,0.0000,0.0076,0.0178,0.5225,2.5249,0,1.0000,0,0,1.1893,-0.5483,-167.5008,-16.0729,167.8005,0.000,0.000,0.512,24.4964,40.9119,69
2026-04-24,16:08:20,98223,1,0.0000,0.0003,0.0184,0.5408,2.5249,0,1.0000,0,0,1.1848,-0.3421,-168.1447,-18.5724,167.7905,0.000,0.000,0.509,24.4727,40.9165,69
2026-04-24,16:08:20,98262,1,0.0000,-0.0008,0.0199,0.5853,2.5249,0,1.0000,0,0,1.1746,-0.2702,-168.2833,-13.7882,167.7907,0.000,0.000,0.506,24.4330,40.9455,69
2026-04-24,16:08:21,98298,1,0.0000,0.0030,0.0178,0.5248,2.5249,0,1.0000,0,0,1.1573,-0.4949,-168.4982,-8.8712,167.8036,0.000,0.000,0.503,24.4015,40.9595,69
2026-04-24,16:08:21,98334,1,0.0000,-0.0101,0.0192,0.5646,2.5249,0,1.0000,0,0,1.1545,-0.1661,-168.9664,-13.6318,167.8123,0.000,0.000,0.500,24.3892,40.9674,69
2026-04-24,16:08:21,98370,1,0.0000,-0.0134,0.0182,0.5360,2.5249,0,1.0000,0,0,1.1515,0.1103,-169.3413,-11.3147,167.8188,0.000,0.000,0.497,24.4603,41.0085,69
2026-04-24,16:08:21,98406,1,0.0000,-0.0020,0.0181,0.5312,2.5249,0,1.0000,0,0,1.1606,0.4904,-169.4402,-6.3689,167.8048,0.000,0.000,0.494,24.5146,41.0117,69
2026-04-24,16:08:21,98442,1,0.0000,-0.0058,0.0190,0.5590,2.5249,0,1.0000,0,0,1.1469,-0.1098,-163.1968,177.2609,167.8128,0.000,0.000,0.490,24.6175,41.0676,69
2026-04-24,16:08:21,98478,1,0.0000,-0.0101,0.0187,0.5487,2.5249,0,1.0000,0,0,1.1418,0.1461,-146.5138,367.8979,167.8025,0.000,0.000,0.487,24.6905,41.1151,69
2026-04-24,16:08:21,98514,1,0.0000,0.0015,0.0183,0.5384,2.5249,0,1.0000,0,0,1.1623,0.6004,-138.3475,305.5656,167.8033,0.000,0.000,0.484,24.7205,41.1236,69
2026-04-24,16:08:21,98550,1,0.0000,-0.0029,0.0202,0.5932,2.5249,0,1.0000,0,0,1.1568,-0.2081,-126.7216,320.1884,167.8101,0.000,0.000,0.481,24.6922,41.1167,69
2026-04-24,16:08:21,98586,1,0.0000,0.0010,0.0189,0.5566,2.5249,0,1.0000,0,0,1.1552,-0.1598,-125.3269,127.0619,167.8137,0.000,0.000,0.478,24.6463,41.1223,69
2026-04-24,16:08:21,98622,1,0.0000,0.0210,0.0188,0.5536,2.5249,0,1.0000,0,0,1.1608,0.1734,-129.3295,-42.7913,167.8280,0.000,0.000,0.474,24.5593,41.0952,69
2026-04-24,16:08:21,98657,1,0.0000,0.0079,0.0170,0.4994,2.5249,0,1.0000,0,0,1.1679,0.0921,-135.1057,-133.1861,167.8156,0.000,0.000,0.471,24.3446,41.0728,69
2026-04-24,16:08:21,98693,1,0.0000,0.0014,0.0188,0.5535,2.5249,0,1.0000,0,0,1.1745,0.1411,-140.5095,-156.2633,167.8067,0.000,0.000,0.468,24.1553,41.0571,69
2026-04-24,16:08:21,98729,1,0.0000,0.0022,0.0191,0.5614,2.5249,0,1.0000,0,0,1.1846,0.2843,-143.8631,-97.1276,167.8031,0.000,0.000,0.465,23.8523,40.9900,69
2026-04-24,16:08:21,98765,1,0.0000,-0.0013,0.0189,0.5566,2.5249,0,1.0000,0,0,1.1765,-0.1839,-133.9309,146.4757,167.8063,0.000,0.000,0.462,23.5916,40.9521,69
2026-04-24,16:08:21,98801,1,0.0000,0.0038,0.0187,0.5487,2.5249,0,1.0000,0,0,1.1700,-0.1833,-131.9358,79.7266,167.8119,0.000,0.000,0.458,23.2729,40.9506,69
2026-04-24,16:08:21,98837,1,0.0000,-0.0035,0.0181,0.5328,2.5249,0,1.0000,0,0,1.1735,-0.1745,-134.7187,-33.7936,167.8112,0.000,0.000,0.455,22.9744,40.9601,69
2026-04-24,16:08:21,98872,1,0.0000,0.0062,0.0181,0.5328,2.5249,0,1.0000,0,0,1.1610,-0.2663,-139.1060,-102.5807,167.8123,0.000,0.000,0.452,22.8274,41.0150,69
2026-04-24,16:08:21,98908,1,0.0000,-0.0014,0.0185,0.5439,2.5249,0,1.0000,0,0,1.1554,-0.2227,-141.7776,-67.2163,167.8160,0.000,0.000,0.449,22.7488,41.0484,69
2026-04-24,16:08:21,98944,1,0.0000,0.0006,0.0181,0.5328,2.5249,0,1.0000,0,0,1.1391,-0.2865,-139.1682,17.8021,167.8248,0.000,0.000,0.446,22.7558,41.0693,69
2026-04-24,16:08:21,98980,1,0.0000,0.0097,0.0178,0.5249,2.5249,0,1.0000,0,0,1.1380,0.0920,-140.7159,-30.8920,167.8254,0.000,0.000,0.442,22.7144,41.0657,69
2026-04-24,16:08:21,99016,1,0.0000,-0.0171,0.0177,0.5201,2.5249,0,1.0000,0,0,1.1521,0.7652,-144.1836,-85.1901,167.8345,0.000,0.000,0.439,22.6498,41.0374,69
2026-04-24,16:08:21,99052,1,0.0000,0.0036,0.0190,0.5590,2.5249,0,1.0000,0,0,1.1940,0.9448,-148.4339,-117.2988,167.8411,0.000,0.000,0.436,22.5705,40.9674,69
2026-04-24,16:08:21,99088,1,0.0000,-0.0040,0.0187,0.5487,2.5249,0,1.0000,0,0,1.2713,2.8201,-152.2817,-118.0906,167.8302,0.000,0.000,0.433,22.5658,40.9562,69
2026-04-24,16:08:21,99124,1,0.0000,0.0024,0.0194,0.5702,2.5249,0,1.0000,0,0,1.4027,4.1379,-155.4942,-106.6631,167.8184,0.000,0.000,0.430,22.6091,41.1039,69
2026-04-24,16:08:21,99159,1,0.0000,-0.0052,0.0198,0.5829,2.5249,0,1.0000,0,0,1.8559,10.7200,-158.4573,-98.1705,167.8430,0.000,0.000,0.426,22.7232,41.2076,69
2026-04-24,16:08:21,99195,1,0.0000,0.0006,0.0182,0.5360,2.5249,0,1.0000,0,0,1.8802,4.8783,-159.4267,-75.8967,167.8419,0.000,0.000,0.424,22.6530,40.8816,69
2026-04-24,16:08:21,99231,1,0.0000,0.0024,0.0178,0.5248,2.5249,0,1.0000,0,0,1.4695,-11.4956,-157.7512,1.1346,167.8717,0.000,0.000,0.421,22.7949,40.8897,69
2026-04-24,16:08:21,99267,1,0.0000,0.0069,0.0205,0.6036,2.5249,0,1.0000,0,0,1.4017,-3.7315,-158.3258,-14.8232,167.8572,0.000,0.000,0.418,23.0156,41.0706,69
2026-04-24,16:08:22,99302,1,0.0000,-0.0118,0.0206,0.6071,2.5249,0,1.0000,0,0,1.2991,-3.3580,-159.8792,-37.5937,167.8641,0.000,0.000,0.414,23.0404,40.8622,69
2026-04-24,16:08:22,99338,1,0.0000,0.0075,0.0193,0.5669,2.5250,0,1.0000,0,0,1.2743,-2.4341,-161.3850,-44.6004,167.8742,0.000,0.000,0.411,23.2319,40.8784,69
2026-04-24,16:08:22,99374,1,0.0000,-0.0096,0.0225,0.6609,2.5250,0,1.0000,0,0,1.0128,-5.0707,-163.3650,-56.4405,167.8632,0.000,0.000,0.408,23.4477,41.0376,69
2026-04-24,16:08:22,99410,1,0.0000,0.0054,0.0211,0.6220,2.5250,0,1.0000,0,0,0.7494,-7.8321,-165.1870,-55.5614,167.9003,0.000,0.000,0.405,23.5167,40.6730,69
2026-04-24,16:08:22,99446,1,0.0000,-0.0223,0.0234,0.6874,2.5251,0,1.0000,0,0,0.7526,1.4707,-166.5030,-45.8752,167.8479,0.000,0.000,0.402,23.6173,40.3439,69
2026-04-24,16:08:22,99482,1,0.0000,-0.0192,0.0277,0.8134,2.5253,0,1.0000,0,0,0.4268,-6.6499,-167.2980,-31.0945,167.8358,0.016,0.000,0.398,23.2742,42.7467,69
2026-04-24,16:08:22,99518,1,0.0000,-0.0006,0.0266,0.7835,2.5253,0,1.0000,0,0,0.3768,-3.1597,-167.8502,-22.0931,167.8783,0.008,0.000,0.395,21.4121,44.1874,69
2026-04-24,16:08:22,99554,1,0.0000,-0.0230,0.0288,0.8481,2.5254,0,1.0000,0,0,0.1375,-4.8222,-168.7458,-26.4886,167.8711,0.048,0.000,0.392,19.4465,44.9487,69
2026-04-24,16:08:22,99590,1,0.0000,-0.0077,0.0293,0.8606,2.5254,0,1.0000,0,0,0.2133,-1.9799,-169.8497,-31.9566,167.8521,0.016,0.000,0.389,16.4584,45.3318,69
2026-04-24,16:08:22,99626,1,0.0000,0.0264,0.0246,0.7222,2.5253,0,1.0000,0,0,-0.2116,-4.2240,-170.9160,-33.4831,167.9091,0.008,0.000,0.386,15.0856,46.7133,69
2026-04-24,16:08:22,99662,1,0.0000,0.0048,0.0255,0.7493,2.5252,0,1.0000,0,0,-0.8894,-28.6781,-171.9005,-31.6821,167.9151,0.000,0.000,0.382,12.3567,44.9802,69
2026-04-24,16:08:22,99698,1,0.0000,0.0123,0.0256,0.7525,2.5252,0,1.0000,0,0,-1.7528,-13.2335,-172.6990,-26.0328,167.7866,0.000,0.000,0.379,10.8731,44.8275,69
2026-04-24,16:08:22,99734,1,0.0000,-0.0229,0.0277,0.8150,2.5253,0,1.0000,0,0,-1.9362,-1.5586,-169.6400,81.5676,167.7642,0.016,0.000,0.376,9.7562,44.3262,69
2026-04-24,16:08:22,99770,1,0.0000,-0.0588,0.0336,0.9877,2.5255,0,1.0000,0,0,-0.7558,38.0546,-161.5174,207.3639,167.6758,0.000,0.000,0.373,8.6927,44.6297,69
2026-04-24,16:08:22,99806,1,0.0000,-0.0424,0.0369,1.0867,2.5258,0,1.0000,0,0,1.1265,51.6716,-141.6580,474.5547,167.7054,0.000,0.000,0.370,9.3002,50.8472,69
2026-04-24,16:08:22,99842,1,0.0000,-0.0431,0.0453,1.3314,2.5261,0,1.0000,0,0,1.5289,0.9894,-118.0951,665.1958,167.8137,0.000,0.000,0.366,7.7039,51.2639,69
2026-04-24,16:08:22,99878,1,0.0000,-0.1245,0.0636,1.8720,2.5269,0,1.0000,0,0,-0.0804,-43.3852,-83.8570,949.5023,167.7821,0.000,0.000,0.363,6.1416,51.8231,69
2026-04-24,16:08:22,99914,1,0.0000,0.0344,0.0584,1.7169,2.5270,0,1.0000,0,0,-1.1650,-19.5730,-43.5667,1153.9073,167.7800,0.064,0.048,0.360,5.6602,53.3666,69
2026-04-24,16:08:22,99950,1,0.0000,0.0257,0.0539,1.5845,2.5268,0,1.0000,0,0,-0.4959,18.3836,-8.3084,1086.4130,167.7314,0.104,0.112,0.357,4.6544,54.5225,69
2026-04-24,16:08:22,99986,1,0.0000,0.1133,0.0396,1.1657,2.5263,0,1.0000,0,0,0.0351,19.5732,21.7598,993.5274,167.7877,0.072,0.176,0.354,3.3842,53.8965,69
2026-04-24,16:08:22,100022,1,0.0000,0.0771,0.0199,0.5859,2.5252,0,1.0000,0,0,0.0925,-4.6245,44.0415,756.5759,167.8353,0.040,0.240,0.350,2.7164,59.0809,69
2026-04-24,16:08:22,100058,1,0.0000,-0.0032,0.0192,0.5646,2.5249,0,1.0000,0,0,-0.6523,-11.6661,50.7303,368.1420,167.8742,0.008,0.304,0.347,-1.9318,61.2643,69
2026-04-24,16:08:22,100094,1,0.0000,0.0088,0.0179,0.5254,2.5248,0,1.0000,0,0,-2.2411,-39.6835,35.4464,-210.1656,167.9041,0.000,0.368,0.344,-6.0434,61.1414,69
2026-04-24,16:08:22,100130,1,0.0000,0.0031,0.0148,0.4342,2.5248,0,1.0000,0,0,-4.5424,-54.6104,26.0155,-230.7008,167.9661,0.000,0.416,0.342,-9.8841,60.8285,69
2026-04-24,16:08:22,100165,1,0.0000,-0.0082,0.0157,0.4603,2.5248,0,1.0000,0,0,-5.1105,1.0341,-0.9474,-630.3745,168.0609,0.000,0.480,0.338,-10.1168,59.0055,69
2026-04-24,16:08:22,100201,1,0.0000,-0.0232,0.0196,0.5773,2.5249,0,1.0000,0,0,-3.0098,74.6208,-19.2398,-569.3062,167.6808,0.000,0.544,0.335,-10.3696,58.8396,69
2026-04-24,16:08:22,100237,1,0.0000,0.0004,0.0177,0.5201,2.5248,0,1.0000,0,0,0.4830,118.4026,-26.7864,-342.9807,167.5818,0.000,0.608,0.332,-12.7427,59.6896,69
2026-04-24,16:08:22,100273,1,0.0000,0.0030,0.0162,0.4759,2.5247,0,1.0000,0,0,3.5725,83.2042,-29.8380,-184.3702,167.7543,0.000,0.672,0.329,-14.8438,59.2066,69
2026-04-24,16:08:23,100309,1,0.0000,-0.0034,0.0159,0.4679,2.5247,0,1.0000,0,0,5.8124,70.5148,-33.7646,-146.1511,167.7235,0.000,0.736,0.343,-15.1248,57.9840,69
2026-04-24,16:08:23,100345,1,0.0000,-0.0936,0.0271,0.7961,2.5251,0,1.0000,0,0,7.8364,60.4739,-40.0511,-189.7375,166.7101,0.000,0.800,0.375,-15.0935,57.7648,69
2026-04-24,16:08:23,100381,1,0.0000,-0.0130,0.0270,0.7935,2.5253,0,1.0000,0,0,11.9109,117.0446,-45.1336,-171.9093,165.2996,0.000,0.864,0.407,-15.3439,57.3614,69
2026-04-24,16:08:23,100418,1,0.0000,-0.0207,0.0323,0.9514,2.5255,0,1.0000,0,0,15.5964,80.2848,-58.1262,-320.4659,165.4080,0.000,0.880,0.439,-15.7941,56.9305,69
2026-04-24,16:08:23,100453,1,0.0000,0.0305,0.0300,0.8836,2.5256,0,1.0000,0,0,14.9893,-39.1097,-58.4676,-78.4903,166.4549,0.000,0.848,0.471,-16.3706,55.8822,69
2026-04-24,16:08:23,100489,1,0.0000,0.0365,0.0241,0.7090,2.5252,0,1.0000,0,0,10.6948,-120.8767,-47.2769,202.9834,167.4680,0.000,0.840,0.503,-14.9952,52.5862,69
2026-04-24,16:08:23,100525,1,0.0000,-0.0248,0.0304,0.8943,2.5255,0,1.0000,0,0,5.5855,-141.3332,-24.0796,562.5060,168.3445,0.064,0.904,0.535,-13.5981,50.8503,69
2026-04-24,16:08:23,100561,1,0.0000,0.0188,0.0307,0.9042,2.5255,0,1.0000,0,0,4.6756,-4.6666,4.1288,757.5097,168.3433,0.128,0.968,0.532,-12.5483,50.0893,69
2026-04-24,16:08:23,100597,1,0.0000,0.0198,0.0269,0.7907,2.5253,0,1.0000,0,0,6.4331,46.2472,23.4967,673.5074,167.9649,0.144,1.000,0.564,-11.5327,48.4866,69
2026-04-24,16:08:23,100632,1,0.0000,0.0068,0.0250,0.7360,2.5252,0,1.0000,0,0,7.9253,35.7131,44.9213,653.6246,167.6611,0.112,1.000,0.596,-10.2650,46.1033,69
2026-04-24,16:08:23,100668,1,0.0000,0.0156,0.0230,0.6752,2.5251,0,1.0000,0,0,7.7231,-8.4751,49.6609,341.0164,167.6343,0.080,1.000,0.628,-10.4639,43.7165,69
2026-04-24,16:08:23,100704,1,0.0000,0.0074,0.0218,0.6404,2.5250,0,1.0000,0,0,6.4849,-36.4129,56.0445,248.0320,167.6689,0.048,1.000,0.660,-11.2601,43.8982,69
2026-04-24,16:08:23,100740,1,0.0000,0.0177,0.0200,0.5870,2.5250,0,1.0000,0,0,4.9166,-37.6252,54.7830,44.1147,167.7508,0.016,1.000,0.683,-12.7808,44.7652,69
2026-04-24,16:08:23,100776,1,0.0000,-0.0191,0.0206,0.6049,2.5249,0,1.0000,0,0,3.9623,-24.9414,42.2437,-274.9523,167.6404,0.000,1.000,0.680,-13.8327,46.2261,69
2026-04-24,16:08:23,100812,1,0.0000,-0.0056,0.0220,0.6485,2.5250,0,1.0000,0,0,4.1774,22.4665,35.0114,-205.2905,167.3976,0.000,1.000,0.677,-14.9619,48.3526,69
2026-04-24,16:08:23,100848,1,0.0000,0.0056,0.0192,0.5647,2.5249,0,1.0000,0,0,5.9179,46.5020,43.2413,118.6443,167.6724,0.000,1.000,0.700,-15.1290,49.2963,69
2026-04-24,16:08:23,100884,1,0.0000,0.0025,0.0193,0.5670,2.5249,0,1.0000,0,0,6.8227,28.7015,60.0443,388.7872,167.7593,0.000,1.000,0.732,-15.3746,49.6959,69
2026-04-24,16:08:23,100920,1,0.0000,-0.0060,0.0216,0.6344,2.5250,0,1.0000,0,0,7.4660,17.4363,67.3835,237.6632,167.4864,0.000,1.000,0.764,-15.3860,49.8150,69
2026-04-24,16:08:23,100956,1,0.0000,-0.0097,0.0223,0.6567,2.5251,0,1.0000,0,0,8.8615,44.4428,66.6009,40.9423,167.2971,0.000,1.000,0.796,-14.2642,50.0187,69
2026-04-24,16:08:23,100992,1,0.0000,0.0054,0.0215,0.6322,2.5250,0,1.0000,0,0,10.1770,31.2084,52.6784,-251.6143,167.3656,0.000,1.000,0.828,-14.4443,51.3570,69
2026-04-24,16:08:23,101030,1,0.0000,-0.0031,0.0223,0.6545,2.5251,0,1.0000,0,0,11.2005,27.2967,49.7169,-197.5085,167.3896,0.000,1.000,0.852,-14.6421,52.0746,69
2026-04-24,16:08:23,101066,1,0.0000,-0.0283,0.0275,0.8094,2.5253,0,1.0000,0,0,10.7374,-11.5617,43.5329,-177.5240,167.3036,0.000,1.000,0.884,-14.6887,52.5405,69
2026-04-24,16:08:23,101102,1,0.0000,-0.0096,0.0282,0.8295,2.5254,0,1.0000,0,0,10.1382,-25.5791,38.5034,-130.9881,167.2876,0.000,1.000,0.916,-14.5803,52.7339,69
2026-04-24,16:08:23,101138,1,0.0000,-0.0024,0.0261,0.7663,2.5253,0,1.0000,0,0,9.3737,-23.2466,48.2729,169.8057,167.5702,0.016,1.000,0.948,-14.8855,53.3527,69
2026-04-24,16:08:23,101174,1,0.0000,0.0055,0.0251,0.7377,2.5253,0,1.0000,0,0,8.0066,-40.2078,64.3727,391.6455,167.7349,0.000,1.000,0.980,-14.8972,53.3786,69
2026-04-24,16:08:23,101209,1,0.0000,0.0080,0.0248,0.7308,2.5252,0,1.0000,0,0,7.1100,-26.5434,78.3232,383.2996,167.7367,0.000,1.000,1.000,-14.9479,53.5173,69
2026-04-24,16:08:23,101245,1,0.0000,0.0216,0.0209,0.6155,2.5251,0,1.0000,0,0,6.1212,-23.8050,78.0921,155.0363,167.7272,0.000,1.000,1.000,-14.7401,53.0912,69
2026-04-24,16:08:23,101281,1,0.0000,0.0200,0.0204,0.5994,2.5250,0,1.0000,0,0,5.6874,-10.8897,78.0456,35.4155,167.7607,0.000,0.984,1.000,-14.2832,52.9314,69
2026-04-24,16:08:24,101317,1,0.0000,0.0013,0.0227,0.6670,2.5250,0,1.0000,0,0,5.5949,4.4379,78.9188,20.8574,167.7241,0.000,0.952,1.000,-13.9618,53.0016,69
2026-04-24,16:08:24,101353,1,0.0000,-0.0095,0.0226,0.6650,2.5251,0,1.0000,0,0,6.2301,19.1987,78.1879,-8.7069,167.7151,0.000,0.920,1.000,-13.7326,53.8470,69
2026-04-24,16:08:24,101389,1,0.0000,0.0112,0.0226,0.6649,2.5250,0,1.0000,0,0,7.0431,23.9782,77.9447,1.0217,167.7546,0.000,0.888,1.000,-13.1206,53.2939,69
2026-04-24,16:08:24,101425,1,0.0000,-0.0006,0.0219,0.6445,2.5250,0,1.0000,0,0,7.4744,11.8300,85.5896,167.3913,167.7873,0.000,0.856,1.000,-13.3987,54.6470,69
2026-04-24,16:08:24,101461,1,0.0000,-0.0010,0.0225,0.6608,2.5250,0,1.0000,0,0,7.7303,7.5020,86.5779,61.9833,167.8158,0.000,0.824,1.000,-13.9241,56.0839,69
2026-04-24,16:08:24,101497,1,0.0000,-0.0026,0.0231,0.6792,2.5251,0,1.0000,0,0,7.8604,5.4453,88.0693,46.6257,167.7142,0.000,0.792,1.000,-14.9301,57.6804,69
2026-04-24,16:08:24,101533,1,0.0000,-0.0244,0.0267,0.7846,2.5252,0,1.0000,0,0,8.6918,23.7762,77.4785,-208.6176,167.5966,0.000,0.760,1.000,-16.3423,60.2870,69
2026-04-24,16:08:24,101569,1,0.0000,-0.0146,0.0264,0.7778,2.5253,0,1.0000,0,0,10.0465,33.2975,65.4342,-353.3409,167.6367,0.000,0.728,1.000,-16.3694,61.1904,69
2026-04-24,16:08:24,101605,1,0.0000,0.0306,0.0209,0.6154,2.5251,0,1.0000,0,0,10.8675,13.9337,51.1012,-374.2120,167.7637,0.000,0.696,1.000,-15.6128,61.2814,69
2026-04-24,16:08:24,101641,1,0.0000,-0.0271,0.0255,0.7510,2.5252,0,1.0000,0,0,9.7504,-43.5302,35.0823,-498.3684,167.7439,0.000,0.664,1.000,-12.4205,61.0869,69
2026-04-24,16:08:24,101677,1,0.0000,0.0126,0.0255,0.7493,2.5252,0,1.0000,0,0,7.6154,-54.1918,9.6948,-675.6566,167.7674,0.000,0.632,1.000,-10.7149,62.3665,69
2026-04-24,16:08:24,101713,1,0.0000,0.0122,0.0243,0.7140,2.5252,0,1.0000,0,0,6.1768,-46.8611,5.7600,-284.3521,167.8009,0.000,0.600,1.000,-9.6587,62.5971,69
2026-04-24,16:08:24,101749,1,0.0000,0.0053,0.0251,0.7391,2.5252,0,1.0000,0,0,5.2326,-15.1305,4.8350,-89.1020,167.7677,0.000,0.568,1.000,-8.9503,63.8488,69
2026-04-24,16:08:24,101785,1,0.0000,-0.0022,0.0235,0.6902,2.5252,0,1.0000,0,0,5.2011,-3.3085,5.1640,-13.6532,167.7790,0.000,0.536,1.000,-8.3063,63.9406,69
2026-04-24,16:08:24,101821,1,0.0000,0.0002,0.0249,0.7326,2.5252,0,1.0000,0,0,5.9715,23.4848,18.4962,289.4752,167.8416,0.000,0.504,1.000,-7.6757,64.2334,69
2026-04-24,16:08:24,101857,1,0.0000,0.0025,0.0240,0.7058,2.5251,0,1.0000,0,0,6.2866,8.6520,39.1422,527.7397,167.9061,0.000,0.472,1.000,-7.2585,64.0926,69
2026-04-24,16:08:24,101892,1,0.0000,-0.0049,0.0239,0.7021,2.5251,0,1.0000,0,0,6.5084,3.5922,50.2122,358.2152,167.9577,0.000,0.440,1.000,-7.2796,63.7928,69
2026-04-24,16:08:24,101928,1,0.0000,0.0060,0.0231,0.6790,2.5251,0,1.0000,0,0,6.3134,-1.2682,58.7031,322.5908,167.9336,0.000,0.408,1.000,-7.5659,63.9261,69
2026-04-24,16:08:24,101963,1,0.0000,0.0037,0.0241,0.7086,2.5252,0,1.0000,0,0,6.3898,0.7731,62.2145,254.0406,167.9527,0.000,0.384,1.000,-7.4813,64.3867,69
2026-04-24,16:08:24,102004,1,0.0000,-0.0036,0.0253,0.7445,2.5252,0,1.0000,0,0,6.5905,5.3879,65.3486,79.5567,167.8956,0.000,0.344,1.000,-7.4911,64.6063,69
2026-04-24,16:08:24,102040,1,0.0000,0.0008,0.0237,0.6956,2.5251,0,1.0000,0,0,6.4662,-3.9323,62.6518,-30.2458,167.9129,0.000,0.312,1.000,-7.6520,65.1060,69
2026-04-24,16:08:24,102076,1,0.0000,0.0128,0.0222,0.6523,2.5251,0,1.0000,0,0,6.2195,-9.4389,52.0312,-236.7803,167.9470,0.000,0.280,1.000,-7.6088,65.4729,69
2026-04-24,16:08:24,102112,1,0.0000,-0.0040,0.0229,0.6734,2.5251,0,1.0000,0,0,5.8618,-7.0108,42.1855,-283.7707,167.9726,0.000,0.248,1.000,-7.2472,65.7643,69
2026-04-24,16:08:24,102148,1,0.0000,0.0085,0.0221,0.6505,2.5251,0,1.0000,0,0,5.5579,-7.6828,27.6438,-400.7415,167.9803,0.000,0.216,1.000,-6.9332,65.9809,69
2026-04-24,16:08:24,102184,1,0.0000,0.0039,0.0223,0.6549,2.5251,0,1.0000,0,0,5.6087,2.1940,4.5533,-622.1920,167.9687,0.000,0.184,1.000,-6.9945,66.0810,69
2026-04-24,16:08:24,102220,1,0.0000,-0.0087,0.0237,0.6956,2.5251,0,1.0000,0,0,5.6982,4.5286,-22.3488,-777.7639,167.9594,0.000,0.152,1.000,-7.2126,66.1979,69
2026-04-24,16:08:24,102256,1,0.0000,0.0048,0.0211,0.6199,2.5251,0,1.0000,0,0,5.7993,2.1204,-48.8704,-807.3973,167.9227,0.000,0.168,1.000,-7.3397,66.1279,69
2026-04-24,16:08:24,102292,1,0.0000,-0.0034,0.0230,0.6752,2.5251,0,1.0000,0,0,5.9483,5.6699,-72.2395,-758.7166,167.8554,0.000,0.232,1.000,-7.7547,66.0532,69
2026-04-24,16:08:25,102328,1,0.0000,-0.0065,0.0242,0.7122,2.5251,0,1.0000,0,0,6.1726,6.3427,-87.8343,-559.1892,167.8129,0.000,0.296,1.000,-8.0791,65.8534,69
2026-04-24,16:08:25,102364,1,0.0000,-0.0078,0.0239,0.7031,2.5251,0,1.0000,0,0,6.5886,11.0589,-98.3690,-403.7893,167.7834,0.000,0.360,1.000,-8.2047,65.6280,69
2026-04-24,16:08:25,102400,1,0.0000,0.0164,0.0230,0.6753,2.5251,0,1.0000,0,0,6.7777,4.0888,-92.5012,-19.8741,167.8020,0.000,0.424,1.000,-8.2816,65.3315,69
2026-04-24,16:08:25,102436,1,0.0000,0.0092,0.0237,0.6956,2.5251,0,1.0000,0,0,6.7537,-2.9893,-94.2371,-62.7045,167.8312,0.000,0.488,1.000,-8.2842,65.1559,69
2026-04-24,16:08:25,102472,1,0.0000,0.0010,0.0235,0.6902,2.5252,0,1.0000,0,0,6.5928,-4.5805,-102.2020,-192.4769,167.9054,0.000,0.552,1.000,-8.3685,64.8996,69
2026-04-24,16:08:25,102508,1,0.0000,-0.0019,0.0246,0.7224,2.5252,0,1.0000,0,0,6.3955,-7.6658,-110.0123,-204.1944,167.9848,0.000,0.616,1.000,-8.7224,64.8438,69
2026-04-24,16:08:25,102544,1,0.0000,0.0034,0.0239,0.7039,2.5252,0,1.0000,0,0,6.2190,-5.7245,-101.9621,79.1659,168.0424,0.000,0.680,1.000,-8.8744,64.8084,69
2026-04-24,16:08:25,102580,1,0.0000,0.0036,0.0245,0.7207,2.5252,0,1.0000,0,0,6.0068,-6.3550,-103.4269,-20.2297,168.0516,0.000,0.744,1.000,-9.0087,64.7464,69
2026-04-24,16:08:25,102616,1,0.0000,0.0098,0.0242,0.7106,2.5252,0,1.0000,0,0,6.0420,-1.6042,-103.1115,45.5573,168.0415,0.000,0.808,1.000,-9.0164,64.5577,69
2026-04-24,16:08:25,102652,1,0.0000,0.0018,0.0254,0.7477,2.5252,0,1.0000,0,0,5.8759,-6.1622,-95.0095,148.7321,168.0411,0.000,0.872,1.000,-9.0300,64.4313,69
2026-04-24,16:08:25,102688,1,0.0000,-0.0033,0.0249,0.7324,2.5252,0,1.0000,0,0,5.5107,-12.1953,-97.9522,-21.0762,168.0087,0.000,0.936,1.000,-8.7519,64.1926,69
2026-04-24,16:08:25,102724,1,0.0000,0.0017,0.0254,0.7459,2.5252,0,1.0000,0,0,5.1477,-9.0116,-105.4424,-164.8262,168.0245,0.000,1.000,1.000,-8.3934,63.8981,69
2026-04-24,16:08:25,102760,1,0.0000,-0.0037,0.0242,0.7123,2.5252,0,1.0000,0,0,4.7907,-10.7447,-114.7782,-249.3216,168.0316,0.000,1.000,0.998,-7.9987,63.6111,69
2026-04-24,16:08:25,102796,1,0.0000,-0.0060,0.0264,0.7763,2.5252,0,1.0000,0,0,4.6261,-4.6518,-115.8324,-85.0538,168.0200,0.000,0.992,0.994,-7.8542,63.5428,69
2026-04-24,16:08:25,102832,1,0.0000,-0.0029,0.0251,0.7392,2.5252,0,1.0000,0,0,4.6178,0.0223,-117.2027,-70.7872,167.9962,0.000,0.960,0.991,-7.9462,63.5928,69
2026-04-24,16:08:25,102868,1,0.0000,0.0020,0.0252,0.7426,2.5252,0,1.0000,0,0,4.6934,1.0422,-116.0564,11.1692,168.0061,0.000,0.928,0.988,-7.8531,63.7743,69
2026-04-24,16:08:25,102904,1,0.0000,-0.0016,0.0247,0.7274,2.5252,0,1.0000,0,0,4.6038,-0.4742,-115.7081,11.1395,168.0248,0.000,0.912,0.986,-7.7596,63.9930,69
2026-04-24,16:08:25,102939,1,0.0000,0.0051,0.0242,0.7123,2.5252,0,1.0000,0,0,4.4549,-4.2020,-118.5575,-63.6335,168.0154,0.000,0.880,0.983,-7.6409,63.8011,69
2026-04-24,16:08:25,102975,1,0.0000,0.0022,0.0239,0.7039,2.5252,0,1.0000,0,0,4.3145,-3.9715,-124.5057,-148.0645,168.0302,0.000,0.848,0.980,-7.6803,63.9330,69
2026-04-24,16:08:25,103011,1,0.0000,0.0133,0.0231,0.6789,2.5252,0,1.0000,0,0,4.1441,-5.4089,-130.9593,-182.9778,168.0394,0.000,0.816,0.977,-7.6475,64.3521,69
2026-04-24,16:08:25,103047,1,0.0000,0.0070,0.0230,0.6772,2.5251,0,1.0000,0,0,3.8692,-6.9303,-136.5470,-178.0967,168.0471,0.000,0.784,0.974,-7.5476,64.4688,69
2026-04-24,16:08:25,103083,1,0.0000,-0.0076,0.0236,0.6937,2.5251,0,1.0000,0,0,3.3752,-13.7817,-140.7887,-144.8160,168.0516,0.000,0.752,0.970,-7.3780,64.8546,69
2026-04-24,16:08:25,103119,1,0.0000,-0.0140,0.0218,0.6423,2.5251,0,1.0000,0,0,2.8718,-10.7735,-133.0981,147.9333,168.0281,0.000,0.720,0.967,-7.1971,65.4068,69
2026-04-24,16:08:25,103155,1,0.0000,0.0013,0.0228,0.6712,2.5251,0,1.0000,0,0,2.8559,3.4839,-124.6823,208.9859,167.9770,0.000,0.688,0.964,-7.2947,65.8669,69
2026-04-24,16:08:25,103191,1,0.0000,0.0026,0.0231,0.6792,2.5251,0,1.0000,0,0,3.6488,23.4903,-121.7485,126.0739,167.8937,0.000,0.656,0.961,-7.7591,66.5383,69
2026-04-24,16:08:25,103227,1,0.0000,-0.0060,0.0226,0.6632,2.5251,0,1.0000,0,0,4.7187,30.3892,-123.0389,10.0559,167.8017,0.000,0.624,0.958,-8.1315,66.9131,69
2026-04-24,16:08:25,103263,1,0.0000,-0.0061,0.0250,0.7358,2.5252,0,1.0000,0,0,6.1840,37.4151,-127.7502,-99.1148,167.7860,0.000,0.592,0.990,-8.8665,67.3387,69
2026-04-24,16:08:26,103299,1,0.0000,-0.0039,0.0254,0.7460,2.5252,0,1.0000,0,0,7.2149,20.7761,-133.2262,-146.4085,167.8705,0.000,0.560,1.000,-9.3260,67.1945,69
2026-04-24,16:08:26,103335,1,0.0000,-0.0078,0.0238,0.7003,2.5251,0,1.0000,0,0,6.6305,-24.7559,-137.9946,-148.9855,167.9523,0.000,0.528,1.000,-8.5244,67.1034,69
2026-04-24,16:08:26,103371,1,0.0000,0.0085,0.0217,0.6383,2.5251,0,1.0000,0,0,4.5239,-60.5157,-142.2793,-139.0146,168.0034,0.000,0.496,0.999,-4.9257,67.0142,69
2026-04-24,16:08:26,103407,1,0.0000,0.0086,0.0218,0.6423,2.5251,0,1.0000,0,0,2.2347,-61.2462,-134.9135,94.4041,168.0367,0.000,0.464,0.996,-1.7455,66.7930,69
2026-04-24,16:08:26,103443,1,0.0000,0.0001,0.0215,0.6321,2.5251,0,1.0000,0,0,0.6634,-37.0618,-131.1304,101.1634,168.0724,0.000,0.432,0.993,2.6488,66.1981,69
2026-04-24,16:08:26,103479,1,0.0000,-0.0016,0.0230,0.6752,2.5251,0,1.0000,0,0,0.5654,3.9653,-129.8933,57.2632,168.0529,0.000,0.400,0.990,5.7389,65.9655,69
2026-04-24,16:08:26,103515,1,0.0000,-0.0074,0.0233,0.6854,2.5251,0,1.0000,0,0,1.6897,35.4443,-129.6869,20.5377,168.0263,0.000,0.368,0.986,9.2951,65.6818,69
2026-04-24,16:08:26,103551,1,0.0000,-0.0012,0.0239,0.7019,2.5251,0,1.0000,0,0,3.3331,46.5244,-129.9321,-1.5564,167.9532,0.000,0.336,0.983,12.8336,67.0309,69
2026-04-24,16:08:26,103587,1,0.0000,0.0071,0.0228,0.6713,2.5251,0,1.0000,0,0,4.8967,40.9286,-131.5479,-37.3988,167.9002,0.000,0.304,0.980,15.0894,67.3642,69
2026-04-24,16:08:26,103623,1,0.0000,0.0122,0.0210,0.6179,2.5251,0,1.0000,0,0,5.6045,13.9891,-134.4598,-73.0739,167.8963,0.000,0.272,1.000,17.6740,67.5921,69
2026-04-24,16:08:26,103659,1,0.0000,0.0019,0.0213,0.6260,2.5250,0,1.0000,0,0,5.0856,-17.9761,-137.6436,-92.8918,167.9367,0.000,0.240,1.000,20.3450,67.3709,69
2026-04-24,16:08:26,103695,1,0.0000,0.0108,0.0211,0.6199,2.5250,0,1.0000,0,0,3.5302,-42.9930,-140.6148,-91.1302,167.9602,0.000,0.208,0.997,22.3321,67.0074,69
2026-04-24,16:08:26,103731,1,0.0000,-0.0124,0.0218,0.6404,2.5250,0,1.0000,0,0,2.2246,-34.5819,-142.7234,-75.1966,167.9576,0.000,0.176,0.994,23.2674,65.7799,69
2026-04-24,16:08:26,103767,1,0.0000,0.0041,0.0225,0.6629,2.5250,0,1.0000,0,0,1.4422,-12.4622,-143.4246,-32.6825,167.9026,0.000,0.144,0.990,23.8926,65.1453,69
2026-04-24,16:08:26,103807,1,0.0000,0.0076,0.0223,0.6547,2.5250,0,1.0000,0,0,1.8461,2.2005,-142.4801,-14.4415,167.8801,0.000,0.120,0.988,25.1812,64.2657,69
2026-04-24,16:08:26,103842,1,0.0000,-0.0083,0.0237,0.6956,2.5251,0,1.0000,0,0,3.7463,50.7111,-139.9467,47.6582,167.8878,0.000,0.088,0.985,26.5804,63.8530,69
2026-04-24,16:08:26,103878,1,0.0000,-0.0177,0.0240,0.7067,2.5251,0,1.0000,0,0,5.5402,48.1404,-138.7449,34.0033,167.9310,0.000,0.056,0.999,26.9523,63.1105,69
2026-04-24,16:08:26,103913,1,0.0000,0.0143,0.0215,0.6319,2.5251,0,1.0000,0,0,6.5948,24.5862,-139.7714,-12.4837,168.0198,0.000,0.024,1.000,27.7428,62.4391,69
2026-04-24,16:08:26,103949,1,0.0000,0.0107,0.0222,0.6522,2.5251,0,1.0000,0,0,6.4698,-13.5690,-142.5571,-65.4272,168.1369,0.000,0.000,1.000,28.2495,60.9879,69
2026-04-24,16:08:26,103985,1,0.0000,0.0119,0.0214,0.6282,2.5251,0,1.0000,0,0,4.9225,-45.2941,-145.8007,-89.1398,168.2243,0.000,0.000,0.999,27.1167,57.8320,69
2026-04-24,16:08:26,104021,1,0.0000,-0.0024,0.0220,0.6466,2.5251,0,1.0000,0,0,2.8666,-57.2527,-142.6718,83.7469,168.2065,0.000,0.000,0.996,28.3356,56.9420,69
2026-04-24,16:08:26,104057,1,0.0000,0.0081,0.0235,0.6912,2.5251,0,1.0000,0,0,1.6646,-29.4365,-128.7929,281.3846,168.1418,0.000,0.000,0.993,30.1049,57.4216,69
2026-04-24,16:08:26,104093,1,0.0000,-0.0067,0.0235,0.6918,2.5251,0,1.0000,0,0,0.8682,-15.6713,-122.6968,217.6583,168.0354,0.000,0.000,0.990,32.0576,57.1723,69
2026-04-24,16:08:26,104129,1,0.0000,0.0023,0.0227,0.6689,2.5251,0,1.0000,0,0,1.2922,15.1446,-118.5275,161.0479,167.8335,0.000,0.000,0.986,34.0736,57.8627,69
2026-04-24,16:08:26,104165,1,0.0000,-0.0018,0.0223,0.6568,2.5251,0,1.0000,0,0,2.6278,39.1671,-116.6841,88.7328,167.8130,0.000,0.000,0.983,36.2355,58.2651,69
2026-04-24,16:08:26,104201,1,0.0000,0.0027,0.0242,0.7123,2.5252,0,1.0000,0,0,3.9253,34.5467,-117.3394,14.6790,167.8482,0.000,0.000,0.980,37.7298,58.0426,69
2026-04-24,16:08:26,104237,1,0.0000,-0.0122,0.0255,0.7493,2.5252,0,1.0000,0,0,4.6614,16.1695,-119.6367,-45.8901,167.8482,0.000,0.000,0.977,38.3641,57.2841,69
2026-04-24,16:08:26,104273,1,0.0000,-0.0073,0.0257,0.7545,2.5252,0,1.0000,0,0,4.3452,-11.6832,-123.7724,-102.8090,167.8018,0.000,0.000,0.974,38.7600,56.1337,69
2026-04-24,16:08:27,104309,1,0.0000,-0.0179,0.0274,0.8049,2.5253,0,1.0000,0,0,3.7668,-19.0101,-128.4760,-128.0255,167.6867,0.000,0.000,0.970,38.5156,54.1892,69
2026-04-24,16:08:27,104345,1,0.0000,-0.0044,0.0267,0.7849,2.5253,0,1.0000,0,0,3.3299,-9.4077,-132.6489,-129.3078,167.7486,0.000,0.000,0.967,38.5406,53.3527,69
2026-04-24,16:08:27,104381,1,0.0000,0.0058,0.0266,0.7834,2.5253,0,1.0000,0,0,3.2132,-7.8882,-136.6031,-124.2496,167.9438,0.016,0.000,0.964,40.2071,54.7694,69
2026-04-24,16:08:27,104417,1,0.0000,-0.0049,0.0274,0.8050,2.5253,0,1.0000,0,0,2.9870,-5.0444,-140.3292,-118.9771,167.9918,0.032,0.000,0.961,42.2898,57.5237,69
2026-04-24,16:08:27,104453,1,0.0000,-0.0041,0.0254,0.7478,2.5253,0,1.0000,0,0,2.7339,-9.1004,-143.4480,-104.3984,167.9238,0.024,0.000,0.958,42.5910,58.8446,69
2026-04-24,16:08:27,104489,1,0.0000,0.0055,0.0280,0.8235,2.5253,0,1.0000,0,0,2.6330,-6.3052,-146.1666,-93.6019,167.7926,0.016,0.000,0.954,39.5538,57.0909,69
2026-04-24,16:08:27,104525,1,0.0000,-0.0077,0.0255,0.7493,2.5252,0,1.0000,0,0,2.2117,-8.8508,-148.8420,-84.8510,167.8182,0.000,0.000,0.951,36.8347,55.3918,69
2026-04-24,16:08:27,104561,1,0.0000,-0.0080,0.0260,0.7661,2.5252,0,1.0000,0,0,1.7802,-11.3106,-150.1796,-53.4835,167.8043,0.000,0.000,0.948,33.5013,53.3812,69
2026-04-24,16:08:27,104597,1,0.0000,0.0046,0.0265,0.7793,2.5253,0,1.0000,0,0,1.5890,1.7030,-150.7041,-25.6130,167.6126,0.000,0.000,0.945,32.0595,53.6812,69
2026-04-24,16:08:27,104633,1,0.0000,0.0150,0.0251,0.7376,2.5252,0,1.0000,0,0,2.5566,23.0733,-150.6963,-7.7303,167.6868,0.000,0.000,0.942,28.6396,53.1945,69
2026-04-24,16:08:27,104669,1,0.0000,-0.0087,0.0264,0.7779,2.5253,0,1.0000,0,0,2.8657,9.2421,-151.4881,-23.0414,167.8672,0.000,0.000,0.938,25.6914,54.1675,69
2026-04-24,16:08:27,104707,1,0.0000,0.0112,0.0262,0.7694,2.5253,0,1.0000,0,0,2.7719,2.3402,-152.2267,-22.2366,167.9139,0.000,0.000,0.936,24.9552,56.8476,69
2026-04-24,16:08:27,104743,1,0.0000,0.0019,0.0252,0.7409,2.5252,0,1.0000,0,0,2.7902,1.9341,-152.9757,-20.6731,167.8955,0.000,0.000,0.933,23.5364,59.1440,69
2026-04-24,16:08:27,104778,1,0.0000,-0.0042,0.0271,0.7964,2.5253,0,1.0000,0,0,2.3701,-6.2580,-153.9293,-24.9368,167.9078,0.000,0.000,0.930,21.9730,61.1256,69
2026-04-24,16:08:27,104814,1,0.0000,-0.0016,0.0263,0.7748,2.5253,0,1.0000,0,0,2.6631,3.2151,-154.6579,-26.3201,167.8991,0.000,0.000,0.926,20.1545,61.7793,69
2026-04-24,16:08:27,104850,1,0.0000,0.0033,0.0234,0.6886,2.5252,0,1.0000,0,0,2.6730,3.6181,-154.8326,-8.3398,167.9355,0.000,0.000,0.923,18.3530,63.6536,69
2026-04-24,16:08:27,104886,1,0.0000,0.0076,0.0229,0.6735,2.5252,0,1.0000,0,0,2.2151,-16.0931,-153.8770,16.1984,167.9679,0.000,0.000,0.920,17.1947,65.4802,69
2026-04-24,16:08:27,104922,1,0.0000,0.0340,0.0184,0.5403,2.5250,0,1.0000,0,0,1.8293,-7.3011,-152.9654,26.3495,167.9870,0.000,0.000,0.917,15.0285,66.9483,69
2026-04-24,16:08:27,104957,1,0.0000,0.0001,0.0191,0.5612,2.5249,0,1.0000,0,0,0.6766,-27.7672,-150.0297,72.6351,167.9756,0.000,0.000,0.914,14.5878,68.4793,69
2026-04-24,16:08:27,104993,1,0.0000,0.0058,0.0185,0.5439,2.5249,0,1.0000,0,0,-0.0832,-15.3562,-143.5125,173.1311,167.9887,0.000,0.000,0.910,15.9001,71.0757,69
2026-04-24,16:08:27,105029,1,0.0000,0.0029,0.0184,0.5408,2.5249,0,1.0000,0,0,-0.7716,-2.3315,-131.8350,310.2143,168.0154,0.000,0.000,0.907,18.7051,73.3897,69
2026-04-24,16:08:27,105065,1,0.0000,-0.0079,0.0184,0.5407,2.5249,0,1.0000,0,0,0.0426,32.2958,-116.4886,419.5037,167.9747,0.000,0.000,0.904,22.9939,75.3374,69
2026-04-24,16:08:27,105101,1,0.0000,-0.0632,0.0287,0.8436,2.5252,0,1.0000,0,0,3.3774,108.5811,-100.4781,472.1228,167.6600,0.000,0.000,0.901,25.3353,75.4573,69
2026-04-24,16:08:27,105137,1,0.0000,-0.0396,0.0312,0.9176,2.5254,0,1.0000,0,0,9.4074,168.5815,-83.5398,516.3884,167.4218,0.000,0.000,0.924,26.4686,74.7504,69
2026-04-24,16:08:27,105173,1,0.0000,-0.0914,0.0443,1.3032,2.5260,0,1.0000,0,0,15.2231,147.6617,-71.9452,392.1040,167.3441,0.000,0.000,0.956,28.2977,73.8154,69
2026-04-24,16:08:27,105209,1,0.0000,-0.0408,0.0516,1.5187,2.5265,0,1.0000,0,0,10.2108,-119.1747,-62.9787,343.1647,167.5331,0.000,0.000,0.988,31.4913,74.1951,69
2026-04-24,16:08:27,105244,1,0.0000,0.0102,0.0482,1.4183,2.5266,0,1.0000,0,0,4.4542,-153.7561,-55.0497,287.3020,167.4251,0.048,0.000,0.999,34.1165,74.9124,69
2026-04-24,16:08:27,105280,1,0.0000,-0.0057,0.0524,1.5426,2.5266,0,1.0000,0,0,4.7135,26.5574,-34.2750,557.4294,167.2418,0.112,0.016,0.996,35.6922,74.9993,69
2026-04-24,16:08:28,105316,1,0.0000,0.0028,0.0497,1.4603,2.5266,0,1.0000,0,0,7.8345,71.6484,-5.8954,756.1572,167.3712,0.128,0.080,1.000,36.4706,74.9205,69
2026-04-24,16:08:28,105352,1,0.0000,-0.0055,0.0511,1.5040,2.5266,0,1.0000,0,0,9.1543,18.1709,10.6956,615.4474,167.6035,0.096,0.144,1.000,39.5509,75.8359,69
2026-04-24,16:08:28,105388,1,0.0000,0.0419,0.0451,1.3258,2.5264,0,1.0000,0,0,6.6039,-72.7744,25.9625,489.2291,167.7591,0.088,0.208,1.000,42.7569,76.9273,69
2026-04-24,16:08:28,105423,1,0.0000,0.0143,0.0428,1.2575,2.5262,0,1.0000,0,0,3.2351,-100.1476,33.0401,302.2702,167.7037,0.152,0.272,0.998,48.1497,78.7216,69
2026-04-24,16:08:28,105459,1,0.0000,-0.0526,0.0496,1.4593,2.5264,0,1.0000,0,0,2.2601,-11.1527,21.7936,-148.1189,167.4952,0.216,0.336,0.995,49.9832,79.1576,69
2026-04-24,16:08:28,105494,1,0.0000,0.0152,0.0470,1.3837,2.5265,0,1.0000,0,0,4.2131,58.3481,6.9226,-355.3114,167.5560,0.280,0.400,0.992,53.4784,80.5285,69
2026-04-24,16:08:28,105530,1,0.0000,0.0028,0.0460,1.3518,2.5264,0,1.0000,0,0,6.6080,52.1200,7.4032,-75.3082,167.6546,0.248,0.464,1.000,53.6306,80.8691,69
2026-04-24,16:08:28,105566,1,0.0000,-0.0023,0.0473,1.3900,2.5264,0,1.0000,0,0,5.8309,-26.8806,3.3431,-138.9767,167.8037,0.216,0.528,1.000,52.9270,81.0807,69
2026-04-24,16:08:28,105602,1,0.0000,0.0090,0.0443,1.3044,2.5263,0,1.0000,0,0,3.6928,-56.5929,1.1297,-95.9649,167.7907,0.232,0.592,0.998,50.9233,81.2225,69
2026-04-24,16:08:28,105641,1,0.0000,-0.0226,0.0487,1.4309,2.5264,0,1.0000,0,0,2.5005,-39.1381,0.9979,-67.0247,167.7417,0.280,0.640,0.995,49.6222,81.7257,69
2026-04-24,16:08:28,105677,1,0.0000,-0.0015,0.0508,1.4938,2.5265,0,1.0000,0,0,4.1083,45.3322,5.9598,91.9072,167.7009,0.320,0.704,0.992,48.2375,81.9922,69
2026-04-24,16:08:28,105713,1,0.0000,-0.0625,0.0580,1.7062,2.5268,0,1.0000,0,0,5.9840,42.3349,9.4462,125.8258,167.7895,0.288,0.768,1.000,47.0362,82.5339,69
2026-04-24,16:08:28,105749,1,0.0000,-0.0391,0.0656,1.9296,2.5272,0,1.0000,0,0,5.6200,-13.6667,18.7809,233.3831,167.8752,0.256,0.832,1.000,46.9659,83.3877,69
2026-04-24,16:08:28,105784,1,0.0000,-0.0067,0.0653,1.9201,2.5273,0,1.0000,0,0,3.8642,-47.8618,35.3306,434.9683,167.8690,0.272,0.896,0.998,46.0784,83.8574,69
2026-04-24,16:08:28,105820,1,0.0000,0.0244,0.0617,1.8153,2.5272,0,1.0000,0,0,3.3884,-4.3473,46.5755,370.5432,167.7950,0.336,0.960,0.994,42.9689,84.0074,69
2026-04-24,16:08:28,105856,1,0.0000,0.0219,0.0577,1.6963,2.5270,0,1.0000,0,0,4.1186,18.9928,37.8677,-76.3090,167.8024,0.376,1.000,0.991,42.0114,84.3073,69
2026-04-24,16:08:28,105892,1,0.0000,-0.0053,0.0588,1.7286,2.5270,0,1.0000,0,0,4.8218,17.2065,36.7819,-13.8359,167.8347,0.344,1.000,0.988,39.4308,84.4978,69
2026-04-24,16:08:28,105928,1,0.0000,-0.0044,0.0583,1.7134,2.5270,0,1.0000,0,0,4.6753,-3.8052,40.7129,98.7442,167.8483,0.312,1.000,0.985,36.5038,84.7471,69
2026-04-24,16:08:28,105963,1,0.0000,-0.0074,0.0602,1.7708,2.5270,0,1.0000,0,0,4.4455,-6.0583,40.1908,-7.7905,167.8398,0.280,1.000,0.982,34.8901,84.9919,69
2026-04-24,16:08:28,105999,1,0.0000,0.0027,0.0598,1.7582,2.5270,0,1.0000,0,0,4.3764,-0.1685,46.1497,145.2999,167.8403,0.248,1.000,0.978,34.2608,85.5745,69
2026-04-24,16:08:28,106035,1,0.0000,0.0044,0.0591,1.7375,2.5270,0,1.0000,0,0,4.5832,4.4699,61.1498,363.6282,167.8500,0.216,1.000,0.975,34.3659,86.1562,69
2026-04-24,16:08:28,106071,1,0.0000,-0.0068,0.0608,1.7868,2.5270,0,1.0000,0,0,4.6305,2.3053,66.3282,164.8186,167.8575,0.184,1.000,0.972,33.8428,87.0161,69
2026-04-24,16:08:28,106107,1,-0.2320,-0.0255,0.0575,1.6925,2.5271,0,1.0000,-29,1,4.5600,-1.8333,59.5114,-41.5325,167.8490,0.152,1.000,0.969,30.4181,87.4577,69
2026-04-24,16:08:28,106143,1,-0.2320,-0.1054,0.0367,1.0781,2.5278,0,1.0000,-29,1,4.5383,0.3445,59.5461,-43.5656,167.8529,0.120,1.000,0.966,22.0051,87.8623,69
2026-04-24,16:08:28,106179,1,-0.2320,-0.1304,0.0215,0.6331,2.5286,0,1.0000,-29,1,4.2370,-10.3692,40.9239,-426.9222,167.8597,0.088,1.000,0.962,12.0751,88.3900,69
2026-04-24,16:08:28,106215,1,-2.1120,-0.1613,0.0224,0.6582,2.5300,0,1.0000,-264,1,3.9412,-2.4322,13.3237,-723.8461,167.8694,0.056,0.976,0.959,-0.1390,88.7979,69
2026-04-24,16:08:28,106251,1,-2.1120,-0.0539,0.0179,0.5252,2.5311,0,1.0000,-264,1,3.7451,-0.6742,-13.8338,-795.5333,167.8408,0.024,0.944,0.956,-35.9389,89.1858,69
2026-04-24,16:08:28,106287,1,-3.1440,-0.1596,0.0160,0.4702,2.5318,0,1.0000,-393,1,3.8099,3.9029,-34.4364,-680.8940,167.8209,0.000,0.912,0.953,-65.7820,89.4792,69
2026-04-24,16:08:29,106323,1,-3.1440,-0.0690,0.0229,0.6740,2.5326,0,1.0000,-393,1,5.1474,32.7039,-45.0736,-440.7029,167.8114,0.000,0.880,0.958,-94.4943,90.1649,69
2026-04-24,16:08:29,106359,1,-3.1440,-0.0337,0.0193,0.5689,2.5333,0,1.0000,-393,1,5.4855,23.3598,-51.4716,-306.9618,167.8295,0.000,0.848,0.990,-112.4581,91.2724,69
2026-04-24,16:08:29,106396,1,-4.0880,0.0105,0.0112,0.3300,2.5334,0,1.0000,-511,1,5.8176,-0.9123,-55.7207,-155.7487,167.8520,0.000,0.816,1.000,-117.6108,91.9801,69
2026-04-24,16:08:29,106432,1,-4.0880,0.0221,0.0111,0.3267,2.5334,0,1.0000,-511,1,5.9686,6.5209,-49.9474,29.4245,167.8731,0.000,0.784,1.000,-120.4491,92.7296,69
2026-04-24,16:08:29,106468,1,-4.0880,0.0040,0.0099,0.2898,2.5333,0,1.0000,-511,1,5.2761,-15.4102,-50.4729,-27.0290,167.9014,0.000,0.752,0.997,-122.1782,93.3366,69
2026-04-24,16:08:29,106505,1,-4.0880,0.0213,0.0071,0.2084,2.5332,0,1.0000,-511,1,5.1830,-4.9478,-60.3567,-209.8630,167.9028,0.000,0.720,0.994,-124.4429,93.8858,69
2026-04-24,16:08:29,106544,1,-4.0880,0.0036,0.0075,0.2214,2.5331,0,1.0000,-511,1,4.8679,-6.4865,-62.0868,-157.1293,167.9195,0.000,0.696,0.991,-125.9178,94.3416,69
2026-04-24,16:08:29,106580,1,-4.0880,0.0013,0.0072,0.2111,2.5331,0,1.0000,-511,1,4.8188,-2.2755,-61.5617,-56.5973,167.9311,0.000,0.664,0.988,-126.8033,94.6781,69
2026-04-24,16:08:29,106616,1,-4.0880,0.0085,0.0058,0.1700,2.5331,0,1.0000,-511,1,5.1654,12.1407,-66.1908,-116.6667,167.9987,0.000,0.632,0.985,-128.6942,95.1402,69
2026-04-24,16:08:29,106652,1,-4.0880,-0.0054,0.0058,0.1701,2.5331,0,1.0000,-511,1,5.3877,9.4443,-65.4992,-25.5823,168.1196,0.000,0.600,0.982,-131.8953,95.7777,69
2026-04-24,16:08:29,106688,1,-4.0880,-0.0028,0.0065,0.1899,2.5331,0,1.0000,-511,1,5.7033,11.2262,-59.5161,123.6468,168.0731,0.000,0.568,0.978,-132.8548,95.9459,69
2026-04-24,16:08:29,106724,1,-4.0960,0.0140,0.0068,0.2006,2.5331,0,1.0000,-512,1,6.2979,18.5167,-49.9628,224.8206,167.9347,0.000,0.536,0.975,-135.2225,96.3558,69
2026-04-24,16:08:29,106760,1,-4.0960,-0.0011,0.0065,0.1915,2.5331,0,1.0000,-512,1,6.9087,17.7679,-48.0044,96.6061,167.8421,0.000,0.504,0.972,-137.5648,96.8600,69
2026-04-24,16:08:29,106796,1,-4.0960,-0.0179,0.0097,0.2853,2.5332,0,1.0000,-512,1,7.5047,16.6994,-46.6033,74.1488,167.8070,0.000,0.472,0.969,-139.2996,97.3154,69
2026-04-24,16:08:29,106833,1,-4.0880,-0.0114,0.0114,0.3346,2.5334,0,1.0000,-511,1,8.0453,13.8451,-32.7220,329.8984,167.7448,0.000,0.440,0.992,-140.7330,97.8736,69
2026-04-24,16:08:29,106869,1,-4.0880,0.0139,0.0095,0.2803,2.5334,0,1.0000,-511,1,8.2916,3.0460,-27.6544,182.9985,167.8393,0.000,0.408,0.999,-141.9926,98.5226,69
2026-04-24,16:08:29,106906,1,-0.6960,0.0159,0.0095,0.2784,2.5333,0,1.0000,-87,1,7.8807,-12.2097,-36.3403,-108.3607,167.9247,0.000,0.376,0.998,-142.4256,98.8708,69
2026-04-24,16:08:29,106942,1,-0.6960,0.0177,0.0070,0.2064,2.5332,0,1.0000,-87,1,7.0455,-22.2418,-50.6456,-330.5418,167.9202,0.000,0.344,0.994,-143.2480,99.4131,69
2026-04-24,16:08:29,106978,1,-0.6960,0.0051,0.0077,0.2276,2.5331,0,1.0000,-87,1,6.4302,-14.0106,-64.7758,-397.8044,167.9163,0.000,0.312,0.991,-144.8220,100.1285,69
2026-04-24,16:08:29,107015,1,0.0000,-0.0068,0.0072,0.2127,2.5331,0,1.0000,0,1,6.2855,-1.7844,-73.0898,-279.7169,167.8921,0.000,0.280,0.988,-146.5988,100.9009,69
2026-04-24,16:08:29,107051,1,0.0000,-0.0014,0.0066,0.1938,2.5331,0,1.0000,0,1,6.7476,16.2925,-69.3657,3.8201,167.8678,0.000,0.248,0.985,-148.9129,101.8818,69
2026-04-24,16:08:29,107087,1,0.0000,0.0050,0.0080,0.2343,2.5332,0,1.0000,0,1,7.5081,19.9094,-61.9309,138.6206,167.8485,0.000,0.216,0.982,-150.5766,102.5806,69
2026-04-24,16:08:29,107123,1,3.1440,-0.0018,0.0071,0.2085,2.5332,0,1.0000,393,1,8.3352,32.6177,-60.1197,77.0716,167.8462,0.000,0.184,0.978,-152.4694,103.4073,69
2026-04-24,16:08:29,107159,1,3.1440,2.7117,0.1800,5.2927,2.5172,0,1.0000,393,1,11.3085,54.5289,-55.8764,142.2684,166.6761,0.000,0.152,1.000,-155.9991,105.2544,69
2026-04-24,16:08:29,107195,1,3.1440,3.3843,0.1265,3.7219,2.4923,0,1.0000,393,1,10.5548,-43.7106,-53.8222,87.6028,167.4081,0.000,0.120,1.000,-155.5046,103.0074,69
2026-04-24,16:08:29,107231,1,4.0880,3.7019,0.1483,4.3630,2.4652,0,1.0000,511,1,7.4091,-76.7158,-54.1424,41.0669,167.9563,0.048,0.088,1.000,-164.1583,104.4335,69
2026-04-24,16:08:29,107267,1,4.0880,4.3060,0.1147,3.3746,2.4340,0,1.0000,511,1,8.1299,50.1177,-49.6399,108.2669,167.7539,0.112,0.056,1.000,-170.3638,105.4859,69
2026-04-24,16:08:30,107303,1,4.0880,4.3051,0.0760,2.2350,2.4003,0,1.0000,511,1,7.2802,-23.8804,-46.8692,90.2435,167.5028,0.176,0.024,1.000,-178.4066,106.7417,69
2026-04-24,16:08:30,107339,1,0.0400,4.0576,0.0892,2.6244,2.3687,0,1.0000,5,1,9.0167,60.5696,-42.8529,134.2544,167.6810,0.192,0.000,1.000,175.0985,107.7082,69
2026-04-24,16:08:30,107376,1,0.0000,-0.4959,0.0292,0.8591,2.3644,0,1.0000,0,1,7.1014,-37.3265,-30.6504,270.2676,167.8064,0.184,0.000,1.000,170.4033,107.1185,69
2026-04-24,16:08:30,107412,1,0.0000,-0.0022,0.0012,0.0351,2.3642,0,1.0000,0,1,5.9407,-50.2585,-34.7527,-4.1391,168.1635,0.152,0.000,0.998,164.1340,107.9655,69
2026-04-24,16:08:30,107446,1,0.0000,-0.0299,0.0074,0.2172,2.3644,0,1.0000,0,1,3.2652,-63.7761,-35.1849,-6.1713,168.2568,0.136,0.000,0.996,161.1245,109.6837,69
2026-04-24,16:08:30,107481,1,0.0000,0.0034,0.0067,0.1972,2.3644,0,1.0000,0,1,2.1297,-44.1729,-43.2067,-177.4955,168.5555,0.104,0.000,0.993,158.5798,112.0980,69
2026-04-24,16:08:30,107517,1,0.0000,-0.0223,0.0066,0.1928,2.3644,0,1.0000,0,1,1.2549,11.1372,-52.5168,-253.0654,168.5350,0.072,0.000,0.990,157.0035,112.4209,69
2026-04-24,16:08:30,107554,1,0.0000,-0.0077,0.0042,0.1230,2.3643,0,1.0000,0,1,1.7485,10.8835,-56.6320,-149.2018,168.5724,0.040,0.000,0.986,151.2443,108.6831,69
2026-04-24,16:08:30,107589,1,0.0000,0.0027,0.0037,0.1086,2.3643,0,1.0000,0,1,3.7134,83.1290,-53.3935,14.6068,168.6311,0.008,0.000,0.983,149.0040,107.4579,69
2026-04-24,16:08:30,107625,1,0.0000,0.0190,0.0042,0.1244,2.3643,0,1.0000,0,1,5.7521,58.4629,-48.6559,104.7458,168.5492,0.000,0.000,0.980,147.7626,107.3976,69
2026-04-24,16:08:30,107661,1,0.0000,-0.0068,0.0043,0.1259,2.3643,0,1.0000,0,1,8.6471,90.9370,-42.8335,155.4993,168.7127,0.000,0.000,0.977,146.6985,106.8450,69
2026-04-24,16:08:30,107697,1,0.0000,0.0016,0.0038,0.1129,2.3643,0,1.0000,0,1,10.2631,51.1042,-37.1037,168.2487,168.7056,0.000,0.000,0.974,147.0830,106.6293,69
2026-04-24,16:08:30,107733,1,0.0000,-0.0153,0.0042,0.1230,2.3644,0,1.0000,0,1,12.2966,57.5392,-31.7951,166.6313,168.7653,0.000,0.000,0.970,147.7943,106.2195,69
2026-04-24,16:08:30,107769,1,0.0000,0.0018,0.0042,0.1244,2.3643,0,1.0000,0,1,13.1817,34.0393,-27.6792,138.0312,168.7011,0.000,0.000,0.967,148.2331,105.3358,69
2026-04-24,16:08:30,107805,1,0.0000,0.0028,0.0060,0.1758,2.3643,0,1.0000,0,1,14.0792,15.5012,-25.5475,87.4045,168.6535,0.000,0.000,0.964,149.9107,105.2661,69
2026-04-24,16:08:30,107841,1,0.0000,0.0027,0.0045,0.1330,2.3643,0,1.0000,0,1,14.5279,22.9656,-24.7107,42.0190,168.6437,0.000,0.000,0.961,151.3719,105.0946,69
2026-04-24,16:08:30,107877,1,0.0000,0.0179,0.0056,0.1659,2.3643,0,1.0000,0,1,14.6547,-1.6818,-24.8093,15.6781,168.5191,0.000,0.000,0.958,151.4247,104.9741,69
2026-04-24,16:08:30,107913,1,0.0000,-0.0866,0.0134,0.3927,2.3646,0,1.0000,0,1,16.0930,58.2286,-24.4924,11.0242,167.2565,0.000,0.000,0.963,150.3739,104.7341,69
2026-04-24,16:08:30,107949,1,0.0000,0.0415,0.0229,0.6732,2.3653,0,1.0000,0,1,18.9332,75.8594,-26.1958,-32.3999,162.5609,0.000,0.000,0.995,149.2740,105.0868,69
2026-04-24,16:08:30,107985,1,0.0000,-0.0985,0.0378,1.1128,2.3658,0,1.0000,0,1,25.1545,136.4164,-35.2244,-205.0658,162.6412,0.000,0.000,1.000,146.9512,104.8912,69
2026-04-24,16:08:30,108021,1,0.0000,0.0233,0.0377,1.1093,2.3662,0,1.0000,0,0,23.2045,-96.2896,-51.0463,-397.9626,130.4833,0.000,0.000,1.000,143.2449,104.7785,69
2026-04-24,16:08:30,108057,1,0.0000,0.0893,0.0256,0.7533,2.3657,0,1.0000,0,0,15.0387,-237.7503,-68.2316,-493.8105,131.1840,0.024,0.000,1.000,138.7751,104.0709,69
2026-04-24,16:08:30,108093,1,0.0000,0.0061,0.0245,0.7195,2.3654,0,1.0000,0,0,7.5244,-182.8723,-82.4175,-453.7770,137.7133,0.000,0.000,1.000,134.1493,103.5452,69
2026-04-24,16:08:30,108129,1,0.0000,0.0494,0.0204,0.5989,2.3653,0,1.0000,-15,0,6.9983,-7.8343,-86.0823,-227.3063,141.8680,0.000,0.000,1.000,131.8694,103.4756,69
2026-04-24,16:08:30,108166,1,-0.0080,0.0588,0.0136,0.4007,2.3650,0,1.0000,-1,1,9.6100,69.9511,-82.0406,8.9864,145.7332,0.000,0.000,1.000,130.2671,103.7580,69
2026-04-24,16:08:30,108202,1,-0.0080,-0.0004,0.0139,0.4081,2.3648,0,1.0000,-1,1,11.1399,38.7846,-74.9819,140.6315,149.0324,0.000,0.000,1.000,130.0140,104.1991,69
2026-04-24,16:08:30,108239,1,-0.0080,0.0288,0.0111,0.3252,2.3648,0,1.0000,-1,1,11.7185,11.0957,-72.3801,85.9466,151.7663,0.000,0.000,1.000,129.3262,104.1810,69
2026-04-24,16:08:30,108274,1,-0.0080,-0.0012,0.0117,0.3449,2.3647,0,1.0000,-1,1,10.9749,-23.1667,-76.2244,-58.7384,154.2433,0.000,0.000,1.000,127.8873,103.9510,69
2026-04-24,16:08:31,108310,1,-0.0080,-0.0068,0.0121,0.3562,2.3647,0,1.0000,-1,1,9.8384,-30.6698,-82.0738,-138.6957,156.1707,0.000,0.000,1.000,125.8718,103.3712,69
2026-04-24,16:08:31,108347,1,-0.0080,0.0001,0.0126,0.3699,2.3647,0,1.0000,-1,1,8.6970,-30.8544,-83.9059,-111.1797,156.7901,0.000,0.000,1.000,125.2994,103.3009,69
2026-04-24,16:08:31,108383,1,-0.0080,-0.0057,0.0127,0.3745,2.3648,0,1.0000,-1,1,8.7795,5.3066,-85.1339,-55.0811,158.0624,0.000,0.000,1.000,125.6759,103.6478,69
2026-04-24,16:08:31,108419,1,-0.0080,-0.0133,0.0127,0.3745,2.3648,0,1.0000,-1,1,9.9172,35.3001,-82.9306,32.4146,159.1508,0.000,0.000,1.000,126.9879,104.2333,69
2026-04-24,16:08:31,108455,1,-0.0080,-0.0028,0.0127,0.3745,2.3648,0,1.0000,-1,1,11.2110,33.9440,-79.1983,84.5091,160.3431,0.000,0.000,1.000,128.4290,104.7511,69
2026-04-24,16:08:31,108491,1,-0.0080,-0.0068,0.0130,0.3825,2.3648,0,1.0000,-1,1,12.0370,18.9920,-80.3322,-1.1172,161.6156,0.000,0.000,1.000,129.2765,104.7847,69
2026-04-24,16:08:31,108527,1,-0.0080,-0.0038,0.0116,0.3404,2.3648,0,1.0000,-1,1,11.8578,-5.0492,-85.2668,-103.5242,162.6751,0.000,0.000,1.000,129.7428,104.6996,69
2026-04-24,16:08:31,108564,1,-0.0080,0.0071,0.0127,0.3745,2.3648,0,1.0000,-1,1,11.5381,-9.5604,-91.6658,-164.2634,163.4913,0.000,0.000,1.000,130.3269,104.5222,69
2026-04-24,16:08:31,108600,1,-0.0080,-0.0116,0.0139,0.4084,2.3648,0,1.0000,-1,1,11.4552,-1.2861,-93.6326,-72.9697,164.1103,0.000,0.000,1.000,130.8701,104.2490,69
2026-04-24,16:08:31,108636,1,-0.0080,0.0032,0.0134,0.3927,2.3648,0,1.0000,-1,1,11.3493,-4.7425,-95.5962,-76.1025,164.7455,0.000,0.000,1.000,131.0926,103.9612,69
2026-04-24,16:08:31,108673,1,-0.0080,-0.0013,0.0112,0.3295,2.3648,0,1.0000,-1,1,11.0603,-9.7237,-99.3033,-104.6167,165.2651,0.000,0.000,1.000,131.3221,103.5279,69
2026-04-24,16:08:31,108709,1,-0.0080,0.0055,0.0119,0.3507,2.3648,0,1.0000,-1,1,10.5547,-12.5076,-102.1390,-73.7858,165.6933,0.000,0.000,1.000,131.5388,103.0585,69
2026-04-24,16:08:31,108745,1,-0.0080,0.0028,0.0132,0.3882,2.3647,0,1.0000,-1,1,10.0607,-13.0958,-99.2719,26.1800,166.0517,0.000,0.000,1.000,131.9193,102.7957,69
2026-04-24,16:08:31,108781,1,-0.0080,0.0051,0.0130,0.3825,2.3647,0,1.0000,-1,1,9.7661,-4.0651,-96.8445,63.7615,166.2647,0.000,0.000,1.000,132.2807,102.4944,69
2026-04-24,16:08:31,108817,1,-0.0080,0.0028,0.0124,0.3650,2.3648,0,1.0000,-1,1,10.0969,13.1156,-92.7986,105.3202,166.5178,0.000,0.000,1.000,132.1830,102.1986,69
2026-04-24,16:08:31,108853,1,0.0000,0.0032,0.0125,0.3690,2.3648,0,1.0000,0,1,10.9227,23.4692,-87.5101,143.3970,166.6813,0.000,0.000,1.000,132.2511,101.9589,69
2026-04-24,16:08:31,108889,1,0.0160,-0.0101,0.0146,0.4292,2.3648,0,1.0000,2,1,12.0259,31.1328,-82.2149,160.8511,166.7208,0.000,0.000,1.000,132.1894,101.7700,69
2026-04-24,16:08:31,108925,1,0.0160,0.0014,0.0178,0.5229,2.3648,0,1.0000,2,1,13.1373,27.9453,-81.6892,55.7738,166.8074,0.000,0.000,1.000,132.2042,101.7240,69
2026-04-24,16:08:31,108961,1,0.1280,0.0110,0.0194,0.5695,2.3648,0,1.0000,16,1,13.7512,10.9052,-84.7971,-51.6699,166.8150,0.000,0.000,1.000,131.5983,101.5688,69
2026-04-24,16:08:31,108998,1,0.1600,0.0469,0.0360,1.0601,2.3646,0,1.0000,20,1,13.6195,-10.0595,-92.5588,-183.8918,166.8548,0.000,0.000,1.000,131.1133,101.4962,69
2026-04-24,16:08:31,109033,1,0.2400,0.1292,0.0492,1.4462,2.3639,0,1.0000,30,1,12.7863,-28.5736,-103.1041,-283.6120,166.9061,0.016,0.000,1.000,130.5319,101.4689,69
2026-04-24,16:08:31,109069,1,0.2560,0.1776,0.0596,1.7527,2.3626,0,1.0000,32,1,11.9441,-27.0006,-108.2918,-155.7468,167.0657,0.080,0.000,1.000,130.0350,101.5377,69
2026-04-24,16:08:31,109105,1,0.2560,0.2645,0.0619,1.8206,2.3610,0,1.0000,32,1,11.6067,-8.8754,-98.7327,147.2170,167.3744,0.144,0.000,1.000,129.9033,101.6902,69
2026-04-24,16:08:31,109141,1,0.2560,0.2181,0.0666,1.9587,2.3591,0,1.0000,32,1,10.9818,-19.1059,-83.6888,331.7463,167.5878,0.208,0.000,1.000,129.5666,101.8205,69
2026-04-24,16:08:31,109177,1,0.3200,0.3500,0.0585,1.7209,2.3568,0,1.0000,40,1,10.8347,-12.5860,-81.1343,148.5382,167.5941,0.272,0.000,1.000,129.4795,101.9422,69
2026-04-24,16:08:31,109213,1,0.3200,0.2204,0.0643,1.8910,2.3544,0,1.0000,40,1,10.0259,-20.7049,-85.3095,-22.4425,167.6534,0.336,0.000,1.000,129.1598,101.9817,69
2026-04-24,16:08:31,109253,1,0.3200,0.3700,0.0559,1.6448,2.3519,0,1.0000,40,1,9.9253,-10.9012,-85.1228,-13.5163,167.6773,0.384,0.000,1.000,129.2653,102.1526,69
2026-04-24,16:08:31,109289,1,0.3520,0.2431,0.0641,1.8861,2.3489,0,1.0000,44,1,9.3518,-6.6986,-85.7413,4.1481,167.7130,0.448,0.000,1.000,129.2120,102.1536,69
2026-04-24,16:08:32,109325,1,0.3520,0.2586,0.0696,2.0479,2.3466,0,1.0000,44,1,9.1490,-19.7863,-78.6531,143.4041,167.7354,0.512,0.000,1.000,129.4961,102.2718,69
2026-04-24,16:08:32,109361,1,0.3600,0.3718,0.0663,1.9503,2.3440,0,1.0000,45,1,8.9891,1.4405,-78.0228,61.0920,167.7422,0.576,0.000,1.000,129.1397,102.1150,69
2026-04-24,16:08:32,109397,1,0.3600,0.3030,0.0658,1.9342,2.3410,0,1.0000,45,1,8.4716,-18.7412,-68.4510,211.7574,167.7880,0.640,0.000,1.000,129.3239,102.1469,69
2026-04-24,16:08:32,109433,1,0.3600,0.5013,0.0427,1.2571,2.3375,0,1.0000,45,1,8.5608,-6.5513,-61.4770,244.6901,167.8269,0.704,0.000,1.000,129.2582,102.0051,69
2026-04-24,16:08:32,109469,1,0.3600,0.3834,0.0499,1.4667,2.3348,0,1.0000,45,1,8.1729,0.7639,-52.9839,239.1313,167.8153,0.768,0.000,1.000,128.9900,101.6615,69
2026-04-24,16:08:32,109505,1,0.3600,0.3634,0.0532,1.5650,2.3322,0,1.0000,45,1,8.0649,-11.6209,-56.3187,-7.4044,167.8288,0.808,0.000,1.000,128.6008,101.2806,69
2026-04-24,16:08:32,109541,1,0.3600,0.2738,0.0763,2.2450,2.3304,0,1.0000,45,1,8.1326,11.5752,-65.8389,-182.0959,167.8493,0.848,0.000,1.000,128.7339,100.9759,69
2026-04-24,16:08:32,109577,1,0.3680,0.3909,0.0661,1.9445,2.3275,0,1.0000,46,1,7.7987,-15.3939,-72.2141,-197.5054,167.8595,0.816,0.000,1.000,128.9705,100.7572,69
2026-04-24,16:08:32,109613,1,0.3680,0.4689,0.0554,1.6299,2.3242,0,1.0000,46,1,8.1798,10.5562,-77.5716,-156.9150,167.8633,0.808,0.000,1.000,129.0514,100.3352,69
2026-04-24,16:08:32,109649,1,0.3680,0.4847,0.0466,1.3693,2.3209,0,1.0000,46,1,7.8345,-1.2634,-78.4106,-75.8203,167.8683,0.776,0.000,1.000,129.3924,100.0842,69
2026-04-24,16:08:32,109685,1,0.3920,0.2590,0.0610,1.7943,2.3182,0,1.0000,49,1,7.5930,-10.2653,-82.1830,-95.3583,167.8754,0.744,0.000,1.000,129.9225,100.0107,69
2026-04-24,16:08:32,109721,1,0.3920,0.3115,0.0686,2.0173,2.3157,0,1.0000,49,1,7.7933,-1.0877,-82.8542,-48.7625,167.8911,0.712,0.000,1.000,130.9018,99.9707,69
2026-04-24,16:08:32,109757,1,0.3920,0.3468,0.0684,2.0128,2.3128,0,1.0000,49,1,7.5543,-2.0475,-87.2536,-119.6080,167.8865,0.680,0.000,1.000,131.1937,99.7862,69
2026-04-24,16:08:32,109793,1,0.4000,0.4313,0.0639,1.8790,2.3097,0,1.0000,50,1,7.6043,-3.5655,-92.4670,-133.4798,167.9099,0.648,0.000,1.000,131.2407,99.4613,69
2026-04-24,16:08:32,109829,1,0.4000,0.4402,0.0564,1.6577,2.3062,0,1.0000,50,1,7.4019,-4.5458,-96.0000,-125.8926,167.9097,0.616,0.000,1.000,131.7303,99.3907,69
2026-04-24,16:08:32,109865,1,0.4000,0.4463,0.0550,1.6182,2.3031,0,1.0000,50,1,7.4364,-1.3305,-95.7831,-32.6058,167.9111,0.584,0.000,1.000,132.2318,99.4516,69
2026-04-24,16:08:32,109902,1,0.4000,0.2318,0.0763,2.2433,2.3005,0,1.0000,50,1,7.1508,-0.9620,-94.1578,38.1160,167.8959,0.576,0.000,1.000,132.3814,99.4563,69
2026-04-24,16:08:32,109938,1,0.4000,0.4522,0.0668,1.9657,2.2975,0,1.0000,50,1,7.1439,-12.5280,-86.2725,172.0432,167.9056,0.544,0.000,1.000,133.1082,99.7099,69
2026-04-24,16:08:32,109975,1,0.4000,0.4824,0.0583,1.7155,2.2941,0,1.0000,50,1,7.1754,12.7979,-83.7704,100.0862,167.9061,0.560,0.000,1.000,133.1314,99.7222,69
2026-04-24,16:08:32,110011,1,0.4000,0.5194,0.0431,1.2681,2.2901,0,1.0000,50,1,6.9853,-13.7135,-82.4450,59.3217,167.9261,0.528,0.000,1.000,133.1210,99.7505,69
2026-04-24,16:08:32,110047,1,0.4000,0.2933,0.0561,1.6513,2.2873,0,1.0000,50,1,7.0264,6.3787,-82.0979,42.3212,167.9208,0.496,0.000,1.000,133.5893,99.8140,69
2026-04-24,16:08:32,110083,1,0.4000,0.4028,0.0534,1.5701,2.2842,0,1.0000,50,1,6.8586,-12.5450,-79.1658,63.8687,167.9262,0.464,0.000,1.000,134.3825,99.9437,69
2026-04-24,16:08:32,110119,1,0.4000,0.3857,0.0621,1.8266,2.2816,0,1.0000,50,1,7.1191,16.0235,-76.5583,97.5000,167.9515,0.432,0.000,1.000,135.0235,99.8805,69
2026-04-24,16:08:32,110160,1,0.4000,0.4377,0.0476,1.4015,2.2776,0,1.0000,50,1,7.0241,0.4068,-73.8499,95.3285,167.9678,0.408,0.000,1.000,135.6174,99.8312,69
2026-04-24,16:08:32,110196,1,0.4000,0.4212,0.0456,1.3416,2.2743,0,1.0000,50,1,7.3675,7.7023,-68.1884,157.3241,167.9762,0.376,0.000,1.000,136.1797,99.8415,69
2026-04-24,16:08:32,110232,1,0.4000,0.3902,0.0476,1.3986,2.2712,0,1.0000,50,1,6.9336,-6.3280,-65.6240,92.4970,168.0645,0.344,0.000,1.000,136.5306,99.8255,69
2026-04-24,16:08:32,110268,1,0.4000,0.3871,0.0619,1.8192,2.2689,0,1.0000,50,1,7.1071,1.7633,-63.6020,85.5414,168.3219,0.312,0.000,1.000,137.7734,99.9773,69
2026-04-24,16:08:33,110304,1,0.4000,0.3465,0.0554,1.6304,2.2653,0,1.0000,50,1,6.6606,-9.7617,-60.5784,77.1076,168.4484,0.280,0.000,1.000,138.9871,100.1012,69
2026-04-24,16:08:33,110340,1,0.4000,0.5119,0.0440,1.2928,2.2621,0,1.0000,50,1,7.0495,6.8596,-58.3455,79.5247,168.2261,0.248,0.000,1.000,139.6311,99.8912,69
2026-04-24,16:08:33,110376,1,0.4000,0.4681,0.0330,0.9709,2.2583,0,1.0000,50,1,6.7983,-0.6573,-56.2671,58.5200,167.9672,0.216,0.000,1.000,140.2692,99.7624,69
2026-04-24,16:08:33,110412,1,0.4000,0.3621,0.0452,1.3305,2.2556,0,1.0000,50,1,7.0546,2.8102,-54.3443,67.5196,167.9963,0.184,0.000,1.000,141.2589,99.6474,69
2026-04-24,16:08:33,110448,1,0.4000,0.3714,0.0538,1.5817,2.2531,0,1.0000,50,1,7.0223,4.2773,-53.7040,24.0820,167.9475,0.152,0.000,1.000,143.1964,99.7015,69
2026-04-24,16:08:33,110484,1,0.4000,0.4679,0.0556,1.6366,2.2504,0,1.0000,50,1,7.3173,5.3956,-55.1521,-7.7708,167.9418,0.120,0.000,1.000,143.8122,99.4471,69
2026-04-24,16:08:33,110520,1,0.4000,0.3606,0.0520,1.5286,2.2468,0,1.0000,50,1,7.2037,-5.3156,-56.4311,-46.2221,167.9771,0.088,0.000,1.000,144.5480,99.2297,69
2026-04-24,16:08:33,110556,1,0.4000,0.5064,0.0355,1.0429,2.2432,0,1.0000,50,1,7.1885,-5.4474,-62.6038,-133.8714,167.9489,0.056,0.000,1.000,145.1517,99.3042,69
2026-04-24,16:08:33,110592,1,0.4000,0.3581,0.0512,1.5052,2.2406,0,1.0000,50,1,7.0009,2.3938,-68.2951,-174.4106,167.9770,0.024,0.000,1.000,144.7863,99.0224,69
2026-04-24,16:08:33,110628,1,0.4000,0.4651,0.0537,1.5799,2.2379,0,1.0000,50,1,7.0341,-2.7856,-72.6655,-131.6252,167.9524,0.000,0.000,1.000,145.9114,99.1242,69
2026-04-24,16:08:33,110664,1,0.4000,0.3139,0.0523,1.5370,2.2344,0,1.0000,50,1,7.0134,-0.8156,-70.7363,-1.5175,167.9678,0.000,0.000,1.000,146.7198,99.1216,69
2026-04-24,16:08:33,110701,1,0.4000,0.5234,0.0353,1.0378,2.2309,0,1.0000,50,1,7.1140,1.2830,-63.5811,139.8121,167.9498,0.000,0.000,1.000,148.8889,99.2865,69
2026-04-24,16:08:33,110737,1,0.4000,0.4224,0.0400,1.1758,2.2277,0,1.0000,50,1,7.1439,7.6420,-59.5726,123.3917,167.9320,0.000,0.000,1.000,150.0278,99.1280,69
2026-04-24,16:08:33,110773,1,0.4000,0.3537,0.0454,1.3365,2.2248,0,1.0000,50,1,6.9946,-8.1297,-54.3631,150.4793,167.9471,0.000,0.000,1.000,152.9926,99.4224,69
2026-04-24,16:08:33,110809,1,0.4000,0.4397,0.0521,1.5311,2.2223,0,1.0000,50,1,7.1062,1.4449,-53.7850,47.2107,167.9389,0.000,0.000,1.000,156.2220,99.4662,69
2026-04-24,16:08:33,110845,1,0.4000,0.4240,0.0505,1.4845,2.2191,0,1.0000,50,1,7.0119,-2.3825,-51.3441,76.8546,167.9559,0.000,0.000,1.000,159.4974,99.4231,69
2026-04-24,16:08:33,110881,1,0.4000,0.3214,0.0562,1.6528,2.2160,0,1.0000,50,1,7.1895,-1.4027,-51.2811,8.5320,167.9533,0.000,0.000,1.000,163.8158,99.4332,69
2026-04-24,16:08:33,110917,1,0.4000,0.4374,0.0398,1.1697,2.2123,0,1.0000,50,1,7.0875,-2.8711,-48.5979,57.2746,167.9814,0.000,0.000,1.000,166.4621,99.6666,69
2026-04-24,16:08:33,110953,1,0.4000,0.3624,0.0596,1.7532,2.2102,0,1.0000,50,1,7.1186,3.3211,-53.1608,-83.3860,167.9316,0.000,0.000,1.000,168.5572,99.9875,69
2026-04-24,16:08:33,110989,1,0.4000,0.4373,0.0617,1.8143,2.2074,0,1.0000,50,1,6.9923,-3.7408,-51.5435,12.0245,167.9648,0.000,0.000,1.000,167.0684,100.3506,69
2026-04-24,16:08:33,111025,1,0.4000,0.4331,0.0558,1.6415,2.2040,0,1.0000,50,1,7.1107,3.2200,-50.8932,20.9687,167.9603,0.000,0.000,1.000,163.9099,100.8062,69
2026-04-24,16:08:33,111061,1,0.4000,0.5276,0.0406,1.1944,2.2004,0,1.0000,50,1,6.9653,-4.9203,-42.6699,170.6349,167.9638,0.000,0.000,1.000,157.8463,101.0477,69
2026-04-24,16:08:33,111102,1,0.4000,0.3961,0.0445,1.3096,2.1982,0,1.0000,50,1,6.9157,-3.3839,-40.9684,143.6629,167.9697,0.000,0.000,1.000,153.7342,101.1869,69
2026-04-24,16:08:33,111131,1,0.4000,0.1873,0.0545,1.6017,2.1943,0,1.0000,50,1,6.6757,-9.4054,-35.7869,154.5967,167.9914,0.000,0.000,1.000,150.7569,101.8288,69
2026-04-24,16:08:33,111167,1,0.4000,0.4503,0.0591,1.7389,2.1921,0,1.0000,50,1,6.7512,1.5127,-37.1191,7.5753,167.9549,0.000,0.000,1.000,147.2656,102.2141,69
2026-04-24,16:08:33,111203,1,0.4000,0.3701,0.0562,1.6541,2.1887,0,1.0000,50,1,6.5394,-3.0899,-34.1455,73.0226,167.9511,0.000,0.000,1.000,145.5536,102.3385,69
2026-04-24,16:08:33,111239,1,0.4000,0.3892,0.0548,1.6113,2.1855,0,1.0000,50,1,6.8381,2.0988,-28.9809,126.6989,167.9533,0.000,0.000,1.000,141.7942,102.2008,69
2026-04-24,16:08:33,111275,1,0.4000,0.5182,0.0378,1.1103,2.1818,0,1.0000,50,1,6.6217,-3.5403,-31.2425,-4.7291,167.9906,0.000,0.000,1.000,138.8274,102.1326,69
2026-04-24,16:08:34,111312,1,0.4000,0.4059,0.0533,1.5670,2.1793,0,1.0000,50,1,6.6361,-1.0955,-40.4488,-211.8692,167.9544,0.000,0.000,1.000,134.8772,102.0774,69
2026-04-24,16:08:34,111347,1,0.4000,0.3073,0.0599,1.7615,2.1763,0,1.0000,50,1,6.5066,-2.0757,-46.1804,-176.6048,167.9787,0.000,0.000,1.000,132.6899,102.4451,69
2026-04-24,16:08:34,111383,1,0.4000,0.4812,0.0540,1.5887,2.1734,0,1.0000,50,1,6.6636,4.7383,-52.4681,-206.8665,167.9789,0.000,0.000,1.000,131.7780,102.7148,69
2026-04-24,16:08:34,111419,1,0.4000,0.4461,0.0411,1.2102,2.1696,0,1.0000,50,1,6.6566,0.4284,-60.6168,-223.6417,167.9732,0.000,0.000,1.000,131.3432,102.8783,69
2026-04-24,16:08:34,111455,1,0.4000,0.4339,0.0344,1.0122,2.1660,0,1.0000,50,1,6.7337,1.7118,-57.5199,32.4985,167.9920,0.000,0.000,1.000,130.5531,103.1703,69
2026-04-24,16:08:34,111491,1,0.4000,0.1960,0.0563,1.6550,2.1636,0,1.0000,50,1,6.6232,-1.3462,-44.8792,248.5344,167.9879,0.000,0.000,1.000,129.8811,103.3909,69
2026-04-24,16:08:34,111527,1,0.4000,0.5431,0.0450,1.3247,2.1608,0,1.0000,50,1,6.8090,4.9982,-40.9577,182.2422,167.9618,0.000,0.000,1.000,129.6089,103.6210,69
2026-04-24,16:08:34,111563,1,0.4000,0.2827,0.0578,1.6995,2.1578,0,1.0000,50,1,6.7855,4.2744,-32.7465,215.5099,167.9837,0.000,0.000,1.000,129.5333,103.9403,69
2026-04-24,16:08:34,111599,1,0.4000,0.5034,0.0353,1.0393,2.1541,0,1.0000,50,1,7.1307,2.0806,-33.1500,67.5329,167.9949,0.000,0.000,1.000,128.6688,103.8802,69
2026-04-24,16:08:34,111635,1,0.4000,0.3789,0.0430,1.2658,2.1511,0,1.0000,50,1,7.1353,8.3838,-35.6130,-33.0302,168.0155,0.000,0.000,1.000,128.4527,103.9937,69
2026-04-24,16:08:34,111670,1,0.4000,0.3888,0.0534,1.5695,2.1486,0,1.0000,50,1,7.2342,-1.7432,-43.6597,-168.1749,168.0160,0.000,0.000,1.000,127.4057,103.8455,69
2026-04-24,16:08:34,111706,1,0.4000,0.3720,0.0561,1.6513,2.1456,0,1.0000,50,1,7.3279,7.3019,-43.6523,-55.9353,168.0205,0.000,0.000,1.000,126.6104,103.7127,69
2026-04-24,16:08:34,111743,1,0.4000,0.5349,0.0426,1.2526,2.1423,0,1.0000,50,1,7.3663,-0.3085,-46.5703,-82.9924,167.9956,0.000,0.000,1.000,123.9239,103.0800,69
2026-04-24,16:08:34,111778,1,0.4000,0.3927,0.0482,1.4187,2.1392,0,1.0000,50,1,7.4653,5.8921,-49.2972,-86.6844,168.0062,0.000,0.000,1.000,121.0309,102.3463,69
2026-04-24,16:08:34,111814,1,0.4000,0.4285,0.0358,1.0540,2.1355,0,1.0000,50,1,7.3583,-6.5577,-56.1366,-181.6648,168.0421,0.000,0.000,1.000,117.9972,101.5156,69
2026-04-24,16:08:34,111850,1,0.4000,0.2906,0.0543,1.5962,2.1331,0,1.0000,50,1,7.4858,7.5599,-60.8420,-156.8122,168.0604,0.000,0.000,1.000,115.3977,100.7788,69
2026-04-24,16:08:34,111886,1,0.4000,0.4836,0.0492,1.4458,2.1302,0,1.0000,50,1,7.2976,-4.5345,-68.6339,-216.9978,168.0754,0.000,0.000,1.000,114.1452,100.3742,69
2026-04-24,16:08:34,111923,1,0.4000,0.3124,0.0563,1.6572,2.1271,0,1.0000,50,1,7.4339,3.6471,-71.8746,-142.9263,168.1006,0.000,0.000,1.000,112.2645,99.7540,69
2026-04-24,16:08:34,111958,1,0.4000,0.4632,0.0315,0.9271,2.1232,0,1.0000,50,1,7.3909,-0.7811,-78.1149,-187.5655,168.1560,0.000,0.000,1.000,109.8007,98.6897,69
2026-04-24,16:08:34,111997,1,0.4000,0.4174,0.0430,1.2645,2.1204,0,1.0000,50,1,7.3673,-0.6384,-80.5677,-149.6466,168.1621,0.000,0.000,1.000,109.1584,98.3639,69
2026-04-24,16:08:34,112034,1,0.4000,0.2655,0.0565,1.6626,2.1175,0,1.0000,50,1,7.3041,-0.6850,-74.1751,122.8238,168.1098,0.000,0.000,1.000,107.2242,97.3018,69
2026-04-24,16:08:34,112069,1,0.4000,0.4083,0.0523,1.5394,2.1145,0,1.0000,50,1,7.3529,-0.6947,-62.4788,272.6253,168.0599,0.000,0.000,1.000,106.6694,96.7914,69
2026-04-24,16:08:34,112105,1,0.4000,0.5003,0.0394,1.1596,2.1111,0,1.0000,50,1,7.4165,5.4665,-58.1149,173.0460,168.0298,0.000,0.000,1.000,106.2301,96.3287,69
2026-04-24,16:08:34,112141,1,0.4000,0.4705,0.0394,1.1594,2.1080,0,1.0000,50,1,7.4511,0.3338,-54.6590,133.2179,168.0230,0.000,0.000,1.000,105.8808,95.7711,69
2026-04-24,16:08:34,112177,1,0.4000,0.1999,0.0529,1.5558,2.1047,0,1.0000,50,1,7.4913,0.1314,-54.2172,54.2124,168.0290,0.000,0.000,1.000,105.8112,95.2814,69
2026-04-24,16:08:34,112213,1,0.4000,0.3613,0.0522,1.5347,2.1022,0,1.0000,50,1,7.6095,4.1320,-51.9144,67.4150,168.0428,0.000,0.000,1.000,105.6152,94.7453,69
2026-04-24,16:08:34,112249,1,0.4000,0.3850,0.0517,1.5205,2.0990,0,1.0000,50,1,7.5897,-0.3152,-53.1390,-9.4310,168.0284,0.000,0.000,1.000,106.0011,94.5185,69
2026-04-24,16:08:34,112285,1,0.4000,0.4119,0.0481,1.4159,2.0959,0,1.0000,50,1,7.6918,3.3594,-53.3840,-4.7210,168.0109,0.000,0.000,1.000,105.8630,94.1471,69
2026-04-24,16:08:35,112321,1,0.4000,0.4254,0.0391,1.1489,2.0924,0,1.0000,50,1,7.5360,-4.3124,-53.5250,-6.0749,168.0084,0.000,0.000,1.000,106.9233,93.9348,69
2026-04-24,16:08:35,112357,1,0.4000,0.4915,0.0344,1.0122,2.0891,0,1.0000,50,1,7.6643,3.7259,-53.7259,-13.5415,168.0060,0.000,0.000,1.000,107.0225,93.7143,69
2026-04-24,16:08:35,112393,1,0.4000,0.1868,0.0645,1.8958,2.0870,0,1.0000,50,1,7.3931,-4.7637,-56.2980,-49.7285,168.0174,0.000,0.000,1.000,107.0065,93.5121,69
2026-04-24,16:08:35,112428,1,0.4000,0.4963,0.0457,1.3446,2.0838,0,1.0000,50,1,7.5723,-0.1429,-54.8560,15.1649,167.9910,0.000,0.000,1.000,107.6295,93.4574,69
2026-04-24,16:08:35,112464,1,0.4000,0.4544,0.0412,1.2127,2.0804,0,1.0000,50,1,7.5096,7.3273,-52.2454,62.7968,167.9931,0.000,0.000,1.000,108.8332,93.6040,69
2026-04-24,16:08:35,112500,1,0.4000,0.4631,0.0350,1.0284,2.0770,0,1.0000,50,1,7.6580,-2.7625,-49.1927,83.1202,167.9686,0.000,0.000,1.000,109.0849,93.6324,69
2026-04-24,16:08:35,112537,1,0.4000,0.1988,0.0504,1.4817,2.0741,0,1.0000,50,1,7.8260,8.7651,-45.4356,111.9646,167.9818,0.000,0.000,1.000,108.9908,93.6434,69
2026-04-24,16:08:35,112572,1,0.4000,0.4260,0.0453,1.3309,2.0713,0,1.0000,50,1,7.8046,-2.2129,-41.3441,118.4707,167.9619,0.000,0.000,1.000,108.0288,93.5551,69
2026-04-24,16:08:35,112608,1,0.4000,0.3089,0.0607,1.7851,2.0686,0,1.0000,50,1,7.8879,4.2574,-38.1844,111.1656,167.9727,0.000,0.000,1.000,108.0207,93.7362,69
2026-04-24,16:08:35,112645,1,0.4000,0.5203,0.0396,1.1633,2.0651,0,1.0000,50,1,7.9221,-2.0106,-34.2841,114.3687,168.0134,0.000,0.000,1.000,107.4951,93.8043,69
2026-04-24,16:08:35,112680,1,0.4000,0.4389,0.0350,1.0284,2.0616,0,1.0000,50,1,8.0113,5.8998,-32.5234,73.5259,167.9750,0.000,0.000,1.000,106.3410,93.8050,69
2026-04-24,16:08:35,112716,1,0.4000,0.3241,0.0429,1.2622,2.0586,0,1.0000,50,1,7.9372,-3.4857,-31.6126,41.8577,168.0039,0.000,0.000,1.000,105.8141,93.8988,69
2026-04-24,16:08:35,112752,1,0.4000,0.2101,0.0640,1.8814,2.0563,0,1.0000,50,1,8.0839,3.2540,-33.3884,-22.3541,168.0180,0.000,0.000,1.000,104.6986,93.8997,69
2026-04-24,16:08:35,112788,1,0.4000,0.5635,0.0402,1.1825,2.0529,0,1.0000,50,1,8.1106,1.3365,-33.4465,-11.8564,168.0184,0.000,0.000,1.000,103.0644,93.7079,69
2026-04-24,16:08:35,112824,1,0.4000,0.4007,0.0570,1.6777,2.0503,0,1.0000,50,1,8.1505,4.0475,-34.4304,-17.1412,168.0102,0.000,0.000,1.000,102.4672,93.7026,69
2026-04-24,16:08:35,112860,1,0.4000,0.4868,0.0348,1.0225,2.0463,0,1.0000,50,1,8.2291,-1.3244,-33.5556,11.9081,168.0372,0.000,0.000,1.000,101.1629,93.4854,69
2026-04-24,16:08:35,112896,1,0.4000,0.3019,0.0465,1.3663,2.0433,0,1.0000,50,1,8.1347,-0.4845,-32.4073,32.0611,168.0526,0.000,0.000,1.000,100.1496,93.2609,69
2026-04-24,16:08:35,112935,1,0.4000,0.3447,0.0511,1.5030,2.0407,0,1.0000,50,1,8.0634,-1.1464,-31.6543,28.5026,168.0488,0.000,0.000,1.000,99.4006,93.1145,69
2026-04-24,16:08:35,112971,1,0.4000,0.3754,0.0532,1.5638,2.0375,0,1.0000,50,1,8.1462,3.9654,-30.8773,26.8626,168.0520,0.000,0.000,1.000,99.5156,93.2221,69
2026-04-24,16:08:35,113007,1,0.4000,0.3855,0.0425,1.2508,2.0339,0,1.0000,50,1,8.0873,-3.6771,-29.0016,49.4329,168.0527,0.000,0.000,1.000,99.6502,93.2961,69
2026-04-24,16:08:35,113043,1,0.4000,0.4864,0.0413,1.2152,2.0310,0,1.0000,50,1,8.2003,4.9421,-27.2050,52.2836,168.0255,0.000,0.000,1.000,100.9696,93.7626,69
2026-04-24,16:08:35,113079,1,0.4000,0.2931,0.0514,1.5128,2.0278,0,1.0000,50,1,7.9913,-6.7611,-26.6888,25.6347,168.0363,0.000,0.000,1.000,103.1881,94.5185,69
2026-04-24,16:08:35,113115,1,0.4000,0.3307,0.0576,1.6930,2.0253,0,1.0000,50,1,8.0992,1.1013,-25.4829,36.8189,168.0347,0.000,0.000,1.000,103.6621,94.6358,69
2026-04-24,16:08:35,113151,1,0.4000,0.5177,0.0338,0.9947,2.0215,0,1.0000,50,1,7.9239,-3.3598,-24.5049,26.0680,168.0426,0.000,0.000,1.000,103.5628,94.5121,69
2026-04-24,16:08:35,113187,1,0.4000,0.5213,0.0340,1.0003,2.0184,0,1.0000,50,1,8.0988,5.4910,-24.6276,9.2457,168.0281,0.000,0.000,1.000,103.7586,94.5033,69
2026-04-24,16:08:35,113223,1,0.4000,0.3303,0.0412,1.2127,2.0152,0,1.0000,50,1,7.9898,-2.9258,-24.8184,-5.0974,168.0449,0.000,0.000,1.000,104.9899,94.8075,69
2026-04-24,16:08:35,113259,1,0.4000,0.4083,0.0347,1.0216,2.0119,0,1.0000,50,1,8.1677,1.7034,-25.0714,-5.7790,168.0431,0.000,0.000,1.000,105.9717,95.0091,69
2026-04-24,16:08:35,113295,1,0.4000,0.3516,0.0471,1.3858,2.0096,0,1.0000,50,1,8.0039,0.6669,-27.8085,-70.3108,168.0401,0.000,0.000,1.000,106.6024,95.1189,69
2026-04-24,16:08:36,113332,1,0.4000,0.4152,0.0441,1.2982,2.0063,0,1.0000,50,1,8.0228,-4.6476,-28.0327,-19.6382,168.0280,0.000,0.000,1.000,108.1519,95.4999,69
2026-04-24,16:08:36,113368,1,0.4000,0.3681,0.0402,1.1823,2.0029,0,1.0000,50,1,8.1867,7.4381,-26.9760,17.0878,168.0559,0.000,0.000,1.000,110.1010,96.0117,69
2026-04-24,16:08:36,113404,1,0.4000,0.5577,0.0213,0.6278,1.9993,0,1.0000,50,1,8.1153,-4.6324,-23.6156,71.5466,168.0238,0.000,0.000,1.000,111.4978,96.4029,69
2026-04-24,16:08:36,113440,1,0.4000,0.2634,0.0555,1.6329,1.9972,0,1.0000,50,1,8.1536,5.4407,-24.1401,1.8955,168.0153,0.000,0.000,1.000,112.8023,96.7936,69
2026-04-24,16:08:36,113476,1,0.4000,0.4179,0.0528,1.5524,1.9944,0,1.0000,50,1,7.9859,-7.3547,-27.0445,-46.2215,168.0358,0.000,0.000,1.000,113.2246,96.9174,69
2026-04-24,16:08:36,113512,1,0.4000,0.4635,0.0415,1.2203,1.9909,0,1.0000,50,1,8.1525,4.7488,-27.9332,-38.5885,167.9922,0.000,0.000,1.000,113.6967,97.1040,69
2026-04-24,16:08:36,113548,1,0.4000,0.5270,0.0306,0.9014,1.9874,0,1.0000,50,1,7.9451,-3.0483,-28.9876,-32.6953,168.0321,0.000,0.000,1.000,114.6531,97.5074,69
2026-04-24,16:08:36,113584,1,0.4000,0.4175,0.0284,0.8346,1.9839,0,1.0000,50,1,7.9753,-0.5126,-31.8710,-86.2155,167.9805,0.000,0.000,1.000,115.0988,97.7343,69
2026-04-24,16:08:36,113620,1,0.4000,0.2734,0.0334,0.9835,1.9807,0,1.0000,50,1,7.8121,-1.1778,-36.4980,-109.9737,168.0384,0.000,0.000,1.000,115.5346,98.0159,69
2026-04-24,16:08:36,113656,1,0.4000,0.4181,0.0442,1.3004,1.9786,0,1.0000,50,1,7.9123,2.2231,-38.1266,-75.6796,167.9905,0.000,0.000,1.000,115.3089,98.0370,69
2026-04-24,16:08:36,113692,1,0.4000,0.3741,0.0379,1.1143,1.9751,0,1.0000,50,1,7.8456,3.3939,-38.7688,-26.5551,168.0193,0.000,0.000,1.000,116.4282,98.5474,69
2026-04-24,16:08:36,113728,1,0.4000,0.4176,0.0341,1.0030,1.9719,0,1.0000,50,1,8.1928,4.9746,-37.5099,-0.4971,167.9985,0.000,0.000,1.000,117.8095,99.0619,69
2026-04-24,16:08:36,113765,1,0.4000,0.4399,0.0250,0.7345,1.9684,0,1.0000,50,1,8.3910,8.8742,-37.9622,-4.8796,167.9862,0.000,0.000,1.000,119.1349,99.4651,69
2026-04-24,16:08:36,113800,1,0.4000,0.3264,0.0507,1.4899,1.9664,0,1.0000,50,1,8.5385,5.6867,-39.4790,-16.5604,167.9947,0.000,0.000,1.000,121.4532,100.0482,69
2026-04-24,16:08:36,113836,1,0.4000,0.3945,0.0462,1.3594,1.9632,0,1.0000,50,1,8.7298,4.1172,-36.7938,51.6576,168.0015,0.000,0.000,1.000,123.6625,100.5004,69
2026-04-24,16:08:37,114784,1,0.4000,0.4750,0.0462,1.3575,1.9599,0,1.0000,50,1,8.7942,2.2429,-36.0618,37.1582,168.0104,0.000,0.000,1.000,127.2693,100.8849,69
2026-04-24,16:08:37,114786,1,0.4000,0.3805,0.0429,1.2611,1.9565,0,1.0000,50,1,8.7776,0.3418,-35.7725,28.3051,168.0017,0.000,0.000,1.000,129.4837,100.9510,69
2026-04-24,16:08:37,114786,1,0.4000,0.4622,0.0358,1.0516,1.9527,0,1.0000,50,1,8.8455,1.2031,-36.0722,13.7274,168.0027,0.000,0.000,1.000,132.8761,100.9679,69
2026-04-24,16:08:37,114787,1,0.4000,0.2662,0.0479,1.4103,1.9501,0,1.0000,50,1,8.7829,-0.5990,-36.3803,6.3728,168.0061,0.000,0.000,1.000,135.7048,101.0004,69
2026-04-24,16:08:37,114788,1,0.4000,0.5110,0.0482,1.4172,1.9477,0,1.0000,50,1,8.7767,-0.3061,-37.1167,-1.7664,168.0092,0.000,0.000,1.000,139.2623,100.9128,69
2026-04-24,16:08:37,114790,1,0.4000,0.2909,0.0490,1.4413,1.9445,0,1.0000,50,1,8.7492,-0.5255,-36.5045,4.8488,168.0182,0.000,0.000,1.000,141.9496,100.9913,69
2026-04-24,16:08:37,114791,1,0.4000,0.5148,0.0289,0.8513,1.9405,0,1.0000,50,1,8.9181,1.9975,-35.7225,10.4913,168.0143,0.000,0.000,1.000,145.6558,101.3912,69
2026-04-24,16:08:37,114792,1,0.4000,0.3752,0.0360,1.0577,1.9374,0,1.0000,50,1,8.9350,1.3515,-34.9491,14.0434,168.0336,0.000,0.000,1.000,147.1592,101.6663,69
2026-04-24,16:08:37,114793,1,0.4000,0.3516,0.0497,1.4626,1.9346,0,1.0000,50,1,8.8450,-1.7885,-35.0025,7.7099,168.0558,0.000,0.000,1.000,148.4043,101.9724,69
2026-04-24,16:08:37,114793,1,0.4000,0.3341,0.0541,1.5926,1.9313,0,1.0000,50,1,8.8511,-0.2695,-35.4631,-0.0436,168.0761,0.000,0.000,1.000,149.1329,102.2197,69
2026-04-24,16:08:37,114794,1,0.4000,0.4319,0.0392,1.1520,1.9272,0,1.0000,50,1,8.8124,-0.4666,-37.2369,-17.4079,168.1303,0.000,0.000,0.998,149.7710,102.5770,69
2026-04-24,16:08:37,114794,1,0.4000,0.5475,0.0239,0.7035,1.9227,0,1.0000,50,1,8.7453,-0.7226,-36.9736,-14.6168,168.1821,0.000,0.000,0.997,149.6629,102.9088,69
2026-04-24,16:08:37,114795,1,0.4000,0.3033,0.0400,1.1772,1.9194,0,1.0000,50,1,8.5358,-2.9599,-36.4280,-3.6189,168.2247,0.000,0.000,0.998,148.4210,102.7930,69
2026-04-24,16:08:37,114796,1,0.4000,0.4130,0.0469,1.3787,1.9172,0,1.0000,50,1,8.3201,-4.9109,-36.7499,-5.8213,168.2373,0.000,0.000,0.995,147.4135,102.7738,69
2026-04-24,16:08:37,114797,1,0.4000,0.3388,0.0505,1.4866,1.9143,0,1.0000,50,1,8.6332,3.5310,-37.0813,-6.9497,168.2370,0.000,0.000,0.993,146.8468,103.1186,69
2026-04-24,16:08:37,114798,1,0.4000,0.5388,0.0284,0.8346,1.9099,0,1.0000,50,1,8.8226,3.3981,-37.3234,-6.0649,168.2377,0.000,0.000,0.990,146.0849,103.4102,69
2026-04-24,16:08:37,114799,1,0.4000,0.4301,0.0393,1.1544,1.9073,0,1.0000,50,1,8.7661,0.7631,-36.9620,-0.7811,168.2581,0.000,0.000,0.987,144.9904,103.6509,69
2026-04-24,16:08:37,114800,1,0.4000,0.3857,0.0404,1.1876,1.9045,0,1.0000,50,1,8.5214,-4.1953,-37.3916,-4.9087,168.2806,0.000,0.000,0.985,143.5425,103.6057,69
2026-04-24,16:08:37,114801,1,0.4000,0.3956,0.0511,1.5041,1.9014,0,1.0000,50,1,8.4404,-2.2091,-38.3258,-11.6962,168.2943,0.000,0.000,0.982,141.7758,103.5817,69
2026-04-24,16:08:37,114802,1,0.4000,0.4896,0.0395,1.1607,1.8976,0,1.0000,50,1,8.4384,0.2133,-38.8593,-12.1220,168.2913,0.000,0.000,0.978,140.4704,103.8212,69
2026-04-24,16:08:37,114803,1,0.4000,0.4530,0.0391,1.1511,1.8946,0,1.0000,50,1,8.4374,-0.3358,-39.1626,-11.2095,168.3006,0.000,0.000,0.976,139.2588,104.1740,69
2026-04-24,16:08:37,114803,1,0.4000,0.2511,0.0450,1.3245,1.8914,0,1.0000,50,1,8.3576,-1.6391,-40.0110,-15.5549,168.3142,0.000,0.000,0.982,138.8739,104.6726,69
2026-04-24,16:08:37,114804,1,0.4000,0.3539,0.0519,1.5273,1.8886,0,1.0000,50,1,8.3127,-1.9583,-40.6002,-15.1436,168.3253,0.000,0.000,1.000,137.3355,104.8313,69
2026-04-24,16:08:37,114805,1,0.4000,0.4033,0.0504,1.4826,1.8878,0,1.0000,50,1,8.1817,-2.1236,-40.5366,-13.1738,168.3726,0.000,0.000,1.000,135.1749,104.9574,69
2026-04-24,16:08:37,114806,1,0.4000,0.4813,0.0319,0.9385,1.8806,0,1.0000,50,1,7.8578,-7.0509,-40.7701,-9.7636,168.3890,0.000,0.000,1.000,133.8195,105.1670,69
2026-04-24,16:08:37,115293,1,0.4000,0.3723,0.0340,1.0012,1.8775,0,1.0000,50,1,7.5885,-7.7071,-40.1617,1.8817,168.4133,0.000,0.000,1.000,133.2677,105.5323,69
2026-04-24,16:08:37,115294,1,0.4000,0.2762,0.0399,1.1723,1.8741,0,1.0000,50,1,7.2366,-8.3800,-39.7530,4.9602,168.4244,0.048,0.000,1.000,132.7996,106.1064,69
2026-04-24,16:08:37,115296,1,0.4000,0.4586,0.0467,1.3745,1.8715,0,1.0000,50,1,7.1816,-3.3942,-38.8279,12.6755,168.4111,0.112,0.000,1.000,131.9692,106.4004,69
2026-04-24,16:08:38,115298,1,0.4000,0.4068,0.0385,1.1319,1.8681,0,1.0000,50,1,7.1806,-0.6397,-38.1595,14.8415,168.3761,0.112,0.000,1.000,131.0235,106.5271,69
2026-04-24,16:08:38,115299,1,0.4000,0.4303,0.0313,0.9201,1.8649,0,1.0000,50,1,7.3913,2.6921,-37.3154,18.0819,168.3634,0.088,0.000,1.000,129.9211,106.3144,69
2026-04-24,16:08:38,115300,1,0.4000,0.3316,0.0294,0.8658,1.8608,0,1.0000,50,1,7.3947,1.2234,-36.3444,20.3563,168.3815,0.056,0.000,1.000,129.2052,106.4066,69
2026-04-24,16:08:38,115301,1,0.4000,0.3809,0.0365,1.0728,1.8577,0,1.0000,50,1,7.3366,-1.1426,-35.2402,22.1636,168.3434,0.024,0.000,1.000,128.5211,106.5010,69
2026-04-24,16:08:38,115302,1,0.4000,0.2643,0.0524,1.5419,1.8553,0,1.0000,50,1,7.4113,1.3721,-34.5760,21.4094,168.3427,0.000,0.000,1.000,128.1368,106.7480,69
2026-04-24,16:08:38,115302,1,0.4000,0.4936,0.0359,1.0565,1.8513,0,1.0000,50,1,7.6078,2.9246,-33.3978,23.8682,168.3281,0.000,0.000,1.000,127.8105,107.0168,69
2026-04-24,16:08:38,115303,1,0.4000,0.4091,0.0381,1.1200,1.8477,0,1.0000,50,1,7.8875,5.3533,-32.4641,23.2131,168.3017,0.000,0.000,1.000,127.7280,107.4617,69
2026-04-24,16:08:38,115304,1,0.4000,0.3956,0.0365,1.0726,1.8446,0,1.0000,50,1,7.7877,0.7486,-32.0571,19.3614,168.3177,0.000,0.000,1.000,127.3108,107.6597,69
2026-04-24,16:08:38,115305,1,0.4000,0.3875,0.0363,1.0686,1.8437,0,1.0000,50,1,7.5329,-0.7382,-31.9716,17.2475,168.3323,0.000,0.000,1.000,126.9152,107.7257,69
2026-04-24,16:08:38,115308,1,0.4000,0.3197,0.0500,1.4704,1.8377,0,1.0000,50,1,7.5210,-0.1601,-31.5270,17.3892,168.3179,0.000,0.000,1.000,127.5914,108.6231,69
2026-04-24,16:08:38,115343,1,0.4000,0.5500,0.0277,0.8137,1.8339,0,1.0000,50,1,7.9482,5.2532,-30.0318,38.5996,168.2604,0.000,0.000,1.000,127.0507,108.3964,69
2026-04-24,16:08:38,115379,1,0.4000,0.3580,0.0276,0.8108,1.8303,0,1.0000,50,1,7.7189,2.4533,-28.0994,52.6457,168.2457,0.000,0.000,1.000,127.5436,108.8442,69
2026-04-24,16:08:38,115415,1,0.4000,0.3305,0.0355,1.0434,1.8277,0,1.0000,50,1,7.9091,0.7928,-25.7860,66.7589,168.2147,0.000,0.000,1.000,127.9648,109.1600,69
2026-04-24,16:08:38,115451,1,0.4000,0.2752,0.0491,1.4433,1.8251,0,1.0000,50,1,8.0785,8.8762,-24.1236,59.0180,168.2199,0.000,0.000,1.000,128.5827,109.4843,69
2026-04-24,16:08:38,115487,1,0.4000,0.3754,0.0493,1.4493,1.8224,0,1.0000,50,1,8.5585,10.6115,-21.4548,72.4176,168.1472,0.000,0.000,1.000,129.1949,109.7336,69
2026-04-24,16:08:38,115524,1,0.4000,0.2707,0.0648,1.9061,1.8197,0,1.0000,50,1,8.9811,13.8664,-20.5235,38.9284,168.1800,0.000,0.000,1.000,129.6005,109.7121,69
2026-04-24,16:08:38,115560,1,0.4000,0.4285,0.0552,1.6223,1.8166,0,1.0000,50,1,9.1798,-6.8318,-21.2286,0.3937,168.1508,0.000,0.000,1.000,130.3256,109.9078,69
2026-04-24,16:08:38,115596,1,0.4000,0.3439,0.0652,1.9187,1.8138,0,1.0000,50,1,8.6265,-7.4475,-24.2045,-68.0559,168.1867,0.000,0.000,1.000,130.8949,110.0911,69
2026-04-24,16:08:38,115632,1,0.4000,0.3633,0.0721,2.1207,1.8112,0,1.0000,50,1,8.1454,-22.6805,-27.0913,-75.3610,168.1352,0.016,0.000,1.000,131.7742,110.3797,69
2026-04-24,16:08:38,115668,1,0.4000,0.4278,0.0601,1.7669,1.8076,0,1.0000,50,1,8.1965,6.3135,-28.5462,-60.0826,168.1691,0.080,0.000,1.000,132.6457,110.5900,69
2026-04-24,16:08:38,115705,1,0.4000,0.5395,0.0488,1.4360,1.8041,0,1.0000,50,1,8.2409,0.8515,-29.2948,-30.3223,168.1455,0.048,0.000,1.000,133.2472,110.6116,69
2026-04-24,16:08:38,115741,1,0.4000,0.3984,0.0566,1.6637,1.8011,0,1.0000,50,1,8.1527,0.2640,-28.3747,8.5708,168.1174,0.016,0.000,1.000,134.5862,110.9333,69
2026-04-24,16:08:38,115777,1,0.4000,0.4395,0.0544,1.5988,1.7979,0,1.0000,50,1,7.9246,-9.3734,-26.5101,43.7981,168.1443,0.000,0.000,1.000,135.1674,110.8122,69
2026-04-24,16:08:38,116269,1,0.4000,0.4247,0.0606,1.7817,1.7955,0,1.0000,50,1,7.8250,-4.7522,-25.4008,39.7643,168.1405,0.000,0.000,1.000,136.2326,110.9479,69
2026-04-24,16:08:38,116270,1,0.4000,0.4472,0.0549,1.6135,1.7916,0,1.0000,50,1,7.7851,-1.6587,-24.0722,36.2025,168.1343,0.000,0.000,1.000,137.1611,110.9740,69
2026-04-24,16:08:38,116271,1,0.4000,0.3219,0.0593,1.7443,1.7887,0,1.0000,50,1,7.8856,0.5497,-23.2437,32.7129,168.1401,0.000,0.000,1.000,137.7687,110.8714,69
2026-04-24,16:08:38,116271,1,0.4000,0.3264,0.0507,1.4900,1.7846,0,1.0000,50,1,7.8858,-0.0304,-22.1944,29.5109,168.1480,0.000,0.000,1.000,138.5450,110.6354,69
2026-04-24,16:08:38,116272,1,0.4000,0.3544,0.0623,1.8328,1.7823,0,1.0000,50,1,7.9173,0.6218,-21.8748,23.2133,168.1480,0.000,0.000,1.000,138.2553,110.0153,69
2026-04-24,16:08:38,116273,1,0.4000,0.3818,0.0664,1.9519,1.7790,0,1.0000,50,1,7.9364,1.4092,-21.0729,21.3841,168.1438,0.000,0.000,1.000,139.0457,110.0193,69
2026-04-24,16:08:38,116274,1,0.4000,0.3913,0.0630,1.8519,1.7761,0,1.0000,50,1,8.0384,1.9443,-20.7349,17.7077,168.1422,0.000,0.000,1.000,138.8209,109.4318,69
2026-04-24,16:08:38,116275,1,0.4000,0.5113,0.0424,1.2460,1.7723,0,1.0000,50,1,8.0816,1.7900,-20.3924,15.4885,168.1627,0.000,0.000,1.000,138.9485,109.4128,69
2026-04-24,16:08:38,116276,1,0.4000,0.4252,0.0434,1.2752,1.7685,0,1.0000,50,1,8.0345,-0.5890,-19.7229,15.6574,168.1483,0.000,0.000,1.000,137.8580,108.7754,69
2026-04-24,16:08:38,116277,1,0.4000,0.1896,0.0717,2.1095,1.7667,0,1.0000,50,1,7.8922,-2.5225,-19.3727,14.1157,168.1601,0.000,0.000,1.000,137.2285,108.5862,69
2026-04-24,16:08:38,116278,1,0.4000,0.4135,0.0675,1.9850,1.7642,0,1.0000,50,1,7.9730,-0.0646,-19.8508,5.0898,168.1421,0.000,0.000,1.000,136.0776,108.2132,69
2026-04-24,16:08:38,116279,1,0.4000,0.4403,0.0625,1.8389,1.7622,0,1.0000,50,1,8.0212,-0.5523,-20.1721,2.5051,168.1563,0.000,0.000,1.000,134.2417,107.4950,69
2026-04-24,16:08:38,116280,1,0.4000,0.4283,0.0613,1.8023,1.7565,0,1.0000,50,1,7.9056,-1.7109,-21.0840,-4.1069,168.1587,0.000,0.000,1.000,133.1899,107.1808,69
2026-04-24,16:08:39,116310,1,0.4000,0.3245,0.0683,2.0079,1.7530,0,1.0000,50,1,7.6551,-11.3432,-27.2479,-142.9058,168.1028,0.000,0.000,1.000,131.8509,106.7349,69
2026-04-24,16:08:39,116346,1,0.4000,0.4570,0.0529,1.5565,1.7493,0,1.0000,50,1,7.3495,-7.6283,-35.7445,-206.6639,168.1765,0.016,0.000,1.000,130.6084,106.3419,69
2026-04-24,16:08:39,116382,1,0.4000,0.4257,0.0551,1.6197,1.7463,0,1.0000,50,1,7.1876,-0.7093,-42.0474,-204.7330,168.1217,0.056,0.000,1.000,128.8869,105.7611,69
2026-04-24,16:08:39,116418,1,0.4000,0.3533,0.0548,1.6117,1.7431,0,1.0000,50,1,7.1840,-1.8842,-45.4955,-136.4716,168.1279,0.024,0.000,1.000,128.1709,105.6460,69
2026-04-24,16:08:39,116454,1,0.4000,0.4893,0.0425,1.2512,1.7397,0,1.0000,50,1,7.6080,8.4495,-44.0591,4.2704,168.1580,0.000,0.000,1.000,126.5666,105.1345,69
2026-04-24,16:08:39,116490,1,0.4000,0.3352,0.0522,1.5358,1.7366,0,1.0000,50,1,7.2563,-10.6143,-36.6043,145.3461,168.1261,0.000,0.000,1.000,124.7709,104.6069,69
2026-04-24,16:08:39,116526,1,0.4000,0.4719,0.0573,1.6841,1.7342,0,1.0000,50,1,7.2865,1.3490,-35.1377,73.9547,168.1193,0.000,0.000,1.000,123.5826,104.3032,69
2026-04-24,16:08:39,116562,1,0.4000,0.2475,0.0680,1.9997,1.7312,0,1.0000,50,1,6.7847,-10.4075,-29.2591,149.7049,168.1161,0.032,0.000,1.000,122.3619,104.1333,69
2026-04-24,16:08:39,116598,1,0.4000,0.3806,0.0672,1.9760,1.7284,0,1.0000,50,1,7.5632,9.7288,-25.5468,121.3877,168.0754,0.000,0.000,1.000,120.8698,103.7908,69
2026-04-24,16:08:39,116635,1,0.4000,0.3888,0.0663,1.9499,1.7252,0,1.0000,50,1,7.3375,6.3319,-29.8784,-52.0258,168.1463,0.000,0.000,1.000,119.6891,103.4361,69
2026-04-24,16:08:39,116671,1,0.4000,0.3215,0.0762,2.2423,1.7225,0,1.0000,50,1,7.2517,-14.1486,-37.8445,-196.8351,168.1142,0.000,0.000,1.000,118.6531,103.0956,69
2026-04-24,16:08:39,116706,1,0.4000,0.3142,0.0879,2.5855,1.7201,0,1.0000,50,1,6.9633,-0.1145,-48.6210,-275.0261,168.1374,0.000,0.000,1.000,117.5363,102.6934,69
2026-04-24,16:08:39,117196,1,0.4000,0.3409,0.0909,2.6721,1.7178,0,1.0000,50,1,6.8928,-1.6022,-50.6745,-208.5300,168.1173,0.000,0.000,1.000,117.0860,102.5272,69
2026-04-24,16:08:39,117198,1,0.4000,0.5033,0.0684,2.0125,1.7139,0,1.0000,50,1,7.1046,2.4227,-52.5712,-158.7612,168.1079,0.000,0.000,1.000,116.3778,102.1285,69
2026-04-24,16:08:39,117199,1,0.4000,0.4461,0.0677,1.9910,1.7102,0,1.0000,50,1,6.9569,-0.8403,-54.3221,-112.3218,168.1328,0.000,0.000,1.000,116.3602,101.9711,69
2026-04-24,16:08:39,117200,1,0.4000,0.3948,0.0701,2.0610,1.7066,0,1.0000,50,1,6.8173,-2.4637,-55.6470,-79.1320,168.1444,0.000,0.000,1.000,116.8091,101.9042,69
2026-04-24,16:08:39,117201,1,0.4000,0.4360,0.0746,2.1947,1.7039,0,1.0000,50,1,6.7509,-2.4379,-56.8794,-65.8322,168.1424,0.000,0.000,1.000,115.8783,101.0434,69
2026-04-24,16:08:39,117201,1,0.4000,0.4949,0.0615,1.8085,1.6997,0,1.0000,50,1,6.4401,-4.7229,-57.8298,-47.8906,168.1776,0.000,0.000,1.000,117.6671,101.4112,69
2026-04-24,16:08:39,117202,1,0.4000,0.2944,0.0578,1.6989,1.6954,0,1.0000,50,1,6.0157,-9.6400,-59.1615,-41.7887,168.1404,0.016,0.000,1.000,117.9188,100.9404,69
2026-04-24,16:08:39,117202,1,0.4000,0.3466,0.0637,1.8723,1.6931,0,1.0000,50,1,6.3285,3.0287,-59.6562,-33.5972,168.1741,0.040,0.000,1.000,116.8651,99.9572,69
2026-04-24,16:08:39,117203,1,0.4000,0.2586,0.0828,2.4356,1.6900,0,1.0000,50,1,6.3400,-0.2098,-61.3662,-35.3812,168.1916,0.008,0.000,1.000,118.4965,100.1831,69
2026-04-24,16:08:39,117205,1,0.4000,0.4279,0.0730,2.1459,1.6864,0,1.0000,50,1,6.4519,0.5793,-62.3370,-30.0573,168.1460,0.000,0.000,1.000,120.1163,100.4373,69
2026-04-24,16:08:39,117205,1,0.4000,0.4330,0.0698,2.0518,1.6835,0,1.0000,50,1,6.5037,-0.2632,-63.1548,-27.1309,168.1661,0.000,0.000,1.000,120.1985,100.2025,69
2026-04-24,16:08:39,117206,1,0.4000,0.4958,0.0730,2.1468,1.6789,0,1.0000,50,1,6.5775,0.8422,-63.5660,-24.0494,168.1662,0.000,0.000,1.000,122.1841,100.5637,69
2026-04-24,16:08:39,117234,1,0.4000,0.3974,0.0856,2.5189,1.6751,0,1.0000,50,1,6.8837,8.8736,-61.6487,35.3850,168.1931,0.000,0.000,1.000,120.4056,99.7024,69
2026-04-24,16:08:39,117270,1,0.4000,0.4364,0.0775,2.2796,1.6716,0,1.0000,50,1,6.3032,-13.5326,-60.6787,36.0797,168.1233,0.000,0.000,1.000,119.2952,99.2333,69
2026-04-24,16:08:40,117306,1,0.4000,0.6067,0.0480,1.4107,1.6674,0,1.0000,50,1,6.5109,7.2867,-58.0093,64.6136,168.1801,0.000,0.000,1.000,120.0342,99.5177,69
2026-04-24,16:08:40,117342,1,0.4000,0.4432,0.0379,1.1146,1.6634,0,1.0000,50,1,6.1235,-6.0390,-54.4057,98.3155,168.1475,0.000,0.000,1.000,122.4440,100.4124,69
2026-04-24,16:08:40,117379,1,0.4000,0.2531,0.0490,1.4423,1.6603,0,1.0000,50,1,6.1542,-3.8036,-52.9786,58.0518,168.1237,0.000,0.000,1.000,124.3546,101.1230,69
2026-04-24,16:08:40,117415,1,0.4000,0.3765,0.0619,1.8213,1.6584,0,1.0000,50,1,6.3798,13.6362,-49.6469,92.6918,168.1147,0.000,0.000,1.000,124.8629,101.3604,69
2026-04-24,16:08:40,117452,1,0.4000,0.4133,0.0581,1.7099,1.6551,0,1.0000,50,1,6.7195,7.2387,-47.9299,57.5614,168.0197,0.000,0.000,1.000,125.3965,101.6831,69
2026-04-24,16:08:40,117487,1,0.4000,0.3847,0.0719,2.1158,1.6527,0,1.0000,50,1,7.6368,22.4483,-49.5526,-10.0885,167.8884,0.000,0.000,1.000,124.0574,101.3640,69
2026-04-24,16:08:40,117523,1,0.4000,0.4485,0.0700,2.0600,1.6496,0,1.0000,50,1,7.5692,-1.4103,-49.9439,-12.7408,167.8673,0.000,0.000,1.000,122.0588,100.9316,69
2026-04-24,16:08:40,117559,1,0.4000,0.2586,0.0783,2.3035,1.6465,0,1.0000,50,1,6.8642,-24.5897,-49.2591,20.3734,167.9766,0.000,0.000,1.000,121.8110,101.3675,69
2026-04-24,16:08:40,117595,1,0.4000,0.3736,0.0805,2.3667,1.6439,0,1.0000,50,1,6.2747,-16.5632,-46.4629,61.0971,168.1298,0.064,0.000,1.000,121.2519,101.5786,69
2026-04-24,16:08:40,117631,1,0.4000,0.4118,0.0791,2.3257,1.6409,0,1.0000,50,1,5.9489,-4.8448,-46.7524,14.9192,168.1054,0.128,0.000,1.000,120.7312,101.9531,69
2026-04-24,16:08:40,117667,1,0.4000,0.4809,0.0583,1.7157,1.6367,0,1.0000,50,1,6.2691,-2.4657,-45.4059,33.4467,168.2271,0.144,0.000,1.000,121.0293,102.4966,69
2026-04-24,16:08:40,118157,1,0.4000,0.2830,0.0698,2.0518,1.6341,0,1.0000,50,1,6.0743,-6.0328,-44.4080,32.7319,168.3258,0.168,0.000,1.000,120.6188,102.5381,69
2026-04-24,16:08:40,118158,1,0.4000,0.3775,0.0826,2.4304,1.6314,0,1.0000,50,1,5.7729,-9.8935,-42.8727,34.1996,168.3592,0.184,0.000,1.000,119.1856,101.7098,69
2026-04-24,16:08:40,118159,1,0.4000,0.6320,0.0244,0.7190,1.6253,0,1.0000,50,1,5.3583,-9.8534,-41.9751,29.0120,168.3259,0.224,0.000,1.000,117.1299,100.4226,69
2026-04-24,16:08:40,118159,1,0.4000,0.4802,0.0130,0.3826,1.6214,0,1.0000,50,1,3.7045,-30.5086,-41.0564,28.2313,168.3486,0.200,0.000,0.998,113.8956,98.7771,69
2026-04-24,16:08:40,118160,1,0.4000,0.3052,0.0212,0.6234,1.6185,0,1.0000,50,1,3.4470,-18.0453,-39.9576,30.2993,168.2881,0.176,0.000,0.995,114.0191,98.5377,69
2026-04-24,16:08:40,118163,1,0.4000,0.1839,0.0470,1.3828,1.6168,0,1.0000,50,1,3.7876,1.2056,-38.8027,31.5312,168.1786,0.200,0.000,0.993,123.9251,102.4309,69
2026-04-24,16:08:40,118165,1,0.4000,0.2746,0.0651,1.9136,1.6142,0,1.0000,50,1,7.7397,58.1941,-36.5631,39.1192,168.2200,0.192,0.000,1.000,121.5465,100.7592,69
2026-04-24,16:08:40,118165,1,0.4000,0.6347,0.0285,0.8385,1.6096,0,1.0000,50,1,9.3834,43.2927,-35.2336,36.9624,168.2943,0.160,0.000,1.000,118.5702,99.2379,69
2026-04-24,16:08:40,118166,1,0.4000,0.4743,0.0029,0.0856,1.6040,0,1.0000,50,1,7.3862,-23.9093,-34.3282,30.2255,168.3591,0.128,0.000,0.997,122.0008,100.5517,69
2026-04-24,16:08:40,118167,1,0.4000,0.2438,-0.0017,0.0497,1.6009,0,1.0000,50,1,4.7887,-54.5947,-34.3858,19.8108,168.3835,0.104,0.000,0.994,122.8715,100.9481,69
2026-04-24,16:08:40,118169,1,0.4000,0.3369,0.0190,0.5601,1.5989,0,1.0000,50,1,1.6780,-57.0199,-34.5144,11.0459,168.3769,0.072,0.000,0.991,133.3215,105.8344,69
2026-04-24,16:08:40,118170,1,0.4000,0.4177,0.0266,0.7822,1.5932,0,1.0000,50,1,4.0390,44.2211,-33.5880,23.1780,168.4044,0.072,0.000,0.989,121.5352,100.5858,69
2026-04-24,16:08:40,118210,1,0.4000,0.3728,0.0280,0.8246,1.5891,0,1.0000,50,1,6.8101,77.2313,-29.7115,80.7203,167.9803,0.056,0.000,1.000,121.7303,101.0902,69
2026-04-24,16:08:40,118250,1,0.4000,0.3590,0.0467,1.3749,1.5867,0,1.0000,50,1,10.5620,58.8591,-26.8911,77.5361,168.2468,0.016,0.000,1.000,127.1828,104.1615,69
2026-04-24,16:08:40,118283,1,0.4000,0.3916,0.0434,1.2751,1.5838,0,1.0000,50,1,10.6140,2.5791,-25.1640,60.1159,168.3349,0.000,0.000,1.000,126.7935,104.6625,69
2026-04-24,16:08:41,118317,1,0.6560,0.4634,0.0353,1.0376,1.5807,0,1.0000,82,1,9.0497,-70.5674,-28.2273,-33.4300,168.4093,0.000,0.000,1.000,124.6907,104.0225,69
2026-04-24,16:08:41,118358,1,0.0400,0.6830,0.0215,0.6315,1.5757,0,1.0000,5,1,5.5509,-61.8693,-23.4826,74.6231,168.2978,0.056,0.000,1.000,121.2409,102.6173,69
2026-04-24,16:08:41,118398,1,0.0000,0.2225,-0.0155,0.4549,1.5720,0,1.0000,0,1,2.5734,-67.9110,-20.4008,79.4370,168.3438,0.040,0.000,0.997,121.6638,103.0298,69
2026-04-24,16:08:41,118431,1,0.0000,0.0320,-0.0047,0.1371,1.5720,0,1.0000,0,1,2.5078,-1.4984,-18.4774,68.9912,168.3547,0.008,0.000,0.994,123.6699,103.8945,69
2026-04-24,16:08:41,118465,1,0.0000,-0.0070,-0.0036,0.1046,1.5720,0,1.0000,0,1,2.0924,4.6758,-17.1437,52.1189,168.3106,0.000,0.000,0.990,124.2508,103.8985,69
2026-04-24,16:08:41,118498,1,0.0000,0.0010,-0.0037,0.1093,1.5720,0,1.0000,0,1,3.8177,51.2697,-16.1267,39.9906,168.1116,0.000,0.000,0.987,126.3246,104.4316,69
2026-04-24,16:08:41,118531,1,0.0000,-0.0236,-0.0031,0.0924,1.5721,0,1.0000,0,1,5.6412,70.7118,-14.9326,39.9370,168.0977,0.000,0.000,0.984,129.3197,105.4197,69
2026-04-24,16:08:41,118572,1,0.0000,0.0032,-0.0033,0.0972,1.5721,0,1.0000,0,1,9.3778,81.5342,-13.1696,44.7120,168.0083,0.000,0.000,0.980,132.1329,105.9210,69
2026-04-24,16:08:41,118608,1,0.0000,0.0121,-0.0024,0.0708,1.5721,0,1.0000,0,1,11.6753,62.9639,-12.5722,21.2709,168.1054,0.000,0.000,0.977,134.6884,106.5301,69
2026-04-24,16:08:41,118641,1,0.0000,-0.0005,-0.0031,0.0924,1.5721,0,1.0000,0,1,12.5749,18.5728,-13.5960,-15.4238,168.0962,0.000,0.000,0.974,136.9589,106.7625,69
2026-04-24,16:08:42,119561,1,0.0000,-0.0203,-0.0012,0.0353,1.5721,0,1.0000,0,1,12.6730,4.6110,-15.1681,-27.6096,168.1144,0.000,0.000,0.970,136.9514,106.0550,69
2026-04-24,16:08:42,119562,1,0.0000,-0.0071,-0.0018,0.0531,1.5721,0,1.0000,0,1,11.9419,-11.6170,-16.1569,-28.6850,168.1213,0.000,0.000,0.968,137.6306,106.1794,69
2026-04-24,16:08:42,119563,1,0.0000,-0.0080,0.0032,0.0927,1.5723,0,1.0000,0,1,11.0044,-19.0637,-17.4882,-30.4227,168.0977,0.000,0.000,0.965,137.1796,105.9905,69
2026-04-24,16:08:42,119564,1,0.0000,0.0087,-0.0010,0.0282,1.5722,0,1.0000,0,1,10.4037,-15.1633,-18.6249,-29.1981,168.1322,0.000,0.000,0.962,136.7781,106.1857,69
2026-04-24,16:08:42,119565,1,0.0000,-0.0092,0.0011,0.0325,1.5723,0,1.0000,0,1,10.1231,-7.9615,-19.7772,-28.7121,168.0697,0.000,0.000,0.958,136.6043,106.8585,69
2026-04-24,16:08:42,119565,1,0.0000,0.0077,0.0031,0.0919,1.5725,0,1.0000,0,1,10.8847,9.8549,-20.7110,-26.1838,168.0930,0.000,0.000,0.955,135.1838,106.7479,69
2026-04-24,16:08:42,119566,1,0.0000,0.0054,0.0042,0.1244,1.5724,0,1.0000,0,1,11.2065,7.8875,-21.4732,-23.4213,168.1093,0.000,0.000,0.952,133.9128,106.6024,69
2026-04-24,16:08:42,119566,1,0.0000,-0.0093,0.0052,0.1515,1.5725,0,1.0000,0,1,10.7801,-5.2332,-22.2909,-22.0168,168.1241,0.000,0.000,0.949,132.0763,105.9395,69
2026-04-24,16:08:42,119567,1,0.0000,0.0106,0.0046,0.1355,1.5725,0,1.0000,0,0,10.1939,-12.1488,-23.5769,-26.2821,168.0964,0.000,0.000,0.946,130.4745,105.1659,69
2026-04-24,16:08:42,119569,1,0.0000,-0.0036,0.0052,0.1520,1.5725,0,1.0000,0,0,9.7716,-10.2105,-24.9117,-28.7280,168.0466,0.000,0.000,0.942,129.1652,104.3230,69
2026-04-24,16:08:42,119569,1,0.0000,0.0039,0.0044,0.1299,1.5725,0,1.0000,0,0,9.7506,-7.7857,-25.2715,-26.3338,168.0027,0.000,0.000,0.942,129.4798,104.2311,69
2026-04-24,16:08:42,119570,1,0.0000,0.0126,0.0042,0.1247,1.5725,0,1.0000,0,0,9.1984,-13.3748,-26.0744,-23.4480,168.0392,0.000,0.000,0.938,129.1203,103.7774,69
2026-04-24,16:08:42,119571,1,0.0000,0.0033,-0.0009,0.0273,1.5723,0,1.0000,0,0,8.3245,-21.0781,-26.5428,-20.4842,168.0637,0.000,0.000,0.936,130.4060,104.2164,69
2026-04-24,16:08:42,119572,1,0.0000,-0.0027,-0.0011,0.0332,1.5722,0,1.0000,0,0,6.8022,-33.4805,-27.3110,-20.2088,168.0641,0.000,0.000,0.933,129.9767,103.7126,69
2026-04-24,16:08:42,119573,1,0.0000,0.0116,-0.0008,0.0225,1.5722,0,1.0000,0,0,5.6837,-28.9069,-27.8156,-16.8839,168.0599,0.000,0.000,0.930,130.4445,103.6894,69
2026-04-24,16:08:42,119574,1,0.0000,-0.0036,-0.0018,0.0541,1.5722,0,1.0000,0,0,5.1535,-16.6709,-28.0499,-12.4863,168.0640,0.000,0.000,0.926,130.8071,103.6024,69
2026-04-24,16:08:42,119575,1,0.0000,-0.0089,-0.0012,0.0343,1.5722,0,1.0000,0,0,5.5161,1.8803,-28.1114,-7.9213,168.0217,0.000,0.000,0.923,131.1081,103.4810,69
2026-04-24,16:08:42,119575,1,0.0000,-0.0185,0.0029,0.0866,1.5723,0,1.0000,0,0,7.4265,36.8115,-27.7132,-0.5961,167.9271,0.000,0.000,0.920,134.0175,104.6442,69
2026-04-24,16:08:42,119576,1,0.0000,0.0694,-0.0041,0.1215,1.5720,0,1.0000,0,0,9.6389,46.5566,-27.0655,5.9841,168.0480,0.000,0.000,0.917,135.2469,104.8513,69
2026-04-24,16:08:42,119577,1,0.0000,0.0001,-0.0037,0.1079,1.5720,0,1.0000,0,0,9.1662,2.8692,-27.3979,-0.2494,168.0913,0.000,0.000,0.914,135.8708,103.9568,69
2026-04-24,16:08:42,119578,1,0.0000,0.0028,-0.0043,0.1264,1.5720,0,1.0000,0,0,6.9997,-39.4487,-28.6822,-13.4844,168.1366,0.000,0.000,0.910,136.5414,102.8717,69
2026-04-24,16:08:42,119578,1,0.0000,-0.0183,-0.0046,0.1356,1.5720,0,1.0000,0,0,1.6236,-64.2077,-29.6555,-15.8092,168.2652,0.000,0.000,0.908,135.6226,99.7679,69
2026-04-24,16:08:42,119580,1,0.0000,0.0059,-0.0056,0.1634,1.5720,0,1.0000,0,0,-0.1946,-26.1999,-29.7648,-5.3665,168.3216,0.000,0.000,0.905,141.8455,98.9675,69
2026-04-24,16:08:42,119616,1,0.0000,-0.0028,-0.0056,0.1634,1.5720,0,1.0000,0,0,0.1005,16.0531,-28.2127,32.4875,168.3681,0.000,0.000,0.902,150.7072,100.0846,69
2026-04-24,16:08:42,119652,1,0.0000,-0.0058,-0.0048,0.1402,1.5720,0,1.0000,0,0,1.6989,60.9620,-25.4335,68.9673,168.4322,0.000,0.000,0.898,162.8388,101.0214,69
2026-04-24,16:08:42,120137,1,0.0000,-0.0045,-0.0051,0.1496,1.5720,0,1.0000,0,0,2.4989,33.7449,-23.5905,59.3230,168.5749,0.000,0.000,0.895,171.7664,99.7329,69
2026-04-24,16:08:42,120138,1,0.0000,-0.0060,-0.0055,0.1618,1.5720,0,1.0000,0,0,4.1886,38.0102,-21.6708,53.8921,168.6820,0.000,0.000,0.892,-171.6700,100.7153,69
2026-04-24,16:08:42,120139,1,0.0000,0.0035,-0.0040,0.1186,1.5720,0,1.0000,0,0,6.0892,42.9190,-19.9253,48.6101,168.7261,0.000,0.000,0.889,-152.5049,99.8351,69
2026-04-24,16:08:42,120140,1,0.0000,-0.0021,-0.0058,0.1696,1.5720,0,1.0000,0,0,7.2709,38.0660,-18.7655,43.9763,168.7347,0.000,0.000,0.886,-128.9913,96.7438,69
2026-04-24,16:08:42,120140,1,0.0000,0.0136,-0.0052,0.1526,1.5720,0,1.0000,0,0,8.5478,31.7333,-17.3282,40.0632,168.7224,0.000,0.000,0.883,-109.0495,93.8450,69
2026-04-24,16:08:42,120141,1,0.0000,-0.0009,-0.0053,0.1572,1.5720,0,1.0000,0,0,9.2773,21.6688,-16.2296,34.3966,168.7074,0.000,0.000,0.880,-108.2881,94.4227,69
2026-04-24,16:08:42,120142,1,0.0000,-0.0102,-0.0037,0.1095,1.5720,0,1.0000,0,0,9.5418,13.4268,-15.5670,29.6885,168.7131,0.000,0.000,0.878,-73.6908,85.7288,69
2026-04-24,16:08:42,120143,1,0.0000,-0.0057,-0.0052,0.1526,1.5720,0,1.0000,0,0,9.8628,11.2677,-14.9659,25.8839,168.7010,0.000,0.000,0.875,-73.2754,85.4714,69
2026-04-24,16:08:42,120144,1,0.0000,0.0045,-0.0050,0.1480,1.5720,0,1.0000,0,0,10.2199,9.3384,-14.2199,22.4297,168.6843,0.000,0.000,0.872,-59.3207,80.9272,69
2026-04-24,16:08:42,120145,1,0.0000,-0.0030,-0.0052,0.1542,1.5720,0,1.0000,0,0,10.6882,10.4001,-13.5940,19.3929,168.6479,0.000,0.000,0.869,-49.0297,76.4345,69
2026-04-24,16:08:42,120146,1,0.0000,-0.0027,-0.0065,0.1909,1.5720,0,1.0000,0,0,10.9058,8.2350,-13.2474,16.7181,168.6743,0.000,0.000,0.867,-42.0506,72.1668,69
2026-04-24,16:08:42,120146,1,0.0000,0.0235,-0.0055,0.1606,1.5719,0,1.0000,0,0,11.1657,8.4564,-12.9973,14.7382,168.6753,0.000,0.000,0.866,-38.4980,69.6390,69
2026-04-24,16:08:42,120178,1,0.0000,-0.0088,-0.0049,0.1434,1.5720,0,1.0000,0,0,12.2462,29.9196,-12.1652,22.0791,168.5712,0.000,0.000,0.862,-33.1854,67.0478,69
2026-04-24,16:08:42,120214,1,0.0000,0.0076,-0.0046,0.1356,1.5720,0,1.0000,0,0,13.2935,30.8086,-11.1654,28.4802,168.5080,0.000,0.000,0.859,-26.9139,63.7667,69
2026-04-24,16:08:42,120250,1,0.0000,0.0053,-0.0061,0.1804,1.5720,0,1.0000,0,0,14.0214,22.3196,-10.1346,29.9795,168.4632,0.000,0.000,0.856,-20.1712,61.8997,69
2026-04-24,16:08:42,120286,1,0.0000,-0.0045,-0.0056,0.1650,1.5720,0,1.0000,0,0,14.6929,16.4254,-9.5887,21.0313,168.4206,0.000,0.000,0.853,-14.1315,58.0112,69
2026-04-24,16:08:43,120322,1,0.0000,0.0005,-0.0052,0.1542,1.5720,0,1.0000,0,0,14.9487,8.8770,-9.3438,12.3031,168.4063,0.000,0.000,0.850,-7.3512,56.4804,69
2026-04-24,16:08:43,120358,1,0.0000,0.0118,-0.0063,0.1846,1.5720,0,1.0000,0,0,14.9426,-2.8392,-9.1768,6.8834,168.4015,0.000,0.000,0.846,-0.3303,54.8351,69
2026-04-24,16:08:43,120393,1,0.0000,0.0105,-0.0052,0.1526,1.5720,0,1.0000,0,0,14.6431,-7.3776,-9.4108,-2.3119,168.3885,0.000,0.000,0.843,5.1838,54.6242,69
2026-04-24,16:08:43,120429,1,0.0000,-0.0074,-0.0050,0.1464,1.5720,0,1.0000,0,0,14.2758,-9.2509,-9.7257,-7.3506,168.3522,0.000,0.000,0.840,12.6795,55.6155,69
2026-04-24,16:08:43,120464,1,0.0000,-0.0108,-0.0045,0.1326,1.5720,0,1.0000,0,0,14.2267,-0.2372,-9.8902,-5.7767,168.2998,0.000,0.000,0.837,19.5116,57.2915,69
2026-04-24,16:08:43,120500,1,0.0000,0.0001,-0.0048,0.1418,1.5720,0,1.0000,0,0,14.3791,6.5573,-9.6292,4.1528,168.3194,0.000,0.000,0.834,28.4304,58.2720,69
2026-04-24,16:08:43,120536,1,0.0000,-0.0005,-0.0042,0.1248,1.5720,0,1.0000,0,0,14.7623,10.8324,-9.3158,8.0798,168.2581,0.000,0.000,0.830,35.5078,59.5385,69
2026-04-24,16:08:43,120572,1,0.0000,0.0032,-0.0052,0.1526,1.5720,0,1.0000,0,0,15.0723,9.3566,-9.0390,8.0315,168.2864,0.000,0.000,0.827,43.1521,59.7825,69
2026-04-24,16:08:43,120608,1,0.0000,-0.0130,-0.0055,0.1617,1.5720,0,1.0000,0,0,15.1807,2.4721,-8.7921,6.6409,168.2722,0.000,0.000,0.824,50.3246,61.2558,69
2026-04-24,16:08:43,120643,1,0.0000,-0.0011,-0.0053,0.1572,1.5720,0,1.0000,0,0,15.2810,3.4456,-8.5401,8.5907,168.2564,0.000,0.000,0.821,54.2275,61.9215,69
2026-04-24,16:08:43,121131,1,0.0000,0.0068,-0.0049,0.1448,1.5720,0,1.0000,0,0,15.2853,1.2566,-8.3601,6.8513,168.2581,0.000,0.000,0.818,57.7393,62.6077,69
2026-04-24,16:08:43,121132,1,0.0000,-0.0048,-0.0058,0.1696,1.5720,0,1.0000,0,0,15.3254,0.9887,-8.4048,3.6111,168.2576,0.000,0.000,0.814,57.9334,61.1443,69
2026-04-24,16:08:43,121132,1,0.0000,-0.0163,-0.0043,0.1264,1.5720,0,1.0000,0,0,15.3742,1.1764,-8.5342,0.9099,168.2455,0.000,0.000,0.811,57.7873,59.8699,69
2026-04-24,16:08:43,121133,1,0.0000,0.0057,-0.0058,0.1696,1.5720,0,1.0000,0,0,15.4023,0.9916,-8.6390,-0.4019,168.2542,0.000,0.000,0.809,57.1093,58.4425,69
2026-04-24,16:08:43,121134,1,0.0000,-0.0110,-0.0052,0.1542,1.5720,0,1.0000,0,0,15.4433,1.1548,-8.6740,-0.5832,168.2525,0.000,0.000,0.806,56.5347,57.0968,69
2026-04-24,16:08:43,121135,1,0.0000,0.0041,-0.0049,0.1434,1.5720,0,1.0000,0,0,15.5127,1.6509,-8.7740,-1.3448,168.2596,0.000,0.000,0.803,56.5115,56.0913,69
2026-04-24,16:08:43,121136,1,0.0000,0.0000,-0.0054,0.1588,1.5720,0,1.0000,0,0,15.5630,1.4261,-8.8405,-1.5698,168.2660,0.000,0.000,0.801,56.1012,54.6391,69
2026-04-24,16:08:43,121137,1,0.0000,0.0051,-0.0052,0.1526,1.5720,0,1.0000,0,0,15.5526,0.4195,-8.9150,-1.7865,168.2489,0.000,0.000,0.798,54.8718,52.0590,69
2026-04-24,16:08:43,121138,1,0.0000,-0.0105,-0.0040,0.1171,1.5720,0,1.0000,0,0,15.5619,0.2250,-9.0443,-2.3552,168.2421,0.000,0.000,0.795,53.0660,49.8535,69
2026-04-24,16:08:43,121139,1,0.0000,-0.0025,-0.0060,0.1758,1.5720,0,1.0000,0,0,15.6111,0.8222,-9.2364,-3.2641,168.2532,0.000,0.000,0.792,50.1285,47.2502,69
2026-04-24,16:08:43,121140,1,0.0000,0.0066,-0.0049,0.1432,1.5720,0,1.0000,0,0,15.6279,0.5680,-9.3428,-2.9444,168.2598,0.000,0.000,0.789,43.3696,40.8007,69
2026-04-24,16:08:43,121141,1,0.0000,0.0001,-0.0053,0.1572,1.5720,0,1.0000,0,0,15.6402,0.5096,-9.3828,-2.5503,168.2628,0.000,0.000,0.787,39.4194,36.9769,69
2026-04-24,16:08:43,121171,1,0.0000,-0.0110,-0.0045,0.1326,1.5720,0,1.0000,0,0,15.6944,1.6440,-9.7370,-8.0587,168.2775,0.000,0.000,0.784,35.6407,33.4032,69
2026-04-24,16:08:43,121207,1,0.0000,-0.0064,-0.0046,0.1356,1.5720,0,1.0000,0,0,15.7633,2.3891,-10.0677,-9.3832,168.2555,0.000,0.000,0.781,32.8811,30.4165,69
2026-04-24,16:08:43,121243,1,0.0000,0.0034,-0.0056,0.1634,1.5720,0,1.0000,0,0,15.8052,1.1554,-10.3224,-8.4493,168.2493,0.000,0.000,0.778,29.3390,26.9200,69
2026-04-24,16:08:43,121279,1,0.0000,0.0093,-0.0049,0.1431,1.5720,0,1.0000,0,0,15.8520,1.3504,-10.4514,-4.9087,168.2343,0.000,0.000,0.774,25.8643,22.5512,69
2026-04-24,16:08:44,121314,1,0.0000,0.0048,-0.0046,0.1340,1.5720,0,1.0000,0,0,15.8999,1.1715,-10.4287,-0.8200,168.2230,0.000,0.000,0.771,23.7855,19.2884,69
2026-04-24,16:08:44,121350,1,0.0000,-0.0014,-0.0054,0.1588,1.5720,0,1.0000,0,0,15.9195,0.3099,-10.0871,7.1759,168.2181,0.000,0.000,0.768,21.9549,14.6147,69
2026-04-24,16:08:44,121386,1,0.0000,-0.0083,-0.0048,0.1418,1.5720,0,1.0000,0,0,15.9472,0.9213,-9.5964,12.5711,168.2138,0.000,0.000,0.765,20.4650,9.6416,69
2026-04-24,16:08:44,121422,1,0.0000,0.0059,-0.0052,0.1543,1.5720,0,1.0000,0,0,15.9853,1.3505,-9.0901,14.6455,168.1894,0.000,0.000,0.762,19.7921,4.4188,69
2026-04-24,16:08:44,121458,1,0.0000,-0.0094,-0.0061,0.1787,1.5720,0,1.0000,0,0,15.9857,0.3018,-8.8504,8.6055,168.1848,0.000,0.000,0.758,20.6262,2.6695,69
2026-04-24,16:08:44,121494,1,0.0000,0.0094,-0.0056,0.1651,1.5720,0,1.0000,0,0,16.0141,1.1885,-8.6498,8.2075,168.1864,0.000,0.000,0.755,20.2112,-4.4162,69
2026-04-24,16:08:44,121530,1,0.0000,0.0047,-0.0046,0.1356,1.5720,0,1.0000,0,0,16.0138,0.2797,-8.4845,4.9819,168.1731,0.000,0.000,0.752,20.1045,-10.1561,69
2026-04-24,16:08:44,121566,1,-0.2240,-0.0082,-0.0063,0.1848,1.5720,0,1.0000,-28,1,16.0139,0.1675,-8.4188,3.8392,168.1827,0.000,0.000,0.749,20.3875,-11.5768,69
2026-04-24,16:08:44,121602,1,-0.2240,0.0132,-0.0058,0.1696,1.5720,0,1.0000,-28,1,16.0310,0.5275,-8.1536,7.1778,168.1719,0.000,0.000,0.746,20.8597,-12.6700,69
2026-04-24,16:08:44,121638,1,-0.2240,-0.0054,-0.0053,0.1572,1.5720,0,1.0000,-28,1,16.0359,-0.2199,-7.6977,11.2565,168.1604,0.000,0.000,0.742,20.9086,-12.6767,69
2026-04-24,16:08:44,122127,1,0.8160,0.2115,0.0336,0.9875,1.5717,0,1.0000,102,1,16.0418,0.0559,-7.5322,8.8660,168.1611,0.000,0.000,0.740,20.7991,-13.2390,69
2026-04-24,16:08:44,122128,1,0.8160,0.8539,0.0148,0.4361,1.5641,0,1.0000,102,1,16.0681,-0.0222,-7.3713,6.8286,168.1591,0.000,0.000,0.737,20.7839,-13.7897,69
2026-04-24,16:08:44,122129,1,0.8720,0.9996,-0.0064,0.1890,1.5558,0,1.0000,109,1,16.0915,0.1817,-7.3893,3.8685,168.1719,0.000,0.000,0.734,21.0958,-15.2192,69
2026-04-24,16:08:44,122130,1,0.8720,0.9886,0.0162,0.4758,1.5490,0,1.0000,109,1,15.9870,-0.8243,-7.3918,2.3536,168.1784,0.000,0.000,0.730,21.9350,-17.2719,69
2026-04-24,16:08:44,122131,1,0.8720,1.0423,-0.0007,0.0215,1.5413,0,1.0000,109,1,15.9270,-1.7430,-7.3673,1.8619,168.1688,0.000,0.000,0.728,22.7160,-18.3557,69
2026-04-24,16:08:44,122131,1,0.9040,0.6541,0.0275,0.8086,1.5362,0,1.0000,113,1,15.9584,-0.1222,-7.2932,1.9931,168.1951,0.000,0.000,0.726,23.9863,-19.4030,69
2026-04-24,16:08:44,122132,1,0.9040,1.0831,0.0037,0.1095,1.5293,0,1.0000,113,1,15.9076,-1.2111,-7.2476,1.7959,168.1816,0.000,0.000,0.723,25.6195,-20.1414,69
2026-04-24,16:08:44,122134,1,0.9040,0.4072,0.0371,1.0905,1.5213,0,1.0000,113,1,15.9323,-0.0974,-7.2067,1.4740,168.1802,0.000,0.000,0.720,27.0737,-21.3204,69
2026-04-24,16:08:44,122135,1,0.8960,1.0194,0.0044,0.1301,1.5149,0,1.0000,112,1,15.9202,-0.1553,-7.1821,1.2305,168.1810,0.000,0.000,0.718,28.1627,-22.1860,69
2026-04-24,16:08:44,122136,1,0.8960,0.8797,-0.0015,0.0437,1.5081,0,1.0000,112,1,15.8775,-0.8339,-7.1129,1.5066,168.1554,0.000,0.000,0.715,29.6452,-23.5857,69
2026-04-24,16:08:44,122136,1,0.8960,0.9073,0.0183,0.5388,1.5026,0,1.0000,112,1,15.9067,0.2831,-7.0805,1.2857,168.1862,0.000,0.000,0.713,30.6813,-24.6290,69
2026-04-24,16:08:44,122137,1,-0.1200,1.0517,0.0003,0.0099,1.4982,0,1.0000,-15,1,16.0279,0.9779,-7.0553,1.2004,168.2068,0.000,0.000,0.711,32.9607,-24.7568,69
2026-04-24,16:08:44,122142,1,-0.1200,0.0088,-0.0155,0.4561,1.4970,0,1.0000,-15,1,15.9945,-3.7018,-7.2414,-2.8583,168.1793,0.000,0.000,0.709,34.4077,-26.7560,69
2026-04-24,16:08:44,122178,1,0.0000,-0.0156,-0.0146,0.4302,1.4970,0,1.0000,0,1,16.1061,6.7251,-7.8971,-14.1168,168.2400,0.000,0.000,0.706,34.8859,-28.2570,69
2026-04-24,16:08:44,122214,1,0.0000,-0.0059,-0.0148,0.4346,1.4970,0,1.0000,0,1,15.9351,-4.8547,-8.6511,-20.8552,168.1687,0.000,0.000,0.702,35.3288,-29.7488,69
2026-04-24,16:08:44,122250,1,0.0000,-0.0126,-0.0145,0.4262,1.4970,0,1.0000,0,1,16.1101,3.7492,-9.4379,-24.1803,168.1858,0.000,0.000,0.699,36.8268,-29.8787,69
2026-04-24,16:08:44,122286,1,0.0000,0.0011,-0.0147,0.4321,1.4970,0,1.0000,0,1,16.0286,1.2579,-10.6916,-35.9341,168.2383,0.000,0.000,0.696,37.8775,-29.2565,69
2026-04-24,16:08:45,122322,1,0.0000,-0.0041,-0.0139,0.4086,1.4970,0,1.0000,0,1,16.0913,-1.7286,-11.7260,-31.4659,168.1715,0.000,0.000,0.693,38.8641,-28.1213,69
2026-04-24,16:08:45,122358,1,0.0000,-0.0056,-0.0153,0.4498,1.4970,0,1.0000,0,1,16.1097,3.0410,-11.9836,-17.2056,168.2337,0.000,0.000,0.690,39.8693,-29.1826,69
2026-04-24,16:08:45,122395,1,0.0000,-0.0059,-0.0151,0.4448,1.4970,0,1.0000,0,1,16.0541,-2.9990,-12.1897,-7.3731,168.1732,0.000,0.000,0.704,41.0779,-29.9921,69
2026-04-24,16:08:45,122431,1,0.0000,0.0035,-0.0161,0.4732,1.4970,0,1.0000,0,1,16.1520,3.1797,-11.8201,5.1173,168.1913,0.000,0.000,0.736,41.8499,-32.5775,69
2026-04-24,16:08:45,122467,1,0.0000,0.0158,-0.0164,0.4822,1.4970,0,1.0000,0,1,16.0823,-0.9386,-11.8135,1.0294,168.2296,0.000,0.000,0.733,41.9080,-35.1145,69
2026-04-24,16:08:45,122503,1,0.0000,0.0115,-0.0145,0.4276,1.4970,0,1.0000,0,1,16.1479,0.3508,-11.6035,5.2465,168.1708,0.000,0.000,0.730,42.3781,-38.9785,69
2026-04-24,16:08:45,122539,1,0.0000,0.0061,-0.0151,0.4428,1.4970,0,1.0000,0,1,16.1308,0.9288,-11.2920,7.2217,168.2382,0.000,0.000,0.726,42.8114,-41.4732,69
2026-04-24,16:08:45,122575,1,0.0000,-0.0167,-0.0146,0.4302,1.4970,0,1.0000,0,1,16.1150,-1.4320,-11.3184,2.1707,168.1769,0.000,0.000,0.723,44.6525,-45.6034,69
2026-04-24,16:08:46,123504,1,0.0000,0.0001,-0.0144,0.4238,1.4970,0,1.0000,0,1,16.1211,-0.5124,-11.3394,1.2455,168.1890,0.000,0.000,0.721,46.7826,-48.9473,69
2026-04-24,16:08:46,123506,1,0.0000,-0.0121,-0.0151,0.4434,1.4970,0,1.0000,0,1,16.1148,-0.3398,-11.4140,0.1223,168.1812,0.000,0.000,0.718,48.6927,-51.8208,69
2026-04-24,16:08:46,123507,1,0.0000,0.0055,-0.0158,0.4644,1.4970,0,1.0000,0,0,16.1369,0.3138,-11.5153,-0.9884,168.1774,0.000,0.000,0.716,49.8539,-53.5315,69
2026-04-24,16:08:46,123508,1,0.0000,-0.0098,-0.0148,0.4365,1.4970,0,1.0000,0,0,16.1127,-0.2431,-11.6774,-2.0961,168.1923,0.000,0.000,0.713,52.1100,-56.0140,69
2026-04-24,16:08:46,123509,1,0.0000,-0.0067,-0.0162,0.4777,1.4970,0,1.0000,0,0,16.1240,0.0770,-11.8586,-3.2094,168.1769,0.000,0.000,0.710,54.2755,-58.2550,69
2026-04-24,16:08:46,123509,1,0.0000,-0.0066,-0.0145,0.4263,1.4970,0,1.0000,0,0,16.1406,0.3652,-12.0670,-4.1650,168.2022,0.000,0.000,0.708,57.7704,-61.8261,69
2026-04-24,16:08:46,123510,1,0.0000,-0.0012,-0.0143,0.4219,1.4970,0,1.0000,0,0,16.1677,0.6248,-12.3637,-5.2981,168.1929,0.000,0.000,0.705,61.8779,-66.0301,69
2026-04-24,16:08:46,123511,1,0.0000,0.0042,-0.0162,0.4757,1.4970,0,1.0000,0,0,16.2126,1.0685,-12.5007,-4.9052,168.1800,0.000,0.000,0.702,65.3276,-69.7078,69
2026-04-24,16:08:46,123511,1,0.0000,0.0076,-0.0156,0.4580,1.4970,0,1.0000,0,0,16.3219,2.2973,-12.6030,-4.3073,168.1853,0.000,0.000,0.700,68.0869,-72.3942,69
2026-04-24,16:08:46,123512,1,0.0000,-0.0169,-0.0142,0.4174,1.4970,0,1.0000,0,0,16.3673,1.1244,-12.7893,-4.4128,168.1896,0.000,0.000,0.697,71.1801,-75.0298,69
2026-04-24,16:08:46,123513,1,0.0000,-0.0052,-0.0142,0.4175,1.4970,0,1.0000,0,0,16.2294,-2.1296,-12.9617,-4.2585,168.1998,0.000,0.000,0.694,73.9986,-77.2315,69
2026-04-24,16:08:46,123513,1,0.0000,0.0005,-0.0148,0.4346,1.4970,0,1.0000,0,0,16.0318,-2.6949,-12.9690,-3.7670,168.1966,0.000,0.000,0.693,76.2405,-78.8361,69
2026-04-24,16:08:46,123514,1,0.0000,0.0118,-0.0162,0.4751,1.4970,0,1.0000,0,0,15.9127,-3.1266,-13.0270,-3.1594,168.1905,0.000,0.000,0.690,76.7133,-79.0411,69
2026-04-24,16:08:46,123515,1,0.0000,0.0026,-0.0153,0.4498,1.4970,0,1.0000,0,0,15.9131,-1.0569,-13.0783,-2.6253,168.1951,0.000,0.000,0.688,77.8208,-79.6978,69
2026-04-24,16:08:46,123516,1,0.0000,-0.0182,-0.0146,0.4282,1.4970,0,1.0000,0,0,16.1878,4.7602,-13.0846,-1.8301,168.1820,0.000,0.000,0.686,78.4940,-80.1205,69
2026-04-24,16:08:46,123517,1,0.0000,0.0120,-0.0160,0.4707,1.4970,0,1.0000,0,0,16.7657,11.0185,-12.9830,-0.1521,168.1836,0.000,0.000,0.682,79.2665,-80.7129,69
2026-04-24,16:08:46,123518,1,0.0000,-0.0125,-0.0146,0.4302,1.4970,0,1.0000,0,0,16.8869,4.3142,-12.9802,-0.0718,168.1930,0.000,0.000,0.679,80.5416,-81.8513,69
2026-04-24,16:08:46,123519,1,0.0000,-0.0098,-0.0146,0.4302,1.4970,0,1.0000,0,0,16.5355,-4.5595,-13.0688,-0.8659,168.1933,0.000,0.000,0.676,80.6213,-81.9741,69
2026-04-24,16:08:46,123520,1,0.0000,0.0022,-0.0158,0.4644,1.4970,0,1.0000,0,0,16.2858,-5.7639,-13.1048,-0.8264,168.1862,0.000,0.000,0.674,80.2196,-81.6114,69
2026-04-24,16:08:46,123521,1,0.0000,0.0084,-0.0160,0.4707,1.4970,0,1.0000,0,0,16.3398,-0.4856,-13.0731,-0.2146,168.1799,0.000,0.000,0.670,80.0920,-81.4125,69
2026-04-24,16:08:46,123522,1,0.0000,0.0051,-0.0151,0.4429,1.4970,0,1.0000,0,0,16.4222,0.9761,-13.1037,-0.5010,168.1867,0.000,0.000,0.668,79.8272,-80.9708,69
2026-04-24,16:08:46,123522,1,0.0000,0.0219,-0.0168,0.4929,1.4970,0,1.0000,0,0,16.3099,-1.7441,-13.2450,-1.7345,168.1994,0.000,0.000,0.666,79.3601,-80.3202,69
2026-04-24,16:08:46,123523,1,0.0000,-0.0008,-0.0148,0.4346,1.4970,0,1.0000,0,0,16.3047,-0.7196,-13.2326,-1.0580,168.1980,0.000,0.000,0.663,78.6527,-79.3596,69
2026-04-24,16:08:46,123523,1,0.0000,0.0035,-0.0139,0.4086,1.4970,0,1.0000,0,0,15.9324,-2.5569,-13.2059,-0.6064,168.2045,0.000,0.000,0.662,77.6121,-77.6534,69
2026-04-24,16:08:46,123525,1,0.0000,-0.0199,-0.0132,0.3895,1.4970,0,1.0000,0,0,15.7098,-4.0570,-13.1266,1.0044,168.1799,0.000,0.000,0.659,76.1692,-75.6341,69
2026-04-24,16:08:46,124011,1,0.0000,-0.0026,-0.0148,0.4346,1.4970,0,1.0000,0,0,15.9190,2.3622,-13.0722,1.0845,168.1713,0.000,0.000,0.656,74.4667,-73.2867,69
2026-04-24,16:08:46,124013,1,0.0000,0.0128,-0.0148,0.4365,1.4970,0,1.0000,0,0,15.9945,2.1477,-13.0893,0.5544,168.1682,0.000,0.000,0.654,73.5074,-71.7823,69
2026-04-24,16:08:46,124014,1,0.0000,-0.0074,-0.0149,0.4389,1.4970,0,1.0000,0,0,16.0185,1.2043,-13.0420,0.9163,168.1902,0.000,0.000,0.651,73.0768,-71.0478,69
2026-04-24,16:08:46,124015,1,0.0000,0.0143,-0.0171,0.5036,1.4970,0,1.0000,0,0,15.9382,-1.2841,-13.0134,0.7620,168.1766,0.000,0.000,0.648,72.2605,-69.8666,69
2026-04-24,16:08:46,124016,1,0.0000,0.0022,-0.0150,0.4409,1.4970,0,1.0000,0,0,15.9205,-0.5695,-13.0558,0.0879,168.1825,0.000,0.000,0.646,71.8883,-69.2837,69
2026-04-24,16:08:46,124016,1,0.0000,0.0093,-0.0157,0.4605,1.4970,0,1.0000,0,0,15.9761,0.5668,-13.1504,-0.8531,168.1915,0.000,0.000,0.643,71.7231,-68.9854,69
2026-04-24,16:08:46,124017,1,0.0000,0.0237,-0.0167,0.4904,1.4970,0,1.0000,0,0,15.8867,-1.4442,-13.4014,-2.9228,168.1857,0.000,0.000,0.640,71.2698,-68.4687,69
2026-04-24,16:08:46,124018,1,0.0000,0.0123,-0.0154,0.4537,1.4970,0,1.0000,0,0,15.7116,-3.0611,-13.6757,-4.2780,168.1923,0.000,0.000,0.637,70.9051,-68.0692,69
2026-04-24,16:08:46,124019,1,0.0000,0.0084,-0.0162,0.4776,1.4970,0,1.0000,0,0,15.7017,-1.2813,-13.9379,-5.4737,168.1729,0.000,0.000,0.634,70.4968,-67.6808,69
2026-04-24,16:08:46,124020,1,0.0000,-0.0019,-0.0148,0.4346,1.4970,0,1.0000,0,0,15.8670,2.4286,-14.2086,-6.3260,168.1674,0.000,0.000,0.632,69.9635,-67.0848,69
2026-04-24,16:08:46,124020,1,0.0000,0.0003,-0.0137,0.4023,1.4970,0,1.0000,0,0,16.1077,5.3190,-14.4555,-6.7131,168.1693,0.000,0.000,0.630,69.5911,-66.5175,69
2026-04-24,16:08:46,124021,1,0.0000,-0.0171,-0.0139,0.4087,1.4970,0,1.0000,0,0,16.7121,6.9518,-14.4604,-5.9191,168.1835,0.000,0.000,0.629,69.3681,-65.6301,69
2026-04-24,16:08:46,124022,1,0.0000,-0.0454,-0.0085,0.2488,1.4973,0,1.0000,0,0,18.9248,32.8299,-15.0207,-8.4154,167.8211,0.000,0.000,0.627,69.3759,-64.9878,69
2026-04-24,16:08:46,124049,1,0.0000,-0.0736,0.0009,0.0262,1.4978,0,1.0000,0,0,21.7721,54.9012,-18.8904,-88.2902,166.6557,0.000,0.000,0.624,71.5822,-66.7789,69
2026-04-24,16:08:46,124085,1,0.0000,-0.0757,0.0118,0.3470,1.4983,0,1.0000,0,0,23.8515,37.9130,-30.6464,-280.5845,165.5991,0.000,0.000,0.630,73.5050,-68.4497,69
2026-04-24,16:08:46,124121,1,0.0000,0.0059,0.0140,0.4113,1.4985,0,1.0000,0,0,24.2466,-10.4556,-49.2767,-478.9870,166.0819,0.000,0.000,0.662,74.9162,-69.6645,69
2026-04-24,16:08:46,124157,1,0.0000,-0.0419,0.0208,0.6106,1.4988,0,1.0000,0,0,19.4627,-145.2793,-69.2646,-567.9440,161.3419,0.000,0.000,0.694,75.2081,-69.7997,69
2026-04-24,16:08:46,124193,1,0.0000,-0.0013,0.0198,0.5812,1.4989,0,1.0000,0,0,13.9261,-149.1545,-85.6155,-515.7833,137.7005,0.000,0.000,0.726,76.3101,-71.0240,69
2026-04-24,16:08:46,124229,1,0.0000,0.0171,0.0185,0.5451,1.4988,0,1.0000,0,0,9.8433,-113.1465,-97.8268,-425.7000,143.3215,0.000,0.000,0.758,76.9718,-71.5043,69
2026-04-24,16:08:46,124265,1,0.0000,0.0021,0.0204,0.6004,1.4988,0,1.0000,0,0,8.9680,-23.9846,-106.3353,-313.1344,147.1920,0.000,0.000,0.790,77.2899,-71.6208,69
2026-04-24,16:08:47,124300,1,0.0000,0.0113,0.0181,0.5336,1.4988,0,1.0000,0,0,8.9871,-3.1795,-112.3505,-239.2203,149.8673,0.000,0.032,0.822,78.0038,-72.0814,69
2026-04-24,16:08:47,124336,1,0.0000,-0.0049,0.0188,0.5537,1.4989,0,1.0000,0,0,9.4817,4.5834,-116.7629,-174.9604,151.6733,0.000,0.096,0.854,78.7779,-72.6432,69
2026-04-24,16:08:47,124371,1,0.0000,0.0073,0.0195,0.5721,1.4989,0,1.0000,0,0,9.2719,-10.6192,-121.6324,-161.6690,153.8123,0.000,0.160,0.886,79.1864,-72.4424,69
2026-04-24,16:08:47,124407,1,0.0000,0.0097,0.0188,0.5542,1.4989,0,1.0000,0,0,7.9031,-46.4934,-126.1541,-147.1186,155.8206,0.000,0.224,0.918,79.7953,-72.6156,69
2026-04-24,16:08:47,124443,1,0.0000,0.0092,0.0191,0.5621,1.4989,0,1.0000,0,0,6.1433,-46.1563,-129.8828,-122.2929,157.6395,0.000,0.288,0.950,80.8263,-73.7954,69
2026-04-24,16:08:47,124931,1,0.0000,0.0023,0.0192,0.5645,1.4989,0,1.0000,0,0,5.1010,-31.2399,-131.2281,-86.5885,158.5887,0.000,0.352,0.982,81.9796,-75.3388,69
2026-04-24,16:08:47,124932,1,0.0000,0.0035,0.0201,0.5909,1.4989,0,1.0000,0,0,5.2000,-10.8590,-131.5821,-62.2273,159.2415,0.000,0.400,1.000,82.9039,-76.7029,69
2026-04-24,16:08:47,124933,1,0.0000,-0.0156,0.0217,0.6379,1.4989,0,1.0000,0,0,5.8136,6.3558,-131.8637,-45.1124,159.7717,0.000,0.448,1.000,84.2691,-78.8666,69
2026-04-24,16:08:47,124934,1,0.0000,-0.0293,0.0252,0.7406,1.4990,0,1.0000,0,0,6.4603,11.3526,-132.4880,-33.3671,160.3934,0.000,0.512,1.000,85.2893,-80.5174,69
2026-04-24,16:08:47,124935,1,0.0000,-0.0012,0.0271,0.7970,1.4992,0,1.0000,0,0,6.0813,-3.5865,-133.0869,-25.5042,161.0096,0.000,0.576,1.000,86.0706,-81.8294,69
2026-04-24,16:08:47,124936,1,0.0000,-0.0164,0.0287,0.8454,1.4993,0,1.0000,0,0,5.2620,-13.9326,-133.8016,-21.9118,161.5741,0.016,0.640,1.000,86.6205,-82.8017,69
2026-04-24,16:08:47,124937,1,0.0000,-0.0080,0.0278,0.8171,1.4993,0,1.0000,0,0,5.0506,-9.1205,-133.8831,-15.6160,161.9665,0.040,0.688,1.000,87.0026,-83.4969,69
2026-04-24,16:08:47,124938,1,0.0000,-0.0027,0.0309,0.9079,1.4994,0,1.0000,0,0,5.0926,-2.8054,-133.7747,-9.3708,162.3108,0.088,0.736,1.000,87.2938,-84.0319,69
2026-04-24,16:08:47,124939,1,0.0000,-0.0033,0.0303,0.8908,1.4994,0,1.0000,0,0,5.2274,0.8925,-133.3004,-1.8639,162.6584,0.088,0.784,1.000,87.3814,-84.1040,69
2026-04-24,16:08:47,124940,1,0.0000,-0.0066,0.0319,0.9396,1.4995,0,1.0000,0,0,5.1352,-1.4253,-132.6470,4.9172,163.0036,0.064,0.832,1.000,87.4826,-84.2305,69
2026-04-24,16:08:47,124941,1,0.0000,0.0095,0.0314,0.9229,1.4995,0,1.0000,0,0,4.9461,-3.7599,-131.8633,10.7187,163.4190,0.032,0.896,0.999,87.7340,-84.6777,69
2026-04-24,16:08:47,124942,1,0.0000,0.0047,0.0307,0.9032,1.4995,0,1.0000,0,0,4.9000,-3.0330,-131.4906,10.2608,163.5284,0.024,0.912,0.998,88.0546,-85.3208,69
2026-04-24,16:08:47,124947,1,0.0000,0.0005,0.0342,1.0058,1.4996,0,1.0000,0,0,4.8605,-1.3596,-128.5319,59.2725,163.9944,0.000,0.904,0.995,88.3246,-85.9662,69
2026-04-24,16:08:47,124982,1,0.0000,0.0037,0.0332,0.9761,1.4996,0,1.0000,0,0,4.8568,-0.7503,-124.2397,102.8438,164.5960,0.000,0.872,0.992,88.5392,-86.5301,69
2026-04-24,16:08:47,125018,1,0.0000,0.0130,0.0324,0.9537,1.4996,0,1.0000,0,0,4.7517,-3.3556,-120.3530,119.3471,165.0569,0.000,0.840,0.989,88.5136,-86.5732,69
2026-04-24,16:08:47,125054,1,0.0000,-0.0096,0.0336,0.9885,1.4996,0,1.0000,0,0,4.7429,-1.7168,-116.9903,107.3431,165.4810,0.000,0.808,0.986,88.2497,-86.1113,69
2026-04-24,16:08:47,125090,1,0.0000,-0.0080,0.0326,0.9576,1.4996,0,1.0000,0,0,4.8164,2.4775,-115.2447,76.1712,165.8719,0.000,0.776,0.982,87.8647,-85.4111,69
2026-04-24,16:08:47,125126,1,0.0000,0.0139,0.0332,0.9769,1.4996,0,1.0000,0,0,4.7880,-0.6269,-113.9438,51.8091,166.2101,0.000,0.744,0.979,87.4121,-84.5460,69
2026-04-24,16:08:47,125162,1,0.0000,0.0021,0.0323,0.9496,1.4996,0,1.0000,0,0,4.8399,1.4569,-111.7004,65.4812,166.4917,0.000,0.712,0.976,86.9429,-83.6397,69
2026-04-24,16:08:47,125198,1,0.0000,-0.0049,0.0339,0.9957,1.4996,0,1.0000,0,0,4.8461,1.3412,-108.5648,90.3216,166.7333,0.000,0.680,0.973,86.7869,-83.2954,69
2026-04-24,16:08:47,125234,1,0.0000,-0.0060,0.0330,0.9711,1.4996,0,1.0000,0,0,4.8622,-1.2427,-106.4108,72.9858,166.9596,0.000,0.648,0.970,86.8681,-83.4185,69
2026-04-24,16:08:47,125270,1,0.0000,0.0133,0.0326,0.9583,1.4996,0,1.0000,0,0,4.8666,0.1669,-105.8869,33.1308,167.1233,0.000,0.616,0.966,87.1897,-84.0201,69
2026-04-24,16:08:48,125306,1,0.0000,0.0052,0.0338,0.9947,1.4996,0,1.0000,0,0,4.8270,-1.4476,-107.2090,-20.3859,167.2443,0.000,0.584,0.963,87.6369,-84.9037,69
2026-04-24,16:08:48,125342,1,0.0000,-0.0087,0.0345,1.0144,1.4996,0,1.0000,0,0,4.7834,0.0289,-109.5193,-52.3802,167.3866,0.000,0.552,0.960,88.0118,-85.6319,69
2026-04-24,16:08:48,125377,1,0.0000,-0.0075,0.0348,1.0234,1.4996,0,1.0000,0,0,4.7563,-1.8281,-111.8190,-63.9146,167.4901,0.000,0.520,0.957,88.0805,-85.7454,69
2026-04-24,16:08:48,125867,1,0.0000,-0.0054,0.0349,1.0269,1.4996,0,1.0000,0,0,4.7501,-0.8576,-112.6625,-51.9524,167.5388,0.000,0.496,0.954,87.9972,-85.4952,69
2026-04-24,16:08:48,125868,1,0.0000,0.0035,0.0331,0.9723,1.4996,0,1.0000,0,0,4.7059,-1.0723,-113.4826,-43.4192,167.5741,0.000,0.472,0.952,87.8912,-85.2088,69
2026-04-24,16:08:48,125869,1,0.0000,-0.0057,0.0335,0.9858,1.4996,0,1.0000,0,0,4.6982,-0.6006,-114.6335,-36.5869,167.6226,0.000,0.440,0.949,87.6603,-84.6238,69
2026-04-24,16:08:48,125869,1,0.0000,0.0054,0.0335,0.9860,1.4996,0,1.0000,0,0,4.6935,-0.3661,-115.1430,-29.5869,167.6494,0.000,0.416,0.946,87.5358,-84.2869,69
2026-04-24,16:08:48,125870,1,0.0000,-0.0014,0.0326,0.9599,1.4996,0,1.0000,0,0,4.6712,-0.5728,-114.0645,-10.2385,167.6752,0.000,0.392,0.944,87.5281,-84.2325,69
2026-04-24,16:08:48,125871,1,0.0000,-0.0104,0.0354,1.0407,1.4996,0,1.0000,0,0,4.6229,-1.0065,-113.3610,-0.5012,167.6797,0.000,0.368,0.942,87.7426,-84.6848,69
2026-04-24,16:08:48,125872,1,0.0000,0.0097,0.0329,0.9686,1.4996,0,1.0000,0,0,4.6284,-0.2490,-112.3907,8.4800,167.7105,0.000,0.336,0.938,87.9659,-85.1704,69
2026-04-24,16:08:48,125873,1,0.0000,0.0103,0.0329,0.9673,1.4996,0,1.0000,0,0,4.6220,-0.2066,-111.8423,11.1850,167.7376,0.000,0.312,0.936,88.0834,-85.4244,69
2026-04-24,16:08:48,125874,1,0.0000,-0.0089,0.0341,1.0035,1.4996,0,1.0000,0,0,4.5994,-0.4921,-111.4017,11.5554,167.7566,0.000,0.288,0.934,88.2772,-85.8301,69
2026-04-24,16:08:48,125875,1,0.0000,0.0006,0.0348,1.0247,1.4996,0,1.0000,0,0,4.5882,-0.4671,-111.1248,10.4619,167.7798,0.000,0.264,0.931,88.3276,-85.9280,69
2026-04-24,16:08:48,125875,1,0.0000,0.0063,0.0342,1.0053,1.4997,0,1.0000,0,0,4.5785,-0.2862,-111.0213,7.2304,167.8061,0.000,0.232,0.928,88.4481,-86.1501,69
2026-04-24,16:08:48,125876,1,0.0000,-0.0024,0.0342,1.0053,1.4997,0,1.0000,0,0,4.5431,-0.4321,-110.8945,6.4219,167.8313,0.000,0.216,0.926,88.4878,-86.1819,69
2026-04-24,16:08:48,125877,1,0.0000,0.0047,0.0355,1.0451,1.4997,0,1.0000,0,0,4.5448,-0.2104,-110.8533,4.7732,167.8528,0.000,0.192,0.924,88.5214,-86.2237,69
2026-04-24,16:08:48,125908,1,0.0000,-0.0042,0.0339,0.9980,1.4997,0,1.0000,0,0,4.5601,0.9934,-113.4870,-55.7938,167.8951,0.000,0.160,0.921,88.6184,-86.4270,69
2026-04-24,16:08:48,125944,1,0.0000,0.0053,0.0341,1.0037,1.4997,0,1.0000,0,0,4.5872,1.6425,-116.1023,-68.4761,167.9164,0.000,0.128,0.918,88.6576,-86.5139,69
2026-04-24,16:08:48,125980,1,0.0000,-0.0082,0.0354,1.0423,1.4997,0,1.0000,0,0,4.6598,1.8347,-117.0580,-42.7219,167.9352,0.000,0.096,0.914,88.6493,-86.4802,69
2026-04-24,16:08:48,126016,1,0.0000,-0.0103,0.0368,1.0810,1.4997,0,1.0000,0,0,4.7273,2.4363,-115.7957,13.3571,167.9397,0.000,0.064,0.911,88.5909,-86.3327,69
2026-04-24,16:08:48,126052,1,0.0000,-0.0091,0.0359,1.0569,1.4997,0,1.0000,0,0,4.7299,0.4970,-114.3552,32.6173,167.9607,0.000,0.032,0.908,88.5398,-86.1765,69
2026-04-24,16:08:48,126088,1,0.0000,-0.0035,0.0361,1.0609,1.4997,0,1.0000,0,0,4.7516,0.9024,-113.2375,32.9658,167.9909,0.000,0.000,0.905,88.5265,-86.0900,69
2026-04-24,16:08:48,126124,1,0.0000,-0.0082,0.0362,1.0639,1.4997,0,1.0000,0,0,4.7811,1.4979,-113.7785,-1.4660,168.0129,0.000,0.000,0.902,88.5704,-86.1714,69
2026-04-24,16:08:48,126160,1,0.0000,-0.0001,0.0362,1.0639,1.4997,0,1.0000,0,0,4.8101,0.6764,-114.0203,-3.8142,168.0270,0.000,0.000,0.898,88.6254,-86.3085,69
2026-04-24,16:08:48,126196,1,0.0000,0.0074,0.0358,1.0535,1.4997,0,1.0000,0,0,4.8564,1.3942,-113.6062,11.2475,168.0311,0.000,0.000,0.895,88.6786,-86.4564,69
2026-04-24,16:08:48,126232,1,0.0000,-0.0046,0.0362,1.0639,1.4997,0,1.0000,0,0,4.8989,1.3705,-112.0926,35.1848,168.0360,0.000,0.000,0.892,88.6761,-86.4649,69
2026-04-24,16:08:48,126269,1,0.0000,-0.0068,0.0360,1.0575,1.4997,0,1.0000,0,0,4.9575,1.4352,-109.3393,72.8870,168.0566,0.000,0.000,0.889,88.7055,-86.5658,69
2026-04-24,16:08:49,126305,1,0.0000,0.0045,0.0347,1.0193,1.4997,0,1.0000,0,0,4.9879,1.3951,-105.5567,97.1058,168.0493,0.000,0.000,0.886,88.7072,-86.5947,69
2026-04-24,16:08:49,126341,1,0.0000,0.0052,0.0345,1.0152,1.4997,0,1.0000,0,0,5.0468,1.3042,-103.9381,67.1119,168.0540,0.000,0.000,0.918,88.6799,-86.5429,69
2026-04-24,16:08:49,126824,1,0.0000,-0.0101,0.0367,1.0795,1.4997,0,1.0000,0,0,5.0449,0.4681,-103.1484,47.9748,168.0638,0.000,0.000,0.950,88.6889,-86.5674,69
2026-04-24,16:08:49,126825,1,0.0000,-0.0025,0.0359,1.0563,1.4997,0,1.0000,0,0,5.0562,0.3056,-102.0725,38.9000,168.0531,0.000,0.000,0.982,88.7713,-86.7646,69
2026-04-24,16:08:49,126827,1,0.0000,0.0088,0.0373,1.0965,1.4997,0,1.0000,0,0,5.0638,0.2524,-101.3279,33.6931,168.0475,0.000,0.000,1.000,88.7731,-86.7598,69
2026-04-24,16:08:49,126828,1,0.0000,-0.0218,0.0381,1.1215,1.4998,0,1.0000,0,0,5.0663,0.1747,-100.6251,29.8213,168.0465,0.000,0.000,1.000,88.7330,-86.6476,69
2026-04-24,16:08:49,126829,1,0.0000,0.0142,0.0374,1.0996,1.4998,0,1.0000,0,0,5.0644,0.0097,-100.1351,24.7590,168.0479,0.000,0.000,1.000,88.7981,-86.8044,69
2026-04-24,16:08:49,126830,1,0.0000,-0.0119,0.0390,1.1484,1.4998,0,1.0000,0,0,5.0667,0.0220,-99.6270,21.5751,168.0468,0.000,0.000,1.000,88.9524,-87.1889,69
,,126830,1,0.0000,-0.0128,0.0388,1.1400,1.4999,0,1.0000,0,0,5.0451,-0.2538,-98.9759,19.1144,168.0441,0.000,0.000,1.000,89.0548,-87.4434,69
2026-04-24,16:08:49,126831,1,0.0000,-0.0038,0.0381,1.1197,1.4998,0,1.0000,0,0,5.0159,-0.6596,-98.1807,20.7746,168.0463,0.000,0.000,1.000,89.1506,-87.6888,69
2026-04-24,16:08:49,126832,1,0.0000,-0.0051,0.0390,1.1466,1.4999,0,1.0000,0,0,4.9976,-0.6582,-97.7367,18.3136,168.0597,0.000,0.000,0.999,89.1682,-87.7296,69
2026-04-24,16:08:49,126833,1,0.0000,-0.0023,0.0372,1.0946,1.4999,0,1.0000,0,0,5.0038,-0.0527,-97.1832,16.0270,168.0609,0.000,0.000,1.000,89.2201,-87.8655,69
2026-04-24,16:08:49,126833,1,0.0000,0.0055,0.0380,1.1179,1.4998,0,1.0000,0,0,5.0037,-0.0999,-96.4639,17.9779,168.0688,0.000,0.000,1.000,89.2091,-87.8344,69
2026-04-24,16:08:49,126834,1,0.0000,0.0035,0.0373,1.0964,1.4998,0,1.0000,0,0,4.9875,-0.1712,-96.2093,16.5482,168.0771,0.000,0.000,0.999,89.1171,-87.5939,69
2026-04-24,16:08:49,126834,1,0.0000,-0.0038,0.0384,1.1281,1.4999,0,1.0000,0,0,5.0025,0.0971,-95.8238,15.2390,168.0767,0.000,0.000,1.000,88.9845,-87.2404,69
2026-04-24,16:08:49,126862,1,0.0000,-0.0076,0.0377,1.1083,1.4999,0,1.0000,0,0,5.0586,2.4894,-90.0026,126.7183,168.0574,0.000,0.000,1.000,88.8286,-86.8168,69
2026-04-24,16:08:49,126898,1,0.0000,0.0053,0.0369,1.0862,1.4998,0,1.0000,0,0,5.1040,2.2924,-86.4318,115.2575,168.0782,0.000,0.000,1.000,88.6929,-86.4380,69
2026-04-24,16:08:49,126934,1,0.0000,-0.0042,0.0393,1.1567,1.4999,0,1.0000,0,0,5.1364,0.6797,-83.6184,92.0704,168.0749,0.000,0.000,1.000,88.6364,-86.2691,69
2026-04-24,16:08:49,126970,1,0.0000,0.0002,0.0377,1.1096,1.4998,0,1.0000,0,0,5.1797,1.6615,-82.2933,52.5832,168.0772,0.000,0.000,1.000,88.6117,-86.1554,69
2026-04-24,16:08:49,127006,1,0.0000,0.0002,0.0388,1.1400,1.4998,0,1.0000,0,0,5.1754,0.6556,-82.9684,4.9385,168.0760,0.000,0.000,1.000,88.6332,-86.1809,69
2026-04-24,16:08:49,127042,1,0.0000,0.0015,0.0374,1.1012,1.4998,0,1.0000,0,0,5.2072,1.7931,-81.0389,42.6098,168.0645,0.000,0.000,1.000,88.7044,-86.3595,69
2026-04-24,16:08:49,127078,1,0.0000,0.0140,0.0365,1.0730,1.4998,0,1.0000,0,0,5.2114,0.8226,-78.9730,58.8293,168.0585,0.000,0.000,1.000,88.7409,-86.4695,69
2026-04-24,16:08:49,127113,1,0.0000,0.0049,0.0381,1.1215,1.4998,0,1.0000,0,0,5.2700,1.3145,-78.0633,33.5008,168.0514,0.000,0.000,1.000,88.7326,-86.4634,69
2026-04-24,16:08:49,127149,1,0.0000,-0.0022,0.0378,1.1131,1.4999,0,1.0000,0,0,5.2694,-0.4126,-77.3926,24.4011,168.0736,0.000,0.000,1.000,88.5985,-86.1039,69
2026-04-24,16:08:49,127185,1,0.0000,-0.0061,0.0383,1.1263,1.4998,0,1.0000,0,0,5.3316,2.5264,-78.3509,-12.1925,168.0615,0.000,0.000,1.000,88.3761,-85.5060,69
2026-04-24,16:08:49,127221,1,0.0000,-0.0101,0.0389,1.1436,1.4999,0,1.0000,0,0,5.3442,1.0084,-79.8553,-37.3438,168.0677,0.000,0.000,1.000,88.1759,-84.9632,69
2026-04-24,16:08:49,127257,1,0.0000,-0.0075,0.0389,1.1448,1.4998,0,1.0000,0,0,5.3881,0.9357,-80.7522,-20.1949,168.0766,0.000,0.000,1.000,88.1515,-84.8908,69
2026-04-24,16:08:49,127293,1,0.0000,0.0140,0.0366,1.0758,1.4998,0,1.0000,0,0,5.3934,0.5231,-80.1894,-2.4599,168.0667,0.000,0.000,1.000,88.1591,-84.9044,69
2026-04-24,16:08:50,128229,1,0.0000,0.0148,0.0368,1.0827,1.4998,0,1.0000,0,0,5.3920,0.0875,-80.4207,-3.6685,168.0765,0.000,0.000,1.000,88.1767,-84.9483,69
2026-04-24,16:08:50,128231,1,0.0000,-0.0048,0.0385,1.1316,1.4998,0,1.0000,0,0,5.4039,0.2299,-80.7614,-5.3506,168.0665,0.000,0.000,1.000,88.1707,-84.9463,69
2026-04-24,16:08:50,128233,1,0.0000,-0.0094,0.0380,1.1162,1.4998,0,1.0000,0,0,5.4134,0.2748,-81.1133,-7.0094,168.0615,0.000,0.000,1.000,88.1115,-84.8263,69
2026-04-24,16:08:50,128233,1,0.0000,0.0012,0.0374,1.0995,1.4998,0,1.0000,0,0,5.4157,0.1091,-82.2902,-15.9642,168.0661,0.000,0.000,1.000,88.0301,-84.6587,69
2026-04-24,16:08:50,128234,1,0.0000,0.0121,0.0361,1.0608,1.4998,0,1.0000,0,0,5.4169,0.0066,-83.0995,-16.8748,168.0789,0.000,0.000,1.000,87.8868,-84.3055,69
2026-04-24,16:08:50,128235,1,0.0000,-0.0001,0.0386,1.1365,1.4998,0,1.0000,0,0,5.4217,0.0304,-83.5800,-16.2501,168.0694,0.000,0.000,1.000,87.7836,-84.0554,69
2026-04-24,16:08:50,128235,1,0.0000,0.0022,0.0381,1.1197,1.4998,0,1.0000,0,0,5.4258,-0.0360,-84.1704,-16.7120,168.0821,0.000,0.000,1.000,87.7856,-84.0799,69
2026-04-24,16:08:50,128236,1,0.0000,0.0043,0.0376,1.1065,1.4998,0,1.0000,0,0,5.4254,-0.0349,-84.8667,-16.3112,168.0888,0.000,0.000,1.000,87.8608,-84.2801,69
2026-04-24,16:08:50,128237,1,0.0000,-0.0075,0.0384,1.1281,1.4998,0,1.0000,0,0,5.4060,-0.3195,-85.1320,-12.2094,168.0934,0.000,0.000,1.000,87.9824,-84.5749,69
2026-04-24,16:08:50,128238,1,0.0000,-0.0126,0.0378,1.1113,1.4999,0,1.0000,0,0,5.4114,-0.0864,-85.0740,-7.7050,168.0897,0.000,0.000,1.000,88.1052,-84.8529,69
2026-04-24,16:08:50,128239,1,0.0000,0.0121,0.0375,1.1030,1.4998,0,1.0000,0,0,5.4215,0.0065,-84.5827,-1.4110,168.1037,0.000,0.000,1.000,88.3094,-85.3469,69
2026-04-24,16:08:50,128239,1,0.0000,0.0090,0.0380,1.1162,1.4998,0,1.0000,0,0,5.4061,-0.1614,-84.6982,-2.1656,168.0957,0.000,0.000,0.998,88.3629,-85.4973,69
2026-04-24,16:08:50,128240,1,0.0000,-0.0027,0.0391,1.1501,1.4998,0,1.0000,0,0,5.4040,-0.1645,-85.1900,-6.0414,168.0976,0.000,0.000,0.995,88.2987,-85.3412,69
2026-04-24,16:08:50,128241,1,0.0000,0.0038,0.0362,1.0642,1.4998,0,1.0000,0,0,5.4203,0.2359,-85.9507,-11.4289,168.0964,0.000,0.000,0.993,88.1935,-85.0697,69
2026-04-24,16:08:50,128242,1,0.0000,0.0145,0.0369,1.0862,1.4998,0,1.0000,0,0,5.3957,-0.3868,-86.7961,-16.1606,168.0939,0.000,0.000,0.990,88.0677,-84.7080,69
2026-04-24,16:08:50,128243,1,0.0000,-0.0108,0.0381,1.1197,1.4998,0,1.0000,0,0,5.3697,-0.6316,-87.4126,-15.4350,168.0910,0.000,0.000,0.987,87.9248,-84.2405,69
2026-04-24,16:08:50,128244,1,0.0000,0.0002,0.0372,1.0946,1.4998,0,1.0000,0,0,5.3143,-1.2165,-87.6854,-12.9829,168.0959,0.000,0.000,1.000,87.8791,-83.9652,69
2026-04-24,16:08:50,128245,1,0.0000,-0.0130,0.0377,1.1096,1.4998,0,1.0000,0,0,5.2792,-1.1387,-87.6294,-8.3431,168.0847,0.000,0.000,1.000,87.8530,-83.7444,69
2026-04-24,16:08:50,128245,1,0.0000,0.0011,0.0377,1.1096,1.4998,0,1.0000,0,0,5.2013,-1.6593,-87.4149,-2.9004,168.0904,0.000,0.000,0.999,87.9808,-83.8918,69
2026-04-24,16:08:50,128246,1,0.0000,0.0077,0.0382,1.1232,1.4998,0,1.0000,0,0,5.1209,-1.9165,-86.8805,3.5292,168.0954,0.000,0.000,0.996,88.1414,-84.1589,69
2026-04-24,16:08:50,128246,1,0.0000,0.0064,0.0385,1.1334,1.4998,0,1.0000,0,0,5.0371,-2.1945,-86.2385,8.3792,168.0862,0.000,0.000,0.994,88.3134,-84.4387,69
2026-04-24,16:08:50,128248,1,0.0000,-0.0079,0.0366,1.0761,1.4998,0,1.0000,0,0,4.8864,-1.7821,-85.3576,10.8004,168.0698,0.000,0.000,0.990,88.2934,-84.1015,69
2026-04-24,16:08:50,128248,1,0.0000,-0.0142,0.0380,1.1167,1.4998,0,1.0000,0,0,4.8810,0.4995,-84.4159,19.3122,168.0596,0.000,0.000,0.988,88.3854,-84.0107,69
2026-04-24,16:08:50,128277,1,0.0000,-0.0126,0.0388,1.1418,1.4999,0,1.0000,0,0,4.9959,3.8456,-80.2672,102.1448,168.0330,0.000,0.000,0.985,88.2201,-83.2028,69
2026-04-24,16:08:51,128313,1,0.0000,0.0143,0.0371,1.0911,1.4998,0,1.0000,0,0,5.0865,3.6703,-75.0635,140.4064,168.0271,0.000,0.000,1.000,88.1113,-82.3983,69
2026-04-24,16:08:51,128349,1,0.0000,-0.0171,0.0398,1.1704,1.4999,0,1.0000,0,0,5.1910,3.6656,-71.6343,116.4539,168.0388,0.000,0.000,1.000,88.2518,-82.4967,69
2026-04-24,16:08:51,128835,1,0.0000,-0.0168,0.0386,1.1363,1.4999,0,1.0000,0,0,5.1006,0.0462,-70.0219,94.9178,168.0363,0.000,0.000,1.000,88.3551,-82.6673,69
2026-04-24,16:08:51,128836,1,0.0000,-0.0045,0.0381,1.1215,1.4999,0,1.0000,0,0,5.0073,-1.6436,-67.3570,82.3331,168.0409,0.000,0.000,1.000,88.4413,-82.8512,69
2026-04-24,16:08:51,128838,1,0.0000,0.0041,0.0380,1.1185,1.4998,0,1.0000,0,0,4.8824,-2.4240,-64.0955,79.0876,168.0447,0.000,0.000,0.997,87.9355,-80.4448,69
2026-04-24,16:08:51,128839,1,0.0000,0.0047,0.0375,1.1030,1.4998,0,1.0000,0,0,4.8103,-2.1806,-62.0627,72.8521,168.0433,0.000,0.000,0.994,87.1635,-76.8033,69
2026-04-24,16:08:51,128839,1,0.0000,-0.0117,0.0385,1.1334,1.4999,0,1.0000,0,0,4.8233,-0.6491,-60.0704,68.4900,168.0381,0.000,0.000,0.992,86.3569,-72.6360,69
2026-04-24,16:08:51,128840,1,0.0000,0.0034,0.0362,1.0660,1.4998,0,1.0000,0,0,4.8657,0.5604,-58.3152,63.4658,168.0667,0.000,0.000,0.990,85.7422,-68.2427,69
2026-04-24,16:08:51,128840,1,0.0000,0.0139,0.0379,1.1149,1.4998,0,1.0000,0,0,4.8252,-0.6653,-56.5591,60.2409,168.0577,0.000,0.000,0.987,85.6085,-65.8070,69
2026-04-24,16:08:51,128841,1,0.0000,-0.0066,0.0369,1.0839,1.4999,0,1.0000,0,0,4.7244,-1.9080,-54.3324,57.3042,168.0654,0.000,0.000,0.984,85.6801,-62.5503,69
2026-04-24,16:08:51,128843,1,0.0000,0.0077,0.0373,1.0981,1.4998,0,1.0000,0,0,4.6244,-2.4531,-52.8301,53.1508,168.0764,0.000,0.000,0.982,85.8710,-59.9498,69
2026-04-24,16:08:51,128844,1,0.0000,-0.0039,0.0398,1.1704,1.4999,0,1.0000,0,0,4.5942,-1.4458,-51.2997,50.5543,168.0848,0.000,0.000,0.979,86.3230,-57.7072,69
2026-04-24,16:08:51,128844,1,0.0000,0.0092,0.0374,1.1012,1.4998,0,1.0000,0,0,4.7461,2.1967,-49.3436,49.0119,168.0816,0.000,0.000,0.976,86.7535,-57.5388,69
2026-04-24,16:08:51,128845,1,0.0000,-0.0045,0.0388,1.1400,1.4999,0,1.0000,0,0,4.7169,1.4892,-48.8710,44.3634,168.0746,0.000,0.000,0.975,86.5075,-56.7052,69
2026-04-24,16:08:51,128846,1,0.0000,-0.0116,0.0388,1.1418,1.4999,0,1.0000,0,0,4.9438,3.9878,-48.0015,40.6406,168.0742,0.000,0.000,0.974,85.9673,-55.8546,69
2026-04-24,16:08:51,128869,1,0.0000,0.0002,0.0365,1.0726,1.4999,0,1.0000,0,0,5.6152,19.3775,-44.8361,78.2811,168.0629,0.000,0.000,1.000,85.2442,-55.9128,69
2026-04-24,16:08:51,128905,1,0.0000,0.0023,0.0381,1.1215,1.4999,0,1.0000,0,0,6.1254,16.1868,-41.0222,104.2454,168.0629,0.000,0.000,1.000,84.7949,-55.7576,69
2026-04-24,16:08:51,128941,1,0.0000,-0.0021,0.0388,1.1399,1.4999,0,1.0000,0,0,6.6195,15.5730,-37.9066,100.3439,168.0698,0.000,0.000,1.000,84.3114,-54.5357,69
2026-04-24,16:08:51,128977,1,0.0000,-0.0049,0.0394,1.1583,1.4999,0,1.0000,0,0,6.9790,11.6544,-34.2132,111.0800,168.0518,0.000,0.000,1.000,84.0489,-52.7704,69
2026-04-24,16:08:51,129013,1,0.0000,0.0089,0.0397,1.1683,1.4999,0,1.0000,0,0,7.2896,9.5112,-30.8117,108.4395,168.0503,0.000,0.000,1.000,83.8166,-49.7008,69
2026-04-24,16:08:51,129049,1,0.0000,0.0048,0.0421,1.2377,1.5000,0,1.0000,0,0,7.5587,9.0579,-28.5363,82.5415,168.0473,0.000,0.000,1.000,83.7068,-46.8872,69
2026-04-24,16:08:51,129085,1,0.0000,0.0076,0.0406,1.1927,1.5000,0,1.0000,0,0,7.7805,6.6486,-26.9351,57.6406,168.0312,0.000,0.000,1.000,83.5653,-44.8089,69
2026-04-24,16:08:51,129121,1,0.0000,-0.0053,0.0407,1.1969,1.5000,0,1.0000,0,0,8.0068,7.7290,-26.7465,25.0877,168.0157,0.000,0.000,1.000,83.4481,-42.2871,69
2026-04-24,16:08:51,129157,1,0.0000,0.0035,0.0415,1.2214,1.5000,0,1.0000,0,0,8.1307,4.4020,-27.4848,-6.9412,168.0161,0.000,0.000,1.000,83.3129,-40.2230,69
2026-04-24,16:08:51,129193,1,0.0000,-0.0052,0.0410,1.2051,1.5000,0,1.0000,0,0,8.2732,3.9272,-28.5992,-25.3190,168.0124,0.000,0.000,1.000,82.9619,-35.8342,69
2026-04-24,16:08:51,129229,1,0.0000,-0.0011,0.0408,1.2008,1.5000,0,1.0000,0,0,8.3786,3.9922,-28.5694,-4.6663,168.0316,0.000,0.000,1.000,82.4920,-30.7533,69
2026-04-24,16:08:51,129264,1,0.0000,0.0085,0.0396,1.1641,1.5000,0,1.0000,0,0,8.4689,2.8216,-27.1109,29.3280,168.0336,0.000,0.000,1.000,82.2539,-27.7324,69
2026-04-24,16:08:52,129300,1,0.0000,-0.0011,0.0408,1.2009,1.5000,0,1.0000,0,0,8.4988,1.5485,-25.7177,36.7212,168.0428,0.000,0.000,1.000,82.2645,-25.6395,69
2026-04-24,16:08:52,129789,1,0.0000,0.0115,0.0415,1.2214,1.5000,0,1.0000,0,0,8.4835,0.2527,-25.4835,27.2985,168.0560,0.000,0.000,1.000,82.4134,-25.3907,69
2026-04-24,16:08:52,129790,1,0.0000,0.0067,0.0389,1.1436,1.5000,0,1.0000,0,0,8.5217,0.8073,-25.3232,17.9147,168.0594,0.000,0.000,1.000,82.6528,-25.5122,69
2026-04-24,16:08:52,129791,1,0.0000,-0.0132,0.0410,1.2051,1.5000,0,1.0000,0,0,8.5211,-0.0058,-25.0816,13.0035,168.0448,0.000,0.000,1.000,83.0990,-26.6245,69
2026-04-24,16:08:52,129792,1,0.0000,-0.0002,0.0401,1.1784,1.5000,0,1.0000,0,0,8.5152,-0.0792,-24.8534,10.9027,168.0343,0.000,0.000,1.000,83.4373,-27.9910,69
2026-04-24,16:08:52,129793,1,0.0000,-0.0001,0.0399,1.1743,1.5000,0,1.0000,0,0,8.5407,0.5560,-24.7364,8.4646,168.0338,0.000,0.000,1.000,83.6236,-29.2209,69
2026-04-24,16:08:52,129793,1,0.0000,0.0005,0.0410,1.2051,1.5000,0,1.0000,0,0,8.6355,1.4862,-24.9369,3.2525,168.0263,0.000,0.000,1.000,83.7188,-30.2616,69
2026-04-24,16:08:52,129794,1,0.0000,-0.0074,0.0418,1.2299,1.5000,0,1.0000,0,0,8.6899,1.5225,-25.0628,1.0548,168.0159,0.000,0.000,1.000,83.7234,-30.0630,69
2026-04-24,16:08:52,129794,1,0.0000,-0.0219,0.0433,1.2748,1.5001,0,1.0000,0,0,8.7564,1.8076,-25.1426,-0.0246,168.0173,0.000,0.000,1.000,83.7072,-28.8487,69
2026-04-24,16:08:52,129795,1,0.0000,-0.0056,0.0427,1.2555,1.5001,0,1.0000,0,0,8.7909,1.2675,-25.2277,-0.8542,168.0215,0.000,0.000,1.000,83.7487,-26.9931,69
2026-04-24,16:08:52,129796,1,0.0000,0.0066,0.0434,1.2764,1.5001,0,1.0000,0,0,8.8321,1.1499,-25.4903,-3.1703,168.0175,0.000,0.000,1.000,83.7177,-23.9382,69
2026-04-24,16:08:52,129797,1,0.0000,-0.0075,0.0448,1.3185,1.5002,0,1.0000,0,0,8.8544,0.8646,-25.8819,-4.6407,168.0054,0.000,0.000,1.000,83.6618,-21.8962,69
2026-04-24,16:08:52,129797,1,0.0000,0.0163,0.0431,1.2667,1.5001,0,1.0000,0,0,8.8604,0.5805,-26.1685,-5.7288,168.0066,0.000,0.000,1.000,83.5866,-22.6611,69
2026-04-24,16:08:52,129825,1,0.0000,-0.0016,0.0446,1.3131,1.5002,0,1.0000,0,0,8.9953,3.8130,-26.1568,2.6606,167.9988,0.000,0.000,1.000,83.4733,-23.8147,69
2026-04-24,16:08:52,129861,1,0.0000,0.0013,0.0436,1.2820,1.5002,0,1.0000,0,0,9.0498,1.5157,-24.2075,42.0319,167.9943,0.000,0.000,1.000,83.3733,-24.4282,69
2026-04-24,16:08:52,129897,1,0.0000,-0.0058,0.0457,1.3444,1.5002,0,1.0000,0,0,9.1486,2.5252,-22.1314,58.8589,167.9889,0.000,0.000,1.000,83.3110,-24.0590,69
2026-04-24,16:08:52,129933,1,0.0000,-0.0092,0.0450,1.3236,1.5002,0,1.0000,0,0,9.1808,1.6847,-20.2889,57.5518,167.9827,0.000,0.000,1.000,83.4642,-23.4196,69
2026-04-24,16:08:52,129969,1,0.0000,0.0176,0.0457,1.3443,1.5002,0,1.0000,0,0,9.2228,1.6745,-19.2385,37.8741,167.9785,0.000,0.000,1.000,83.6893,-22.2984,69
2026-04-24,16:08:52,130005,1,0.0000,0.0047,0.0454,1.3366,1.5003,0,1.0000,0,0,9.2653,1.7530,-18.9820,18.8090,167.9750,0.000,0.000,1.000,83.9063,-21.3949,69
2026-04-24,16:08:52,130041,1,0.0000,-0.0069,0.0466,1.3707,1.5003,0,1.0000,0,0,9.2992,2.0203,-19.5587,-4.0143,167.9660,0.000,0.000,1.000,84.1481,-20.6900,69
2026-04-24,16:08:52,130077,1,0.0000,0.0117,0.0452,1.3289,1.5003,0,1.0000,0,0,9.3182,0.9256,-20.1364,-13.8077,167.9751,0.000,0.000,1.000,84.2696,-20.8406,69
2026-04-24,16:08:52,130113,1,0.0000,-0.0021,0.0473,1.3909,1.5003,0,1.0000,0,0,9.3438,0.7276,-20.8860,-20.5730,167.9857,0.000,0.000,1.000,84.3595,-21.6332,69
2026-04-24,16:08:52,130149,1,0.0000,-0.0018,0.0463,1.3631,1.5003,0,1.0000,0,0,9.4068,1.9266,-21.4477,-18.4149,167.9735,0.000,0.000,1.000,84.3932,-22.5406,69
2026-04-24,16:08:52,130185,1,0.0000,-0.0021,0.0476,1.4005,1.5003,0,1.0000,0,0,9.4454,2.1203,-21.1562,-0.2638,167.9785,0.000,0.000,1.000,84.3828,-23.7426,69
2026-04-24,16:08:52,130221,1,0.0000,0.0126,0.0468,1.3756,1.5003,0,1.0000,0,0,9.4358,-0.6050,-21.1964,-3.1369,167.9703,0.000,0.000,0.998,84.4563,-26.4041,69
2026-04-24,16:08:52,130258,1,0.0000,-0.0081,0.0484,1.4221,1.5003,0,1.0000,0,0,9.4648,1.0884,-21.5826,-8.9575,167.9746,0.000,0.000,0.994,84.4566,-28.0364,69
2026-04-24,16:08:52,130293,1,0.0000,-0.0078,0.0471,1.3851,1.5004,0,1.0000,0,0,9.4805,1.1077,-21.2596,6.7889,167.9774,0.000,0.000,0.991,84.2211,-27.6500,69
2026-04-24,16:08:53,130787,1,0.0000,0.0072,0.0478,1.4069,1.5004,0,1.0000,0,0,9.4779,0.2467,-20.8404,8.0293,167.9769,0.000,0.000,0.988,83.9256,-25.8363,69
2026-04-24,16:08:53,130789,1,0.0000,-0.0085,0.0491,1.4428,1.5004,0,1.0000,0,0,9.5156,0.7297,-20.4167,8.8635,167.9758,0.000,0.000,0.985,83.5476,-22.5571,69
2026-04-24,16:08:53,130789,1,0.0000,0.0012,0.0489,1.4383,1.5004,0,1.0000,0,0,9.5254,0.5058,-20.1105,8.7636,167.9901,0.000,0.000,0.982,83.3033,-20.8688,69
2026-04-24,16:08:53,130790,1,0.0000,-0.0125,0.0502,1.4772,1.5004,0,1.0000,0,0,9.5603,0.7109,-19.8213,8.0625,167.9979,0.000,0.000,0.979,83.0493,-20.2134,69
2026-04-24,16:08:53,130790,1,0.0000,0.0091,0.0479,1.4081,1.5004,0,1.0000,0,0,9.5446,-0.0701,-19.5778,7.0460,168.0062,0.000,0.000,0.976,83.0989,-21.7055,69
2026-04-24,16:08:53,130791,1,0.0000,-0.0093,0.0479,1.4082,1.5004,0,1.0000,0,0,9.5214,-0.5229,-19.3140,7.3079,168.0041,0.000,0.000,0.974,83.5400,-23.9694,69
2026-04-24,16:08:53,130792,1,0.0000,-0.0038,0.0494,1.4517,1.5004,0,1.0000,0,0,9.5189,-0.0516,-18.9746,7.5678,167.9954,0.000,0.000,0.970,84.0050,-24.4861,69
2026-04-24,16:08:53,130793,1,0.0000,0.0087,0.0465,1.3691,1.5004,0,1.0000,0,0,9.4922,-0.3253,-18.9049,5.1633,168.0055,0.000,0.000,0.967,84.2380,-21.7771,69
2026-04-24,16:08:53,130793,1,0.0000,-0.0149,0.0495,1.4547,1.5004,0,1.0000,-31,0,9.5004,-0.0443,-18.9675,2.5188,167.9999,0.000,0.000,0.964,84.1614,-16.7809,69
2026-04-24,16:08:53,130794,1,-0.2480,-0.0206,0.0448,1.3165,1.5005,0,1.0000,-31,1,9.4911,-0.1240,-19.2034,-0.6630,167.9900,0.000,0.000,0.962,84.0100,-12.2659,69
2026-04-24,16:08:53,130794,1,-0.2480,-0.0896,0.0342,1.0071,1.5008,0,1.0000,-31,1,9.4556,-0.1708,-19.5559,-3.0464,168.0000,0.000,0.000,0.960,84.1771,-11.6270,69
2026-04-24,16:08:53,130795,1,-4.1280,-0.3585,0.0502,1.4764,1.5044,0,1.0000,-516,1,9.4781,0.1982,-20.1650,-7.0843,168.0180,0.000,0.000,0.958,84.5250,-14.4955,69
2026-04-24,16:08:53,130822,1,-4.1280,-0.5256,0.0376,1.1051,1.5085,0,1.0000,-516,1,9.4768,-1.6788,-21.7971,-29.1681,168.0133,0.000,0.000,0.955,85.0098,-18.9824,69
2026-04-24,16:08:53,130859,1,-4.1280,-0.5625,0.0317,0.9333,1.5130,0,1.0000,-516,1,9.5781,5.8033,-27.8850,-137.3273,167.9844,0.000,0.000,0.961,85.2404,-20.8527,69
,,130895,1,-4.2400,-0.5738,0.0313,0.9208,1.5169,0,1.0000,-530,1,9.3336,-10.1436,-28.4369,-42.3932,167.9987,0.000,0.000,0.993,85.2179,-19.2068,69
2026-04-24,16:08:53,130932,1,-4.2400,-0.7100,0.0382,1.1225,1.5223,0,1.0000,-530,1,9.6276,4.9718,-26.7499,15.0072,167.9821,0.000,0.000,1.000,85.0521,-13.9848,69
2026-04-24,16:08:53,130967,1,-4.2400,-0.3070,0.0206,0.6049,1.5252,0,1.0000,-530,1,9.3090,-14.3127,-27.4957,-2.2161,167.9965,0.000,0.000,1.000,85.0257,-8.8670,69
2026-04-24,16:08:53,131003,1,-4.2400,-0.1643,0.0277,0.8153,1.5274,0,1.0000,-530,1,9.8483,11.9694,-27.3943,-6.9262,167.9698,0.000,0.000,1.000,85.1042,-2.4745,69
2026-04-24,16:08:53,131039,1,-4.2400,-0.4384,0.0236,0.6939,1.5298,0,1.0000,-530,1,9.3223,-5.9494,-32.2611,-105.9795,168.0122,0.000,0.000,1.000,84.9734,2.1687,69
2026-04-24,16:08:53,131075,1,-4.2480,-0.5208,0.0336,0.9879,1.5335,0,1.0000,-531,1,9.5823,-3.3648,-33.2470,-45.3877,167.9860,0.000,0.000,1.000,85.2558,4.3473,69
2026-04-24,16:08:53,131111,1,-4.2480,-0.7238,0.0357,1.0497,1.5388,0,1.0000,-531,1,9.4773,10.6777,-32.9954,-6.3043,168.0180,0.000,0.000,1.000,86.0428,7.9815,69
2026-04-24,16:08:53,131147,1,-4.2480,-0.6086,0.0390,1.1469,1.5445,0,1.0000,-531,1,9.4168,-8.2268,-32.4167,9.0226,168.0210,0.000,0.000,1.000,86.4117,13.5591,69
2026-04-24,16:08:53,131184,1,-4.2480,-0.1732,0.0323,0.9508,1.5466,0,1.0000,-531,1,9.2669,-3.1022,-25.6199,142.7870,168.0379,0.000,0.000,1.000,86.6701,25.6422,69
2026-04-24,16:08:53,131220,1,-4.2480,-0.5511,0.0342,1.0053,1.5496,0,1.0000,-531,1,9.4282,5.4833,-20.4645,151.0363,168.0460,0.000,0.000,1.000,85.9161,29.1741,69
2026-04-24,16:08:53,131256,1,-4.2480,-0.7634,0.0376,1.1067,1.5551,0,1.0000,-531,1,9.3834,1.7921,-17.4282,100.7977,168.0297,0.000,0.000,1.000,85.4378,30.3876,69
2026-04-24,16:08:54,132207,1,-4.2400,-0.2887,0.0504,1.4822,1.5603,0,1.0000,-530,1,9.4997,2.1989,-17.5788,58.8608,168.0292,0.000,0.000,1.000,86.1201,35.1865,69
2026-04-24,16:08:54,132208,1,-4.2400,-0.3052,0.0368,1.0826,1.5619,0,1.0000,-530,1,9.2876,-2.1848,-17.5161,40.7902,168.0539,0.000,0.000,1.000,86.6240,36.6512,69
2026-04-24,16:08:54,132210,1,-4.2400,-0.5430,0.0396,1.1638,1.5652,0,1.0000,-530,1,9.4421,1.3992,-17.2727,30.1291,168.0595,0.000,0.000,1.000,86.1305,28.9605,69
2026-04-24,16:08:54,132211,1,-4.2400,-0.7846,0.0408,1.2000,1.5719,0,1.0000,-530,1,9.5267,2.9001,-17.1997,18.6842,168.0928,0.000,0.000,1.000,85.9894,27.1853,69
2026-04-24,16:08:54,132211,1,-4.2400,-0.3074,0.0570,1.6766,1.5777,0,1.0000,-530,1,9.4322,-0.8760,-17.5915,7.7253,168.2533,0.000,0.000,1.000,86.7932,35.3806,69
2026-04-24,16:08:54,132212,1,-4.2400,-0.3731,0.0440,1.2934,1.5801,0,1.0000,-530,1,9.4191,0.8865,-17.7552,3.1963,168.4343,0.000,0.000,1.000,86.2843,33.3193,69
2026-04-24,16:08:54,132212,1,-4.2400,-0.6471,0.0500,1.4716,1.5842,0,1.0000,-530,1,9.4262,-0.0248,-17.9385,0.3188,168.4143,0.000,0.000,1.000,85.2634,28.3472,69
2026-04-24,16:08:54,132213,1,-4.2400,-0.6882,0.0315,0.9269,1.5887,0,1.0000,-530,1,9.5201,2.1395,-18.3080,-3.3725,168.3556,0.000,0.000,1.000,85.2846,28.7177,69
2026-04-24,16:08:54,132214,1,-4.2400,-0.8806,0.0540,1.5870,1.5946,0,1.0000,-530,1,9.6136,1.8215,-18.7298,-6.4487,168.3497,0.000,0.000,1.000,86.1524,32.5382,69
2026-04-24,16:08:54,132215,1,-4.2480,-0.9334,0.0552,1.6233,1.6009,0,1.0000,-531,1,9.5230,-0.1108,-18.8707,-5.7403,168.3723,0.000,0.000,1.000,87.2274,37.9266,69
2026-04-24,16:08:54,132215,1,-4.2400,-1.0720,0.0365,1.0721,1.6074,0,1.0000,-530,1,9.6168,1.0787,-18.8506,-3.7094,168.4583,0.000,0.000,1.000,87.4278,36.0406,69
2026-04-24,16:08:54,132216,1,-4.2400,-0.9075,0.0482,1.4175,1.6116,0,1.0000,-530,1,9.6748,1.1662,-18.2371,-1.0875,168.6059,0.000,0.000,1.000,87.4445,30.2956,69
2026-04-24,16:08:54,132217,1,-4.2400,-1.0984,0.0487,1.4335,1.6256,0,1.0000,-530,1,9.4919,-2.1780,-18.0392,1.0650,168.6244,0.000,0.000,1.000,86.8317,24.3167,69
2026-04-24,16:08:54,132217,1,-4.2400,-1.1599,0.0436,1.2820,1.6341,0,1.0000,-530,1,9.5610,0.1208,-17.9688,1.2613,168.6199,0.000,0.000,1.000,86.5187,22.0497,69
2026-04-24,16:08:54,132219,1,-4.2480,-0.9958,0.0612,1.7993,1.6444,0,1.0000,-531,1,9.2967,-2.7918,-18.2983,-2.4778,168.6047,0.000,0.000,1.000,87.2484,22.2546,69
2026-04-24,16:08:54,132221,1,-4.2400,-1.1215,0.0325,0.9556,1.6532,0,1.0000,-530,1,9.1455,-3.3857,-18.5025,-3.2342,168.6884,0.000,0.000,1.000,87.8296,19.7935,69
2026-04-24,16:08:54,132221,1,-4.2400,-0.8632,0.0627,1.8456,1.6600,0,1.0000,-530,1,9.0726,-3.6371,-18.6912,-3.8927,168.7174,0.000,0.000,1.000,87.5554,18.3069,69
2026-04-24,16:08:54,132222,1,-4.2400,-0.8557,0.0313,0.9194,1.6674,0,1.0000,-530,1,9.1227,0.5485,-19.2919,-8.0157,168.7385,0.000,0.000,1.000,86.9150,19.1806,69
2026-04-24,16:08:54,132223,1,-4.2400,-0.7678,0.0394,1.1592,1.6728,0,1.0000,-530,1,9.0393,-1.9014,-19.8126,-10.4807,168.7172,0.000,0.000,1.000,86.3925,14.6527,69
2026-04-24,16:08:54,132223,1,-4.2400,-0.9171,0.0381,1.1197,1.6792,0,1.0000,-530,1,9.1191,1.5616,-20.4743,-13.6925,168.6377,0.000,0.000,1.000,86.5257,8.8250,69
2026-04-24,16:08:54,132224,1,-4.1200,-0.2621,0.0518,1.5238,1.6853,0,1.0000,-515,1,8.8470,-4.0001,-21.6079,-19.0500,168.6639,0.000,0.000,1.000,87.5488,-30.4415,69
2026-04-24,16:08:54,132225,1,-4.1040,-0.3418,0.0362,1.0642,1.6873,0,1.0000,-513,1,8.4845,-7.5247,-22.4336,-20.8417,168.6542,0.000,0.000,1.000,87.9299,-61.1614,69
2026-04-24,16:08:54,132226,1,-4.1040,-0.6247,0.0281,0.8250,1.6922,0,1.0000,-513,1,8.0084,-10.7920,-23.8480,-25.8679,168.5984,0.032,0.000,1.000,87.5966,-72.3126,69
2026-04-24,16:08:54,132226,1,-4.1040,-0.6929,0.0222,0.6536,1.6939,0,1.0000,-513,1,7.5931,-10.4011,-24.2730,-23.8971,168.5844,0.024,0.000,1.000,87.8637,-74.2705,69
2026-04-24,16:08:54,132227,1,-4.1280,-0.3571,0.0371,1.0926,1.7022,0,1.0000,-516,1,7.5565,-2.6940,-25.2675,-26.1329,168.5814,0.048,0.000,1.000,88.1839,-73.2231,69
2026-04-24,16:08:55,132716,1,-4.1280,-0.6190,0.0368,1.0828,1.7056,0,1.0000,-516,1,7.2983,-6.0918,-25.2526,-15.5433,168.5437,0.096,0.000,1.000,87.0688,-56.2470,69
2026-04-24,16:08:55,132719,1,-4.1280,-0.5994,0.0200,0.5879,1.7104,0,1.0000,-516,1,7.2401,-4.0706,-25.1550,-9.6481,168.5317,0.120,0.000,1.000,86.5610,-41.9738,69
2026-04-24,16:08:55,132720,1,-4.1440,-0.4099,0.0558,1.6404,1.7146,0,1.0000,-518,1,7.1722,-1.8153,-25.0591,-5.5531,168.5435,0.120,0.000,1.000,86.7597,-20.9184,69
2026-04-24,16:08:55,132720,1,-4.1440,-0.4453,0.0329,0.9681,1.7169,0,1.0000,-518,1,7.0976,-1.8203,-24.7805,-1.2913,168.5252,0.096,0.000,1.000,86.8682,0.0904,69
2026-04-24,16:08:55,132721,1,-4.1440,-0.7473,0.0439,1.2924,1.7231,0,1.0000,-518,1,7.4131,3.5715,-24.6595,0.3028,168.5031,0.064,0.000,1.000,86.8647,18.8182,69
2026-04-24,16:08:55,132722,1,-4.1120,-0.8412,0.0282,0.8303,1.7285,0,1.0000,-514,1,7.3923,1.4977,-24.9470,-2.7277,168.5187,0.040,0.000,1.000,87.0861,25.3822,69
2026-04-24,16:08:55,132722,1,-4.1120,-0.6163,0.0428,1.2595,1.7343,0,1.0000,-514,1,7.6565,3.9634,-25.0795,-2.8721,168.5058,0.016,0.000,1.000,87.7637,29.2862,69
2026-04-24,16:08:55,132723,1,-4.1440,-0.7185,0.0261,0.7675,1.7411,0,1.0000,-518,1,7.8156,6.6745,-24.9094,0.0696,168.5036,0.000,0.000,1.000,88.3413,28.0991,69
2026-04-24,16:08:55,132724,1,-4.1440,-0.5718,0.0436,1.2827,1.7460,0,1.0000,-518,1,8.0338,5.3796,-24.4702,4.4737,168.4803,0.000,0.000,1.000,88.6543,22.1067,69
2026-04-24,16:08:55,132724,1,-4.1440,-0.7456,0.0455,1.3385,1.7530,0,1.0000,-518,1,8.5048,11.2882,-23.6718,10.2365,168.4883,0.000,0.000,1.000,89.0225,18.4098,69
2026-04-24,16:08:55,132725,1,-4.1440,-0.8498,0.0486,1.4282,1.7605,0,1.0000,-518,1,8.5821,5.1892,-22.6183,16.0564,168.5175,0.000,0.000,1.000,89.0391,-2.6311,69
2026-04-24,16:08:55,132726,1,-4.1440,-0.4390,0.0572,1.6814,1.7628,0,1.0000,-518,1,9.2301,8.8185,-21.8063,16.7118,168.5516,0.000,0.000,1.000,89.1766,-43.6903,69
2026-04-24,16:08:55,132726,1,-4.1280,-0.4664,0.0469,1.3798,1.7683,0,1.0000,-516,1,9.4560,7.9887,-21.2300,16.8124,168.5710,0.000,0.000,1.000,89.2803,-67.0448,69
2026-04-24,16:08:55,132754,1,-4.1280,-0.6889,0.0340,0.9998,1.7741,0,1.0000,-516,1,9.0437,1.2258,-20.0300,25.6736,168.5811,0.000,0.000,1.000,89.7645,-85.4028,69
2026-04-24,16:08:55,132790,1,-4.1280,-0.9840,0.0402,1.1837,1.7808,0,1.0000,-516,1,9.3238,-2.8538,-19.3094,25.8721,168.5073,0.000,0.000,1.000,90.6225,-98.6734,69
2026-04-24,16:08:55,132826,1,-4.1440,-0.9632,0.0280,0.8221,1.7888,0,1.0000,-518,1,9.1652,4.2164,-18.8046,16.4734,168.4754,0.000,0.000,1.000,91.2558,-105.1100,69
2026-04-24,16:08:55,132862,1,-4.1440,-0.6288,0.0410,1.2056,1.7945,0,1.0000,-518,1,8.9611,-16.1992,-17.6082,32.5799,168.5050,0.000,0.000,1.000,91.7575,-110.0597,69
2026-04-24,16:08:55,132898,1,-4.1440,-0.8321,0.0297,0.8725,1.8006,0,1.0000,-518,1,9.1770,14.1721,-16.1500,41.2210,168.5669,0.000,0.000,1.000,91.6661,-109.5462,69
2026-04-24,16:08:55,132934,1,-4.1360,-0.4181,0.0419,1.2316,1.8057,0,1.0000,-517,1,8.7572,-20.3159,-15.0556,33.1740,168.6049,0.000,0.000,1.000,91.4156,-107.8548,69
2026-04-24,16:08:55,132970,1,-4.1360,-0.6165,0.0347,1.0218,1.8101,0,1.0000,-517,1,8.7151,8.8732,-15.0558,9.2003,168.4822,0.064,0.000,1.000,92.3926,-119.7771,69
2026-04-24,16:08:55,133006,1,-4.1360,-0.8786,0.0347,1.0192,1.8165,0,1.0000,-517,1,8.3075,-19.7941,-15.3182,-0.7376,168.4261,0.056,0.000,1.000,93.0689,-127.0060,69
2026-04-24,16:08:55,133042,1,-4.1440,-0.5551,0.0441,1.2969,1.8226,0,1.0000,-518,1,8.4975,12.9188,-15.5791,-7.1513,168.4812,0.072,0.000,1.000,94.1243,-135.6710,69
2026-04-24,16:08:55,133078,1,-4.1440,-0.7945,0.0387,1.1378,1.8279,0,1.0000,-518,1,7.9923,-12.3804,-15.3979,0.6530,168.4934,0.088,0.000,1.000,94.7079,-139.1274,69
2026-04-24,16:08:55,133114,1,-4.1440,-0.8376,0.0384,1.1307,1.8346,0,1.0000,-518,1,8.3817,2.8583,-15.5029,-1.5993,168.5000,0.080,0.000,1.000,95.2257,-143.8161,69
2026-04-24,16:08:55,133150,1,-4.1360,-0.8721,0.0411,1.2099,1.8412,0,1.0000,-517,1,7.6616,-10.5294,-15.6719,-7.0438,168.5740,0.120,0.000,1.000,95.7487,-150.5010,69
2026-04-24,16:08:56,133651,1,-4.1360,-0.9365,0.0291,0.8554,1.8480,0,1.0000,-517,1,7.7509,-3.8329,-15.7745,-5.8328,168.5410,0.168,0.000,1.000,95.9058,-153.6412,69
2026-04-24,16:08:56,133652,1,-4.1440,-0.7096,0.0483,1.4199,1.8552,0,1.0000,-518,1,7.6565,-1.1297,-16.1063,-6.7600,168.5603,0.232,0.000,1.000,96.3392,-159.7112,69
2026-04-24,16:08:56,133653,1,-4.1440,-0.7693,0.0315,0.9265,1.8607,0,1.0000,-518,1,7.7100,-0.2694,-16.4419,-7.7171,168.5863,0.208,0.000,1.000,96.4429,-156.0226,69
2026-04-24,16:08:56,133653,1,-4.1440,-0.6734,0.0429,1.2614,1.8660,0,1.0000,-518,1,7.7151,0.1942,-16.8909,-9.6424,168.5670,0.184,0.000,1.000,96.3941,-150.5868,69
2026-04-24,16:08:56,133654,1,-4.1360,-0.7686,0.0443,1.3034,1.8711,0,1.0000,-517,1,7.7531,0.7070,-17.3167,-10.7250,168.5935,0.160,0.000,1.000,96.7844,-147.8412,69
2026-04-24,16:08:56,133655,1,-4.1360,-0.8121,0.0354,1.0426,1.8773,0,1.0000,-517,1,7.7446,0.1328,-18.0244,-13.8174,168.5912,0.136,0.000,1.000,97.3497,-146.2229,69
2026-04-24,16:08:56,133656,1,-4.1360,-0.8761,0.0497,1.4617,1.8838,0,1.0000,-517,1,7.4826,-4.3782,-18.7729,-16.6714,168.6245,0.112,0.000,1.000,97.7711,-146.5635,69
2026-04-24,16:08:56,133658,1,-4.1360,-0.9519,0.0439,1.2900,1.8917,0,1.0000,-517,1,7.2506,-5.8253,-19.7327,-19.8456,168.6124,0.080,0.000,1.000,98.1786,-148.6298,69
2026-04-24,16:08:56,133659,1,-4.1360,-0.9024,0.0521,1.5326,1.8981,0,1.0000,-517,1,7.1676,-3.3638,-20.4673,-20.4102,168.6033,0.056,0.000,1.000,98.0662,-149.0800,69
2026-04-24,16:08:56,133660,1,-4.1360,-0.4101,0.0588,1.7308,1.9013,0,1.0000,-517,1,7.0766,-3.6656,-21.2403,-21.1727,168.6273,0.032,0.000,1.000,97.6456,-148.9274,69
2026-04-24,16:08:56,133660,1,-4.1360,-0.5311,0.0481,1.4155,1.9059,0,1.0000,-517,1,7.2668,3.0448,-22.3675,-23.3248,168.5856,0.000,0.000,1.000,96.7005,-145.7524,69
2026-04-24,16:08:56,133661,1,-4.1360,-0.8014,0.0406,1.1937,1.9105,0,1.0000,-517,1,6.9404,-3.2358,-23.0061,-21.9043,168.6500,0.000,0.000,1.000,97.4897,-146.5544,69
2026-04-24,16:08:56,133662,1,-4.1440,-0.9127,0.0306,0.8998,1.9260,0,1.0000,-518,1,6.7468,-4.1931,-23.9375,-22.9950,168.6882,0.000,0.000,1.000,98.4992,-148.3463,69
2026-04-24,16:08:56,133693,1,-4.1360,-0.8349,0.0426,1.2535,1.9329,0,1.0000,-517,1,6.8094,-1.4222,-27.2054,-76.8587,168.6165,0.000,0.000,1.000,99.0721,-149.4021,69
2026-04-24,16:08:56,133728,1,-4.1360,-0.9098,0.0267,0.7839,1.9397,0,1.0000,-517,1,6.2490,-6.2602,-29.1869,-67.0947,168.5904,0.024,0.000,1.000,99.4491,-150.4423,69
2026-04-24,16:08:56,133764,1,-4.1360,-0.6351,0.0417,1.2268,1.9450,0,1.0000,-517,1,6.1805,-16.7874,-31.4403,-69.0908,168.6019,0.016,0.000,1.000,99.8508,-151.6287,69
2026-04-24,16:08:56,133800,1,-4.1360,-0.8515,0.0461,1.3552,1.9506,0,1.0000,-517,1,6.1454,9.6361,-30.5313,-2.5027,168.5701,0.080,0.000,1.000,99.8888,-150.5073,69
2026-04-24,16:08:56,133837,1,-4.1360,-0.6206,0.0355,1.0432,1.9556,0,1.0000,-517,1,5.9152,-17.2687,-28.2661,50.8815,168.5079,0.048,0.000,1.000,100.1075,-149.5822,69
2026-04-24,16:08:56,133872,1,-4.1360,-0.3702,0.0417,1.2267,1.9582,0,1.0000,-517,1,5.9878,5.0689,-25.7573,68.9312,168.5514,0.064,0.000,1.000,100.3343,-146.5784,69
2026-04-24,16:08:56,133908,1,-4.1360,-0.5915,0.0386,1.1358,1.9616,0,1.0000,-517,1,5.8542,-8.8433,-23.9880,54.7391,168.5311,0.032,0.000,1.000,99.9106,-141.9055,69
2026-04-24,16:08:56,133945,1,-4.1360,-0.7436,0.0395,1.1625,1.9671,0,1.0000,-517,1,5.6948,-8.1305,-24.1823,15.7435,168.4896,0.000,0.000,1.000,100.2977,-140.6220,69
2026-04-24,16:08:56,133980,1,-4.1360,-0.8045,0.0471,1.3856,1.9733,0,1.0000,-517,1,5.3220,-6.7489,-25.5805,-20.8941,168.5533,0.024,0.000,1.000,101.6005,-141.9354,69
2026-04-24,16:08:56,134016,1,-4.1360,-0.5397,0.0344,1.0111,1.9774,0,1.0000,-517,1,5.1941,-14.2891,-26.7535,-25.1154,168.5031,0.088,0.000,1.000,101.6234,-140.9884,69
2026-04-24,16:08:56,134052,1,-4.1440,-0.7364,0.0267,0.7854,1.9832,0,1.0000,-518,1,5.4136,14.2678,-27.2251,-18.8389,168.4835,0.128,0.000,1.000,101.1896,-138.8671,69
2026-04-24,16:08:56,134089,1,-4.1440,-0.2559,0.0476,1.4009,1.9875,0,1.0000,-518,1,4.9267,-18.7472,-27.8915,-20.8251,168.4840,0.120,0.000,0.999,101.0450,-137.9386,69
2026-04-24,16:08:57,134578,1,-4.1440,-0.4906,0.0434,1.2777,1.9908,0,1.0000,-518,1,5.1269,-1.3798,-27.6067,-9.4363,168.4974,0.184,0.000,1.000,100.0621,-135.0835,69
2026-04-24,16:08:57,134579,1,-4.1440,-0.7257,0.0458,1.3458,1.9954,0,1.0000,-518,1,4.8635,-6.0286,-27.3218,-3.7303,168.4996,0.232,0.000,0.999,99.2325,-132.4565,69
2026-04-24,16:08:57,134580,1,-4.1440,-0.7997,0.0284,0.8342,2.0026,0,1.0000,-518,1,4.7231,-4.2078,-27.2064,-1.1090,168.5018,0.248,0.000,0.996,99.4150,-133.3247,69
2026-04-24,16:08:57,134580,1,-4.1360,-0.7786,0.0510,1.4988,2.0092,0,1.0000,-517,1,4.4371,-5.7726,-27.2339,-0.7092,168.5237,0.264,0.000,0.993,99.6522,-135.0879,69
2026-04-24,16:08:57,134581,1,-4.1360,-0.8018,0.0378,1.1124,2.0147,0,1.0000,-517,1,4.3776,-3.3848,-27.1926,-0.0286,168.4987,0.288,0.000,0.990,99.1482,-134.3740,69
2026-04-24,16:08:57,134582,1,-4.1360,-0.7416,0.0491,1.4430,2.0205,0,1.0000,-517,1,4.1293,-5.8004,-26.9906,2.0183,168.5108,0.288,0.000,0.988,98.7471,-134.7279,69
2026-04-24,16:08:57,134584,1,-4.1360,-0.5536,0.0488,1.4368,2.0245,0,1.0000,-517,1,4.0480,-4.3771,-26.7774,3.3780,168.4993,0.264,0.000,0.986,98.4394,-135.0632,69
2026-04-24,16:08:57,134585,1,-4.1360,-0.6580,0.0381,1.1206,2.0293,0,1.0000,-517,1,4.0522,-1.3427,-26.5578,4.1693,168.5211,0.240,0.000,0.983,97.8562,-133.2346,69
2026-04-24,16:08:57,134586,1,-4.1360,-0.7635,0.0556,1.6348,2.0346,0,1.0000,-517,1,3.8161,-5.1316,-26.3421,5.0283,168.5202,0.216,0.000,0.981,97.4440,-131.3787,69
2026-04-24,16:08:57,134586,1,-4.1360,-0.5678,0.0388,1.1405,2.0386,0,1.0000,-517,1,3.8128,-2.3033,-25.7393,9.0928,168.5393,0.184,0.000,0.978,97.6388,-132.3891,69
2026-04-24,16:08:57,134587,1,-4.1360,-0.6903,0.0325,0.9563,2.0433,0,1.0000,-517,1,3.7377,-2.7664,-25.0655,12.6542,168.5536,0.160,0.000,0.975,97.8018,-134.4154,69
2026-04-24,16:08:57,134587,1,-4.1360,-0.7266,0.0324,0.9518,2.0470,0,1.0000,-517,1,3.2842,-5.4634,-24.5758,12.7171,168.5369,0.144,0.000,0.974,97.6097,-137.7400,69
2026-04-24,16:08:57,134588,1,-4.1360,-0.8376,0.0430,1.2658,2.0584,0,1.0000,-517,1,3.3124,-2.2310,-24.0650,12.7529,168.5295,0.120,0.000,0.971,97.5374,-141.4296,69
2026-04-24,16:08:57,134619,1,-4.1360,-0.6737,0.0529,1.5547,2.0657,0,1.0000,-517,1,3.6140,15.4163,-23.2816,20.2677,168.5831,0.088,0.000,0.968,97.2865,-143.7424,69
2026-04-24,16:08:57,134656,1,-4.1360,-0.7780,0.0452,1.3308,2.0706,0,1.0000,-517,1,3.2537,-8.3453,-22.4837,23.4456,168.5448,0.056,0.000,0.965,96.9424,-143.5603,69
2026-04-24,16:08:57,134692,1,-4.1360,-0.7439,0.0277,0.8151,2.0767,0,1.0000,-517,1,3.7278,9.0876,-22.0992,18.1329,168.5062,0.024,0.000,0.962,96.6928,-142.0630,69
2026-04-24,16:08:57,134728,1,-4.1360,-0.7105,0.0431,1.2663,2.0822,0,1.0000,-517,1,3.4018,-5.2733,-22.2367,4.8160,168.6216,0.000,0.000,0.958,96.8427,-143.0869,69
2026-04-24,16:08:57,134765,1,-4.1440,-0.9462,0.0456,1.3406,2.0890,0,1.0000,-518,1,3.7155,7.2050,-23.1726,-19.1298,168.5081,0.000,0.000,0.955,97.0923,-146.4622,69
2026-04-24,16:08:57,134801,1,-4.1440,-0.6526,0.0577,1.6963,2.0954,0,1.0000,-518,1,3.5560,-0.5124,-24.1190,-21.7066,168.5797,0.000,0.000,0.952,97.2635,-152.5643,69
2026-04-24,16:08:57,134837,1,-4.1440,-0.5960,0.0396,1.1635,2.0995,0,1.0000,-518,1,3.5404,-0.3106,-23.7568,4.2133,168.5380,0.000,0.000,0.949,97.1999,-158.0949,69
2026-04-24,16:08:57,134873,1,-4.1440,-0.8891,0.0363,1.0679,2.1056,0,1.0000,-518,1,3.8496,7.7369,-23.6459,-0.1751,168.5341,0.000,0.000,0.946,96.6184,-164.5067,69
2026-04-24,16:08:57,134909,1,-4.1440,-0.6384,0.0600,1.7647,2.1117,0,1.0000,-518,1,3.7081,-0.4692,-24.7678,-24.3553,168.5910,0.000,0.000,0.942,96.3906,-170.9661,69
2026-04-24,16:08:57,134944,1,-4.1440,-0.6309,0.0437,1.2850,2.1155,0,1.0000,-518,1,3.7333,-2.7318,-25.9715,-40.4874,168.5234,0.000,0.000,0.939,96.4832,-175.3208,69
2026-04-24,16:08:57,134981,1,-4.1440,-0.8033,0.0323,0.9494,2.1214,0,1.0000,-518,1,3.9203,2.0301,-28.7485,-70.2384,168.5471,0.000,0.000,0.936,96.5432,-179.1186,69
2026-04-24,16:08:57,135017,1,-4.1440,-0.7095,0.0404,1.1883,2.1274,0,1.0000,-518,1,3.5563,-8.4381,-31.6409,-90.5048,168.5100,0.000,0.000,0.933,96.6714,-179.9085,69
2026-04-24,16:08:58,135506,1,-4.1440,-0.9012,0.0398,1.1696,2.1332,0,1.0000,-518,1,3.7243,1.2168,-33.0172,-73.4961,168.5183,0.000,0.000,0.930,97.0932,-179.1900,69
2026-04-24,16:08:58,135508,1,-4.1360,-0.7816,0.0614,1.8070,2.1415,0,1.0000,-517,1,3.6242,-0.5260,-34.1456,-54.3759,168.5326,0.000,0.000,0.927,97.4590,-177.5501,69
2026-04-24,16:08:58,135509,1,-4.1360,-0.6454,0.0434,1.2751,2.1454,0,1.0000,-517,1,3.6528,-0.1851,-34.5335,-40.7838,168.5078,0.000,0.000,0.925,97.4440,-177.8758,69
2026-04-24,16:08:58,135510,1,-4.1360,-0.8140,0.0411,1.2077,2.1513,0,1.0000,-517,1,3.7386,1.3299,-35.0764,-32.6497,168.5120,0.000,0.000,0.922,96.8368,-179.5416,69
2026-04-24,16:08:58,135511,1,-4.1360,-0.9312,0.0473,1.3909,2.1576,0,1.0000,-517,1,3.6001,-1.3223,-36.4995,-36.1731,168.5316,0.000,0.000,0.920,96.4733,175.6897,69
2026-04-24,16:08:58,135512,1,-4.1360,-0.9075,0.0425,1.2491,2.1656,0,1.0000,-517,1,3.5783,-2.3179,-38.4438,-40.0112,168.5335,0.000,0.000,0.917,96.5653,170.6401,69
2026-04-24,16:08:58,135512,1,-4.1360,-0.9741,0.0473,1.3917,2.1724,0,1.0000,-517,1,3.5276,-1.4043,-39.5579,-38.0061,168.5489,0.000,0.000,0.914,96.6805,171.4241,69
2026-04-24,16:08:58,135513,1,-4.1360,-0.7796,0.0556,1.6350,2.1781,0,1.0000,-517,1,3.5209,-1.3794,-40.2521,-32.1382,168.5545,0.000,0.000,0.912,96.6259,175.5791,69
2026-04-24,16:08:58,135514,1,-4.1360,-0.8002,0.0349,1.0276,2.1835,0,1.0000,-517,1,3.5289,-0.2403,-40.4685,-24.1243,168.5982,0.000,0.000,0.910,96.3577,-173.2161,69
2026-04-24,16:08:58,135515,1,-4.1360,-0.7387,0.0584,1.7185,2.1897,0,1.0000,-517,1,3.4597,-1.1202,-40.3247,-15.0268,168.6500,0.000,0.000,0.907,96.1895,-161.9548,69
2026-04-24,16:08:58,135515,1,-4.1440,-0.7429,0.0503,1.4800,2.1942,0,1.0000,-518,1,3.4157,-1.2694,-39.9207,-6.3786,168.6745,0.000,0.000,0.905,96.1097,-153.5721,69
2026-04-24,16:08:58,135516,1,-4.1360,-0.7129,0.0200,0.5879,2.1990,0,1.0000,-517,1,3.3156,-0.3360,-39.0362,1.0698,168.7168,0.000,0.000,0.902,96.3199,-147.6616,69
2026-04-24,16:08:58,135516,1,-4.1360,-0.3873,0.0601,1.7662,2.2052,0,1.0000,-517,1,3.4249,1.1940,-38.5895,3.8921,168.7274,0.000,0.000,0.901,96.3606,-148.5469,69
2026-04-24,16:08:58,135544,1,-4.1360,-0.4044,0.0415,1.2211,2.2086,0,1.0000,-517,1,3.1059,-4.1232,-37.0408,35.8655,168.7612,0.000,0.000,0.898,96.2511,-149.3717,69
2026-04-24,16:08:58,135580,1,-4.1440,-0.6649,0.0344,1.0112,2.2132,0,1.0000,-518,1,3.2508,0.1827,-34.3660,64.1360,168.7356,0.000,0.000,0.894,96.4740,-151.1410,69
2026-04-24,16:08:58,135616,1,-4.1440,-0.3976,0.0659,1.9395,2.2176,0,1.0000,-518,1,3.1961,7.0732,-31.5389,81.1256,168.7932,0.000,0.000,0.891,96.8582,-152.3659,69
2026-04-24,16:08:58,135652,1,-4.1440,-0.1888,0.0264,0.7763,2.2186,0,1.0000,-518,1,3.1167,-9.0790,-29.7193,62.7191,168.7894,0.000,0.000,0.888,96.7865,-150.1800,69
2026-04-24,16:08:58,135689,1,-4.1360,-0.6888,0.0408,1.2014,2.2225,0,1.0000,-517,1,3.5618,13.8846,-28.5249,49.4461,168.7641,0.000,0.000,0.885,96.7140,-147.4212,69
2026-04-24,16:08:58,135725,1,-4.1360,-0.7562,0.0325,0.9555,2.2284,0,1.0000,-517,1,2.9710,-14.4200,-27.5314,36.2843,168.7758,0.000,0.000,0.882,96.7132,-143.0541,69
2026-04-24,16:08:58,135761,1,-4.1360,-0.5723,0.0317,0.9324,2.2337,0,1.0000,-517,1,3.4161,10.4686,-26.6191,28.9849,168.6900,0.000,0.000,0.878,97.5624,-139.9037,69
2026-04-24,16:08:58,135798,1,-4.1440,-0.9295,0.0427,1.2555,2.2400,0,1.0000,-518,1,2.9577,-9.6555,-26.2727,14.0795,168.7439,0.000,0.000,0.875,98.1736,-139.9415,69
2026-04-24,16:08:58,135834,1,-4.1440,-0.9188,0.0320,0.9400,2.2471,0,1.0000,-518,1,2.9332,-10.7361,-25.6990,15.5341,168.6584,0.000,0.000,0.872,98.9613,-142.3687,69
2026-04-24,16:08:58,135870,1,-4.1440,-0.4764,0.0386,1.1367,2.2510,0,1.0000,-518,1,2.6685,-12.2072,-25.9880,1.1335,168.6786,0.016,0.000,0.869,99.2685,-145.5367,69
2026-04-24,16:08:58,135906,1,-4.1440,-0.7633,0.0353,1.0373,2.2564,0,1.0000,-518,1,3.1540,14.6346,-25.8007,1.9354,168.7204,0.008,0.000,0.866,99.2106,-148.3057,69
2026-04-24,16:08:58,135942,1,-4.1440,-0.7211,0.0432,1.2706,2.2624,0,1.0000,-518,1,2.5594,-17.8403,-25.0077,17.0383,168.6778,0.000,0.000,0.862,99.1363,-152.1313,69
2026-04-24,16:08:59,136889,1,-4.1440,-0.7884,0.0420,1.2354,2.2678,0,1.0000,-518,1,2.7604,-3.9338,-24.6768,14.8166,168.6915,0.048,0.000,0.860,99.5316,-156.1323,69
2026-04-24,16:08:59,136891,1,-4.1440,-0.9454,0.0322,0.9480,2.2759,0,1.0000,-518,1,2.6457,-3.0618,-24.3107,12.2438,168.7317,0.064,0.000,0.857,100.1809,-161.8439,69
2026-04-24,16:08:59,136892,1,-4.1440,-0.8780,0.0490,1.4421,2.2824,0,1.0000,-518,1,2.4779,-4.4004,-24.2924,8.6151,168.6805,0.040,0.000,0.854,101.1320,-169.4851,69
2026-04-24,16:08:59,136892,1,-4.1440,-0.9583,0.0405,1.1904,2.2894,0,1.0000,-518,1,2.4292,-1.9508,-24.2682,6.1970,168.6984,0.016,0.000,0.852,101.3591,-175.9572,69
2026-04-24,16:08:59,136893,1,-4.1440,-0.7151,0.0653,1.9217,2.2971,0,1.0000,-518,1,2.4443,0.1035,-24.2773,3.7372,168.6965,0.000,0.000,0.849,101.2369,174.3421,69
2026-04-24,16:08:59,136894,1,-4.1440,-0.7968,0.0663,1.9502,2.3022,0,1.0000,-518,1,2.4882,1.6384,-24.1872,3.4056,168.6812,0.000,0.000,0.846,100.8902,166.2233,69
2026-04-24,16:08:59,136894,1,-4.1360,-0.8852,0.0338,0.9927,2.3089,0,1.0000,-517,1,2.5753,0.4578,-24.2633,1.3927,168.7010,0.000,0.000,0.843,100.0274,157.5895,69
2026-04-24,16:08:59,136895,1,-4.1360,-0.9588,0.0572,1.6828,2.3161,0,1.0000,-517,1,2.4019,-2.4247,-24.2674,0.9062,168.7208,0.000,0.000,0.841,100.4339,157.3002,69
2026-04-24,16:08:59,136896,1,-4.1360,-1.1308,0.0359,1.0551,2.3250,0,1.0000,-517,1,2.1505,-4.9780,-24.4951,-1.6637,168.7232,0.000,0.000,0.838,101.4379,157.8433,69
2026-04-24,16:08:59,136897,1,-4.1360,-0.7836,0.0532,1.5646,2.3308,0,1.0000,-517,1,2.2326,-1.4368,-25.1162,-7.3647,168.7156,0.000,0.000,0.835,101.7371,154.8516,69
2026-04-24,16:08:59,136897,1,-4.1360,-0.8712,0.0367,1.0806,2.3370,0,1.0000,-517,1,2.0216,-3.4175,-25.6921,-10.7358,168.7474,0.000,0.000,0.833,101.8247,152.7156,69
2026-04-24,16:08:59,136898,1,-4.1440,-0.9411,0.0358,1.0532,2.3412,0,1.0000,-518,1,2.0163,-1.5836,-26.0921,-11.1413,168.7273,0.000,0.000,0.831,101.9208,153.1762,69
2026-04-24,16:08:59,136899,1,-4.1360,-0.5602,0.0415,1.2196,2.3497,0,1.0000,-517,1,2.2633,4.0416,-27.5101,-20.8103,168.7284,0.000,0.000,0.829,102.0666,157.5392,69
2026-04-24,16:08:59,136901,1,-4.1360,-0.5656,0.0588,1.7292,2.3552,0,1.0000,-517,1,2.0783,-2.3690,-29.5595,-32.1503,168.7565,0.000,0.000,0.826,102.3028,163.6259,69
2026-04-24,16:08:59,136903,1,-4.1440,-0.5949,0.0435,1.2793,2.3589,0,1.0000,-518,1,1.8545,-5.8381,-31.9513,-42.7866,168.7509,0.000,0.000,0.822,103.1646,169.8433,69
2026-04-24,16:08:59,136904,1,-4.1440,-0.6960,0.0398,1.1720,2.3640,0,1.0000,-518,1,1.7616,-3.8303,-33.4943,-43.1730,168.7378,0.000,0.000,0.820,103.7354,173.4788,69
2026-04-24,16:08:59,136905,1,-4.1440,-0.7864,0.0253,0.7438,2.3694,0,1.0000,-518,1,1.4461,-7.4161,-35.3726,-47.4828,168.7505,0.000,0.000,0.818,104.4959,175.6396,69
2026-04-24,16:08:59,136906,1,-4.1360,-0.4873,0.0434,1.2770,2.3737,0,1.0000,-517,1,1.4552,-3.4705,-37.1549,-48.5746,168.7422,0.000,0.000,0.815,105.0190,176.4392,69
2026-04-24,16:08:59,136907,1,-4.1360,-0.7777,0.0449,1.3214,2.3781,0,1.0000,-517,1,1.2730,-3.7730,-38.7610,-47.8736,168.7805,0.000,0.000,0.813,104.4245,176.2073,69
2026-04-24,16:08:59,136908,1,-4.1360,-0.4720,0.0459,1.3499,2.3838,0,1.0000,-517,1,1.3086,-1.7983,-40.4770,-44.4031,168.7285,0.000,0.000,0.810,103.7797,176.0702,69
2026-04-24,16:08:59,136909,1,-4.1440,-0.4924,0.0404,1.1869,2.3870,0,1.0000,-518,1,1.5166,3.7142,-41.1797,-37.3945,168.7985,0.000,0.000,0.807,103.3953,177.0117,69
2026-04-24,16:08:59,136909,1,-4.1440,-0.7141,0.0432,1.2697,2.3920,0,1.0000,-518,1,1.6566,2.9086,-41.6434,-29.8128,168.7510,0.000,0.000,0.805,102.9752,178.8342,69
2026-04-24,16:08:59,136910,1,-4.1440,-0.7937,0.0333,0.9795,2.3978,0,1.0000,-518,1,1.4883,-1.3786,-42.7251,-30.5520,168.7569,0.000,0.000,0.802,103.5110,-178.2059,69
2026-04-24,16:08:59,136912,1,-4.1360,-0.9292,0.0473,1.3917,2.4021,0,1.0000,-517,1,1.6202,-1.4438,-43.3751,-26.6681,168.7596,0.000,0.000,0.800,105.9698,-171.4681,69
2026-04-24,16:08:59,136913,1,-4.1440,-0.9553,0.0510,1.5009,2.4186,0,1.0000,-518,1,1.4750,-2.6725,-43.7869,-15.6787,168.8304,0.000,0.000,0.797,106.6091,-168.0091,69
2026-04-24,16:09:00,137401,1,-4.1440,-0.8966,0.0499,1.4679,2.4272,0,1.0000,-518,1,1.3791,-2.5640,-43.6193,-7.9342,168.8250,0.000,0.000,0.794,106.9191,-165.9516,69
2026-04-24,16:09:00,137403,1,-4.1440,-1.0003,0.0556,1.6339,2.4361,0,1.0000,-518,1,1.3473,-1.5287,-43.2595,-1.2514,168.8211,0.000,0.000,0.790,107.1255,-165.0889,69
2026-04-24,16:09:00,137404,1,-4.1440,-1.0775,0.0418,1.2300,2.4454,0,1.0000,-518,1,0.9542,-6.2786,-43.4218,-2.3224,168.8374,0.000,0.000,0.787,107.0181,-164.3782,69
2026-04-24,16:09:00,137404,1,-4.1440,-1.2544,0.0645,1.8960,2.4544,0,1.0000,-518,1,0.9508,-2.2383,-43.0262,2.2624,168.7897,0.000,0.000,0.785,107.0394,-163.5309,69
2026-04-24,16:09:00,137405,1,-4.1440,-1.2607,0.0488,1.4346,2.4632,0,1.0000,-518,1,0.7473,-5.0526,-42.2949,8.1049,168.8351,0.000,0.000,0.782,106.8512,-162.8287,69
2026-04-24,16:09:00,137406,1,-4.1360,-1.4002,0.0472,1.3875,2.4730,0,1.0000,-517,1,0.7374,-1.9856,-41.9240,9.0471,168.8086,0.000,0.000,0.780,106.5139,-161.8338,69
2026-04-24,16:09:00,137408,1,-4.1360,-1.1759,0.0760,2.2354,2.4828,0,1.0000,-517,1,0.4556,-5.1277,-42.0371,4.9882,168.8095,0.000,0.000,0.778,106.3159,-160.8810,69
2026-04-24,16:09:00,137409,1,-4.1360,-0.9093,0.0516,1.5183,2.4898,0,1.0000,-518,1,0.4526,-2.9853,-42.1457,2.4600,168.7960,0.000,0.000,0.775,106.0767,-160.7729,69
2026-04-24,16:09:00,137410,1,-4.1440,-1.2797,0.0511,1.5022,2.4976,0,1.0000,-518,1,0.1848,-5.2336,-42.0164,2.8147,168.8140,0.000,0.000,0.773,105.3571,-159.8372,69
2026-04-24,16:09:00,137410,1,-4.1440,-1.2610,0.0364,1.0701,2.5067,0,1.0000,-518,1,0.0383,-5.3889,-41.6660,5.4823,168.7667,0.000,0.000,0.770,104.9521,-158.9248,69
2026-04-24,16:09:00,137411,1,-4.1440,-1.0035,0.0629,1.8501,2.5175,0,1.0000,-518,1,-0.1642,-3.7490,-41.1686,7.8286,168.7999,0.064,0.000,0.767,105.7147,-159.5993,69
2026-04-24,16:09:00,137411,1,-4.1360,-0.9596,0.0505,1.4861,2.5196,0,1.0000,-517,1,-0.3511,-3.8274,-41.0092,7.3049,168.7991,0.056,0.000,0.766,105.1337,-158.6692,69
2026-04-24,16:09:00,137413,1,-4.1440,-1.2074,0.0471,1.3843,2.5342,0,1.0000,-518,1,-0.3247,-1.6897,-40.8369,6.8500,168.7829,0.040,0.000,0.765,104.9928,-157.9731,69
2026-04-24,16:09:00,137434,1,-4.1440,-1.5188,0.0546,1.6073,2.5490,0,1.0000,-518,1,-0.5601,6.2375,-41.5127,-17.9344,168.9191,0.056,0.000,0.762,105.8597,-158.7066,69
2026-04-24,16:09:00,137470,1,-4.1440,-1.3171,0.0800,2.3515,2.5602,0,1.0000,-518,1,-0.8882,-15.3471,-46.5559,-117.0665,168.7356,0.048,0.000,0.758,105.9137,-158.7090,69
2026-04-24,16:09:00,137506,1,-4.1440,-1.0501,0.0406,1.1944,2.5679,0,1.0000,-518,1,-1.0588,-15.3957,-53.2613,-172.8769,168.7508,0.112,0.000,0.755,105.5100,-159.0205,69
2026-04-24,16:09:00,137542,1,-4.1360,-1.1586,0.0519,1.5251,2.5770,0,1.0000,-517,1,-0.7822,10.2659,-53.5048,-63.4928,168.8565,0.128,0.000,0.752,104.5494,-158.1202,69
2026-04-24,16:09:00,137578,1,-4.1360,-1.3129,0.0567,1.6671,2.5864,0,1.0000,-517,1,-1.2672,-10.1677,-45.9145,157.2114,168.7610,0.096,0.000,0.749,104.3251,-157.0169,69
2026-04-24,16:09:00,137614,1,-4.1360,-1.0109,0.0428,1.2584,2.5948,0,1.0000,-517,1,-1.0557,-1.3579,-44.6684,58.7615,168.7720,0.064,0.000,0.746,104.9366,-156.8704,69
2026-04-24,16:09:00,137651,1,-4.1440,-1.0671,0.0592,1.7424,2.6032,0,1.0000,-518,1,-1.4288,-0.4283,-47.4520,-33.1608,168.8354,0.104,0.000,0.742,104.8339,-154.8255,69
2026-04-24,16:09:00,137686,1,-4.1440,-1.0057,0.0377,1.1083,2.6113,0,1.0000,-518,1,-1.4878,-10.0585,-55.2497,-185.2542,168.6936,0.072,0.000,0.739,104.8240,-152.8847,69
2026-04-24,16:09:00,137722,1,-4.1440,-0.9225,0.0588,1.7297,2.6193,0,1.0000,-518,1,-1.3764,8.3009,-66.0212,-273.4739,168.7675,0.088,0.000,0.736,105.1449,-151.2089,69
2026-04-24,16:09:00,137758,1,-4.1440,-0.8737,0.0324,0.9539,2.6263,0,1.0000,-518,1,-1.7300,-12.6959,-69.6183,-168.9080,168.7127,0.056,0.000,0.733,104.9644,-149.2186,69
2026-04-24,16:09:00,137795,1,-4.1440,-0.8569,0.0547,1.6082,2.6335,0,1.0000,-518,1,-1.4364,6.0755,-70.4085,-62.0350,168.7195,0.048,0.000,0.730,104.7648,-147.7696,69
2026-04-24,16:09:00,138283,1,-4.1360,-0.8515,0.0355,1.0444,2.6420,0,1.0000,-517,1,-1.4745,2.0301,-69.5826,-29.3352,168.7614,0.016,0.000,0.726,104.7614,-146.7803,69
2026-04-24,16:09:00,138284,1,-4.1360,-0.8030,0.0595,1.7506,2.6485,0,1.0000,-517,1,-1.5457,-0.3532,-69.4128,-18.4611,168.7319,0.000,0.000,0.724,104.7333,-146.0065,69
2026-04-24,16:09:00,138285,1,-4.1360,-0.7513,0.0440,1.2936,2.6543,0,1.0000,-517,1,-1.5722,-0.3756,-68.7554,-6.0195,168.7591,0.000,0.000,0.722,104.4568,-145.0173,69
2026-04-24,16:09:00,138286,1,-4.1360,-1.0052,0.0515,1.5137,2.6625,0,1.0000,-517,1,-1.6424,-1.4730,-67.1714,11.3003,168.7359,0.000,0.000,0.718,103.9768,-142.9745,69
2026-04-24,16:09:00,138286,1,-4.1360,-0.9586,0.0489,1.4368,2.6698,0,1.0000,-517,1,-1.6983,-1.6332,-65.8308,20.4592,168.7286,0.000,0.000,0.716,103.8559,-141.8766,69
2026-04-24,16:09:00,138287,1,-4.1360,-0.8100,0.0513,1.5088,2.6779,0,1.0000,-517,1,-1.7400,-0.9903,-63.6138,33.6020,168.7407,0.000,0.000,0.713,103.5410,-140.1533,69
2026-04-24,16:09:00,138288,1,-4.1440,-0.9042,0.0400,1.1757,2.6855,0,1.0000,-518,1,-1.8302,-1.6751,-61.5290,40.0297,168.7348,0.000,0.000,0.710,102.6842,-137.8652,69
2026-04-24,16:09:00,138289,1,-4.1440,-0.7850,0.0494,1.4517,2.6919,0,1.0000,-518,1,-1.8367,-0.8557,-60.0908,41.1777,168.7100,0.000,0.000,0.707,102.4256,-137.7191,69
2026-04-24,16:09:00,138290,1,-4.1360,-0.2026,0.0413,1.2139,2.6943,0,1.0000,-517,1,-1.9060,-1.8503,-58.7350,41.6174,168.7201,0.000,0.000,0.705,101.5465,-135.2033,69
2026-04-24,16:09:00,138291,1,-4.1360,-0.5778,0.0397,1.1672,2.6972,0,1.0000,-517,1,-1.9266,-0.8084,-57.2543,41.7488,168.7203,0.000,0.000,0.702,100.7099,-131.7911,69
2026-04-24,16:09:00,138291,1,-4.1360,-0.6430,0.0266,0.7818,2.7019,0,1.0000,-517,1,-2.3402,-8.9523,-55.9079,41.1753,168.6990,0.000,0.000,0.700,100.2043,-129.4241,69
2026-04-24,16:09:00,138292,1,-4.1360,-0.6271,0.0384,1.1291,2.7032,0,1.0000,-517,1,-2.4369,-6.9528,-55.0363,37.0317,168.6932,0.000,0.000,0.698,99.8509,-129.9090,69
2026-04-24,16:09:00,138293,1,-4.1360,-0.6047,0.0367,1.0789,2.7123,0,1.0000,-517,1,-2.6201,-2.7094,-53.4484,42.1524,168.7144,0.000,0.000,0.696,99.3544,-132.6284,69
2026-04-24,16:09:01,138334,1,-4.1360,-0.6681,0.0223,0.6549,2.7188,0,1.0000,-517,1,-2.6384,-6.0499,-51.5561,50.5505,168.6771,0.000,0.000,0.692,98.8088,-136.3319,69
2026-04-24,16:09:01,138367,1,-4.1440,-0.3559,0.0405,1.1904,2.7224,0,1.0000,-518,1,-2.5881,-1.0851,-49.1336,76.1351,168.6646,0.000,0.000,0.689,98.7107,-139.2116,69
2026-04-24,16:09:01,138400,1,-4.1440,-0.6020,0.0328,0.9641,2.7259,0,1.0000,-518,1,-2.3696,10.4585,-47.4727,53.0691,168.6989,0.000,0.000,0.686,99.0175,-146.7827,69
2026-04-24,16:09:01,138433,1,-4.1440,-0.6612,0.0189,0.5546,2.7311,0,1.0000,-518,1,-2.2512,-1.2832,-46.8557,30.4480,168.6235,0.000,0.000,0.682,99.3014,-153.2544,69
2026-04-24,16:09:01,138466,1,-4.1440,-0.2552,0.0524,1.5404,2.7354,0,1.0000,-518,1,-2.2573,5.1778,-45.3706,44.1644,168.5545,0.000,0.000,0.679,99.4242,-157.0489,69
2026-04-24,16:09:01,138507,1,-4.1440,-0.2861,0.0252,0.7416,2.7370,0,1.0000,-518,1,-1.8377,18.7712,-43.9357,36.6654,168.6101,0.000,0.000,0.675,99.1671,-161.1678,69
2026-04-24,16:09:01,138548,1,-4.1360,-0.4201,0.0420,1.2341,2.7410,0,1.0000,-517,1,-1.6212,-6.1252,-40.7931,76.7759,168.5423,0.000,0.000,0.671,98.7077,-163.1707,69
2026-04-24,16:09:01,138580,1,-4.1360,-0.5963,0.0403,1.1850,2.7446,0,1.0000,-517,1,-1.5787,13.3150,-41.7857,1.3127,168.6299,0.000,0.000,0.668,98.8107,-164.6612,69
2026-04-24,16:09:01,138613,1,-4.1360,-0.5185,0.0077,0.2266,2.7486,0,1.0000,-517,1,-1.2437,-2.5600,-43.5153,-48.3080,168.5858,0.000,0.000,0.665,99.0545,-165.6590,69
2026-04-24,16:09:01,138646,1,-4.1360,-0.1676,0.0578,1.7009,2.7516,0,1.0000,-517,1,-1.1503,5.7530,-45.4374,-49.1261,168.5921,0.000,0.000,0.662,99.1304,-165.9245,69
2026-04-24,16:09:01,138686,1,-4.1360,-0.1707,0.0238,0.7009,2.7523,0,1.0000,-517,1,-0.7987,12.9009,-42.4814,50.0086,168.6596,0.000,0.000,0.658,98.9123,-165.0923,69
2026-04-24,16:09:01,138719,1,-4.1360,-0.4215,0.0505,1.4845,2.7549,0,1.0000,-517,1,-0.7356,3.1876,-42.8065,1.0466,168.5995,0.000,0.000,0.654,98.3776,-163.5634,69
2026-04-24,16:09:01,139198,1,-4.1440,-0.2839,0.0468,1.3778,2.7574,0,1.0000,-518,1,-0.7508,1.2917,-44.5801,-22.2971,168.5890,0.000,0.000,0.651,98.3759,-163.4199,69
2026-04-24,16:09:01,139199,1,-4.1440,-0.3954,0.0283,0.8336,2.7608,0,1.0000,-518,1,-0.7017,-0.3136,-45.4615,-22.0402,168.6006,0.000,0.000,0.648,98.5742,-164.6328,69
2026-04-24,16:09:01,139201,1,-4.1440,-0.6297,0.0341,1.0026,2.7650,0,1.0000,-518,1,-0.7151,0.3117,-46.9194,-28.2169,168.5701,0.000,0.000,0.646,98.4757,-165.1178,69
2026-04-24,16:09:01,139201,1,-4.1440,-0.6333,0.0403,1.1856,2.7692,0,1.0000,-518,1,-0.6849,0.6876,-48.8037,-36.3958,168.5797,0.000,0.000,0.643,98.5097,-166.2444,69
2026-04-24,16:09:01,139202,1,-4.1440,-0.7937,0.0382,1.1227,2.7740,0,1.0000,-518,1,-0.6282,1.1115,-49.4464,-30.7173,168.5565,0.000,0.000,0.641,98.6064,-167.2451,69
2026-04-24,16:09:01,139202,1,-4.1440,-0.7181,0.0226,0.6658,2.7804,0,1.0000,-518,1,-0.6937,-1.4918,-49.7699,-21.4797,168.5825,0.000,0.000,0.638,99.0587,-172.7897,69
2026-04-24,16:09:01,139203,1,-4.1440,-0.3495,0.0364,1.0717,2.7849,0,1.0000,-518,1,-0.5301,0.4693,-48.5630,-1.0921,168.5844,0.000,0.000,0.634,99.3209,-174.8790,69
2026-04-24,16:09:01,139204,1,-4.1440,-0.6337,0.0386,1.1345,2.7898,0,1.0000,-518,1,-0.3138,5.0889,-48.4217,-0.3307,168.5783,0.000,0.000,0.631,99.0456,-173.8789,69
2026-04-24,16:09:01,139205,1,-4.1360,-0.7977,0.0221,0.6496,2.7964,0,1.0000,-517,1,-0.5408,-2.5351,-49.8115,-15.4939,168.5911,0.000,0.000,0.628,98.7796,-170.9735,69
2026-04-24,16:09:01,139205,1,-4.1360,-0.4170,0.0553,1.6278,2.7999,0,1.0000,-517,1,-0.2364,3.6709,-51.0728,-22.3812,168.5446,0.000,0.000,0.626,98.8915,-169.1230,69
2026-04-24,16:09:01,139206,1,-4.1360,-0.3873,0.0277,0.8144,2.8022,0,1.0000,-517,1,-0.4621,-0.8071,-51.8439,-20.4039,168.5792,0.000,0.000,0.623,98.5682,-167.6193,69
2026-04-24,16:09:01,139207,1,-4.1360,-0.5627,0.0306,0.8998,2.8114,0,1.0000,-517,1,-0.2602,11.7028,-52.9829,-25.8376,168.5911,0.000,0.000,0.621,98.3659,-167.9257,69
2026-04-24,16:09:01,139247,1,-4.1360,-0.6849,0.0398,1.1692,2.8173,0,1.0000,-517,1,-0.1798,-16.3170,-55.2886,-51.2396,168.6003,0.000,0.000,0.617,98.7342,-168.3776,69
2026-04-24,16:09:01,139281,1,-4.1440,-0.8980,0.0347,1.0210,2.8230,0,1.0000,-518,1,0.1273,17.1949,-55.8652,-35.7157,168.5390,0.000,0.000,0.614,98.9359,-167.7034,69
2026-04-24,16:09:02,139314,1,-4.1440,-0.7797,0.0556,1.6341,2.8290,0,1.0000,-518,1,0.1568,-0.9805,-57.3784,-58.6986,168.5426,0.000,0.000,0.610,99.3847,-167.7953,69
2026-04-24,16:09:02,139346,1,-4.1440,-0.2485,0.0403,1.1847,2.8313,0,1.0000,-518,1,0.1307,-0.4789,-57.0126,7.7371,168.4692,0.000,0.000,0.607,99.4453,-168.2585,69
2026-04-24,16:09:02,139380,1,-4.1440,-0.6350,0.0426,1.2531,2.8348,0,1.0000,-518,1,0.4759,11.5683,-57.6030,-21.0333,168.5899,0.000,0.000,0.604,98.8263,-165.9202,69
2026-04-24,16:09:02,139413,1,-4.1360,-0.7502,0.0215,0.6315,2.8396,0,1.0000,-517,1,0.0233,-17.4225,-57.5447,-10.9010,168.5224,0.000,0.000,0.601,98.2092,-163.5432,69
2026-04-24,16:09:02,139450,1,-4.1360,-0.3636,0.0461,1.3549,2.8436,0,1.0000,-517,1,0.3679,1.9586,-59.1346,-15.7108,168.4791,0.000,0.000,0.598,98.3531,-161.4176,69
2026-04-24,16:09:02,139483,1,-4.1360,-0.5650,0.0388,1.1401,2.8473,0,1.0000,-517,1,0.4081,6.7433,-55.6847,64.5717,168.5727,0.000,0.000,0.594,98.4703,-158.4373,69
2026-04-24,16:09:02,139523,1,-4.1360,-0.8690,0.0362,1.0658,2.8541,0,1.0000,-517,1,0.2613,-7.6100,-51.2573,97.2524,168.4848,0.000,0.000,0.590,98.1506,-154.0897,69
2026-04-24,16:09:02,139556,1,-4.1360,-0.7566,0.0646,1.8998,2.8602,0,1.0000,-517,1,0.5214,20.9971,-50.0662,59.7906,168.5328,0.000,0.000,0.587,98.0248,-152.9328,69
2026-04-24,16:09:02,139591,1,-4.1360,-0.5088,0.0465,1.3686,2.8635,0,1.0000,-517,1,0.2901,-8.7735,-48.6105,49.2818,168.4984,0.000,0.000,0.584,98.1705,-153.1276,69
2026-04-24,16:09:02,139624,1,-4.1360,-0.6738,0.0336,0.9887,2.8680,0,1.0000,-517,1,0.7437,14.5212,-49.0459,15.3347,168.5446,0.000,0.000,0.581,98.0900,-152.8322,69
2026-04-24,16:09:02,139658,1,-4.1360,-0.7164,0.0401,1.1803,2.8735,0,1.0000,-517,1,0.3038,-8.8762,-50.4418,-22.6514,168.5100,0.000,0.000,0.578,97.6606,-151.0836,69
2026-04-24,16:09:02,140139,1,-4.1360,-0.5586,0.0516,1.5186,2.8771,0,1.0000,-517,1,0.4524,0.1782,-50.2962,-11.5535,168.5216,0.000,0.000,0.575,97.6697,-150.4840,69
2026-04-24,16:09:02,140141,1,-4.1360,-0.6914,0.0404,1.1896,2.8829,0,1.0000,-517,1,0.4080,-0.5341,-50.1450,-6.0195,168.5541,0.000,0.000,0.572,97.8694,-150.0499,69
2026-04-24,16:09:02,140142,1,-4.1360,-0.9328,0.0400,1.1765,2.8897,0,1.0000,-517,1,0.3315,-0.6341,-50.1620,-3.8195,168.5213,0.000,0.000,0.569,97.7578,-148.4451,69
2026-04-24,16:09:02,140143,1,-4.1360,-0.4592,0.0506,1.4886,2.8937,0,1.0000,-517,1,0.4206,1.0790,-49.4382,5.1796,168.5316,0.000,0.000,0.566,97.7082,-147.1815,69
2026-04-24,16:09:02,140143,1,-4.1360,-0.5869,0.0395,1.1627,2.8971,0,1.0000,-517,1,0.4626,0.7667,-49.0890,6.8654,168.5631,0.000,0.000,0.563,97.6731,-145.7598,69
2026-04-24,16:09:02,140144,1,-4.1280,-0.7847,0.0273,0.8022,2.9031,0,1.0000,-516,1,0.1959,-3.7422,-48.1717,13.8598,168.5569,0.000,0.000,0.560,97.1302,-141.0500,69
2026-04-24,16:09:02,140145,1,-4.1280,-0.4329,0.0453,1.3329,2.9079,0,1.0000,-516,1,0.4098,0.8570,-47.4571,15.0385,168.5300,0.000,0.000,0.557,97.2723,-139.8922,69
2026-04-24,16:09:02,140146,1,-4.1280,-0.7703,0.0420,1.2343,2.9128,0,1.0000,-516,1,0.5123,3.0715,-47.2314,11.0433,168.5633,0.000,0.000,0.554,97.1699,-137.4460,69
2026-04-24,16:09:02,140147,1,-4.1360,-0.8053,0.0381,1.1220,2.9186,0,1.0000,-517,1,0.1852,-4.3184,-47.2996,5.8754,168.5246,0.000,0.000,0.550,96.7742,-135.5084,69
2026-04-24,16:09:02,140148,1,-4.1360,-0.3517,0.0459,1.3505,2.9226,0,1.0000,-517,1,0.4916,2.9192,-47.1016,5.8853,168.5181,0.000,0.000,0.547,96.8156,-137.1282,69
2026-04-24,16:09:02,140149,1,-4.1360,-0.4747,0.0350,1.0282,2.9256,0,1.0000,-517,1,0.3620,0.5635,-47.2640,3.2480,168.5679,0.000,0.000,0.545,96.3294,-134.7756,69
2026-04-24,16:09:02,140150,1,-4.1360,-0.8340,0.0305,0.8983,2.9361,0,1.0000,-517,1,0.5228,10.2759,-47.5569,-3.1220,168.5342,0.000,0.000,0.542,96.6955,-136.0751,69
2026-04-24,16:09:02,140182,1,-4.1360,-0.5350,0.0410,1.2071,2.9412,0,1.0000,-517,1,0.2344,-14.9696,-48.4154,-18.7185,168.5581,0.000,0.000,0.539,96.9454,-137.1355,69
2026-04-24,16:09:02,140215,1,-4.1360,-0.6049,0.0140,0.4109,2.9453,0,1.0000,-517,1,0.4903,2.9529,-49.9989,-49.1452,168.5169,0.000,0.000,0.536,97.0449,-136.6381,69
2026-04-24,16:09:02,140248,1,-4.1360,-0.0181,0.0386,1.1355,2.9481,0,1.0000,-517,1,0.7107,-0.1486,-52.1224,-57.5537,168.4731,0.000,0.000,0.533,96.7739,-135.4751,69
2026-04-24,16:09:02,140289,1,-4.1360,-0.2419,0.0163,0.4787,2.9488,0,1.0000,-517,1,0.6706,17.2725,-54.9224,-68.3822,168.5444,0.000,0.000,0.529,96.3144,-133.3743,69
2026-04-24,16:09:03,140330,1,-4.1360,-0.1407,0.0247,0.7254,2.9504,0,1.0000,-517,1,0.2196,-28.1979,-62.6779,-180.3700,168.4832,0.000,0.000,0.525,95.0976,-127.3545,69
2026-04-24,16:09:03,140364,1,-4.1360,-0.4474,0.0354,1.0421,2.9531,0,1.0000,-517,1,0.6911,24.9968,-66.1708,-120.1950,168.5245,0.000,0.000,0.522,94.8615,-125.7988,69
2026-04-24,16:09:03,140397,1,-4.1360,-0.5541,0.0242,0.7116,2.9566,0,1.0000,-517,1,0.3845,-15.0834,-66.2632,-55.8335,168.4504,0.000,0.000,0.518,95.2206,-128.7484,69
2026-04-24,16:09:03,140438,1,-4.1360,-0.3406,0.0186,0.5466,2.9610,0,1.0000,-517,1,0.8565,11.9280,-64.3396,39.8081,168.4257,0.000,0.000,0.514,95.7688,-133.9945,69
2026-04-24,16:09:03,140471,1,-4.1360,-0.1836,0.0332,0.9779,2.9633,0,1.0000,-517,1,0.7868,8.9332,-63.0402,36.3533,168.5296,0.000,0.000,0.511,96.4986,-140.7523,69
2026-04-24,16:09:03,140504,1,-4.1360,-0.1488,0.0247,0.7253,2.9640,0,1.0000,-517,1,0.6611,-5.9566,-61.8371,41.9282,168.4482,0.000,0.000,0.508,96.3063,-143.2457,69
2026-04-24,16:09:03,140545,1,-4.1360,-0.2904,0.0154,0.4532,2.9666,0,1.0000,-517,1,0.8492,0.2947,-57.2531,101.9979,168.5499,0.000,0.000,0.504,96.2793,-146.0929,69
2026-04-24,16:09:03,140585,1,-4.1360,-0.1542,0.0372,1.0948,2.9690,0,1.0000,-517,1,0.9858,6.4512,-55.7617,46.1722,168.4477,0.000,0.000,0.500,96.5584,-149.9905,69
2026-04-24,16:09:03,140618,1,-4.1440,-0.3184,0.0308,0.9057,2.9709,0,1.0000,-518,1,1.0682,8.5897,-55.3026,32.1750,168.4729,0.000,0.000,0.497,97.5922,-154.0388,69
2026-04-24,16:09:04,141519,1,-4.1440,-0.5174,0.0281,0.8256,2.9739,0,1.0000,-518,1,0.9832,0.8521,-54.0603,36.3338,168.4952,0.000,0.000,0.494,98.0803,-155.4474,69
2026-04-24,16:09:04,141520,1,-4.1440,-0.4889,0.0268,0.7895,2.9785,0,1.0000,-518,1,1.0520,2.7702,-53.8670,23.0761,168.4807,0.000,0.000,0.491,98.5349,-158.2076,69
2026-04-24,16:09:04,141521,1,-4.1360,-0.2662,0.0155,0.4544,2.9803,0,1.0000,-517,1,1.0292,0.4879,-55.4505,-3.4386,168.4849,0.000,0.000,0.488,98.6438,-158.8829,69
2026-04-24,16:09:04,141522,1,-4.1360,-0.1467,0.0377,1.1096,2.9817,0,1.0000,-517,1,1.1170,0.3138,-57.2240,-19.8693,168.4875,0.000,0.000,0.486,98.6837,-159.6167,69
2026-04-24,16:09:04,141523,1,-4.1360,-0.1827,0.0321,0.9428,2.9827,0,1.0000,-517,1,1.0083,-0.6761,-58.6730,-26.7114,168.5309,0.000,0.000,0.483,98.2865,-158.2339,69
2026-04-24,16:09:04,141523,1,-4.1360,-0.1969,0.0073,0.2139,2.9841,0,1.0000,-517,1,0.8885,-3.8512,-59.5603,-26.6741,168.4959,0.000,0.000,0.481,97.5457,-154.6564,69
2026-04-24,16:09:04,141524,1,-4.1360,-0.0815,0.0282,0.8289,2.9858,0,1.0000,-517,1,0.7896,-2.4146,-61.1262,-32.7427,168.5185,0.000,0.000,0.478,97.0244,-151.3490,69
2026-04-24,16:09:04,141524,1,-4.1360,-0.0445,0.0141,0.4150,2.9860,0,1.0000,-517,1,0.6929,-2.5343,-63.5040,-45.5243,168.4960,0.000,0.000,0.476,96.1622,-143.9504,69
2026-04-24,16:09:04,141525,1,-4.1360,-0.1427,0.0271,0.7984,2.9872,0,1.0000,-517,1,0.6477,-2.4579,-66.6368,-60.7270,168.5102,0.000,0.000,0.474,95.4020,-136.1427,69
2026-04-24,16:09:04,141526,1,-4.1360,-0.1203,0.0175,0.5143,2.9875,0,1.0000,-517,1,0.1727,-6.9674,-71.3460,-82.1385,168.5360,0.000,0.000,0.470,94.2281,-123.6326,69
2026-04-24,16:09:04,141527,1,-0.1366,-0.0694,0.0157,0.4604,2.9884,0,1.0000,-517,0,0.2777,-1.2894,-74.0460,-81.6753,168.4823,0.000,0.000,0.468,93.3448,-115.5080,69
2026-04-24,16:09:04,141527,1,0.0000,-0.0101,0.0110,0.3233,2.9884,0,1.0000,-517,0,0.3174,-0.7513,-74.6169,-73.3634,168.5030,0.000,0.000,0.467,92.4845,-108.0786,69
2026-04-24,16:09:04,141528,1,0.0000,0.0015,0.0108,0.3166,2.9886,0,1.0000,-517,0,0.4655,2.6502,-76.0073,-61.9079,168.4904,0.000,0.000,0.465,90.0839,-90.5641,69
2026-04-24,16:09:04,141529,1,0.0000,0.0137,0.0125,0.3687,2.9886,0,1.0000,-517,0,0.6393,3.9879,-76.3331,-45.2675,168.4801,0.000,0.000,0.462,89.6302,-87.4906,69
2026-04-24,16:09:04,141530,1,0.0000,-0.0068,0.0100,0.2947,2.9886,0,1.0000,-517,0,0.6790,2.5081,-75.9116,-26.5844,168.4801,0.000,0.000,0.460,89.4422,-86.1809,69
2026-04-24,16:09:04,141531,1,0.0000,-0.0031,0.0111,0.3266,2.9886,0,1.0000,-517,0,0.8245,2.8104,-74.9664,-7.1263,168.4501,0.000,0.000,0.457,89.4422,-86.1809,69
2026-04-24,16:09:04,141532,1,0.0000,-0.0023,0.0119,0.3502,2.9886,0,1.0000,-517,0,1.0166,4.2389,-73.7315,7.1102,168.4751,0.000,0.000,0.454,89.4422,-86.1809,69
2026-04-24,16:09:04,141532,1,0.0000,-0.0086,0.0132,0.3890,2.9886,0,1.0000,-517,0,1.1544,3.4490,-72.1477,18.9810,168.4761,0.000,0.000,0.450,89.7323,-87.9348,68
2026-04-24,16:09:04,141533,1,0.0000,0.0021,0.0119,0.3502,2.9886,0,1.0000,-517,0,1.3062,3.5081,-70.7235,24.5964,168.4697,0.000,0.000,0.447,89.9382,-89.5177,68
2026-04-24,16:09:04,141533,1,0.0000,0.0103,0.0115,0.3369,2.9886,0,1.0000,-517,0,1.3582,2.4517,-69.6820,26.8452,168.4747,0.000,0.000,0.445,90.7462,-95.9446,68
2026-04-24,16:09:04,141534,1,0.0000,-0.0041,0.0129,0.3805,2.9886,0,1.0000,-517,0,1.4159,1.9978,-68.4882,29.4191,168.4904,0.000,0.000,0.442,90.7462,-95.9446,68
2026-04-24,16:09:04,141535,1,0.0000,-0.0053,0.0103,0.3031,2.9886,0,1.0000,-517,0,1.5113,2.5811,-67.6276,28.3267,168.4720,0.000,0.000,0.440,91.1542,-99.1110,68
2026-04-24,16:09:04,141536,1,0.0000,0.0101,0.0106,0.3132,2.9886,0,1.0000,-517,0,1.5467,1.9532,-67.1099,24.9948,168.4907,0.000,0.000,0.438,91.4738,-101.4993,68
2026-04-24,16:09:04,141536,1,0.0000,0.0011,0.0118,0.3469,2.9886,0,1.0000,-366,0,1.6109,2.0007,-66.4583,24.1367,168.4959,0.000,0.000,0.437,91.5248,-101.8289,68
2026-04-24,16:09:04,141555,1,-0.2880,-0.0056,0.0116,0.3401,2.9886,0,1.0000,-36,1,1.8040,5.5868,-64.6717,47.7923,168.4858,0.000,0.000,0.434,91.4299,-101.2295,68
2026-04-24,16:09:04,142025,1,-0.2880,0.0025,0.0106,0.3132,2.9886,0,1.0000,-36,1,1.8411,2.6255,-62.8767,51.0962,168.4899,0.000,0.000,0.431,91.4763,-101.7451,68
2026-04-24,16:09:04,142026,1,0.0000,0.0030,0.0126,0.3704,2.9886,0,1.0000,0,1,1.8896,1.7081,-61.4242,44.0054,168.4925,0.000,0.000,0.428,91.6146,-102.9209,68
2026-04-24,16:09:04,142027,1,0.0000,0.0053,0.0107,0.3149,2.9886,0,1.0000,0,1,1.9435,1.7567,-60.4861,39.1271,168.4861,0.000,0.000,0.426,91.8046,-104.4721,68
2026-04-24,16:09:04,142028,1,0.0000,0.0111,0.0101,0.2964,2.9886,0,1.0000,0,1,1.9824,1.3818,-59.5498,35.8308,168.4904,0.000,0.000,0.423,91.9297,-105.4677,68
2026-04-24,16:09:04,142029,1,0.0000,0.0086,0.0104,0.3048,2.9886,0,1.0000,0,1,2.0225,1.2580,-58.7352,32.2872,168.4685,0.000,0.000,0.421,91.9687,-105.7648,68
2026-04-24,16:09:04,142029,1,0.0000,0.0105,0.0125,0.3688,2.9886,0,1.0000,0,1,2.1743,2.8378,-57.6712,28.8859,168.4798,0.000,0.000,0.418,92.1880,-107.3865,68
2026-04-24,16:09:04,142030,1,0.0000,0.0203,0.0098,0.2895,2.9886,0,1.0000,0,1,2.2328,2.1499,-57.1135,25.0401,168.4822,0.000,0.000,0.415,92.3314,-108.2260,68
2026-04-24,16:09:04,142031,1,0.0000,-0.0037,0.0119,0.3502,2.9886,0,1.0000,0,1,2.1219,-1.1984,-56.6067,22.0269,168.4721,0.000,0.000,0.413,92.4103,-108.5696,68
2026-04-24,16:09:04,142031,1,0.0000,-0.0007,0.0109,0.3199,2.9886,0,1.0000,0,1,2.1165,-0.4166,-55.9810,20.8714,168.4713,0.000,0.000,0.410,92.4242,-108.4277,68
2026-04-24,16:09:04,142032,1,0.0000,-0.0049,0.0113,0.3334,2.9886,0,1.0000,0,1,2.1609,0.4738,-55.2357,21.2002,168.4733,0.000,0.000,0.408,92.4570,-108.2672,68
2026-04-24,16:09:04,142033,1,0.0000,-0.0003,0.0120,0.3536,2.9886,0,1.0000,0,1,2.1985,0.9700,-54.6121,20.2282,168.4805,0.000,0.000,0.406,92.4846,-108.1754,68
2026-04-24,16:09:04,142033,1,0.0000,0.0060,0.0116,0.3418,2.9886,0,1.0000,0,1,2.2637,1.0603,-54.3960,18.3301,168.4991,0.000,0.000,0.405,92.7277,-109.0888,68
2026-04-24,16:09:04,142034,1,0.0000,-0.0065,0.0116,0.3418,2.9886,0,1.0000,0,1,2.3036,0.4918,-53.6068,23.8800,168.4662,0.000,0.000,0.402,93.0349,-109.6032,68
2026-04-24,16:09:04,142075,1,0.0000,0.0003,0.0124,0.3637,2.9886,0,1.0000,0,1,2.4320,3.9992,-51.4313,46.1955,168.4762,0.000,0.000,0.398,93.1202,-107.8813,68
2026-04-24,16:09:04,142108,1,0.0000,-0.0006,0.0119,0.3502,2.9886,0,1.0000,0,1,2.5100,2.5877,-50.7381,29.0391,168.4695,0.000,0.000,0.395,94.0750,-111.0833,68
2026-04-24,16:09:04,142140,1,0.0000,-0.0004,0.0116,0.3401,2.9886,0,1.0000,0,1,2.5898,2.8036,-50.9351,6.1162,168.4787,0.000,0.000,0.392,94.4707,-112.1350,68
2026-04-24,16:09:04,142173,1,0.0000,-0.0056,0.0113,0.3317,2.9886,0,1.0000,0,1,2.6337,1.4795,-50.5083,10.4978,168.4577,0.000,0.000,0.389,94.8153,-112.5493,68
2026-04-24,16:09:04,142213,1,0.0000,-0.0037,0.0110,0.3250,2.9886,0,1.0000,0,0,2.7229,2.4078,-50.2079,6.3525,168.4501,0.000,0.000,0.385,94.8190,-111.9675,68
2026-04-24,16:09:04,142253,1,0.0000,0.0087,0.0117,0.3435,2.9886,0,1.0000,0,0,2.7192,0.0974,-50.3611,1.9269,168.4401,0.000,0.000,0.381,94.6763,-111.0983,68
2026-04-24,16:09:04,142293,1,0.0000,-0.0063,0.0119,0.3502,2.9886,0,1.0000,0,0,2.7607,0.3343,-50.7668,-6.5215,168.4443,0.000,0.000,0.377,94.5103,-110.3535,68
2026-04-24,16:09:05,142326,1,0.0000,-0.0023,0.0103,0.3031,2.9886,0,1.0000,0,0,2.7537,1.0728,-51.2411,-12.8514,168.4342,0.000,0.000,0.374,94.4372,-110.1966,68
2026-04-24,16:09:05,142366,1,0.0000,-0.0062,0.0110,0.3233,2.9886,0,1.0000,0,0,2.6584,-2.8877,-50.6187,7.9338,168.4325,0.000,0.000,0.370,94.3507,-110.1144,68
2026-04-24,16:09:05,142400,1,0.0000,-0.0009,0.0116,0.3418,2.9885,0,1.0000,0,0,2.5997,-1.0101,-50.9496,-4.9241,168.4242,0.000,0.000,0.366,94.4211,-110.7960,68
2026-04-24,16:09:05,142441,1,0.0000,0.0082,0.0100,0.2929,2.9885,0,1.0000,0,0,2.5763,0.4332,-50.9028,3.6997,168.4361,0.000,0.000,0.362,94.6372,-112.0360,68
2026-04-24,16:09:05,142473,1,0.0000,0.0096,0.0109,0.3215,2.9885,0,1.0000,0,0,2.6015,0.9633,-50.4724,10.7522,168.4197,0.000,0.000,0.359,94.7524,-112.5143,68
2026-04-24,16:09:05,142513,1,0.0000,0.0017,0.0083,0.2439,2.9885,0,1.0000,0,0,2.6249,1.1817,-50.5405,1.9787,168.4242,0.000,0.000,0.355,94.8405,-112.6037,68
2026-04-24,16:09:05,142974,1,0.0000,-0.0020,0.0116,0.3418,2.9885,0,1.0000,0,0,2.5786,-0.2034,-50.1479,6.5920,168.4303,0.000,0.000,0.353,94.8227,-112.3726,68
2026-04-24,16:09:05,142975,1,0.0000,0.0013,0.0097,0.2864,2.9885,0,1.0000,0,0,2.6489,1.2147,-49.6904,8.9829,168.4365,0.000,0.000,0.350,94.6455,-111.4596,68
2026-04-24,16:09:05,142976,1,0.0000,-0.0118,0.0116,0.3418,2.9885,0,1.0000,0,0,2.7696,2.5798,-49.1888,10.9512,168.4445,0.000,0.000,0.348,94.3512,-110.2863,68
2026-04-24,16:09:05,142976,1,0.0000,-0.0012,0.0097,0.2864,2.9885,0,1.0000,0,0,2.9191,3.1006,-48.4839,13.0373,168.4463,0.000,0.000,0.345,93.8463,-108.5036,68
2026-04-24,16:09:05,142977,1,0.0000,-0.0109,0.0106,0.3103,2.9885,0,1.0000,0,0,2.9546,1.3048,-47.5611,16.6900,168.4531,0.000,0.000,0.342,93.1840,-106.1129,68
2026-04-24,16:09:05,142978,1,0.0000,0.0083,0.0093,0.2724,2.9885,0,1.0000,0,0,2.6913,-4.2675,-46.2678,22.4471,168.4576,0.000,0.000,0.338,93.0128,-105.5027,68
2026-04-24,16:09:05,142978,1,0.0000,-0.0056,0.0093,0.2743,2.9885,0,1.0000,0,0,2.2953,-8.8348,-45.4720,22.9150,168.4601,0.000,0.000,0.336,93.0128,-105.5027,68
2026-04-24,16:09:05,142980,1,0.0000,-0.0040,0.0079,0.2311,2.9884,0,1.0000,0,0,1.7026,-12.6292,-44.7495,20.5291,168.4632,0.000,0.000,0.333,93.0128,-105.5027,68
2026-04-24,16:09:05,142981,1,0.0000,0.0031,0.0068,0.2005,2.9884,0,1.0000,0,0,1.0656,-16.2010,-44.1663,19.4481,168.4725,0.000,0.000,0.330,91.6356,-100.1953,68
2026-04-24,16:09:05,142981,1,0.0000,-0.0062,0.0080,0.2352,2.9884,0,1.0000,0,0,0.5099,-16.3991,-43.4486,20.2640,168.4706,0.000,0.000,0.328,91.2542,-98.6219,68
2026-04-24,16:09:05,142982,1,0.0000,-0.0053,0.0081,0.2394,2.9884,0,1.0000,0,0,-0.7051,-17.0702,-42.9573,19.0864,168.4716,0.000,0.000,0.326,90.8565,-96.4800,68
2026-04-24,16:09:05,142982,1,0.0000,-0.0048,0.0078,0.2291,2.9884,0,1.0000,0,0,-0.5840,-4.6358,-41.7954,23.5294,168.4731,0.000,0.000,0.324,90.5423,-94.2117,68
2026-04-24,16:09:05,143011,1,0.0000,-0.0034,0.0080,0.2351,2.9884,0,1.0000,0,0,0.8292,42.1761,-38.3770,79.0534,168.4639,0.000,0.000,0.321,89.4137,-85.5454,67
2026-04-24,16:09:05,143051,1,0.0000,0.0119,0.0073,0.2146,2.9884,0,1.0000,0,0,2.6111,48.7719,-34.4987,96.5634,168.4561,0.000,0.000,0.317,88.0102,-76.5499,67
2026-04-24,16:09:05,143091,1,0.0000,0.0129,0.0072,0.2129,2.9884,0,1.0000,0,0,4.1824,41.7793,-30.9383,96.1685,168.4569,0.000,0.000,0.313,88.3081,-78.4173,67
2026-04-24,16:09:05,143131,1,0.0000,0.0022,0.0079,0.2312,2.9884,0,1.0000,0,0,5.3944,31.2428,-27.3529,96.9895,168.4736,0.000,0.000,0.309,89.0660,-83.3643,67
2026-04-24,16:09:05,143164,1,0.0000,-0.0089,0.0066,0.1942,2.9884,0,1.0000,0,0,6.1416,25.8672,-25.1240,80.1621,168.4676,0.000,0.000,0.306,89.7014,-87.8300,67
,,143204,1,0.0000,-0.0122,0.0079,0.2334,2.9884,0,1.0000,0,0,6.9075,20.4145,-23.0275,62.4836,168.4695,0.000,0.000,0.302,90.3691,-92.7480,67
2026-04-24,16:09:05,143237,1,0.0000,-0.0047,0.0072,0.2107,2.9884,0,1.0000,0,0,7.4294,18.0464,-21.6184,51.4609,168.4716,0.000,0.000,0.298,90.6535,-94.9532,67
2026-04-24,16:09:05,143270,1,0.0000,0.0019,0.0070,0.2048,2.9884,0,1.0000,0,0,7.8892,15.8102,-20.7113,37.7873,168.4754,0.000,0.000,0.295,90.7487,-95.7963,67
2026-04-24,16:09:06,143311,1,0.0000,0.0065,0.0095,0.2804,2.9884,0,1.0000,0,0,8.3865,12.7476,-19.6231,31.4594,168.4605,0.000,0.000,0.291,90.5918,-94.6862,67
2026-04-24,16:09:06,143343,1,0.0000,0.0005,0.0074,0.2189,2.9884,0,1.0000,0,0,8.7307,11.3224,-18.6491,32.5549,168.4629,0.000,0.000,0.288,90.4713,-93.7827,67
2026-04-24,16:09:06,143383,1,0.0000,-0.0013,0.0075,0.2210,2.9884,0,1.0000,0,0,9.1055,10.1153,-17.6260,28.8293,168.4301,0.000,0.000,0.284,90.3331,-92.7463,67
2026-04-24,16:09:06,143424,1,0.0000,0.0001,0.0072,0.2107,2.9884,0,1.0000,0,0,9.3840,7.3533,-16.5409,28.6989,168.4397,0.000,0.000,0.280,90.3168,-92.6823,67
2026-04-24,16:09:06,143464,1,0.0000,-0.0155,0.0076,0.2231,2.9884,0,1.0000,0,0,9.6106,5.8872,-16.2060,10.8701,168.4338,0.000,0.000,0.276,90.7630,-96.7124,67
2026-04-24,16:09:06,143504,1,0.0000,0.0104,0.0084,0.2475,2.9884,0,1.0000,0,0,9.7877,4.8612,-16.5839,-4.9850,168.4349,0.000,0.000,0.272,91.2403,-101.1552,67
2026-04-24,16:09:06,143965,1,0.0000,0.0013,0.0063,0.1859,2.9884,0,1.0000,0,0,9.8467,2.9608,-16.6787,-4.2399,168.4346,0.000,0.000,0.270,91.5399,-103.9893,67
2026-04-24,16:09:06,143966,1,0.0000,-0.0007,0.0074,0.2167,2.9884,0,1.0000,0,0,9.8935,2.0900,-16.7885,-3.9443,168.4395,0.000,0.000,0.267,91.7128,-105.6026,67
2026-04-24,16:09:06,143967,1,0.0000,0.0048,0.0068,0.2005,2.9884,0,1.0000,0,0,9.9476,1.5523,-16.9692,-4.0221,168.4288,0.000,0.000,0.264,92.3700,-111.8618,67
2026-04-24,16:09:06,143968,1,0.0000,-0.0082,0.0091,0.2680,2.9884,0,1.0000,0,0,9.9902,1.3474,-17.0671,-3.6942,168.4300,0.000,0.000,0.262,92.8561,-116.4204,67
2026-04-24,16:09:06,143969,1,0.0000,-0.0042,0.0083,0.2454,2.9884,0,1.0000,0,0,9.9881,0.3483,-17.1429,-2.8892,168.4402,0.000,0.000,0.258,93.3681,-120.7119,67
2026-04-24,16:09:06,143970,1,0.0000,0.0031,0.0056,0.1659,2.9884,0,1.0000,0,0,9.9887,0.2750,-17.2653,-3.1349,168.4262,0.000,0.000,0.256,93.7778,-124.0600,67
2026-04-24,16:09:06,143970,1,0.0000,0.0005,0.0076,0.2227,2.9884,0,1.0000,0,0,10.0428,0.8608,-17.2569,-1.7762,168.4327,0.000,0.000,0.253,94.1048,-126.4939,67
2026-04-24,16:09:06,143971,1,0.0000,0.0008,0.0061,0.1805,2.9884,0,1.0000,0,0,10.0753,0.8894,-17.3128,-1.7837,168.4379,0.000,0.000,0.250,94.4208,-128.2066,67
2026-04-24,16:09:06,143971,1,0.0000,-0.0098,0.0074,0.2189,2.9884,0,1.0000,0,0,10.0858,0.5901,-17.4316,-2.3901,168.4358,0.000,0.000,0.248,94.7499,-129.6353,67
2026-04-24,16:09:06,143972,1,0.0000,-0.0076,0.0071,0.2086,2.9884,0,1.0000,0,0,10.1337,0.8959,-17.4854,-1.8938,168.4398,0.000,0.000,0.245,95.7063,-132.4653,67
2026-04-24,16:09:06,143973,1,0.0000,-0.0087,0.0070,0.2069,2.9884,0,1.0000,0,0,10.0779,0.1890,-17.4320,-1.2465,168.4428,0.000,0.000,0.243,97.0527,-134.8584,67
2026-04-24,16:09:06,143974,1,0.0000,-0.0025,0.0073,0.2150,2.9884,0,1.0000,0,0,10.0901,0.2815,-17.3481,-0.0635,168.4498,0.000,0.000,0.241,97.4870,-134.6086,67
2026-04-24,16:09:06,144002,1,0.0000,0.0009,0.0087,0.2556,2.9884,0,1.0000,0,0,10.2116,3.8555,-17.6953,-8.1270,168.4341,0.000,0.000,0.238,97.6558,-132.3508,67
2026-04-24,16:09:06,144038,1,0.0000,0.0003,0.0069,0.2043,2.9884,0,1.0000,0,0,10.3309,3.6500,-17.9505,-7.7268,168.4400,0.000,0.000,0.234,98.3737,-133.0577,67
2026-04-24,16:09:06,144074,1,0.0000,0.0096,0.0081,0.2372,2.9884,0,1.0000,0,0,10.4105,3.2268,-17.8099,1.1154,168.4399,0.000,0.000,0.231,99.6897,-135.9352,67
2026-04-24,16:09:06,144110,1,0.0000,-0.0002,0.0073,0.2146,2.9884,0,1.0000,0,0,10.4815,2.1347,-17.3934,9.0554,168.4514,0.000,0.000,0.228,100.2136,-137.1803,67
2026-04-24,16:09:06,144146,1,0.0000,-0.0003,0.0072,0.2107,2.9884,0,1.0000,0,0,10.5474,2.9328,-17.4828,0.2896,168.4385,0.000,0.000,0.225,100.4786,-138.2003,67
2026-04-24,16:09:06,144182,1,0.0000,-0.0004,0.0072,0.2107,2.9884,0,1.0000,0,0,10.6282,2.4227,-17.7877,-6.9454,168.4283,0.000,0.000,0.222,100.6052,-139.4933,67
2026-04-24,16:09:06,144218,1,0.0000,0.0059,0.0060,0.1778,2.9884,0,1.0000,0,0,10.6819,2.8349,-18.2750,-11.4574,168.4147,0.000,0.000,0.218,100.7928,-141.5780,67
2026-04-24,16:09:06,144253,1,0.0000,0.0006,0.0067,0.1983,2.9884,0,1.0000,0,0,10.7290,1.6127,-18.4513,-7.2298,168.4191,0.000,0.000,0.215,101.1539,-144.2384,67
2026-04-24,16:09:06,144289,1,0.0000,0.0074,0.0064,0.1880,2.9884,0,1.0000,0,0,10.7838,1.8454,-18.3744,-0.5016,168.4170,0.000,0.000,0.212,101.6742,-147.1923,67
2026-04-24,16:09:07,144325,1,0.0000,-0.0057,0.0076,0.2232,2.9884,0,1.0000,0,0,10.8021,1.4256,-17.9044,9.2848,168.4253,0.000,0.000,0.209,102.1093,-149.1004,67
2026-04-24,16:09:07,144361,1,0.0000,-0.0012,0.0066,0.1945,2.9884,0,1.0000,0,0,10.8213,0.6464,-17.7288,6.3942,168.4174,0.000,0.000,0.206,102.5959,-151.9271,67
2026-04-24,16:09:07,144397,1,0.0000,0.0102,0.0074,0.2188,2.9884,0,1.0000,0,0,10.8547,1.6515,-17.7644,0.8069,168.4190,0.000,0.000,0.202,103.1271,-154.9475,67
2026-04-24,16:09:07,144433,1,0.0000,0.0015,0.0066,0.1940,2.9884,0,1.0000,0,0,10.8709,1.0863,-18.0606,-5.9574,168.4246,0.000,0.000,0.199,104.1657,-159.5613,67
2026-04-24,16:09:07,144469,1,0.0000,-0.0051,0.0078,0.2291,2.9884,0,1.0000,0,0,10.9036,1.4509,-18.3019,-6.0894,168.4281,0.000,0.000,0.196,105.6283,-166.6643,67
2026-04-24,16:09:08,145410,1,0.0000,0.0072,0.0072,0.2129,2.9884,0,1.0000,0,0,10.8596,-0.1395,-18.3034,-4.1596,168.4383,0.000,0.000,0.194,106.5122,-170.3439,67
2026-04-24,16:09:08,145411,1,0.0000,-0.0026,0.0074,0.2167,2.9884,0,1.0000,0,0,10.7613,-1.8639,-18.3014,-2.8286,168.4409,0.000,0.000,0.191,108.5247,179.7923,67
2026-04-24,16:09:08,145411,1,0.0000,0.0069,0.0070,0.2048,2.9884,0,1.0000,0,0,10.6741,-2.0222,-18.3138,-2.0492,168.4538,0.000,0.000,0.189,110.8022,177.9147,67
2026-04-24,16:09:08,145412,1,0.0000,0.0054,0.0076,0.2232,2.9884,0,1.0000,0,0,10.6774,-0.7696,-18.3459,-1.7112,168.4458,0.000,0.000,0.186,112.4936,178.4534,67
2026-04-24,16:09:08,145412,1,0.0000,0.0039,0.0072,0.2108,2.9884,0,1.0000,0,0,10.6581,-0.5841,-18.3119,-0.7066,168.4473,0.000,0.000,0.183,115.7305,-179.1096,67
2026-04-24,16:09:08,145413,1,0.0000,-0.0074,0.0066,0.1945,2.9884,0,1.0000,0,0,10.7020,0.5653,-18.1381,1.2234,168.4572,0.000,0.000,0.181,118.1496,-173.9796,67
2026-04-24,16:09:08,145414,1,0.0000,0.0070,0.0058,0.1696,2.9883,0,1.0000,0,0,10.7718,1.3064,-17.7856,4.1026,168.4564,0.000,0.000,0.178,122.1584,-165.1243,67
2026-04-24,16:09:08,145415,1,0.0000,0.0019,0.0080,0.2356,2.9884,0,1.0000,0,0,10.8192,1.1598,-17.6097,4.4241,168.4520,0.000,0.000,0.175,127.2359,-162.9003,67
2026-04-24,16:09:08,145416,1,0.0000,0.0010,0.0057,0.1675,2.9884,0,1.0000,0,0,10.8053,0.2369,-17.5189,3.8716,168.4570,0.000,0.000,0.173,129.5861,-161.3469,67
2026-04-24,16:09:08,145417,1,0.0000,-0.0003,0.0061,0.1799,2.9884,0,1.0000,0,0,10.6905,-1.8759,-17.3565,3.8328,168.4722,0.000,0.000,0.170,131.0646,-160.8320,67
2026-04-24,16:09:08,145418,1,0.0000,-0.0097,0.0070,0.2064,2.9884,0,1.0000,0,0,10.6806,-0.8391,-17.2369,3.8268,168.4579,0.000,0.000,0.167,130.0583,-161.8489,67
2026-04-24,16:09:08,145418,1,0.0000,-0.0042,0.0074,0.2167,2.9884,0,1.0000,0,0,10.6444,-0.8067,-17.1629,3.5416,168.4596,0.000,0.000,0.166,127.2771,-164.4415,67
2026-04-24,16:09:08,145419,1,0.0000,-0.0066,0.0069,0.2027,2.9884,0,1.0000,0,0,10.8065,2.3792,-17.0211,3.6930,168.4608,0.000,0.000,0.164,124.8615,-164.9959,67
2026-04-24,16:09:08,145421,1,0.0000,0.0016,0.0079,0.2313,2.9883,0,1.0000,0,0,10.9061,2.0635,-16.9599,2.7657,168.4446,0.000,0.000,0.161,121.5283,-164.8716,67
2026-04-24,16:09:08,145422,1,0.0000,0.0080,0.0077,0.2254,2.9883,0,1.0000,0,0,10.9505,1.8146,-16.9332,2.1000,168.4685,0.000,0.000,0.158,119.3415,-166.7907,67
2026-04-24,16:09:08,145423,1,0.0000,0.0087,0.0066,0.1938,2.9883,0,1.0000,0,0,11.0335,2.1992,-16.9908,0.8578,168.4558,0.000,0.000,0.156,115.7620,-167.1743,67
2026-04-24,16:09:08,145423,1,0.0000,-0.0034,0.0057,0.1674,2.9883,0,1.0000,0,0,11.1076,2.3487,-17.0266,0.2290,168.4768,0.000,0.000,0.154,112.6479,-167.5015,67
2026-04-24,16:09:08,145424,1,0.0000,-0.0051,0.0073,0.2151,2.9883,0,1.0000,0,0,11.1685,1.7491,-17.1015,-0.6098,168.4730,0.000,0.000,0.150,107.8858,-164.5594,67
2026-04-24,16:09:08,145425,1,0.0000,-0.0015,0.0069,0.2027,2.9883,0,1.0000,0,0,11.2611,1.8348,-17.1542,-0.8293,168.4626,0.000,0.000,0.147,101.5734,-152.1535,67
2026-04-24,16:09:08,145426,1,0.0000,-0.0040,0.0066,0.1946,2.9883,0,1.0000,0,0,11.3239,1.9613,-17.1747,-0.7392,168.4617,0.000,0.000,0.145,97.5707,-135.3098,67
2026-04-24,16:09:08,145427,1,0.0000,-0.0026,0.0065,0.1902,2.9883,0,1.0000,0,0,11.3788,1.3925,-17.0367,0.9207,168.4448,0.000,0.000,0.142,93.6262,-110.6284,67
2026-04-24,16:09:08,145428,1,0.0000,0.0052,0.0067,0.1968,2.9883,0,1.0000,0,0,11.4611,1.8436,-16.7193,3.6285,168.4320,0.000,0.000,0.138,89.7328,-88.7536,67
2026-04-24,16:09:08,145428,1,0.0000,0.0056,0.0063,0.1865,2.9883,0,1.0000,0,0,11.4976,1.4392,-16.6017,3.5528,168.4529,0.000,0.000,0.136,86.8737,-77.8788,67
2026-04-24,16:09:08,145429,1,0.0000,0.0050,0.0060,0.1762,2.9883,0,1.0000,0,0,11.4865,1.0179,-16.5632,3.2290,168.4547,0.000,0.000,0.135,86.3080,-76.2032,67
2026-04-24,16:09:08,145430,1,0.0000,-0.0068,0.0072,0.2108,2.9884,0,1.0000,0,0,11.5319,1.1896,-16.5089,2.6786,168.4457,0.000,0.000,0.133,85.0528,-73.9573,67
2026-04-24,16:09:08,145911,1,0.0000,-0.0001,0.0077,0.2254,2.9883,0,1.0000,0,0,11.6048,1.7637,-16.5121,0.8829,168.4389,0.000,0.000,0.130,86.3484,-78.5004,67
2026-04-24,16:09:08,145911,1,0.0000,-0.0045,0.0074,0.2188,2.9883,0,1.0000,0,0,11.6526,1.5886,-16.3960,1.6873,168.4211,0.000,0.000,0.127,88.2657,-84.6243,67
2026-04-24,16:09:08,145912,1,0.0000,0.0029,0.0065,0.1924,2.9883,0,1.0000,0,0,11.7221,1.5703,-16.2696,2.1014,168.4295,0.000,0.000,0.124,89.6782,-89.0131,67
2026-04-24,16:09:08,145913,1,0.0000,-0.0061,0.0079,0.2313,2.9883,0,1.0000,0,0,11.7579,1.3044,-16.2029,2.0953,168.4361,0.000,0.000,0.122,90.0536,-90.1642,67
2026-04-24,16:09:08,145914,1,0.0000,0.0073,0.0057,0.1674,2.9883,0,1.0000,0,0,11.7866,1.1426,-16.1085,2.3342,168.4324,0.000,0.000,0.119,90.2245,-90.6812,67
2026-04-24,16:09:08,145915,1,0.0000,-0.0010,0.0067,0.1961,2.9883,0,1.0000,0,0,11.8273,1.1879,-16.0283,2.3792,168.4440,0.000,0.000,0.117,90.2401,-90.7192,67
2026-04-24,16:09:08,145916,1,0.0000,-0.0031,0.0065,0.1902,2.9883,0,1.0000,0,0,11.8802,1.2411,-16.0007,1.6335,168.4456,0.000,0.000,0.114,89.9812,-89.9435,67
2026-04-24,16:09:08,145917,1,0.0000,-0.0057,0.0081,0.2394,2.9883,0,1.0000,0,0,11.9036,0.9738,-16.0099,0.9901,168.4447,0.000,0.000,0.111,89.9366,-89.8018,67
2026-04-24,16:09:08,145918,1,0.0000,-0.0057,0.0079,0.2313,2.9884,0,1.0000,0,0,11.9400,1.0711,-16.0638,0.1776,168.4449,0.000,0.000,0.109,89.6996,-89.0128,67
2026-04-24,16:09:08,145918,1,0.0000,-0.0026,0.0067,0.1961,2.9883,0,1.0000,0,0,11.9627,0.8495,-16.0071,0.6672,168.4462,0.000,0.000,0.106,89.4498,-88.0834,67
2026-04-24,16:09:08,145920,1,0.0000,-0.0070,0.0071,0.2086,2.9883,0,1.0000,0,0,11.9853,0.6862,-15.9384,1.1200,168.4455,0.000,0.000,0.104,88.8125,-85.5464,67
2026-04-24,16:09:08,145920,1,0.0000,0.0024,0.0065,0.1902,2.9883,0,1.0000,0,0,12.0060,0.5625,-15.7690,1.8077,168.4294,0.000,0.000,0.102,86.5079,-75.8002,67
2026-04-24,16:09:08,145921,1,0.0000,0.0043,0.0072,0.2108,2.9883,0,1.0000,0,0,12.0231,0.5183,-15.6600,2.1195,168.4235,0.000,0.000,0.100,84.4752,-66.7463,67
2026-04-24,16:09:08,145950,1,0.0000,-0.0027,0.0054,0.1594,2.9883,0,1.0000,0,0,12.0850,1.5821,-15.5124,3.2188,168.4027,0.000,0.000,0.097,82.0883,-56.0979,67
2026-04-24,16:09:08,145986,1,0.0000,0.0056,0.0075,0.2210,2.9883,0,1.0000,0,0,12.1561,2.5349,-15.2783,5.6394,168.3971,0.000,0.000,0.094,79.9323,-47.3566,67
2026-04-24,16:09:08,146022,1,0.0000,-0.0095,0.0083,0.2437,2.9884,0,1.0000,0,0,12.1967,1.5612,-15.1247,3.1997,168.3956,0.000,0.000,0.090,77.3086,-39.2149,67
2026-04-24,16:09:08,146058,1,0.0000,-0.0009,0.0074,0.2188,2.9883,0,1.0000,0,0,12.2371,1.0939,-15.5715,-7.0622,168.3981,0.000,0.000,0.087,75.3246,-34.2645,67
2026-04-24,16:09:08,146093,1,0.0000,-0.0102,0.0079,0.2313,2.9884,0,1.0000,0,0,12.2762,1.5506,-15.7457,-7.0147,168.4092,0.000,0.000,0.084,72.2285,-28.7070,67
2026-04-24,16:09:08,146129,1,0.0000,0.0087,0.0070,0.2063,2.9883,0,1.0000,0,0,12.3158,0.8901,-16.0196,-7.8098,168.4113,0.000,0.000,0.081,68.8266,-25.1750,67
2026-04-24,16:09:08,146165,1,0.0000,0.0088,0.0064,0.1880,2.9883,0,1.0000,0,0,12.3436,1.0589,-16.5496,-13.6778,168.4003,0.000,0.000,0.078,66.0444,-23.1628,67
2026-04-24,16:09:08,146201,1,0.0000,-0.0069,0.0071,0.2086,2.9883,0,1.0000,0,0,12.3664,1.0282,-16.8818,-10.6266,168.4008,0.000,0.000,0.074,62.0403,-20.6375,67
2026-04-24,16:09:08,146237,1,0.0000,0.0073,0.0070,0.2063,2.9883,0,1.0000,0,0,12.4090,1.2290,-16.8692,-2.8428,168.3879,0.000,0.000,0.071,59.0195,-19.7195,67
2026-04-24,16:09:08,146273,1,0.0000,-0.0004,0.0058,0.1696,2.9883,0,1.0000,0,0,12.4341,0.8052,-16.6426,4.0736,168.3854,0.000,0.000,0.068,54.8722,-18.8896,67
2026-04-24,16:09:09,146309,1,0.0000,0.0087,0.0074,0.2188,2.9883,0,1.0000,0,0,12.4469,-0.0843,-16.3499,7.7873,168.3898,0.000,0.000,0.065,51.2843,-17.1518,67
2026-04-24,16:09:09,146345,1,0.0000,0.0033,0.0069,0.2027,2.9883,0,1.0000,0,0,12.4476,0.5761,-16.0289,9.0066,168.3984,0.000,0.000,0.062,46.2009,-14.9695,67
2026-04-24,16:09:09,146381,1,0.0000,-0.0038,0.0074,0.2188,2.9883,0,1.0000,0,0,12.4385,0.0496,-15.6450,11.2457,168.4055,0.000,0.000,0.058,40.8481,-12.2601,67
2026-04-24,16:09:09,146867,1,0.0000,0.0104,0.0071,0.2086,2.9883,0,1.0000,0,0,12.4319,-0.0939,-15.4531,9.5100,168.4213,0.000,0.000,0.056,36.5333,-10.5639,67
2026-04-24,16:09:09,146868,1,0.0000,0.0001,0.0081,0.2394,2.9883,0,1.0000,0,0,12.4680,0.6545,-15.3435,7.5300,168.4257,0.000,0.000,0.054,32.3846,-8.9878,67
2026-04-24,16:09:09,146870,1,0.0000,-0.0105,0.0078,0.2291,2.9884,0,1.0000,0,0,12.5414,1.5840,-15.3037,5.5106,168.4291,0.000,0.000,0.051,26.6942,-7.1160,67
2026-04-24,16:09:09,146871,1,0.0000,0.0035,0.0074,0.2188,2.9883,0,1.0000,0,0,12.6124,1.9353,-15.3266,3.4983,168.4312,0.000,0.000,0.049,22.2003,-5.9900,67
2026-04-24,16:09:09,146871,1,0.0000,0.0035,0.0074,0.2166,2.9883,0,1.0000,0,0,12.7003,2.0008,-15.4072,1.2787,168.4289,0.000,0.000,0.046,16.9118,-4.0596,67
2026-04-24,16:09:09,146872,1,0.0000,-0.0114,0.0072,0.2129,2.9884,0,1.0000,0,0,12.7470,1.2112,-15.4866,0.0793,168.4230,0.000,0.000,0.042,12.3098,-3.4179,67
2026-04-24,16:09:09,146873,1,0.0000,-0.0042,0.0069,0.2042,2.9883,0,1.0000,0,0,12.7290,0.0847,-15.5359,-0.4308,168.4252,0.000,0.000,0.040,7.9774,-3.2962,67
2026-04-24,16:09:09,146873,1,0.0000,-0.0102,0.0070,0.2070,2.9884,0,1.0000,0,0,12.6448,-1.2893,-15.6890,-1.8108,168.4211,0.000,0.000,0.037,3.7848,-2.7374,67
2026-04-24,16:09:09,146874,1,0.0000,-0.0060,0.0075,0.2204,2.9884,0,1.0000,0,0,12.5570,-1.9570,-15.9322,-3.5607,168.4320,0.000,0.000,0.034,-1.1269,-1.8207,67
2026-04-24,16:09:09,146875,1,0.0000,0.0125,0.0069,0.2027,2.9883,0,1.0000,0,0,12.3980,-3.3562,-16.1438,-4.1615,168.4295,0.000,0.000,0.030,-5.1784,-0.3271,67
2026-04-24,16:09:09,146875,1,0.0000,0.0098,0.0072,0.2130,2.9883,0,1.0000,0,0,12.2440,-2.5801,-16.2793,-3.6480,168.4186,0.000,0.000,0.027,-7.1857,1.1404,67
2026-04-24,16:09:09,146876,1,0.0000,0.0012,0.0078,0.2291,2.9884,0,1.0000,0,0,12.3819,1.0652,-16.2792,-2.5134,168.4307,0.000,0.000,0.025,-7.2170,0.8168,67
2026-04-24,16:09:09,146904,1,0.0000,0.0016,0.0074,0.2188,2.9884,0,1.0000,0,0,12.3464,-1.6710,-16.3973,-2.9794,168.4262,0.000,0.000,0.022,-6.5821,0.1806,67
2026-04-24,16:09:09,146940,1,0.0000,0.0124,0.0060,0.1777,2.9883,0,1.0000,0,0,12.2386,-2.9317,-16.2125,2.5431,168.4220,0.000,0.000,0.018,-5.8710,-0.1285,67
2026-04-24,16:09:09,146976,1,0.0000,0.0065,0.0079,0.2313,2.9883,0,1.0000,0,0,12.0610,-5.0711,-15.8821,7.6698,168.4203,0.000,0.000,0.015,-4.7613,-0.3712,67
2026-04-24,16:09:09,147012,1,0.0000,0.0006,0.0068,0.2005,2.9883,0,1.0000,0,0,11.9299,-3.0546,-15.7394,5.5030,168.4098,0.000,0.000,0.012,-2.5097,-2.0703,67
2026-04-24,16:09:09,147048,1,0.0000,0.0006,0.0061,0.1799,2.9883,0,1.0000,0,0,11.8983,-0.9776,-15.8054,-0.2800,168.4028,0.000,0.000,0.009,-0.4914,-3.0356,67
2026-04-24,16:09:09,147084,1,0.0000,-0.0010,0.0074,0.2188,2.9883,0,1.0000,0,0,11.9251,1.1731,-15.9274,-1.9193,168.3979,0.000,0.000,0.006,2.3581,-4.9474,67
2026-04-24,16:09:09,147119,1,0.0000,-0.0010,0.0076,0.2232,2.9883,0,1.0000,0,0,11.9978,2.0736,-15.8844,0.6646,168.4024,0.000,0.000,0.002,5.3207,-7.1087,67
2026-04-24,16:09:09,147155,1,0.0000,0.0054,0.0075,0.2210,2.9883,0,1.0000,0,0,12.0912,2.7238,-15.4919,7.6117,168.4188,0.000,0.000,0.000,7.7308,-8.3671,67
2026-04-24,16:09:09,147191,1,0.0000,0.0077,0.0067,0.1983,2.9883,0,1.0000,0,0,12.1632,1.8368,-15.3277,5.0430,168.4122,0.000,0.000,0.000,11.1049,-9.7999,67
2026-04-24,16:09:09,147227,1,0.0000,0.0061,0.0058,0.1718,2.9883,0,1.0000,0,0,12.1488,-0.3600,-15.1766,5.0901,168.4149,0.000,0.000,0.000,13.6452,-10.7952,67
2026-04-24,16:09:09,147262,1,0.0000,0.0024,0.0075,0.2210,2.9883,0,1.0000,0,0,12.2048,1.6712,-15.0499,4.0787,168.4032,0.000,0.000,0.000,17.3212,-11.8029,67
2026-04-24,16:09:10,147298,1,0.0000,0.0059,0.0063,0.1865,2.9883,0,1.0000,0,0,12.2236,0.4526,-15.1183,-0.1904,168.3959,0.000,0.000,0.000,20.2255,-12.2402,67
2026-04-24,16:09:10,147334,1,0.0000,-0.0067,0.0073,0.2151,2.9884,0,1.0000,0,0,12.2172,-0.6708,-15.3767,-6.2447,168.3987,0.000,0.000,0.000,23.6809,-12.6906,67
2026-04-24,16:09:10,147369,1,0.0000,0.0088,0.0069,0.2027,2.9883,0,1.0000,0,0,12.1882,-0.4583,-15.7692,-10.3276,168.4010,0.000,0.000,0.000,25.7191,-12.6743,67
2026-04-24,16:09:10,147855,1,0.0000,0.0048,0.0063,0.1843,2.9883,0,1.0000,0,0,12.1770,-0.3819,-15.8464,-7.7940,168.3973,0.000,0.000,0.000,26.4792,-12.8778,67
2026-04-24,16:09:10,147856,1,0.0000,0.0003,0.0069,0.2027,2.9883,0,1.0000,0,0,12.1702,-0.2644,-15.8754,-5.5694,168.3990,0.000,0.000,0.000,26.9771,-13.2480,67
2026-04-24,16:09:10,147858,1,0.0000,-0.0028,0.0068,0.2005,2.9884,0,1.0000,0,0,12.1368,-0.7520,-15.8380,-3.4162,168.4012,0.000,0.000,0.000,27.3087,-13.7927,67
2026-04-24,16:09:10,147859,1,0.0000,0.0041,0.0067,0.1968,2.9883,0,1.0000,0,0,12.1198,-0.5869,-15.7933,-1.8923,168.4014,0.000,0.000,0.000,27.5639,-14.1871,67
2026-04-24,16:09:10,147860,1,0.0000,0.0013,0.0082,0.2416,2.9883,0,1.0000,0,0,12.1295,-0.0214,-15.7077,-0.4870,168.3882,0.000,0.000,0.000,28.0761,-14.5558,67
2026-04-24,16:09:10,147860,1,0.0000,0.0112,0.0067,0.1960,2.9883,0,1.0000,0,0,12.1337,0.1078,-15.6548,0.1306,168.3975,0.000,0.000,0.000,28.7884,-14.7584,67
2026-04-24,16:09:10,147861,1,0.0000,0.0102,0.0070,0.2071,2.9883,0,1.0000,0,0,12.1489,0.3064,-15.6499,0.1431,168.4026,0.000,0.000,0.000,29.7985,-14.8375,67
2026-04-24,16:09:10,147862,1,0.0000,0.0126,0.0068,0.2012,2.9883,0,1.0000,0,0,12.1785,0.6021,-15.6177,0.3942,168.3852,0.000,0.000,0.000,31.2839,-14.9957,67
2026-04-24,16:09:10,147862,1,0.0000,-0.0063,0.0080,0.2350,2.9883,0,1.0000,0,0,12.1729,0.1781,-15.5471,0.9140,168.3895,0.000,0.000,0.000,32.9904,-15.2059,67
2026-04-24,16:09:10,147863,1,0.0000,0.0051,0.0085,0.2497,2.9883,0,1.0000,0,0,12.1640,-0.0658,-15.4727,1.2831,168.3978,0.000,0.000,0.000,35.3378,-15.3033,67
2026-04-24,16:09:10,147864,1,0.0000,0.0066,0.0061,0.1799,2.9883,0,1.0000,0,0,12.1676,0.0893,-15.4440,1.1244,168.3877,0.000,0.000,0.000,38.7905,-16.0827,67
2026-04-24,16:09:10,147864,1,0.0000,-0.0003,0.0071,0.2086,2.9883,0,1.0000,0,0,12.1743,0.0370,-15.4657,0.5402,168.3939,0.000,0.000,0.000,45.0265,-18.7724,67
2026-04-24,16:09:10,147865,1,0.0000,-0.0069,0.0070,0.2070,2.9884,0,1.0000,0,0,12.1584,-0.1956,-15.4991,0.2128,168.4009,0.000,0.000,0.000,49.3270,-21.4237,67
2026-04-24,16:09:10,147893,1,0.0000,-0.0108,0.0073,0.2145,2.9884,0,1.0000,0,0,12.1577,0.2974,-15.3450,5.0463,168.3875,0.000,0.000,0.000,53.4475,-24.3558,67
2026-04-24,16:09:10,147929,1,0.0000,-0.0034,0.0069,0.2027,2.9884,0,1.0000,0,0,12.1482,-0.2167,-14.8898,10.5949,168.4125,0.000,0.000,0.000,57.3395,-27.4769,67
2026-04-24,16:09:10,147965,1,0.0000,-0.0065,0.0074,0.2188,2.9884,0,1.0000,0,0,12.1553,0.3025,-14.3106,15.1709,168.3997,0.000,0.000,0.000,60.0900,-29.9219,67
2026-04-24,16:09:10,148001,1,0.0000,0.0004,0.0076,0.2232,2.9883,0,1.0000,0,0,12.1878,1.1236,-14.1437,6.9846,168.3840,0.000,0.000,0.000,62.5666,-31.7054,67
2026-04-24,16:09:10,148037,1,0.0000,-0.0009,0.0072,0.2114,2.9884,0,1.0000,0,0,12.2296,2.0118,-14.4187,-3.3932,168.3928,0.000,0.000,0.000,63.3948,-31.8630,67
2026-04-24,16:09:10,148073,1,0.0000,0.0008,0.0062,0.1821,2.9883,0,1.0000,0,0,12.2801,1.9263,-14.6854,-6.0143,168.3559,0.000,0.000,0.000,63.2916,-29.9319,67
2026-04-24,16:09:10,148109,1,0.0000,-0.0018,0.0075,0.2210,2.9883,0,1.0000,0,0,12.2945,0.7817,-15.0631,-10.4970,168.3513,0.000,0.000,0.000,62.4358,-27.2024,67
2026-04-24,16:09:10,148144,1,0.0000,0.0032,0.0058,0.1696,2.9883,0,1.0000,0,0,12.2997,-0.1467,-15.4452,-11.9389,168.3386,0.000,0.000,0.000,62.0098,-24.7028,67
2026-04-24,16:09:10,148180,1,0.0000,0.0018,0.0080,0.2350,2.9883,0,1.0000,0,0,12.3206,1.0739,-15.7734,-9.8452,168.3515,0.000,0.000,0.000,61.8805,-21.5904,67
2026-04-24,16:09:10,148216,1,0.0000,-0.0031,0.0073,0.2151,2.9883,0,1.0000,0,0,12.3444,0.5248,-15.8359,-4.4596,168.3548,0.000,0.000,0.000,62.0064,-19.9543,67
2026-04-24,16:09:10,148251,1,0.0000,-0.0010,0.0063,0.1865,2.9883,0,1.0000,0,0,12.3975,2.1126,-15.9143,-3.5180,168.3651,0.000,0.000,0.000,61.8464,-17.6046,67
2026-04-24,16:09:10,148286,1,0.0000,0.0140,0.0065,0.1924,2.9883,0,1.0000,0,0,12.4261,1.1950,-16.3403,-10.3617,168.3862,0.000,0.000,0.000,61.5029,-16.6033,67
2026-04-24,16:09:11,148322,1,0.0000,0.0035,0.0078,0.2291,2.9883,0,1.0000,0,0,12.4600,1.1620,-16.7167,-10.5308,168.3987,0.000,0.000,0.000,60.9328,-16.0257,67
2026-04-24,16:09:11,149239,1,0.0000,-0.0043,0.0060,0.1777,2.9883,0,1.0000,0,0,12.4608,0.4699,-16.6697,-6.7017,168.4189,0.000,0.000,0.000,60.1743,-15.6880,67
2026-04-24,16:09:11,149240,1,0.0000,-0.0009,0.0074,0.2188,2.9883,0,1.0000,0,0,12.4619,0.1750,-16.6200,-4.1115,168.4133,0.000,0.000,0.000,59.5307,-15.4740,67
2026-04-24,16:09:11,149241,1,0.0000,0.0058,0.0059,0.1740,2.9883,0,1.0000,0,0,12.4553,-0.0721,-16.5457,-2.1029,168.4202,0.000,0.000,0.000,59.2365,-15.6403,67
2026-04-24,16:09:11,149242,1,0.0000,-0.0127,0.0069,0.2027,2.9884,0,1.0000,0,0,12.4570,0.0071,-16.4698,-0.7248,168.4242,0.000,0.000,0.000,59.3907,-15.5299,67
2026-04-24,16:09:11,149242,1,0.0000,-0.0041,0.0060,0.1777,2.9883,0,1.0000,0,0,12.4437,-0.1259,-16.3665,0.5096,168.4320,0.000,0.000,0.000,59.7671,-15.4433,67
2026-04-24,16:09:11,149243,1,0.0000,-0.0018,0.0065,0.1902,2.9883,0,1.0000,0,0,12.4279,-0.3477,-16.2335,1.5723,168.4302,0.000,0.000,0.000,60.2491,-14.7841,67
2026-04-24,16:09:11,149243,1,0.0000,-0.0096,0.0070,0.2064,2.9884,0,1.0000,0,0,12.4346,-0.0358,-16.1268,2.0090,168.4247,0.000,0.000,0.000,60.3866,-13.9421,67
2026-04-24,16:09:11,149245,1,0.0000,0.0010,0.0068,0.2005,2.9883,0,1.0000,0,0,12.4538,0.3260,-16.0623,1.9885,168.4318,0.000,0.000,0.000,60.6822,-13.0096,67
2026-04-24,16:09:11,149246,1,0.0000,-0.0051,0.0069,0.2027,2.9883,0,1.0000,0,0,12.4567,0.2342,-16.0209,1.6827,168.4344,0.000,0.000,0.000,60.9237,-12.2489,67
2026-04-24,16:09:11,149247,1,0.0000,-0.0154,0.0071,0.2086,2.9884,0,1.0000,0,0,12.4663,0.2693,-15.9997,1.3588,168.4433,0.000,0.000,0.000,61.4215,-10.8785,67
2026-04-24,16:09:11,149248,1,0.0000,0.0083,0.0062,0.1821,2.9883,0,1.0000,0,0,12.4782,0.3487,-15.8875,2.0005,168.4385,0.000,0.000,0.000,61.8892,-9.8784,67
2026-04-24,16:09:11,149248,1,0.0000,0.0046,0.0074,0.2188,2.9883,0,1.0000,0,0,12.4818,0.2101,-15.7202,2.4987,168.4247,0.000,0.000,0.000,62.3462,-8.6841,67
2026-04-24,16:09:11,149249,1,0.0000,0.0002,0.0060,0.1762,2.9883,0,1.0000,0,0,12.5024,0.4529,-15.6550,2.1027,168.4304,0.000,0.000,0.000,62.4805,-8.0945,67
2026-04-24,16:09:11,149249,1,0.0000,0.0042,0.0068,0.2012,2.9883,0,1.0000,0,0,12.5089,0.2386,-15.5676,2.1069,168.4201,0.000,0.000,0.000,62.5862,-7.3893,67
2026-04-24,16:09:11,149250,1,0.0000,0.0036,0.0079,0.2313,2.9883,0,1.0000,0,0,12.5045,0.0557,-15.5391,1.7067,168.4108,0.000,0.000,0.000,62.6589,-6.7108,67
2026-04-24,16:09:11,149251,1,0.0000,0.0062,0.0058,0.1696,2.9883,0,1.0000,0,0,12.5068,0.0375,-15.4805,1.5932,168.4135,0.000,0.000,0.000,62.3973,-4.2679,67
2026-04-24,16:09:11,149252,1,0.0000,-0.0024,0.0067,0.1968,2.9883,0,1.0000,0,0,12.4808,-0.4891,-15.4124,1.5569,168.4020,0.000,0.000,0.000,61.9902,-2.8892,67
2026-04-24,16:09:11,149252,1,0.0000,-0.0029,0.0069,0.2027,2.9883,0,1.0000,0,0,12.4580,-0.4553,-15.2906,2.0587,168.3925,0.000,0.000,0.000,61.0702,-1.9608,67
2026-04-24,16:09:11,149253,1,0.0000,0.0051,0.0069,0.2027,2.9883,0,1.0000,0,0,12.4713,0.1017,-15.2320,1.7255,168.4033,0.000,0.000,0.000,59.8614,-1.6447,67
2026-04-24,16:09:11,149253,1,0.0000,0.0042,0.0073,0.2144,2.9883,0,1.0000,0,0,12.4981,0.4639,-15.1926,1.4578,168.4075,0.000,0.000,0.000,58.9874,-1.0828,67
2026-04-24,16:09:11,149254,1,0.0000,0.0086,0.0064,0.1880,2.9883,0,1.0000,0,0,12.5024,0.1969,-15.0368,2.3468,168.3948,0.000,0.000,0.000,58.3216,-0.7448,67
2026-04-24,16:09:11,149256,1,0.0000,0.0046,0.0075,0.2210,2.9883,0,1.0000,0,0,12.5077,0.2832,-14.8035,3.2621,168.4201,0.000,0.000,0.000,57.3681,-0.6978,67
2026-04-24,16:09:11,149257,1,0.0000,-0.0058,0.0068,0.2005,2.9883,0,1.0000,0,0,12.5488,0.8502,-14.6252,3.9314,168.4314,0.000,0.000,0.000,56.9664,-0.5652,67
2026-04-24,16:09:11,149282,1,0.0000,0.0017,0.0077,0.2269,2.9883,0,1.0000,0,0,12.5900,0.9177,-14.3684,6.8519,168.4181,0.000,0.000,0.000,56.3851,-1.5321,67
2026-04-24,16:09:12,149317,1,0.0000,-0.0011,0.0070,0.2049,2.9883,0,1.0000,0,0,12.6127,0.5229,-14.2303,3.2022,168.4219,0.000,0.000,0.000,56.1431,-1.6833,67
2026-04-24,16:09:12,149353,1,0.0000,0.0053,0.0071,0.2085,2.9883,0,1.0000,0,0,12.6402,1.0571,-14.2830,0.8711,168.4222,0.000,0.000,0.000,55.8147,-1.7051,67
2026-04-24,16:09:12,149828,1,0.0000,-0.0015,0.0065,0.1902,2.9883,0,1.0000,0,0,12.6433,0.5065,-14.2517,0.8923,168.4147,0.000,0.000,0.000,55.8147,-1.7051,67
2026-04-24,16:09:12,149829,1,0.0000,0.0085,0.0057,0.1682,2.9883,0,1.0000,0,0,12.6323,-0.0108,-14.2426,0.6969,168.4207,0.000,0.000,0.000,55.4755,-0.7857,67
2026-04-24,16:09:12,149830,1,0.0000,-0.0041,0.0071,0.2086,2.9883,0,1.0000,0,0,12.6458,0.2407,-14.1965,0.8752,168.4180,0.000,0.000,0.000,55.1961,0.0451,67
2026-04-24,16:09:12,149830,1,0.0000,0.0034,0.0062,0.1821,2.9883,0,1.0000,0,0,12.6513,0.1698,-14.1655,0.9041,168.4194,0.000,0.000,0.000,54.3347,1.1423,67
2026-04-24,16:09:12,149831,1,0.0000,-0.0098,0.0076,0.2248,2.9884,0,1.0000,0,0,12.6469,0.0217,-14.1228,1.0275,168.4297,0.000,0.000,0.000,52.8328,1.3238,67
2026-04-24,16:09:12,149831,1,0.0000,-0.0008,0.0072,0.2108,2.9883,0,1.0000,0,0,12.6630,0.3546,-14.1440,0.4839,168.4132,0.000,0.000,0.000,50.0132,0.3495,67
2026-04-24,16:09:12,149832,1,0.0000,0.0115,0.0036,0.1065,2.9883,0,1.0000,0,0,12.7668,2.1026,-14.1615,0.1962,168.4209,0.000,0.000,0.000,47.7205,0.1283,67
2026-04-24,16:09:12,149833,1,0.0000,-0.0005,0.0074,0.2173,2.9884,0,1.0000,0,0,12.9670,4.2820,-14.1020,0.6847,168.4227,0.000,0.000,0.000,42.1580,-3.2025,67
2026-04-24,16:09:12,149834,1,0.0000,0.0094,0.0067,0.1983,2.9883,0,1.0000,0,0,13.1654,5.3964,-13.9924,1.5631,168.4350,0.000,0.000,0.000,40.8264,-3.9131,67
2026-04-24,16:09:12,149835,1,0.0000,0.0061,0.0064,0.1880,2.9884,0,1.0000,0,0,13.6516,9.8921,-13.8024,2.6982,168.4325,0.000,0.000,0.000,39.6418,-4.6554,67
2026-04-24,16:09:12,149836,1,0.0000,-0.0144,0.0081,0.2394,2.9884,0,1.0000,0,0,14.2980,15.4179,-13.6100,3.6324,168.4252,0.000,0.000,0.000,39.0529,-5.8860,67
2026-04-24,16:09:12,149837,1,0.0000,-0.0039,0.0076,0.2232,2.9884,0,1.0000,0,0,16.2887,22.3815,-13.2412,4.1795,168.4110,0.000,0.000,0.000,40.6712,-7.3917,67
2026-04-24,16:09:12,149837,1,0.0000,-0.0052,0.0117,0.3436,2.9886,0,1.0000,0,0,18.3264,40.3806,-12.8957,5.6214,168.3865,0.000,0.000,0.000,41.9043,-8.1052,67
2026-04-24,16:09:12,149869,1,0.0000,-0.0165,0.0145,0.4260,2.9887,0,1.0000,0,0,20.0394,33.2798,-12.5057,7.3625,168.4570,0.000,0.000,0.016,49.5495,-9.2216,67
2026-04-24,16:09:12,149905,1,0.0000,-0.0006,0.0123,0.3632,2.9887,0,1.0000,0,0,20.1487,-18.1926,-15.9430,-83.8283,168.5226,0.000,0.000,0.048,53.4188,-9.8347,67
2026-04-24,16:09:12,149941,1,0.0000,0.0051,0.0137,0.4032,2.9887,0,1.0000,0,0,16.7419,-120.1018,-25.8459,-246.0738,168.7117,0.000,0.000,0.080,56.9059,-9.3441,67
2026-04-24,16:09:12,149977,1,0.0000,0.0023,0.0140,0.4103,2.9887,0,1.0000,0,0,11.3912,-145.7143,-37.9470,-323.4452,168.7393,0.000,0.000,0.112,58.4017,-8.5168,67
2026-04-24,16:09:12,150013,1,0.0000,0.0050,0.0126,0.3704,2.9886,0,1.0000,0,0,7.3668,-112.7213,-45.9717,-267.6057,168.7180,0.000,0.000,0.144,60.0915,-7.1552,67
2026-04-24,16:09:12,150049,1,0.0000,0.0073,0.0126,0.3704,2.9886,0,1.0000,0,0,5.4788,-46.6533,-47.7541,-123.1330,168.8472,0.000,0.000,0.176,62.1751,-5.0292,67
2026-04-24,16:09:12,150085,1,0.0000,-0.0119,0.0128,0.3757,2.9886,0,1.0000,0,0,5.4554,1.1728,-45.8186,-1.3190,168.7336,0.000,0.000,0.208,64.5682,-3.7930,67
2026-04-24,16:09:12,150120,1,0.0000,0.0214,0.0085,0.2512,2.9885,0,1.0000,0,0,6.0852,15.4802,-42.2346,71.5491,168.5577,0.000,0.000,0.231,67.6939,-2.8194,67
2026-04-24,16:09:12,150156,1,0.0000,-0.0022,0.0089,0.2623,2.9885,0,1.0000,0,0,6.1970,3.4345,-39.4699,81.9100,168.5130,0.000,0.000,0.246,69.2152,-1.7589,67
2026-04-24,16:09:12,150192,1,0.0000,0.0040,0.0095,0.2800,2.9885,0,1.0000,0,0,6.0190,-5.7233,-36.4993,88.2191,168.4850,0.000,0.000,0.242,69.7528,-0.9443,67
2026-04-24,16:09:12,150227,1,0.0000,0.0053,0.0094,0.2762,2.9884,0,1.0000,0,0,5.5496,-12.6497,-33.9393,83.4954,168.5320,0.000,0.000,0.239,69.0502,-0.8082,67
2026-04-24,16:09:12,150263,1,0.0000,-0.0052,0.0085,0.2500,2.9885,0,1.0000,0,0,5.0239,-9.7043,-31.7298,74.5487,168.5421,0.000,0.000,0.236,67.3622,-1.8657,67
2026-04-24,16:09:13,150299,1,0.0000,0.0073,0.0091,0.2680,2.9884,0,1.0000,0,0,5.1167,4.9194,-29.1271,79.7227,168.5069,0.000,0.000,0.233,66.5377,-3.9973,67
2026-04-24,16:09:13,150786,1,0.0000,0.0040,0.0085,0.2495,2.9885,0,1.0000,0,0,5.4583,7.2196,-27.9026,59.4312,168.5233,0.000,0.000,0.230,67.3156,-7.1022,67
2026-04-24,16:09:13,150787,1,0.0000,0.0099,0.0094,0.2762,2.9884,0,1.0000,0,0,5.8092,7.5226,-26.7177,46.3177,168.5221,0.000,0.000,0.226,69.8539,-10.2111,67
2026-04-24,16:09:13,150788,1,0.0000,-0.0007,0.0089,0.2621,2.9884,0,1.0000,0,0,5.8433,2.6422,-25.7841,36.3979,168.5207,0.000,0.000,0.223,72.6113,-8.3781,67
2026-04-24,16:09:13,150790,1,0.0000,-0.0092,0.0100,0.2927,2.9885,0,1.0000,0,0,5.8878,2.0316,-25.1818,30.7048,168.5217,0.000,0.000,0.221,75.8985,-3.5635,67
2026-04-24,16:09:13,150791,1,0.0000,0.0055,0.0099,0.2904,2.9884,0,1.0000,0,0,5.8248,-0.3352,-24.3257,26.6413,168.5345,0.000,0.000,0.218,79.2064,3.8353,67
2026-04-24,16:09:13,150792,1,0.0000,0.0114,0.0082,0.2414,2.9884,0,1.0000,0,0,5.9194,1.6546,-23.3164,25.4906,168.5261,0.000,0.000,0.214,82.2108,12.2577,67
2026-04-24,16:09:13,150793,1,0.0000,-0.0057,0.0086,0.2538,2.9884,0,1.0000,0,0,5.9067,0.3272,-22.7512,22.4534,168.5194,0.000,0.000,0.212,84.9637,19.1941,67
2026-04-24,16:09:13,150793,1,0.0000,0.0057,0.0083,0.2435,2.9884,0,1.0000,0,0,5.7621,-2.3067,-22.2333,18.4369,168.5249,0.000,0.000,0.209,87.1186,18.3183,67
2026-04-24,16:09:13,150794,1,0.0000,-0.0018,0.0076,0.2229,2.9884,0,1.0000,0,0,5.6018,-3.3370,-21.6966,16.0273,168.5260,0.000,0.000,0.206,88.2903,-5.8724,67
2026-04-24,16:09:13,150795,1,0.0000,0.0190,0.0074,0.2169,2.9884,0,1.0000,0,0,5.5729,-1.7097,-21.2311,15.3327,168.5221,0.000,0.000,0.203,88.6086,-36.6239,67
2026-04-24,16:09:13,150796,1,0.0000,-0.0017,0.0078,0.2291,2.9884,0,1.0000,0,0,5.4727,-1.8038,-21.0724,13.8895,168.5307,0.000,0.000,0.202,88.7600,-52.2712,67
2026-04-24,16:09:13,150796,1,0.0000,0.0067,0.0090,0.2660,2.9884,0,1.0000,0,0,5.6607,1.5585,-20.7615,13.0455,168.5374,0.000,0.000,0.201,88.8325,-62.6870,67
2026-04-24,16:09:13,150816,1,0.0000,0.0009,0.0070,0.2066,2.9884,0,1.0000,0,0,6.1326,15.8961,-19.7883,24.5494,168.5415,0.000,0.000,0.198,88.9233,-68.7552,67
2026-04-24,16:09:13,150852,1,0.0000,0.0042,0.0078,0.2291,2.9884,0,1.0000,0,0,6.4270,10.4004,-18.7416,29.2805,168.5286,0.000,0.000,0.194,88.5866,-63.8549,67
2026-04-24,16:09:13,150888,1,0.0000,-0.0067,0.0084,0.2476,2.9884,0,1.0000,0,0,6.8078,13.4898,-18.2613,20.5894,168.5259,0.000,0.000,0.191,88.2451,-55.0920,67
2026-04-24,16:09:13,150924,1,0.0000,0.0059,0.0086,0.2537,2.9884,0,1.0000,0,0,7.1813,13.0678,-17.7993,16.2138,168.5296,0.000,0.000,0.197,87.9127,-47.1246,67
2026-04-24,16:09:13,150960,1,0.0000,0.0015,0.0097,0.2864,2.9884,0,1.0000,0,0,7.6138,12.8616,-17.3579,15.3835,168.5273,0.000,0.000,0.194,87.8354,-45.3474,67
2026-04-24,16:09:13,150996,1,0.0000,-0.0006,0.0081,0.2373,2.9884,0,1.0000,0,0,7.9634,12.3002,-17.0539,9.9935,168.5296,0.000,0.000,0.190,87.5495,-46.4730,67
2026-04-24,16:09:13,151032,1,0.0000,-0.0086,0.0076,0.2250,2.9884,0,1.0000,0,0,8.3032,9.9174,-17.2676,-0.3064,168.5313,0.000,0.000,0.187,86.2053,-42.7134,67
2026-04-24,16:09:13,151068,1,0.0000,0.0013,0.0086,0.2517,2.9884,0,1.0000,0,0,8.5313,8.6628,-17.2032,2.0760,168.5281,0.000,0.000,0.184,84.5065,-35.9266,67
2026-04-24,16:09:13,151103,1,0.0000,0.0073,0.0077,0.2250,2.9884,0,1.0000,0,0,8.8606,8.9104,-16.8665,8.3594,168.5442,0.000,0.000,0.181,82.6687,-29.2941,67
2026-04-24,16:09:13,151138,1,0.0000,-0.0207,0.0109,0.3213,2.9885,0,1.0000,0,0,9.2407,12.2832,-16.1655,15.6564,168.5746,0.000,0.000,0.186,80.7979,-22.4232,67
2026-04-24,16:09:13,151174,1,0.0000,-0.0147,0.0108,0.3170,2.9885,0,1.0000,0,0,9.7593,12.8504,-16.0531,7.2967,168.6469,0.000,0.000,0.201,79.8902,-17.5175,67
2026-04-24,16:09:13,151211,1,0.0000,-0.0040,0.0094,0.2762,2.9885,0,1.0000,0,0,10.4695,17.2024,-15.8817,4.9504,168.7452,0.000,0.000,0.198,79.7683,-15.7723,67
2026-04-24,16:09:13,151246,1,0.0000,-0.0070,0.0093,0.2744,2.9885,0,1.0000,0,0,11.1316,13.5277,-15.7250,1.3454,168.8140,0.000,0.000,0.203,79.6598,-13.5414,67
2026-04-24,16:09:13,151282,1,0.0000,-0.0090,0.0102,0.3012,2.9885,0,1.0000,0,0,11.2809,-2.8905,-16.2704,-12.5062,168.7900,0.000,0.000,0.226,79.4648,-13.7557,67
2026-04-24,16:09:14,151764,1,0.0000,-0.0037,0.0111,0.3251,2.9886,0,1.0000,0,0,10.9449,-7.6412,-16.6652,-11.5256,168.8239,0.000,0.000,0.258,79.2378,-15.9104,67
2026-04-24,16:09:14,151765,1,0.0000,-0.0033,0.0112,0.3301,2.9886,0,1.0000,0,0,10.3465,-13.2861,-17.0930,-11.9114,168.8596,0.000,0.000,0.282,79.0498,-19.1810,67
2026-04-24,16:09:14,151766,1,0.0000,-0.0026,0.0123,0.3620,2.9886,0,1.0000,0,0,9.8645,-13.7663,-17.6617,-13.5614,168.8190,0.000,0.000,0.306,78.8720,-22.5697,67
2026-04-24,16:09:14,151767,1,0.0000,0.0041,0.0119,0.3502,2.9886,0,1.0000,0,0,9.0737,-17.2809,-18.7095,-18.1850,168.7883,0.000,0.000,0.338,78.8626,-24.9574,67
2026-04-24,16:09:14,151768,1,0.0000,-0.0007,0.0111,0.3267,2.9886,0,1.0000,0,0,8.5574,-15.9853,-19.4140,-18.9594,168.7909,0.000,0.000,0.362,79.2749,-27.6248,67
2026-04-24,16:09:14,151768,1,0.0000,-0.0074,0.0110,0.3233,2.9886,0,1.0000,0,0,8.1524,-13.4292,-19.9722,-18.1259,168.7656,0.000,0.000,0.386,80.2659,-30.7356,67
2026-04-24,16:09:14,151769,1,0.0000,-0.0030,0.0119,0.3486,2.9886,0,1.0000,0,0,7.8748,-10.4905,-20.4757,-17.2031,168.7667,0.000,0.000,0.402,80.7022,-31.9039,67
2026-04-24,16:09:14,151770,1,0.0000,0.0069,0.0116,0.3418,2.9886,0,1.0000,0,0,7.7218,-6.8891,-20.7923,-14.5725,168.7639,0.000,0.000,0.426,81.6215,-33.8520,67
2026-04-24,16:09:14,151771,1,0.0000,0.0056,0.0125,0.3688,2.9886,0,1.0000,0,0,7.5772,-5.5636,-20.9649,-11.6011,168.7635,0.000,0.000,0.450,82.2878,-34.9983,67
2026-04-24,16:09:14,151771,1,0.0000,0.0049,0.0100,0.2930,2.9886,0,1.0000,0,0,7.3979,-5.2867,-21.0075,-8.2718,168.7750,0.000,0.000,0.465,82.7527,-34.5371,67
2026-04-24,16:09:14,151772,1,0.0000,-0.0079,0.0125,0.3688,2.9886,0,1.0000,0,0,7.1591,-6.5154,-21.0057,-5.6429,168.7509,0.000,0.000,0.489,82.6290,-31.6680,67
2026-04-24,16:09:14,151772,1,0.0000,0.0036,0.0104,0.3048,2.9886,0,1.0000,0,0,6.7322,-7.2719,-20.9703,-4.0320,168.7627,0.000,0.000,0.505,82.2237,-26.5248,67
2026-04-24,16:09:14,151773,1,0.0000,-0.0056,0.0107,0.3149,2.9886,0,1.0000,0,0,6.6658,-5.1452,-20.9643,-3.1223,168.7624,0.000,0.000,0.521,82.1588,-25.5769,67
2026-04-24,16:09:14,151801,1,0.0000,-0.0155,0.0119,0.3503,2.9886,0,1.0000,0,0,6.4193,-7.7143,-20.9346,0.2042,168.7255,0.000,0.000,0.544,82.1737,-25.3893,67
2026-04-24,16:09:14,151836,1,0.0000,0.0039,0.0120,0.3536,2.9886,0,1.0000,0,0,6.1210,-8.7224,-20.8476,2.1293,168.7111,0.000,0.000,0.576,82.2025,-26.0192,67
2026-04-24,16:09:14,151872,1,0.0000,0.0031,0.0113,0.3317,2.9886,0,1.0000,0,0,6.0138,-3.6077,-20.5961,6.4968,168.6872,0.000,0.000,0.599,82.1613,-25.3185,67
2026-04-24,16:09:14,151908,1,0.0000,0.0018,0.0116,0.3401,2.9886,0,1.0000,0,0,5.9656,-1.5378,-20.1149,11.5860,168.6802,0.000,0.000,0.631,82.0860,-24.6628,67
2026-04-24,16:09:14,151944,1,0.0000,-0.0045,0.0108,0.3165,2.9886,0,1.0000,0,0,5.8452,-5.1155,-20.0381,4.5472,168.6746,0.000,0.000,0.663,81.8334,-22.8684,67
2026-04-24,16:09:14,151979,1,0.0000,-0.0066,0.0123,0.3603,2.9886,0,1.0000,0,0,5.7390,-2.0240,-20.2827,-2.7434,168.6584,0.000,0.000,0.686,81.8334,-22.8684,67
2026-04-24,16:09:14,152014,1,0.0000,-0.0004,0.0108,0.3166,2.9886,0,1.0000,0,0,5.7991,-1.5024,-20.3186,-2.0419,168.6836,0.000,0.000,0.683,81.9709,-23.4484,67
2026-04-24,16:09:14,152050,1,0.0000,-0.0029,0.0113,0.3334,2.9886,0,1.0000,0,0,5.6689,-3.0931,-19.7290,11.7821,168.6748,0.000,0.000,0.680,81.9407,-24.8852,67
2026-04-24,16:09:14,152086,1,0.0000,0.0005,0.0104,0.3048,2.9886,0,1.0000,0,0,5.5824,-3.3906,-18.8141,23.2125,168.6582,0.000,0.000,0.677,81.9629,-27.0120,67
2026-04-24,16:09:14,152122,1,0.0000,-0.0057,0.0125,0.3673,2.9886,0,1.0000,0,0,5.6604,2.1908,-18.1163,20.9881,168.6664,0.000,0.000,0.674,82.3362,-29.1762,67
2026-04-24,16:09:14,152158,1,0.0000,-0.0029,0.0124,0.3643,2.9886,0,1.0000,0,0,5.7102,0.6711,-17.9274,9.8828,168.6470,0.000,0.000,0.670,82.6676,-31.0293,67
2026-04-24,16:09:14,152194,1,0.0000,0.0067,0.0120,0.3518,2.9886,0,1.0000,0,0,5.6189,-5.0090,-17.8588,6.0281,168.6336,0.000,0.000,0.667,82.6735,-31.3753,67
2026-04-24,16:09:14,152231,1,0.0000,0.0091,0.0123,0.3603,2.9886,0,1.0000,0,0,5.3918,-6.2047,-17.4729,9.1337,168.6673,0.000,0.000,0.664,82.4056,-30.6274,67
2026-04-24,16:09:15,152718,1,0.0000,0.0025,0.0129,0.3789,2.9887,0,1.0000,0,0,5.2678,-4.2322,-17.2902,7.2231,168.6639,0.000,0.000,0.661,81.5804,-27.4724,67
2026-04-24,16:09:15,152719,1,0.0000,-0.0068,0.0138,0.4060,2.9887,0,1.0000,0,0,5.1678,-2.6808,-17.1709,5.4019,168.6618,0.000,0.000,0.658,80.5503,-24.1450,67
2026-04-24,16:09:15,152720,1,0.0000,0.0091,0.0120,0.3542,2.9886,0,1.0000,0,0,5.1127,-1.9470,-17.1571,3.8308,168.6555,0.000,0.000,0.655,79.8558,-22.8013,67
2026-04-24,16:09:15,152721,1,0.0000,0.0111,0.0126,0.3704,2.9886,0,1.0000,0,0,4.9677,-3.0508,-17.1515,2.3756,168.6572,0.000,0.000,0.652,79.1974,-24.0427,67
2026-04-24,16:09:15,152722,1,0.0000,-0.0102,0.0132,0.3889,2.9887,0,1.0000,0,0,4.9530,-1.0751,-17.1870,1.0859,168.6608,0.000,0.000,0.649,78.9445,-26.5072,67
2026-04-24,16:09:15,152722,1,0.0000,0.0002,0.0129,0.3789,2.9886,0,1.0000,0,0,4.9835,-0.0357,-17.2493,0.1751,168.6618,0.000,0.000,0.646,79.2645,-28.0766,67
2026-04-24,16:09:15,152723,1,0.0000,-0.0047,0.0133,0.3905,2.9887,0,1.0000,0,0,4.8783,-1.9737,-17.3439,-0.8190,168.6539,0.000,0.000,0.644,80.1997,-29.3074,67
2026-04-24,16:09:15,152723,1,0.0000,0.0001,0.0129,0.3804,2.9886,0,1.0000,0,0,4.8397,-0.8396,-17.3452,-0.4729,168.6583,0.000,0.000,0.641,81.0706,-27.5985,67
2026-04-24,16:09:15,152724,1,0.0000,-0.0026,0.0141,0.4160,2.9887,0,1.0000,0,0,4.8960,0.7442,-17.2950,0.1763,168.6831,0.000,0.000,0.638,81.3653,-23.7721,67
2026-04-24,16:09:15,152725,1,0.0000,0.0006,0.0135,0.3959,2.9887,0,1.0000,0,0,4.9305,0.6620,-17.1648,1.3848,168.6975,0.000,0.000,0.635,81.6450,-17.4594,67
2026-04-24,16:09:15,152726,1,0.0000,-0.0099,0.0139,0.4075,2.9887,0,1.0000,0,0,4.9406,0.2847,-16.4725,3.4795,168.8225,0.000,0.000,0.633,81.8596,-15.1365,67
2026-04-24,16:09:15,152728,1,0.0000,0.0021,0.0130,0.3831,2.9887,0,1.0000,0,0,4.9190,-1.8777,-15.9278,7.4325,168.8349,0.000,0.000,0.631,81.3800,-15.5718,67
2026-04-24,16:09:15,152763,1,0.0000,0.0025,0.0128,0.3760,2.9887,0,1.0000,0,0,4.8917,-0.7727,-15.8832,0.5665,168.7052,0.000,0.000,0.628,80.7422,-15.7482,67
2026-04-24,16:09:15,152799,1,0.0000,-0.0040,0.0128,0.3761,2.9887,0,1.0000,0,0,4.8849,-0.8907,-16.7591,-17.1975,168.6408,0.000,0.000,0.625,79.6437,-15.9995,67
2026-04-24,16:09:15,152835,1,0.0000,0.0088,0.0139,0.4089,2.9887,0,1.0000,0,0,4.8726,-0.4117,-17.1753,-13.6556,168.6479,0.000,0.000,0.622,78.7975,-15.7680,67
2026-04-24,16:09:15,152871,1,0.0000,-0.0105,0.0144,0.4233,2.9887,0,1.0000,0,0,4.6790,-5.3749,-16.8502,2.8194,168.6591,0.000,0.000,0.618,78.2104,-15.1110,67
2026-04-24,16:09:15,152907,1,0.0000,0.0106,0.0145,0.4261,2.9887,0,1.0000,0,0,4.4715,-6.4212,-16.7527,2.9863,168.6430,0.000,0.000,0.615,77.9531,-13.5949,67
2026-04-24,16:09:15,152943,1,0.0000,-0.0100,0.0141,0.4160,2.9887,0,1.0000,0,0,4.3225,-4.6270,-16.2898,11.5267,168.6660,0.000,0.000,0.612,77.8671,-11.3383,67
2026-04-24,16:09:15,152979,1,0.0000,-0.0029,0.0129,0.3803,2.9887,0,1.0000,0,0,4.1457,-5.1655,-16.0342,9.4000,168.6698,0.000,0.000,0.609,78.0503,-9.5145,67
2026-04-24,16:09:15,153015,1,0.0000,0.0071,0.0133,0.3904,2.9887,0,1.0000,0,0,3.9195,-3.5197,-15.9332,5.1921,168.6702,0.000,0.000,0.606,78.2746,-8.9517,67
2026-04-24,16:09:15,153051,1,0.0000,0.0140,0.0101,0.2983,2.9886,0,1.0000,0,0,3.7389,-3.9050,-15.8572,3.1560,168.6768,0.000,0.000,0.602,78.9337,-10.2169,67
2026-04-24,16:09:15,153087,1,0.0000,0.0115,0.0119,0.3502,2.9886,0,1.0000,0,0,3.5993,-1.5907,-15.8817,0.3247,168.6648,0.000,0.000,0.599,79.6011,-12.8828,67
2026-04-24,16:09:15,153123,1,0.0000,0.0177,0.0109,0.3216,2.9886,0,1.0000,0,0,3.7523,6.6447,-16.3055,-6.3151,168.6792,0.000,0.000,0.596,80.8826,-19.1561,67
2026-04-24,16:09:15,153159,1,0.0000,0.0103,0.0118,0.3485,2.9886,0,1.0000,0,0,4.1575,12.5548,-15.8042,8.8355,168.6555,0.000,0.000,0.593,82.5516,-27.4524,67
2026-04-24,16:09:15,153194,1,0.0000,-0.0036,0.0107,0.3149,2.9886,0,1.0000,0,0,4.5122,11.8010,-15.4588,8.6479,168.6854,0.000,0.000,0.590,83.9819,-35.6805,67
2026-04-24,16:09:15,153230,1,0.0000,-0.0052,0.0104,0.3065,2.9886,0,1.0000,0,0,4.9002,10.9977,-15.2693,8.2788,168.6451,0.000,0.000,0.586,86.1617,-50.4688,67
2026-04-24,16:09:16,154162,1,0.0000,0.0154,0.0117,0.3452,2.9886,0,1.0000,0,0,5.2535,9.2396,-14.9527,7.9868,168.6451,0.000,0.000,0.583,87.9613,-66.4497,67
2026-04-24,16:09:16,154163,1,0.0000,-0.0078,0.0132,0.3890,2.9886,0,1.0000,0,0,5.3511,4.1817,-14.6676,7.4448,168.6618,0.000,0.000,0.580,89.4546,-83.2263,67
2026-04-24,16:09:16,154164,1,0.0000,0.0196,0.0120,0.3536,2.9886,0,1.0000,0,0,5.3656,1.8735,-14.5061,6.6169,168.6588,0.000,0.000,0.578,90.6971,-99.2332,67
2026-04-24,16:09:16,154165,1,0.0000,-0.0089,0.0122,0.3587,2.9886,0,1.0000,0,0,5.3274,0.0624,-14.4435,5.1037,168.6584,0.000,0.000,0.575,91.4186,-110.1812,67
2026-04-24,16:09:16,154166,1,0.0000,-0.0046,0.0122,0.3587,2.9886,0,1.0000,0,0,5.1826,-2.3263,-14.3799,4.0367,168.6644,0.000,0.000,0.573,92.1869,-122.5124,67
2026-04-24,16:09:16,154167,1,0.0000,0.0159,0.0112,0.3300,2.9886,0,1.0000,0,0,5.0110,-3.9697,-14.3655,2.8698,168.6591,0.000,0.000,0.570,93.6576,-142.5945,67
2026-04-24,16:09:16,154167,1,0.0000,0.0022,0.0113,0.3335,2.9885,0,1.0000,0,0,4.6431,-8.1500,-14.3764,1.8328,168.6799,0.000,0.000,0.568,95.0262,-156.5905,67
2026-04-24,16:09:16,154168,1,0.0000,-0.0011,0.0095,0.2791,2.9885,0,1.0000,0,0,4.2464,-9.9759,-14.3888,1.1535,168.6720,0.000,0.000,0.566,96.4649,-167.1081,67
2026-04-24,16:09:16,154169,1,0.0000,-0.0029,0.0096,0.2826,2.9885,0,1.0000,0,0,3.8884,-9.9821,-14.4053,0.6268,168.6843,0.000,0.000,0.563,97.5413,-175.8790,67
2026-04-24,16:09:16,154170,1,0.0000,0.0083,0.0095,0.2801,2.9885,0,1.0000,0,0,3.6369,-8.6123,-14.3124,1.3253,168.6725,0.000,0.000,0.561,97.8656,178.9086,67
2026-04-24,16:09:16,154171,1,0.0000,-0.0047,0.0085,0.2514,2.9885,0,1.0000,0,0,3.4378,-6.7374,-14.2939,1.0822,168.6704,0.000,0.000,0.558,97.9466,173.6195,67
2026-04-24,16:09:16,154172,1,0.0000,0.0082,0.0098,0.2884,2.9885,0,1.0000,0,0,2.9337,-7.5738,-14.3324,0.8600,168.6544,0.000,0.000,0.558,97.9802,172.0146,67
2026-04-24,16:09:16,154173,1,0.0000,0.0049,0.0081,0.2393,2.9884,0,1.0000,0,0,3.2584,3.8844,-14.2322,1.6729,168.6548,0.000,0.000,0.555,98.9185,168.0428,67
2026-04-24,16:09:16,154174,1,0.0000,0.0023,0.0094,0.2762,2.9884,0,1.0000,0,0,3.4954,5.9000,-14.0963,2.4707,168.6721,0.000,0.000,0.553,99.8126,166.5589,67
2026-04-24,16:09:16,154175,1,0.0000,-0.0043,0.0096,0.2822,2.9884,0,1.0000,0,0,3.7660,7.1891,-13.8857,3.7374,168.6866,0.000,0.000,0.550,100.4355,166.0576,67
2026-04-24,16:09:16,154176,1,0.0000,-0.0044,0.0090,0.2660,2.9884,0,1.0000,0,0,4.0236,7.4558,-13.6484,4.8077,168.6878,0.000,0.000,0.548,101.4325,166.4953,67
2026-04-24,16:09:16,154176,1,0.0000,0.0100,0.0085,0.2496,2.9884,0,1.0000,0,0,4.4237,8.9881,-13.3338,5.8687,168.6866,0.000,0.000,0.545,102.2214,163.3003,67
2026-04-24,16:09:16,154177,1,0.0000,0.0033,0.0074,0.2189,2.9884,0,1.0000,0,0,4.8041,8.7890,-12.9071,7.5749,168.6816,0.000,0.000,0.542,103.0044,162.7781,67
2026-04-24,16:09:16,154177,1,0.0000,0.0063,0.0093,0.2721,2.9884,0,1.0000,0,0,5.0175,7.6633,-12.6448,7.7276,168.6879,0.000,0.000,0.539,103.4491,159.9808,67
2026-04-24,16:09:16,154179,1,0.0000,0.0107,0.0086,0.2516,2.9884,0,1.0000,0,0,5.2536,7.1192,-12.5115,6.4513,168.6959,0.000,0.000,0.537,103.6018,157.0533,67
2026-04-24,16:09:16,154180,1,0.0000,0.0053,0.0081,0.2373,2.9884,0,1.0000,0,0,5.6362,8.6180,-12.3829,5.1809,168.6795,0.000,0.000,0.534,104.3838,157.7731,67
2026-04-24,16:09:16,154180,1,0.0000,0.0044,0.0086,0.2517,2.9884,0,1.0000,0,0,5.8664,6.3604,-12.1677,5.2407,168.7011,0.000,0.000,0.530,105.0762,159.3416,67
2026-04-24,16:09:16,154181,1,0.0000,0.0086,0.0064,0.1882,2.9884,0,1.0000,0,0,6.0686,5.4788,-11.9025,5.6839,168.7084,0.000,0.000,0.527,105.8659,160.4130,67
2026-04-24,16:09:16,154181,1,0.0000,-0.0026,0.0086,0.2516,2.9884,0,1.0000,0,0,6.0628,4.0782,-11.8294,5.1884,168.7225,0.000,0.000,0.526,107.2266,161.7770,67
2026-04-24,16:09:16,154182,1,0.0000,0.0128,0.0080,0.2353,2.9884,0,1.0000,0,0,6.3185,9.1916,-11.6646,4.9916,168.7022,0.000,0.000,0.524,108.5807,164.1366,67
2026-04-24,16:09:16,154210,1,0.0000,-0.0180,0.0079,0.2331,2.9884,0,1.0000,0,0,6.9090,17.8245,-11.4445,6.8428,168.7080,0.000,0.000,0.521,109.9027,165.5433,67
2026-04-24,16:09:17,154687,1,0.0000,-0.0084,0.0096,0.2823,2.9884,0,1.0000,0,0,6.9840,8.8731,-11.3368,5.7127,168.7117,0.000,0.000,0.518,110.5846,167.1266,67
2026-04-24,16:09:17,154689,1,0.0000,0.0208,0.0067,0.1984,2.9884,0,1.0000,0,0,7.0497,3.8968,-11.3008,3.7995,168.7171,0.000,0.000,0.515,110.9644,166.9878,67
2026-04-24,16:09:17,154689,1,0.0000,0.0053,0.0081,0.2373,2.9884,0,1.0000,0,0,7.1403,2.7554,-11.1324,3.8803,168.7319,0.000,0.000,0.512,111.0776,166.2542,67
2026-04-24,16:09:17,154690,1,0.0000,0.0025,0.0062,0.1821,2.9884,0,1.0000,0,0,7.2582,3.2253,-11.0292,3.6636,168.7251,0.000,0.000,0.510,111.2559,165.2818,67
2026-04-24,16:09:17,154691,1,0.0000,0.0004,0.0078,0.2291,2.9884,0,1.0000,0,0,7.4026,3.7899,-10.9314,3.3856,168.7254,0.000,0.000,0.507,111.6617,164.5913,67
2026-04-24,16:09:17,154691,1,0.0000,0.0037,0.0085,0.2496,2.9884,0,1.0000,0,0,7.5945,4.9296,-10.8298,3.2510,168.7184,0.000,0.000,0.505,111.9889,164.4369,67
2026-04-24,16:09:17,154692,1,0.0000,0.0058,0.0081,0.2394,2.9884,0,1.0000,0,0,7.8206,5.7909,-10.7765,2.6661,168.7220,0.000,0.000,0.502,112.3295,164.7370,67
2026-04-24,16:09:17,154693,1,0.0000,-0.0151,0.0080,0.2353,2.9884,0,1.0000,0,0,8.0137,5.6051,-10.7397,2.1561,168.7257,0.000,0.000,0.500,112.2835,163.6967,67
2026-04-24,16:09:17,154693,1,0.0000,0.0021,0.0085,0.2496,2.9884,0,1.0000,0,0,8.1643,4.8490,-10.6788,2.0171,168.7252,0.000,0.000,0.498,111.8652,163.4804,67
2026-04-24,16:09:17,154694,1,0.0000,0.0109,0.0083,0.2434,2.9884,0,1.0000,0,0,8.3146,4.5309,-10.5787,2.2934,168.7193,0.000,0.000,0.495,110.9221,162.6406,67
2026-04-24,16:09:17,154695,1,0.0000,0.0078,0.0079,0.2312,2.9884,0,1.0000,0,0,8.4950,4.9146,-10.5001,2.2745,168.7194,0.000,0.000,0.493,109.8881,160.9541,67
2026-04-24,16:09:17,154695,1,0.0000,-0.0010,0.0075,0.2210,2.9884,0,1.0000,0,0,8.6611,4.5690,-10.3556,2.4868,168.7277,0.000,0.000,0.491,108.6544,159.6690,67
2026-04-24,16:09:17,154705,1,0.0000,0.0085,0.0074,0.2168,2.9884,0,1.0000,0,0,9.0528,12.1745,-10.0799,5.5115,168.7204,0.000,0.000,0.488,107.5099,160.5354,67
2026-04-24,16:09:17,154738,1,0.0000,-0.0070,0.0081,0.2373,2.9884,0,1.0000,0,0,9.4790,13.6657,-9.7128,10.5579,168.6918,0.000,0.000,0.485,107.0262,161.6625,67
2026-04-24,16:09:17,154778,1,0.0000,0.0004,0.0071,0.2087,2.9884,0,1.0000,0,0,9.9212,11.0837,-9.1849,12.4548,168.6939,0.000,0.000,0.481,106.6917,163.6626,67
2026-04-24,16:09:17,154819,1,0.0000,-0.0093,0.0074,0.2169,2.9884,0,1.0000,0,0,10.2820,9.7143,-8.6547,12.8069,168.6892,0.000,0.000,0.477,106.5686,165.6473,67
2026-04-24,16:09:17,154851,1,0.0000,-0.0168,0.0099,0.2905,2.9884,0,1.0000,0,0,10.5262,8.5086,-8.6818,2.5896,168.6721,0.000,0.000,0.474,106.6349,166.1102,67
2026-04-24,16:09:17,154884,1,0.0000,0.0067,0.0089,0.2619,2.9884,0,1.0000,0,0,10.7223,6.4756,-9.2076,-10.0908,168.6878,0.000,0.000,0.470,106.9235,167.0844,67
2026-04-24,16:09:17,154924,1,0.0000,0.0097,0.0074,0.2168,2.9884,0,1.0000,0,0,10.9020,5.3678,-9.4827,-7.9936,168.6819,0.000,0.000,0.466,107.2348,167.2706,67
2026-04-24,16:09:17,154964,1,0.0000,-0.0118,0.0087,0.2557,2.9884,0,1.0000,0,0,11.0618,4.3202,-9.3948,2.6801,168.6794,0.000,0.000,0.462,107.4167,167.8611,67
2026-04-24,16:09:17,154997,1,0.0000,-0.0110,0.0078,0.2291,2.9884,0,1.0000,0,0,11.1835,4.1973,-8.7498,14.7013,168.6813,0.000,0.000,0.459,107.1103,167.6978,67
2026-04-24,16:09:17,155037,1,0.0000,-0.0003,0.0070,0.2067,2.9884,0,1.0000,0,0,11.3258,3.9287,-8.2516,12.5149,168.6825,0.000,0.000,0.455,106.2754,167.3116,67
2026-04-24,16:09:17,155077,1,0.0000,0.0005,0.0075,0.2210,2.9884,0,1.0000,0,0,11.4992,4.7260,-7.9342,8.7073,168.6809,0.000,0.000,0.451,105.3297,165.2041,67
2026-04-24,16:09:17,155117,1,0.0000,0.0005,0.0097,0.2844,2.9884,0,1.0000,0,0,11.6428,2.3731,-8.0773,0.0498,168.6964,0.000,0.000,0.447,104.7776,164.1842,67
2026-04-24,16:09:17,155157,1,0.0000,0.0062,0.0070,0.2046,2.9884,0,1.0000,0,0,11.7287,1.9843,-7.9846,1.7196,168.6998,0.000,0.000,0.443,104.6709,162.2132,67
2026-04-24,16:09:17,155197,1,0.0000,-0.0050,0.0093,0.2722,2.9884,0,1.0000,0,0,11.8818,4.7913,-8.2951,-6.3080,168.7113,0.000,0.000,0.439,104.8433,160.3763,67
2026-04-24,16:09:18,155671,1,0.0000,-0.0020,0.0086,0.2516,2.9884,0,1.0000,0,0,12.1821,7.9062,-8.3356,-4.6091,168.7081,0.000,0.000,0.437,104.8432,160.0203,67
2026-04-24,16:09:18,155672,1,0.0000,0.0010,0.0067,0.1965,2.9884,0,1.0000,0,0,12.8181,14.7415,-8.3052,-2.8848,168.7231,0.000,0.000,0.434,104.7439,159.4215,67
2026-04-24,16:09:18,155673,1,0.0000,-0.0058,0.0091,0.2680,2.9885,0,1.0000,0,0,14.0333,24.1416,-8.2697,-1.3535,168.7498,0.000,0.000,0.431,104.4032,157.5606,67
2026-04-24,16:09:18,155673,1,0.0000,-0.0183,0.0112,0.3281,2.9885,0,1.0000,0,0,15.0874,29.1526,-8.1058,0.7226,168.8203,0.000,0.000,0.429,104.5480,157.4558,67
2026-04-24,16:09:18,155674,1,0.0000,-0.0035,0.0119,0.3502,2.9885,0,1.0000,0,0,15.9585,23.2380,-7.8683,2.8485,168.9069,0.000,0.000,0.443,104.8692,158.3582,67
2026-04-24,16:09:18,155675,1,0.0000,-0.0040,0.0107,0.3149,2.9885,0,1.0000,0,0,15.8008,3.0972,-7.8088,2.0909,168.9640,0.000,0.000,0.466,105.2339,159.8233,67
2026-04-24,16:09:18,155676,1,0.0000,0.0011,0.0113,0.3335,2.9885,0,1.0000,0,0,14.3073,-24.0585,-8.0373,-1.0146,168.9438,0.000,0.000,0.498,105.8760,163.3453,67
2026-04-24,16:09:18,155676,1,0.0000,0.0109,0.0111,0.3251,2.9885,0,1.0000,0,0,12.9515,-33.7264,-8.4279,-4.5037,168.9032,0.000,0.000,0.505,106.0009,164.4588,67
2026-04-24,16:09:18,155677,1,0.0000,-0.0067,0.0110,0.3233,2.9886,0,1.0000,0,0,11.9841,-30.5663,-8.9170,-7.8069,168.8853,0.000,0.000,0.502,105.7032,164.3046,67
2026-04-24,16:09:18,155677,1,0.0000,0.0024,0.0111,0.3251,2.9886,0,1.0000,0,0,11.5543,-19.9383,-9.2803,-8.7942,168.8849,0.000,0.000,0.518,105.1004,163.1959,67
2026-04-24,16:09:18,155678,1,0.0000,0.0022,0.0098,0.2895,2.9886,0,1.0000,0,0,11.8524,-5.9805,-9.5313,-7.6149,168.9006,0.000,0.000,0.541,103.3947,159.4086,67
2026-04-24,16:09:18,155687,1,0.0000,0.0017,0.0116,0.3418,2.9886,0,1.0000,0,0,11.3464,-21.4491,-10.0848,-13.8318,168.8930,0.000,0.000,0.564,102.4758,158.0276,67
2026-04-24,16:09:18,155720,1,0.0000,0.0011,0.0103,0.3031,2.9886,0,1.0000,0,0,10.3897,-30.6296,-10.7631,-18.6881,168.8640,0.000,0.000,0.596,100.0301,155.3439,67
2026-04-24,16:09:18,155760,1,0.0000,0.0041,0.0114,0.3351,2.9886,0,1.0000,0,0,9.4426,-22.7567,-11.5168,-19.2205,168.8463,0.000,0.000,0.636,98.2391,153.9832,67
2026-04-24,16:09:18,155800,1,0.0000,-0.0085,0.0131,0.3855,2.9886,0,1.0000,0,0,8.7585,-19.3662,-12.3277,-21.3256,168.8314,0.000,0.000,0.676,96.3312,151.6583,67
2026-04-24,16:09:18,155840,1,0.0000,-0.0048,0.0119,0.3503,2.9886,0,1.0000,0,0,8.1970,-16.2937,-13.0633,-19.6279,168.8346,0.000,0.000,0.716,94.4574,146.0160,67
2026-04-24,16:09:18,155873,1,0.0000,-0.0059,0.0132,0.3874,2.9886,0,1.0000,0,0,7.7814,-14.2668,-12.9057,-1.4556,168.8178,0.000,0.000,0.748,93.3454,141.8089,67
2026-04-24,16:09:18,155913,1,0.0000,-0.0107,0.0141,0.4160,2.9886,0,1.0000,0,0,7.1922,-16.0177,-12.5248,5.8439,168.8506,0.000,0.000,0.788,92.2127,138.0898,67
2026-04-24,16:09:18,155946,1,0.0000,-0.0035,0.0129,0.3805,2.9886,0,1.0000,0,0,6.8519,-11.7615,-12.2344,8.3391,168.8560,0.000,0.000,0.820,91.5387,133.2449,67
2026-04-24,16:09:18,155987,1,0.0000,0.0003,0.0130,0.3820,2.9886,0,1.0000,0,0,6.4129,-12.7858,-11.9401,8.5338,168.7997,0.000,0.000,0.860,91.1288,132.3245,67
2026-04-24,16:09:18,156019,1,0.0000,-0.0035,0.0119,0.3503,2.9886,0,1.0000,0,0,6.0230,-11.8506,-11.3872,14.3719,168.7877,0.000,0.000,0.892,91.0950,140.7646,67
2026-04-24,16:09:18,156059,1,0.0000,0.0039,0.0123,0.3619,2.9886,0,1.0000,0,0,5.7784,-7.1225,-11.2796,6.2540,168.8161,0.000,0.000,0.932,91.1409,144.3293,67
2026-04-24,16:09:18,156099,1,0.0000,0.0056,0.0124,0.3656,2.9886,0,1.0000,0,0,5.5473,-5.0147,-11.5836,-3.8771,168.7938,0.000,0.000,0.972,90.9508,137.0055,67
2026-04-24,16:09:18,156139,1,0.0000,-0.0059,0.0117,0.3434,2.9886,0,1.0000,0,0,5.3016,-6.8290,-11.6596,-1.8016,168.7926,0.000,0.000,1.000,90.6634,143.9225,67
2026-04-24,16:09:18,156179,1,0.0000,0.0011,0.0124,0.3640,2.9886,0,1.0000,0,0,5.1895,-3.1429,-11.9133,-5.8526,168.8035,0.000,0.000,1.000,90.0436,-96.8350,67
2026-04-24,16:09:18,156212,1,0.0000,0.0032,0.0117,0.3454,2.9886,0,1.0000,0,0,5.1623,-1.1889,-11.9455,-3.2111,168.7995,0.000,0.000,1.000,89.3750,-59.9920,67
2026-04-24,16:09:19,156678,1,0.0000,-0.0076,0.0125,0.3688,2.9886,0,1.0000,0,0,5.1290,-1.0874,-12.1220,-4.4390,168.7828,0.000,0.000,0.998,88.9178,-54.0357,67
2026-04-24,16:09:19,156679,1,0.0000,-0.0080,0.0132,0.3874,2.9886,0,1.0000,0,0,5.1638,0.3956,-12.1413,-3.2305,168.7890,0.000,0.000,0.996,88.1784,-46.7192,67
2026-04-24,16:09:19,156679,1,0.0000,-0.0016,0.0136,0.3990,2.9886,0,1.0000,0,0,5.2640,1.3278,-12.0917,-1.3965,168.7778,0.000,0.000,0.993,88.5370,-52.6932,67
2026-04-24,16:09:19,156680,1,0.0000,-0.0003,0.0117,0.3450,2.9886,0,1.0000,0,0,5.0958,-2.3440,-11.8098,1.8388,168.7760,0.000,0.000,0.990,89.3518,-69.8693,67
2026-04-24,16:09:19,156682,1,0.0000,-0.0003,0.0116,0.3402,2.9886,0,1.0000,0,0,4.9424,-3.6149,-11.6372,2.8886,168.7979,0.000,0.000,0.987,90.4408,-105.3123,67
2026-04-24,16:09:19,156682,1,0.0000,0.0033,0.0124,0.3656,2.9886,0,1.0000,0,0,4.8022,-3.5153,-11.5030,2.9739,168.8001,0.000,0.000,0.984,92.0214,-142.4031,67
2026-04-24,16:09:19,156683,1,0.0000,-0.0057,0.0113,0.3317,2.9886,0,1.0000,0,0,4.6310,-4.4430,-11.4666,2.3154,168.8172,0.000,0.000,0.982,92.6698,-148.4919,67
2026-04-24,16:09:19,156684,1,0.0000,0.0016,0.0109,0.3216,2.9886,0,1.0000,0,0,4.3404,-7.1518,-11.4374,1.8794,168.8162,0.000,0.000,0.979,92.8742,-149.1027,67
2026-04-24,16:09:19,156684,1,0.0000,0.0051,0.0111,0.3251,2.9886,0,1.0000,0,0,4.0366,-8.1764,-11.3992,1.6509,168.8299,0.000,0.000,0.977,92.7506,-147.1220,67
2026-04-24,16:09:19,156685,1,0.0000,-0.0036,0.0124,0.3653,2.9886,0,1.0000,0,0,4.0596,-1.3459,-11.2380,2.4662,168.8203,0.000,0.000,0.974,92.4925,-144.1232,67
2026-04-24,16:09:19,156686,1,0.0000,0.0036,0.0103,0.3031,2.9886,0,1.0000,0,0,4.2087,1.5460,-11.1700,2.1196,168.8193,0.000,0.000,0.971,92.4636,-147.0093,67
2026-04-24,16:09:19,156690,1,0.0000,0.0059,0.0094,0.2762,2.9885,0,1.0000,0,0,3.6611,-6.0065,-11.2104,1.6238,168.8138,0.000,0.000,0.969,93.3479,-156.6129,67
2026-04-24,16:09:19,156725,1,0.0000,-0.0014,0.0090,0.2635,2.9885,0,1.0000,0,0,3.6186,2.6514,-10.9053,7.7656,168.8259,0.000,0.000,0.966,94.1129,-167.3516,67
2026-04-24,16:09:19,156761,1,0.0000,-0.0091,0.0101,0.2985,2.9885,0,1.0000,0,0,3.8533,10.4857,-10.5252,9.7130,168.7975,0.000,0.000,0.962,93.2976,-174.9400,67
2026-04-24,16:09:19,156797,1,0.0000,0.0069,0.0097,0.2845,2.9885,0,1.0000,0,0,4.3762,16.6950,-10.3356,8.7527,168.7911,0.000,0.000,0.959,92.9943,-179.5556,67
2026-04-24,16:09:19,156833,1,0.0000,-0.0056,0.0093,0.2743,2.9885,0,1.0000,0,0,5.0312,21.0777,-10.0885,7.7352,168.7890,0.000,0.000,0.956,93.1263,-179.5020,67
2026-04-24,16:09:19,156869,1,0.0000,-0.0047,0.0093,0.2743,2.9885,0,1.0000,0,0,5.5645,17.1466,-9.8602,8.0748,168.7572,0.000,0.000,0.953,93.3584,-175.1215,67
2026-04-24,16:09:19,156905,1,0.0000,0.0007,0.0091,0.2684,2.9885,0,1.0000,0,0,5.9872,14.2962,-9.1057,18.8376,168.7556,0.000,0.000,0.950,93.4600,-171.4791,67
2026-04-24,16:09:19,156941,1,0.0000,0.0007,0.0086,0.2539,2.9885,0,1.0000,0,0,6.3667,12.3020,-8.6400,14.3528,168.7619,0.000,0.000,0.946,93.1667,-167.8380,67
2026-04-24,16:09:19,156977,1,0.0000,0.0045,0.0106,0.3131,2.9885,0,1.0000,0,0,6.7074,10.3131,-8.4961,7.0443,168.7561,0.000,0.000,0.952,92.3989,-165.2042,67
2026-04-24,16:09:19,157013,1,0.0000,-0.0059,0.0097,0.2864,2.9885,0,1.0000,0,0,7.1292,13.7996,-8.7354,-1.5901,168.7818,0.000,0.000,0.949,91.7722,-165.8228,67
2026-04-24,16:09:19,157049,1,0.0000,0.0038,0.0081,0.2374,2.9885,0,1.0000,0,0,7.6525,13.9868,-8.6993,0.2105,168.7505,0.000,0.000,0.954,91.4242,-167.9349,67
2026-04-24,16:09:19,157084,1,0.0000,0.0023,0.0097,0.2845,2.9885,0,1.0000,0,0,8.2152,14.6567,-8.6787,-0.0397,168.7590,0.000,0.000,0.960,91.1397,-171.3407,67
2026-04-24,16:09:19,157119,1,0.0000,0.0052,0.0103,0.3022,2.9885,0,1.0000,0,0,8.4855,5.6343,-9.0074,-7.8979,168.7511,0.000,0.000,0.966,91.1397,-171.3407,67
2026-04-24,16:09:19,157154,1,0.0000,-0.0045,0.0106,0.3113,2.9885,0,1.0000,0,0,8.3081,-7.3018,-9.3539,-9.6237,168.7565,0.000,0.000,0.980,91.1397,-171.3407,67
2026-04-24,16:09:19,157189,1,0.0000,0.0066,0.0101,0.2966,2.9885,0,1.0000,0,0,7.7476,-17.5630,-9.1789,1.6893,168.7719,0.000,0.000,0.977,91.1397,-171.3407,67
2026-04-24,16:09:20,158095,1,0.0000,-0.0007,0.0100,0.2947,2.9885,0,1.0000,0,0,7.0823,-18.6387,-9.1821,1.1184,168.7867,0.000,0.000,0.974,91.1397,-171.3407,67
2026-04-24,16:09:20,158096,1,0.0000,0.0053,0.0088,0.2602,2.9885,0,1.0000,0,0,6.5560,-16.6009,-9.2055,0.5631,168.7840,0.000,0.000,0.972,91.6199,-166.2705,67
2026-04-24,16:09:20,158098,1,0.0000,-0.0006,0.0088,0.2578,2.9885,0,1.0000,0,0,6.3401,-10.0576,-9.1915,0.5242,168.7863,0.000,0.000,0.970,91.6199,-166.2705,67
2026-04-24,16:09:20,158099,1,0.0000,0.0168,0.0081,0.2393,2.9884,0,1.0000,0,0,6.2167,-6.3679,-9.1662,0.5551,168.7726,0.000,0.000,0.967,92.1987,-163.2550,67
2026-04-24,16:09:20,158099,1,0.0000,0.0055,0.0083,0.2436,2.9884,0,1.0000,0,0,6.1883,-2.9507,-9.0962,1.0801,168.7769,0.000,0.000,0.965,92.1987,-163.2550,67
2026-04-24,16:09:20,158100,1,0.0000,-0.0065,0.0080,0.2354,2.9884,0,1.0000,0,0,6.1907,-1.2492,-8.9297,2.2446,168.7819,0.000,0.000,0.962,93.0822,-162.3261,67
2026-04-24,16:09:20,158100,1,0.0000,-0.0072,0.0097,0.2864,2.9884,0,1.0000,0,0,6.2154,-0.1079,-8.7875,2.8830,168.7870,0.000,0.000,0.960,93.5792,-164.1944,67
2026-04-24,16:09:20,158101,1,0.0000,0.0007,0.0081,0.2374,2.9884,0,1.0000,0,0,6.2524,0.6403,-8.6119,3.6161,168.7856,0.000,0.000,0.958,93.5792,-164.1944,67
2026-04-24,16:09:20,158102,1,0.0000,0.0122,0.0081,0.2373,2.9884,0,1.0000,0,0,6.3086,1.2132,-8.5725,2.7777,168.7869,0.000,0.000,0.955,94.7642,-171.0244,67
2026-04-24,16:09:20,158103,1,0.0000,0.0149,0.0094,0.2762,2.9884,0,1.0000,0,0,6.4522,3.0001,-8.4890,2.7014,168.7932,0.000,0.000,0.953,95.5055,-174.0094,67
2026-04-24,16:09:20,158103,1,0.0000,0.0126,0.0091,0.2680,2.9884,0,1.0000,0,0,6.5872,3.5346,-8.4329,2.2748,168.7830,0.000,0.000,0.950,96.5827,-177.3204,67
2026-04-24,16:09:20,158104,1,0.0000,-0.0028,0.0086,0.2515,2.9884,0,1.0000,0,0,6.6653,2.8120,-8.4421,1.6413,168.7978,0.000,0.000,0.949,98.1501,177.9423,67
2026-04-24,16:09:20,158104,1,0.0000,-0.0009,0.0087,0.2558,2.9884,0,1.0000,0,0,6.7911,3.2418,-8.5134,0.4738,168.7870,0.000,0.000,0.946,98.6684,176.5640,67
2026-04-24,16:09:20,158105,1,0.0000,-0.0036,0.0095,0.2802,2.9884,0,1.0000,0,0,6.9210,3.6310,-8.5742,-0.2716,168.7816,0.000,0.000,0.944,99.1769,173.5500,67
2026-04-24,16:09:20,158106,1,0.0000,0.0120,0.0088,0.2598,2.9884,0,1.0000,0,0,7.0436,3.5206,-8.7042,-1.3307,168.7836,0.000,0.000,0.942,99.2400,172.0587,67
2026-04-24,16:09:20,158107,1,0.0000,0.0074,0.0088,0.2578,2.9884,0,1.0000,0,0,7.1683,3.5787,-8.8288,-2.1714,168.7938,0.000,0.000,0.939,99.0193,170.2128,67
2026-04-24,16:09:20,158108,1,0.0000,0.0047,0.0085,0.2495,2.9884,0,1.0000,0,0,7.2390,2.7499,-8.9960,-3.0483,168.8022,0.000,0.000,0.937,98.7431,169.0213,67
2026-04-24,16:09:20,158109,1,0.0000,0.0024,0.0088,0.2600,2.9884,0,1.0000,0,0,7.2687,1.7017,-9.0906,-2.9198,168.8014,0.000,0.000,0.934,98.7431,169.0213,67
2026-04-24,16:09:20,158110,1,0.0000,0.0010,0.0088,0.2578,2.9884,0,1.0000,0,0,7.3549,2.1634,-9.1455,-2.4898,168.7941,0.000,0.000,0.932,98.4946,168.6559,67
2026-04-24,16:09:20,158110,1,0.0000,-0.0038,0.0090,0.2660,2.9884,0,1.0000,0,0,7.3885,1.5246,-9.2179,-2.3466,168.7985,0.000,0.000,0.930,98.4197,169.2160,67
2026-04-24,16:09:20,158111,1,0.0000,0.0052,0.0093,0.2742,2.9884,0,1.0000,0,0,7.5012,2.6251,-9.2779,-2.1820,168.8024,0.000,0.000,0.927,98.4059,171.6424,67
2026-04-24,16:09:20,158111,1,0.0000,-0.0061,0.0084,0.2476,2.9885,0,1.0000,0,0,7.6444,3.5584,-9.3297,-1.9711,168.8030,0.000,0.000,0.925,98.3977,172.6491,67
2026-04-24,16:09:20,158112,1,0.0000,0.0027,0.0088,0.2578,2.9884,0,1.0000,0,0,7.7917,3.8648,-9.4508,-2.4844,168.7953,0.000,0.000,0.922,98.3977,172.6491,67
2026-04-24,16:09:20,158113,1,0.0000,0.0008,0.0100,0.2946,2.9884,0,1.0000,0,0,7.8574,2.5452,-9.5461,-2.4119,168.8077,0.000,0.000,0.920,98.3977,172.6491,67
2026-04-24,16:09:20,158115,1,0.0000,-0.0124,0.0088,0.2578,2.9885,0,1.0000,0,0,8.0682,7.0225,-9.6768,-3.7411,168.7953,0.000,0.000,0.918,98.8245,173.7018,67
2026-04-24,16:09:20,158151,1,0.0000,0.0020,0.0093,0.2723,2.9884,0,1.0000,0,0,8.3236,6.7053,-10.0047,-7.8785,168.7756,0.000,0.000,0.914,99.0002,173.5431,67
2026-04-24,16:09:21,158626,1,0.0000,0.0061,0.0083,0.2433,2.9884,0,1.0000,0,0,8.5342,5.2596,-10.0421,-5.0798,168.7689,0.000,0.000,0.911,98.9950,173.0410,67
2026-04-24,16:09:21,158627,1,0.0000,-0.0003,0.0088,0.2597,2.9884,0,1.0000,0,0,8.5346,2.0876,-10.0703,-3.7217,168.7873,0.000,0.000,0.909,98.8817,170.5373,67
2026-04-24,16:09:21,158627,1,0.0000,-0.0171,0.0081,0.2393,2.9885,0,1.0000,0,0,8.5731,1.5707,-10.0792,-2.6075,168.7916,0.000,0.000,0.906,98.8329,169.5441,67
2026-04-24,16:09:21,158628,1,0.0000,-0.0039,0.0081,0.2393,2.9885,0,1.0000,0,0,8.5834,0.9208,-10.0404,-1.4020,168.8075,0.000,0.000,0.904,98.9249,167.8242,67
2026-04-24,16:09:21,158630,1,0.0000,-0.0118,0.0104,0.3049,2.9885,0,1.0000,0,0,8.6069,0.7675,-10.0333,-0.8681,168.8062,0.000,0.000,0.902,99.1254,166.3638,67
2026-04-24,16:09:21,158631,1,0.0000,-0.0112,0.0083,0.2432,2.9885,0,1.0000,0,0,8.6154,0.4526,-9.9677,0.0184,168.8157,0.000,0.000,0.899,99.2731,165.1102,67
2026-04-24,16:09:21,158632,1,0.0000,-0.0204,0.0088,0.2597,2.9885,0,1.0000,0,0,8.6286,0.4384,-9.9115,0.5444,168.8196,0.000,0.000,0.897,99.4580,163.9453,67
2026-04-24,16:09:21,158632,1,0.0000,-0.0018,0.0090,0.2636,2.9885,0,1.0000,0,0,8.6400,0.3905,-9.8265,1.1529,168.8233,0.000,0.000,0.894,99.8769,161.9928,67
2026-04-24,16:09:21,158633,1,0.0000,0.0027,0.0088,0.2578,2.9885,0,1.0000,0,0,8.6897,0.9884,-9.8426,0.6235,168.8258,0.000,0.000,0.892,100.4157,160.4625,67
2026-04-24,16:09:21,158633,1,0.0000,-0.0066,0.0088,0.2578,2.9885,0,1.0000,0,0,8.7042,0.5108,-9.8760,0.1141,168.8269,0.000,0.000,0.890,101.0032,159.0680,67
2026-04-24,16:09:21,158634,1,0.0000,-0.0146,0.0084,0.2456,2.9885,0,1.0000,0,0,8.6462,-0.7761,-9.8601,0.2285,168.8252,0.000,0.000,0.887,101.7086,157.9739,67
2026-04-24,16:09:21,158635,1,0.0000,0.0087,0.0095,0.2802,2.9884,0,1.0000,0,0,8.6855,-0.3294,-9.7915,0.4181,168.8353,0.000,0.000,0.886,102.2900,156.8393,67
2026-04-24,16:09:21,158638,1,0.0000,0.0028,0.0080,0.2354,2.9884,0,1.0000,0,0,8.7269,0.2261,-9.7208,1.0519,168.8191,0.000,0.000,0.883,101.9336,153.6988,67
2026-04-24,16:09:21,158674,1,0.0000,0.0053,0.0089,0.2617,2.9884,0,1.0000,0,0,8.7277,-0.2460,-9.8648,-3.0666,168.8151,0.000,0.000,0.880,100.2143,149.0575,67
2026-04-24,16:09:21,158710,1,0.0000,-0.0164,0.0092,0.2719,2.9885,0,1.0000,0,0,8.7186,-0.6661,-10.0244,-4.4777,168.8097,0.000,0.000,0.877,98.4688,145.9608,67
2026-04-24,16:09:21,158746,1,0.0000,0.0031,0.0083,0.2456,2.9884,0,1.0000,0,0,8.7358,0.3442,-10.3065,-7.1167,168.7930,0.000,0.000,0.874,97.1630,143.8822,67
2026-04-24,16:09:21,158782,1,0.0000,-0.0117,0.0093,0.2743,2.9885,0,1.0000,0,0,8.6704,-1.4267,-10.5141,-7.3398,168.8020,0.000,0.000,0.870,96.7404,147.4411,67
2026-04-24,16:09:21,158818,1,0.0000,0.0099,0.0085,0.2496,2.9884,0,1.0000,0,0,8.6124,-1.2067,-10.4545,0.6742,168.7777,0.000,0.000,0.867,96.5203,148.8222,67
2026-04-24,16:09:21,158854,1,0.0000,0.0031,0.0098,0.2884,2.9884,0,1.0000,0,0,8.5778,0.0562,-10.2488,4.0458,168.7769,0.000,0.000,0.864,96.0098,147.5070,67
2026-04-24,16:09:21,158890,1,0.0000,0.0067,0.0095,0.2802,2.9884,0,1.0000,0,0,8.6712,2.4687,-10.2850,0.0225,168.7758,0.000,0.000,0.861,95.5428,145.5916,67
2026-04-24,16:09:21,158926,1,0.0000,-0.0083,0.0093,0.2723,2.9884,0,1.0000,0,0,8.7490,2.7141,-10.5921,-6.7748,168.7774,0.000,0.000,0.858,95.1794,143.9203,67
2026-04-24,16:09:21,158962,1,0.0000,0.0033,0.0094,0.2762,2.9884,0,1.0000,0,0,8.7992,1.7056,-10.7851,-5.8244,168.7787,0.000,0.000,0.854,94.5329,139.7361,67
2026-04-24,16:09:21,158998,1,0.0000,0.0038,0.0095,0.2802,2.9884,0,1.0000,0,0,8.8701,2.1855,-10.8966,-3.6215,168.7719,0.000,0.000,0.851,94.1936,137.1793,67
2026-04-24,16:09:21,159034,1,0.0000,-0.0054,0.0085,0.2495,2.9885,0,1.0000,0,0,8.9529,2.6381,-10.7938,1.2428,168.7874,0.000,0.000,0.848,93.9114,134.6573,67
2026-04-24,16:09:21,159070,1,0.0000,-0.0003,0.0080,0.2350,2.9885,0,1.0000,0,0,9.1219,4.6219,-10.7323,1.5727,168.7848,0.000,0.000,0.845,93.6982,133.4071,67
2026-04-24,16:09:21,159106,1,0.0000,0.0015,0.0095,0.2782,2.9885,0,1.0000,0,0,9.3016,4.4647,-10.6404,2.0978,168.7880,0.000,0.000,0.842,93.5978,133.7614,67
2026-04-24,16:09:22,159581,1,0.0000,0.0027,0.0093,0.2723,2.9885,0,1.0000,0,0,9.5290,5.7528,-10.5808,1.9934,168.7897,0.000,0.000,0.839,93.5345,133.6313,67
2026-04-24,16:09:22,159582,1,0.0000,-0.0001,0.0090,0.2635,2.9885,0,1.0000,0,0,9.6615,4.5061,-10.5520,1.5908,168.7822,0.000,0.000,0.837,93.4645,133.3970,67
2026-04-24,16:09:22,159583,1,0.0000,-0.0042,0.0098,0.2890,2.9885,0,1.0000,0,0,9.6963,2.4009,-10.5250,1.3110,168.7821,0.000,0.000,0.834,93.4645,133.3970,67
2026-04-24,16:09:22,159584,1,0.0000,-0.0001,0.0088,0.2597,2.9885,0,1.0000,0,0,9.6534,0.1455,-10.5758,0.3883,168.7817,0.000,0.000,0.832,93.0458,131.8256,67
2026-04-24,16:09:22,159585,1,0.0000,-0.0032,0.0094,0.2762,2.9885,0,1.0000,0,0,9.4921,-2.6927,-10.6033,0.0136,168.7849,0.000,0.000,0.830,92.7935,131.1191,67
2026-04-24,16:09:22,159586,1,0.0000,0.0031,0.0086,0.2520,2.9885,0,1.0000,0,0,9.3681,-3.1974,-10.6047,0.0098,168.7754,0.000,0.000,0.827,92.5739,130.1720,67
2026-04-24,16:09:22,159586,1,0.0000,0.0034,0.0094,0.2762,2.9885,0,1.0000,0,0,9.3101,-2.2291,-10.4622,1.3969,168.7812,0.000,0.000,0.825,92.3856,129.3819,67
2026-04-24,16:09:22,159587,1,0.0000,0.0002,0.0094,0.2762,2.9885,0,1.0000,0,0,9.3460,-0.3689,-10.3280,2.1322,168.7834,0.000,0.000,0.822,92.3188,130.3814,67
2026-04-24,16:09:22,159587,1,0.0000,-0.0133,0.0103,0.3030,2.9885,0,1.0000,0,0,9.3287,-0.4982,-10.2209,2.4047,168.7928,0.000,0.000,0.820,92.3703,133.3304,67
2026-04-24,16:09:22,159588,1,0.0000,0.0040,0.0090,0.2652,2.9885,0,1.0000,0,0,9.2841,-0.9620,-10.2859,0.9954,168.7955,0.000,0.000,0.818,92.4473,135.3543,67
2026-04-24,16:09:22,159589,1,0.0000,-0.0057,0.0120,0.3520,2.9885,0,1.0000,0,0,9.3331,0.3565,-10.3340,0.2961,168.8004,0.000,0.000,0.815,92.5002,137.3540,67
2026-04-24,16:09:22,159590,1,0.0000,-0.0017,0.0106,0.3132,2.9885,0,1.0000,0,0,9.2833,-0.0605,-10.2978,0.3035,168.8105,0.000,0.000,0.813,92.2693,138.0434,67
2026-04-24,16:09:22,159600,1,0.0000,0.0116,0.0094,0.2762,2.9885,0,1.0000,0,0,9.0586,-9.0064,-10.4056,-2.4613,168.8136,0.000,0.000,0.810,92.1507,136.0494,67
2026-04-24,16:09:22,159636,1,0.0000,0.0177,0.0081,0.2393,2.9885,0,1.0000,0,0,8.7361,-10.6426,-10.7825,-9.1767,168.8082,0.000,0.000,0.807,92.2985,142.3320,67
2026-04-24,16:09:22,159672,1,0.0000,-0.0027,0.0102,0.3012,2.9885,0,1.0000,0,0,8.4753,-9.1238,-11.2102,-11.3257,168.7950,0.000,0.000,0.804,91.6791,138.6016,67
2026-04-24,16:09:22,159708,1,0.0000,0.0066,0.0109,0.3197,2.9885,0,1.0000,0,0,8.2083,-10.3275,-11.9556,-20.9891,168.7915,0.000,0.000,0.801,91.5358,136.7901,67
2026-04-24,16:09:22,159744,1,0.0000,-0.0112,0.0110,0.3233,2.9885,0,1.0000,0,0,7.9013,-10.7371,-12.5490,-17.4024,168.8086,0.000,0.000,0.798,91.3962,133.5571,67
2026-04-24,16:09:22,159780,1,0.0000,-0.0108,0.0123,0.3621,2.9885,0,1.0000,0,0,7.5798,-10.6112,-12.7278,-9.8041,168.8003,0.000,0.000,0.794,91.2030,128.8529,67
2026-04-24,16:09:22,159815,1,0.0000,-0.0030,0.0109,0.3216,2.9885,0,1.0000,0,0,7.3279,-7.7969,-12.8492,-5.0548,168.7705,0.000,0.000,0.791,90.9984,123.4190,67
2026-04-24,16:09:22,159850,1,0.0000,0.0051,0.0102,0.3013,2.9885,0,1.0000,0,0,7.1212,-6.6077,-12.8155,-0.7315,168.7843,0.000,0.000,0.788,90.8353,119.0905,67
2026-04-24,16:09:22,159886,1,0.0000,0.0026,0.0107,0.3149,2.9885,0,1.0000,0,0,6.9465,-6.1358,-12.2475,11.2707,168.7620,0.000,0.000,0.785,90.7961,118.7648,67
2026-04-24,16:09:22,159922,1,0.0000,-0.0035,0.0110,0.3233,2.9886,0,1.0000,0,0,6.7763,-5.6511,-12.1266,6.4442,168.7699,0.000,0.000,0.782,90.8190,121.5160,67
2026-04-24,16:09:22,159958,1,0.0000,0.0011,0.0107,0.3149,2.9886,0,1.0000,0,0,6.5794,-6.7865,-11.4435,15.6275,168.7812,0.000,0.000,0.778,90.7690,121.3526,67
2026-04-24,16:09:22,159994,1,0.0000,0.0014,0.0106,0.3115,2.9886,0,1.0000,0,0,6.3720,-6.2634,-11.1010,12.2172,168.7589,0.000,0.000,0.775,90.5461,114.2017,67
2026-04-24,16:09:22,160030,1,0.0000,0.0045,0.0102,0.2999,2.9886,0,1.0000,0,0,6.2543,-4.5815,-10.7775,10.5611,168.7731,0.000,0.000,0.772,90.4365,110.2936,67
2026-04-24,16:09:22,160066,1,0.0000,-0.0035,0.0106,0.3132,2.9886,0,1.0000,0,0,6.0685,-6.2338,-10.8109,2.3578,168.7796,0.000,0.000,0.769,90.4365,110.2190,67
2026-04-24,16:09:23,160542,1,0.0000,0.0054,0.0108,0.3184,2.9886,0,1.0000,0,0,6.0076,-3.7097,-10.8068,1.6438,168.7924,0.000,0.000,0.766,90.5203,114.5434,67
2026-04-24,16:09:23,160543,1,0.0000,-0.0060,0.0120,0.3537,2.9886,0,1.0000,0,0,5.9543,-2.4395,-10.8685,0.4915,168.8103,0.000,0.000,0.764,90.5988,117.9642,67
2026-04-24,16:09:23,160544,1,0.0000,0.0018,0.0112,0.3282,2.9886,0,1.0000,0,0,5.9284,-1.5014,-11.0662,-1.4829,168.8140,0.000,0.000,0.762,90.7367,121.6110,67
2026-04-24,16:09:23,160544,1,0.0000,0.0200,0.0105,0.3097,2.9885,0,1.0000,0,0,5.8826,-1.3792,-11.2205,-2.4532,168.8222,0.000,0.000,0.759,90.8617,122.9553,67
2026-04-24,16:09:23,160545,1,0.0000,-0.0004,0.0100,0.2947,2.9886,0,1.0000,0,0,5.7817,-2.2643,-11.4057,-3.3427,168.8061,0.000,0.000,0.757,90.9985,125.6314,67
2026-04-24,16:09:23,160546,1,0.0000,-0.0054,0.0113,0.3317,2.9886,0,1.0000,0,0,5.7391,-1.6429,-11.4614,-2.7471,168.8168,0.000,0.000,0.754,91.1303,128.8927,67
2026-04-24,16:09:23,160547,1,0.0000,-0.0025,0.0108,0.3167,2.9886,0,1.0000,0,0,5.7195,-0.9647,-11.5761,-2.9637,168.8171,0.000,0.000,0.752,91.2367,130.9254,67
2026-04-24,16:09:23,160548,1,0.0000,-0.0033,0.0116,0.3401,2.9886,0,1.0000,0,0,5.6661,-1.3368,-11.7172,-3.2943,168.8257,0.000,0.000,0.750,91.2958,131.6020,67
2026-04-24,16:09:23,160549,1,0.0000,0.0030,0.0108,0.3167,2.9886,0,1.0000,0,0,5.5873,-1.9457,-11.7969,-2.9701,168.8382,0.000,0.000,0.747,91.2846,129.2613,67
2026-04-24,16:09:23,160550,1,0.0000,0.0104,0.0119,0.3502,2.9885,0,1.0000,0,0,5.5113,-2.0647,-11.8147,-2.1427,168.8198,0.000,0.000,0.745,91.2130,125.2612,67
2026-04-24,16:09:23,160550,1,0.0000,-0.0012,0.0108,0.3181,2.9886,0,1.0000,0,0,5.4270,-2.3626,-11.8011,-1.3324,168.8292,0.000,0.000,0.742,91.1968,124.0279,67
2026-04-24,16:09:23,160551,1,0.0000,-0.0126,0.0128,0.3756,2.9886,0,1.0000,0,0,5.4142,-1.7551,-11.7165,-0.5131,168.8394,0.000,0.000,0.740,91.1975,120.2964,67
2026-04-24,16:09:23,160555,1,0.0000,-0.0069,0.0116,0.3401,2.9886,0,1.0000,0,0,5.4053,-0.9115,-11.6628,0.0725,168.8406,0.000,0.000,0.738,91.1975,120.2964,67
2026-04-24,16:09:23,160591,1,0.0000,0.0127,0.0113,0.3317,2.9885,0,1.0000,0,0,5.4343,1.5528,-11.8200,-3.5456,168.8259,0.000,0.000,0.734,91.0717,116.0714,67
2026-04-24,16:09:23,160627,1,0.0000,0.0076,0.0113,0.3317,2.9886,0,1.0000,0,0,5.4342,-0.6606,-11.8034,-0.8354,168.8146,0.000,0.000,0.731,90.8892,117.9339,67
2026-04-24,16:09:23,160663,1,0.0000,0.0028,0.0100,0.2947,2.9885,0,1.0000,0,0,5.5312,2.8868,-11.7339,1.1048,168.7795,0.000,0.000,0.728,90.8055,119.0101,67
2026-04-24,16:09:23,160699,1,0.0000,-0.0097,0.0116,0.3418,2.9886,0,1.0000,0,0,5.5777,0.9068,-11.5141,5.8338,168.8020,0.000,0.000,0.725,90.8609,121.8654,67
2026-04-24,16:09:23,160734,1,0.0000,0.0041,0.0112,0.3282,2.9886,0,1.0000,0,0,5.5539,-1.3264,-10.9219,13.7623,168.8034,0.000,0.000,0.722,90.9282,124.3406,67
2026-04-24,16:09:23,160770,1,0.0000,-0.0108,0.0110,0.3233,2.9886,0,1.0000,0,0,5.5566,0.2822,-10.1545,20.8674,168.7790,0.000,0.000,0.718,90.9686,126.6827,67
2026-04-24,16:09:23,160806,1,0.0000,0.0060,0.0119,0.3502,2.9886,0,1.0000,0,0,5.4786,-2.1473,-9.8171,13.4706,168.7990,0.000,0.000,0.715,90.9419,130.5464,67
2026-04-24,16:09:23,160842,1,0.0000,-0.0048,0.0110,0.3233,2.9886,0,1.0000,0,0,5.5027,-0.0358,-9.6441,8.6758,168.7519,0.000,0.000,0.712,90.7118,131.1747,67
2026-04-24,16:09:23,160878,1,0.0000,0.0066,0.0106,0.3132,2.9886,0,1.0000,0,0,5.4543,-0.9727,-9.3788,7.5203,168.7895,0.000,0.000,0.709,90.4550,127.8738,67
2026-04-24,16:09:23,160914,1,0.0000,0.0100,0.0096,0.2814,2.9886,0,1.0000,0,0,5.4647,-1.4327,-9.7035,-3.4326,168.7675,0.000,0.000,0.706,90.0752,100.7445,67
2026-04-24,16:09:23,160950,1,0.0000,0.0042,0.0110,0.3233,2.9886,0,1.0000,0,0,5.4574,-0.0145,-9.2295,9.6718,168.7726,0.000,0.000,0.702,89.8294,60.0426,67
2026-04-24,16:09:23,160985,1,0.0000,0.0061,0.0102,0.2996,2.9886,0,1.0000,0,0,5.4172,-2.6753,-8.5888,15.4654,168.7889,0.000,0.000,0.699,89.6861,38.6255,67
2026-04-24,16:09:23,161021,1,0.0000,-0.0103,0.0107,0.3149,2.9886,0,1.0000,0,0,5.3747,-0.8401,-8.3880,9.1316,168.7781,0.000,0.000,0.696,89.6642,38.2081,67
2026-04-24,16:09:24,161501,1,0.0000,-0.0072,0.0113,0.3334,2.9886,0,1.0000,0,0,5.3481,-0.6682,-8.4260,5.0734,168.7845,0.000,0.000,0.693,89.7206,34.8112,67
2026-04-24,16:09:24,161502,1,0.0000,0.0049,0.0116,0.3418,2.9886,0,1.0000,0,0,5.3336,-0.5602,-8.5538,2.2381,168.7882,0.000,0.000,0.690,89.7715,22.9770,67
2026-04-24,16:09:24,161503,1,0.0000,-0.0017,0.0119,0.3502,2.9886,0,1.0000,0,0,5.3267,-0.3560,-8.7088,0.1342,168.8027,0.000,0.000,0.688,89.8187,-14.6248,67
2026-04-24,16:09:24,161503,1,0.0000,-0.0009,0.0110,0.3233,2.9886,0,1.0000,0,0,5.3151,-0.3115,-8.8876,-1.6468,168.7888,0.000,0.000,0.686,89.7696,-24.1096,67
2026-04-24,16:09:24,161504,1,0.0000,-0.0075,0.0109,0.3216,2.9886,0,1.0000,0,0,5.3089,-0.2071,-9.1148,-3.2077,168.7847,0.000,0.000,0.683,89.6967,-37.3192,67
2026-04-24,16:09:24,161504,1,0.0000,-0.0022,0.0111,0.3250,2.9886,0,1.0000,0,0,5.3267,0.1510,-9.2561,-3.5060,168.7840,0.000,0.000,0.681,89.6914,-50.1799,67
2026-04-24,16:09:24,161505,1,0.0000,0.0113,0.0106,0.3114,2.9886,0,1.0000,0,0,5.2507,-1.3665,-9.3464,-2.8918,168.7834,0.000,0.000,0.678,89.6877,-58.4809,67
2026-04-24,16:09:24,161506,1,0.0000,-0.0109,0.0106,0.3132,2.9886,0,1.0000,0,0,5.2150,-1.0576,-9.4003,-2.5184,168.8053,0.000,0.000,0.675,89.5872,-55.9490,67
2026-04-24,16:09:24,161507,1,0.0000,-0.0014,0.0101,0.2964,2.9886,0,1.0000,0,0,5.2184,-0.3940,-9.5551,-3.1356,168.8057,0.000,0.000,0.673,89.5460,-53.7625,67
2026-04-24,16:09:24,161508,1,0.0000,-0.0013,0.0113,0.3334,2.9886,0,1.0000,0,0,5.2085,-0.4177,-9.7519,-3.9923,168.8127,0.000,0.000,0.670,89.5297,-51.3726,67
2026-04-24,16:09:24,161509,1,0.0000,-0.0093,0.0117,0.3452,2.9886,0,1.0000,0,0,5.1541,-1.1007,-9.9575,-4.6384,168.7916,0.000,0.000,0.668,89.5732,-53.7298,67
2026-04-24,16:09:24,161510,1,0.0000,0.0150,0.0099,0.2912,2.9885,0,1.0000,0,0,5.1257,-0.8777,-10.0976,-4.4846,168.7941,0.000,0.000,0.666,89.8339,-75.2744,67
2026-04-24,16:09:24,161515,1,0.0000,-0.0081,0.0112,0.3300,2.9886,0,1.0000,0,0,5.0732,-0.9496,-10.3884,-7.4250,168.7974,0.000,0.000,0.664,90.0115,-91.0373,67
2026-04-24,16:09:24,161550,1,0.0000,-0.0026,0.0119,0.3502,2.9886,0,1.0000,0,0,5.0945,1.7758,-11.1492,-18.6931,168.8008,0.000,0.000,0.661,90.0190,-91.9752,67
2026-04-24,16:09:24,161586,1,0.0000,-0.0106,0.0117,0.3435,2.9886,0,1.0000,0,0,5.1932,2.7992,-11.8566,-19.9687,168.7946,0.000,0.000,0.658,90.0239,-92.6295,67
2026-04-24,16:09:24,161622,1,0.0000,-0.0056,0.0124,0.3638,2.9886,0,1.0000,0,0,5.2025,1.2416,-12.2812,-14.9999,168.7727,0.000,0.000,0.654,90.0837,-99.9574,67
2026-04-24,16:09:24,161657,1,0.0000,-0.0012,0.0106,0.3132,2.9886,0,1.0000,0,0,5.1935,0.2446,-12.1231,-1.7337,168.7912,0.000,0.000,0.651,90.0837,-99.9574,67
2026-04-24,16:09:24,161692,1,0.0000,-0.0000,0.0111,0.3250,2.9886,0,1.0000,0,0,5.2312,1.2745,-11.6900,9.4829,168.7654,0.000,0.000,0.648,90.4117,-128.6006,67
2026-04-24,16:09:24,161728,1,0.0000,-0.0032,0.0122,0.3586,2.9886,0,1.0000,0,0,5.1979,-0.8058,-10.9773,17.2258,168.7912,0.000,0.000,0.645,90.5726,-131.1006,67
2026-04-24,16:09:24,161764,1,0.0000,-0.0029,0.0120,0.3519,2.9886,0,1.0000,0,0,5.2445,0.4089,-10.2397,20.1294,168.7854,0.000,0.000,0.642,90.6025,-133.0736,67
2026-04-24,16:09:24,161800,1,0.0000,0.0004,0.0119,0.3502,2.9886,0,1.0000,0,0,5.2625,0.8416,-10.0717,10.6493,168.7815,0.000,0.000,0.638,90.6839,-141.8016,67
2026-04-24,16:09:24,161835,1,0.0000,0.0008,0.0106,0.3132,2.9886,0,1.0000,0,0,5.2559,-0.0883,-10.0180,3.2880,168.7851,0.000,0.000,0.635,90.7143,-146.1623,67
2026-04-24,16:09:24,161871,1,0.0000,-0.0052,0.0103,0.3031,2.9886,0,1.0000,0,0,5.2800,0.1796,-10.6409,-12.2899,168.7696,0.000,0.000,0.632,90.7909,-153.6173,67
2026-04-24,16:09:24,161907,1,0.0000,-0.0001,0.0115,0.3384,2.9886,0,1.0000,0,0,5.2916,0.3403,-10.9933,-11.4012,168.8001,0.000,0.000,0.629,90.9241,-157.9683,67
2026-04-24,16:09:24,161943,1,0.0000,0.0093,0.0110,0.3233,2.9886,0,1.0000,0,0,5.3506,1.3723,-11.3037,-9.5635,168.7738,0.000,0.000,0.626,91.0594,-157.4904,67
2026-04-24,16:09:24,161979,1,0.0000,0.0061,0.0116,0.3418,2.9886,0,1.0000,0,0,5.3288,-0.1090,-10.9425,4.8564,168.7793,0.000,0.000,0.622,91.0479,-153.0077,67
2026-04-24,16:09:25,162904,1,0.0000,0.0036,0.0117,0.3435,2.9886,0,1.0000,0,0,5.2959,-0.6971,-10.9227,3.4711,168.7840,0.000,0.000,0.620,91.0076,-149.5405,67
2026-04-24,16:09:25,162906,1,0.0000,0.0133,0.0116,0.3401,2.9886,0,1.0000,0,0,5.2866,-0.4304,-10.9151,2.5057,168.7876,0.000,0.000,0.618,90.9785,-148.0552,67
2026-04-24,16:09:25,162907,1,0.0000,0.0020,0.0122,0.3586,2.9886,0,1.0000,0,0,5.2757,-0.2366,-10.7768,2.9896,168.7978,0.000,0.000,0.615,91.0425,-148.9411,67
2026-04-24,16:09:25,162908,1,0.0000,0.0117,0.0106,0.3132,2.9886,0,1.0000,0,0,5.2407,-0.6389,-10.6866,2.8309,168.7969,0.000,0.000,0.613,91.2865,-154.2261,67
2026-04-24,16:09:25,162908,1,0.0000,0.0068,0.0107,0.3149,2.9886,0,1.0000,0,0,5.2379,-0.4715,-10.6097,2.6323,168.8051,0.000,0.000,0.610,91.6710,-157.8282,67
2026-04-24,16:09:25,162909,1,0.0000,0.0066,0.0108,0.3166,2.9886,0,1.0000,0,0,5.2250,-0.5008,-10.5977,1.8788,168.8021,0.000,0.000,0.608,92.0273,-159.8388,67
2026-04-24,16:09:25,162910,1,0.0000,0.0116,0.0113,0.3334,2.9886,0,1.0000,0,0,5.2355,0.0477,-10.6166,1.0837,168.8103,0.000,0.000,0.606,92.0644,-158.7834,67
2026-04-24,16:09:25,162911,1,0.0000,-0.0092,0.0117,0.3435,2.9886,0,1.0000,0,0,5.2638,0.6107,-10.6081,0.8821,168.8066,0.000,0.000,0.603,91.9991,-156.9394,67
2026-04-24,16:09:25,162912,1,0.0000,-0.0041,0.0107,0.3149,2.9886,0,1.0000,0,0,5.3365,1.3547,-10.5540,1.0198,168.8123,0.000,0.000,0.600,91.8798,-157.0050,67
2026-04-24,16:09:25,162912,1,0.0000,-0.0057,0.0114,0.3350,2.9886,0,1.0000,0,0,5.3946,1.6696,-10.5894,0.3350,168.8118,0.000,0.000,0.598,92.0141,-161.2417,67
2026-04-24,16:09:25,162913,1,0.0000,-0.0021,0.0117,0.3451,2.9886,0,1.0000,0,0,5.4648,1.8282,-10.6621,-0.4632,168.8198,0.000,0.000,0.595,92.2181,-164.4035,67
2026-04-24,16:09:25,162913,1,0.0000,-0.0004,0.0120,0.3538,2.9886,0,1.0000,0,0,5.5380,1.6012,-10.6539,-0.3900,168.8280,0.000,0.000,0.594,92.5384,-168.0730,67
2026-04-24,16:09:25,162914,1,0.0000,-0.0103,0.0125,0.3688,2.9886,0,1.0000,0,0,5.5875,1.5436,-10.7160,-0.8110,168.8305,0.000,0.000,0.591,92.6208,-171.3151,67
2026-04-24,16:09:25,162916,1,0.0000,0.0011,0.0127,0.3736,2.9886,0,1.0000,0,0,5.6085,1.0325,-10.6813,-0.2124,168.8293,0.000,0.000,0.589,92.6112,-174.4228,67
2026-04-24,16:09:25,162917,1,0.0000,0.0006,0.0124,0.3651,2.9886,0,1.0000,0,0,5.5421,-0.8527,-10.6477,0.1597,168.8418,0.000,0.000,0.586,92.5973,-175.5367,67
2026-04-24,16:09:25,162918,1,0.0000,-0.0102,0.0131,0.3842,2.9886,0,1.0000,0,0,5.4248,-2.4597,-10.6941,-0.3649,168.8542,0.000,0.000,0.584,92.6401,-174.4670,67
2026-04-24,16:09:25,162918,1,0.0000,0.0065,0.0113,0.3333,2.9886,0,1.0000,0,0,5.3248,-2.2419,-10.8582,-1.8277,168.8595,0.000,0.000,0.581,92.7171,-174.7578,67
2026-04-24,16:09:25,162919,1,0.0000,0.0064,0.0109,0.3201,2.9886,0,1.0000,0,0,5.2438,-2.0218,-11.1265,-3.5970,168.8469,0.000,0.000,0.578,92.7989,-175.4988,67
2026-04-24,16:09:25,162919,1,0.0000,-0.0023,0.0138,0.4059,2.9886,0,1.0000,0,0,5.2062,-1.4144,-11.2816,-3.9320,168.8400,0.000,0.000,0.575,92.9301,-174.9075,67
2026-04-24,16:09:25,162920,1,0.0000,0.0070,0.0107,0.3148,2.9886,0,1.0000,0,0,5.1583,-1.4803,-11.4017,-3.8498,168.8474,0.000,0.000,0.573,93.0363,-174.2437,67
2026-04-24,16:09:25,162921,1,0.0000,0.0043,0.0106,0.3132,2.9886,0,1.0000,0,0,5.1216,-1.3029,-11.5492,-3.9968,168.8530,0.000,0.000,0.570,93.0794,-172.1386,67
2026-04-24,16:09:25,162922,1,0.0000,-0.0072,0.0130,0.3820,2.9886,0,1.0000,0,0,5.0663,-1.3869,-11.6623,-3.8686,168.8506,0.000,0.000,0.568,92.9458,-168.4499,67
2026-04-24,16:09:25,162923,1,0.0000,0.0115,0.0116,0.3402,2.9886,0,1.0000,0,0,5.0372,-1.1187,-11.6633,-2.5872,168.8427,0.000,0.000,0.566,92.7923,-165.7847,67
2026-04-24,16:09:25,162923,1,0.0000,0.0063,0.0120,0.3519,2.9886,0,1.0000,0,0,5.0381,-0.7002,-11.5586,-1.1339,168.8485,0.000,0.000,0.563,92.6150,-166.9924,67
2026-04-24,16:09:25,162924,1,0.0000,0.0011,0.0132,0.3889,2.9886,0,1.0000,0,0,5.0209,-1.6851,-11.3443,4.4417,168.8614,0.000,0.000,0.561,92.7450,-170.3521,67
2026-04-24,16:09:25,162951,1,0.0000,0.0085,0.0116,0.3418,2.9886,0,1.0000,0,0,4.9263,-3.5098,-10.8477,11.4432,168.8498,0.000,0.000,0.558,92.9335,-174.6576,67
2026-04-24,16:09:26,163441,1,0.0000,-0.0065,0.0132,0.3874,2.9887,0,1.0000,0,0,4.8840,-2.3240,-10.5726,10.5596,168.8529,0.000,0.000,0.555,93.0321,-177.6471,67
2026-04-24,16:09:26,163442,1,0.0000,-0.0090,0.0110,0.3232,2.9887,0,1.0000,0,0,4.8415,-1.6470,-10.3440,9.2982,168.8395,0.000,0.000,0.553,93.1064,179.9555,67
2026-04-24,16:09:26,163443,1,0.0000,0.0008,0.0135,0.3975,2.9887,0,1.0000,0,0,4.7985,-1.3818,-10.1662,8.0181,168.8344,0.000,0.000,0.550,93.2331,179.6612,67
2026-04-24,16:09:26,163443,1,0.0000,-0.0013,0.0126,0.3704,2.9887,0,1.0000,0,0,4.7541,-1.3797,-10.1233,5.8577,168.8427,0.000,0.000,0.548,93.3201,-178.7893,67
2026-04-24,16:09:26,163444,1,0.0000,0.0097,0.0132,0.3874,2.9887,0,1.0000,0,0,4.7214,-0.8111,-10.0140,4.6093,168.8414,0.000,0.000,0.545,93.3099,-175.7568,67
2026-04-24,16:09:26,163445,1,0.0000,0.0115,0.0123,0.3603,2.9887,0,1.0000,0,0,4.6945,-0.6791,-9.7844,4.8908,168.8341,0.000,0.000,0.542,93.2522,-171.6532,67
2026-04-24,16:09:26,163445,1,0.0000,-0.0034,0.0129,0.3789,2.9887,0,1.0000,0,0,4.6588,-0.6041,-9.7904,2.7196,168.8280,0.000,0.000,0.538,93.2442,-168.6094,67
2026-04-24,16:09:26,163446,1,0.0000,0.0061,0.0123,0.3603,2.9887,0,1.0000,0,0,4.6332,-0.6742,-9.7879,1.6899,168.8289,0.000,0.000,0.535,93.3534,-168.6278,67
2026-04-24,16:09:26,163447,1,0.0000,-0.0049,0.0136,0.3989,2.9887,0,1.0000,0,0,4.5634,-1.3567,-9.8004,0.7955,168.8114,0.000,0.000,0.532,93.5707,-169.0412,67
2026-04-24,16:09:26,163448,1,0.0000,-0.0069,0.0135,0.3975,2.9887,0,1.0000,0,0,4.5409,-0.9527,-9.9824,-1.2247,168.8052,0.000,0.000,0.530,93.6971,-170.2763,67
2026-04-24,16:09:26,163449,1,0.0000,-0.0129,0.0134,0.3946,2.9887,0,1.0000,0,0,4.5560,-0.3112,-10.1867,-2.3887,168.8040,0.000,0.000,0.527,93.7530,-174.9003,67
2026-04-24,16:09:26,163450,1,0.0000,-0.0102,0.0135,0.3960,2.9887,0,1.0000,0,0,4.5420,-0.3761,-10.3049,-2.6946,168.8062,0.000,0.000,0.526,93.6502,-176.6121,67
2026-04-24,16:09:26,163476,1,0.0000,-0.0025,0.0131,0.3846,2.9887,0,1.0000,0,0,4.4729,-2.1205,-10.5834,-6.0295,168.8082,0.000,0.000,0.522,93.4529,-178.8301,67
2026-04-24,16:09:26,163512,1,0.0000,0.0016,0.0136,0.3989,2.9887,0,1.0000,0,0,4.3907,-3.3229,-10.4308,1.1480,168.7981,0.000,0.000,0.519,93.2828,-178.8618,67
2026-04-24,16:09:26,163548,1,0.0000,-0.0019,0.0133,0.3903,2.9887,0,1.0000,0,0,4.2739,-3.3796,-10.7042,-4.9006,168.7986,0.000,0.000,0.516,93.3065,-175.7145,67
2026-04-24,16:09:26,163583,1,0.0000,-0.0097,0.0136,0.3989,2.9887,0,1.0000,0,0,4.2014,-2.2255,-11.0356,-9.8365,168.8119,0.000,0.000,0.513,93.3013,-171.2240,67
2026-04-24,16:09:26,163619,1,0.0000,0.0070,0.0131,0.3845,2.9887,0,1.0000,0,0,4.1194,-2.9975,-11.6218,-14.2289,168.8029,0.000,0.000,0.510,93.2623,-166.6163,67
2026-04-24,16:09:26,163655,1,0.0000,0.0037,0.0141,0.4160,2.9887,0,1.0000,0,0,4.0524,-1.7393,-11.8010,-7.2293,168.8065,0.000,0.000,0.506,93.2479,-163.3441,67
2026-04-24,16:09:26,163691,1,0.0000,0.0069,0.0138,0.4060,2.9887,0,1.0000,0,0,4.0092,-0.5579,-11.8291,-3.7736,168.7988,0.000,0.000,0.503,93.2336,-158.1175,67
2026-04-24,16:09:26,163728,1,0.0000,0.0109,0.0137,0.4016,2.9887,0,1.0000,0,0,3.9687,-1.4992,-12.0055,-4.8784,168.7997,0.000,0.000,0.500,93.2288,-154.0831,67
2026-04-24,16:09:26,163763,1,0.0000,-0.0016,0.0126,0.3703,2.9887,0,1.0000,0,0,3.9357,-1.3488,-12.4107,-10.1733,168.8059,0.000,0.000,0.497,93.3269,-152.1155,67
2026-04-24,16:09:26,163799,1,0.0000,-0.0040,0.0135,0.3975,2.9887,0,1.0000,0,0,3.9302,0.8844,-12.7125,-9.7681,168.8095,0.000,0.000,0.494,93.5938,-149.6532,67
2026-04-24,16:09:26,163835,1,0.0000,0.0078,0.0140,0.4104,2.9887,0,1.0000,0,0,3.9026,-1.8759,-12.7995,-3.9386,168.8107,0.000,0.000,0.490,93.7677,-147.4091,67
2026-04-24,16:09:26,163871,1,0.0000,-0.0101,0.0136,0.3989,2.9887,0,1.0000,0,0,3.8855,-0.3150,-12.2134,11.1410,168.8001,0.000,0.000,0.487,94.2216,-143.8487,67
2026-04-24,16:09:26,163907,1,0.0000,-0.0111,0.0126,0.3703,2.9887,0,1.0000,0,0,3.8455,-0.7110,-11.6367,13.5673,168.7941,0.000,0.000,0.484,94.3416,-142.1473,67
2026-04-24,16:09:26,163943,1,0.0000,-0.0143,0.0149,0.4389,2.9887,0,1.0000,0,0,3.8314,1.2207,-11.9098,-0.8062,168.7856,0.000,0.000,0.481,94.7014,-130.9107,67
2026-04-24,16:09:27,164431,1,0.0000,0.0047,0.0123,0.3618,2.9887,0,1.0000,0,0,3.9459,2.0338,-11.9363,-0.7519,168.8013,0.000,0.000,0.478,94.7936,-126.0894,67
2026-04-24,16:09:27,164432,1,0.0000,0.0020,0.0126,0.3720,2.9886,0,1.0000,0,0,3.6402,-5.2689,-11.9582,-0.7281,168.7922,0.000,0.000,0.475,94.8845,-123.1185,67
2026-04-24,16:09:27,164433,1,0.0000,0.0004,0.0118,0.3471,2.9886,0,1.0000,0,0,3.0480,-11.8932,-11.9407,-0.3221,168.8044,0.000,0.000,0.473,95.2902,-117.5464,67
2026-04-24,16:09:27,164434,1,0.0000,0.0147,0.0117,0.3434,2.9886,0,1.0000,0,0,2.9395,-6.9290,-11.8504,0.6671,168.7917,0.000,0.000,0.470,95.9293,-115.8626,67
2026-04-24,16:09:27,164435,1,0.0000,-0.0065,0.0103,0.3030,2.9885,0,1.0000,0,0,2.6021,-8.5927,-11.8851,-0.0548,168.8015,0.000,0.000,0.467,97.5358,-114.8961,67
2026-04-24,16:09:27,164436,1,0.0000,-0.0021,0.0106,0.3132,2.9885,0,1.0000,0,0,2.1874,-9.5074,-12.0275,-1.3021,168.8057,0.000,0.000,0.465,98.5169,-113.7216,67
2026-04-24,16:09:27,164436,1,0.0000,-0.0031,0.0095,0.2780,2.9885,0,1.0000,0,0,2.5333,2.4812,-12.0963,-1.5412,168.7897,0.000,0.000,0.462,99.5617,-115.0792,67
2026-04-24,16:09:27,164437,1,0.0000,-0.0055,0.0106,0.3132,2.9885,0,1.0000,0,0,2.9649,7.5958,-12.1451,-1.4237,168.8229,0.000,0.000,0.459,101.4965,-117.9509,67
2026-04-24,16:09:27,164438,1,0.0000,0.0061,0.0085,0.2504,2.9885,0,1.0000,0,0,2.9591,2.2572,-12.1798,-1.1811,168.8190,0.000,0.000,0.456,102.8055,-118.7714,67
2026-04-24,16:09:27,164440,1,0.0000,-0.0007,0.0100,0.2947,2.9885,0,1.0000,0,0,3.2301,4.3700,-12.3069,-2.0586,168.8041,0.000,0.000,0.453,105.0889,-121.2517,67
2026-04-24,16:09:27,164441,1,0.0000,0.0175,0.0082,0.2414,2.9884,0,1.0000,0,0,2.0786,-6.1193,-12.7523,-3.9766,168.8605,0.000,0.000,0.450,111.8660,-127.3750,67
2026-04-24,16:09:27,164441,1,0.0000,-0.0011,0.0079,0.2332,2.9884,0,1.0000,0,0,0.7285,-21.3333,-13.0320,-4.9689,168.8482,0.000,0.000,0.448,118.4868,-130.3930,67
2026-04-24,16:09:27,164465,1,0.0000,-0.0083,0.0103,0.3028,2.9884,0,1.0000,0,0,0.6627,12.2085,-13.2008,-4.3962,168.8877,0.000,0.000,0.445,120.1601,-127.4412,67
2026-04-24,16:09:27,164501,1,0.0000,0.0147,0.0081,0.2373,2.9884,0,1.0000,0,0,1.9553,41.3368,-13.0826,2.0680,168.7558,0.000,0.000,0.442,116.8493,-118.3291,67
2026-04-24,16:09:27,164537,1,0.0000,0.0007,0.0088,0.2578,2.9884,0,1.0000,0,0,3.8181,58.7802,-12.5688,10.6823,168.8123,0.000,0.000,0.438,118.6756,-120.8554,67
2026-04-24,16:09:27,164573,1,0.0000,-0.0054,0.0083,0.2455,2.9884,0,1.0000,0,0,5.6884,52.8034,-11.9156,16.4341,168.7682,0.000,0.000,0.435,119.2307,-123.0255,67
2026-04-24,16:09:27,164609,1,0.0000,0.0004,0.0094,0.2762,2.9884,0,1.0000,0,0,7.2979,44.7894,-11.4732,13.8838,168.7656,0.000,0.000,0.432,116.8479,-120.9590,67
2026-04-24,16:09:27,164645,1,0.0000,0.0099,0.0093,0.2742,2.9884,0,1.0000,0,0,8.4283,28.0017,-11.6213,0.2059,168.7591,0.000,0.000,0.429,115.9340,-120.7481,67
2026-04-24,16:09:27,164681,1,0.0000,-0.0040,0.0079,0.2311,2.9885,0,1.0000,0,0,8.9646,12.1167,-11.7560,-2.2387,168.7867,0.000,0.000,0.426,113.8483,-120.6980,67
2026-04-24,16:09:27,164717,1,0.0000,-0.0028,0.0095,0.2801,2.9885,0,1.0000,0,0,8.9333,-6.8645,-12.3334,-12.8001,168.8413,0.000,0.000,0.422,109.2222,-116.7463,67
2026-04-24,16:09:27,164753,1,0.0000,-0.0015,0.0100,0.2929,2.9885,0,1.0000,0,0,8.4835,-14.1027,-12.7351,-13.4400,168.8797,0.000,0.000,0.428,105.1626,-113.1403,67
2026-04-24,16:09:27,164789,1,0.0000,-0.0077,0.0092,0.2707,2.9885,0,1.0000,0,0,7.8267,-20.8012,-12.6704,-2.3789,168.8667,0.000,0.000,0.425,102.2505,-109.9262,67
2026-04-24,16:09:27,164825,1,0.0000,0.0035,0.0096,0.2809,2.9885,0,1.0000,0,0,7.2131,-19.2773,-12.5212,1.9100,168.8133,0.000,0.000,0.439,98.6902,-105.3847,67
2026-04-24,16:09:27,164861,1,0.0000,-0.0041,0.0104,0.3048,2.9885,0,1.0000,0,0,7.0097,-9.1747,-12.8034,-5.0910,168.8240,0.000,0.000,0.462,96.6943,-102.6647,67
2026-04-24,16:09:27,164897,1,0.0000,0.0100,0.0093,0.2744,2.9885,0,1.0000,0,0,6.6937,-11.1163,-12.7779,-1.6510,168.8382,0.000,0.000,0.468,95.4219,-100.8806,67
2026-04-24,16:09:28,165385,1,0.0000,-0.0050,0.0111,0.3266,2.9886,0,1.0000,0,0,6.5758,-6.3760,-12.8990,-2.5291,168.8323,0.000,0.000,0.466,94.8310,-100.2959,67
2026-04-24,16:09:28,165386,1,0.0000,-0.0036,0.0104,0.3066,2.9886,0,1.0000,0,0,6.1072,-10.6449,-13.2003,-4.5686,168.8306,0.000,0.000,0.462,94.8765,-100.7510,67
2026-04-24,16:09:28,165388,1,0.0000,0.0070,0.0109,0.3197,2.9885,0,1.0000,0,0,5.3588,-17.7326,-13.6452,-7.4555,168.8365,0.000,0.000,0.460,94.7649,-100.4332,67
2026-04-24,16:09:28,165389,1,0.0000,-0.0080,0.0117,0.3454,2.9885,0,1.0000,0,0,4.6613,-19.2116,-14.0218,-8.5776,168.8402,0.000,0.000,0.458,94.4014,-99.2575,67
2026-04-24,16:09:28,165389,1,0.0000,0.0053,0.0097,0.2864,2.9885,0,1.0000,0,0,3.9639,-20.3437,-14.2718,-8.1880,168.8389,0.000,0.000,0.455,94.2886,-98.6255,67
2026-04-24,16:09:28,165390,1,0.0000,0.0030,0.0076,0.2229,2.9885,0,1.0000,0,0,3.1614,-22.8629,-14.5000,-7.7967,168.8289,0.000,0.000,0.453,93.8186,-97.3084,67
2026-04-24,16:09:28,165390,1,0.0000,-0.0071,0.0083,0.2453,2.9884,0,1.0000,0,0,2.1592,-26.5484,-14.9077,-9.1960,168.8456,0.000,0.000,0.450,93.0760,-95.3780,67
2026-04-24,16:09:28,165391,1,0.0000,-0.0194,0.0088,0.2578,2.9885,0,1.0000,0,0,1.7611,-17.0413,-15.3002,-10.0066,168.8288,0.000,0.000,0.448,92.2286,-93.7249,67
2026-04-24,16:09:28,165393,1,0.0000,0.0011,0.0091,0.2684,2.9885,0,1.0000,0,0,2.7958,12.3247,-15.5351,-8.1007,168.8209,0.000,0.000,0.445,91.2142,-91.9185,67
2026-04-24,16:09:28,165394,1,0.0000,0.0062,0.0076,0.2249,2.9884,0,1.0000,0,0,3.5474,17.8950,-15.6087,-6.2199,168.8337,0.000,0.000,0.442,92.3021,-93.6590,67
2026-04-24,16:09:28,165395,1,0.0000,0.0058,0.0094,0.2762,2.9885,0,1.0000,0,0,4.2758,20.7072,-15.4886,-3.0205,168.8319,0.000,0.000,0.440,92.9046,-94.6835,67
2026-04-24,16:09:28,165395,1,0.0000,-0.0149,0.0106,0.3132,2.9885,0,1.0000,0,0,6.7924,28.8892,-14.9797,0.1636,168.8650,0.000,0.000,0.446,97.2126,-101.3828,67
2026-04-24,16:09:28,165396,1,0.0000,-0.0114,0.0119,0.3503,2.9886,0,1.0000,0,0,8.3763,37.4045,-14.6091,2.7001,168.8924,0.000,0.000,0.462,99.2376,-104.2539,67
2026-04-24,16:09:28,165419,1,0.0000,-0.0030,0.0123,0.3620,2.9886,0,1.0000,0,0,8.3685,-11.1201,-15.5855,-24.0829,168.8515,0.000,0.000,0.494,100.8211,-106.2495,67
2026-04-24,16:09:28,165455,1,0.0000,0.0082,0.0102,0.3014,2.9886,0,1.0000,0,0,7.0767,-38.7087,-16.8690,-32.8891,168.8920,0.000,0.000,0.526,101.0069,-106.4424,67
2026-04-24,16:09:28,165491,1,0.0000,-0.0100,0.0134,0.3939,2.9886,0,1.0000,0,0,5.4254,-50.6308,-17.9995,-34.0574,168.8756,0.000,0.000,0.558,100.5931,-106.0224,67
2026-04-24,16:09:28,165528,1,0.0000,0.0019,0.0101,0.2981,2.9886,0,1.0000,0,0,3.9798,-42.1061,-19.0145,-32.6057,168.8803,0.000,0.000,0.564,99.9326,-105.3620,67
2026-04-24,16:09:28,165563,1,0.0000,-0.0032,0.0126,0.3704,2.9886,0,1.0000,0,0,3.4984,-11.4532,-19.1973,-13.0484,168.8161,0.000,0.000,0.561,99.5359,-105.3937,67
2026-04-24,16:09:28,165599,1,0.0000,0.0084,0.0116,0.3418,2.9886,0,1.0000,0,0,3.4950,-4.8993,-18.6690,4.8987,168.8249,0.000,0.000,0.558,98.8140,-105.0113,67
2026-04-24,16:09:28,165635,1,0.0000,-0.0000,0.0113,0.3317,2.9886,0,1.0000,0,0,3.5467,2.3616,-19.3447,-14.6298,168.8490,0.000,0.000,0.554,97.9696,-104.1948,67
2026-04-24,16:09:28,165671,1,0.0000,-0.0041,0.0120,0.3535,2.9886,0,1.0000,0,0,3.4088,-8.8625,-19.1744,1.6091,168.8482,0.000,0.000,0.551,96.8877,-103.0253,67
2026-04-24,16:09:28,165707,1,0.0000,0.0298,0.0086,0.2541,2.9885,0,1.0000,0,0,2.7433,-20.2665,-18.4969,13.3505,168.8407,0.000,0.000,0.548,95.9670,-101.7082,67
2026-04-24,16:09:28,165743,1,0.0000,0.0030,0.0079,0.2332,2.9884,0,1.0000,0,0,1.1464,-45.8971,-18.0787,14.1809,168.8686,0.000,0.000,0.545,95.0631,-100.1714,67
2026-04-24,16:09:28,165779,1,0.0000,0.0023,0.0073,0.2147,2.9884,0,1.0000,0,0,-1.0523,-55.5576,-17.7598,13.5563,168.8527,0.000,0.000,0.542,93.9849,-97.6244,67
2026-04-24,16:09:28,165815,1,0.0000,0.0051,0.0081,0.2394,2.9884,0,1.0000,0,0,-2.8007,-35.4176,-16.5815,30.9245,168.8706,0.000,0.000,0.538,91.3286,-92.3331,67
2026-04-24,16:09:29,166754,1,0.0000,-0.0093,0.0090,0.2660,2.9884,0,1.0000,0,0,-3.4143,-17.3573,-16.0765,24.0595,168.8291,0.000,0.000,0.535,87.7398,-86.3359,67
2026-04-24,16:09:29,166755,1,0.0000,0.0026,0.0081,0.2373,2.9884,0,1.0000,0,0,-2.2299,13.5980,-15.4878,21.9564,168.8393,0.000,0.000,0.533,87.8927,-86.6741,67
2026-04-24,16:09:29,166756,1,0.0000,-0.0083,0.0086,0.2537,2.9884,0,1.0000,0,0,-0.8292,29.6583,-14.9080,20.4167,168.8385,0.000,0.000,0.530,86.6799,-84.7194,67
2026-04-24,16:09:29,166756,1,0.0000,0.0010,0.0072,0.2127,2.9884,0,1.0000,0,0,1.1845,42.8490,-14.1469,19.7166,168.8315,0.000,0.000,0.527,86.8332,-84.8446,67
2026-04-24,16:09:29,166757,1,0.0000,-0.0014,0.0074,0.2189,2.9884,0,1.0000,0,0,2.6279,36.3271,-13.4244,18.7502,168.8385,0.000,0.000,0.524,88.5509,-87.5602,67
2026-04-24,16:09:29,166758,1,0.0000,-0.0013,0.0076,0.2230,2.9884,0,1.0000,0,0,3.5920,31.9775,-12.8362,18.5131,168.8223,0.000,0.000,0.522,90.3331,-90.5742,67
2026-04-24,16:09:29,166760,1,0.0000,0.0055,0.0086,0.2516,2.9884,0,1.0000,0,0,4.1997,23.2093,-12.3438,17.0833,168.8411,0.000,0.000,0.519,91.8197,-93.1770,67
2026-04-24,16:09:29,166761,1,0.0000,0.0002,0.0081,0.2394,2.9884,0,1.0000,0,0,4.6976,14.8525,-11.7626,15.7343,168.8311,0.000,0.000,0.516,93.4561,-96.0933,67
2026-04-24,16:09:29,166762,1,0.0000,-0.0040,0.0086,0.2538,2.9884,0,1.0000,0,0,5.1168,13.9415,-11.3833,14.5015,168.8430,0.000,0.000,0.514,94.1118,-97.3263,67
2026-04-24,16:09:29,166763,1,0.0000,0.0014,0.0102,0.3009,2.9884,0,1.0000,0,0,5.7879,15.9369,-10.9407,12.7798,168.8438,0.000,0.000,0.519,94.3919,-98.0953,67
2026-04-24,16:09:29,166763,1,0.0000,0.0067,0.0092,0.2719,2.9885,0,1.0000,0,0,6.5860,20.8042,-10.7175,10.8372,168.8369,0.000,0.000,0.517,94.1649,-97.9355,67
2026-04-24,16:09:29,166764,1,0.0000,-0.0093,0.0093,0.2724,2.9885,0,1.0000,0,0,7.9492,23.3489,-10.4204,10.3471,168.8845,0.000,0.000,0.516,94.1031,-98.3384,67
2026-04-24,16:09:29,166764,1,0.0000,-0.0058,0.0106,0.3132,2.9885,0,1.0000,0,0,8.9434,26.5618,-10.3272,7.8012,168.9052,0.000,0.000,0.531,94.2642,-99.3647,67
2026-04-24,16:09:29,166765,1,0.0000,0.0129,0.0085,0.2494,2.9885,0,1.0000,0,0,9.2749,15.7386,-10.4770,3.8290,168.9417,0.000,0.000,0.538,94.7429,-101.0719,67
2026-04-24,16:09:29,166766,1,0.0000,0.0047,0.0104,0.3066,2.9885,0,1.0000,0,0,8.8879,-1.7249,-10.5468,1.7694,169.0184,0.000,0.000,0.561,95.8525,-104.6743,67
2026-04-24,16:09:29,166767,1,-0.2960,-0.0033,0.0115,0.3384,2.9886,0,1.0000,-37,1,8.3539,-10.4041,-10.5096,1.5260,169.0429,0.000,0.000,0.576,96.9999,-108.2668,67
2026-04-24,16:09:29,166768,1,-0.2960,0.0047,0.0113,0.3317,2.9886,0,1.0000,-37,1,7.7157,-15.0711,-10.6887,-0.7537,169.0561,0.000,0.000,0.600,98.5191,-113.1965,67
2026-04-24,16:09:29,166769,1,-0.2960,-0.0152,0.0114,0.3351,2.9886,0,1.0000,-37,1,7.0866,-13.9496,-11.1277,-4.5252,169.0337,0.000,0.000,0.623,99.6653,-117.3059,67
2026-04-24,16:09:29,166771,1,-4.0080,-0.0132,0.0119,0.3503,2.9886,0,1.0000,-501,1,6.9533,-8.0850,-11.2993,-4.6594,168.9945,0.000,0.000,0.647,100.6468,-120.5813,67
2026-04-24,16:09:29,166772,1,-4.0080,0.0161,0.0109,0.3200,2.9886,0,1.0000,-501,1,6.7026,-8.1105,-11.4178,-4.2470,169.0153,0.000,0.000,0.662,101.2846,-122.4484,67
2026-04-24,16:09:29,166773,1,-4.0080,-0.0004,0.0119,0.3503,2.9886,0,1.0000,-501,1,6.4549,-7.6781,-11.5569,-4.2110,169.0048,0.000,0.000,0.686,101.9144,-124.1935,67
2026-04-24,16:09:29,166773,1,-4.0880,0.0023,0.0126,0.3704,2.9886,0,1.0000,-511,1,6.1432,-8.9675,-11.7765,-5.1183,168.9913,0.000,0.000,0.710,102.5308,-125.9058,67
2026-04-24,16:09:29,166774,1,-4.0880,0.0072,0.0128,0.3773,2.9886,0,1.0000,-511,1,5.6836,-10.1386,-12.1721,-6.8514,168.9880,0.000,0.000,0.742,102.8288,-126.6705,67
2026-04-24,16:09:29,166774,1,-4.0880,-0.0082,0.0132,0.3890,2.9886,0,1.0000,-511,1,5.5340,-6.1670,-12.4282,-6.7536,169.0356,0.000,0.000,0.766,102.9683,-126.9948,67
2026-04-24,16:09:29,166775,1,-4.0880,-0.0023,0.0131,0.3843,2.9886,0,1.0000,-511,1,5.1554,-11.7347,-12.8526,-10.3663,168.9954,0.000,0.000,0.790,103.1812,-127.4197,67
2026-04-24,16:09:29,167265,1,-4.0880,-0.0010,0.0119,0.3503,2.9886,0,1.0000,-511,1,4.8869,-9.5713,-13.2838,-12.1818,169.0180,0.000,0.000,0.788,103.2137,-127.7050,67
2026-04-24,16:09:29,167266,1,-4.0880,-0.0073,0.0126,0.3704,2.9887,0,1.0000,-511,1,4.7270,-5.8817,-13.4956,-9.3568,169.0247,0.000,0.000,0.785,103.3664,-128.8001,67
2026-04-24,16:09:29,167268,1,-4.0880,0.0004,0.0130,0.3820,2.9887,0,1.0000,-511,1,4.4681,-6.8770,-13.7845,-9.0561,169.0284,0.000,0.000,0.782,103.6717,-130.3217,67
2026-04-24,16:09:29,167269,1,-4.0880,-0.0004,0.0129,0.3804,2.9887,0,1.0000,-511,1,4.2700,-6.3617,-13.8223,-6.4644,169.0308,0.000,0.000,0.780,103.9374,-131.3519,67
2026-04-24,16:09:29,167269,1,-4.0880,0.0121,0.0111,0.3271,2.9886,0,1.0000,-511,1,4.0621,-6.1037,-13.7676,-3.9068,169.0186,0.000,0.000,0.778,104.2579,-132.6662,67
2026-04-24,16:09:29,167270,1,-4.0880,0.0117,0.0122,0.3588,2.9886,0,1.0000,-511,1,3.7517,-7.9954,-13.7089,-2.0794,169.0032,0.000,0.000,0.775,104.7589,-134.5363,67
2026-04-24,16:09:29,167270,1,-4.0880,0.0118,0.0132,0.3874,2.9887,0,1.0000,-511,1,3.5707,-5.1890,-13.3972,1.9038,169.0058,0.000,0.000,0.772,105.4075,-136.4883,67
2026-04-24,16:09:29,167271,1,-4.0880,0.0116,0.0136,0.3990,2.9887,0,1.0000,-511,1,3.4729,-3.3977,-13.0673,4.2131,168.9959,0.000,0.000,0.769,105.9339,-138.5044,67
2026-04-24,16:09:29,167272,1,-4.0880,-0.0026,0.0132,0.3874,2.9887,0,1.0000,-511,1,3.3489,-3.7757,-12.8677,4.7997,169.0030,0.000,0.000,0.766,106.4170,-140.4347,67
2026-04-24,16:09:29,167273,1,-4.0800,-0.0064,0.0132,0.3875,2.9887,0,1.0000,-511,1,3.2534,-3.2322,-12.7185,4.7064,169.0075,0.000,0.000,0.764,106.6435,-141.4985,67
2026-04-24,16:09:29,167274,1,-4.0880,0.0056,0.0139,0.4102,2.9887,0,1.0000,-511,1,3.0913,-3.8811,-12.3790,6.1263,168.9874,0.000,0.000,0.761,106.8270,-142.7223,67
2026-04-24,16:09:29,167275,1,-4.0880,-0.0044,0.0148,0.4360,2.9887,0,1.0000,-511,1,3.0278,-3.2595,-12.1048,5.9203,168.9790,0.000,0.000,0.758,106.8806,-143.6565,67
2026-04-24,16:09:29,167281,1,-4.0880,0.0024,0.0150,0.4420,2.9887,0,1.0000,-511,1,2.8244,-7.6773,-11.6798,10.1541,168.9772,0.000,0.000,0.756,106.7392,-144.4044,67
2026-04-24,16:09:30,167317,1,-4.0880,0.0008,0.0141,0.4160,2.9888,0,1.0000,-511,1,2.4104,-12.7601,-10.8805,18.9451,168.9919,0.000,0.000,0.753,106.6059,-145.0026,67
2026-04-24,16:09:30,167353,1,-4.0880,-0.0022,0.0161,0.4732,2.9888,0,1.0000,-511,1,2.0455,-12.0534,-9.8849,27.2424,168.9851,0.000,0.000,0.750,106.3515,-145.4853,67
2026-04-24,16:09:30,167389,1,-4.0880,0.0020,0.0135,0.3961,2.9888,0,1.0000,-511,1,1.7207,-11.0969,-9.3756,19.4098,168.9747,0.000,0.000,0.746,106.3026,-146.4188,67
2026-04-24,16:09:30,167426,1,-4.0880,-0.0036,0.0115,0.3390,2.9888,0,1.0000,-511,1,1.4161,-9.1106,-8.6240,22.4038,168.9621,0.000,0.000,0.743,106.2764,-146.9172,67
2026-04-24,16:09:30,167462,1,-4.0880,0.0142,0.0129,0.3788,2.9888,0,1.0000,-511,1,1.1478,-8.4753,-7.6908,25.0230,168.9698,0.000,0.000,0.740,106.3079,-147.7442,67
2026-04-24,16:09:30,167498,1,-4.0880,0.0024,0.0138,0.4061,2.9888,0,1.0000,-511,1,0.8513,-8.5244,-7.4688,13.1749,168.9839,0.000,0.000,0.737,106.4712,-149.1584,67
2026-04-24,16:09:30,167535,1,-4.0880,0.0026,0.0125,0.3688,2.9888,0,1.0000,-511,1,0.5124,-9.1677,-7.1251,11.0531,168.9633,0.000,0.000,0.734,106.7512,-150.3129,67
2026-04-24,16:09:30,167571,1,-4.0880,-0.0033,0.0138,0.4061,2.9888,0,1.0000,-511,1,0.1597,-8.5841,-7.1188,4.5572,168.9608,0.000,0.000,0.730,107.3094,-150.5466,67
2026-04-24,16:09:30,167607,1,-4.0880,0.0028,0.0127,0.3748,2.9887,0,1.0000,-511,1,0.0437,-2.8824,-6.8892,8.0001,168.9622,0.000,0.000,0.727,107.8308,-150.1219,67
2026-04-24,16:09:30,167644,1,-4.0880,-0.0096,0.0126,0.3702,2.9887,0,1.0000,-511,1,-0.0112,1.0080,-6.6372,5.4408,168.9671,0.000,0.000,0.724,108.4568,-148.9065,67
2026-04-24,16:09:30,167680,1,-4.0880,-0.0003,0.0119,0.3489,2.9887,0,1.0000,-511,1,0.1653,6.6456,-6.9244,-3.9613,168.9618,0.000,0.000,0.721,108.7890,-147.5431,67
2026-04-24,16:09:30,167716,1,-4.0880,0.0082,0.0106,0.3131,2.9887,0,1.0000,-511,1,0.4703,9.3253,-6.9606,-2.2408,168.9716,0.000,0.000,0.718,108.8582,-147.0284,67
2026-04-24,16:09:30,168210,1,-4.0880,0.0064,0.0116,0.3417,2.9887,0,1.0000,-511,1,0.6164,5.3193,-7.1072,-2.8273,168.9766,0.000,0.000,0.714,108.8760,-147.1684,67
2026-04-24,16:09:30,168211,1,-4.0880,0.0036,0.0125,0.3675,2.9887,0,1.0000,-511,1,0.6695,3.1456,-7.2518,-3.2926,168.9863,0.000,0.000,0.712,108.9899,-147.9008,67
2026-04-24,16:09:30,168212,1,-4.0880,0.0008,0.0120,0.3517,2.9887,0,1.0000,-511,1,0.7860,2.9039,-7.6277,-5.5722,168.9939,0.000,0.000,0.709,109.3235,-149.3266,67
2026-04-24,16:09:30,168213,1,-4.0880,0.0091,0.0110,0.3245,2.9887,0,1.0000,-511,1,0.8725,2.2914,-7.6669,-3.5848,169.0208,0.000,0.000,0.706,109.6250,-149.9898,67
2026-04-24,16:09:30,168213,1,-4.0880,0.0070,0.0112,0.3289,2.9887,0,1.0000,-511,1,0.9383,2.2129,-7.5802,-1.5640,169.0371,0.000,0.000,0.703,109.8466,-149.9032,67
2026-04-24,16:09:30,168214,1,-4.0880,-0.0044,0.0116,0.3403,2.9887,0,1.0000,-511,1,1.0590,2.4808,-7.2927,1.6806,169.0496,0.000,0.000,0.700,110.1229,-149.1218,67
2026-04-24,16:09:30,168214,1,-4.0880,-0.0044,0.0126,0.3716,2.9887,0,1.0000,-511,1,1.2228,3.8051,-7.0625,3.2275,169.0380,0.000,0.000,0.698,110.0299,-148.4942,67
2026-04-24,16:09:30,168215,1,-4.0880,0.0175,0.0113,0.3317,2.9887,0,1.0000,-511,1,1.3798,4.2978,-6.8821,3.9296,169.0387,0.000,0.000,0.695,109.6292,-148.5999,67
2026-04-24,16:09:30,168217,1,-4.0880,0.0128,0.0113,0.3331,2.9887,0,1.0000,-511,1,1.4878,3.5645,-6.7626,3.7720,169.0764,0.000,0.000,0.693,109.4538,-149.6598,67
2026-04-24,16:09:30,168218,1,-4.0880,-0.0003,0.0125,0.3675,2.9887,0,1.0000,-511,1,1.4429,0.3798,-6.7733,2.4155,169.0776,0.000,0.000,0.690,109.4724,-150.7431,67
2026-04-24,16:09:30,168219,1,-4.0880,0.0014,0.0123,0.3630,2.9887,0,1.0000,-511,1,1.2354,-3.5237,-6.7948,1.4654,169.0725,0.000,0.000,0.688,109.8564,-151.7920,67
2026-04-24,16:09:30,168220,1,-4.0960,0.0057,0.0119,0.3489,2.9887,0,1.0000,-512,1,0.9759,-3.8005,-6.6909,1.3293,169.0974,0.000,0.000,0.686,110.7918,-152.2417,67
2026-04-24,16:09:30,168220,1,-4.0960,0.0080,0.0113,0.3317,2.9887,0,1.0000,-512,1,0.7844,-4.3784,-6.6647,1.1081,169.1138,0.000,0.000,0.684,111.4252,-151.5354,67
2026-04-24,16:09:30,168251,1,-4.0960,-0.0038,0.0129,0.3802,2.9887,0,1.0000,-512,1,0.6856,-3.0509,-6.2813,9.3250,169.1721,0.000,0.000,0.681,111.9256,-151.0667,67
2026-04-24,16:09:30,168287,1,-4.0960,-0.0064,0.0126,0.3716,2.9887,0,1.0000,-512,1,0.6626,-1.3076,-5.6976,13.1876,169.1774,0.000,0.000,0.678,112.2927,-151.2945,67
2026-04-24,16:09:31,168323,1,-4.0960,0.0008,0.0110,0.3232,2.9886,0,1.0000,-512,1,0.3138,-10.5583,-5.8747,-2.1692,169.1408,0.000,0.000,0.674,113.3019,-151.5857,67
2026-04-24,16:09:31,168360,1,-4.2240,0.0019,0.0106,0.3132,2.9886,0,1.0000,-528,1,-0.2313,-13.7450,-6.1827,-4.3073,169.1260,0.000,0.000,0.671,114.2500,-149.8345,67
2026-04-24,16:09:31,168396,1,-4.8480,0.0073,0.0104,0.3047,2.9886,0,1.0000,-606,1,-0.4177,-3.5555,-5.2901,16.6716,169.0981,0.000,0.000,0.668,114.7225,-149.7856,67
2026-04-24,16:09:31,168432,1,-5.3600,0.0231,0.0088,0.2595,2.9885,0,1.0000,-670,1,-0.6608,-7.7007,-4.3287,24.0975,169.0555,0.000,0.000,0.665,115.1397,-151.3360,67
2026-04-24,16:09:31,168468,1,-5.7680,0.0037,0.0088,0.2577,2.9885,0,1.0000,-721,1,-1.1649,-10.5261,-3.8907,17.3976,169.0368,0.000,0.000,0.662,116.3160,-154.1189,67
2026-04-24,16:09:31,168504,1,-5.7680,-0.0001,0.0088,0.2596,2.9885,0,1.0000,-721,1,-1.6845,-9.8584,-3.6249,11.3691,169.0405,0.000,0.000,0.658,115.9995,-151.1750,67
2026-04-24,16:09:31,168539,1,-5.7680,-0.0031,0.0089,0.2623,2.9885,0,1.0000,-721,1,-1.6935,3.2098,-3.5027,6.9293,169.0117,0.000,0.000,0.655,114.2949,-143.3437,67
2026-04-24,16:09:31,168575,1,-5.9920,0.0085,0.0068,0.1986,2.9885,0,1.0000,-749,1,-1.3679,18.2995,-3.2506,8.2143,169.0536,0.000,0.000,0.652,113.3446,-139.9160,67
2026-04-24,16:09:31,168611,1,-5.9920,0.0017,0.0081,0.2393,2.9885,0,1.0000,-749,1,-0.4095,29.6594,-2.7796,12.3630,169.0609,0.000,0.000,0.649,111.3425,-134.2744,67
2026-04-24,16:09:31,168647,1,-6.0080,0.0078,0.0087,0.2559,2.9885,0,1.0000,-751,1,0.8395,40.1487,-2.0533,22.2699,169.0973,0.000,0.000,0.646,108.8708,-128.4829,67
2026-04-24,16:09:31,169140,1,-6.0240,-0.0015,0.0074,0.2189,2.9885,0,1.0000,-753,1,1.6223,27.7579,-1.1452,23.8385,169.1394,0.000,0.000,0.643,106.7724,-125.6193,67
2026-04-24,16:09:31,169141,1,-6.0240,0.0101,0.0087,0.2559,2.9885,0,1.0000,-753,1,2.9060,29.9357,-0.1408,23.9358,169.2353,0.000,0.000,0.640,104.9070,-124.1309,67
2026-04-24,16:09:31,169142,1,-6.0480,-0.0024,0.0082,0.2410,2.9885,0,1.0000,-756,1,4.3036,31.7693,0.9978,25.0380,169.3861,0.000,0.000,0.637,102.7109,-121.6180,67
2026-04-24,16:09:31,169143,1,-6.0480,-0.0148,0.0096,0.2828,2.9886,0,1.0000,-756,1,5.1918,27.5842,2.0299,26.4300,169.4779,0.000,0.000,0.634,101.9620,-120.1997,67
2026-04-24,16:09:31,169143,1,-6.0480,0.0007,0.0091,0.2690,2.9885,0,1.0000,-756,1,5.1075,5.3742,2.8338,23.3430,169.4738,0.000,0.000,0.631,101.0575,-117.3201,67
2026-04-24,16:09:31,169144,1,-6.0640,0.0077,0.0099,0.2899,2.9885,0,1.0000,-758,1,4.4223,-8.4106,3.1991,17.3483,169.4670,0.000,0.000,0.628,99.0584,-111.5067,67
2026-04-24,16:09:31,169144,1,-6.0640,-0.0053,0.0084,0.2476,2.9886,0,1.0000,-758,1,4.2004,-7.3677,3.3733,13.4686,169.4823,0.000,0.000,0.626,97.9618,-108.6570,67
2026-04-24,16:09:31,169145,1,-6.0720,0.0050,0.0087,0.2559,2.9885,0,1.0000,-759,1,3.9575,-7.0446,3.5911,11.2326,169.5289,0.000,0.000,0.623,97.0415,-106.3748,67
2026-04-24,16:09:31,169147,1,-6.0720,-0.0118,0.0097,0.2863,2.9886,0,1.0000,-759,1,4.0662,-0.6001,3.9987,11.5011,169.6114,0.000,0.000,0.621,96.6761,-105.5760,67
2026-04-24,16:09:31,169148,1,-6.0720,-0.0143,0.0106,0.3116,2.9886,0,1.0000,-759,1,4.4011,5.4352,4.4758,12.3089,169.6299,0.000,0.000,0.618,96.8787,-106.1443,67
2026-04-24,16:09:31,169149,1,-6.0800,-0.0192,0.0125,0.3689,2.9887,0,1.0000,-760,1,5.1001,14.4421,5.1141,13.6790,169.6163,0.000,0.000,0.624,98.0880,-109.0466,67
2026-04-24,16:09:31,169150,1,-6.0800,-0.0058,0.0123,0.3617,2.9887,0,1.0000,-760,1,3.6825,3.4483,5.1902,12.2278,169.1762,0.000,0.000,0.623,99.5399,-112.0768,67
2026-04-24,16:09:31,169155,1,-6.0800,0.0071,0.0112,0.3303,2.9887,0,1.0000,-760,1,2.6122,-17.9079,5.3359,9.7499,169.1959,0.000,0.000,0.621,100.2356,-113.0365,67
2026-04-24,16:09:31,169190,1,-6.0800,-0.0011,0.0139,0.4074,2.9887,0,1.0000,-760,1,2.0351,-16.5799,5.9322,14.5006,169.3494,0.000,0.000,0.618,101.0683,-114.2775,67
2026-04-24,16:09:31,169226,1,-6.0800,0.0046,0.0140,0.4122,2.9888,0,1.0000,-760,1,1.6577,-26.0955,6.3990,12.5112,169.5215,0.000,0.000,0.614,101.5229,-115.0246,67
2026-04-24,16:09:31,169262,1,-6.0800,-0.0056,0.0135,0.3961,2.9888,0,1.0000,-760,1,0.8608,-23.3166,6.8483,12.7983,169.4603,0.000,0.000,0.611,101.9574,-115.8010,67
2026-04-24,16:09:32,169298,1,-6.0800,0.0023,0.0133,0.3910,2.9888,0,1.0000,-760,1,0.2144,-22.4623,6.9728,6.1861,169.5002,0.000,0.000,0.608,102.9047,-117.7139,67
2026-04-24,16:09:32,169334,1,-6.0800,-0.0065,0.0151,0.4455,2.9888,0,1.0000,-760,1,-0.3311,-15.7059,7.2550,6.2313,169.6010,0.000,0.000,0.605,103.3458,-119.1459,67
2026-04-24,16:09:32,169370,1,-6.0800,-0.0002,0.0141,0.4136,2.9888,0,1.0000,-760,1,-0.8850,-16.1464,7.7155,11.0919,169.5926,0.000,0.000,0.602,103.7998,-121.7513,67
2026-04-24,16:09:32,169406,1,-6.0800,0.0028,0.0135,0.3984,2.9888,0,1.0000,-760,1,-1.2831,-14.2243,8.0825,10.4321,169.5303,0.000,0.000,0.598,103.8882,-123.2179,67
2026-04-24,16:09:32,169442,1,-6.0800,-0.0002,0.0125,0.3676,2.9888,0,1.0000,-760,1,-1.6911,-9.0551,8.7337,17.3328,169.5203,0.000,0.000,0.595,104.1076,-125.5060,67
2026-04-24,16:09:32,169479,1,-6.0880,0.0248,0.0116,0.3416,2.9888,0,1.0000,-761,1,-2.0446,-13.2980,9.5756,22.3136,169.4601,0.000,0.000,0.592,104.3233,-127.9238,67
2026-04-24,16:09:32,169514,1,-6.0880,0.0126,0.0109,0.3217,2.9887,0,1.0000,-761,1,-2.7916,-20.0068,9.7971,11.1503,169.4197,0.000,0.000,0.589,105.0577,-130.7632,67
2026-04-24,16:09:32,169550,1,-6.0880,0.0077,0.0089,0.2610,2.9886,0,1.0000,-761,1,-4.1161,-34.2502,9.3822,-4.1190,169.4407,0.000,0.000,0.586,106.0343,-134.0519,67
2026-04-24,16:09:32,169586,1,-6.0880,-0.0033,0.0082,0.2409,2.9885,0,1.0000,-761,1,-5.3408,-29.1645,9.0728,-6.0104,169.4518,0.000,0.000,0.582,106.4701,-135.8133,67
2026-04-24,16:09:32,170076,1,-6.0880,-0.0089,0.0082,0.2423,2.9886,0,1.0000,-761,1,-6.8045,-37.8046,8.8323,-6.5067,169.4640,0.000,0.000,0.580,106.5915,-136.7183,67
2026-04-24,16:09:32,170077,1,-6.0880,-0.0018,0.0077,0.2273,2.9885,0,1.0000,-761,1,-7.8245,-33.4991,8.5829,-6.8392,169.4727,0.000,0.000,0.578,105.5550,-134.3892,67
2026-04-24,16:09:32,170079,1,-6.0880,-0.0061,0.0080,0.2356,2.9885,0,1.0000,-761,1,-8.3785,-18.0863,8.2685,-7.0940,169.5055,0.000,0.000,0.574,104.4365,-133.7480,67
2026-04-24,16:09:32,170080,1,-6.0880,-0.0072,0.0086,0.2540,2.9885,0,1.0000,-761,1,-8.2015,-2.3731,7.9714,-7.1134,169.5218,0.000,0.000,0.571,102.9297,-132.7172,67
2026-04-24,16:09:32,170081,1,-6.0880,0.0065,0.0070,0.2069,2.9885,0,1.0000,-761,1,-7.3222,14.5583,7.6758,-7.1530,169.5256,0.000,0.000,0.568,102.6632,-135.2484,67
2026-04-24,16:09:32,170083,1,-6.0880,-0.0111,0.0076,0.2227,2.9885,0,1.0000,-761,1,-6.3161,23.0385,7.4173,-7.2339,169.5537,0.000,0.000,0.566,103.0238,-136.8868,67
2026-04-24,16:09:32,170084,1,-6.0880,-0.0011,0.0079,0.2310,2.9885,0,1.0000,-761,1,-5.2443,28.7329,7.1187,-7.8570,169.5421,0.000,0.000,0.563,103.0756,-135.6398,67
2026-04-24,16:09:32,170084,1,-6.0880,-0.0095,0.0075,0.2215,2.9885,0,1.0000,-761,1,-3.9367,31.2690,6.6840,-9.0715,169.5650,0.000,0.000,0.560,102.6920,-131.3460,67
2026-04-24,16:09:32,170085,1,-6.0880,0.0072,0.0079,0.2335,2.9885,0,1.0000,-761,1,-3.1241,26.8833,6.3575,-9.2591,169.5544,0.000,0.000,0.558,101.4283,-124.5930,67
2026-04-24,16:09:32,170086,1,-6.0880,0.0119,0.0073,0.2145,2.9885,0,1.0000,-761,1,-2.3993,23.8287,6.0330,-9.3644,169.5686,0.000,0.000,0.555,100.3676,-120.4321,67
2026-04-24,16:09:32,170088,1,-6.0960,0.0141,0.0074,0.2189,2.9885,0,1.0000,-762,1,-1.7002,22.7148,5.7380,-9.2312,169.5633,0.000,0.000,0.553,100.1888,-119.3005,67
2026-04-24,16:09:32,170090,1,-6.0960,-0.0015,0.0073,0.2151,2.9885,0,1.0000,-762,1,-1.2257,18.2012,5.5946,-8.1401,169.5671,0.000,0.000,0.551,98.5749,-114.1236,67
2026-04-24,16:09:32,170091,1,-6.0960,-0.0160,0.0087,0.2559,2.9885,0,1.0000,-762,1,-0.7855,16.0522,5.4471,-7.3220,169.5672,0.000,0.000,0.550,97.6912,-112.0544,67
2026-04-24,16:09:32,170116,1,-6.0960,-0.0051,0.0083,0.2450,2.9885,0,1.0000,-762,1,0.8501,45.7847,4.9115,-12.6418,169.5665,0.000,0.000,0.546,97.4272,-112.2079,67
2026-04-24,16:09:32,170151,1,-6.0960,0.0042,0.0069,0.2043,2.9885,0,1.0000,-762,1,2.2540,44.5798,4.3804,-15.8611,169.5466,0.000,0.000,0.543,97.6701,-113.7109,67
2026-04-24,16:09:32,170187,1,-6.1040,0.0046,0.0075,0.2209,2.9885,0,1.0000,-763,1,3.3785,36.5699,3.9520,-14.2073,169.5799,0.000,0.000,0.540,98.8000,-117.4938,67
2026-04-24,16:09:32,170223,1,-6.1040,0.0133,0.0064,0.1883,2.9885,0,1.0000,-763,1,4.3415,30.8180,3.6276,-11.7245,169.5741,0.000,0.000,0.537,100.5048,-122.4327,67
2026-04-24,16:09:32,170259,1,-6.1040,0.0094,0.0079,0.2335,2.9885,0,1.0000,-763,1,5.1942,27.8273,3.4019,-8.6897,169.5841,0.000,0.000,0.534,102.0049,-126.4367,67
2026-04-24,16:09:32,170294,1,-6.1040,-0.0044,0.0070,0.2068,2.9885,0,1.0000,-763,1,5.9394,23.8465,3.2341,-6.2296,169.5887,0.000,0.000,0.530,103.1697,-129.3247,67
2026-04-24,16:09:33,170331,1,-6.1040,0.0015,0.0071,0.2087,2.9885,0,1.0000,-763,1,6.5583,20.0200,3.1171,-4.8619,169.5854,0.000,0.000,0.527,104.5110,-132.2382,67
2026-04-24,16:09:33,170366,1,-6.1040,-0.0090,0.0069,0.2030,2.9885,0,1.0000,-763,1,7.0625,16.4354,2.8420,-7.2646,169.6110,0.000,0.000,0.524,105.3845,-134.0837,67
2026-04-24,16:09:33,170402,1,-6.1040,-0.0034,0.0052,0.1540,2.9885,0,1.0000,-763,1,7.5322,15.4001,2.8295,-2.4760,169.5904,0.000,0.000,0.521,105.4038,-133.2190,67
2026-04-24,16:09:33,170439,1,-6.1040,0.0075,0.0074,0.2189,2.9885,0,1.0000,-763,1,7.9314,13.0466,2.8451,-1.0422,169.5948,0.000,0.000,0.518,105.3653,-133.1934,67
2026-04-24,16:09:33,170475,1,-6.1040,-0.0100,0.0073,0.2151,2.9885,0,1.0000,-763,1,8.2909,11.7938,2.5861,-5.6404,169.5921,0.000,0.000,0.514,104.7061,-131.8356,67
2026-04-24,16:09:33,170511,1,-6.1040,-0.0038,0.0066,0.1941,2.9885,0,1.0000,-763,1,8.5961,10.3573,2.5440,-2.2797,169.5877,0.000,0.000,0.511,102.9303,-127.9442,67
2026-04-24,16:09:34,171443,1,-6.1040,0.0009,0.0088,0.2597,2.9885,0,1.0000,-763,1,8.7755,7.3648,2.6215,-0.8276,169.5960,0.000,0.000,0.509,101.2655,-124.0933,67
2026-04-24,16:09:34,171444,1,-6.1040,-0.0032,0.0081,0.2374,2.9885,0,1.0000,-763,1,8.8963,5.1776,2.6811,-0.0079,169.5977,0.000,0.000,0.506,100.1106,-121.8272,67
2026-04-24,16:09:34,171445,1,-6.0960,0.0049,0.0075,0.2209,2.9885,0,1.0000,-762,1,8.9783,3.5129,2.7249,0.3984,169.6114,0.000,0.000,0.504,98.2881,-116.9457,67
2026-04-24,16:09:34,171445,1,-6.0960,-0.0061,0.0078,0.2291,2.9885,0,1.0000,-762,1,8.9981,1.1070,2.7305,0.2210,169.6037,0.000,0.000,0.501,96.0206,-109.7871,67
2026-04-24,16:09:34,171446,1,-6.0960,0.0043,0.0063,0.1840,2.9885,0,1.0000,-762,1,9.0117,0.8052,2.7041,-0.1047,169.6064,0.000,0.000,0.498,94.5789,-104.8085,67
2026-04-24,16:09:34,171446,1,-6.1040,-0.0026,0.0069,0.2043,2.9885,0,1.0000,-763,1,9.1341,2.6803,2.6618,-0.5052,169.6142,0.000,0.000,0.495,93.2679,-99.7367,67
2026-04-24,16:09:34,171447,1,-6.1040,-0.0134,0.0088,0.2577,2.9885,0,1.0000,-763,1,9.4084,5.9966,2.7077,0.1208,169.6413,0.000,0.000,0.493,92.7810,-97.7151,67
2026-04-24,16:09:34,171448,1,-6.1040,0.0034,0.0085,0.2514,2.9885,0,1.0000,-763,1,10.3420,18.4414,2.9751,2.7372,169.6779,0.000,0.000,0.490,92.0146,-95.0459,67
2026-04-24,16:09:34,171449,1,-6.1040,-0.0029,0.0074,0.2189,2.9885,0,1.0000,-763,1,11.5567,28.7500,3.3661,5.5739,169.7439,0.000,0.000,0.487,91.3588,-93.1088,67
2026-04-24,16:09:34,171449,1,-6.1040,0.0021,0.0098,0.2883,2.9885,0,1.0000,-763,1,12.9102,34.2716,3.9874,9.5892,169.8876,0.000,0.000,0.485,90.3931,-90.8536,67
2026-04-24,16:09:34,171450,1,-6.1040,0.0079,0.0083,0.2430,2.9885,0,1.0000,-763,1,14.1447,29.6667,5.0171,15.6010,170.1078,0.000,0.000,0.482,89.5569,-89.0738,67
2026-04-24,16:09:34,171450,1,-6.1040,0.0144,0.0071,0.2088,2.9885,0,1.0000,-763,1,15.1764,27.6239,6.3688,17.1080,170.2449,0.000,0.000,0.481,88.0923,-86.1723,67
2026-04-24,16:09:34,171451,1,-6.1040,0.0031,0.0070,0.2068,2.9885,0,1.0000,-763,1,12.9984,-21.6757,6.2195,10.2799,170.2092,0.000,0.000,0.478,87.4933,-85.0729,67
2026-04-24,16:09:34,171452,1,0.0000,0.0042,0.0092,0.2698,2.9885,0,1.0000,-763,0,10.8554,-45.1203,5.9134,4.1423,170.2268,0.000,0.000,0.476,83.7951,-78.4045,67
2026-04-24,16:09:34,171454,1,0.0000,0.0020,0.0091,0.2679,2.9885,0,1.0000,-763,0,9.6846,-37.6380,5.8755,2.5413,170.2803,0.000,0.000,0.474,82.3227,-75.9822,67
2026-04-24,16:09:34,171455,1,0.0000,-0.0168,0.0095,0.2809,2.9885,0,1.0000,-763,0,9.4671,-19.0835,5.9579,2.5210,170.2857,0.000,0.000,0.471,78.2490,-69.5053,67
2026-04-24,16:09:34,171455,1,0.0000,-0.0038,0.0085,0.2513,2.9885,0,1.0000,-763,0,9.3924,-9.2636,5.9861,1.9314,170.2523,0.000,0.000,0.469,74.9375,-64.4153,67
2026-04-24,16:09:34,171456,1,0.0000,-0.0005,0.0085,0.2495,2.9885,0,1.0000,-763,0,9.0814,-9.4789,5.7820,-0.5536,170.2253,0.000,0.000,0.466,74.5378,-64.0174,67
2026-04-24,16:09:34,171456,1,0.0000,-0.0021,0.0072,0.2107,2.9885,0,1.0000,-763,0,8.2959,-17.1886,5.5251,-2.7072,170.2137,0.000,0.000,0.464,73.1003,-62.9686,67
2026-04-24,16:09:34,171457,1,0.0000,-0.0080,0.0090,0.2660,2.9885,0,1.0000,-763,0,7.3680,-23.0528,5.3019,-3.9104,170.1938,0.000,0.000,0.462,70.7805,-60.5789,67
2026-04-24,16:09:34,171458,1,0.0000,0.0042,0.0081,0.2374,2.9885,0,1.0000,-763,0,6.9577,-15.5600,5.2241,-3.3398,170.1875,0.000,0.000,0.459,69.5752,-59.7370,67
2026-04-24,16:09:34,171459,1,0.0000,0.0038,0.0068,0.1986,2.9885,0,1.0000,-763,0,6.9724,-6.0465,5.2075,-2.3936,170.1834,0.000,0.000,0.457,69.5031,-60.0189,67
2026-04-24,16:09:34,171459,1,0.0000,-0.0051,0.0071,0.2088,2.9885,0,1.0000,-763,0,7.3227,3.6541,5.2667,-1.0715,170.1938,0.000,0.000,0.454,69.4388,-60.2969,67
2026-04-24,16:09:34,171460,1,0.0000,0.0010,0.0076,0.2234,2.9885,0,1.0000,-763,0,8.5602,11.8329,5.6242,0.8189,170.1916,0.000,0.000,0.452,69.7315,-61.6742,67
2026-04-24,16:09:34,171460,1,0.0000,-0.0109,0.0090,0.2642,2.9885,0,1.0000,-763,0,8.7777,4.2343,5.7245,1.8660,170.2305,0.000,0.000,0.450,70.8242,-64.2648,67
2026-04-24,16:09:34,171936,1,0.0000,0.0105,0.0076,0.2226,2.9885,0,1.0000,-763,0,9.5921,16.4735,6.5076,9.5959,170.4669,0.000,0.000,0.446,73.2634,-68.6152,67
2026-04-24,16:09:34,171937,1,-0.2320,-0.0102,0.0086,0.2523,2.9885,0,1.0000,-29,1,10.7081,26.3072,7.5902,16.7546,170.7243,0.000,0.000,0.444,74.3997,-70.1857,67
2026-04-24,16:09:34,171938,1,0.0000,-0.0506,0.0142,0.4175,2.9887,0,1.0000,0,1,12.8544,50.0263,9.5816,30.9538,171.2062,0.000,0.000,0.459,75.0581,-70.7680,67
2026-04-24,16:09:34,171939,1,0.0000,0.0059,0.0125,0.3689,2.9887,0,1.0000,0,1,15.4359,64.6283,12.0819,44.4383,171.2910,0.000,0.000,0.483,76.0957,-71.7422,67
2026-04-24,16:09:34,171940,1,0.0000,-0.0155,0.0144,0.4247,2.9888,0,1.0000,0,1,11.9375,-39.5599,13.7876,42.6451,170.7005,0.000,0.000,0.515,77.3433,-72.5496,67
2026-04-24,16:09:34,171941,1,0.0000,-0.0032,0.0128,0.3775,2.9888,0,1.0000,0,1,9.3653,-52.3755,14.3936,31.2937,170.3154,0.000,0.000,0.547,80.8445,-76.8936,67
2026-04-24,16:09:34,171942,1,0.0000,-0.0128,0.0141,0.4135,2.9888,0,1.0000,0,1,8.5388,-26.1286,14.1390,16.2108,170.1393,0.000,0.000,0.579,82.0548,-79.0876,67
2026-04-24,16:09:34,171943,1,0.0000,-0.0089,0.0147,0.4323,2.9888,0,1.0000,0,1,9.5052,7.9289,14.0065,8.5307,170.1922,0.000,0.000,0.611,83.4813,-81.3768,67
2026-04-24,16:09:34,171944,1,0.0000,0.0053,0.0143,0.4201,2.9888,0,1.0000,0,1,9.5548,-4.9480,14.2775,7.8158,170.2468,0.000,0.000,0.643,83.9954,-82.2535,67
2026-04-24,16:09:34,171944,1,0.0000,0.0028,0.0146,0.4281,2.9888,0,1.0000,0,1,7.7701,-32.9755,14.4630,7.0846,170.2189,0.000,0.000,0.667,84.6195,-82.9526,67
2026-04-24,16:09:34,171945,1,0.0000,-0.0061,0.0147,0.4323,2.9888,0,1.0000,0,1,6.7798,-30.1171,15.3972,9.4608,170.2208,0.000,0.000,0.699,87.9957,-87.0447,67
2026-04-24,16:09:34,171946,1,0.0000,-0.0063,0.0145,0.4258,2.9888,0,1.0000,0,1,6.4560,-23.3660,16.1876,17.0477,170.3099,0.000,0.000,0.723,90.6570,-91.0730,67
2026-04-24,16:09:34,171982,1,0.0000,-0.0058,0.0170,0.4992,2.9889,0,1.0000,0,1,5.8539,-24.5322,17.6144,34.7155,170.3650,0.000,0.000,0.755,94.0411,-97.3438,67
2026-04-24,16:09:34,172018,1,0.0000,0.0033,0.0160,0.4716,2.9890,0,1.0000,0,1,4.6280,-38.7188,18.7958,34.0899,170.4355,0.000,0.000,0.770,97.0271,-104.1060,67
2026-04-24,16:09:34,172053,1,0.0000,-0.0069,0.0198,0.5815,2.9891,0,1.0000,0,1,2.9985,-49.7267,19.7124,31.0365,170.3681,0.000,0.000,0.766,99.0606,-109.5093,67
2026-04-24,16:09:34,172089,1,0.0000,-0.0016,0.0211,0.6200,2.9892,0,1.0000,0,1,2.1085,-26.9363,20.5054,25.7633,170.3195,0.000,0.000,0.763,101.2283,-116.6480,67
2026-04-24,16:09:34,172125,1,0.0000,0.0060,0.0201,0.5908,2.9892,0,1.0000,0,1,1.5844,-18.7588,20.8349,14.4712,170.3507,0.000,0.000,0.760,102.4836,-121.6184,67
2026-04-24,16:09:34,172161,1,-0.2240,-0.0599,0.0137,0.4031,2.9893,0,1.0000,-28,1,0.8890,-22.8312,21.1429,11.6674,170.4274,0.000,0.000,0.757,103.9520,-127.5469,67
2026-04-24,16:09:34,172197,1,-0.2240,-0.1355,0.0200,0.5870,2.9900,0,1.0000,-28,1,0.2575,-21.6024,21.5780,12.9890,170.4969,0.000,0.000,0.754,104.8303,-131.3029,67
2026-04-24,16:09:34,172233,1,-3.5840,-0.0967,0.0076,0.2239,2.9914,0,1.0000,-448,1,-0.2748,-11.5165,21.9517,10.6890,170.5839,0.000,0.000,0.750,106.0748,-136.9000,67
2026-04-24,16:09:34,172270,1,-5.3840,0.0045,0.0121,0.3565,2.9914,0,1.0000,-673,1,-0.8113,-16.5726,22.0907,6.6370,170.6190,0.000,0.000,0.747,107.1491,-142.9516,67
2026-04-24,16:09:35,172306,1,-5.3840,0.0011,0.0121,0.3547,2.9914,0,1.0000,-673,1,-0.9777,-8.5904,22.3711,6.9225,170.6141,0.000,0.000,0.744,107.4632,-146.8477,67
2026-04-24,16:09:35,172342,1,-5.4320,0.0041,0.0132,0.3880,2.9914,0,1.0000,-679,1,-1.3927,-9.2703,22.3336,0.3781,170.5465,0.000,0.000,0.741,107.7773,-151.9400,67
2026-04-24,16:09:35,172378,1,-5.4320,-0.0042,0.0147,0.4317,2.9915,0,1.0000,-679,1,-1.5004,-7.8267,22.3488,0.5789,170.5015,0.000,0.000,0.738,107.9014,-155.4036,67
2026-04-24,16:09:35,172415,1,-5.4320,-0.0204,0.0157,0.4609,2.9916,0,1.0000,-679,1,-1.6029,-2.2418,22.3280,-0.5784,170.5701,0.000,0.000,0.734,107.9884,-159.1933,67
2026-04-24,16:09:35,172908,1,-5.4480,-0.0856,0.0155,0.4544,2.9919,0,1.0000,-681,1,-1.7149,-2.7346,22.4466,0.8448,170.5909,0.000,0.000,0.731,107.9745,-163.5251,67
2026-04-24,16:09:35,172910,1,-5.4480,-0.0776,0.0210,0.6180,2.9923,0,1.0000,-681,1,-1.7694,-2.2442,22.6204,2.2150,170.6347,0.000,0.000,0.729,107.8711,-166.9962,67
2026-04-24,16:09:35,172912,1,-5.4480,-0.3011,0.0259,0.7607,2.9938,0,1.0000,-681,1,-1.8620,-2.3535,22.8047,3.3054,170.6474,0.000,0.000,0.726,107.7008,-171.6477,67
2026-04-24,16:09:35,172912,1,-5.4400,-0.4419,0.0227,0.6686,2.9978,0,1.0000,-680,1,-2.2358,-7.2880,22.9582,3.3376,170.6525,0.000,0.000,0.723,107.7019,-177.2733,67
2026-04-24,16:09:35,172913,1,-5.4400,-0.4572,0.0464,1.3633,3.0019,0,1.0000,-680,1,-2.3962,-5.2434,23.0232,2.8873,170.6812,0.032,0.000,0.721,107.9307,178.7380,67
2026-04-24,16:09:35,172913,1,-5.4400,-0.5080,0.0295,0.8691,3.0051,0,1.0000,-680,1,-2.5567,-5.0022,23.1447,3.1320,170.7012,0.080,0.000,0.718,107.9976,173.8962,67
2026-04-24,16:09:35,172914,1,-5.4480,-0.4460,0.0285,0.8392,3.0090,0,1.0000,-681,1,-2.4620,-0.8369,23.1450,2.1181,170.6724,0.056,0.000,0.716,107.6790,170.7316,67
2026-04-24,16:09:35,172915,1,-5.4480,-0.0821,0.0255,0.7505,3.0096,0,1.0000,-681,1,-2.5449,-1.7074,23.1982,1.9322,170.7303,0.032,0.000,0.714,106.9382,167.7941,67
2026-04-24,16:09:35,172916,1,-5.4480,-0.3095,0.0246,0.7229,3.0112,0,1.0000,-681,1,-2.4054,1.3656,23.0610,0.0166,170.6914,0.008,0.000,0.711,106.0150,165.3030,67
2026-04-24,16:09:35,172917,1,-5.4480,-0.3619,0.0309,0.9080,3.0151,0,1.0000,-681,1,-2.6666,-2.5451,22.8117,-2.4832,170.7477,0.000,0.000,0.708,105.5946,162.1172,67
2026-04-24,16:09:35,172917,1,-5.4480,-0.5169,0.0310,0.9115,3.0197,0,1.0000,-681,1,-2.4970,1.8247,22.6661,-2.9176,170.7302,0.000,0.000,0.705,106.0364,161.6981,67
2026-04-24,16:09:35,172918,1,-5.4480,-0.5861,0.0141,0.4138,3.0221,0,1.0000,-681,1,-2.7306,-0.3229,22.5224,-3.1076,170.7625,0.000,0.000,0.703,106.9055,162.9010,67
2026-04-24,16:09:35,172920,1,-5.4480,-0.0039,0.0360,1.0592,3.0231,0,1.0000,-681,1,-2.5170,2.7753,22.4198,-3.1088,170.7515,0.000,0.000,0.702,106.7063,165.4753,67
2026-04-24,16:09:35,172945,1,-5.4480,-0.2227,0.0227,0.6666,3.0239,0,1.0000,-681,1,-2.6112,-3.6168,21.9835,-9.2613,170.7666,0.000,0.000,0.698,106.3447,168.1853,67
2026-04-24,16:09:35,172982,1,-5.4480,-0.4399,0.0330,0.9693,3.0267,0,1.0000,-681,1,-2.2414,9.6484,21.8151,-6.6689,170.7162,0.000,0.000,0.695,106.9166,171.5281,67
2026-04-24,16:09:35,173019,1,-5.4480,-0.6579,0.0424,1.2467,3.0310,0,1.0000,-681,1,-2.3182,0.5322,21.5351,-9.6562,170.7934,0.000,0.000,0.692,108.1064,173.7150,67
2026-04-24,16:09:35,173055,1,-5.4400,-0.7729,0.0321,0.9436,3.0362,0,1.0000,-680,1,-2.1730,-1.8218,21.0919,-13.8057,170.7687,0.000,0.000,0.689,109.4505,174.0482,67
2026-04-24,16:09:35,173090,1,-5.4400,-0.5968,0.0473,1.3911,3.0413,0,1.0000,-680,1,-2.0613,5.1260,20.5560,-15.0755,170.8916,0.000,0.000,0.686,110.4739,175.5214,67
2026-04-24,16:09:35,173126,1,-5.4400,-0.5668,0.0293,0.8624,3.0452,0,1.0000,-680,1,-2.2594,-7.0540,20.3028,-11.1650,170.8636,0.000,0.000,0.682,110.6430,176.2625,67
2026-04-24,16:09:35,173162,1,-5.4400,-0.5638,0.0339,0.9968,3.0504,0,1.0000,-680,1,-1.8161,12.2020,20.0116,-10.0710,170.8389,0.000,0.000,0.679,110.8250,177.6017,67
2026-04-24,16:09:35,173198,1,-5.4400,-0.2647,0.0494,1.4515,3.0537,0,1.0000,-680,1,-2.0057,2.5063,19.9174,-7.0482,170.9767,0.000,0.000,0.676,111.3166,178.6811,67
2026-04-24,16:09:35,173234,1,-5.4400,-0.1558,0.0195,0.5731,3.0548,0,1.0000,-680,1,-1.8048,-2.7918,19.7218,-7.4912,170.9040,0.000,0.000,0.673,111.3000,-179.3298,67
2026-04-24,16:09:35,173270,1,-5.4400,-0.1432,0.0353,1.0380,3.0563,0,1.0000,-680,1,-1.5277,8.9588,19.5586,-6.3327,170.8824,0.000,0.000,0.670,111.0919,-176.3690,67
2026-04-24,16:09:36,173306,1,-5.4400,-0.2759,0.0275,0.8078,3.0579,0,1.0000,-680,1,-2.0255,-9.3536,19.6208,-1.4889,170.8616,0.000,0.000,0.666,111.6610,-173.7280,67
2026-04-24,16:09:36,173342,1,-5.4400,-0.5571,0.0277,0.8135,3.0616,0,1.0000,-680,1,-1.9852,-4.7498,19.4457,-3.7796,170.8212,0.000,0.000,0.663,112.5875,-170.4602,67
2026-04-24,16:09:36,173832,1,-5.4400,-0.6574,0.0288,0.8463,3.0671,0,1.0000,-680,1,-1.9239,0.8926,19.5977,-0.8702,170.8949,0.000,0.000,0.660,113.7226,-168.7340,67
2026-04-24,16:09:36,173833,1,-5.4400,-0.2529,0.0433,1.2745,3.0705,0,1.0000,-680,1,-1.8532,1.2625,19.8936,2.1384,170.9052,0.000,0.000,0.658,114.0008,-167.8052,67
2026-04-24,16:09:36,173833,1,-5.4400,-0.0789,0.0327,0.9616,3.0712,0,1.0000,-680,1,-2.0203,-2.2541,20.1405,3.7670,170.9096,0.000,0.000,0.655,113.2849,-167.8196,67
2026-04-24,16:09:36,173834,1,-5.4400,-0.2075,0.0194,0.5702,3.0724,0,1.0000,-680,1,-2.1300,-2.6700,20.3625,4.6195,170.9034,0.000,0.000,0.653,112.0391,-168.4670,67
2026-04-24,16:09:36,173835,1,-5.4400,-0.1661,0.0378,1.1128,3.0741,0,1.0000,-680,1,-2.1354,-0.8660,20.5159,4.6686,170.9158,0.000,0.000,0.650,111.3293,-169.2187,67
2026-04-24,16:09:36,173835,1,-5.4400,-0.1563,0.0329,0.9676,3.0752,0,1.0000,-680,1,-1.9135,3.5726,20.8407,6.2943,170.9895,0.000,0.000,0.648,111.2444,-169.6112,67
2026-04-24,16:09:36,173836,1,-5.4480,-0.4228,0.0316,0.9291,3.0783,0,1.0000,-681,1,-1.9602,-0.0899,21.1258,6.5051,170.9384,0.000,0.000,0.645,111.2463,-168.9590,67
2026-04-24,16:09:36,173837,1,-5.4400,-0.5645,0.0248,0.7308,3.0820,0,1.0000,-680,1,-2.0961,-2.1817,21.1518,4.6525,170.9121,0.000,0.000,0.642,111.7998,-168.0084,67
2026-04-24,16:09:36,173838,1,-5.4480,-0.3317,0.0319,0.9385,3.0854,0,1.0000,-681,1,-2.0847,-0.7512,21.1893,3.5749,170.9551,0.000,0.000,0.640,112.6842,-166.1886,67
2026-04-24,16:09:36,173839,1,-5.4480,-0.3748,0.0321,0.9448,3.0878,0,1.0000,-681,1,-2.1718,-1.4078,21.4026,4.4630,171.0180,0.000,0.000,0.638,112.8430,-163.8750,67
2026-04-24,16:09:36,173840,1,-5.4480,-0.3024,0.0426,1.2516,3.0901,0,1.0000,-681,1,-2.2801,-3.1500,21.6391,4.8195,170.9985,0.000,0.000,0.634,112.7022,-160.3420,67
2026-04-24,16:09:36,173841,1,-5.4400,-0.3216,0.0275,0.8080,3.0915,0,1.0000,-680,1,-2.4250,-3.1352,21.8901,4.6436,170.9874,0.000,0.000,0.633,112.8077,-159.3003,67
2026-04-24,16:09:36,173842,1,-5.4480,-0.4835,0.0341,1.0043,3.0977,0,1.0000,-681,1,-2.5128,-2.9014,22.0017,4.2977,171.0309,0.000,0.000,0.631,113.7121,-157.2595,67
2026-04-24,16:09:36,173868,1,-5.4480,-0.2899,0.0464,1.3639,3.1027,0,1.0000,-681,1,-2.4555,7.9995,22.2274,5.7239,171.0940,0.000,0.000,0.628,114.0877,-155.4930,67
2026-04-24,16:09:36,173904,1,-5.4480,-0.3332,0.0210,0.6170,3.1044,0,1.0000,-681,1,-3.1407,-21.7778,22.5917,8.5996,171.1140,0.000,0.000,0.625,113.4973,-153.5947,67
2026-04-24,16:09:36,173940,1,-5.4480,-0.4615,0.0373,1.0985,3.1073,0,1.0000,-681,1,-2.7910,0.7117,22.9571,9.6826,170.9799,0.000,0.000,0.622,112.4734,-151.7298,67
2026-04-24,16:09:36,173978,1,-5.4400,-0.6353,0.0309,0.9076,3.1115,0,1.0000,-680,1,-3.2418,-6.2568,23.2805,10.2852,171.0146,0.032,0.000,0.618,112.3206,-151.2403,67
2026-04-24,16:09:36,174013,1,-5.4480,-0.4195,0.0376,1.1053,3.1161,0,1.0000,-681,1,-3.1332,-5.4834,23.5324,7.3992,171.0868,0.000,0.000,0.615,112.1103,-151.6733,67
2026-04-24,16:09:36,174049,1,-5.4480,-0.5626,0.0321,0.9439,3.1195,0,1.0000,-681,1,-3.4373,0.5785,23.7567,6.8334,171.1893,0.048,0.000,0.612,111.6689,-152.9758,67
2026-04-24,16:09:36,174086,1,-5.4480,-0.6415,0.0454,1.3353,3.1243,0,1.0000,-681,1,-3.3697,-5.7316,24.0067,7.1849,171.2209,0.016,0.000,0.609,111.3205,-154.8863,67
2026-04-24,16:09:36,174121,1,-5.4480,-0.1665,0.0296,0.8713,3.1264,0,1.0000,-681,1,-3.5121,-6.0721,24.1959,5.6392,171.2637,0.000,0.000,0.606,111.2229,-158.0332,67
2026-04-24,16:09:36,174157,1,-5.4480,-0.2030,0.0337,0.9905,3.1286,0,1.0000,-681,1,-3.3467,17.8365,24.4129,5.7042,171.2343,0.000,0.000,0.602,110.9535,-160.7547,67
2026-04-24,16:09:36,174193,1,-5.4480,-0.3336,0.0363,1.0679,3.1302,0,1.0000,-681,1,-3.7892,-18.7342,24.7479,8.5592,171.1421,0.000,0.000,0.599,110.0191,-163.2297,67
2026-04-24,16:09:36,174229,1,-5.4480,-0.4435,0.0295,0.8682,3.1328,0,1.0000,-681,1,-3.3584,7.4298,24.7860,2.5117,171.1553,0.000,0.000,0.596,109.8216,-165.1975,67
2026-04-24,16:09:36,174265,1,-5.4480,-0.6300,0.0369,1.0849,3.1369,0,1.0000,-681,1,-3.6444,-1.3735,24.3845,-8.4034,171.1728,0.000,0.000,0.593,109.7579,-168.4506,67
2026-04-24,16:09:37,174755,1,-5.4480,-0.7553,0.0301,0.8858,3.1430,0,1.0000,-681,1,-3.6852,-2.4617,24.3965,-4.7522,171.2197,0.000,0.000,0.590,109.5864,-172.8404,67
2026-04-24,16:09:37,174756,1,-5.4480,-0.5334,0.0386,1.1366,3.1474,0,1.0000,-681,1,-3.5448,1.3733,24.5060,-2.2148,171.2297,0.000,0.000,0.587,109.1071,-178.5886,67
2026-04-24,16:09:37,174756,1,-5.4480,-0.5067,0.0401,1.1785,3.1507,0,1.0000,-681,1,-3.7411,-2.8362,24.7215,0.4940,171.2154,0.000,0.000,0.585,108.3898,176.8776,67
2026-04-24,16:09:37,174757,1,-5.5760,-0.7244,0.0388,1.1422,3.1552,0,1.0000,-697,1,-3.6455,0.1240,24.8831,1.8744,171.2223,0.000,0.000,0.582,108.0138,175.4214,67
2026-04-24,16:09:37,174757,1,-5.6080,-0.7937,0.0231,0.6800,3.1607,0,1.0000,-701,1,-3.6550,-0.1214,25.0704,2.9571,171.2383,0.000,0.000,0.580,107.3821,172.7855,67
2026-04-24,16:09:37,174758,1,-5.6240,-0.3973,0.0366,1.0752,3.1641,0,1.0000,-703,1,-3.6294,-0.2501,25.3248,4.3916,171.2471,0.000,0.000,0.578,106.9387,169.5430,67
2026-04-24,16:09:37,174760,1,-5.6320,-0.6707,0.0324,0.9522,3.1692,0,1.0000,-704,1,-3.4741,4.2910,25.5624,4.9009,171.2750,0.000,0.000,0.574,106.7529,161.9005,67
2026-04-24,16:09:37,174760,1,-5.6320,-0.7692,0.0298,0.8757,3.1745,0,1.0000,-704,1,-3.6179,-0.8283,25.7425,5.0034,171.2449,0.000,0.000,0.572,106.6070,159.9175,67
2026-04-24,16:09:37,174761,1,-5.6320,-0.1959,0.0519,1.5277,3.1792,0,1.0000,-704,1,-3.4450,1.7586,26.0300,5.8305,171.2724,0.000,0.000,0.569,107.1871,158.6552,67
2026-04-24,16:09:37,174762,1,-5.6320,-0.2076,0.0270,0.7933,3.1801,0,1.0000,-704,1,-3.6761,-2.2839,26.2342,5.7633,171.2815,0.000,0.000,0.566,106.7356,156.8380,67
2026-04-24,16:09:37,174764,1,-5.6320,-0.6181,0.0352,1.0352,3.1842,0,1.0000,-704,1,-3.5533,-0.2847,26.3990,5.0482,171.2542,0.000,0.000,0.563,106.1685,154.8636,67
2026-04-24,16:09:37,174765,1,-5.6320,-0.6688,0.0363,1.0690,3.1856,0,1.0000,-704,1,-3.5463,-0.1755,26.6218,5.0236,171.2563,0.000,0.000,0.562,106.4793,154.3133,67
2026-04-24,16:09:37,174766,1,-5.6320,-0.7823,0.0322,0.9459,3.1964,0,1.0000,-704,1,-3.5344,7.4163,26.9022,6.4152,171.2976,0.000,0.000,0.560,108.3776,154.9875,67
2026-04-24,16:09:37,174799,1,-5.6320,-0.4810,0.0374,1.0992,3.2003,0,1.0000,-704,1,-3.6398,-20.7301,27.0992,4.6875,171.2271,0.000,0.000,0.557,108.4971,154.3650,67
2026-04-24,16:09:37,174835,1,-5.6320,-0.6476,0.0258,0.7582,3.2051,0,1.0000,-704,1,-3.1248,25.0117,27.2591,5.7589,171.3410,0.000,0.000,0.554,108.2036,153.7867,67
2026-04-24,16:09:37,174871,1,-5.6320,-0.5498,0.0433,1.2722,3.2091,0,1.0000,-704,1,-3.7210,-20.1949,27.3390,3.1639,171.2960,0.000,0.000,0.550,107.9227,153.2838,67
2026-04-24,16:09:37,174907,1,-5.6320,-0.7191,0.0393,1.1561,3.2137,0,1.0000,-704,1,-3.3598,0.8930,27.2299,-1.6565,171.3091,0.000,0.000,0.547,107.2859,151.9612,67
2026-04-24,16:09:37,174943,1,-5.6320,-0.9110,0.0363,1.0664,3.2203,0,1.0000,-704,1,-3.2634,11.7334,26.9841,-5.7652,171.4235,0.000,0.000,0.544,107.1147,150.8940,67
2026-04-24,16:09:37,174979,1,-5.6320,-0.9321,0.0452,1.3287,3.2273,0,1.0000,-704,1,-3.6323,-14.4004,27.1729,1.6224,171.3267,0.000,0.000,0.541,107.4683,150.8973,67
2026-04-24,16:09:37,175015,1,-5.6320,-0.9724,0.0370,1.0882,3.2351,0,1.0000,-704,1,-3.2480,11.8782,27.4917,7.9959,171.4243,0.000,0.000,0.538,107.5768,149.9499,67
2026-04-24,16:09:37,175051,1,-5.6320,-0.7569,0.0534,1.5712,3.2418,0,1.0000,-704,1,-3.5345,-5.1076,27.7842,7.9958,171.3684,0.000,0.000,0.534,107.3564,148.5143,67
2026-04-24,16:09:37,175087,1,-5.6320,-0.8492,0.0437,1.2839,3.2484,0,1.0000,-704,1,-3.5286,3.1249,27.9705,6.4172,171.3803,0.000,0.000,0.531,106.9611,147.4608,67
2026-04-24,16:09:37,175124,1,-5.6320,-0.9873,0.0541,1.5901,3.2558,0,1.0000,-704,1,-3.4906,2.3260,27.9135,0.6914,171.4209,0.000,0.000,0.528,106.4859,145.9828,67
2026-04-24,16:09:37,175160,1,-5.6320,-0.8813,0.0570,1.6777,3.2620,0,1.0000,-704,1,-3.7645,-13.3207,27.6907,-5.3929,171.4465,0.000,0.000,0.525,106.6498,145.9859,67
2026-04-24,16:09:37,175196,1,-5.6320,-0.9500,0.0338,0.9946,3.2686,0,1.0000,-704,1,-3.5604,2.5858,27.2086,-12.6466,171.4197,0.000,0.000,0.522,106.6983,146.0515,67
2026-04-24,16:09:38,176144,1,-5.6320,-0.9161,0.0560,1.6463,3.2758,0,1.0000,-704,1,-3.6504,-0.7528,27.0436,-9.1983,171.4382,0.000,0.000,0.518,106.7447,146.7306,67
2026-04-24,16:09:38,176145,1,-5.6320,-0.8436,0.0397,1.1686,3.2823,0,1.0000,-704,1,-3.5613,1.4904,26.9509,-7.1660,171.4716,0.000,0.000,0.516,107.4845,148.6662,67
2026-04-24,16:09:38,176146,1,-5.6320,-0.8253,0.0621,1.8259,3.2895,0,1.0000,-704,1,-3.6560,0.1852,26.8623,-5.7862,171.4728,0.000,0.000,0.514,107.8208,149.9099,67
2026-04-24,16:09:38,176147,1,-5.6320,-0.7858,0.0508,1.4931,3.2950,0,1.0000,-704,1,-3.7270,-2.0776,26.7445,-4.9878,171.4518,0.000,0.000,0.511,107.7489,149.9461,67
2026-04-24,16:09:38,176148,1,-5.6320,-0.9298,0.0323,0.9509,3.3012,0,1.0000,-704,1,-3.6279,1.3330,26.5717,-5.0807,171.4544,0.000,0.000,0.509,107.5535,149.5533,67
2026-04-24,16:09:38,176149,1,-5.6320,-0.8975,0.0562,1.6516,3.3102,0,1.0000,-704,1,-3.6473,-0.0606,26.4342,-4.2847,171.4661,0.000,0.000,0.506,107.3684,148.6486,67
2026-04-24,16:09:38,176150,1,-5.6320,-1.0787,0.0458,1.3481,3.3169,0,1.0000,-704,1,-3.7674,-2.1056,26.3993,-3.2369,171.4771,0.000,0.000,0.503,107.6602,148.7914,67
2026-04-24,16:09:38,176151,1,-5.6320,-1.1290,0.0447,1.3149,3.3249,0,1.0000,-704,1,-3.6038,2.2278,26.3437,-2.7595,171.4623,0.000,0.000,0.501,107.4337,148.2680,67
2026-04-24,16:09:38,176152,1,-5.6320,-1.0808,0.0723,2.1278,3.3350,0,1.0000,-704,1,-3.6971,-0.6151,26.1828,-3.3155,171.4776,0.000,0.000,0.498,108.0293,149.7231,67
2026-04-24,16:09:38,176152,1,-5.6320,-0.8408,0.0458,1.3485,3.3429,0,1.0000,-704,1,-3.7247,-1.6049,26.1719,-2.0314,171.5090,0.000,0.000,0.494,107.7016,149.3743,67
2026-04-24,16:09:38,176153,1,-5.6320,-1.1627,0.0533,1.5675,3.3529,0,1.0000,-704,1,-3.5928,2.0037,26.1350,-1.5539,171.5294,0.000,0.000,0.491,106.5361,147.3829,67
2026-04-24,16:09:38,176153,1,-5.6320,-1.1195,0.0474,1.3930,3.3555,0,1.0000,-704,1,-3.6470,1.1950,26.1604,-1.2983,171.5480,0.000,0.000,0.490,107.1528,147.8748,67
2026-04-24,16:09:38,176154,1,-5.6320,-1.2096,0.0496,1.4592,3.3748,0,1.0000,-704,1,-3.6023,1.3236,26.1606,-0.8971,171.5418,0.000,0.000,0.488,107.4393,147.9868,67
2026-04-24,16:09:38,176156,1,-5.6320,-1.4685,0.0678,1.9943,3.3848,0,1.0000,-704,1,-3.7109,-0.6027,26.1796,-0.4022,171.5679,0.000,0.000,0.486,107.6467,148.4002,67
2026-04-24,16:09:38,176157,1,-5.6320,-1.5038,0.0523,1.5390,3.3947,0,1.0000,-704,1,-3.7597,-2.1913,26.2818,0.6885,171.5161,0.000,0.000,0.483,107.5311,147.9378,67
2026-04-24,16:09:38,176158,1,-5.6320,-1.3128,0.0609,1.7897,3.4051,0,1.0000,-704,1,-3.5120,4.0760,26.4012,1.6250,171.5586,0.000,0.000,0.481,107.3526,147.3485,67
2026-04-24,16:09:38,176159,1,-7.9600,-1.6563,0.0614,1.8045,3.4192,0,1.0000,-995,1,-3.6882,0.8074,26.5538,2.4129,171.5777,0.000,0.000,0.478,107.0072,146.6125,67
2026-04-24,16:09:38,176159,1,-7.9600,-1.7714,0.0730,2.1456,3.4317,0,1.0000,-995,1,-3.7540,-1.5561,26.6841,2.7865,171.5481,0.000,0.000,0.475,107.0691,146.9380,67
2026-04-24,16:09:38,176160,1,-7.9600,-1.8027,0.0594,1.7462,3.4446,0,1.0000,-995,1,-3.7627,-1.4853,26.7991,2.9941,171.6394,0.000,0.000,0.473,107.4980,148.1290,67
2026-04-24,16:09:38,176161,1,-7.9840,-1.8343,0.0585,1.7199,3.4569,0,1.0000,-998,1,-3.6923,0.8720,26.8789,2.7790,171.6404,0.000,0.000,0.470,108.0693,149.8501,67
2026-04-24,16:09:38,176161,1,-7.9840,-1.2641,0.0593,1.7433,3.4675,0,1.0000,-998,1,-3.6829,-0.3399,26.9258,2.3400,171.6577,0.000,0.000,0.468,108.5379,151.4180,67
2026-04-24,16:09:38,176162,1,-7.9840,-1.4089,0.0356,1.0466,3.4814,0,1.0000,-998,1,-3.5638,4.5401,26.9487,1.5701,171.5715,0.000,0.000,0.465,108.4920,151.8181,67
2026-04-24,16:09:38,176163,1,-7.9840,-0.8710,0.0931,2.7385,3.4918,0,1.0000,-998,1,-3.3978,4.7105,26.8868,0.3336,171.5963,0.000,0.000,0.462,108.5994,153.2205,67
2026-04-24,16:09:38,176163,1,-7.9840,-0.6525,0.0784,2.3056,3.4956,0,1.0000,-998,1,-3.4848,0.6430,26.9440,0.2801,171.6375,0.000,0.000,0.460,107.4755,152.4317,67
2026-04-24,16:09:38,176164,1,-7.9840,-1.0030,0.0663,1.9490,3.5087,0,1.0000,-998,1,-3.4991,-2.6779,26.7351,-1.4794,171.7235,0.000,0.000,0.458,107.0832,152.6529,67
2026-04-24,16:09:39,176663,1,-7.9840,-1.2900,0.0695,2.0439,3.5193,0,1.0000,-998,1,-3.6158,-3.0666,26.7315,-0.7642,171.7390,0.000,0.000,0.454,108.8818,155.3963,67
2026-04-24,16:09:39,176664,1,-7.9840,-1.2815,0.0535,1.5734,3.5288,0,1.0000,-998,1,-3.4856,0.5235,26.6243,-1.5345,171.7086,0.000,0.000,0.452,110.2301,156.7935,67
2026-04-24,16:09:39,176665,1,-7.9840,-1.6210,0.0538,1.5831,3.5394,0,1.0000,-998,1,-3.6564,-2.0442,26.4880,-2.3658,171.6996,0.000,0.000,0.450,110.9198,157.6898,67
2026-04-24,16:09:39,176665,1,-7.9840,-1.4580,0.0701,2.0609,3.5531,0,1.0000,-998,1,-3.5871,-0.6498,26.3113,-3.1469,171.6299,0.000,0.000,0.446,112.0905,158.9295,67
2026-04-24,16:09:39,176666,1,-7.9840,-1.5215,0.0490,1.4425,3.5658,0,1.0000,-998,1,-3.7320,-2.7100,26.0242,-4.6431,171.6554,0.000,0.000,0.443,112.2033,159.3413,67
2026-04-24,16:09:39,176666,1,-7.9840,-1.3663,0.0546,1.6073,3.5764,0,1.0000,-998,1,-3.5186,2.1222,25.8865,-4.4578,171.6468,0.000,0.000,0.441,111.3583,159.0732,67
2026-04-24,16:09:39,176667,1,-7.9840,-1.4205,0.0510,1.4998,3.5900,0,1.0000,-998,1,-3.6136,1.6174,25.8177,-3.2696,171.6854,0.000,0.000,0.438,111.1995,160.0101,67
2026-04-24,16:09:39,176668,1,-7.9840,-1.5529,0.0430,1.2652,3.6029,0,1.0000,-998,1,-3.7104,0.0547,25.7783,-2.3375,171.6776,0.000,0.000,0.434,110.8634,160.6172,67
2026-04-24,16:09:39,176669,1,-7.9840,-1.3871,0.0719,2.1135,3.6167,0,1.0000,-998,1,-3.7031,-0.9218,25.9121,-0.1167,171.6732,0.000,0.000,0.431,111.5343,161.9007,67
2026-04-24,16:09:39,176670,1,-7.9840,-1.5140,0.0616,1.8112,3.6269,0,1.0000,-998,1,-3.8219,-2.1613,26.1236,1.9092,171.7091,0.000,0.000,0.429,111.7820,162.1654,67
2026-04-24,16:09:39,176671,1,-7.9840,-1.6606,0.0441,1.2956,3.6380,0,1.0000,-998,1,-3.7062,0.9856,26.3196,3.2453,171.6713,0.000,0.000,0.426,111.7832,162.3760,67
2026-04-24,16:09:39,176672,1,-7.9840,-1.4880,0.0811,2.3842,3.6446,0,1.0000,-998,1,-3.8209,0.3616,26.5365,3.4564,171.6837,0.000,0.000,0.425,113.1138,165.0710,67
2026-04-24,16:09:39,176674,1,-7.9840,-1.3236,0.0575,1.6904,3.6669,0,1.0000,-998,1,-3.8273,-4.6402,26.6870,4.5764,171.6212,0.000,0.000,0.422,112.7027,165.7058,67
2026-04-24,16:09:39,176708,1,-7.9840,-1.5999,0.0582,1.7124,3.6799,0,1.0000,-998,1,-3.6179,20.3312,26.9885,7.1725,171.6752,0.000,0.000,0.419,112.9386,166.4398,67
2026-04-24,16:09:39,176744,1,-7.9840,-1.7903,0.0651,1.9148,3.6936,0,1.0000,-998,1,-3.9340,-5.5983,27.1356,5.6611,171.6379,0.000,0.000,0.416,114.2535,168.1137,67
2026-04-24,16:09:39,176780,1,-7.9840,-1.9061,0.0657,1.9333,3.7079,0,1.0000,-998,1,-4.0286,-9.2203,27.4216,6.8773,171.5660,0.000,0.000,0.413,114.9464,168.8354,67
2026-04-24,16:09:39,176816,1,-7.9840,-1.5922,0.0790,2.3222,3.7215,0,1.0000,-998,1,-3.5115,16.2992,27.4552,3.6783,171.6186,0.000,0.000,0.410,114.8215,168.9218,67
2026-04-24,16:09:39,176852,1,-7.9840,-1.7277,0.0672,1.9769,3.7334,0,1.0000,-998,1,-4.2418,-22.4302,27.7905,7.9289,171.6214,0.000,0.000,0.406,113.9574,169.4624,67
2026-04-24,16:09:39,176888,1,-7.9840,-1.7492,0.0513,1.5101,3.7466,0,1.0000,-998,1,-3.4531,10.1750,27.6344,-1.6022,171.5193,0.000,0.000,0.403,112.8297,169.3316,67
2026-04-24,16:09:39,176925,1,-7.9840,-1.3126,0.0701,2.0604,3.7572,0,1.0000,-998,1,-3.7697,-13.3660,27.1483,-10.7929,171.6752,0.000,0.000,0.400,112.7976,169.9232,67
2026-04-24,16:09:39,176960,1,-7.9840,-1.4978,0.0590,1.7364,3.7684,0,1.0000,-998,1,-3.8225,9.4712,26.5075,-18.3313,171.5613,0.024,0.000,0.397,112.7538,168.8302,67
2026-04-24,16:09:39,176996,1,-7.9840,-1.3767,0.0728,2.1426,3.7796,0,1.0000,-998,1,-3.7892,-0.0005,25.6453,-23.1884,171.6140,0.000,0.000,0.394,112.2831,167.3009,67
2026-04-24,16:09:39,177032,1,-7.9840,-1.3729,0.0599,1.7603,3.7895,0,1.0000,-998,1,-3.9579,-17.0506,25.3120,-14.2925,171.7050,0.000,0.000,0.390,112.5121,166.3715,67
2026-04-24,16:09:39,177068,1,-7.9840,-1.4480,0.0442,1.3005,3.8013,0,1.0000,-998,1,-3.6133,22.6467,25.5072,-1.1960,171.5885,0.000,0.000,0.387,112.1411,164.9632,67
2026-04-24,16:09:39,177104,1,-7.9840,-1.0237,0.0808,2.3771,3.8112,0,1.0000,-998,1,-3.6801,1.5490,25.7721,4.1446,171.5283,0.000,0.000,0.384,111.9551,165.2561,67
2026-04-24,16:09:40,177604,1,-7.9840,-1.0685,0.0610,1.7949,3.8197,0,1.0000,-998,1,-3.9519,-4.4610,26.0329,5.1670,171.5394,0.000,0.000,0.381,111.1499,164.0256,67
2026-04-24,16:09:40,177605,1,-7.9840,-1.2563,0.0412,1.2106,3.8304,0,1.0000,-998,1,-3.8468,1.9482,26.2916,5.5017,171.4499,0.000,0.000,0.378,109.4899,160.7713,67
2026-04-24,16:09:40,177608,1,-7.9840,-1.2511,0.0667,1.9627,3.8402,0,1.0000,-998,1,-3.7643,2.3664,26.5118,5.8008,171.5586,0.000,0.000,0.375,109.3184,159.3772,67
2026-04-24,16:09:40,177609,1,-7.9840,-1.3633,0.0713,2.0981,3.8516,0,1.0000,-998,1,-3.9611,-4.4414,26.9832,8.4166,171.6328,0.000,0.000,0.372,110.0650,158.8995,67
2026-04-24,16:09:40,177609,1,-7.9840,-1.4068,0.0555,1.6317,3.8612,0,1.0000,-998,1,-3.9163,0.2419,27.2309,8.0231,171.5022,0.000,0.000,0.370,109.9282,157.9536,67
2026-04-24,16:09:40,177610,1,-7.9840,-1.4217,0.0663,1.9507,3.8715,0,1.0000,-998,1,-3.9407,-0.3871,27.3640,6.7247,171.6000,0.000,0.000,0.367,109.4057,157.2654,67
2026-04-24,16:09:40,177610,1,-7.9840,-1.6244,0.0750,2.2070,3.8851,0,1.0000,-998,1,-4.1074,-5.0803,27.6581,6.8125,171.6081,0.000,0.000,0.364,109.4788,157.5733,67
2026-04-24,16:09:40,177611,1,-7.9840,-1.5859,0.0584,1.7184,3.8963,0,1.0000,-998,1,-3.7974,3.9461,27.7042,5.0877,171.5647,0.000,0.000,0.362,109.5081,157.5555,67
2026-04-24,16:09:40,177612,1,-7.9840,-1.7294,0.0507,1.4914,3.9088,0,1.0000,-998,1,-3.9852,-0.2914,27.8330,4.7189,171.5846,0.000,0.000,0.359,109.1792,157.0543,67
2026-04-24,16:09:40,177613,1,-7.9840,-1.6964,0.0713,2.0980,3.9215,0,1.0000,-998,1,-3.6715,5.3504,27.9205,4.0887,171.5447,0.000,0.000,0.357,109.2114,156.2029,67
2026-04-24,16:09:40,177613,1,-7.9840,-1.9196,0.0792,2.3308,3.9341,0,1.0000,-998,1,-4.0290,-3.8265,27.8701,2.2986,171.5707,0.000,0.000,0.354,109.2929,155.6370,67
2026-04-24,16:09:40,177614,1,-7.9840,-1.8043,0.0604,1.7757,3.9430,0,1.0000,-998,1,-3.6147,2.3154,27.8963,1.7449,171.5716,0.000,0.000,0.353,108.0635,153.0428,67
2026-04-24,16:09:40,177614,1,-7.9840,-2.0591,0.0717,2.1092,3.9677,0,1.0000,-998,1,-3.4581,3.6081,27.8333,0.8406,171.5773,0.000,0.000,0.351,106.7249,150.1853,67
2026-04-24,16:09:40,177634,1,-7.9840,-2.1746,0.0669,1.9690,3.9897,0,1.0000,-998,1,-3.5085,8.6222,27.8276,0.4926,171.6402,0.000,0.000,0.348,106.3652,148.5102,67
2026-04-24,16:09:40,177669,1,-7.9840,-2.3563,0.0616,1.8115,4.0071,0,1.0000,-998,1,-3.6263,-4.3397,27.6437,-3.3778,171.5255,0.000,0.000,0.345,105.6199,146.0199,67
2026-04-24,16:09:40,177705,1,-7.9840,-2.0668,0.0846,2.4893,4.0224,0,1.0000,-998,1,-3.5273,-13.6825,27.4877,-3.8280,171.5208,0.000,0.000,0.342,104.9260,142.9908,67
2026-04-24,16:09:40,177742,1,-7.9840,-2.2957,0.0848,2.4939,4.0395,0,1.0000,-998,1,-3.5811,5.3555,27.7506,4.9181,171.5746,0.000,0.000,0.338,104.1085,139.9154,67
2026-04-24,16:09:40,177778,1,-7.9840,-2.3201,0.0825,2.4269,4.0570,0,1.0000,-998,1,-3.7763,-6.4608,28.2464,11.3407,171.4647,0.000,0.000,0.335,103.2053,137.2809,67
2026-04-24,16:09:40,177814,1,-7.9840,-2.3250,0.0795,2.3389,4.0737,0,1.0000,-998,1,-3.8906,-18.8215,28.6466,11.2652,171.4830,0.000,0.000,0.332,103.2322,137.0562,67
2026-04-24,16:09:40,177850,1,-7.9840,-2.1841,0.0723,2.1268,4.0909,0,1.0000,-998,1,-3.4079,17.2432,29.0759,13.4675,171.6190,0.000,0.000,0.329,103.8379,137.3751,67
2026-04-24,16:09:40,177886,1,-7.9840,-1.9587,0.0710,2.0876,4.1075,0,1.0000,-998,1,-3.7675,4.4515,29.3219,10.9096,171.5341,0.000,0.000,0.326,103.8067,137.0378,67
2026-04-24,16:09:40,177922,1,-7.9840,-2.0127,0.0478,1.4064,4.1234,0,1.0000,-998,1,-3.9148,-3.9666,29.3787,4.6469,171.5686,0.000,0.000,0.322,103.3697,135.5121,67
2026-04-24,16:09:40,177958,1,-7.9840,-1.6372,0.0902,2.6522,4.1372,0,1.0000,-998,1,-3.2719,4.2491,29.0892,-4.2229,171.6597,0.000,0.000,0.319,102.6437,133.3658,67
2026-04-24,16:09:40,177994,1,-7.9840,-1.7750,0.0846,2.4876,4.1505,0,1.0000,-998,1,-4.0959,-1.7283,28.5250,-14.9003,171.7014,0.032,0.000,0.316,101.9332,131.7465,67
2026-04-24,16:09:40,178031,1,-7.9840,-2.0015,0.0676,1.9895,4.1646,0,1.0000,-998,1,-3.9860,-21.4784,27.7006,-20.4646,171.6408,0.000,0.000,0.313,100.9029,129.7217,67
2026-04-24,16:09:41,178520,1,-7.9840,-2.0529,0.0768,2.2586,4.1832,0,1.0000,-998,1,-3.7317,-2.5802,27.5244,-13.8231,171.6623,0.000,0.000,0.310,101.9739,133.8104,67
2026-04-24,16:09:41,178521,1,-7.9840,-2.1337,0.0627,1.8454,4.2027,0,1.0000,-998,1,-3.9457,-2.7274,27.5048,-8.4527,171.6878,0.008,0.000,0.306,104.4899,141.1885,67
2026-04-24,16:09:41,178522,1,-7.9840,-2.0192,0.0575,1.6919,4.2181,0,1.0000,-998,1,-3.8589,0.3636,27.4465,-6.3426,171.5601,0.000,0.000,0.304,106.2849,146.1303,67
2026-04-24,16:09:41,178524,1,-7.9840,-2.0037,0.0714,2.1001,4.2369,0,1.0000,-998,1,-3.8464,1.5496,27.2293,-5.8328,171.5957,0.000,0.000,0.301,107.2323,148.9108,67
2026-04-24,16:09:41,178524,1,-7.9840,-2.1741,0.0625,1.8375,4.2513,0,1.0000,-998,1,-4.0283,-1.8731,27.1457,-4.7355,171.5993,0.000,0.000,0.298,107.5322,150.8082,67
2026-04-24,16:09:41,178525,1,-7.9840,-1.9085,0.0701,2.0607,4.2656,0,1.0000,-998,1,-3.9685,-1.0736,27.1159,-3.5027,171.5799,0.000,0.000,0.296,107.4504,152.1297,67
2026-04-24,16:09:41,178526,1,-7.9840,-2.0854,0.0639,1.8799,4.2806,0,1.0000,-998,1,-3.9730,0.3101,27.1120,-2.4236,171.5679,0.000,0.000,0.294,107.4355,152.5195,67
2026-04-24,16:09:41,178527,1,-7.9840,-2.1047,0.0557,1.6374,4.2962,0,1.0000,-998,1,-4.0055,-0.6115,27.2270,-0.5852,171.4495,0.000,0.000,0.291,107.1991,153.0441,67
2026-04-24,16:09:41,178528,1,-7.9840,-1.9008,0.0792,2.3282,4.3108,0,1.0000,-998,1,-3.8529,1.9027,27.2564,-0.1454,171.4935,0.000,0.000,0.289,106.7679,152.7394,67
2026-04-24,16:09:41,178529,1,-7.9840,-2.0306,0.0625,1.8376,4.3283,0,1.0000,-998,1,-3.9825,-0.8018,27.2603,-0.0947,171.4367,0.000,0.000,0.286,105.7111,150.9934,67
2026-04-24,16:09:41,178529,1,-7.9840,-2.1104,0.0593,1.7454,4.3426,0,1.0000,-998,1,-4.0319,-1.8892,27.2498,-0.1715,171.4100,0.000,0.000,0.283,104.3980,148.6744,67
2026-04-24,16:09:41,178530,1,-7.9840,-1.9266,0.0903,2.6565,4.3475,0,1.0000,-998,1,-3.9554,-0.9824,27.2756,-0.0805,171.4483,0.000,0.000,0.282,104.1157,147.7071,67
2026-04-24,16:09:41,178531,1,-7.9840,-1.7064,0.0829,2.4381,4.3682,0,1.0000,-998,1,-4.0244,-1.6954,27.2615,-0.2043,171.4566,0.000,0.000,0.281,103.7918,144.8089,67
2026-04-24,16:09:41,178557,1,-7.9840,-1.9322,0.0716,2.1059,4.3883,0,1.0000,-998,1,-4.2072,-4.8474,27.1875,-1.1547,171.4024,0.000,0.000,0.278,102.7914,140.4866,67
2026-04-24,16:09:41,178593,1,-7.9840,-2.1674,0.0601,1.7685,4.4043,0,1.0000,-998,1,-3.9575,8.4536,26.8207,-7.5998,171.2780,0.000,0.000,0.274,102.5118,138.5729,67
2026-04-24,16:09:41,178629,1,-7.9840,-1.9675,0.0824,2.4226,4.4188,0,1.0000,-998,1,-3.8685,-15.6502,26.6668,-5.1427,171.4716,0.000,0.000,0.271,103.3140,139.1981,67
2026-04-24,16:09:41,178665,1,-7.9840,-2.1229,0.0739,2.1735,4.4345,0,1.0000,-998,1,-3.8649,9.3907,26.4630,-5.0320,171.3903,0.000,0.000,0.268,103.1535,137.8929,67
2026-04-24,16:09:41,178701,1,-7.9840,-2.0489,0.0786,2.3131,4.4507,0,1.0000,-998,1,-3.6763,11.8988,26.3813,-3.0129,171.3375,0.000,0.000,0.265,101.6026,133.4294,67
2026-04-24,16:09:41,178737,1,-7.9840,-1.5660,0.1004,2.9526,4.4624,0,1.0000,-998,1,-3.7420,-34.3072,26.8340,8.8672,171.4698,0.000,0.000,0.262,100.8036,130.6133,67
2026-04-24,16:09:41,178773,1,-7.9840,-1.5481,0.0902,2.6541,4.4748,0,1.0000,-998,1,-3.1131,41.7496,27.0634,6.8643,171.4102,0.000,0.000,0.258,99.4941,125.1636,67
2026-04-24,16:09:41,178809,1,-7.9840,-1.8149,0.0709,2.0842,4.4881,0,1.0000,-998,1,-3.8843,-17.3785,26.8695,-1.7727,171.2930,0.000,0.000,0.255,97.3341,117.1392,67
2026-04-24,16:09:41,178845,1,-7.9840,-2.0816,0.0622,1.8283,4.5037,0,1.0000,-998,1,-3.2836,3.1748,26.8271,-0.7635,171.3499,0.000,0.000,0.252,96.8286,114.7854,67
2026-04-24,16:09:41,178881,1,-7.9840,-1.6875,0.0918,2.7006,4.5190,0,1.0000,-998,1,-2.9991,23.9792,26.8156,-0.4950,171.5739,0.000,0.000,0.249,97.9392,117.3585,67
2026-04-24,16:09:41,178917,1,-7.9840,-1.7439,0.0835,2.4567,4.5327,0,1.0000,-998,1,-3.8577,-13.0234,26.7044,-2.5258,171.3644,0.016,0.000,0.246,98.4296,118.4483,67
2026-04-24,16:09:41,178953,1,-7.9840,-1.8661,0.0508,1.4953,4.5463,0,1.0000,-998,1,-3.6080,-8.8955,26.5910,-3.5926,171.4707,0.000,0.000,0.242,97.1911,114.8577,67
2026-04-24,16:09:42,179898,1,-7.9840,-1.6052,0.0796,2.3403,4.5597,0,1.0000,-998,1,-3.5899,-3.4049,26.4431,-3.6977,171.4719,0.000,0.000,0.239,96.2758,111.9840,67
2026-04-24,16:09:42,179900,1,-7.9840,-1.6297,0.0663,1.9491,4.5735,0,1.0000,-998,1,-3.7050,-4.3099,26.2297,-4.1394,171.4218,0.000,0.000,0.236,96.7747,113.9091,67
2026-04-24,16:09:42,179901,1,-7.9840,-1.6606,0.0403,1.1844,4.5852,0,1.0000,-998,1,-3.5411,0.7719,26.0186,-4.7454,171.4218,0.000,0.000,0.234,96.8628,114.6564,67
2026-04-24,16:09:42,179901,1,-7.9840,-1.2212,0.0602,1.7710,4.5973,0,1.0000,-998,1,-3.5771,-1.6259,25.8551,-4.4509,171.4208,0.000,0.000,0.230,97.4056,116.2841,67
2026-04-24,16:09:42,179902,1,-7.9840,-1.3477,0.0480,1.4105,4.6094,0,1.0000,-998,1,-3.4601,3.5137,25.5970,-5.0798,171.4113,0.000,0.000,0.227,97.1672,115.1422,67
2026-04-24,16:09:42,179903,1,-7.9840,-1.1150,0.0772,2.2720,4.6180,0,1.0000,-998,1,-3.5535,-0.1755,25.3946,-5.4827,171.3942,0.000,0.000,0.225,96.0406,111.0607,67
2026-04-24,16:09:42,179903,1,-7.9840,-0.8991,0.0687,2.0194,4.6251,0,1.0000,-998,1,-3.6082,-1.3494,25.2285,-5.3083,171.4499,0.000,0.000,0.222,95.6375,109.2533,67
2026-04-24,16:09:42,179904,1,-7.9840,-1.1416,0.0546,1.6070,4.6332,0,1.0000,-998,1,-3.6927,-0.9497,25.1567,-4.2560,171.4397,0.000,0.000,0.220,95.5898,108.7421,67
2026-04-24,16:09:42,179905,1,-7.9840,-1.1970,0.0347,1.0207,4.6417,0,1.0000,-998,1,-3.6403,-0.1261,25.1489,-2.9727,171.4358,0.000,0.000,0.218,94.2485,103.6113,67
2026-04-24,16:09:42,179906,1,-7.9840,-1.1283,0.0786,2.3113,4.6503,0,1.0000,-998,1,-3.5590,1.7494,25.1206,-2.2887,171.4980,0.000,0.000,0.215,94.1818,103.2396,67
2026-04-24,16:09:42,179906,1,-7.9840,-1.0344,0.0608,1.7885,4.6577,0,1.0000,-998,1,-3.8242,-4.3879,25.0701,-2.0854,171.4101,0.000,0.000,0.213,94.9958,105.2789,67
2026-04-24,16:09:42,179907,1,-7.9840,-1.0673,0.0392,1.1540,4.6723,0,1.0000,-998,1,-3.7334,-2.0873,25.0558,-2.2046,171.4898,0.000,0.000,0.211,93.7928,101.1205,67
2026-04-24,16:09:42,179907,1,-7.9840,-1.2947,0.0745,2.1923,4.6836,0,1.0000,-998,1,-3.6881,1.8782,25.1675,-0.2654,171.4703,0.000,0.000,0.208,94.0557,101.1712,67
2026-04-24,16:09:42,179910,1,-7.9840,-1.3372,0.0554,1.6302,4.6923,0,1.0000,-998,1,-3.9291,-3.4560,25.2458,0.5224,171.4264,0.000,0.000,0.206,94.2590,101.3361,67
2026-04-24,16:09:42,179912,1,-7.9840,-1.4712,0.0279,0.8200,4.7053,0,1.0000,-998,1,-3.6661,2.9038,25.4756,2.6230,171.4291,0.000,0.000,0.202,94.2687,100.9895,67
2026-04-24,16:09:42,179913,1,-7.9840,-0.7702,0.0832,2.4481,4.7126,0,1.0000,-998,1,-3.6489,1.2027,25.6024,2.8498,171.4183,0.000,0.000,0.200,94.6880,101.8492,67
2026-04-24,16:09:42,179913,1,-7.9840,-0.6055,0.0499,1.4667,4.7175,0,1.0000,-998,1,-3.6908,0.5262,25.4045,0.1647,171.3458,0.000,0.000,0.198,95.1148,102.6420,67
2026-04-24,16:09:42,179914,1,-7.9840,-1.0053,0.0421,1.2392,4.7235,0,1.0000,-998,1,-3.6356,1.1312,25.3639,-0.1276,171.4462,0.000,0.000,0.195,93.2807,97.9219,67
2026-04-24,16:09:42,179914,1,-7.9840,-1.0077,0.0458,1.3476,4.7314,0,1.0000,-998,1,-3.4863,3.4529,25.5056,1.2031,171.4182,0.000,0.000,0.193,92.9449,97.0200,67
2026-04-24,16:09:42,179916,1,-7.9840,-1.3123,0.0547,1.6100,4.7424,0,1.0000,-998,1,-3.6313,-0.4220,25.3921,-0.3866,171.3172,0.000,0.000,0.190,94.4374,100.4187,67
2026-04-24,16:09:42,179917,1,-7.9840,-0.9197,0.0678,1.9932,4.7529,0,1.0000,-998,1,-3.3892,1.8803,25.4068,0.0106,171.3266,0.000,0.000,0.186,95.5860,102.4795,67
2026-04-24,16:09:42,179917,1,-7.9840,-0.8554,0.0655,1.9251,4.7588,0,1.0000,-998,1,-3.4780,-0.2537,25.2390,-1.7248,171.2618,0.000,0.000,0.184,95.6293,102.1421,67
2026-04-24,16:09:42,179918,1,-7.9840,-0.8661,0.0329,0.9674,4.7658,0,1.0000,-998,1,-3.4440,-0.4944,24.4168,-5.5450,171.2416,0.000,0.000,0.181,94.2861,98.8147,67
2026-04-24,16:09:42,179920,1,-7.9840,-0.7783,0.0444,1.3068,4.7796,0,1.0000,-998,1,-3.5435,-5.9497,24.1968,-5.7361,171.2702,0.000,0.000,0.178,96.0835,102.1035,67
2026-04-24,16:09:42,179946,1,-7.9840,-1.0558,0.0424,1.2459,4.7878,0,1.0000,-998,1,-3.4045,8.5029,23.9071,-7.6145,171.3391,0.000,0.000,0.175,96.9087,103.7605,67
2026-04-24,16:09:43,180435,1,-7.9840,-1.0837,0.0338,0.9943,4.7952,0,1.0000,-998,1,-3.4162,3.2500,23.6862,-7.3492,171.3279,0.000,0.000,0.173,98.4673,107.3328,67
2026-04-24,16:09:43,180436,1,-7.9840,-0.9709,0.0597,1.7548,4.8026,0,1.0000,-998,1,-3.3964,1.4324,23.3665,-8.0617,171.3072,0.000,0.000,0.170,99.9796,110.7805,67
2026-04-24,16:09:43,180436,1,-7.9840,-0.8790,0.0377,1.1097,4.8090,0,1.0000,-998,1,-3.3782,1.2701,22.9932,-9.0723,171.2942,0.000,0.000,0.168,100.5820,112.3311,67
2026-04-24,16:09:43,180437,1,-7.9840,-1.1451,0.0518,1.5250,4.8171,0,1.0000,-998,1,-3.4125,-0.3222,22.6702,-9.0726,171.2630,0.000,0.000,0.166,100.6011,112.4822,67
2026-04-24,16:09:43,180438,1,-7.9840,-1.1074,0.0319,0.9384,4.8254,0,1.0000,-998,1,-3.3111,1.4706,22.2783,-9.7246,171.2472,0.000,0.000,0.163,100.6034,112.3936,67
2026-04-24,16:09:43,180439,1,-7.9840,-0.8433,0.0577,1.6961,4.8332,0,1.0000,-998,1,-3.2515,1.6420,22.0252,-8.8852,171.2655,0.000,0.000,0.161,100.2719,111.4358,67
2026-04-24,16:09:43,180440,1,-7.9840,-0.8602,0.0422,1.2405,4.8398,0,1.0000,-998,1,-3.2912,0.2181,21.8373,-7.8037,171.2522,0.000,0.000,0.158,100.0231,110.7357,67
2026-04-24,16:09:43,180440,1,-7.9840,-1.2401,0.0521,1.5325,4.8475,0,1.0000,-998,1,-3.2697,0.6249,21.7015,-6.5639,171.2504,0.000,0.000,0.156,97.7340,105.9414,67
2026-04-24,16:09:43,180442,1,-7.9840,-1.2928,0.0391,1.1488,4.8572,0,1.0000,-998,1,-3.2720,-0.0753,21.6677,-4.7589,171.2298,0.000,0.000,0.154,96.5255,103.3627,67
2026-04-24,16:09:43,180443,1,-7.9840,-1.0446,0.0516,1.5168,4.8683,0,1.0000,-998,1,-3.0926,4.2339,21.6037,-3.4734,171.1737,0.000,0.000,0.150,96.7377,103.5929,67
2026-04-24,16:09:43,180444,1,-7.9840,-1.3505,0.0557,1.6396,4.8801,0,1.0000,-998,1,-3.2403,1.1726,21.5382,-2.7250,171.1568,0.000,0.000,0.147,96.3368,102.3244,67
2026-04-24,16:09:43,180445,1,-7.9840,-1.2308,0.0335,0.9844,4.8863,0,1.0000,-998,1,-2.7660,5.9530,21.5350,-2.0782,171.2075,0.000,0.000,0.146,95.9512,100.8681,67
2026-04-24,16:09:43,180445,1,-7.9840,-0.9170,0.0718,2.1122,4.9076,0,1.0000,-998,1,-3.0261,-22.7525,21.6708,3.2237,171.2405,0.000,0.000,0.143,94.7268,98.3340,67
2026-04-24,16:09:43,180477,1,-7.9840,-0.8973,0.0529,1.5547,4.9154,0,1.0000,-998,1,-2.3823,36.1732,22.2207,12.1141,171.4093,0.016,0.000,0.140,92.6510,94.6584,67
2026-04-24,16:09:43,180513,1,-7.9840,-1.5015,0.0632,1.8578,4.9251,0,1.0000,-998,1,-3.3534,-26.7782,22.4748,8.5866,171.0234,0.016,0.000,0.137,90.4166,90.7546,67
2026-04-24,16:09:43,180549,1,-7.9840,-1.6596,0.0629,1.8486,4.9371,0,1.0000,-998,1,-2.6539,-0.5443,22.9789,15.8618,171.2330,0.000,0.000,0.134,90.6180,91.1458,67
2026-04-24,16:09:43,180585,1,-7.9840,-1.8262,0.0547,1.6086,4.9506,0,1.0000,-998,1,-3.2050,4.1969,23.7276,18.4629,171.4573,0.048,0.000,0.130,93.9851,97.7535,67
2026-04-24,16:09:43,180621,1,-7.9840,-1.6313,0.0416,1.2234,4.9641,0,1.0000,-998,1,-3.1989,-12.2005,23.9561,11.8103,171.0320,0.016,0.000,0.127,96.2188,102.5389,67
2026-04-24,16:09:43,180657,1,-7.9840,-1.1451,0.0572,1.6816,4.9752,0,1.0000,-998,1,-2.7135,21.3789,23.8250,0.9857,171.2623,0.000,0.000,0.124,96.9646,104.4765,67
2026-04-24,16:09:43,180693,1,-7.9840,-1.5759,0.0580,1.7069,4.9858,0,1.0000,-998,1,-3.7252,-15.7814,24.0486,5.2860,171.3204,0.032,0.000,0.121,96.3485,103.9755,67
2026-04-24,16:09:43,180729,1,-7.9840,-1.5056,0.0537,1.5780,4.9976,0,1.0000,-998,1,-3.0950,-2.2676,24.3724,8.7541,171.0155,0.000,0.000,0.118,95.4894,102.7764,67
2026-04-24,16:09:43,180767,1,-7.9840,-1.0693,0.0736,2.1660,5.0064,0,1.0000,-998,1,-3.1352,2.5580,24.6685,8.4901,171.2676,0.000,0.000,0.114,95.9973,104.2613,67
2026-04-24,16:09:43,180802,1,-7.9840,-1.2772,0.0695,2.0428,5.0155,0,1.0000,-998,1,-3.5941,-8.4007,24.9033,7.1555,171.3567,0.000,0.000,0.111,95.7452,104.3085,67
2026-04-24,16:09:43,180839,1,-7.9840,-1.4271,0.0431,1.2676,5.0255,0,1.0000,-998,1,-3.3218,0.9570,24.5502,-6.1387,170.9485,0.000,0.000,0.108,95.4010,104.3187,67
2026-04-24,16:09:43,180875,1,-7.9840,-1.3390,0.0572,1.6824,5.0362,0,1.0000,-998,1,-3.3236,10.7046,23.9244,-14.8891,170.9742,0.000,0.000,0.105,96.7341,108.5054,67
2026-04-24,16:09:44,181364,1,-7.9840,-1.6721,0.0647,1.9037,5.0492,0,1.0000,-998,1,-3.5374,-0.6284,23.8711,-9.2236,171.0536,0.000,0.000,0.102,98.5870,113.7423,67
2026-04-24,16:09:44,181365,1,-7.9840,-1.5636,0.0634,1.8645,5.0646,0,1.0000,-998,1,-3.4877,-0.2471,23.6686,-7.6767,170.9086,0.000,0.000,0.098,99.4558,115.9739,67
2026-04-24,16:09:44,181365,1,-7.9840,-1.6343,0.0516,1.5165,5.0753,0,1.0000,-998,1,-3.5270,-1.7377,23.3303,-8.4632,170.9716,0.000,0.000,0.096,99.3743,115.4400,67
2026-04-24,16:09:44,181367,1,-7.9840,-1.5326,0.0455,1.3394,5.0860,0,1.0000,-998,1,-3.3795,1.9027,23.3948,-5.1672,171.0341,0.000,0.000,0.094,98.8999,113.5015,67
2026-04-24,16:09:44,181369,1,-7.9840,-1.3469,0.0570,1.6755,5.0994,0,1.0000,-998,1,-3.3964,1.5042,23.3737,-3.4276,170.9456,0.000,0.000,0.090,97.2999,108.3897,67
2026-04-24,16:09:44,181370,1,-7.9840,-1.6652,0.0645,1.8956,5.1112,0,1.0000,-998,1,-3.6279,-2.2628,23.2340,-3.6372,170.9927,0.000,0.000,0.088,96.1111,105.3951,67
2026-04-24,16:09:44,181370,1,-7.9840,-1.7019,0.0704,2.0692,5.1267,0,1.0000,-998,1,-3.5322,-1.1916,23.3779,-0.7042,171.0458,0.000,0.000,0.085,94.8211,102.1461,67
2026-04-24,16:09:44,181371,1,-7.9840,-1.8493,0.0713,2.0985,5.1388,0,1.0000,-998,1,-3.5568,-2.1280,23.4997,0.5767,171.0318,0.000,0.000,0.082,94.9026,102.2093,67
2026-04-24,16:09:44,181371,1,-7.9840,-1.9358,0.0780,2.2945,5.1562,0,1.0000,-998,1,-3.4385,0.7753,23.6502,1.8763,171.0476,0.000,0.000,0.079,95.3214,103.0952,67
2026-04-24,16:09:44,181372,1,-7.9840,-2.0191,0.0647,1.9038,5.1688,0,1.0000,-998,1,-3.6006,-3.2057,23.8463,3.1555,171.0428,0.000,0.000,0.077,95.5556,103.5617,67
2026-04-24,16:09:44,181373,1,-7.9840,-1.9051,0.0652,1.9162,5.1820,0,1.0000,-998,1,-3.4041,0.5150,23.8504,2.1526,171.0092,0.000,0.000,0.074,96.0843,105.0791,67
2026-04-24,16:09:44,181374,1,-7.9840,-1.9805,0.0777,2.2854,5.1865,0,1.0000,-998,1,-3.3600,0.6161,23.9640,2.1781,171.0257,0.000,0.000,0.074,96.2774,106.0124,67
2026-04-24,16:09:44,181376,1,-7.9840,-2.1451,0.0814,2.3931,5.2179,0,1.0000,-998,1,-3.4626,-1.2720,23.8045,-1.4311,170.9943,0.000,0.000,0.071,96.0078,105.7289,67
2026-04-24,16:09:44,181412,1,-7.9840,-2.3074,0.0782,2.3014,5.2351,0,1.0000,-998,1,-3.6828,-7.7603,23.2749,-10.3149,171.0864,0.000,0.000,0.068,95.9061,105.6766,67
2026-04-24,16:09:44,181448,1,-7.9840,-1.9905,0.0880,2.5876,5.2519,0,1.0000,-998,1,-3.1085,20.7354,22.8521,-14.2333,171.0951,0.000,0.000,0.065,96.1445,106.3255,67
2026-04-24,16:09:44,181484,1,-7.9840,-2.1361,0.0902,2.6535,5.2677,0,1.0000,-998,1,-3.7963,-20.4770,22.1537,-20.2449,170.9976,0.000,0.000,0.062,97.5521,109.9454,67
2026-04-24,16:09:44,181520,1,-7.9840,-2.0987,0.0671,1.9723,5.2847,0,1.0000,-998,1,-3.3918,5.4336,21.7531,-14.2127,170.9585,0.000,0.000,0.058,98.0637,111.3805,67
2026-04-24,16:09:44,181557,1,-7.9840,-1.9688,0.0592,1.7422,5.3013,0,1.0000,-998,1,-3.0556,20.1928,21.7771,-3.3325,171.0253,0.000,0.000,0.055,98.4502,112.5790,67
2026-04-24,16:09:44,181593,1,-7.9840,-2.0160,0.0738,2.1709,5.3175,0,1.0000,-998,1,-3.5040,-0.2348,22.1078,6.1535,170.8513,0.000,0.000,0.052,100.2034,117.1624,67
2026-04-24,16:09:44,181629,1,-7.9840,-2.1527,0.0672,1.9770,5.3345,0,1.0000,-998,1,-3.5009,5.9666,22.4542,10.8923,171.0948,0.000,0.000,0.049,101.8128,121.4583,67
2026-04-24,16:09:44,181666,1,-7.9840,-2.3601,0.0569,1.6744,5.3521,0,1.0000,-998,1,-3.7365,-6.7586,22.7336,9.0372,171.0110,0.000,0.000,0.046,102.5914,123.9392,67
2026-04-24,16:09:44,181701,1,-7.9840,-2.0693,0.0859,2.5271,5.3667,0,1.0000,-998,1,-3.4039,-8.4469,23.4756,19.5431,171.0469,0.000,0.000,0.042,103.5161,126.7027,67
2026-04-24,16:09:44,181737,1,-7.9840,-2.2674,0.0860,2.5280,5.3828,0,1.0000,-998,1,-3.6531,5.3789,24.0934,19.6329,171.1380,0.000,0.000,0.039,103.7459,127.2603,67
2026-04-24,16:09:44,181774,1,-7.9840,-2.3139,0.0730,2.1477,5.4006,0,1.0000,-998,1,-3.9564,-12.2183,24.3045,9.4571,170.9127,0.000,0.000,0.036,103.3074,126.0400,67
2026-04-24,16:09:44,181810,1,-7.9840,-2.0877,0.0958,2.8181,5.4176,0,1.0000,-998,1,-3.2810,16.3353,24.1461,-1.8041,171.1190,0.000,0.000,0.033,103.8869,126.7393,67
2026-04-24,16:09:45,182303,1,-7.9840,-2.1783,0.0968,2.8480,5.4307,0,1.0000,-998,1,-3.6538,0.0536,24.0332,-2.4329,171.0998,0.000,0.000,0.030,104.8572,128.5394,67
2026-04-24,16:09:45,182304,1,-7.9840,-2.1320,0.0864,2.5399,5.4504,0,1.0000,-998,1,-3.5161,1.2882,23.6742,-4.8674,171.0307,0.000,0.000,0.027,105.0499,129.6405,67
2026-04-24,16:09:45,182305,1,-7.9840,-2.2942,0.0642,1.8895,5.4662,0,1.0000,-998,1,-3.5561,0.2544,23.3405,-6.5466,171.0455,0.000,0.000,0.025,104.6686,129.5688,67
2026-04-24,16:09:45,182305,1,-7.9840,-2.2725,0.0797,2.3444,5.4874,0,1.0000,-998,1,-3.5665,-0.8618,23.2432,-4.7386,171.0251,0.000,0.000,0.022,105.1583,130.9672,67
2026-04-24,16:09:45,182306,1,-7.9840,-2.5055,0.0907,2.6691,5.5096,0,1.0000,-998,1,-3.5168,1.0515,22.9924,-5.1298,170.9936,0.000,0.000,0.018,105.5355,130.7719,67
2026-04-24,16:09:45,182307,1,-7.9840,-2.4092,0.0789,2.3213,5.5267,0,1.0000,-998,1,-3.5963,-0.7554,22.9774,-3.6532,171.0263,0.000,0.000,0.016,105.3882,129.8904,67
2026-04-24,16:09:45,182308,1,-7.9840,-2.2952,0.0688,2.0227,5.5488,0,1.0000,-998,1,-3.5162,0.9501,23.1200,-0.7919,170.9478,0.000,0.000,0.013,106.1050,131.6006,67
2026-04-24,16:09:45,182309,1,-7.9840,-2.4881,0.0809,2.3788,5.5718,0,1.0000,-998,1,-3.6806,-1.4224,23.2693,0.8839,170.9792,0.000,0.000,0.010,106.7392,133.6051,67
2026-04-24,16:09:45,182310,1,-7.9840,-2.1068,0.0663,1.9499,5.5925,0,1.0000,-998,1,-3.4770,3.2811,23.4527,2.1918,170.9381,0.000,0.000,0.006,107.0216,134.7577,67
2026-04-24,16:09:45,182311,1,-7.9840,-2.4058,0.0750,2.2046,5.6133,0,1.0000,-998,1,-3.6857,-1.8088,23.5299,2.1021,170.9059,0.000,0.000,0.003,107.4325,134.9708,67
2026-04-24,16:09:45,182312,1,-7.9840,-2.2744,0.0507,1.4910,5.6245,0,1.0000,-998,1,-3.7383,-1.2307,23.5561,1.7300,170.9148,0.000,0.000,0.002,107.7059,134.0459,67
2026-04-24,16:09:45,182312,1,-7.9840,-1.7011,0.0908,2.6706,5.6474,0,1.0000,-998,1,-3.7362,-1.0491,23.5615,1.3707,170.9504,0.000,0.000,0.000,106.8969,133.1184,67
2026-04-24,16:09:45,182335,1,-7.9840,-1.6323,0.0826,2.4301,5.6647,0,1.0000,-998,1,-4.3400,-12.5893,23.3600,-3.8910,170.7424,0.032,0.000,0.000,104.9609,130.9526,67
2026-04-24,16:09:45,182371,1,-7.9840,-1.8048,0.0669,1.9683,5.6793,0,1.0000,-998,1,-4.1413,1.8441,23.0455,-6.9201,170.8724,0.024,0.000,0.000,102.1998,127.1904,67
2026-04-24,16:09:45,182407,1,-7.9840,-1.6751,0.0642,1.8868,5.6941,0,1.0000,-998,1,-3.7708,28.3341,22.7225,-10.6157,170.9215,0.000,0.000,0.000,101.6126,126.3189,67
2026-04-24,16:09:45,182443,1,-7.9840,-1.7718,0.0653,1.9216,5.7085,0,1.0000,-998,1,-4.2546,-12.4265,21.9702,-21.3708,170.8538,0.000,0.000,0.000,103.1270,128.4878,67
2026-04-24,16:09:45,182479,1,-7.9840,-1.8820,0.0640,1.8833,5.7234,0,1.0000,-998,1,-3.9259,3.1105,21.2792,-19.0187,170.9958,0.000,0.000,0.000,105.1029,130.3887,67
2026-04-24,16:09:45,182515,1,-7.9840,-1.6806,0.0742,2.1832,5.7378,0,1.0000,-998,1,-3.8547,13.9551,21.0128,-11.8289,170.9477,0.000,0.000,0.000,105.7098,130.9671,67
2026-04-24,16:09:45,182551,1,-7.9840,-1.9124,0.0647,1.9033,5.7513,0,1.0000,-998,1,-4.4509,-25.1604,21.5629,8.2227,170.8840,0.016,0.000,0.000,105.2383,130.7286,67
2026-04-24,16:09:45,182588,1,-7.9840,-1.4760,0.0998,2.9355,5.7650,0,1.0000,-998,1,-3.1738,27.6412,22.2819,17.1559,170.9841,0.000,0.000,0.000,104.4630,130.4139,67
2026-04-24,16:09:45,182623,1,-7.9840,-1.5257,0.1024,3.0128,5.7749,0,1.0000,-998,1,-4.1248,-24.5218,22.9037,18.7117,170.9933,0.000,0.000,0.000,103.3182,129.0466,67
2026-04-24,16:09:45,182659,1,-7.9840,-1.4230,0.0985,2.8974,5.7866,0,1.0000,-998,1,-3.5683,18.6828,23.2961,14.6172,170.9344,0.000,0.000,0.000,101.6263,124.9102,67
2026-04-24,16:09:45,182695,1,-7.9840,-1.7260,0.0903,2.6558,5.7994,0,1.0000,-998,1,-4.0550,-2.3579,24.0735,21.8045,171.0526,0.000,0.000,0.000,100.5622,121.9302,67
2026-04-24,16:09:45,182732,1,-7.9840,-2.0372,0.0882,2.5943,5.8147,0,1.0000,-998,1,-4.0636,-13.1447,24.7880,20.3347,170.9470,0.000,0.000,0.000,100.3864,121.3666,67
2026-04-24,16:09:45,182769,1,-7.9840,-2.2537,0.0886,2.6055,5.8322,0,1.0000,-998,1,-3.8379,3.8822,24.8233,7.4209,171.1194,0.000,0.000,0.000,101.7644,124.6175,67
2026-04-24,16:09:45,183259,1,-7.9840,-2.3851,0.0751,2.2090,5.8488,0,1.0000,-998,1,-3.8698,1.5423,24.7905,4.7315,171.1043,0.000,0.000,0.000,102.5948,126.1986,67
2026-04-24,16:09:45,183260,1,-7.9840,-2.6128,0.0807,2.3722,5.8678,0,1.0000,-998,1,-3.9145,-0.5518,24.6515,1.8938,171.1051,0.000,0.000,0.000,102.8781,126.1856,67
2026-04-24,16:09:45,183261,1,-7.9840,-2.8320,0.0760,2.2350,5.8867,0,1.0000,-998,1,-3.7413,3.3840,24.4970,-0.2563,171.0708,0.000,0.000,0.000,102.9213,125.3921,67
2026-04-24,16:09:45,183262,1,-7.9840,-2.9291,0.1110,3.2639,5.9072,0,1.0000,-998,1,-3.8714,-1.4035,24.3122,-1.8858,171.0994,0.000,0.000,0.000,102.6064,124.3512,67
2026-04-24,16:09:45,183262,1,-7.9840,-2.8108,0.1025,3.0149,5.9279,0,1.0000,-998,1,-3.7874,1.0279,24.1151,-3.2356,171.1170,0.000,0.000,0.000,101.7742,122.4048,67
2026-04-24,16:09:45,183264,1,-7.9840,-3.0139,0.0942,2.7696,5.9486,0,1.0000,-998,1,-4.0192,-3.3970,23.9873,-3.3873,171.1007,0.000,0.000,0.000,100.5460,119.5652,67
2026-04-24,16:09:45,183265,1,-7.9840,-2.9094,0.0911,2.6796,5.9704,0,1.0000,-998,1,-3.6820,4.1346,24.0758,-1.3654,171.1346,0.000,0.000,0.000,100.3660,119.1399,67
2026-04-24,16:09:45,183266,1,-7.9840,-2.9494,0.1097,3.2261,5.9963,0,1.0000,-998,1,-3.8827,-2.3077,24.4438,2.6552,171.1744,0.000,0.000,0.000,101.4078,121.8458,67
2026-04-24,16:09:45,183267,1,-7.9840,-2.8752,0.0898,2.6425,6.0163,0,1.0000,-998,1,-3.6257,3.0061,24.8729,5.9448,171.0405,0.000,0.000,0.000,101.7153,123.2600,67
2026-04-24,16:09:45,183267,1,-7.9840,-2.8651,0.0901,2.6493,6.0379,0,1.0000,-998,1,-3.4833,4.3687,25.2179,7.2872,171.1078,0.000,0.000,0.000,101.9316,124.6181,67
2026-04-24,16:09:45,183268,1,-7.9840,-2.5314,0.0925,2.7192,6.0640,0,1.0000,-998,1,-3.6000,-0.4832,25.7277,9.0917,171.0783,0.000,0.000,0.000,102.9449,127.8623,67
2026-04-24,16:09:45,183268,1,-7.9840,-2.5936,0.0925,2.7196,6.0819,0,1.0000,-998,1,-3.5300,0.8816,25.9154,7.6824,171.0977,0.000,0.000,0.000,103.2777,128.5982,67
2026-04-24,16:09:45,183269,1,-7.9840,-2.6348,0.0759,2.2314,6.1228,0,1.0000,-998,1,-3.5746,0.8162,25.9294,6.0602,171.0506,0.000,0.000,0.000,102.2485,126.2374,67
2026-04-24,16:09:46,183300,1,-7.9840,-2.5469,0.0773,2.2724,6.1452,0,1.0000,-998,1,-3.3699,-14.1503,26.0285,4.5063,171.0953,0.000,0.000,0.000,102.1571,125.8449,67
2026-04-24,16:09:46,183336,1,-7.9840,-2.7968,0.0864,2.5410,6.1658,0,1.0000,-998,1,-3.7458,0.3094,26.3055,6.7519,171.1026,0.048,0.000,0.000,102.3437,125.7914,67
2026-04-24,16:09:46,183372,1,-7.9840,-2.4235,0.0782,2.3013,6.1863,0,1.0000,-998,1,-3.6368,-1.7221,26.0778,-4.5542,170.9886,0.016,0.000,0.000,102.1461,124.8783,67
2026-04-24,16:09:46,183408,1,-7.9840,-2.7426,0.0751,2.2086,6.2070,0,1.0000,-998,1,-3.9047,-5.8376,24.5843,-33.1230,171.1610,0.000,0.000,0.000,102.0735,124.7116,67
2026-04-24,16:09:46,183445,1,-7.9840,-2.6934,0.0749,2.2024,6.2278,0,1.0000,-998,1,-3.6968,-3.4968,23.6455,-28.0987,170.9880,0.000,0.000,0.000,101.7929,123.9339,67
2026-04-24,16:09:46,183481,1,-7.9840,-2.6125,0.0881,2.5920,6.2477,0,1.0000,-998,1,-3.5844,5.0510,23.6010,-10.4823,171.0955,0.000,0.000,0.000,101.5010,122.6818,67
2026-04-24,16:09:46,183517,1,-7.9840,-2.7864,0.0702,2.0653,6.2682,0,1.0000,-998,1,-3.8798,-6.8749,22.8640,-20.9634,171.0323,0.000,0.000,0.000,101.0211,120.9065,67
2026-04-24,16:09:46,183553,1,-7.9840,-2.6536,0.0908,2.6710,6.2875,0,1.0000,-998,1,-3.6391,-18.6330,21.6687,-30.5901,170.9474,0.000,0.000,0.000,100.4335,118.6344,67
2026-04-24,16:09:46,183589,1,-7.9840,-2.6606,0.0778,2.2881,6.3077,0,1.0000,-998,1,-3.7686,10.5920,21.3986,-14.3175,171.0770,0.000,0.000,0.000,100.0139,117.0292,67
2026-04-24,16:09:46,183625,1,-7.9840,-2.3827,0.0725,2.1338,6.3272,0,1.0000,-998,1,-3.7236,1.3114,21.3604,-8.1464,170.7702,0.000,0.000,0.000,99.9183,116.4737,67
2026-04-24,16:09:46,183661,1,-7.9840,-2.6571,0.0796,2.3399,6.3470,0,1.0000,-998,1,-3.7830,4.8237,20.9452,-9.1934,171.0686,0.000,0.000,0.000,100.1265,116.7122,67
2026-04-24,16:09:46,183697,1,-7.9840,-2.2994,0.0812,2.3894,6.3666,0,1.0000,-998,1,-3.6912,6.0285,21.6526,12.4157,170.9408,0.000,0.000,0.000,99.7908,115.7451,67
2026-04-24,16:09:47,184652,1,-7.9840,-2.4569,0.0772,2.2719,6.3844,0,1.0000,-998,1,-3.8768,-2.2001,22.0010,11.7261,170.9490,0.000,0.000,0.000,99.3008,114.8226,67
2026-04-24,16:09:47,184652,1,-7.9840,-2.5589,0.0640,1.8828,6.4034,0,1.0000,-998,1,-3.6632,2.6215,22.3204,11.0162,170.9675,0.000,0.000,0.000,99.2168,115.1477,67
2026-04-24,16:09:47,184653,1,-7.9840,-2.2927,0.0885,2.6041,6.4208,0,1.0000,-998,1,-3.5665,3.1279,22.7325,11.4877,170.9304,0.000,0.000,0.000,99.6218,116.9040,67
2026-04-24,16:09:47,184654,1,-7.9840,-2.4099,0.1041,3.0609,6.4382,0,1.0000,-998,1,-3.9153,-4.7030,23.0578,10.8733,170.8899,0.000,0.000,0.000,99.4946,116.5069,67
2026-04-24,16:09:47,184655,1,-7.9840,-2.3254,0.0631,1.8567,6.4597,0,1.0000,-998,1,-3.7705,1.1134,23.3254,8.9166,170.8029,0.000,0.000,0.000,98.0672,112.3263,67
2026-04-24,16:09:47,184657,1,-7.9840,-2.3473,0.0916,2.6937,6.4810,0,1.0000,-998,1,-3.7813,-0.7808,23.5525,7.4836,170.9115,0.000,0.000,0.000,97.8867,112.0578,67
2026-04-24,16:09:47,184657,1,-7.9840,-2.4303,0.0824,2.4240,6.4972,0,1.0000,-998,1,-3.8981,-2.1387,23.6360,5.8802,170.8447,0.000,0.000,0.000,97.8274,112.2585,67
2026-04-24,16:09:47,184658,1,-7.9840,-2.2291,0.0775,2.2802,6.5200,0,1.0000,-998,1,-3.9281,-1.1294,23.4597,1.8072,170.8239,0.000,0.000,0.000,97.3916,111.1892,67
2026-04-24,16:09:47,184659,1,-7.9840,-2.4550,0.0842,2.4779,6.5409,0,1.0000,-998,1,-4.0917,-3.5472,23.2133,-1.2738,170.9020,0.000,0.000,0.000,98.0115,113.1144,67
2026-04-24,16:09:47,184660,1,-7.9840,-2.5913,0.0827,2.4334,6.5639,0,1.0000,-998,1,-3.9827,-0.9784,22.9286,-3.4524,170.8644,0.000,0.000,0.000,98.7423,115.5640,67
2026-04-24,16:09:47,184661,1,-7.9840,-2.6045,0.0764,2.2481,6.5831,0,1.0000,-998,1,-3.8355,3.3843,22.7913,-3.6265,170.9044,0.000,0.000,0.000,99.4978,117.4300,67
2026-04-24,16:09:47,184662,1,-7.9840,-2.7009,0.0765,2.2504,6.5889,0,1.0000,-998,1,-3.6460,3.6153,22.8337,-3.0758,170.8803,0.000,0.000,0.000,100.3791,118.9309,67
2026-04-24,16:09:47,184662,1,-7.9840,-2.6574,0.0719,2.1147,6.6280,0,1.0000,-998,1,-3.5877,1.0799,22.7832,-2.5218,170.8518,0.000,0.000,0.000,100.6717,119.1674,67
2026-04-24,16:09:47,184663,1,-7.9840,-2.6523,0.0804,2.3655,6.6527,0,1.0000,-998,1,-3.4002,4.9367,22.7261,-1.9819,170.8780,0.000,0.000,0.000,100.3081,118.2497,67
2026-04-24,16:09:47,184663,1,-7.9840,-2.5938,0.0939,2.7617,6.6705,0,1.0000,-998,1,-3.5639,0.1302,22.9065,0.4288,170.8394,0.000,0.000,0.000,99.7671,117.1219,67
2026-04-24,16:09:47,184664,1,-7.9840,-2.4538,0.0763,2.2443,6.6891,0,1.0000,-998,1,-3.5421,-0.6829,22.8907,0.1385,170.8575,0.000,0.000,0.000,99.0270,115.4104,67
2026-04-24,16:09:47,184666,1,-7.9840,-2.7944,0.0763,2.2452,6.7140,0,1.0000,-998,1,-3.4346,2.8137,22.8015,-0.7380,170.8926,0.000,0.000,0.000,98.1562,113.0010,67
2026-04-24,16:09:47,184667,1,-7.9840,-2.6051,0.0826,2.4286,6.7323,0,1.0000,-998,1,-3.5415,-0.1601,22.8531,-0.0623,170.8901,0.000,0.000,0.000,97.6617,111.3213,67
2026-04-24,16:09:47,184668,1,-7.9840,-2.5177,0.0817,2.4040,6.7503,0,1.0000,-998,1,-3.5513,-1.2474,22.7735,-0.7962,170.9448,0.000,0.000,0.000,97.2742,109.5878,67
2026-04-24,16:09:47,184668,1,-7.9840,-2.6963,0.0624,1.8365,6.7748,0,1.0000,-998,1,-3.5346,1.7395,22.7028,-1.1496,170.9463,0.000,0.000,0.000,95.8900,105.5219,67
2026-04-24,16:09:47,184669,1,-7.9840,-2.1779,0.0782,2.2997,6.7913,0,1.0000,-998,1,-3.6619,-2.5916,22.7465,-0.4169,170.8707,0.000,0.000,0.000,94.5636,101.8961,67
2026-04-24,16:09:47,184670,1,-7.9840,-2.0439,0.0627,1.8438,6.8109,0,1.0000,-998,1,-3.5053,3.4399,22.8586,0.9662,170.9365,0.000,0.000,0.000,94.1198,100.9474,67
2026-04-24,16:09:47,184671,1,-7.9840,-2.1083,0.0628,1.8476,6.8297,0,1.0000,-998,1,-3.5293,2.2569,23.1314,3.0732,170.8946,0.000,0.000,0.000,93.8290,100.5466,67
2026-04-24,16:09:47,184672,1,-7.9840,-2.0594,0.0842,2.4770,6.8523,0,1.0000,-998,1,-3.4897,1.8793,23.1111,2.6583,170.9547,0.000,0.000,0.000,94.7016,103.3378,67
2026-04-24,16:09:47,184672,1,-7.9840,-2.1442,0.0829,2.4389,6.8681,0,1.0000,-998,1,-3.4846,-1.0344,23.3749,5.4940,170.9556,0.000,0.000,0.000,96.6761,109.2023,67
2026-04-24,16:09:47,185167,1,-7.9840,-2.2897,0.0808,2.3767,6.8841,0,1.0000,-998,1,-3.5861,-2.4503,23.4820,4.7260,170.8937,0.000,0.000,0.000,97.7640,112.2084,67
2026-04-24,16:09:47,185168,1,-7.9840,-2.1676,0.0680,2.0010,6.9046,0,1.0000,-998,1,-3.4340,1.2615,23.4856,2.8029,170.8668,0.000,0.000,0.000,99.4100,116.1774,67
2026-04-24,16:09:47,185168,1,-7.9840,-2.3112,0.0701,2.0606,6.9221,0,1.0000,-998,1,-3.5592,-0.3577,23.4680,1.6556,170.9712,0.000,0.000,0.000,100.2745,117.9521,67
2026-04-24,16:09:47,185169,1,-7.9840,-2.5120,0.0777,2.2855,6.9397,0,1.0000,-998,1,-3.7430,-3.9467,23.3910,0.4048,170.9361,0.000,0.000,0.000,100.8221,118.8808,67
2026-04-24,16:09:47,185169,1,-7.9840,-2.4708,0.0729,2.1455,6.9614,0,1.0000,-998,1,-3.7433,-2.3096,23.2268,-1.3233,170.9439,0.000,0.000,0.000,100.8660,117.8260,67
2026-04-24,16:09:47,185170,1,-7.9840,-2.0653,0.0835,2.4569,6.9795,0,1.0000,-998,1,-3.3456,8.1165,23.0848,-2.2329,171.0000,0.000,0.000,0.000,101.1166,117.7140,67
2026-04-24,16:09:47,185171,1,-7.9840,-2.3254,0.0982,2.8885,6.9991,0,1.0000,-998,1,-3.6971,-3.8434,22.9110,-2.9960,170.9376,0.000,0.000,0.000,101.6821,118.6652,67
2026-04-24,16:09:47,185173,1,-7.9840,-2.4305,0.0866,2.5462,7.0197,0,1.0000,-998,1,-3.5671,-1.9917,22.8327,-2.3934,170.8603,0.000,0.000,0.000,101.1421,118.8279,67
2026-04-24,16:09:47,185174,1,-7.9840,-2.2857,0.0983,2.8898,7.0376,0,1.0000,-998,1,-3.3846,5.2798,22.7334,-2.5342,170.9851,0.000,0.000,0.000,101.7832,121.1624,67
2026-04-24,16:09:47,185174,1,-7.9840,-2.3063,0.0847,2.4905,7.0573,0,1.0000,-998,1,-3.7859,-8.1065,23.2012,3.2709,170.8928,0.000,0.000,0.000,103.8039,125.8900,67
2026-04-24,16:09:47,185175,1,-7.9840,-2.5420,0.0728,2.1403,7.0804,0,1.0000,-998,1,-3.7713,-5.8728,23.3915,4.0635,170.8635,0.000,0.000,0.000,105.5786,129.2098,67
2026-04-24,16:09:47,185176,1,-7.9840,-2.4311,0.0618,1.8190,7.0850,0,1.0000,-998,1,-3.5722,-3.2475,23.2449,3.1668,170.8597,0.000,0.000,0.000,107.4163,132.4777,67
2026-04-24,16:09:47,185176,1,-7.9840,-2.3265,0.0853,2.5081,7.1226,0,1.0000,-998,1,-3.8043,-4.9479,23.3615,3.0040,170.8836,0.000,0.000,0.000,108.3827,134.3791,67
2026-04-24,16:09:47,185207,1,-7.9840,-2.4257,0.0828,2.4348,7.1401,0,1.0000,-998,1,-3.9764,-6.4953,22.7922,-9.9243,170.8649,0.000,0.000,0.000,108.4752,135.2915,67
2026-04-24,16:09:47,185244,1,-7.9840,-2.3366,0.0897,2.6371,7.1584,0,1.0000,-998,1,-3.8192,3.6060,22.3852,-12.6598,170.9619,0.000,0.000,0.000,107.6255,135.1055,67
2026-04-24,16:09:47,185279,1,-7.9840,-2.0700,0.0720,2.1188,7.1748,0,1.0000,-998,1,-3.9446,-11.6932,21.8586,-13.7036,170.8656,0.000,0.000,0.000,107.4525,135.2411,67
2026-04-24,16:09:48,185317,1,-7.9840,-2.1763,0.0634,1.8654,7.1926,0,1.0000,-998,1,-3.7996,8.2300,21.9781,-0.6056,171.0047,0.000,0.000,0.000,107.7253,135.6720,67
,,185352,1,-7.9840,-1.9640,0.0635,1.8682,7.2089,0,1.0000,-998,1,-3.6065,7.1252,22.0813,1.2569,170.8587,0.000,0.000,0.000,108.4515,137.0003,67
2026-04-24,16:09:48,185388,1,-7.9840,-2.1205,0.0679,1.9967,7.2253,0,1.0000,-998,1,-3.8341,11.0874,21.9618,-1.4306,170.9007,0.000,0.000,0.000,108.9096,138.1717,67
2026-04-24,16:09:48,185424,1,-7.9840,-2.3567,0.0606,1.7838,7.2429,0,1.0000,-998,1,-4.0469,-8.4696,22.2443,5.1173,170.8739,0.000,0.000,0.000,108.7645,138.6538,67
2026-04-24,16:09:48,185460,1,-7.9840,-2.1005,0.0844,2.4812,7.2586,0,1.0000,-998,1,-3.6410,-5.3552,22.8182,13.0343,170.8634,0.000,0.000,0.000,108.2814,138.1989,67
2026-04-24,16:09:48,185496,1,-7.9840,-2.3014,0.0755,2.2217,7.2750,0,1.0000,-998,1,-3.8942,8.4799,23.2214,11.4538,170.9754,0.000,0.000,0.000,107.8361,137.0671,67
2026-04-24,16:09:48,185532,1,-7.9840,-2.1693,0.0902,2.6544,7.2922,0,1.0000,-998,1,-3.8415,1.7700,23.5683,10.1797,170.8248,0.000,0.000,0.000,107.2695,135.4300,67
2026-04-24,16:09:48,185568,1,-7.9840,-2.0883,0.1037,3.0487,7.3070,0,1.0000,-998,1,-3.9966,-27.3459,23.2802,-2.8399,170.9738,0.000,0.000,0.000,107.4781,135.1343,67
2026-04-24,16:09:48,185605,1,-7.9840,-2.1686,0.0876,2.5776,7.3227,0,1.0000,-998,1,-3.7991,3.9027,22.9350,-9.1262,170.9072,0.000,0.000,0.000,107.3804,134.9506,67
2026-04-24,16:09:48,186097,1,-7.9840,-2.0194,0.0924,2.7163,7.3415,0,1.0000,-998,1,-3.7921,2.9390,22.6918,-7.8026,170.9564,0.000,0.000,0.000,107.0271,135.3562,67
2026-04-24,16:09:48,186099,1,-7.9840,-2.1156,0.0911,2.6789,7.3556,0,1.0000,-998,1,-3.9014,-2.5336,22.5481,-6.7310,170.8774,0.000,0.000,0.000,107.4447,136.8685,67
2026-04-24,16:09:48,186100,1,-7.9840,-2.2124,0.0866,2.5475,7.3707,0,1.0000,-998,1,-3.6210,5.4100,22.2969,-6.9965,170.9731,0.000,0.000,0.000,107.4433,136.8705,67
2026-04-24,16:09:48,186101,1,-7.9840,-2.3423,0.0668,1.9652,7.3905,0,1.0000,-998,1,-3.8497,-2.4947,22.0183,-7.1517,170.8614,0.000,0.000,0.000,107.3188,136.4606,67
2026-04-24,16:09:48,186102,1,-7.9840,-2.4315,0.0801,2.3552,7.4126,0,1.0000,-998,1,-3.6251,1.3930,21.7463,-6.4925,170.9020,0.000,0.000,0.000,107.3407,135.8568,67
2026-04-24,16:09:48,186102,1,-7.9840,-2.7270,0.0926,2.7246,7.4324,0,1.0000,-998,1,-3.6768,0.7198,21.5787,-6.0525,171.0301,0.000,0.000,0.000,106.8654,134.5964,67
2026-04-24,16:09:48,186103,1,-7.9840,-2.5910,0.0660,1.9409,7.4550,0,1.0000,-998,1,-3.7499,-1.0071,21.4636,-4.7665,170.8865,0.000,0.000,0.000,106.0599,133.1214,67
2026-04-24,16:09:48,186103,1,-7.9840,-2.3214,0.0880,2.5891,7.4724,0,1.0000,-998,1,-3.4382,4.7481,21.3167,-4.5704,170.9510,0.000,0.000,0.000,105.8641,132.8632,67
2026-04-24,16:09:48,186104,1,-7.9840,-2.5309,0.0963,2.8310,7.4896,0,1.0000,-998,1,-3.8391,-3.7800,21.3121,-3.1721,170.9678,0.000,0.000,0.000,105.3958,132.2425,67
2026-04-24,16:09:48,186105,1,-7.9840,-2.5683,0.0700,2.0602,7.5135,0,1.0000,-998,1,-3.8068,-3.7590,21.6017,0.9556,170.8034,0.000,0.000,0.000,104.5619,130.8656,67
2026-04-24,16:09:48,186106,1,-7.9840,-2.6569,0.1009,2.9668,7.5372,0,1.0000,-998,1,-3.3132,5.8165,21.2106,-1.6404,170.9587,0.000,0.000,0.000,104.2426,130.8817,67
2026-04-24,16:09:48,186106,1,-7.9840,-2.5901,0.0955,2.8079,7.5699,0,1.0000,-998,1,-3.2467,4.5073,21.2397,-1.2341,170.8903,0.000,0.000,0.000,104.1531,130.9695,67
2026-04-24,16:09:48,186135,1,-7.9840,-2.7502,0.0822,2.4185,7.5978,0,1.0000,-998,1,-3.1515,7.8401,20.4193,-19.1156,171.1438,0.000,0.000,0.000,104.6769,131.7972,67
2026-04-24,16:09:48,186171,1,-7.9840,-2.5705,0.0883,2.5972,7.6173,0,1.0000,-998,1,-3.7009,-18.4438,19.9220,-13.5966,171.0826,0.000,0.000,0.000,105.6233,133.4769,67
2026-04-24,16:09:48,186207,1,-7.9840,-2.6590,0.0710,2.0891,7.6374,0,1.0000,-998,1,-3.6440,0.0901,20.4254,7.4839,171.1144,0.000,0.000,0.000,105.7888,132.8586,67
2026-04-24,16:09:48,186243,1,-7.9840,-2.5352,0.0722,2.1237,7.6570,0,1.0000,-998,1,-3.4906,8.0781,20.9456,10.7132,170.8808,0.000,0.000,0.000,105.5971,130.6593,67
2026-04-24,16:09:48,186279,1,-7.9840,-2.5672,0.0926,2.7230,7.6759,0,1.0000,-998,1,-4.0382,-17.1739,21.3471,15.6867,170.9812,0.000,0.000,0.000,105.2538,129.1528,67
2026-04-24,16:09:49,186315,1,-7.9840,-2.4671,0.0730,2.1466,7.6949,0,1.0000,-998,1,-3.7298,-1.9310,21.6922,8.2069,171.0128,0.000,0.000,0.000,104.0581,126.7503,67
2026-04-24,16:09:49,186352,1,-7.9840,-2.4269,0.0813,2.3906,7.7141,0,1.0000,-998,1,-3.5077,16.5319,21.5677,2.7896,170.8526,0.000,0.000,0.000,103.5655,126.7726,67
2026-04-24,16:09:49,186388,1,-7.9840,-2.7962,0.0880,2.5880,7.7350,0,1.0000,-998,1,-4.3037,-18.7016,22.3355,16.3802,171.0578,0.016,0.000,0.000,103.9799,128.7482,67
2026-04-24,16:09:49,186424,1,-7.9840,-2.5890,0.0824,2.4241,7.7562,0,1.0000,-998,1,-3.7451,9.1129,22.4735,6.6795,170.9957,0.008,0.000,0.000,104.7472,130.6871,67
2026-04-24,16:09:49,186460,1,-7.9840,-2.5833,0.0772,2.2719,7.7760,0,1.0000,-998,1,-3.9894,1.8710,21.6135,-16.2349,171.0548,0.000,0.000,0.000,106.0594,132.9667,67
2026-04-24,16:09:49,186496,1,-7.9840,-2.8586,0.0796,2.3421,7.7970,0,1.0000,-998,1,-4.0679,-10.0145,21.0790,-14.5319,170.9209,0.000,0.000,0.000,106.3291,133.1489,67
2026-04-24,16:09:49,186532,1,-7.9840,-2.3425,0.0900,2.6463,7.8163,0,1.0000,-998,1,-3.6412,14.0529,21.3942,2.6297,171.0750,0.000,0.000,0.000,105.6797,131.7439,67
2026-04-24,16:09:49,186568,1,-7.9840,-2.3234,0.0735,2.1614,7.8340,0,1.0000,-998,1,-4.0910,-16.1407,21.5951,3.5806,170.9042,0.000,0.000,0.000,105.0223,130.3791,67
2026-04-24,16:09:49,187058,1,-7.9840,-2.6812,0.0733,2.1564,7.8565,0,1.0000,-998,1,-3.9480,-3.3134,21.6402,2.5413,170.9088,0.000,0.000,0.000,104.0283,128.4414,67
2026-04-24,16:09:49,187060,1,-7.9840,-2.4356,0.0909,2.6741,7.8733,0,1.0000,-998,1,-3.9075,-1.9827,21.6272,1.6619,170.9514,0.000,0.000,0.000,103.9281,128.4916,67
2026-04-24,16:09:49,187061,1,-7.9840,-2.3570,0.0802,2.3574,7.8947,0,1.0000,-998,1,-3.8851,1.3864,21.7288,1.9441,171.0108,0.000,0.000,0.000,103.6516,127.9749,67
2026-04-24,16:09:49,187062,1,-7.9840,-2.4630,0.0716,2.1071,7.9121,0,1.0000,-998,1,-3.9973,-1.2151,21.8671,2.6303,171.0004,0.000,0.000,0.000,103.5192,127.6224,67
2026-04-24,16:09:49,187062,1,-7.9840,-2.4844,0.0726,2.1358,7.9308,0,1.0000,-998,1,-3.8964,1.4724,21.7972,1.1133,171.0126,0.000,0.000,0.000,103.8592,128.1370,67
2026-04-24,16:09:49,187063,1,-7.9840,-2.5989,0.0773,2.2728,7.9539,0,1.0000,-998,1,-4.0470,-1.3289,21.7543,0.2968,171.0751,0.000,0.000,0.000,104.5771,129.3785,67
2026-04-24,16:09:49,187063,1,-7.9840,-2.3867,0.0714,2.1007,7.9720,0,1.0000,-998,1,-4.0337,-0.4582,21.8715,1.2766,171.0368,0.000,0.000,0.000,104.9761,129.9597,67
2026-04-24,16:09:49,187064,1,-7.9840,-2.4332,0.0667,1.9618,7.9900,0,1.0000,-998,1,-3.9940,0.8608,21.7102,-0.6610,171.0964,0.000,0.000,0.000,105.1410,130.1523,67
2026-04-24,16:09:49,187065,1,-7.9840,-2.3442,0.0803,2.3611,8.0080,0,1.0000,-998,1,-4.0354,0.3539,21.7149,-0.3797,171.0674,0.000,0.000,0.000,105.0690,130.3420,67
2026-04-24,16:09:49,187066,1,-7.9840,-2.5407,0.0761,2.2378,8.0259,0,1.0000,-998,1,-4.0823,-0.8103,21.6903,-0.4838,171.1532,0.000,0.000,0.000,104.5686,130.2602,67
2026-04-24,16:09:49,187066,1,-7.9840,-2.2237,0.0788,2.3179,8.0490,0,1.0000,-998,1,-3.9073,4.0892,21.6842,-0.3693,171.1180,0.000,0.000,0.000,104.5516,131.2651,67
2026-04-24,16:09:49,187067,1,-7.9840,-2.4424,0.0848,2.4953,8.0541,0,1.0000,-998,1,-3.9596,2.7887,21.6493,-0.4140,171.1086,0.000,0.000,0.000,105.0060,132.6827,67
2026-04-24,16:09:49,187067,1,-7.9840,-2.4878,0.0766,2.2542,8.0865,0,1.0000,-998,1,-4.0239,0.8143,21.6294,-0.4404,171.0569,0.000,0.000,0.000,105.0150,132.6516,67
2026-04-24,16:09:49,187096,1,-7.9840,-1.9006,0.0693,2.0373,8.1106,0,1.0000,-998,1,-3.1170,31.8908,21.4341,-1.9831,171.1325,0.000,0.000,0.000,105.2971,132.9162,67
2026-04-24,16:09:49,187132,1,-7.9840,-2.2997,0.0746,2.1952,8.1277,0,1.0000,-998,1,-4.2394,-20.1840,21.9121,8.7521,171.1096,0.000,0.000,0.000,105.5870,133.6596,67
2026-04-24,16:09:49,187168,1,-7.9840,-2.4306,0.0666,1.9592,8.1461,0,1.0000,-998,1,-3.7503,-3.6428,22.6480,17.7736,171.1490,0.000,0.000,0.000,105.2888,133.7951,67
2026-04-24,16:09:49,187204,1,-7.9840,-2.1288,0.1134,3.3361,8.1629,0,1.0000,-998,1,-3.7365,9.2114,23.1411,15.5769,171.1724,0.000,0.000,0.000,104.7551,132.8996,67
2026-04-24,16:09:49,187240,1,-7.9840,-1.8611,0.0910,2.6770,8.1759,0,1.0000,-998,1,-4.3672,-45.5119,23.5206,11.8635,170.9692,0.016,0.000,0.000,104.1184,130.1845,67
2026-04-24,16:09:49,187276,1,-7.9840,-1.9771,0.0624,1.8349,8.1899,0,1.0000,-998,1,-3.7489,15.5635,22.9140,-7.4908,171.2363,0.032,0.000,0.000,103.1193,126.9339,67
2026-04-24,16:09:50,187312,1,-7.9840,-1.4586,0.0717,2.1074,8.2032,0,1.0000,-998,1,-3.8984,13.8495,22.4713,-12.6691,171.0358,0.000,0.000,0.000,102.1400,123.6878,67
2026-04-24,16:09:50,187348,1,-7.9840,-1.3755,0.0567,1.6677,8.2139,0,1.0000,-998,1,-4.3337,-27.9708,22.1748,-9.0059,171.0616,0.000,0.000,0.000,101.8639,122.7021,67
2026-04-24,16:09:50,187384,1,-7.9840,-1.5762,0.0587,1.7252,8.2265,0,1.0000,-998,1,-4.0132,17.9682,21.8161,-11.7407,171.2006,0.040,0.000,0.000,100.9056,120.7941,67
2026-04-24,16:09:50,187421,1,-7.9840,-1.1046,0.0605,1.7809,8.2378,0,1.0000,-998,1,-3.9940,7.0452,21.5061,-11.1820,170.9971,0.008,0.000,0.000,100.0336,119.4267,67
2026-04-24,16:09:50,187458,1,-7.9840,-1.3690,0.0538,1.5821,8.2470,0,1.0000,-998,1,-4.2480,-21.8030,21.0872,-11.9245,171.1133,0.000,0.000,0.000,99.7635,118.9315,67
2026-04-24,16:09:50,187494,1,-7.9840,-1.3752,0.0389,1.1451,8.2580,0,1.0000,-998,1,-3.4244,30.5962,20.8144,-10.1427,171.1145,0.000,0.000,0.000,99.0849,117.1710,67
2026-04-24,16:09:51,188438,1,-7.9840,-1.2256,0.0632,1.8577,8.2692,0,1.0000,-998,1,-3.5894,8.0644,20.7492,-6.7376,171.0905,0.000,0.000,0.000,98.0048,114.0986,67
2026-04-24,16:09:51,188440,1,-7.9840,-1.5134,0.0685,2.0141,8.2813,0,1.0000,-998,1,-3.7712,-2.2979,20.7337,-4.0868,171.1071,0.000,0.000,0.000,96.2736,108.5340,67
2026-04-24,16:09:51,188441,1,-7.9840,-1.5520,0.0552,1.6246,8.2916,0,1.0000,-998,1,-3.4914,3.1357,20.7053,-3.0154,171.1303,0.000,0.000,0.000,94.1779,102.1588,67
2026-04-24,16:09:51,188442,1,-7.9840,-1.6566,0.0500,1.4712,8.3047,0,1.0000,-998,1,-3.6915,-0.1891,20.7548,-1.6165,171.1186,0.000,0.000,0.000,92.7978,98.0643,67
2026-04-24,16:09:51,188443,1,-7.9840,-1.5737,0.0637,1.8729,8.3209,0,1.0000,-998,1,-3.6104,-0.0161,20.9148,0.5334,171.1028,0.000,0.000,0.000,91.7654,95.0086,67
2026-04-24,16:09:51,188443,1,-7.9840,-1.8323,0.0731,2.1494,8.3377,0,1.0000,-998,1,-3.5975,1.6432,20.9235,0.4307,171.1102,0.000,0.000,0.000,90.8813,92.4067,67
2026-04-24,16:09:51,188444,1,-7.9840,-2.1486,0.0687,2.0200,8.3570,0,1.0000,-998,1,-3.6985,0.8443,20.8979,-0.0372,171.1169,0.000,0.000,0.000,90.1423,90.3788,67
2026-04-24,16:09:51,188444,1,-7.9840,-2.3324,0.0861,2.5315,8.3767,0,1.0000,-998,1,-3.8089,-2.4699,21.0244,1.3012,171.0539,0.000,0.000,0.000,89.5203,88.7272,67
2026-04-24,16:09:51,188445,1,-7.9840,-2.4139,0.0870,2.5601,8.3935,0,1.0000,-998,1,-3.6658,0.4295,21.0921,1.5735,171.1057,0.000,0.000,0.000,89.1636,87.7443,67
2026-04-24,16:09:51,188446,1,-7.9840,-2.6018,0.1014,2.9812,8.4122,0,1.0000,-998,1,-3.7376,-1.2243,21.2130,2.1470,171.0568,0.000,0.000,0.000,89.3800,88.2901,67
2026-04-24,16:09:51,188447,1,-7.9840,-2.5338,0.0920,2.7066,8.4303,0,1.0000,-998,1,-3.8688,-1.9782,21.2027,1.3484,171.0524,0.000,0.000,0.000,91.3062,93.6799,67
2026-04-24,16:09:51,188447,1,-7.9840,-2.8748,0.0906,2.6634,8.4715,0,1.0000,-998,1,-3.9645,-2.5644,21.2725,1.6466,171.0722,0.000,0.000,0.000,92.4025,96.7721,67
2026-04-24,16:09:51,188448,1,-7.9840,-2.7414,0.0875,2.5744,8.4906,0,1.0000,-998,1,-3.9121,0.5796,21.4683,3.1312,170.9591,0.000,0.000,0.000,93.1231,98.7846,67
2026-04-24,16:09:51,188450,1,-7.9840,-2.4958,0.0990,2.9108,8.5154,0,1.0000,-998,1,-3.9211,1.0304,21.8071,4.9950,170.9250,0.000,0.000,0.000,93.8808,100.7831,67
2026-04-24,16:09:51,188451,1,-7.9840,-2.2142,0.1012,2.9751,8.5350,0,1.0000,-998,1,-4.1639,-7.4767,22.1827,6.8161,170.8983,0.000,0.000,0.000,94.2777,101.8584,67
2026-04-24,16:09:51,188452,1,-7.9840,-2.2160,0.0824,2.4236,8.5506,0,1.0000,-998,1,-3.7291,4.5963,22.3660,6.4974,170.9209,0.000,0.000,0.000,94.2243,101.9099,67
2026-04-24,16:09:51,188452,1,-7.9840,-2.6324,0.0693,2.0377,8.5725,0,1.0000,-998,1,-3.9367,1.1744,22.5865,5.5310,170.9254,0.000,0.000,0.000,94.2095,102.4526,67
2026-04-24,16:09:51,188453,1,-7.9840,-2.4370,0.1099,3.2316,8.5890,0,1.0000,-998,1,-3.9558,-3.5685,22.7288,5.2601,170.8701,0.000,0.000,0.000,94.4702,103.5639,67
2026-04-24,16:09:51,188453,1,-7.9840,-2.4447,0.1072,3.1526,8.6066,0,1.0000,-998,1,-3.8052,2.6252,22.6104,2.5319,171.0028,0.000,0.000,0.000,95.1283,105.7169,67
2026-04-24,16:09:51,188454,1,-7.9840,-2.4688,0.0928,2.7280,8.6245,0,1.0000,-998,1,-4.1727,-5.5412,22.7719,3.1300,170.8296,0.000,0.000,0.000,95.7909,107.6408,67
2026-04-24,16:09:51,188455,1,-7.9840,-2.5929,0.0585,1.7202,8.6472,0,1.0000,-998,1,-3.9196,1.2155,22.3785,-1.6168,170.8821,0.000,0.000,0.000,96.7209,110.2283,67
2026-04-24,16:09:51,188456,1,-7.9840,-2.1272,0.0942,2.7702,8.6631,0,1.0000,-998,1,-3.7268,3.3392,22.2403,-2.5172,170.9239,0.000,0.000,0.000,97.3060,112.1328,67
2026-04-24,16:09:51,188456,1,-7.9840,-2.2318,0.1073,3.1571,8.6689,0,1.0000,-998,1,-3.9379,1.3318,22.1804,-2.3749,170.9266,0.000,0.000,0.000,96.6244,110.3668,67
2026-04-24,16:09:51,188457,1,-7.9840,-2.0520,0.0919,2.7029,8.7029,0,1.0000,-998,1,-4.0437,-2.7533,21.9246,-5.5960,170.9449,0.000,0.000,0.000,95.1710,105.9750,67
2026-04-24,16:09:51,188485,1,-7.9840,-2.2033,0.0756,2.2227,8.7211,0,1.0000,-998,1,-3.5849,12.1217,21.9818,1.3333,170.9759,0.000,0.000,0.000,94.5590,104.1642,67
2026-04-24,16:09:51,188978,1,-7.9840,-2.5995,0.0841,2.4729,8.7424,0,1.0000,-998,1,-3.6689,3.2901,22.1494,2.4478,171.0268,0.000,0.000,0.000,94.4147,104.0410,67
2026-04-24,16:09:51,188980,1,-7.9840,-2.3054,0.0998,2.9354,8.7585,0,1.0000,-998,1,-3.6530,-0.2123,22.4153,4.0211,170.9254,0.000,0.000,0.000,95.2710,107.0327,67
2026-04-24,16:09:51,188981,1,-7.9840,-2.2595,0.0969,2.8503,8.7798,0,1.0000,-998,1,-3.3490,6.5798,22.4248,2.3736,171.0211,0.000,0.000,0.000,96.1967,109.6556,67
2026-04-24,16:09:51,188981,1,-7.9840,-2.6507,0.0944,2.7778,8.8019,0,1.0000,-998,1,-3.6382,-1.1807,22.5256,1.9934,170.9794,0.000,0.000,0.000,96.6572,110.9944,67
2026-04-24,16:09:51,188982,1,-7.9840,-2.7524,0.0774,2.2764,8.8211,0,1.0000,-998,1,-3.5812,-0.1214,22.5301,1.5585,170.9860,0.000,0.000,0.000,97.2053,113.2923,67
2026-04-24,16:09:51,188982,1,-7.9840,-2.7753,0.0912,2.6832,8.8420,0,1.0000,-998,1,-3.4962,1.7580,22.4330,0.0230,171.0634,0.000,0.000,0.000,97.9622,116.5354,67
2026-04-24,16:09:51,188983,1,-7.9840,-3.1042,0.1125,3.3097,8.8683,0,1.0000,-998,1,-3.6340,-1.8475,22.5622,1.2172,171.1219,0.000,0.000,0.000,99.0518,120.4724,67
2026-04-24,16:09:51,188984,1,-7.9840,-3.1602,0.0986,2.8989,8.8911,0,1.0000,-998,1,-3.8770,-6.5630,22.4430,-0.2163,171.1415,0.000,0.000,0.000,100.5406,124.2796,67
2026-04-24,16:09:51,188985,1,-7.9840,-3.1478,0.0827,2.4327,8.9208,0,1.0000,-998,1,-3.8401,-0.0614,22.2708,-1.7000,171.2083,0.000,0.000,0.000,102.1451,128.0254,67
2026-04-24,16:09:51,188985,1,-7.9840,-3.0697,0.0902,2.6542,8.9423,0,1.0000,-998,1,-4.0421,-4.1026,22.3143,-0.8146,171.0869,0.000,0.000,0.000,103.5188,132.2466,67
2026-04-24,16:09:51,188986,1,-7.9840,-2.8268,0.0695,2.0440,8.9636,0,1.0000,-998,1,-3.9577,-0.3831,22.3794,-0.7815,171.1552,0.000,0.000,0.000,105.2980,138.3574,67
2026-04-24,16:09:51,188987,1,-7.9840,-2.5471,0.0838,2.4660,9.0012,0,1.0000,-998,1,-3.5467,5.0324,22.3959,-0.6113,171.2171,0.000,0.000,0.000,106.4505,142.4043,67
2026-04-24,16:09:51,189014,1,-7.9840,-1.7914,0.1228,3.6124,9.0211,0,1.0000,-998,1,-4.6433,-21.2197,22.0791,-7.3518,171.1237,0.048,0.000,0.000,106.6629,143.4959,67
2026-04-24,16:09:51,189050,1,-7.9840,-1.7695,0.1005,2.9545,9.0355,0,1.0000,-998,1,-4.3100,-11.3933,22.0482,-1.8428,171.2644,0.040,0.000,0.000,105.7260,140.9229,67
2026-04-24,16:09:51,189086,1,-7.9840,-2.0563,0.0666,1.9586,9.0503,0,1.0000,-998,1,-4.5171,3.7435,21.8524,-5.7497,171.0878,0.104,0.000,0.000,104.5465,138.6188,67
2026-04-24,16:09:51,189122,1,-7.9840,-1.1241,0.0676,1.9876,9.0635,0,1.0000,-998,1,-3.4820,37.1656,21.4485,-11.7527,170.9666,0.072,0.000,0.000,103.3212,138.6278,67
2026-04-24,16:09:51,189159,1,-7.9840,-1.7020,0.0955,2.8079,9.0749,0,1.0000,-998,1,-4.6544,-34.3993,20.3020,-27.9194,171.1646,0.040,0.000,0.000,103.7095,142.3214,67
2026-04-24,16:09:51,189196,1,-7.9840,-1.6578,0.0787,2.3134,9.0875,0,1.0000,-998,1,-3.6456,4.0762,19.0924,-32.7746,171.0415,0.008,0.000,0.000,104.4200,143.5158,67
2026-04-24,16:09:51,189231,1,-7.9840,-1.7919,0.0473,1.3906,9.1008,0,1.0000,-998,1,-4.2337,15.4431,18.7141,-17.9259,171.0988,0.024,0.000,0.000,104.5702,141.7885,67
2026-04-24,16:09:51,189267,1,-7.9840,-1.3050,0.0466,1.3696,9.1124,0,1.0000,-998,1,-3.6344,-0.4159,19.0566,0.7172,170.8431,0.000,0.000,0.000,104.5285,140.0870,67
2026-04-24,16:09:52,189303,1,-7.9840,-1.5583,0.0719,2.1157,9.1246,0,1.0000,-998,1,-3.6355,23.7169,19.0063,-1.6295,171.3091,0.000,0.000,0.000,104.2291,139.1583,67
2026-04-24,16:09:52,189340,1,-7.9840,-1.8088,0.0711,2.0925,9.1372,0,1.0000,-998,1,-4.4410,-38.7098,19.4453,9.2720,170.9891,0.000,0.000,0.000,103.4302,137.3249,67
2026-04-24,16:09:52,189376,1,-7.9840,-1.5342,0.0783,2.3035,9.1505,0,1.0000,-998,1,-3.3922,21.5129,19.8866,12.4548,171.1164,0.000,0.000,0.000,102.6896,135.1051,67
2026-04-24,16:09:52,189412,1,-7.9840,-1.1428,0.0507,1.4906,9.1590,0,1.0000,-998,1,-3.7850,-11.7510,20.4890,15.3594,170.9924,0.000,0.000,0.000,101.4701,131.0459,67
2026-04-24,16:09:52,189448,1,-7.9840,-1.5632,0.0719,2.1155,9.1710,0,1.0000,-998,1,-3.7614,5.1097,21.1187,19.8860,171.0059,0.000,0.000,0.000,99.2343,123.5615,67
2026-04-24,16:09:52,189936,1,-7.9840,-1.7103,0.0593,1.7446,9.1813,0,1.0000,-998,1,-3.9423,-1.5612,21.4175,16.3848,171.0541,0.000,0.000,0.000,97.0611,116.1015,67
2026-04-24,16:09:52,189937,1,-7.9840,-1.7748,0.0483,1.4202,9.1936,0,1.0000,-998,1,-3.7386,3.0358,21.7547,14.3635,170.9817,0.000,0.000,0.000,95.0669,109.1074,67
2026-04-24,16:09:52,189938,1,-7.9840,-1.3554,0.0613,1.8026,9.2059,0,1.0000,-998,1,-3.7208,0.9482,21.9693,10.5849,171.0621,0.000,0.000,0.000,92.6768,100.4467,67
2026-04-24,16:09:52,189939,1,-7.9840,-1.5440,0.0713,2.0975,9.2175,0,1.0000,-998,1,-3.7734,0.4147,22.2171,9.4650,171.0091,0.000,0.000,0.000,89.9514,89.8064,67
2026-04-24,16:09:52,189940,1,-7.9840,-1.7098,0.0576,1.6938,9.2332,0,1.0000,-998,1,-3.9025,-1.6243,22.3675,7.0021,171.0035,0.000,0.000,0.000,86.9836,78.1924,67
2026-04-24,16:09:52,189940,1,-7.9840,-1.6017,0.0898,2.6422,9.2457,0,1.0000,-998,1,-3.6578,2.9932,22.4361,5.4313,170.9672,0.000,0.000,0.000,84.6444,69.4448,67
2026-04-24,16:09:52,189941,1,-7.9840,-1.7597,0.0996,2.9299,9.2598,0,1.0000,-998,1,-3.9489,-5.3437,22.2866,1.5088,170.9668,0.000,0.000,0.000,83.9777,66.8266,67
2026-04-24,16:09:52,189941,1,-7.9840,-1.7692,0.0685,2.0134,9.2742,0,1.0000,-998,1,-3.9552,-5.6162,22.1734,-0.0131,170.8947,0.000,0.000,0.000,83.9951,67.3327,67
2026-04-24,16:09:52,189942,1,-7.9840,-1.4008,0.0858,2.5249,9.2892,0,1.0000,-998,1,-3.6079,5.0207,22.0032,-1.5587,170.9446,0.000,0.000,0.000,83.7835,66.7984,67
2026-04-24,16:09:52,189943,1,-7.9840,-1.3461,0.0794,2.3341,9.2980,0,1.0000,-998,1,-3.9230,-3.7699,21.8614,-2.4922,170.9213,0.000,0.000,0.000,84.6950,69.2778,67
2026-04-24,16:09:52,189944,1,-7.9840,-1.3484,0.0724,2.1292,9.3081,0,1.0000,-998,1,-3.6701,3.7027,21.3517,-4.0900,171.1180,0.000,0.000,0.000,86.3809,75.8131,67
2026-04-24,16:09:52,189946,1,-7.9840,-1.5201,0.0251,0.7395,9.3300,0,1.0000,-998,1,-3.8573,-15.1416,21.3835,-1.3813,170.9133,0.000,0.000,0.000,86.5060,75.9485,67
2026-04-24,16:09:52,189980,1,-7.9840,-0.5341,0.0639,1.8792,9.3385,0,1.0000,-998,1,-2.4626,43.9029,21.5980,4.4819,171.2217,0.000,0.000,0.000,87.5894,79.2952,67
2026-04-24,16:09:52,190012,1,-7.9840,-0.8462,0.0725,2.1331,9.3431,0,1.0000,-998,1,-4.3400,-40.4447,22.0388,11.5684,170.9563,0.032,0.000,0.000,88.9000,85.1494,67
2026-04-24,16:09:52,190053,1,-7.9840,-0.9656,0.0696,2.0464,9.3510,0,1.0000,-998,1,-3.2896,-13.7786,22.3381,10.6289,171.0526,0.016,0.000,0.000,90.2531,91.0432,67
2026-04-24,16:09:52,190093,1,-7.9840,-1.1133,0.0471,1.3847,9.3594,0,1.0000,-998,1,-3.1226,32.8534,22.4191,1.6831,171.1830,0.000,0.000,0.000,90.2983,91.1930,67
2026-04-24,16:09:52,190126,1,-7.9840,-0.7319,0.0437,1.2866,9.3643,0,1.0000,-998,1,-3.6807,-35.3742,22.5067,2.8449,170.7984,0.000,0.000,0.000,90.3556,91.4360,67
2026-04-24,16:09:52,190160,1,-7.9840,-0.8640,0.0326,0.9584,9.3705,0,1.0000,-998,1,-3.0815,26.8645,22.6557,4.3780,171.2101,0.016,0.000,0.000,90.8490,93.5707,67
2026-04-24,16:09:52,190200,1,-7.9840,-0.2552,0.0506,1.4889,9.3772,0,1.0000,-998,1,-3.3430,14.6168,23.1865,10.0720,170.9363,0.000,0.000,0.000,91.3917,96.2658,67
2026-04-24,16:09:52,190240,1,-7.9840,-0.5444,0.0571,1.6805,9.3813,0,1.0000,-998,1,-3.8645,-8.2647,23.7578,16.0413,170.9327,0.032,0.000,0.000,91.1419,95.5012,67
2026-04-24,16:09:52,190273,1,-7.9840,-0.6342,0.0307,0.9036,9.3854,0,1.0000,-998,1,-3.6953,-8.1897,23.9376,8.3581,171.0419,0.000,0.000,0.000,90.7839,93.9104,67
2026-04-24,16:09:53,190306,1,-7.9840,-0.4417,0.0313,0.9212,9.3898,0,1.0000,-998,1,-3.5070,21.3628,23.7928,-0.4676,170.8786,0.000,0.000,0.000,90.0416,90.2295,67
2026-04-24,16:09:53,190346,1,-7.9840,-0.3010,0.0354,1.0420,9.3913,0,1.0000,-998,1,-4.1914,-29.5316,23.3989,-7.2599,170.9191,0.016,0.000,0.000,89.8279,88.9419,67
2026-04-24,16:09:53,190380,1,-7.9840,-0.3298,0.0112,0.3293,9.3935,0,1.0000,-998,1,-3.4836,5.4063,23.2915,-4.8652,170.7872,0.008,0.000,0.000,89.6986,88.0616,67
2026-04-24,16:09:53,190413,1,-7.9840,-0.0083,0.0307,0.9041,9.3954,0,1.0000,-998,1,-3.6498,12.7465,22.9828,-8.8864,170.8267,0.000,0.000,0.000,89.4125,86.0668,67
2026-04-24,16:09:53,190901,1,-7.9840,-0.2456,0.0314,0.9228,9.3970,0,1.0000,-998,1,-3.7477,1.0812,22.9539,-5.1693,170.8003,0.000,0.000,0.000,89.7183,88.0904,67
2026-04-24,16:09:53,190901,1,-7.9840,-0.4060,0.0192,0.5654,9.3995,0,1.0000,-998,1,-3.6566,1.1928,22.9860,-2.7521,170.8069,0.000,0.000,0.000,90.2832,91.9207,67
2026-04-24,16:09:53,190902,1,-7.9840,-0.0677,0.0147,0.4325,9.3999,0,1.0000,-998,1,-3.6815,-0.9253,22.9432,-2.0479,170.7919,0.000,0.000,0.000,91.3959,99.7523,67
2026-04-24,16:09:53,190903,1,-7.9840,-0.0155,0.0131,0.3843,9.4005,0,1.0000,-998,1,-3.5398,2.6030,23.0232,-0.3789,170.7587,0.000,0.000,0.000,92.4201,106.8227,67
2026-04-24,16:09:53,190904,1,-7.9840,0.0121,0.0124,0.3637,9.4005,0,1.0000,-998,1,-3.6041,0.9540,23.0600,0.1279,170.7989,0.000,0.000,0.000,93.4566,113.4421,67
2026-04-24,16:09:53,190905,1,-7.9840,0.0005,0.0116,0.3421,9.4005,0,1.0000,-998,1,-3.6811,-1.5963,23.0785,0.2563,170.7807,0.000,0.000,0.000,94.6113,120.2571,67
2026-04-24,16:09:53,190907,1,-7.9840,-0.0046,0.0116,0.3421,9.4005,0,1.0000,-998,1,-3.6197,0.3024,23.0396,-0.2091,170.7856,0.000,0.000,0.000,95.9271,127.5628,67
2026-04-24,16:09:53,190907,1,-7.9840,0.0090,0.0086,0.2540,9.4004,0,1.0000,-998,1,-3.6956,-0.8215,23.0089,-0.4479,170.7775,0.000,0.000,0.000,96.9506,133.7759,67
2026-04-24,16:09:53,190908,1,-7.9840,0.0011,0.0086,0.2525,9.4003,0,1.0000,-998,1,-3.6623,-0.0003,22.9986,-0.3952,170.7765,0.000,0.000,0.000,97.2984,136.7233,67
2026-04-24,16:09:53,190909,1,-0.2480,-0.0086,0.0075,0.2216,9.4002,0,1.0000,-31,1,-3.6512,0.5097,22.9918,-0.3359,170.7889,0.000,0.000,0.000,97.6285,140.9637,67
2026-04-24,16:09:53,190910,1,-0.2480,-0.0009,0.0069,0.2022,9.4002,0,1.0000,-31,1,-3.6596,-0.1611,22.9860,-0.2941,170.7699,0.000,0.000,0.000,98.2868,144.4588,67
2026-04-24,16:09:53,190910,1,-0.2480,0.0075,0.0051,0.1505,9.4002,0,1.0000,-31,1,-3.6962,-0.3243,22.9780,-0.2801,170.7876,0.000,0.000,0.000,99.3430,147.0217,67
2026-04-24,16:09:53,190911,1,-0.2480,0.0056,0.0062,0.1828,9.4002,0,1.0000,-31,1,-3.7168,-0.3940,22.9582,-0.3547,170.7831,0.000,0.000,0.000,100.4691,148.6871,67
2026-04-24,16:09:53,190940,1,-0.2480,0.0090,0.0042,0.1247,9.4001,0,1.0000,-31,1,-3.7091,0.6113,22.6962,-5.5283,170.7855,0.000,0.000,0.000,102.3175,151.4925,67
2026-04-24,16:09:53,190976,1,-0.2480,0.0563,0.0018,0.0533,9.3999,0,1.0000,-31,1,-3.7369,-0.2792,22.4506,-6.5200,170.7783,0.000,0.000,0.000,103.0736,152.5913,67
2026-04-24,16:09:53,191012,1,-0.2480,0.0009,-0.0007,0.0213,9.3998,0,1.0000,-31,1,-4.2885,-17.4076,22.0500,-11.1764,170.7382,0.000,0.000,0.000,105.5793,156.5386,67
2026-04-24,16:09:53,191048,1,-0.2480,0.0308,-0.0029,0.0853,9.3997,0,1.0000,-31,1,-5.6504,-33.1055,21.2129,-21.2376,170.7441,0.000,0.000,0.000,108.6790,162.3211,67
2026-04-24,16:09:53,191084,1,0.0000,-0.0183,-0.0028,0.0813,9.3997,0,1.0000,-31,0,-7.5998,-47.9699,20.0039,-31.2329,170.6742,0.000,0.000,0.000,109.6653,164.4293,67
2026-04-24,16:09:53,191120,1,0.0000,-0.0019,-0.0029,0.0853,9.3997,0,1.0000,-31,0,-8.3839,-4.7979,18.8175,-33.4100,170.6960,0.000,0.000,0.000,110.2029,170.4323,67
2026-04-24,16:09:53,191157,1,0.0000,-0.0092,-0.0032,0.0950,9.3997,0,1.0000,-31,0,-7.6614,31.2877,17.7521,-33.4968,170.6560,0.000,0.000,0.000,109.9748,171.6183,67
2026-04-24,16:09:53,191192,1,0.0000,0.0178,-0.0038,0.1129,9.3997,0,1.0000,-31,0,-6.0759,54.2922,16.5416,-36.8059,170.6810,0.000,0.000,0.000,108.9242,174.9907,67
2026-04-24,16:09:53,191228,1,0.0000,-0.0048,-0.0041,0.1203,9.3997,0,1.0000,-31,0,-3.8867,70.9350,15.5085,-34.3737,170.7006,0.000,0.000,0.000,108.2824,175.5671,67
2026-04-24,16:09:53,191264,1,0.0000,0.0001,-0.0032,0.0927,9.3997,0,1.0000,-31,0,-1.8474,63.3569,14.5980,-29.5910,170.6751,0.000,0.000,0.000,106.2596,176.1721,67
2026-04-24,16:09:54,191300,1,0.0000,-0.0043,-0.0034,0.0992,9.3997,0,1.0000,-31,0,0.1909,60.2622,14.0753,-21.7639,170.7051,0.000,0.000,0.000,103.6193,176.4394,67
2026-04-24,16:09:54,191336,1,0.0000,0.0093,-0.0043,0.1276,9.3997,0,1.0000,-31,0,1.6113,42.3870,13.5777,-17.7304,170.6776,0.000,0.000,0.000,101.5916,176.4370,67
2026-04-24,16:09:54,191813,1,0.0000,0.0035,-0.0039,0.1147,9.3997,0,1.0000,-31,0,2.2136,28.1884,13.5090,-12.7571,170.6859,0.000,0.000,0.000,100.0936,176.8854,67
2026-04-24,16:09:54,191814,1,0.0000,0.0027,-0.0030,0.0895,9.3997,0,1.0000,-31,0,2.5623,17.5064,13.4544,-9.1938,170.6919,0.000,0.000,0.000,99.0272,176.3480,67
2026-04-24,16:09:54,191814,1,0.0000,-0.0037,-0.0035,0.1024,9.3997,0,1.0000,-31,0,2.6796,9.1756,13.3677,-7.0293,170.6867,0.000,0.000,0.000,98.2899,175.7378,67
2026-04-24,16:09:54,191815,1,0.0000,-0.0049,-0.0035,0.1033,9.3997,0,1.0000,-31,0,2.7673,5.4903,13.3223,-5.2099,170.6969,0.000,0.000,0.000,98.2899,175.7378,67
2026-04-24,16:09:54,191817,1,0.0000,0.0002,-0.0022,0.0634,9.3997,0,1.0000,-31,0,2.8409,3.4347,13.2847,-3.8815,170.6794,0.000,0.000,0.000,95.9236,168.5605,67
2026-04-24,16:09:54,191818,1,0.0000,0.0111,-0.0039,0.1139,9.3997,0,1.0000,-31,0,3.0014,4.2266,13.2588,-2.8884,170.6976,0.000,0.000,0.000,93.8162,140.2524,67
2026-04-24,16:09:54,191819,1,0.0000,-0.0005,-0.0036,0.1065,9.3997,0,1.0000,-31,0,3.1823,4.3622,13.2485,-1.8267,170.6858,0.000,0.000,0.000,93.3137,125.1250,67
2026-04-24,16:09:54,191819,1,0.0000,0.0047,-0.0037,0.1089,9.3997,0,1.0000,-31,0,3.2587,3.1931,13.2479,-1.2425,170.6875,0.000,0.000,0.000,93.3250,120.0800,67
2026-04-24,16:09:54,191820,1,0.0000,-0.0089,-0.0038,0.1130,9.3997,0,1.0000,-31,0,3.3714,2.7891,13.2619,-0.6267,170.6811,0.000,0.000,0.000,93.8975,118.9899,67
2026-04-24,16:09:54,191821,1,0.0000,-0.0052,-0.0032,0.0927,9.3997,0,1.0000,-31,0,3.4896,3.2919,13.2979,-0.0838,170.6848,0.000,0.000,0.000,94.2766,119.8725,67
2026-04-24,16:09:54,191821,1,0.0000,0.0040,-0.0033,0.0983,9.3997,0,1.0000,-31,0,3.5800,2.8190,13.3139,0.0654,170.6964,0.000,0.000,0.000,94.6392,120.1555,67
2026-04-24,16:09:54,191822,1,0.0000,-0.0084,-0.0037,0.1097,9.3997,0,1.0000,-31,0,3.4731,1.5575,13.3286,0.0943,170.6943,0.000,0.000,0.000,96.2734,124.7830,67
2026-04-24,16:09:54,191823,1,0.0000,0.0036,-0.0032,0.0927,9.3997,0,1.0000,-31,0,3.4853,0.7995,13.2873,-0.2926,170.6972,0.000,0.000,0.000,98.9431,133.1073,67
2026-04-24,16:09:54,191852,1,0.0000,0.0077,-0.0020,0.0601,9.3997,0,1.0000,-31,0,3.7493,8.7382,13.1305,-3.0027,170.7076,0.000,0.000,0.000,101.0055,138.5833,67
2026-04-24,16:09:54,191888,1,0.0000,0.0071,-0.0027,0.0780,9.3997,0,1.0000,-31,0,4.0318,9.1170,13.0525,-3.0171,170.6816,0.000,0.000,0.000,103.3239,143.8351,67
2026-04-24,16:09:54,191924,1,0.0000,-0.0023,-0.0034,0.0992,9.3997,0,1.0000,-31,0,4.2707,8.4716,13.0694,0.0569,170.7073,0.000,0.000,0.000,105.0170,147.0959,67
2026-04-24,16:09:54,191959,1,0.0000,-0.0110,-0.0032,0.0927,9.3997,0,1.0000,-31,0,4.4744,7.1666,13.2540,3.6201,170.6856,0.000,0.000,0.000,106.7028,150.3559,67
2026-04-24,16:09:54,191995,1,0.0000,0.0095,-0.0031,0.0918,9.3997,0,1.0000,-31,0,4.6823,6.2936,13.3911,3.7647,170.7057,0.000,0.000,0.000,108.5155,153.4601,67
2026-04-24,16:09:54,192031,1,0.0000,0.0112,-0.0030,0.0886,9.3997,0,1.0000,-31,0,4.8750,7.0502,13.3929,1.0565,170.7054,0.000,0.000,0.000,109.8221,155.4088,67
2026-04-24,16:09:54,192067,1,0.0000,0.0026,-0.0030,0.0886,9.3997,0,1.0000,-31,0,5.0853,5.5792,13.3176,-1.2126,170.7186,0.000,0.000,0.000,110.3425,156.2621,67
2026-04-24,16:09:54,192103,1,0.0000,0.0054,-0.0035,0.1024,9.3997,0,1.0000,-31,0,5.1723,3.2897,13.1706,-3.5934,170.7341,0.000,0.000,0.000,111.1971,157.2577,67
2026-04-24,16:09:54,192139,1,0.0000,0.0052,-0.0049,0.1455,9.3997,0,1.0000,-31,0,5.2742,3.3435,13.1705,-0.8401,170.7228,0.000,0.000,0.000,111.4324,156.5333,67
2026-04-24,16:09:54,192174,1,0.0000,0.0019,-0.0028,0.0822,9.3997,0,1.0000,-31,0,5.3809,2.9754,13.2226,0.5856,170.7179,0.000,0.000,0.000,111.5481,156.1463,67
2026-04-24,16:09:54,192210,1,0.0000,0.0013,-0.0024,0.0707,9.3997,0,1.0000,-31,0,5.4217,1.3741,13.2422,0.4630,170.7125,0.000,0.000,0.000,111.2514,154.0328,67
2026-04-24,16:09:54,192246,1,0.0000,-0.0054,-0.0034,0.0992,9.3997,0,1.0000,-31,0,5.4889,2.5258,13.2585,0.4505,170.7314,0.000,0.000,0.000,110.9732,152.7188,67
2026-04-24,16:09:55,193167,1,0.0000,-0.0123,-0.0035,0.1032,9.3997,0,1.0000,-31,0,5.4831,0.9794,13.2548,0.2756,170.7257,0.000,0.000,0.000,110.6689,151.4234,67
